Ticker,Sector,Latest_Headline,Forecast_Score,Forecast_Direction,Actual_Direction,Actual_Return_Pct,Streak_Days,Streak_Return,Momentum,Date,News_Source,News_Time,Headline_Count,Severity,Impact,Signal_Quality,News_URL,Technical_Score,Tech_Signals,Fundamental_Score,Fund_Concern,Macro_Score,Macro_Context,Composite_Score,Composite_Direction,Composite_Severity,BT_Swing,BT_1M,BT_3M,BT_6M,BT_1M_N,BT_Total_Preds,BT_Forward_Days,BT_Threshold,BT_Category,Est_Horizon,BT_ATR_Pct,BT_SL_Level,TR_total_trades,TR_wins,TR_losses,TR_win_rate,TR_avg_win_pct,TR_avg_loss_pct,TR_profit_factor,TR_total_return_pct,TR_avg_holding_days,TR_long_trades,TR_short_trades,TR_long_win_rate,TR_short_win_rate,TR_stop_loss_exits,TR_signal_flip_exits,Tech_Score,News_Score,Fund_Score,Direction_Label,Horizon,Category,Hit,BT_Accuracy,BT_PF,BT_Trades,BT_Signal_Rate,N_Catalysts,News_Direction,Corrected,BT_Avg_SL,Momentum_Direction
509525,Other,,,,,-3.33,,,,2026-06-09,,,,,,,,,,,,-1.0,,5.0,0.0,,,,,,,,,,,,,,,,,,,,,,,,,,,,,8.0,0.0,0.0,NEUT,7.0,SMALL,NEUT,78.4,1.49,15.0,8.1,0.0,,False,,
543787,Other,,,,,6.76,,,,2026-06-09,,,,,,,,,,,,-1.0,,-2.1,0.0,,,,,,,,,,,,,,,,,,,,,,,,,,,,,-3.0,0.0,0.0,NEUT,7.0,SMALL,NEUT,59.5,0.75,15.0,8.0,0.0,,False,,
543831,Other,,,,,-3.35,,,,2026-06-09,,,,,,,,,,,,-1.0,,-9.9,0.0,,,,,,,,,,,,,,,,,,,,,,,,,,,,,-15.0,0.0,0.0,NEUT,7.0,SMALL,NEUT,97.4,2.42,12.0,8.2,0.0,,False,,
ABBOTINDIA,Other,,,,,1.2,,,,2026-06-09,,,,,,,,,,,,-1.0,,0.4,0.0,,,,,,,,,,,,,,,,,,,,,,,,,,,,,0.0,0.0,5.0,NEUT,28.0,MEGA,NEUT,66.7,0.0,3.0,2.0,0.0,,False,,
ADFFOODS,Other,,,,,3.6,,,,2026-06-09,,,,,,,,,,,,-1.0,,-2.1,0.0,,,,,,,,,,,,,,,,,,,,,,,,,,,,,-3.0,0.0,0.0,NEUT,14.0,MID,NEUT,60.4,1.15,20.0,10.5,0.0,,False,,
ADOR,Other,,,,,-3.45,,,,2026-06-09,,,,,,,,,,,,-1.0,,-0.2,0.0,,,,,,,,,,,,,,,,,,,,,,,,,,,,,0.0,0.0,0.0,NEUT,7.0,SMALL,NEUT,93.3,0.46,16.0,9.7,0.0,,False,,
ADVENZYMES,Other,,,,,-3.7,,,,2026-06-09,,,,,,,,,,,,-1.0,,-8.6,0.0,,,,,,,,,,,,,,,,,,,,,,,,,,,,,-13.0,0.0,0.0,NEUT,14.0,MID,NEUT,56.6,0.65,17.0,11.6,0.0,,False,,
AGI,Other,,,,,3.82,,,,2026-06-09,,,,,,,,,,,,-1.0,,8.3,0.0,,,,,,,,,,,,,,,,,,,,,,,,,,,,,13.0,0.0,0.0,NEUT,14.0,MID,NEUT,68.8,0.75,18.0,10.6,0.0,,False,,
AIAENG,Other,,,,,14.44,,,,2026-06-09,,,,,,,,,,,,-1.0,,-3.5,0.0,,,,,,,,,,,,,,,,,,,,,,,,,,,,,-6.0,0.0,5.0,NEUT,21.0,LARGE,NEUT,62.5,0.34,3.0,1.8,0.0,,False,,
ALIVUS,Other,,,,,-10.64,,,,2026-06-09,,,,,,,,,,,,-1.0,,-0.9,0.0,,,,,,,,,,,,,,,,,,,,,,,,,,,,,-2.0,0.0,5.0,NEUT,21.0,LARGE,NEUT,100.0,0.77,3.0,1.6,0.0,,False,,
ALKEM,Other,,,,,0.23,,,,2026-06-09,,,,,,,,,,,,-1.0,,0.4,0.0,,,,,,,,,,,,,,,,,,,,,,,,,,,,,0.0,0.0,5.0,NEUT,28.0,MEGA,NEUT,66.7,0.22,3.0,2.0,0.0,,False,,
AMRUTANJAN,Other,,,,,-0.54,,,,2026-06-09,,,,,,,,,,,,-1.0,,-0.2,0.0,,,,,,,,,,,,,,,,,,,,,,,,,,,,,0.0,0.0,0.0,NEUT,7.0,SMALL,NEUT,90.0,1.16,11.0,6.5,0.0,,False,,
ANANTRAJ,Other,,,,,-4.2,,,,2026-06-09,,,,,,,,,,,,-1.0,,0.4,0.0,,,,,,,,,,,,,,,,,,,,,,,,,,,,,0.0,0.0,5.0,NEUT,21.0,LARGE,NEUT,100.0,0.0,1.0,0.9,0.0,,False,,
APLLTD,Other,,,,,-5.28,,,,2026-06-09,,,,,,,,,,,,-1.0,,1.7,0.0,,,,,,,,,,,,,,,,,,,,,,,,,,,,,2.0,0.0,5.0,NEUT,21.0,LARGE,NEUT,60.0,3.78,3.0,1.1,0.0,,False,,
ARE&M,Other,,,,,-7.22,,,,2026-06-09,,,,,,,,,,,,-1.0,,3.6,0.0,,,,,,,,,,,,,,,,,,,,,,,,,,,,,5.0,0.0,5.0,NEUT,21.0,LARGE,NEUT,83.3,0.0,2.0,1.3,0.0,,False,,
ARTEMISMED,Other,,,,,-5.44,,,,2026-06-09,,,,,,,,,,,,-1.0,,-2.1,0.0,,,,,,,,,,,,,,,,,,,,,,,,,,,,,-3.0,0.0,0.0,NEUT,7.0,SMALL,NEUT,70.0,1.1,17.0,11.0,0.0,,False,,
ASTRAMICRO,Other,,,,,23.08,,,,2026-06-09,,,,,,,,,,,,-1.0,,-3.5,0.0,,,,,,,,,,,,,,,,,,,,,,,,,,,,,-6.0,0.0,5.0,NEUT,21.0,LARGE,NEUT,100.0,79872.25,2.0,1.6,0.0,,False,,
AURIONPRO,Other,,,,,1.67,,,,2026-06-09,,,,,,,,,,,,-1.0,,3.7,0.0,,,,,,,,,,,,,,,,,,,,,,,,,,,,,6.0,0.0,0.0,NEUT,14.0,MID,NEUT,96.9,1.83,14.0,7.0,0.0,,False,,
AUTOAXLES,Other,,,,,-5.99,,,,2026-06-09,,,,,,,,,,,,-1.0,,5.7,0.0,,,,,,,,,,,,,,,,,,,,,,,,,,,,,9.0,0.0,0.0,NEUT,7.0,SMALL,NEUT,83.8,1.0,13.0,8.0,0.0,,False,,
BAJAJCON,Other,,,,,9.23,,,,2026-06-09,,,,,,,,,,,,-1.0,,-9.3,0.0,,,,,,,,,,,,,,,,,,,,,,,,,,,,,-14.0,0.0,0.0,NEUT,14.0,MID,NEUT,59.6,1.22,15.0,10.3,0.0,,False,,
BASF,Other,,,,,-17.25,,,,2026-06-09,,,,,,,,,,,,-1.0,,2.3,0.0,,,,,,,,,,,,,,,,,,,,,,,,,,,,,3.0,0.0,5.0,NEUT,21.0,LARGE,NEUT,25.0,0.0,3.0,0.9,0.0,,False,,
BAYERCROP,Other,,,,,-7.05,,,,2026-06-09,,,,,,,,,,,,-1.0,,2.3,0.0,,,,,,,,,,,,,,,,,,,,,,,,,,,,,3.0,0.0,5.0,NEUT,21.0,LARGE,NEUT,42.9,1.69,3.0,1.6,0.0,,False,,
BBTC,Other,,,,,-5.08,,,,2026-06-09,,,,,,,,,,,,-1.0,,1.0,0.0,,,,,,,,,,,,,,,,,,,,,,,,,,,,,1.0,0.0,5.0,NEUT,21.0,LARGE,NEUT,0.0,0.0,0.0,0.0,0.0,,False,,
BECTORFOOD,Other,,,,,-8.23,,,,2026-06-09,,,,,,,,,,,,-1.0,,8.9,0.0,,,,,,,,,,,,,,,,,,,,,,,,,,,,,14.0,0.0,0.0,NEUT,14.0,MID,NEUT,76.0,1.22,21.0,11.0,0.0,,False,,
BEL,Other,,,,,-5.62,,,,2026-06-09,,,,,,,,,,,,-1.0,,0.4,0.0,,,,,,,,,,,,,,,,,,,,,,,,,,,,,0.0,0.0,5.0,NEUT,28.0,MEGA,NEUT,71.4,0.46,3.0,1.6,0.0,,False,,
BERGEPAINT,Other,,,,,6.06,,,,2026-06-09,,,,,,,,,,,,-1.0,,3.6,0.0,,,,,,,,,,,,,,,,,,,,,,,,,,,,,5.0,0.0,5.0,NEUT,28.0,MEGA,NEUT,80.0,46427.56,2.0,1.1,0.0,,False,,
BIKAJI,Other,,,,,-2.69,,,,2026-06-09,,,,,,,,,,,,-1.0,,0.4,0.0,,,,,,,,,,,,,,,,,,,,,,,,,,,,,0.0,0.0,5.0,NEUT,21.0,LARGE,NEUT,100.0,1.23,2.0,1.1,0.0,,False,,
BLISSGVS,Other,,,,,48.37,,,,2026-06-09,,,,,,,,,,,,-1.0,,4.4,0.0,,,,,,,,,,,,,,,,,,,,,,,,,,,,,7.0,0.0,0.0,NEUT,14.0,MID,NEUT,65.6,0.85,17.0,7.0,0.0,,False,,
BLS,Other,,,,,-9.44,,,,2026-06-09,,,,,,,,,,,,-1.0,,-0.9,0.0,,,,,,,,,,,,,,,,,,,,,,,,,,,,,-2.0,0.0,5.0,NEUT,21.0,LARGE,NEUT,60.0,0.0,3.0,3.3,0.0,,False,,
BLUESTARCO,Other,,,,,-8.31,,,,2026-06-09,,,,,,,,,,,,-1.0,,2.3,0.0,,,,,,,,,,,,,,,,,,,,,,,,,,,,,3.0,0.0,5.0,NEUT,21.0,LARGE,NEUT,100.0,0.0,1.0,0.2,0.0,,False,,
BOSCHLTD,Other,,,,,-1.9,,,,2026-06-09,,,,,,,,,,,,-1.0,,0.4,0.0,,,,,,,,,,,,,,,,,,,,,,,,,,,,,0.0,0.0,5.0,NEUT,28.0,MEGA,NEUT,80.0,1.91,4.0,1.1,0.0,,False,,
BRITANNIA,Other,,,,,-11.04,,,,2026-06-09,,,,,,,,,,,,-1.0,,4.3,0.0,,,,,,,,,,,,,,,,,,,,,,,,,,,,,6.0,0.0,5.0,NEUT,28.0,MEGA,NEUT,20.0,2.53,2.0,1.1,0.0,,False,,
BSE,Other,,,,,7.73,,,,2026-06-09,,,,,,,,,,,,-1.0,,-2.9,0.0,,,,,,,,,,,,,,,,,,,,,,,,,,,,,-5.0,0.0,5.0,NEUT,28.0,MEGA,NEUT,57.1,0.0,2.0,1.6,0.0,,False,,
BSOFT,Other,,,,,1.03,,,,2026-06-09,,,,,,,,,,,,-1.0,,-0.2,0.0,,,,,,,,,,,,,,,,,,,,,,,,,,,,,0.0,0.0,0.0,NEUT,14.0,MID,NEUT,66.7,0.44,17.0,10.5,0.0,,False,,
CAMPUS,Other,,,,,2.27,,,,2026-06-09,,,,,,,,,,,,-1.0,,-6.7,0.0,,,,,,,,,,,,,,,,,,,,,,,,,,,,,-10.0,0.0,0.0,NEUT,14.0,MID,NEUT,81.4,2.7,16.0,9.5,0.0,,False,,
CAMS,Other,,,,,-11.5,,,,2026-06-09,,,,,,,,,,,,-1.0,,-0.9,0.0,,,,,,,,,,,,,,,,,,,,,,,,,,,,,-2.0,0.0,5.0,NEUT,21.0,LARGE,NEUT,66.7,2.99,2.0,0.7,0.0,,False,,
CAPLIPOINT,Other,,,,,13.95,,,,2026-06-09,,,,,,,,,,,,-1.0,,4.3,0.0,,,,,,,,,,,,,,,,,,,,,,,,,,,,,6.0,0.0,5.0,NEUT,21.0,LARGE,NEUT,100.0,0.9,3.0,1.6,0.0,,False,,
CARERATING,Other,,,,,-9.04,,,,2026-06-09,,,,,,,,,,,,-1.0,,-0.2,0.0,,,,,,,,,,,,,,,,,,,,,,,,,,,,,0.0,0.0,0.0,NEUT,14.0,MID,NEUT,71.1,0.54,18.0,8.4,0.0,,False,,
CARYSIL,Other,,,,,14.85,,,,2026-06-09,,,,,,,,,,,,-1.0,,-2.1,0.0,,,,,,,,,,,,,,,,,,,,,,,,,,,,,-3.0,0.0,0.0,NEUT,14.0,MID,NEUT,69.8,1.48,21.0,9.5,0.0,,False,,
CASTROLIND,Other,,,,,-0.98,,,,2026-06-09,,,,,,,,,,,,-1.0,,-0.9,0.0,,,,,,,,,,,,,,,,,,,,,,,,,,,,,-2.0,0.0,5.0,NEUT,21.0,LARGE,NEUT,66.7,1.2,3.0,1.3,0.0,,False,,
CEMPRO,Other,,,,,14.46,,,,2026-06-09,,,,,,,,,,,,-1.0,,1.7,0.0,,,,,,,,,,,,,,,,,,,,,,,,,,,,,2.0,0.0,5.0,NEUT,21.0,LARGE,NEUT,63.6,6.49,4.0,2.5,0.0,,False,,
CIEINDIA,Other,,,,,-7.78,,,,2026-06-09,,,,,,,,,,,,-1.0,,-0.9,0.0,,,,,,,,,,,,,,,,,,,,,,,,,,,,,-2.0,0.0,5.0,NEUT,21.0,LARGE,NEUT,100.0,2.4,3.0,1.3,0.0,,False,,
COLPAL,Other,,,,,-4.85,,,,2026-06-09,,,,,,,,,,,,-1.0,,-0.9,0.0,,,,,,,,,,,,,,,,,,,,,,,,,,,,,-2.0,0.0,5.0,NEUT,28.0,MEGA,NEUT,80.0,0.0,2.0,1.1,0.0,,False,,
CRISIL,Other,,,,,-8.56,,,,2026-06-09,,,,,,,,,,,,-1.0,,-0.9,0.0,,,,,,,,,,,,,,,,,,,,,,,,,,,,,-2.0,0.0,5.0,NEUT,21.0,LARGE,NEUT,90.0,3.1,5.0,2.2,0.0,,False,,
CUMMINSIND,Other,,,,,6.1,,,,2026-06-09,,,,,,,,,,,,-1.0,,3.6,0.0,,,,,,,,,,,,,,,,,,,,,,,,,,,,,5.0,0.0,5.0,NEUT,28.0,MEGA,NEUT,33.3,0.53,5.0,2.0,0.0,,False,,
DABUR,Other,,,,,-7.95,,,,2026-06-09,,,,,,,,,,,,-1.0,,-0.9,0.0,,,,,,,,,,,,,,,,,,,,,,,,,,,,,-2.0,0.0,5.0,NEUT,28.0,MEGA,NEUT,75.0,3.77,2.0,1.8,0.0,,False,,
DBCORP,Other,,,,,-2.69,,,,2026-06-09,,,,,,,,,,,,-1.0,,3.7,0.0,,,,,,,,,,,,,,,,,,,,,,,,,,,,,6.0,0.0,0.0,NEUT,14.0,MID,NEUT,82.1,2.49,14.0,8.6,0.0,,False,,
DHANUKA,Other,,,,,-8.84,,,,2026-06-09,,,,,,,,,,,,-1.0,,-6.7,0.0,,,,,,,,,,,,,,,,,,,,,,,,,,,,,-10.0,0.0,0.0,NEUT,14.0,MID,NEUT,65.2,1.1,18.0,10.2,0.0,,False,,
DIXON,Other,,,,,0.59,,,,2026-06-09,,,,,,,,,,,,-1.0,,0.4,0.0,,,,,,,,,,,,,,,,,,,,,,,,,,,,,0.0,0.0,5.0,NEUT,28.0,MEGA,NEUT,58.3,0.48,3.0,2.7,0.0,,False,,
DOLLAR,Other,,,,,-8.52,,,,2026-06-09,,,,,,,,,,,,-1.0,,16.7,0.0,,,,,,,,,,,,,,,,,,,,,,,,,,,,,26.0,0.0,0.0,NEUT,7.0,SMALL,NEUT,82.4,3.7,14.0,7.4,0.0,,False,,
ECLERX,Other,,,,,-17.01,,,,2026-06-09,,,,,,,,,,,,-1.0,,2.3,0.0,,,,,,,,,,,,,,,,,,,,,,,,,,,,,3.0,0.0,5.0,NEUT,21.0,LARGE,NEUT,100.0,10.67,3.0,0.9,0.0,,False,,
EICHERMOT,Other,,,,,-1.94,,,,2026-06-09,,,,,,,,,,,,-1.0,,0.4,0.0,,,,,,,,,,,,,,,,,,,,,,,,,,,,,0.0,0.0,5.0,NEUT,28.0,MEGA,NEUT,100.0,2.56,2.0,1.4,0.0,,False,,
ELLEN,Other,,,,,-6.4,,,,2026-06-09,,,,,,,,,,,,-1.0,,-6.7,0.0,,,,,,,,,,,,,,,,,,,,,,,,,,,,,-10.0,0.0,0.0,NEUT,14.0,MID,NEUT,13.8,0.0,9.0,15.4,0.0,,False,,
EMUDHRA,Other,,,,,0.06,,,,2026-06-09,,,,,,,,,,,,-1.0,,-6.7,0.0,,,,,,,,,,,,,,,,,,,,,,,,,,,,,-10.0,0.0,0.0,NEUT,14.0,MID,NEUT,66.7,0.82,16.0,9.9,0.0,,False,,
ENDURANCE,Other,,,,,-0.61,,,,2026-06-09,,,,,,,,,,,,-1.0,,-2.9,0.0,,,,,,,,,,,,,,,,,,,,,,,,,,,,,-5.0,0.0,5.0,NEUT,21.0,LARGE,NEUT,100.0,0.0,2.0,0.9,0.0,,False,,
ESCORTS,Other,,,,,-11.06,,,,2026-06-09,,,,,,,,,,,,-1.0,,-0.9,0.0,,,,,,,,,,,,,,,,,,,,,,,,,,,,,-2.0,0.0,5.0,NEUT,21.0,LARGE,NEUT,66.7,0.0,2.0,0.7,0.0,,False,,
FDC,Other,,,,,5.14,,,,2026-06-09,,,,,,,,,,,,-1.0,,-6.7,0.0,,,,,,,,,,,,,,,,,,,,,,,,,,,,,-10.0,0.0,0.0,NEUT,14.0,MID,NEUT,94.3,0.8,15.0,7.7,0.0,,False,,
FIEMIND,Other,,,,,4.99,,,,2026-06-09,,,,,,,,,,,,-1.0,,6.3,0.0,,,,,,,,,,,,,,,,,,,,,,,,,,,,,10.0,0.0,0.0,NEUT,14.0,MID,NEUT,65.0,1.13,13.0,8.8,0.0,,False,,
FINCABLES,Other,,,,,-10.66,,,,2026-06-09,,,,,,,,,,,,-1.0,,0.4,0.0,,,,,,,,,,,,,,,,,,,,,,,,,,,,,0.0,0.0,5.0,NEUT,21.0,LARGE,NEUT,71.4,0.0,4.0,1.6,0.0,,False,,
FORCEMOT,Other,,,,,-17.2,,,,2026-06-09,,,,,,,,,,,,-1.0,,-0.9,0.0,,,,,,,,,,,,,,,,,,,,,,,,,,,,,-2.0,0.0,5.0,NEUT,21.0,LARGE,NEUT,28.6,0.0,3.0,1.6,0.0,,False,,
GESHIP,Other,,,,,-9.19,,,,2026-06-09,,,,,,,,,,,,-1.0,,-0.9,0.0,,,,,,,,,,,,,,,,,,,,,,,,,,,,,-2.0,0.0,5.0,NEUT,21.0,LARGE,NEUT,41.7,0.23,6.0,2.7,0.0,,False,,
GILLETTE,Other,,,,,-6.46,,,,2026-06-09,,,,,,,,,,,,-1.0,,0.4,0.0,,,,,,,,,,,,,,,,,,,,,,,,,,,,,0.0,0.0,5.0,NEUT,21.0,LARGE,NEUT,100.0,1.9,3.0,1.3,0.0,,False,,
GLAXO,Other,,,,,-9.59,,,,2026-06-09,,,,,,,,,,,,-1.0,,2.3,0.0,,,,,,,,,,,,,,,,,,,,,,,,,,,,,3.0,0.0,5.0,NEUT,21.0,LARGE,NEUT,100.0,0.0,2.0,0.9,0.0,,False,,
GODREJCP,Other,,,,,-8.08,,,,2026-06-09,,,,,,,,,,,,-1.0,,2.3,0.0,,,,,,,,,,,,,,,,,,,,,,,,,,,,,3.0,0.0,5.0,NEUT,28.0,MEGA,NEUT,100.0,40905.21,3.0,0.9,0.0,,False,,
GPIL,Other,,,,,-5.32,,,,2026-06-09,,,,,,,,,,,,-1.0,,-0.9,0.0,,,,,,,,,,,,,,,,,,,,,,,,,,,,,-2.0,0.0,5.0,NEUT,21.0,LARGE,NEUT,100.0,1.4,3.0,0.9,0.0,,False,,
GPPL,Other,,,,,0.78,,,,2026-06-09,,,,,,,,,,,,-1.0,,-6.7,0.0,,,,,,,,,,,,,,,,,,,,,,,,,,,,,-10.0,0.0,0.0,NEUT,14.0,MID,NEUT,70.0,0.55,12.0,6.6,0.0,,False,,
GRANULES,Other,,,,,1.78,,,,2026-06-09,,,,,,,,,,,,-1.0,,0.4,0.0,,,,,,,,,,,,,,,,,,,,,,,,,,,,,0.0,0.0,5.0,NEUT,21.0,LARGE,NEUT,70.0,1.84,3.0,2.2,0.0,,False,,
GRINDWELL,Other,,,,,16.07,,,,2026-06-09,,,,,,,,,,,,-1.0,,-1.6,0.0,,,,,,,,,,,,,,,,,,,,,,,,,,,,,-3.0,0.0,5.0,NEUT,21.0,LARGE,NEUT,100.0,0.0,1.0,0.9,0.0,,False,,
GRSE,Other,,,,,-14.43,,,,2026-06-09,,,,,,,,,,,,-1.0,,-0.9,0.0,,,,,,,,,,,,,,,,,,,,,,,,,,,,,-2.0,0.0,5.0,NEUT,21.0,LARGE,NEUT,66.7,0.0,4.0,1.3,0.0,,False,,
HAL,Other,,,,,-2.61,,,,2026-06-09,,,,,,,,,,,,-1.0,,-0.9,0.0,,,,,,,,,,,,,,,,,,,,,,,,,,,,,-2.0,0.0,5.0,NEUT,28.0,MEGA,NEUT,90.0,0.7,3.0,2.3,0.0,,False,,
HARSHA,Other,,,,,-2.13,,,,2026-06-09,,,,,,,,,,,,-1.0,,-8.6,0.0,,,,,,,,,,,,,,,,,,,,,,,,,,,,,-13.0,0.0,0.0,NEUT,14.0,MID,NEUT,84.4,1.94,13.0,7.0,0.0,,False,,
HAVELLS,Other,,,,,-8.5,,,,2026-06-09,,,,,,,,,,,,-1.0,,2.3,0.0,,,,,,,,,,,,,,,,,,,,,,,,,,,,,3.0,0.0,5.0,NEUT,28.0,MEGA,NEUT,71.4,0.0,3.0,1.6,0.0,,False,,
HAWKINCOOK,Other,,,,,5.78,,,,2026-06-09,,,,,,,,,,,,-1.0,,-2.1,0.0,,,,,,,,,,,,,,,,,,,,,,,,,,,,,-3.0,0.0,0.0,NEUT,14.0,MID,NEUT,0.0,0.0,0.0,0.0,0.0,,False,,
HCLTECH,Other,,,,,-4.07,,,,2026-06-09,,,,,,,,,,,,-1.0,,0.4,0.0,,,,,,,,,,,,,,,,,,,,,,,,,,,,,0.0,0.0,5.0,NEUT,28.0,MEGA,NEUT,50.0,0.0,2.0,0.9,0.0,,False,,
HEROMOTOCO,Other,,,,,-6.63,,,,2026-06-09,,,,,,,,,,,,-1.0,,2.3,0.0,,,,,,,,,,,,,,,,,,,,,,,,,,,,,3.0,0.0,5.0,NEUT,28.0,MEGA,NEUT,50.0,0.0,3.0,0.9,0.0,,False,,
HEXT,Other,,,,,7.11,,,,2026-06-09,,,,,,,,,,,,-1.0,,0.4,0.0,,,,,,,,,,,,,,,,,,,,,,,,,,,,,0.0,0.0,5.0,NEUT,21.0,LARGE,NEUT,100.0,24725.01,1.0,0.7,0.0,,False,,
HINDCOPPER,Other,,,,,-11.08,,,,2026-06-09,,,,,,,,,,,,-1.0,,-4.2,0.0,,,,,,,,,,,,,,,,,,,,,,,,,,,,,-7.0,0.0,5.0,NEUT,21.0,LARGE,NEUT,100.0,7.04,3.0,0.9,0.0,,False,,
HINDUNILVR,Other,,,,,-8.83,,,,2026-06-09,,,,,,,,,,,,-1.0,,-0.9,0.0,,,,,,,,,,,,,,,,,,,,,,,,,,,,,-2.0,0.0,5.0,NEUT,28.0,MEGA,NEUT,50.0,4.06,3.0,0.9,0.0,,False,,
ICICIGI,Other,,,,,-1.45,,,,2026-06-09,,,,,,,,,,,,-1.0,,-0.9,0.0,,,,,,,,,,,,,,,,,,,,,,,,,,,,,-2.0,0.0,5.0,NEUT,28.0,MEGA,NEUT,66.7,11178.57,1.0,1.4,0.0,,False,,
IEX,Other,,,,,-9.9,,,,2026-06-09,,,,,,,,,,,,-1.0,,-0.9,0.0,,,,,,,,,,,,,,,,,,,,,,,,,,,,,-2.0,0.0,5.0,NEUT,21.0,LARGE,NEUT,72.7,0.0,5.0,2.5,0.0,,False,,
IFBIND,Other,,,,,12.78,,,,2026-06-09,,,,,,,,,,,,-1.0,,8.3,0.0,,,,,,,,,,,,,,,,,,,,,,,,,,,,,13.0,0.0,0.0,NEUT,14.0,MID,NEUT,62.3,1.0,20.0,11.6,0.0,,False,,
INDHOTEL,Other,,,,,1.18,,,,2026-06-09,,,,,,,,,,,,-1.0,,0.4,0.0,,,,,,,,,,,,,,,,,,,,,,,,,,,,,0.0,0.0,5.0,NEUT,28.0,MEGA,NEUT,100.0,0.0,1.0,0.7,0.0,,False,,
INDIGOPNTS,Other,,,,,-2.63,,,,2026-06-09,,,,,,,,,,,,-1.0,,12.8,0.0,,,,,,,,,,,,,,,,,,,,,,,,,,,,,20.0,0.0,0.0,NEUT,14.0,MID,NEUT,61.4,0.74,21.0,12.5,0.0,,False,,
INFY,Other,,,,,1.72,,,,2026-06-09,,,,,,,,,,,,-1.0,,0.4,0.0,,,,,,,,,,,,,,,,,,,,,,,,,,,,,0.0,0.0,5.0,NEUT,28.0,MEGA,NEUT,75.0,3.11,3.0,0.9,0.0,,False,,
IPCALAB,Other,,,,,6.23,,,,2026-06-09,,,,,,,,,,,,-1.0,,-1.6,0.0,,,,,,,,,,,,,,,,,,,,,,,,,,,,,-3.0,0.0,5.0,NEUT,21.0,LARGE,NEUT,100.0,0.0,2.0,0.9,0.0,,False,,
IRIS,Other,,,,,-8.24,,,,2026-06-09,,,,,,,,,,,,-1.0,,-6.7,0.0,,,,,,,,,,,,,,,,,,,,,,,,,,,,,-10.0,0.0,0.0,NEUT,7.0,SMALL,NEUT,75.0,1.0,17.0,9.6,0.0,,False,,
KAJARIACER,Other,,,,,-2.65,,,,2026-06-09,,,,,,,,,,,,-1.0,,-0.9,0.0,,,,,,,,,,,,,,,,,,,,,,,,,,,,,-2.0,0.0,5.0,NEUT,21.0,LARGE,NEUT,75.0,14.09,4.0,1.8,0.0,,False,,
KIRLPNU,Other,,,,,2.23,,,,2026-06-09,,,,,,,,,,,,-1.0,,-19.1,0.0,,,,,,,,,,,,,,,,,,,,,,,,,,,,,-30.0,0.0,5.0,NEUT,21.0,LARGE,NEUT,71.4,3.41,3.0,1.6,0.0,,False,,
KKCL,Other,,,,,-1.19,,,,2026-06-09,,,,,,,,,,,,-1.0,,1.8,0.0,,,,,,,,,,,,,,,,,,,,,,,,,,,,,3.0,0.0,0.0,NEUT,7.0,SMALL,NEUT,95.6,0.86,17.0,9.8,0.0,,False,,
KMEW,Other,,,,,-6.28,,,,2026-06-09,,,,,,,,,,,,-1.0,,-6.7,0.0,,,,,,,,,,,,,,,,,,,,,,,,,,,,,-10.0,0.0,0.0,NEUT,14.0,MID,NEUT,93.3,0.15,12.0,9.1,0.0,,False,,
KPRMILL,Other,,,,,8.59,,,,2026-06-09,,,,,,,,,,,,-1.0,,1.7,0.0,,,,,,,,,,,,,,,,,,,,,,,,,,,,,2.0,0.0,5.0,NEUT,21.0,LARGE,NEUT,100.0,54599.98,2.0,0.9,0.0,,False,,
LICI,Other,,,,,-2.64,,,,2026-06-09,,,,,,,,,,,,-1.0,,3.6,0.0,,,,,,,,,,,,,,,,,,,,,,,,,,,,,5.0,0.0,5.0,NEUT,28.0,MEGA,NEUT,100.0,13584.97,1.0,0.5,0.0,,False,,
LODHA,Other,,,,,-4.58,,,,2026-06-09,,,,,,,,,,,,-1.0,,0.4,0.0,,,,,,,,,,,,,,,,,,,,,,,,,,,,,0.0,0.0,5.0,NEUT,28.0,MEGA,NEUT,60.0,1.41,3.0,1.1,0.0,,False,,
LTM,Other,,,,,-6.76,,,,2026-06-09,,,,,,,,,,,,-1.0,,3.6,0.0,,,,,,,,,,,,,,,,,,,,,,,,,,,,,5.0,0.0,5.0,NEUT,28.0,MEGA,NEUT,100.0,0.0,3.0,1.4,0.0,,False,,
LTTS,Other,,,,,-15.82,,,,2026-06-09,,,,,,,,,,,,-1.0,,2.3,0.0,,,,,,,,,,,,,,,,,,,,,,,,,,,,,3.0,0.0,5.0,NEUT,21.0,LARGE,NEUT,57.1,4.47,4.0,3.1,0.0,,False,,
LUPIN,Other,,,,,-2.46,,,,2026-06-09,,,,,,,,,,,,-1.0,,-0.9,0.0,,,,,,,,,,,,,,,,,,,,,,,,,,,,,-2.0,0.0,5.0,NEUT,28.0,MEGA,NEUT,60.0,1.95,3.0,2.3,0.0,,False,,
MAPMYINDIA,Other,,,,,-13.01,,,,2026-06-09,,,,,,,,,,,,-1.0,,-6.7,0.0,,,,,,,,,,,,,,,,,,,,,,,,,,,,,-10.0,0.0,0.0,NEUT,14.0,MID,NEUT,57.1,0.86,21.0,13.9,0.0,,False,,
MARKSANS,Other,,,,,19.37,,,,2026-06-09,,,,,,,,,,,,-1.0,,3.6,0.0,,,,,,,,,,,,,,,,,,,,,,,,,,,,,5.0,0.0,5.0,NEUT,21.0,LARGE,NEUT,0.0,0.0,0.0,0.0,0.0,,False,,
MASTEK,Other,,,,,-2.85,,,,2026-06-09,,,,,,,,,,,,-1.0,,-0.2,0.0,,,,,,,,,,,,,,,,,,,,,,,,,,,,,0.0,0.0,0.0,NEUT,14.0,MID,NEUT,82.6,1.65,16.0,10.1,0.0,,False,,
MAXHEALTH,Other,,,,,0.08,,,,2026-06-09,,,,,,,,,,,,-1.0,,1.7,0.0,,,,,,,,,,,,,,,,,,,,,,,,,,,,,2.0,0.0,5.0,NEUT,28.0,MEGA,NEUT,100.0,1.07,3.0,1.4,0.0,,False,,
MAZDOCK,Other,,,,,-13.75,,,,2026-06-09,,,,,,,,,,,,-1.0,,-0.9,0.0,,,,,,,,,,,,,,,,,,,,,,,,,,,,,-2.0,0.0,5.0,NEUT,28.0,MEGA,NEUT,80.0,0.57,3.0,1.1,0.0,,False,,
MCX,Other,,,,,-4.87,,,,2026-06-09,,,,,,,,,,,,-1.0,,-0.9,0.0,,,,,,,,,,,,,,,,,,,,,,,,,,,,,-2.0,0.0,5.0,NEUT,28.0,MEGA,NEUT,20.0,0.0,4.0,1.1,0.0,,False,,
MEDANTA,Other,,,,,0.82,,,,2026-06-09,,,,,,,,,,,,-1.0,,-1.6,0.0,,,,,,,,,,,,,,,,,,,,,,,,,,,,,-3.0,0.0,5.0,NEUT,21.0,LARGE,NEUT,72.7,0.78,4.0,2.5,0.0,,False,,
MODIS,Other,,,,,1.18,,,,2026-06-09,,,,,,,,,,,,-1.0,,-6.7,0.0,,,,,,,,,,,,,,,,,,,,,,,,,,,,,-10.0,0.0,0.0,NEUT,7.0,SMALL,NEUT,60.0,0.45,5.0,14.9,0.0,,False,,
MPHASIS,Other,,,,,5.42,,,,2026-06-09,,,,,,,,,,,,-1.0,,1.7,0.0,,,,,,,,,,,,,,,,,,,,,,,,,,,,,2.0,0.0,5.0,NEUT,21.0,LARGE,NEUT,100.0,29567.37,2.0,1.6,0.0,,False,,
MSUMI,Other,,,,,-11.84,,,,2026-06-09,,,,,,,,,,,,-1.0,,2.3,0.0,,,,,,,,,,,,,,,,,,,,,,,,,,,,,3.0,0.0,5.0,NEUT,21.0,LARGE,NEUT,50.0,0.04,5.0,1.3,0.0,,False,,
NAM-INDIA,Other,,,,,2.56,,,,2026-06-09,,,,,,,,,,,,-1.0,,-0.9,0.0,,,,,,,,,,,,,,,,,,,,,,,,,,,,,-2.0,0.0,5.0,NEUT,28.0,MEGA,NEUT,33.3,0.0,3.0,1.4,0.0,,False,,
NESCO,Other,,,,,-13.85,,,,2026-06-09,,,,,,,,,,,,-1.0,,13.5,0.0,,,,,,,,,,,,,,,,,,,,,,,,,,,,,21.0,0.0,0.0,NEUT,14.0,MID,NEUT,71.8,1.21,18.0,8.6,0.0,,False,,
NESTLEIND,Other,,,,,-4.55,,,,2026-06-09,,,,,,,,,,,,-1.0,,2.3,0.0,,,,,,,,,,,,,,,,,,,,,,,,,,,,,3.0,0.0,5.0,NEUT,28.0,MEGA,NEUT,100.0,0.0,3.0,2.0,0.0,,False,,
NEWGEN,Other,,,,,3.72,,,,2026-06-09,,,,,,,,,,,,-1.0,,6.3,0.0,,,,,,,,,,,,,,,,,,,,,,,,,,,,,10.0,0.0,0.0,NEUT,14.0,MID,NEUT,51.3,1.24,22.0,8.6,0.0,,False,,
NMDC,Other,,,,,-2.33,,,,2026-06-09,,,,,,,,,,,,-1.0,,0.4,0.0,,,,,,,,,,,,,,,,,,,,,,,,,,,,,0.0,0.0,5.0,NEUT,28.0,MEGA,NEUT,33.3,0.0,2.0,1.4,0.0,,False,,
OBEROIRLTY,Other,,,,,-6.31,,,,2026-06-09,,,,,,,,,,,,-1.0,,0.4,0.0,,,,,,,,,,,,,,,,,,,,,,,,,,,,,0.0,0.0,5.0,NEUT,28.0,MEGA,NEUT,100.0,1.34,2.0,0.7,0.0,,False,,
OFSS,Other,,,,,3.59,,,,2026-06-09,,,,,,,,,,,,-1.0,,-2.9,0.0,,,,,,,,,,,,,,,,,,,,,,,,,,,,,-5.0,0.0,5.0,NEUT,28.0,MEGA,NEUT,0.0,0.0,1.0,0.5,0.0,,False,,
ONGC,Other,,,,,-12.19,,,,2026-06-09,,,,,,,,,,,,-1.0,,-0.9,0.0,,,,,,,,,,,,,,,,,,,,,,,,,,,,,-2.0,0.0,5.0,NEUT,28.0,MEGA,NEUT,100.0,0.34,4.0,2.7,0.0,,False,,
ORIENTELEC,Other,,,,,-8.43,,,,2026-06-09,,,,,,,,,,,,-1.0,,16.7,0.0,,,,,,,,,,,,,,,,,,,,,,,,,,,,,26.0,0.0,0.0,NEUT,14.0,MID,NEUT,76.9,2.44,13.0,8.6,0.0,,False,,
PARAGMILK,Other,,,,,9.17,,,,2026-06-09,,,,,,,,,,,,-1.0,,-4.1,0.0,,,,,,,,,,,,,,,,,,,,,,,,,,,,,-6.0,0.0,0.0,NEUT,14.0,MID,NEUT,79.5,1.02,17.0,8.6,0.0,,False,,
PATANJALI,Other,,,,,-9.02,,,,2026-06-09,,,,,,,,,,,,-1.0,,-0.3,0.0,,,,,,,,,,,,,,,,,,,,,,,,,,,,,-1.0,0.0,5.0,NEUT,21.0,LARGE,NEUT,84.6,0.53,4.0,2.9,0.0,,False,,
PGHL,Other,,,,,15.77,,,,2026-06-09,,,,,,,,,,,,-1.0,,-1.6,0.0,,,,,,,,,,,,,,,,,,,,,,,,,,,,,-3.0,0.0,5.0,NEUT,21.0,LARGE,NEUT,66.7,3.21,4.0,1.3,0.0,,False,,
POWERMECH,Other,,,,,0.29,,,,2026-06-09,,,,,,,,,,,,-1.0,,-8.6,0.0,,,,,,,,,,,,,,,,,,,,,,,,,,,,,-13.0,0.0,0.0,NEUT,14.0,MID,NEUT,69.6,0.84,17.0,10.1,0.0,,False,,
PRICOLLTD,Other,,,,,1.34,,,,2026-06-09,,,,,,,,,,,,-1.0,,-6.7,0.0,,,,,,,,,,,,,,,,,,,,,,,,,,,,,-10.0,0.0,0.0,NEUT,14.0,MID,NEUT,69.7,1.16,16.0,7.3,0.0,,False,,
PRUDENT,Other,,,,,-7.61,,,,2026-06-09,,,,,,,,,,,,-1.0,,-0.9,0.0,,,,,,,,,,,,,,,,,,,,,,,,,,,,,-2.0,0.0,5.0,NEUT,21.0,LARGE,NEUT,100.0,37950.19,2.0,0.7,0.0,,False,,
QUESS,Other,,,,,14.89,,,,2026-06-09,,,,,,,,,,,,-1.0,,-15.8,0.0,,,,,,,,,,,,,,,,,,,,,,,,,,,,,-24.0,0.0,0.0,NEUT,14.0,MID,NEUT,77.6,1.43,17.0,10.8,0.0,,False,,
RADICO,Other,,,,,0.22,,,,2026-06-09,,,,,,,,,,,,-1.0,,0.4,0.0,,,,,,,,,,,,,,,,,,,,,,,,,,,,,0.0,0.0,5.0,NEUT,21.0,LARGE,NEUT,60.0,2.13,5.0,2.2,0.0,,False,,
REDINGTON,Other,,,,,2.92,,,,2026-06-09,,,,,,,,,,,,-1.0,,49.9,1.0,,,,,,,,,,,,,,,,,,,,,,,,,,,,,5.0,166.5,5.0,BULL,21.0,LARGE,HIT,40.0,1.0,3.0,1.1,2.0,BULL,False,,
ROSSARI,Other,,,,,-4.72,,,,2026-06-09,,,,,,,,,,,,-1.0,,-6.7,0.0,,,,,,,,,,,,,,,,,,,,,,,,,,,,,-10.0,0.0,0.0,NEUT,7.0,SMALL,NEUT,84.6,1.48,15.0,8.4,0.0,,False,,
RPGLIFE,Other,,,,,-8.48,,,,2026-06-09,,,,,,,,,,,,-1.0,,13.5,0.0,,,,,,,,,,,,,,,,,,,,,,,,,,,,,21.0,0.0,0.0,NEUT,14.0,MID,NEUT,74.5,0.98,23.0,11.2,0.0,,False,,
SARDAEN,Other,,,,,-8.71,,,,2026-06-09,,,,,,,,,,,,-1.0,,0.4,0.0,,,,,,,,,,,,,,,,,,,,,,,,,,,,,0.0,0.0,5.0,NEUT,21.0,LARGE,NEUT,100.0,64160.58,3.0,1.6,0.0,,False,,
SAREGAMA,Other,,,,,15.88,,,,2026-06-09,,,,,,,,,,,,-1.0,,-2.1,0.0,,,,,,,,,,,,,,,,,,,,,,,,,,,,,-3.0,0.0,0.0,NEUT,14.0,MID,NEUT,83.3,1.75,14.0,9.3,0.0,,False,,
SCI,Other,,,,,-13.55,,,,2026-06-09,,,,,,,,,,,,-1.0,,2.3,0.0,,,,,,,,,,,,,,,,,,,,,,,,,,,,,3.0,0.0,5.0,NEUT,21.0,LARGE,NEUT,100.0,0.0,3.0,1.1,0.0,,False,,
SEAMECLTD,Other,,,,,2.47,,,,2026-06-09,,,,,,,,,,,,-1.0,,-0.2,0.0,,,,,,,,,,,,,,,,,,,,,,,,,,,,,0.0,0.0,0.0,NEUT,14.0,MID,NEUT,78.8,0.34,18.0,11.5,0.0,,False,,
SHARDACROP,Other,,,,,-5.28,,,,2026-06-09,,,,,,,,,,,,-1.0,,-4.7,0.0,,,,,,,,,,,,,,,,,,,,,,,,,,,,,-7.0,0.0,0.0,NEUT,14.0,MID,NEUT,56.5,0.7,17.0,10.1,0.0,,False,,
SHARDAMOTR,Other,,,,,-11.46,,,,2026-06-09,,,,,,,,,,,,-1.0,,20.6,1.0,,,,,,,,,,,,,,,,,,,,,,,,,,,,,32.0,0.0,0.0,BULL,14.0,MID,MISS,54.5,0.65,15.0,9.7,0.0,,False,,
SOMANYCERA,Other,,,,,-2.78,,,,2026-06-09,,,,,,,,,,,,-1.0,,-2.1,0.0,,,,,,,,,,,,,,,,,,,,,,,,,,,,,-3.0,0.0,0.0,NEUT,7.0,SMALL,NEUT,84.6,0.5,17.0,11.3,0.0,,False,,
SSWL,Other,,,,,5.97,,,,2026-06-09,,,,,,,,,,,,-1.0,,-0.2,0.0,,,,,,,,,,,,,,,,,,,,,,,,,,,,,0.0,0.0,0.0,NEUT,14.0,MID,NEUT,73.3,0.87,17.0,9.9,0.0,,False,,
STYLAMIND,Other,,,,,11.84,,,,2026-06-09,,,,,,,,,,,,-1.0,,-8.0,0.0,,,,,,,,,,,,,,,,,,,,,,,,,,,,,-12.0,0.0,0.0,NEUT,14.0,MID,NEUT,73.8,0.43,14.0,9.2,0.0,,False,,
SUBROS,Other,,,,,-3.99,,,,2026-06-09,,,,,,,,,,,,-1.0,,8.9,0.0,,,,,,,,,,,,,,,,,,,,,,,,,,,,,14.0,0.0,0.0,NEUT,14.0,MID,NEUT,52.6,0.99,18.0,8.4,0.0,,False,,
SUNDRMFAST,Other,,,,,-3.18,,,,2026-06-09,,,,,,,,,,,,-1.0,,-0.9,0.0,,,,,,,,,,,,,,,,,,,,,,,,,,,,,-2.0,0.0,5.0,NEUT,21.0,LARGE,NEUT,100.0,0.0,2.0,0.7,0.0,,False,,
SUPRIYA,Other,,,,,27.55,,,,2026-06-09,,,,,,,,,,,,-1.0,,4.4,0.0,,,,,,,,,,,,,,,,,,,,,,,,,,,,,7.0,0.0,0.0,NEUT,14.0,MID,NEUT,73.0,0.58,16.0,8.1,0.0,,False,,
SWARAJENG,Other,,,,,0.56,,,,2026-06-09,,,,,,,,,,,,-1.0,,-6.7,0.0,,,,,,,,,,,,,,,,,,,,,,,,,,,,,-10.0,0.0,0.0,NEUT,14.0,MID,NEUT,86.4,2.72,19.0,9.7,0.0,,False,,
TCI,Other,,,,,9.96,,,,2026-06-09,,,,,,,,,,,,-1.0,,-13.8,0.0,,,,,,,,,,,,,,,,,,,,,,,,,,,,,-21.0,0.0,0.0,NEUT,14.0,MID,NEUT,86.8,0.38,12.0,8.4,0.0,,False,,
TCS,Other,,,,,-11.89,,,,2026-06-09,,,,,,,,,,,,-1.0,,-25.7,-1.0,,,,,,,,,,,,,,,,,,,,,,,,,,,,,-2.0,-85.6,5.0,BEAR,28.0,MEGA,HIT,66.7,4.92,4.0,1.4,2.0,BEAR,False,,
TECHM,Other,,,,,2.99,,,,2026-06-09,,,,,,,,,,,,-1.0,,0.4,0.0,,,,,,,,,,,,,,,,,,,,,,,,,,,,,0.0,0.0,5.0,NEUT,28.0,MEGA,NEUT,100.0,1.98,4.0,1.1,0.0,,False,,
TIIL,Other,,,,,-3.51,,,,2026-06-09,,,,,,,,,,,,-1.0,,-6.7,0.0,,,,,,,,,,,,,,,,,,,,,,,,,,,,,-10.0,0.0,0.0,NEUT,14.0,MID,NEUT,90.2,1.74,19.0,9.1,0.0,,False,,
TIMETECHNO,Other,,,,,-2.72,,,,2026-06-09,,,,,,,,,,,,-1.0,,8.9,0.0,,,,,,,,,,,,,,,,,,,,,,,,,,,,,14.0,0.0,0.0,NEUT,14.0,MID,NEUT,80.0,2.22,21.0,11.0,0.0,,False,,
TIPSMUSIC,Other,,,,,0.71,,,,2026-06-09,,,,,,,,,,,,-1.0,,-8.6,0.0,,,,,,,,,,,,,,,,,,,,,,,,,,,,,-13.0,0.0,0.0,NEUT,14.0,MID,NEUT,67.4,1.57,18.0,10.1,0.0,,False,,
TRENT,Other,,,,,-3.36,,,,2026-06-09,,,,,,,,,,,,-1.0,,3.6,0.0,,,,,,,,,,,,,,,,,,,,,,,,,,,,,5.0,0.0,5.0,NEUT,28.0,MEGA,NEUT,0.0,0.0,2.0,0.5,0.0,,False,,
TRITURBINE,Other,,,,,10.99,,,,2026-06-09,,,,,,,,,,,,-1.0,,0.4,0.0,,,,,,,,,,,,,,,,,,,,,,,,,,,,,0.0,0.0,5.0,NEUT,21.0,LARGE,NEUT,87.5,0.0,2.0,1.8,0.0,,False,,
ULTRACEMCO,Other,,,,,-8.77,,,,2026-06-09,,,,,,,,,,,,-1.0,,2.3,0.0,,,,,,,,,,,,,,,,,,,,,,,,,,,,,3.0,0.0,5.0,NEUT,28.0,MEGA,NEUT,100.0,35297.52,3.0,1.8,0.0,,False,,
USHAMART,Other,,,,,4.43,,,,2026-06-09,,,,,,,,,,,,-1.0,,0.4,0.0,,,,,,,,,,,,,,,,,,,,,,,,,,,,,0.0,0.0,5.0,NEUT,21.0,LARGE,NEUT,70.0,1.57,3.0,2.2,0.0,,False,,
VAIBHAVGBL,Other,,,,,-0.21,,,,2026-06-09,,,,,,,,,,,,-1.0,,-6.7,0.0,,,,,,,,,,,,,,,,,,,,,,,,,,,,,-10.0,0.0,0.0,NEUT,14.0,MID,NEUT,86.0,1.76,17.0,9.5,0.0,,False,,
VBL,Other,,,,,-0.09,,,,2026-06-09,,,,,,,,,,,,-1.0,,0.4,0.0,,,,,,,,,,,,,,,,,,,,,,,,,,,,,0.0,0.0,5.0,NEUT,28.0,MEGA,NEUT,60.0,0.0,2.0,1.1,0.0,,False,,
VENUSPIPES,Other,,,,,-2.91,,,,2026-06-09,,,,,,,,,,,,-1.0,,-0.2,0.0,,,,,,,,,,,,,,,,,,,,,,,,,,,,,0.0,0.0,0.0,NEUT,7.0,SMALL,NEUT,71.7,1.65,18.0,10.0,0.0,,False,,
VGUARD,Other,,,,,-9.25,,,,2026-06-09,,,,,,,,,,,,-1.0,,2.3,0.0,,,,,,,,,,,,,,,,,,,,,,,,,,,,,3.0,0.0,5.0,NEUT,21.0,LARGE,NEUT,85.7,0.0,3.0,1.6,0.0,,False,,
VISHNU,Other,,,,,-1.93,,,,2026-06-09,,,,,,,,,,,,-1.0,,-6.7,0.0,,,,,,,,,,,,,,,,,,,,,,,,,,,,,-10.0,0.0,0.0,NEUT,14.0,MID,NEUT,73.2,1.34,14.0,9.0,0.0,,False,,
WABAG,Other,,,,,11.0,,,,2026-06-09,,,,,,,,,,,,-1.0,,6.3,0.0,,,,,,,,,,,,,,,,,,,,,,,,,,,,,10.0,0.0,0.0,NEUT,14.0,MID,NEUT,85.1,1.35,18.0,10.3,0.0,,False,,
WELCORP,Other,,,,,4.23,,,,2026-06-09,,,,,,,,,,,,-1.0,,-2.9,0.0,,,,,,,,,,,,,,,,,,,,,,,,,,,,,-5.0,0.0,5.0,NEUT,21.0,LARGE,NEUT,83.3,6.35,4.0,1.3,0.0,,False,,
ZENSARTECH,Other,,,,,-9.65,,,,2026-06-09,,,,,,,,,,,,-1.0,,2.3,0.0,,,,,,,,,,,,,,,,,,,,,,,,,,,,,3.0,0.0,5.0,NEUT,21.0,LARGE,NEUT,75.0,1.49,2.0,0.9,0.0,,False,,
ZYDUSLIFE,Other,,,,,19.4,,,,2026-06-09,,,,,,,,,,,,-1.0,,-3.5,0.0,,,,,,,,,,,,,,,,,,,,,,,,,,,,,-6.0,0.0,5.0,NEUT,28.0,MEGA,NEUT,50.0,0.82,3.0,0.9,0.0,,False,,
509525,Other,,,,,-1.69,,,,2026-06-10,,,,,,,,,,,,0.0,,4.5,0.0,NEUT,,86.4,78.9,78.9,,,7.0,4.7,SMALL,,3.83,-5.0,15.0,,,53.3,10.36,8.14,1.45,25.8,27.7,,,57.1,50.0,,,7.0,0.0,0.0,NEUT,7.0,SMALL,NEUT,78.9,1.45,15.0,8.3,0.0,,False,5.0,
543787,Other,,,,,10.5,,,,2026-06-10,,,,,,,,,,,,0.0,,-7.2,0.0,NEUT,,77.3,59.5,59.5,,,7.0,5.0,SMALL,,4.53,-5.0,15.0,,,26.7,17.56,8.47,0.75,-22.9,24.5,,,40.0,20.0,,,-11.0,0.0,0.0,NEUT,7.0,SMALL,NEUT,59.5,0.75,15.0,8.0,0.0,,False,5.0,
543831,Other,,,,,-1.73,,,,2026-06-10,,,,,,,,,,,,0.0,,-6.5,0.0,NEUT,,95.5,97.4,97.4,,,7.0,4.57,SMALL,,2.56,-5.0,12.0,,,58.3,10.32,5.98,2.42,42.3,33.5,,,66.7,50.0,,,-10.0,0.0,0.0,NEUT,7.0,SMALL,NEUT,97.4,2.42,12.0,8.2,0.0,,False,5.0,
ABBOTINDIA,Other,,,,,2.63,,,,2026-06-10,,,,,,,,,,,,0.0,,0.6,0.0,NEUT,,66.7,66.7,66.7,,,28.0,4.89,MEGA,,2.03,-5.7,3.0,,,0.0,0.0,6.68,0.0,-20.0,36.0,,,0.0,0.0,,,0.0,0.0,5.0,NEUT,28.0,MEGA,NEUT,66.7,0.0,3.0,2.0,0.0,,False,5.7,
ADFFOODS,Other,,,,,8.59,,,,2026-06-10,,,,,,,,,,,,0.0,,-12.3,0.0,NEUT,,59.1,60.4,60.4,,,14.0,5.0,MID,,4.69,-5.0,20.0,,,35.0,15.94,7.46,1.15,14.6,16.8,,,36.4,33.3,,,-19.0,0.0,0.0,NEUT,14.0,MID,NEUT,60.4,1.15,20.0,10.5,0.0,,False,5.0,
ADOR,Other,,,,,-0.11,,,,2026-06-10,,,,,,,,,,,,0.0,,0.0,0.0,NEUT,,86.4,93.3,93.3,,,7.0,4.38,SMALL,,3.77,-5.0,16.0,,,31.2,7.55,7.71,0.45,-47.0,17.0,,,12.5,50.0,,,0.0,0.0,0.0,NEUT,7.0,SMALL,NEUT,93.3,0.45,16.0,9.7,0.0,,False,5.0,
ADVENZYMES,Other,,,,,-4.31,,,,2026-06-10,,,,,,,,,,,,0.0,,-8.5,0.0,NEUT,,72.7,56.6,56.6,,,14.0,5.0,MID,,3.85,-5.0,17.0,,,29.4,10.6,6.77,0.65,-28.3,18.9,,,22.2,37.5,,,-13.0,0.0,0.0,NEUT,14.0,MID,NEUT,56.6,0.65,17.0,11.6,0.0,,False,5.0,
AGI,Other,,,,,7.68,,,,2026-06-10,,,,,,,,,,,,0.0,,-15.0,0.0,NEUT,,63.6,68.8,68.8,,,14.0,4.03,MID,,3.1,-5.0,18.0,,,27.8,17.63,9.07,0.75,-29.8,17.3,,,40.0,12.5,,,-23.0,0.0,0.0,NEUT,14.0,MID,NEUT,68.8,0.75,18.0,10.5,0.0,,False,5.0,
AIAENG,Other,,,,,14.94,,,,2026-06-10,,,,,,,,,,,,0.0,,-2.7,0.0,NEUT,,62.5,62.5,62.5,,,21.0,5.0,LARGE,,3.2,-5.1,3.0,,,33.3,6.97,9.53,0.37,-12.1,53.7,,,100.0,0.0,,,-5.0,0.0,5.0,NEUT,21.0,LARGE,NEUT,62.5,0.37,3.0,1.8,0.0,,False,5.1,
ALIVUS,Other,,,,,-8.08,,,,2026-06-10,,,,,,,,,,,,0.0,,2.5,0.0,NEUT,,100.0,100.0,100.0,,,21.0,5.0,LARGE,,3.76,-7.0,3.0,,,33.3,16.6,8.35,0.99,-0.1,66.7,,,50.0,0.0,,,3.0,0.0,5.0,NEUT,21.0,LARGE,NEUT,100.0,0.99,3.0,1.6,0.0,,False,7.0,
ALKEM,Other,,,,,-0.82,,,,2026-06-10,,,,,,,,,,,,0.0,,0.6,0.0,NEUT,,66.7,66.7,66.7,,,28.0,5.0,MEGA,,2.9,-4.9,3.0,,,33.3,2.09,4.76,0.22,-7.4,27.0,,,100.0,0.0,,,0.0,0.0,5.0,NEUT,28.0,MEGA,NEUT,66.7,0.22,3.0,2.0,0.0,,False,4.9,
AMRUTANJAN,Other,,,,,0.43,,,,2026-06-10,,,,,,,,,,,,0.0,,0.0,0.0,NEUT,,86.4,90.0,90.0,,,7.0,3.31,SMALL,,2.53,-5.0,11.0,,,36.4,12.31,6.17,1.14,6.0,26.7,,,16.7,60.0,,,0.0,0.0,0.0,NEUT,7.0,SMALL,NEUT,90.0,1.14,11.0,6.5,0.0,,False,5.0,
ANANTRAJ,Other,,,,,0.41,,,,2026-06-10,,,,,,,,,,,,0.0,,0.6,0.0,NEUT,,100.0,100.0,100.0,,,21.0,5.0,LARGE,,4.15,-10.0,1.0,,,0.0,0.0,11.43,0.0,-11.4,231.0,,,0.0,0.0,,,0.0,0.0,5.0,NEUT,21.0,LARGE,NEUT,100.0,0.0,1.0,0.9,0.0,,False,10.0,
APLLTD,Other,,,,,-7.31,,,,2026-06-10,,,,,,,,,,,,0.0,,-0.8,0.0,NEUT,,60.0,60.0,60.0,,,21.0,5.0,LARGE,,2.72,-6.3,3.0,,,66.7,11.08,6.43,3.45,15.7,46.7,,,50.0,100.0,,,-2.0,0.0,5.0,NEUT,21.0,LARGE,NEUT,60.0,3.45,3.0,1.1,0.0,,False,6.3,
ARE&M,Other,,,,,-4.28,,,,2026-06-10,,,,,,,,,,,,0.0,,3.8,0.0,NEUT,,83.3,83.3,83.3,,,21.0,5.0,LARGE,,3.49,-6.2,2.0,,,0.0,0.0,6.82,0.0,-13.6,86.0,,,0.0,0.0,,,5.0,0.0,5.0,NEUT,21.0,LARGE,NEUT,83.3,0.0,2.0,1.3,0.0,,False,6.2,
ARTEMISMED,Other,,,,,-5.56,,,,2026-06-10,,,,,,,,,,,,0.0,,13.0,0.0,NEUT,,45.5,70.0,70.0,,,7.0,4.4,SMALL,,4.73,-5.0,17.0,,,29.4,18.79,7.11,1.1,8.6,17.4,,,33.3,25.0,,,20.0,0.0,0.0,NEUT,7.0,SMALL,NEUT,70.0,1.1,17.0,10.9,0.0,,False,5.0,
ASTRAMICRO,Other,,,,,28.41,,,,2026-06-10,,,,,,,,,,,,0.0,,-0.1,0.0,NEUT,,100.0,100.0,100.0,,,21.0,5.0,LARGE,,4.94,-7.2,2.0,,,100.0,42.49,0.0,84974.0,85.0,119.5,,,100.0,100.0,,,-1.0,0.0,5.0,NEUT,21.0,LARGE,NEUT,100.0,84974.0,2.0,1.6,0.0,,False,7.2,
AURIONPRO,Other,,,,,-2.86,,,,2026-06-10,,,,,,,,,,,,0.0,,-6.5,0.0,NEUT,,95.5,96.9,96.9,,,14.0,5.0,MID,,3.95,-5.0,14.0,,,42.9,16.56,6.44,1.93,47.8,17.6,,,33.3,60.0,,,-10.0,0.0,0.0,NEUT,14.0,MID,NEUT,96.9,1.93,14.0,7.0,0.0,,False,5.0,
AUTOAXLES,Other,,,,,-2.25,,,,2026-06-10,,,,,,,,,,,,0.0,,0.0,0.0,NEUT,,77.3,83.8,83.8,,,7.0,3.33,SMALL,,2.62,-5.0,13.0,,,38.5,9.11,5.49,1.04,1.6,25.8,,,28.6,50.0,,,0.0,0.0,0.0,NEUT,7.0,SMALL,NEUT,83.8,1.04,13.0,8.0,0.0,,False,5.0,
BAJAJCON,Other,,,,,5.88,,,,2026-06-10,,,,,,,,,,,,0.0,,-17.6,0.0,NEUT,,50.0,59.6,59.6,,,14.0,5.0,MID,,4.09,-5.0,15.0,,,26.7,25.37,7.68,1.2,17.1,18.9,,,33.3,22.2,,,-27.0,0.0,0.0,NEUT,14.0,MID,NEUT,59.6,1.2,15.0,10.3,0.0,,False,5.0,
BASF,Other,,,,,-13.29,,,,2026-06-10,,,,,,,,,,,,0.0,,2.5,0.0,NEUT,,25.0,25.0,25.0,,,21.0,5.0,LARGE,,2.51,-4.6,3.0,,,0.0,0.0,5.12,0.0,-15.3,11.7,,,0.0,0.0,,,3.0,0.0,5.0,NEUT,21.0,LARGE,NEUT,25.0,0.0,3.0,0.9,0.0,,False,4.6,
BAYERCROP,Other,,,,,-4.83,,,,2026-06-10,,,,,,,,,,,,0.0,,-2.0,0.0,NEUT,,42.9,42.9,42.9,,,21.0,4.73,LARGE,,2.5,-5.5,3.0,,,33.3,21.27,6.43,1.65,8.4,41.7,,,0.0,100.0,,,-4.0,0.0,5.0,NEUT,21.0,LARGE,NEUT,42.9,1.65,3.0,1.6,0.0,,False,5.5,
BBTC,Other,,,,,1.18,,,,2026-06-10,,,,,,,,,,,,0.0,,1.9,0.0,NEUT,,0.0,0.0,0.0,,,21.0,5.0,LARGE,,2.38,-5.0,0.0,,,0.0,0.0,0.0,0.0,0.0,0.0,,,0.0,0.0,,,2.0,0.0,5.0,NEUT,21.0,LARGE,NEUT,0.0,0.0,0.0,0.0,0.0,,False,5.0,
BECTORFOOD,Other,,,,,-4.7,,,,2026-06-10,,,,,,,,,,,,0.0,,3.9,0.0,NEUT,,72.7,76.0,76.0,,,14.0,4.58,MID,,3.19,-5.0,21.0,,,38.1,12.55,6.27,1.23,18.9,16.3,,,25.0,55.6,,,6.0,0.0,0.0,NEUT,14.0,MID,NEUT,76.0,1.23,21.0,11.0,0.0,,False,5.0,
BEL,Other,,,,,-4.46,,,,2026-06-10,,,,,,,,,,,,0.0,,0.6,0.0,NEUT,,71.4,71.4,71.4,,,28.0,4.86,MEGA,,1.88,-6.6,3.0,,,33.3,6.78,7.17,0.47,-7.6,36.0,,,0.0,33.3,,,0.0,0.0,5.0,NEUT,28.0,MEGA,NEUT,71.4,0.47,3.0,1.6,0.0,,False,6.6,
BERGEPAINT,Other,,,,,6.09,,,,2026-06-10,,,,,,,,,,,,0.0,,3.8,0.0,NEUT,,80.0,80.0,80.0,,,28.0,5.0,MEGA,,3.22,-7.7,2.0,,,100.0,24.43,0.0,48866.58,48.9,128.0,,,100.0,100.0,,,5.0,0.0,5.0,NEUT,28.0,MEGA,NEUT,80.0,48866.58,2.0,1.1,0.0,,False,7.7,
BIKAJI,Other,,,,,-1.15,,,,2026-06-10,,,,,,,,,,,,0.0,,-0.8,0.0,NEUT,,100.0,100.0,100.0,,,21.0,5.0,LARGE,,2.83,-5.7,2.0,,,50.0,5.81,4.82,1.21,1.0,91.5,,,50.0,0.0,,,-2.0,0.0,5.0,NEUT,21.0,LARGE,NEUT,100.0,1.21,2.0,1.1,0.0,,False,5.7,
BLISSGVS,Other,,,,,45.35,,,,2026-06-10,,,,,,,,,,,,0.0,,4.5,0.0,NEUT,,54.5,63.6,63.6,,,14.0,5.0,MID,,6.38,-5.0,17.0,,,29.4,23.02,11.3,0.85,-20.4,17.8,,,40.0,25.0,,,7.0,0.0,0.0,NEUT,14.0,MID,NEUT,63.6,0.85,17.0,7.2,0.0,,False,5.0,
BLS,Other,,,,,-7.32,,,,2026-06-10,,,,,,,,,,,,0.0,,-0.8,0.0,NEUT,,60.0,60.0,60.0,,,21.0,5.0,LARGE,,3.08,-10.0,3.0,,,0.0,0.0,11.17,0.0,-33.5,61.7,,,0.0,0.0,,,-2.0,0.0,5.0,NEUT,21.0,LARGE,NEUT,60.0,0.0,3.0,3.3,0.0,,False,10.0,
BLUESTARCO,Other,,,,,-5.44,,,,2026-06-10,,,,,,,,,,,,0.0,,-0.8,0.0,NEUT,,100.0,100.0,100.0,,,21.0,5.0,LARGE,,3.0,-6.2,1.0,,,0.0,0.0,7.67,0.0,-7.7,150.0,,,0.0,0.0,,,-2.0,0.0,5.0,NEUT,21.0,LARGE,NEUT,100.0,0.0,1.0,0.2,0.0,,False,6.2,
BOSCHLTD,Other,,,,,4.06,,,,2026-06-10,,,,,,,,,,,,0.0,,1.9,0.0,NEUT,,80.0,80.0,80.0,,,28.0,5.0,MEGA,,3.24,-5.9,4.0,,,50.0,15.69,8.23,1.91,14.9,42.8,,,50.0,50.0,,,2.0,0.0,5.0,NEUT,28.0,MEGA,NEUT,80.0,1.91,4.0,1.1,0.0,,False,5.9,
BRITANNIA,Other,,,,,-10.8,,,,2026-06-10,,,,,,,,,,,,0.0,,4.1,0.0,NEUT,,20.0,20.0,20.0,,,28.0,3.24,MEGA,,1.48,-4.5,2.0,,,50.0,15.25,6.22,2.45,9.0,64.5,,,0.0,50.0,,,3.0,16.0,5.0,NEUT,28.0,MEGA,NEUT,20.0,2.45,2.0,1.1,2.0,BULL,False,4.5,
BSE,Other,,,,,9.77,,,,2026-06-10,,,,,,,,,,,,0.0,,-0.8,0.0,NEUT,,57.1,57.1,57.1,,,28.0,5.0,MEGA,,3.73,-9.9,2.0,,,0.0,0.0,12.35,0.0,-24.7,81.5,,,0.0,0.0,,,-2.0,0.0,5.0,NEUT,28.0,MEGA,NEUT,57.1,0.0,2.0,1.6,0.0,,False,9.9,
BSOFT,Other,,,,,-0.08,,,,2026-06-10,,,,,,,,,,,,0.0,,0.0,0.0,NEUT,,72.7,66.7,66.7,,,14.0,5.0,MID,,3.85,-5.0,17.0,,,11.8,18.74,5.67,0.44,-47.6,12.5,,,8.3,20.0,,,0.0,0.0,0.0,NEUT,14.0,MID,NEUT,66.7,0.44,17.0,10.5,0.0,,False,5.0,
CAMPUS,Other,,,,,2.25,,,,2026-06-10,,,,,,,,,,,,0.0,,-6.5,0.0,NEUT,,86.4,81.4,81.4,,,14.0,5.0,MID,,3.68,-5.0,16.0,,,56.2,12.27,5.86,2.69,69.4,22.4,,,62.5,50.0,,,-10.0,0.0,0.0,NEUT,14.0,MID,NEUT,81.4,2.69,16.0,9.4,0.0,,False,5.0,
CAMS,Other,,,,,-8.09,,,,2026-06-10,,,,,,,,,,,,0.0,,-0.8,0.0,NEUT,,66.7,66.7,66.7,,,21.0,4.84,LARGE,,2.85,-5.9,2.0,,,50.0,18.47,5.67,3.26,12.8,58.5,,,50.0,0.0,,,-2.0,0.0,5.0,NEUT,21.0,LARGE,NEUT,66.7,3.26,2.0,0.7,0.0,,False,5.9,
CAPLIPOINT,Other,,,,,21.93,,,,2026-06-10,,,,,,,,,,,,0.0,,1.2,0.0,NEUT,,100.0,100.0,100.0,,,21.0,5.0,LARGE,,3.07,-8.2,3.0,,,33.3,14.36,8.02,0.9,-1.7,46.0,,,50.0,0.0,,,1.0,0.0,5.0,NEUT,21.0,LARGE,NEUT,100.0,0.9,3.0,1.6,0.0,,False,8.2,
CARERATING,Other,,,,,-5.53,,,,2026-06-10,,,,,,,,,,,,0.0,,-6.5,0.0,NEUT,,86.4,71.1,71.1,,,14.0,5.0,MID,,2.98,-5.0,18.0,,,27.8,11.05,7.82,0.54,-46.4,15.1,,,37.5,20.0,,,-10.0,0.0,0.0,NEUT,14.0,MID,NEUT,71.1,0.54,18.0,8.4,0.0,,False,5.0,
CARYSIL,Other,,,,,9.91,,,,2026-06-10,,,,,,,,,,,,0.0,,-5.9,0.0,NEUT,,68.2,68.2,68.2,,,14.0,5.0,MID,,4.99,-5.0,22.0,,,40.9,16.49,8.48,1.35,38.2,17.5,,,45.5,36.4,,,-9.0,0.0,0.0,NEUT,14.0,MID,NEUT,68.2,1.35,22.0,9.6,0.0,,False,5.0,
CASTROLIND,Other,,,,,-0.13,,,,2026-06-10,,,,,,,,,,,,0.0,,0.6,0.0,NEUT,,66.7,66.7,66.7,,,21.0,1.5,LARGE,,0.98,-3.9,3.0,,,33.3,8.5,3.53,1.2,1.4,31.0,,,0.0,100.0,,,0.0,0.0,5.0,NEUT,21.0,LARGE,NEUT,66.7,1.2,3.0,1.3,0.0,,False,3.9,
CEMPRO,Other,,,,,32.88,,,,2026-06-10,,,,,,,,,,,,0.0,,1.2,0.0,NEUT,,63.6,63.6,63.6,,,21.0,5.0,LARGE,,5.13,-9.4,4.0,,,50.0,73.79,9.78,7.54,128.0,38.5,,,50.0,50.0,,,1.0,0.0,5.0,NEUT,21.0,LARGE,NEUT,63.6,7.54,4.0,2.4,0.0,,False,9.4,
CIEINDIA,Other,,,,,-7.76,,,,2026-06-10,,,,,,,,,,,,0.0,,-0.8,0.0,NEUT,,100.0,100.0,100.0,,,21.0,5.0,LARGE,,2.78,-7.0,3.0,,,66.7,5.43,4.75,2.28,6.1,46.3,,,100.0,50.0,,,-2.0,0.0,5.0,NEUT,21.0,LARGE,NEUT,100.0,2.28,3.0,1.6,0.0,,False,7.0,
COLPAL,Other,,,,,-2.34,,,,2026-06-10,,,,,,,,,,,,0.0,,-0.8,0.0,NEUT,,80.0,80.0,80.0,,,28.0,4.34,MEGA,,2.25,-5.5,2.0,,,0.0,0.0,5.74,0.0,-11.5,87.5,,,0.0,0.0,,,-2.0,0.0,5.0,NEUT,28.0,MEGA,NEUT,80.0,0.0,2.0,1.1,0.0,,False,5.5,
CRISIL,Other,,,,,-5.64,,,,2026-06-10,,,,,,,,,,,,0.0,,2.5,0.0,NEUT,,90.0,90.0,90.0,,,21.0,4.62,LARGE,,2.16,-6.0,5.0,,,40.0,26.41,5.68,3.1,35.8,33.4,,,25.0,100.0,,,3.0,0.0,5.0,NEUT,21.0,LARGE,NEUT,90.0,3.1,5.0,2.2,0.0,,False,6.0,
CUMMINSIND,Other,,,,,6.82,,,,2026-06-10,,,,,,,,,,,,0.0,,3.8,0.0,NEUT,,33.3,33.3,33.3,,,28.0,5.0,MEGA,,3.21,-7.0,5.0,,,20.0,15.75,7.45,0.53,-14.1,29.2,,,100.0,0.0,,,5.0,0.0,5.0,NEUT,28.0,MEGA,NEUT,33.3,0.53,5.0,2.0,0.0,,False,7.0,
DABUR,Other,,,,,-3.48,,,,2026-06-10,,,,,,,,,,,,0.0,,-0.8,0.0,NEUT,,75.0,75.0,75.0,,,28.0,5.0,MEGA,,2.1,-4.1,2.0,,,50.0,17.91,5.07,3.53,12.8,77.0,,,0.0,50.0,,,-2.0,0.0,5.0,NEUT,28.0,MEGA,NEUT,75.0,3.53,2.0,1.8,0.0,,False,4.1,
DBCORP,Other,,,,,-1.59,,,,2026-06-10,,,,,,,,,,,,0.0,,3.9,0.0,NEUT,,81.8,82.1,82.1,,,14.0,2.74,MID,,1.98,-5.0,14.0,,,50.0,17.51,7.07,2.48,73.1,28.4,,,37.5,66.7,,,6.0,0.0,0.0,NEUT,14.0,MID,NEUT,82.1,2.48,14.0,8.6,0.0,,False,5.0,
DHANUKA,Other,,,,,-5.54,,,,2026-06-10,,,,,,,,,,,,0.0,,-6.5,0.0,NEUT,,54.5,66.0,66.0,,,14.0,5.0,MID,,2.88,-5.0,18.0,,,27.8,17.15,6.06,1.09,7.0,15.6,,,9.1,57.1,,,-10.0,0.0,0.0,NEUT,14.0,MID,NEUT,66.0,1.09,18.0,10.4,0.0,,False,5.0,
DIXON,Other,,,,,3.98,,,,2026-06-10,,,,,,,,,,,,0.0,,1.9,0.0,NEUT,,58.3,58.3,58.3,,,28.0,5.0,MEGA,,2.74,-9.8,3.0,,,33.3,13.13,11.38,0.58,-9.6,83.3,,,33.3,0.0,,,2.0,0.0,5.0,NEUT,28.0,MEGA,NEUT,58.3,0.58,3.0,2.7,0.0,,False,9.8,
DOLLAR,Other,,,,,-7.44,,,,2026-06-10,,,,,,,,,,,,0.0,,9.1,0.0,NEUT,,81.8,82.4,82.4,,,7.0,3.37,SMALL,,3.15,-5.0,14.0,,,64.3,14.71,7.16,3.7,96.6,25.6,,,44.4,100.0,,,14.0,0.0,0.0,NEUT,7.0,SMALL,NEUT,82.4,3.7,14.0,7.4,0.0,,False,5.0,
ECLERX,Other,,,,,-16.17,,,,2026-06-10,,,,,,,,,,,,0.0,,2.5,0.0,NEUT,,100.0,100.0,100.0,,,21.0,5.0,LARGE,,4.1,-8.8,3.0,,,66.7,57.45,10.88,10.56,104.0,84.7,,,100.0,50.0,,,3.0,0.0,5.0,NEUT,21.0,LARGE,NEUT,100.0,10.56,3.0,0.9,0.0,,False,8.8,
EICHERMOT,Other,,,,,1.32,,,,2026-06-10,,,,,,,,,,,,0.0,,-14.4,0.0,NEUT,,100.0,100.0,100.0,,,28.0,5.0,MEGA,,2.34,-5.3,2.0,,,50.0,10.08,4.69,2.15,5.4,58.0,,,0.0,50.0,,,-23.0,0.0,5.0,NEUT,28.0,MEGA,NEUT,100.0,2.15,2.0,1.4,0.0,,False,5.3,
ELLEN,Other,,,,,-4.73,,,,2026-06-10,,,,,,,,,,,,0.0,,-6.5,0.0,NEUT,,9.1,13.8,13.8,,,14.0,5.0,MID,,5.03,-5.0,9.0,,,0.0,0.0,6.5,0.0,-58.5,8.3,,,0.0,0.0,,,-10.0,0.0,0.0,NEUT,14.0,MID,NEUT,13.8,0.0,9.0,15.3,0.0,,False,5.0,
EMUDHRA,Other,,,,,4.33,,,,2026-06-10,,,,,,,,,,,,0.0,,-13.0,0.0,NEUT,,63.6,66.7,66.7,,,14.0,4.01,MID,,3.04,-5.0,16.0,,,31.2,13.33,7.42,0.82,-15.0,17.4,,,18.2,60.0,,,-20.0,0.0,0.0,NEUT,14.0,MID,NEUT,66.7,0.82,16.0,9.9,0.0,,False,5.0,
ENDURANCE,Other,,,,,-4.22,,,,2026-06-10,,,,,,,,,,,,0.0,,-2.7,0.0,NEUT,,100.0,100.0,100.0,,,21.0,5.0,LARGE,,2.99,-8.1,2.0,,,0.0,0.0,9.52,0.0,-19.0,16.5,,,0.0,0.0,,,-5.0,0.0,5.0,NEUT,21.0,LARGE,NEUT,100.0,0.0,2.0,0.9,0.0,,False,8.1,
ESCORTS,Other,,,,,-5.96,,,,2026-06-10,,,,,,,,,,,,0.0,,2.5,0.0,NEUT,,66.7,66.7,66.7,,,21.0,4.38,LARGE,,2.67,-4.6,2.0,,,0.0,0.0,6.43,0.0,-12.9,26.5,,,0.0,0.0,,,3.0,0.0,5.0,NEUT,21.0,LARGE,NEUT,66.7,0.0,2.0,0.7,0.0,,False,4.6,
FDC,Other,,,,,8.22,,,,2026-06-10,,,,,,,,,,,,0.0,,0.0,0.0,NEUT,,95.5,94.3,94.3,,,14.0,5.0,MID,,5.51,-5.0,15.0,,,40.0,7.89,6.6,0.8,-12.0,20.8,,,25.0,57.1,,,0.0,0.0,0.0,NEUT,14.0,MID,NEUT,94.3,0.8,15.0,7.7,0.0,,False,5.0,
FIEMIND,Other,,,,,6.81,,,,2026-06-10,,,,,,,,,,,,0.0,,6.5,0.0,NEUT,,81.8,65.0,65.0,,,14.0,4.93,MID,,2.94,-5.0,13.0,,,38.5,12.17,6.8,1.12,6.5,31.2,,,66.7,30.0,,,10.0,0.0,0.0,NEUT,14.0,MID,NEUT,65.0,1.12,13.0,8.8,0.0,,False,5.0,
FINCABLES,Other,,,,,-8.87,,,,2026-06-10,,,,,,,,,,,,0.0,,-0.8,0.0,NEUT,,71.4,71.4,71.4,,,21.0,5.0,LARGE,,5.29,-7.1,4.0,,,0.0,0.0,8.1,0.0,-32.4,39.8,,,0.0,0.0,,,-2.0,0.0,5.0,NEUT,21.0,LARGE,NEUT,71.4,0.0,4.0,1.6,0.0,,False,7.1,
FORCEMOT,Other,,,,,-14.46,,,,2026-06-10,,,,,,,,,,,,0.0,,-0.8,0.0,NEUT,,28.6,28.6,28.6,,,21.0,5.0,LARGE,,4.37,-9.3,3.0,,,0.0,0.0,12.6,0.0,-37.8,11.3,,,0.0,0.0,,,-2.0,0.0,5.0,NEUT,21.0,LARGE,NEUT,28.6,0.0,3.0,1.6,0.0,,False,9.3,
GESHIP,Other,,,,,-8.23,,,,2026-06-10,,,,,,,,,,,,0.0,,-0.8,0.0,NEUT,,41.7,41.7,41.7,,,21.0,5.0,LARGE,,4.68,-6.9,6.0,,,16.7,9.83,8.57,0.23,-33.0,32.3,,,100.0,0.0,,,-2.0,0.0,5.0,NEUT,21.0,LARGE,NEUT,41.7,0.23,6.0,2.7,0.0,,False,6.9,
GILLETTE,Other,,,,,-3.7,,,,2026-06-10,,,,,,,,,,,,0.0,,-0.8,0.0,NEUT,,100.0,100.0,100.0,,,21.0,5.0,LARGE,,2.58,-5.0,3.0,,,33.3,21.7,5.7,1.9,10.3,55.3,,,0.0,100.0,,,-2.0,0.0,5.0,NEUT,21.0,LARGE,NEUT,100.0,1.9,3.0,1.3,0.0,,False,5.0,
GLAXO,Other,,,,,-7.62,,,,2026-06-10,,,,,,,,,,,,0.0,,2.5,0.0,NEUT,,100.0,100.0,100.0,,,21.0,2.89,LARGE,,1.77,-5.9,2.0,,,0.0,0.0,7.23,0.0,-14.5,36.0,,,0.0,0.0,,,3.0,0.0,5.0,NEUT,21.0,LARGE,NEUT,100.0,0.0,2.0,0.9,0.0,,False,5.9,
GODREJCP,Other,,,,,-4.58,,,,2026-06-10,,,,,,,,,,,,0.0,,2.5,0.0,NEUT,,100.0,100.0,100.0,,,28.0,4.38,MEGA,,2.26,-5.1,3.0,,,100.0,13.19,0.0,39580.46,39.6,60.3,,,100.0,100.0,,,3.0,0.0,5.0,NEUT,28.0,MEGA,NEUT,100.0,39580.46,3.0,0.9,0.0,,False,5.1,
GPIL,Other,,,,,-6.16,,,,2026-06-10,,,,,,,,,,,,0.0,,-0.8,0.0,NEUT,,100.0,100.0,100.0,,,21.0,5.0,LARGE,,3.15,-7.3,3.0,,,33.3,31.24,11.12,1.4,9.0,50.3,,,100.0,0.0,,,-2.0,0.0,5.0,NEUT,21.0,LARGE,NEUT,100.0,1.4,3.0,0.9,0.0,,False,7.3,
GPPL,Other,,,,,0.08,,,,2026-06-10,,,,,,,,,,,,0.0,,-6.5,0.0,NEUT,,86.4,70.0,70.0,,,14.0,3.46,MID,,2.76,-5.0,12.0,,,25.0,10.46,6.38,0.55,-26.0,22.3,,,25.0,25.0,,,-10.0,0.0,0.0,NEUT,14.0,MID,NEUT,70.0,0.55,12.0,6.6,0.0,,False,5.0,
GRANULES,Other,,,,,1.25,,,,2026-06-10,,,,,,,,,,,,0.0,,0.6,0.0,NEUT,,70.0,70.0,70.0,,,21.0,5.0,LARGE,,2.87,-6.6,3.0,,,33.3,20.28,5.51,1.84,9.2,62.3,,,100.0,0.0,,,0.0,0.0,5.0,NEUT,21.0,LARGE,NEUT,70.0,1.84,3.0,2.2,0.0,,False,6.6,
GRINDWELL,Other,,,,,7.49,,,,2026-06-10,,,,,,,,,,,,0.0,,-1.4,0.0,NEUT,,100.0,100.0,100.0,,,21.0,5.0,LARGE,,3.24,-6.9,1.0,,,0.0,0.0,10.17,0.0,-10.2,86.0,,,0.0,0.0,,,-3.0,0.0,5.0,NEUT,21.0,LARGE,NEUT,100.0,0.0,1.0,0.9,0.0,,False,6.9,
GRSE,Other,,,,,-9.14,,,,2026-06-10,,,,,,,,,,,,0.0,,-2.7,0.0,NEUT,,66.7,66.7,66.7,,,21.0,5.0,LARGE,,2.77,-8.6,4.0,,,0.0,0.0,9.92,0.0,-39.7,12.0,,,0.0,0.0,,,-5.0,0.0,5.0,NEUT,21.0,LARGE,NEUT,66.7,0.0,4.0,1.3,0.0,,False,8.6,
HAL,Other,,,,,-1.73,,,,2026-06-10,,,,,,,,,,,,0.0,,-0.8,0.0,NEUT,,90.0,90.0,90.0,,,28.0,5.0,MEGA,,2.12,-7.4,3.0,,,33.3,13.21,9.38,0.7,-5.5,64.7,,,0.0,100.0,,,-2.0,0.0,5.0,NEUT,28.0,MEGA,NEUT,90.0,0.7,3.0,2.3,0.0,,False,7.4,
HARSHA,Other,,,,,-2.08,,,,2026-06-10,,,,,,,,,,,,0.0,,-11.7,0.0,NEUT,,81.8,84.4,84.4,,,14.0,3.73,MID,,3.75,-5.0,13.0,,,53.8,11.87,7.14,1.94,40.3,27.0,,,50.0,60.0,,,-18.0,0.0,0.0,NEUT,14.0,MID,NEUT,84.4,1.94,13.0,7.0,0.0,,False,5.0,
HAVELLS,Other,,,,,-6.8,,,,2026-06-10,,,,,,,,,,,,0.0,,2.5,0.0,NEUT,,71.4,71.4,71.4,,,28.0,5.0,MEGA,,2.31,-4.7,3.0,,,0.0,0.0,5.15,0.0,-15.5,32.0,,,0.0,0.0,,,3.0,0.0,5.0,NEUT,28.0,MEGA,NEUT,71.4,0.0,3.0,1.6,0.0,,False,4.7,
HAWKINCOOK,Other,,,,,7.44,,,,2026-06-10,,,,,,,,,,,,0.0,,-15.6,0.0,NEUT,,0.0,0.0,0.0,,,14.0,0.0,MID,,0.0,-5.0,0.0,,,0.0,0.0,0.0,0.0,0.0,0.0,,,0.0,0.0,,,-24.0,0.0,0.0,NEUT,14.0,MID,NEUT,0.0,0.0,0.0,0.0,0.0,,False,5.0,
HCLTECH,Other,,,,,-4.4,,,,2026-06-10,,,,,,,,,,,,0.0,,0.6,0.0,NEUT,,50.0,50.0,50.0,,,28.0,5.0,MEGA,,2.3,-6.0,2.0,,,0.0,0.0,7.25,0.0,-14.5,30.5,,,0.0,0.0,,,0.0,0.0,5.0,NEUT,28.0,MEGA,NEUT,50.0,0.0,2.0,0.9,0.0,,False,6.0,
HEROMOTOCO,Other,,,,,-4.78,,,,2026-06-10,,,,,,,,,,,,0.0,,-0.8,0.0,NEUT,,50.0,50.0,50.0,,,28.0,5.0,MEGA,,2.31,-6.4,3.0,,,0.0,0.0,6.96,0.0,-20.9,27.7,,,0.0,0.0,,,-2.0,0.0,5.0,NEUT,28.0,MEGA,NEUT,50.0,0.0,3.0,0.9,0.0,,False,6.4,
HEXT,Other,,,,,3.85,,,,2026-06-10,,,,,,,,,,,,0.0,,3.8,0.0,NEUT,,100.0,100.0,100.0,,,21.0,5.0,LARGE,,3.34,-10.0,1.0,,,100.0,25.05,0.0,25048.66,25.0,48.0,,,100.0,0.0,,,5.0,0.0,5.0,NEUT,21.0,LARGE,NEUT,100.0,25048.66,1.0,0.7,0.0,,False,10.0,
HINDCOPPER,Other,,,,,-9.3,,,,2026-06-10,,,,,,,,,,,,0.0,,2.5,0.0,NEUT,,100.0,100.0,100.0,,,21.0,5.0,LARGE,,3.08,-9.5,3.0,,,66.7,39.12,11.43,6.85,66.8,79.0,,,100.0,50.0,,,3.0,0.0,5.0,NEUT,21.0,LARGE,NEUT,100.0,6.85,3.0,0.9,0.0,,False,9.5,
HINDUNILVR,Other,,,,,-5.25,,,,2026-06-10,,,,,,,,,,,,0.0,,-0.8,0.0,NEUT,,50.0,50.0,50.0,,,28.0,4.75,MEGA,,1.98,-5.3,3.0,,,66.7,12.44,6.13,4.06,18.8,68.0,,,50.0,100.0,,,-2.0,0.0,5.0,NEUT,28.0,MEGA,NEUT,50.0,4.06,3.0,0.9,0.0,,False,5.3,
ICICIGI,Other,,,,,1.21,,,,2026-06-10,,,,,,,,,,,,0.0,,0.6,0.0,NEUT,,66.7,66.7,66.7,,,28.0,5.0,MEGA,,2.35,-6.3,1.0,,,100.0,9.17,0.0,9170.59,9.2,240.0,,,0.0,100.0,,,0.0,0.0,5.0,NEUT,28.0,MEGA,NEUT,66.7,9170.59,1.0,1.4,0.0,,False,6.3,
IEX,Other,,,,,-6.69,,,,2026-06-10,,,,,,,,,,,,0.0,,-0.8,0.0,NEUT,,72.7,72.7,72.7,,,21.0,4.14,LARGE,,2.25,-6.6,5.0,,,0.0,0.0,6.7,0.0,-33.5,18.6,,,0.0,0.0,,,-2.0,0.0,5.0,NEUT,21.0,LARGE,NEUT,72.7,0.0,5.0,2.4,0.0,,False,6.6,
IFBIND,Other,,,,,23.09,,,,2026-06-10,,,,,,,,,,,,0.0,,-2.0,0.0,NEUT,,59.1,63.0,63.0,,,14.0,5.0,MID,,5.35,-5.0,20.0,,,20.0,27.27,6.47,1.05,5.5,14.1,,,27.3,11.1,,,-3.0,0.0,0.0,NEUT,14.0,MID,NEUT,63.0,1.05,20.0,11.8,0.0,,False,5.0,
INDHOTEL,Other,,,,,4.85,,,,2026-06-10,,,,,,,,,,,,0.0,,1.9,0.0,NEUT,,100.0,100.0,100.0,,,28.0,5.0,MEGA,,2.24,-4.8,1.0,,,0.0,0.0,4.79,0.0,-4.8,17.0,,,0.0,0.0,,,2.0,0.0,5.0,NEUT,28.0,MEGA,NEUT,100.0,0.0,1.0,0.7,0.0,,False,4.8,
INDIGOPNTS,Other,,,,,-0.97,,,,2026-06-10,,,,,,,,,,,,0.0,,-6.5,0.0,NEUT,,45.5,61.4,61.4,,,14.0,5.0,MID,,3.53,-5.0,21.0,,,19.0,17.31,5.83,0.7,-29.9,15.7,,,15.4,25.0,,,-10.0,0.0,0.0,NEUT,14.0,MID,NEUT,61.4,0.7,21.0,12.5,0.0,,False,5.0,
INFY,Other,,,,,-2.24,,,,2026-06-10,,,,,,,,,,,,0.0,,0.6,0.0,NEUT,,75.0,75.0,75.0,,,28.0,5.0,MEGA,,2.86,-5.5,3.0,,,66.7,16.91,10.88,3.11,22.9,42.7,,,50.0,100.0,,,0.0,0.0,5.0,NEUT,28.0,MEGA,NEUT,75.0,3.11,3.0,0.9,0.0,,False,5.5,
IPCALAB,Other,,,,,6.45,,,,2026-06-10,,,,,,,,,,,,0.0,,-2.7,0.0,NEUT,,100.0,100.0,100.0,,,21.0,5.0,LARGE,,3.37,-7.0,2.0,,,0.0,0.0,7.69,0.0,-15.4,37.0,,,0.0,0.0,,,-5.0,0.0,5.0,NEUT,21.0,LARGE,NEUT,100.0,0.0,2.0,0.9,0.0,,False,7.0,
IRIS,Other,,,,,-8.72,,,,2026-06-10,,,,,,,,,,,,0.0,,-6.5,0.0,NEUT,,77.3,75.0,75.0,,,7.0,5.0,SMALL,,5.95,-5.0,17.0,,,23.5,23.55,7.28,1.0,-0.5,17.4,,,20.0,25.0,,,-10.0,0.0,0.0,NEUT,7.0,SMALL,NEUT,75.0,1.0,17.0,9.5,0.0,,False,5.0,
KAJARIACER,Other,,,,,-1.38,,,,2026-06-10,,,,,,,,,,,,0.0,,0.6,0.0,NEUT,,75.0,75.0,75.0,,,21.0,3.64,LARGE,,2.21,-5.6,4.0,,,75.0,29.17,6.17,14.19,81.3,66.0,,,66.7,100.0,,,0.0,0.0,5.0,NEUT,21.0,LARGE,NEUT,75.0,14.19,4.0,1.8,0.0,,False,5.6,
KIRLPNU,Other,,,,,8.07,,,,2026-06-10,,,,,,,,,,,,0.0,,3.2,0.0,NEUT,,71.4,71.4,71.4,,,21.0,5.0,LARGE,,3.92,-6.5,3.0,,,33.3,59.19,7.97,3.72,43.3,48.7,,,33.3,0.0,,,4.0,0.0,5.0,NEUT,21.0,LARGE,NEUT,71.4,3.72,3.0,1.6,0.0,,False,6.5,
KKCL,Other,,,,,0.39,,,,2026-06-10,,,,,,,,,,,,0.0,,-1.3,0.0,NEUT,,100.0,95.6,95.6,,,7.0,2.38,SMALL,,2.36,-5.0,17.0,,,35.3,9.53,5.96,0.87,-8.4,17.2,,,30.0,42.9,,,-2.0,0.0,0.0,NEUT,7.0,SMALL,NEUT,95.6,0.87,17.0,9.8,0.0,,False,5.0,
KMEW,Other,,,,,-5.36,,,,2026-06-10,,,,,,,,,,,,0.0,,-6.5,0.0,NEUT,,90.9,93.3,93.3,,,14.0,5.0,MID,,5.98,-5.0,12.0,,,8.3,10.18,8.15,0.11,-79.5,16.7,,,0.0,10.0,,,-10.0,0.0,0.0,NEUT,14.0,MID,NEUT,93.3,0.11,12.0,9.1,0.0,,False,5.0,
KPRMILL,Other,,,,,9.83,,,,2026-06-10,,,,,,,,,,,,0.0,,1.9,0.0,NEUT,,100.0,100.0,100.0,,,21.0,5.0,LARGE,,3.86,-10.0,2.0,,,100.0,26.81,0.0,53623.44,53.6,130.5,,,100.0,100.0,,,2.0,0.0,5.0,NEUT,21.0,LARGE,NEUT,100.0,53623.44,2.0,0.9,0.0,,False,10.0,
LICI,Other,,,,,1.24,,,,2026-06-10,,,,,,,,,,,,0.0,,-0.8,0.0,NEUT,,100.0,100.0,100.0,,,28.0,5.0,MEGA,,2.49,-5.3,1.0,,,100.0,11.75,0.0,11749.6,11.7,139.0,,,0.0,100.0,,,-2.0,0.0,5.0,NEUT,28.0,MEGA,NEUT,100.0,11749.6,1.0,0.5,0.0,,False,5.3,
LODHA,Other,,,,,-1.11,,,,2026-06-10,,,,,,,,,,,,0.0,,0.6,0.0,NEUT,,60.0,60.0,60.0,,,28.0,5.0,MEGA,,3.28,-7.5,3.0,,,33.3,26.65,9.48,1.41,7.7,54.7,,,0.0,50.0,,,0.0,0.0,5.0,NEUT,28.0,MEGA,NEUT,60.0,1.41,3.0,1.1,0.0,,False,7.5,
LTM,Other,,,,,-5.06,,,,2026-06-10,,,,,,,,,,,,0.0,,3.8,0.0,NEUT,,100.0,100.0,100.0,,,28.0,5.0,MEGA,,3.1,-5.9,3.0,,,0.0,0.0,8.54,0.0,-25.6,50.3,,,0.0,0.0,,,5.0,0.0,5.0,NEUT,28.0,MEGA,NEUT,100.0,0.0,3.0,1.4,0.0,,False,5.9,
LTTS,Other,,,,,-8.77,,,,2026-06-10,,,,,,,,,,,,0.0,,1.9,0.0,NEUT,,57.1,57.1,57.1,,,21.0,5.0,LARGE,,4.11,-7.3,4.0,,,75.0,17.01,9.61,5.31,41.4,71.5,,,66.7,100.0,,,2.0,0.0,5.0,NEUT,21.0,LARGE,NEUT,57.1,5.31,4.0,3.1,0.0,,False,7.3,
LUPIN,Other,,,,,-1.78,,,,2026-06-10,,,,,,,,,,,,0.0,,0.6,0.0,NEUT,,60.0,60.0,60.0,,,28.0,3.27,MEGA,,1.58,-5.1,3.0,,,66.7,5.99,6.36,1.88,5.6,55.0,,,100.0,50.0,,,0.0,0.0,5.0,NEUT,28.0,MEGA,NEUT,60.0,1.88,3.0,2.3,0.0,,False,5.1,
MAPMYINDIA,Other,,,,,-3.77,,,,2026-06-10,,,,,,,,,,,,0.0,,0.0,0.0,NEUT,,36.4,57.1,57.1,,,14.0,5.0,MID,,4.01,-5.0,21.0,,,33.3,10.34,6.27,0.82,-15.4,15.9,,,15.4,62.5,,,0.0,0.0,0.0,NEUT,14.0,MID,NEUT,57.1,0.82,21.0,13.8,0.0,,False,5.0,
MARKSANS,Other,,,,,24.34,,,,2026-06-10,,,,,,,,,,,,0.0,,1.9,0.0,NEUT,,0.0,0.0,0.0,,,21.0,5.0,LARGE,,5.36,-5.0,0.0,,,0.0,0.0,0.0,0.0,0.0,0.0,,,0.0,0.0,,,2.0,0.0,5.0,NEUT,21.0,LARGE,NEUT,0.0,0.0,0.0,0.0,0.0,,False,5.0,
MASTEK,Other,,,,,0.17,,,,2026-06-10,,,,,,,,,,,,0.0,,-6.5,0.0,NEUT,,86.4,82.6,82.6,,,14.0,5.0,MID,,3.62,-5.0,16.0,,,50.0,11.57,6.97,1.66,36.8,19.4,,,40.0,66.7,,,-10.0,0.0,0.0,NEUT,14.0,MID,NEUT,82.6,1.66,16.0,10.1,0.0,,False,5.0,
MAXHEALTH,Other,,,,,1.01,,,,2026-06-10,,,,,,,,,,,,0.0,,0.6,0.0,NEUT,,100.0,100.0,100.0,,,28.0,5.0,MEGA,,3.09,-7.1,3.0,,,33.3,17.44,8.13,1.07,1.2,54.3,,,0.0,50.0,,,0.0,0.0,5.0,NEUT,28.0,MEGA,NEUT,100.0,1.07,3.0,1.4,0.0,,False,7.1,
MAZDOCK,Other,,,,,-10.9,,,,2026-06-10,,,,,,,,,,,,0.0,,-0.8,0.0,NEUT,,80.0,80.0,80.0,,,28.0,4.62,MEGA,,2.21,-8.2,3.0,,,33.3,14.35,12.7,0.57,-11.0,33.7,,,0.0,50.0,,,-2.0,0.0,5.0,NEUT,28.0,MEGA,NEUT,80.0,0.57,3.0,1.1,0.0,,False,8.2,
MCX,Other,,,,,-4.94,,,,2026-06-10,,,,,,,,,,,,0.0,,-0.8,0.0,NEUT,,20.0,20.0,20.0,,,28.0,5.0,MEGA,,4.36,-8.6,4.0,,,0.0,0.0,9.85,0.0,-39.4,16.5,,,0.0,0.0,,,-2.0,0.0,5.0,NEUT,28.0,MEGA,NEUT,20.0,0.0,4.0,1.1,0.0,,False,8.6,
MEDANTA,Other,,,,,0.23,,,,2026-06-10,,,,,,,,,,,,0.0,,0.6,0.0,NEUT,,72.7,72.7,72.7,,,21.0,5.0,LARGE,,2.74,-5.6,4.0,,,25.0,16.7,7.13,0.78,-4.7,45.0,,,0.0,33.3,,,0.0,0.0,5.0,NEUT,21.0,LARGE,NEUT,72.7,0.78,4.0,2.5,0.0,,False,5.6,
MODIS,Other,,,,,2.86,,,,2026-06-10,,,,,,,,,,,,0.0,,-6.5,0.0,NEUT,,60.0,60.0,60.0,,,7.0,2.19,SMALL,,3.3,-5.0,5.0,,,20.0,11.84,6.69,0.44,-14.9,14.8,,,0.0,33.3,,,-10.0,0.0,0.0,NEUT,7.0,SMALL,NEUT,60.0,0.44,5.0,14.7,0.0,,False,5.0,
MPHASIS,Other,,,,,6.33,,,,2026-06-10,,,,,,,,,,,,0.0,,1.9,0.0,NEUT,,100.0,100.0,100.0,,,21.0,5.0,LARGE,,2.9,-6.6,2.0,,,100.0,14.93,0.0,29859.19,29.9,92.5,,,100.0,100.0,,,2.0,0.0,5.0,NEUT,21.0,LARGE,NEUT,100.0,29859.19,2.0,1.6,0.0,,False,6.6,
MSUMI,Other,,,,,-8.29,,,,2026-06-10,,,,,,,,,,,,0.0,,-2.0,0.0,NEUT,,50.0,50.0,50.0,,,21.0,4.79,LARGE,,2.54,-5.7,5.0,,,20.0,3.11,8.51,0.09,-30.9,19.4,,,50.0,0.0,,,-4.0,0.0,5.0,NEUT,21.0,LARGE,NEUT,50.0,0.09,5.0,1.3,0.0,,False,5.7,
NAM-INDIA,Other,,,,,7.41,,,,2026-06-10,,,,,,,,,,,,0.0,,0.6,0.0,NEUT,,33.3,33.3,33.3,,,28.0,5.0,MEGA,,3.65,-8.6,3.0,,,0.0,0.0,10.12,0.0,-30.4,18.0,,,0.0,0.0,,,0.0,0.0,5.0,NEUT,28.0,MEGA,NEUT,33.3,0.0,3.0,1.4,0.0,,False,8.6,
NESCO,Other,,,,,-13.26,,,,2026-06-10,,,,,,,,,,,,0.0,,5.9,0.0,NEUT,,68.2,71.8,71.8,,,14.0,5.0,MID,,3.77,-5.0,18.0,,,38.9,11.27,5.92,1.21,13.7,20.1,,,37.5,40.0,,,9.0,0.0,0.0,NEUT,14.0,MID,NEUT,71.8,1.21,18.0,8.6,0.0,,False,5.0,
NESTLEIND,Other,,,,,-3.3,,,,2026-06-10,,,,,,,,,,,,0.0,,0.6,0.0,NEUT,,100.0,100.0,100.0,,,28.0,3.54,MEGA,,1.9,-4.0,3.0,,,0.0,0.0,5.01,0.0,-15.0,62.7,,,0.0,0.0,,,0.0,0.0,5.0,NEUT,28.0,MEGA,NEUT,100.0,0.0,3.0,2.0,0.0,,False,4.0,
NEWGEN,Other,,,,,8.23,,,,2026-06-10,,,,,,,,,,,,0.0,,6.5,0.0,NEUT,,40.9,51.3,51.3,,,14.0,5.0,MID,,4.46,-5.0,22.0,,,31.8,19.95,7.62,1.22,25.3,11.5,,,21.4,50.0,,,10.0,0.0,0.0,NEUT,14.0,MID,NEUT,51.3,1.22,22.0,8.6,0.0,,False,5.0,
NMDC,Other,,,,,-0.37,,,,2026-06-10,,,,,,,,,,,,0.0,,0.6,0.0,NEUT,,33.3,33.3,33.3,,,28.0,5.0,MEGA,,3.19,-6.8,2.0,,,0.0,0.0,8.65,0.0,-17.3,64.0,,,0.0,0.0,,,0.0,0.0,5.0,NEUT,28.0,MEGA,NEUT,33.3,0.0,2.0,1.4,0.0,,False,6.8,
OBEROIRLTY,Other,,,,,-3.87,,,,2026-06-10,,,,,,,,,,,,0.0,,0.6,0.0,NEUT,,100.0,100.0,100.0,,,28.0,5.0,MEGA,,2.73,-6.8,2.0,,,50.0,12.08,7.36,1.64,4.7,63.0,,,50.0,0.0,,,0.0,0.0,5.0,NEUT,28.0,MEGA,NEUT,100.0,1.64,2.0,0.7,0.0,,False,6.8,
OFSS,Other,,,,,1.94,,,,2026-06-10,,,,,,,,,,,,0.0,,3.8,0.0,NEUT,,0.0,0.0,0.0,,,28.0,5.0,MEGA,,3.58,-4.3,1.0,,,0.0,0.0,5.51,0.0,-5.5,25.0,,,0.0,0.0,,,5.0,0.0,5.0,NEUT,28.0,MEGA,NEUT,0.0,0.0,1.0,0.5,0.0,,False,4.3,
ONGC,Other,,,,,-13.54,,,,2026-06-10,,,,,,,,,,,,0.0,,4.5,0.0,NEUT,,100.0,100.0,100.0,,,28.0,5.0,MEGA,,2.46,-5.4,4.0,,,25.0,8.59,8.37,0.34,-16.5,46.5,,,50.0,0.0,,,6.0,0.0,5.0,NEUT,28.0,MEGA,NEUT,100.0,0.34,4.0,2.7,0.0,,False,5.4,
ORIENTELEC,Other,,,,,-5.38,,,,2026-06-10,,,,,,,,,,,,0.0,,-3.2,0.0,NEUT,,72.7,76.9,76.9,,,14.0,4.59,MID,,2.98,-5.0,13.0,,,61.5,10.18,6.84,2.38,47.3,29.7,,,37.5,100.0,,,-5.0,0.0,0.0,NEUT,14.0,MID,NEUT,76.9,2.38,13.0,8.6,0.0,,False,5.0,
PARAGMILK,Other,,,,,15.07,,,,2026-06-10,,,,,,,,,,,,0.0,,-9.1,0.0,NEUT,,81.8,79.5,79.5,,,14.0,5.0,MID,,3.61,-5.0,17.0,,,29.4,15.68,6.79,0.96,-3.0,17.2,,,14.3,40.0,,,-14.0,0.0,0.0,NEUT,14.0,MID,NEUT,79.5,0.96,17.0,8.6,0.0,,False,5.0,
PATANJALI,Other,,,,,-7.06,,,,2026-06-10,,,,,,,,,,,,0.0,,1.2,0.0,NEUT,,84.6,84.6,84.6,,,21.0,5.0,LARGE,,2.82,-4.8,4.0,,,50.0,5.05,9.36,0.54,-8.6,40.8,,,33.3,100.0,,,1.0,0.0,5.0,NEUT,21.0,LARGE,NEUT,84.6,0.54,4.0,2.9,0.0,,False,4.8,
PGHL,Other,,,,,18.11,,,,2026-06-10,,,,,,,,,,,,0.0,,-16.4,0.0,NEUT,,66.7,66.7,66.7,,,21.0,5.0,LARGE,,3.7,-5.2,4.0,,,50.0,20.29,6.29,3.23,28.0,43.8,,,50.0,50.0,,,-26.0,0.0,5.0,NEUT,21.0,LARGE,NEUT,66.7,3.23,4.0,1.3,0.0,,False,5.2,
POWERMECH,Other,,,,,3.8,,,,2026-06-10,,,,,,,,,,,,0.0,,-2.0,0.0,NEUT,,72.7,69.6,69.6,,,14.0,5.0,MID,,3.8,-5.0,17.0,,,23.5,17.9,6.56,0.84,-13.7,13.5,,,18.2,33.3,,,-3.0,0.0,0.0,NEUT,14.0,MID,NEUT,69.6,0.84,17.0,10.1,0.0,,False,5.0,
PRICOLLTD,Other,,,,,1.18,,,,2026-06-10,,,,,,,,,,,,0.0,,0.0,0.0,NEUT,,63.6,70.6,70.6,,,14.0,5.0,MID,,2.95,-5.0,17.0,,,41.2,9.51,5.63,1.18,10.2,14.9,,,37.5,44.4,,,0.0,0.0,0.0,NEUT,14.0,MID,NEUT,70.6,1.18,17.0,7.5,0.0,,False,5.0,
PRUDENT,Other,,,,,-2.96,,,,2026-06-10,,,,,,,,,,,,0.0,,-0.8,0.0,NEUT,,100.0,100.0,100.0,,,21.0,5.0,LARGE,,3.1,-7.7,2.0,,,100.0,20.04,0.0,40078.42,40.1,92.5,,,100.0,100.0,,,-2.0,0.0,5.0,NEUT,21.0,LARGE,NEUT,100.0,40078.42,2.0,0.7,0.0,,False,7.7,
QUESS,Other,,,,,17.49,,,,2026-06-10,,,,,,,,,,,,0.0,,-18.9,0.0,NEUT,,72.7,77.6,77.6,,,14.0,5.0,MID,,3.93,-5.0,17.0,,,23.5,28.58,6.19,1.42,33.9,25.4,,,20.0,28.6,,,-29.0,0.0,0.0,NEUT,14.0,MID,NEUT,77.6,1.42,17.0,10.7,0.0,,False,5.0,
RADICO,Other,,,,,0.32,,,,2026-06-10,,,,,,,,,,,,0.0,,0.6,0.0,NEUT,,60.0,60.0,60.0,,,21.0,5.0,LARGE,,2.42,-7.0,5.0,,,40.0,21.27,6.56,2.16,22.9,37.6,,,100.0,25.0,,,0.0,0.0,5.0,NEUT,21.0,LARGE,NEUT,60.0,2.16,5.0,2.2,0.0,,False,7.0,
REDINGTON,Other,,,,,9.9,,,,2026-06-10,,,,,,,,,,,,0.0,,1.9,0.0,NEUT,,50.0,50.0,50.0,,,21.0,5.0,LARGE,,3.65,-7.8,4.0,,,50.0,14.8,9.88,1.5,9.8,49.2,,,50.0,50.0,,,2.0,0.0,5.0,NEUT,21.0,LARGE,NEUT,50.0,1.5,4.0,1.3,0.0,,False,7.8,
ROSSARI,Other,,,,,-0.63,,,,2026-06-10,,,,,,,,,,,,0.0,,-6.5,0.0,NEUT,,77.3,84.6,84.6,,,7.0,4.63,SMALL,,3.63,-5.0,15.0,,,40.0,13.99,6.23,1.5,27.9,24.7,,,20.0,80.0,,,-10.0,0.0,0.0,NEUT,7.0,SMALL,NEUT,84.6,1.5,15.0,8.4,0.0,,False,5.0,
RPGLIFE,Other,,,,,-7.95,,,,2026-06-10,,,,,,,,,,,,0.0,,5.2,0.0,NEUT,,72.7,74.5,74.5,,,14.0,3.89,MID,,3.24,-5.0,23.0,,,39.1,10.09,6.73,0.96,-3.4,13.4,,,44.4,35.7,,,8.0,0.0,0.0,NEUT,14.0,MID,NEUT,74.5,0.96,23.0,11.2,0.0,,False,5.0,
SARDAEN,Other,,,,,-7.96,,,,2026-06-10,,,,,,,,,,,,0.0,,0.6,0.0,NEUT,,100.0,100.0,100.0,,,21.0,5.0,LARGE,,3.29,-7.5,3.0,,,100.0,21.66,0.0,64986.53,65.0,98.0,,,100.0,100.0,,,0.0,0.0,5.0,NEUT,21.0,LARGE,NEUT,100.0,64986.53,3.0,1.6,0.0,,False,7.5,
SAREGAMA,Other,,,,,10.53,,,,2026-06-10,,,,,,,,,,,,0.0,,4.5,0.0,NEUT,,68.2,83.3,83.3,,,14.0,5.0,MID,,4.7,-5.0,14.0,,,42.9,17.61,7.33,1.8,47.0,23.6,,,42.9,42.9,,,7.0,0.0,0.0,NEUT,14.0,MID,NEUT,83.3,1.8,14.0,9.2,0.0,,False,5.0,
SCI,Other,,,,,-12.77,,,,2026-06-10,,,,,,,,,,,,0.0,,-0.8,0.0,NEUT,,100.0,100.0,100.0,,,21.0,5.0,LARGE,,4.24,-10.0,3.0,,,0.0,0.0,12.0,0.0,-36.0,64.3,,,0.0,0.0,,,-2.0,0.0,5.0,NEUT,21.0,LARGE,NEUT,100.0,0.0,3.0,1.1,0.0,,False,10.0,
SEAMECLTD,Other,,,,,-0.27,,,,2026-06-10,,,,,,,,,,,,0.0,,0.0,0.0,NEUT,,59.1,79.2,79.2,,,14.0,5.0,MID,,3.45,-5.0,18.0,,,16.7,12.11,7.2,0.34,-71.7,18.4,,,12.5,20.0,,,0.0,0.0,0.0,NEUT,14.0,MID,NEUT,79.2,0.34,18.0,11.7,0.0,,False,5.0,
SHARDACROP,Other,,,,,-0.55,,,,2026-06-10,,,,,,,,,,,,0.0,,-4.5,0.0,NEUT,,68.2,56.5,56.5,,,14.0,5.0,MID,,3.74,-5.0,17.0,,,17.6,25.29,7.75,0.7,-32.6,14.9,,,40.0,8.3,,,-7.0,0.0,0.0,NEUT,14.0,MID,NEUT,56.5,0.7,17.0,10.1,0.0,,False,5.0,
SHARDAMOTR,Other,,,,,-9.98,,,,2026-06-10,,,,,,,,,,,,0.0,,9.1,0.0,NEUT,,68.2,54.5,54.5,,,14.0,5.0,MID,,3.88,-5.0,15.0,,,33.3,15.67,12.0,0.65,-41.7,17.9,,,22.2,50.0,,,14.0,0.0,0.0,NEUT,14.0,MID,NEUT,54.5,0.65,15.0,9.7,0.0,,False,5.0,
SOMANYCERA,Other,,,,,1.1,,,,2026-06-10,,,,,,,,,,,,0.0,,-2.0,0.0,NEUT,,90.9,84.6,84.6,,,7.0,5.0,SMALL,,5.17,-5.0,17.0,,,23.5,12.67,7.83,0.5,-51.1,21.4,,,16.7,40.0,,,-3.0,0.0,0.0,NEUT,7.0,SMALL,NEUT,84.6,0.5,17.0,11.3,0.0,,False,5.0,
SSWL,Other,,,,,12.8,,,,2026-06-10,,,,,,,,,,,,0.0,,-16.9,0.0,NEUT,,59.1,73.3,73.3,,,14.0,5.0,MID,,4.41,-5.0,17.0,,,29.4,13.51,6.48,0.87,-10.3,17.0,,,25.0,33.3,,,-26.0,0.0,0.0,NEUT,14.0,MID,NEUT,73.3,0.87,17.0,9.9,0.0,,False,5.0,
STYLAMIND,Other,,,,,13.2,,,,2026-06-10,,,,,,,,,,,,0.0,,-5.9,0.0,NEUT,,77.3,73.8,73.8,,,14.0,5.0,MID,,3.47,-5.0,14.0,,,28.6,9.36,8.69,0.43,-49.5,26.1,,,33.3,25.0,,,-9.0,0.0,0.0,NEUT,14.0,MID,NEUT,73.8,0.43,14.0,9.2,0.0,,False,5.0,
SUBROS,Other,,,,,2.21,,,,2026-06-10,,,,,,,,,,,,0.0,,-6.5,0.0,NEUT,,63.6,53.8,53.8,,,14.0,4.74,MID,,2.92,-5.0,19.0,,,36.8,13.57,7.89,1.0,0.3,12.9,,,44.4,30.0,,,-10.0,0.0,0.0,NEUT,14.0,MID,NEUT,53.8,1.0,19.0,8.6,0.0,,False,5.0,
SUNDRMFAST,Other,,,,,-0.91,,,,2026-06-10,,,,,,,,,,,,0.0,,-0.8,0.0,NEUT,,100.0,100.0,100.0,,,21.0,5.0,LARGE,,2.62,-4.6,2.0,,,0.0,0.0,5.74,0.0,-11.5,9.0,,,0.0,0.0,,,-2.0,0.0,5.0,NEUT,21.0,LARGE,NEUT,100.0,0.0,2.0,0.7,0.0,,False,4.6,
SUPRIYA,Other,,,,,32.77,,,,2026-06-10,,,,,,,,,,,,0.0,,-2.0,0.0,NEUT,,77.3,71.1,71.1,,,14.0,5.0,MID,,6.54,-5.0,16.0,,,31.2,12.53,10.39,0.55,-51.6,17.1,,,40.0,27.3,,,-3.0,0.0,0.0,NEUT,14.0,MID,NEUT,71.1,0.55,16.0,8.4,0.0,,False,5.0,
SWARAJENG,Other,,,,,2.44,,,,2026-06-10,,,,,,,,,,,,0.0,,6.5,0.0,NEUT,,90.9,86.4,86.4,,,14.0,2.51,MID,,1.69,-5.0,19.0,,,63.2,11.62,7.26,2.74,88.6,21.2,,,66.7,60.0,,,10.0,0.0,0.0,NEUT,14.0,MID,NEUT,86.4,2.74,19.0,9.7,0.0,,False,5.0,
TCI,Other,,,,,10.03,,,,2026-06-10,,,,,,,,,,,,0.0,,-16.9,0.0,NEUT,,81.8,86.8,86.8,,,14.0,3.45,MID,,2.42,-5.0,12.0,,,25.0,9.31,7.82,0.4,-42.4,27.6,,,16.7,33.3,,,-26.0,0.0,0.0,NEUT,14.0,MID,NEUT,86.8,0.4,12.0,8.4,0.0,,False,5.0,
TCS,Other,,,,,-11.87,,,,2026-06-10,,,,,,,,,,,,0.0,,-28.3,-1.0,BEAR,,66.7,66.7,66.7,,,28.0,5.0,MEGA,,3.17,-3.8,4.0,,,50.0,21.11,4.29,4.92,33.6,48.8,,,33.3,100.0,,,0.0,-94.3,5.0,BEAR,28.0,MEGA,HIT,66.7,4.92,4.0,1.4,1.0,BEAR,False,3.8,
TECHM,Other,,,,,0.7,,,,2026-06-10,,,,,,,,,,,,0.0,,0.6,0.0,NEUT,,100.0,100.0,100.0,,,28.0,5.0,MEGA,,2.95,-5.8,4.0,,,50.0,12.06,6.45,1.87,11.2,29.8,,,66.7,0.0,,,0.0,0.0,5.0,NEUT,28.0,MEGA,NEUT,100.0,1.87,4.0,1.1,0.0,,False,5.8,
TIIL,Other,,,,,-3.21,,,,2026-06-10,,,,,,,,,,,,0.0,,-6.5,0.0,NEUT,,86.4,90.2,90.2,,,14.0,5.0,MID,,3.6,-5.0,19.0,,,36.8,21.45,7.2,1.74,63.7,18.8,,,27.3,50.0,,,-10.0,0.0,0.0,NEUT,14.0,MID,NEUT,90.2,1.74,19.0,9.0,0.0,,False,5.0,
TIMETECHNO,Other,,,,,0.03,,,,2026-06-10,,,,,,,,,,,,0.0,,-6.5,0.0,NEUT,,81.8,80.0,80.0,,,14.0,4.86,MID,,3.12,-5.0,21.0,,,42.9,19.83,6.5,2.29,100.4,16.7,,,40.0,45.5,,,-10.0,0.0,0.0,NEUT,14.0,MID,NEUT,80.0,2.29,21.0,11.0,0.0,,False,5.0,
TIPSMUSIC,Other,,,,,2.12,,,,2026-06-10,,,,,,,,,,,,0.0,,-2.0,0.0,NEUT,,72.7,67.4,67.4,,,14.0,5.0,MID,,4.22,-5.0,18.0,,,44.4,12.36,6.52,1.52,33.7,21.3,,,44.4,44.4,,,-3.0,0.0,0.0,NEUT,14.0,MID,NEUT,67.4,1.52,18.0,10.1,0.0,,False,5.0,
TRENT,Other,,,,,0.3,,,,2026-06-10,,,,,,,,,,,,0.0,,0.6,0.0,NEUT,,0.0,0.0,0.0,,,28.0,5.0,MEGA,,2.77,-6.2,2.0,,,0.0,0.0,7.42,0.0,-14.8,15.0,,,0.0,0.0,,,0.0,0.0,5.0,NEUT,28.0,MEGA,NEUT,0.0,0.0,2.0,0.5,0.0,,False,6.2,
TRITURBINE,Other,,,,,15.66,,,,2026-06-10,,,,,,,,,,,,0.0,,0.6,0.0,NEUT,,87.5,87.5,87.5,,,21.0,5.0,LARGE,,5.08,-7.4,2.0,,,0.0,0.0,7.47,0.0,-14.9,96.0,,,0.0,0.0,,,0.0,0.0,5.0,NEUT,21.0,LARGE,NEUT,87.5,0.0,2.0,1.8,0.0,,False,7.4,
ULTRACEMCO,Other,,,,,-5.83,,,,2026-06-10,,,,,,,,,,,,0.0,,-4.0,0.0,NEUT,,100.0,100.0,100.0,,,28.0,4.33,MEGA,,1.88,-3.7,3.0,,,100.0,11.47,0.0,34403.56,34.4,73.7,,,100.0,100.0,,,-7.0,0.0,5.0,NEUT,28.0,MEGA,NEUT,100.0,34403.56,3.0,1.8,0.0,,False,3.7,
USHAMART,Other,,,,,3.85,,,,2026-06-10,,,,,,,,,,,,0.0,,0.6,0.0,NEUT,,70.0,70.0,70.0,,,21.0,5.0,LARGE,,3.47,-6.9,3.0,,,33.3,26.67,8.76,1.52,9.2,70.3,,,100.0,0.0,,,0.0,0.0,5.0,NEUT,21.0,LARGE,NEUT,70.0,1.52,3.0,2.2,0.0,,False,6.9,
VAIBHAVGBL,Other,,,,,1.19,,,,2026-06-10,,,,,,,,,,,,0.0,,0.0,0.0,NEUT,,90.9,86.0,86.0,,,14.0,5.0,MID,,4.45,-5.0,17.0,,,41.2,16.54,6.72,1.72,48.6,16.3,,,40.0,42.9,,,0.0,0.0,0.0,NEUT,14.0,MID,NEUT,86.0,1.72,17.0,9.5,0.0,,False,5.0,
VBL,Other,,,,,3.12,,,,2026-06-10,,,,,,,,,,,,0.0,,-14.4,0.0,NEUT,,60.0,60.0,60.0,,,28.0,5.0,MEGA,,2.42,-6.8,2.0,,,0.0,0.0,7.47,0.0,-14.9,43.5,,,0.0,0.0,,,-23.0,0.0,5.0,NEUT,28.0,MEGA,NEUT,60.0,0.0,2.0,1.1,0.0,,False,6.8,
VENUSPIPES,Other,,,,,0.94,,,,2026-06-10,,,,,,,,,,,,0.0,,0.0,0.0,NEUT,,68.2,71.7,71.7,,,7.0,4.23,SMALL,,4.56,-5.0,18.0,,,33.3,19.72,5.96,1.65,46.8,20.7,,,25.0,50.0,,,0.0,0.0,0.0,NEUT,7.0,SMALL,NEUT,71.7,1.65,18.0,10.0,0.0,,False,5.0,
VGUARD,Other,,,,,-9.2,,,,2026-06-10,,,,,,,,,,,,0.0,,2.5,0.0,NEUT,,85.7,85.7,85.7,,,21.0,5.0,LARGE,,2.76,-4.6,3.0,,,0.0,0.0,4.72,0.0,-14.2,37.3,,,0.0,0.0,,,3.0,0.0,5.0,NEUT,21.0,LARGE,NEUT,85.7,0.0,3.0,1.6,0.0,,False,4.6,
VISHNU,Other,,,,,-0.9,,,,2026-06-10,,,,,,,,,,,,0.0,,-6.5,0.0,NEUT,,72.7,73.2,73.2,,,14.0,5.0,MID,,4.16,-5.0,14.0,,,42.9,13.42,7.49,1.34,20.6,18.0,,,60.0,33.3,,,-10.0,0.0,0.0,NEUT,14.0,MID,NEUT,73.2,1.34,14.0,9.0,0.0,,False,5.0,
WABAG,Other,,,,,13.82,,,,2026-06-10,,,,,,,,,,,,0.0,,-3.9,0.0,NEUT,,77.3,85.1,85.1,,,14.0,4.57,MID,,3.11,-5.0,18.0,,,38.9,14.45,7.05,1.3,23.6,18.4,,,37.5,40.0,,,-6.0,0.0,0.0,NEUT,14.0,MID,NEUT,85.1,1.3,18.0,10.3,0.0,,False,5.0,
WELCORP,Other,,,,,6.19,,,,2026-06-10,,,,,,,,,,,,0.0,,-1.4,0.0,NEUT,,83.3,83.3,83.3,,,21.0,5.0,LARGE,,3.27,-7.1,4.0,,,50.0,50.95,7.34,6.94,87.2,65.5,,,50.0,50.0,,,-3.0,0.0,5.0,NEUT,21.0,LARGE,NEUT,83.3,6.94,4.0,1.3,0.0,,False,7.1,
ZENSARTECH,Other,,,,,-11.43,,,,2026-06-10,,,,,,,,,,,,0.0,,-0.8,0.0,NEUT,,75.0,75.0,75.0,,,21.0,5.0,LARGE,,3.46,-6.7,2.0,,,50.0,13.88,9.33,1.49,4.5,80.0,,,0.0,100.0,,,-2.0,0.0,5.0,NEUT,21.0,LARGE,NEUT,75.0,1.49,2.0,0.9,0.0,,False,6.7,
ZYDUSLIFE,Other,,,,,23.96,,,,2026-06-10,,,,,,,,,,,,0.0,,-3.4,0.0,NEUT,,50.0,50.0,50.0,,,28.0,5.0,MEGA,,2.23,-4.5,3.0,,,33.3,7.32,4.48,0.82,-1.6,34.3,,,0.0,50.0,,,-6.0,0.0,5.0,NEUT,28.0,MEGA,NEUT,50.0,0.82,3.0,0.9,0.0,,False,4.5,
509525,,,,,,2.06,,,,2026-06-10,,,,,,,,,,,,-0.5,,5.1,0.0,,,,,,,,,,,,,,,,,,,,,,,,,,,,,8.0,0.0,0.0,NEUT,,SMALL,,,,,,,,,,
543787,,,,,,1.96,,,,2026-06-10,,,,,,,,,,,,-0.5,,-11.1,0.0,,,,,,,,,,,,,,,,,,,,,,,,,,,,,-17.0,0.0,0.0,NEUT,,SMALL,,,,,,,,,,
543831,,,,,,0.0,,,,2026-06-10,,,,,,,,,,,,-0.5,,-5.3,0.0,,,,,,,,,,,,,,,,,,,,,,,,,,,,,-8.0,0.0,0.0,NEUT,,SMALL,,,,,,,,,,
ABBOTINDIA,,,,,,1.34,,,,2026-06-10,,,,,,,,,,,,-0.5,,-5.3,0.0,,,,,,,,,,,,,,,,,,,,,,,,,,,,,-8.0,0.0,0.0,NEUT,,SMALL,,,,,,,,,,
ADFFOODS,,,,,,-2.18,,,,2026-06-10,,,,,,,,,,,,-0.5,,1.2,0.0,,,,,,,,,,,,,,,,,,,,,,,,,,,,,2.0,0.0,0.0,NEUT,,SMALL,,,,,,,,,,
ADOR,,,,,,-1.89,,,,2026-06-10,,,,,,,,,,,,-0.5,,1.2,0.0,,,,,,,,,,,,,,,,,,,,,,,,,,,,,2.0,0.0,0.0,NEUT,,SMALL,,,,,,,,,,
ADVENZYMES,,,,,,-0.23,,,,2026-06-10,,,,,,,,,,,,-0.5,,1.2,0.0,,,,,,,,,,,,,,,,,,,,,,,,,,,,,2.0,0.0,0.0,NEUT,,SMALL,,,,,,,,,,
AGI,,,,,,-0.53,,,,2026-06-10,,,,,,,,,,,,-0.5,,-6.6,0.0,,,,,,,,,,,,,,,,,,,,,,,,,,,,,-12.0,3.3,0.0,NEUT,,SMALL,,,,,,,,,,
AIAENG,,,,,,-1.12,,,,2026-06-10,,,,,,,,,,,,-0.5,,5.1,0.0,,,,,,,,,,,,,,,,,,,,,,,,,,,,,8.0,0.0,0.0,NEUT,,SMALL,,,,,,,,,,
ALIVUS,,,,,,-0.35,,,,2026-06-10,,,,,,,,,,,,-0.5,,-5.3,0.0,,,,,,,,,,,,,,,,,,,,,,,,,,,,,-8.0,0.0,0.0,NEUT,,SMALL,,,,,,,,,,
ALKEM,,,,,,-1.05,,,,2026-06-10,,,,,,,,,,,,-0.5,,-5.3,0.0,,,,,,,,,,,,,,,,,,,,,,,,,,,,,-8.0,0.0,0.0,NEUT,,SMALL,,,,,,,,,,
AMRUTANJAN,,,,,,1.42,,,,2026-06-10,,,,,,,,,,,,-0.5,,-7.9,0.0,,,,,,,,,,,,,,,,,,,,,,,,,,,,,-12.0,0.0,0.0,NEUT,,SMALL,,,,,,,,,,
ANANTRAJ,,,,,,-3.96,,,,2026-06-10,,,,,,,,,,,,-0.5,,5.1,0.0,,,,,,,,,,,,,,,,,,,,,,,,,,,,,8.0,0.0,0.0,NEUT,,SMALL,,,,,,,,,,
APLLTD,,,,,,0.78,,,,2026-06-10,,,,,,,,,,,,-0.5,,-5.3,0.0,,,,,,,,,,,,,,,,,,,,,,,,,,,,,-8.0,0.0,0.0,NEUT,,SMALL,,,,,,,,,,
ARE&M,,,,,,-2.48,,,,2026-06-10,,,,,,,,,,,,-0.5,,2.5,0.0,,,,,,,,,,,,,,,,,,,,,,,,,,,,,4.0,0.0,0.0,NEUT,,SMALL,,,,,,,,,,
ARTEMISMED,,,,,,0.04,,,,2026-06-10,,,,,,,,,,,,-0.5,,7.7,0.0,,,,,,,,,,,,,,,,,,,,,,,,,,,,,12.0,0.0,0.0,NEUT,,SMALL,,,,,,,,,,
ASTRAMICRO,,,,,,-2.28,,,,2026-06-10,,,,,,,,,,,,-0.5,,-5.9,0.0,,,,,,,,,,,,,,,,,,,,,,,,,,,,,-9.0,0.0,0.0,NEUT,,SMALL,,,,,,,,,,
AURIONPRO,,,,,,-2.58,,,,2026-06-10,,,,,,,,,,,,-0.5,,2.5,0.0,,,,,,,,,,,,,,,,,,,,,,,,,,,,,4.0,0.0,0.0,NEUT,,SMALL,,,,,,,,,,
AUTOAXLES,,,,,,-0.74,,,,2026-06-10,,,,,,,,,,,,-0.5,,2.5,0.0,,,,,,,,,,,,,,,,,,,,,,,,,,,,,4.0,0.0,0.0,NEUT,,SMALL,,,,,,,,,,
BAJAJCON,,,,,,-3.33,,,,2026-06-10,,,,,,,,,,,,-0.5,,1.2,0.0,,,,,,,,,,,,,,,,,,,,,,,,,,,,,2.0,0.0,0.0,NEUT,,SMALL,,,,,,,,,,
BASF,,,,,,-2.15,,,,2026-06-10,,,,,,,,,,,,-0.5,,2.5,0.0,,,,,,,,,,,,,,,,,,,,,,,,,,,,,4.0,0.0,0.0,NEUT,,SMALL,,,,,,,,,,
BAYERCROP,,,,,,0.61,,,,2026-06-10,,,,,,,,,,,,-0.5,,-5.3,0.0,,,,,,,,,,,,,,,,,,,,,,,,,,,,,-8.0,0.0,0.0,NEUT,,SMALL,,,,,,,,,,
BBTC,,,,,,-0.46,,,,2026-06-10,,,,,,,,,,,,-0.5,,-5.3,0.0,,,,,,,,,,,,,,,,,,,,,,,,,,,,,-8.0,0.0,0.0,NEUT,,SMALL,,,,,,,,,,
BECTORFOOD,,,,,,4.87,,,,2026-06-10,,,,,,,,,,,,-0.5,,-1.4,0.0,,,,,,,,,,,,,,,,,,,,,,,,,,,,,-2.0,0.0,0.0,NEUT,,SMALL,,,,,,,,,,
BEL,,,,,,-0.9,,,,2026-06-10,,,,,,,,,,,,-0.5,,7.1,0.0,,,,,,,,,,,,,,,,,,,,,,,,,,,,,10.0,1.6,0.0,NEUT,,SMALL,,,,,,,,,,
BERGEPAINT,,,,,,2.95,,,,2026-06-10,,,,,,,,,,,,-0.5,,1.2,0.0,,,,,,,,,,,,,,,,,,,,,,,,,,,,,2.0,0.0,0.0,NEUT,,SMALL,,,,,,,,,,
BIKAJI,,,,,,2.65,,,,2026-06-10,,,,,,,,,,,,-0.5,,-2.7,0.0,,,,,,,,,,,,,,,,,,,,,,,,,,,,,-4.0,0.0,0.0,NEUT,,SMALL,,,,,,,,,,
BLISSGVS,,,,,,0.72,,,,2026-06-10,,,,,,,,,,,,-0.5,,1.9,0.0,,,,,,,,,,,,,,,,,,,,,,,,,,,,,3.0,0.0,0.0,NEUT,,SMALL,,,,,,,,,,
BLS,,,,,,-3.94,,,,2026-06-10,,,,,,,,,,,,-0.5,,7.7,0.0,,,,,,,,,,,,,,,,,,,,,,,,,,,,,12.0,0.0,0.0,NEUT,,SMALL,,,,,,,,,,
BLUESTARCO,,,,,,0.69,,,,2026-06-10,,,,,,,,,,,,-0.5,,-5.3,0.0,,,,,,,,,,,,,,,,,,,,,,,,,,,,,-8.0,0.0,0.0,NEUT,,SMALL,,,,,,,,,,
BOSCHLTD,,,,,,-0.08,,,,2026-06-10,,,,,,,,,,,,-0.5,,-2.7,0.0,,,,,,,,,,,,,,,,,,,,,,,,,,,,,-4.0,0.0,0.0,NEUT,,SMALL,,,,,,,,,,
BRITANNIA,,,,,,1.24,,,,2026-06-10,,,,,,,,,,,,-0.5,,-6.0,0.0,,,,,,,,,,,,,,,,,,,,,,,,,,,,,-8.0,-1.7,0.0,NEUT,,SMALL,,,,,,,,,,
BSE,,,,,,-1.67,,,,2026-06-10,,,,,,,,,,,,-0.5,,45.5,1.0,,,,,,,,,,,,,,,,,,,,,,,,,,,,,14.0,91.2,0.0,BULL,,SMALL,,,,,,,,,,
BSOFT,,,,,,-1.19,,,,2026-06-10,,,,,,,,,,,,-0.5,,-1.4,0.0,,,,,,,,,,,,,,,,,,,,,,,,,,,,,-2.0,0.0,0.0,NEUT,,SMALL,,,,,,,,,,
CAMPUS,,,,,,-0.86,,,,2026-06-10,,,,,,,,,,,,-0.5,,-5.3,0.0,,,,,,,,,,,,,,,,,,,,,,,,,,,,,-8.0,0.0,0.0,NEUT,,SMALL,,,,,,,,,,
CAMS,,,,,,-1.15,,,,2026-06-10,,,,,,,,,,,,-0.5,,7.7,0.0,,,,,,,,,,,,,,,,,,,,,,,,,,,,,12.0,0.0,0.0,NEUT,,SMALL,,,,,,,,,,
CAPLIPOINT,,,,,,2.4,,,,2026-06-10,,,,,,,,,,,,-0.5,,-14.4,0.0,,,,,,,,,,,,,,,,,,,,,,,,,,,,,-22.0,0.0,0.0,NEUT,,SMALL,,,,,,,,,,
CARERATING,,,,,,0.25,,,,2026-06-10,,,,,,,,,,,,-0.5,,-5.3,0.0,,,,,,,,,,,,,,,,,,,,,,,,,,,,,-8.0,0.0,0.0,NEUT,,SMALL,,,,,,,,,,
CARYSIL,,,,,,6.08,,,,2026-06-10,,,,,,,,,,,,-0.5,,-11.1,0.0,,,,,,,,,,,,,,,,,,,,,,,,,,,,,-17.0,0.0,0.0,NEUT,,SMALL,,,,,,,,,,
CASTROLIND,,,,,,0.04,,,,2026-06-10,,,,,,,,,,,,-0.5,,-5.3,0.0,,,,,,,,,,,,,,,,,,,,,,,,,,,,,-8.0,0.0,0.0,NEUT,,SMALL,,,,,,,,,,
CEMPRO,,,,,,2.77,,,,2026-06-10,,,,,,,,,,,,-0.5,,-14.4,0.0,,,,,,,,,,,,,,,,,,,,,,,,,,,,,-22.0,0.0,0.0,NEUT,,SMALL,,,,,,,,,,
CIEINDIA,,,,,,-1.17,,,,2026-06-10,,,,,,,,,,,,-0.5,,7.7,0.0,,,,,,,,,,,,,,,,,,,,,,,,,,,,,12.0,0.0,0.0,NEUT,,SMALL,,,,,,,,,,
COLPAL,,,,,,1.63,,,,2026-06-10,,,,,,,,,,,,-0.5,,-5.3,0.0,,,,,,,,,,,,,,,,,,,,,,,,,,,,,-8.0,0.0,0.0,NEUT,,SMALL,,,,,,,,,,
CRISIL,,,,,,3.73,,,,2026-06-10,,,,,,,,,,,,-0.5,,-5.3,0.0,,,,,,,,,,,,,,,,,,,,,,,,,,,,,-8.0,0.0,0.0,NEUT,,SMALL,,,,,,,,,,
CUMMINSIND,,,,,,-0.28,,,,2026-06-10,,,,,,,,,,,,-0.5,,1.2,0.0,,,,,,,,,,,,,,,,,,,,,,,,,,,,,2.0,0.0,0.0,NEUT,,SMALL,,,,,,,,,,
DABUR,,,,,,0.41,,,,2026-06-10,,,,,,,,,,,,-0.5,,15.4,0.0,,,,,,,,,,,,,,,,,,,,,,,,,,,,,-8.0,51.7,0.0,NEUT,,SMALL,,,,,,,,,,
DBCORP,,,,,,-0.91,,,,2026-06-10,,,,,,,,,,,,-0.5,,7.7,0.0,,,,,,,,,,,,,,,,,,,,,,,,,,,,,12.0,0.0,0.0,NEUT,,SMALL,,,,,,,,,,
DHANUKA,,,,,,-2.26,,,,2026-06-10,,,,,,,,,,,,-0.5,,2.5,0.0,,,,,,,,,,,,,,,,,,,,,,,,,,,,,4.0,0.0,0.0,NEUT,,SMALL,,,,,,,,,,
DIXON,,,,,,-1.07,,,,2026-06-10,,,,,,,,,,,,-0.5,,14.1,0.0,,,,,,,,,,,,,,,,,,,,,,,,,,,,,2.0,32.1,0.0,NEUT,,SMALL,,,,,,,,,,
DOLLAR,,,,,,0.91,,,,2026-06-10,,,,,,,,,,,,-0.5,,1.3,0.0,,,,,,,,,,,,,,,,,,,,,,,,,,,,,9.0,-11.3,0.0,NEUT,,SMALL,,,,,,,,,,
ECLERX,,,,,,-3.91,,,,2026-06-10,,,,,,,,,,,,-0.5,,7.7,0.0,,,,,,,,,,,,,,,,,,,,,,,,,,,,,12.0,0.0,0.0,NEUT,,SMALL,,,,,,,,,,
EICHERMOT,,,,,,0.23,,,,2026-06-10,,,,,,,,,,,,-0.5,,5.1,0.0,,,,,,,,,,,,,,,,,,,,,,,,,,,,,8.0,0.0,0.0,NEUT,,SMALL,,,,,,,,,,
ELLEN,,,,,,-0.8,,,,2026-06-10,,,,,,,,,,,,-0.5,,-5.3,0.0,,,,,,,,,,,,,,,,,,,,,,,,,,,,,-8.0,0.0,0.0,NEUT,,SMALL,,,,,,,,,,
EMUDHRA,,,,,,-2.89,,,,2026-06-10,,,,,,,,,,,,-0.5,,-5.3,0.0,,,,,,,,,,,,,,,,,,,,,,,,,,,,,-8.0,0.0,0.0,NEUT,,SMALL,,,,,,,,,,
ENDURANCE,,,,,,-0.62,,,,2026-06-10,,,,,,,,,,,,-0.5,,2.5,0.0,,,,,,,,,,,,,,,,,,,,,,,,,,,,,4.0,0.0,0.0,NEUT,,SMALL,,,,,,,,,,
ESCORTS,,,,,,-1.77,,,,2026-06-10,,,,,,,,,,,,-0.5,,5.8,0.0,,,,,,,,,,,,,,,,,,,,,,,,,,,,,9.0,0.0,0.0,NEUT,,SMALL,,,,,,,,,,
FDC,,,,,,-3.24,,,,2026-06-10,,,,,,,,,,,,-0.5,,1.2,0.0,,,,,,,,,,,,,,,,,,,,,,,,,,,,,2.0,0.0,0.0,NEUT,,SMALL,,,,,,,,,,
FIEMIND,,,,,,-2.6,,,,2026-06-10,,,,,,,,,,,,-0.5,,1.2,0.0,,,,,,,,,,,,,,,,,,,,,,,,,,,,,2.0,0.0,0.0,NEUT,,SMALL,,,,,,,,,,
FINCABLES,,,,,,-3.64,,,,2026-06-10,,,,,,,,,,,,-0.5,,2.5,0.0,,,,,,,,,,,,,,,,,,,,,,,,,,,,,4.0,0.0,0.0,NEUT,,SMALL,,,,,,,,,,
FORCEMOT,,,,,,-1.59,,,,2026-06-10,,,,,,,,,,,,-0.5,,7.7,0.0,,,,,,,,,,,,,,,,,,,,,,,,,,,,,12.0,0.0,0.0,NEUT,,SMALL,,,,,,,,,,
GESHIP,,,,,,-5.16,,,,2026-06-10,,,,,,,,,,,,-0.5,,7.7,0.0,,,,,,,,,,,,,,,,,,,,,,,,,,,,,12.0,0.0,0.0,NEUT,,SMALL,,,,,,,,,,
GILLETTE,,,,,,0.57,,,,2026-06-10,,,,,,,,,,,,-0.5,,-5.3,0.0,,,,,,,,,,,,,,,,,,,,,,,,,,,,,-8.0,0.0,0.0,NEUT,,SMALL,,,,,,,,,,
GLAXO,,,,,,-0.9,,,,2026-06-10,,,,,,,,,,,,-0.5,,5.8,0.0,,,,,,,,,,,,,,,,,,,,,,,,,,,,,9.0,0.0,0.0,NEUT,,SMALL,,,,,,,,,,
GODREJCP,,,,,,1.42,,,,2026-06-10,,,,,,,,,,,,-0.5,,-1.4,0.0,,,,,,,,,,,,,,,,,,,,,,,,,,,,,-2.0,0.0,0.0,NEUT,,SMALL,,,,,,,,,,
GPIL,,,,,,0.78,,,,2026-06-10,,,,,,,,,,,,-0.5,,2.5,0.0,,,,,,,,,,,,,,,,,,,,,,,,,,,,,4.0,0.0,0.0,NEUT,,SMALL,,,,,,,,,,
GPPL,,,,,,-1.44,,,,2026-06-10,,,,,,,,,,,,-0.5,,2.5,0.0,,,,,,,,,,,,,,,,,,,,,,,,,,,,,4.0,0.0,0.0,NEUT,,SMALL,,,,,,,,,,
GRANULES,,,,,,-0.56,,,,2026-06-10,,,,,,,,,,,,-0.5,,1.2,0.0,,,,,,,,,,,,,,,,,,,,,,,,,,,,,2.0,0.0,0.0,NEUT,,SMALL,,,,,,,,,,
GRINDWELL,,,,,,-0.95,,,,2026-06-10,,,,,,,,,,,,-0.5,,1.2,0.0,,,,,,,,,,,,,,,,,,,,,,,,,,,,,2.0,0.0,0.0,NEUT,,SMALL,,,,,,,,,,
GRSE,,,,,,-2.57,,,,2026-06-10,,,,,,,,,,,,-0.5,,2.5,0.0,,,,,,,,,,,,,,,,,,,,,,,,,,,,,4.0,0.0,0.0,NEUT,,SMALL,,,,,,,,,,
HAL,,,,,,-1.05,,,,2026-06-10,,,,,,,,,,,,-0.5,,7.9,0.0,,,,,,,,,,,,,,,,,,,,,,,,,,,,,4.0,13.4,0.0,NEUT,,SMALL,,,,,,,,,,
HARSHA,,,,,,1.28,,,,2026-06-10,,,,,,,,,,,,-0.5,,1.2,0.0,,,,,,,,,,,,,,,,,,,,,,,,,,,,,2.0,0.0,0.0,NEUT,,SMALL,,,,,,,,,,
HAVELLS,,,,,,0.43,,,,2026-06-10,,,,,,,,,,,,-0.5,,2.5,0.0,,,,,,,,,,,,,,,,,,,,,,,,,,,,,4.0,0.0,0.0,NEUT,,SMALL,,,,,,,,,,
HAWKINCOOK,,,,,,-0.43,,,,2026-06-10,,,,,,,,,,,,-0.5,,-11.1,0.0,,,,,,,,,,,,,,,,,,,,,,,,,,,,,-17.0,0.0,0.0,NEUT,,SMALL,,,,,,,,,,
HCLTECH,,,,,,-1.24,,,,2026-06-10,,,,,,,,,,,,-0.5,,6.4,0.0,,,,,,,,,,,,,,,,,,,,,,,,,,,,,10.0,0.0,0.0,NEUT,,SMALL,,,,,,,,,,
HEROMOTOCO,,,,,,0.03,,,,2026-06-10,,,,,,,,,,,,-0.5,,-5.3,0.0,,,,,,,,,,,,,,,,,,,,,,,,,,,,,-8.0,0.0,0.0,NEUT,,SMALL,,,,,,,,,,
HEXT,,,,,,-1.18,,,,2026-06-10,,,,,,,,,,,,-0.5,,1.2,0.0,,,,,,,,,,,,,,,,,,,,,,,,,,,,,2.0,0.0,0.0,NEUT,,SMALL,,,,,,,,,,
HINDCOPPER,,,,,,-1.71,,,,2026-06-10,,,,,,,,,,,,-0.5,,7.7,0.0,,,,,,,,,,,,,,,,,,,,,,,,,,,,,12.0,0.0,0.0,NEUT,,SMALL,,,,,,,,,,
HINDUNILVR,,,,,,1.72,,,,2026-06-10,,,,,,,,,,,,-0.5,,-5.3,0.0,,,,,,,,,,,,,,,,,,,,,,,,,,,,,-8.0,0.0,0.0,NEUT,,SMALL,,,,,,,,,,
ICICIGI,,,,,,-2.56,,,,2026-06-10,,,,,,,,,,,,-0.5,,2.5,0.0,,,,,,,,,,,,,,,,,,,,,,,,,,,,,4.0,0.0,0.0,NEUT,,SMALL,,,,,,,,,,
IEX,,,,,,-1.09,,,,2026-06-10,,,,,,,,,,,,-0.5,,7.7,0.0,,,,,,,,,,,,,,,,,,,,,,,,,,,,,12.0,0.0,0.0,NEUT,,SMALL,,,,,,,,,,
IFBIND,,,,,,-2.67,,,,2026-06-10,,,,,,,,,,,,-0.5,,5.1,0.0,,,,,,,,,,,,,,,,,,,,,,,,,,,,,8.0,0.0,0.0,NEUT,,SMALL,,,,,,,,,,
INDHOTEL,,,,,,-0.13,,,,2026-06-10,,,,,,,,,,,,-0.5,,-2.7,0.0,,,,,,,,,,,,,,,,,,,,,,,,,,,,,-4.0,0.0,0.0,NEUT,,SMALL,,,,,,,,,,
INDIGOPNTS,,,,,,0.24,,,,2026-06-10,,,,,,,,,,,,-0.5,,1.2,0.0,,,,,,,,,,,,,,,,,,,,,,,,,,,,,2.0,0.0,0.0,NEUT,,SMALL,,,,,,,,,,
INFY,,,,,,-0.87,,,,2026-06-10,,,,,,,,,,,,-0.5,,-5.3,0.0,,,,,,,,,,,,,,,,,,,,,,,,,,,,,-8.0,0.0,0.0,NEUT,,SMALL,,,,,,,,,,
IPCALAB,,,,,,-0.23,,,,2026-06-10,,,,,,,,,,,,-0.5,,5.1,0.0,,,,,,,,,,,,,,,,,,,,,,,,,,,,,8.0,0.0,0.0,NEUT,,SMALL,,,,,,,,,,
IRIS,,,,,,-2.02,,,,2026-06-10,,,,,,,,,,,,-0.5,,2.5,0.0,,,,,,,,,,,,,,,,,,,,,,,,,,,,,4.0,0.0,0.0,NEUT,,SMALL,,,,,,,,,,
KAJARIACER,,,,,,-1.2,,,,2026-06-10,,,,,,,,,,,,-0.5,,-5.3,0.0,,,,,,,,,,,,,,,,,,,,,,,,,,,,,-8.0,0.0,0.0,NEUT,,SMALL,,,,,,,,,,
KIRLPNU,,,,,,-1.17,,,,2026-06-10,,,,,,,,,,,,-0.5,,1.2,0.0,,,,,,,,,,,,,,,,,,,,,,,,,,,,,2.0,0.0,0.0,NEUT,,SMALL,,,,,,,,,,
KKCL,,,,,,-0.31,,,,2026-06-10,,,,,,,,,,,,-0.5,,-1.4,0.0,,,,,,,,,,,,,,,,,,,,,,,,,,,,,-2.0,0.0,0.0,NEUT,,SMALL,,,,,,,,,,
KMEW,,,,,,-4.93,,,,2026-06-10,,,,,,,,,,,,-0.5,,-5.3,0.0,,,,,,,,,,,,,,,,,,,,,,,,,,,,,-8.0,0.0,0.0,NEUT,,SMALL,,,,,,,,,,
KPRMILL,,,,,,1.53,,,,2026-06-10,,,,,,,,,,,,-0.5,,-2.7,0.0,,,,,,,,,,,,,,,,,,,,,,,,,,,,,-4.0,0.0,0.0,NEUT,,SMALL,,,,,,,,,,
LICI,,,,,,-1.97,,,,2026-06-10,,,,,,,,,,,,-0.5,,2.5,0.0,,,,,,,,,,,,,,,,,,,,,,,,,,,,,4.0,0.0,0.0,NEUT,,SMALL,,,,,,,,,,
LODHA,,,,,,-2.92,,,,2026-06-10,,,,,,,,,,,,-0.5,,2.5,0.0,,,,,,,,,,,,,,,,,,,,,,,,,,,,,4.0,0.0,0.0,NEUT,,SMALL,,,,,,,,,,
LTM,,,,,,-1.4,,,,2026-06-10,,,,,,,,,,,,-0.5,,-1.4,0.0,,,,,,,,,,,,,,,,,,,,,,,,,,,,,-2.0,0.0,0.0,NEUT,,SMALL,,,,,,,,,,
LTTS,,,,,,-2.62,,,,2026-06-10,,,,,,,,,,,,-0.5,,-5.3,0.0,,,,,,,,,,,,,,,,,,,,,,,,,,,,,-8.0,0.0,0.0,NEUT,,SMALL,,,,,,,,,,
LUPIN,,,,,,-0.75,,,,2026-06-10,,,,,,,,,,,,-0.5,,15.6,0.0,,,,,,,,,,,,,,,,,,,,,,,,,,,,,4.0,32.8,0.0,NEUT,,SMALL,,,,,,,,,,
MAPMYINDIA,,,,,,-1.96,,,,2026-06-10,,,,,,,,,,,,-0.5,,-1.4,0.0,,,,,,,,,,,,,,,,,,,,,,,,,,,,,-2.0,0.0,0.0,NEUT,,SMALL,,,,,,,,,,
MARKSANS,,,,,,-2.31,,,,2026-06-10,,,,,,,,,,,,-0.5,,1.2,0.0,,,,,,,,,,,,,,,,,,,,,,,,,,,,,2.0,0.0,0.0,NEUT,,SMALL,,,,,,,,,,
MASTEK,,,,,,-2.37,,,,2026-06-10,,,,,,,,,,,,-0.5,,2.5,0.0,,,,,,,,,,,,,,,,,,,,,,,,,,,,,4.0,0.0,0.0,NEUT,,SMALL,,,,,,,,,,
MAXHEALTH,,,,,,0.7,,,,2026-06-10,,,,,,,,,,,,-0.5,,-1.4,0.0,,,,,,,,,,,,,,,,,,,,,,,,,,,,,-2.0,0.0,0.0,NEUT,,SMALL,,,,,,,,,,
MAZDOCK,,,,,,-2.78,,,,2026-06-10,,,,,,,,,,,,-0.5,,7.7,0.0,,,,,,,,,,,,,,,,,,,,,,,,,,,,,12.0,0.0,0.0,NEUT,,SMALL,,,,,,,,,,
MCX,,,,,,-2.87,,,,2026-06-10,,,,,,,,,,,,-0.5,,5.8,0.0,,,,,,,,,,,,,,,,,,,,,,,,,,,,,9.0,0.0,0.0,NEUT,,SMALL,,,,,,,,,,
MEDANTA,,,,,,-1.34,,,,2026-06-10,,,,,,,,,,,,-0.5,,1.2,0.0,,,,,,,,,,,,,,,,,,,,,,,,,,,,,2.0,0.0,0.0,NEUT,,SMALL,,,,,,,,,,
MODIS,,,,,,0.01,,,,2026-06-10,,,,,,,,,,,,-0.5,,-5.3,0.0,,,,,,,,,,,,,,,,,,,,,,,,,,,,,-8.0,0.0,0.0,NEUT,,SMALL,,,,,,,,,,
MPHASIS,,,,,,-1.82,,,,2026-06-10,,,,,,,,,,,,-0.5,,5.1,0.0,,,,,,,,,,,,,,,,,,,,,,,,,,,,,8.0,0.0,0.0,NEUT,,SMALL,,,,,,,,,,
MSUMI,,,,,,-2.04,,,,2026-06-10,,,,,,,,,,,,-0.5,,7.7,0.0,,,,,,,,,,,,,,,,,,,,,,,,,,,,,12.0,0.0,0.0,NEUT,,SMALL,,,,,,,,,,
NAM-INDIA,,,,,,-2.15,,,,2026-06-10,,,,,,,,,,,,-0.5,,14.2,0.0,,,,,,,,,,,,,,,,,,,,,,,,,,,,,22.0,0.0,0.0,NEUT,,SMALL,,,,,,,,,,
NESCO,,,,,,0.19,,,,2026-06-10,,,,,,,,,,,,-0.5,,11.0,0.0,,,,,,,,,,,,,,,,,,,,,,,,,,,,,17.0,0.0,0.0,NEUT,,SMALL,,,,,,,,,,
NESTLEIND,,,,,,1.98,,,,2026-06-10,,,,,,,,,,,,-0.5,,-13.1,0.0,,,,,,,,,,,,,,,,,,,,,,,,,,,,,-20.0,0.0,0.0,NEUT,,SMALL,,,,,,,,,,
NEWGEN,,,,,,-3.33,,,,2026-06-10,,,,,,,,,,,,-0.5,,5.1,0.0,,,,,,,,,,,,,,,,,,,,,,,,,,,,,8.0,0.0,0.0,NEUT,,SMALL,,,,,,,,,,
NMDC,,,,,,-1.77,,,,2026-06-10,,,,,,,,,,,,-0.5,,9.0,0.0,,,,,,,,,,,,,,,,,,,,,,,,,,,,,14.0,0.0,0.0,NEUT,,SMALL,,,,,,,,,,
OBEROIRLTY,,,,,,-2.51,,,,2026-06-10,,,,,,,,,,,,-0.5,,2.5,0.0,,,,,,,,,,,,,,,,,,,,,,,,,,,,,4.0,0.0,0.0,NEUT,,SMALL,,,,,,,,,,
OFSS,,,,,,-1.76,,,,2026-06-10,,,,,,,,,,,,-0.5,,1.2,0.0,,,,,,,,,,,,,,,,,,,,,,,,,,,,,2.0,0.0,0.0,NEUT,,SMALL,,,,,,,,,,
ONGC,,,,,,-2.74,,,,2026-06-10,,,,,,,,,,,,-0.5,,14.2,0.0,,,,,,,,,,,,,,,,,,,,,,,,,,,,,22.0,0.0,0.0,NEUT,,SMALL,,,,,,,,,,
ORIENTELEC,,,,,,-1.75,,,,2026-06-10,,,,,,,,,,,,-0.5,,7.7,0.0,,,,,,,,,,,,,,,,,,,,,,,,,,,,,12.0,0.0,0.0,NEUT,,SMALL,,,,,,,,,,
PARAGMILK,,,,,,-2.33,,,,2026-06-10,,,,,,,,,,,,-0.5,,-2.7,0.0,,,,,,,,,,,,,,,,,,,,,,,,,,,,,-4.0,0.0,0.0,NEUT,,SMALL,,,,,,,,,,
PATANJALI,,,,,,-0.58,,,,2026-06-10,,,,,,,,,,,,-0.5,,12.3,0.0,,,,,,,,,,,,,,,,,,,,,,,,,,,,,17.0,3.3,0.0,NEUT,,SMALL,,,,,,,,,,
PGHL,,,,,,0.36,,,,2026-06-10,,,,,,,,,,,,-0.5,,-5.9,0.0,,,,,,,,,,,,,,,,,,,,,,,,,,,,,-9.0,0.0,0.0,NEUT,,SMALL,,,,,,,,,,
POWERMECH,,,,,,-0.28,,,,2026-06-10,,,,,,,,,,,,-0.5,,1.2,0.0,,,,,,,,,,,,,,,,,,,,,,,,,,,,,2.0,0.0,0.0,NEUT,,SMALL,,,,,,,,,,
PRICOLLTD,,,,,,-0.29,,,,2026-06-10,,,,,,,,,,,,-0.5,,2.5,0.0,,,,,,,,,,,,,,,,,,,,,,,,,,,,,4.0,0.0,0.0,NEUT,,SMALL,,,,,,,,,,
PRUDENT,,,,,,2.29,,,,2026-06-10,,,,,,,,,,,,-0.5,,4.3,0.0,,,,,,,,,,,,,,,,,,,,,,,,,,,,,-8.0,24.0,0.0,NEUT,,SMALL,,,,,,,,,,
QUESS,,,,,,0.4,,,,2026-06-10,,,,,,,,,,,,-0.5,,-11.1,0.0,,,,,,,,,,,,,,,,,,,,,,,,,,,,,-17.0,0.0,0.0,NEUT,,SMALL,,,,,,,,,,
RADICO,,,,,,-0.67,,,,2026-06-10,,,,,,,,,,,,-0.5,,1.2,0.0,,,,,,,,,,,,,,,,,,,,,,,,,,,,,2.0,0.0,0.0,NEUT,,SMALL,,,,,,,,,,
REDINGTON,,,,,,-4.39,,,,2026-06-10,,,,,,,,,,,,-0.5,,-2.2,0.0,,,,,,,,,,,,,,,,,,,,,,,,,,,,,8.0,-18.2,0.0,NEUT,,SMALL,,,,,,,,,,
ROSSARI,,,,,,-1.01,,,,2026-06-10,,,,,,,,,,,,-0.5,,1.2,0.0,,,,,,,,,,,,,,,,,,,,,,,,,,,,,2.0,0.0,0.0,NEUT,,SMALL,,,,,,,,,,
RPGLIFE,,,,,,-0.42,,,,2026-06-10,,,,,,,,,,,,-0.5,,2.5,0.0,,,,,,,,,,,,,,,,,,,,,,,,,,,,,4.0,0.0,0.0,NEUT,,SMALL,,,,,,,,,,
SARDAEN,,,,,,-1.62,,,,2026-06-10,,,,,,,,,,,,-0.5,,-1.4,0.0,,,,,,,,,,,,,,,,,,,,,,,,,,,,,-2.0,0.0,0.0,NEUT,,SMALL,,,,,,,,,,
SAREGAMA,,,,,,-2.5,,,,2026-06-10,,,,,,,,,,,,-0.5,,5.1,0.0,,,,,,,,,,,,,,,,,,,,,,,,,,,,,8.0,0.0,0.0,NEUT,,SMALL,,,,,,,,,,
SCI,,,,,,-3.25,,,,2026-06-10,,,,,,,,,,,,-0.5,,19.1,0.0,,,,,,,,,,,,,,,,,,,,,,,,,,,,,4.0,41.5,0.0,NEUT,,SMALL,,,,,,,,,,
SEAMECLTD,,,,,,-1.74,,,,2026-06-10,,,,,,,,,,,,-0.5,,1.2,0.0,,,,,,,,,,,,,,,,,,,,,,,,,,,,,2.0,0.0,0.0,NEUT,,SMALL,,,,,,,,,,
SHARDACROP,,,,,,1.98,,,,2026-06-10,,,,,,,,,,,,-0.5,,-1.4,0.0,,,,,,,,,,,,,,,,,,,,,,,,,,,,,-2.0,0.0,0.0,NEUT,,SMALL,,,,,,,,,,
SHARDAMOTR,,,,,,-1.63,,,,2026-06-10,,,,,,,,,,,,-0.5,,11.0,0.0,,,,,,,,,,,,,,,,,,,,,,,,,,,,,17.0,0.0,0.0,NEUT,,SMALL,,,,,,,,,,
SOMANYCERA,,,,,,0.55,,,,2026-06-10,,,,,,,,,,,,-0.5,,1.2,0.0,,,,,,,,,,,,,,,,,,,,,,,,,,,,,2.0,0.0,0.0,NEUT,,SMALL,,,,,,,,,,
SSWL,,,,,,-3.2,,,,2026-06-10,,,,,,,,,,,,-0.5,,-2.7,0.0,,,,,,,,,,,,,,,,,,,,,,,,,,,,,-4.0,0.0,0.0,NEUT,,SMALL,,,,,,,,,,
STYLAMIND,,,,,,0.43,,,,2026-06-10,,,,,,,,,,,,-0.5,,-9.2,0.0,,,,,,,,,,,,,,,,,,,,,,,,,,,,,-14.0,0.0,0.0,NEUT,,SMALL,,,,,,,,,,
SUBROS,,,,,,-2.76,,,,2026-06-10,,,,,,,,,,,,-0.5,,2.5,0.0,,,,,,,,,,,,,,,,,,,,,,,,,,,,,4.0,0.0,0.0,NEUT,,SMALL,,,,,,,,,,
SUNDRMFAST,,,,,,0.58,,,,2026-06-10,,,,,,,,,,,,-0.5,,-5.3,0.0,,,,,,,,,,,,,,,,,,,,,,,,,,,,,-8.0,0.0,0.0,NEUT,,SMALL,,,,,,,,,,
SUPRIYA,,,,,,-1.09,,,,2026-06-10,,,,,,,,,,,,-0.5,,5.1,0.0,,,,,,,,,,,,,,,,,,,,,,,,,,,,,8.0,0.0,0.0,NEUT,,SMALL,,,,,,,,,,
SWARAJENG,,,,,,-0.06,,,,2026-06-10,,,,,,,,,,,,-0.5,,-1.4,0.0,,,,,,,,,,,,,,,,,,,,,,,,,,,,,-2.0,0.0,0.0,NEUT,,SMALL,,,,,,,,,,
TCI,,,,,,-3.06,,,,2026-06-10,,,,,,,,,,,,-0.5,,-2.7,0.0,,,,,,,,,,,,,,,,,,,,,,,,,,,,,-4.0,0.0,0.0,NEUT,,SMALL,,,,,,,,,,
TCS,,,,,,0.13,,,,2026-06-10,,,,,,,,,,,,-0.5,,-0.0,0.0,,,,,,,,,,,,,,,,,,,,,,,,,,,,,4.0,-6.4,0.0,NEUT,,SMALL,,,,,,,,,,
TECHM,,,,,,-0.33,,,,2026-06-10,,,,,,,,,,,,-0.5,,5.1,0.0,,,,,,,,,,,,,,,,,,,,,,,,,,,,,8.0,0.0,0.0,NEUT,,SMALL,,,,,,,,,,
TIIL,,,,,,-0.84,,,,2026-06-10,,,,,,,,,,,,-0.5,,-5.3,0.0,,,,,,,,,,,,,,,,,,,,,,,,,,,,,-8.0,0.0,0.0,NEUT,,SMALL,,,,,,,,,,
TIMETECHNO,,,,,,-1.94,,,,2026-06-10,,,,,,,,,,,,-0.5,,2.5,0.0,,,,,,,,,,,,,,,,,,,,,,,,,,,,,4.0,0.0,0.0,NEUT,,SMALL,,,,,,,,,,
TIPSMUSIC,,,,,,-4.54,,,,2026-06-10,,,,,,,,,,,,-0.5,,9.0,0.0,,,,,,,,,,,,,,,,,,,,,,,,,,,,,14.0,0.0,0.0,NEUT,,SMALL,,,,,,,,,,
TRENT,,,,,,-0.6,,,,2026-06-10,,,,,,,,,,,,-0.5,,-5.3,0.0,,,,,,,,,,,,,,,,,,,,,,,,,,,,,-8.0,0.0,0.0,NEUT,,SMALL,,,,,,,,,,
TRITURBINE,,,,,,-3.14,,,,2026-06-10,,,,,,,,,,,,-0.5,,1.2,0.0,,,,,,,,,,,,,,,,,,,,,,,,,,,,,2.0,0.0,0.0,NEUT,,SMALL,,,,,,,,,,
ULTRACEMCO,,,,,,-0.41,,,,2026-06-10,,,,,,,,,,,,-0.5,,5.8,0.0,,,,,,,,,,,,,,,,,,,,,,,,,,,,,9.0,0.0,0.0,NEUT,,SMALL,,,,,,,,,,
USHAMART,,,,,,-3.1,,,,2026-06-10,,,,,,,,,,,,-0.5,,1.2,0.0,,,,,,,,,,,,,,,,,,,,,,,,,,,,,2.0,0.0,0.0,NEUT,,SMALL,,,,,,,,,,
VAIBHAVGBL,,,,,,-2.1,,,,2026-06-10,,,,,,,,,,,,-0.5,,1.2,0.0,,,,,,,,,,,,,,,,,,,,,,,,,,,,,2.0,0.0,0.0,NEUT,,SMALL,,,,,,,,,,
VBL,,,,,,-0.66,,,,2026-06-10,,,,,,,,,,,,-0.5,,1.2,0.0,,,,,,,,,,,,,,,,,,,,,,,,,,,,,2.0,0.0,0.0,NEUT,,SMALL,,,,,,,,,,
VENUSPIPES,,,,,,-2.6,,,,2026-06-10,,,,,,,,,,,,-0.5,,1.2,0.0,,,,,,,,,,,,,,,,,,,,,,,,,,,,,2.0,0.0,0.0,NEUT,,SMALL,,,,,,,,,,
VGUARD,,,,,,-1.39,,,,2026-06-10,,,,,,,,,,,,-0.5,,2.5,0.0,,,,,,,,,,,,,,,,,,,,,,,,,,,,,4.0,0.0,0.0,NEUT,,SMALL,,,,,,,,,,
VISHNU,,,,,,-2.36,,,,2026-06-10,,,,,,,,,,,,-0.5,,9.0,0.0,,,,,,,,,,,,,,,,,,,,,,,,,,,,,14.0,0.0,0.0,NEUT,,SMALL,,,,,,,,,,
WABAG,,,,,,-2.29,,,,2026-06-10,,,,,,,,,,,,-0.5,,5.1,0.0,,,,,,,,,,,,,,,,,,,,,,,,,,,,,8.0,0.0,0.0,NEUT,,SMALL,,,,,,,,,,
WELCORP,,,,,,-2.92,,,,2026-06-10,,,,,,,,,,,,-0.5,,1.2,0.0,,,,,,,,,,,,,,,,,,,,,,,,,,,,,2.0,0.0,0.0,NEUT,,SMALL,,,,,,,,,,
ZENSARTECH,,,,,,-1.49,,,,2026-06-10,,,,,,,,,,,,-0.5,,11.0,0.0,,,,,,,,,,,,,,,,,,,,,,,,,,,,,17.0,0.0,0.0,NEUT,,SMALL,,,,,,,,,,
ZYDUSLIFE,,,,,,-0.66,,,,2026-06-10,,,,,,,,,,,,-0.5,,-9.8,0.0,,,,,,,,,,,,,,,,,,,,,,,,,,,,,-15.0,0.0,0.0,NEUT,,SMALL,,,,,,,,,,
509525,,,,,,2.06,,,,2026-06-10,,,,,,,,,,,,-0.5,,5.1,0.0,,,,,,,,,,,,,,,,,,,,,,,,,,,,,8.0,0.0,0.0,NEUT,,SMALL,,,,,,,,,,
543787,,,,,,1.96,,,,2026-06-10,,,,,,,,,,,,-0.5,,-11.1,0.0,,,,,,,,,,,,,,,,,,,,,,,,,,,,,-17.0,0.0,0.0,NEUT,,SMALL,,,,,,,,,,
543831,,,,,,0.0,,,,2026-06-10,,,,,,,,,,,,-0.5,,-5.3,0.0,,,,,,,,,,,,,,,,,,,,,,,,,,,,,-8.0,0.0,0.0,NEUT,,SMALL,,,,,,,,,,
ABBOTINDIA,,,,,,1.34,,,,2026-06-10,,,,,,,,,,,,-0.5,,-5.3,0.0,,,,,,,,,,,,,,,,,,,,,,,,,,,,,-8.0,0.0,0.0,NEUT,,SMALL,,,,,,,,,,
ADFFOODS,,,,,,-2.18,,,,2026-06-10,,,,,,,,,,,,-0.5,,1.2,0.0,,,,,,,,,,,,,,,,,,,,,,,,,,,,,2.0,0.0,0.0,NEUT,,SMALL,,,,,,,,,,
ADOR,,,,,,-1.89,,,,2026-06-10,,,,,,,,,,,,-0.5,,1.2,0.0,,,,,,,,,,,,,,,,,,,,,,,,,,,,,2.0,0.0,0.0,NEUT,,SMALL,,,,,,,,,,
ADVENZYMES,,,,,,-0.23,,,,2026-06-10,,,,,,,,,,,,-0.5,,1.2,0.0,,,,,,,,,,,,,,,,,,,,,,,,,,,,,2.0,0.0,0.0,NEUT,,SMALL,,,,,,,,,,
AGI,,,,,,-0.53,,,,2026-06-10,,,,,,,,,,,,-0.5,,-6.6,0.0,,,,,,,,,,,,,,,,,,,,,,,,,,,,,-12.0,3.3,0.0,NEUT,,SMALL,,,,,,,,,,
AIAENG,,,,,,-1.12,,,,2026-06-10,,,,,,,,,,,,-0.5,,5.1,0.0,,,,,,,,,,,,,,,,,,,,,,,,,,,,,8.0,0.0,0.0,NEUT,,SMALL,,,,,,,,,,
ALIVUS,,,,,,-0.35,,,,2026-06-10,,,,,,,,,,,,-0.5,,-5.3,0.0,,,,,,,,,,,,,,,,,,,,,,,,,,,,,-8.0,0.0,0.0,NEUT,,SMALL,,,,,,,,,,
ALKEM,,,,,,-1.05,,,,2026-06-10,,,,,,,,,,,,-0.5,,-5.3,0.0,,,,,,,,,,,,,,,,,,,,,,,,,,,,,-8.0,0.0,0.0,NEUT,,SMALL,,,,,,,,,,
AMRUTANJAN,,,,,,1.42,,,,2026-06-10,,,,,,,,,,,,-0.5,,-7.9,0.0,,,,,,,,,,,,,,,,,,,,,,,,,,,,,-12.0,0.0,0.0,NEUT,,SMALL,,,,,,,,,,
ANANTRAJ,,,,,,-3.96,,,,2026-06-10,,,,,,,,,,,,-0.5,,5.1,0.0,,,,,,,,,,,,,,,,,,,,,,,,,,,,,8.0,0.0,0.0,NEUT,,SMALL,,,,,,,,,,
APLLTD,,,,,,0.78,,,,2026-06-10,,,,,,,,,,,,-0.5,,-5.3,0.0,,,,,,,,,,,,,,,,,,,,,,,,,,,,,-8.0,0.0,0.0,NEUT,,SMALL,,,,,,,,,,
ARE&M,,,,,,-2.48,,,,2026-06-10,,,,,,,,,,,,-0.5,,2.5,0.0,,,,,,,,,,,,,,,,,,,,,,,,,,,,,4.0,0.0,0.0,NEUT,,SMALL,,,,,,,,,,
ARTEMISMED,,,,,,0.04,,,,2026-06-10,,,,,,,,,,,,-0.5,,7.7,0.0,,,,,,,,,,,,,,,,,,,,,,,,,,,,,12.0,0.0,0.0,NEUT,,SMALL,,,,,,,,,,
ASTRAMICRO,,,,,,-2.28,,,,2026-06-10,,,,,,,,,,,,-0.5,,-5.9,0.0,,,,,,,,,,,,,,,,,,,,,,,,,,,,,-9.0,0.0,0.0,NEUT,,SMALL,,,,,,,,,,
AURIONPRO,,,,,,-2.58,,,,2026-06-10,,,,,,,,,,,,-0.5,,2.5,0.0,,,,,,,,,,,,,,,,,,,,,,,,,,,,,4.0,0.0,0.0,NEUT,,SMALL,,,,,,,,,,
AUTOAXLES,,,,,,-0.74,,,,2026-06-10,,,,,,,,,,,,-0.5,,2.5,0.0,,,,,,,,,,,,,,,,,,,,,,,,,,,,,4.0,0.0,0.0,NEUT,,SMALL,,,,,,,,,,
BAJAJCON,,,,,,-3.33,,,,2026-06-10,,,,,,,,,,,,-0.5,,1.2,0.0,,,,,,,,,,,,,,,,,,,,,,,,,,,,,2.0,0.0,0.0,NEUT,,SMALL,,,,,,,,,,
BASF,,,,,,-2.15,,,,2026-06-10,,,,,,,,,,,,-0.5,,2.5,0.0,,,,,,,,,,,,,,,,,,,,,,,,,,,,,4.0,0.0,0.0,NEUT,,SMALL,,,,,,,,,,
BAYERCROP,,,,,,0.61,,,,2026-06-10,,,,,,,,,,,,-0.5,,-5.3,0.0,,,,,,,,,,,,,,,,,,,,,,,,,,,,,-8.0,0.0,0.0,NEUT,,SMALL,,,,,,,,,,
BBTC,,,,,,-0.46,,,,2026-06-10,,,,,,,,,,,,-0.5,,-5.3,0.0,,,,,,,,,,,,,,,,,,,,,,,,,,,,,-8.0,0.0,0.0,NEUT,,SMALL,,,,,,,,,,
BECTORFOOD,,,,,,4.87,,,,2026-06-10,,,,,,,,,,,,-0.5,,-1.4,0.0,,,,,,,,,,,,,,,,,,,,,,,,,,,,,-2.0,0.0,0.0,NEUT,,SMALL,,,,,,,,,,
BEL,,,,,,-0.9,,,,2026-06-10,,,,,,,,,,,,-0.5,,7.1,0.0,,,,,,,,,,,,,,,,,,,,,,,,,,,,,10.0,1.6,0.0,NEUT,,SMALL,,,,,,,,,,
BERGEPAINT,,,,,,2.95,,,,2026-06-10,,,,,,,,,,,,-0.5,,1.2,0.0,,,,,,,,,,,,,,,,,,,,,,,,,,,,,2.0,0.0,0.0,NEUT,,SMALL,,,,,,,,,,
BIKAJI,,,,,,2.65,,,,2026-06-10,,,,,,,,,,,,-0.5,,-2.7,0.0,,,,,,,,,,,,,,,,,,,,,,,,,,,,,-4.0,0.0,0.0,NEUT,,SMALL,,,,,,,,,,
BLISSGVS,,,,,,0.72,,,,2026-06-10,,,,,,,,,,,,-0.5,,1.9,0.0,,,,,,,,,,,,,,,,,,,,,,,,,,,,,3.0,0.0,0.0,NEUT,,SMALL,,,,,,,,,,
BLS,,,,,,-3.94,,,,2026-06-10,,,,,,,,,,,,-0.5,,7.7,0.0,,,,,,,,,,,,,,,,,,,,,,,,,,,,,12.0,0.0,0.0,NEUT,,SMALL,,,,,,,,,,
BLUESTARCO,,,,,,0.69,,,,2026-06-10,,,,,,,,,,,,-0.5,,-5.3,0.0,,,,,,,,,,,,,,,,,,,,,,,,,,,,,-8.0,0.0,0.0,NEUT,,SMALL,,,,,,,,,,
BOSCHLTD,,,,,,-0.08,,,,2026-06-10,,,,,,,,,,,,-0.5,,-2.7,0.0,,,,,,,,,,,,,,,,,,,,,,,,,,,,,-4.0,0.0,0.0,NEUT,,SMALL,,,,,,,,,,
BRITANNIA,,,,,,1.24,,,,2026-06-10,,,,,,,,,,,,-0.5,,-6.0,0.0,,,,,,,,,,,,,,,,,,,,,,,,,,,,,-8.0,-1.7,0.0,NEUT,,SMALL,,,,,,,,,,
BSE,,,,,,-1.67,,,,2026-06-10,,,,,,,,,,,,-0.5,,45.5,1.0,,,,,,,,,,,,,,,,,,,,,,,,,,,,,14.0,91.2,0.0,BULL,,SMALL,,,,,,,,,,
BSOFT,,,,,,-1.19,,,,2026-06-10,,,,,,,,,,,,-0.5,,-1.4,0.0,,,,,,,,,,,,,,,,,,,,,,,,,,,,,-2.0,0.0,0.0,NEUT,,SMALL,,,,,,,,,,
CAMPUS,,,,,,-0.86,,,,2026-06-10,,,,,,,,,,,,-0.5,,-5.3,0.0,,,,,,,,,,,,,,,,,,,,,,,,,,,,,-8.0,0.0,0.0,NEUT,,SMALL,,,,,,,,,,
CAMS,,,,,,-1.15,,,,2026-06-10,,,,,,,,,,,,-0.5,,7.7,0.0,,,,,,,,,,,,,,,,,,,,,,,,,,,,,12.0,0.0,0.0,NEUT,,SMALL,,,,,,,,,,
CAPLIPOINT,,,,,,2.4,,,,2026-06-10,,,,,,,,,,,,-0.5,,-14.4,0.0,,,,,,,,,,,,,,,,,,,,,,,,,,,,,-22.0,0.0,0.0,NEUT,,SMALL,,,,,,,,,,
CARERATING,,,,,,0.25,,,,2026-06-10,,,,,,,,,,,,-0.5,,-5.3,0.0,,,,,,,,,,,,,,,,,,,,,,,,,,,,,-8.0,0.0,0.0,NEUT,,SMALL,,,,,,,,,,
CARYSIL,,,,,,6.08,,,,2026-06-10,,,,,,,,,,,,-0.5,,-11.1,0.0,,,,,,,,,,,,,,,,,,,,,,,,,,,,,-17.0,0.0,0.0,NEUT,,SMALL,,,,,,,,,,
CASTROLIND,,,,,,0.04,,,,2026-06-10,,,,,,,,,,,,-0.5,,-5.3,0.0,,,,,,,,,,,,,,,,,,,,,,,,,,,,,-8.0,0.0,0.0,NEUT,,SMALL,,,,,,,,,,
CEMPRO,,,,,,2.77,,,,2026-06-10,,,,,,,,,,,,-0.5,,-14.4,0.0,,,,,,,,,,,,,,,,,,,,,,,,,,,,,-22.0,0.0,0.0,NEUT,,SMALL,,,,,,,,,,
CIEINDIA,,,,,,-1.17,,,,2026-06-10,,,,,,,,,,,,-0.5,,7.7,0.0,,,,,,,,,,,,,,,,,,,,,,,,,,,,,12.0,0.0,0.0,NEUT,,SMALL,,,,,,,,,,
COLPAL,,,,,,1.63,,,,2026-06-10,,,,,,,,,,,,-0.5,,-5.3,0.0,,,,,,,,,,,,,,,,,,,,,,,,,,,,,-8.0,0.0,0.0,NEUT,,SMALL,,,,,,,,,,
CRISIL,,,,,,3.73,,,,2026-06-10,,,,,,,,,,,,-0.5,,-5.3,0.0,,,,,,,,,,,,,,,,,,,,,,,,,,,,,-8.0,0.0,0.0,NEUT,,SMALL,,,,,,,,,,
CUMMINSIND,,,,,,-0.28,,,,2026-06-10,,,,,,,,,,,,-0.5,,1.2,0.0,,,,,,,,,,,,,,,,,,,,,,,,,,,,,2.0,0.0,0.0,NEUT,,SMALL,,,,,,,,,,
DABUR,,,,,,0.41,,,,2026-06-10,,,,,,,,,,,,-0.5,,15.4,0.0,,,,,,,,,,,,,,,,,,,,,,,,,,,,,-8.0,51.7,0.0,NEUT,,SMALL,,,,,,,,,,
DBCORP,,,,,,-0.91,,,,2026-06-10,,,,,,,,,,,,-0.5,,7.7,0.0,,,,,,,,,,,,,,,,,,,,,,,,,,,,,12.0,0.0,0.0,NEUT,,SMALL,,,,,,,,,,
DHANUKA,,,,,,-2.26,,,,2026-06-10,,,,,,,,,,,,-0.5,,2.5,0.0,,,,,,,,,,,,,,,,,,,,,,,,,,,,,4.0,0.0,0.0,NEUT,,SMALL,,,,,,,,,,
DIXON,,,,,,-1.07,,,,2026-06-10,,,,,,,,,,,,-0.5,,14.1,0.0,,,,,,,,,,,,,,,,,,,,,,,,,,,,,2.0,32.1,0.0,NEUT,,SMALL,,,,,,,,,,
DOLLAR,,,,,,0.91,,,,2026-06-10,,,,,,,,,,,,-0.5,,1.3,0.0,,,,,,,,,,,,,,,,,,,,,,,,,,,,,9.0,-11.3,0.0,NEUT,,SMALL,,,,,,,,,,
ECLERX,,,,,,-3.91,,,,2026-06-10,,,,,,,,,,,,-0.5,,7.7,0.0,,,,,,,,,,,,,,,,,,,,,,,,,,,,,12.0,0.0,0.0,NEUT,,SMALL,,,,,,,,,,
EICHERMOT,,,,,,0.23,,,,2026-06-10,,,,,,,,,,,,-0.5,,5.1,0.0,,,,,,,,,,,,,,,,,,,,,,,,,,,,,8.0,0.0,0.0,NEUT,,SMALL,,,,,,,,,,
ELLEN,,,,,,-0.8,,,,2026-06-10,,,,,,,,,,,,-0.5,,-5.3,0.0,,,,,,,,,,,,,,,,,,,,,,,,,,,,,-8.0,0.0,0.0,NEUT,,SMALL,,,,,,,,,,
EMUDHRA,,,,,,-2.89,,,,2026-06-10,,,,,,,,,,,,-0.5,,-5.3,0.0,,,,,,,,,,,,,,,,,,,,,,,,,,,,,-8.0,0.0,0.0,NEUT,,SMALL,,,,,,,,,,
ENDURANCE,,,,,,-0.62,,,,2026-06-10,,,,,,,,,,,,-0.5,,2.5,0.0,,,,,,,,,,,,,,,,,,,,,,,,,,,,,4.0,0.0,0.0,NEUT,,SMALL,,,,,,,,,,
ESCORTS,,,,,,-1.77,,,,2026-06-10,,,,,,,,,,,,-0.5,,5.8,0.0,,,,,,,,,,,,,,,,,,,,,,,,,,,,,9.0,0.0,0.0,NEUT,,SMALL,,,,,,,,,,
FDC,,,,,,-3.24,,,,2026-06-10,,,,,,,,,,,,-0.5,,1.2,0.0,,,,,,,,,,,,,,,,,,,,,,,,,,,,,2.0,0.0,0.0,NEUT,,SMALL,,,,,,,,,,
FIEMIND,,,,,,-2.6,,,,2026-06-10,,,,,,,,,,,,-0.5,,1.2,0.0,,,,,,,,,,,,,,,,,,,,,,,,,,,,,2.0,0.0,0.0,NEUT,,SMALL,,,,,,,,,,
FINCABLES,,,,,,-3.64,,,,2026-06-10,,,,,,,,,,,,-0.5,,2.5,0.0,,,,,,,,,,,,,,,,,,,,,,,,,,,,,4.0,0.0,0.0,NEUT,,SMALL,,,,,,,,,,
FORCEMOT,,,,,,-1.59,,,,2026-06-10,,,,,,,,,,,,-0.5,,7.7,0.0,,,,,,,,,,,,,,,,,,,,,,,,,,,,,12.0,0.0,0.0,NEUT,,SMALL,,,,,,,,,,
GESHIP,,,,,,-5.16,,,,2026-06-10,,,,,,,,,,,,-0.5,,7.7,0.0,,,,,,,,,,,,,,,,,,,,,,,,,,,,,12.0,0.0,0.0,NEUT,,SMALL,,,,,,,,,,
GILLETTE,,,,,,0.57,,,,2026-06-10,,,,,,,,,,,,-0.5,,-5.3,0.0,,,,,,,,,,,,,,,,,,,,,,,,,,,,,-8.0,0.0,0.0,NEUT,,SMALL,,,,,,,,,,
GLAXO,,,,,,-0.9,,,,2026-06-10,,,,,,,,,,,,-0.5,,5.8,0.0,,,,,,,,,,,,,,,,,,,,,,,,,,,,,9.0,0.0,0.0,NEUT,,SMALL,,,,,,,,,,
GODREJCP,,,,,,1.42,,,,2026-06-10,,,,,,,,,,,,-0.5,,-1.4,0.0,,,,,,,,,,,,,,,,,,,,,,,,,,,,,-2.0,0.0,0.0,NEUT,,SMALL,,,,,,,,,,
GPIL,,,,,,0.78,,,,2026-06-10,,,,,,,,,,,,-0.5,,2.5,0.0,,,,,,,,,,,,,,,,,,,,,,,,,,,,,4.0,0.0,0.0,NEUT,,SMALL,,,,,,,,,,
GPPL,,,,,,-1.44,,,,2026-06-10,,,,,,,,,,,,-0.5,,2.5,0.0,,,,,,,,,,,,,,,,,,,,,,,,,,,,,4.0,0.0,0.0,NEUT,,SMALL,,,,,,,,,,
GRANULES,,,,,,-0.56,,,,2026-06-10,,,,,,,,,,,,-0.5,,1.2,0.0,,,,,,,,,,,,,,,,,,,,,,,,,,,,,2.0,0.0,0.0,NEUT,,SMALL,,,,,,,,,,
GRINDWELL,,,,,,-0.95,,,,2026-06-10,,,,,,,,,,,,-0.5,,1.2,0.0,,,,,,,,,,,,,,,,,,,,,,,,,,,,,2.0,0.0,0.0,NEUT,,SMALL,,,,,,,,,,
GRSE,,,,,,-2.57,,,,2026-06-10,,,,,,,,,,,,-0.5,,2.5,0.0,,,,,,,,,,,,,,,,,,,,,,,,,,,,,4.0,0.0,0.0,NEUT,,SMALL,,,,,,,,,,
HAL,,,,,,-1.05,,,,2026-06-10,,,,,,,,,,,,-0.5,,7.3,0.0,,,,,,,,,,,,,,,,,,,,,,,,,,,,,4.0,12.0,0.0,NEUT,,SMALL,,,,,,,,,,
HARSHA,,,,,,1.28,,,,2026-06-10,,,,,,,,,,,,-0.5,,1.2,0.0,,,,,,,,,,,,,,,,,,,,,,,,,,,,,2.0,0.0,0.0,NEUT,,SMALL,,,,,,,,,,
HAVELLS,,,,,,0.43,,,,2026-06-10,,,,,,,,,,,,-0.5,,2.5,0.0,,,,,,,,,,,,,,,,,,,,,,,,,,,,,4.0,0.0,0.0,NEUT,,SMALL,,,,,,,,,,
HAWKINCOOK,,,,,,-0.43,,,,2026-06-10,,,,,,,,,,,,-0.5,,-11.1,0.0,,,,,,,,,,,,,,,,,,,,,,,,,,,,,-17.0,0.0,0.0,NEUT,,SMALL,,,,,,,,,,
HCLTECH,,,,,,-1.24,,,,2026-06-10,,,,,,,,,,,,-0.5,,6.4,0.0,,,,,,,,,,,,,,,,,,,,,,,,,,,,,10.0,0.0,0.0,NEUT,,SMALL,,,,,,,,,,
HEROMOTOCO,,,,,,0.03,,,,2026-06-10,,,,,,,,,,,,-0.5,,-5.3,0.0,,,,,,,,,,,,,,,,,,,,,,,,,,,,,-8.0,0.0,0.0,NEUT,,SMALL,,,,,,,,,,
HEXT,,,,,,-1.18,,,,2026-06-10,,,,,,,,,,,,-0.5,,1.2,0.0,,,,,,,,,,,,,,,,,,,,,,,,,,,,,2.0,0.0,0.0,NEUT,,SMALL,,,,,,,,,,
HINDCOPPER,,,,,,-1.71,,,,2026-06-10,,,,,,,,,,,,-0.5,,7.7,0.0,,,,,,,,,,,,,,,,,,,,,,,,,,,,,12.0,0.0,0.0,NEUT,,SMALL,,,,,,,,,,
HINDUNILVR,,,,,,1.72,,,,2026-06-10,,,,,,,,,,,,-0.5,,-5.3,0.0,,,,,,,,,,,,,,,,,,,,,,,,,,,,,-8.0,0.0,0.0,NEUT,,SMALL,,,,,,,,,,
ICICIGI,,,,,,-2.56,,,,2026-06-10,,,,,,,,,,,,-0.5,,2.5,0.0,,,,,,,,,,,,,,,,,,,,,,,,,,,,,4.0,0.0,0.0,NEUT,,SMALL,,,,,,,,,,
IEX,,,,,,-1.09,,,,2026-06-10,,,,,,,,,,,,-0.5,,7.7,0.0,,,,,,,,,,,,,,,,,,,,,,,,,,,,,12.0,0.0,0.0,NEUT,,SMALL,,,,,,,,,,
IFBIND,,,,,,-2.67,,,,2026-06-10,,,,,,,,,,,,-0.5,,5.1,0.0,,,,,,,,,,,,,,,,,,,,,,,,,,,,,8.0,0.0,0.0,NEUT,,SMALL,,,,,,,,,,
INDHOTEL,,,,,,-0.13,,,,2026-06-10,,,,,,,,,,,,-0.5,,-2.7,0.0,,,,,,,,,,,,,,,,,,,,,,,,,,,,,-4.0,0.0,0.0,NEUT,,SMALL,,,,,,,,,,
INDIGOPNTS,,,,,,0.24,,,,2026-06-10,,,,,,,,,,,,-0.5,,1.2,0.0,,,,,,,,,,,,,,,,,,,,,,,,,,,,,2.0,0.0,0.0,NEUT,,SMALL,,,,,,,,,,
INFY,,,,,,-0.87,,,,2026-06-10,,,,,,,,,,,,-0.5,,-5.3,0.0,,,,,,,,,,,,,,,,,,,,,,,,,,,,,-8.0,0.0,0.0,NEUT,,SMALL,,,,,,,,,,
IPCALAB,,,,,,-0.23,,,,2026-06-10,,,,,,,,,,,,-0.5,,5.1,0.0,,,,,,,,,,,,,,,,,,,,,,,,,,,,,8.0,0.0,0.0,NEUT,,SMALL,,,,,,,,,,
IRIS,,,,,,-2.02,,,,2026-06-10,,,,,,,,,,,,-0.5,,2.5,0.0,,,,,,,,,,,,,,,,,,,,,,,,,,,,,4.0,0.0,0.0,NEUT,,SMALL,,,,,,,,,,
KAJARIACER,,,,,,-1.2,,,,2026-06-10,,,,,,,,,,,,-0.5,,-5.3,0.0,,,,,,,,,,,,,,,,,,,,,,,,,,,,,-8.0,0.0,0.0,NEUT,,SMALL,,,,,,,,,,
KIRLPNU,,,,,,-1.17,,,,2026-06-10,,,,,,,,,,,,-0.5,,1.2,0.0,,,,,,,,,,,,,,,,,,,,,,,,,,,,,2.0,0.0,0.0,NEUT,,SMALL,,,,,,,,,,
KKCL,,,,,,-0.31,,,,2026-06-10,,,,,,,,,,,,-0.5,,-1.4,0.0,,,,,,,,,,,,,,,,,,,,,,,,,,,,,-2.0,0.0,0.0,NEUT,,SMALL,,,,,,,,,,
KMEW,,,,,,-4.93,,,,2026-06-10,,,,,,,,,,,,-0.5,,-5.3,0.0,,,,,,,,,,,,,,,,,,,,,,,,,,,,,-8.0,0.0,0.0,NEUT,,SMALL,,,,,,,,,,
KPRMILL,,,,,,1.53,,,,2026-06-10,,,,,,,,,,,,-0.5,,-2.7,0.0,,,,,,,,,,,,,,,,,,,,,,,,,,,,,-4.0,0.0,0.0,NEUT,,SMALL,,,,,,,,,,
LICI,,,,,,-1.97,,,,2026-06-10,,,,,,,,,,,,-0.5,,2.5,0.0,,,,,,,,,,,,,,,,,,,,,,,,,,,,,4.0,0.0,0.0,NEUT,,SMALL,,,,,,,,,,
LODHA,,,,,,-2.92,,,,2026-06-10,,,,,,,,,,,,-0.5,,2.5,0.0,,,,,,,,,,,,,,,,,,,,,,,,,,,,,4.0,0.0,0.0,NEUT,,SMALL,,,,,,,,,,
LTM,,,,,,-1.4,,,,2026-06-10,,,,,,,,,,,,-0.5,,-1.4,0.0,,,,,,,,,,,,,,,,,,,,,,,,,,,,,-2.0,0.0,0.0,NEUT,,SMALL,,,,,,,,,,
LTTS,,,,,,-2.62,,,,2026-06-10,,,,,,,,,,,,-0.5,,-5.3,0.0,,,,,,,,,,,,,,,,,,,,,,,,,,,,,-8.0,0.0,0.0,NEUT,,SMALL,,,,,,,,,,
LUPIN,,,,,,-0.75,,,,2026-06-10,,,,,,,,,,,,-0.5,,15.6,0.0,,,,,,,,,,,,,,,,,,,,,,,,,,,,,4.0,32.8,0.0,NEUT,,SMALL,,,,,,,,,,
MAPMYINDIA,,,,,,-1.96,,,,2026-06-10,,,,,,,,,,,,-0.5,,-1.4,0.0,,,,,,,,,,,,,,,,,,,,,,,,,,,,,-2.0,0.0,0.0,NEUT,,SMALL,,,,,,,,,,
MARKSANS,,,,,,-2.31,,,,2026-06-10,,,,,,,,,,,,-0.5,,1.2,0.0,,,,,,,,,,,,,,,,,,,,,,,,,,,,,2.0,0.0,0.0,NEUT,,SMALL,,,,,,,,,,
MASTEK,,,,,,-2.37,,,,2026-06-10,,,,,,,,,,,,-0.5,,2.5,0.0,,,,,,,,,,,,,,,,,,,,,,,,,,,,,4.0,0.0,0.0,NEUT,,SMALL,,,,,,,,,,
MAXHEALTH,,,,,,0.7,,,,2026-06-10,,,,,,,,,,,,-0.5,,-1.4,0.0,,,,,,,,,,,,,,,,,,,,,,,,,,,,,-2.0,0.0,0.0,NEUT,,SMALL,,,,,,,,,,
MAZDOCK,,,,,,-2.78,,,,2026-06-10,,,,,,,,,,,,-0.5,,7.7,0.0,,,,,,,,,,,,,,,,,,,,,,,,,,,,,12.0,0.0,0.0,NEUT,,SMALL,,,,,,,,,,
MCX,,,,,,-2.87,,,,2026-06-10,,,,,,,,,,,,-0.5,,5.8,0.0,,,,,,,,,,,,,,,,,,,,,,,,,,,,,9.0,0.0,0.0,NEUT,,SMALL,,,,,,,,,,
MEDANTA,,,,,,-1.34,,,,2026-06-10,,,,,,,,,,,,-0.5,,1.2,0.0,,,,,,,,,,,,,,,,,,,,,,,,,,,,,2.0,0.0,0.0,NEUT,,SMALL,,,,,,,,,,
MODIS,,,,,,0.01,,,,2026-06-10,,,,,,,,,,,,-0.5,,-5.3,0.0,,,,,,,,,,,,,,,,,,,,,,,,,,,,,-8.0,0.0,0.0,NEUT,,SMALL,,,,,,,,,,
MPHASIS,,,,,,-1.82,,,,2026-06-10,,,,,,,,,,,,-0.5,,5.1,0.0,,,,,,,,,,,,,,,,,,,,,,,,,,,,,8.0,0.0,0.0,NEUT,,SMALL,,,,,,,,,,
MSUMI,,,,,,-2.04,,,,2026-06-10,,,,,,,,,,,,-0.5,,7.7,0.0,,,,,,,,,,,,,,,,,,,,,,,,,,,,,12.0,0.0,0.0,NEUT,,SMALL,,,,,,,,,,
NAM-INDIA,,,,,,-2.15,,,,2026-06-10,,,,,,,,,,,,-0.5,,14.2,0.0,,,,,,,,,,,,,,,,,,,,,,,,,,,,,22.0,0.0,0.0,NEUT,,SMALL,,,,,,,,,,
NESCO,,,,,,0.19,,,,2026-06-10,,,,,,,,,,,,-0.5,,11.0,0.0,,,,,,,,,,,,,,,,,,,,,,,,,,,,,17.0,0.0,0.0,NEUT,,SMALL,,,,,,,,,,
NESTLEIND,,,,,,1.98,,,,2026-06-10,,,,,,,,,,,,-0.5,,-13.1,0.0,,,,,,,,,,,,,,,,,,,,,,,,,,,,,-20.0,0.0,0.0,NEUT,,SMALL,,,,,,,,,,
NEWGEN,,,,,,-3.33,,,,2026-06-10,,,,,,,,,,,,-0.5,,5.1,0.0,,,,,,,,,,,,,,,,,,,,,,,,,,,,,8.0,0.0,0.0,NEUT,,SMALL,,,,,,,,,,
NMDC,,,,,,-1.77,,,,2026-06-10,,,,,,,,,,,,-0.5,,9.0,0.0,,,,,,,,,,,,,,,,,,,,,,,,,,,,,14.0,0.0,0.0,NEUT,,SMALL,,,,,,,,,,
OBEROIRLTY,,,,,,-2.51,,,,2026-06-10,,,,,,,,,,,,-0.5,,2.5,0.0,,,,,,,,,,,,,,,,,,,,,,,,,,,,,4.0,0.0,0.0,NEUT,,SMALL,,,,,,,,,,
OFSS,,,,,,-1.76,,,,2026-06-10,,,,,,,,,,,,-0.5,,1.2,0.0,,,,,,,,,,,,,,,,,,,,,,,,,,,,,2.0,0.0,0.0,NEUT,,SMALL,,,,,,,,,,
ONGC,,,,,,-2.74,,,,2026-06-10,,,,,,,,,,,,-0.5,,14.2,0.0,,,,,,,,,,,,,,,,,,,,,,,,,,,,,22.0,0.0,0.0,NEUT,,SMALL,,,,,,,,,,
ORIENTELEC,,,,,,-1.75,,,,2026-06-10,,,,,,,,,,,,-0.5,,7.7,0.0,,,,,,,,,,,,,,,,,,,,,,,,,,,,,12.0,0.0,0.0,NEUT,,SMALL,,,,,,,,,,
PARAGMILK,,,,,,-2.33,,,,2026-06-10,,,,,,,,,,,,-0.5,,-2.7,0.0,,,,,,,,,,,,,,,,,,,,,,,,,,,,,-4.0,0.0,0.0,NEUT,,SMALL,,,,,,,,,,
PATANJALI,,,,,,-0.58,,,,2026-06-10,,,,,,,,,,,,-0.5,,12.3,0.0,,,,,,,,,,,,,,,,,,,,,,,,,,,,,17.0,3.3,0.0,NEUT,,SMALL,,,,,,,,,,
PGHL,,,,,,0.36,,,,2026-06-10,,,,,,,,,,,,-0.5,,-5.9,0.0,,,,,,,,,,,,,,,,,,,,,,,,,,,,,-9.0,0.0,0.0,NEUT,,SMALL,,,,,,,,,,
POWERMECH,,,,,,-0.28,,,,2026-06-10,,,,,,,,,,,,-0.5,,1.2,0.0,,,,,,,,,,,,,,,,,,,,,,,,,,,,,2.0,0.0,0.0,NEUT,,SMALL,,,,,,,,,,
PRICOLLTD,,,,,,-0.29,,,,2026-06-10,,,,,,,,,,,,-0.5,,2.5,0.0,,,,,,,,,,,,,,,,,,,,,,,,,,,,,4.0,0.0,0.0,NEUT,,SMALL,,,,,,,,,,
PRUDENT,,,,,,2.29,,,,2026-06-10,,,,,,,,,,,,-0.5,,4.3,0.0,,,,,,,,,,,,,,,,,,,,,,,,,,,,,-8.0,24.0,0.0,NEUT,,SMALL,,,,,,,,,,
QUESS,,,,,,0.4,,,,2026-06-10,,,,,,,,,,,,-0.5,,-11.1,0.0,,,,,,,,,,,,,,,,,,,,,,,,,,,,,-17.0,0.0,0.0,NEUT,,SMALL,,,,,,,,,,
RADICO,,,,,,-0.67,,,,2026-06-10,,,,,,,,,,,,-0.5,,1.2,0.0,,,,,,,,,,,,,,,,,,,,,,,,,,,,,2.0,0.0,0.0,NEUT,,SMALL,,,,,,,,,,
REDINGTON,,,,,,-4.39,,,,2026-06-10,,,,,,,,,,,,-0.5,,-2.2,0.0,,,,,,,,,,,,,,,,,,,,,,,,,,,,,8.0,-18.2,0.0,NEUT,,SMALL,,,,,,,,,,
ROSSARI,,,,,,-1.01,,,,2026-06-10,,,,,,,,,,,,-0.5,,1.2,0.0,,,,,,,,,,,,,,,,,,,,,,,,,,,,,2.0,0.0,0.0,NEUT,,SMALL,,,,,,,,,,
RPGLIFE,,,,,,-0.42,,,,2026-06-10,,,,,,,,,,,,-0.5,,2.5,0.0,,,,,,,,,,,,,,,,,,,,,,,,,,,,,4.0,0.0,0.0,NEUT,,SMALL,,,,,,,,,,
SARDAEN,,,,,,-1.62,,,,2026-06-10,,,,,,,,,,,,-0.5,,-1.4,0.0,,,,,,,,,,,,,,,,,,,,,,,,,,,,,-2.0,0.0,0.0,NEUT,,SMALL,,,,,,,,,,
SAREGAMA,,,,,,-2.5,,,,2026-06-10,,,,,,,,,,,,-0.5,,5.1,0.0,,,,,,,,,,,,,,,,,,,,,,,,,,,,,8.0,0.0,0.0,NEUT,,SMALL,,,,,,,,,,
SCI,,,,,,-3.25,,,,2026-06-10,,,,,,,,,,,,-0.5,,19.1,0.0,,,,,,,,,,,,,,,,,,,,,,,,,,,,,4.0,41.5,0.0,NEUT,,SMALL,,,,,,,,,,
SEAMECLTD,,,,,,-1.74,,,,2026-06-10,,,,,,,,,,,,-0.5,,1.2,0.0,,,,,,,,,,,,,,,,,,,,,,,,,,,,,2.0,0.0,0.0,NEUT,,SMALL,,,,,,,,,,
SHARDACROP,,,,,,1.98,,,,2026-06-10,,,,,,,,,,,,-0.5,,-1.4,0.0,,,,,,,,,,,,,,,,,,,,,,,,,,,,,-2.0,0.0,0.0,NEUT,,SMALL,,,,,,,,,,
SHARDAMOTR,,,,,,-1.63,,,,2026-06-10,,,,,,,,,,,,-0.5,,11.0,0.0,,,,,,,,,,,,,,,,,,,,,,,,,,,,,17.0,0.0,0.0,NEUT,,SMALL,,,,,,,,,,
SOMANYCERA,,,,,,0.55,,,,2026-06-10,,,,,,,,,,,,-0.5,,1.2,0.0,,,,,,,,,,,,,,,,,,,,,,,,,,,,,2.0,0.0,0.0,NEUT,,SMALL,,,,,,,,,,
SSWL,,,,,,-3.2,,,,2026-06-10,,,,,,,,,,,,-0.5,,-2.7,0.0,,,,,,,,,,,,,,,,,,,,,,,,,,,,,-4.0,0.0,0.0,NEUT,,SMALL,,,,,,,,,,
STYLAMIND,,,,,,0.43,,,,2026-06-10,,,,,,,,,,,,-0.5,,-9.2,0.0,,,,,,,,,,,,,,,,,,,,,,,,,,,,,-14.0,0.0,0.0,NEUT,,SMALL,,,,,,,,,,
SUBROS,,,,,,-2.76,,,,2026-06-10,,,,,,,,,,,,-0.5,,2.5,0.0,,,,,,,,,,,,,,,,,,,,,,,,,,,,,4.0,0.0,0.0,NEUT,,SMALL,,,,,,,,,,
SUNDRMFAST,,,,,,0.58,,,,2026-06-10,,,,,,,,,,,,-0.5,,-5.3,0.0,,,,,,,,,,,,,,,,,,,,,,,,,,,,,-8.0,0.0,0.0,NEUT,,SMALL,,,,,,,,,,
SUPRIYA,,,,,,-1.09,,,,2026-06-10,,,,,,,,,,,,-0.5,,5.1,0.0,,,,,,,,,,,,,,,,,,,,,,,,,,,,,8.0,0.0,0.0,NEUT,,SMALL,,,,,,,,,,
SWARAJENG,,,,,,-0.06,,,,2026-06-10,,,,,,,,,,,,-0.5,,-1.4,0.0,,,,,,,,,,,,,,,,,,,,,,,,,,,,,-2.0,0.0,0.0,NEUT,,SMALL,,,,,,,,,,
TCI,,,,,,-3.06,,,,2026-06-10,,,,,,,,,,,,-0.5,,-2.7,0.0,,,,,,,,,,,,,,,,,,,,,,,,,,,,,-4.0,0.0,0.0,NEUT,,SMALL,,,,,,,,,,
TCS,,,,,,0.13,,,,2026-06-10,,,,,,,,,,,,-0.5,,-0.0,0.0,,,,,,,,,,,,,,,,,,,,,,,,,,,,,4.0,-6.4,0.0,NEUT,,SMALL,,,,,,,,,,
TECHM,,,,,,-0.33,,,,2026-06-10,,,,,,,,,,,,-0.5,,5.1,0.0,,,,,,,,,,,,,,,,,,,,,,,,,,,,,8.0,0.0,0.0,NEUT,,SMALL,,,,,,,,,,
TIIL,,,,,,-0.84,,,,2026-06-10,,,,,,,,,,,,-0.5,,-5.3,0.0,,,,,,,,,,,,,,,,,,,,,,,,,,,,,-8.0,0.0,0.0,NEUT,,SMALL,,,,,,,,,,
TIMETECHNO,,,,,,-1.94,,,,2026-06-10,,,,,,,,,,,,-0.5,,2.5,0.0,,,,,,,,,,,,,,,,,,,,,,,,,,,,,4.0,0.0,0.0,NEUT,,SMALL,,,,,,,,,,
TIPSMUSIC,,,,,,-4.54,,,,2026-06-10,,,,,,,,,,,,-0.5,,9.0,0.0,,,,,,,,,,,,,,,,,,,,,,,,,,,,,14.0,0.0,0.0,NEUT,,SMALL,,,,,,,,,,
TRENT,,,,,,-0.6,,,,2026-06-10,,,,,,,,,,,,-0.5,,-5.3,0.0,,,,,,,,,,,,,,,,,,,,,,,,,,,,,-8.0,0.0,0.0,NEUT,,SMALL,,,,,,,,,,
TRITURBINE,,,,,,-3.14,,,,2026-06-10,,,,,,,,,,,,-0.5,,1.2,0.0,,,,,,,,,,,,,,,,,,,,,,,,,,,,,2.0,0.0,0.0,NEUT,,SMALL,,,,,,,,,,
ULTRACEMCO,,,,,,-0.41,,,,2026-06-10,,,,,,,,,,,,-0.5,,5.8,0.0,,,,,,,,,,,,,,,,,,,,,,,,,,,,,9.0,0.0,0.0,NEUT,,SMALL,,,,,,,,,,
USHAMART,,,,,,-3.1,,,,2026-06-10,,,,,,,,,,,,-0.5,,1.2,0.0,,,,,,,,,,,,,,,,,,,,,,,,,,,,,2.0,0.0,0.0,NEUT,,SMALL,,,,,,,,,,
VAIBHAVGBL,,,,,,-2.1,,,,2026-06-10,,,,,,,,,,,,-0.5,,1.2,0.0,,,,,,,,,,,,,,,,,,,,,,,,,,,,,2.0,0.0,0.0,NEUT,,SMALL,,,,,,,,,,
VBL,,,,,,-0.66,,,,2026-06-10,,,,,,,,,,,,-0.5,,1.2,0.0,,,,,,,,,,,,,,,,,,,,,,,,,,,,,2.0,0.0,0.0,NEUT,,SMALL,,,,,,,,,,
VENUSPIPES,,,,,,-2.6,,,,2026-06-10,,,,,,,,,,,,-0.5,,1.2,0.0,,,,,,,,,,,,,,,,,,,,,,,,,,,,,2.0,0.0,0.0,NEUT,,SMALL,,,,,,,,,,
VGUARD,,,,,,-1.39,,,,2026-06-10,,,,,,,,,,,,-0.5,,2.5,0.0,,,,,,,,,,,,,,,,,,,,,,,,,,,,,4.0,0.0,0.0,NEUT,,SMALL,,,,,,,,,,
VISHNU,,,,,,-2.36,,,,2026-06-10,,,,,,,,,,,,-0.5,,9.0,0.0,,,,,,,,,,,,,,,,,,,,,,,,,,,,,14.0,0.0,0.0,NEUT,,SMALL,,,,,,,,,,
WABAG,,,,,,-2.29,,,,2026-06-10,,,,,,,,,,,,-0.5,,5.1,0.0,,,,,,,,,,,,,,,,,,,,,,,,,,,,,8.0,0.0,0.0,NEUT,,SMALL,,,,,,,,,,
WELCORP,,,,,,-2.92,,,,2026-06-10,,,,,,,,,,,,-0.5,,1.2,0.0,,,,,,,,,,,,,,,,,,,,,,,,,,,,,2.0,0.0,0.0,NEUT,,SMALL,,,,,,,,,,
ZENSARTECH,,,,,,-1.49,,,,2026-06-10,,,,,,,,,,,,-0.5,,11.0,0.0,,,,,,,,,,,,,,,,,,,,,,,,,,,,,17.0,0.0,0.0,NEUT,,SMALL,,,,,,,,,,
ZYDUSLIFE,,,,,,-0.66,,,,2026-06-10,,,,,,,,,,,,-0.5,,-9.8,0.0,,,,,,,,,,,,,,,,,,,,,,,,,,,,,-15.0,0.0,0.0,NEUT,,SMALL,,,,,,,,,,
509525,,,,,,2.06,,,,2026-06-10,,,,,,,,,,,,-0.5,,5.1,0.0,,,,,,,,,,,,,,,,,,,,,,,,,,,,,8.0,0.0,0.0,NEUT,,SMALL,,,,,,,,,,
543787,,,,,,1.96,,,,2026-06-10,,,,,,,,,,,,-0.5,,-11.1,0.0,,,,,,,,,,,,,,,,,,,,,,,,,,,,,-17.0,0.0,0.0,NEUT,,SMALL,,,,,,,,,,
543831,,,,,,0.0,,,,2026-06-10,,,,,,,,,,,,-0.5,,-5.3,0.0,,,,,,,,,,,,,,,,,,,,,,,,,,,,,-8.0,0.0,0.0,NEUT,,SMALL,,,,,,,,,,
ABBOTINDIA,,,,,,1.34,,,,2026-06-10,,,,,,,,,,,,-0.5,,-4.6,0.0,,,,,,,,,,,,,,,,,,,,,,,,,,,,,-7.0,0.0,0.0,NEUT,,LARGE,,,,,,,,,,
ADFFOODS,,,,,,-2.18,,,,2026-06-10,,,,,,,,,,,,-0.5,,1.2,0.0,,,,,,,,,,,,,,,,,,,,,,,,,,,,,2.0,0.0,0.0,NEUT,,SMALL,,,,,,,,,,
ADOR,,,,,,-1.89,,,,2026-06-10,,,,,,,,,,,,-0.5,,1.2,0.0,,,,,,,,,,,,,,,,,,,,,,,,,,,,,2.0,0.0,0.0,NEUT,,SMALL,,,,,,,,,,
ADVENZYMES,,,,,,-0.23,,,,2026-06-10,,,,,,,,,,,,-0.5,,1.2,0.0,,,,,,,,,,,,,,,,,,,,,,,,,,,,,2.0,0.0,0.0,NEUT,,SMALL,,,,,,,,,,
AGI,,,,,,-0.53,,,,2026-06-10,,,,,,,,,,,,-0.5,,-7.9,0.0,,,,,,,,,,,,,,,,,,,,,,,,,,,,,-12.0,0.0,0.0,NEUT,,SMALL,,,,,,,,,,
AIAENG,,,,,,-1.12,,,,2026-06-10,,,,,,,,,,,,-0.5,,4.5,0.0,,,,,,,,,,,,,,,,,,,,,,,,,,,,,7.0,0.0,0.0,NEUT,,LARGE,,,,,,,,,,
ALIVUS,,,,,,-0.35,,,,2026-06-10,,,,,,,,,,,,-0.5,,-5.3,0.0,,,,,,,,,,,,,,,,,,,,,,,,,,,,,-8.0,0.0,0.0,NEUT,,MID,,,,,,,,,,
ALKEM,,,,,,-1.05,,,,2026-06-10,,,,,,,,,,,,-0.5,,-17.0,0.0,,,,,,,,,,,,,,,,,,,,,,,,,,,,,-26.0,0.0,0.0,NEUT,,LARGE,,,,,,,,,,
AMRUTANJAN,,,,,,1.42,,,,2026-06-10,,,,,,,,,,,,-0.5,,-7.9,0.0,,,,,,,,,,,,,,,,,,,,,,,,,,,,,-12.0,0.0,0.0,NEUT,,SMALL,,,,,,,,,,
ANANTRAJ,,,,,,-3.96,,,,2026-06-10,,,,,,,,,,,,-0.5,,5.1,0.0,,,,,,,,,,,,,,,,,,,,,,,,,,,,,8.0,0.0,0.0,NEUT,,MID,,,,,,,,,,
APLLTD,,,,,,0.78,,,,2026-06-10,,,,,,,,,,,,-0.5,,-5.3,0.0,,,,,,,,,,,,,,,,,,,,,,,,,,,,,-8.0,0.0,0.0,NEUT,,MID,,,,,,,,,,
ARE&M,,,,,,-2.48,,,,2026-06-10,,,,,,,,,,,,-0.5,,2.5,0.0,,,,,,,,,,,,,,,,,,,,,,,,,,,,,4.0,0.0,0.0,NEUT,,MID,,,,,,,,,,
ARTEMISMED,,,,,,0.04,,,,2026-06-10,,,,,,,,,,,,-0.5,,7.7,0.0,,,,,,,,,,,,,,,,,,,,,,,,,,,,,12.0,0.0,0.0,NEUT,,SMALL,,,,,,,,,,
ASTRAMICRO,,,,,,-2.28,,,,2026-06-10,,,,,,,,,,,,-0.5,,-5.9,0.0,,,,,,,,,,,,,,,,,,,,,,,,,,,,,-9.0,0.0,0.0,NEUT,,MID,,,,,,,,,,
AURIONPRO,,,,,,-2.58,,,,2026-06-10,,,,,,,,,,,,-0.5,,2.5,0.0,,,,,,,,,,,,,,,,,,,,,,,,,,,,,4.0,0.0,0.0,NEUT,,SMALL,,,,,,,,,,
AUTOAXLES,,,,,,-0.74,,,,2026-06-10,,,,,,,,,,,,-0.5,,2.5,0.0,,,,,,,,,,,,,,,,,,,,,,,,,,,,,4.0,0.0,0.0,NEUT,,SMALL,,,,,,,,,,
BAJAJCON,,,,,,-3.33,,,,2026-06-10,,,,,,,,,,,,-0.5,,1.2,0.0,,,,,,,,,,,,,,,,,,,,,,,,,,,,,2.0,0.0,0.0,NEUT,,MID,,,,,,,,,,
BASF,,,,,,-2.15,,,,2026-06-10,,,,,,,,,,,,-0.5,,2.5,0.0,,,,,,,,,,,,,,,,,,,,,,,,,,,,,4.0,0.0,0.0,NEUT,,MID,,,,,,,,,,
BAYERCROP,,,,,,0.61,,,,2026-06-10,,,,,,,,,,,,-0.5,,-5.3,0.0,,,,,,,,,,,,,,,,,,,,,,,,,,,,,-8.0,0.0,0.0,NEUT,,MID,,,,,,,,,,
BBTC,,,,,,-0.46,,,,2026-06-10,,,,,,,,,,,,-0.5,,-5.3,0.0,,,,,,,,,,,,,,,,,,,,,,,,,,,,,-8.0,0.0,0.0,NEUT,,MID,,,,,,,,,,
BECTORFOOD,,,,,,4.87,,,,2026-06-10,,,,,,,,,,,,-0.5,,-1.4,0.0,,,,,,,,,,,,,,,,,,,,,,,,,,,,,-2.0,0.0,0.0,NEUT,,MID,,,,,,,,,,
BEL,,,,,,-0.9,,,,2026-06-10,,,,,,,,,,,,-0.5,,-15.7,0.0,,,,,,,,,,,,,,,,,,,,,,,,,,,,,-24.0,0.0,0.0,NEUT,,MEGA,,,,,,,,,,
BERGEPAINT,,,,,,2.95,,,,2026-06-10,,,,,,,,,,,,-0.5,,3.2,0.0,,,,,,,,,,,,,,,,,,,,,,,,,,,,,5.0,0.0,0.0,NEUT,,LARGE,,,,,,,,,,
BIKAJI,,,,,,2.65,,,,2026-06-10,,,,,,,,,,,,-0.5,,-2.7,0.0,,,,,,,,,,,,,,,,,,,,,,,,,,,,,-4.0,0.0,0.0,NEUT,,MID,,,,,,,,,,
BLISSGVS,,,,,,0.72,,,,2026-06-10,,,,,,,,,,,,-0.5,,1.9,0.0,,,,,,,,,,,,,,,,,,,,,,,,,,,,,3.0,0.0,0.0,NEUT,,SMALL,,,,,,,,,,
BLS,,,,,,-3.94,,,,2026-06-10,,,,,,,,,,,,-0.5,,7.7,0.0,,,,,,,,,,,,,,,,,,,,,,,,,,,,,12.0,0.0,0.0,NEUT,,MID,,,,,,,,,,
BLUESTARCO,,,,,,0.69,,,,2026-06-10,,,,,,,,,,,,-0.5,,-7.2,0.0,,,,,,,,,,,,,,,,,,,,,,,,,,,,,-11.0,0.0,0.0,NEUT,,LARGE,,,,,,,,,,
BOSCHLTD,,,,,,-0.08,,,,2026-06-10,,,,,,,,,,,,-0.5,,16.8,0.0,,,,,,,,,,,,,,,,,,,,,,,,,,,,,26.0,0.0,0.0,NEUT,,MEGA,,,,,,,,,,
BRITANNIA,,,,,,1.24,,,,2026-06-10,,,,,,,,,,,,-0.5,,-5.3,0.0,,,,,,,,,,,,,,,,,,,,,,,,,,,,,-7.0,-1.7,0.0,NEUT,,MEGA,,,,,,,,,,
BSE,,,,,,-1.67,,,,2026-06-10,,,,,,,,,,,,-0.5,,-21.6,-1.0,,,,,,,,,,,,,,,,,,,,,,,,,,,,,-24.0,-14.7,0.0,BEAR,,MEGA,,,,,,,,,,
BSOFT,,,,,,-1.19,,,,2026-06-10,,,,,,,,,,,,-0.5,,-1.4,0.0,,,,,,,,,,,,,,,,,,,,,,,,,,,,,-2.0,0.0,0.0,NEUT,,MID,,,,,,,,,,
CAMPUS,,,,,,-0.86,,,,2026-06-10,,,,,,,,,,,,-0.5,,-5.3,0.0,,,,,,,,,,,,,,,,,,,,,,,,,,,,,-8.0,0.0,0.0,NEUT,,MID,,,,,,,,,,
CAMS,,,,,,-1.15,,,,2026-06-10,,,,,,,,,,,,-0.5,,7.7,0.0,,,,,,,,,,,,,,,,,,,,,,,,,,,,,12.0,0.0,0.0,NEUT,,MID,,,,,,,,,,
CAPLIPOINT,,,,,,2.4,,,,2026-06-10,,,,,,,,,,,,-0.5,,-14.4,0.0,,,,,,,,,,,,,,,,,,,,,,,,,,,,,-22.0,0.0,0.0,NEUT,,MID,,,,,,,,,,
CARERATING,,,,,,0.25,,,,2026-06-10,,,,,,,,,,,,-0.5,,-5.6,0.0,,,,,,,,,,,,,,,,,,,,,,,,,,,,,-8.0,-0.7,0.0,NEUT,,SMALL,,,,,,,,,,
CARYSIL,,,,,,6.08,,,,2026-06-10,,,,,,,,,,,,-0.5,,-11.1,0.0,,,,,,,,,,,,,,,,,,,,,,,,,,,,,-17.0,0.0,0.0,NEUT,,SMALL,,,,,,,,,,
CASTROLIND,,,,,,0.04,,,,2026-06-10,,,,,,,,,,,,-0.5,,-5.3,0.0,,,,,,,,,,,,,,,,,,,,,,,,,,,,,-8.0,0.0,0.0,NEUT,,MID,,,,,,,,,,
CEMPRO,,,,,,2.77,,,,2026-06-10,,,,,,,,,,,,-0.5,,16.2,0.0,,,,,,,,,,,,,,,,,,,,,,,,,,,,,25.0,0.0,0.0,NEUT,,LARGE,,,,,,,,,,
CIEINDIA,,,,,,-1.17,,,,2026-06-10,,,,,,,,,,,,-0.5,,7.7,0.0,,,,,,,,,,,,,,,,,,,,,,,,,,,,,12.0,0.0,0.0,NEUT,,MID,,,,,,,,,,
COLPAL,,,,,,1.63,,,,2026-06-10,,,,,,,,,,,,-0.5,,-7.2,0.0,,,,,,,,,,,,,,,,,,,,,,,,,,,,,-11.0,0.0,0.0,NEUT,,LARGE,,,,,,,,,,
CRISIL,,,,,,3.73,,,,2026-06-10,,,,,,,,,,,,-0.5,,3.9,0.0,,,,,,,,,,,,,,,,,,,,,,,,,,,,,4.0,3.5,0.0,NEUT,,LARGE,,,,,,,,,,
CUMMINSIND,,,,,,-0.28,,,,2026-06-10,,,,,,,,,,,,-0.5,,-6.6,0.0,,,,,,,,,,,,,,,,,,,,,,,,,,,,,-10.0,0.0,0.0,NEUT,,MEGA,,,,,,,,,,
DABUR,,,,,,0.41,,,,2026-06-10,,,,,,,,,,,,-0.5,,9.9,0.0,,,,,,,,,,,,,,,,,,,,,,,,,,,,,-11.0,42.9,0.0,NEUT,,LARGE,,,,,,,,,,
DBCORP,,,,,,-0.91,,,,2026-06-10,,,,,,,,,,,,-0.5,,7.7,0.0,,,,,,,,,,,,,,,,,,,,,,,,,,,,,12.0,0.0,0.0,NEUT,,SMALL,,,,,,,,,,
DHANUKA,,,,,,-2.26,,,,2026-06-10,,,,,,,,,,,,-0.5,,4.2,0.0,,,,,,,,,,,,,,,,,,,,,,,,,,,,,4.0,4.1,0.0,NEUT,,SMALL,,,,,,,,,,
DIXON,,,,,,-1.07,,,,2026-06-10,,,,,,,,,,,,-0.5,,21.1,1.0,,,,,,,,,,,,,,,,,,,,,,,,,,,,,-1.0,54.6,0.0,BULL,,LARGE,,,,,,,,,,
DOLLAR,,,,,,0.91,,,,2026-06-10,,,,,,,,,,,,-0.5,,16.5,0.0,,,,,,,,,,,,,,,,,,,,,,,,,,,,,9.0,26.7,0.0,NEUT,,SMALL,,,,,,,,,,
ECLERX,,,,,,-3.91,,,,2026-06-10,,,,,,,,,,,,-0.5,,7.7,0.0,,,,,,,,,,,,,,,,,,,,,,,,,,,,,12.0,0.0,0.0,NEUT,,MID,,,,,,,,,,
EICHERMOT,,,,,,0.23,,,,2026-06-10,,,,,,,,,,,,-0.5,,7.1,0.0,,,,,,,,,,,,,,,,,,,,,,,,,,,,,11.0,0.0,0.0,NEUT,,MEGA,,,,,,,,,,
ELLEN,,,,,,-0.8,,,,2026-06-10,,,,,,,,,,,,-0.5,,-5.3,0.0,,,,,,,,,,,,,,,,,,,,,,,,,,,,,-8.0,0.0,0.0,NEUT,,SMALL,,,,,,,,,,
EMUDHRA,,,,,,-2.89,,,,2026-06-10,,,,,,,,,,,,-0.5,,-5.3,0.0,,,,,,,,,,,,,,,,,,,,,,,,,,,,,-8.0,0.0,0.0,NEUT,,SMALL,,,,,,,,,,
ENDURANCE,,,,,,-0.62,,,,2026-06-10,,,,,,,,,,,,-0.5,,-17.0,0.0,,,,,,,,,,,,,,,,,,,,,,,,,,,,,-26.0,0.0,0.0,NEUT,,LARGE,,,,,,,,,,
ESCORTS,,,,,,-1.77,,,,2026-06-10,,,,,,,,,,,,-0.5,,-17.0,0.0,,,,,,,,,,,,,,,,,,,,,,,,,,,,,-26.0,0.0,0.0,NEUT,,LARGE,,,,,,,,,,
FDC,,,,,,-3.24,,,,2026-06-10,,,,,,,,,,,,-0.5,,1.2,0.0,,,,,,,,,,,,,,,,,,,,,,,,,,,,,2.0,0.0,0.0,NEUT,,MID,,,,,,,,,,
FIEMIND,,,,,,-2.6,,,,2026-06-10,,,,,,,,,,,,-0.5,,1.2,0.0,,,,,,,,,,,,,,,,,,,,,,,,,,,,,2.0,0.0,0.0,NEUT,,MID,,,,,,,,,,
FINCABLES,,,,,,-3.64,,,,2026-06-10,,,,,,,,,,,,-0.5,,2.5,0.0,,,,,,,,,,,,,,,,,,,,,,,,,,,,,4.0,0.0,0.0,NEUT,,MID,,,,,,,,,,
FORCEMOT,,,,,,-1.59,,,,2026-06-10,,,,,,,,,,,,-0.5,,-17.0,0.0,,,,,,,,,,,,,,,,,,,,,,,,,,,,,-26.0,0.0,0.0,NEUT,,LARGE,,,,,,,,,,
GESHIP,,,,,,-5.16,,,,2026-06-10,,,,,,,,,,,,-0.5,,7.7,0.0,,,,,,,,,,,,,,,,,,,,,,,,,,,,,12.0,0.0,0.0,NEUT,,MID,,,,,,,,,,
GILLETTE,,,,,,0.57,,,,2026-06-10,,,,,,,,,,,,-0.5,,-17.0,0.0,,,,,,,,,,,,,,,,,,,,,,,,,,,,,-26.0,0.0,0.0,NEUT,,LARGE,,,,,,,,,,
GLAXO,,,,,,-0.9,,,,2026-06-10,,,,,,,,,,,,-0.5,,-19.6,0.0,,,,,,,,,,,,,,,,,,,,,,,,,,,,,-30.0,0.0,0.0,NEUT,,LARGE,,,,,,,,,,
GODREJCP,,,,,,1.42,,,,2026-06-10,,,,,,,,,,,,-0.5,,3.2,0.0,,,,,,,,,,,,,,,,,,,,,,,,,,,,,5.0,0.0,0.0,NEUT,,MEGA,,,,,,,,,,
GPIL,,,,,,0.78,,,,2026-06-10,,,,,,,,,,,,-0.5,,2.5,0.0,,,,,,,,,,,,,,,,,,,,,,,,,,,,,4.0,0.0,0.0,NEUT,,MID,,,,,,,,,,
GPPL,,,,,,-1.44,,,,2026-06-10,,,,,,,,,,,,-0.5,,2.5,0.0,,,,,,,,,,,,,,,,,,,,,,,,,,,,,4.0,0.0,0.0,NEUT,,MID,,,,,,,,,,
GRANULES,,,,,,-0.56,,,,2026-06-10,,,,,,,,,,,,-0.5,,1.2,0.0,,,,,,,,,,,,,,,,,,,,,,,,,,,,,2.0,0.0,0.0,NEUT,,MID,,,,,,,,,,
GRINDWELL,,,,,,-0.95,,,,2026-06-10,,,,,,,,,,,,-0.5,,15.5,0.0,,,,,,,,,,,,,,,,,,,,,,,,,,,,,24.0,0.0,0.0,NEUT,,LARGE,,,,,,,,,,
GRSE,,,,,,-2.57,,,,2026-06-10,,,,,,,,,,,,-0.5,,-13.1,0.0,,,,,,,,,,,,,,,,,,,,,,,,,,,,,-20.0,0.0,0.0,NEUT,,LARGE,,,,,,,,,,
HAL,,,,,,-1.05,,,,2026-06-10,,,,,,,,,,,,-0.5,,-17.0,0.0,,,,,,,,,,,,,,,,,,,,,,,,,,,,,-26.0,0.0,0.0,NEUT,,MEGA,,,,,,,,,,
HARSHA,,,,,,1.28,,,,2026-06-10,,,,,,,,,,,,-0.5,,1.2,0.0,,,,,,,,,,,,,,,,,,,,,,,,,,,,,2.0,0.0,0.0,NEUT,,SMALL,,,,,,,,,,
HAVELLS,,,,,,0.43,,,,2026-06-10,,,,,,,,,,,,-0.5,,-17.0,0.0,,,,,,,,,,,,,,,,,,,,,,,,,,,,,-26.0,0.0,0.0,NEUT,,LARGE,,,,,,,,,,
HAWKINCOOK,,,,,,-0.43,,,,2026-06-10,,,,,,,,,,,,0.5,,-11.0,0.0,,,,,,,,,,,,,,,,,,,,,,,,,,,,,-17.0,0.0,0.0,NEUT,,SMALL,,,,,,,,,,
HCLTECH,,,,,,-1.24,,,,2026-06-10,,,,,,,,,,,,-0.5,,-13.1,0.0,,,,,,,,,,,,,,,,,,,,,,,,,,,,,-20.0,0.0,0.0,NEUT,,MEGA,,,,,,,,,,
HEROMOTOCO,,,,,,0.03,,,,2026-06-10,,,,,,,,,,,,-0.5,,-7.2,0.0,,,,,,,,,,,,,,,,,,,,,,,,,,,,,-11.0,0.0,0.0,NEUT,,LARGE,,,,,,,,,,
HEXT,,,,,,-1.18,,,,2026-06-10,,,,,,,,,,,,-0.5,,-3.3,0.0,,,,,,,,,,,,,,,,,,,,,,,,,,,,,-5.0,0.0,0.0,NEUT,,LARGE,,,,,,,,,,
HINDCOPPER,,,,,,-1.71,,,,2026-06-10,,,,,,,,,,,,-0.5,,-13.1,0.0,,,,,,,,,,,,,,,,,,,,,,,,,,,,,-20.0,0.0,0.0,NEUT,,LARGE,,,,,,,,,,
HINDUNILVR,,,,,,1.72,,,,2026-06-10,,,,,,,,,,,,-0.5,,-7.2,0.0,,,,,,,,,,,,,,,,,,,,,,,,,,,,,-11.0,0.0,0.0,NEUT,,MEGA,,,,,,,,,,
ICICIGI,,,,,,-2.56,,,,2026-06-10,,,,,,,,,,,,-0.5,,-17.0,0.0,,,,,,,,,,,,,,,,,,,,,,,,,,,,,-26.0,0.0,0.0,NEUT,,LARGE,,,,,,,,,,
IEX,,,,,,-1.09,,,,2026-06-10,,,,,,,,,,,,-0.5,,7.7,0.0,,,,,,,,,,,,,,,,,,,,,,,,,,,,,12.0,0.0,0.0,NEUT,,MID,,,,,,,,,,
IFBIND,,,,,,-2.67,,,,2026-06-10,,,,,,,,,,,,-0.5,,5.1,0.0,,,,,,,,,,,,,,,,,,,,,,,,,,,,,8.0,0.0,0.0,NEUT,,MID,,,,,,,,,,
INDHOTEL,,,,,,-0.13,,,,2026-06-10,,,,,,,,,,,,-0.5,,3.2,0.0,,,,,,,,,,,,,,,,,,,,,,,,,,,,,5.0,0.0,0.0,NEUT,,LARGE,,,,,,,,,,
INDIGOPNTS,,,,,,0.24,,,,2026-06-10,,,,,,,,,,,,-0.5,,1.2,0.0,,,,,,,,,,,,,,,,,,,,,,,,,,,,,2.0,0.0,0.0,NEUT,,SMALL,,,,,,,,,,
INFY,,,,,,-0.87,,,,2026-06-10,,,,,,,,,,,,-0.5,,-17.0,0.0,,,,,,,,,,,,,,,,,,,,,,,,,,,,,-26.0,0.0,0.0,NEUT,,MEGA,,,,,,,,,,
IPCALAB,,,,,,-0.23,,,,2026-06-10,,,,,,,,,,,,-0.5,,19.4,0.0,,,,,,,,,,,,,,,,,,,,,,,,,,,,,30.0,0.0,0.0,NEUT,,LARGE,,,,,,,,,,
IRIS,,,,,,-2.02,,,,2026-06-10,,,,,,,,,,,,-0.5,,2.5,0.0,,,,,,,,,,,,,,,,,,,,,,,,,,,,,4.0,0.0,0.0,NEUT,,SMALL,,,,,,,,,,
KAJARIACER,,,,,,-1.2,,,,2026-06-10,,,,,,,,,,,,-0.5,,-5.3,0.0,,,,,,,,,,,,,,,,,,,,,,,,,,,,,-8.0,0.0,0.0,NEUT,,MID,,,,,,,,,,
KIRLPNU,,,,,,-1.17,,,,2026-06-10,,,,,,,,,,,,-0.5,,1.2,0.0,,,,,,,,,,,,,,,,,,,,,,,,,,,,,2.0,0.0,0.0,NEUT,,MID,,,,,,,,,,
KKCL,,,,,,-0.31,,,,2026-06-10,,,,,,,,,,,,-0.5,,-1.4,0.0,,,,,,,,,,,,,,,,,,,,,,,,,,,,,-2.0,0.0,0.0,NEUT,,SMALL,,,,,,,,,,
KMEW,,,,,,-4.93,,,,2026-06-10,,,,,,,,,,,,-0.5,,-5.3,0.0,,,,,,,,,,,,,,,,,,,,,,,,,,,,,-8.0,0.0,0.0,NEUT,,SMALL,,,,,,,,,,
KPRMILL,,,,,,1.53,,,,2026-06-10,,,,,,,,,,,,-0.5,,19.4,0.0,,,,,,,,,,,,,,,,,,,,,,,,,,,,,30.0,0.0,0.0,NEUT,,LARGE,,,,,,,,,,
LICI,,,,,,-1.97,,,,2026-06-10,,,,,,,,,,,,-0.5,,-17.0,0.0,,,,,,,,,,,,,,,,,,,,,,,,,,,,,-26.0,0.0,0.0,NEUT,,MEGA,,,,,,,,,,
LODHA,,,,,,-2.92,,,,2026-06-10,,,,,,,,,,,,-0.5,,-17.0,0.0,,,,,,,,,,,,,,,,,,,,,,,,,,,,,-26.0,0.0,0.0,NEUT,,LARGE,,,,,,,,,,
LTM,,,,,,-1.4,,,,2026-06-10,,,,,,,,,,,,-0.5,,-13.1,0.0,,,,,,,,,,,,,,,,,,,,,,,,,,,,,-20.0,0.0,0.0,NEUT,,MEGA,,,,,,,,,,
LTTS,,,,,,-2.62,,,,2026-06-10,,,,,,,,,,,,-0.5,,-17.0,0.0,,,,,,,,,,,,,,,,,,,,,,,,,,,,,-26.0,0.0,0.0,NEUT,,LARGE,,,,,,,,,,
LUPIN,,,,,,-0.75,,,,2026-06-10,,,,,,,,,,,,-0.5,,-1.5,0.0,,,,,,,,,,,,,,,,,,,,,,,,,,,,,-20.0,28.9,0.0,NEUT,,MEGA,,,,,,,,,,
MAPMYINDIA,,,,,,-1.96,,,,2026-06-10,,,,,,,,,,,,-0.5,,-1.4,0.0,,,,,,,,,,,,,,,,,,,,,,,,,,,,,-2.0,0.0,0.0,NEUT,,SMALL,,,,,,,,,,
MARKSANS,,,,,,-2.31,,,,2026-06-10,,,,,,,,,,,,-0.5,,1.2,0.0,,,,,,,,,,,,,,,,,,,,,,,,,,,,,2.0,0.0,0.0,NEUT,,MID,,,,,,,,,,
MASTEK,,,,,,-2.37,,,,2026-06-10,,,,,,,,,,,,-0.5,,2.5,0.0,,,,,,,,,,,,,,,,,,,,,,,,,,,,,4.0,0.0,0.0,NEUT,,SMALL,,,,,,,,,,
MAXHEALTH,,,,,,0.7,,,,2026-06-10,,,,,,,,,,,,-0.5,,6.4,0.0,,,,,,,,,,,,,,,,,,,,,,,,,,,,,10.0,0.0,0.0,NEUT,,LARGE,,,,,,,,,,
MAZDOCK,,,,,,-2.78,,,,2026-06-10,,,,,,,,,,,,-0.5,,-17.0,0.0,,,,,,,,,,,,,,,,,,,,,,,,,,,,,-26.0,0.0,0.0,NEUT,,LARGE,,,,,,,,,,
MCX,,,,,,-2.87,,,,2026-06-10,,,,,,,,,,,,-0.5,,-15.7,0.0,,,,,,,,,,,,,,,,,,,,,,,,,,,,,-24.0,0.0,0.0,NEUT,,LARGE,,,,,,,,,,
MEDANTA,,,,,,-1.34,,,,2026-06-10,,,,,,,,,,,,-0.5,,15.5,0.0,,,,,,,,,,,,,,,,,,,,,,,,,,,,,24.0,0.0,0.0,NEUT,,LARGE,,,,,,,,,,
MODIS,,,,,,0.01,,,,2026-06-10,,,,,,,,,,,,-0.5,,-5.3,0.0,,,,,,,,,,,,,,,,,,,,,,,,,,,,,-8.0,0.0,0.0,NEUT,,SMALL,,,,,,,,,,
MPHASIS,,,,,,-1.82,,,,2026-06-10,,,,,,,,,,,,-0.5,,3.2,0.0,,,,,,,,,,,,,,,,,,,,,,,,,,,,,5.0,0.0,0.0,NEUT,,LARGE,,,,,,,,,,
MSUMI,,,,,,-2.04,,,,2026-06-10,,,,,,,,,,,,-0.5,,-17.0,0.0,,,,,,,,,,,,,,,,,,,,,,,,,,,,,-26.0,0.0,0.0,NEUT,,LARGE,,,,,,,,,,
NAM-INDIA,,,,,,-2.15,,,,2026-06-10,,,,,,,,,,,,-0.5,,-15.7,0.0,,,,,,,,,,,,,,,,,,,,,,,,,,,,,-24.0,0.0,0.0,NEUT,,LARGE,,,,,,,,,,
NESCO,,,,,,0.19,,,,2026-06-10,,,,,,,,,,,,-0.5,,11.0,0.0,,,,,,,,,,,,,,,,,,,,,,,,,,,,,17.0,0.0,0.0,NEUT,,MID,,,,,,,,,,
NESTLEIND,,,,,,1.98,,,,2026-06-10,,,,,,,,,,,,-0.5,,12.9,0.0,,,,,,,,,,,,,,,,,,,,,,,,,,,,,20.0,0.0,0.0,NEUT,,MEGA,,,,,,,,,,
NEWGEN,,,,,,-3.33,,,,2026-06-10,,,,,,,,,,,,-0.5,,5.1,0.0,,,,,,,,,,,,,,,,,,,,,,,,,,,,,8.0,0.0,0.0,NEUT,,MID,,,,,,,,,,
NMDC,,,,,,-1.77,,,,2026-06-10,,,,,,,,,,,,-0.5,,-13.1,0.0,,,,,,,,,,,,,,,,,,,,,,,,,,,,,-20.0,0.0,0.0,NEUT,,LARGE,,,,,,,,,,
OBEROIRLTY,,,,,,-2.51,,,,2026-06-10,,,,,,,,,,,,-0.5,,-17.0,0.0,,,,,,,,,,,,,,,,,,,,,,,,,,,,,-26.0,0.0,0.0,NEUT,,LARGE,,,,,,,,,,
OFSS,,,,,,-1.76,,,,2026-06-10,,,,,,,,,,,,-0.5,,-15.7,0.0,,,,,,,,,,,,,,,,,,,,,,,,,,,,,-24.0,0.0,0.0,NEUT,,LARGE,,,,,,,,,,
ONGC,,,,,,-2.74,,,,2026-06-10,,,,,,,,,,,,-0.5,,-16.3,0.0,,,,,,,,,,,,,,,,,,,,,,,,,,,,,-25.0,0.0,0.0,NEUT,,MEGA,,,,,,,,,,
ORIENTELEC,,,,,,-1.75,,,,2026-06-10,,,,,,,,,,,,-0.5,,7.7,0.0,,,,,,,,,,,,,,,,,,,,,,,,,,,,,12.0,0.0,0.0,NEUT,,SMALL,,,,,,,,,,
PARAGMILK,,,,,,-2.33,,,,2026-06-10,,,,,,,,,,,,-0.5,,-2.7,0.0,,,,,,,,,,,,,,,,,,,,,,,,,,,,,-4.0,0.0,0.0,NEUT,,SMALL,,,,,,,,,,
PATANJALI,,,,,,-0.58,,,,2026-06-10,,,,,,,,,,,,-0.5,,-15.6,0.0,,,,,,,,,,,,,,,,,,,,,,,,,,,,,-25.0,1.9,0.0,NEUT,,LARGE,,,,,,,,,,
PGHL,,,,,,0.36,,,,2026-06-10,,,,,,,,,,,,-0.5,,-5.9,0.0,,,,,,,,,,,,,,,,,,,,,,,,,,,,,-9.0,0.0,0.0,NEUT,,MID,,,,,,,,,,
POWERMECH,,,,,,-0.28,,,,2026-06-10,,,,,,,,,,,,-0.5,,1.2,0.0,,,,,,,,,,,,,,,,,,,,,,,,,,,,,2.0,0.0,0.0,NEUT,,MID,,,,,,,,,,
PRICOLLTD,,,,,,-0.29,,,,2026-06-10,,,,,,,,,,,,0.5,,2.7,0.0,,,,,,,,,,,,,,,,,,,,,,,,,,,,,4.0,0.0,0.0,NEUT,,MID,,,,,,,,,,
PRUDENT,,,,,,2.29,,,,2026-06-10,,,,,,,,,,,,-0.5,,-5.3,0.0,,,,,,,,,,,,,,,,,,,,,,,,,,,,,-8.0,0.0,0.0,NEUT,,MID,,,,,,,,,,
QUESS,,,,,,0.4,,,,2026-06-10,,,,,,,,,,,,-0.5,,-11.1,0.0,,,,,,,,,,,,,,,,,,,,,,,,,,,,,-17.0,0.0,0.0,NEUT,,SMALL,,,,,,,,,,
RADICO,,,,,,-0.67,,,,2026-06-10,,,,,,,,,,,,-0.5,,-5.9,0.0,,,,,,,,,,,,,,,,,,,,,,,,,,,,,-9.0,0.0,0.0,NEUT,,LARGE,,,,,,,,,,
REDINGTON,,,,,,-4.39,,,,2026-06-10,,,,,,,,,,,,-0.5,,5.1,0.0,,,,,,,,,,,,,,,,,,,,,,,,,,,,,8.0,0.0,0.0,NEUT,,MID,,,,,,,,,,
ROSSARI,,,,,,-1.01,,,,2026-06-10,,,,,,,,,,,,-0.5,,1.2,0.0,,,,,,,,,,,,,,,,,,,,,,,,,,,,,2.0,0.0,0.0,NEUT,,SMALL,,,,,,,,,,
RPGLIFE,,,,,,-0.42,,,,2026-06-10,,,,,,,,,,,,-0.5,,2.5,0.0,,,,,,,,,,,,,,,,,,,,,,,,,,,,,4.0,0.0,0.0,NEUT,,SMALL,,,,,,,,,,
SARDAEN,,,,,,-1.62,,,,2026-06-10,,,,,,,,,,,,-0.5,,-1.4,0.0,,,,,,,,,,,,,,,,,,,,,,,,,,,,,-2.0,0.0,0.0,NEUT,,MID,,,,,,,,,,
SAREGAMA,,,,,,-2.5,,,,2026-06-10,,,,,,,,,,,,-0.5,,5.1,0.0,,,,,,,,,,,,,,,,,,,,,,,,,,,,,8.0,0.0,0.0,NEUT,,MID,,,,,,,,,,
SCI,,,,,,-3.25,,,,2026-06-10,,,,,,,,,,,,-0.5,,2.5,0.0,,,,,,,,,,,,,,,,,,,,,,,,,,,,,4.0,0.0,0.0,NEUT,,MID,,,,,,,,,,
SEAMECLTD,,,,,,-1.74,,,,2026-06-10,,,,,,,,,,,,-0.5,,1.2,0.0,,,,,,,,,,,,,,,,,,,,,,,,,,,,,2.0,0.0,0.0,NEUT,,SMALL,,,,,,,,,,
SHARDACROP,,,,,,1.98,,,,2026-06-10,,,,,,,,,,,,-0.5,,-1.4,0.0,,,,,,,,,,,,,,,,,,,,,,,,,,,,,-2.0,0.0,0.0,NEUT,,MID,,,,,,,,,,
SHARDAMOTR,,,,,,-1.63,,,,2026-06-10,,,,,,,,,,,,-0.5,,11.0,0.0,,,,,,,,,,,,,,,,,,,,,,,,,,,,,17.0,0.0,0.0,NEUT,,SMALL,,,,,,,,,,
SOMANYCERA,,,,,,0.55,,,,2026-06-10,,,,,,,,,,,,-0.5,,1.2,0.0,,,,,,,,,,,,,,,,,,,,,,,,,,,,,2.0,0.0,0.0,NEUT,,SMALL,,,,,,,,,,
SSWL,,,,,,-3.2,,,,2026-06-10,,,,,,,,,,,,-0.5,,-2.7,0.0,,,,,,,,,,,,,,,,,,,,,,,,,,,,,-4.0,0.0,0.0,NEUT,,SMALL,,,,,,,,,,
STYLAMIND,,,,,,0.43,,,,2026-06-10,,,,,,,,,,,,-0.5,,-9.2,0.0,,,,,,,,,,,,,,,,,,,,,,,,,,,,,-14.0,0.0,0.0,NEUT,,MID,,,,,,,,,,
SUBROS,,,,,,-2.76,,,,2026-06-10,,,,,,,,,,,,-0.5,,2.5,0.0,,,,,,,,,,,,,,,,,,,,,,,,,,,,,4.0,0.0,0.0,NEUT,,SMALL,,,,,,,,,,
SUNDRMFAST,,,,,,0.58,,,,2026-06-10,,,,,,,,,,,,-0.5,,-5.3,0.0,,,,,,,,,,,,,,,,,,,,,,,,,,,,,-8.0,0.0,0.0,NEUT,,MID,,,,,,,,,,
SUPRIYA,,,,,,-1.09,,,,2026-06-10,,,,,,,,,,,,-0.5,,5.1,0.0,,,,,,,,,,,,,,,,,,,,,,,,,,,,,8.0,0.0,0.0,NEUT,,MID,,,,,,,,,,
SWARAJENG,,,,,,-0.06,,,,2026-06-10,,,,,,,,,,,,-0.5,,-1.4,0.0,,,,,,,,,,,,,,,,,,,,,,,,,,,,,-2.0,0.0,0.0,NEUT,,SMALL,,,,,,,,,,
TCI,,,,,,-3.06,,,,2026-06-10,,,,,,,,,,,,-0.5,,-2.7,0.0,,,,,,,,,,,,,,,,,,,,,,,,,,,,,-4.0,0.0,0.0,NEUT,,MID,,,,,,,,,,
TCS,,,,,,0.13,,,,2026-06-10,,,,,,,,,,,,-0.5,,-12.5,0.0,,,,,,,,,,,,,,,,,,,,,,,,,,,,,-26.0,11.3,0.0,NEUT,,MEGA,,,,,,,,,,
TECHM,,,,,,-0.33,,,,2026-06-10,,,,,,,,,,,,-0.5,,3.2,0.0,,,,,,,,,,,,,,,,,,,,,,,,,,,,,5.0,0.0,0.0,NEUT,,MEGA,,,,,,,,,,
TIIL,,,,,,-0.84,,,,2026-06-10,,,,,,,,,,,,-0.5,,-5.3,0.0,,,,,,,,,,,,,,,,,,,,,,,,,,,,,-8.0,0.0,0.0,NEUT,,MID,,,,,,,,,,
TIMETECHNO,,,,,,-1.94,,,,2026-06-10,,,,,,,,,,,,-0.5,,2.5,0.0,,,,,,,,,,,,,,,,,,,,,,,,,,,,,4.0,0.0,0.0,NEUT,,MID,,,,,,,,,,
TIPSMUSIC,,,,,,-4.54,,,,2026-06-10,,,,,,,,,,,,-0.5,,9.0,0.0,,,,,,,,,,,,,,,,,,,,,,,,,,,,,14.0,0.0,0.0,NEUT,,MID,,,,,,,,,,
TRENT,,,,,,-0.6,,,,2026-06-10,,,,,,,,,,,,-0.5,,-17.0,0.0,,,,,,,,,,,,,,,,,,,,,,,,,,,,,-26.0,0.0,0.0,NEUT,,MEGA,,,,,,,,,,
TRITURBINE,,,,,,-3.14,,,,2026-06-10,,,,,,,,,,,,-0.5,,-15.7,0.0,,,,,,,,,,,,,,,,,,,,,,,,,,,,,-24.0,0.0,0.0,NEUT,,LARGE,,,,,,,,,,
ULTRACEMCO,,,,,,-0.41,,,,2026-06-10,,,,,,,,,,,,-0.5,,-17.0,0.0,,,,,,,,,,,,,,,,,,,,,,,,,,,,,-26.0,0.0,0.0,NEUT,,MEGA,,,,,,,,,,
USHAMART,,,,,,-3.1,,,,2026-06-10,,,,,,,,,,,,-0.5,,1.2,0.0,,,,,,,,,,,,,,,,,,,,,,,,,,,,,2.0,0.0,0.0,NEUT,,MID,,,,,,,,,,
VAIBHAVGBL,,,,,,-2.1,,,,2026-06-10,,,,,,,,,,,,-0.5,,1.2,0.0,,,,,,,,,,,,,,,,,,,,,,,,,,,,,2.0,0.0,0.0,NEUT,,SMALL,,,,,,,,,,
VBL,,,,,,-0.66,,,,2026-06-10,,,,,,,,,,,,-0.5,,-6.6,0.0,,,,,,,,,,,,,,,,,,,,,,,,,,,,,-10.0,0.0,0.0,NEUT,,MEGA,,,,,,,,,,
VENUSPIPES,,,,,,-2.6,,,,2026-06-10,,,,,,,,,,,,-0.5,,1.2,0.0,,,,,,,,,,,,,,,,,,,,,,,,,,,,,2.0,0.0,0.0,NEUT,,SMALL,,,,,,,,,,
VGUARD,,,,,,-1.39,,,,2026-06-10,,,,,,,,,,,,-0.5,,2.5,0.0,,,,,,,,,,,,,,,,,,,,,,,,,,,,,4.0,0.0,0.0,NEUT,,MID,,,,,,,,,,
VISHNU,,,,,,-2.36,,,,2026-06-10,,,,,,,,,,,,-0.5,,9.0,0.0,,,,,,,,,,,,,,,,,,,,,,,,,,,,,14.0,0.0,0.0,NEUT,,SMALL,,,,,,,,,,
WABAG,,,,,,-2.29,,,,2026-06-10,,,,,,,,,,,,-0.5,,5.1,0.0,,,,,,,,,,,,,,,,,,,,,,,,,,,,,8.0,0.0,0.0,NEUT,,MID,,,,,,,,,,
WELCORP,,,,,,-2.92,,,,2026-06-10,,,,,,,,,,,,-0.5,,-9.2,0.0,,,,,,,,,,,,,,,,,,,,,,,,,,,,,-14.0,0.0,0.0,NEUT,,LARGE,,,,,,,,,,
ZENSARTECH,,,,,,-1.49,,,,2026-06-10,,,,,,,,,,,,-0.5,,11.0,0.0,,,,,,,,,,,,,,,,,,,,,,,,,,,,,17.0,0.0,0.0,NEUT,,MID,,,,,,,,,,
ZYDUSLIFE,,,,,,-0.66,,,,2026-06-10,,,,,,,,,,,,-0.5,,12.3,0.0,,,,,,,,,,,,,,,,,,,,,,,,,,,,,19.0,0.0,0.0,NEUT,,MEGA,,,,,,,,,,
509525,,,,,,2.06,,,,2026-06-11,,,,,,,,,,,,2.1,,5.8,0.0,,,,,,,,,,,,,,,,,,,,,,,,,,,,,8.0,0.0,2.0,NEUT,,SMALL,,,,,,,,,,
543787,,,,,,1.96,,,,2026-06-11,,,,,,,,,,,,2.1,,-10.9,0.0,,,,,,,,,,,,,,,,,,,,,,,,,,,,,-17.0,0.0,-2.0,NEUT,,SMALL,,,,,,,,,,
543831,,,,,,0.0,,,,2026-06-11,,,,,,,,,,,,2.1,,-4.9,0.0,,,,,,,,,,,,,,,,,,,,,,,,,,,,,-8.0,0.0,0.0,NEUT,,SMALL,,,,,,,,,,
ABBOTINDIA,,,,,,-0.42,,,,2026-06-11,,,,,,,,,,,,3.2,,-3.9,0.0,,,,,,,,,,,,,,,,,,,,,,,,,,,,,-7.0,0.0,1.0,NEUT,,LARGE,,,,,,,,,,
ADFFOODS,,,,,,-1.89,,,,2026-06-11,,,,,,,,,,,,-0.4,,1.2,0.0,,,,,,,,,,,,,,,,,,,,,,,,,,,,,2.0,0.0,0.0,NEUT,,SMALL,,,,,,,,,,
ADOR,,,,,,-0.66,,,,2026-06-11,,,,,,,,,,,,-0.9,,1.7,0.0,,,,,,,,,,,,,,,,,,,,,,,,,,,,,2.0,0.0,5.0,NEUT,,SMALL,,,,,,,,,,
ADVENZYMES,,,,,,-1.91,,,,2026-06-11,,,,,,,,,,,,-2.7,,9.0,0.0,,,,,,,,,,,,,,,,,,,,,,,,,,,,,14.0,0.0,3.0,NEUT,,SMALL,,,,,,,,,,
AGI,,,,,,-0.36,,,,2026-06-11,,,,,,,,,,,,-0.6,,-1.3,0.0,,,,,,,,,,,,,,,,,,,,,,,,,,,,,-4.0,0.0,13.0,NEUT,,SMALL,,,,,,,,,,
AIAENG,,,,,,-1.52,,,,2026-06-11,,,,,,,,,,,,-0.9,,-8.7,0.0,,,,,,,,,,,,,,,,,,,,,,,,,,,,,-14.0,0.0,5.0,NEUT,,LARGE,,,,,,,,,,
ALIVUS,,,,,,0.73,,,,2026-06-11,,,,,,,,,,,,3.2,,-3.9,0.0,,,,,,,,,,,,,,,,,,,,,,,,,,,,,-8.0,0.0,7.0,NEUT,,MID,,,,,,,,,,
ALKEM,,,,,,0.08,,,,2026-06-11,,,,,,,,,,,,3.2,,-6.2,0.0,,,,,,,,,,,,,,,,,,,,,,,,,,,,,-11.0,0.0,4.0,NEUT,,LARGE,,,,,,,,,,
AMRUTANJAN,,,,,,-0.88,,,,2026-06-11,,,,,,,,,,,,3.2,,-1.3,0.0,,,,,,,,,,,,,,,,,,,,,,,,,,,,,-4.0,0.0,7.0,NEUT,,SMALL,,,,,,,,,,
ANANTRAJ,,,,,,0.29,,,,2026-06-11,,,,,,,,,,,,-1.4,,1.6,0.0,,,,,,,,,,,,,,,,,,,,,,,,,,,,,2.0,0.0,5.0,NEUT,,MID,,,,,,,,,,
APLLTD,,,,,,0.0,,,,2026-06-11,,,,,,,,,,,,3.2,,-3.9,0.0,,,,,,,,,,,,,,,,,,,,,,,,,,,,,-8.0,0.0,7.0,NEUT,,MID,,,,,,,,,,
ARE&M,,,,,,-1.17,,,,2026-06-11,,,,,,,,,,,,-0.9,,2.8,0.0,,,,,,,,,,,,,,,,,,,,,,,,,,,,,4.0,0.0,3.0,NEUT,,MID,,,,,,,,,,
ARTEMISMED,,,,,,-1.16,,,,2026-06-11,,,,,,,,,,,,2.1,,8.1,0.0,,,,,,,,,,,,,,,,,,,,,,,,,,,,,12.0,0.0,0.0,NEUT,,SMALL,,,,,,,,,,
ASTRAMICRO,,,,,,-0.58,,,,2026-06-11,,,,,,,,,,,,-2.4,,1.8,0.0,,,,,,,,,,,,,,,,,,,,,,,,,,,,,3.0,0.0,2.0,NEUT,,MID,,,,,,,,,,
AURIONPRO,,,,,,2.24,,,,2026-06-11,,,,,,,,,,,,-2.4,,-5.1,0.0,,,,,,,,,,,,,,,,,,,,,,,,,,,,,-8.0,0.0,4.0,NEUT,,SMALL,,,,,,,,,,
AUTOAXLES,,,,,,-0.92,,,,2026-06-11,,,,,,,,,,,,-0.6,,3.1,0.0,,,,,,,,,,,,,,,,,,,,,,,,,,,,,4.0,0.0,5.0,NEUT,,SMALL,,,,,,,,,,
BAJAJCON,,,,,,2.12,,,,2026-06-11,,,,,,,,,,,,-0.4,,-6.6,0.0,,,,,,,,,,,,,,,,,,,,,,,,,,,,,-10.0,0.0,0.0,NEUT,,MID,,,,,,,,,,
BASF,,,,,,-0.05,,,,2026-06-11,,,,,,,,,,,,-2.7,,2.2,0.0,,,,,,,,,,,,,,,,,,,,,,,,,,,,,4.0,0.0,0.0,NEUT,,MID,,,,,,,,,,
BAYERCROP,,,,,,-0.92,,,,2026-06-11,,,,,,,,,,,,-2.7,,2.3,0.0,,,,,,,,,,,,,,,,,,,,,,,,,,,,,4.0,0.0,1.0,NEUT,,MID,,,,,,,,,,
BBTC,,,,,,-1.45,,,,2026-06-11,,,,,,,,,,,,-0.4,,4.3,0.0,,,,,,,,,,,,,,,,,,,,,,,,,,,,,4.0,0.0,16.0,NEUT,,MID,,,,,,,,,,
BECTORFOOD,,,,,,-0.1,,,,2026-06-11,,,,,,,,,,,,-0.4,,-0.8,0.0,,,,,,,,,,,,,,,,,,,,,,,,,,,,,-2.0,0.0,5.0,NEUT,,MID,,,,,,,,,,
BEL,,,,,,-1.03,,,,2026-06-11,,,,,,,,,,,,-0.9,,-19.0,0.0,,,,,,,,,,,,,,,,,,,,,,,,,,,,,-30.0,0.0,6.0,NEUT,,MEGA,,,,,,,,,,
BERGEPAINT,,,,,,-0.45,,,,2026-06-11,,,,,,,,,,,,-2.7,,12.2,0.0,,,,,,,,,,,,,,,,,,,,,,,,,,,,,20.0,0.0,-3.0,NEUT,,LARGE,,,,,,,,,,
BIKAJI,,,,,,0.78,,,,2026-06-11,,,,,,,,,,,,-0.4,,-2.4,0.0,,,,,,,,,,,,,,,,,,,,,,,,,,,,,-4.0,0.0,2.0,NEUT,,MID,,,,,,,,,,
BLISSGVS,,,,,,2.56,,,,2026-06-11,,,,,,,,,,,,3.2,,2.8,0.0,,,,,,,,,,,,,,,,,,,,,,,,,,,,,3.0,0.0,3.0,NEUT,,SMALL,,,,,,,,,,
BLS,,,,,,-1.42,,,,2026-06-11,,,,,,,,,,,,-0.9,,8.8,0.0,,,,,,,,,,,,,,,,,,,,,,,,,,,,,12.0,0.0,10.0,NEUT,,MID,,,,,,,,,,
BLUESTARCO,,,,,,-1.24,,,,2026-06-11,,,,,,,,,,,,-0.9,,-16.8,0.0,,,,,,,,,,,,,,,,,,,,,,,,,,,,,-26.0,0.0,2.0,NEUT,,LARGE,,,,,,,,,,
BOSCHLTD,,,,,,0.04,,,,2026-06-11,,,,,,,,,,,,-0.6,,26.7,1.0,,,,,,,,,,,,,,,,,,,,,,,,,,,,,26.0,23.9,3.0,BULL,,MEGA,,,,,,,,,,
BRITANNIA,,,,,,-0.19,,,,2026-06-11,,,,,,,,,,,,-0.4,,0.1,0.0,,,,,,,,,,,,,,,,,,,,,,,,,,,,,-1.0,0.3,6.0,NEUT,,MEGA,,,,,,,,,,
BSE,,,,,,0.04,,,,2026-06-11,,,,,,,,,,,,-3.4,,-6.9,0.0,,,,,,,,,,,,,,,,,,,,,,,,,,,,,-24.0,22.3,3.0,NEUT,,MEGA,,,,,,,,,,
BSOFT,,,,,,-1.51,,,,2026-06-11,,,,,,,,,,,,-2.4,,6.3,0.0,,,,,,,,,,,,,,,,,,,,,,,,,,,,,10.0,0.0,2.0,NEUT,,MID,,,,,,,,,,
CAMPUS,,,,,,-0.91,,,,2026-06-11,,,,,,,,,,,,-0.6,,3.1,0.0,,,,,,,,,,,,,,,,,,,,,,,,,,,,,4.0,0.0,5.0,NEUT,,MID,,,,,,,,,,
CAMS,,,,,,-1.69,,,,2026-06-11,,,,,,,,,,,,-2.4,,7.5,0.0,,,,,,,,,,,,,,,,,,,,,,,,,,,,,12.0,0.0,1.0,NEUT,,MID,,,,,,,,,,
CAPLIPOINT,,,,,,1.82,,,,2026-06-11,,,,,,,,,,,,3.2,,-13.2,0.0,,,,,,,,,,,,,,,,,,,,,,,,,,,,,-22.0,0.0,5.0,NEUT,,MID,,,,,,,,,,
CARERATING,,,,,,-0.27,,,,2026-06-11,,,,,,,,,,,,-3.4,,-6.2,0.0,,,,,,,,,,,,,,,,,,,,,,,,,,,,,-8.0,-0.7,-2.0,NEUT,,SMALL,,,,,,,,,,
CARYSIL,,,,,,-1.17,,,,2026-06-11,,,,,,,,,,,,-0.6,,-5.4,0.0,,,,,,,,,,,,,,,,,,,,,,,,,,,,,-9.0,0.0,5.0,NEUT,,SMALL,,,,,,,,,,
CASTROLIND,,,,,,-0.38,,,,2026-06-11,,,,,,,,,,,,-4.7,,1.8,0.0,,,,,,,,,,,,,,,,,,,,,,,,,,,,,4.0,0.0,0.0,NEUT,,MID,,,,,,,,,,
CEMPRO,,,,,,-4.34,,,,2026-06-11,,,,,,,,,,,,-0.9,,20.2,1.0,,,,,,,,,,,,,,,,,,,,,,,,,,,,,30.0,0.0,8.0,BULL,,LARGE,,,,,,,,,,
CIEINDIA,,,,,,0.22,,,,2026-06-11,,,,,,,,,,,,-0.6,,2.5,0.0,,,,,,,,,,,,,,,,,,,,,,,,,,,,,4.0,0.0,0.0,NEUT,,MID,,,,,,,,,,
COLPAL,,,,,,-0.68,,,,2026-06-11,,,,,,,,,,,,-0.4,,2.6,0.0,,,,,,,,,,,,,,,,,,,,,,,,,,,,,4.0,0.0,1.0,NEUT,,LARGE,,,,,,,,,,
CRISIL,,,,,,-0.8,,,,2026-06-11,,,,,,,,,,,,-3.4,,7.1,0.0,,,,,,,,,,,,,,,,,,,,,,,,,,,,,10.0,3.5,-2.0,NEUT,,LARGE,,,,,,,,,,
CUMMINSIND,,,,,,0.28,,,,2026-06-11,,,,,,,,,,,,-0.9,,-6.3,0.0,,,,,,,,,,,,,,,,,,,,,,,,,,,,,-10.0,0.0,3.0,NEUT,,MEGA,,,,,,,,,,
DABUR,,,,,,-0.34,,,,2026-06-11,,,,,,,,,,,,-0.4,,10.3,0.0,,,,,,,,,,,,,,,,,,,,,,,,,,,,,-11.0,42.9,3.0,NEUT,,LARGE,,,,,,,,,,
DBCORP,,,,,,-0.77,,,,2026-06-11,,,,,,,,,,,,-0.1,,12.7,0.0,,,,,,,,,,,,,,,,,,,,,,,,,,,,,17.0,0.0,15.0,NEUT,,SMALL,,,,,,,,,,
DHANUKA,,,,,,-1.1,,,,2026-06-11,,,,,,,,,,,,-2.7,,4.6,0.0,,,,,,,,,,,,,,,,,,,,,,,,,,,,,4.0,4.1,7.0,NEUT,,SMALL,,,,,,,,,,
DIXON,,,,,,-0.1,,,,2026-06-11,,,,,,,,,,,,-2.4,,-0.2,0.0,,,,,,,,,,,,,,,,,,,,,,,,,,,,,-1.0,0.0,8.0,NEUT,,LARGE,,,,,,,,,,
DOLLAR,,,,,,-1.61,,,,2026-06-11,,,,,,,,,,,,-0.6,,-5.0,0.0,,,,,,,,,,,,,,,,,,,,,,,,,,,,,9.0,-29.8,11.0,NEUT,,SMALL,,,,,,,,,,
ECLERX,,,,,,-0.07,,,,2026-06-11,,,,,,,,,,,,-2.4,,8.7,0.0,,,,,,,,,,,,,,,,,,,,,,,,,,,,,12.0,0.0,12.0,NEUT,,MID,,,,,,,,,,
EICHERMOT,,,,,,-0.99,,,,2026-06-11,,,,,,,,,,,,-0.6,,3.5,0.0,,,,,,,,,,,,,,,,,,,,,,,,,,,,,5.0,0.0,3.0,NEUT,,MEGA,,,,,,,,,,
ELLEN,,,,,,-1.01,,,,2026-06-11,,,,,,,,,,,,-2.7,,-5.2,0.0,,,,,,,,,,,,,,,,,,,,,,,,,,,,,-8.0,0.0,4.0,NEUT,,SMALL,,,,,,,,,,
EMUDHRA,,,,,,0.13,,,,2026-06-11,,,,,,,,,,,,-2.4,,-1.5,0.0,,,,,,,,,,,,,,,,,,,,,,,,,,,,,-2.0,0.0,2.0,NEUT,,SMALL,,,,,,,,,,
ENDURANCE,,,,,,0.03,,,,2026-06-11,,,,,,,,,,,,-0.6,,-16.4,0.0,,,,,,,,,,,,,,,,,,,,,,,,,,,,,-26.0,0.0,5.0,NEUT,,LARGE,,,,,,,,,,
ESCORTS,,,,,,0.15,,,,2026-06-11,,,,,,,,,,,,-0.9,,-16.5,0.0,,,,,,,,,,,,,,,,,,,,,,,,,,,,,-26.0,0.0,5.0,NEUT,,LARGE,,,,,,,,,,
FDC,,,,,,-0.7,,,,2026-06-11,,,,,,,,,,,,3.2,,2.1,0.0,,,,,,,,,,,,,,,,,,,,,,,,,,,,,2.0,0.0,3.0,NEUT,,MID,,,,,,,,,,
FIEMIND,,,,,,1.08,,,,2026-06-11,,,,,,,,,,,,-0.6,,1.8,0.0,,,,,,,,,,,,,,,,,,,,,,,,,,,,,2.0,0.0,5.0,NEUT,,MID,,,,,,,,,,
FINCABLES,,,,,,3.43,,,,2026-06-11,,,,,,,,,,,,-0.9,,-4.4,0.0,,,,,,,,,,,,,,,,,,,,,,,,,,,,,-8.0,0.0,9.0,NEUT,,MID,,,,,,,,,,
FORCEMOT,,,,,,-1.58,,,,2026-06-11,,,,,,,,,,,,-0.6,,-16.1,0.0,,,,,,,,,,,,,,,,,,,,,,,,,,,,,-26.0,0.0,8.0,NEUT,,LARGE,,,,,,,,,,
GESHIP,,,,,,1.84,,,,2026-06-11,,,,,,,,,,,,-0.9,,3.6,0.0,,,,,,,,,,,,,,,,,,,,,,,,,,,,,4.0,0.0,10.0,NEUT,,MID,,,,,,,,,,
GILLETTE,,,,,,-0.53,,,,2026-06-11,,,,,,,,,,,,-0.4,,-16.5,0.0,,,,,,,,,,,,,,,,,,,,,,,,,,,,,-26.0,0.0,4.0,NEUT,,LARGE,,,,,,,,,,
GLAXO,,,,,,-2.25,,,,2026-06-11,,,,,,,,,,,,3.2,,-15.3,0.0,,,,,,,,,,,,,,,,,,,,,,,,,,,,,-25.0,0.0,4.0,NEUT,,LARGE,,,,,,,,,,
GODREJCP,,,,,,-1.37,,,,2026-06-11,,,,,,,,,,,,-0.4,,-3.3,0.0,,,,,,,,,,,,,,,,,,,,,,,,,,,,,-5.0,0.0,0.0,NEUT,,MEGA,,,,,,,,,,
GPIL,,,,,,0.81,,,,2026-06-11,,,,,,,,,,,,-2.7,,-5.2,0.0,,,,,,,,,,,,,,,,,,,,,,,,,,,,,-8.0,0.0,4.0,NEUT,,MID,,,,,,,,,,
GPPL,,,,,,-0.22,,,,2026-06-11,,,,,,,,,,,,-0.9,,3.9,0.0,,,,,,,,,,,,,,,,,,,,,,,,,,,,,4.0,0.0,13.0,NEUT,,MID,,,,,,,,,,
GRANULES,,,,,,1.25,,,,2026-06-11,,,,,,,,,,,,3.2,,2.6,0.0,,,,,,,,,,,,,,,,,,,,,,,,,,,,,2.0,0.0,7.0,NEUT,,MID,,,,,,,,,,
GRINDWELL,,,,,,-0.05,,,,2026-06-11,,,,,,,,,,,,-0.9,,15.1,0.0,,,,,,,,,,,,,,,,,,,,,,,,,,,,,24.0,0.0,-3.0,NEUT,,LARGE,,,,,,,,,,
GRSE,,,,,,-2.11,,,,2026-06-11,,,,,,,,,,,,-0.9,,-12.7,0.0,,,,,,,,,,,,,,,,,,,,,,,,,,,,,-20.0,0.0,4.0,NEUT,,LARGE,,,,,,,,,,
HAL,,,,,,-0.56,,,,2026-06-11,,,,,,,,,,,,-0.9,,-16.4,0.0,,,,,,,,,,,,,,,,,,,,,,,,,,,,,-26.0,0.0,6.0,NEUT,,MEGA,,,,,,,,,,
HARSHA,,,,,,-1.03,,,,2026-06-11,,,,,,,,,,,,-0.9,,1.9,0.0,,,,,,,,,,,,,,,,,,,,,,,,,,,,,2.0,0.0,7.0,NEUT,,SMALL,,,,,,,,,,
HAVELLS,,,,,,-0.98,,,,2026-06-11,,,,,,,,,,,,-0.9,,-19.9,0.0,,,,,,,,,,,,,,,,,,,,,,,,,,,,,-30.0,0.0,-2.0,NEUT,,LARGE,,,,,,,,,,
HAWKINCOOK,,,,,,-0.84,,,,2026-06-11,,,,,,,,,,,,-0.6,,-2.6,0.0,,,,,,,,,,,,,,,,,,,,,,,,,,,,,-4.0,0.0,1.0,NEUT,,SMALL,,,,,,,,,,
HCLTECH,,,,,,-1.98,,,,2026-06-11,,,,,,,,,,,,-2.4,,-16.5,0.0,,,,,,,,,,,,,,,,,,,,,,,,,,,,,-26.0,0.0,7.0,NEUT,,MEGA,,,,,,,,,,
HEROMOTOCO,,,,,,-0.09,,,,2026-06-11,,,,,,,,,,,,-0.6,,-6.5,0.0,,,,,,,,,,,,,,,,,,,,,,,,,,,,,-11.0,0.0,7.0,NEUT,,LARGE,,,,,,,,,,
HEXT,,,,,,-1.73,,,,2026-06-11,,,,,,,,,,,,-2.4,,-16.2,0.0,,,,,,,,,,,,,,,,,,,,,,,,,,,,,-26.0,0.0,10.0,NEUT,,LARGE,,,,,,,,,,
HINDCOPPER,,,,,,-1.56,,,,2026-06-11,,,,,,,,,,,,-2.7,,-13.4,0.0,,,,,,,,,,,,,,,,,,,,,,,,,,,,,-20.0,0.0,0.0,NEUT,,LARGE,,,,,,,,,,
HINDUNILVR,,,,,,-0.75,,,,2026-06-11,,,,,,,,,,,,-0.4,,-3.2,0.0,,,,,,,,,,,,,,,,,,,,,,,,,,,,,-5.0,0.0,1.0,NEUT,,MEGA,,,,,,,,,,
ICICIGI,,,,,,-0.76,,,,2026-06-11,,,,,,,,,,,,-3.4,,-16.9,0.0,,,,,,,,,,,,,,,,,,,,,,,,,,,,,-26.0,0.0,5.0,NEUT,,LARGE,,,,,,,,,,
IEX,,,,,,-0.51,,,,2026-06-11,,,,,,,,,,,,-3.4,,11.4,0.0,,,,,,,,,,,,,,,,,,,,,,,,,,,,,17.0,0.0,8.0,NEUT,,MID,,,,,,,,,,
IFBIND,,,,,,-0.93,,,,2026-06-11,,,,,,,,,,,,-0.6,,5.3,0.0,,,,,,,,,,,,,,,,,,,,,,,,,,,,,8.0,0.0,2.0,NEUT,,MID,,,,,,,,,,
INDHOTEL,,,,,,-0.83,,,,2026-06-11,,,,,,,,,,,,-0.6,,9.6,0.0,,,,,,,,,,,,,,,,,,,,,,,,,,,,,14.0,0.0,5.0,NEUT,,LARGE,,,,,,,,,,
INDIGOPNTS,,,,,,-0.95,,,,2026-06-11,,,,,,,,,,,,-2.7,,1.4,0.0,,,,,,,,,,,,,,,,,,,,,,,,,,,,,2.0,0.0,5.0,NEUT,,SMALL,,,,,,,,,,
INFY,,,,,,-2.24,,,,2026-06-11,,,,,,,,,,,,-2.4,,-16.2,0.0,,,,,,,,,,,,,,,,,,,,,,,,,,,,,-26.0,0.0,10.0,NEUT,,MEGA,,,,,,,,,,
IPCALAB,,,,,,-0.39,,,,2026-06-11,,,,,,,,,,,,3.2,,20.0,1.0,,,,,,,,,,,,,,,,,,,,,,,,,,,,,30.0,0.0,0.0,BULL,,LARGE,,,,,,,,,,
IRIS,,,,,,-2.04,,,,2026-06-11,,,,,,,,,,,,-2.4,,2.2,0.0,,,,,,,,,,,,,,,,,,,,,,,,,,,,,4.0,0.0,0.0,NEUT,,SMALL,,,,,,,,,,
KAJARIACER,,,,,,2.04,,,,2026-06-11,,,,,,,,,,,,-0.9,,-1.7,0.0,,,,,,,,,,,,,,,,,,,,,,,,,,,,,-2.0,0.0,-2.0,NEUT,,MID,,,,,,,,,,
KIRLPNU,,,,,,-1.57,,,,2026-06-11,,,,,,,,,,,,-0.9,,2.0,0.0,,,,,,,,,,,,,,,,,,,,,,,,,,,,,2.0,0.0,8.0,NEUT,,MID,,,,,,,,,,
KKCL,,,,,,-0.1,,,,2026-06-11,,,,,,,,,,,,-0.6,,-0.6,0.0,,,,,,,,,,,,,,,,,,,,,,,,,,,,,-2.0,0.0,7.0,NEUT,,SMALL,,,,,,,,,,
KMEW,,,,,,-0.87,,,,2026-06-11,,,,,,,,,,,,-0.9,,-5.5,0.0,,,,,,,,,,,,,,,,,,,,,,,,,,,,,-8.0,0.0,-1.0,NEUT,,SMALL,,,,,,,,,,
KPRMILL,,,,,,1.57,,,,2026-06-11,,,,,,,,,,,,-0.6,,19.2,0.0,,,,,,,,,,,,,,,,,,,,,,,,,,,,,30.0,0.0,-2.0,NEUT,,LARGE,,,,,,,,,,
LICI,,,,,,-0.71,,,,2026-06-11,,,,,,,,,,,,-3.4,,-16.2,0.0,,,,,,,,,,,,,,,,,,,,,,,,,,,,,-26.0,0.0,11.0,NEUT,,MEGA,,,,,,,,,,
LODHA,,,,,,0.34,,,,2026-06-11,,,,,,,,,,,,-1.4,,-16.4,0.0,,,,,,,,,,,,,,,,,,,,,,,,,,,,,-26.0,0.0,7.0,NEUT,,LARGE,,,,,,,,,,
LTM,,,,,,-2.99,,,,2026-06-11,,,,,,,,,,,,-2.4,,-16.7,0.0,,,,,,,,,,,,,,,,,,,,,,,,,,,,,-26.0,0.0,5.0,NEUT,,MEGA,,,,,,,,,,
LTTS,,,,,,0.62,,,,2026-06-11,,,,,,,,,,,,-2.4,,-7.8,0.0,,,,,,,,,,,,,,,,,,,,,,,,,,,,,-11.0,0.0,-2.0,NEUT,,LARGE,,,,,,,,,,
LUPIN,,,,,,1.15,,,,2026-06-11,,,,,,,,,,,,3.2,,55.2,1.0,,,,,,,,,,,,,,,,,,,,,,,,,,,,,26.0,91.2,12.0,BULL,,MEGA,,,,,,,,,,
MAPMYINDIA,,,,,,-1.84,,,,2026-06-11,,,,,,,,,,,,-2.4,,-1.4,0.0,,,,,,,,,,,,,,,,,,,,,,,,,,,,,-2.0,0.0,3.0,NEUT,,SMALL,,,,,,,,,,
MARKSANS,,,,,,1.92,,,,2026-06-11,,,,,,,,,,,,3.2,,-8.5,0.0,,,,,,,,,,,,,,,,,,,,,,,,,,,,,-15.0,0.0,7.0,NEUT,,MID,,,,,,,,,,
MASTEK,,,,,,0.53,,,,2026-06-11,,,,,,,,,,,,-2.4,,-4.2,0.0,,,,,,,,,,,,,,,,,,,,,,,,,,,,,-8.0,0.0,13.0,NEUT,,SMALL,,,,,,,,,,
MAXHEALTH,,,,,,0.19,,,,2026-06-11,,,,,,,,,,,,3.2,,13.7,0.0,,,,,,,,,,,,,,,,,,,,,,,,,,,,,20.0,0.0,2.0,NEUT,,LARGE,,,,,,,,,,
MAZDOCK,,,,,,-0.41,,,,2026-06-11,,,,,,,,,,,,-0.9,,-16.7,0.0,,,,,,,,,,,,,,,,,,,,,,,,,,,,,-26.0,0.0,3.0,NEUT,,LARGE,,,,,,,,,,
MCX,,,,,,1.19,,,,2026-06-11,,,,,,,,,,,,-3.4,,-15.6,0.0,,,,,,,,,,,,,,,,,,,,,,,,,,,,,-24.0,0.0,5.0,NEUT,,LARGE,,,,,,,,,,
MEDANTA,,,,,,0.08,,,,2026-06-11,,,,,,,,,,,,3.2,,16.3,0.0,,,,,,,,,,,,,,,,,,,,,,,,,,,,,24.0,0.0,2.0,NEUT,,LARGE,,,,,,,,,,
MODIS,,,,,,0.57,,,,2026-06-11,,,,,,,,,,,,-1.4,,-1.1,0.0,,,,,,,,,,,,,,,,,,,,,,,,,,,,,-2.0,0.0,4.0,NEUT,,SMALL,,,,,,,,,,
MPHASIS,,,,,,-1.34,,,,2026-06-11,,,,,,,,,,,,-2.4,,-6.1,0.0,,,,,,,,,,,,,,,,,,,,,,,,,,,,,-10.0,0.0,7.0,NEUT,,LARGE,,,,,,,,,,
MSUMI,,,,,,-1.58,,,,2026-06-11,,,,,,,,,,,,-0.6,,-16.3,0.0,,,,,,,,,,,,,,,,,,,,,,,,,,,,,-26.0,0.0,6.0,NEUT,,LARGE,,,,,,,,,,
NAM-INDIA,,,,,,-0.94,,,,2026-06-11,,,,,,,,,,,,-3.4,,-15.7,0.0,,,,,,,,,,,,,,,,,,,,,,,,,,,,,-24.0,0.0,4.0,NEUT,,LARGE,,,,,,,,,,
NESCO,,,,,,0.38,,,,2026-06-11,,,,,,,,,,,,-0.9,,6.1,0.0,,,,,,,,,,,,,,,,,,,,,,,,,,,,,9.0,0.0,4.0,NEUT,,MID,,,,,,,,,,
NESTLEIND,,,,,,-0.16,,,,2026-06-11,,,,,,,,,,,,-0.4,,12.9,0.0,,,,,,,,,,,,,,,,,,,,,,,,,,,,,20.0,0.0,0.0,NEUT,,MEGA,,,,,,,,,,
NEWGEN,,,,,,-2.6,,,,2026-06-11,,,,,,,,,,,,-2.4,,5.0,0.0,,,,,,,,,,,,,,,,,,,,,,,,,,,,,8.0,0.0,2.0,NEUT,,MID,,,,,,,,,,
NMDC,,,,,,-0.35,,,,2026-06-11,,,,,,,,,,,,-2.7,,-2.0,0.0,,,,,,,,,,,,,,,,,,,,,,,,,,,,,-5.0,0.0,15.0,NEUT,,LARGE,,,,,,,,,,
OBEROIRLTY,,,,,,-0.35,,,,2026-06-11,,,,,,,,,,,,-1.4,,-16.1,0.0,,,,,,,,,,,,,,,,,,,,,,,,,,,,,-26.0,0.0,9.0,NEUT,,LARGE,,,,,,,,,,
OFSS,,,,,,-0.81,,,,2026-06-11,,,,,,,,,,,,-2.4,,-15.1,0.0,,,,,,,,,,,,,,,,,,,,,,,,,,,,,-24.0,0.0,8.0,NEUT,,LARGE,,,,,,,,,,
ONGC,,,,,,0.6,,,,2026-06-11,,,,,,,,,,,,-4.7,,-11.5,0.0,,,,,,,,,,,,,,,,,,,,,,,,,,,,,-19.0,0.0,15.0,NEUT,,MEGA,,,,,,,,,,
ORIENTELEC,,,,,,0.24,,,,2026-06-11,,,,,,,,,,,,-0.6,,3.3,0.0,,,,,,,,,,,,,,,,,,,,,,,,,,,,,4.0,0.0,7.0,NEUT,,SMALL,,,,,,,,,,
PARAGMILK,,,,,,-2.27,,,,2026-06-11,,,,,,,,,,,,-0.4,,5.9,0.0,,,,,,,,,,,,,,,,,,,,,,,,,,,,,8.0,0.0,7.0,NEUT,,SMALL,,,,,,,,,,
PATANJALI,,,,,,-1.0,,,,2026-06-11,,,,,,,,,,,,-0.4,,-14.6,0.0,,,,,,,,,,,,,,,,,,,,,,,,,,,,,-25.0,1.9,9.0,NEUT,,LARGE,,,,,,,,,,
PGHL,,,,,,-0.63,,,,2026-06-11,,,,,,,,,,,,3.2,,2.9,0.0,,,,,,,,,,,,,,,,,,,,,,,,,,,,,3.0,0.0,4.0,NEUT,,MID,,,,,,,,,,
POWERMECH,,,,,,2.27,,,,2026-06-11,,,,,,,,,,,,-0.9,,-5.7,0.0,,,,,,,,,,,,,,,,,,,,,,,,,,,,,-10.0,0.0,9.0,NEUT,,MID,,,,,,,,,,
PRICOLLTD,,,,,,-1.74,,,,2026-06-11,,,,,,,,,,,,-0.6,,3.4,0.0,,,,,,,,,,,,,,,,,,,,,,,,,,,,,4.0,0.0,8.0,NEUT,,MID,,,,,,,,,,
PRUDENT,,,,,,0.45,,,,2026-06-11,,,,,,,,,,,,-3.4,,-5.7,0.0,,,,,,,,,,,,,,,,,,,,,,,,,,,,,-8.0,0.0,0.0,NEUT,,MID,,,,,,,,,,
QUESS,,,,,,2.63,,,,2026-06-11,,,,,,,,,,,,-0.9,,-13.5,0.0,,,,,,,,,,,,,,,,,,,,,,,,,,,,,-22.0,0.0,9.0,NEUT,,SMALL,,,,,,,,,,
RADICO,,,,,,-0.35,,,,2026-06-11,,,,,,,,,,,,-0.4,,-15.7,0.0,,,,,,,,,,,,,,,,,,,,,,,,,,,,,-24.0,0.0,0.0,NEUT,,LARGE,,,,,,,,,,
REDINGTON,,,,,,1.99,,,,2026-06-11,,,,,,,,,,,,-2.4,,6.2,0.0,,,,,,,,,,,,,,,,,,,,,,,,,,,,,8.0,0.0,13.0,NEUT,,MID,,,,,,,,,,
ROSSARI,,,,,,-1.49,,,,2026-06-11,,,,,,,,,,,,-2.7,,2.9,0.0,,,,,,,,,,,,,,,,,,,,,,,,,,,,,4.0,0.0,7.0,NEUT,,SMALL,,,,,,,,,,
RPGLIFE,,,,,,7.17,,,,2026-06-11,,,,,,,,,,,,3.2,,-4.4,0.0,,,,,,,,,,,,,,,,,,,,,,,,,,,,,-8.0,0.0,3.0,NEUT,,SMALL,,,,,,,,,,
SARDAEN,,,,,,-0.36,,,,2026-06-11,,,,,,,,,,,,-2.7,,-0.7,0.0,,,,,,,,,,,,,,,,,,,,,,,,,,,,,-2.0,0.0,9.0,NEUT,,MID,,,,,,,,,,
SAREGAMA,,,,,,0.89,,,,2026-06-11,,,,,,,,,,,,-0.1,,1.1,0.0,,,,,,,,,,,,,,,,,,,,,,,,,,,,,2.0,0.0,-2.0,NEUT,,MID,,,,,,,,,,
SCI,,,,,,1.44,,,,2026-06-11,,,,,,,,,,,,-0.9,,-3.9,0.0,,,,,,,,,,,,,,,,,,,,,,,,,,,,,-8.0,0.0,13.0,NEUT,,MID,,,,,,,,,,
SEAMECLTD,,,,,,1.1,,,,2026-06-11,,,,,,,,,,,,-0.9,,2.1,0.0,,,,,,,,,,,,,,,,,,,,,,,,,,,,,2.0,0.0,9.0,NEUT,,SMALL,,,,,,,,,,
SHARDACROP,,,,,,-1.83,,,,2026-06-11,,,,,,,,,,,,-2.7,,-0.5,0.0,,,,,,,,,,,,,,,,,,,,,,,,,,,,,-2.0,0.0,11.0,NEUT,,MID,,,,,,,,,,
SHARDAMOTR,,,,,,-1.86,,,,2026-06-11,,,,,,,,,,,,-0.6,,11.8,0.0,,,,,,,,,,,,,,,,,,,,,,,,,,,,,17.0,0.0,8.0,NEUT,,SMALL,,,,,,,,,,
SOMANYCERA,,,,,,0.39,,,,2026-06-11,,,,,,,,,,,,-0.9,,1.5,0.0,,,,,,,,,,,,,,,,,,,,,,,,,,,,,2.0,0.0,3.0,NEUT,,SMALL,,,,,,,,,,
SSWL,,,,,,1.52,,,,2026-06-11,,,,,,,,,,,,-0.6,,-1.9,0.0,,,,,,,,,,,,,,,,,,,,,,,,,,,,,-4.0,0.0,7.0,NEUT,,SMALL,,,,,,,,,,
STYLAMIND,,,,,,-0.19,,,,2026-06-11,,,,,,,,,,,,-0.6,,-9.2,0.0,,,,,,,,,,,,,,,,,,,,,,,,,,,,,-14.0,0.0,0.0,NEUT,,MID,,,,,,,,,,
SUBROS,,,,,,-0.8,,,,2026-06-11,,,,,,,,,,,,-0.6,,7.9,0.0,,,,,,,,,,,,,,,,,,,,,,,,,,,,,12.0,0.0,2.0,NEUT,,SMALL,,,,,,,,,,
SUNDRMFAST,,,,,,0.22,,,,2026-06-11,,,,,,,,,,,,-0.6,,-4.7,0.0,,,,,,,,,,,,,,,,,,,,,,,,,,,,,-8.0,0.0,5.0,NEUT,,MID,,,,,,,,,,
SUPRIYA,,,,,,1.51,,,,2026-06-11,,,,,,,,,,,,3.2,,-4.8,0.0,,,,,,,,,,,,,,,,,,,,,,,,,,,,,-9.0,0.0,5.0,NEUT,,MID,,,,,,,,,,
SWARAJENG,,,,,,-0.61,,,,2026-06-11,,,,,,,,,,,,-0.6,,-0.5,0.0,,,,,,,,,,,,,,,,,,,,,,,,,,,,,-2.0,0.0,8.0,NEUT,,SMALL,,,,,,,,,,
TCI,,,,,,-1.28,,,,2026-06-11,,,,,,,,,,,,-0.9,,6.0,0.0,,,,,,,,,,,,,,,,,,,,,,,,,,,,,8.0,0.0,9.0,NEUT,,MID,,,,,,,,,,
TCS,,,,,,-0.74,,,,2026-06-11,,,,,,,,,,,,-2.4,,-13.8,0.0,,,,,,,,,,,,,,,,,,,,,,,,,,,,,-26.0,6.0,10.0,NEUT,,MEGA,,,,,,,,,,
TECHM,,,,,,-0.2,,,,2026-06-11,,,,,,,,,,,,-2.4,,-10.6,0.0,,,,,,,,,,,,,,,,,,,,,,,,,,,,,-16.0,0.0,2.0,NEUT,,MEGA,,,,,,,,,,
TIIL,,,,,,-0.48,,,,2026-06-11,,,,,,,,,,,,-0.9,,-4.6,0.0,,,,,,,,,,,,,,,,,,,,,,,,,,,,,-8.0,0.0,7.0,NEUT,,MID,,,,,,,,,,
TIMETECHNO,,,,,,-1.7,,,,2026-06-11,,,,,,,,,,,,-0.6,,8.7,0.0,,,,,,,,,,,,,,,,,,,,,,,,,,,,,12.0,0.0,9.0,NEUT,,MID,,,,,,,,,,
TIPSMUSIC,,,,,,0.23,,,,2026-06-11,,,,,,,,,,,,-0.1,,9.5,0.0,,,,,,,,,,,,,,,,,,,,,,,,,,,,,14.0,0.0,4.0,NEUT,,MID,,,,,,,,,,
TRENT,,,,,,-1.73,,,,2026-06-11,,,,,,,,,,,,-0.6,,-16.4,0.0,,,,,,,,,,,,,,,,,,,,,,,,,,,,,-26.0,0.0,5.0,NEUT,,MEGA,,,,,,,,,,
TRITURBINE,,,,,,-0.98,,,,2026-06-11,,,,,,,,,,,,-0.9,,-15.7,0.0,,,,,,,,,,,,,,,,,,,,,,,,,,,,,-24.0,0.0,0.0,NEUT,,LARGE,,,,,,,,,,
ULTRACEMCO,,,,,,0.1,,,,2026-06-11,,,,,,,,,,,,-2.7,,-19.4,0.0,,,,,,,,,,,,,,,,,,,,,,,,,,,,,-30.0,0.0,5.0,NEUT,,MEGA,,,,,,,,,,
USHAMART,,,,,,0.61,,,,2026-06-11,,,,,,,,,,,,-2.7,,1.1,0.0,,,,,,,,,,,,,,,,,,,,,,,,,,,,,2.0,0.0,2.0,NEUT,,MID,,,,,,,,,,
VAIBHAVGBL,,,,,,1.31,,,,2026-06-11,,,,,,,,,,,,-0.6,,2.3,0.0,,,,,,,,,,,,,,,,,,,,,,,,,,,,,2.0,0.0,10.0,NEUT,,SMALL,,,,,,,,,,
VBL,,,,,,0.02,,,,2026-06-11,,,,,,,,,,,,-0.4,,-6.6,0.0,,,,,,,,,,,,,,,,,,,,,,,,,,,,,-10.0,0.0,0.0,NEUT,,MEGA,,,,,,,,,,
VENUSPIPES,,,,,,0.05,,,,2026-06-11,,,,,,,,,,,,-2.7,,1.6,0.0,,,,,,,,,,,,,,,,,,,,,,,,,,,,,2.0,0.0,7.0,NEUT,,SMALL,,,,,,,,,,
VGUARD,,,,,,-0.4,,,,2026-06-11,,,,,,,,,,,,-0.9,,2.5,0.0,,,,,,,,,,,,,,,,,,,,,,,,,,,,,4.0,0.0,0.0,NEUT,,MID,,,,,,,,,,
VISHNU,,,,,,1.24,,,,2026-06-11,,,,,,,,,,,,-2.7,,1.6,0.0,,,,,,,,,,,,,,,,,,,,,,,,,,,,,2.0,0.0,7.0,NEUT,,SMALL,,,,,,,,,,
WABAG,,,,,,-0.39,,,,2026-06-11,,,,,,,,,,,,-0.9,,5.5,0.0,,,,,,,,,,,,,,,,,,,,,,,,,,,,,8.0,0.0,4.0,NEUT,,MID,,,,,,,,,,
WELCORP,,,,,,1.63,,,,2026-06-11,,,,,,,,,,,,-2.7,,16.2,0.0,,,,,,,,,,,,,,,,,,,,,,,,,,,,,24.0,0.0,9.0,NEUT,,LARGE,,,,,,,,,,
ZENSARTECH,,,,,,-2.95,,,,2026-06-11,,,,,,,,,,,,-2.4,,11.3,0.0,,,,,,,,,,,,,,,,,,,,,,,,,,,,,17.0,0.0,6.0,NEUT,,MID,,,,,,,,,,
ZYDUSLIFE,,,,,,0.1,,,,2026-06-11,,,,,,,,,,,,3.2,,13.9,0.0,,,,,,,,,,,,,,,,,,,,,,,,,,,,,19.0,0.0,9.0,NEUT,,MEGA,,,,,,,,,,
509525,,,,,,2.06,,,,2026-06-11,,,,,,,,,,,,2.1,,8.4,0.0,,,,,,,,,,,,,,,,,,,,,,,,,,,,,12.0,0.0,2.0,NEUT,,SMALL,,,,,,,,,,
543787,,,,,,1.96,,,,2026-06-11,,,,,,,,,,,,2.1,,-8.3,0.0,,,,,,,,,,,,,,,,,,,,,,,,,,,,,-13.0,0.0,-2.0,NEUT,,SMALL,,,,,,,,,,
543831,,,,,,0.0,,,,2026-06-11,,,,,,,,,,,,2.1,,-2.3,0.0,,,,,,,,,,,,,,,,,,,,,,,,,,,,,-4.0,0.0,0.0,NEUT,,SMALL,,,,,,,,,,
ABBOTINDIA,,,,,,-0.42,,,,2026-06-11,,,,,,,,,,,,3.2,,-2.0,0.0,,,,,,,,,,,,,,,,,,,,,,,,,,,,,-4.0,0.0,1.0,NEUT,,LARGE,,,,,,,,,,
ADFFOODS,,,,,,-1.89,,,,2026-06-11,,,,,,,,,,,,-0.4,,3.8,0.0,,,,,,,,,,,,,,,,,,,,,,,,,,,,,6.0,0.0,0.0,NEUT,,SMALL,,,,,,,,,,
ADOR,,,,,,-0.66,,,,2026-06-11,,,,,,,,,,,,-0.9,,4.3,0.0,,,,,,,,,,,,,,,,,,,,,,,,,,,,,6.0,0.0,5.0,NEUT,,SMALL,,,,,,,,,,
ADVENZYMES,,,,,,-1.91,,,,2026-06-11,,,,,,,,,,,,-2.7,,11.6,0.0,,,,,,,,,,,,,,,,,,,,,,,,,,,,,18.0,0.0,3.0,NEUT,,SMALL,,,,,,,,,,
AGI,,,,,,-0.36,,,,2026-06-11,,,,,,,,,,,,-0.6,,1.3,0.0,,,,,,,,,,,,,,,,,,,,,,,,,,,,,0.0,0.0,13.0,NEUT,,SMALL,,,,,,,,,,
AIAENG,,,,,,-1.52,,,,2026-06-11,,,,,,,,,,,,-0.9,,-6.7,0.0,,,,,,,,,,,,,,,,,,,,,,,,,,,,,-11.0,0.0,5.0,NEUT,,LARGE,,,,,,,,,,
ALIVUS,,,,,,0.73,,,,2026-06-11,,,,,,,,,,,,3.2,,-1.3,0.0,,,,,,,,,,,,,,,,,,,,,,,,,,,,,-4.0,0.0,7.0,NEUT,,MID,,,,,,,,,,
ALKEM,,,,,,0.08,,,,2026-06-11,,,,,,,,,,,,3.2,,-4.2,0.0,,,,,,,,,,,,,,,,,,,,,,,,,,,,,-8.0,0.0,4.0,NEUT,,LARGE,,,,,,,,,,
AMRUTANJAN,,,,,,-0.88,,,,2026-06-11,,,,,,,,,,,,3.2,,1.3,0.0,,,,,,,,,,,,,,,,,,,,,,,,,,,,,0.0,0.0,7.0,NEUT,,SMALL,,,,,,,,,,
ANANTRAJ,,,,,,0.29,,,,2026-06-11,,,,,,,,,,,,-1.4,,4.2,0.0,,,,,,,,,,,,,,,,,,,,,,,,,,,,,6.0,0.0,5.0,NEUT,,MID,,,,,,,,,,
APLLTD,,,,,,0.0,,,,2026-06-11,,,,,,,,,,,,3.2,,-1.3,0.0,,,,,,,,,,,,,,,,,,,,,,,,,,,,,-4.0,0.0,7.0,NEUT,,MID,,,,,,,,,,
ARE&M,,,,,,-1.17,,,,2026-06-11,,,,,,,,,,,,-0.9,,5.4,0.0,,,,,,,,,,,,,,,,,,,,,,,,,,,,,8.0,0.0,3.0,NEUT,,MID,,,,,,,,,,
ARTEMISMED,,,,,,-1.16,,,,2026-06-11,,,,,,,,,,,,2.1,,10.7,0.0,,,,,,,,,,,,,,,,,,,,,,,,,,,,,16.0,0.0,0.0,NEUT,,SMALL,,,,,,,,,,
ASTRAMICRO,,,,,,-0.58,,,,2026-06-11,,,,,,,,,,,,-2.4,,4.4,0.0,,,,,,,,,,,,,,,,,,,,,,,,,,,,,7.0,0.0,2.0,NEUT,,MID,,,,,,,,,,
AURIONPRO,,,,,,2.24,,,,2026-06-11,,,,,,,,,,,,-2.4,,-2.5,0.0,,,,,,,,,,,,,,,,,,,,,,,,,,,,,-4.0,0.0,4.0,NEUT,,SMALL,,,,,,,,,,
AUTOAXLES,,,,,,-0.92,,,,2026-06-11,,,,,,,,,,,,-0.6,,5.7,0.0,,,,,,,,,,,,,,,,,,,,,,,,,,,,,8.0,0.0,5.0,NEUT,,SMALL,,,,,,,,,,
BAJAJCON,,,,,,2.12,,,,2026-06-11,,,,,,,,,,,,-0.4,,-4.0,0.0,,,,,,,,,,,,,,,,,,,,,,,,,,,,,-6.0,0.0,0.0,NEUT,,MID,,,,,,,,,,
BASF,,,,,,-0.05,,,,2026-06-11,,,,,,,,,,,,-2.7,,4.8,0.0,,,,,,,,,,,,,,,,,,,,,,,,,,,,,8.0,0.0,0.0,NEUT,,MID,,,,,,,,,,
BAYERCROP,,,,,,-0.92,,,,2026-06-11,,,,,,,,,,,,-2.7,,4.9,0.0,,,,,,,,,,,,,,,,,,,,,,,,,,,,,8.0,0.0,1.0,NEUT,,MID,,,,,,,,,,
BBTC,,,,,,-1.45,,,,2026-06-11,,,,,,,,,,,,-0.4,,6.9,0.0,,,,,,,,,,,,,,,,,,,,,,,,,,,,,8.0,0.0,16.0,NEUT,,MID,,,,,,,,,,
BECTORFOOD,,,,,,-0.1,,,,2026-06-11,,,,,,,,,,,,-0.4,,1.8,0.0,,,,,,,,,,,,,,,,,,,,,,,,,,,,,2.0,0.0,5.0,NEUT,,MID,,,,,,,,,,
BEL,,,,,,-1.03,,,,2026-06-11,,,,,,,,,,,,-0.9,,-17.0,0.0,,,,,,,,,,,,,,,,,,,,,,,,,,,,,-27.0,0.0,6.0,NEUT,,MEGA,,,,,,,,,,
BERGEPAINT,,,,,,-0.45,,,,2026-06-11,,,,,,,,,,,,-2.7,,14.2,0.0,,,,,,,,,,,,,,,,,,,,,,,,,,,,,23.0,0.0,-3.0,NEUT,,LARGE,,,,,,,,,,
BIKAJI,,,,,,0.78,,,,2026-06-11,,,,,,,,,,,,-0.4,,0.2,0.0,,,,,,,,,,,,,,,,,,,,,,,,,,,,,0.0,0.0,2.0,NEUT,,MID,,,,,,,,,,
BLISSGVS,,,,,,2.56,,,,2026-06-11,,,,,,,,,,,,3.2,,5.4,0.0,,,,,,,,,,,,,,,,,,,,,,,,,,,,,7.0,0.0,3.0,NEUT,,SMALL,,,,,,,,,,
BLS,,,,,,-1.42,,,,2026-06-11,,,,,,,,,,,,-0.9,,11.4,0.0,,,,,,,,,,,,,,,,,,,,,,,,,,,,,16.0,0.0,10.0,NEUT,,MID,,,,,,,,,,
BLUESTARCO,,,,,,-1.24,,,,2026-06-11,,,,,,,,,,,,-0.9,,-14.9,0.0,,,,,,,,,,,,,,,,,,,,,,,,,,,,,-23.0,0.0,2.0,NEUT,,LARGE,,,,,,,,,,
BOSCHLTD,,,,,,0.04,,,,2026-06-11,,,,,,,,,,,,-0.6,,28.6,1.0,,,,,,,,,,,,,,,,,,,,,,,,,,,,,29.0,23.9,3.0,BULL,,MEGA,,,,,,,,,,
BRITANNIA,,,,,,-0.19,,,,2026-06-11,,,,,,,,,,,,-0.4,,2.4,0.0,,,,,,,,,,,,,,,,,,,,,,,,,,,,,2.0,1.2,6.0,NEUT,,MEGA,,,,,,,,,,
BSE,,,,,,0.04,,,,2026-06-11,,,,,,,,,,,,-3.4,,-12.7,0.0,,,,,,,,,,,,,,,,,,,,,,,,,,,,,-21.0,3.0,3.0,NEUT,,MEGA,,,,,,,,,,
BSOFT,,,,,,-1.51,,,,2026-06-11,,,,,,,,,,,,-2.4,,8.9,0.0,,,,,,,,,,,,,,,,,,,,,,,,,,,,,14.0,0.0,2.0,NEUT,,MID,,,,,,,,,,
CAMPUS,,,,,,-0.91,,,,2026-06-11,,,,,,,,,,,,-0.6,,5.7,0.0,,,,,,,,,,,,,,,,,,,,,,,,,,,,,8.0,0.0,5.0,NEUT,,MID,,,,,,,,,,
CAMS,,,,,,-1.69,,,,2026-06-11,,,,,,,,,,,,-2.4,,4.9,0.0,,,,,,,,,,,,,,,,,,,,,,,,,,,,,8.0,0.0,1.0,NEUT,,MID,,,,,,,,,,
CAPLIPOINT,,,,,,1.82,,,,2026-06-11,,,,,,,,,,,,3.2,,-10.6,0.0,,,,,,,,,,,,,,,,,,,,,,,,,,,,,-18.0,0.0,5.0,NEUT,,MID,,,,,,,,,,
CARERATING,,,,,,-0.27,,,,2026-06-11,,,,,,,,,,,,-3.4,,-3.6,0.0,,,,,,,,,,,,,,,,,,,,,,,,,,,,,-4.0,-0.7,-2.0,NEUT,,SMALL,,,,,,,,,,
CARYSIL,,,,,,-1.17,,,,2026-06-11,,,,,,,,,,,,-0.6,,-2.8,0.0,,,,,,,,,,,,,,,,,,,,,,,,,,,,,-5.0,0.0,5.0,NEUT,,SMALL,,,,,,,,,,
CASTROLIND,,,,,,-0.38,,,,2026-06-11,,,,,,,,,,,,-4.7,,4.4,0.0,,,,,,,,,,,,,,,,,,,,,,,,,,,,,8.0,0.0,0.0,NEUT,,MID,,,,,,,,,,
CEMPRO,,,,,,-4.34,,,,2026-06-11,,,,,,,,,,,,-0.9,,22.2,1.0,,,,,,,,,,,,,,,,,,,,,,,,,,,,,33.0,0.0,8.0,BULL,,LARGE,,,,,,,,,,
CIEINDIA,,,,,,0.22,,,,2026-06-11,,,,,,,,,,,,-0.6,,5.1,0.0,,,,,,,,,,,,,,,,,,,,,,,,,,,,,8.0,0.0,0.0,NEUT,,MID,,,,,,,,,,
COLPAL,,,,,,-0.68,,,,2026-06-11,,,,,,,,,,,,-0.4,,4.6,0.0,,,,,,,,,,,,,,,,,,,,,,,,,,,,,7.0,0.0,1.0,NEUT,,LARGE,,,,,,,,,,
CRISIL,,,,,,-0.8,,,,2026-06-11,,,,,,,,,,,,-3.4,,9.1,0.0,,,,,,,,,,,,,,,,,,,,,,,,,,,,,13.0,3.5,-2.0,NEUT,,LARGE,,,,,,,,,,
CUMMINSIND,,,,,,0.28,,,,2026-06-11,,,,,,,,,,,,-0.9,,-4.4,0.0,,,,,,,,,,,,,,,,,,,,,,,,,,,,,-7.0,0.0,3.0,NEUT,,MEGA,,,,,,,,,,
DABUR,,,,,,-0.34,,,,2026-06-11,,,,,,,,,,,,-0.4,,12.2,0.0,,,,,,,,,,,,,,,,,,,,,,,,,,,,,-8.0,42.9,3.0,NEUT,,LARGE,,,,,,,,,,
DBCORP,,,,,,-0.77,,,,2026-06-11,,,,,,,,,,,,-0.1,,15.3,0.0,,,,,,,,,,,,,,,,,,,,,,,,,,,,,21.0,0.0,15.0,NEUT,,SMALL,,,,,,,,,,
DHANUKA,,,,,,-1.1,,,,2026-06-11,,,,,,,,,,,,-2.7,,7.2,0.0,,,,,,,,,,,,,,,,,,,,,,,,,,,,,8.0,4.1,7.0,NEUT,,SMALL,,,,,,,,,,
DIXON,,,,,,-0.1,,,,2026-06-11,,,,,,,,,,,,-2.4,,1.8,0.0,,,,,,,,,,,,,,,,,,,,,,,,,,,,,2.0,0.0,8.0,NEUT,,LARGE,,,,,,,,,,
DOLLAR,,,,,,-1.61,,,,2026-06-11,,,,,,,,,,,,-0.6,,-5.8,0.0,,,,,,,,,,,,,,,,,,,,,,,,,,,,,13.0,-38.3,11.0,NEUT,,SMALL,,,,,,,,,,
ECLERX,,,,,,-0.07,,,,2026-06-11,,,,,,,,,,,,-2.4,,11.3,0.0,,,,,,,,,,,,,,,,,,,,,,,,,,,,,16.0,0.0,12.0,NEUT,,MID,,,,,,,,,,
EICHERMOT,,,,,,-0.99,,,,2026-06-11,,,,,,,,,,,,-0.6,,5.4,0.0,,,,,,,,,,,,,,,,,,,,,,,,,,,,,8.0,0.0,3.0,NEUT,,MEGA,,,,,,,,,,
ELLEN,,,,,,-1.01,,,,2026-06-11,,,,,,,,,,,,-2.7,,-2.6,0.0,,,,,,,,,,,,,,,,,,,,,,,,,,,,,-4.0,0.0,4.0,NEUT,,SMALL,,,,,,,,,,
EMUDHRA,,,,,,0.13,,,,2026-06-11,,,,,,,,,,,,-2.4,,1.1,0.0,,,,,,,,,,,,,,,,,,,,,,,,,,,,,2.0,0.0,2.0,NEUT,,SMALL,,,,,,,,,,
ENDURANCE,,,,,,0.03,,,,2026-06-11,,,,,,,,,,,,-0.6,,-14.5,0.0,,,,,,,,,,,,,,,,,,,,,,,,,,,,,-23.0,0.0,5.0,NEUT,,LARGE,,,,,,,,,,
ESCORTS,,,,,,0.15,,,,2026-06-11,,,,,,,,,,,,-0.9,,-14.5,0.0,,,,,,,,,,,,,,,,,,,,,,,,,,,,,-23.0,0.0,5.0,NEUT,,LARGE,,,,,,,,,,
FDC,,,,,,-0.7,,,,2026-06-11,,,,,,,,,,,,3.2,,4.7,0.0,,,,,,,,,,,,,,,,,,,,,,,,,,,,,6.0,0.0,3.0,NEUT,,MID,,,,,,,,,,
FIEMIND,,,,,,1.08,,,,2026-06-11,,,,,,,,,,,,-0.6,,4.4,0.0,,,,,,,,,,,,,,,,,,,,,,,,,,,,,6.0,0.0,5.0,NEUT,,MID,,,,,,,,,,
FINCABLES,,,,,,3.43,,,,2026-06-11,,,,,,,,,,,,-0.9,,-1.8,0.0,,,,,,,,,,,,,,,,,,,,,,,,,,,,,-4.0,0.0,9.0,NEUT,,MID,,,,,,,,,,
FORCEMOT,,,,,,-1.58,,,,2026-06-11,,,,,,,,,,,,-0.6,,-14.2,0.0,,,,,,,,,,,,,,,,,,,,,,,,,,,,,-23.0,0.0,8.0,NEUT,,LARGE,,,,,,,,,,
GESHIP,,,,,,1.84,,,,2026-06-11,,,,,,,,,,,,-0.9,,6.2,0.0,,,,,,,,,,,,,,,,,,,,,,,,,,,,,8.0,0.0,10.0,NEUT,,MID,,,,,,,,,,
GILLETTE,,,,,,-0.53,,,,2026-06-11,,,,,,,,,,,,-0.4,,-14.6,0.0,,,,,,,,,,,,,,,,,,,,,,,,,,,,,-23.0,0.0,4.0,NEUT,,LARGE,,,,,,,,,,
GLAXO,,,,,,-2.25,,,,2026-06-11,,,,,,,,,,,,3.2,,-13.3,0.0,,,,,,,,,,,,,,,,,,,,,,,,,,,,,-22.0,0.0,4.0,NEUT,,LARGE,,,,,,,,,,
GODREJCP,,,,,,-1.37,,,,2026-06-11,,,,,,,,,,,,-0.4,,-1.4,0.0,,,,,,,,,,,,,,,,,,,,,,,,,,,,,-2.0,0.0,0.0,NEUT,,MEGA,,,,,,,,,,
GPIL,,,,,,0.81,,,,2026-06-11,,,,,,,,,,,,-2.7,,-2.6,0.0,,,,,,,,,,,,,,,,,,,,,,,,,,,,,-4.0,0.0,4.0,NEUT,,MID,,,,,,,,,,
GPPL,,,,,,-0.22,,,,2026-06-11,,,,,,,,,,,,-0.9,,6.5,0.0,,,,,,,,,,,,,,,,,,,,,,,,,,,,,8.0,0.0,13.0,NEUT,,MID,,,,,,,,,,
GRANULES,,,,,,1.25,,,,2026-06-11,,,,,,,,,,,,3.2,,5.2,0.0,,,,,,,,,,,,,,,,,,,,,,,,,,,,,6.0,0.0,7.0,NEUT,,MID,,,,,,,,,,
GRINDWELL,,,,,,-0.05,,,,2026-06-11,,,,,,,,,,,,-0.9,,17.1,0.0,,,,,,,,,,,,,,,,,,,,,,,,,,,,,27.0,0.0,-3.0,NEUT,,LARGE,,,,,,,,,,
GRSE,,,,,,-2.11,,,,2026-06-11,,,,,,,,,,,,-0.9,,-10.8,0.0,,,,,,,,,,,,,,,,,,,,,,,,,,,,,-17.0,0.0,4.0,NEUT,,LARGE,,,,,,,,,,
HAL,,,,,,-0.56,,,,2026-06-11,,,,,,,,,,,,-0.9,,-14.4,0.0,,,,,,,,,,,,,,,,,,,,,,,,,,,,,-23.0,0.0,6.0,NEUT,,MEGA,,,,,,,,,,
HARSHA,,,,,,-1.03,,,,2026-06-11,,,,,,,,,,,,-0.9,,4.5,0.0,,,,,,,,,,,,,,,,,,,,,,,,,,,,,6.0,0.0,7.0,NEUT,,SMALL,,,,,,,,,,
HAVELLS,,,,,,-0.98,,,,2026-06-11,,,,,,,,,,,,-0.9,,-17.9,0.0,,,,,,,,,,,,,,,,,,,,,,,,,,,,,-27.0,0.0,-2.0,NEUT,,LARGE,,,,,,,,,,
HAWKINCOOK,,,,,,-0.84,,,,2026-06-11,,,,,,,,,,,,-0.6,,0.0,0.0,,,,,,,,,,,,,,,,,,,,,,,,,,,,,0.0,0.0,1.0,NEUT,,SMALL,,,,,,,,,,
HCLTECH,,,,,,-1.98,,,,2026-06-11,,,,,,,,,,,,-2.4,,-14.6,0.0,,,,,,,,,,,,,,,,,,,,,,,,,,,,,-23.0,0.0,7.0,NEUT,,MEGA,,,,,,,,,,
HEROMOTOCO,,,,,,-0.09,,,,2026-06-11,,,,,,,,,,,,-0.6,,-4.5,0.0,,,,,,,,,,,,,,,,,,,,,,,,,,,,,-8.0,0.0,7.0,NEUT,,LARGE,,,,,,,,,,
HEXT,,,,,,-1.73,,,,2026-06-11,,,,,,,,,,,,-2.4,,-14.2,0.0,,,,,,,,,,,,,,,,,,,,,,,,,,,,,-23.0,0.0,10.0,NEUT,,LARGE,,,,,,,,,,
HINDCOPPER,,,,,,-1.56,,,,2026-06-11,,,,,,,,,,,,-2.7,,-11.5,0.0,,,,,,,,,,,,,,,,,,,,,,,,,,,,,-17.0,0.0,0.0,NEUT,,LARGE,,,,,,,,,,
HINDUNILVR,,,,,,-0.75,,,,2026-06-11,,,,,,,,,,,,-0.4,,-1.3,0.0,,,,,,,,,,,,,,,,,,,,,,,,,,,,,-2.0,0.0,1.0,NEUT,,MEGA,,,,,,,,,,
ICICIGI,,,,,,-0.76,,,,2026-06-11,,,,,,,,,,,,-3.4,,-14.9,0.0,,,,,,,,,,,,,,,,,,,,,,,,,,,,,-23.0,0.0,5.0,NEUT,,LARGE,,,,,,,,,,
IEX,,,,,,-0.51,,,,2026-06-11,,,,,,,,,,,,-3.4,,14.0,0.0,,,,,,,,,,,,,,,,,,,,,,,,,,,,,21.0,0.0,8.0,NEUT,,MID,,,,,,,,,,
IFBIND,,,,,,-0.93,,,,2026-06-11,,,,,,,,,,,,-0.6,,7.9,0.0,,,,,,,,,,,,,,,,,,,,,,,,,,,,,12.0,0.0,2.0,NEUT,,MID,,,,,,,,,,
INDHOTEL,,,,,,-0.83,,,,2026-06-11,,,,,,,,,,,,-0.6,,11.5,0.0,,,,,,,,,,,,,,,,,,,,,,,,,,,,,17.0,0.0,5.0,NEUT,,LARGE,,,,,,,,,,
INDIGOPNTS,,,,,,-0.95,,,,2026-06-11,,,,,,,,,,,,-2.7,,4.0,0.0,,,,,,,,,,,,,,,,,,,,,,,,,,,,,6.0,0.0,5.0,NEUT,,SMALL,,,,,,,,,,
INFY,,,,,,-2.24,,,,2026-06-11,,,,,,,,,,,,-2.4,,-14.2,0.0,,,,,,,,,,,,,,,,,,,,,,,,,,,,,-23.0,0.0,10.0,NEUT,,MEGA,,,,,,,,,,
IPCALAB,,,,,,-0.39,,,,2026-06-11,,,,,,,,,,,,3.2,,22.0,1.0,,,,,,,,,,,,,,,,,,,,,,,,,,,,,33.0,0.0,0.0,BULL,,LARGE,,,,,,,,,,
IRIS,,,,,,-2.04,,,,2026-06-11,,,,,,,,,,,,-2.4,,4.8,0.0,,,,,,,,,,,,,,,,,,,,,,,,,,,,,8.0,0.0,0.0,NEUT,,SMALL,,,,,,,,,,
KAJARIACER,,,,,,2.04,,,,2026-06-11,,,,,,,,,,,,-0.9,,0.9,0.0,,,,,,,,,,,,,,,,,,,,,,,,,,,,,2.0,0.0,-2.0,NEUT,,MID,,,,,,,,,,
KIRLPNU,,,,,,-1.57,,,,2026-06-11,,,,,,,,,,,,-0.9,,4.6,0.0,,,,,,,,,,,,,,,,,,,,,,,,,,,,,6.0,0.0,8.0,NEUT,,MID,,,,,,,,,,
KKCL,,,,,,-0.1,,,,2026-06-11,,,,,,,,,,,,-0.6,,2.0,0.0,,,,,,,,,,,,,,,,,,,,,,,,,,,,,2.0,0.0,7.0,NEUT,,SMALL,,,,,,,,,,
KMEW,,,,,,-0.87,,,,2026-06-11,,,,,,,,,,,,-0.9,,-2.9,0.0,,,,,,,,,,,,,,,,,,,,,,,,,,,,,-4.0,0.0,-1.0,NEUT,,SMALL,,,,,,,,,,
KPRMILL,,,,,,1.57,,,,2026-06-11,,,,,,,,,,,,-0.6,,21.1,1.0,,,,,,,,,,,,,,,,,,,,,,,,,,,,,33.0,0.0,-2.0,BULL,,LARGE,,,,,,,,,,
LICI,,,,,,-0.71,,,,2026-06-11,,,,,,,,,,,,-3.4,,-14.3,0.0,,,,,,,,,,,,,,,,,,,,,,,,,,,,,-23.0,0.0,11.0,NEUT,,MEGA,,,,,,,,,,
LODHA,,,,,,0.34,,,,2026-06-11,,,,,,,,,,,,-1.4,,-14.4,0.0,,,,,,,,,,,,,,,,,,,,,,,,,,,,,-23.0,0.0,7.0,NEUT,,LARGE,,,,,,,,,,
LTM,,,,,,-2.99,,,,2026-06-11,,,,,,,,,,,,-2.4,,-18.7,0.0,,,,,,,,,,,,,,,,,,,,,,,,,,,,,-29.0,0.0,5.0,NEUT,,MEGA,,,,,,,,,,
LTTS,,,,,,0.62,,,,2026-06-11,,,,,,,,,,,,-2.4,,-5.8,0.0,,,,,,,,,,,,,,,,,,,,,,,,,,,,,-8.0,0.0,-2.0,NEUT,,LARGE,,,,,,,,,,
LUPIN,,,,,,1.15,,,,2026-06-11,,,,,,,,,,,,3.2,,57.2,1.0,,,,,,,,,,,,,,,,,,,,,,,,,,,,,29.0,91.2,12.0,BULL,,MEGA,,,,,,,,,,
MAPMYINDIA,,,,,,-1.84,,,,2026-06-11,,,,,,,,,,,,-2.4,,1.2,0.0,,,,,,,,,,,,,,,,,,,,,,,,,,,,,2.0,0.0,3.0,NEUT,,SMALL,,,,,,,,,,
MARKSANS,,,,,,1.92,,,,2026-06-11,,,,,,,,,,,,3.2,,-5.9,0.0,,,,,,,,,,,,,,,,,,,,,,,,,,,,,-11.0,0.0,7.0,NEUT,,MID,,,,,,,,,,
MASTEK,,,,,,0.53,,,,2026-06-11,,,,,,,,,,,,-2.4,,-1.6,0.0,,,,,,,,,,,,,,,,,,,,,,,,,,,,,-4.0,0.0,13.0,NEUT,,SMALL,,,,,,,,,,
MAXHEALTH,,,,,,0.19,,,,2026-06-11,,,,,,,,,,,,3.2,,15.7,0.0,,,,,,,,,,,,,,,,,,,,,,,,,,,,,23.0,0.0,2.0,NEUT,,LARGE,,,,,,,,,,
MAZDOCK,,,,,,-0.41,,,,2026-06-11,,,,,,,,,,,,-0.9,,-14.8,0.0,,,,,,,,,,,,,,,,,,,,,,,,,,,,,-23.0,0.0,3.0,NEUT,,LARGE,,,,,,,,,,
MCX,,,,,,1.19,,,,2026-06-11,,,,,,,,,,,,-3.4,,-42.9,-1.0,,,,,,,,,,,,,,,,,,,,,,,,,,,,,-21.0,-73.2,5.0,BEAR,,LARGE,,,,,,,,,,
MEDANTA,,,,,,0.08,,,,2026-06-11,,,,,,,,,,,,3.2,,53.9,1.0,,,,,,,,,,,,,,,,,,,,,,,,,,,,,27.0,89.1,2.0,BULL,,LARGE,,,,,,,,,,
MODIS,,,,,,0.57,,,,2026-06-11,,,,,,,,,,,,-1.4,,1.5,0.0,,,,,,,,,,,,,,,,,,,,,,,,,,,,,2.0,0.0,4.0,NEUT,,SMALL,,,,,,,,,,
MPHASIS,,,,,,-1.34,,,,2026-06-11,,,,,,,,,,,,-2.4,,-4.2,0.0,,,,,,,,,,,,,,,,,,,,,,,,,,,,,-7.0,0.0,7.0,NEUT,,LARGE,,,,,,,,,,
MSUMI,,,,,,-1.58,,,,2026-06-11,,,,,,,,,,,,-0.6,,-14.4,0.0,,,,,,,,,,,,,,,,,,,,,,,,,,,,,-23.0,0.0,6.0,NEUT,,LARGE,,,,,,,,,,
NAM-INDIA,,,,,,-0.94,,,,2026-06-11,,,,,,,,,,,,-3.4,,-13.8,0.0,,,,,,,,,,,,,,,,,,,,,,,,,,,,,-21.0,0.0,4.0,NEUT,,LARGE,,,,,,,,,,
NESCO,,,,,,0.38,,,,2026-06-11,,,,,,,,,,,,-0.9,,8.7,0.0,,,,,,,,,,,,,,,,,,,,,,,,,,,,,13.0,0.0,4.0,NEUT,,MID,,,,,,,,,,
NESTLEIND,,,,,,-0.16,,,,2026-06-11,,,,,,,,,,,,-0.4,,14.9,0.0,,,,,,,,,,,,,,,,,,,,,,,,,,,,,23.0,0.0,0.0,NEUT,,MEGA,,,,,,,,,,
NEWGEN,,,,,,-2.6,,,,2026-06-11,,,,,,,,,,,,-2.4,,7.6,0.0,,,,,,,,,,,,,,,,,,,,,,,,,,,,,12.0,0.0,2.0,NEUT,,MID,,,,,,,,,,
NMDC,,,,,,-0.35,,,,2026-06-11,,,,,,,,,,,,-2.7,,-0.1,0.0,,,,,,,,,,,,,,,,,,,,,,,,,,,,,-2.0,0.0,15.0,NEUT,,LARGE,,,,,,,,,,
OBEROIRLTY,,,,,,-0.35,,,,2026-06-11,,,,,,,,,,,,-1.4,,-18.1,0.0,,,,,,,,,,,,,,,,,,,,,,,,,,,,,-29.0,0.0,9.0,NEUT,,LARGE,,,,,,,,,,
OFSS,,,,,,-0.81,,,,2026-06-11,,,,,,,,,,,,-2.4,,-13.2,0.0,,,,,,,,,,,,,,,,,,,,,,,,,,,,,-21.0,0.0,8.0,NEUT,,LARGE,,,,,,,,,,
ONGC,,,,,,0.6,,,,2026-06-11,,,,,,,,,,,,-4.7,,-9.5,0.0,,,,,,,,,,,,,,,,,,,,,,,,,,,,,-16.0,0.0,15.0,NEUT,,MEGA,,,,,,,,,,
ORIENTELEC,,,,,,0.24,,,,2026-06-11,,,,,,,,,,,,-0.6,,5.9,0.0,,,,,,,,,,,,,,,,,,,,,,,,,,,,,8.0,0.0,7.0,NEUT,,SMALL,,,,,,,,,,
PARAGMILK,,,,,,-2.27,,,,2026-06-11,,,,,,,,,,,,-0.4,,8.5,0.0,,,,,,,,,,,,,,,,,,,,,,,,,,,,,12.0,0.0,7.0,NEUT,,SMALL,,,,,,,,,,
PATANJALI,,,,,,-1.0,,,,2026-06-11,,,,,,,,,,,,-0.4,,-12.6,0.0,,,,,,,,,,,,,,,,,,,,,,,,,,,,,-22.0,1.9,9.0,NEUT,,LARGE,,,,,,,,,,
PGHL,,,,,,-0.63,,,,2026-06-11,,,,,,,,,,,,3.2,,5.5,0.0,,,,,,,,,,,,,,,,,,,,,,,,,,,,,7.0,0.0,4.0,NEUT,,MID,,,,,,,,,,
POWERMECH,,,,,,2.27,,,,2026-06-11,,,,,,,,,,,,-0.9,,-3.1,0.0,,,,,,,,,,,,,,,,,,,,,,,,,,,,,-6.0,0.0,9.0,NEUT,,MID,,,,,,,,,,
PRICOLLTD,,,,,,-1.74,,,,2026-06-11,,,,,,,,,,,,-0.6,,6.0,0.0,,,,,,,,,,,,,,,,,,,,,,,,,,,,,8.0,0.0,8.0,NEUT,,MID,,,,,,,,,,
PRUDENT,,,,,,0.45,,,,2026-06-11,,,,,,,,,,,,-3.4,,-3.1,0.0,,,,,,,,,,,,,,,,,,,,,,,,,,,,,-4.0,0.0,0.0,NEUT,,MID,,,,,,,,,,
QUESS,,,,,,2.63,,,,2026-06-11,,,,,,,,,,,,-0.9,,-10.9,0.0,,,,,,,,,,,,,,,,,,,,,,,,,,,,,-18.0,0.0,9.0,NEUT,,SMALL,,,,,,,,,,
RADICO,,,,,,-0.35,,,,2026-06-11,,,,,,,,,,,,-0.4,,-13.7,0.0,,,,,,,,,,,,,,,,,,,,,,,,,,,,,-21.0,0.0,0.0,NEUT,,LARGE,,,,,,,,,,
REDINGTON,,,,,,1.99,,,,2026-06-11,,,,,,,,,,,,-2.4,,8.8,0.0,,,,,,,,,,,,,,,,,,,,,,,,,,,,,12.0,0.0,13.0,NEUT,,MID,,,,,,,,,,
ROSSARI,,,,,,-1.49,,,,2026-06-11,,,,,,,,,,,,-2.7,,5.5,0.0,,,,,,,,,,,,,,,,,,,,,,,,,,,,,8.0,0.0,7.0,NEUT,,SMALL,,,,,,,,,,
RPGLIFE,,,,,,7.17,,,,2026-06-11,,,,,,,,,,,,3.2,,-1.8,0.0,,,,,,,,,,,,,,,,,,,,,,,,,,,,,-4.0,0.0,3.0,NEUT,,SMALL,,,,,,,,,,
SARDAEN,,,,,,-0.36,,,,2026-06-11,,,,,,,,,,,,-2.7,,1.9,0.0,,,,,,,,,,,,,,,,,,,,,,,,,,,,,2.0,0.0,9.0,NEUT,,MID,,,,,,,,,,
SAREGAMA,,,,,,0.89,,,,2026-06-11,,,,,,,,,,,,-0.1,,3.7,0.0,,,,,,,,,,,,,,,,,,,,,,,,,,,,,6.0,0.0,-2.0,NEUT,,MID,,,,,,,,,,
SCI,,,,,,1.44,,,,2026-06-11,,,,,,,,,,,,-0.9,,-1.3,0.0,,,,,,,,,,,,,,,,,,,,,,,,,,,,,-4.0,0.0,13.0,NEUT,,MID,,,,,,,,,,
SEAMECLTD,,,,,,1.1,,,,2026-06-11,,,,,,,,,,,,-0.9,,4.7,0.0,,,,,,,,,,,,,,,,,,,,,,,,,,,,,6.0,0.0,9.0,NEUT,,SMALL,,,,,,,,,,
SHARDACROP,,,,,,-1.83,,,,2026-06-11,,,,,,,,,,,,-2.7,,2.1,0.0,,,,,,,,,,,,,,,,,,,,,,,,,,,,,2.0,0.0,11.0,NEUT,,MID,,,,,,,,,,
SHARDAMOTR,,,,,,-1.86,,,,2026-06-11,,,,,,,,,,,,-0.6,,14.4,0.0,,,,,,,,,,,,,,,,,,,,,,,,,,,,,21.0,0.0,8.0,NEUT,,SMALL,,,,,,,,,,
SOMANYCERA,,,,,,0.39,,,,2026-06-11,,,,,,,,,,,,-0.9,,4.1,0.0,,,,,,,,,,,,,,,,,,,,,,,,,,,,,6.0,0.0,3.0,NEUT,,SMALL,,,,,,,,,,
SSWL,,,,,,1.52,,,,2026-06-11,,,,,,,,,,,,-0.6,,0.7,0.0,,,,,,,,,,,,,,,,,,,,,,,,,,,,,0.0,0.0,7.0,NEUT,,SMALL,,,,,,,,,,
STYLAMIND,,,,,,-0.19,,,,2026-06-11,,,,,,,,,,,,-0.6,,-6.6,0.0,,,,,,,,,,,,,,,,,,,,,,,,,,,,,-10.0,0.0,0.0,NEUT,,MID,,,,,,,,,,
SUBROS,,,,,,-0.8,,,,2026-06-11,,,,,,,,,,,,-0.6,,10.5,0.0,,,,,,,,,,,,,,,,,,,,,,,,,,,,,16.0,0.0,2.0,NEUT,,SMALL,,,,,,,,,,
SUNDRMFAST,,,,,,0.22,,,,2026-06-11,,,,,,,,,,,,-0.6,,-2.1,0.0,,,,,,,,,,,,,,,,,,,,,,,,,,,,,-4.0,0.0,5.0,NEUT,,MID,,,,,,,,,,
SUPRIYA,,,,,,1.51,,,,2026-06-11,,,,,,,,,,,,3.2,,-2.2,0.0,,,,,,,,,,,,,,,,,,,,,,,,,,,,,-5.0,0.0,5.0,NEUT,,MID,,,,,,,,,,
SWARAJENG,,,,,,-0.61,,,,2026-06-11,,,,,,,,,,,,-0.6,,2.1,0.0,,,,,,,,,,,,,,,,,,,,,,,,,,,,,2.0,0.0,8.0,NEUT,,SMALL,,,,,,,,,,
TCI,,,,,,-1.28,,,,2026-06-11,,,,,,,,,,,,-0.9,,8.6,0.0,,,,,,,,,,,,,,,,,,,,,,,,,,,,,12.0,0.0,9.0,NEUT,,MID,,,,,,,,,,
TCS,,,,,,-0.74,,,,2026-06-11,,,,,,,,,,,,-2.4,,-13.3,0.0,,,,,,,,,,,,,,,,,,,,,,,,,,,,,-23.0,2.4,10.0,NEUT,,MEGA,,,,,,,,,,
TECHM,,,,,,-0.2,,,,2026-06-11,,,,,,,,,,,,-2.4,,-8.6,0.0,,,,,,,,,,,,,,,,,,,,,,,,,,,,,-13.0,0.0,2.0,NEUT,,MEGA,,,,,,,,,,
TIIL,,,,,,-0.48,,,,2026-06-11,,,,,,,,,,,,-0.9,,-2.0,0.0,,,,,,,,,,,,,,,,,,,,,,,,,,,,,-4.0,0.0,7.0,NEUT,,MID,,,,,,,,,,
TIMETECHNO,,,,,,-1.7,,,,2026-06-11,,,,,,,,,,,,-0.6,,6.1,0.0,,,,,,,,,,,,,,,,,,,,,,,,,,,,,8.0,0.0,9.0,NEUT,,MID,,,,,,,,,,
TIPSMUSIC,,,,,,0.23,,,,2026-06-11,,,,,,,,,,,,-0.1,,12.1,0.0,,,,,,,,,,,,,,,,,,,,,,,,,,,,,18.0,0.0,4.0,NEUT,,MID,,,,,,,,,,
TRENT,,,,,,-1.73,,,,2026-06-11,,,,,,,,,,,,-0.6,,-14.5,0.0,,,,,,,,,,,,,,,,,,,,,,,,,,,,,-23.0,0.0,5.0,NEUT,,MEGA,,,,,,,,,,
TRITURBINE,,,,,,-0.98,,,,2026-06-11,,,,,,,,,,,,-0.9,,-13.8,0.0,,,,,,,,,,,,,,,,,,,,,,,,,,,,,-21.0,0.0,0.0,NEUT,,LARGE,,,,,,,,,,
ULTRACEMCO,,,,,,0.1,,,,2026-06-11,,,,,,,,,,,,-2.7,,-17.4,0.0,,,,,,,,,,,,,,,,,,,,,,,,,,,,,-27.0,0.0,5.0,NEUT,,MEGA,,,,,,,,,,
USHAMART,,,,,,0.61,,,,2026-06-11,,,,,,,,,,,,-2.7,,3.7,0.0,,,,,,,,,,,,,,,,,,,,,,,,,,,,,6.0,0.0,2.0,NEUT,,MID,,,,,,,,,,
VAIBHAVGBL,,,,,,1.31,,,,2026-06-11,,,,,,,,,,,,-0.6,,4.9,0.0,,,,,,,,,,,,,,,,,,,,,,,,,,,,,6.0,0.0,10.0,NEUT,,SMALL,,,,,,,,,,
VBL,,,,,,0.02,,,,2026-06-11,,,,,,,,,,,,-0.4,,-4.6,0.0,,,,,,,,,,,,,,,,,,,,,,,,,,,,,-7.0,0.0,0.0,NEUT,,MEGA,,,,,,,,,,
VENUSPIPES,,,,,,0.05,,,,2026-06-11,,,,,,,,,,,,-2.7,,4.2,0.0,,,,,,,,,,,,,,,,,,,,,,,,,,,,,6.0,0.0,7.0,NEUT,,SMALL,,,,,,,,,,
VGUARD,,,,,,-0.4,,,,2026-06-11,,,,,,,,,,,,-0.9,,5.1,0.0,,,,,,,,,,,,,,,,,,,,,,,,,,,,,8.0,0.0,0.0,NEUT,,MID,,,,,,,,,,
VISHNU,,,,,,1.24,,,,2026-06-11,,,,,,,,,,,,-2.7,,4.2,0.0,,,,,,,,,,,,,,,,,,,,,,,,,,,,,6.0,0.0,7.0,NEUT,,SMALL,,,,,,,,,,
WABAG,,,,,,-0.39,,,,2026-06-11,,,,,,,,,,,,-0.9,,8.1,0.0,,,,,,,,,,,,,,,,,,,,,,,,,,,,,12.0,0.0,4.0,NEUT,,MID,,,,,,,,,,
WELCORP,,,,,,1.63,,,,2026-06-11,,,,,,,,,,,,-2.7,,18.1,0.0,,,,,,,,,,,,,,,,,,,,,,,,,,,,,27.0,0.0,9.0,NEUT,,LARGE,,,,,,,,,,
ZENSARTECH,,,,,,-2.95,,,,2026-06-11,,,,,,,,,,,,-2.4,,13.9,0.0,,,,,,,,,,,,,,,,,,,,,,,,,,,,,21.0,0.0,6.0,NEUT,,MID,,,,,,,,,,
ZYDUSLIFE,,,,,,0.1,,,,2026-06-11,,,,,,,,,,,,3.2,,15.8,0.0,,,,,,,,,,,,,,,,,,,,,,,,,,,,,22.0,0.0,9.0,NEUT,,MEGA,,,,,,,,,,
509525,,,,,,2.06,,,,2026-06-11,,,,,,,,,,,,2.1,,8.4,0.0,,,,,,,,,,,,,,,,,,,,,,,,,,,,,12.0,0.0,2.0,NEUT,,SMALL,,,,,,,,,,
543787,,,,,,1.96,,,,2026-06-11,,,,,,,,,,,,2.1,,-8.3,0.0,,,,,,,,,,,,,,,,,,,,,,,,,,,,,-13.0,0.0,-2.0,NEUT,,SMALL,,,,,,,,,,
543831,,,,,,0.0,,,,2026-06-11,,,,,,,,,,,,2.1,,-2.3,0.0,,,,,,,,,,,,,,,,,,,,,,,,,,,,,-4.0,0.0,0.0,NEUT,,SMALL,,,,,,,,,,
ABBOTINDIA,,,,,,-0.42,,,,2026-06-11,,,,,,,,,,,,3.2,,-2.0,0.0,,,,,,,,,,,,,,,,,,,,,,,,,,,,,-4.0,0.0,1.0,NEUT,,LARGE,,,,,,,,,,
ADFFOODS,,,,,,-1.89,,,,2026-06-11,,,,,,,,,,,,-0.4,,3.8,0.0,,,,,,,,,,,,,,,,,,,,,,,,,,,,,6.0,0.0,0.0,NEUT,,SMALL,,,,,,,,,,
ADOR,,,,,,-0.66,,,,2026-06-11,,,,,,,,,,,,-0.9,,4.3,0.0,,,,,,,,,,,,,,,,,,,,,,,,,,,,,6.0,0.0,5.0,NEUT,,SMALL,,,,,,,,,,
ADVENZYMES,,,,,,-1.91,,,,2026-06-11,,,,,,,,,,,,-2.7,,11.6,0.0,,,,,,,,,,,,,,,,,,,,,,,,,,,,,18.0,0.0,3.0,NEUT,,SMALL,,,,,,,,,,
AGI,,,,,,-0.36,,,,2026-06-11,,,,,,,,,,,,-0.6,,1.3,0.0,,,,,,,,,,,,,,,,,,,,,,,,,,,,,0.0,0.0,13.0,NEUT,,SMALL,,,,,,,,,,
AIAENG,,,,,,-1.52,,,,2026-06-11,,,,,,,,,,,,-0.9,,-6.7,0.0,,,,,,,,,,,,,,,,,,,,,,,,,,,,,-11.0,0.0,5.0,NEUT,,LARGE,,,,,,,,,,
ALIVUS,,,,,,0.73,,,,2026-06-11,,,,,,,,,,,,3.2,,-1.3,0.0,,,,,,,,,,,,,,,,,,,,,,,,,,,,,-4.0,0.0,7.0,NEUT,,MID,,,,,,,,,,
ALKEM,,,,,,0.08,,,,2026-06-11,,,,,,,,,,,,3.2,,-4.2,0.0,,,,,,,,,,,,,,,,,,,,,,,,,,,,,-8.0,0.0,4.0,NEUT,,LARGE,,,,,,,,,,
AMRUTANJAN,,,,,,-0.88,,,,2026-06-11,,,,,,,,,,,,3.2,,1.3,0.0,,,,,,,,,,,,,,,,,,,,,,,,,,,,,0.0,0.0,7.0,NEUT,,SMALL,,,,,,,,,,
ANANTRAJ,,,,,,0.29,,,,2026-06-11,,,,,,,,,,,,-1.4,,4.2,0.0,,,,,,,,,,,,,,,,,,,,,,,,,,,,,6.0,0.0,5.0,NEUT,,MID,,,,,,,,,,
APLLTD,,,,,,0.0,,,,2026-06-11,,,,,,,,,,,,3.2,,-1.3,0.0,,,,,,,,,,,,,,,,,,,,,,,,,,,,,-4.0,0.0,7.0,NEUT,,MID,,,,,,,,,,
ARE&M,,,,,,-1.17,,,,2026-06-11,,,,,,,,,,,,-0.9,,5.4,0.0,,,,,,,,,,,,,,,,,,,,,,,,,,,,,8.0,0.0,3.0,NEUT,,MID,,,,,,,,,,
ARTEMISMED,,,,,,-1.16,,,,2026-06-11,,,,,,,,,,,,2.1,,10.7,0.0,,,,,,,,,,,,,,,,,,,,,,,,,,,,,16.0,0.0,0.0,NEUT,,SMALL,,,,,,,,,,
ASTRAMICRO,,,,,,-0.58,,,,2026-06-11,,,,,,,,,,,,-2.4,,4.4,0.0,,,,,,,,,,,,,,,,,,,,,,,,,,,,,7.0,0.0,2.0,NEUT,,MID,,,,,,,,,,
AURIONPRO,,,,,,2.24,,,,2026-06-11,,,,,,,,,,,,-2.4,,-2.5,0.0,,,,,,,,,,,,,,,,,,,,,,,,,,,,,-4.0,0.0,4.0,NEUT,,SMALL,,,,,,,,,,
AUTOAXLES,,,,,,-0.92,,,,2026-06-11,,,,,,,,,,,,-0.6,,5.7,0.0,,,,,,,,,,,,,,,,,,,,,,,,,,,,,8.0,0.0,5.0,NEUT,,SMALL,,,,,,,,,,
BAJAJCON,,,,,,2.12,,,,2026-06-11,,,,,,,,,,,,-0.4,,-4.0,0.0,,,,,,,,,,,,,,,,,,,,,,,,,,,,,-6.0,0.0,0.0,NEUT,,MID,,,,,,,,,,
BASF,,,,,,-0.05,,,,2026-06-11,,,,,,,,,,,,-2.7,,4.8,0.0,,,,,,,,,,,,,,,,,,,,,,,,,,,,,8.0,0.0,0.0,NEUT,,MID,,,,,,,,,,
BAYERCROP,,,,,,-0.92,,,,2026-06-11,,,,,,,,,,,,-2.7,,4.9,0.0,,,,,,,,,,,,,,,,,,,,,,,,,,,,,8.0,0.0,1.0,NEUT,,MID,,,,,,,,,,
BBTC,,,,,,-1.45,,,,2026-06-11,,,,,,,,,,,,-0.4,,6.9,0.0,,,,,,,,,,,,,,,,,,,,,,,,,,,,,8.0,0.0,16.0,NEUT,,MID,,,,,,,,,,
BECTORFOOD,,,,,,-0.1,,,,2026-06-11,,,,,,,,,,,,-0.4,,1.8,0.0,,,,,,,,,,,,,,,,,,,,,,,,,,,,,2.0,0.0,5.0,NEUT,,MID,,,,,,,,,,
BEL,,,,,,-1.03,,,,2026-06-11,,,,,,,,,,,,-0.9,,-17.0,0.0,,,,,,,,,,,,,,,,,,,,,,,,,,,,,-27.0,0.0,6.0,NEUT,,MEGA,,,,,,,,,,
BERGEPAINT,,,,,,-0.45,,,,2026-06-11,,,,,,,,,,,,-2.7,,14.2,0.0,,,,,,,,,,,,,,,,,,,,,,,,,,,,,23.0,0.0,-3.0,NEUT,,LARGE,,,,,,,,,,
BIKAJI,,,,,,0.78,,,,2026-06-11,,,,,,,,,,,,-0.4,,0.2,0.0,,,,,,,,,,,,,,,,,,,,,,,,,,,,,0.0,0.0,2.0,NEUT,,MID,,,,,,,,,,
BLISSGVS,,,,,,2.56,,,,2026-06-11,,,,,,,,,,,,3.2,,5.4,0.0,,,,,,,,,,,,,,,,,,,,,,,,,,,,,7.0,0.0,3.0,NEUT,,SMALL,,,,,,,,,,
BLS,,,,,,-1.42,,,,2026-06-11,,,,,,,,,,,,-0.9,,11.4,0.0,,,,,,,,,,,,,,,,,,,,,,,,,,,,,16.0,0.0,10.0,NEUT,,MID,,,,,,,,,,
BLUESTARCO,,,,,,-1.24,,,,2026-06-11,,,,,,,,,,,,-0.9,,-14.9,0.0,,,,,,,,,,,,,,,,,,,,,,,,,,,,,-23.0,0.0,2.0,NEUT,,LARGE,,,,,,,,,,
BOSCHLTD,,,,,,0.04,,,,2026-06-11,,,,,,,,,,,,-0.6,,28.6,1.0,,,,,,,,,,,,,,,,,,,,,,,,,,,,,29.0,23.9,3.0,BULL,,MEGA,,,,,,,,,,
BRITANNIA,,,,,,-0.19,,,,2026-06-11,,,,,,,,,,,,-0.4,,2.4,0.0,,,,,,,,,,,,,,,,,,,,,,,,,,,,,2.0,1.2,6.0,NEUT,,MEGA,,,,,,,,,,
BSE,,,,,,0.04,,,,2026-06-11,,,,,,,,,,,,-3.4,,-12.7,0.0,,,,,,,,,,,,,,,,,,,,,,,,,,,,,-21.0,3.0,3.0,NEUT,,MEGA,,,,,,,,,,
BSOFT,,,,,,-1.51,,,,2026-06-11,,,,,,,,,,,,-2.4,,8.9,0.0,,,,,,,,,,,,,,,,,,,,,,,,,,,,,14.0,0.0,2.0,NEUT,,MID,,,,,,,,,,
CAMPUS,,,,,,-0.91,,,,2026-06-11,,,,,,,,,,,,-0.6,,5.7,0.0,,,,,,,,,,,,,,,,,,,,,,,,,,,,,8.0,0.0,5.0,NEUT,,MID,,,,,,,,,,
CAMS,,,,,,-1.69,,,,2026-06-11,,,,,,,,,,,,-2.4,,4.9,0.0,,,,,,,,,,,,,,,,,,,,,,,,,,,,,8.0,0.0,1.0,NEUT,,MID,,,,,,,,,,
CAPLIPOINT,,,,,,1.82,,,,2026-06-11,,,,,,,,,,,,3.2,,-10.6,0.0,,,,,,,,,,,,,,,,,,,,,,,,,,,,,-18.0,0.0,5.0,NEUT,,MID,,,,,,,,,,
CARERATING,,,,,,-0.27,,,,2026-06-11,,,,,,,,,,,,-3.4,,-3.6,0.0,,,,,,,,,,,,,,,,,,,,,,,,,,,,,-4.0,-0.7,-2.0,NEUT,,SMALL,,,,,,,,,,
CARYSIL,,,,,,-1.17,,,,2026-06-11,,,,,,,,,,,,-0.6,,-2.8,0.0,,,,,,,,,,,,,,,,,,,,,,,,,,,,,-5.0,0.0,5.0,NEUT,,SMALL,,,,,,,,,,
CASTROLIND,,,,,,-0.38,,,,2026-06-11,,,,,,,,,,,,-4.7,,4.4,0.0,,,,,,,,,,,,,,,,,,,,,,,,,,,,,8.0,0.0,0.0,NEUT,,MID,,,,,,,,,,
CEMPRO,,,,,,-4.34,,,,2026-06-11,,,,,,,,,,,,-0.9,,22.2,1.0,,,,,,,,,,,,,,,,,,,,,,,,,,,,,33.0,0.0,8.0,BULL,,LARGE,,,,,,,,,,
CIEINDIA,,,,,,0.22,,,,2026-06-11,,,,,,,,,,,,-0.6,,5.1,0.0,,,,,,,,,,,,,,,,,,,,,,,,,,,,,8.0,0.0,0.0,NEUT,,MID,,,,,,,,,,
COLPAL,,,,,,-0.68,,,,2026-06-11,,,,,,,,,,,,-0.4,,4.6,0.0,,,,,,,,,,,,,,,,,,,,,,,,,,,,,7.0,0.0,1.0,NEUT,,LARGE,,,,,,,,,,
CRISIL,,,,,,-0.8,,,,2026-06-11,,,,,,,,,,,,-3.4,,9.1,0.0,,,,,,,,,,,,,,,,,,,,,,,,,,,,,13.0,3.5,-2.0,NEUT,,LARGE,,,,,,,,,,
CUMMINSIND,,,,,,0.28,,,,2026-06-11,,,,,,,,,,,,-0.9,,-4.4,0.0,,,,,,,,,,,,,,,,,,,,,,,,,,,,,-7.0,0.0,3.0,NEUT,,MEGA,,,,,,,,,,
DABUR,,,,,,-0.34,,,,2026-06-11,,,,,,,,,,,,-0.4,,12.2,0.0,,,,,,,,,,,,,,,,,,,,,,,,,,,,,-8.0,42.9,3.0,NEUT,,LARGE,,,,,,,,,,
DBCORP,,,,,,-0.77,,,,2026-06-11,,,,,,,,,,,,-0.1,,15.3,0.0,,,,,,,,,,,,,,,,,,,,,,,,,,,,,21.0,0.0,15.0,NEUT,,SMALL,,,,,,,,,,
DHANUKA,,,,,,-1.1,,,,2026-06-11,,,,,,,,,,,,-2.7,,7.2,0.0,,,,,,,,,,,,,,,,,,,,,,,,,,,,,8.0,4.1,7.0,NEUT,,SMALL,,,,,,,,,,
DIXON,,,,,,-0.1,,,,2026-06-11,,,,,,,,,,,,-2.4,,1.8,0.0,,,,,,,,,,,,,,,,,,,,,,,,,,,,,2.0,0.0,8.0,NEUT,,LARGE,,,,,,,,,,
DOLLAR,,,,,,-1.61,,,,2026-06-11,,,,,,,,,,,,-0.6,,-5.8,0.0,,,,,,,,,,,,,,,,,,,,,,,,,,,,,13.0,-38.3,11.0,NEUT,,SMALL,,,,,,,,,,
ECLERX,,,,,,-0.07,,,,2026-06-11,,,,,,,,,,,,-2.4,,11.3,0.0,,,,,,,,,,,,,,,,,,,,,,,,,,,,,16.0,0.0,12.0,NEUT,,MID,,,,,,,,,,
EICHERMOT,,,,,,-0.99,,,,2026-06-11,,,,,,,,,,,,-0.6,,5.4,0.0,,,,,,,,,,,,,,,,,,,,,,,,,,,,,8.0,0.0,3.0,NEUT,,MEGA,,,,,,,,,,
ELLEN,,,,,,-1.01,,,,2026-06-11,,,,,,,,,,,,-2.7,,-2.6,0.0,,,,,,,,,,,,,,,,,,,,,,,,,,,,,-4.0,0.0,4.0,NEUT,,SMALL,,,,,,,,,,
EMUDHRA,,,,,,0.13,,,,2026-06-11,,,,,,,,,,,,-2.4,,1.1,0.0,,,,,,,,,,,,,,,,,,,,,,,,,,,,,2.0,0.0,2.0,NEUT,,SMALL,,,,,,,,,,
ENDURANCE,,,,,,0.03,,,,2026-06-11,,,,,,,,,,,,-0.6,,-14.5,0.0,,,,,,,,,,,,,,,,,,,,,,,,,,,,,-23.0,0.0,5.0,NEUT,,LARGE,,,,,,,,,,
ESCORTS,,,,,,0.15,,,,2026-06-11,,,,,,,,,,,,-0.9,,-14.5,0.0,,,,,,,,,,,,,,,,,,,,,,,,,,,,,-23.0,0.0,5.0,NEUT,,LARGE,,,,,,,,,,
FDC,,,,,,-0.7,,,,2026-06-11,,,,,,,,,,,,3.2,,4.7,0.0,,,,,,,,,,,,,,,,,,,,,,,,,,,,,6.0,0.0,3.0,NEUT,,MID,,,,,,,,,,
FIEMIND,,,,,,1.08,,,,2026-06-11,,,,,,,,,,,,-0.6,,4.4,0.0,,,,,,,,,,,,,,,,,,,,,,,,,,,,,6.0,0.0,5.0,NEUT,,MID,,,,,,,,,,
FINCABLES,,,,,,3.43,,,,2026-06-11,,,,,,,,,,,,-0.9,,-1.8,0.0,,,,,,,,,,,,,,,,,,,,,,,,,,,,,-4.0,0.0,9.0,NEUT,,MID,,,,,,,,,,
FORCEMOT,,,,,,-1.58,,,,2026-06-11,,,,,,,,,,,,-0.6,,-14.2,0.0,,,,,,,,,,,,,,,,,,,,,,,,,,,,,-23.0,0.0,8.0,NEUT,,LARGE,,,,,,,,,,
GESHIP,,,,,,1.84,,,,2026-06-11,,,,,,,,,,,,-0.9,,6.2,0.0,,,,,,,,,,,,,,,,,,,,,,,,,,,,,8.0,0.0,10.0,NEUT,,MID,,,,,,,,,,
GILLETTE,,,,,,-0.53,,,,2026-06-11,,,,,,,,,,,,-0.4,,-14.6,0.0,,,,,,,,,,,,,,,,,,,,,,,,,,,,,-23.0,0.0,4.0,NEUT,,LARGE,,,,,,,,,,
GLAXO,,,,,,-2.25,,,,2026-06-11,,,,,,,,,,,,3.2,,-13.3,0.0,,,,,,,,,,,,,,,,,,,,,,,,,,,,,-22.0,0.0,4.0,NEUT,,LARGE,,,,,,,,,,
GODREJCP,,,,,,-1.37,,,,2026-06-11,,,,,,,,,,,,-0.4,,-1.4,0.0,,,,,,,,,,,,,,,,,,,,,,,,,,,,,-2.0,0.0,0.0,NEUT,,MEGA,,,,,,,,,,
GPIL,,,,,,0.81,,,,2026-06-11,,,,,,,,,,,,-2.7,,-2.6,0.0,,,,,,,,,,,,,,,,,,,,,,,,,,,,,-4.0,0.0,4.0,NEUT,,MID,,,,,,,,,,
GPPL,,,,,,-0.22,,,,2026-06-11,,,,,,,,,,,,-0.9,,6.5,0.0,,,,,,,,,,,,,,,,,,,,,,,,,,,,,8.0,0.0,13.0,NEUT,,MID,,,,,,,,,,
GRANULES,,,,,,1.25,,,,2026-06-11,,,,,,,,,,,,3.2,,5.2,0.0,,,,,,,,,,,,,,,,,,,,,,,,,,,,,6.0,0.0,7.0,NEUT,,MID,,,,,,,,,,
GRINDWELL,,,,,,-0.05,,,,2026-06-11,,,,,,,,,,,,-0.9,,17.1,0.0,,,,,,,,,,,,,,,,,,,,,,,,,,,,,27.0,0.0,-3.0,NEUT,,LARGE,,,,,,,,,,
GRSE,,,,,,-2.11,,,,2026-06-11,,,,,,,,,,,,-0.9,,-10.8,0.0,,,,,,,,,,,,,,,,,,,,,,,,,,,,,-17.0,0.0,4.0,NEUT,,LARGE,,,,,,,,,,
HAL,,,,,,-0.56,,,,2026-06-11,,,,,,,,,,,,-0.9,,-14.4,0.0,,,,,,,,,,,,,,,,,,,,,,,,,,,,,-23.0,0.0,6.0,NEUT,,MEGA,,,,,,,,,,
HARSHA,,,,,,-1.03,,,,2026-06-11,,,,,,,,,,,,-0.9,,4.5,0.0,,,,,,,,,,,,,,,,,,,,,,,,,,,,,6.0,0.0,7.0,NEUT,,SMALL,,,,,,,,,,
HAVELLS,,,,,,-0.98,,,,2026-06-11,,,,,,,,,,,,-0.9,,-17.9,0.0,,,,,,,,,,,,,,,,,,,,,,,,,,,,,-27.0,0.0,-2.0,NEUT,,LARGE,,,,,,,,,,
HAWKINCOOK,,,,,,-0.84,,,,2026-06-11,,,,,,,,,,,,-0.6,,0.0,0.0,,,,,,,,,,,,,,,,,,,,,,,,,,,,,0.0,0.0,1.0,NEUT,,SMALL,,,,,,,,,,
HCLTECH,,,,,,-1.98,,,,2026-06-11,,,,,,,,,,,,-2.4,,-14.6,0.0,,,,,,,,,,,,,,,,,,,,,,,,,,,,,-23.0,0.0,7.0,NEUT,,MEGA,,,,,,,,,,
HEROMOTOCO,,,,,,-0.09,,,,2026-06-11,,,,,,,,,,,,-0.6,,-4.5,0.0,,,,,,,,,,,,,,,,,,,,,,,,,,,,,-8.0,0.0,7.0,NEUT,,LARGE,,,,,,,,,,
HEXT,,,,,,-1.73,,,,2026-06-11,,,,,,,,,,,,-2.4,,-14.2,0.0,,,,,,,,,,,,,,,,,,,,,,,,,,,,,-23.0,0.0,10.0,NEUT,,LARGE,,,,,,,,,,
HINDCOPPER,,,,,,-1.56,,,,2026-06-11,,,,,,,,,,,,-2.7,,-11.5,0.0,,,,,,,,,,,,,,,,,,,,,,,,,,,,,-17.0,0.0,0.0,NEUT,,LARGE,,,,,,,,,,
HINDUNILVR,,,,,,-0.75,,,,2026-06-11,,,,,,,,,,,,-0.4,,-1.3,0.0,,,,,,,,,,,,,,,,,,,,,,,,,,,,,-2.0,0.0,1.0,NEUT,,MEGA,,,,,,,,,,
ICICIGI,,,,,,-0.76,,,,2026-06-11,,,,,,,,,,,,-3.4,,-14.9,0.0,,,,,,,,,,,,,,,,,,,,,,,,,,,,,-23.0,0.0,5.0,NEUT,,LARGE,,,,,,,,,,
IEX,,,,,,-0.51,,,,2026-06-11,,,,,,,,,,,,-3.4,,14.0,0.0,,,,,,,,,,,,,,,,,,,,,,,,,,,,,21.0,0.0,8.0,NEUT,,MID,,,,,,,,,,
IFBIND,,,,,,-0.93,,,,2026-06-11,,,,,,,,,,,,-0.6,,7.9,0.0,,,,,,,,,,,,,,,,,,,,,,,,,,,,,12.0,0.0,2.0,NEUT,,MID,,,,,,,,,,
INDHOTEL,,,,,,-0.83,,,,2026-06-11,,,,,,,,,,,,-0.6,,11.5,0.0,,,,,,,,,,,,,,,,,,,,,,,,,,,,,17.0,0.0,5.0,NEUT,,LARGE,,,,,,,,,,
INDIGOPNTS,,,,,,-0.95,,,,2026-06-11,,,,,,,,,,,,-2.7,,4.0,0.0,,,,,,,,,,,,,,,,,,,,,,,,,,,,,6.0,0.0,5.0,NEUT,,SMALL,,,,,,,,,,
INFY,,,,,,-2.24,,,,2026-06-11,,,,,,,,,,,,-2.4,,-14.2,0.0,,,,,,,,,,,,,,,,,,,,,,,,,,,,,-23.0,0.0,10.0,NEUT,,MEGA,,,,,,,,,,
IPCALAB,,,,,,-0.39,,,,2026-06-11,,,,,,,,,,,,3.2,,22.0,1.0,,,,,,,,,,,,,,,,,,,,,,,,,,,,,33.0,0.0,0.0,BULL,,LARGE,,,,,,,,,,
IRIS,,,,,,-2.04,,,,2026-06-11,,,,,,,,,,,,-2.4,,4.8,0.0,,,,,,,,,,,,,,,,,,,,,,,,,,,,,8.0,0.0,0.0,NEUT,,SMALL,,,,,,,,,,
KAJARIACER,,,,,,2.04,,,,2026-06-11,,,,,,,,,,,,-0.9,,0.9,0.0,,,,,,,,,,,,,,,,,,,,,,,,,,,,,2.0,0.0,-2.0,NEUT,,MID,,,,,,,,,,
KIRLPNU,,,,,,-1.57,,,,2026-06-11,,,,,,,,,,,,-0.9,,4.6,0.0,,,,,,,,,,,,,,,,,,,,,,,,,,,,,6.0,0.0,8.0,NEUT,,MID,,,,,,,,,,
KKCL,,,,,,-0.1,,,,2026-06-11,,,,,,,,,,,,-0.6,,2.0,0.0,,,,,,,,,,,,,,,,,,,,,,,,,,,,,2.0,0.0,7.0,NEUT,,SMALL,,,,,,,,,,
KMEW,,,,,,-0.87,,,,2026-06-11,,,,,,,,,,,,-0.9,,-2.9,0.0,,,,,,,,,,,,,,,,,,,,,,,,,,,,,-4.0,0.0,-1.0,NEUT,,SMALL,,,,,,,,,,
KPRMILL,,,,,,1.57,,,,2026-06-11,,,,,,,,,,,,-0.6,,21.1,1.0,,,,,,,,,,,,,,,,,,,,,,,,,,,,,33.0,0.0,-2.0,BULL,,LARGE,,,,,,,,,,
LICI,,,,,,-0.71,,,,2026-06-11,,,,,,,,,,,,-3.4,,-14.3,0.0,,,,,,,,,,,,,,,,,,,,,,,,,,,,,-23.0,0.0,11.0,NEUT,,MEGA,,,,,,,,,,
LODHA,,,,,,0.34,,,,2026-06-11,,,,,,,,,,,,-1.4,,-14.4,0.0,,,,,,,,,,,,,,,,,,,,,,,,,,,,,-23.0,0.0,7.0,NEUT,,LARGE,,,,,,,,,,
LTM,,,,,,-2.99,,,,2026-06-11,,,,,,,,,,,,-2.4,,-18.7,0.0,,,,,,,,,,,,,,,,,,,,,,,,,,,,,-29.0,0.0,5.0,NEUT,,MEGA,,,,,,,,,,
LTTS,,,,,,0.62,,,,2026-06-11,,,,,,,,,,,,-2.4,,-5.8,0.0,,,,,,,,,,,,,,,,,,,,,,,,,,,,,-8.0,0.0,-2.0,NEUT,,LARGE,,,,,,,,,,
LUPIN,,,,,,1.15,,,,2026-06-11,,,,,,,,,,,,3.2,,57.2,1.0,,,,,,,,,,,,,,,,,,,,,,,,,,,,,29.0,91.2,12.0,BULL,,MEGA,,,,,,,,,,
MAPMYINDIA,,,,,,-1.84,,,,2026-06-11,,,,,,,,,,,,-2.4,,1.2,0.0,,,,,,,,,,,,,,,,,,,,,,,,,,,,,2.0,0.0,3.0,NEUT,,SMALL,,,,,,,,,,
MARKSANS,,,,,,1.92,,,,2026-06-11,,,,,,,,,,,,3.2,,-5.9,0.0,,,,,,,,,,,,,,,,,,,,,,,,,,,,,-11.0,0.0,7.0,NEUT,,MID,,,,,,,,,,
MASTEK,,,,,,0.53,,,,2026-06-11,,,,,,,,,,,,-2.4,,-1.6,0.0,,,,,,,,,,,,,,,,,,,,,,,,,,,,,-4.0,0.0,13.0,NEUT,,SMALL,,,,,,,,,,
MAXHEALTH,,,,,,0.19,,,,2026-06-11,,,,,,,,,,,,3.2,,15.7,0.0,,,,,,,,,,,,,,,,,,,,,,,,,,,,,23.0,0.0,2.0,NEUT,,LARGE,,,,,,,,,,
MAZDOCK,,,,,,-0.41,,,,2026-06-11,,,,,,,,,,,,-0.9,,-14.8,0.0,,,,,,,,,,,,,,,,,,,,,,,,,,,,,-23.0,0.0,3.0,NEUT,,LARGE,,,,,,,,,,
MCX,,,,,,1.19,,,,2026-06-11,,,,,,,,,,,,-3.4,,-42.9,-1.0,,,,,,,,,,,,,,,,,,,,,,,,,,,,,-21.0,-73.2,5.0,BEAR,,LARGE,,,,,,,,,,
MEDANTA,,,,,,0.08,,,,2026-06-11,,,,,,,,,,,,3.2,,53.9,1.0,,,,,,,,,,,,,,,,,,,,,,,,,,,,,27.0,89.1,2.0,BULL,,LARGE,,,,,,,,,,
MODIS,,,,,,0.57,,,,2026-06-11,,,,,,,,,,,,-1.4,,1.5,0.0,,,,,,,,,,,,,,,,,,,,,,,,,,,,,2.0,0.0,4.0,NEUT,,SMALL,,,,,,,,,,
MPHASIS,,,,,,-1.34,,,,2026-06-11,,,,,,,,,,,,-2.4,,-4.2,0.0,,,,,,,,,,,,,,,,,,,,,,,,,,,,,-7.0,0.0,7.0,NEUT,,LARGE,,,,,,,,,,
MSUMI,,,,,,-1.58,,,,2026-06-11,,,,,,,,,,,,-0.6,,-14.4,0.0,,,,,,,,,,,,,,,,,,,,,,,,,,,,,-23.0,0.0,6.0,NEUT,,LARGE,,,,,,,,,,
NAM-INDIA,,,,,,-0.94,,,,2026-06-11,,,,,,,,,,,,-3.4,,-13.8,0.0,,,,,,,,,,,,,,,,,,,,,,,,,,,,,-21.0,0.0,4.0,NEUT,,LARGE,,,,,,,,,,
NESCO,,,,,,0.38,,,,2026-06-11,,,,,,,,,,,,-0.9,,8.7,0.0,,,,,,,,,,,,,,,,,,,,,,,,,,,,,13.0,0.0,4.0,NEUT,,MID,,,,,,,,,,
NESTLEIND,,,,,,-0.16,,,,2026-06-11,,,,,,,,,,,,-0.4,,14.9,0.0,,,,,,,,,,,,,,,,,,,,,,,,,,,,,23.0,0.0,0.0,NEUT,,MEGA,,,,,,,,,,
NEWGEN,,,,,,-2.6,,,,2026-06-11,,,,,,,,,,,,-2.4,,7.6,0.0,,,,,,,,,,,,,,,,,,,,,,,,,,,,,12.0,0.0,2.0,NEUT,,MID,,,,,,,,,,
NMDC,,,,,,-0.35,,,,2026-06-11,,,,,,,,,,,,-2.7,,-0.1,0.0,,,,,,,,,,,,,,,,,,,,,,,,,,,,,-2.0,0.0,15.0,NEUT,,LARGE,,,,,,,,,,
OBEROIRLTY,,,,,,-0.35,,,,2026-06-11,,,,,,,,,,,,-1.4,,-18.1,0.0,,,,,,,,,,,,,,,,,,,,,,,,,,,,,-29.0,0.0,9.0,NEUT,,LARGE,,,,,,,,,,
OFSS,,,,,,-0.81,,,,2026-06-11,,,,,,,,,,,,-2.4,,-13.2,0.0,,,,,,,,,,,,,,,,,,,,,,,,,,,,,-21.0,0.0,8.0,NEUT,,LARGE,,,,,,,,,,
ONGC,,,,,,0.6,,,,2026-06-11,,,,,,,,,,,,-4.7,,-9.5,0.0,,,,,,,,,,,,,,,,,,,,,,,,,,,,,-16.0,0.0,15.0,NEUT,,MEGA,,,,,,,,,,
ORIENTELEC,,,,,,0.24,,,,2026-06-11,,,,,,,,,,,,-0.6,,5.9,0.0,,,,,,,,,,,,,,,,,,,,,,,,,,,,,8.0,0.0,7.0,NEUT,,SMALL,,,,,,,,,,
PARAGMILK,,,,,,-2.27,,,,2026-06-11,,,,,,,,,,,,-0.4,,8.5,0.0,,,,,,,,,,,,,,,,,,,,,,,,,,,,,12.0,0.0,7.0,NEUT,,SMALL,,,,,,,,,,
PATANJALI,,,,,,-1.0,,,,2026-06-11,,,,,,,,,,,,-0.4,,-12.6,0.0,,,,,,,,,,,,,,,,,,,,,,,,,,,,,-22.0,1.9,9.0,NEUT,,LARGE,,,,,,,,,,
PGHL,,,,,,-0.63,,,,2026-06-11,,,,,,,,,,,,3.2,,5.5,0.0,,,,,,,,,,,,,,,,,,,,,,,,,,,,,7.0,0.0,4.0,NEUT,,MID,,,,,,,,,,
POWERMECH,,,,,,2.27,,,,2026-06-11,,,,,,,,,,,,-0.9,,-3.1,0.0,,,,,,,,,,,,,,,,,,,,,,,,,,,,,-6.0,0.0,9.0,NEUT,,MID,,,,,,,,,,
PRICOLLTD,,,,,,-1.74,,,,2026-06-11,,,,,,,,,,,,-0.6,,6.0,0.0,,,,,,,,,,,,,,,,,,,,,,,,,,,,,8.0,0.0,8.0,NEUT,,MID,,,,,,,,,,
PRUDENT,,,,,,0.45,,,,2026-06-11,,,,,,,,,,,,-3.4,,-3.1,0.0,,,,,,,,,,,,,,,,,,,,,,,,,,,,,-4.0,0.0,0.0,NEUT,,MID,,,,,,,,,,
QUESS,,,,,,2.63,,,,2026-06-11,,,,,,,,,,,,-0.9,,-10.9,0.0,,,,,,,,,,,,,,,,,,,,,,,,,,,,,-18.0,0.0,9.0,NEUT,,SMALL,,,,,,,,,,
RADICO,,,,,,-0.35,,,,2026-06-11,,,,,,,,,,,,-0.4,,-13.7,0.0,,,,,,,,,,,,,,,,,,,,,,,,,,,,,-21.0,0.0,0.0,NEUT,,LARGE,,,,,,,,,,
REDINGTON,,,,,,1.99,,,,2026-06-11,,,,,,,,,,,,-2.4,,8.8,0.0,,,,,,,,,,,,,,,,,,,,,,,,,,,,,12.0,0.0,13.0,NEUT,,MID,,,,,,,,,,
ROSSARI,,,,,,-1.49,,,,2026-06-11,,,,,,,,,,,,-2.7,,5.5,0.0,,,,,,,,,,,,,,,,,,,,,,,,,,,,,8.0,0.0,7.0,NEUT,,SMALL,,,,,,,,,,
RPGLIFE,,,,,,7.17,,,,2026-06-11,,,,,,,,,,,,3.2,,-1.8,0.0,,,,,,,,,,,,,,,,,,,,,,,,,,,,,-4.0,0.0,3.0,NEUT,,SMALL,,,,,,,,,,
SARDAEN,,,,,,-0.36,,,,2026-06-11,,,,,,,,,,,,-2.7,,1.9,0.0,,,,,,,,,,,,,,,,,,,,,,,,,,,,,2.0,0.0,9.0,NEUT,,MID,,,,,,,,,,
SAREGAMA,,,,,,0.89,,,,2026-06-11,,,,,,,,,,,,-0.1,,3.7,0.0,,,,,,,,,,,,,,,,,,,,,,,,,,,,,6.0,0.0,-2.0,NEUT,,MID,,,,,,,,,,
SCI,,,,,,1.44,,,,2026-06-11,,,,,,,,,,,,-0.9,,-1.3,0.0,,,,,,,,,,,,,,,,,,,,,,,,,,,,,-4.0,0.0,13.0,NEUT,,MID,,,,,,,,,,
SEAMECLTD,,,,,,1.1,,,,2026-06-11,,,,,,,,,,,,-0.9,,4.7,0.0,,,,,,,,,,,,,,,,,,,,,,,,,,,,,6.0,0.0,9.0,NEUT,,SMALL,,,,,,,,,,
SHARDACROP,,,,,,-1.83,,,,2026-06-11,,,,,,,,,,,,-2.7,,2.1,0.0,,,,,,,,,,,,,,,,,,,,,,,,,,,,,2.0,0.0,11.0,NEUT,,MID,,,,,,,,,,
SHARDAMOTR,,,,,,-1.86,,,,2026-06-11,,,,,,,,,,,,-0.6,,14.4,0.0,,,,,,,,,,,,,,,,,,,,,,,,,,,,,21.0,0.0,8.0,NEUT,,SMALL,,,,,,,,,,
SOMANYCERA,,,,,,0.39,,,,2026-06-11,,,,,,,,,,,,-0.9,,4.1,0.0,,,,,,,,,,,,,,,,,,,,,,,,,,,,,6.0,0.0,3.0,NEUT,,SMALL,,,,,,,,,,
SSWL,,,,,,1.52,,,,2026-06-11,,,,,,,,,,,,-0.6,,0.7,0.0,,,,,,,,,,,,,,,,,,,,,,,,,,,,,0.0,0.0,7.0,NEUT,,SMALL,,,,,,,,,,
STYLAMIND,,,,,,-0.19,,,,2026-06-11,,,,,,,,,,,,-0.6,,-6.6,0.0,,,,,,,,,,,,,,,,,,,,,,,,,,,,,-10.0,0.0,0.0,NEUT,,MID,,,,,,,,,,
SUBROS,,,,,,-0.8,,,,2026-06-11,,,,,,,,,,,,-0.6,,10.5,0.0,,,,,,,,,,,,,,,,,,,,,,,,,,,,,16.0,0.0,2.0,NEUT,,SMALL,,,,,,,,,,
SUNDRMFAST,,,,,,0.22,,,,2026-06-11,,,,,,,,,,,,-0.6,,-2.1,0.0,,,,,,,,,,,,,,,,,,,,,,,,,,,,,-4.0,0.0,5.0,NEUT,,MID,,,,,,,,,,
SUPRIYA,,,,,,1.51,,,,2026-06-11,,,,,,,,,,,,3.2,,-2.2,0.0,,,,,,,,,,,,,,,,,,,,,,,,,,,,,-5.0,0.0,5.0,NEUT,,MID,,,,,,,,,,
SWARAJENG,,,,,,-0.61,,,,2026-06-11,,,,,,,,,,,,-0.6,,2.1,0.0,,,,,,,,,,,,,,,,,,,,,,,,,,,,,2.0,0.0,8.0,NEUT,,SMALL,,,,,,,,,,
TCI,,,,,,-1.28,,,,2026-06-11,,,,,,,,,,,,-0.9,,8.6,0.0,,,,,,,,,,,,,,,,,,,,,,,,,,,,,12.0,0.0,9.0,NEUT,,MID,,,,,,,,,,
TCS,,,,,,-0.74,,,,2026-06-11,,,,,,,,,,,,-2.4,,-13.3,0.0,,,,,,,,,,,,,,,,,,,,,,,,,,,,,-23.0,2.4,10.0,NEUT,,MEGA,,,,,,,,,,
TECHM,,,,,,-0.2,,,,2026-06-11,,,,,,,,,,,,-2.4,,-8.6,0.0,,,,,,,,,,,,,,,,,,,,,,,,,,,,,-13.0,0.0,2.0,NEUT,,MEGA,,,,,,,,,,
TIIL,,,,,,-0.48,,,,2026-06-11,,,,,,,,,,,,-0.9,,-2.0,0.0,,,,,,,,,,,,,,,,,,,,,,,,,,,,,-4.0,0.0,7.0,NEUT,,MID,,,,,,,,,,
TIMETECHNO,,,,,,-1.7,,,,2026-06-11,,,,,,,,,,,,-0.6,,6.1,0.0,,,,,,,,,,,,,,,,,,,,,,,,,,,,,8.0,0.0,9.0,NEUT,,MID,,,,,,,,,,
TIPSMUSIC,,,,,,0.23,,,,2026-06-11,,,,,,,,,,,,-0.1,,12.1,0.0,,,,,,,,,,,,,,,,,,,,,,,,,,,,,18.0,0.0,4.0,NEUT,,MID,,,,,,,,,,
TRENT,,,,,,-1.73,,,,2026-06-11,,,,,,,,,,,,-0.6,,-14.5,0.0,,,,,,,,,,,,,,,,,,,,,,,,,,,,,-23.0,0.0,5.0,NEUT,,MEGA,,,,,,,,,,
TRITURBINE,,,,,,-0.98,,,,2026-06-11,,,,,,,,,,,,-0.9,,-13.8,0.0,,,,,,,,,,,,,,,,,,,,,,,,,,,,,-21.0,0.0,0.0,NEUT,,LARGE,,,,,,,,,,
ULTRACEMCO,,,,,,0.1,,,,2026-06-11,,,,,,,,,,,,-2.7,,-17.4,0.0,,,,,,,,,,,,,,,,,,,,,,,,,,,,,-27.0,0.0,5.0,NEUT,,MEGA,,,,,,,,,,
USHAMART,,,,,,0.61,,,,2026-06-11,,,,,,,,,,,,-2.7,,3.7,0.0,,,,,,,,,,,,,,,,,,,,,,,,,,,,,6.0,0.0,2.0,NEUT,,MID,,,,,,,,,,
VAIBHAVGBL,,,,,,1.31,,,,2026-06-11,,,,,,,,,,,,-0.6,,4.9,0.0,,,,,,,,,,,,,,,,,,,,,,,,,,,,,6.0,0.0,10.0,NEUT,,SMALL,,,,,,,,,,
VBL,,,,,,0.02,,,,2026-06-11,,,,,,,,,,,,-0.4,,-4.6,0.0,,,,,,,,,,,,,,,,,,,,,,,,,,,,,-7.0,0.0,0.0,NEUT,,MEGA,,,,,,,,,,
VENUSPIPES,,,,,,0.05,,,,2026-06-11,,,,,,,,,,,,-2.7,,4.2,0.0,,,,,,,,,,,,,,,,,,,,,,,,,,,,,6.0,0.0,7.0,NEUT,,SMALL,,,,,,,,,,
VGUARD,,,,,,-0.4,,,,2026-06-11,,,,,,,,,,,,-0.9,,5.1,0.0,,,,,,,,,,,,,,,,,,,,,,,,,,,,,8.0,0.0,0.0,NEUT,,MID,,,,,,,,,,
VISHNU,,,,,,1.24,,,,2026-06-11,,,,,,,,,,,,-2.7,,4.2,0.0,,,,,,,,,,,,,,,,,,,,,,,,,,,,,6.0,0.0,7.0,NEUT,,SMALL,,,,,,,,,,
WABAG,,,,,,-0.39,,,,2026-06-11,,,,,,,,,,,,-0.9,,8.1,0.0,,,,,,,,,,,,,,,,,,,,,,,,,,,,,12.0,0.0,4.0,NEUT,,MID,,,,,,,,,,
WELCORP,,,,,,1.63,,,,2026-06-11,,,,,,,,,,,,-2.7,,18.1,0.0,,,,,,,,,,,,,,,,,,,,,,,,,,,,,27.0,0.0,9.0,NEUT,,LARGE,,,,,,,,,,
ZENSARTECH,,,,,,-2.95,,,,2026-06-11,,,,,,,,,,,,-2.4,,13.9,0.0,,,,,,,,,,,,,,,,,,,,,,,,,,,,,21.0,0.0,6.0,NEUT,,MID,,,,,,,,,,
ZYDUSLIFE,,,,,,0.1,,,,2026-06-11,,,,,,,,,,,,3.2,,15.8,0.0,,,,,,,,,,,,,,,,,,,,,,,,,,,,,22.0,0.0,9.0,NEUT,,MEGA,,,,,,,,,,
AIAENG,,,,,,-1.52,,,,2026-06-11,,,,,,,,,,,,2.4,,-6.2,,,,,,,,,,,,,,,,,,,,,,,,,,,,,,-11.0,0.0,5.0,NEUTRAL,,LARGE,,,,,,,,,,0.0
AFFLE,,,,,,-1.77,,,,2026-06-11,,,,,,,,,,,,-2.4,,-15.1,,,,,,,,,,,,,,,,,,,,,,,,,,,,,,-23.0,0.0,2.0,NEUTRAL,,LARGE,,,,,,,,,,0.0
APARINDS,,,,,,3.31,,,,2026-06-11,,,,,,,,,,,,2.4,,22.1,,,,,,,,,,,,,,,,,,,,,,,,,,,,,,33.0,0.0,2.0,POSITIVE,,LARGE,,,,,,,,,,1.0
ASIANPAINT,,,,,,-0.89,,,,2026-06-11,,,,,,,,,,,,-2.6,,17.5,,,,,,,,,,,,,,,,,,,,,,,,,,,,,,27.0,0.0,3.0,NEUTRAL,,MEGA,,,,,,,,,,0.0
BLS,,,,,,-1.42,,,,2026-06-11,,,,,,,,,,,,2.4,,11.9,,,,,,,,,,,,,,,,,,,,,,,,,,,,,,16.0,0.0,10.0,NEUTRAL,,MID,,,,,,,,,,0.0
BSE,,,,,,0.04,,,,2026-06-11,,,,,,,,,,,,-7.0,,-13.2,,,,,,,,,,,,,,,,,,,,,,,,,,,,,,-21.0,3.0,3.0,NEUTRAL,,MEGA,,,,,,,,,,0.0
BEL,,,,,,-1.03,,,,2026-06-11,,,,,,,,,,,,2.4,,-16.5,,,,,,,,,,,,,,,,,,,,,,,,,,,,,,-27.0,0.0,6.0,NEUTRAL,,MEGA,,,,,,,,,,0.0
BIKAJI,,,,,,0.78,,,,2026-06-11,,,,,,,,,,,,-1.9,,-0.1,,,,,,,,,,,,,,,,,,,,,,,,,,,,,,0.0,0.0,2.0,NEUTRAL,,MID,,,,,,,,,,0.0
BLUESTARCO,,,,,,-1.24,,,,2026-06-11,,,,,,,,,,,,2.4,,-14.3,,,,,,,,,,,,,,,,,,,,,,,,,,,,,,-23.0,0.0,2.0,NEUTRAL,,LARGE,,,,,,,,,,0.0
BRITANNIA,,,,,,-0.19,,,,2026-06-11,,,,,,,,,,,,-1.9,,2.1,,,,,,,,,,,,,,,,,,,,,,,,,,,,,,2.0,1.2,6.0,NEUTRAL,,MEGA,,,,,,,,,,0.0
CAPLIPOINT,,,,,,1.82,,,,2026-06-11,,,,,,,,,,,,2.2,,-10.8,,,,,,,,,,,,,,,,,,,,,,,,,,,,,,-18.0,0.0,5.0,NEUTRAL,,MID,,,,,,,,,,0.0
CEMPRO,,,,,,-4.34,,,,2026-06-11,,,,,,,,,,,,2.4,,22.7,,,,,,,,,,,,,,,,,,,,,,,,,,,,,,33.0,0.0,8.0,POSITIVE,,LARGE,,,,,,,,,,1.0
DOMS,,,,,,6.46,,,,2026-06-11,,,,,,,,,,,,2.4,,2.2,,,,,,,,,,,,,,,,,,,,,,,,,,,,,,2.0,0.0,5.0,NEUTRAL,,MID,,,,,,,,,,0.0
DIXON,,,,,,-0.1,,,,2026-06-11,,,,,,,,,,,,-2.6,,1.8,,,,,,,,,,,,,,,,,,,,,,,,,,,,,,2.0,0.0,8.0,NEUTRAL,,LARGE,,,,,,,,,,0.0
ELGIEQUIP,,,,,,-1.56,,,,2026-06-11,,,,,,,,,,,,2.4,,9.1,,,,,,,,,,,,,,,,,,,,,,,,,,,,,,12.0,0.0,8.0,NEUTRAL,,MID,,,,,,,,,,0.0
ENDURANCE,,,,,,0.03,,,,2026-06-11,,,,,,,,,,,,-1.8,,-14.7,,,,,,,,,,,,,,,,,,,,,,,,,,,,,,-23.0,0.0,5.0,NEUTRAL,,LARGE,,,,,,,,,,0.0
GABRIEL,,,,,,-0.57,,,,2026-06-11,,,,,,,,,,,,-1.8,,5.1,,,,,,,,,,,,,,,,,,,,,,,,,,,,,,8.0,0.0,2.0,NEUTRAL,,MID,,,,,,,,,,0.0
MEDANTA,,,,,,0.08,,,,2026-06-11,,,,,,,,,,,,2.2,,53.8,,,,,,,,,,,,,,,,,,,,,,,,,,,,,,27.0,89.1,2.0,POSITIVE,,LARGE,,,,,,,,,,1.0
GRANULES,,,,,,1.25,,,,2026-06-11,,,,,,,,,,,,2.2,,5.0,,,,,,,,,,,,,,,,,,,,,,,,,,,,,,6.0,0.0,7.0,NEUTRAL,,MID,,,,,,,,,,0.0
GRAVITA,,,,,,-0.57,,,,2026-06-11,,,,,,,,,,,,2.4,,6.4,,,,,,,,,,,,,,,,,,,,,,,,,,,,,,8.0,0.0,7.0,NEUTRAL,,MID,,,,,,,,,,0.0
HSCL,,,,,,-1.87,,,,2026-06-11,,,,,,,,,,,,-2.6,,21.6,,,,,,,,,,,,,,,,,,,,,,,,,,,,,,33.0,0.0,5.0,POSITIVE,,LARGE,,,,,,,,,,1.0
HINDZINC,,,,,,-0.47,,,,2026-06-11,,,,,,,,,,,,-2.6,,-7.1,,,,,,,,,,,,,,,,,,,,,,,,,,,,,,-12.0,0.0,10.0,NEUTRAL,,MEGA,,,,,,,,,,0.0
INDHOTEL,,,,,,-0.83,,,,2026-06-11,,,,,,,,,,,,-1.8,,11.3,,,,,,,,,,,,,,,,,,,,,,,,,,,,,,17.0,0.0,5.0,NEUTRAL,,LARGE,,,,,,,,,,0.0
JSL,,,,,,2.64,,,,2026-06-11,,,,,,,,,,,,-2.6,,-17.2,,,,,,,,,,,,,,,,,,,,,,,,,,,,,,-27.0,0.0,7.0,NEUTRAL,,LARGE,,,,,,,,,,0.0
KPIL,,,,,,-1.63,,,,2026-06-11,,,,,,,,,,,,2.4,,-12.3,,,,,,,,,,,,,,,,,,,,,,,,,,,,,,-21.0,0.0,9.0,NEUTRAL,,LARGE,,,,,,,,,,0.0
LODHA,,,,,,0.34,,,,2026-06-11,,,,,,,,,,,,-3.1,,-14.7,,,,,,,,,,,,,,,,,,,,,,,,,,,,,,-23.0,0.0,7.0,NEUTRAL,,LARGE,,,,,,,,,,0.0
LUPIN,,,,,,1.15,,,,2026-06-11,,,,,,,,,,,,2.2,,57.0,,,,,,,,,,,,,,,,,,,,,,,,,,,,,,29.0,91.2,12.0,POSITIVE,,MEGA,,,,,,,,,,1.0
MRF,,,,,,0.28,,,,2026-06-11,,,,,,,,,,,,-1.8,,-14.2,,,,,,,,,,,,,,,,,,,,,,,,,,,,,,-23.0,0.0,9.0,NEUTRAL,,LARGE,,,,,,,,,,0.0
MANKIND,,,,,,-0.15,,,,2026-06-11,,,,,,,,,,,,2.2,,-0.7,,,,,,,,,,,,,,,,,,,,,,,,,,,,,,-2.0,0.0,2.0,NEUTRAL,,LARGE,,,,,,,,,,0.0
MARICO,,,,,,-1.11,,,,2026-06-11,,,,,,,,,,,,-1.9,,-10.8,,,,,,,,,,,,,,,,,,,,,,,,,,,,,,-17.0,0.0,5.0,NEUTRAL,,MEGA,,,,,,,,,,0.0
MAXHEALTH,,,,,,0.19,,,,2026-06-11,,,,,,,,,,,,2.2,,15.5,,,,,,,,,,,,,,,,,,,,,,,,,,,,,,23.0,0.0,2.0,NEUTRAL,,LARGE,,,,,,,,,,0.0
MSUMI,,,,,,-1.58,,,,2026-06-11,,,,,,,,,,,,-1.8,,-14.6,,,,,,,,,,,,,,,,,,,,,,,,,,,,,,-23.0,0.0,6.0,NEUTRAL,,LARGE,,,,,,,,,,0.0
MPHASIS,,,,,,-1.34,,,,2026-06-11,,,,,,,,,,,,-2.6,,-4.2,,,,,,,,,,,,,,,,,,,,,,,,,,,,,,-7.0,0.0,7.0,NEUTRAL,,LARGE,,,,,,,,,,0.0
MCX,,,,,,1.19,,,,2026-06-11,,,,,,,,,,,,-7.0,,-43.5,,,,,,,,,,,,,,,,,,,,,,,,,,,,,,-21.0,-73.2,5.0,NEGATIVE,,LARGE,,,,,,,,,,-1.0
NMDC,,,,,,-0.35,,,,2026-06-11,,,,,,,,,,,,-2.6,,-0.1,,,,,,,,,,,,,,,,,,,,,,,,,,,,,,-2.0,0.0,15.0,NEUTRAL,,LARGE,,,,,,,,,,0.0
NATIONALUM,,,,,,-1.48,,,,2026-06-11,,,,,,,,,,,,-2.6,,-10.0,,,,,,,,,,,,,,,,,,,,,,,,,,,,,,-17.0,0.0,13.0,NEUTRAL,,LARGE,,,,,,,,,,0.0
NAVINFLUOR,,,,,,1.57,,,,2026-06-11,,,,,,,,,,,,-2.6,,17.7,,,,,,,,,,,,,,,,,,,,,,,,,,,,,,27.0,0.0,5.0,NEUTRAL,,LARGE,,,,,,,,,,0.0
NETWEB,,,,,,-2.43,,,,2026-06-11,,,,,,,,,,,,-2.6,,-7.0,,,,,,,,,,,,,,,,,,,,,,,,,,,,,,-11.0,0.0,5.0,NEUTRAL,,LARGE,,,,,,,,,,0.0
OBEROIRLTY,,,,,,-0.35,,,,2026-06-11,,,,,,,,,,,,-3.1,,-18.4,,,,,,,,,,,,,,,,,,,,,,,,,,,,,,-29.0,0.0,9.0,NEUTRAL,,LARGE,,,,,,,,,,0.0
ONGC,,,,,,0.6,,,,2026-06-11,,,,,,,,,,,,-8.9,,-10.2,,,,,,,,,,,,,,,,,,,,,,,,,,,,,,-16.0,0.0,15.0,NEUTRAL,,MEGA,,,,,,,,,,0.0
OFSS,,,,,,-0.81,,,,2026-06-11,,,,,,,,,,,,-2.6,,-13.2,,,,,,,,,,,,,,,,,,,,,,,,,,,,,,-21.0,0.0,8.0,NEUTRAL,,LARGE,,,,,,,,,,0.0
PAGEIND,,,,,,-0.57,,,,2026-06-11,,,,,,,,,,,,-1.8,,-13.6,,,,,,,,,,,,,,,,,,,,,,,,,,,,,,-21.0,0.0,3.0,NEUTRAL,,LARGE,,,,,,,,,,0.0
PATANJALI,,,,,,-1.0,,,,2026-06-11,,,,,,,,,,,,-1.9,,-13.1,,,,,,,,,,,,,,,,,,,,,,,,,,,,,,-22.0,1.9,7.0,NEUTRAL,,LARGE,,,,,,,,,,0.0
RRKABEL,,,,,,-1.82,,,,2026-06-11,,,,,,,,,,,,2.4,,3.9,,,,,,,,,,,,,,,,,,,,,,,,,,,,,,4.0,0.0,8.0,NEUTRAL,,LARGE,,,,,,,,,,0.0
SARDAEN,,,,,,-0.36,,,,2026-06-11,,,,,,,,,,,,-2.6,,1.9,,,,,,,,,,,,,,,,,,,,,,,,,,,,,,2.0,0.0,9.0,NEUTRAL,,MID,,,,,,,,,,0.0
SOLARINDS,,,,,,-3.14,,,,2026-06-11,,,,,,,,,,,,-2.6,,-17.4,,,,,,,,,,,,,,,,,,,,,,,,,,,,,,-27.0,0.0,5.0,NEUTRAL,,MEGA,,,,,,,,,,0.0
TBOTEK,,,,,,2.23,,,,2026-06-11,,,,,,,,,,,,-1.8,,-5.6,,,,,,,,,,,,,,,,,,,,,,,,,,,,,,-8.0,0.0,-1.0,NEUTRAL,,MID,,,,,,,,,,0.0
TCS,,,,,,-0.74,,,,2026-06-11,,,,,,,,,,,,-2.6,,-13.3,,,,,,,,,,,,,,,,,,,,,,,,,,,,,,-23.0,2.4,10.0,NEUTRAL,,MEGA,,,,,,,,,,0.0
TRENT,,,,,,-1.73,,,,2026-06-11,,,,,,,,,,,,-1.8,,-14.7,,,,,,,,,,,,,,,,,,,,,,,,,,,,,,-23.0,0.0,5.0,NEUTRAL,,MEGA,,,,,,,,,,0.0
UNOMINDA,,,,,,-1.22,,,,2026-06-11,,,,,,,,,,,,-1.8,,-15.0,,,,,,,,,,,,,,,,,,,,,,,,,,,,,,-23.0,0.0,2.0,NEUTRAL,,LARGE,,,,,,,,,,0.0
VIJAYA,,,,,,0.75,,,,2026-06-11,,,,,,,,,,,,2.2,,4.5,,,,,,,,,,,,,,,,,,,,,,,,,,,,,,6.0,0.0,2.0,NEUTRAL,,MID,,,,,,,,,,0.0
ZFCVINDIA,,,,,,-0.76,,,,2026-06-11,,,,,,,,,,,,-1.8,,4.7,,,,,,,,,,,,,,,,,,,,,,,,,,,,,,8.0,0.0,-2.0,NEUTRAL,,LARGE,,,,,,,,,,0.0
ZYDUSLIFE,,,,,,0.1,,,,2026-06-11,,,,,,,,,,,,2.2,,15.6,,,,,,,,,,,,,,,,,,,,,,,,,,,,,,22.0,0.0,9.0,NEUTRAL,,MEGA,,,,,,,,,,0.0
ECLERX,,,,,,-0.07,,,,2026-06-11,,,,,,,,,,,,-2.6,,11.3,,,,,,,,,,,,,,,,,,,,,,,,,,,,,,16.0,0.0,12.0,NEUTRAL,,MID,,,,,,,,,,0.0
AIAENG,,,,,,-1.52,,,,2026-06-11,,,,,,,,,,,,2.4,,-6.2,,,,,,,,,,,,,,,,,,,,,,,,,,,,,,-11.0,0.0,5.0,NEUTRAL,,LARGE,,,,,,,,,,0.0
AFFLE,,,,,,-1.77,,,,2026-06-11,,,,,,,,,,,,-2.4,,-15.1,,,,,,,,,,,,,,,,,,,,,,,,,,,,,,-23.0,0.0,2.0,NEUTRAL,,LARGE,,,,,,,,,,0.0
APARINDS,,,,,,3.31,,,,2026-06-11,,,,,,,,,,,,2.4,,22.1,,,,,,,,,,,,,,,,,,,,,,,,,,,,,,33.0,0.0,2.0,POSITIVE,,LARGE,,,,,,,,,,1.0
ASIANPAINT,,,,,,-0.89,,,,2026-06-11,,,,,,,,,,,,-2.6,,17.5,,,,,,,,,,,,,,,,,,,,,,,,,,,,,,27.0,0.0,3.0,NEUTRAL,,MEGA,,,,,,,,,,0.0
BLS,,,,,,-1.42,,,,2026-06-11,,,,,,,,,,,,2.4,,11.9,,,,,,,,,,,,,,,,,,,,,,,,,,,,,,16.0,0.0,10.0,NEUTRAL,,MID,,,,,,,,,,0.0
BSE,,,,,,0.04,,,,2026-06-11,,,,,,,,,,,,-7.0,,-13.2,,,,,,,,,,,,,,,,,,,,,,,,,,,,,,-21.0,3.0,3.0,NEUTRAL,,MEGA,,,,,,,,,,0.0
BEL,,,,,,-1.03,,,,2026-06-11,,,,,,,,,,,,2.4,,-16.5,,,,,,,,,,,,,,,,,,,,,,,,,,,,,,-27.0,0.0,6.0,NEUTRAL,,MEGA,,,,,,,,,,0.0
BIKAJI,,,,,,0.78,,,,2026-06-11,,,,,,,,,,,,-1.9,,-0.1,,,,,,,,,,,,,,,,,,,,,,,,,,,,,,0.0,0.0,2.0,NEUTRAL,,MID,,,,,,,,,,0.0
BLUESTARCO,,,,,,-1.24,,,,2026-06-11,,,,,,,,,,,,2.4,,-14.3,,,,,,,,,,,,,,,,,,,,,,,,,,,,,,-23.0,0.0,2.0,NEUTRAL,,LARGE,,,,,,,,,,0.0
BRITANNIA,,,,,,-0.19,,,,2026-06-11,,,,,,,,,,,,-1.9,,1.0,,,,,,,,,,,,,,,,,,,,,,,,,,,,,,2.0,-1.7,6.0,NEUTRAL,,MEGA,,,,,,,,,,0.0
CAPLIPOINT,,,,,,1.82,,,,2026-06-11,,,,,,,,,,,,2.2,,-10.8,,,,,,,,,,,,,,,,,,,,,,,,,,,,,,-18.0,0.0,5.0,NEUTRAL,,MID,,,,,,,,,,0.0
CEMPRO,,,,,,-4.34,,,,2026-06-11,,,,,,,,,,,,2.4,,22.7,,,,,,,,,,,,,,,,,,,,,,,,,,,,,,33.0,0.0,8.0,POSITIVE,,LARGE,,,,,,,,,,1.0
DOMS,,,,,,6.46,,,,2026-06-11,,,,,,,,,,,,2.4,,2.2,,,,,,,,,,,,,,,,,,,,,,,,,,,,,,2.0,0.0,5.0,NEUTRAL,,MID,,,,,,,,,,0.0
DIXON,,,,,,-0.1,,,,2026-06-11,,,,,,,,,,,,-2.6,,1.8,,,,,,,,,,,,,,,,,,,,,,,,,,,,,,2.0,0.0,8.0,NEUTRAL,,LARGE,,,,,,,,,,0.0
ELGIEQUIP,,,,,,-1.56,,,,2026-06-11,,,,,,,,,,,,2.4,,9.1,,,,,,,,,,,,,,,,,,,,,,,,,,,,,,12.0,0.0,8.0,NEUTRAL,,MID,,,,,,,,,,0.0
ENDURANCE,,,,,,0.03,,,,2026-06-11,,,,,,,,,,,,-1.8,,-14.7,,,,,,,,,,,,,,,,,,,,,,,,,,,,,,-23.0,0.0,5.0,NEUTRAL,,LARGE,,,,,,,,,,0.0
GABRIEL,,,,,,-0.57,,,,2026-06-11,,,,,,,,,,,,-1.8,,5.1,,,,,,,,,,,,,,,,,,,,,,,,,,,,,,8.0,0.0,2.0,NEUTRAL,,MID,,,,,,,,,,0.0
MEDANTA,,,,,,0.08,,,,2026-06-11,,,,,,,,,,,,2.2,,53.8,,,,,,,,,,,,,,,,,,,,,,,,,,,,,,27.0,89.1,2.0,POSITIVE,,LARGE,,,,,,,,,,1.0
GRANULES,,,,,,1.25,,,,2026-06-11,,,,,,,,,,,,2.2,,5.0,,,,,,,,,,,,,,,,,,,,,,,,,,,,,,6.0,0.0,7.0,NEUTRAL,,MID,,,,,,,,,,0.0
GRAVITA,,,,,,-0.57,,,,2026-06-11,,,,,,,,,,,,2.4,,6.4,,,,,,,,,,,,,,,,,,,,,,,,,,,,,,8.0,0.0,7.0,NEUTRAL,,MID,,,,,,,,,,0.0
HSCL,,,,,,-1.87,,,,2026-06-11,,,,,,,,,,,,-2.6,,21.6,,,,,,,,,,,,,,,,,,,,,,,,,,,,,,33.0,0.0,5.0,POSITIVE,,LARGE,,,,,,,,,,1.0
HINDZINC,,,,,,-0.47,,,,2026-06-11,,,,,,,,,,,,-2.6,,-7.1,,,,,,,,,,,,,,,,,,,,,,,,,,,,,,-12.0,0.0,10.0,NEUTRAL,,MEGA,,,,,,,,,,0.0
INDHOTEL,,,,,,-0.83,,,,2026-06-11,,,,,,,,,,,,-1.8,,11.3,,,,,,,,,,,,,,,,,,,,,,,,,,,,,,17.0,0.0,5.0,NEUTRAL,,LARGE,,,,,,,,,,0.0
JSL,,,,,,2.64,,,,2026-06-11,,,,,,,,,,,,-2.6,,-17.2,,,,,,,,,,,,,,,,,,,,,,,,,,,,,,-27.0,0.0,7.0,NEUTRAL,,LARGE,,,,,,,,,,0.0
KPIL,,,,,,-1.63,,,,2026-06-11,,,,,,,,,,,,2.4,,-12.3,,,,,,,,,,,,,,,,,,,,,,,,,,,,,,-21.0,0.0,9.0,NEUTRAL,,LARGE,,,,,,,,,,0.0
LODHA,,,,,,0.34,,,,2026-06-11,,,,,,,,,,,,-3.1,,-14.7,,,,,,,,,,,,,,,,,,,,,,,,,,,,,,-23.0,0.0,7.0,NEUTRAL,,LARGE,,,,,,,,,,0.0
LUPIN,,,,,,1.15,,,,2026-06-11,,,,,,,,,,,,2.2,,57.0,,,,,,,,,,,,,,,,,,,,,,,,,,,,,,29.0,91.2,12.0,POSITIVE,,MEGA,,,,,,,,,,1.0
MRF,,,,,,0.28,,,,2026-06-11,,,,,,,,,,,,-1.8,,-14.2,,,,,,,,,,,,,,,,,,,,,,,,,,,,,,-23.0,0.0,9.0,NEUTRAL,,LARGE,,,,,,,,,,0.0
MANKIND,,,,,,-0.15,,,,2026-06-11,,,,,,,,,,,,2.2,,-0.7,,,,,,,,,,,,,,,,,,,,,,,,,,,,,,-2.0,0.0,2.0,NEUTRAL,,LARGE,,,,,,,,,,0.0
MARICO,,,,,,-1.11,,,,2026-06-11,,,,,,,,,,,,-1.9,,-10.8,,,,,,,,,,,,,,,,,,,,,,,,,,,,,,-17.0,0.0,5.0,NEUTRAL,,MEGA,,,,,,,,,,0.0
MAXHEALTH,,,,,,0.19,,,,2026-06-11,,,,,,,,,,,,2.2,,15.5,,,,,,,,,,,,,,,,,,,,,,,,,,,,,,23.0,0.0,2.0,NEUTRAL,,LARGE,,,,,,,,,,0.0
MSUMI,,,,,,-1.58,,,,2026-06-11,,,,,,,,,,,,-1.8,,-14.6,,,,,,,,,,,,,,,,,,,,,,,,,,,,,,-23.0,0.0,6.0,NEUTRAL,,LARGE,,,,,,,,,,0.0
MPHASIS,,,,,,-1.34,,,,2026-06-11,,,,,,,,,,,,-2.6,,-4.2,,,,,,,,,,,,,,,,,,,,,,,,,,,,,,-7.0,0.0,7.0,NEUTRAL,,LARGE,,,,,,,,,,0.0
MCX,,,,,,1.19,,,,2026-06-11,,,,,,,,,,,,-7.0,,-46.6,,,,,,,,,,,,,,,,,,,,,,,,,,,,,,-21.0,-80.9,5.0,NEGATIVE,,LARGE,,,,,,,,,,-1.0
NMDC,,,,,,-0.35,,,,2026-06-11,,,,,,,,,,,,-2.6,,-0.1,,,,,,,,,,,,,,,,,,,,,,,,,,,,,,-2.0,0.0,15.0,NEUTRAL,,LARGE,,,,,,,,,,0.0
NATIONALUM,,,,,,-1.48,,,,2026-06-11,,,,,,,,,,,,-2.6,,-10.0,,,,,,,,,,,,,,,,,,,,,,,,,,,,,,-17.0,0.0,13.0,NEUTRAL,,LARGE,,,,,,,,,,0.0
NAVINFLUOR,,,,,,1.57,,,,2026-06-11,,,,,,,,,,,,-2.6,,17.7,,,,,,,,,,,,,,,,,,,,,,,,,,,,,,27.0,0.0,5.0,NEUTRAL,,LARGE,,,,,,,,,,0.0
NETWEB,,,,,,-2.43,,,,2026-06-11,,,,,,,,,,,,-2.6,,-7.0,,,,,,,,,,,,,,,,,,,,,,,,,,,,,,-11.0,0.0,5.0,NEUTRAL,,LARGE,,,,,,,,,,0.0
OBEROIRLTY,,,,,,-0.35,,,,2026-06-11,,,,,,,,,,,,-3.1,,-18.4,,,,,,,,,,,,,,,,,,,,,,,,,,,,,,-29.0,0.0,9.0,NEUTRAL,,LARGE,,,,,,,,,,0.0
ONGC,,,,,,0.6,,,,2026-06-11,,,,,,,,,,,,-8.9,,-10.2,,,,,,,,,,,,,,,,,,,,,,,,,,,,,,-16.0,0.0,15.0,NEUTRAL,,MEGA,,,,,,,,,,0.0
OFSS,,,,,,-0.81,,,,2026-06-11,,,,,,,,,,,,-2.6,,-13.2,,,,,,,,,,,,,,,,,,,,,,,,,,,,,,-21.0,0.0,8.0,NEUTRAL,,LARGE,,,,,,,,,,0.0
PAGEIND,,,,,,-0.57,,,,2026-06-11,,,,,,,,,,,,-1.8,,-13.6,,,,,,,,,,,,,,,,,,,,,,,,,,,,,,-21.0,0.0,3.0,NEUTRAL,,LARGE,,,,,,,,,,0.0
PATANJALI,,,,,,-1.0,,,,2026-06-11,,,,,,,,,,,,-1.9,,-13.1,,,,,,,,,,,,,,,,,,,,,,,,,,,,,,-22.0,1.9,7.0,NEUTRAL,,LARGE,,,,,,,,,,0.0
RRKABEL,,,,,,-1.82,,,,2026-06-11,,,,,,,,,,,,2.4,,3.9,,,,,,,,,,,,,,,,,,,,,,,,,,,,,,4.0,0.0,8.0,NEUTRAL,,LARGE,,,,,,,,,,0.0
SARDAEN,,,,,,-0.36,,,,2026-06-11,,,,,,,,,,,,-2.6,,1.9,,,,,,,,,,,,,,,,,,,,,,,,,,,,,,2.0,0.0,9.0,NEUTRAL,,MID,,,,,,,,,,0.0
SOLARINDS,,,,,,-3.14,,,,2026-06-11,,,,,,,,,,,,-2.6,,-17.4,,,,,,,,,,,,,,,,,,,,,,,,,,,,,,-27.0,0.0,5.0,NEUTRAL,,MEGA,,,,,,,,,,0.0
TBOTEK,,,,,,2.23,,,,2026-06-11,,,,,,,,,,,,-1.8,,-5.6,,,,,,,,,,,,,,,,,,,,,,,,,,,,,,-8.0,0.0,-1.0,NEUTRAL,,MID,,,,,,,,,,0.0
TCS,,,,,,-0.74,,,,2026-06-11,,,,,,,,,,,,-2.6,,-28.4,,,,,,,,,,,,,,,,,,,,,,,,,,,,,,-23.0,-35.4,10.0,NEGATIVE,,MEGA,,,,,,,,,,-1.0
TRENT,,,,,,-1.73,,,,2026-06-11,,,,,,,,,,,,-1.8,,-14.7,,,,,,,,,,,,,,,,,,,,,,,,,,,,,,-23.0,0.0,5.0,NEUTRAL,,MEGA,,,,,,,,,,0.0
UNOMINDA,,,,,,-1.22,,,,2026-06-11,,,,,,,,,,,,-1.8,,-15.0,,,,,,,,,,,,,,,,,,,,,,,,,,,,,,-23.0,0.0,2.0,NEUTRAL,,LARGE,,,,,,,,,,0.0
VIJAYA,,,,,,0.75,,,,2026-06-11,,,,,,,,,,,,2.2,,4.5,,,,,,,,,,,,,,,,,,,,,,,,,,,,,,6.0,0.0,2.0,NEUTRAL,,MID,,,,,,,,,,0.0
ZFCVINDIA,,,,,,-0.76,,,,2026-06-11,,,,,,,,,,,,-1.8,,4.7,,,,,,,,,,,,,,,,,,,,,,,,,,,,,,8.0,0.0,-2.0,NEUTRAL,,LARGE,,,,,,,,,,0.0
ZYDUSLIFE,,,,,,0.1,,,,2026-06-11,,,,,,,,,,,,2.2,,15.6,,,,,,,,,,,,,,,,,,,,,,,,,,,,,,22.0,0.0,9.0,NEUTRAL,,MEGA,,,,,,,,,,0.0
ECLERX,,,,,,-0.07,,,,2026-06-11,,,,,,,,,,,,-2.6,,11.3,,,,,,,,,,,,,,,,,,,,,,,,,,,,,,16.0,0.0,12.0,NEUTRAL,,MID,,,,,,,,,,0.0
AIAENG,,,,,,-0.93,,,,2026-06-12,,,,,,,,,,,,2.7,,-6.2,,,,,,,,,,,,,,,,,,,,,,,,,,,,,,-11.0,0.0,5.0,NEUTRAL,,LARGE,,,,,,,,,,0.0
AFFLE,,,,,,-1.35,,,,2026-06-12,,,,,,,,,,,,-3.4,,10.1,,,,,,,,,,,,,,,,,,,,,,,,,,,,,,16.0,0.0,2.0,NEUTRAL,,MID,,,,,,,,,,0.0
APARINDS,,,,,,4.52,,,,2026-06-12,,,,,,,,,,,,2.7,,18.9,,,,,,,,,,,,,,,,,,,,,,,,,,,,,,28.0,0.0,2.0,NEUTRAL,,LARGE,,,,,,,,,,0.0
ASIANPAINT,,,,,,1.19,,,,2026-06-12,,,,,,,,,,,,-1.8,,17.6,,,,,,,,,,,,,,,,,,,,,,,,,,,,,,27.0,0.0,3.0,NEUTRAL,,MEGA,,,,,,,,,,0.0
BLS,,,,,,2.08,,,,2026-06-12,,,,,,,,,,,,2.7,,6.7,,,,,,,,,,,,,,,,,,,,,,,,,,,,,,8.0,0.0,10.0,NEUTRAL,,MID,,,,,,,,,,0.0
BSE,,,,,,0.41,,,,2026-06-12,,,,,,,,,,,,-6.2,,-13.5,,,,,,,,,,,,,,,,,,,,,,,,,,,,,,-21.0,2.1,3.0,NEUTRAL,,MEGA,,,,,,,,,,0.0
BEL,,,,,,0.22,,,,2026-06-12,,,,,,,,,,,,2.7,,-16.5,,,,,,,,,,,,,,,,,,,,,,,,,,,,,,-27.0,0.0,6.0,NEUTRAL,,MEGA,,,,,,,,,,0.0
BIKAJI,,,,,,-0.09,,,,2026-06-12,,,,,,,,,,,,-1.2,,0.0,,,,,,,,,,,,,,,,,,,,,,,,,,,,,,0.0,0.0,2.0,NEUTRAL,,MID,,,,,,,,,,0.0
BLUESTARCO,,,,,,-0.19,,,,2026-06-12,,,,,,,,,,,,2.7,,-0.6,,,,,,,,,,,,,,,,,,,,,,,,,,,,,,-2.0,0.0,2.0,NEUTRAL,,LARGE,,,,,,,,,,0.0
BRITANNIA,,,,,,-0.38,,,,2026-06-12,,,,,,,,,,,,-1.2,,1.9,,,,,,,,,,,,,,,,,,,,,,,,,,,,,,2.0,0.3,6.0,NEUTRAL,,MEGA,,,,,,,,,,0.0
CAPLIPOINT,,,,,,1.31,,,,2026-06-12,,,,,,,,,,,,2.2,,-10.8,,,,,,,,,,,,,,,,,,,,,,,,,,,,,,-18.0,0.0,5.0,NEUTRAL,,MID,,,,,,,,,,0.0
CEMPRO,,,,,,-5.54,,,,2026-06-12,,,,,,,,,,,,2.7,,9.1,,,,,,,,,,,,,,,,,,,,,,,,,,,,,,12.0,0.0,8.0,NEUTRAL,,MID,,,,,,,,,,0.0
DOMS,,,,,,1.1,,,,2026-06-12,,,,,,,,,,,,2.7,,24.5,,,,,,,,,,,,,,,,,,,,,,,,,,,,,,-10.0,75.1,5.0,POSITIVE,,MID,,,,,,,,,,1.0
DIXON,,,,,,-0.57,,,,2026-06-12,,,,,,,,,,,,-1.6,,-7.8,,,,,,,,,,,,,,,,,,,,,,,,,,,,,,-13.0,0.0,8.0,NEUTRAL,,LARGE,,,,,,,,,,0.0
ELGIEQUIP,,,,,,2.2,,,,2026-06-12,,,,,,,,,,,,2.7,,1.3,,,,,,,,,,,,,,,,,,,,,,,,,,,,,,0.0,0.0,8.0,NEUTRAL,,MID,,,,,,,,,,0.0
ENDURANCE,,,,,,-0.62,,,,2026-06-12,,,,,,,,,,,,-1.3,,-14.6,,,,,,,,,,,,,,,,,,,,,,,,,,,,,,-23.0,0.0,5.0,NEUTRAL,,LARGE,,,,,,,,,,0.0
GABRIEL,,,,,,0.64,,,,2026-06-12,,,,,,,,,,,,-1.3,,5.2,,,,,,,,,,,,,,,,,,,,,,,,,,,,,,8.0,0.0,2.0,NEUTRAL,,MID,,,,,,,,,,0.0
MEDANTA,,,,,,-0.24,,,,2026-06-12,,,,,,,,,,,,2.2,,53.8,,,,,,,,,,,,,,,,,,,,,,,,,,,,,,27.0,89.1,2.0,POSITIVE,,LARGE,,,,,,,,,,1.0
GRANULES,,,,,,-0.55,,,,2026-06-12,,,,,,,,,,,,2.2,,5.0,,,,,,,,,,,,,,,,,,,,,,,,,,,,,,6.0,0.0,7.0,NEUTRAL,,MID,,,,,,,,,,0.0
GRAVITA,,,,,,0.59,,,,2026-06-12,,,,,,,,,,,,2.7,,6.4,,,,,,,,,,,,,,,,,,,,,,,,,,,,,,8.0,0.0,7.0,NEUTRAL,,MID,,,,,,,,,,0.0
HSCL,,,,,,-1.29,,,,2026-06-12,,,,,,,,,,,,-1.8,,21.7,,,,,,,,,,,,,,,,,,,,,,,,,,,,,,33.0,0.0,5.0,POSITIVE,,LARGE,,,,,,,,,,1.0
HINDZINC,,,,,,2.09,,,,2026-06-12,,,,,,,,,,,,-1.8,,-10.2,,,,,,,,,,,,,,,,,,,,,,,,,,,,,,-17.0,0.0,10.0,NEUTRAL,,MEGA,,,,,,,,,,0.0
INDHOTEL,,,,,,0.64,,,,2026-06-12,,,,,,,,,,,,-1.3,,15.3,,,,,,,,,,,,,,,,,,,,,,,,,,,,,,23.0,0.0,5.0,NEUTRAL,,LARGE,,,,,,,,,,0.0
JSL,,,,,,2.08,,,,2026-06-12,,,,,,,,,,,,-1.8,,-2.1,,,,,,,,,,,,,,,,,,,,,,,,,,,,,,-4.0,0.0,7.0,NEUTRAL,,LARGE,,,,,,,,,,0.0
KPIL,,,,,,1.11,,,,2026-06-12,,,,,,,,,,,,2.7,,-12.2,,,,,,,,,,,,,,,,,,,,,,,,,,,,,,-21.0,0.0,9.0,NEUTRAL,,LARGE,,,,,,,,,,0.0
LODHA,,,,,,1.99,,,,2026-06-12,,,,,,,,,,,,-1.8,,-4.7,,,,,,,,,,,,,,,,,,,,,,,,,,,,,,-8.0,0.0,7.0,NEUTRAL,,LARGE,,,,,,,,,,0.0
LUPIN,,,,,,0.61,,,,2026-06-12,,,,,,,,,,,,2.2,,57.0,,,,,,,,,,,,,,,,,,,,,,,,,,,,,,29.0,91.2,12.0,POSITIVE,,MEGA,,,,,,,,,,1.0
MRF,,,,,,0.73,,,,2026-06-12,,,,,,,,,,,,-1.3,,-0.5,,,,,,,,,,,,,,,,,,,,,,,,,,,,,,-2.0,0.0,9.0,NEUTRAL,,LARGE,,,,,,,,,,0.0
MANKIND,,,,,,0.86,,,,2026-06-12,,,,,,,,,,,,2.2,,9.0,,,,,,,,,,,,,,,,,,,,,,,,,,,,,,13.0,0.0,2.0,NEUTRAL,,LARGE,,,,,,,,,,0.0
MARICO,,,,,,0.7,,,,2026-06-12,,,,,,,,,,,,-1.2,,8.8,,,,,,,,,,,,,,,,,,,,,,,,,,,,,,13.0,0.0,5.0,NEUTRAL,,MEGA,,,,,,,,,,0.0
MAXHEALTH,,,,,,0.08,,,,2026-06-12,,,,,,,,,,,,2.2,,15.5,,,,,,,,,,,,,,,,,,,,,,,,,,,,,,23.0,0.0,2.0,NEUTRAL,,LARGE,,,,,,,,,,0.0
MSUMI,,,,,,0.27,,,,2026-06-12,,,,,,,,,,,,-1.3,,-16.9,,,,,,,,,,,,,,,,,,,,,,,,,,,,,,-27.0,0.0,8.0,NEUTRAL,,LARGE,,,,,,,,,,0.0
MPHASIS,,,,,,-0.48,,,,2026-06-12,,,,,,,,,,,,-1.6,,-7.9,,,,,,,,,,,,,,,,,,,,,,,,,,,,,,-13.0,0.0,7.0,NEUTRAL,,LARGE,,,,,,,,,,0.0
MCX,,,,,,0.8,,,,2026-06-12,,,,,,,,,,,,-6.2,,-26.9,,,,,,,,,,,,,,,,,,,,,,,,,,,,,,-21.0,-32.1,5.0,NEGATIVE,,LARGE,,,,,,,,,,-1.0
NMDC,,,,,,2.19,,,,2026-06-12,,,,,,,,,,,,-1.8,,-9.7,,,,,,,,,,,,,,,,,,,,,,,,,,,,,,-17.0,0.0,15.0,NEUTRAL,,LARGE,,,,,,,,,,0.0
NATIONALUM,,,,,,1.74,,,,2026-06-12,,,,,,,,,,,,-1.8,,-9.9,,,,,,,,,,,,,,,,,,,,,,,,,,,,,,-17.0,0.0,13.0,NEUTRAL,,LARGE,,,,,,,,,,0.0
NAVINFLUOR,,,,,,0.75,,,,2026-06-12,,,,,,,,,,,,-1.8,,17.8,,,,,,,,,,,,,,,,,,,,,,,,,,,,,,27.0,0.0,5.0,NEUTRAL,,LARGE,,,,,,,,,,0.0
NETWEB,,,,,,8.05,,,,2026-06-12,,,,,,,,,,,,-1.6,,-4.3,,,,,,,,,,,,,,,,,,,,,,,,,,,,,,-7.0,0.0,5.0,NEUTRAL,,LARGE,,,,,,,,,,0.0
OBEROIRLTY,,,,,,0.45,,,,2026-06-12,,,,,,,,,,,,-1.8,,-14.2,,,,,,,,,,,,,,,,,,,,,,,,,,,,,,-23.0,0.0,9.0,NEUTRAL,,LARGE,,,,,,,,,,0.0
ONGC,,,,,,-3.57,,,,2026-06-12,,,,,,,,,,,,-11.4,,-15.8,,,,,,,,,,,,,,,,,,,,,,,,,,,,,,-22.0,-3.4,15.0,NEUTRAL,,MEGA,,,,,,,,,,0.0
OFSS,,,,,,-1.06,,,,2026-06-12,,,,,,,,,,,,-1.6,,-16.9,,,,,,,,,,,,,,,,,,,,,,,,,,,,,,-27.0,0.0,8.0,NEUTRAL,,LARGE,,,,,,,,,,0.0
PAGEIND,,,,,,1.83,,,,2026-06-12,,,,,,,,,,,,-1.3,,17.7,,,,,,,,,,,,,,,,,,,,,,,,,,,,,,27.0,0.0,3.0,NEUTRAL,,LARGE,,,,,,,,,,0.0
PATANJALI,,,,,,2.43,,,,2026-06-12,,,,,,,,,,,,-1.2,,-16.2,,,,,,,,,,,,,,,,,,,,,,,,,,,,,,-27.0,1.9,7.0,NEUTRAL,,LARGE,,,,,,,,,,0.0
RRKABEL,,,,,,1.84,,,,2026-06-12,,,,,,,,,,,,2.7,,18.9,,,,,,,,,,,,,,,,,,,,,,,,,,,,,,27.0,0.0,8.0,NEUTRAL,,LARGE,,,,,,,,,,0.0
SARDAEN,,,,,,-2.01,,,,2026-06-12,,,,,,,,,,,,-1.8,,5.9,,,,,,,,,,,,,,,,,,,,,,,,,,,,,,8.0,0.0,9.0,NEUTRAL,,MID,,,,,,,,,,0.0
SOLARINDS,,,,,,0.04,,,,2026-06-12,,,,,,,,,,,,-1.8,,-13.4,,,,,,,,,,,,,,,,,,,,,,,,,,,,,,-21.0,0.0,5.0,NEUTRAL,,MEGA,,,,,,,,,,0.0
TBOTEK,,,,,,2.85,,,,2026-06-12,,,,,,,,,,,,-1.3,,-5.5,,,,,,,,,,,,,,,,,,,,,,,,,,,,,,-8.0,0.0,-1.0,NEUTRAL,,MID,,,,,,,,,,0.0
TCS,,,,,,0.66,,,,2026-06-12,,,,,,,,,,,,-1.6,,-23.5,,,,,,,,,,,,,,,,,,,,,,,,,,,,,,-23.0,-23.5,10.0,NEGATIVE,,MEGA,,,,,,,,,,-1.0
TRENT,,,,,,0.64,,,,2026-06-12,,,,,,,,,,,,-1.3,,-14.6,,,,,,,,,,,,,,,,,,,,,,,,,,,,,,-23.0,0.0,5.0,NEUTRAL,,MEGA,,,,,,,,,,0.0
UNOMINDA,,,,,,-2.98,,,,2026-06-12,,,,,,,,,,,,-1.3,,-14.6,,,,,,,,,,,,,,,,,,,,,,,,,,,,,,-23.0,0.0,5.0,NEUTRAL,,LARGE,,,,,,,,,,0.0
VIJAYA,,,,,,-1.37,,,,2026-06-12,,,,,,,,,,,,2.2,,4.5,,,,,,,,,,,,,,,,,,,,,,,,,,,,,,6.0,0.0,2.0,NEUTRAL,,MID,,,,,,,,,,0.0
ZFCVINDIA,,,,,,1.05,,,,2026-06-12,,,,,,,,,,,,-1.3,,18.4,,,,,,,,,,,,,,,,,,,,,,,,,,,,,,29.0,0.0,-2.0,NEUTRAL,,LARGE,,,,,,,,,,0.0
ZYDUSLIFE,,,,,,0.96,,,,2026-06-12,,,,,,,,,,,,2.2,,15.6,,,,,,,,,,,,,,,,,,,,,,,,,,,,,,22.0,0.0,9.0,NEUTRAL,,MEGA,,,,,,,,,,0.0
ECLERX,,,,,,-0.51,,,,2026-06-12,,,,,,,,,,,,-1.6,,6.3,,,,,,,,,,,,,,,,,,,,,,,,,,,,,,8.0,0.0,12.0,NEUTRAL,,MID,,,,,,,,,,0.0
ABBOTINDIA,,,,,,1.04,,,,2026-06-12,,,,,,,,,,,,3.1,,-2.0,,,,,,,,,,,,,,,,,,,,,,,,,,,,,,-4.0,0.0,1.0,NEUTRAL,,LARGE,,,,,,,,,,0.0
ADFFOODS,,,,,,2.7,,,,2026-06-12,,,,,,,,,,,,0.2,,2.8,,,,,,,,,,,,,,,,,,,,,,,,,,,,,,6.0,0.0,0.0,NEUTRAL,,SMALL,,,,,,,,,,0.0
ADOR,,,,,,2.96,,,,2026-06-12,,,,,,,,,,,,-0.9,,3.0,,,,,,,,,,,,,,,,,,,,,,,,,,,,,,6.0,0.0,5.0,NEUTRAL,,SMALL,,,,,,,,,,0.0
ADVENZYMES,,,,,,1.2,,,,2026-06-12,,,,,,,,,,,,-1.9,,8.2,,,,,,,,,,,,,,,,,,,,,,,,,,,,,,18.0,0.0,3.0,NEUTRAL,,SMALL,,,,,,,,,,0.0
AGI,,,,,,4.03,,,,2026-06-12,,,,,,,,,,,,0.1,,-7.0,,,,,,,,,,,,,,,,,,,,,,,,,,,,,,-13.0,0.0,13.0,NEUTRAL,,SMALL,,,,,,,,,,0.0
AIAENG,,,,,,-0.93,,,,2026-06-12,,,,,,,,,,,,-0.9,,-6.7,,,,,,,,,,,,,,,,,,,,,,,,,,,,,,-11.0,0.0,5.0,NEUTRAL,,LARGE,,,,,,,,,,0.0
ALIVUS,,,,,,3.89,,,,2026-06-12,,,,,,,,,,,,3.1,,-1.3,,,,,,,,,,,,,,,,,,,,,,,,,,,,,,-4.0,0.0,7.0,NEUTRAL,,MID,,,,,,,,,,0.0
ALKEM,,,,,,0.12,,,,2026-06-12,,,,,,,,,,,,3.1,,-4.3,,,,,,,,,,,,,,,,,,,,,,,,,,,,,,-8.0,0.0,4.0,NEUTRAL,,LARGE,,,,,,,,,,0.0
AMRUTANJAN,,,,,,-0.76,,,,2026-06-12,,,,,,,,,,,,3.1,,6.1,,,,,,,,,,,,,,,,,,,,,,,,,,,,,,12.0,0.0,4.0,NEUTRAL,,SMALL,,,,,,,,,,0.0
ANANTRAJ,,,,,,3.06,,,,2026-06-12,,,,,,,,,,,,-0.4,,3.1,,,,,,,,,,,,,,,,,,,,,,,,,,,,,,6.0,0.0,5.0,NEUTRAL,,MID,,,,,,,,,,0.0
APLLTD,,,,,,1.4,,,,2026-06-12,,,,,,,,,,,,3.1,,-1.3,,,,,,,,,,,,,,,,,,,,,,,,,,,,,,-4.0,0.0,7.0,NEUTRAL,,MID,,,,,,,,,,0.0
ARE&M,,,,,,2.29,,,,2026-06-12,,,,,,,,,,,,-0.9,,-2.4,,,,,,,,,,,,,,,,,,,,,,,,,,,,,,-4.0,0.0,3.0,NEUTRAL,,MID,,,,,,,,,,0.0
ARTEMISMED,,,,,,2.63,,,,2026-06-12,,,,,,,,,,,,-3.7,,3.2,,,,,,,,,,,,,,,,,,,,,,,,,,,,,,8.0,0.0,0.0,NEUTRAL,,SMALL,,,,,,,,,,0.0
ASTRAMICRO,,,,,,2.45,,,,2026-06-12,,,,,,,,,,,,-2.4,,3.1,,,,,,,,,,,,,,,,,,,,,,,,,,,,,,7.0,0.0,2.0,NEUTRAL,,MID,,,,,,,,,,0.0
AURIONPRO,,,,,,3.16,,,,2026-06-12,,,,,,,,,,,,-2.4,,-2.5,,,,,,,,,,,,,,,,,,,,,,,,,,,,,,-4.0,0.0,4.0,NEUTRAL,,SMALL,,,,,,,,,,0.0
AUTOAXLES,,,,,,0.9,,,,2026-06-12,,,,,,,,,,,,0.1,,4.0,,,,,,,,,,,,,,,,,,,,,,,,,,,,,,8.0,0.0,5.0,NEUTRAL,,SMALL,,,,,,,,,,0.0
BAJAJCON,,,,,,2.87,,,,2026-06-12,,,,,,,,,,,,0.2,,-3.9,,,,,,,,,,,,,,,,,,,,,,,,,,,,,,-6.0,0.0,0.0,NEUTRAL,,MID,,,,,,,,,,0.0
BASF,,,,,,1.86,,,,2026-06-12,,,,,,,,,,,,-1.9,,-2.9,,,,,,,,,,,,,,,,,,,,,,,,,,,,,,-4.0,0.0,0.0,NEUTRAL,,MID,,,,,,,,,,0.0
BAYERCROP,,,,,,0.94,,,,2026-06-12,,,,,,,,,,,,-1.9,,3.5,,,,,,,,,,,,,,,,,,,,,,,,,,,,,,8.0,0.0,1.0,NEUTRAL,,MID,,,,,,,,,,0.0
BBTC,,,,,,0.73,,,,2026-06-12,,,,,,,,,,,,0.2,,-0.8,,,,,,,,,,,,,,,,,,,,,,,,,,,,,,-4.0,0.0,16.0,NEUTRAL,,MID,,,,,,,,,,0.0
BECTORFOOD,,,,,,2.12,,,,2026-06-12,,,,,,,,,,,,0.2,,1.3,,,,,,,,,,,,,,,,,,,,,,,,,,,,,,2.0,0.0,5.0,NEUTRAL,,MID,,,,,,,,,,0.0
BEL,,,,,,0.22,,,,2026-06-12,,,,,,,,,,,,-0.9,,-17.0,,,,,,,,,,,,,,,,,,,,,,,,,,,,,,-27.0,0.0,6.0,NEUTRAL,,MEGA,,,,,,,,,,0.0
BERGEPAINT,,,,,,1.1,,,,2026-06-12,,,,,,,,,,,,-1.9,,10.0,,,,,,,,,,,,,,,,,,,,,,,,,,,,,,23.0,0.0,-3.0,NEUTRAL,,LARGE,,,,,,,,,,0.0
BIKAJI,,,,,,-0.09,,,,2026-06-12,,,,,,,,,,,,0.2,,0.2,,,,,,,,,,,,,,,,,,,,,,,,,,,,,,0.0,0.0,2.0,NEUTRAL,,MID,,,,,,,,,,0.0
BLISSGVS,,,,,,1.08,,,,2026-06-12,,,,,,,,,,,,3.1,,3.8,,,,,,,,,,,,,,,,,,,,,,,,,,,,,,7.0,0.0,3.0,NEUTRAL,,SMALL,,,,,,,,,,0.0
BLS,,,,,,2.08,,,,2026-06-12,,,,,,,,,,,,-0.9,,4.3,,,,,,,,,,,,,,,,,,,,,,,,,,,,,,8.0,0.0,10.0,NEUTRAL,,MID,,,,,,,,,,0.0
BLUESTARCO,,,,,,-0.19,,,,2026-06-12,,,,,,,,,,,,-0.9,,-1.2,,,,,,,,,,,,,,,,,,,,,,,,,,,,,,-2.0,0.0,2.0,NEUTRAL,,LARGE,,,,,,,,,,0.0
BRITANNIA,,,,,,-0.38,,,,2026-06-12,,,,,,,,,,,,0.2,,1.5,,,,,,,,,,,,,,,,,,,,,,,,,,,,,,2.0,0.3,6.0,NEUTRAL,,MEGA,,,,,,,,,,0.0
BSE,,,,,,0.41,,,,2026-06-12,,,,,,,,,,,,-2.9,,-12.9,,,,,,,,,,,,,,,,,,,,,,,,,,,,,,-21.0,2.1,3.0,NEUTRAL,,MEGA,,,,,,,,,,0.0
BSOFT,,,,,,-0.08,,,,2026-06-12,,,,,,,,,,,,-2.4,,3.5,,,,,,,,,,,,,,,,,,,,,,,,,,,,,,8.0,0.0,2.0,NEUTRAL,,MID,,,,,,,,,,0.0
CAMPUS,,,,,,2.14,,,,2026-06-12,,,,,,,,,,,,0.1,,-2.0,,,,,,,,,,,,,,,,,,,,,,,,,,,,,,-4.0,0.0,5.0,NEUTRAL,,MID,,,,,,,,,,0.0
CAMS,,,,,,2.18,,,,2026-06-12,,,,,,,,,,,,-2.4,,3.4,,,,,,,,,,,,,,,,,,,,,,,,,,,,,,8.0,0.0,1.0,NEUTRAL,,MID,,,,,,,,,,0.0
CAPLIPOINT,,,,,,1.31,,,,2026-06-12,,,,,,,,,,,,3.1,,-10.7,,,,,,,,,,,,,,,,,,,,,,,,,,,,,,-18.0,0.0,5.0,NEUTRAL,,MID,,,,,,,,,,0.0
CARERATING,,,,,,0.99,,,,2026-06-12,,,,,,,,,,,,-2.9,,-3.3,,,,,,,,,,,,,,,,,,,,,,,,,,,,,,-4.0,0.0,-2.0,NEUTRAL,,SMALL,,,,,,,,,,0.0
CARYSIL,,,,,,0.91,,,,2026-06-12,,,,,,,,,,,,0.1,,-2.7,,,,,,,,,,,,,,,,,,,,,,,,,,,,,,-5.0,0.0,5.0,NEUTRAL,,SMALL,,,,,,,,,,0.0
CASTROLIND,,,,,,0.38,,,,2026-06-12,,,,,,,,,,,,-5.8,,-3.5,,,,,,,,,,,,,,,,,,,,,,,,,,,,,,-4.0,0.0,0.0,NEUTRAL,,MID,,,,,,,,,,0.0
CIEINDIA,,,,,,2.28,,,,2026-06-12,,,,,,,,,,,,0.1,,-2.6,,,,,,,,,,,,,,,,,,,,,,,,,,,,,,-4.0,0.0,0.0,NEUTRAL,,MID,,,,,,,,,,0.0
COFORGE,,,,,,-1.65,,,,2026-06-12,,,,,,,,,,,,-2.4,,-15.3,,,,,,,,,,,,,,,,,,,,,,,,,,,,,,-23.0,0.0,0.0,NEUTRAL,,LARGE,,,,,,,,,,0.0
COLPAL,,,,,,1.38,,,,2026-06-12,,,,,,,,,,,,0.2,,3.3,,,,,,,,,,,,,,,,,,,,,,,,,,,,,,7.0,0.0,1.0,NEUTRAL,,LARGE,,,,,,,,,,0.0
CRISIL,,,,,,-0.05,,,,2026-06-12,,,,,,,,,,,,-2.9,,-2.0,,,,,,,,,,,,,,,,,,,,,,,,,,,,,,-2.0,0.0,-2.0,NEUTRAL,,LARGE,,,,,,,,,,0.0
CUMMINSIND,,,,,,1.09,,,,2026-06-12,,,,,,,,,,,,-0.9,,-4.4,,,,,,,,,,,,,,,,,,,,,,,,,,,,,,-7.0,0.0,3.0,NEUTRAL,,MEGA,,,,,,,,,,0.0
DABUR,,,,,,0.04,,,,2026-06-12,,,,,,,,,,,,0.2,,-14.6,,,,,,,,,,,,,,,,,,,,,,,,,,,,,,-23.0,0.0,3.0,NEUTRAL,,LARGE,,,,,,,,,,0.0
DBCORP,,,,,,0.68,,,,2026-06-12,,,,,,,,,,,,0.6,,4.9,,,,,,,,,,,,,,,,,,,,,,,,,,,,,,8.0,0.0,15.0,NEUTRAL,,SMALL,,,,,,,,,,0.0
DHANUKA,,,,,,2.5,,,,2026-06-12,,,,,,,,,,,,-1.9,,-2.1,,,,,,,,,,,,,,,,,,,,,,,,,,,,,,-4.0,0.0,7.0,NEUTRAL,,SMALL,,,,,,,,,,0.0
DIXON,,,,,,-0.57,,,,2026-06-12,,,,,,,,,,,,-2.4,,-8.0,,,,,,,,,,,,,,,,,,,,,,,,,,,,,,-13.0,0.0,8.0,NEUTRAL,,LARGE,,,,,,,,,,0.0
DOLLAR,,,,,,0.57,,,,2026-06-12,,,,,,,,,,,,0.1,,6.8,,,,,,,,,,,,,,,,,,,,,,,,,,,,,,13.0,0.0,11.0,NEUTRAL,,SMALL,,,,,,,,,,0.0
ECLERX,,,,,,-0.51,,,,2026-06-12,,,,,,,,,,,,-2.4,,4.3,,,,,,,,,,,,,,,,,,,,,,,,,,,,,,8.0,0.0,12.0,NEUTRAL,,MID,,,,,,,,,,0.0
EICHERMOT,,,,,,1.1,,,,2026-06-12,,,,,,,,,,,,0.1,,13.4,,,,,,,,,,,,,,,,,,,,,,,,,,,,,,29.0,0.0,3.0,NEUTRAL,,MEGA,,,,,,,,,,0.0
ELLEN,,,,,,4.71,,,,2026-06-12,,,,,,,,,,,,-1.9,,-2.5,,,,,,,,,,,,,,,,,,,,,,,,,,,,,,-4.0,0.0,4.0,NEUTRAL,,SMALL,,,,,,,,,,0.0
EMUDHRA,,,,,,-0.51,,,,2026-06-12,,,,,,,,,,,,-2.4,,-2.8,,,,,,,,,,,,,,,,,,,,,,,,,,,,,,-4.0,0.0,2.0,NEUTRAL,,SMALL,,,,,,,,,,0.0
ENDURANCE,,,,,,-0.62,,,,2026-06-12,,,,,,,,,,,,0.1,,-14.4,,,,,,,,,,,,,,,,,,,,,,,,,,,,,,-23.0,0.0,5.0,NEUTRAL,,LARGE,,,,,,,,,,0.0
ESCORTS,,,,,,0.4,,,,2026-06-12,,,,,,,,,,,,-0.9,,-10.6,,,,,,,,,,,,,,,,,,,,,,,,,,,,,,-17.0,0.0,5.0,NEUTRAL,,LARGE,,,,,,,,,,0.0
FDC,,,,,,2.14,,,,2026-06-12,,,,,,,,,,,,3.1,,3.3,,,,,,,,,,,,,,,,,,,,,,,,,,,,,,6.0,0.0,3.0,NEUTRAL,,MID,,,,,,,,,,0.0
FIEMIND,,,,,,1.69,,,,2026-06-12,,,,,,,,,,,,0.1,,3.1,,,,,,,,,,,,,,,,,,,,,,,,,,,,,,6.0,0.0,5.0,NEUTRAL,,MID,,,,,,,,,,0.0
FINCABLES,,,,,,1.25,,,,2026-06-12,,,,,,,,,,,,-0.9,,-1.8,,,,,,,,,,,,,,,,,,,,,,,,,,,,,,-4.0,0.0,9.0,NEUTRAL,,MID,,,,,,,,,,0.0
FORCEMOT,,,,,,1.13,,,,2026-06-12,,,,,,,,,,,,0.1,,-14.1,,,,,,,,,,,,,,,,,,,,,,,,,,,,,,-23.0,0.0,8.0,NEUTRAL,,LARGE,,,,,,,,,,0.0
GESHIP,,,,,,-1.22,,,,2026-06-12,,,,,,,,,,,,-0.9,,4.3,,,,,,,,,,,,,,,,,,,,,,,,,,,,,,8.0,0.0,10.0,NEUTRAL,,MID,,,,,,,,,,0.0
GILLETTE,,,,,,0.41,,,,2026-06-12,,,,,,,,,,,,0.2,,-4.7,,,,,,,,,,,,,,,,,,,,,,,,,,,,,,-8.0,0.0,4.0,NEUTRAL,,LARGE,,,,,,,,,,0.0
GLAXO,,,,,,-0.48,,,,2026-06-12,,,,,,,,,,,,3.1,,-13.4,,,,,,,,,,,,,,,,,,,,,,,,,,,,,,-22.0,0.0,4.0,NEUTRAL,,LARGE,,,,,,,,,,0.0
GODREJCP,,,,,,1.26,,,,2026-06-12,,,,,,,,,,,,0.2,,10.5,,,,,,,,,,,,,,,,,,,,,,,,,,,,,,23.0,0.0,0.0,NEUTRAL,,MEGA,,,,,,,,,,0.0
GPIL,,,,,,0.29,,,,2026-06-12,,,,,,,,,,,,-1.9,,-2.5,,,,,,,,,,,,,,,,,,,,,,,,,,,,,,-4.0,0.0,4.0,NEUTRAL,,MID,,,,,,,,,,0.0
GPPL,,,,,,1.23,,,,2026-06-12,,,,,,,,,,,,-0.9,,4.5,,,,,,,,,,,,,,,,,,,,,,,,,,,,,,8.0,0.0,13.0,NEUTRAL,,MID,,,,,,,,,,0.0
GRANULES,,,,,,-0.55,,,,2026-06-12,,,,,,,,,,,,3.1,,3.6,,,,,,,,,,,,,,,,,,,,,,,,,,,,,,6.0,0.0,7.0,NEUTRAL,,MID,,,,,,,,,,0.0
GRINDWELL,,,,,,1.31,,,,2026-06-12,,,,,,,,,,,,-0.9,,11.7,,,,,,,,,,,,,,,,,,,,,,,,,,,,,,27.0,0.0,-6.0,NEUTRAL,,LARGE,,,,,,,,,,0.0
GRSE,,,,,,2.9,,,,2026-06-12,,,,,,,,,,,,-0.9,,-1.0,,,,,,,,,,,,,,,,,,,,,,,,,,,,,,-2.0,0.0,4.0,NEUTRAL,,LARGE,,,,,,,,,,0.0
HAL,,,,,,0.18,,,,2026-06-12,,,,,,,,,,,,-0.9,,-14.4,,,,,,,,,,,,,,,,,,,,,,,,,,,,,,-23.0,0.0,6.0,NEUTRAL,,MEGA,,,,,,,,,,0.0
HARSHA,,,,,,1.34,,,,2026-06-12,,,,,,,,,,,,-0.9,,3.2,,,,,,,,,,,,,,,,,,,,,,,,,,,,,,6.0,0.0,7.0,NEUTRAL,,SMALL,,,,,,,,,,0.0
HAVELLS,,,,,,1.09,,,,2026-06-12,,,,,,,,,,,,-0.9,,-17.9,,,,,,,,,,,,,,,,,,,,,,,,,,,,,,-27.0,0.0,-2.0,NEUTRAL,,LARGE,,,,,,,,,,0.0
HAWKINCOOK,,,,,,0.9,,,,2026-06-12,,,,,,,,,,,,0.1,,-3.1,,,,,,,,,,,,,,,,,,,,,,,,,,,,,,-5.0,0.0,1.0,NEUTRAL,,SMALL,,,,,,,,,,0.0
HCLTECH,,,,,,-0.44,,,,2026-06-12,,,,,,,,,,,,-2.4,,-14.6,,,,,,,,,,,,,,,,,,,,,,,,,,,,,,-23.0,0.0,7.0,NEUTRAL,,MEGA,,,,,,,,,,0.0
HEROMOTOCO,,,,,,1.57,,,,2026-06-12,,,,,,,,,,,,0.1,,6.5,,,,,,,,,,,,,,,,,,,,,,,,,,,,,,13.0,0.0,7.0,NEUTRAL,,LARGE,,,,,,,,,,0.0
HEXT,,,,,,-1.62,,,,2026-06-12,,,,,,,,,,,,-2.4,,-14.2,,,,,,,,,,,,,,,,,,,,,,,,,,,,,,-23.0,0.0,10.0,NEUTRAL,,LARGE,,,,,,,,,,0.0
HINDCOPPER,,,,,,1.88,,,,2026-06-12,,,,,,,,,,,,-1.9,,-11.4,,,,,,,,,,,,,,,,,,,,,,,,,,,,,,-17.0,0.0,0.0,NEUTRAL,,LARGE,,,,,,,,,,0.0
HINDUNILVR,,,,,,0.54,,,,2026-06-12,,,,,,,,,,,,0.2,,6.0,,,,,,,,,,,,,,,,,,,,,,,,,,,,,,13.0,0.0,1.0,NEUTRAL,,MEGA,,,,,,,,,,0.0
ICICIGI,,,,,,-2.18,,,,2026-06-12,,,,,,,,,,,,-2.9,,-14.9,,,,,,,,,,,,,,,,,,,,,,,,,,,,,,-23.0,0.0,5.0,NEUTRAL,,LARGE,,,,,,,,,,0.0
IEX,,,,,,1.73,,,,2026-06-12,,,,,,,,,,,,-2.9,,3.9,,,,,,,,,,,,,,,,,,,,,,,,,,,,,,8.0,0.0,8.0,NEUTRAL,,MID,,,,,,,,,,0.0
IFBIND,,,,,,3.86,,,,2026-06-12,,,,,,,,,,,,0.1,,5.6,,,,,,,,,,,,,,,,,,,,,,,,,,,,,,12.0,0.0,2.0,NEUTRAL,,MID,,,,,,,,,,0.0
INDIGOPNTS,,,,,,1.41,,,,2026-06-12,,,,,,,,,,,,-1.9,,2.9,,,,,,,,,,,,,,,,,,,,,,,,,,,,,,6.0,0.0,5.0,NEUTRAL,,SMALL,,,,,,,,,,0.0
INFY,,,,,,0.19,,,,2026-06-12,,,,,,,,,,,,-2.4,,-14.2,,,,,,,,,,,,,,,,,,,,,,,,,,,,,,-23.0,0.0,10.0,NEUTRAL,,MEGA,,,,,,,,,,0.0
IPCALAB,,,,,,-0.99,,,,2026-06-12,,,,,,,,,,,,3.1,,4.9,,,,,,,,,,,,,,,,,,,,,,,,,,,,,,10.0,0.0,0.0,NEUTRAL,,LARGE,,,,,,,,,,0.0
KAJARIACER,,,,,,0.44,,,,2026-06-12,,,,,,,,,,,,-0.9,,-3.0,,,,,,,,,,,,,,,,,,,,,,,,,,,,,,-4.0,0.0,-2.0,NEUTRAL,,MID,,,,,,,,,,0.0
KIRLPNU,,,,,,0.62,,,,2026-06-12,,,,,,,,,,,,-0.9,,3.2,,,,,,,,,,,,,,,,,,,,,,,,,,,,,,6.0,0.0,8.0,NEUTRAL,,MID,,,,,,,,,,0.0
KKCL,,,,,,1.03,,,,2026-06-12,,,,,,,,,,,,0.1,,1.5,,,,,,,,,,,,,,,,,,,,,,,,,,,,,,2.0,0.0,7.0,NEUTRAL,,SMALL,,,,,,,,,,0.0
KMEW,,,,,,1.79,,,,2026-06-12,,,,,,,,,,,,-0.9,,-2.9,,,,,,,,,,,,,,,,,,,,,,,,,,,,,,-4.0,0.0,-1.0,NEUTRAL,,SMALL,,,,,,,,,,0.0
KPRMILL,,,,,,1.04,,,,2026-06-12,,,,,,,,,,,,0.1,,14.9,,,,,,,,,,,,,,,,,,,,,,,,,,,,,,33.0,0.0,-2.0,NEUTRAL,,LARGE,,,,,,,,,,0.0
LICI,,,,,,0.37,,,,2026-06-12,,,,,,,,,,,,-2.9,,-14.2,,,,,,,,,,,,,,,,,,,,,,,,,,,,,,-23.0,0.0,11.0,NEUTRAL,,MEGA,,,,,,,,,,0.0
LODHA,,,,,,1.99,,,,2026-06-12,,,,,,,,,,,,-0.4,,-4.5,,,,,,,,,,,,,,,,,,,,,,,,,,,,,,-8.0,0.0,7.0,NEUTRAL,,LARGE,,,,,,,,,,0.0
LTM,,,,,,-0.05,,,,2026-06-12,,,,,,,,,,,,-2.4,,-14.8,,,,,,,,,,,,,,,,,,,,,,,,,,,,,,-23.0,0.0,5.0,NEUTRAL,,MEGA,,,,,,,,,,0.0
LTTS,,,,,,0.91,,,,2026-06-12,,,,,,,,,,,,-2.4,,-5.8,,,,,,,,,,,,,,,,,,,,,,,,,,,,,,-8.0,0.0,-2.0,NEUTRAL,,LARGE,,,,,,,,,,0.0
LUPIN,,,,,,0.61,,,,2026-06-12,,,,,,,,,,,,3.1,,40.0,,,,,,,,,,,,,,,,,,,,,,,,,,,,,,29.0,91.2,12.0,POSITIVE,,MEGA,,,,,,,,,,1.0
MAPMYINDIA,,,,,,-0.38,,,,2026-06-12,,,,,,,,,,,,-2.4,,0.9,,,,,,,,,,,,,,,,,,,,,,,,,,,,,,2.0,0.0,3.0,NEUTRAL,,SMALL,,,,,,,,,,0.0
MARKSANS,,,,,,0.6,,,,2026-06-12,,,,,,,,,,,,3.1,,-5.9,,,,,,,,,,,,,,,,,,,,,,,,,,,,,,-11.0,0.0,7.0,NEUTRAL,,MID,,,,,,,,,,0.0
MASTEK,,,,,,-0.45,,,,2026-06-12,,,,,,,,,,,,-2.4,,4.4,,,,,,,,,,,,,,,,,,,,,,,,,,,,,,8.0,0.0,13.0,NEUTRAL,,SMALL,,,,,,,,,,0.0
MAXHEALTH,,,,,,0.08,,,,2026-06-12,,,,,,,,,,,,3.1,,11.0,,,,,,,,,,,,,,,,,,,,,,,,,,,,,,23.0,0.0,2.0,NEUTRAL,,LARGE,,,,,,,,,,0.0
MAZDOCK,,,,,,1.34,,,,2026-06-12,,,,,,,,,,,,-0.9,,-14.8,,,,,,,,,,,,,,,,,,,,,,,,,,,,,,-23.0,0.0,3.0,NEUTRAL,,LARGE,,,,,,,,,,0.0
MCX,,,,,,0.8,,,,2026-06-12,,,,,,,,,,,,-2.9,,-26.4,,,,,,,,,,,,,,,,,,,,,,,,,,,,,,-21.0,-32.1,5.0,NEGATIVE,,LARGE,,,,,,,,,,-1.0
MEDANTA,,,,,,-0.24,,,,2026-06-12,,,,,,,,,,,,3.1,,37.7,,,,,,,,,,,,,,,,,,,,,,,,,,,,,,27.0,89.1,2.0,POSITIVE,,LARGE,,,,,,,,,,1.0
MODIS,,,,,,0.26,,,,2026-06-12,,,,,,,,,,,,-0.4,,1.2,,,,,,,,,,,,,,,,,,,,,,,,,,,,,,2.0,0.0,4.0,NEUTRAL,,SMALL,,,,,,,,,,0.0
MPHASIS,,,,,,-0.48,,,,2026-06-12,,,,,,,,,,,,-2.4,,-8.1,,,,,,,,,,,,,,,,,,,,,,,,,,,,,,-13.0,0.0,7.0,NEUTRAL,,LARGE,,,,,,,,,,0.0
MSUMI,,,,,,0.27,,,,2026-06-12,,,,,,,,,,,,0.1,,-16.7,,,,,,,,,,,,,,,,,,,,,,,,,,,,,,-27.0,0.0,8.0,NEUTRAL,,LARGE,,,,,,,,,,0.0
NAM-INDIA,,,,,,2.14,,,,2026-06-12,,,,,,,,,,,,-2.9,,-13.7,,,,,,,,,,,,,,,,,,,,,,,,,,,,,,-21.0,0.0,4.0,NEUTRAL,,LARGE,,,,,,,,,,0.0
NESCO,,,,,,-0.72,,,,2026-06-12,,,,,,,,,,,,-0.9,,6.1,,,,,,,,,,,,,,,,,,,,,,,,,,,,,,13.0,0.0,4.0,NEUTRAL,,MID,,,,,,,,,,0.0
NESTLEIND,,,,,,-0.39,,,,2026-06-12,,,,,,,,,,,,0.2,,10.5,,,,,,,,,,,,,,,,,,,,,,,,,,,,,,23.0,0.0,0.0,NEUTRAL,,MEGA,,,,,,,,,,0.0
NEWGEN,,,,,,1.55,,,,2026-06-12,,,,,,,,,,,,-2.4,,2.6,,,,,,,,,,,,,,,,,,,,,,,,,,,,,,6.0,0.0,2.0,NEUTRAL,,MID,,,,,,,,,,0.0
NMDC,,,,,,2.19,,,,2026-06-12,,,,,,,,,,,,-1.9,,-9.7,,,,,,,,,,,,,,,,,,,,,,,,,,,,,,-17.0,0.0,15.0,NEUTRAL,,LARGE,,,,,,,,,,0.0
OBEROIRLTY,,,,,,0.45,,,,2026-06-12,,,,,,,,,,,,-0.4,,-14.0,,,,,,,,,,,,,,,,,,,,,,,,,,,,,,-23.0,0.0,9.0,NEUTRAL,,LARGE,,,,,,,,,,0.0
OFSS,,,,,,-1.06,,,,2026-06-12,,,,,,,,,,,,-2.4,,-17.1,,,,,,,,,,,,,,,,,,,,,,,,,,,,,,-27.0,0.0,8.0,NEUTRAL,,LARGE,,,,,,,,,,0.0
ONGC,,,,,,-3.57,,,,2026-06-12,,,,,,,,,,,,-5.8,,-14.9,,,,,,,,,,,,,,,,,,,,,,,,,,,,,,-22.0,-3.4,15.0,NEUTRAL,,MEGA,,,,,,,,,,0.0
ORIENTELEC,,,,,,0.84,,,,2026-06-12,,,,,,,,,,,,0.1,,4.2,,,,,,,,,,,,,,,,,,,,,,,,,,,,,,8.0,0.0,7.0,NEUTRAL,,SMALL,,,,,,,,,,0.0
PARAGMILK,,,,,,1.83,,,,2026-06-12,,,,,,,,,,,,0.2,,6.0,,,,,,,,,,,,,,,,,,,,,,,,,,,,,,12.0,0.0,7.0,NEUTRAL,,SMALL,,,,,,,,,,0.0
PATANJALI,,,,,,2.43,,,,2026-06-12,,,,,,,,,,,,0.2,,-16.0,,,,,,,,,,,,,,,,,,,,,,,,,,,,,,-27.0,1.9,7.0,NEUTRAL,,LARGE,,,,,,,,,,0.0
PGHL,,,,,,1.5,,,,2026-06-12,,,,,,,,,,,,3.1,,-2.3,,,,,,,,,,,,,,,,,,,,,,,,,,,,,,-5.0,0.0,4.0,NEUTRAL,,MID,,,,,,,,,,0.0
POWERMECH,,,,,,7.08,,,,2026-06-12,,,,,,,,,,,,-0.9,,-7.6,,,,,,,,,,,,,,,,,,,,,,,,,,,,,,-13.0,0.0,9.0,NEUTRAL,,MID,,,,,,,,,,0.0
PRICOLLTD,,,,,,0.32,,,,2026-06-12,,,,,,,,,,,,0.1,,-1.7,,,,,,,,,,,,,,,,,,,,,,,,,,,,,,-4.0,0.0,8.0,NEUTRAL,,MID,,,,,,,,,,0.0
PRUDENT,,,,,,2.07,,,,2026-06-12,,,,,,,,,,,,-2.9,,-5.7,,,,,,,,,,,,,,,,,,,,,,,,,,,,,,-8.0,0.0,0.0,NEUTRAL,,MID,,,,,,,,,,0.0
QUESS,,,,,,0.57,,,,2026-06-12,,,,,,,,,,,,-0.9,,-10.9,,,,,,,,,,,,,,,,,,,,,,,,,,,,,,-18.0,0.0,9.0,NEUTRAL,,SMALL,,,,,,,,,,0.0
REDINGTON,,,,,,0.87,,,,2026-06-12,,,,,,,,,,,,-2.4,,3.5,,,,,,,,,,,,,,,,,,,,,,,,,,,,,,6.0,0.0,13.0,NEUTRAL,,MID,,,,,,,,,,0.0
ROSSARI,,,,,,2.19,,,,2026-06-12,,,,,,,,,,,,-1.9,,4.0,,,,,,,,,,,,,,,,,,,,,,,,,,,,,,8.0,0.0,7.0,NEUTRAL,,SMALL,,,,,,,,,,0.0
RPGLIFE,,,,,,1.07,,,,2026-06-12,,,,,,,,,,,,3.1,,-1.8,,,,,,,,,,,,,,,,,,,,,,,,,,,,,,-4.0,0.0,3.0,NEUTRAL,,SMALL,,,,,,,,,,0.0
SARDAEN,,,,,,-2.01,,,,2026-06-12,,,,,,,,,,,,-1.9,,4.1,,,,,,,,,,,,,,,,,,,,,,,,,,,,,,8.0,0.0,9.0,NEUTRAL,,MID,,,,,,,,,,0.0
SAREGAMA,,,,,,1.66,,,,2026-06-12,,,,,,,,,,,,0.6,,-4.0,,,,,,,,,,,,,,,,,,,,,,,,,,,,,,-6.0,0.0,-2.0,NEUTRAL,,MID,,,,,,,,,,0.0
SCI,,,,,,1.38,,,,2026-06-12,,,,,,,,,,,,-0.9,,-1.3,,,,,,,,,,,,,,,,,,,,,,,,,,,,,,-4.0,0.0,13.0,NEUTRAL,,MID,,,,,,,,,,0.0
SEAMECLTD,,,,,,-1.64,,,,2026-06-12,,,,,,,,,,,,-0.9,,8.8,,,,,,,,,,,,,,,,,,,,,,,,,,,,,,18.0,0.0,9.0,NEUTRAL,,SMALL,,,,,,,,,,0.0
SHARDACROP,,,,,,2.61,,,,2026-06-12,,,,,,,,,,,,-1.9,,1.5,,,,,,,,,,,,,,,,,,,,,,,,,,,,,,2.0,0.0,11.0,NEUTRAL,,MID,,,,,,,,,,0.0
SHARDAMOTR,,,,,,0.89,,,,2026-06-12,,,,,,,,,,,,0.1,,6.5,,,,,,,,,,,,,,,,,,,,,,,,,,,,,,13.0,0.0,8.0,NEUTRAL,,SMALL,,,,,,,,,,0.0
SOMANYCERA,,,,,,3.29,,,,2026-06-12,,,,,,,,,,,,-0.9,,2.9,,,,,,,,,,,,,,,,,,,,,,,,,,,,,,6.0,0.0,3.0,NEUTRAL,,SMALL,,,,,,,,,,0.0
SSWL,,,,,,0.97,,,,2026-06-12,,,,,,,,,,,,0.1,,0.8,,,,,,,,,,,,,,,,,,,,,,,,,,,,,,0.0,0.0,10.0,NEUTRAL,,SMALL,,,,,,,,,,0.0
STYLAMIND,,,,,,3.38,,,,2026-06-12,,,,,,,,,,,,0.1,,-11.7,,,,,,,,,,,,,,,,,,,,,,,,,,,,,,-18.0,0.0,0.0,NEUTRAL,,MID,,,,,,,,,,0.0
SUBROS,,,,,,0.98,,,,2026-06-12,,,,,,,,,,,,0.1,,3.8,,,,,,,,,,,,,,,,,,,,,,,,,,,,,,8.0,0.0,2.0,NEUTRAL,,SMALL,,,,,,,,,,0.0
SUNDRMFAST,,,,,,1.08,,,,2026-06-12,,,,,,,,,,,,0.1,,-2.0,,,,,,,,,,,,,,,,,,,,,,,,,,,,,,-4.0,0.0,5.0,NEUTRAL,,MID,,,,,,,,,,0.0
SUPRIYA,,,,,,4.96,,,,2026-06-12,,,,,,,,,,,,3.1,,-2.2,,,,,,,,,,,,,,,,,,,,,,,,,,,,,,-5.0,0.0,5.0,NEUTRAL,,MID,,,,,,,,,,0.0
SWARAJENG,,,,,,0.23,,,,2026-06-12,,,,,,,,,,,,0.1,,4.3,,,,,,,,,,,,,,,,,,,,,,,,,,,,,,8.0,0.0,8.0,NEUTRAL,,SMALL,,,,,,,,,,0.0
TCI,,,,,,0.37,,,,2026-06-12,,,,,,,,,,,,-0.9,,6.1,,,,,,,,,,,,,,,,,,,,,,,,,,,,,,12.0,0.0,9.0,NEUTRAL,,MID,,,,,,,,,,0.0
TCS,,,,,,0.66,,,,2026-06-12,,,,,,,,,,,,-2.4,,-23.6,,,,,,,,,,,,,,,,,,,,,,,,,,,,,,-23.0,-23.5,10.0,NEGATIVE,,MEGA,,,,,,,,,,-1.0
TECHM,,,,,,-2.32,,,,2026-06-12,,,,,,,,,,,,-2.4,,-15.1,,,,,,,,,,,,,,,,,,,,,,,,,,,,,,-23.0,0.0,2.0,NEUTRAL,,MEGA,,,,,,,,,,0.0
TIIL,,,,,,-0.21,,,,2026-06-12,,,,,,,,,,,,-0.9,,3.2,,,,,,,,,,,,,,,,,,,,,,,,,,,,,,6.0,0.0,7.0,NEUTRAL,,MID,,,,,,,,,,0.0
TIMETECHNO,,,,,,1.97,,,,2026-06-12,,,,,,,,,,,,0.1,,4.3,,,,,,,,,,,,,,,,,,,,,,,,,,,,,,8.0,0.0,9.0,NEUTRAL,,MID,,,,,,,,,,0.0
TIPSMUSIC,,,,,,-0.11,,,,2026-06-12,,,,,,,,,,,,0.6,,7.7,,,,,,,,,,,,,,,,,,,,,,,,,,,,,,16.0,0.0,4.0,NEUTRAL,,MID,,,,,,,,,,0.0
TRENT,,,,,,0.64,,,,2026-06-12,,,,,,,,,,,,0.1,,-14.4,,,,,,,,,,,,,,,,,,,,,,,,,,,,,,-23.0,0.0,5.0,NEUTRAL,,MEGA,,,,,,,,,,0.0
TRITURBINE,,,,,,3.46,,,,2026-06-12,,,,,,,,,,,,-0.9,,-13.8,,,,,,,,,,,,,,,,,,,,,,,,,,,,,,-21.0,0.0,0.0,NEUTRAL,,LARGE,,,,,,,,,,0.0
ULTRACEMCO,,,,,,0.75,,,,2026-06-12,,,,,,,,,,,,-1.9,,-17.3,,,,,,,,,,,,,,,,,,,,,,,,,,,,,,-27.0,0.0,5.0,NEUTRAL,,MEGA,,,,,,,,,,0.0
USHAMART,,,,,,0.84,,,,2026-06-12,,,,,,,,,,,,-1.9,,2.7,,,,,,,,,,,,,,,,,,,,,,,,,,,,,,6.0,0.0,2.0,NEUTRAL,,MID,,,,,,,,,,0.0
VAIBHAVGBL,,,,,,3.03,,,,2026-06-12,,,,,,,,,,,,0.1,,3.5,,,,,,,,,,,,,,,,,,,,,,,,,,,,,,6.0,0.0,10.0,NEUTRAL,,SMALL,,,,,,,,,,0.0
VBL,,,,,,-0.04,,,,2026-06-12,,,,,,,,,,,,0.2,,-11.0,,,,,,,,,,,,,,,,,,,,,,,,,,,,,,-17.0,0.0,0.0,NEUTRAL,,MEGA,,,,,,,,,,0.0
VENUSPIPES,,,,,,2.22,,,,2026-06-12,,,,,,,,,,,,-1.9,,3.1,,,,,,,,,,,,,,,,,,,,,,,,,,,,,,6.0,0.0,7.0,NEUTRAL,,SMALL,,,,,,,,,,0.0
VGUARD,,,,,,1.01,,,,2026-06-12,,,,,,,,,,,,-0.9,,3.5,,,,,,,,,,,,,,,,,,,,,,,,,,,,,,8.0,0.0,0.0,NEUTRAL,,MID,,,,,,,,,,0.0
VISHNU,,,,,,1.81,,,,2026-06-12,,,,,,,,,,,,-1.9,,-2.1,,,,,,,,,,,,,,,,,,,,,,,,,,,,,,-4.0,0.0,7.0,NEUTRAL,,SMALL,,,,,,,,,,0.0
WABAG,,,,,,1.45,,,,2026-06-12,,,,,,,,,,,,-0.9,,2.9,,,,,,,,,,,,,,,,,,,,,,,,,,,,,,6.0,0.0,4.0,NEUTRAL,,MID,,,,,,,,,,0.0
WELCORP,,,,,,0.48,,,,2026-06-12,,,,,,,,,,,,-1.9,,12.8,,,,,,,,,,,,,,,,,,,,,,,,,,,,,,27.0,0.0,9.0,NEUTRAL,,LARGE,,,,,,,,,,0.0
ZENSARTECH,,,,,,0.43,,,,2026-06-12,,,,,,,,,,,,-2.4,,9.9,,,,,,,,,,,,,,,,,,,,,,,,,,,,,,21.0,0.0,8.0,NEUTRAL,,MID,,,,,,,,,,0.0
ZYDUSLIFE,,,,,,0.96,,,,2026-06-12,,,,,,,,,,,,3.1,,11.1,,,,,,,,,,,,,,,,,,,,,,,,,,,,,,22.0,0.0,9.0,NEUTRAL,,MEGA,,,,,,,,,,0.0
ABBOTINDIA,,,,,,1.04,,,,2026-06-12,,,,,,,,,,,,3.1,,-2.0,,,,,,,,,,,,,,,,,,,,,,,,,,,,,,-4.0,0.0,1.0,NEUTRAL,,LARGE,,,,,,,,,,0.0
ADFFOODS,,,,,,2.7,,,,2026-06-12,,,,,,,,,,,,0.2,,2.8,,,,,,,,,,,,,,,,,,,,,,,,,,,,,,6.0,0.0,0.0,NEUTRAL,,SMALL,,,,,,,,,,0.0
ADOR,,,,,,2.96,,,,2026-06-12,,,,,,,,,,,,-0.9,,3.0,,,,,,,,,,,,,,,,,,,,,,,,,,,,,,6.0,0.0,5.0,NEUTRAL,,SMALL,,,,,,,,,,0.0
ADVENZYMES,,,,,,1.2,,,,2026-06-12,,,,,,,,,,,,-1.9,,8.2,,,,,,,,,,,,,,,,,,,,,,,,,,,,,,18.0,0.0,3.0,NEUTRAL,,SMALL,,,,,,,,,,0.0
AGI,,,,,,4.03,,,,2026-06-12,,,,,,,,,,,,0.1,,-7.0,,,,,,,,,,,,,,,,,,,,,,,,,,,,,,-13.0,0.0,13.0,NEUTRAL,,SMALL,,,,,,,,,,0.0
AIAENG,,,,,,-0.93,,,,2026-06-12,,,,,,,,,,,,-0.9,,-6.7,,,,,,,,,,,,,,,,,,,,,,,,,,,,,,-11.0,0.0,5.0,NEUTRAL,,LARGE,,,,,,,,,,0.0
ALIVUS,,,,,,3.89,,,,2026-06-12,,,,,,,,,,,,3.1,,-1.3,,,,,,,,,,,,,,,,,,,,,,,,,,,,,,-4.0,0.0,7.0,NEUTRAL,,MID,,,,,,,,,,0.0
ALKEM,,,,,,0.12,,,,2026-06-12,,,,,,,,,,,,3.1,,-4.3,,,,,,,,,,,,,,,,,,,,,,,,,,,,,,-8.0,0.0,4.0,NEUTRAL,,LARGE,,,,,,,,,,0.0
AMRUTANJAN,,,,,,-0.76,,,,2026-06-12,,,,,,,,,,,,3.1,,6.1,,,,,,,,,,,,,,,,,,,,,,,,,,,,,,12.0,0.0,4.0,NEUTRAL,,SMALL,,,,,,,,,,0.0
ANANTRAJ,,,,,,3.06,,,,2026-06-12,,,,,,,,,,,,-0.4,,3.1,,,,,,,,,,,,,,,,,,,,,,,,,,,,,,6.0,0.0,5.0,NEUTRAL,,MID,,,,,,,,,,0.0
APLLTD,,,,,,1.4,,,,2026-06-12,,,,,,,,,,,,3.1,,-1.3,,,,,,,,,,,,,,,,,,,,,,,,,,,,,,-4.0,0.0,7.0,NEUTRAL,,MID,,,,,,,,,,0.0
ARE&M,,,,,,2.29,,,,2026-06-12,,,,,,,,,,,,-0.9,,-2.4,,,,,,,,,,,,,,,,,,,,,,,,,,,,,,-4.0,0.0,3.0,NEUTRAL,,MID,,,,,,,,,,0.0
ARTEMISMED,,,,,,2.63,,,,2026-06-12,,,,,,,,,,,,-3.7,,3.2,,,,,,,,,,,,,,,,,,,,,,,,,,,,,,8.0,0.0,0.0,NEUTRAL,,SMALL,,,,,,,,,,0.0
ASTRAMICRO,,,,,,2.45,,,,2026-06-12,,,,,,,,,,,,-2.4,,3.1,,,,,,,,,,,,,,,,,,,,,,,,,,,,,,7.0,0.0,2.0,NEUTRAL,,MID,,,,,,,,,,0.0
AURIONPRO,,,,,,3.16,,,,2026-06-12,,,,,,,,,,,,-2.4,,-2.5,,,,,,,,,,,,,,,,,,,,,,,,,,,,,,-4.0,0.0,4.0,NEUTRAL,,SMALL,,,,,,,,,,0.0
AUTOAXLES,,,,,,0.9,,,,2026-06-12,,,,,,,,,,,,0.1,,4.0,,,,,,,,,,,,,,,,,,,,,,,,,,,,,,8.0,0.0,5.0,NEUTRAL,,SMALL,,,,,,,,,,0.0
BAJAJCON,,,,,,2.87,,,,2026-06-12,,,,,,,,,,,,0.2,,-3.9,,,,,,,,,,,,,,,,,,,,,,,,,,,,,,-6.0,0.0,0.0,NEUTRAL,,MID,,,,,,,,,,0.0
BASF,,,,,,1.86,,,,2026-06-12,,,,,,,,,,,,-1.9,,-2.9,,,,,,,,,,,,,,,,,,,,,,,,,,,,,,-4.0,0.0,0.0,NEUTRAL,,MID,,,,,,,,,,0.0
BAYERCROP,,,,,,0.94,,,,2026-06-12,,,,,,,,,,,,-1.9,,3.5,,,,,,,,,,,,,,,,,,,,,,,,,,,,,,8.0,0.0,1.0,NEUTRAL,,MID,,,,,,,,,,0.0
BBTC,,,,,,0.73,,,,2026-06-12,,,,,,,,,,,,0.2,,-0.8,,,,,,,,,,,,,,,,,,,,,,,,,,,,,,-4.0,0.0,16.0,NEUTRAL,,MID,,,,,,,,,,0.0
BECTORFOOD,,,,,,2.12,,,,2026-06-12,,,,,,,,,,,,0.2,,1.3,,,,,,,,,,,,,,,,,,,,,,,,,,,,,,2.0,0.0,5.0,NEUTRAL,,MID,,,,,,,,,,0.0
BEL,,,,,,0.22,,,,2026-06-12,,,,,,,,,,,,-0.9,,-17.0,,,,,,,,,,,,,,,,,,,,,,,,,,,,,,-27.0,0.0,6.0,NEUTRAL,,MEGA,,,,,,,,,,0.0
BERGEPAINT,,,,,,1.1,,,,2026-06-12,,,,,,,,,,,,-1.9,,10.0,,,,,,,,,,,,,,,,,,,,,,,,,,,,,,23.0,0.0,-3.0,NEUTRAL,,LARGE,,,,,,,,,,0.0
BIKAJI,,,,,,-0.09,,,,2026-06-12,,,,,,,,,,,,0.2,,0.2,,,,,,,,,,,,,,,,,,,,,,,,,,,,,,0.0,0.0,2.0,NEUTRAL,,MID,,,,,,,,,,0.0
BLISSGVS,,,,,,1.08,,,,2026-06-12,,,,,,,,,,,,3.1,,3.8,,,,,,,,,,,,,,,,,,,,,,,,,,,,,,7.0,0.0,3.0,NEUTRAL,,SMALL,,,,,,,,,,0.0
BLS,,,,,,2.08,,,,2026-06-12,,,,,,,,,,,,-0.9,,4.3,,,,,,,,,,,,,,,,,,,,,,,,,,,,,,8.0,0.0,10.0,NEUTRAL,,MID,,,,,,,,,,0.0
BLUESTARCO,,,,,,-0.19,,,,2026-06-12,,,,,,,,,,,,-0.9,,-1.2,,,,,,,,,,,,,,,,,,,,,,,,,,,,,,-2.0,0.0,2.0,NEUTRAL,,LARGE,,,,,,,,,,0.0
BRITANNIA,,,,,,-0.38,,,,2026-06-12,,,,,,,,,,,,0.2,,1.5,,,,,,,,,,,,,,,,,,,,,,,,,,,,,,2.0,0.3,6.0,NEUTRAL,,MEGA,,,,,,,,,,0.0
BSE,,,,,,0.41,,,,2026-06-12,,,,,,,,,,,,-2.9,,-12.9,,,,,,,,,,,,,,,,,,,,,,,,,,,,,,-21.0,2.1,3.0,NEUTRAL,,MEGA,,,,,,,,,,0.0
BSOFT,,,,,,-0.08,,,,2026-06-12,,,,,,,,,,,,-2.4,,3.5,,,,,,,,,,,,,,,,,,,,,,,,,,,,,,8.0,0.0,2.0,NEUTRAL,,MID,,,,,,,,,,0.0
CAMPUS,,,,,,2.14,,,,2026-06-12,,,,,,,,,,,,0.1,,-2.0,,,,,,,,,,,,,,,,,,,,,,,,,,,,,,-4.0,0.0,5.0,NEUTRAL,,MID,,,,,,,,,,0.0
CAMS,,,,,,2.18,,,,2026-06-12,,,,,,,,,,,,-2.4,,3.4,,,,,,,,,,,,,,,,,,,,,,,,,,,,,,8.0,0.0,1.0,NEUTRAL,,MID,,,,,,,,,,0.0
CAPLIPOINT,,,,,,1.31,,,,2026-06-12,,,,,,,,,,,,3.1,,-10.7,,,,,,,,,,,,,,,,,,,,,,,,,,,,,,-18.0,0.0,5.0,NEUTRAL,,MID,,,,,,,,,,0.0
CARERATING,,,,,,0.99,,,,2026-06-12,,,,,,,,,,,,-2.9,,-3.3,,,,,,,,,,,,,,,,,,,,,,,,,,,,,,-4.0,0.0,-2.0,NEUTRAL,,SMALL,,,,,,,,,,0.0
CARYSIL,,,,,,0.91,,,,2026-06-12,,,,,,,,,,,,0.1,,-2.7,,,,,,,,,,,,,,,,,,,,,,,,,,,,,,-5.0,0.0,5.0,NEUTRAL,,SMALL,,,,,,,,,,0.0
CASTROLIND,,,,,,0.38,,,,2026-06-12,,,,,,,,,,,,-5.8,,-3.5,,,,,,,,,,,,,,,,,,,,,,,,,,,,,,-4.0,0.0,0.0,NEUTRAL,,MID,,,,,,,,,,0.0
CIEINDIA,,,,,,2.28,,,,2026-06-12,,,,,,,,,,,,0.1,,-2.6,,,,,,,,,,,,,,,,,,,,,,,,,,,,,,-4.0,0.0,0.0,NEUTRAL,,MID,,,,,,,,,,0.0
COFORGE,,,,,,-1.65,,,,2026-06-12,,,,,,,,,,,,-2.4,,-15.3,,,,,,,,,,,,,,,,,,,,,,,,,,,,,,-23.0,0.0,0.0,NEUTRAL,,LARGE,,,,,,,,,,0.0
COLPAL,,,,,,1.38,,,,2026-06-12,,,,,,,,,,,,0.2,,3.3,,,,,,,,,,,,,,,,,,,,,,,,,,,,,,7.0,0.0,1.0,NEUTRAL,,LARGE,,,,,,,,,,0.0
CRISIL,,,,,,-0.05,,,,2026-06-12,,,,,,,,,,,,-2.9,,-2.0,,,,,,,,,,,,,,,,,,,,,,,,,,,,,,-2.0,0.0,-2.0,NEUTRAL,,LARGE,,,,,,,,,,0.0
CUMMINSIND,,,,,,1.09,,,,2026-06-12,,,,,,,,,,,,-0.9,,-4.4,,,,,,,,,,,,,,,,,,,,,,,,,,,,,,-7.0,0.0,3.0,NEUTRAL,,MEGA,,,,,,,,,,0.0
DABUR,,,,,,0.04,,,,2026-06-12,,,,,,,,,,,,0.2,,-14.6,,,,,,,,,,,,,,,,,,,,,,,,,,,,,,-23.0,0.0,3.0,NEUTRAL,,LARGE,,,,,,,,,,0.0
DBCORP,,,,,,0.68,,,,2026-06-12,,,,,,,,,,,,0.6,,4.9,,,,,,,,,,,,,,,,,,,,,,,,,,,,,,8.0,0.0,15.0,NEUTRAL,,SMALL,,,,,,,,,,0.0
DHANUKA,,,,,,2.5,,,,2026-06-12,,,,,,,,,,,,-1.9,,-2.1,,,,,,,,,,,,,,,,,,,,,,,,,,,,,,-4.0,0.0,7.0,NEUTRAL,,SMALL,,,,,,,,,,0.0
DIXON,,,,,,-0.57,,,,2026-06-12,,,,,,,,,,,,-2.4,,-8.0,,,,,,,,,,,,,,,,,,,,,,,,,,,,,,-13.0,0.0,8.0,NEUTRAL,,LARGE,,,,,,,,,,0.0
DOLLAR,,,,,,0.57,,,,2026-06-12,,,,,,,,,,,,0.1,,6.8,,,,,,,,,,,,,,,,,,,,,,,,,,,,,,13.0,0.0,11.0,NEUTRAL,,SMALL,,,,,,,,,,0.0
ECLERX,,,,,,-0.51,,,,2026-06-12,,,,,,,,,,,,-2.4,,4.3,,,,,,,,,,,,,,,,,,,,,,,,,,,,,,8.0,0.0,12.0,NEUTRAL,,MID,,,,,,,,,,0.0
EICHERMOT,,,,,,1.1,,,,2026-06-12,,,,,,,,,,,,0.1,,13.4,,,,,,,,,,,,,,,,,,,,,,,,,,,,,,29.0,0.0,3.0,NEUTRAL,,MEGA,,,,,,,,,,0.0
ELLEN,,,,,,4.71,,,,2026-06-12,,,,,,,,,,,,-1.9,,-2.5,,,,,,,,,,,,,,,,,,,,,,,,,,,,,,-4.0,0.0,4.0,NEUTRAL,,SMALL,,,,,,,,,,0.0
EMUDHRA,,,,,,-0.51,,,,2026-06-12,,,,,,,,,,,,-2.4,,-2.8,,,,,,,,,,,,,,,,,,,,,,,,,,,,,,-4.0,0.0,2.0,NEUTRAL,,SMALL,,,,,,,,,,0.0
ENDURANCE,,,,,,-0.62,,,,2026-06-12,,,,,,,,,,,,0.1,,-14.4,,,,,,,,,,,,,,,,,,,,,,,,,,,,,,-23.0,0.0,5.0,NEUTRAL,,LARGE,,,,,,,,,,0.0
ESCORTS,,,,,,0.4,,,,2026-06-12,,,,,,,,,,,,-0.9,,-10.6,,,,,,,,,,,,,,,,,,,,,,,,,,,,,,-17.0,0.0,5.0,NEUTRAL,,LARGE,,,,,,,,,,0.0
FDC,,,,,,2.14,,,,2026-06-12,,,,,,,,,,,,3.1,,3.3,,,,,,,,,,,,,,,,,,,,,,,,,,,,,,6.0,0.0,3.0,NEUTRAL,,MID,,,,,,,,,,0.0
FIEMIND,,,,,,1.69,,,,2026-06-12,,,,,,,,,,,,0.1,,3.1,,,,,,,,,,,,,,,,,,,,,,,,,,,,,,6.0,0.0,5.0,NEUTRAL,,MID,,,,,,,,,,0.0
FINCABLES,,,,,,1.25,,,,2026-06-12,,,,,,,,,,,,-0.9,,-1.8,,,,,,,,,,,,,,,,,,,,,,,,,,,,,,-4.0,0.0,9.0,NEUTRAL,,MID,,,,,,,,,,0.0
FORCEMOT,,,,,,1.13,,,,2026-06-12,,,,,,,,,,,,0.1,,-14.1,,,,,,,,,,,,,,,,,,,,,,,,,,,,,,-23.0,0.0,8.0,NEUTRAL,,LARGE,,,,,,,,,,0.0
GESHIP,,,,,,-1.22,,,,2026-06-12,,,,,,,,,,,,-0.9,,4.3,,,,,,,,,,,,,,,,,,,,,,,,,,,,,,8.0,0.0,10.0,NEUTRAL,,MID,,,,,,,,,,0.0
GILLETTE,,,,,,0.41,,,,2026-06-12,,,,,,,,,,,,0.2,,-4.7,,,,,,,,,,,,,,,,,,,,,,,,,,,,,,-8.0,0.0,4.0,NEUTRAL,,LARGE,,,,,,,,,,0.0
GLAXO,,,,,,-0.48,,,,2026-06-12,,,,,,,,,,,,3.1,,-13.4,,,,,,,,,,,,,,,,,,,,,,,,,,,,,,-22.0,0.0,4.0,NEUTRAL,,LARGE,,,,,,,,,,0.0
GODREJCP,,,,,,1.26,,,,2026-06-12,,,,,,,,,,,,0.2,,10.5,,,,,,,,,,,,,,,,,,,,,,,,,,,,,,23.0,0.0,0.0,NEUTRAL,,MEGA,,,,,,,,,,0.0
GPIL,,,,,,0.29,,,,2026-06-12,,,,,,,,,,,,-1.9,,-2.5,,,,,,,,,,,,,,,,,,,,,,,,,,,,,,-4.0,0.0,4.0,NEUTRAL,,MID,,,,,,,,,,0.0
GPPL,,,,,,1.23,,,,2026-06-12,,,,,,,,,,,,-0.9,,4.5,,,,,,,,,,,,,,,,,,,,,,,,,,,,,,8.0,0.0,13.0,NEUTRAL,,MID,,,,,,,,,,0.0
GRANULES,,,,,,-0.55,,,,2026-06-12,,,,,,,,,,,,3.1,,3.6,,,,,,,,,,,,,,,,,,,,,,,,,,,,,,6.0,0.0,7.0,NEUTRAL,,MID,,,,,,,,,,0.0
GRINDWELL,,,,,,1.31,,,,2026-06-12,,,,,,,,,,,,-0.9,,11.7,,,,,,,,,,,,,,,,,,,,,,,,,,,,,,27.0,0.0,-6.0,NEUTRAL,,LARGE,,,,,,,,,,0.0
GRSE,,,,,,2.9,,,,2026-06-12,,,,,,,,,,,,-0.9,,-1.0,,,,,,,,,,,,,,,,,,,,,,,,,,,,,,-2.0,0.0,4.0,NEUTRAL,,LARGE,,,,,,,,,,0.0
HAL,,,,,,0.18,,,,2026-06-12,,,,,,,,,,,,-0.9,,-14.4,,,,,,,,,,,,,,,,,,,,,,,,,,,,,,-23.0,0.0,6.0,NEUTRAL,,MEGA,,,,,,,,,,0.0
HARSHA,,,,,,1.34,,,,2026-06-12,,,,,,,,,,,,-0.9,,3.2,,,,,,,,,,,,,,,,,,,,,,,,,,,,,,6.0,0.0,7.0,NEUTRAL,,SMALL,,,,,,,,,,0.0
HAVELLS,,,,,,1.09,,,,2026-06-12,,,,,,,,,,,,-0.9,,-17.9,,,,,,,,,,,,,,,,,,,,,,,,,,,,,,-27.0,0.0,-2.0,NEUTRAL,,LARGE,,,,,,,,,,0.0
HAWKINCOOK,,,,,,0.9,,,,2026-06-12,,,,,,,,,,,,0.1,,-3.1,,,,,,,,,,,,,,,,,,,,,,,,,,,,,,-5.0,0.0,1.0,NEUTRAL,,SMALL,,,,,,,,,,0.0
HCLTECH,,,,,,-0.44,,,,2026-06-12,,,,,,,,,,,,-2.4,,-14.6,,,,,,,,,,,,,,,,,,,,,,,,,,,,,,-23.0,0.0,7.0,NEUTRAL,,MEGA,,,,,,,,,,0.0
HEROMOTOCO,,,,,,1.57,,,,2026-06-12,,,,,,,,,,,,0.1,,6.5,,,,,,,,,,,,,,,,,,,,,,,,,,,,,,13.0,0.0,7.0,NEUTRAL,,LARGE,,,,,,,,,,0.0
HEXT,,,,,,-1.62,,,,2026-06-12,,,,,,,,,,,,-2.4,,-14.2,,,,,,,,,,,,,,,,,,,,,,,,,,,,,,-23.0,0.0,10.0,NEUTRAL,,LARGE,,,,,,,,,,0.0
HINDCOPPER,,,,,,1.88,,,,2026-06-12,,,,,,,,,,,,-1.9,,-11.4,,,,,,,,,,,,,,,,,,,,,,,,,,,,,,-17.0,0.0,0.0,NEUTRAL,,LARGE,,,,,,,,,,0.0
HINDUNILVR,,,,,,0.54,,,,2026-06-12,,,,,,,,,,,,0.2,,6.0,,,,,,,,,,,,,,,,,,,,,,,,,,,,,,13.0,0.0,1.0,NEUTRAL,,MEGA,,,,,,,,,,0.0
ICICIGI,,,,,,-2.18,,,,2026-06-12,,,,,,,,,,,,-2.9,,-14.9,,,,,,,,,,,,,,,,,,,,,,,,,,,,,,-23.0,0.0,5.0,NEUTRAL,,LARGE,,,,,,,,,,0.0
IEX,,,,,,1.73,,,,2026-06-12,,,,,,,,,,,,-2.9,,3.9,,,,,,,,,,,,,,,,,,,,,,,,,,,,,,8.0,0.0,8.0,NEUTRAL,,MID,,,,,,,,,,0.0
IFBIND,,,,,,3.86,,,,2026-06-12,,,,,,,,,,,,0.1,,5.6,,,,,,,,,,,,,,,,,,,,,,,,,,,,,,12.0,0.0,2.0,NEUTRAL,,MID,,,,,,,,,,0.0
INDIGOPNTS,,,,,,1.41,,,,2026-06-12,,,,,,,,,,,,-1.9,,2.9,,,,,,,,,,,,,,,,,,,,,,,,,,,,,,6.0,0.0,5.0,NEUTRAL,,SMALL,,,,,,,,,,0.0
INFY,,,,,,0.19,,,,2026-06-12,,,,,,,,,,,,-2.4,,-14.2,,,,,,,,,,,,,,,,,,,,,,,,,,,,,,-23.0,0.0,10.0,NEUTRAL,,MEGA,,,,,,,,,,0.0
IPCALAB,,,,,,-0.99,,,,2026-06-12,,,,,,,,,,,,3.1,,4.9,,,,,,,,,,,,,,,,,,,,,,,,,,,,,,10.0,0.0,0.0,NEUTRAL,,LARGE,,,,,,,,,,0.0
KAJARIACER,,,,,,0.44,,,,2026-06-12,,,,,,,,,,,,-0.9,,-3.0,,,,,,,,,,,,,,,,,,,,,,,,,,,,,,-4.0,0.0,-2.0,NEUTRAL,,MID,,,,,,,,,,0.0
KIRLPNU,,,,,,0.62,,,,2026-06-12,,,,,,,,,,,,-0.9,,3.2,,,,,,,,,,,,,,,,,,,,,,,,,,,,,,6.0,0.0,8.0,NEUTRAL,,MID,,,,,,,,,,0.0
KKCL,,,,,,1.03,,,,2026-06-12,,,,,,,,,,,,0.1,,1.5,,,,,,,,,,,,,,,,,,,,,,,,,,,,,,2.0,0.0,7.0,NEUTRAL,,SMALL,,,,,,,,,,0.0
KMEW,,,,,,1.79,,,,2026-06-12,,,,,,,,,,,,-0.9,,-2.9,,,,,,,,,,,,,,,,,,,,,,,,,,,,,,-4.0,0.0,-1.0,NEUTRAL,,SMALL,,,,,,,,,,0.0
KPRMILL,,,,,,1.04,,,,2026-06-12,,,,,,,,,,,,0.1,,14.9,,,,,,,,,,,,,,,,,,,,,,,,,,,,,,33.0,0.0,-2.0,NEUTRAL,,LARGE,,,,,,,,,,0.0
LICI,,,,,,0.37,,,,2026-06-12,,,,,,,,,,,,-2.9,,-14.2,,,,,,,,,,,,,,,,,,,,,,,,,,,,,,-23.0,0.0,11.0,NEUTRAL,,MEGA,,,,,,,,,,0.0
LODHA,,,,,,1.99,,,,2026-06-12,,,,,,,,,,,,-0.4,,-4.5,,,,,,,,,,,,,,,,,,,,,,,,,,,,,,-8.0,0.0,7.0,NEUTRAL,,LARGE,,,,,,,,,,0.0
LTM,,,,,,-0.05,,,,2026-06-12,,,,,,,,,,,,-2.4,,-14.8,,,,,,,,,,,,,,,,,,,,,,,,,,,,,,-23.0,0.0,5.0,NEUTRAL,,MEGA,,,,,,,,,,0.0
LTTS,,,,,,0.91,,,,2026-06-12,,,,,,,,,,,,-2.4,,-5.8,,,,,,,,,,,,,,,,,,,,,,,,,,,,,,-8.0,0.0,-2.0,NEUTRAL,,LARGE,,,,,,,,,,0.0
LUPIN,,,,,,0.61,,,,2026-06-12,,,,,,,,,,,,3.1,,40.0,,,,,,,,,,,,,,,,,,,,,,,,,,,,,,29.0,91.2,12.0,POSITIVE,,MEGA,,,,,,,,,,1.0
MAPMYINDIA,,,,,,-0.38,,,,2026-06-12,,,,,,,,,,,,-2.4,,0.9,,,,,,,,,,,,,,,,,,,,,,,,,,,,,,2.0,0.0,3.0,NEUTRAL,,SMALL,,,,,,,,,,0.0
MARKSANS,,,,,,0.6,,,,2026-06-12,,,,,,,,,,,,3.1,,-5.9,,,,,,,,,,,,,,,,,,,,,,,,,,,,,,-11.0,0.0,7.0,NEUTRAL,,MID,,,,,,,,,,0.0
MASTEK,,,,,,-0.45,,,,2026-06-12,,,,,,,,,,,,-2.4,,4.4,,,,,,,,,,,,,,,,,,,,,,,,,,,,,,8.0,0.0,13.0,NEUTRAL,,SMALL,,,,,,,,,,0.0
MAXHEALTH,,,,,,0.08,,,,2026-06-12,,,,,,,,,,,,3.1,,11.0,,,,,,,,,,,,,,,,,,,,,,,,,,,,,,23.0,0.0,2.0,NEUTRAL,,LARGE,,,,,,,,,,0.0
MAZDOCK,,,,,,1.34,,,,2026-06-12,,,,,,,,,,,,-0.9,,-14.8,,,,,,,,,,,,,,,,,,,,,,,,,,,,,,-23.0,0.0,3.0,NEUTRAL,,LARGE,,,,,,,,,,0.0
MCX,,,,,,0.8,,,,2026-06-12,,,,,,,,,,,,-2.9,,-26.4,,,,,,,,,,,,,,,,,,,,,,,,,,,,,,-21.0,-32.1,5.0,NEGATIVE,,LARGE,,,,,,,,,,-1.0
MEDANTA,,,,,,-0.24,,,,2026-06-12,,,,,,,,,,,,3.1,,37.7,,,,,,,,,,,,,,,,,,,,,,,,,,,,,,27.0,89.1,2.0,POSITIVE,,LARGE,,,,,,,,,,1.0
MODIS,,,,,,0.26,,,,2026-06-12,,,,,,,,,,,,-0.4,,1.2,,,,,,,,,,,,,,,,,,,,,,,,,,,,,,2.0,0.0,4.0,NEUTRAL,,SMALL,,,,,,,,,,0.0
MPHASIS,,,,,,-0.48,,,,2026-06-12,,,,,,,,,,,,-2.4,,-8.1,,,,,,,,,,,,,,,,,,,,,,,,,,,,,,-13.0,0.0,7.0,NEUTRAL,,LARGE,,,,,,,,,,0.0
MSUMI,,,,,,0.27,,,,2026-06-12,,,,,,,,,,,,0.1,,-16.7,,,,,,,,,,,,,,,,,,,,,,,,,,,,,,-27.0,0.0,8.0,NEUTRAL,,LARGE,,,,,,,,,,0.0
NAM-INDIA,,,,,,2.14,,,,2026-06-12,,,,,,,,,,,,-2.9,,-13.7,,,,,,,,,,,,,,,,,,,,,,,,,,,,,,-21.0,0.0,4.0,NEUTRAL,,LARGE,,,,,,,,,,0.0
NESCO,,,,,,-0.72,,,,2026-06-12,,,,,,,,,,,,-0.9,,6.1,,,,,,,,,,,,,,,,,,,,,,,,,,,,,,13.0,0.0,4.0,NEUTRAL,,MID,,,,,,,,,,0.0
NESTLEIND,,,,,,-0.39,,,,2026-06-12,,,,,,,,,,,,0.2,,10.5,,,,,,,,,,,,,,,,,,,,,,,,,,,,,,23.0,0.0,0.0,NEUTRAL,,MEGA,,,,,,,,,,0.0
NEWGEN,,,,,,1.55,,,,2026-06-12,,,,,,,,,,,,-2.4,,2.6,,,,,,,,,,,,,,,,,,,,,,,,,,,,,,6.0,0.0,2.0,NEUTRAL,,MID,,,,,,,,,,0.0
NMDC,,,,,,2.19,,,,2026-06-12,,,,,,,,,,,,-1.9,,-9.7,,,,,,,,,,,,,,,,,,,,,,,,,,,,,,-17.0,0.0,15.0,NEUTRAL,,LARGE,,,,,,,,,,0.0
OBEROIRLTY,,,,,,0.45,,,,2026-06-12,,,,,,,,,,,,-0.4,,-14.0,,,,,,,,,,,,,,,,,,,,,,,,,,,,,,-23.0,0.0,9.0,NEUTRAL,,LARGE,,,,,,,,,,0.0
OFSS,,,,,,-1.06,,,,2026-06-12,,,,,,,,,,,,-2.4,,-17.1,,,,,,,,,,,,,,,,,,,,,,,,,,,,,,-27.0,0.0,8.0,NEUTRAL,,LARGE,,,,,,,,,,0.0
ONGC,,,,,,-3.57,,,,2026-06-12,,,,,,,,,,,,-5.8,,-14.9,,,,,,,,,,,,,,,,,,,,,,,,,,,,,,-22.0,-3.4,15.0,NEUTRAL,,MEGA,,,,,,,,,,0.0
ORIENTELEC,,,,,,0.84,,,,2026-06-12,,,,,,,,,,,,0.1,,4.2,,,,,,,,,,,,,,,,,,,,,,,,,,,,,,8.0,0.0,7.0,NEUTRAL,,SMALL,,,,,,,,,,0.0
PARAGMILK,,,,,,1.83,,,,2026-06-12,,,,,,,,,,,,0.2,,6.0,,,,,,,,,,,,,,,,,,,,,,,,,,,,,,12.0,0.0,7.0,NEUTRAL,,SMALL,,,,,,,,,,0.0
PATANJALI,,,,,,2.43,,,,2026-06-12,,,,,,,,,,,,0.2,,-16.0,,,,,,,,,,,,,,,,,,,,,,,,,,,,,,-27.0,1.9,7.0,NEUTRAL,,LARGE,,,,,,,,,,0.0
PGHL,,,,,,1.5,,,,2026-06-12,,,,,,,,,,,,3.1,,-2.3,,,,,,,,,,,,,,,,,,,,,,,,,,,,,,-5.0,0.0,4.0,NEUTRAL,,MID,,,,,,,,,,0.0
POWERMECH,,,,,,7.08,,,,2026-06-12,,,,,,,,,,,,-0.9,,-7.6,,,,,,,,,,,,,,,,,,,,,,,,,,,,,,-13.0,0.0,9.0,NEUTRAL,,MID,,,,,,,,,,0.0
PRICOLLTD,,,,,,0.32,,,,2026-06-12,,,,,,,,,,,,0.1,,-1.7,,,,,,,,,,,,,,,,,,,,,,,,,,,,,,-4.0,0.0,8.0,NEUTRAL,,MID,,,,,,,,,,0.0
PRUDENT,,,,,,2.07,,,,2026-06-12,,,,,,,,,,,,-2.9,,-5.7,,,,,,,,,,,,,,,,,,,,,,,,,,,,,,-8.0,0.0,0.0,NEUTRAL,,MID,,,,,,,,,,0.0
QUESS,,,,,,0.57,,,,2026-06-12,,,,,,,,,,,,-0.9,,-10.9,,,,,,,,,,,,,,,,,,,,,,,,,,,,,,-18.0,0.0,9.0,NEUTRAL,,SMALL,,,,,,,,,,0.0
REDINGTON,,,,,,0.87,,,,2026-06-12,,,,,,,,,,,,-2.4,,3.5,,,,,,,,,,,,,,,,,,,,,,,,,,,,,,6.0,0.0,13.0,NEUTRAL,,MID,,,,,,,,,,0.0
ROSSARI,,,,,,2.19,,,,2026-06-12,,,,,,,,,,,,-1.9,,4.0,,,,,,,,,,,,,,,,,,,,,,,,,,,,,,8.0,0.0,7.0,NEUTRAL,,SMALL,,,,,,,,,,0.0
RPGLIFE,,,,,,1.07,,,,2026-06-12,,,,,,,,,,,,3.1,,-1.8,,,,,,,,,,,,,,,,,,,,,,,,,,,,,,-4.0,0.0,3.0,NEUTRAL,,SMALL,,,,,,,,,,0.0
SARDAEN,,,,,,-2.01,,,,2026-06-12,,,,,,,,,,,,-1.9,,4.1,,,,,,,,,,,,,,,,,,,,,,,,,,,,,,8.0,0.0,9.0,NEUTRAL,,MID,,,,,,,,,,0.0
SAREGAMA,,,,,,1.66,,,,2026-06-12,,,,,,,,,,,,0.6,,-4.0,,,,,,,,,,,,,,,,,,,,,,,,,,,,,,-6.0,0.0,-2.0,NEUTRAL,,MID,,,,,,,,,,0.0
SCI,,,,,,1.38,,,,2026-06-12,,,,,,,,,,,,-0.9,,-1.3,,,,,,,,,,,,,,,,,,,,,,,,,,,,,,-4.0,0.0,13.0,NEUTRAL,,MID,,,,,,,,,,0.0
SEAMECLTD,,,,,,-1.64,,,,2026-06-12,,,,,,,,,,,,-0.9,,8.8,,,,,,,,,,,,,,,,,,,,,,,,,,,,,,18.0,0.0,9.0,NEUTRAL,,SMALL,,,,,,,,,,0.0
SHARDACROP,,,,,,2.61,,,,2026-06-12,,,,,,,,,,,,-1.9,,1.5,,,,,,,,,,,,,,,,,,,,,,,,,,,,,,2.0,0.0,11.0,NEUTRAL,,MID,,,,,,,,,,0.0
SHARDAMOTR,,,,,,0.89,,,,2026-06-12,,,,,,,,,,,,0.1,,6.5,,,,,,,,,,,,,,,,,,,,,,,,,,,,,,13.0,0.0,8.0,NEUTRAL,,SMALL,,,,,,,,,,0.0
SOMANYCERA,,,,,,3.29,,,,2026-06-12,,,,,,,,,,,,-0.9,,2.9,,,,,,,,,,,,,,,,,,,,,,,,,,,,,,6.0,0.0,3.0,NEUTRAL,,SMALL,,,,,,,,,,0.0
SSWL,,,,,,0.97,,,,2026-06-12,,,,,,,,,,,,0.1,,0.8,,,,,,,,,,,,,,,,,,,,,,,,,,,,,,0.0,0.0,10.0,NEUTRAL,,SMALL,,,,,,,,,,0.0
STYLAMIND,,,,,,3.38,,,,2026-06-12,,,,,,,,,,,,0.1,,-11.7,,,,,,,,,,,,,,,,,,,,,,,,,,,,,,-18.0,0.0,0.0,NEUTRAL,,MID,,,,,,,,,,0.0
SUBROS,,,,,,0.98,,,,2026-06-12,,,,,,,,,,,,0.1,,3.8,,,,,,,,,,,,,,,,,,,,,,,,,,,,,,8.0,0.0,2.0,NEUTRAL,,SMALL,,,,,,,,,,0.0
SUNDRMFAST,,,,,,1.08,,,,2026-06-12,,,,,,,,,,,,0.1,,-2.0,,,,,,,,,,,,,,,,,,,,,,,,,,,,,,-4.0,0.0,5.0,NEUTRAL,,MID,,,,,,,,,,0.0
SUPRIYA,,,,,,4.96,,,,2026-06-12,,,,,,,,,,,,3.1,,-2.2,,,,,,,,,,,,,,,,,,,,,,,,,,,,,,-5.0,0.0,5.0,NEUTRAL,,MID,,,,,,,,,,0.0
SWARAJENG,,,,,,0.23,,,,2026-06-12,,,,,,,,,,,,0.1,,4.3,,,,,,,,,,,,,,,,,,,,,,,,,,,,,,8.0,0.0,8.0,NEUTRAL,,SMALL,,,,,,,,,,0.0
TCI,,,,,,0.37,,,,2026-06-12,,,,,,,,,,,,-0.9,,6.1,,,,,,,,,,,,,,,,,,,,,,,,,,,,,,12.0,0.0,9.0,NEUTRAL,,MID,,,,,,,,,,0.0
TCS,,,,,,0.66,,,,2026-06-12,,,,,,,,,,,,-2.4,,-23.6,,,,,,,,,,,,,,,,,,,,,,,,,,,,,,-23.0,-23.5,10.0,NEGATIVE,,MEGA,,,,,,,,,,-1.0
TECHM,,,,,,-2.32,,,,2026-06-12,,,,,,,,,,,,-2.4,,-15.1,,,,,,,,,,,,,,,,,,,,,,,,,,,,,,-23.0,0.0,2.0,NEUTRAL,,MEGA,,,,,,,,,,0.0
TIIL,,,,,,-0.21,,,,2026-06-12,,,,,,,,,,,,-0.9,,3.2,,,,,,,,,,,,,,,,,,,,,,,,,,,,,,6.0,0.0,7.0,NEUTRAL,,MID,,,,,,,,,,0.0
TIMETECHNO,,,,,,1.97,,,,2026-06-12,,,,,,,,,,,,0.1,,4.3,,,,,,,,,,,,,,,,,,,,,,,,,,,,,,8.0,0.0,9.0,NEUTRAL,,MID,,,,,,,,,,0.0
TIPSMUSIC,,,,,,-0.11,,,,2026-06-12,,,,,,,,,,,,0.6,,7.7,,,,,,,,,,,,,,,,,,,,,,,,,,,,,,16.0,0.0,4.0,NEUTRAL,,MID,,,,,,,,,,0.0
TRENT,,,,,,0.64,,,,2026-06-12,,,,,,,,,,,,0.1,,-14.4,,,,,,,,,,,,,,,,,,,,,,,,,,,,,,-23.0,0.0,5.0,NEUTRAL,,MEGA,,,,,,,,,,0.0
TRITURBINE,,,,,,3.46,,,,2026-06-12,,,,,,,,,,,,-0.9,,-13.8,,,,,,,,,,,,,,,,,,,,,,,,,,,,,,-21.0,0.0,0.0,NEUTRAL,,LARGE,,,,,,,,,,0.0
ULTRACEMCO,,,,,,0.75,,,,2026-06-12,,,,,,,,,,,,-1.9,,-17.3,,,,,,,,,,,,,,,,,,,,,,,,,,,,,,-27.0,0.0,5.0,NEUTRAL,,MEGA,,,,,,,,,,0.0
USHAMART,,,,,,0.84,,,,2026-06-12,,,,,,,,,,,,-1.9,,2.7,,,,,,,,,,,,,,,,,,,,,,,,,,,,,,6.0,0.0,2.0,NEUTRAL,,MID,,,,,,,,,,0.0
VAIBHAVGBL,,,,,,3.03,,,,2026-06-12,,,,,,,,,,,,0.1,,3.5,,,,,,,,,,,,,,,,,,,,,,,,,,,,,,6.0,0.0,10.0,NEUTRAL,,SMALL,,,,,,,,,,0.0
VBL,,,,,,-0.04,,,,2026-06-12,,,,,,,,,,,,0.2,,-11.0,,,,,,,,,,,,,,,,,,,,,,,,,,,,,,-17.0,0.0,0.0,NEUTRAL,,MEGA,,,,,,,,,,0.0
VENUSPIPES,,,,,,2.22,,,,2026-06-12,,,,,,,,,,,,-1.9,,3.1,,,,,,,,,,,,,,,,,,,,,,,,,,,,,,6.0,0.0,7.0,NEUTRAL,,SMALL,,,,,,,,,,0.0
VGUARD,,,,,,1.01,,,,2026-06-12,,,,,,,,,,,,-0.9,,3.5,,,,,,,,,,,,,,,,,,,,,,,,,,,,,,8.0,0.0,0.0,NEUTRAL,,MID,,,,,,,,,,0.0
VISHNU,,,,,,1.81,,,,2026-06-12,,,,,,,,,,,,-1.9,,-2.1,,,,,,,,,,,,,,,,,,,,,,,,,,,,,,-4.0,0.0,7.0,NEUTRAL,,SMALL,,,,,,,,,,0.0
WABAG,,,,,,1.45,,,,2026-06-12,,,,,,,,,,,,-0.9,,2.9,,,,,,,,,,,,,,,,,,,,,,,,,,,,,,6.0,0.0,4.0,NEUTRAL,,MID,,,,,,,,,,0.0
WELCORP,,,,,,0.48,,,,2026-06-12,,,,,,,,,,,,-1.9,,12.8,,,,,,,,,,,,,,,,,,,,,,,,,,,,,,27.0,0.0,9.0,NEUTRAL,,LARGE,,,,,,,,,,0.0
ZENSARTECH,,,,,,0.43,,,,2026-06-12,,,,,,,,,,,,-2.4,,9.9,,,,,,,,,,,,,,,,,,,,,,,,,,,,,,21.0,0.0,8.0,NEUTRAL,,MID,,,,,,,,,,0.0
ZYDUSLIFE,,,,,,0.96,,,,2026-06-12,,,,,,,,,,,,3.1,,11.1,,,,,,,,,,,,,,,,,,,,,,,,,,,,,,22.0,0.0,9.0,NEUTRAL,,MEGA,,,,,,,,,,0.0
ABBOTINDIA,,,,,,1.04,,,,2026-06-12,,,,,,,,,,,,3.1,,0.0,,,,,,,,,,,,,,,,,,,,,,,,,,,,,,0.0,0.0,1.0,NEUTRAL,,LARGE,,,,,,,,,,0.0
ADFFOODS,,,,,,2.7,,,,2026-06-12,,,,,,,,,,,,0.2,,0.0,,,,,,,,,,,,,,,,,,,,,,,,,,,,,,0.0,0.0,0.0,NEUTRAL,,SMALL,,,,,,,,,,0.0
ADOR,,,,,,2.96,,,,2026-06-12,,,,,,,,,,,,-0.9,,0.3,,,,,,,,,,,,,,,,,,,,,,,,,,,,,,0.0,0.0,5.0,NEUTRAL,,SMALL,,,,,,,,,,0.0
ADVENZYMES,,,,,,1.2,,,,2026-06-12,,,,,,,,,,,,-1.9,,0.0,,,,,,,,,,,,,,,,,,,,,,,,,,,,,,0.0,0.0,3.0,NEUTRAL,,SMALL,,,,,,,,,,0.0
AGI,,,,,,4.03,,,,2026-06-12,,,,,,,,,,,,0.1,,1.0,,,,,,,,,,,,,,,,,,,,,,,,,,,,,,0.0,0.0,13.0,NEUTRAL,,SMALL,,,,,,,,,,0.0
AIAENG,,,,,,-0.93,,,,2026-06-12,,,,,,,,,,,,-0.9,,0.0,,,,,,,,,,,,,,,,,,,,,,,,,,,,,,0.0,0.0,5.0,NEUTRAL,,LARGE,,,,,,,,,,0.0
ALIVUS,,,,,,3.89,,,,2026-06-12,,,,,,,,,,,,3.1,,0.9,,,,,,,,,,,,,,,,,,,,,,,,,,,,,,0.0,0.0,7.0,NEUTRAL,,MID,,,,,,,,,,0.0
ALKEM,,,,,,0.12,,,,2026-06-12,,,,,,,,,,,,3.1,,0.0,,,,,,,,,,,,,,,,,,,,,,,,,,,,,,0.0,0.0,4.0,NEUTRAL,,LARGE,,,,,,,,,,0.0
AMRUTANJAN,,,,,,-0.76,,,,2026-06-12,,,,,,,,,,,,3.1,,-25.1,,,,,,,,,,,,,,,,,,,,,,,,,,,,,,-40.0,0.0,4.0,NEGATIVE,,SMALL,,,,,,,,,,-1.0
ANANTRAJ,,,,,,3.06,,,,2026-06-12,,,,,,,,,,,,-0.4,,-25.5,,,,,,,,,,,,,,,,,,,,,,,,,,,,,,-40.0,0.0,5.0,NEGATIVE,,MID,,,,,,,,,,-1.0
APLLTD,,,,,,1.4,,,,2026-06-12,,,,,,,,,,,,3.1,,0.9,,,,,,,,,,,,,,,,,,,,,,,,,,,,,,0.0,0.0,7.0,NEUTRAL,,MID,,,,,,,,,,0.0
ARE&M,,,,,,2.29,,,,2026-06-12,,,,,,,,,,,,-0.9,,0.1,,,,,,,,,,,,,,,,,,,,,,,,,,,,,,0.0,0.0,3.0,NEUTRAL,,MID,,,,,,,,,,0.0
ARTEMISMED,,,,,,2.63,,,,2026-06-12,,,,,,,,,,,,-3.7,,-0.6,,,,,,,,,,,,,,,,,,,,,,,,,,,,,,0.0,0.0,0.0,NEUTRAL,,SMALL,,,,,,,,,,0.0
ASTRAMICRO,,,,,,2.45,,,,2026-06-12,,,,,,,,,,,,-2.4,,-0.2,,,,,,,,,,,,,,,,,,,,,,,,,,,,,,0.0,0.0,2.0,NEUTRAL,,MID,,,,,,,,,,0.0
AURIONPRO,,,,,,3.16,,,,2026-06-12,,,,,,,,,,,,-2.4,,0.0,,,,,,,,,,,,,,,,,,,,,,,,,,,,,,0.0,0.0,4.0,NEUTRAL,,SMALL,,,,,,,,,,0.0
AUTOAXLES,,,,,,0.9,,,,2026-06-12,,,,,,,,,,,,0.1,,0.4,,,,,,,,,,,,,,,,,,,,,,,,,,,,,,0.0,0.0,5.0,NEUTRAL,,SMALL,,,,,,,,,,0.0
BAJAJCON,,,,,,2.87,,,,2026-06-12,,,,,,,,,,,,0.2,,0.0,,,,,,,,,,,,,,,,,,,,,,,,,,,,,,0.0,0.0,0.0,NEUTRAL,,MID,,,,,,,,,,0.0
BASF,,,,,,1.86,,,,2026-06-12,,,,,,,,,,,,-1.9,,-0.3,,,,,,,,,,,,,,,,,,,,,,,,,,,,,,0.0,0.0,0.0,NEUTRAL,,MID,,,,,,,,,,0.0
BAYERCROP,,,,,,0.94,,,,2026-06-12,,,,,,,,,,,,-1.9,,-0.2,,,,,,,,,,,,,,,,,,,,,,,,,,,,,,0.0,0.0,1.0,NEUTRAL,,MID,,,,,,,,,,0.0
BBTC,,,,,,0.73,,,,2026-06-12,,,,,,,,,,,,0.2,,1.3,,,,,,,,,,,,,,,,,,,,,,,,,,,,,,0.0,0.0,16.0,NEUTRAL,,MID,,,,,,,,,,0.0
BECTORFOOD,,,,,,2.12,,,,2026-06-12,,,,,,,,,,,,0.2,,0.4,,,,,,,,,,,,,,,,,,,,,,,,,,,,,,0.0,0.0,5.0,NEUTRAL,,MID,,,,,,,,,,0.0
BEL,,,,,,0.22,,,,2026-06-12,,,,,,,,,,,,-0.9,,0.0,,,,,,,,,,,,,,,,,,,,,,,,,,,,,,0.0,0.0,6.0,NEUTRAL,,MEGA,,,,,,,,,,0.0
BERGEPAINT,,,,,,1.1,,,,2026-06-12,,,,,,,,,,,,-1.9,,0.0,,,,,,,,,,,,,,,,,,,,,,,,,,,,,,0.0,0.0,-3.0,NEUTRAL,,LARGE,,,,,,,,,,0.0
BIKAJI,,,,,,-0.09,,,,2026-06-12,,,,,,,,,,,,0.2,,0.2,,,,,,,,,,,,,,,,,,,,,,,,,,,,,,0.0,0.0,2.0,NEUTRAL,,MID,,,,,,,,,,0.0
BLISSGVS,,,,,,1.08,,,,2026-06-12,,,,,,,,,,,,3.1,,0.6,,,,,,,,,,,,,,,,,,,,,,,,,,,,,,0.0,0.0,3.0,NEUTRAL,,SMALL,,,,,,,,,,0.0
BLS,,,,,,2.08,,,,2026-06-12,,,,,,,,,,,,-0.9,,0.7,,,,,,,,,,,,,,,,,,,,,,,,,,,,,,0.0,0.0,10.0,NEUTRAL,,MID,,,,,,,,,,0.0
BLUESTARCO,,,,,,-0.19,,,,2026-06-12,,,,,,,,,,,,-0.9,,18.3,,,,,,,,,,,,,,,,,,,,,,,,,,,,,,40.0,0.0,2.0,NEUTRAL,,LARGE,,,,,,,,,,0.0
BRITANNIA,,,,,,-0.38,,,,2026-06-12,,,,,,,,,,,,0.2,,0.0,,,,,,,,,,,,,,,,,,,,,,,,,,,,,,0.0,0.3,6.0,NEUTRAL,,MEGA,,,,,,,,,,0.0
BSE,,,,,,0.41,,,,2026-06-12,,,,,,,,,,,,-2.9,,0.0,,,,,,,,,,,,,,,,,,,,,,,,,,,,,,0.0,2.1,3.0,NEUTRAL,,MEGA,,,,,,,,,,0.0
BSOFT,,,,,,-0.08,,,,2026-06-12,,,,,,,,,,,,-2.4,,-0.2,,,,,,,,,,,,,,,,,,,,,,,,,,,,,,0.0,0.0,2.0,NEUTRAL,,MID,,,,,,,,,,0.0
CAMPUS,,,,,,2.14,,,,2026-06-12,,,,,,,,,,,,0.1,,0.4,,,,,,,,,,,,,,,,,,,,,,,,,,,,,,0.0,0.0,5.0,NEUTRAL,,MID,,,,,,,,,,0.0
CAMS,,,,,,2.18,,,,2026-06-12,,,,,,,,,,,,-2.4,,-0.3,,,,,,,,,,,,,,,,,,,,,,,,,,,,,,0.0,0.0,1.0,NEUTRAL,,MID,,,,,,,,,,0.0
CAPLIPOINT,,,,,,1.31,,,,2026-06-12,,,,,,,,,,,,3.1,,0.7,,,,,,,,,,,,,,,,,,,,,,,,,,,,,,0.0,0.0,5.0,NEUTRAL,,MID,,,,,,,,,,0.0
CARERATING,,,,,,0.99,,,,2026-06-12,,,,,,,,,,,,-2.9,,-0.7,,,,,,,,,,,,,,,,,,,,,,,,,,,,,,0.0,0.0,-2.0,NEUTRAL,,SMALL,,,,,,,,,,0.0
CARYSIL,,,,,,0.91,,,,2026-06-12,,,,,,,,,,,,0.1,,0.4,,,,,,,,,,,,,,,,,,,,,,,,,,,,,,0.0,0.0,5.0,NEUTRAL,,SMALL,,,,,,,,,,0.0
CASTROLIND,,,,,,0.38,,,,2026-06-12,,,,,,,,,,,,-5.8,,-0.9,,,,,,,,,,,,,,,,,,,,,,,,,,,,,,0.0,0.0,0.0,NEUTRAL,,MID,,,,,,,,,,0.0
CIEINDIA,,,,,,2.28,,,,2026-06-12,,,,,,,,,,,,0.1,,0.0,,,,,,,,,,,,,,,,,,,,,,,,,,,,,,0.0,0.0,0.0,NEUTRAL,,MID,,,,,,,,,,0.0
COFORGE,,,,,,-1.65,,,,2026-06-12,,,,,,,,,,,,-2.4,,0.0,,,,,,,,,,,,,,,,,,,,,,,,,,,,,,0.0,0.0,0.0,NEUTRAL,,LARGE,,,,,,,,,,0.0
COLPAL,,,,,,1.38,,,,2026-06-12,,,,,,,,,,,,0.2,,0.0,,,,,,,,,,,,,,,,,,,,,,,,,,,,,,0.0,0.0,1.0,NEUTRAL,,LARGE,,,,,,,,,,0.0
CRISIL,,,,,,-0.05,,,,2026-06-12,,,,,,,,,,,,-2.9,,0.0,,,,,,,,,,,,,,,,,,,,,,,,,,,,,,0.0,0.0,-2.0,NEUTRAL,,LARGE,,,,,,,,,,0.0
CUMMINSIND,,,,,,1.09,,,,2026-06-12,,,,,,,,,,,,-0.9,,0.0,,,,,,,,,,,,,,,,,,,,,,,,,,,,,,0.0,0.0,3.0,NEUTRAL,,MEGA,,,,,,,,,,0.0
DABUR,,,,,,0.04,,,,2026-06-12,,,,,,,,,,,,0.2,,0.0,,,,,,,,,,,,,,,,,,,,,,,,,,,,,,0.0,0.0,3.0,NEUTRAL,,LARGE,,,,,,,,,,0.0
DBCORP,,,,,,0.68,,,,2026-06-12,,,,,,,,,,,,0.6,,1.2,,,,,,,,,,,,,,,,,,,,,,,,,,,,,,0.0,0.0,15.0,NEUTRAL,,SMALL,,,,,,,,,,0.0
DHANUKA,,,,,,2.5,,,,2026-06-12,,,,,,,,,,,,-1.9,,0.3,,,,,,,,,,,,,,,,,,,,,,,,,,,,,,0.0,0.0,7.0,NEUTRAL,,SMALL,,,,,,,,,,0.0
DIXON,,,,,,-0.57,,,,2026-06-12,,,,,,,,,,,,-2.4,,0.0,,,,,,,,,,,,,,,,,,,,,,,,,,,,,,0.0,0.0,8.0,NEUTRAL,,LARGE,,,,,,,,,,0.0
DOLLAR,,,,,,0.57,,,,2026-06-12,,,,,,,,,,,,0.1,,0.9,,,,,,,,,,,,,,,,,,,,,,,,,,,,,,0.0,0.0,11.0,NEUTRAL,,SMALL,,,,,,,,,,0.0
ECLERX,,,,,,-0.51,,,,2026-06-12,,,,,,,,,,,,-2.4,,0.7,,,,,,,,,,,,,,,,,,,,,,,,,,,,,,0.0,0.0,12.0,NEUTRAL,,MID,,,,,,,,,,0.0
EICHERMOT,,,,,,1.1,,,,2026-06-12,,,,,,,,,,,,0.1,,0.0,,,,,,,,,,,,,,,,,,,,,,,,,,,,,,0.0,0.0,3.0,NEUTRAL,,MEGA,,,,,,,,,,0.0
ELLEN,,,,,,4.71,,,,2026-06-12,,,,,,,,,,,,-1.9,,0.1,,,,,,,,,,,,,,,,,,,,,,,,,,,,,,0.0,0.0,4.0,NEUTRAL,,SMALL,,,,,,,,,,0.0
EMUDHRA,,,,,,-0.51,,,,2026-06-12,,,,,,,,,,,,-2.4,,-0.2,,,,,,,,,,,,,,,,,,,,,,,,,,,,,,0.0,0.0,2.0,NEUTRAL,,SMALL,,,,,,,,,,0.0
ENDURANCE,,,,,,-0.62,,,,2026-06-12,,,,,,,,,,,,0.1,,0.0,,,,,,,,,,,,,,,,,,,,,,,,,,,,,,0.0,0.0,5.0,NEUTRAL,,LARGE,,,,,,,,,,0.0
ESCORTS,,,,,,0.4,,,,2026-06-12,,,,,,,,,,,,-0.9,,0.0,,,,,,,,,,,,,,,,,,,,,,,,,,,,,,0.0,0.0,5.0,NEUTRAL,,LARGE,,,,,,,,,,0.0
FDC,,,,,,2.14,,,,2026-06-12,,,,,,,,,,,,3.1,,-25.2,,,,,,,,,,,,,,,,,,,,,,,,,,,,,,-40.0,0.0,3.0,NEGATIVE,,MID,,,,,,,,,,-1.0
FIEMIND,,,,,,1.69,,,,2026-06-12,,,,,,,,,,,,0.1,,0.4,,,,,,,,,,,,,,,,,,,,,,,,,,,,,,0.0,0.0,5.0,NEUTRAL,,MID,,,,,,,,,,0.0
FINCABLES,,,,,,1.25,,,,2026-06-12,,,,,,,,,,,,-0.9,,0.6,,,,,,,,,,,,,,,,,,,,,,,,,,,,,,0.0,0.0,9.0,NEUTRAL,,MID,,,,,,,,,,0.0
FORCEMOT,,,,,,1.13,,,,2026-06-12,,,,,,,,,,,,0.1,,0.0,,,,,,,,,,,,,,,,,,,,,,,,,,,,,,0.0,0.0,8.0,NEUTRAL,,LARGE,,,,,,,,,,0.0
GESHIP,,,,,,-1.22,,,,2026-06-12,,,,,,,,,,,,-0.9,,0.7,,,,,,,,,,,,,,,,,,,,,,,,,,,,,,0.0,0.0,10.0,NEUTRAL,,MID,,,,,,,,,,0.0
GILLETTE,,,,,,0.41,,,,2026-06-12,,,,,,,,,,,,0.2,,0.0,,,,,,,,,,,,,,,,,,,,,,,,,,,,,,0.0,0.0,4.0,NEUTRAL,,LARGE,,,,,,,,,,0.0
GLAXO,,,,,,-0.48,,,,2026-06-12,,,,,,,,,,,,3.1,,0.0,,,,,,,,,,,,,,,,,,,,,,,,,,,,,,0.0,0.0,4.0,NEUTRAL,,LARGE,,,,,,,,,,0.0
GODREJCP,,,,,,1.26,,,,2026-06-12,,,,,,,,,,,,0.2,,0.0,,,,,,,,,,,,,,,,,,,,,,,,,,,,,,0.0,0.0,0.0,NEUTRAL,,MEGA,,,,,,,,,,0.0
GPIL,,,,,,0.29,,,,2026-06-12,,,,,,,,,,,,-1.9,,0.1,,,,,,,,,,,,,,,,,,,,,,,,,,,,,,0.0,0.0,4.0,NEUTRAL,,MID,,,,,,,,,,0.0
GPPL,,,,,,1.23,,,,2026-06-12,,,,,,,,,,,,-0.9,,0.9,,,,,,,,,,,,,,,,,,,,,,,,,,,,,,0.0,0.0,13.0,NEUTRAL,,MID,,,,,,,,,,0.0
GRANULES,,,,,,-0.55,,,,2026-06-12,,,,,,,,,,,,3.1,,0.9,,,,,,,,,,,,,,,,,,,,,,,,,,,,,,0.0,0.0,7.0,NEUTRAL,,MID,,,,,,,,,,0.0
GRINDWELL,,,,,,1.31,,,,2026-06-12,,,,,,,,,,,,-0.9,,0.0,,,,,,,,,,,,,,,,,,,,,,,,,,,,,,0.0,0.0,-6.0,NEUTRAL,,LARGE,,,,,,,,,,0.0
GRSE,,,,,,2.9,,,,2026-06-12,,,,,,,,,,,,-0.9,,0.0,,,,,,,,,,,,,,,,,,,,,,,,,,,,,,0.0,0.0,4.0,NEUTRAL,,LARGE,,,,,,,,,,0.0
HAL,,,,,,0.18,,,,2026-06-12,,,,,,,,,,,,-0.9,,0.0,,,,,,,,,,,,,,,,,,,,,,,,,,,,,,0.0,0.0,6.0,NEUTRAL,,MEGA,,,,,,,,,,0.0
HARSHA,,,,,,1.34,,,,2026-06-12,,,,,,,,,,,,-0.9,,0.4,,,,,,,,,,,,,,,,,,,,,,,,,,,,,,0.0,0.0,7.0,NEUTRAL,,SMALL,,,,,,,,,,0.0
HAVELLS,,,,,,1.09,,,,2026-06-12,,,,,,,,,,,,-0.9,,0.0,,,,,,,,,,,,,,,,,,,,,,,,,,,,,,0.0,0.0,-2.0,NEUTRAL,,LARGE,,,,,,,,,,0.0
HAWKINCOOK,,,,,,0.9,,,,2026-06-12,,,,,,,,,,,,0.1,,0.1,,,,,,,,,,,,,,,,,,,,,,,,,,,,,,0.0,0.0,1.0,NEUTRAL,,SMALL,,,,,,,,,,0.0
HCLTECH,,,,,,-0.44,,,,2026-06-12,,,,,,,,,,,,-2.4,,0.0,,,,,,,,,,,,,,,,,,,,,,,,,,,,,,0.0,0.0,7.0,NEUTRAL,,MEGA,,,,,,,,,,0.0
HEROMOTOCO,,,,,,1.57,,,,2026-06-12,,,,,,,,,,,,0.1,,0.0,,,,,,,,,,,,,,,,,,,,,,,,,,,,,,0.0,0.0,7.0,NEUTRAL,,LARGE,,,,,,,,,,0.0
HEXT,,,,,,-1.62,,,,2026-06-12,,,,,,,,,,,,-2.4,,0.0,,,,,,,,,,,,,,,,,,,,,,,,,,,,,,0.0,0.0,10.0,NEUTRAL,,LARGE,,,,,,,,,,0.0
HINDCOPPER,,,,,,1.88,,,,2026-06-12,,,,,,,,,,,,-1.9,,0.0,,,,,,,,,,,,,,,,,,,,,,,,,,,,,,0.0,0.0,0.0,NEUTRAL,,LARGE,,,,,,,,,,0.0
HINDUNILVR,,,,,,0.54,,,,2026-06-12,,,,,,,,,,,,0.2,,0.0,,,,,,,,,,,,,,,,,,,,,,,,,,,,,,0.0,0.0,1.0,NEUTRAL,,MEGA,,,,,,,,,,0.0
ICICIGI,,,,,,-2.18,,,,2026-06-12,,,,,,,,,,,,-2.9,,0.0,,,,,,,,,,,,,,,,,,,,,,,,,,,,,,0.0,0.0,5.0,NEUTRAL,,LARGE,,,,,,,,,,0.0
IEX,,,,,,1.73,,,,2026-06-12,,,,,,,,,,,,-2.9,,0.3,,,,,,,,,,,,,,,,,,,,,,,,,,,,,,0.0,0.0,8.0,NEUTRAL,,MID,,,,,,,,,,0.0
IFBIND,,,,,,3.86,,,,2026-06-12,,,,,,,,,,,,0.1,,0.2,,,,,,,,,,,,,,,,,,,,,,,,,,,,,,0.0,0.0,2.0,NEUTRAL,,MID,,,,,,,,,,0.0
INDIGOPNTS,,,,,,1.41,,,,2026-06-12,,,,,,,,,,,,-1.9,,0.2,,,,,,,,,,,,,,,,,,,,,,,,,,,,,,0.0,0.0,5.0,NEUTRAL,,SMALL,,,,,,,,,,0.0
INFY,,,,,,0.19,,,,2026-06-12,,,,,,,,,,,,-2.4,,0.0,,,,,,,,,,,,,,,,,,,,,,,,,,,,,,0.0,0.0,10.0,NEUTRAL,,MEGA,,,,,,,,,,0.0
IPCALAB,,,,,,-0.99,,,,2026-06-12,,,,,,,,,,,,3.1,,0.0,,,,,,,,,,,,,,,,,,,,,,,,,,,,,,0.0,0.0,0.0,NEUTRAL,,LARGE,,,,,,,,,,0.0
KAJARIACER,,,,,,0.44,,,,2026-06-12,,,,,,,,,,,,-0.9,,-26.4,,,,,,,,,,,,,,,,,,,,,,,,,,,,,,-40.0,0.0,-2.0,NEGATIVE,,MID,,,,,,,,,,-1.0
KIRLPNU,,,,,,0.62,,,,2026-06-12,,,,,,,,,,,,-0.9,,0.5,,,,,,,,,,,,,,,,,,,,,,,,,,,,,,0.0,0.0,8.0,NEUTRAL,,MID,,,,,,,,,,0.0
KKCL,,,,,,1.03,,,,2026-06-12,,,,,,,,,,,,0.1,,0.6,,,,,,,,,,,,,,,,,,,,,,,,,,,,,,0.0,0.0,7.0,NEUTRAL,,SMALL,,,,,,,,,,0.0
KMEW,,,,,,1.79,,,,2026-06-12,,,,,,,,,,,,-0.9,,-0.3,,,,,,,,,,,,,,,,,,,,,,,,,,,,,,0.0,0.0,-1.0,NEUTRAL,,SMALL,,,,,,,,,,0.0
KPRMILL,,,,,,1.04,,,,2026-06-12,,,,,,,,,,,,0.1,,0.0,,,,,,,,,,,,,,,,,,,,,,,,,,,,,,0.0,0.0,-2.0,NEUTRAL,,LARGE,,,,,,,,,,0.0
LICI,,,,,,0.37,,,,2026-06-12,,,,,,,,,,,,-2.9,,0.0,,,,,,,,,,,,,,,,,,,,,,,,,,,,,,0.0,0.0,11.0,NEUTRAL,,MEGA,,,,,,,,,,0.0
LODHA,,,,,,1.99,,,,2026-06-12,,,,,,,,,,,,-0.4,,0.0,,,,,,,,,,,,,,,,,,,,,,,,,,,,,,0.0,0.0,7.0,NEUTRAL,,LARGE,,,,,,,,,,0.0
LTM,,,,,,-0.05,,,,2026-06-12,,,,,,,,,,,,-2.4,,0.0,,,,,,,,,,,,,,,,,,,,,,,,,,,,,,0.0,0.0,5.0,NEUTRAL,,MEGA,,,,,,,,,,0.0
LTTS,,,,,,0.91,,,,2026-06-12,,,,,,,,,,,,-2.4,,0.0,,,,,,,,,,,,,,,,,,,,,,,,,,,,,,0.0,0.0,-2.0,NEUTRAL,,LARGE,,,,,,,,,,0.0
LUPIN,,,,,,0.61,,,,2026-06-12,,,,,,,,,,,,3.1,,0.0,,,,,,,,,,,,,,,,,,,,,,,,,,,,,,0.0,91.2,12.0,NEUTRAL,,MEGA,,,,,,,,,,0.0
MAPMYINDIA,,,,,,-0.38,,,,2026-06-12,,,,,,,,,,,,-2.4,,-0.1,,,,,,,,,,,,,,,,,,,,,,,,,,,,,,0.0,0.0,3.0,NEUTRAL,,SMALL,,,,,,,,,,0.0
MARKSANS,,,,,,0.6,,,,2026-06-12,,,,,,,,,,,,3.1,,0.9,,,,,,,,,,,,,,,,,,,,,,,,,,,,,,0.0,0.0,7.0,NEUTRAL,,MID,,,,,,,,,,0.0
MASTEK,,,,,,-0.45,,,,2026-06-12,,,,,,,,,,,,-2.4,,0.7,,,,,,,,,,,,,,,,,,,,,,,,,,,,,,0.0,0.0,13.0,NEUTRAL,,SMALL,,,,,,,,,,0.0
MAXHEALTH,,,,,,0.08,,,,2026-06-12,,,,,,,,,,,,3.1,,0.0,,,,,,,,,,,,,,,,,,,,,,,,,,,,,,0.0,0.0,2.0,NEUTRAL,,LARGE,,,,,,,,,,0.0
MAZDOCK,,,,,,1.34,,,,2026-06-12,,,,,,,,,,,,-0.9,,0.0,,,,,,,,,,,,,,,,,,,,,,,,,,,,,,0.0,0.0,3.0,NEUTRAL,,LARGE,,,,,,,,,,0.0
MCX,,,,,,0.8,,,,2026-06-12,,,,,,,,,,,,-2.9,,0.0,,,,,,,,,,,,,,,,,,,,,,,,,,,,,,0.0,-32.1,5.0,NEUTRAL,,LARGE,,,,,,,,,,0.0
MEDANTA,,,,,,-0.24,,,,2026-06-12,,,,,,,,,,,,3.1,,0.0,,,,,,,,,,,,,,,,,,,,,,,,,,,,,,0.0,89.1,2.0,NEUTRAL,,LARGE,,,,,,,,,,0.0
MODIS,,,,,,0.26,,,,2026-06-12,,,,,,,,,,,,-0.4,,0.3,,,,,,,,,,,,,,,,,,,,,,,,,,,,,,0.0,0.0,4.0,NEUTRAL,,SMALL,,,,,,,,,,0.0
MPHASIS,,,,,,-0.48,,,,2026-06-12,,,,,,,,,,,,-2.4,,0.0,,,,,,,,,,,,,,,,,,,,,,,,,,,,,,0.0,0.0,7.0,NEUTRAL,,LARGE,,,,,,,,,,0.0
MSUMI,,,,,,0.27,,,,2026-06-12,,,,,,,,,,,,0.1,,0.0,,,,,,,,,,,,,,,,,,,,,,,,,,,,,,0.0,0.0,8.0,NEUTRAL,,LARGE,,,,,,,,,,0.0
NAM-INDIA,,,,,,2.14,,,,2026-06-12,,,,,,,,,,,,-2.9,,0.0,,,,,,,,,,,,,,,,,,,,,,,,,,,,,,0.0,0.0,4.0,NEUTRAL,,LARGE,,,,,,,,,,0.0
NESCO,,,,,,-0.72,,,,2026-06-12,,,,,,,,,,,,-0.9,,0.2,,,,,,,,,,,,,,,,,,,,,,,,,,,,,,0.0,0.0,4.0,NEUTRAL,,MID,,,,,,,,,,0.0
NESTLEIND,,,,,,-0.39,,,,2026-06-12,,,,,,,,,,,,0.2,,0.0,,,,,,,,,,,,,,,,,,,,,,,,,,,,,,0.0,0.0,0.0,NEUTRAL,,MEGA,,,,,,,,,,0.0
NEWGEN,,,,,,1.55,,,,2026-06-12,,,,,,,,,,,,-2.4,,-0.2,,,,,,,,,,,,,,,,,,,,,,,,,,,,,,0.0,0.0,2.0,NEUTRAL,,MID,,,,,,,,,,0.0
NMDC,,,,,,2.19,,,,2026-06-12,,,,,,,,,,,,-1.9,,0.0,,,,,,,,,,,,,,,,,,,,,,,,,,,,,,0.0,0.0,15.0,NEUTRAL,,LARGE,,,,,,,,,,0.0
OBEROIRLTY,,,,,,0.45,,,,2026-06-12,,,,,,,,,,,,-0.4,,0.0,,,,,,,,,,,,,,,,,,,,,,,,,,,,,,0.0,0.0,9.0,NEUTRAL,,LARGE,,,,,,,,,,0.0
OFSS,,,,,,-1.06,,,,2026-06-12,,,,,,,,,,,,-2.4,,0.0,,,,,,,,,,,,,,,,,,,,,,,,,,,,,,0.0,0.0,8.0,NEUTRAL,,LARGE,,,,,,,,,,0.0
ONGC,,,,,,-3.57,,,,2026-06-12,,,,,,,,,,,,-5.8,,0.0,,,,,,,,,,,,,,,,,,,,,,,,,,,,,,0.0,-3.4,15.0,NEUTRAL,,MEGA,,,,,,,,,,0.0
ORIENTELEC,,,,,,0.84,,,,2026-06-12,,,,,,,,,,,,0.1,,0.6,,,,,,,,,,,,,,,,,,,,,,,,,,,,,,0.0,0.0,7.0,NEUTRAL,,SMALL,,,,,,,,,,0.0
PARAGMILK,,,,,,1.83,,,,2026-06-12,,,,,,,,,,,,0.2,,0.6,,,,,,,,,,,,,,,,,,,,,,,,,,,,,,0.0,0.0,7.0,NEUTRAL,,SMALL,,,,,,,,,,0.0
PATANJALI,,,,,,2.43,,,,2026-06-12,,,,,,,,,,,,0.2,,0.0,,,,,,,,,,,,,,,,,,,,,,,,,,,,,,0.0,1.9,7.0,NEUTRAL,,LARGE,,,,,,,,,,0.0
PGHL,,,,,,1.5,,,,2026-06-12,,,,,,,,,,,,3.1,,0.7,,,,,,,,,,,,,,,,,,,,,,,,,,,,,,0.0,0.0,4.0,NEUTRAL,,MID,,,,,,,,,,0.0
POWERMECH,,,,,,7.08,,,,2026-06-12,,,,,,,,,,,,-0.9,,0.6,,,,,,,,,,,,,,,,,,,,,,,,,,,,,,0.0,0.0,9.0,NEUTRAL,,MID,,,,,,,,,,0.0
PRICOLLTD,,,,,,0.32,,,,2026-06-12,,,,,,,,,,,,0.1,,0.6,,,,,,,,,,,,,,,,,,,,,,,,,,,,,,0.0,0.0,8.0,NEUTRAL,,MID,,,,,,,,,,0.0
PRUDENT,,,,,,2.07,,,,2026-06-12,,,,,,,,,,,,-2.9,,-0.5,,,,,,,,,,,,,,,,,,,,,,,,,,,,,,0.0,0.0,0.0,NEUTRAL,,MID,,,,,,,,,,0.0
QUESS,,,,,,0.57,,,,2026-06-12,,,,,,,,,,,,-0.9,,0.6,,,,,,,,,,,,,,,,,,,,,,,,,,,,,,0.0,0.0,9.0,NEUTRAL,,SMALL,,,,,,,,,,0.0
REDINGTON,,,,,,0.87,,,,2026-06-12,,,,,,,,,,,,-2.4,,-25.0,,,,,,,,,,,,,,,,,,,,,,,,,,,,,,-40.0,0.0,13.0,NEGATIVE,,MID,,,,,,,,,,-1.0
ROSSARI,,,,,,2.19,,,,2026-06-12,,,,,,,,,,,,-1.9,,0.3,,,,,,,,,,,,,,,,,,,,,,,,,,,,,,0.0,0.0,7.0,NEUTRAL,,SMALL,,,,,,,,,,0.0
RPGLIFE,,,,,,1.07,,,,2026-06-12,,,,,,,,,,,,3.1,,0.6,,,,,,,,,,,,,,,,,,,,,,,,,,,,,,0.0,0.0,3.0,NEUTRAL,,SMALL,,,,,,,,,,0.0
SARDAEN,,,,,,-2.01,,,,2026-06-12,,,,,,,,,,,,-1.9,,0.5,,,,,,,,,,,,,,,,,,,,,,,,,,,,,,0.0,0.0,9.0,NEUTRAL,,MID,,,,,,,,,,0.0
SAREGAMA,,,,,,1.66,,,,2026-06-12,,,,,,,,,,,,0.6,,-0.1,,,,,,,,,,,,,,,,,,,,,,,,,,,,,,0.0,0.0,-2.0,NEUTRAL,,MID,,,,,,,,,,0.0
SCI,,,,,,1.38,,,,2026-06-12,,,,,,,,,,,,-0.9,,0.9,,,,,,,,,,,,,,,,,,,,,,,,,,,,,,0.0,0.0,13.0,NEUTRAL,,MID,,,,,,,,,,0.0
SEAMECLTD,,,,,,-1.64,,,,2026-06-12,,,,,,,,,,,,-0.9,,0.6,,,,,,,,,,,,,,,,,,,,,,,,,,,,,,0.0,0.0,9.0,NEUTRAL,,SMALL,,,,,,,,,,0.0
SHARDACROP,,,,,,2.61,,,,2026-06-12,,,,,,,,,,,,-1.9,,0.6,,,,,,,,,,,,,,,,,,,,,,,,,,,,,,0.0,0.0,11.0,NEUTRAL,,MID,,,,,,,,,,0.0
SHARDAMOTR,,,,,,0.89,,,,2026-06-12,,,,,,,,,,,,0.1,,0.6,,,,,,,,,,,,,,,,,,,,,,,,,,,,,,0.0,0.0,8.0,NEUTRAL,,SMALL,,,,,,,,,,0.0
SOMANYCERA,,,,,,3.29,,,,2026-06-12,,,,,,,,,,,,-0.9,,-25.8,,,,,,,,,,,,,,,,,,,,,,,,,,,,,,-40.0,0.0,3.0,NEGATIVE,,SMALL,,,,,,,,,,-1.0
SSWL,,,,,,0.97,,,,2026-06-12,,,,,,,,,,,,0.1,,0.8,,,,,,,,,,,,,,,,,,,,,,,,,,,,,,0.0,0.0,10.0,NEUTRAL,,SMALL,,,,,,,,,,0.0
STYLAMIND,,,,,,3.38,,,,2026-06-12,,,,,,,,,,,,0.1,,0.0,,,,,,,,,,,,,,,,,,,,,,,,,,,,,,0.0,0.0,0.0,NEUTRAL,,MID,,,,,,,,,,0.0
SUBROS,,,,,,0.98,,,,2026-06-12,,,,,,,,,,,,0.1,,0.2,,,,,,,,,,,,,,,,,,,,,,,,,,,,,,0.0,0.0,2.0,NEUTRAL,,SMALL,,,,,,,,,,0.0
SUNDRMFAST,,,,,,1.08,,,,2026-06-12,,,,,,,,,,,,0.1,,0.4,,,,,,,,,,,,,,,,,,,,,,,,,,,,,,0.0,0.0,5.0,NEUTRAL,,MID,,,,,,,,,,0.0
SUPRIYA,,,,,,4.96,,,,2026-06-12,,,,,,,,,,,,3.1,,-25.0,,,,,,,,,,,,,,,,,,,,,,,,,,,,,,-40.0,0.0,5.0,NEGATIVE,,MID,,,,,,,,,,-1.0
SWARAJENG,,,,,,0.23,,,,2026-06-12,,,,,,,,,,,,0.1,,0.6,,,,,,,,,,,,,,,,,,,,,,,,,,,,,,0.0,0.0,8.0,NEUTRAL,,SMALL,,,,,,,,,,0.0
TCI,,,,,,0.37,,,,2026-06-12,,,,,,,,,,,,-0.9,,0.6,,,,,,,,,,,,,,,,,,,,,,,,,,,,,,0.0,0.0,9.0,NEUTRAL,,MID,,,,,,,,,,0.0
TCS,,,,,,0.66,,,,2026-06-12,,,,,,,,,,,,-2.4,,0.0,,,,,,,,,,,,,,,,,,,,,,,,,,,,,,0.0,-23.5,10.0,NEUTRAL,,MEGA,,,,,,,,,,0.0
TECHM,,,,,,-2.32,,,,2026-06-12,,,,,,,,,,,,-2.4,,0.0,,,,,,,,,,,,,,,,,,,,,,,,,,,,,,0.0,0.0,2.0,NEUTRAL,,MEGA,,,,,,,,,,0.0
TIIL,,,,,,-0.21,,,,2026-06-12,,,,,,,,,,,,-0.9,,0.4,,,,,,,,,,,,,,,,,,,,,,,,,,,,,,0.0,0.0,7.0,NEUTRAL,,MID,,,,,,,,,,0.0
TIMETECHNO,,,,,,1.97,,,,2026-06-12,,,,,,,,,,,,0.1,,0.7,,,,,,,,,,,,,,,,,,,,,,,,,,,,,,0.0,0.0,9.0,NEUTRAL,,MID,,,,,,,,,,0.0
TIPSMUSIC,,,,,,-0.11,,,,2026-06-12,,,,,,,,,,,,0.6,,0.4,,,,,,,,,,,,,,,,,,,,,,,,,,,,,,0.0,0.0,4.0,NEUTRAL,,MID,,,,,,,,,,0.0
TRENT,,,,,,0.64,,,,2026-06-12,,,,,,,,,,,,0.1,,0.0,,,,,,,,,,,,,,,,,,,,,,,,,,,,,,0.0,0.0,5.0,NEUTRAL,,MEGA,,,,,,,,,,0.0
TRITURBINE,,,,,,3.46,,,,2026-06-12,,,,,,,,,,,,-0.9,,0.0,,,,,,,,,,,,,,,,,,,,,,,,,,,,,,0.0,0.0,0.0,NEUTRAL,,LARGE,,,,,,,,,,0.0
ULTRACEMCO,,,,,,0.75,,,,2026-06-12,,,,,,,,,,,,-1.9,,0.0,,,,,,,,,,,,,,,,,,,,,,,,,,,,,,0.0,0.0,5.0,NEUTRAL,,MEGA,,,,,,,,,,0.0
USHAMART,,,,,,0.84,,,,2026-06-12,,,,,,,,,,,,-1.9,,-0.1,,,,,,,,,,,,,,,,,,,,,,,,,,,,,,0.0,0.0,2.0,NEUTRAL,,MID,,,,,,,,,,0.0
VAIBHAVGBL,,,,,,3.03,,,,2026-06-12,,,,,,,,,,,,0.1,,0.8,,,,,,,,,,,,,,,,,,,,,,,,,,,,,,0.0,0.0,10.0,NEUTRAL,,SMALL,,,,,,,,,,0.0
VBL,,,,,,-0.04,,,,2026-06-12,,,,,,,,,,,,0.2,,0.0,,,,,,,,,,,,,,,,,,,,,,,,,,,,,,0.0,0.0,0.0,NEUTRAL,,MEGA,,,,,,,,,,0.0
VENUSPIPES,,,,,,2.22,,,,2026-06-12,,,,,,,,,,,,-1.9,,0.3,,,,,,,,,,,,,,,,,,,,,,,,,,,,,,0.0,0.0,7.0,NEUTRAL,,SMALL,,,,,,,,,,0.0
VGUARD,,,,,,1.01,,,,2026-06-12,,,,,,,,,,,,-0.9,,-0.1,,,,,,,,,,,,,,,,,,,,,,,,,,,,,,0.0,0.0,0.0,NEUTRAL,,MID,,,,,,,,,,0.0
VISHNU,,,,,,1.81,,,,2026-06-12,,,,,,,,,,,,-1.9,,0.3,,,,,,,,,,,,,,,,,,,,,,,,,,,,,,0.0,0.0,7.0,NEUTRAL,,SMALL,,,,,,,,,,0.0
WABAG,,,,,,1.45,,,,2026-06-12,,,,,,,,,,,,-0.9,,-25.7,,,,,,,,,,,,,,,,,,,,,,,,,,,,,,-40.0,0.0,4.0,NEGATIVE,,MID,,,,,,,,,,-1.0
WELCORP,,,,,,0.48,,,,2026-06-12,,,,,,,,,,,,-1.9,,0.0,,,,,,,,,,,,,,,,,,,,,,,,,,,,,,0.0,0.0,9.0,NEUTRAL,,LARGE,,,,,,,,,,0.0
ZENSARTECH,,,,,,0.43,,,,2026-06-12,,,,,,,,,,,,-2.4,,0.3,,,,,,,,,,,,,,,,,,,,,,,,,,,,,,0.0,0.0,8.0,NEUTRAL,,MID,,,,,,,,,,0.0
ZYDUSLIFE,,,,,,0.96,,,,2026-06-12,,,,,,,,,,,,3.1,,0.0,,,,,,,,,,,,,,,,,,,,,,,,,,,,,,0.0,0.0,9.0,NEUTRAL,,MEGA,,,,,,,,,,0.0
ABBOTINDIA,,,,,,1.04,,,,2026-06-12,,,,,,,,,,,,3.1,,0.0,,,,,,,,,,,,,,,,,,,,,,,,,,,,,,0.0,0.0,1.0,NEUTRAL,,LARGE,,,,,,,,,,0.0
ADFFOODS,,,,,,2.7,,,,2026-06-12,,,,,,,,,,,,0.2,,0.0,,,,,,,,,,,,,,,,,,,,,,,,,,,,,,0.0,0.0,0.0,NEUTRAL,,SMALL,,,,,,,,,,0.0
ADOR,,,,,,2.96,,,,2026-06-12,,,,,,,,,,,,-0.9,,0.3,,,,,,,,,,,,,,,,,,,,,,,,,,,,,,0.0,0.0,5.0,NEUTRAL,,SMALL,,,,,,,,,,0.0
ADVENZYMES,,,,,,1.2,,,,2026-06-12,,,,,,,,,,,,-1.9,,0.0,,,,,,,,,,,,,,,,,,,,,,,,,,,,,,0.0,0.0,3.0,NEUTRAL,,SMALL,,,,,,,,,,0.0
AGI,,,,,,4.03,,,,2026-06-12,,,,,,,,,,,,0.1,,1.0,,,,,,,,,,,,,,,,,,,,,,,,,,,,,,0.0,0.0,13.0,NEUTRAL,,SMALL,,,,,,,,,,0.0
AIAENG,,,,,,-0.93,,,,2026-06-12,,,,,,,,,,,,-0.9,,0.0,,,,,,,,,,,,,,,,,,,,,,,,,,,,,,0.0,0.0,5.0,NEUTRAL,,LARGE,,,,,,,,,,0.0
ALIVUS,,,,,,3.89,,,,2026-06-12,,,,,,,,,,,,3.1,,0.9,,,,,,,,,,,,,,,,,,,,,,,,,,,,,,0.0,0.0,7.0,NEUTRAL,,MID,,,,,,,,,,0.0
ALKEM,,,,,,0.12,,,,2026-06-12,,,,,,,,,,,,3.1,,0.0,,,,,,,,,,,,,,,,,,,,,,,,,,,,,,0.0,0.0,4.0,NEUTRAL,,LARGE,,,,,,,,,,0.0
AMRUTANJAN,,,,,,-0.76,,,,2026-06-12,,,,,,,,,,,,3.1,,-25.1,,,,,,,,,,,,,,,,,,,,,,,,,,,,,,-40.0,0.0,4.0,NEGATIVE,,SMALL,,,,,,,,,,-1.0
ANANTRAJ,,,,,,3.06,,,,2026-06-12,,,,,,,,,,,,-0.4,,-25.5,,,,,,,,,,,,,,,,,,,,,,,,,,,,,,-40.0,0.0,5.0,NEGATIVE,,MID,,,,,,,,,,-1.0
APLLTD,,,,,,1.4,,,,2026-06-12,,,,,,,,,,,,3.1,,0.9,,,,,,,,,,,,,,,,,,,,,,,,,,,,,,0.0,0.0,7.0,NEUTRAL,,MID,,,,,,,,,,0.0
ARE&M,,,,,,2.29,,,,2026-06-12,,,,,,,,,,,,-0.9,,0.1,,,,,,,,,,,,,,,,,,,,,,,,,,,,,,0.0,0.0,3.0,NEUTRAL,,MID,,,,,,,,,,0.0
ARTEMISMED,,,,,,2.63,,,,2026-06-12,,,,,,,,,,,,-3.7,,-0.6,,,,,,,,,,,,,,,,,,,,,,,,,,,,,,0.0,0.0,0.0,NEUTRAL,,SMALL,,,,,,,,,,0.0
ASTRAMICRO,,,,,,2.45,,,,2026-06-12,,,,,,,,,,,,-2.4,,-0.2,,,,,,,,,,,,,,,,,,,,,,,,,,,,,,0.0,0.0,2.0,NEUTRAL,,MID,,,,,,,,,,0.0
AURIONPRO,,,,,,3.16,,,,2026-06-12,,,,,,,,,,,,-2.4,,0.0,,,,,,,,,,,,,,,,,,,,,,,,,,,,,,0.0,0.0,4.0,NEUTRAL,,SMALL,,,,,,,,,,0.0
AUTOAXLES,,,,,,0.9,,,,2026-06-12,,,,,,,,,,,,0.1,,0.4,,,,,,,,,,,,,,,,,,,,,,,,,,,,,,0.0,0.0,5.0,NEUTRAL,,SMALL,,,,,,,,,,0.0
BAJAJCON,,,,,,2.87,,,,2026-06-12,,,,,,,,,,,,0.2,,0.0,,,,,,,,,,,,,,,,,,,,,,,,,,,,,,0.0,0.0,0.0,NEUTRAL,,MID,,,,,,,,,,0.0
BASF,,,,,,1.86,,,,2026-06-12,,,,,,,,,,,,-1.9,,-0.3,,,,,,,,,,,,,,,,,,,,,,,,,,,,,,0.0,0.0,0.0,NEUTRAL,,MID,,,,,,,,,,0.0
BAYERCROP,,,,,,0.94,,,,2026-06-12,,,,,,,,,,,,-1.9,,-0.2,,,,,,,,,,,,,,,,,,,,,,,,,,,,,,0.0,0.0,1.0,NEUTRAL,,MID,,,,,,,,,,0.0
BBTC,,,,,,0.73,,,,2026-06-12,,,,,,,,,,,,0.2,,1.3,,,,,,,,,,,,,,,,,,,,,,,,,,,,,,0.0,0.0,16.0,NEUTRAL,,MID,,,,,,,,,,0.0
BECTORFOOD,,,,,,2.12,,,,2026-06-12,,,,,,,,,,,,0.2,,0.4,,,,,,,,,,,,,,,,,,,,,,,,,,,,,,0.0,0.0,5.0,NEUTRAL,,MID,,,,,,,,,,0.0
BEL,,,,,,0.22,,,,2026-06-12,,,,,,,,,,,,-0.9,,0.0,,,,,,,,,,,,,,,,,,,,,,,,,,,,,,0.0,0.0,6.0,NEUTRAL,,MEGA,,,,,,,,,,0.0
BERGEPAINT,,,,,,1.1,,,,2026-06-12,,,,,,,,,,,,-1.9,,0.0,,,,,,,,,,,,,,,,,,,,,,,,,,,,,,0.0,0.0,-3.0,NEUTRAL,,LARGE,,,,,,,,,,0.0
BIKAJI,,,,,,-0.09,,,,2026-06-12,,,,,,,,,,,,0.2,,0.2,,,,,,,,,,,,,,,,,,,,,,,,,,,,,,0.0,0.0,2.0,NEUTRAL,,MID,,,,,,,,,,0.0
BLISSGVS,,,,,,1.08,,,,2026-06-12,,,,,,,,,,,,3.1,,0.6,,,,,,,,,,,,,,,,,,,,,,,,,,,,,,0.0,0.0,3.0,NEUTRAL,,SMALL,,,,,,,,,,0.0
BLS,,,,,,2.08,,,,2026-06-12,,,,,,,,,,,,-0.9,,0.7,,,,,,,,,,,,,,,,,,,,,,,,,,,,,,0.0,0.0,10.0,NEUTRAL,,MID,,,,,,,,,,0.0
BLUESTARCO,,,,,,-0.19,,,,2026-06-12,,,,,,,,,,,,-0.9,,18.3,,,,,,,,,,,,,,,,,,,,,,,,,,,,,,40.0,0.0,2.0,NEUTRAL,,LARGE,,,,,,,,,,0.0
BRITANNIA,,,,,,-0.38,,,,2026-06-12,,,,,,,,,,,,0.2,,0.0,,,,,,,,,,,,,,,,,,,,,,,,,,,,,,0.0,0.3,6.0,NEUTRAL,,MEGA,,,,,,,,,,0.0
BSE,,,,,,0.41,,,,2026-06-12,,,,,,,,,,,,-2.9,,0.0,,,,,,,,,,,,,,,,,,,,,,,,,,,,,,0.0,2.1,3.0,NEUTRAL,,MEGA,,,,,,,,,,0.0
BSOFT,,,,,,-0.08,,,,2026-06-12,,,,,,,,,,,,-2.4,,-0.2,,,,,,,,,,,,,,,,,,,,,,,,,,,,,,0.0,0.0,2.0,NEUTRAL,,MID,,,,,,,,,,0.0
CAMPUS,,,,,,2.14,,,,2026-06-12,,,,,,,,,,,,0.1,,0.4,,,,,,,,,,,,,,,,,,,,,,,,,,,,,,0.0,0.0,5.0,NEUTRAL,,MID,,,,,,,,,,0.0
CAMS,,,,,,2.18,,,,2026-06-12,,,,,,,,,,,,-2.4,,-0.3,,,,,,,,,,,,,,,,,,,,,,,,,,,,,,0.0,0.0,1.0,NEUTRAL,,MID,,,,,,,,,,0.0
CAPLIPOINT,,,,,,1.31,,,,2026-06-12,,,,,,,,,,,,3.1,,0.7,,,,,,,,,,,,,,,,,,,,,,,,,,,,,,0.0,0.0,5.0,NEUTRAL,,MID,,,,,,,,,,0.0
CARERATING,,,,,,0.99,,,,2026-06-12,,,,,,,,,,,,-2.9,,-0.7,,,,,,,,,,,,,,,,,,,,,,,,,,,,,,0.0,0.0,-2.0,NEUTRAL,,SMALL,,,,,,,,,,0.0
CARYSIL,,,,,,0.91,,,,2026-06-12,,,,,,,,,,,,0.1,,0.4,,,,,,,,,,,,,,,,,,,,,,,,,,,,,,0.0,0.0,5.0,NEUTRAL,,SMALL,,,,,,,,,,0.0
CASTROLIND,,,,,,0.38,,,,2026-06-12,,,,,,,,,,,,-5.8,,-0.9,,,,,,,,,,,,,,,,,,,,,,,,,,,,,,0.0,0.0,0.0,NEUTRAL,,MID,,,,,,,,,,0.0
CIEINDIA,,,,,,2.28,,,,2026-06-12,,,,,,,,,,,,0.1,,0.0,,,,,,,,,,,,,,,,,,,,,,,,,,,,,,0.0,0.0,0.0,NEUTRAL,,MID,,,,,,,,,,0.0
COFORGE,,,,,,-1.65,,,,2026-06-12,,,,,,,,,,,,-2.4,,0.0,,,,,,,,,,,,,,,,,,,,,,,,,,,,,,0.0,0.0,0.0,NEUTRAL,,LARGE,,,,,,,,,,0.0
COLPAL,,,,,,1.38,,,,2026-06-12,,,,,,,,,,,,0.2,,0.0,,,,,,,,,,,,,,,,,,,,,,,,,,,,,,0.0,0.0,1.0,NEUTRAL,,LARGE,,,,,,,,,,0.0
CRISIL,,,,,,-0.05,,,,2026-06-12,,,,,,,,,,,,-2.9,,0.0,,,,,,,,,,,,,,,,,,,,,,,,,,,,,,0.0,0.0,-2.0,NEUTRAL,,LARGE,,,,,,,,,,0.0
CUMMINSIND,,,,,,1.09,,,,2026-06-12,,,,,,,,,,,,-0.9,,0.0,,,,,,,,,,,,,,,,,,,,,,,,,,,,,,0.0,0.0,3.0,NEUTRAL,,MEGA,,,,,,,,,,0.0
DABUR,,,,,,0.04,,,,2026-06-12,,,,,,,,,,,,0.2,,0.0,,,,,,,,,,,,,,,,,,,,,,,,,,,,,,0.0,0.0,3.0,NEUTRAL,,LARGE,,,,,,,,,,0.0
DBCORP,,,,,,0.68,,,,2026-06-12,,,,,,,,,,,,0.6,,1.2,,,,,,,,,,,,,,,,,,,,,,,,,,,,,,0.0,0.0,15.0,NEUTRAL,,SMALL,,,,,,,,,,0.0
DHANUKA,,,,,,2.5,,,,2026-06-12,,,,,,,,,,,,-1.9,,0.3,,,,,,,,,,,,,,,,,,,,,,,,,,,,,,0.0,0.0,7.0,NEUTRAL,,SMALL,,,,,,,,,,0.0
DIXON,,,,,,-0.57,,,,2026-06-12,,,,,,,,,,,,-2.4,,0.0,,,,,,,,,,,,,,,,,,,,,,,,,,,,,,0.0,0.0,8.0,NEUTRAL,,LARGE,,,,,,,,,,0.0
DOLLAR,,,,,,0.57,,,,2026-06-12,,,,,,,,,,,,0.1,,0.9,,,,,,,,,,,,,,,,,,,,,,,,,,,,,,0.0,0.0,11.0,NEUTRAL,,SMALL,,,,,,,,,,0.0
ECLERX,,,,,,-0.51,,,,2026-06-12,,,,,,,,,,,,-2.4,,0.7,,,,,,,,,,,,,,,,,,,,,,,,,,,,,,0.0,0.0,12.0,NEUTRAL,,MID,,,,,,,,,,0.0
EICHERMOT,,,,,,1.1,,,,2026-06-12,,,,,,,,,,,,0.1,,0.0,,,,,,,,,,,,,,,,,,,,,,,,,,,,,,0.0,0.0,3.0,NEUTRAL,,MEGA,,,,,,,,,,0.0
ELLEN,,,,,,4.71,,,,2026-06-12,,,,,,,,,,,,-1.9,,0.1,,,,,,,,,,,,,,,,,,,,,,,,,,,,,,0.0,0.0,4.0,NEUTRAL,,SMALL,,,,,,,,,,0.0
EMUDHRA,,,,,,-0.51,,,,2026-06-12,,,,,,,,,,,,-2.4,,-0.2,,,,,,,,,,,,,,,,,,,,,,,,,,,,,,0.0,0.0,2.0,NEUTRAL,,SMALL,,,,,,,,,,0.0
ENDURANCE,,,,,,-0.62,,,,2026-06-12,,,,,,,,,,,,0.1,,0.0,,,,,,,,,,,,,,,,,,,,,,,,,,,,,,0.0,0.0,5.0,NEUTRAL,,LARGE,,,,,,,,,,0.0
ESCORTS,,,,,,0.4,,,,2026-06-12,,,,,,,,,,,,-0.9,,0.0,,,,,,,,,,,,,,,,,,,,,,,,,,,,,,0.0,0.0,5.0,NEUTRAL,,LARGE,,,,,,,,,,0.0
FDC,,,,,,2.14,,,,2026-06-12,,,,,,,,,,,,3.1,,-25.2,,,,,,,,,,,,,,,,,,,,,,,,,,,,,,-40.0,0.0,3.0,NEGATIVE,,MID,,,,,,,,,,-1.0
FIEMIND,,,,,,1.69,,,,2026-06-12,,,,,,,,,,,,0.1,,0.4,,,,,,,,,,,,,,,,,,,,,,,,,,,,,,0.0,0.0,5.0,NEUTRAL,,MID,,,,,,,,,,0.0
FINCABLES,,,,,,1.25,,,,2026-06-12,,,,,,,,,,,,-0.9,,0.6,,,,,,,,,,,,,,,,,,,,,,,,,,,,,,0.0,0.0,9.0,NEUTRAL,,MID,,,,,,,,,,0.0
FORCEMOT,,,,,,1.13,,,,2026-06-12,,,,,,,,,,,,0.1,,0.0,,,,,,,,,,,,,,,,,,,,,,,,,,,,,,0.0,0.0,8.0,NEUTRAL,,LARGE,,,,,,,,,,0.0
GESHIP,,,,,,-1.22,,,,2026-06-12,,,,,,,,,,,,-0.9,,0.7,,,,,,,,,,,,,,,,,,,,,,,,,,,,,,0.0,0.0,10.0,NEUTRAL,,MID,,,,,,,,,,0.0
GILLETTE,,,,,,0.41,,,,2026-06-12,,,,,,,,,,,,0.2,,0.0,,,,,,,,,,,,,,,,,,,,,,,,,,,,,,0.0,0.0,4.0,NEUTRAL,,LARGE,,,,,,,,,,0.0
GLAXO,,,,,,-0.48,,,,2026-06-12,,,,,,,,,,,,3.1,,0.0,,,,,,,,,,,,,,,,,,,,,,,,,,,,,,0.0,0.0,4.0,NEUTRAL,,LARGE,,,,,,,,,,0.0
GODREJCP,,,,,,1.26,,,,2026-06-12,,,,,,,,,,,,0.2,,0.0,,,,,,,,,,,,,,,,,,,,,,,,,,,,,,0.0,0.0,0.0,NEUTRAL,,MEGA,,,,,,,,,,0.0
GPIL,,,,,,0.29,,,,2026-06-12,,,,,,,,,,,,-1.9,,0.1,,,,,,,,,,,,,,,,,,,,,,,,,,,,,,0.0,0.0,4.0,NEUTRAL,,MID,,,,,,,,,,0.0
GPPL,,,,,,1.23,,,,2026-06-12,,,,,,,,,,,,-0.9,,0.9,,,,,,,,,,,,,,,,,,,,,,,,,,,,,,0.0,0.0,13.0,NEUTRAL,,MID,,,,,,,,,,0.0
GRANULES,,,,,,-0.55,,,,2026-06-12,,,,,,,,,,,,3.1,,0.9,,,,,,,,,,,,,,,,,,,,,,,,,,,,,,0.0,0.0,7.0,NEUTRAL,,MID,,,,,,,,,,0.0
GRINDWELL,,,,,,1.31,,,,2026-06-12,,,,,,,,,,,,-0.9,,0.0,,,,,,,,,,,,,,,,,,,,,,,,,,,,,,0.0,0.0,-6.0,NEUTRAL,,LARGE,,,,,,,,,,0.0
GRSE,,,,,,2.9,,,,2026-06-12,,,,,,,,,,,,-0.9,,0.0,,,,,,,,,,,,,,,,,,,,,,,,,,,,,,0.0,0.0,4.0,NEUTRAL,,LARGE,,,,,,,,,,0.0
HAL,,,,,,0.18,,,,2026-06-12,,,,,,,,,,,,-0.9,,0.0,,,,,,,,,,,,,,,,,,,,,,,,,,,,,,0.0,0.0,6.0,NEUTRAL,,MEGA,,,,,,,,,,0.0
HARSHA,,,,,,1.34,,,,2026-06-12,,,,,,,,,,,,-0.9,,0.4,,,,,,,,,,,,,,,,,,,,,,,,,,,,,,0.0,0.0,7.0,NEUTRAL,,SMALL,,,,,,,,,,0.0
HAVELLS,,,,,,1.09,,,,2026-06-12,,,,,,,,,,,,-0.9,,0.0,,,,,,,,,,,,,,,,,,,,,,,,,,,,,,0.0,0.0,-2.0,NEUTRAL,,LARGE,,,,,,,,,,0.0
HAWKINCOOK,,,,,,0.9,,,,2026-06-12,,,,,,,,,,,,0.1,,0.1,,,,,,,,,,,,,,,,,,,,,,,,,,,,,,0.0,0.0,1.0,NEUTRAL,,SMALL,,,,,,,,,,0.0
HCLTECH,,,,,,-0.44,,,,2026-06-12,,,,,,,,,,,,-2.4,,0.0,,,,,,,,,,,,,,,,,,,,,,,,,,,,,,0.0,0.0,7.0,NEUTRAL,,MEGA,,,,,,,,,,0.0
HEROMOTOCO,,,,,,1.57,,,,2026-06-12,,,,,,,,,,,,0.1,,0.0,,,,,,,,,,,,,,,,,,,,,,,,,,,,,,0.0,0.0,7.0,NEUTRAL,,LARGE,,,,,,,,,,0.0
HEXT,,,,,,-1.62,,,,2026-06-12,,,,,,,,,,,,-2.4,,0.0,,,,,,,,,,,,,,,,,,,,,,,,,,,,,,0.0,0.0,10.0,NEUTRAL,,LARGE,,,,,,,,,,0.0
HINDCOPPER,,,,,,1.88,,,,2026-06-12,,,,,,,,,,,,-1.9,,0.0,,,,,,,,,,,,,,,,,,,,,,,,,,,,,,0.0,0.0,0.0,NEUTRAL,,LARGE,,,,,,,,,,0.0
HINDUNILVR,,,,,,0.54,,,,2026-06-12,,,,,,,,,,,,0.2,,0.0,,,,,,,,,,,,,,,,,,,,,,,,,,,,,,0.0,0.0,1.0,NEUTRAL,,MEGA,,,,,,,,,,0.0
ICICIGI,,,,,,-2.18,,,,2026-06-12,,,,,,,,,,,,-2.9,,0.0,,,,,,,,,,,,,,,,,,,,,,,,,,,,,,0.0,0.0,5.0,NEUTRAL,,LARGE,,,,,,,,,,0.0
IEX,,,,,,1.73,,,,2026-06-12,,,,,,,,,,,,-2.9,,0.3,,,,,,,,,,,,,,,,,,,,,,,,,,,,,,0.0,0.0,8.0,NEUTRAL,,MID,,,,,,,,,,0.0
IFBIND,,,,,,3.86,,,,2026-06-12,,,,,,,,,,,,0.1,,0.2,,,,,,,,,,,,,,,,,,,,,,,,,,,,,,0.0,0.0,2.0,NEUTRAL,,MID,,,,,,,,,,0.0
INDIGOPNTS,,,,,,1.41,,,,2026-06-12,,,,,,,,,,,,-1.9,,0.2,,,,,,,,,,,,,,,,,,,,,,,,,,,,,,0.0,0.0,5.0,NEUTRAL,,SMALL,,,,,,,,,,0.0
INFY,,,,,,0.19,,,,2026-06-12,,,,,,,,,,,,-2.4,,0.0,,,,,,,,,,,,,,,,,,,,,,,,,,,,,,0.0,0.0,10.0,NEUTRAL,,MEGA,,,,,,,,,,0.0
IPCALAB,,,,,,-0.99,,,,2026-06-12,,,,,,,,,,,,3.1,,0.0,,,,,,,,,,,,,,,,,,,,,,,,,,,,,,0.0,0.0,0.0,NEUTRAL,,LARGE,,,,,,,,,,0.0
KAJARIACER,,,,,,0.44,,,,2026-06-12,,,,,,,,,,,,-0.9,,-26.4,,,,,,,,,,,,,,,,,,,,,,,,,,,,,,-40.0,0.0,-2.0,NEGATIVE,,MID,,,,,,,,,,-1.0
KIRLPNU,,,,,,0.62,,,,2026-06-12,,,,,,,,,,,,-0.9,,0.5,,,,,,,,,,,,,,,,,,,,,,,,,,,,,,0.0,0.0,8.0,NEUTRAL,,MID,,,,,,,,,,0.0
KKCL,,,,,,1.03,,,,2026-06-12,,,,,,,,,,,,0.1,,0.6,,,,,,,,,,,,,,,,,,,,,,,,,,,,,,0.0,0.0,7.0,NEUTRAL,,SMALL,,,,,,,,,,0.0
KMEW,,,,,,1.79,,,,2026-06-12,,,,,,,,,,,,-0.9,,-0.3,,,,,,,,,,,,,,,,,,,,,,,,,,,,,,0.0,0.0,-1.0,NEUTRAL,,SMALL,,,,,,,,,,0.0
KPRMILL,,,,,,1.04,,,,2026-06-12,,,,,,,,,,,,0.1,,0.0,,,,,,,,,,,,,,,,,,,,,,,,,,,,,,0.0,0.0,-2.0,NEUTRAL,,LARGE,,,,,,,,,,0.0
LICI,,,,,,0.37,,,,2026-06-12,,,,,,,,,,,,-2.9,,0.0,,,,,,,,,,,,,,,,,,,,,,,,,,,,,,0.0,0.0,11.0,NEUTRAL,,MEGA,,,,,,,,,,0.0
LODHA,,,,,,1.99,,,,2026-06-12,,,,,,,,,,,,-0.4,,0.0,,,,,,,,,,,,,,,,,,,,,,,,,,,,,,0.0,0.0,7.0,NEUTRAL,,LARGE,,,,,,,,,,0.0
LTM,,,,,,-0.05,,,,2026-06-12,,,,,,,,,,,,-2.4,,0.0,,,,,,,,,,,,,,,,,,,,,,,,,,,,,,0.0,0.0,5.0,NEUTRAL,,MEGA,,,,,,,,,,0.0
LTTS,,,,,,0.91,,,,2026-06-12,,,,,,,,,,,,-2.4,,0.0,,,,,,,,,,,,,,,,,,,,,,,,,,,,,,0.0,0.0,-2.0,NEUTRAL,,LARGE,,,,,,,,,,0.0
LUPIN,,,,,,0.61,,,,2026-06-12,,,,,,,,,,,,3.1,,0.0,,,,,,,,,,,,,,,,,,,,,,,,,,,,,,0.0,91.2,12.0,NEUTRAL,,MEGA,,,,,,,,,,0.0
MAPMYINDIA,,,,,,-0.38,,,,2026-06-12,,,,,,,,,,,,-2.4,,-0.1,,,,,,,,,,,,,,,,,,,,,,,,,,,,,,0.0,0.0,3.0,NEUTRAL,,SMALL,,,,,,,,,,0.0
MARKSANS,,,,,,0.6,,,,2026-06-12,,,,,,,,,,,,3.1,,0.9,,,,,,,,,,,,,,,,,,,,,,,,,,,,,,0.0,0.0,7.0,NEUTRAL,,MID,,,,,,,,,,0.0
MASTEK,,,,,,-0.45,,,,2026-06-12,,,,,,,,,,,,-2.4,,0.7,,,,,,,,,,,,,,,,,,,,,,,,,,,,,,0.0,0.0,13.0,NEUTRAL,,SMALL,,,,,,,,,,0.0
MAXHEALTH,,,,,,0.08,,,,2026-06-12,,,,,,,,,,,,3.1,,0.0,,,,,,,,,,,,,,,,,,,,,,,,,,,,,,0.0,0.0,2.0,NEUTRAL,,LARGE,,,,,,,,,,0.0
MAZDOCK,,,,,,1.34,,,,2026-06-12,,,,,,,,,,,,-0.9,,0.0,,,,,,,,,,,,,,,,,,,,,,,,,,,,,,0.0,0.0,3.0,NEUTRAL,,LARGE,,,,,,,,,,0.0
MCX,,,,,,0.8,,,,2026-06-12,,,,,,,,,,,,-2.9,,0.0,,,,,,,,,,,,,,,,,,,,,,,,,,,,,,0.0,-32.1,5.0,NEUTRAL,,LARGE,,,,,,,,,,0.0
MEDANTA,,,,,,-0.24,,,,2026-06-12,,,,,,,,,,,,3.1,,0.0,,,,,,,,,,,,,,,,,,,,,,,,,,,,,,0.0,89.1,2.0,NEUTRAL,,LARGE,,,,,,,,,,0.0
MODIS,,,,,,0.26,,,,2026-06-12,,,,,,,,,,,,-0.4,,0.3,,,,,,,,,,,,,,,,,,,,,,,,,,,,,,0.0,0.0,4.0,NEUTRAL,,SMALL,,,,,,,,,,0.0
MPHASIS,,,,,,-0.48,,,,2026-06-12,,,,,,,,,,,,-2.4,,0.0,,,,,,,,,,,,,,,,,,,,,,,,,,,,,,0.0,0.0,7.0,NEUTRAL,,LARGE,,,,,,,,,,0.0
MSUMI,,,,,,0.27,,,,2026-06-12,,,,,,,,,,,,0.1,,0.0,,,,,,,,,,,,,,,,,,,,,,,,,,,,,,0.0,0.0,8.0,NEUTRAL,,LARGE,,,,,,,,,,0.0
NAM-INDIA,,,,,,2.14,,,,2026-06-12,,,,,,,,,,,,-2.9,,0.0,,,,,,,,,,,,,,,,,,,,,,,,,,,,,,0.0,0.0,4.0,NEUTRAL,,LARGE,,,,,,,,,,0.0
NESCO,,,,,,-0.72,,,,2026-06-12,,,,,,,,,,,,-0.9,,0.2,,,,,,,,,,,,,,,,,,,,,,,,,,,,,,0.0,0.0,4.0,NEUTRAL,,MID,,,,,,,,,,0.0
NESTLEIND,,,,,,-0.39,,,,2026-06-12,,,,,,,,,,,,0.2,,0.0,,,,,,,,,,,,,,,,,,,,,,,,,,,,,,0.0,0.0,0.0,NEUTRAL,,MEGA,,,,,,,,,,0.0
NEWGEN,,,,,,1.55,,,,2026-06-12,,,,,,,,,,,,-2.4,,-0.2,,,,,,,,,,,,,,,,,,,,,,,,,,,,,,0.0,0.0,2.0,NEUTRAL,,MID,,,,,,,,,,0.0
NMDC,,,,,,2.19,,,,2026-06-12,,,,,,,,,,,,-1.9,,0.0,,,,,,,,,,,,,,,,,,,,,,,,,,,,,,0.0,0.0,15.0,NEUTRAL,,LARGE,,,,,,,,,,0.0
OBEROIRLTY,,,,,,0.45,,,,2026-06-12,,,,,,,,,,,,-0.4,,0.0,,,,,,,,,,,,,,,,,,,,,,,,,,,,,,0.0,0.0,9.0,NEUTRAL,,LARGE,,,,,,,,,,0.0
OFSS,,,,,,-1.06,,,,2026-06-12,,,,,,,,,,,,-2.4,,0.0,,,,,,,,,,,,,,,,,,,,,,,,,,,,,,0.0,0.0,8.0,NEUTRAL,,LARGE,,,,,,,,,,0.0
ONGC,,,,,,-3.57,,,,2026-06-12,,,,,,,,,,,,-5.8,,0.0,,,,,,,,,,,,,,,,,,,,,,,,,,,,,,0.0,-3.4,15.0,NEUTRAL,,MEGA,,,,,,,,,,0.0
ORIENTELEC,,,,,,0.84,,,,2026-06-12,,,,,,,,,,,,0.1,,0.6,,,,,,,,,,,,,,,,,,,,,,,,,,,,,,0.0,0.0,7.0,NEUTRAL,,SMALL,,,,,,,,,,0.0
PARAGMILK,,,,,,1.83,,,,2026-06-12,,,,,,,,,,,,0.2,,0.6,,,,,,,,,,,,,,,,,,,,,,,,,,,,,,0.0,0.0,7.0,NEUTRAL,,SMALL,,,,,,,,,,0.0
PATANJALI,,,,,,2.43,,,,2026-06-12,,,,,,,,,,,,0.2,,0.0,,,,,,,,,,,,,,,,,,,,,,,,,,,,,,0.0,1.9,7.0,NEUTRAL,,LARGE,,,,,,,,,,0.0
PGHL,,,,,,1.5,,,,2026-06-12,,,,,,,,,,,,3.1,,0.7,,,,,,,,,,,,,,,,,,,,,,,,,,,,,,0.0,0.0,4.0,NEUTRAL,,MID,,,,,,,,,,0.0
POWERMECH,,,,,,7.08,,,,2026-06-12,,,,,,,,,,,,-0.9,,0.6,,,,,,,,,,,,,,,,,,,,,,,,,,,,,,0.0,0.0,9.0,NEUTRAL,,MID,,,,,,,,,,0.0
PRICOLLTD,,,,,,0.32,,,,2026-06-12,,,,,,,,,,,,0.1,,0.6,,,,,,,,,,,,,,,,,,,,,,,,,,,,,,0.0,0.0,8.0,NEUTRAL,,MID,,,,,,,,,,0.0
PRUDENT,,,,,,2.07,,,,2026-06-12,,,,,,,,,,,,-2.9,,-0.5,,,,,,,,,,,,,,,,,,,,,,,,,,,,,,0.0,0.0,0.0,NEUTRAL,,MID,,,,,,,,,,0.0
QUESS,,,,,,0.57,,,,2026-06-12,,,,,,,,,,,,-0.9,,0.6,,,,,,,,,,,,,,,,,,,,,,,,,,,,,,0.0,0.0,9.0,NEUTRAL,,SMALL,,,,,,,,,,0.0
REDINGTON,,,,,,0.87,,,,2026-06-12,,,,,,,,,,,,-2.4,,-25.0,,,,,,,,,,,,,,,,,,,,,,,,,,,,,,-40.0,0.0,13.0,NEGATIVE,,MID,,,,,,,,,,-1.0
ROSSARI,,,,,,2.19,,,,2026-06-12,,,,,,,,,,,,-1.9,,0.3,,,,,,,,,,,,,,,,,,,,,,,,,,,,,,0.0,0.0,7.0,NEUTRAL,,SMALL,,,,,,,,,,0.0
RPGLIFE,,,,,,1.07,,,,2026-06-12,,,,,,,,,,,,3.1,,0.6,,,,,,,,,,,,,,,,,,,,,,,,,,,,,,0.0,0.0,3.0,NEUTRAL,,SMALL,,,,,,,,,,0.0
SARDAEN,,,,,,-2.01,,,,2026-06-12,,,,,,,,,,,,-1.9,,0.5,,,,,,,,,,,,,,,,,,,,,,,,,,,,,,0.0,0.0,9.0,NEUTRAL,,MID,,,,,,,,,,0.0
SAREGAMA,,,,,,1.66,,,,2026-06-12,,,,,,,,,,,,0.6,,-0.1,,,,,,,,,,,,,,,,,,,,,,,,,,,,,,0.0,0.0,-2.0,NEUTRAL,,MID,,,,,,,,,,0.0
SCI,,,,,,1.38,,,,2026-06-12,,,,,,,,,,,,-0.9,,0.9,,,,,,,,,,,,,,,,,,,,,,,,,,,,,,0.0,0.0,13.0,NEUTRAL,,MID,,,,,,,,,,0.0
SEAMECLTD,,,,,,-1.64,,,,2026-06-12,,,,,,,,,,,,-0.9,,0.6,,,,,,,,,,,,,,,,,,,,,,,,,,,,,,0.0,0.0,9.0,NEUTRAL,,SMALL,,,,,,,,,,0.0
SHARDACROP,,,,,,2.61,,,,2026-06-12,,,,,,,,,,,,-1.9,,0.6,,,,,,,,,,,,,,,,,,,,,,,,,,,,,,0.0,0.0,11.0,NEUTRAL,,MID,,,,,,,,,,0.0
SHARDAMOTR,,,,,,0.89,,,,2026-06-12,,,,,,,,,,,,0.1,,0.6,,,,,,,,,,,,,,,,,,,,,,,,,,,,,,0.0,0.0,8.0,NEUTRAL,,SMALL,,,,,,,,,,0.0
SOMANYCERA,,,,,,3.29,,,,2026-06-12,,,,,,,,,,,,-0.9,,-25.8,,,,,,,,,,,,,,,,,,,,,,,,,,,,,,-40.0,0.0,3.0,NEGATIVE,,SMALL,,,,,,,,,,-1.0
SSWL,,,,,,0.97,,,,2026-06-12,,,,,,,,,,,,0.1,,0.8,,,,,,,,,,,,,,,,,,,,,,,,,,,,,,0.0,0.0,10.0,NEUTRAL,,SMALL,,,,,,,,,,0.0
STYLAMIND,,,,,,3.38,,,,2026-06-12,,,,,,,,,,,,0.1,,0.0,,,,,,,,,,,,,,,,,,,,,,,,,,,,,,0.0,0.0,0.0,NEUTRAL,,MID,,,,,,,,,,0.0
SUBROS,,,,,,0.98,,,,2026-06-12,,,,,,,,,,,,0.1,,0.2,,,,,,,,,,,,,,,,,,,,,,,,,,,,,,0.0,0.0,2.0,NEUTRAL,,SMALL,,,,,,,,,,0.0
SUNDRMFAST,,,,,,1.08,,,,2026-06-12,,,,,,,,,,,,0.1,,0.4,,,,,,,,,,,,,,,,,,,,,,,,,,,,,,0.0,0.0,5.0,NEUTRAL,,MID,,,,,,,,,,0.0
SUPRIYA,,,,,,4.96,,,,2026-06-12,,,,,,,,,,,,3.1,,-25.0,,,,,,,,,,,,,,,,,,,,,,,,,,,,,,-40.0,0.0,5.0,NEGATIVE,,MID,,,,,,,,,,-1.0
SWARAJENG,,,,,,0.23,,,,2026-06-12,,,,,,,,,,,,0.1,,0.6,,,,,,,,,,,,,,,,,,,,,,,,,,,,,,0.0,0.0,8.0,NEUTRAL,,SMALL,,,,,,,,,,0.0
TCI,,,,,,0.37,,,,2026-06-12,,,,,,,,,,,,-0.9,,0.6,,,,,,,,,,,,,,,,,,,,,,,,,,,,,,0.0,0.0,9.0,NEUTRAL,,MID,,,,,,,,,,0.0
TCS,,,,,,0.66,,,,2026-06-12,,,,,,,,,,,,-2.4,,0.0,,,,,,,,,,,,,,,,,,,,,,,,,,,,,,0.0,-23.5,10.0,NEUTRAL,,MEGA,,,,,,,,,,0.0
TECHM,,,,,,-2.32,,,,2026-06-12,,,,,,,,,,,,-2.4,,0.0,,,,,,,,,,,,,,,,,,,,,,,,,,,,,,0.0,0.0,2.0,NEUTRAL,,MEGA,,,,,,,,,,0.0
TIIL,,,,,,-0.21,,,,2026-06-12,,,,,,,,,,,,-0.9,,0.4,,,,,,,,,,,,,,,,,,,,,,,,,,,,,,0.0,0.0,7.0,NEUTRAL,,MID,,,,,,,,,,0.0
TIMETECHNO,,,,,,1.97,,,,2026-06-12,,,,,,,,,,,,0.1,,0.7,,,,,,,,,,,,,,,,,,,,,,,,,,,,,,0.0,0.0,9.0,NEUTRAL,,MID,,,,,,,,,,0.0
TIPSMUSIC,,,,,,-0.11,,,,2026-06-12,,,,,,,,,,,,0.6,,0.4,,,,,,,,,,,,,,,,,,,,,,,,,,,,,,0.0,0.0,4.0,NEUTRAL,,MID,,,,,,,,,,0.0
TRENT,,,,,,0.64,,,,2026-06-12,,,,,,,,,,,,0.1,,0.0,,,,,,,,,,,,,,,,,,,,,,,,,,,,,,0.0,0.0,5.0,NEUTRAL,,MEGA,,,,,,,,,,0.0
TRITURBINE,,,,,,3.46,,,,2026-06-12,,,,,,,,,,,,-0.9,,0.0,,,,,,,,,,,,,,,,,,,,,,,,,,,,,,0.0,0.0,0.0,NEUTRAL,,LARGE,,,,,,,,,,0.0
ULTRACEMCO,,,,,,0.75,,,,2026-06-12,,,,,,,,,,,,-1.9,,0.0,,,,,,,,,,,,,,,,,,,,,,,,,,,,,,0.0,0.0,5.0,NEUTRAL,,MEGA,,,,,,,,,,0.0
USHAMART,,,,,,0.84,,,,2026-06-12,,,,,,,,,,,,-1.9,,-0.1,,,,,,,,,,,,,,,,,,,,,,,,,,,,,,0.0,0.0,2.0,NEUTRAL,,MID,,,,,,,,,,0.0
VAIBHAVGBL,,,,,,3.03,,,,2026-06-12,,,,,,,,,,,,0.1,,0.8,,,,,,,,,,,,,,,,,,,,,,,,,,,,,,0.0,0.0,10.0,NEUTRAL,,SMALL,,,,,,,,,,0.0
VBL,,,,,,-0.04,,,,2026-06-12,,,,,,,,,,,,0.2,,0.0,,,,,,,,,,,,,,,,,,,,,,,,,,,,,,0.0,0.0,0.0,NEUTRAL,,MEGA,,,,,,,,,,0.0
VENUSPIPES,,,,,,2.22,,,,2026-06-12,,,,,,,,,,,,-1.9,,0.3,,,,,,,,,,,,,,,,,,,,,,,,,,,,,,0.0,0.0,7.0,NEUTRAL,,SMALL,,,,,,,,,,0.0
VGUARD,,,,,,1.01,,,,2026-06-12,,,,,,,,,,,,-0.9,,-0.1,,,,,,,,,,,,,,,,,,,,,,,,,,,,,,0.0,0.0,0.0,NEUTRAL,,MID,,,,,,,,,,0.0
VISHNU,,,,,,1.81,,,,2026-06-12,,,,,,,,,,,,-1.9,,0.3,,,,,,,,,,,,,,,,,,,,,,,,,,,,,,0.0,0.0,7.0,NEUTRAL,,SMALL,,,,,,,,,,0.0
WABAG,,,,,,1.45,,,,2026-06-12,,,,,,,,,,,,-0.9,,-25.7,,,,,,,,,,,,,,,,,,,,,,,,,,,,,,-40.0,0.0,4.0,NEGATIVE,,MID,,,,,,,,,,-1.0
WELCORP,,,,,,0.48,,,,2026-06-12,,,,,,,,,,,,-1.9,,0.0,,,,,,,,,,,,,,,,,,,,,,,,,,,,,,0.0,0.0,9.0,NEUTRAL,,LARGE,,,,,,,,,,0.0
ZENSARTECH,,,,,,0.43,,,,2026-06-12,,,,,,,,,,,,-2.4,,18.5,,,,,,,,,,,,,,,,,,,,,,,,,,,,,,40.0,0.0,8.0,NEUTRAL,,MID,,,,,,,,,,0.0
ZYDUSLIFE,,,,,,0.96,,,,2026-06-12,,,,,,,,,,,,3.1,,0.0,,,,,,,,,,,,,,,,,,,,,,,,,,,,,,0.0,0.0,9.0,NEUTRAL,,MEGA,,,,,,,,,,0.0
ABBOTINDIA,,,,,,1.04,,,,2026-06-12,,,,,,,,,,,,3.1,,0.0,,,,,,,,,,,,,,,,,,,,,,,,,,,,,,0.0,0.0,1.0,NEUTRAL,,LARGE,,,,,,,,,,0.0
ADFFOODS,,,,,,2.7,,,,2026-06-12,,,,,,,,,,,,0.2,,0.0,,,,,,,,,,,,,,,,,,,,,,,,,,,,,,0.0,0.0,0.0,NEUTRAL,,SMALL,,,,,,,,,,0.0
ADOR,,,,,,2.96,,,,2026-06-12,,,,,,,,,,,,-0.9,,0.3,,,,,,,,,,,,,,,,,,,,,,,,,,,,,,0.0,0.0,5.0,NEUTRAL,,SMALL,,,,,,,,,,0.0
ADVENZYMES,,,,,,1.2,,,,2026-06-12,,,,,,,,,,,,-1.9,,0.0,,,,,,,,,,,,,,,,,,,,,,,,,,,,,,0.0,0.0,3.0,NEUTRAL,,SMALL,,,,,,,,,,0.0
AGI,,,,,,4.03,,,,2026-06-12,,,,,,,,,,,,0.1,,1.0,,,,,,,,,,,,,,,,,,,,,,,,,,,,,,0.0,0.0,13.0,NEUTRAL,,SMALL,,,,,,,,,,0.0
AIAENG,,,,,,-0.93,,,,2026-06-12,,,,,,,,,,,,-0.9,,0.0,,,,,,,,,,,,,,,,,,,,,,,,,,,,,,0.0,0.0,5.0,NEUTRAL,,LARGE,,,,,,,,,,0.0
ALIVUS,,,,,,3.89,,,,2026-06-12,,,,,,,,,,,,3.1,,0.9,,,,,,,,,,,,,,,,,,,,,,,,,,,,,,0.0,0.0,7.0,NEUTRAL,,MID,,,,,,,,,,0.0
ALKEM,,,,,,0.12,,,,2026-06-12,,,,,,,,,,,,3.1,,0.0,,,,,,,,,,,,,,,,,,,,,,,,,,,,,,0.0,0.0,4.0,NEUTRAL,,LARGE,,,,,,,,,,0.0
AMRUTANJAN,,,,,,-0.76,,,,2026-06-12,,,,,,,,,,,,3.1,,-25.1,,,,,,,,,,,,,,,,,,,,,,,,,,,,,,-40.0,0.0,4.0,NEGATIVE,,SMALL,,,,,,,,,,-1.0
ANANTRAJ,,,,,,3.06,,,,2026-06-12,,,,,,,,,,,,-0.4,,-25.5,,,,,,,,,,,,,,,,,,,,,,,,,,,,,,-40.0,0.0,5.0,NEGATIVE,,MID,,,,,,,,,,-1.0
APLLTD,,,,,,1.4,,,,2026-06-12,,,,,,,,,,,,3.1,,0.9,,,,,,,,,,,,,,,,,,,,,,,,,,,,,,0.0,0.0,7.0,NEUTRAL,,MID,,,,,,,,,,0.0
ARE&M,,,,,,2.29,,,,2026-06-12,,,,,,,,,,,,-0.9,,0.1,,,,,,,,,,,,,,,,,,,,,,,,,,,,,,0.0,0.0,3.0,NEUTRAL,,MID,,,,,,,,,,0.0
ARTEMISMED,,,,,,2.63,,,,2026-06-12,,,,,,,,,,,,-3.7,,-0.6,,,,,,,,,,,,,,,,,,,,,,,,,,,,,,0.0,0.0,0.0,NEUTRAL,,SMALL,,,,,,,,,,0.0
ASTRAMICRO,,,,,,2.45,,,,2026-06-12,,,,,,,,,,,,-2.4,,-0.2,,,,,,,,,,,,,,,,,,,,,,,,,,,,,,0.0,0.0,2.0,NEUTRAL,,MID,,,,,,,,,,0.0
AURIONPRO,,,,,,3.16,,,,2026-06-12,,,,,,,,,,,,-2.4,,0.0,,,,,,,,,,,,,,,,,,,,,,,,,,,,,,0.0,0.0,4.0,NEUTRAL,,SMALL,,,,,,,,,,0.0
AUTOAXLES,,,,,,0.9,,,,2026-06-12,,,,,,,,,,,,0.1,,0.4,,,,,,,,,,,,,,,,,,,,,,,,,,,,,,0.0,0.0,5.0,NEUTRAL,,SMALL,,,,,,,,,,0.0
BAJAJCON,,,,,,2.87,,,,2026-06-12,,,,,,,,,,,,0.2,,0.0,,,,,,,,,,,,,,,,,,,,,,,,,,,,,,0.0,0.0,0.0,NEUTRAL,,MID,,,,,,,,,,0.0
BASF,,,,,,1.86,,,,2026-06-12,,,,,,,,,,,,-1.9,,-0.3,,,,,,,,,,,,,,,,,,,,,,,,,,,,,,0.0,0.0,0.0,NEUTRAL,,MID,,,,,,,,,,0.0
BAYERCROP,,,,,,0.94,,,,2026-06-12,,,,,,,,,,,,-1.9,,-0.2,,,,,,,,,,,,,,,,,,,,,,,,,,,,,,0.0,0.0,1.0,NEUTRAL,,MID,,,,,,,,,,0.0
BBTC,,,,,,0.73,,,,2026-06-12,,,,,,,,,,,,0.2,,1.3,,,,,,,,,,,,,,,,,,,,,,,,,,,,,,0.0,0.0,16.0,NEUTRAL,,MID,,,,,,,,,,0.0
BECTORFOOD,,,,,,2.12,,,,2026-06-12,,,,,,,,,,,,0.2,,0.4,,,,,,,,,,,,,,,,,,,,,,,,,,,,,,0.0,0.0,5.0,NEUTRAL,,MID,,,,,,,,,,0.0
BEL,,,,,,0.22,,,,2026-06-12,,,,,,,,,,,,-0.9,,0.0,,,,,,,,,,,,,,,,,,,,,,,,,,,,,,0.0,0.0,6.0,NEUTRAL,,MEGA,,,,,,,,,,0.0
BERGEPAINT,,,,,,1.1,,,,2026-06-12,,,,,,,,,,,,-1.9,,0.0,,,,,,,,,,,,,,,,,,,,,,,,,,,,,,0.0,0.0,-3.0,NEUTRAL,,LARGE,,,,,,,,,,0.0
BIKAJI,,,,,,-0.09,,,,2026-06-12,,,,,,,,,,,,0.2,,0.2,,,,,,,,,,,,,,,,,,,,,,,,,,,,,,0.0,0.0,2.0,NEUTRAL,,MID,,,,,,,,,,0.0
BLISSGVS,,,,,,1.08,,,,2026-06-12,,,,,,,,,,,,3.1,,0.6,,,,,,,,,,,,,,,,,,,,,,,,,,,,,,0.0,0.0,3.0,NEUTRAL,,SMALL,,,,,,,,,,0.0
BLS,,,,,,2.08,,,,2026-06-12,,,,,,,,,,,,-0.9,,0.7,,,,,,,,,,,,,,,,,,,,,,,,,,,,,,0.0,0.0,10.0,NEUTRAL,,MID,,,,,,,,,,0.0
BLUESTARCO,,,,,,-0.19,,,,2026-06-12,,,,,,,,,,,,-0.9,,18.3,,,,,,,,,,,,,,,,,,,,,,,,,,,,,,40.0,0.0,2.0,NEUTRAL,,LARGE,,,,,,,,,,0.0
BRITANNIA,,,,,,-0.38,,,,2026-06-12,,,,,,,,,,,,0.2,,0.0,,,,,,,,,,,,,,,,,,,,,,,,,,,,,,0.0,-1.7,6.0,NEUTRAL,,MEGA,,,,,,,,,,0.0
BSE,,,,,,0.41,,,,2026-06-12,,,,,,,,,,,,-2.9,,0.0,,,,,,,,,,,,,,,,,,,,,,,,,,,,,,0.0,2.1,3.0,NEUTRAL,,MEGA,,,,,,,,,,0.0
BSOFT,,,,,,-0.08,,,,2026-06-12,,,,,,,,,,,,-2.4,,-0.2,,,,,,,,,,,,,,,,,,,,,,,,,,,,,,0.0,0.0,2.0,NEUTRAL,,MID,,,,,,,,,,0.0
CAMPUS,,,,,,2.14,,,,2026-06-12,,,,,,,,,,,,0.1,,0.4,,,,,,,,,,,,,,,,,,,,,,,,,,,,,,0.0,0.0,5.0,NEUTRAL,,MID,,,,,,,,,,0.0
CAMS,,,,,,2.18,,,,2026-06-12,,,,,,,,,,,,-2.4,,-0.3,,,,,,,,,,,,,,,,,,,,,,,,,,,,,,0.0,0.0,1.0,NEUTRAL,,MID,,,,,,,,,,0.0
CAPLIPOINT,,,,,,1.31,,,,2026-06-12,,,,,,,,,,,,3.1,,0.7,,,,,,,,,,,,,,,,,,,,,,,,,,,,,,0.0,0.0,5.0,NEUTRAL,,MID,,,,,,,,,,0.0
CARERATING,,,,,,0.99,,,,2026-06-12,,,,,,,,,,,,-2.9,,-1.0,,,,,,,,,,,,,,,,,,,,,,,,,,,,,,0.0,-0.7,-2.0,NEUTRAL,,SMALL,,,,,,,,,,0.0
CARYSIL,,,,,,0.91,,,,2026-06-12,,,,,,,,,,,,0.1,,0.4,,,,,,,,,,,,,,,,,,,,,,,,,,,,,,0.0,0.0,5.0,NEUTRAL,,SMALL,,,,,,,,,,0.0
CASTROLIND,,,,,,0.38,,,,2026-06-12,,,,,,,,,,,,-5.8,,-0.9,,,,,,,,,,,,,,,,,,,,,,,,,,,,,,0.0,0.0,0.0,NEUTRAL,,MID,,,,,,,,,,0.0
CIEINDIA,,,,,,2.28,,,,2026-06-12,,,,,,,,,,,,0.1,,0.0,,,,,,,,,,,,,,,,,,,,,,,,,,,,,,0.0,0.0,0.0,NEUTRAL,,MID,,,,,,,,,,0.0
COFORGE,,,,,,-1.65,,,,2026-06-12,,,,,,,,,,,,-2.4,,0.0,,,,,,,,,,,,,,,,,,,,,,,,,,,,,,0.0,0.0,0.0,NEUTRAL,,LARGE,,,,,,,,,,0.0
COLPAL,,,,,,1.38,,,,2026-06-12,,,,,,,,,,,,0.2,,0.0,,,,,,,,,,,,,,,,,,,,,,,,,,,,,,0.0,0.0,1.0,NEUTRAL,,LARGE,,,,,,,,,,0.0
CRISIL,,,,,,-0.05,,,,2026-06-12,,,,,,,,,,,,-2.9,,0.0,,,,,,,,,,,,,,,,,,,,,,,,,,,,,,0.0,3.5,-2.0,NEUTRAL,,LARGE,,,,,,,,,,0.0
CUMMINSIND,,,,,,1.09,,,,2026-06-12,,,,,,,,,,,,-0.9,,0.0,,,,,,,,,,,,,,,,,,,,,,,,,,,,,,0.0,0.0,3.0,NEUTRAL,,MEGA,,,,,,,,,,0.0
DABUR,,,,,,0.04,,,,2026-06-12,,,,,,,,,,,,0.2,,0.0,,,,,,,,,,,,,,,,,,,,,,,,,,,,,,0.0,-0.2,3.0,NEUTRAL,,LARGE,,,,,,,,,,0.0
DBCORP,,,,,,0.68,,,,2026-06-12,,,,,,,,,,,,0.6,,1.2,,,,,,,,,,,,,,,,,,,,,,,,,,,,,,0.0,0.0,15.0,NEUTRAL,,SMALL,,,,,,,,,,0.0
DHANUKA,,,,,,2.5,,,,2026-06-12,,,,,,,,,,,,-1.9,,0.3,,,,,,,,,,,,,,,,,,,,,,,,,,,,,,0.0,0.0,7.0,NEUTRAL,,SMALL,,,,,,,,,,0.0
DIXON,,,,,,-0.57,,,,2026-06-12,,,,,,,,,,,,-2.4,,0.0,,,,,,,,,,,,,,,,,,,,,,,,,,,,,,0.0,0.0,8.0,NEUTRAL,,LARGE,,,,,,,,,,0.0
DOLLAR,,,,,,0.57,,,,2026-06-12,,,,,,,,,,,,0.1,,-16.8,,,,,,,,,,,,,,,,,,,,,,,,,,,,,,0.0,-45.1,11.0,NEUTRAL,,SMALL,,,,,,,,,,0.0
ECLERX,,,,,,-0.51,,,,2026-06-12,,,,,,,,,,,,-2.4,,0.7,,,,,,,,,,,,,,,,,,,,,,,,,,,,,,0.0,0.0,12.0,NEUTRAL,,MID,,,,,,,,,,0.0
EICHERMOT,,,,,,1.1,,,,2026-06-12,,,,,,,,,,,,0.1,,0.0,,,,,,,,,,,,,,,,,,,,,,,,,,,,,,0.0,0.0,3.0,NEUTRAL,,MEGA,,,,,,,,,,0.0
ELLEN,,,,,,4.71,,,,2026-06-12,,,,,,,,,,,,-1.9,,0.1,,,,,,,,,,,,,,,,,,,,,,,,,,,,,,0.0,0.0,4.0,NEUTRAL,,SMALL,,,,,,,,,,0.0
EMUDHRA,,,,,,-0.51,,,,2026-06-12,,,,,,,,,,,,-2.4,,-0.2,,,,,,,,,,,,,,,,,,,,,,,,,,,,,,0.0,0.0,2.0,NEUTRAL,,SMALL,,,,,,,,,,0.0
ENDURANCE,,,,,,-0.62,,,,2026-06-12,,,,,,,,,,,,0.1,,0.0,,,,,,,,,,,,,,,,,,,,,,,,,,,,,,0.0,0.0,5.0,NEUTRAL,,LARGE,,,,,,,,,,0.0
ESCORTS,,,,,,0.4,,,,2026-06-12,,,,,,,,,,,,-0.9,,0.0,,,,,,,,,,,,,,,,,,,,,,,,,,,,,,0.0,0.0,5.0,NEUTRAL,,LARGE,,,,,,,,,,0.0
FDC,,,,,,2.14,,,,2026-06-12,,,,,,,,,,,,3.1,,-25.2,,,,,,,,,,,,,,,,,,,,,,,,,,,,,,-40.0,0.0,3.0,NEGATIVE,,MID,,,,,,,,,,-1.0
FIEMIND,,,,,,1.69,,,,2026-06-12,,,,,,,,,,,,0.1,,0.4,,,,,,,,,,,,,,,,,,,,,,,,,,,,,,0.0,0.0,5.0,NEUTRAL,,MID,,,,,,,,,,0.0
FINCABLES,,,,,,1.25,,,,2026-06-12,,,,,,,,,,,,-0.9,,0.6,,,,,,,,,,,,,,,,,,,,,,,,,,,,,,0.0,0.0,9.0,NEUTRAL,,MID,,,,,,,,,,0.0
FORCEMOT,,,,,,1.13,,,,2026-06-12,,,,,,,,,,,,0.1,,0.0,,,,,,,,,,,,,,,,,,,,,,,,,,,,,,0.0,0.0,8.0,NEUTRAL,,LARGE,,,,,,,,,,0.0
GESHIP,,,,,,-1.22,,,,2026-06-12,,,,,,,,,,,,-0.9,,0.7,,,,,,,,,,,,,,,,,,,,,,,,,,,,,,0.0,0.0,10.0,NEUTRAL,,MID,,,,,,,,,,0.0
GILLETTE,,,,,,0.41,,,,2026-06-12,,,,,,,,,,,,0.2,,0.0,,,,,,,,,,,,,,,,,,,,,,,,,,,,,,0.0,0.0,4.0,NEUTRAL,,LARGE,,,,,,,,,,0.0
GLAXO,,,,,,-0.48,,,,2026-06-12,,,,,,,,,,,,3.1,,0.0,,,,,,,,,,,,,,,,,,,,,,,,,,,,,,0.0,0.0,4.0,NEUTRAL,,LARGE,,,,,,,,,,0.0
GODREJCP,,,,,,1.26,,,,2026-06-12,,,,,,,,,,,,0.2,,0.0,,,,,,,,,,,,,,,,,,,,,,,,,,,,,,0.0,0.0,0.0,NEUTRAL,,MEGA,,,,,,,,,,0.0
GPIL,,,,,,0.29,,,,2026-06-12,,,,,,,,,,,,-1.9,,0.1,,,,,,,,,,,,,,,,,,,,,,,,,,,,,,0.0,0.0,4.0,NEUTRAL,,MID,,,,,,,,,,0.0
GPPL,,,,,,1.23,,,,2026-06-12,,,,,,,,,,,,-0.9,,0.9,,,,,,,,,,,,,,,,,,,,,,,,,,,,,,0.0,0.0,13.0,NEUTRAL,,MID,,,,,,,,,,0.0
GRANULES,,,,,,-0.55,,,,2026-06-12,,,,,,,,,,,,3.1,,0.9,,,,,,,,,,,,,,,,,,,,,,,,,,,,,,0.0,0.0,7.0,NEUTRAL,,MID,,,,,,,,,,0.0
GRINDWELL,,,,,,1.31,,,,2026-06-12,,,,,,,,,,,,-0.9,,0.0,,,,,,,,,,,,,,,,,,,,,,,,,,,,,,0.0,0.0,-6.0,NEUTRAL,,LARGE,,,,,,,,,,0.0
GRSE,,,,,,2.9,,,,2026-06-12,,,,,,,,,,,,-0.9,,0.0,,,,,,,,,,,,,,,,,,,,,,,,,,,,,,0.0,0.0,4.0,NEUTRAL,,LARGE,,,,,,,,,,0.0
HAL,,,,,,0.18,,,,2026-06-12,,,,,,,,,,,,-0.9,,0.0,,,,,,,,,,,,,,,,,,,,,,,,,,,,,,0.0,0.0,6.0,NEUTRAL,,MEGA,,,,,,,,,,0.0
HARSHA,,,,,,1.34,,,,2026-06-12,,,,,,,,,,,,-0.9,,-0.1,,,,,,,,,,,,,,,,,,,,,,,,,,,,,,0.0,-1.8,7.0,NEUTRAL,,SMALL,,,,,,,,,,0.0
HAVELLS,,,,,,1.09,,,,2026-06-12,,,,,,,,,,,,-0.9,,0.0,,,,,,,,,,,,,,,,,,,,,,,,,,,,,,0.0,0.0,-2.0,NEUTRAL,,LARGE,,,,,,,,,,0.0
HAWKINCOOK,,,,,,0.9,,,,2026-06-12,,,,,,,,,,,,0.1,,0.1,,,,,,,,,,,,,,,,,,,,,,,,,,,,,,0.0,0.0,1.0,NEUTRAL,,SMALL,,,,,,,,,,0.0
HCLTECH,,,,,,-0.44,,,,2026-06-12,,,,,,,,,,,,-2.4,,0.0,,,,,,,,,,,,,,,,,,,,,,,,,,,,,,0.0,0.0,7.0,NEUTRAL,,MEGA,,,,,,,,,,0.0
HEROMOTOCO,,,,,,1.57,,,,2026-06-12,,,,,,,,,,,,0.1,,0.0,,,,,,,,,,,,,,,,,,,,,,,,,,,,,,0.0,0.0,7.0,NEUTRAL,,LARGE,,,,,,,,,,0.0
HEXT,,,,,,-1.62,,,,2026-06-12,,,,,,,,,,,,-2.4,,0.0,,,,,,,,,,,,,,,,,,,,,,,,,,,,,,0.0,0.0,10.0,NEUTRAL,,LARGE,,,,,,,,,,0.0
HINDCOPPER,,,,,,1.88,,,,2026-06-12,,,,,,,,,,,,-1.9,,0.0,,,,,,,,,,,,,,,,,,,,,,,,,,,,,,0.0,0.0,0.0,NEUTRAL,,LARGE,,,,,,,,,,0.0
HINDUNILVR,,,,,,0.54,,,,2026-06-12,,,,,,,,,,,,0.2,,0.0,,,,,,,,,,,,,,,,,,,,,,,,,,,,,,0.0,0.0,1.0,NEUTRAL,,MEGA,,,,,,,,,,0.0
ICICIGI,,,,,,-2.18,,,,2026-06-12,,,,,,,,,,,,-2.9,,0.0,,,,,,,,,,,,,,,,,,,,,,,,,,,,,,0.0,0.0,5.0,NEUTRAL,,LARGE,,,,,,,,,,0.0
IEX,,,,,,1.73,,,,2026-06-12,,,,,,,,,,,,-2.9,,0.3,,,,,,,,,,,,,,,,,,,,,,,,,,,,,,0.0,0.0,8.0,NEUTRAL,,MID,,,,,,,,,,0.0
IFBIND,,,,,,3.86,,,,2026-06-12,,,,,,,,,,,,0.1,,0.2,,,,,,,,,,,,,,,,,,,,,,,,,,,,,,0.0,0.0,2.0,NEUTRAL,,MID,,,,,,,,,,0.0
INDIGOPNTS,,,,,,1.41,,,,2026-06-12,,,,,,,,,,,,-1.9,,0.2,,,,,,,,,,,,,,,,,,,,,,,,,,,,,,0.0,0.0,5.0,NEUTRAL,,SMALL,,,,,,,,,,0.0
INFY,,,,,,0.19,,,,2026-06-12,,,,,,,,,,,,-2.4,,0.0,,,,,,,,,,,,,,,,,,,,,,,,,,,,,,0.0,0.0,10.0,NEUTRAL,,MEGA,,,,,,,,,,0.0
IPCALAB,,,,,,-0.99,,,,2026-06-12,,,,,,,,,,,,3.1,,0.0,,,,,,,,,,,,,,,,,,,,,,,,,,,,,,0.0,0.0,0.0,NEUTRAL,,LARGE,,,,,,,,,,0.0
KAJARIACER,,,,,,0.44,,,,2026-06-12,,,,,,,,,,,,-0.9,,-26.4,,,,,,,,,,,,,,,,,,,,,,,,,,,,,,-40.0,0.0,-2.0,NEGATIVE,,MID,,,,,,,,,,-1.0
KIRLPNU,,,,,,0.62,,,,2026-06-12,,,,,,,,,,,,-0.9,,0.5,,,,,,,,,,,,,,,,,,,,,,,,,,,,,,0.0,0.0,8.0,NEUTRAL,,MID,,,,,,,,,,0.0
KKCL,,,,,,1.03,,,,2026-06-12,,,,,,,,,,,,0.1,,0.6,,,,,,,,,,,,,,,,,,,,,,,,,,,,,,0.0,0.0,7.0,NEUTRAL,,SMALL,,,,,,,,,,0.0
KMEW,,,,,,1.79,,,,2026-06-12,,,,,,,,,,,,-0.9,,-0.3,,,,,,,,,,,,,,,,,,,,,,,,,,,,,,0.0,0.0,-1.0,NEUTRAL,,SMALL,,,,,,,,,,0.0
KPRMILL,,,,,,1.04,,,,2026-06-12,,,,,,,,,,,,0.1,,0.0,,,,,,,,,,,,,,,,,,,,,,,,,,,,,,0.0,0.0,-2.0,NEUTRAL,,LARGE,,,,,,,,,,0.0
LICI,,,,,,0.37,,,,2026-06-12,,,,,,,,,,,,-2.9,,0.0,,,,,,,,,,,,,,,,,,,,,,,,,,,,,,0.0,0.0,11.0,NEUTRAL,,MEGA,,,,,,,,,,0.0
LODHA,,,,,,1.99,,,,2026-06-12,,,,,,,,,,,,-0.4,,0.0,,,,,,,,,,,,,,,,,,,,,,,,,,,,,,0.0,0.0,7.0,NEUTRAL,,LARGE,,,,,,,,,,0.0
LTM,,,,,,-0.05,,,,2026-06-12,,,,,,,,,,,,-2.4,,0.0,,,,,,,,,,,,,,,,,,,,,,,,,,,,,,0.0,0.0,5.0,NEUTRAL,,MEGA,,,,,,,,,,0.0
LTTS,,,,,,0.91,,,,2026-06-12,,,,,,,,,,,,-2.4,,0.0,,,,,,,,,,,,,,,,,,,,,,,,,,,,,,0.0,0.0,-2.0,NEUTRAL,,LARGE,,,,,,,,,,0.0
LUPIN,,,,,,0.61,,,,2026-06-12,,,,,,,,,,,,3.1,,0.0,,,,,,,,,,,,,,,,,,,,,,,,,,,,,,0.0,91.2,12.0,NEUTRAL,,MEGA,,,,,,,,,,0.0
MAPMYINDIA,,,,,,-0.38,,,,2026-06-12,,,,,,,,,,,,-2.4,,-0.1,,,,,,,,,,,,,,,,,,,,,,,,,,,,,,0.0,0.0,3.0,NEUTRAL,,SMALL,,,,,,,,,,0.0
MARKSANS,,,,,,0.6,,,,2026-06-12,,,,,,,,,,,,3.1,,0.9,,,,,,,,,,,,,,,,,,,,,,,,,,,,,,0.0,0.0,7.0,NEUTRAL,,MID,,,,,,,,,,0.0
MASTEK,,,,,,-0.45,,,,2026-06-12,,,,,,,,,,,,-2.4,,0.7,,,,,,,,,,,,,,,,,,,,,,,,,,,,,,0.0,0.0,13.0,NEUTRAL,,SMALL,,,,,,,,,,0.0
MAXHEALTH,,,,,,0.08,,,,2026-06-12,,,,,,,,,,,,3.1,,0.0,,,,,,,,,,,,,,,,,,,,,,,,,,,,,,0.0,0.0,2.0,NEUTRAL,,LARGE,,,,,,,,,,0.0
MAZDOCK,,,,,,1.34,,,,2026-06-12,,,,,,,,,,,,-0.9,,0.0,,,,,,,,,,,,,,,,,,,,,,,,,,,,,,0.0,0.0,3.0,NEUTRAL,,LARGE,,,,,,,,,,0.0
MCX,,,,,,0.8,,,,2026-06-12,,,,,,,,,,,,-2.9,,0.0,,,,,,,,,,,,,,,,,,,,,,,,,,,,,,0.0,-3.9,5.0,NEUTRAL,,LARGE,,,,,,,,,,0.0
MEDANTA,,,,,,-0.24,,,,2026-06-12,,,,,,,,,,,,3.1,,0.0,,,,,,,,,,,,,,,,,,,,,,,,,,,,,,0.0,0.0,2.0,NEUTRAL,,LARGE,,,,,,,,,,0.0
MODIS,,,,,,0.26,,,,2026-06-12,,,,,,,,,,,,-0.4,,0.3,,,,,,,,,,,,,,,,,,,,,,,,,,,,,,0.0,0.0,4.0,NEUTRAL,,SMALL,,,,,,,,,,0.0
MPHASIS,,,,,,-0.48,,,,2026-06-12,,,,,,,,,,,,-2.4,,0.0,,,,,,,,,,,,,,,,,,,,,,,,,,,,,,0.0,0.0,7.0,NEUTRAL,,LARGE,,,,,,,,,,0.0
MSUMI,,,,,,0.27,,,,2026-06-12,,,,,,,,,,,,0.1,,0.0,,,,,,,,,,,,,,,,,,,,,,,,,,,,,,0.0,0.0,8.0,NEUTRAL,,LARGE,,,,,,,,,,0.0
NAM-INDIA,,,,,,2.14,,,,2026-06-12,,,,,,,,,,,,-2.9,,0.0,,,,,,,,,,,,,,,,,,,,,,,,,,,,,,0.0,0.0,4.0,NEUTRAL,,LARGE,,,,,,,,,,0.0
NESCO,,,,,,-0.72,,,,2026-06-12,,,,,,,,,,,,-0.9,,0.2,,,,,,,,,,,,,,,,,,,,,,,,,,,,,,0.0,0.0,4.0,NEUTRAL,,MID,,,,,,,,,,0.0
NESTLEIND,,,,,,-0.39,,,,2026-06-12,,,,,,,,,,,,0.2,,0.0,,,,,,,,,,,,,,,,,,,,,,,,,,,,,,0.0,0.0,0.0,NEUTRAL,,MEGA,,,,,,,,,,0.0
NEWGEN,,,,,,1.55,,,,2026-06-12,,,,,,,,,,,,-2.4,,-0.2,,,,,,,,,,,,,,,,,,,,,,,,,,,,,,0.0,0.0,2.0,NEUTRAL,,MID,,,,,,,,,,0.0
NMDC,,,,,,2.19,,,,2026-06-12,,,,,,,,,,,,-1.9,,0.0,,,,,,,,,,,,,,,,,,,,,,,,,,,,,,0.0,0.0,15.0,NEUTRAL,,LARGE,,,,,,,,,,0.0
OBEROIRLTY,,,,,,0.45,,,,2026-06-12,,,,,,,,,,,,-0.4,,0.0,,,,,,,,,,,,,,,,,,,,,,,,,,,,,,0.0,0.0,9.0,NEUTRAL,,LARGE,,,,,,,,,,0.0
OFSS,,,,,,-1.06,,,,2026-06-12,,,,,,,,,,,,-2.4,,0.0,,,,,,,,,,,,,,,,,,,,,,,,,,,,,,0.0,0.0,8.0,NEUTRAL,,LARGE,,,,,,,,,,0.0
ONGC,,,,,,-3.57,,,,2026-06-12,,,,,,,,,,,,-5.8,,0.0,,,,,,,,,,,,,,,,,,,,,,,,,,,,,,0.0,0.0,15.0,NEUTRAL,,MEGA,,,,,,,,,,0.0
ORIENTELEC,,,,,,0.84,,,,2026-06-12,,,,,,,,,,,,0.1,,0.6,,,,,,,,,,,,,,,,,,,,,,,,,,,,,,0.0,0.0,7.0,NEUTRAL,,SMALL,,,,,,,,,,0.0
PARAGMILK,,,,,,1.83,,,,2026-06-12,,,,,,,,,,,,0.2,,0.6,,,,,,,,,,,,,,,,,,,,,,,,,,,,,,0.0,0.0,7.0,NEUTRAL,,SMALL,,,,,,,,,,0.0
PATANJALI,,,,,,2.43,,,,2026-06-12,,,,,,,,,,,,0.2,,0.0,,,,,,,,,,,,,,,,,,,,,,,,,,,,,,0.0,1.9,7.0,NEUTRAL,,LARGE,,,,,,,,,,0.0
PGHL,,,,,,1.5,,,,2026-06-12,,,,,,,,,,,,3.1,,0.7,,,,,,,,,,,,,,,,,,,,,,,,,,,,,,0.0,0.0,4.0,NEUTRAL,,MID,,,,,,,,,,0.0
POWERMECH,,,,,,7.08,,,,2026-06-12,,,,,,,,,,,,-0.9,,0.6,,,,,,,,,,,,,,,,,,,,,,,,,,,,,,0.0,0.0,9.0,NEUTRAL,,MID,,,,,,,,,,0.0
PRICOLLTD,,,,,,0.32,,,,2026-06-12,,,,,,,,,,,,0.1,,0.6,,,,,,,,,,,,,,,,,,,,,,,,,,,,,,0.0,0.0,8.0,NEUTRAL,,MID,,,,,,,,,,0.0
PRUDENT,,,,,,2.07,,,,2026-06-12,,,,,,,,,,,,-2.9,,0.7,,,,,,,,,,,,,,,,,,,,,,,,,,,,,,0.0,3.5,0.0,NEUTRAL,,MID,,,,,,,,,,0.0
QUESS,,,,,,0.57,,,,2026-06-12,,,,,,,,,,,,-0.9,,0.6,,,,,,,,,,,,,,,,,,,,,,,,,,,,,,0.0,0.0,9.0,NEUTRAL,,SMALL,,,,,,,,,,0.0
REDINGTON,,,,,,0.87,,,,2026-06-12,,,,,,,,,,,,-2.4,,-25.0,,,,,,,,,,,,,,,,,,,,,,,,,,,,,,-40.0,0.0,13.0,NEGATIVE,,MID,,,,,,,,,,-1.0
ROSSARI,,,,,,2.19,,,,2026-06-12,,,,,,,,,,,,-1.9,,0.3,,,,,,,,,,,,,,,,,,,,,,,,,,,,,,0.0,0.0,7.0,NEUTRAL,,SMALL,,,,,,,,,,0.0
RPGLIFE,,,,,,1.07,,,,2026-06-12,,,,,,,,,,,,3.1,,0.6,,,,,,,,,,,,,,,,,,,,,,,,,,,,,,0.0,0.0,3.0,NEUTRAL,,SMALL,,,,,,,,,,0.0
SARDAEN,,,,,,-2.01,,,,2026-06-12,,,,,,,,,,,,-1.9,,0.5,,,,,,,,,,,,,,,,,,,,,,,,,,,,,,0.0,0.0,9.0,NEUTRAL,,MID,,,,,,,,,,0.0
SAREGAMA,,,,,,1.66,,,,2026-06-12,,,,,,,,,,,,0.6,,-0.1,,,,,,,,,,,,,,,,,,,,,,,,,,,,,,0.0,0.0,-2.0,NEUTRAL,,MID,,,,,,,,,,0.0
SCI,,,,,,1.38,,,,2026-06-12,,,,,,,,,,,,-0.9,,0.9,,,,,,,,,,,,,,,,,,,,,,,,,,,,,,0.0,0.0,13.0,NEUTRAL,,MID,,,,,,,,,,0.0
SEAMECLTD,,,,,,-1.64,,,,2026-06-12,,,,,,,,,,,,-0.9,,0.6,,,,,,,,,,,,,,,,,,,,,,,,,,,,,,0.0,0.0,9.0,NEUTRAL,,SMALL,,,,,,,,,,0.0
SHARDACROP,,,,,,2.61,,,,2026-06-12,,,,,,,,,,,,-1.9,,0.6,,,,,,,,,,,,,,,,,,,,,,,,,,,,,,0.0,0.0,11.0,NEUTRAL,,MID,,,,,,,,,,0.0
SHARDAMOTR,,,,,,0.89,,,,2026-06-12,,,,,,,,,,,,0.1,,0.6,,,,,,,,,,,,,,,,,,,,,,,,,,,,,,0.0,0.0,8.0,NEUTRAL,,SMALL,,,,,,,,,,0.0
SOMANYCERA,,,,,,3.29,,,,2026-06-12,,,,,,,,,,,,-0.9,,-25.8,,,,,,,,,,,,,,,,,,,,,,,,,,,,,,-40.0,0.0,3.0,NEGATIVE,,SMALL,,,,,,,,,,-1.0
SSWL,,,,,,0.97,,,,2026-06-12,,,,,,,,,,,,0.1,,0.8,,,,,,,,,,,,,,,,,,,,,,,,,,,,,,0.0,0.0,10.0,NEUTRAL,,SMALL,,,,,,,,,,0.0
STYLAMIND,,,,,,3.38,,,,2026-06-12,,,,,,,,,,,,0.1,,0.0,,,,,,,,,,,,,,,,,,,,,,,,,,,,,,0.0,0.0,0.0,NEUTRAL,,MID,,,,,,,,,,0.0
SUBROS,,,,,,0.98,,,,2026-06-12,,,,,,,,,,,,0.1,,0.2,,,,,,,,,,,,,,,,,,,,,,,,,,,,,,0.0,0.0,2.0,NEUTRAL,,SMALL,,,,,,,,,,0.0
SUNDRMFAST,,,,,,1.08,,,,2026-06-12,,,,,,,,,,,,0.1,,0.4,,,,,,,,,,,,,,,,,,,,,,,,,,,,,,0.0,0.0,5.0,NEUTRAL,,MID,,,,,,,,,,0.0
SUPRIYA,,,,,,4.96,,,,2026-06-12,,,,,,,,,,,,3.1,,-25.0,,,,,,,,,,,,,,,,,,,,,,,,,,,,,,-40.0,0.0,5.0,NEGATIVE,,MID,,,,,,,,,,-1.0
SWARAJENG,,,,,,0.23,,,,2026-06-12,,,,,,,,,,,,0.1,,0.6,,,,,,,,,,,,,,,,,,,,,,,,,,,,,,0.0,0.0,8.0,NEUTRAL,,SMALL,,,,,,,,,,0.0
TCI,,,,,,0.37,,,,2026-06-12,,,,,,,,,,,,-0.9,,0.6,,,,,,,,,,,,,,,,,,,,,,,,,,,,,,0.0,0.0,9.0,NEUTRAL,,MID,,,,,,,,,,0.0
TCS,,,,,,0.66,,,,2026-06-12,,,,,,,,,,,,-2.4,,0.0,,,,,,,,,,,,,,,,,,,,,,,,,,,,,,0.0,-39.4,10.0,NEUTRAL,,MEGA,,,,,,,,,,0.0
TECHM,,,,,,-2.32,,,,2026-06-12,,,,,,,,,,,,-2.4,,0.0,,,,,,,,,,,,,,,,,,,,,,,,,,,,,,0.0,0.0,2.0,NEUTRAL,,MEGA,,,,,,,,,,0.0
TIIL,,,,,,-0.21,,,,2026-06-12,,,,,,,,,,,,-0.9,,0.4,,,,,,,,,,,,,,,,,,,,,,,,,,,,,,0.0,0.0,7.0,NEUTRAL,,MID,,,,,,,,,,0.0
TIMETECHNO,,,,,,1.97,,,,2026-06-12,,,,,,,,,,,,0.1,,0.7,,,,,,,,,,,,,,,,,,,,,,,,,,,,,,0.0,0.0,9.0,NEUTRAL,,MID,,,,,,,,,,0.0
TIPSMUSIC,,,,,,-0.11,,,,2026-06-12,,,,,,,,,,,,0.6,,0.4,,,,,,,,,,,,,,,,,,,,,,,,,,,,,,0.0,0.0,4.0,NEUTRAL,,MID,,,,,,,,,,0.0
TRENT,,,,,,0.64,,,,2026-06-12,,,,,,,,,,,,0.1,,0.0,,,,,,,,,,,,,,,,,,,,,,,,,,,,,,0.0,0.0,5.0,NEUTRAL,,MEGA,,,,,,,,,,0.0
TRITURBINE,,,,,,3.46,,,,2026-06-12,,,,,,,,,,,,-0.9,,0.0,,,,,,,,,,,,,,,,,,,,,,,,,,,,,,0.0,0.0,0.0,NEUTRAL,,LARGE,,,,,,,,,,0.0
ULTRACEMCO,,,,,,0.75,,,,2026-06-12,,,,,,,,,,,,-1.9,,0.0,,,,,,,,,,,,,,,,,,,,,,,,,,,,,,0.0,0.0,5.0,NEUTRAL,,MEGA,,,,,,,,,,0.0
USHAMART,,,,,,0.84,,,,2026-06-12,,,,,,,,,,,,-1.9,,-0.1,,,,,,,,,,,,,,,,,,,,,,,,,,,,,,0.0,0.0,2.0,NEUTRAL,,MID,,,,,,,,,,0.0
VAIBHAVGBL,,,,,,3.03,,,,2026-06-12,,,,,,,,,,,,0.1,,0.8,,,,,,,,,,,,,,,,,,,,,,,,,,,,,,0.0,0.0,10.0,NEUTRAL,,SMALL,,,,,,,,,,0.0
VBL,,,,,,-0.04,,,,2026-06-12,,,,,,,,,,,,0.2,,0.0,,,,,,,,,,,,,,,,,,,,,,,,,,,,,,0.0,0.0,0.0,NEUTRAL,,MEGA,,,,,,,,,,0.0
VENUSPIPES,,,,,,2.22,,,,2026-06-12,,,,,,,,,,,,-1.9,,0.3,,,,,,,,,,,,,,,,,,,,,,,,,,,,,,0.0,0.0,7.0,NEUTRAL,,SMALL,,,,,,,,,,0.0
VGUARD,,,,,,1.01,,,,2026-06-12,,,,,,,,,,,,-0.9,,-0.1,,,,,,,,,,,,,,,,,,,,,,,,,,,,,,0.0,0.0,0.0,NEUTRAL,,MID,,,,,,,,,,0.0
VISHNU,,,,,,1.81,,,,2026-06-12,,,,,,,,,,,,-1.9,,0.3,,,,,,,,,,,,,,,,,,,,,,,,,,,,,,0.0,0.0,7.0,NEUTRAL,,SMALL,,,,,,,,,,0.0
WABAG,,,,,,1.45,,,,2026-06-12,,,,,,,,,,,,-0.9,,-25.7,,,,,,,,,,,,,,,,,,,,,,,,,,,,,,-40.0,0.0,4.0,NEGATIVE,,MID,,,,,,,,,,-1.0
WELCORP,,,,,,0.48,,,,2026-06-12,,,,,,,,,,,,-1.9,,0.0,,,,,,,,,,,,,,,,,,,,,,,,,,,,,,0.0,0.0,9.0,NEUTRAL,,LARGE,,,,,,,,,,0.0
ZENSARTECH,,,,,,0.43,,,,2026-06-12,,,,,,,,,,,,-2.4,,18.5,,,,,,,,,,,,,,,,,,,,,,,,,,,,,,40.0,0.0,8.0,NEUTRAL,,MID,,,,,,,,,,0.0
ZYDUSLIFE,,,,,,0.96,,,,2026-06-12,,,,,,,,,,,,3.1,,0.0,,,,,,,,,,,,,,,,,,,,,,,,,,,,,,0.0,0.0,9.0,NEUTRAL,,MEGA,,,,,,,,,,0.0
AIAENG,,,,,,-0.93,,,,2026-06-15,,,,,,,,,,,,4.3,,0.0,,,,,,,,,,,,,,,,,,,,,,,,,,,,,,0.0,0.0,5.0,NEUTRAL,,LARGE,,,,,,,,,,0.0
AFFLE,,,,,,3.37,,,,2026-06-15,,,,,,,,,,,,1.9,,0.0,,,,,,,,,,,,,,,,,,,,,,,,,,,,,,0.0,0.0,2.0,NEUTRAL,,LARGE,,,,,,,,,,0.0
APARINDS,,,,,,4.78,,,,2026-06-15,,,,,,,,,,,,4.3,,0.0,,,,,,,,,,,,,,,,,,,,,,,,,,,,,,0.0,0.0,2.0,NEUTRAL,,LARGE,,,,,,,,,,0.0
ASIANPAINT,,,,,,-0.05,,,,2026-06-15,,,,,,,,,,,,-0.6,,0.0,,,,,,,,,,,,,,,,,,,,,,,,,,,,,,0.0,0.0,2.0,NEUTRAL,,MEGA,,,,,,,,,,0.0
BLS,,,,,,2.08,,,,2026-06-15,,,,,,,,,,,,4.3,,1.8,,,,,,,,,,,,,,,,,,,,,,,,,,,,,,0.0,0.0,10.0,NEUTRAL,,MID,,,,,,,,,,0.0
BSE,,,,,,0.41,,,,2026-06-15,,,,,,,,,,,,-6.2,,0.0,,,,,,,,,,,,,,,,,,,,,,,,,,,,,,0.0,12.4,3.0,NEUTRAL,,MEGA,,,,,,,,,,0.0
BEL,,,,,,0.22,,,,2026-06-15,,,,,,,,,,,,4.3,,0.0,,,,,,,,,,,,,,,,,,,,,,,,,,,,,,0.0,0.0,6.0,NEUTRAL,,MEGA,,,,,,,,,,0.0
BIKAJI,,,,,,-0.09,,,,2026-06-15,,,,,,,,,,,,-1.3,,0.0,,,,,,,,,,,,,,,,,,,,,,,,,,,,,,0.0,0.0,2.0,NEUTRAL,,MID,,,,,,,,,,0.0
BLUESTARCO,,,,,,-0.19,,,,2026-06-15,,,,,,,,,,,,4.3,,26.9,,,,,,,,,,,,,,,,,,,,,,,,,,,,,,40.0,0.0,2.0,POSITIVE,,LARGE,,,,,,,,,,1.0
BRITANNIA,,,,,,-0.38,,,,2026-06-15,,,,,,,,,,,,-1.3,,0.0,,,,,,,,,,,,,,,,,,,,,,,,,,,,,,0.0,0.0,6.0,NEUTRAL,,MEGA,,,,,,,,,,0.0
CAPLIPOINT,,,,,,1.31,,,,2026-06-15,,,,,,,,,,,,2.2,,0.9,,,,,,,,,,,,,,,,,,,,,,,,,,,,,,0.0,0.0,5.0,NEUTRAL,,MID,,,,,,,,,,0.0
CEMPRO,,,,,,5.0,,,,2026-06-15,,,,,,,,,,,,4.3,,0.0,,,,,,,,,,,,,,,,,,,,,,,,,,,,,,0.0,0.0,8.0,NEUTRAL,,LARGE,,,,,,,,,,0.0
DOMS,,,,,,-0.92,,,,2026-06-15,,,,,,,,,,,,4.3,,1.2,,,,,,,,,,,,,,,,,,,,,,,,,,,,,,0.0,0.0,5.0,NEUTRAL,,MID,,,,,,,,,,0.0
DIXON,,,,,,-0.57,,,,2026-06-15,,,,,,,,,,,,-1.3,,0.0,,,,,,,,,,,,,,,,,,,,,,,,,,,,,,0.0,0.0,8.0,NEUTRAL,,LARGE,,,,,,,,,,0.0
ELGIEQUIP,,,,,,1.3,,,,2026-06-15,,,,,,,,,,,,4.3,,1.6,,,,,,,,,,,,,,,,,,,,,,,,,,,,,,0.0,0.0,8.0,NEUTRAL,,MID,,,,,,,,,,0.0
ENDURANCE,,,,,,-0.62,,,,2026-06-15,,,,,,,,,,,,3.4,,0.0,,,,,,,,,,,,,,,,,,,,,,,,,,,,,,0.0,0.0,5.0,NEUTRAL,,LARGE,,,,,,,,,,0.0
GABRIEL,,,,,,11.42,,,,2026-06-15,,,,,,,,,,,,3.4,,0.0,,,,,,,,,,,,,,,,,,,,,,,,,,,,,,0.0,0.0,2.0,NEUTRAL,,LARGE,,,,,,,,,,0.0
MEDANTA,,,,,,-0.24,,,,2026-06-15,,,,,,,,,,,,2.2,,0.0,,,,,,,,,,,,,,,,,,,,,,,,,,,,,,0.0,0.0,2.0,NEUTRAL,,LARGE,,,,,,,,,,0.0
GRANULES,,,,,,-0.55,,,,2026-06-15,,,,,,,,,,,,2.2,,1.1,,,,,,,,,,,,,,,,,,,,,,,,,,,,,,0.0,0.0,7.0,NEUTRAL,,MID,,,,,,,,,,0.0
GRAVITA,,,,,,3.66,,,,2026-06-15,,,,,,,,,,,,4.3,,1.5,,,,,,,,,,,,,,,,,,,,,,,,,,,,,,0.0,0.0,7.0,NEUTRAL,,MID,,,,,,,,,,0.0
HSCL,,,,,,-0.15,,,,2026-06-15,,,,,,,,,,,,-0.6,,0.0,,,,,,,,,,,,,,,,,,,,,,,,,,,,,,0.0,0.0,5.0,NEUTRAL,,LARGE,,,,,,,,,,0.0
HINDZINC,,,,,,1.47,,,,2026-06-15,,,,,,,,,,,,-0.6,,0.0,,,,,,,,,,,,,,,,,,,,,,,,,,,,,,0.0,0.0,10.0,NEUTRAL,,MEGA,,,,,,,,,,0.0
INDHOTEL,,,,,,1.95,,,,2026-06-15,,,,,,,,,,,,3.4,,0.0,,,,,,,,,,,,,,,,,,,,,,,,,,,,,,0.0,0.0,5.0,NEUTRAL,,LARGE,,,,,,,,,,0.0
JSL,,,,,,1.81,,,,2026-06-15,,,,,,,,,,,,-0.6,,0.0,,,,,,,,,,,,,,,,,,,,,,,,,,,,,,0.0,0.0,7.0,NEUTRAL,,LARGE,,,,,,,,,,0.0
KPIL,,,,,,0.57,,,,2026-06-15,,,,,,,,,,,,4.3,,0.0,,,,,,,,,,,,,,,,,,,,,,,,,,,,,,0.0,0.0,9.0,NEUTRAL,,LARGE,,,,,,,,,,0.0
LODHA,,,,,,1.99,,,,2026-06-15,,,,,,,,,,,,-1.8,,0.0,,,,,,,,,,,,,,,,,,,,,,,,,,,,,,0.0,0.0,7.0,NEUTRAL,,LARGE,,,,,,,,,,0.0
LUPIN,,,,,,0.61,,,,2026-06-15,,,,,,,,,,,,2.2,,0.0,,,,,,,,,,,,,,,,,,,,,,,,,,,,,,0.0,0.0,12.0,NEUTRAL,,MEGA,,,,,,,,,,0.0
MRF,,,,,,3.41,,,,2026-06-15,,,,,,,,,,,,3.4,,0.0,,,,,,,,,,,,,,,,,,,,,,,,,,,,,,0.0,0.0,9.0,NEUTRAL,,LARGE,,,,,,,,,,0.0
MANKIND,,,,,,0.28,,,,2026-06-15,,,,,,,,,,,,2.2,,0.0,,,,,,,,,,,,,,,,,,,,,,,,,,,,,,0.0,0.0,2.0,NEUTRAL,,LARGE,,,,,,,,,,0.0
MARICO,,,,,,-0.93,,,,2026-06-15,,,,,,,,,,,,-1.3,,0.0,,,,,,,,,,,,,,,,,,,,,,,,,,,,,,0.0,0.0,5.0,NEUTRAL,,MEGA,,,,,,,,,,0.0
MAXHEALTH,,,,,,0.08,,,,2026-06-15,,,,,,,,,,,,2.2,,0.0,,,,,,,,,,,,,,,,,,,,,,,,,,,,,,0.0,0.0,2.0,NEUTRAL,,MEGA,,,,,,,,,,0.0
MSUMI,,,,,,0.27,,,,2026-06-15,,,,,,,,,,,,3.4,,0.0,,,,,,,,,,,,,,,,,,,,,,,,,,,,,,0.0,0.0,6.0,NEUTRAL,,LARGE,,,,,,,,,,0.0
MPHASIS,,,,,,-0.48,,,,2026-06-15,,,,,,,,,,,,-1.3,,0.0,,,,,,,,,,,,,,,,,,,,,,,,,,,,,,0.0,0.0,7.0,NEUTRAL,,LARGE,,,,,,,,,,0.0
MCX,,,,,,0.8,,,,2026-06-15,,,,,,,,,,,,-6.2,,0.0,,,,,,,,,,,,,,,,,,,,,,,,,,,,,,0.0,23.4,5.0,NEUTRAL,,LARGE,,,,,,,,,,0.0
NMDC,,,,,,2.19,,,,2026-06-15,,,,,,,,,,,,-0.6,,0.0,,,,,,,,,,,,,,,,,,,,,,,,,,,,,,0.0,0.0,15.0,NEUTRAL,,LARGE,,,,,,,,,,0.0
NATIONALUM,,,,,,1.57,,,,2026-06-15,,,,,,,,,,,,-0.6,,0.0,,,,,,,,,,,,,,,,,,,,,,,,,,,,,,0.0,0.0,13.0,NEUTRAL,,LARGE,,,,,,,,,,0.0
NAVINFLUOR,,,,,,-0.14,,,,2026-06-15,,,,,,,,,,,,-0.6,,0.0,,,,,,,,,,,,,,,,,,,,,,,,,,,,,,0.0,0.0,5.0,NEUTRAL,,LARGE,,,,,,,,,,0.0
NETWEB,,,,,,1.36,,,,2026-06-15,,,,,,,,,,,,-1.3,,-2.3,,,,,,,,,,,,,,,,,,,,,,,,,,,,,,-40.0,58.3,5.0,NEUTRAL,,LARGE,,,,,,,,,,0.0
OBEROIRLTY,,,,,,0.45,,,,2026-06-15,,,,,,,,,,,,-1.8,,0.0,,,,,,,,,,,,,,,,,,,,,,,,,,,,,,0.0,0.0,9.0,NEUTRAL,,LARGE,,,,,,,,,,0.0
ONGC,,,,,,-3.57,,,,2026-06-15,,,,,,,,,,,,-11.4,,0.0,,,,,,,,,,,,,,,,,,,,,,,,,,,,,,0.0,1.6,15.0,NEUTRAL,,MEGA,,,,,,,,,,0.0
OFSS,,,,,,-1.06,,,,2026-06-15,,,,,,,,,,,,-1.3,,0.0,,,,,,,,,,,,,,,,,,,,,,,,,,,,,,0.0,0.0,8.0,NEUTRAL,,LARGE,,,,,,,,,,0.0
PAGEIND,,,,,,2.19,,,,2026-06-15,,,,,,,,,,,,3.4,,0.0,,,,,,,,,,,,,,,,,,,,,,,,,,,,,,0.0,0.0,3.0,NEUTRAL,,LARGE,,,,,,,,,,0.0
PATANJALI,,,,,,2.43,,,,2026-06-15,,,,,,,,,,,,-1.3,,0.0,,,,,,,,,,,,,,,,,,,,,,,,,,,,,,0.0,0.0,7.0,NEUTRAL,,LARGE,,,,,,,,,,0.0
RRKABEL,,,,,,1.43,,,,2026-06-15,,,,,,,,,,,,4.3,,0.0,,,,,,,,,,,,,,,,,,,,,,,,,,,,,,0.0,0.0,5.0,NEUTRAL,,LARGE,,,,,,,,,,0.0
SARDAEN,,,,,,-2.01,,,,2026-06-15,,,,,,,,,,,,-0.6,,0.9,,,,,,,,,,,,,,,,,,,,,,,,,,,,,,0.0,0.0,9.0,NEUTRAL,,MID,,,,,,,,,,0.0
SOLARINDS,,,,,,2.07,,,,2026-06-15,,,,,,,,,,,,-0.6,,0.0,,,,,,,,,,,,,,,,,,,,,,,,,,,,,,0.0,0.0,5.0,NEUTRAL,,MEGA,,,,,,,,,,0.0
TBOTEK,,,,,,8.59,,,,2026-06-15,,,,,,,,,,,,3.4,,0.4,,,,,,,,,,,,,,,,,,,,,,,,,,,,,,0.0,0.0,-1.0,NEUTRAL,,MID,,,,,,,,,,0.0
TCS,,,,,,0.66,,,,2026-06-15,,,,,,,,,,,,-1.3,,0.0,,,,,,,,,,,,,,,,,,,,,,,,,,,,,,0.0,0.5,10.0,NEUTRAL,,MEGA,,,,,,,,,,0.0
TRENT,,,,,,0.64,,,,2026-06-15,,,,,,,,,,,,3.4,,0.0,,,,,,,,,,,,,,,,,,,,,,,,,,,,,,0.0,0.0,5.0,NEUTRAL,,MEGA,,,,,,,,,,0.0
UNOMINDA,,,,,,7.31,,,,2026-06-15,,,,,,,,,,,,3.4,,0.0,,,,,,,,,,,,,,,,,,,,,,,,,,,,,,0.0,0.0,2.0,NEUTRAL,,LARGE,,,,,,,,,,0.0
VIJAYA,,,,,,-1.13,,,,2026-06-15,,,,,,,,,,,,2.2,,0.6,,,,,,,,,,,,,,,,,,,,,,,,,,,,,,0.0,0.0,2.0,NEUTRAL,,MID,,,,,,,,,,0.0
ZFCVINDIA,,,,,,2.11,,,,2026-06-15,,,,,,,,,,,,3.4,,0.0,,,,,,,,,,,,,,,,,,,,,,,,,,,,,,0.0,0.0,-2.0,NEUTRAL,,LARGE,,,,,,,,,,0.0
ZYDUSLIFE,,,,,,0.96,,,,2026-06-15,,,,,,,,,,,,2.2,,0.0,,,,,,,,,,,,,,,,,,,,,,,,,,,,,,0.0,0.0,9.0,NEUTRAL,,MEGA,,,,,,,,,,0.0
ECLERX,,,,,,-0.51,,,,2026-06-15,,,,,,,,,,,,-1.3,,0.9,,,,,,,,,,,,,,,,,,,,,,,,,,,,,,0.0,0.0,10.0,NEUTRAL,,MID,,,,,,,,,,0.0
AIAENG,,,,,,-0.93,,,,2026-06-15,,,,,,,,,,,,4.3,,0.0,,,,,,,,,,,,,,,,,,,,,,,,,,,,,,0.0,0.0,5.0,NEUTRAL,,LARGE,,,,,,,,,,0.0
AFFLE,,,,,,3.37,,,,2026-06-15,,,,,,,,,,,,1.9,,0.0,,,,,,,,,,,,,,,,,,,,,,,,,,,,,,0.0,0.0,2.0,NEUTRAL,,LARGE,,,,,,,,,,0.0
APARINDS,,,,,,4.78,,,,2026-06-15,,,,,,,,,,,,4.3,,0.0,,,,,,,,,,,,,,,,,,,,,,,,,,,,,,0.0,0.0,2.0,NEUTRAL,,LARGE,,,,,,,,,,0.0
ASIANPAINT,,,,,,-0.05,,,,2026-06-15,,,,,,,,,,,,-0.6,,0.0,,,,,,,,,,,,,,,,,,,,,,,,,,,,,,0.0,0.0,2.0,NEUTRAL,,MEGA,,,,,,,,,,0.0
BLS,,,,,,2.08,,,,2026-06-15,,,,,,,,,,,,4.3,,1.8,,,,,,,,,,,,,,,,,,,,,,,,,,,,,,0.0,0.0,10.0,NEUTRAL,,MID,,,,,,,,,,0.0
BSE,,,,,,0.41,,,,2026-06-15,,,,,,,,,,,,-6.2,,0.0,,,,,,,,,,,,,,,,,,,,,,,,,,,,,,0.0,2.8,3.0,NEUTRAL,,MEGA,,,,,,,,,,0.0
BEL,,,,,,0.22,,,,2026-06-15,,,,,,,,,,,,4.3,,0.0,,,,,,,,,,,,,,,,,,,,,,,,,,,,,,0.0,0.0,6.0,NEUTRAL,,MEGA,,,,,,,,,,0.0
BIKAJI,,,,,,-0.09,,,,2026-06-15,,,,,,,,,,,,-1.3,,0.0,,,,,,,,,,,,,,,,,,,,,,,,,,,,,,0.0,0.0,2.0,NEUTRAL,,MID,,,,,,,,,,0.0
BLUESTARCO,,,,,,-0.19,,,,2026-06-15,,,,,,,,,,,,4.3,,26.9,,,,,,,,,,,,,,,,,,,,,,,,,,,,,,40.0,0.0,2.0,POSITIVE,,LARGE,,,,,,,,,,1.0
BRITANNIA,,,,,,-0.38,,,,2026-06-15,,,,,,,,,,,,-1.3,,0.0,,,,,,,,,,,,,,,,,,,,,,,,,,,,,,0.0,0.0,6.0,NEUTRAL,,MEGA,,,,,,,,,,0.0
CAPLIPOINT,,,,,,1.31,,,,2026-06-15,,,,,,,,,,,,2.2,,0.9,,,,,,,,,,,,,,,,,,,,,,,,,,,,,,0.0,0.0,5.0,NEUTRAL,,MID,,,,,,,,,,0.0
CEMPRO,,,,,,5.0,,,,2026-06-15,,,,,,,,,,,,4.3,,0.0,,,,,,,,,,,,,,,,,,,,,,,,,,,,,,0.0,0.0,8.0,NEUTRAL,,LARGE,,,,,,,,,,0.0
DOMS,,,,,,-0.92,,,,2026-06-15,,,,,,,,,,,,4.3,,1.2,,,,,,,,,,,,,,,,,,,,,,,,,,,,,,0.0,0.0,5.0,NEUTRAL,,MID,,,,,,,,,,0.0
DIXON,,,,,,-0.57,,,,2026-06-15,,,,,,,,,,,,-1.3,,0.0,,,,,,,,,,,,,,,,,,,,,,,,,,,,,,0.0,0.0,8.0,NEUTRAL,,LARGE,,,,,,,,,,0.0
ELGIEQUIP,,,,,,1.3,,,,2026-06-15,,,,,,,,,,,,4.3,,1.6,,,,,,,,,,,,,,,,,,,,,,,,,,,,,,0.0,0.0,8.0,NEUTRAL,,MID,,,,,,,,,,0.0
ENDURANCE,,,,,,-0.62,,,,2026-06-15,,,,,,,,,,,,3.4,,0.0,,,,,,,,,,,,,,,,,,,,,,,,,,,,,,0.0,0.0,5.0,NEUTRAL,,LARGE,,,,,,,,,,0.0
GABRIEL,,,,,,11.42,,,,2026-06-15,,,,,,,,,,,,3.4,,0.0,,,,,,,,,,,,,,,,,,,,,,,,,,,,,,0.0,0.0,2.0,NEUTRAL,,LARGE,,,,,,,,,,0.0
MEDANTA,,,,,,-0.24,,,,2026-06-15,,,,,,,,,,,,2.2,,0.0,,,,,,,,,,,,,,,,,,,,,,,,,,,,,,0.0,0.0,2.0,NEUTRAL,,LARGE,,,,,,,,,,0.0
GRANULES,,,,,,-0.55,,,,2026-06-15,,,,,,,,,,,,2.2,,1.1,,,,,,,,,,,,,,,,,,,,,,,,,,,,,,0.0,0.0,7.0,NEUTRAL,,MID,,,,,,,,,,0.0
GRAVITA,,,,,,3.66,,,,2026-06-15,,,,,,,,,,,,4.3,,1.5,,,,,,,,,,,,,,,,,,,,,,,,,,,,,,0.0,0.0,7.0,NEUTRAL,,MID,,,,,,,,,,0.0
HSCL,,,,,,-0.15,,,,2026-06-15,,,,,,,,,,,,-0.6,,0.0,,,,,,,,,,,,,,,,,,,,,,,,,,,,,,0.0,0.0,5.0,NEUTRAL,,LARGE,,,,,,,,,,0.0
HINDZINC,,,,,,1.47,,,,2026-06-15,,,,,,,,,,,,-0.6,,0.0,,,,,,,,,,,,,,,,,,,,,,,,,,,,,,0.0,0.0,10.0,NEUTRAL,,MEGA,,,,,,,,,,0.0
INDHOTEL,,,,,,1.95,,,,2026-06-15,,,,,,,,,,,,3.4,,0.0,,,,,,,,,,,,,,,,,,,,,,,,,,,,,,0.0,0.0,5.0,NEUTRAL,,LARGE,,,,,,,,,,0.0
JSL,,,,,,1.81,,,,2026-06-15,,,,,,,,,,,,-0.6,,0.0,,,,,,,,,,,,,,,,,,,,,,,,,,,,,,0.0,0.0,7.0,NEUTRAL,,LARGE,,,,,,,,,,0.0
KPIL,,,,,,0.57,,,,2026-06-15,,,,,,,,,,,,4.3,,0.0,,,,,,,,,,,,,,,,,,,,,,,,,,,,,,0.0,0.0,9.0,NEUTRAL,,LARGE,,,,,,,,,,0.0
LODHA,,,,,,1.99,,,,2026-06-15,,,,,,,,,,,,-1.8,,0.0,,,,,,,,,,,,,,,,,,,,,,,,,,,,,,0.0,0.0,7.0,NEUTRAL,,LARGE,,,,,,,,,,0.0
LUPIN,,,,,,0.61,,,,2026-06-15,,,,,,,,,,,,2.2,,0.0,,,,,,,,,,,,,,,,,,,,,,,,,,,,,,0.0,0.0,12.0,NEUTRAL,,MEGA,,,,,,,,,,0.0
MRF,,,,,,3.41,,,,2026-06-15,,,,,,,,,,,,3.4,,0.0,,,,,,,,,,,,,,,,,,,,,,,,,,,,,,0.0,0.0,9.0,NEUTRAL,,LARGE,,,,,,,,,,0.0
MANKIND,,,,,,0.28,,,,2026-06-15,,,,,,,,,,,,2.2,,0.0,,,,,,,,,,,,,,,,,,,,,,,,,,,,,,0.0,0.0,2.0,NEUTRAL,,LARGE,,,,,,,,,,0.0
MARICO,,,,,,-0.93,,,,2026-06-15,,,,,,,,,,,,-1.3,,0.0,,,,,,,,,,,,,,,,,,,,,,,,,,,,,,0.0,0.0,5.0,NEUTRAL,,MEGA,,,,,,,,,,0.0
MAXHEALTH,,,,,,0.08,,,,2026-06-15,,,,,,,,,,,,2.2,,0.0,,,,,,,,,,,,,,,,,,,,,,,,,,,,,,0.0,0.0,2.0,NEUTRAL,,MEGA,,,,,,,,,,0.0
MSUMI,,,,,,0.27,,,,2026-06-15,,,,,,,,,,,,3.4,,0.0,,,,,,,,,,,,,,,,,,,,,,,,,,,,,,0.0,0.0,6.0,NEUTRAL,,LARGE,,,,,,,,,,0.0
MPHASIS,,,,,,-0.48,,,,2026-06-15,,,,,,,,,,,,-1.3,,0.0,,,,,,,,,,,,,,,,,,,,,,,,,,,,,,0.0,0.0,7.0,NEUTRAL,,LARGE,,,,,,,,,,0.0
MCX,,,,,,0.8,,,,2026-06-15,,,,,,,,,,,,-6.2,,0.0,,,,,,,,,,,,,,,,,,,,,,,,,,,,,,0.0,89.5,5.0,NEUTRAL,,LARGE,,,,,,,,,,0.0
NMDC,,,,,,2.19,,,,2026-06-15,,,,,,,,,,,,-0.6,,0.0,,,,,,,,,,,,,,,,,,,,,,,,,,,,,,0.0,0.0,15.0,NEUTRAL,,LARGE,,,,,,,,,,0.0
NATIONALUM,,,,,,1.57,,,,2026-06-15,,,,,,,,,,,,-0.6,,0.0,,,,,,,,,,,,,,,,,,,,,,,,,,,,,,0.0,0.0,13.0,NEUTRAL,,LARGE,,,,,,,,,,0.0
NAVINFLUOR,,,,,,-0.14,,,,2026-06-15,,,,,,,,,,,,-0.6,,0.0,,,,,,,,,,,,,,,,,,,,,,,,,,,,,,0.0,0.0,5.0,NEUTRAL,,LARGE,,,,,,,,,,0.0
NETWEB,,,,,,1.36,,,,2026-06-15,,,,,,,,,,,,-1.3,,-2.3,,,,,,,,,,,,,,,,,,,,,,,,,,,,,,-40.0,58.3,5.0,NEUTRAL,,LARGE,,,,,,,,,,0.0
OBEROIRLTY,,,,,,0.45,,,,2026-06-15,,,,,,,,,,,,-1.8,,0.0,,,,,,,,,,,,,,,,,,,,,,,,,,,,,,0.0,0.0,9.0,NEUTRAL,,LARGE,,,,,,,,,,0.0
ONGC,,,,,,-3.57,,,,2026-06-15,,,,,,,,,,,,-11.4,,0.0,,,,,,,,,,,,,,,,,,,,,,,,,,,,,,0.0,-1.6,15.0,NEUTRAL,,MEGA,,,,,,,,,,0.0
OFSS,,,,,,-1.06,,,,2026-06-15,,,,,,,,,,,,-1.3,,0.0,,,,,,,,,,,,,,,,,,,,,,,,,,,,,,0.0,0.0,8.0,NEUTRAL,,LARGE,,,,,,,,,,0.0
PAGEIND,,,,,,2.19,,,,2026-06-15,,,,,,,,,,,,3.4,,0.0,,,,,,,,,,,,,,,,,,,,,,,,,,,,,,0.0,0.0,3.0,NEUTRAL,,LARGE,,,,,,,,,,0.0
PATANJALI,,,,,,2.43,,,,2026-06-15,,,,,,,,,,,,-1.3,,0.0,,,,,,,,,,,,,,,,,,,,,,,,,,,,,,0.0,0.0,7.0,NEUTRAL,,LARGE,,,,,,,,,,0.0
RRKABEL,,,,,,1.43,,,,2026-06-15,,,,,,,,,,,,4.3,,0.0,,,,,,,,,,,,,,,,,,,,,,,,,,,,,,0.0,0.0,5.0,NEUTRAL,,LARGE,,,,,,,,,,0.0
SARDAEN,,,,,,-2.01,,,,2026-06-15,,,,,,,,,,,,-0.6,,0.9,,,,,,,,,,,,,,,,,,,,,,,,,,,,,,0.0,0.0,9.0,NEUTRAL,,MID,,,,,,,,,,0.0
SOLARINDS,,,,,,2.07,,,,2026-06-15,,,,,,,,,,,,-0.6,,0.0,,,,,,,,,,,,,,,,,,,,,,,,,,,,,,0.0,0.0,5.0,NEUTRAL,,MEGA,,,,,,,,,,0.0
TBOTEK,,,,,,8.59,,,,2026-06-15,,,,,,,,,,,,3.4,,0.4,,,,,,,,,,,,,,,,,,,,,,,,,,,,,,0.0,0.0,-1.0,NEUTRAL,,MID,,,,,,,,,,0.0
TCS,,,,,,0.66,,,,2026-06-15,,,,,,,,,,,,-1.3,,0.0,,,,,,,,,,,,,,,,,,,,,,,,,,,,,,0.0,0.1,10.0,NEUTRAL,,MEGA,,,,,,,,,,0.0
TRENT,,,,,,0.64,,,,2026-06-15,,,,,,,,,,,,3.4,,0.0,,,,,,,,,,,,,,,,,,,,,,,,,,,,,,0.0,82.5,5.0,NEUTRAL,,MEGA,,,,,,,,,,0.0
UNOMINDA,,,,,,7.31,,,,2026-06-15,,,,,,,,,,,,3.4,,0.0,,,,,,,,,,,,,,,,,,,,,,,,,,,,,,0.0,0.0,2.0,NEUTRAL,,LARGE,,,,,,,,,,0.0
VIJAYA,,,,,,-1.13,,,,2026-06-15,,,,,,,,,,,,2.2,,0.6,,,,,,,,,,,,,,,,,,,,,,,,,,,,,,0.0,0.0,2.0,NEUTRAL,,MID,,,,,,,,,,0.0
ZFCVINDIA,,,,,,2.11,,,,2026-06-15,,,,,,,,,,,,3.4,,0.0,,,,,,,,,,,,,,,,,,,,,,,,,,,,,,0.0,0.0,-2.0,NEUTRAL,,LARGE,,,,,,,,,,0.0
ZYDUSLIFE,,,,,,0.96,,,,2026-06-15,,,,,,,,,,,,2.2,,0.0,,,,,,,,,,,,,,,,,,,,,,,,,,,,,,0.0,0.0,9.0,NEUTRAL,,MEGA,,,,,,,,,,0.0
ECLERX,,,,,,-0.51,,,,2026-06-15,,,,,,,,,,,,-1.3,,0.9,,,,,,,,,,,,,,,,,,,,,,,,,,,,,,0.0,0.0,10.0,NEUTRAL,,MID,,,,,,,,,,0.0
AIAENG,,,,,,3.71,,,,2026-06-16,,,,,,,,,,,,5.1,,-24.6,,,,,,,,,,,,,,,,,,,,,,,,,,,,,,-40.0,0.0,5.0,NEGATIVE,,LARGE,,,,,,,,,,-1.0
AFFLE,,,,,,-1.29,,,,2026-06-16,,,,,,,,,,,,0.6,,0.0,,,,,,,,,,,,,,,,,,,,,,,,,,,,,,0.0,0.0,2.0,NEUTRAL,,LARGE,,,,,,,,,,0.0
APARINDS,,,,,,1.37,,,,2026-06-16,,,,,,,,,,,,5.1,,0.0,,,,,,,,,,,,,,,,,,,,,,,,,,,,,,0.0,0.0,2.0,NEUTRAL,,LARGE,,,,,,,,,,0.0
ASIANPAINT,,,,,,0.07,,,,2026-06-16,,,,,,,,,,,,-1.2,,0.0,,,,,,,,,,,,,,,,,,,,,,,,,,,,,,0.0,0.0,2.0,NEUTRAL,,MEGA,,,,,,,,,,0.0
BLS,,,,,,2.08,,,,2026-06-16,,,,,,,,,,,,5.1,,1.9,,,,,,,,,,,,,,,,,,,,,,,,,,,,,,0.0,0.0,10.0,NEUTRAL,,MID,,,,,,,,,,0.0
BSE,,,,,,5.45,,,,2026-06-16,,,,,,,,,,,,-1.9,,0.0,,,,,,,,,,,,,,,,,,,,,,,,,,,,,,0.0,18.1,3.0,NEUTRAL,,MEGA,,,,,,,,,,0.0
BEL,,,,,,0.62,,,,2026-06-16,,,,,,,,,,,,5.1,,0.0,,,,,,,,,,,,,,,,,,,,,,,,,,,,,,0.0,0.0,6.0,NEUTRAL,,MEGA,,,,,,,,,,0.0
BIKAJI,,,,,,-0.25,,,,2026-06-16,,,,,,,,,,,,-1.0,,0.1,,,,,,,,,,,,,,,,,,,,,,,,,,,,,,0.0,0.0,2.0,NEUTRAL,,MID,,,,,,,,,,0.0
BLUESTARCO,,,,,,3.99,,,,2026-06-16,,,,,,,,,,,,5.1,,0.0,,,,,,,,,,,,,,,,,,,,,,,,,,,,,,0.0,0.0,2.0,NEUTRAL,,LARGE,,,,,,,,,,0.0
BRITANNIA,,,,,,1.48,,,,2026-06-16,,,,,,,,,,,,-1.0,,0.0,,,,,,,,,,,,,,,,,,,,,,,,,,,,,,0.0,-1.7,6.0,NEUTRAL,,MEGA,,,,,,,,,,0.0
CAPLIPOINT,,,,,,-0.19,,,,2026-06-16,,,,,,,,,,,,1.7,,0.8,,,,,,,,,,,,,,,,,,,,,,,,,,,,,,0.0,0.0,5.0,NEUTRAL,,MID,,,,,,,,,,0.0
CEMPRO,,,,,,-1.38,,,,2026-06-16,,,,,,,,,,,,5.1,,1.7,,,,,,,,,,,,,,,,,,,,,,,,,,,,,,0.0,0.0,8.0,NEUTRAL,,MID,,,,,,,,,,0.0
DOMS,,,,,,1.94,,,,2026-06-16,,,,,,,,,,,,5.1,,5.4,,,,,,,,,,,,,,,,,,,,,,,,,,,,,,0.0,10.2,5.0,NEUTRAL,,MID,,,,,,,,,,0.0
DIXON,,,,,,7.23,,,,2026-06-16,,,,,,,,,,,,2.6,,0.0,,,,,,,,,,,,,,,,,,,,,,,,,,,,,,0.0,0.0,8.0,NEUTRAL,,LARGE,,,,,,,,,,0.0
ELGIEQUIP,,,,,,-1.7,,,,2026-06-16,,,,,,,,,,,,5.1,,1.7,,,,,,,,,,,,,,,,,,,,,,,,,,,,,,0.0,0.0,8.0,NEUTRAL,,MID,,,,,,,,,,0.0
ENDURANCE,,,,,,5.15,,,,2026-06-16,,,,,,,,,,,,3.3,,0.0,,,,,,,,,,,,,,,,,,,,,,,,,,,,,,0.0,0.0,5.0,NEUTRAL,,LARGE,,,,,,,,,,0.0
GABRIEL,,,,,,-1.98,,,,2026-06-16,,,,,,,,,,,,3.3,,0.0,,,,,,,,,,,,,,,,,,,,,,,,,,,,,,0.0,0.0,2.0,NEUTRAL,,LARGE,,,,,,,,,,0.0
MEDANTA,,,,,,1.02,,,,2026-06-16,,,,,,,,,,,,1.7,,0.0,,,,,,,,,,,,,,,,,,,,,,,,,,,,,,0.0,0.0,2.0,NEUTRAL,,LARGE,,,,,,,,,,0.0
GRANULES,,,,,,-2.32,,,,2026-06-16,,,,,,,,,,,,1.7,,1.0,,,,,,,,,,,,,,,,,,,,,,,,,,,,,,0.0,0.0,7.0,NEUTRAL,,MID,,,,,,,,,,0.0
GRAVITA,,,,,,0.14,,,,2026-06-16,,,,,,,,,,,,5.1,,1.6,,,,,,,,,,,,,,,,,,,,,,,,,,,,,,0.0,0.0,7.0,NEUTRAL,,MID,,,,,,,,,,0.0
HSCL,,,,,,1.43,,,,2026-06-16,,,,,,,,,,,,-1.2,,0.0,,,,,,,,,,,,,,,,,,,,,,,,,,,,,,0.0,0.0,5.0,NEUTRAL,,LARGE,,,,,,,,,,0.0
HINDZINC,,,,,,-0.68,,,,2026-06-16,,,,,,,,,,,,-1.2,,0.0,,,,,,,,,,,,,,,,,,,,,,,,,,,,,,0.0,0.0,10.0,NEUTRAL,,MEGA,,,,,,,,,,0.0
INDHOTEL,,,,,,0.25,,,,2026-06-16,,,,,,,,,,,,3.3,,0.0,,,,,,,,,,,,,,,,,,,,,,,,,,,,,,0.0,0.0,5.0,NEUTRAL,,LARGE,,,,,,,,,,0.0
JSL,,,,,,0.38,,,,2026-06-16,,,,,,,,,,,,-1.2,,0.0,,,,,,,,,,,,,,,,,,,,,,,,,,,,,,0.0,0.0,7.0,NEUTRAL,,LARGE,,,,,,,,,,0.0
KPIL,,,,,,4.33,,,,2026-06-16,,,,,,,,,,,,5.1,,0.0,,,,,,,,,,,,,,,,,,,,,,,,,,,,,,0.0,0.0,9.0,NEUTRAL,,LARGE,,,,,,,,,,0.0
LODHA,,,,,,6.32,,,,2026-06-16,,,,,,,,,,,,4.4,,0.0,,,,,,,,,,,,,,,,,,,,,,,,,,,,,,0.0,0.0,7.0,NEUTRAL,,LARGE,,,,,,,,,,0.0
LUPIN,,,,,,-0.4,,,,2026-06-16,,,,,,,,,,,,1.7,,0.0,,,,,,,,,,,,,,,,,,,,,,,,,,,,,,0.0,91.0,12.0,NEUTRAL,,MEGA,,,,,,,,,,0.0
MRF,,,,,,-1.02,,,,2026-06-16,,,,,,,,,,,,3.3,,0.0,,,,,,,,,,,,,,,,,,,,,,,,,,,,,,0.0,0.0,9.0,NEUTRAL,,LARGE,,,,,,,,,,0.0
MANKIND,,,,,,-1.32,,,,2026-06-16,,,,,,,,,,,,1.7,,0.0,,,,,,,,,,,,,,,,,,,,,,,,,,,,,,0.0,0.0,2.0,NEUTRAL,,LARGE,,,,,,,,,,0.0
MARICO,,,,,,-0.37,,,,2026-06-16,,,,,,,,,,,,-1.0,,0.0,,,,,,,,,,,,,,,,,,,,,,,,,,,,,,0.0,0.0,5.0,NEUTRAL,,MEGA,,,,,,,,,,0.0
MAXHEALTH,,,,,,1.11,,,,2026-06-16,,,,,,,,,,,,1.7,,0.0,,,,,,,,,,,,,,,,,,,,,,,,,,,,,,0.0,0.0,2.0,NEUTRAL,,LARGE,,,,,,,,,,0.0
MSUMI,,,,,,1.9,,,,2026-06-16,,,,,,,,,,,,3.3,,0.0,,,,,,,,,,,,,,,,,,,,,,,,,,,,,,0.0,0.0,6.0,NEUTRAL,,LARGE,,,,,,,,,,0.0
MPHASIS,,,,,,3.15,,,,2026-06-16,,,,,,,,,,,,2.6,,0.0,,,,,,,,,,,,,,,,,,,,,,,,,,,,,,0.0,0.0,7.0,NEUTRAL,,LARGE,,,,,,,,,,0.0
MCX,,,,,,3.1,,,,2026-06-16,,,,,,,,,,,,-1.9,,0.0,,,,,,,,,,,,,,,,,,,,,,,,,,,,,,0.0,89.2,5.0,NEUTRAL,,LARGE,,,,,,,,,,0.0
NMDC,,,,,,-2.2,,,,2026-06-16,,,,,,,,,,,,-1.2,,0.0,,,,,,,,,,,,,,,,,,,,,,,,,,,,,,0.0,0.0,15.0,NEUTRAL,,LARGE,,,,,,,,,,0.0
NATIONALUM,,,,,,-4.21,,,,2026-06-16,,,,,,,,,,,,-1.2,,0.0,,,,,,,,,,,,,,,,,,,,,,,,,,,,,,0.0,0.0,13.0,NEUTRAL,,LARGE,,,,,,,,,,0.0
NAVINFLUOR,,,,,,0.32,,,,2026-06-16,,,,,,,,,,,,-1.2,,0.0,,,,,,,,,,,,,,,,,,,,,,,,,,,,,,0.0,0.0,5.0,NEUTRAL,,LARGE,,,,,,,,,,0.0
NETWEB,,,,,,5.04,,,,2026-06-16,,,,,,,,,,,,2.6,,0.0,,,,,,,,,,,,,,,,,,,,,,,,,,,,,,0.0,0.0,5.0,NEUTRAL,,LARGE,,,,,,,,,,0.0
OBEROIRLTY,,,,,,7.0,,,,2026-06-16,,,,,,,,,,,,4.4,,0.0,,,,,,,,,,,,,,,,,,,,,,,,,,,,,,0.0,0.0,9.0,NEUTRAL,,LARGE,,,,,,,,,,0.0
ONGC,,,,,,1.58,,,,2026-06-16,,,,,,,,,,,,-9.2,,0.0,,,,,,,,,,,,,,,,,,,,,,,,,,,,,,0.0,7.8,15.0,NEUTRAL,,MEGA,,,,,,,,,,0.0
OFSS,,,,,,2.23,,,,2026-06-16,,,,,,,,,,,,2.6,,0.0,,,,,,,,,,,,,,,,,,,,,,,,,,,,,,0.0,0.0,8.0,NEUTRAL,,LARGE,,,,,,,,,,0.0
PAGEIND,,,,,,-1.03,,,,2026-06-16,,,,,,,,,,,,3.3,,0.0,,,,,,,,,,,,,,,,,,,,,,,,,,,,,,0.0,0.0,3.0,NEUTRAL,,LARGE,,,,,,,,,,0.0
PATANJALI,,,,,,0.01,,,,2026-06-16,,,,,,,,,,,,-1.0,,0.0,,,,,,,,,,,,,,,,,,,,,,,,,,,,,,0.0,0.0,7.0,NEUTRAL,,LARGE,,,,,,,,,,0.0
RRKABEL,,,,,,0.09,,,,2026-06-16,,,,,,,,,,,,5.1,,0.0,,,,,,,,,,,,,,,,,,,,,,,,,,,,,,0.0,0.0,5.0,NEUTRAL,,LARGE,,,,,,,,,,0.0
SARDAEN,,,,,,2.27,,,,2026-06-16,,,,,,,,,,,,-1.2,,0.8,,,,,,,,,,,,,,,,,,,,,,,,,,,,,,0.0,0.0,9.0,NEUTRAL,,MID,,,,,,,,,,0.0
SOLARINDS,,,,,,-3.42,,,,2026-06-16,,,,,,,,,,,,-1.2,,0.0,,,,,,,,,,,,,,,,,,,,,,,,,,,,,,0.0,0.0,5.0,NEUTRAL,,MEGA,,,,,,,,,,0.0
TBOTEK,,,,,,-3.18,,,,2026-06-16,,,,,,,,,,,,3.3,,0.4,,,,,,,,,,,,,,,,,,,,,,,,,,,,,,0.0,0.0,-1.0,NEUTRAL,,MID,,,,,,,,,,0.0
TCS,,,,,,2.18,,,,2026-06-16,,,,,,,,,,,,2.6,,0.0,,,,,,,,,,,,,,,,,,,,,,,,,,,,,,0.0,-21.1,10.0,NEUTRAL,,MEGA,,,,,,,,,,0.0
TRENT,,,,,,6.36,,,,2026-06-16,,,,,,,,,,,,3.3,,0.0,,,,,,,,,,,,,,,,,,,,,,,,,,,,,,0.0,0.0,5.0,NEUTRAL,,MEGA,,,,,,,,,,0.0
UNOMINDA,,,,,,-4.01,,,,2026-06-16,,,,,,,,,,,,3.3,,0.0,,,,,,,,,,,,,,,,,,,,,,,,,,,,,,0.0,0.0,2.0,NEUTRAL,,LARGE,,,,,,,,,,0.0
VIJAYA,,,,,,2.04,,,,2026-06-16,,,,,,,,,,,,1.7,,0.5,,,,,,,,,,,,,,,,,,,,,,,,,,,,,,0.0,0.0,2.0,NEUTRAL,,MID,,,,,,,,,,0.0
ZFCVINDIA,,,,,,-0.96,,,,2026-06-16,,,,,,,,,,,,3.3,,0.0,,,,,,,,,,,,,,,,,,,,,,,,,,,,,,0.0,0.0,-2.0,NEUTRAL,,LARGE,,,,,,,,,,0.0
ZYDUSLIFE,,,,,,-2.82,,,,2026-06-16,,,,,,,,,,,,1.7,,0.0,,,,,,,,,,,,,,,,,,,,,,,,,,,,,,0.0,0.0,9.0,NEUTRAL,,MEGA,,,,,,,,,,0.0
ECLERX,,,,,,6.22,,,,2026-06-16,,,,,,,,,,,,2.6,,1.5,,,,,,,,,,,,,,,,,,,,,,,,,,,,,,0.0,0.0,10.0,NEUTRAL,,MID,,,,,,,,,,0.0
AIAENG,,,,,,0.23,,,,2026-06-17,,,,,,,,,,,,5.8,,-24.5,,,,,,,,,,,,,,,,,,,,,,,,,,,,,,-40.0,0.0,5.0,NEGATIVE,,LARGE,,,,,,,,,,-1.0
AFFLE,,,,,,0.33,,,,2026-06-17,,,,,,,,,,,,0.8,,0.0,,,,,,,,,,,,,,,,,,,,,,,,,,,,,,0.0,0.0,2.0,NEUTRAL,,LARGE,,,,,,,,,,0.0
APARINDS,,,,,,-0.4,,,,2026-06-17,,,,,,,,,,,,5.8,,0.0,,,,,,,,,,,,,,,,,,,,,,,,,,,,,,0.0,0.0,-1.0,NEUTRAL,,LARGE,,,,,,,,,,0.0
ASIANPAINT,,,,,,-0.37,,,,2026-06-17,,,,,,,,,,,,-0.2,,0.0,,,,,,,,,,,,,,,,,,,,,,,,,,,,,,0.0,0.0,2.0,NEUTRAL,,MEGA,,,,,,,,,,0.0
BLS,,,,,,3.66,,,,2026-06-17,,,,,,,,,,,,5.8,,-24.0,,,,,,,,,,,,,,,,,,,,,,,,,,,,,,-40.0,0.0,10.0,NEGATIVE,,MID,,,,,,,,,,-1.0
BSE,,,,,,-3.92,,,,2026-06-17,,,,,,,,,,,,-4.0,,0.0,,,,,,,,,,,,,,,,,,,,,,,,,,,,,,0.0,22.7,3.0,NEUTRAL,,MEGA,,,,,,,,,,0.0
BEL,,,,,,3.02,,,,2026-06-17,,,,,,,,,,,,5.8,,0.0,,,,,,,,,,,,,,,,,,,,,,,,,,,,,,0.0,0.0,3.0,NEUTRAL,,MEGA,,,,,,,,,,0.0
BIKAJI,,,,,,-0.45,,,,2026-06-17,,,,,,,,,,,,-1.4,,-0.3,,,,,,,,,,,,,,,,,,,,,,,,,,,,,,0.0,0.0,-1.0,NEUTRAL,,MID,,,,,,,,,,0.0
BLUESTARCO,,,,,,4.58,,,,2026-06-17,,,,,,,,,,,,5.8,,0.0,,,,,,,,,,,,,,,,,,,,,,,,,,,,,,0.0,0.0,2.0,NEUTRAL,,LARGE,,,,,,,,,,0.0
BRITANNIA,,,,,,0.28,,,,2026-06-17,,,,,,,,,,,,-1.4,,0.0,,,,,,,,,,,,,,,,,,,,,,,,,,,,,,0.0,0.0,6.0,NEUTRAL,,MEGA,,,,,,,,,,0.0
CAPLIPOINT,,,,,,-1.8,,,,2026-06-17,,,,,,,,,,,,1.3,,0.4,,,,,,,,,,,,,,,,,,,,,,,,,,,,,,0.0,0.0,2.0,NEUTRAL,,MID,,,,,,,,,,0.0
CEMPRO,,,,,,1.88,,,,2026-06-17,,,,,,,,,,,,5.8,,0.0,,,,,,,,,,,,,,,,,,,,,,,,,,,,,,0.0,0.0,8.0,NEUTRAL,,LARGE,,,,,,,,,,0.0
DOMS,,,,,,0.43,,,,2026-06-17,,,,,,,,,,,,5.8,,1.5,,,,,,,,,,,,,,,,,,,,,,,,,,,,,,0.0,0.0,5.0,NEUTRAL,,MID,,,,,,,,,,0.0
DIXON,,,,,,4.89,,,,2026-06-17,,,,,,,,,,,,3.5,,0.0,,,,,,,,,,,,,,,,,,,,,,,,,,,,,,0.0,0.0,5.0,NEUTRAL,,LARGE,,,,,,,,,,0.0
ELGIEQUIP,,,,,,-0.2,,,,2026-06-17,,,,,,,,,,,,5.8,,-24.5,,,,,,,,,,,,,,,,,,,,,,,,,,,,,,-40.0,0.0,5.0,NEGATIVE,,MID,,,,,,,,,,-1.0
ENDURANCE,,,,,,-1.19,,,,2026-06-17,,,,,,,,,,,,4.0,,0.0,,,,,,,,,,,,,,,,,,,,,,,,,,,,,,0.0,0.0,2.0,NEUTRAL,,LARGE,,,,,,,,,,0.0
GABRIEL,,,,,,-1.16,,,,2026-06-17,,,,,,,,,,,,4.0,,0.9,,,,,,,,,,,,,,,,,,,,,,,,,,,,,,0.0,0.0,2.0,NEUTRAL,,MID,,,,,,,,,,0.0
MEDANTA,,,,,,1.48,,,,2026-06-17,,,,,,,,,,,,1.3,,0.0,,,,,,,,,,,,,,,,,,,,,,,,,,,,,,0.0,0.0,-1.0,NEUTRAL,,LARGE,,,,,,,,,,0.0
GRANULES,,,,,,-0.93,,,,2026-06-17,,,,,,,,,,,,1.3,,0.6,,,,,,,,,,,,,,,,,,,,,,,,,,,,,,0.0,0.0,4.0,NEUTRAL,,MID,,,,,,,,,,0.0
GRAVITA,,,,,,0.3,,,,2026-06-17,,,,,,,,,,,,5.8,,1.7,,,,,,,,,,,,,,,,,,,,,,,,,,,,,,0.0,0.0,7.0,NEUTRAL,,MID,,,,,,,,,,0.0
HSCL,,,,,,1.73,,,,2026-06-17,,,,,,,,,,,,-0.2,,0.0,,,,,,,,,,,,,,,,,,,,,,,,,,,,,,0.0,0.0,5.0,NEUTRAL,,LARGE,,,,,,,,,,0.0
HINDZINC,,,,,,1.46,,,,2026-06-17,,,,,,,,,,,,-0.2,,0.0,,,,,,,,,,,,,,,,,,,,,,,,,,,,,,0.0,0.0,8.0,NEUTRAL,,MEGA,,,,,,,,,,0.0
INDHOTEL,,,,,,0.68,,,,2026-06-17,,,,,,,,,,,,4.0,,0.0,,,,,,,,,,,,,,,,,,,,,,,,,,,,,,0.0,0.0,5.0,NEUTRAL,,LARGE,,,,,,,,,,0.0
JSL,,,,,,2.54,,,,2026-06-17,,,,,,,,,,,,-0.2,,0.0,,,,,,,,,,,,,,,,,,,,,,,,,,,,,,0.0,0.0,7.0,NEUTRAL,,LARGE,,,,,,,,,,0.0
KPIL,,,,,,0.26,,,,2026-06-17,,,,,,,,,,,,5.8,,0.0,,,,,,,,,,,,,,,,,,,,,,,,,,,,,,0.0,0.0,9.0,NEUTRAL,,LARGE,,,,,,,,,,0.0
LODHA,,,,,,-2.47,,,,2026-06-17,,,,,,,,,,,,2.5,,0.0,,,,,,,,,,,,,,,,,,,,,,,,,,,,,,0.0,0.0,7.0,NEUTRAL,,LARGE,,,,,,,,,,0.0
LUPIN,,,,,,-0.25,,,,2026-06-17,,,,,,,,,,,,1.3,,0.0,,,,,,,,,,,,,,,,,,,,,,,,,,,,,,0.0,91.0,12.0,NEUTRAL,,MEGA,,,,,,,,,,0.0
MRF,,,,,,0.6,,,,2026-06-17,,,,,,,,,,,,4.0,,0.0,,,,,,,,,,,,,,,,,,,,,,,,,,,,,,0.0,0.0,6.0,NEUTRAL,,LARGE,,,,,,,,,,0.0
MANKIND,,,,,,0.34,,,,2026-06-17,,,,,,,,,,,,1.3,,0.0,,,,,,,,,,,,,,,,,,,,,,,,,,,,,,0.0,0.0,2.0,NEUTRAL,,LARGE,,,,,,,,,,0.0
MARICO,,,,,,-0.43,,,,2026-06-17,,,,,,,,,,,,-1.4,,0.0,,,,,,,,,,,,,,,,,,,,,,,,,,,,,,0.0,0.0,5.0,NEUTRAL,,MEGA,,,,,,,,,,0.0
MAXHEALTH,,,,,,0.2,,,,2026-06-17,,,,,,,,,,,,1.3,,0.0,,,,,,,,,,,,,,,,,,,,,,,,,,,,,,0.0,0.0,2.0,NEUTRAL,,LARGE,,,,,,,,,,0.0
MSUMI,,,,,,-1.12,,,,2026-06-17,,,,,,,,,,,,4.0,,0.0,,,,,,,,,,,,,,,,,,,,,,,,,,,,,,0.0,0.0,6.0,NEUTRAL,,LARGE,,,,,,,,,,0.0
MPHASIS,,,,,,0.56,,,,2026-06-17,,,,,,,,,,,,3.5,,0.0,,,,,,,,,,,,,,,,,,,,,,,,,,,,,,0.0,0.0,7.0,NEUTRAL,,LARGE,,,,,,,,,,0.0
MCX,,,,,,-0.97,,,,2026-06-17,,,,,,,,,,,,-4.0,,0.0,,,,,,,,,,,,,,,,,,,,,,,,,,,,,,0.0,0.0,2.0,NEUTRAL,,LARGE,,,,,,,,,,0.0
NMDC,,,,,,-0.1,,,,2026-06-17,,,,,,,,,,,,-0.2,,0.0,,,,,,,,,,,,,,,,,,,,,,,,,,,,,,0.0,0.0,15.0,NEUTRAL,,LARGE,,,,,,,,,,0.0
NATIONALUM,,,,,,0.91,,,,2026-06-17,,,,,,,,,,,,-0.2,,0.0,,,,,,,,,,,,,,,,,,,,,,,,,,,,,,0.0,0.0,13.0,NEUTRAL,,LARGE,,,,,,,,,,0.0
NAVINFLUOR,,,,,,0.39,,,,2026-06-17,,,,,,,,,,,,-0.2,,0.0,,,,,,,,,,,,,,,,,,,,,,,,,,,,,,0.0,0.0,5.0,NEUTRAL,,LARGE,,,,,,,,,,0.0
NETWEB,,,,,,0.55,,,,2026-06-17,,,,,,,,,,,,3.5,,-24.6,,,,,,,,,,,,,,,,,,,,,,,,,,,,,,-40.0,1.6,2.0,NEGATIVE,,LARGE,,,,,,,,,,-1.0
OBEROIRLTY,,,,,,-0.59,,,,2026-06-17,,,,,,,,,,,,2.5,,0.0,,,,,,,,,,,,,,,,,,,,,,,,,,,,,,0.0,0.0,9.0,NEUTRAL,,LARGE,,,,,,,,,,0.0
ONGC,,,,,,-1.29,,,,2026-06-17,,,,,,,,,,,,-9.6,,0.0,,,,,,,,,,,,,,,,,,,,,,,,,,,,,,0.0,0.0,15.0,NEUTRAL,,MEGA,,,,,,,,,,0.0
OFSS,,,,,,-0.59,,,,2026-06-17,,,,,,,,,,,,3.5,,0.0,,,,,,,,,,,,,,,,,,,,,,,,,,,,,,0.0,0.0,8.0,NEUTRAL,,LARGE,,,,,,,,,,0.0
PAGEIND,,,,,,0.6,,,,2026-06-17,,,,,,,,,,,,4.0,,0.0,,,,,,,,,,,,,,,,,,,,,,,,,,,,,,0.0,0.0,3.0,NEUTRAL,,LARGE,,,,,,,,,,0.0
PATANJALI,,,,,,-1.54,,,,2026-06-17,,,,,,,,,,,,-1.4,,0.0,,,,,,,,,,,,,,,,,,,,,,,,,,,,,,0.0,0.0,4.0,NEUTRAL,,LARGE,,,,,,,,,,0.0
RRKABEL,,,,,,0.4,,,,2026-06-17,,,,,,,,,,,,5.8,,-24.9,,,,,,,,,,,,,,,,,,,,,,,,,,,,,,-40.0,0.0,2.0,NEGATIVE,,LARGE,,,,,,,,,,-1.0
SARDAEN,,,,,,-0.1,,,,2026-06-17,,,,,,,,,,,,-0.2,,0.6,,,,,,,,,,,,,,,,,,,,,,,,,,,,,,0.0,0.0,6.0,NEUTRAL,,MID,,,,,,,,,,0.0
SOLARINDS,,,,,,3.3,,,,2026-06-17,,,,,,,,,,,,-0.2,,0.0,,,,,,,,,,,,,,,,,,,,,,,,,,,,,,0.0,0.0,5.0,NEUTRAL,,MEGA,,,,,,,,,,0.0
TBOTEK,,,,,,2.34,,,,2026-06-17,,,,,,,,,,,,4.0,,0.5,,,,,,,,,,,,,,,,,,,,,,,,,,,,,,0.0,0.0,-1.0,NEUTRAL,,MID,,,,,,,,,,0.0
TCS,,,,,,1.09,,,,2026-06-17,,,,,,,,,,,,3.5,,0.0,,,,,,,,,,,,,,,,,,,,,,,,,,,,,,0.0,6.4,8.0,NEUTRAL,,MEGA,,,,,,,,,,0.0
TRENT,,,,,,7.07,,,,2026-06-17,,,,,,,,,,,,4.0,,0.0,,,,,,,,,,,,,,,,,,,,,,,,,,,,,,0.0,0.0,5.0,NEUTRAL,,MEGA,,,,,,,,,,0.0
UNOMINDA,,,,,,-0.14,,,,2026-06-17,,,,,,,,,,,,4.0,,0.0,,,,,,,,,,,,,,,,,,,,,,,,,,,,,,0.0,0.0,2.0,NEUTRAL,,LARGE,,,,,,,,,,0.0
VIJAYA,,,,,,0.07,,,,2026-06-17,,,,,,,,,,,,1.3,,-25.9,,,,,,,,,,,,,,,,,,,,,,,,,,,,,,-40.0,0.0,-1.0,NEGATIVE,,MID,,,,,,,,,,-1.0
ZFCVINDIA,,,,,,1.55,,,,2026-06-17,,,,,,,,,,,,4.0,,0.0,,,,,,,,,,,,,,,,,,,,,,,,,,,,,,0.0,0.0,-2.0,NEUTRAL,,LARGE,,,,,,,,,,0.0
ZYDUSLIFE,,,,,,-1.6,,,,2026-06-17,,,,,,,,,,,,1.3,,0.0,,,,,,,,,,,,,,,,,,,,,,,,,,,,,,0.0,0.0,9.0,NEUTRAL,,MEGA,,,,,,,,,,0.0
ECLERX,,,,,,1.41,,,,2026-06-17,,,,,,,,,,,,3.5,,1.4,,,,,,,,,,,,,,,,,,,,,,,,,,,,,,0.0,0.0,8.0,NEUTRAL,,MID,,,,,,,,,,0.0
AIAENG,,,,,,0.7,,,,2026-06-18,,,,,,,,,,,,6.3,,-17.1,,,,,,,,,,,,,,,,,,,,,,,,,,,,,,-40.0,0.0,5.0,NEUTRAL,,LARGE,,,,,,,,,,0.0
AFFLE,,,,,,0.6,,,,2026-06-18,,,,,,,,,,,,1.3,,0.0,,,,,,,,,,,,,,,,,,,,,,,,,,,,,,0.0,0.0,2.0,NEUTRAL,,LARGE,,,,,,,,,,0.0
APARINDS,,,,,,-1.81,,,,2026-06-18,,,,,,,,,,,,6.3,,0.0,,,,,,,,,,,,,,,,,,,,,,,,,,,,,,0.0,0.0,-1.0,NEUTRAL,,LARGE,,,,,,,,,,0.0
ASIANPAINT,,,,,,0.62,,,,2026-06-18,,,,,,,,,,,,-0.6,,0.0,,,,,,,,,,,,,,,,,,,,,,,,,,,,,,0.0,0.0,2.0,NEUTRAL,,MEGA,,,,,,,,,,0.0
BLS,,,,,,0.85,,,,2026-06-18,,,,,,,,,,,,6.3,,-16.7,,,,,,,,,,,,,,,,,,,,,,,,,,,,,,-40.0,0.0,10.0,NEUTRAL,,MID,,,,,,,,,,0.0
BSE,,,,,,0.38,,,,2026-06-18,,,,,,,,,,,,-4.0,,0.0,,,,,,,,,,,,,,,,,,,,,,,,,,,,,,0.0,27.4,3.0,NEUTRAL,,MEGA,,,,,,,,,,0.0
BEL,,,,,,2.08,,,,2026-06-18,,,,,,,,,,,,6.3,,0.0,,,,,,,,,,,,,,,,,,,,,,,,,,,,,,0.0,0.0,3.0,NEUTRAL,,MEGA,,,,,,,,,,0.0
BIKAJI,,,,,,-1.51,,,,2026-06-18,,,,,,,,,,,,-0.8,,-0.2,,,,,,,,,,,,,,,,,,,,,,,,,,,,,,0.0,0.0,-1.0,NEUTRAL,,MID,,,,,,,,,,0.0
BLUESTARCO,,,,,,0.63,,,,2026-06-18,,,,,,,,,,,,6.3,,0.0,,,,,,,,,,,,,,,,,,,,,,,,,,,,,,0.0,0.0,2.0,NEUTRAL,,LARGE,,,,,,,,,,0.0
BRITANNIA,,,,,,0.25,,,,2026-06-18,,,,,,,,,,,,-0.8,,0.0,,,,,,,,,,,,,,,,,,,,,,,,,,,,,,0.0,-0.2,6.0,NEUTRAL,,MEGA,,,,,,,,,,0.0
CAPLIPOINT,,,,,,1.05,,,,2026-06-18,,,,,,,,,,,,3.5,,0.8,,,,,,,,,,,,,,,,,,,,,,,,,,,,,,0.0,0.0,2.0,NEUTRAL,,MID,,,,,,,,,,0.0
CEMPRO,,,,,,0.71,,,,2026-06-18,,,,,,,,,,,,6.3,,0.0,,,,,,,,,,,,,,,,,,,,,,,,,,,,,,0.0,0.0,8.0,NEUTRAL,,LARGE,,,,,,,,,,0.0
DOMS,,,,,,0.58,,,,2026-06-18,,,,,,,,,,,,6.3,,1.7,,,,,,,,,,,,,,,,,,,,,,,,,,,,,,0.0,0.4,5.0,NEUTRAL,,MID,,,,,,,,,,0.0
DIXON,,,,,,-1.3,,,,2026-06-18,,,,,,,,,,,,3.2,,0.0,,,,,,,,,,,,,,,,,,,,,,,,,,,,,,0.0,0.0,5.0,NEUTRAL,,LARGE,,,,,,,,,,0.0
ELGIEQUIP,,,,,,0.32,,,,2026-06-18,,,,,,,,,,,,6.3,,-17.1,,,,,,,,,,,,,,,,,,,,,,,,,,,,,,-40.0,0.0,5.0,NEUTRAL,,MID,,,,,,,,,,0.0
ENDURANCE,,,,,,1.5,,,,2026-06-18,,,,,,,,,,,,5.3,,0.0,,,,,,,,,,,,,,,,,,,,,,,,,,,,,,0.0,0.0,2.0,NEUTRAL,,LARGE,,,,,,,,,,0.0
GABRIEL,,,,,,1.66,,,,2026-06-18,,,,,,,,,,,,5.3,,0.0,,,,,,,,,,,,,,,,,,,,,,,,,,,,,,0.0,0.0,2.0,NEUTRAL,,LARGE,,,,,,,,,,0.0
MEDANTA,,,,,,0.3,,,,2026-06-18,,,,,,,,,,,,3.5,,0.0,,,,,,,,,,,,,,,,,,,,,,,,,,,,,,0.0,0.0,-1.0,NEUTRAL,,LARGE,,,,,,,,,,0.0
GRANULES,,,,,,5.49,,,,2026-06-18,,,,,,,,,,,,3.5,,-17.5,,,,,,,,,,,,,,,,,,,,,,,,,,,,,,-40.0,0.0,4.0,NEUTRAL,,MID,,,,,,,,,,0.0
GRAVITA,,,,,,3.45,,,,2026-06-18,,,,,,,,,,,,6.3,,1.6,,,,,,,,,,,,,,,,,,,,,,,,,,,,,,0.0,0.0,5.0,NEUTRAL,,MID,,,,,,,,,,0.0
HSCL,,,,,,-1.54,,,,2026-06-18,,,,,,,,,,,,-0.6,,0.0,,,,,,,,,,,,,,,,,,,,,,,,,,,,,,0.0,0.0,5.0,NEUTRAL,,LARGE,,,,,,,,,,0.0
HINDZINC,,,,,,-0.19,,,,2026-06-18,,,,,,,,,,,,-0.6,,0.0,,,,,,,,,,,,,,,,,,,,,,,,,,,,,,0.0,0.0,8.0,NEUTRAL,,MEGA,,,,,,,,,,0.0
INDHOTEL,,,,,,1.62,,,,2026-06-18,,,,,,,,,,,,5.3,,0.0,,,,,,,,,,,,,,,,,,,,,,,,,,,,,,0.0,0.0,5.0,NEUTRAL,,MEGA,,,,,,,,,,0.0
JSL,,,,,,-2.87,,,,2026-06-18,,,,,,,,,,,,-0.6,,0.0,,,,,,,,,,,,,,,,,,,,,,,,,,,,,,0.0,0.0,7.0,NEUTRAL,,LARGE,,,,,,,,,,0.0
KPIL,,,,,,-0.1,,,,2026-06-18,,,,,,,,,,,,6.3,,0.0,,,,,,,,,,,,,,,,,,,,,,,,,,,,,,0.0,0.0,9.0,NEUTRAL,,LARGE,,,,,,,,,,0.0
LODHA,,,,,,1.01,,,,2026-06-18,,,,,,,,,,,,2.7,,0.0,,,,,,,,,,,,,,,,,,,,,,,,,,,,,,0.0,0.0,7.0,NEUTRAL,,LARGE,,,,,,,,,,0.0
LUPIN,,,,,,2.43,,,,2026-06-18,,,,,,,,,,,,3.5,,0.0,,,,,,,,,,,,,,,,,,,,,,,,,,,,,,0.0,0.0,12.0,NEUTRAL,,MEGA,,,,,,,,,,0.0
MRF,,,,,,0.65,,,,2026-06-18,,,,,,,,,,,,5.3,,0.0,,,,,,,,,,,,,,,,,,,,,,,,,,,,,,0.0,0.0,6.0,NEUTRAL,,LARGE,,,,,,,,,,0.0
MANKIND,,,,,,1.77,,,,2026-06-18,,,,,,,,,,,,3.5,,0.0,,,,,,,,,,,,,,,,,,,,,,,,,,,,,,0.0,0.0,2.0,NEUTRAL,,LARGE,,,,,,,,,,0.0
MARICO,,,,,,1.96,,,,2026-06-18,,,,,,,,,,,,-0.8,,0.0,,,,,,,,,,,,,,,,,,,,,,,,,,,,,,0.0,0.0,5.0,NEUTRAL,,MEGA,,,,,,,,,,0.0
MAXHEALTH,,,,,,6.27,,,,2026-06-18,,,,,,,,,,,,3.5,,0.0,,,,,,,,,,,,,,,,,,,,,,,,,,,,,,0.0,0.0,2.0,NEUTRAL,,MEGA,,,,,,,,,,0.0
MSUMI,,,,,,1.56,,,,2026-06-18,,,,,,,,,,,,5.3,,0.0,,,,,,,,,,,,,,,,,,,,,,,,,,,,,,0.0,0.0,6.0,NEUTRAL,,LARGE,,,,,,,,,,0.0
MPHASIS,,,,,,-0.15,,,,2026-06-18,,,,,,,,,,,,3.2,,0.0,,,,,,,,,,,,,,,,,,,,,,,,,,,,,,0.0,0.0,7.0,NEUTRAL,,LARGE,,,,,,,,,,0.0
MCX,,,,,,-1.4,,,,2026-06-18,,,,,,,,,,,,-4.0,,0.0,,,,,,,,,,,,,,,,,,,,,,,,,,,,,,0.0,-49.2,2.0,NEUTRAL,,LARGE,,,,,,,,,,0.0
NMDC,,,,,,0.6,,,,2026-06-18,,,,,,,,,,,,-0.6,,0.0,,,,,,,,,,,,,,,,,,,,,,,,,,,,,,0.0,0.0,15.0,NEUTRAL,,LARGE,,,,,,,,,,0.0
NATIONALUM,,,,,,-0.61,,,,2026-06-18,,,,,,,,,,,,-0.6,,0.0,,,,,,,,,,,,,,,,,,,,,,,,,,,,,,0.0,0.0,13.0,NEUTRAL,,LARGE,,,,,,,,,,0.0
NAVINFLUOR,,,,,,-0.55,,,,2026-06-18,,,,,,,,,,,,-0.6,,0.0,,,,,,,,,,,,,,,,,,,,,,,,,,,,,,0.0,0.0,5.0,NEUTRAL,,LARGE,,,,,,,,,,0.0
NETWEB,,,,,,3.42,,,,2026-06-18,,,,,,,,,,,,3.2,,0.0,,,,,,,,,,,,,,,,,,,,,,,,,,,,,,0.0,0.0,2.0,NEUTRAL,,LARGE,,,,,,,,,,0.0
OBEROIRLTY,,,,,,-0.04,,,,2026-06-18,,,,,,,,,,,,2.7,,0.0,,,,,,,,,,,,,,,,,,,,,,,,,,,,,,0.0,0.0,9.0,NEUTRAL,,LARGE,,,,,,,,,,0.0
ONGC,,,,,,0.12,,,,2026-06-18,,,,,,,,,,,,-8.7,,0.0,,,,,,,,,,,,,,,,,,,,,,,,,,,,,,0.0,-0.6,15.0,NEUTRAL,,MEGA,,,,,,,,,,0.0
OFSS,,,,,,-0.48,,,,2026-06-18,,,,,,,,,,,,3.2,,0.0,,,,,,,,,,,,,,,,,,,,,,,,,,,,,,0.0,0.0,8.0,NEUTRAL,,LARGE,,,,,,,,,,0.0
PAGEIND,,,,,,2.24,,,,2026-06-18,,,,,,,,,,,,5.3,,0.0,,,,,,,,,,,,,,,,,,,,,,,,,,,,,,0.0,0.0,3.0,NEUTRAL,,LARGE,,,,,,,,,,0.0
PATANJALI,,,,,,1.24,,,,2026-06-18,,,,,,,,,,,,-0.8,,0.0,,,,,,,,,,,,,,,,,,,,,,,,,,,,,,0.0,0.0,4.0,NEUTRAL,,LARGE,,,,,,,,,,0.0
RRKABEL,,,,,,3.91,,,,2026-06-18,,,,,,,,,,,,6.3,,0.0,,,,,,,,,,,,,,,,,,,,,,,,,,,,,,0.0,0.0,2.0,NEUTRAL,,LARGE,,,,,,,,,,0.0
SARDAEN,,,,,,-0.66,,,,2026-06-18,,,,,,,,,,,,-0.6,,0.6,,,,,,,,,,,,,,,,,,,,,,,,,,,,,,0.0,0.0,6.0,NEUTRAL,,MID,,,,,,,,,,0.0
SOLARINDS,,,,,,1.76,,,,2026-06-18,,,,,,,,,,,,-0.6,,0.0,,,,,,,,,,,,,,,,,,,,,,,,,,,,,,0.0,0.0,5.0,NEUTRAL,,MEGA,,,,,,,,,,0.0
TBOTEK,,,,,,0.66,,,,2026-06-18,,,,,,,,,,,,5.3,,0.7,,,,,,,,,,,,,,,,,,,,,,,,,,,,,,0.0,0.0,-1.0,NEUTRAL,,MID,,,,,,,,,,0.0
TCS,,,,,,-0.89,,,,2026-06-18,,,,,,,,,,,,3.2,,0.0,,,,,,,,,,,,,,,,,,,,,,,,,,,,,,0.0,45.6,8.0,NEUTRAL,,MEGA,,,,,,,,,,0.0
TRENT,,,,,,2.48,,,,2026-06-18,,,,,,,,,,,,5.3,,0.0,,,,,,,,,,,,,,,,,,,,,,,,,,,,,,0.0,89.0,5.0,NEUTRAL,,MEGA,,,,,,,,,,0.0
UNOMINDA,,,,,,0.91,,,,2026-06-18,,,,,,,,,,,,5.3,,0.0,,,,,,,,,,,,,,,,,,,,,,,,,,,,,,0.0,0.0,2.0,NEUTRAL,,LARGE,,,,,,,,,,0.0
VIJAYA,,,,,,0.47,,,,2026-06-18,,,,,,,,,,,,3.5,,-17.9,,,,,,,,,,,,,,,,,,,,,,,,,,,,,,-40.0,0.0,-1.0,NEUTRAL,,MID,,,,,,,,,,0.0
ZFCVINDIA,,,,,,3.1,,,,2026-06-18,,,,,,,,,,,,5.3,,0.0,,,,,,,,,,,,,,,,,,,,,,,,,,,,,,0.0,0.0,-2.0,NEUTRAL,,LARGE,,,,,,,,,,0.0
ZYDUSLIFE,,,,,,1.22,,,,2026-06-18,,,,,,,,,,,,3.5,,0.0,,,,,,,,,,,,,,,,,,,,,,,,,,,,,,0.0,0.0,9.0,NEUTRAL,,MEGA,,,,,,,,,,0.0
ECLERX,,,,,,-0.57,,,,2026-06-18,,,,,,,,,,,,3.2,,1.4,,,,,,,,,,,,,,,,,,,,,,,,,,,,,,0.0,0.0,8.0,NEUTRAL,,MID,,,,,,,,,,0.0
AIAENG,,,,,,3.4,,,,2026-06-19,,,,,,,,,,,,6.8,,0.0,,,,,,,,,,,,,,,,,,,,,,,,,,,,,,0.0,0.0,5.0,NEUTRAL,,LARGE,,,,,,,,,,0.0
AFFLE,,,,,,-1.73,,,,2026-06-19,,,,,,,,,,,,-0.5,,0.0,,,,,,,,,,,,,,,,,,,,,,,,,,,,,,0.0,0.0,2.0,NEUTRAL,,LARGE,,,,,,,,,,0.0
APARINDS,,,,,,2.96,,,,2026-06-19,,,,,,,,,,,,6.8,,0.0,,,,,,,,,,,,,,,,,,,,,,,,,,,,,,0.0,0.0,-1.0,NEUTRAL,,LARGE,,,,,,,,,,0.0
ASIANPAINT,,,,,,-0.8,,,,2026-06-19,,,,,,,,,,,,-0.6,,0.0,,,,,,,,,,,,,,,,,,,,,,,,,,,,,,0.0,0.0,2.0,NEUTRAL,,MEGA,,,,,,,,,,0.0
BLS,,,,,,0.22,,,,2026-06-19,,,,,,,,,,,,6.8,,2.2,,,,,,,,,,,,,,,,,,,,,,,,,,,,,,0.0,0.0,10.0,NEUTRAL,,MID,,,,,,,,,,0.0
BSE,,,,,,0.14,,,,2026-06-19,,,,,,,,,,,,-3.7,,0.0,,,,,,,,,,,,,,,,,,,,,,,,,,,,,,0.0,-6.4,3.0,NEUTRAL,,MEGA,,,,,,,,,,0.0
BEL,,,,,,-0.4,,,,2026-06-19,,,,,,,,,,,,6.8,,0.0,,,,,,,,,,,,,,,,,,,,,,,,,,,,,,0.0,0.0,3.0,NEUTRAL,,MEGA,,,,,,,,,,0.0
BIKAJI,,,,,,0.05,,,,2026-06-19,,,,,,,,,,,,-1.0,,-0.3,,,,,,,,,,,,,,,,,,,,,,,,,,,,,,0.0,0.0,-1.0,NEUTRAL,,MID,,,,,,,,,,0.0
BLUESTARCO,,,,,,-2.23,,,,2026-06-19,,,,,,,,,,,,6.8,,0.0,,,,,,,,,,,,,,,,,,,,,,,,,,,,,,0.0,0.0,2.0,NEUTRAL,,LARGE,,,,,,,,,,0.0
BRITANNIA,,,,,,-0.95,,,,2026-06-19,,,,,,,,,,,,-1.0,,0.0,,,,,,,,,,,,,,,,,,,,,,,,,,,,,,0.0,0.0,6.0,NEUTRAL,,MEGA,,,,,,,,,,0.0
CAPLIPOINT,,,,,,6.11,,,,2026-06-19,,,,,,,,,,,,5.0,,1.0,,,,,,,,,,,,,,,,,,,,,,,,,,,,,,0.0,0.0,2.0,NEUTRAL,,MID,,,,,,,,,,0.0
CEMPRO,,,,,,5.0,,,,2026-06-19,,,,,,,,,,,,6.8,,0.0,,,,,,,,,,,,,,,,,,,,,,,,,,,,,,0.0,0.0,8.0,NEUTRAL,,LARGE,,,,,,,,,,0.0
DOMS,,,,,,-2.7,,,,2026-06-19,,,,,,,,,,,,6.8,,1.8,,,,,,,,,,,,,,,,,,,,,,,,,,,,,,0.0,0.4,5.0,NEUTRAL,,MID,,,,,,,,,,0.0
DIXON,,,,,,-1.18,,,,2026-06-19,,,,,,,,,,,,1.6,,0.0,,,,,,,,,,,,,,,,,,,,,,,,,,,,,,0.0,0.0,5.0,NEUTRAL,,LARGE,,,,,,,,,,0.0
ELGIEQUIP,,,,,,1.79,,,,2026-06-19,,,,,,,,,,,,6.8,,1.6,,,,,,,,,,,,,,,,,,,,,,,,,,,,,,0.0,0.0,5.0,NEUTRAL,,MID,,,,,,,,,,0.0
ENDURANCE,,,,,,-0.03,,,,2026-06-19,,,,,,,,,,,,6.1,,0.0,,,,,,,,,,,,,,,,,,,,,,,,,,,,,,0.0,0.0,2.0,NEUTRAL,,LARGE,,,,,,,,,,0.0
GABRIEL,,,,,,4.86,,,,2026-06-19,,,,,,,,,,,,6.1,,0.0,,,,,,,,,,,,,,,,,,,,,,,,,,,,,,0.0,0.0,2.0,NEUTRAL,,LARGE,,,,,,,,,,0.0
MEDANTA,,,,,,0.6,,,,2026-06-19,,,,,,,,,,,,5.0,,0.0,,,,,,,,,,,,,,,,,,,,,,,,,,,,,,0.0,0.0,-1.0,NEUTRAL,,LARGE,,,,,,,,,,0.0
GRANULES,,,,,,0.61,,,,2026-06-19,,,,,,,,,,,,5.0,,-24.8,,,,,,,,,,,,,,,,,,,,,,,,,,,,,,-40.0,0.0,4.0,NEGATIVE,,MID,,,,,,,,,,-1.0
GRAVITA,,,,,,-0.28,,,,2026-06-19,,,,,,,,,,,,6.8,,5.4,,,,,,,,,,,,,,,,,,,,,,,,,,,,,,0.0,9.3,5.0,NEUTRAL,,MID,,,,,,,,,,0.0
HSCL,,,,,,-2.79,,,,2026-06-19,,,,,,,,,,,,-0.6,,0.0,,,,,,,,,,,,,,,,,,,,,,,,,,,,,,0.0,0.0,5.0,NEUTRAL,,LARGE,,,,,,,,,,0.0
HINDZINC,,,,,,-1.38,,,,2026-06-19,,,,,,,,,,,,-0.6,,0.0,,,,,,,,,,,,,,,,,,,,,,,,,,,,,,0.0,0.0,8.0,NEUTRAL,,MEGA,,,,,,,,,,0.0
INDHOTEL,,,,,,2.01,,,,2026-06-19,,,,,,,,,,,,6.1,,0.0,,,,,,,,,,,,,,,,,,,,,,,,,,,,,,0.0,0.0,5.0,NEUTRAL,,MEGA,,,,,,,,,,0.0
JSL,,,,,,-1.46,,,,2026-06-19,,,,,,,,,,,,-0.6,,0.0,,,,,,,,,,,,,,,,,,,,,,,,,,,,,,0.0,0.0,7.0,NEUTRAL,,LARGE,,,,,,,,,,0.0
KPIL,,,,,,2.25,,,,2026-06-19,,,,,,,,,,,,6.8,,0.0,,,,,,,,,,,,,,,,,,,,,,,,,,,,,,0.0,0.0,9.0,NEUTRAL,,LARGE,,,,,,,,,,0.0
LODHA,,,,,,-0.63,,,,2026-06-19,,,,,,,,,,,,1.9,,0.0,,,,,,,,,,,,,,,,,,,,,,,,,,,,,,0.0,0.0,7.0,NEUTRAL,,LARGE,,,,,,,,,,0.0
LUPIN,,,,,,1.05,,,,2026-06-19,,,,,,,,,,,,5.0,,0.0,,,,,,,,,,,,,,,,,,,,,,,,,,,,,,0.0,0.0,12.0,NEUTRAL,,MEGA,,,,,,,,,,0.0
MRF,,,,,,-1.11,,,,2026-06-19,,,,,,,,,,,,6.1,,0.0,,,,,,,,,,,,,,,,,,,,,,,,,,,,,,0.0,0.0,6.0,NEUTRAL,,LARGE,,,,,,,,,,0.0
MANKIND,,,,,,0.34,,,,2026-06-19,,,,,,,,,,,,5.0,,0.0,,,,,,,,,,,,,,,,,,,,,,,,,,,,,,0.0,64.0,2.0,NEUTRAL,,LARGE,,,,,,,,,,0.0
MARICO,,,,,,-0.45,,,,2026-06-19,,,,,,,,,,,,-1.0,,0.0,,,,,,,,,,,,,,,,,,,,,,,,,,,,,,0.0,0.0,5.0,NEUTRAL,,MEGA,,,,,,,,,,0.0
MAXHEALTH,,,,,,0.39,,,,2026-06-19,,,,,,,,,,,,5.0,,0.0,,,,,,,,,,,,,,,,,,,,,,,,,,,,,,0.0,0.0,2.0,NEUTRAL,,MEGA,,,,,,,,,,0.0
MSUMI,,,,,,0.74,,,,2026-06-19,,,,,,,,,,,,6.1,,0.0,,,,,,,,,,,,,,,,,,,,,,,,,,,,,,0.0,0.0,6.0,NEUTRAL,,LARGE,,,,,,,,,,0.0
MPHASIS,,,,,,-2.96,,,,2026-06-19,,,,,,,,,,,,1.6,,0.0,,,,,,,,,,,,,,,,,,,,,,,,,,,,,,0.0,0.0,7.0,NEUTRAL,,LARGE,,,,,,,,,,0.0
MCX,,,,,,-0.48,,,,2026-06-19,,,,,,,,,,,,-3.7,,0.0,,,,,,,,,,,,,,,,,,,,,,,,,,,,,,0.0,0.0,2.0,NEUTRAL,,LARGE,,,,,,,,,,0.0
NMDC,,,,,,-0.12,,,,2026-06-19,,,,,,,,,,,,-0.6,,0.0,,,,,,,,,,,,,,,,,,,,,,,,,,,,,,0.0,0.0,15.0,NEUTRAL,,LARGE,,,,,,,,,,0.0
NATIONALUM,,,,,,2.24,,,,2026-06-19,,,,,,,,,,,,-0.6,,0.0,,,,,,,,,,,,,,,,,,,,,,,,,,,,,,0.0,0.0,13.0,NEUTRAL,,LARGE,,,,,,,,,,0.0
NAVINFLUOR,,,,,,2.6,,,,2026-06-19,,,,,,,,,,,,-0.6,,0.0,,,,,,,,,,,,,,,,,,,,,,,,,,,,,,0.0,0.0,5.0,NEUTRAL,,LARGE,,,,,,,,,,0.0
NETWEB,,,,,,-0.37,,,,2026-06-19,,,,,,,,,,,,1.6,,0.0,,,,,,,,,,,,,,,,,,,,,,,,,,,,,,0.0,0.0,2.0,NEUTRAL,,LARGE,,,,,,,,,,0.0
OBEROIRLTY,,,,,,-0.63,,,,2026-06-19,,,,,,,,,,,,1.9,,0.0,,,,,,,,,,,,,,,,,,,,,,,,,,,,,,0.0,0.0,9.0,NEUTRAL,,LARGE,,,,,,,,,,0.0
ONGC,,,,,,0.39,,,,2026-06-19,,,,,,,,,,,,-7.5,,0.0,,,,,,,,,,,,,,,,,,,,,,,,,,,,,,0.0,0.0,15.0,NEUTRAL,,MEGA,,,,,,,,,,0.0
OFSS,,,,,,2.54,,,,2026-06-19,,,,,,,,,,,,1.6,,0.0,,,,,,,,,,,,,,,,,,,,,,,,,,,,,,0.0,0.0,8.0,NEUTRAL,,LARGE,,,,,,,,,,0.0
PAGEIND,,,,,,-0.51,,,,2026-06-19,,,,,,,,,,,,6.1,,0.0,,,,,,,,,,,,,,,,,,,,,,,,,,,,,,0.0,0.0,3.0,NEUTRAL,,LARGE,,,,,,,,,,0.0
PATANJALI,,,,,,-0.59,,,,2026-06-19,,,,,,,,,,,,-1.0,,0.0,,,,,,,,,,,,,,,,,,,,,,,,,,,,,,0.0,0.0,4.0,NEUTRAL,,LARGE,,,,,,,,,,0.0
RRKABEL,,,,,,1.08,,,,2026-06-19,,,,,,,,,,,,6.8,,0.0,,,,,,,,,,,,,,,,,,,,,,,,,,,,,,0.0,0.0,2.0,NEUTRAL,,LARGE,,,,,,,,,,0.0
SARDAEN,,,,,,0.79,,,,2026-06-19,,,,,,,,,,,,-0.6,,0.6,,,,,,,,,,,,,,,,,,,,,,,,,,,,,,0.0,0.0,6.0,NEUTRAL,,MID,,,,,,,,,,0.0
SOLARINDS,,,,,,1.62,,,,2026-06-19,,,,,,,,,,,,-0.6,,0.0,,,,,,,,,,,,,,,,,,,,,,,,,,,,,,0.0,0.0,5.0,NEUTRAL,,MEGA,,,,,,,,,,0.0
TBOTEK,,,,,,1.68,,,,2026-06-19,,,,,,,,,,,,6.1,,0.9,,,,,,,,,,,,,,,,,,,,,,,,,,,,,,0.0,0.0,-1.0,NEUTRAL,,MID,,,,,,,,,,0.0
TCS,,,,,,-3.55,,,,2026-06-19,,,,,,,,,,,,1.6,,0.0,,,,,,,,,,,,,,,,,,,,,,,,,,,,,,0.0,-46.1,8.0,NEUTRAL,,MEGA,,,,,,,,,,0.0
TRENT,,,,,,0.82,,,,2026-06-19,,,,,,,,,,,,6.1,,0.0,,,,,,,,,,,,,,,,,,,,,,,,,,,,,,0.0,-12.4,5.0,NEUTRAL,,MEGA,,,,,,,,,,0.0
UNOMINDA,,,,,,1.61,,,,2026-06-19,,,,,,,,,,,,6.1,,0.0,,,,,,,,,,,,,,,,,,,,,,,,,,,,,,0.0,0.0,2.0,NEUTRAL,,LARGE,,,,,,,,,,0.0
VIJAYA,,,,,,4.49,,,,2026-06-19,,,,,,,,,,,,5.0,,0.7,,,,,,,,,,,,,,,,,,,,,,,,,,,,,,0.0,0.0,-1.0,NEUTRAL,,MID,,,,,,,,,,0.0
ZFCVINDIA,,,,,,1.37,,,,2026-06-19,,,,,,,,,,,,6.1,,0.0,,,,,,,,,,,,,,,,,,,,,,,,,,,,,,0.0,0.0,-2.0,NEUTRAL,,LARGE,,,,,,,,,,0.0
ZYDUSLIFE,,,,,,-0.34,,,,2026-06-19,,,,,,,,,,,,5.0,,0.0,,,,,,,,,,,,,,,,,,,,,,,,,,,,,,0.0,0.0,9.0,NEUTRAL,,MEGA,,,,,,,,,,0.0
ECLERX,,,,,,-2.03,,,,2026-06-19,,,,,,,,,,,,1.6,,1.1,,,,,,,,,,,,,,,,,,,,,,,,,,,,,,0.0,0.0,8.0,NEUTRAL,,MID,,,,,,,,,,0.0
AIAENG,,,,,,3.44,,,,2026-06-22,,,,,,,,,,,,7.3,,0.0,,,,,,,,,,,,,,,,,,,,,,,,,,,,,,0.0,0.0,5.0,NEUTRAL,,LARGE,,,,,,,,,,0.0
AFFLE,,,,,,1.14,,,,2026-06-22,,,,,,,,,,,,0.5,,0.0,,,,,,,,,,,,,,,,,,,,,,,,,,,,,,0.0,0.0,2.0,NEUTRAL,,LARGE,,,,,,,,,,0.0
APARINDS,,,,,,-0.66,,,,2026-06-22,,,,,,,,,,,,7.3,,0.0,,,,,,,,,,,,,,,,,,,,,,,,,,,,,,0.0,0.0,2.0,NEUTRAL,,LARGE,,,,,,,,,,0.0
ASIANPAINT,,,,,,-2.16,,,,2026-06-22,,,,,,,,,,,,-0.2,,0.0,,,,,,,,,,,,,,,,,,,,,,,,,,,,,,0.0,0.0,3.0,NEUTRAL,,MEGA,,,,,,,,,,0.0
BLS,,,,,,-0.13,,,,2026-06-22,,,,,,,,,,,,7.3,,2.3,,,,,,,,,,,,,,,,,,,,,,,,,,,,,,0.0,0.0,10.0,NEUTRAL,,MID,,,,,,,,,,0.0
BSE,,,,,,0.31,,,,2026-06-22,,,,,,,,,,,,-1.9,,0.0,,,,,,,,,,,,,,,,,,,,,,,,,,,,,,0.0,-21.5,3.0,NEUTRAL,,MEGA,,,,,,,,,,0.0
BEL,,,,,,1.08,,,,2026-06-22,,,,,,,,,,,,7.3,,0.0,,,,,,,,,,,,,,,,,,,,,,,,,,,,,,0.0,0.0,3.0,NEUTRAL,,MEGA,,,,,,,,,,0.0
BIKAJI,,,,,,0.43,,,,2026-06-22,,,,,,,,,,,,-1.0,,0.1,,,,,,,,,,,,,,,,,,,,,,,,,,,,,,0.0,0.0,2.0,NEUTRAL,,MID,,,,,,,,,,0.0
BLUESTARCO,,,,,,-0.22,,,,2026-06-22,,,,,,,,,,,,7.3,,0.0,,,,,,,,,,,,,,,,,,,,,,,,,,,,,,0.0,0.0,2.0,NEUTRAL,,LARGE,,,,,,,,,,0.0
BRITANNIA,,,,,,0.43,,,,2026-06-22,,,,,,,,,,,,-1.0,,0.0,,,,,,,,,,,,,,,,,,,,,,,,,,,,,,0.0,31.0,6.0,NEUTRAL,,MEGA,,,,,,,,,,0.0
CAPLIPOINT,,,,,,1.35,,,,2026-06-22,,,,,,,,,,,,5.4,,1.4,,,,,,,,,,,,,,,,,,,,,,,,,,,,,,0.0,0.0,5.0,NEUTRAL,,MID,,,,,,,,,,0.0
CEMPRO,,,,,,1.69,,,,2026-06-22,,,,,,,,,,,,7.3,,0.0,,,,,,,,,,,,,,,,,,,,,,,,,,,,,,0.0,0.0,8.0,NEUTRAL,,LARGE,,,,,,,,,,0.0
DOMS,,,,,,0.23,,,,2026-06-22,,,,,,,,,,,,7.3,,1.7,,,,,,,,,,,,,,,,,,,,,,,,,,,,,,0.0,0.0,5.0,NEUTRAL,,MID,,,,,,,,,,0.0
DIXON,,,,,,-1.45,,,,2026-06-22,,,,,,,,,,,,1.9,,0.0,,,,,,,,,,,,,,,,,,,,,,,,,,,,,,0.0,0.0,8.0,NEUTRAL,,LARGE,,,,,,,,,,0.0
ELGIEQUIP,,,,,,0.25,,,,2026-06-22,,,,,,,,,,,,7.3,,2.0,,,,,,,,,,,,,,,,,,,,,,,,,,,,,,0.0,0.0,8.0,NEUTRAL,,MID,,,,,,,,,,0.0
ENDURANCE,,,,,,2.31,,,,2026-06-22,,,,,,,,,,,,6.2,,0.0,,,,,,,,,,,,,,,,,,,,,,,,,,,,,,0.0,0.0,5.0,NEUTRAL,,LARGE,,,,,,,,,,0.0
GABRIEL,,,,,,3.72,,,,2026-06-22,,,,,,,,,,,,6.2,,0.0,,,,,,,,,,,,,,,,,,,,,,,,,,,,,,0.0,0.0,2.0,NEUTRAL,,LARGE,,,,,,,,,,0.0
MEDANTA,,,,,,1.76,,,,2026-06-22,,,,,,,,,,,,5.4,,0.0,,,,,,,,,,,,,,,,,,,,,,,,,,,,,,0.0,0.0,2.0,NEUTRAL,,LARGE,,,,,,,,,,0.0
GRANULES,,,,,,-1.08,,,,2026-06-22,,,,,,,,,,,,5.4,,1.6,,,,,,,,,,,,,,,,,,,,,,,,,,,,,,0.0,0.0,7.0,NEUTRAL,,MID,,,,,,,,,,0.0
GRAVITA,,,,,,1.07,,,,2026-06-22,,,,,,,,,,,,7.3,,5.4,,,,,,,,,,,,,,,,,,,,,,,,,,,,,,0.0,9.3,5.0,NEUTRAL,,MID,,,,,,,,,,0.0
HSCL,,,,,,-2.38,,,,2026-06-22,,,,,,,,,,,,-0.2,,0.0,,,,,,,,,,,,,,,,,,,,,,,,,,,,,,0.0,0.0,5.0,NEUTRAL,,LARGE,,,,,,,,,,0.0
HINDZINC,,,,,,1.71,,,,2026-06-22,,,,,,,,,,,,-0.2,,0.0,,,,,,,,,,,,,,,,,,,,,,,,,,,,,,0.0,0.0,10.0,NEUTRAL,,MEGA,,,,,,,,,,0.0
INDHOTEL,,,,,,1.14,,,,2026-06-22,,,,,,,,,,,,6.2,,0.0,,,,,,,,,,,,,,,,,,,,,,,,,,,,,,0.0,0.0,2.0,NEUTRAL,,MEGA,,,,,,,,,,0.0
JSL,,,,,,1.74,,,,2026-06-22,,,,,,,,,,,,-0.2,,0.0,,,,,,,,,,,,,,,,,,,,,,,,,,,,,,0.0,0.0,7.0,NEUTRAL,,LARGE,,,,,,,,,,0.0
KPIL,,,,,,2.93,,,,2026-06-22,,,,,,,,,,,,7.3,,0.0,,,,,,,,,,,,,,,,,,,,,,,,,,,,,,0.0,0.0,9.0,NEUTRAL,,LARGE,,,,,,,,,,0.0
LODHA,,,,,,0.93,,,,2026-06-22,,,,,,,,,,,,2.4,,0.0,,,,,,,,,,,,,,,,,,,,,,,,,,,,,,0.0,0.0,7.0,NEUTRAL,,LARGE,,,,,,,,,,0.0
LUPIN,,,,,,-0.49,,,,2026-06-22,,,,,,,,,,,,5.4,,0.0,,,,,,,,,,,,,,,,,,,,,,,,,,,,,,0.0,0.0,12.0,NEUTRAL,,MEGA,,,,,,,,,,0.0
MRF,,,,,,2.27,,,,2026-06-22,,,,,,,,,,,,6.2,,0.0,,,,,,,,,,,,,,,,,,,,,,,,,,,,,,0.0,0.0,9.0,NEUTRAL,,LARGE,,,,,,,,,,0.0
MANKIND,,,,,,5.14,,,,2026-06-22,,,,,,,,,,,,5.4,,0.0,,,,,,,,,,,,,,,,,,,,,,,,,,,,,,0.0,0.0,2.0,NEUTRAL,,MEGA,,,,,,,,,,0.0
MARICO,,,,,,-0.56,,,,2026-06-22,,,,,,,,,,,,-1.0,,0.0,,,,,,,,,,,,,,,,,,,,,,,,,,,,,,0.0,0.0,5.0,NEUTRAL,,MEGA,,,,,,,,,,0.0
MAXHEALTH,,,,,,0.03,,,,2026-06-22,,,,,,,,,,,,5.4,,0.0,,,,,,,,,,,,,,,,,,,,,,,,,,,,,,0.0,0.0,2.0,NEUTRAL,,MEGA,,,,,,,,,,0.0
MSUMI,,,,,,0.95,,,,2026-06-22,,,,,,,,,,,,6.2,,0.0,,,,,,,,,,,,,,,,,,,,,,,,,,,,,,0.0,0.0,6.0,NEUTRAL,,LARGE,,,,,,,,,,0.0
MPHASIS,,,,,,0.56,,,,2026-06-22,,,,,,,,,,,,1.9,,0.0,,,,,,,,,,,,,,,,,,,,,,,,,,,,,,0.0,0.0,7.0,NEUTRAL,,LARGE,,,,,,,,,,0.0
MCX,,,,,,2.38,,,,2026-06-22,,,,,,,,,,,,-1.9,,0.0,,,,,,,,,,,,,,,,,,,,,,,,,,,,,,0.0,-14.6,5.0,NEUTRAL,,LARGE,,,,,,,,,,0.0
NMDC,,,,,,-0.26,,,,2026-06-22,,,,,,,,,,,,-0.2,,0.0,,,,,,,,,,,,,,,,,,,,,,,,,,,,,,0.0,0.0,15.0,NEUTRAL,,LARGE,,,,,,,,,,0.0
NATIONALUM,,,,,,0.52,,,,2026-06-22,,,,,,,,,,,,-0.2,,0.0,,,,,,,,,,,,,,,,,,,,,,,,,,,,,,0.0,0.0,13.0,NEUTRAL,,LARGE,,,,,,,,,,0.0
NAVINFLUOR,,,,,,1.05,,,,2026-06-22,,,,,,,,,,,,-0.2,,0.0,,,,,,,,,,,,,,,,,,,,,,,,,,,,,,0.0,0.0,5.0,NEUTRAL,,LARGE,,,,,,,,,,0.0
NETWEB,,,,,,0.99,,,,2026-06-22,,,,,,,,,,,,1.9,,0.0,,,,,,,,,,,,,,,,,,,,,,,,,,,,,,0.0,0.0,5.0,NEUTRAL,,LARGE,,,,,,,,,,0.0
OBEROIRLTY,,,,,,0.45,,,,2026-06-22,,,,,,,,,,,,2.4,,0.0,,,,,,,,,,,,,,,,,,,,,,,,,,,,,,0.0,0.0,9.0,NEUTRAL,,LARGE,,,,,,,,,,0.0
ONGC,,,,,,-0.32,,,,2026-06-22,,,,,,,,,,,,-7.0,,0.0,,,,,,,,,,,,,,,,,,,,,,,,,,,,,,0.0,15.0,15.0,NEUTRAL,,MEGA,,,,,,,,,,0.0
OFSS,,,,,,0.96,,,,2026-06-22,,,,,,,,,,,,1.9,,0.0,,,,,,,,,,,,,,,,,,,,,,,,,,,,,,0.0,86.0,8.0,NEUTRAL,,LARGE,,,,,,,,,,0.0
PAGEIND,,,,,,-1.64,,,,2026-06-22,,,,,,,,,,,,6.2,,0.0,,,,,,,,,,,,,,,,,,,,,,,,,,,,,,0.0,0.0,3.0,NEUTRAL,,LARGE,,,,,,,,,,0.0
PATANJALI,,,,,,-0.82,,,,2026-06-22,,,,,,,,,,,,-1.0,,0.0,,,,,,,,,,,,,,,,,,,,,,,,,,,,,,0.0,-1.0,7.0,NEUTRAL,,LARGE,,,,,,,,,,0.0
RRKABEL,,,,,,1.39,,,,2026-06-22,,,,,,,,,,,,7.3,,0.0,,,,,,,,,,,,,,,,,,,,,,,,,,,,,,0.0,0.0,5.0,NEUTRAL,,LARGE,,,,,,,,,,0.0
SARDAEN,,,,,,1.23,,,,2026-06-22,,,,,,,,,,,,-0.2,,-17.5,,,,,,,,,,,,,,,,,,,,,,,,,,,,,,-40.0,0.0,9.0,NEUTRAL,,MID,,,,,,,,,,0.0
SOLARINDS,,,,,,2.15,,,,2026-06-22,,,,,,,,,,,,-0.2,,0.0,,,,,,,,,,,,,,,,,,,,,,,,,,,,,,0.0,0.0,5.0,NEUTRAL,,MEGA,,,,,,,,,,0.0
TBOTEK,,,,,,-2.27,,,,2026-06-22,,,,,,,,,,,,6.2,,0.9,,,,,,,,,,,,,,,,,,,,,,,,,,,,,,0.0,0.0,-1.0,NEUTRAL,,MID,,,,,,,,,,0.0
TCS,,,,,,0.13,,,,2026-06-22,,,,,,,,,,,,1.9,,0.0,,,,,,,,,,,,,,,,,,,,,,,,,,,,,,0.0,-1.6,10.0,NEUTRAL,,MEGA,,,,,,,,,,0.0
TRENT,,,,,,-0.79,,,,2026-06-22,,,,,,,,,,,,6.2,,0.0,,,,,,,,,,,,,,,,,,,,,,,,,,,,,,0.0,0.0,5.0,NEUTRAL,,MEGA,,,,,,,,,,0.0
UNOMINDA,,,,,,0.1,,,,2026-06-22,,,,,,,,,,,,6.2,,0.0,,,,,,,,,,,,,,,,,,,,,,,,,,,,,,0.0,0.0,2.0,NEUTRAL,,LARGE,,,,,,,,,,0.0
VIJAYA,,,,,,-2.85,,,,2026-06-22,,,,,,,,,,,,5.4,,1.1,,,,,,,,,,,,,,,,,,,,,,,,,,,,,,0.0,0.0,2.0,NEUTRAL,,MID,,,,,,,,,,0.0
ZFCVINDIA,,,,,,-1.29,,,,2026-06-22,,,,,,,,,,,,6.2,,0.0,,,,,,,,,,,,,,,,,,,,,,,,,,,,,,0.0,0.0,-2.0,NEUTRAL,,LARGE,,,,,,,,,,0.0
ZYDUSLIFE,,,,,,1.37,,,,2026-06-22,,,,,,,,,,,,5.4,,0.0,,,,,,,,,,,,,,,,,,,,,,,,,,,,,,0.0,0.0,9.0,NEUTRAL,,MEGA,,,,,,,,,,0.0
ECLERX,,,,,,2.19,,,,2026-06-22,,,,,,,,,,,,1.9,,1.4,,,,,,,,,,,,,,,,,,,,,,,,,,,,,,0.0,0.0,10.0,NEUTRAL,,MID,,,,,,,,,,0.0
AIAENG,,,,,,0.79,,,,2026-06-23,,,,,,,,,,,,6.3,,0.0,,,,,,,,,,,,,,,,,,,,,,,,,,,,,,0.0,0.0,5.0,NEUTRAL,,LARGE,,,,,,,,,,0.0
AFFLE,,,,,,-0.99,,,,2026-06-23,,,,,,,,,,,,-0.6,,26.1,,,,,,,,,,,,,,,,,,,,,,,,,,,,,,40.0,0.0,2.0,POSITIVE,,LARGE,,,,,,,,,,1.0
APARINDS,,,,,,2.98,,,,2026-06-23,,,,,,,,,,,,6.3,,0.0,,,,,,,,,,,,,,,,,,,,,,,,,,,,,,0.0,0.0,2.0,NEUTRAL,,LARGE,,,,,,,,,,0.0
ASIANPAINT,,,,,,-0.48,,,,2026-06-23,,,,,,,,,,,,-2.5,,0.0,,,,,,,,,,,,,,,,,,,,,,,,,,,,,,0.0,0.0,3.0,NEUTRAL,,MEGA,,,,,,,,,,0.0
BLS,,,,,,-1.8,,,,2026-06-23,,,,,,,,,,,,6.3,,2.1,,,,,,,,,,,,,,,,,,,,,,,,,,,,,,0.0,0.0,10.0,NEUTRAL,,MID,,,,,,,,,,0.0
BSE,,,,,,-2.25,,,,2026-06-23,,,,,,,,,,,,-3.2,,0.0,,,,,,,,,,,,,,,,,,,,,,,,,,,,,,0.0,4.9,3.0,NEUTRAL,,MEGA,,,,,,,,,,0.0
BEL,,,,,,-2.67,,,,2026-06-23,,,,,,,,,,,,6.3,,0.0,,,,,,,,,,,,,,,,,,,,,,,,,,,,,,0.0,24.3,3.0,NEUTRAL,,MEGA,,,,,,,,,,0.0
BIKAJI,,,,,,-0.5,,,,2026-06-23,,,,,,,,,,,,-0.8,,0.1,,,,,,,,,,,,,,,,,,,,,,,,,,,,,,0.0,0.0,2.0,NEUTRAL,,MID,,,,,,,,,,0.0
BLUESTARCO,,,,,,-0.17,,,,2026-06-23,,,,,,,,,,,,6.3,,0.0,,,,,,,,,,,,,,,,,,,,,,,,,,,,,,0.0,0.0,2.0,NEUTRAL,,LARGE,,,,,,,,,,0.0
BRITANNIA,,,,,,0.45,,,,2026-06-23,,,,,,,,,,,,-0.8,,0.0,,,,,,,,,,,,,,,,,,,,,,,,,,,,,,0.0,0.0,6.0,NEUTRAL,,MEGA,,,,,,,,,,0.0
CAPLIPOINT,,,,,,-1.83,,,,2026-06-23,,,,,,,,,,,,5.0,,1.4,,,,,,,,,,,,,,,,,,,,,,,,,,,,,,0.0,0.0,5.0,NEUTRAL,,MID,,,,,,,,,,0.0
CEMPRO,,,,,,-3.98,,,,2026-06-23,,,,,,,,,,,,6.3,,-24.1,,,,,,,,,,,,,,,,,,,,,,,,,,,,,,-40.0,0.0,8.0,NEGATIVE,,LARGE,,,,,,,,,,-1.0
DOMS,,,,,,0.93,,,,2026-06-23,,,,,,,,,,,,6.3,,1.6,,,,,,,,,,,,,,,,,,,,,,,,,,,,,,0.0,0.0,5.0,NEUTRAL,,MID,,,,,,,,,,0.0
DIXON,,,,,,-3.27,,,,2026-06-23,,,,,,,,,,,,-0.7,,0.0,,,,,,,,,,,,,,,,,,,,,,,,,,,,,,0.0,0.0,8.0,NEUTRAL,,LARGE,,,,,,,,,,0.0
ELGIEQUIP,,,,,,0.9,,,,2026-06-23,,,,,,,,,,,,6.3,,1.9,,,,,,,,,,,,,,,,,,,,,,,,,,,,,,0.0,0.0,8.0,NEUTRAL,,MID,,,,,,,,,,0.0
ENDURANCE,,,,,,0.05,,,,2026-06-23,,,,,,,,,,,,5.7,,0.0,,,,,,,,,,,,,,,,,,,,,,,,,,,,,,0.0,0.0,5.0,NEUTRAL,,LARGE,,,,,,,,,,0.0
GABRIEL,,,,,,-1.97,,,,2026-06-23,,,,,,,,,,,,5.7,,0.0,,,,,,,,,,,,,,,,,,,,,,,,,,,,,,0.0,0.0,2.0,NEUTRAL,,LARGE,,,,,,,,,,0.0
MEDANTA,,,,,,1.14,,,,2026-06-23,,,,,,,,,,,,5.0,,0.0,,,,,,,,,,,,,,,,,,,,,,,,,,,,,,0.0,0.0,2.0,NEUTRAL,,LARGE,,,,,,,,,,0.0
GRANULES,,,,,,1.23,,,,2026-06-23,,,,,,,,,,,,5.0,,1.6,,,,,,,,,,,,,,,,,,,,,,,,,,,,,,0.0,0.0,7.0,NEUTRAL,,MID,,,,,,,,,,0.0
GRAVITA,,,,,,-1.74,,,,2026-06-23,,,,,,,,,,,,6.3,,1.6,,,,,,,,,,,,,,,,,,,,,,,,,,,,,,0.0,0.0,5.0,NEUTRAL,,MID,,,,,,,,,,0.0
HSCL,,,,,,-2.41,,,,2026-06-23,,,,,,,,,,,,-2.5,,0.0,,,,,,,,,,,,,,,,,,,,,,,,,,,,,,0.0,0.0,5.0,NEUTRAL,,LARGE,,,,,,,,,,0.0
HINDZINC,,,,,,-4.61,,,,2026-06-23,,,,,,,,,,,,-2.5,,0.0,,,,,,,,,,,,,,,,,,,,,,,,,,,,,,0.0,0.0,10.0,NEUTRAL,,MEGA,,,,,,,,,,0.0
INDHOTEL,,,,,,-1.22,,,,2026-06-23,,,,,,,,,,,,5.7,,0.0,,,,,,,,,,,,,,,,,,,,,,,,,,,,,,0.0,0.0,5.0,NEUTRAL,,MEGA,,,,,,,,,,0.0
JSL,,,,,,-2.45,,,,2026-06-23,,,,,,,,,,,,-2.5,,0.0,,,,,,,,,,,,,,,,,,,,,,,,,,,,,,0.0,0.0,7.0,NEUTRAL,,LARGE,,,,,,,,,,0.0
KPIL,,,,,,-0.01,,,,2026-06-23,,,,,,,,,,,,6.3,,0.0,,,,,,,,,,,,,,,,,,,,,,,,,,,,,,0.0,0.0,9.0,NEUTRAL,,LARGE,,,,,,,,,,0.0
LODHA,,,,,,-1.72,,,,2026-06-23,,,,,,,,,,,,1.8,,0.0,,,,,,,,,,,,,,,,,,,,,,,,,,,,,,0.0,0.0,7.0,NEUTRAL,,LARGE,,,,,,,,,,0.0
LUPIN,,,,,,0.76,,,,2026-06-23,,,,,,,,,,,,5.0,,0.0,,,,,,,,,,,,,,,,,,,,,,,,,,,,,,0.0,0.0,12.0,NEUTRAL,,MEGA,,,,,,,,,,0.0
MRF,,,,,,-0.16,,,,2026-06-23,,,,,,,,,,,,5.7,,0.0,,,,,,,,,,,,,,,,,,,,,,,,,,,,,,0.0,0.0,9.0,NEUTRAL,,LARGE,,,,,,,,,,0.0
MANKIND,,,,,,-0.38,,,,2026-06-23,,,,,,,,,,,,5.0,,0.0,,,,,,,,,,,,,,,,,,,,,,,,,,,,,,0.0,0.0,2.0,NEUTRAL,,MEGA,,,,,,,,,,0.0
MARICO,,,,,,1.06,,,,2026-06-23,,,,,,,,,,,,-0.8,,0.0,,,,,,,,,,,,,,,,,,,,,,,,,,,,,,0.0,0.0,5.0,NEUTRAL,,MEGA,,,,,,,,,,0.0
MAXHEALTH,,,,,,-1.55,,,,2026-06-23,,,,,,,,,,,,5.0,,0.0,,,,,,,,,,,,,,,,,,,,,,,,,,,,,,0.0,0.0,2.0,NEUTRAL,,MEGA,,,,,,,,,,0.0
MSUMI,,,,,,-1.51,,,,2026-06-23,,,,,,,,,,,,5.7,,0.0,,,,,,,,,,,,,,,,,,,,,,,,,,,,,,0.0,0.0,6.0,NEUTRAL,,LARGE,,,,,,,,,,0.0
MPHASIS,,,,,,-1.56,,,,2026-06-23,,,,,,,,,,,,-0.7,,0.0,,,,,,,,,,,,,,,,,,,,,,,,,,,,,,0.0,0.0,7.0,NEUTRAL,,LARGE,,,,,,,,,,0.0
MCX,,,,,,-1.37,,,,2026-06-23,,,,,,,,,,,,-3.2,,0.0,,,,,,,,,,,,,,,,,,,,,,,,,,,,,,0.0,-69.2,5.0,NEUTRAL,,LARGE,,,,,,,,,,0.0
NMDC,,,,,,-3.32,,,,2026-06-23,,,,,,,,,,,,-2.5,,0.0,,,,,,,,,,,,,,,,,,,,,,,,,,,,,,0.0,0.0,15.0,NEUTRAL,,LARGE,,,,,,,,,,0.0
NATIONALUM,,,,,,-5.97,,,,2026-06-23,,,,,,,,,,,,-2.5,,0.0,,,,,,,,,,,,,,,,,,,,,,,,,,,,,,0.0,0.0,13.0,NEUTRAL,,LARGE,,,,,,,,,,0.0
NAVINFLUOR,,,,,,-0.94,,,,2026-06-23,,,,,,,,,,,,-2.5,,0.0,,,,,,,,,,,,,,,,,,,,,,,,,,,,,,0.0,0.0,5.0,NEUTRAL,,LARGE,,,,,,,,,,0.0
NETWEB,,,,,,-3.64,,,,2026-06-23,,,,,,,,,,,,-0.7,,0.0,,,,,,,,,,,,,,,,,,,,,,,,,,,,,,0.0,0.0,5.0,NEUTRAL,,LARGE,,,,,,,,,,0.0
OBEROIRLTY,,,,,,0.79,,,,2026-06-23,,,,,,,,,,,,1.8,,0.0,,,,,,,,,,,,,,,,,,,,,,,,,,,,,,0.0,0.0,9.0,NEUTRAL,,LARGE,,,,,,,,,,0.0
ONGC,,,,,,-0.45,,,,2026-06-23,,,,,,,,,,,,-6.6,,0.0,,,,,,,,,,,,,,,,,,,,,,,,,,,,,,0.0,21.3,15.0,NEUTRAL,,MEGA,,,,,,,,,,0.0
OFSS,,,,,,1.35,,,,2026-06-23,,,,,,,,,,,,-0.7,,0.0,,,,,,,,,,,,,,,,,,,,,,,,,,,,,,0.0,0.0,8.0,NEUTRAL,,LARGE,,,,,,,,,,0.0
PAGEIND,,,,,,1.67,,,,2026-06-23,,,,,,,,,,,,5.7,,0.0,,,,,,,,,,,,,,,,,,,,,,,,,,,,,,0.0,0.0,3.0,NEUTRAL,,LARGE,,,,,,,,,,0.0
PATANJALI,,,,,,-0.87,,,,2026-06-23,,,,,,,,,,,,-0.8,,0.0,,,,,,,,,,,,,,,,,,,,,,,,,,,,,,0.0,-1.0,9.0,NEUTRAL,,LARGE,,,,,,,,,,0.0
RRKABEL,,,,,,0.63,,,,2026-06-23,,,,,,,,,,,,6.3,,0.0,,,,,,,,,,,,,,,,,,,,,,,,,,,,,,0.0,0.0,5.0,NEUTRAL,,LARGE,,,,,,,,,,0.0
SARDAEN,,,,,,-1.56,,,,2026-06-23,,,,,,,,,,,,-2.5,,0.6,,,,,,,,,,,,,,,,,,,,,,,,,,,,,,0.0,0.0,9.0,NEUTRAL,,MID,,,,,,,,,,0.0
SOLARINDS,,,,,,-1.16,,,,2026-06-23,,,,,,,,,,,,-2.5,,0.0,,,,,,,,,,,,,,,,,,,,,,,,,,,,,,0.0,0.0,5.0,NEUTRAL,,MEGA,,,,,,,,,,0.0
TBOTEK,,,,,,0.24,,,,2026-06-23,,,,,,,,,,,,5.7,,0.8,,,,,,,,,,,,,,,,,,,,,,,,,,,,,,0.0,0.0,-1.0,NEUTRAL,,MID,,,,,,,,,,0.0
TCS,,,,,,-3.21,,,,2026-06-23,,,,,,,,,,,,-0.7,,0.0,,,,,,,,,,,,,,,,,,,,,,,,,,,,,,0.0,6.4,10.0,NEUTRAL,,MEGA,,,,,,,,,,0.0
TRENT,,,,,,-1.19,,,,2026-06-23,,,,,,,,,,,,5.7,,0.0,,,,,,,,,,,,,,,,,,,,,,,,,,,,,,0.0,0.0,5.0,NEUTRAL,,MEGA,,,,,,,,,,0.0
UNOMINDA,,,,,,0.14,,,,2026-06-23,,,,,,,,,,,,5.7,,0.0,,,,,,,,,,,,,,,,,,,,,,,,,,,,,,0.0,0.0,2.0,NEUTRAL,,LARGE,,,,,,,,,,0.0
VIJAYA,,,,,,-2.32,,,,2026-06-23,,,,,,,,,,,,5.0,,1.0,,,,,,,,,,,,,,,,,,,,,,,,,,,,,,0.0,0.0,2.0,NEUTRAL,,MID,,,,,,,,,,0.0
ZFCVINDIA,,,,,,3.17,,,,2026-06-23,,,,,,,,,,,,5.7,,0.0,,,,,,,,,,,,,,,,,,,,,,,,,,,,,,0.0,0.0,-2.0,NEUTRAL,,LARGE,,,,,,,,,,0.0
ZYDUSLIFE,,,,,,2.46,,,,2026-06-23,,,,,,,,,,,,5.0,,0.0,,,,,,,,,,,,,,,,,,,,,,,,,,,,,,0.0,0.0,9.0,NEUTRAL,,MEGA,,,,,,,,,,0.0
ECLERX,,,,,,-4.5,,,,2026-06-23,,,,,,,,,,,,-0.7,,1.0,,,,,,,,,,,,,,,,,,,,,,,,,,,,,,0.0,0.0,10.0,NEUTRAL,,MID,,,,,,,,,,0.0
AIAENG,,,,,,-0.59,,,,2026-06-24,,,,,,,,,,,,5.2,,0.0,,,,,,,,,,,,,,,,,,,,,,,,,,,,,,0.0,0.0,5.0,NEUTRAL,,LARGE,,,,,,,,,,0.0
AFFLE,,,,,,-0.68,,,,2026-06-24,,,,,,,,,,,,-1.2,,26.0,,,,,,,,,,,,,,,,,,,,,,,,,,,,,,40.0,0.0,2.0,POSITIVE,,LARGE,,,,,,,,,,1.0
APARINDS,,,,,,0.07,,,,2026-06-24,,,,,,,,,,,,5.2,,0.0,,,,,,,,,,,,,,,,,,,,,,,,,,,,,,0.0,0.0,2.0,NEUTRAL,,LARGE,,,,,,,,,,0.0
ASIANPAINT,,,,,,0.24,,,,2026-06-24,,,,,,,,,,,,-2.2,,0.0,,,,,,,,,,,,,,,,,,,,,,,,,,,,,,0.0,0.0,3.0,NEUTRAL,,MEGA,,,,,,,,,,0.0
BLS,,,,,,-1.18,,,,2026-06-24,,,,,,,,,,,,5.2,,1.9,,,,,,,,,,,,,,,,,,,,,,,,,,,,,,0.0,0.0,10.0,NEUTRAL,,MID,,,,,,,,,,0.0
BSE,,,,,,-1.4,,,,2026-06-24,,,,,,,,,,,,-3.2,,0.0,,,,,,,,,,,,,,,,,,,,,,,,,,,,,,0.0,-5.0,3.0,NEUTRAL,,MEGA,,,,,,,,,,0.0
BEL,,,,,,-1.54,,,,2026-06-24,,,,,,,,,,,,5.2,,0.0,,,,,,,,,,,,,,,,,,,,,,,,,,,,,,0.0,1.5,3.0,NEUTRAL,,MEGA,,,,,,,,,,0.0
BIKAJI,,,,,,-1.33,,,,2026-06-24,,,,,,,,,,,,-0.9,,0.1,,,,,,,,,,,,,,,,,,,,,,,,,,,,,,0.0,0.0,2.0,NEUTRAL,,MID,,,,,,,,,,0.0
BLUESTARCO,,,,,,-0.55,,,,2026-06-24,,,,,,,,,,,,5.2,,0.0,,,,,,,,,,,,,,,,,,,,,,,,,,,,,,0.0,0.0,2.0,NEUTRAL,,LARGE,,,,,,,,,,0.0
BRITANNIA,,,,,,0.41,,,,2026-06-24,,,,,,,,,,,,-0.9,,0.0,,,,,,,,,,,,,,,,,,,,,,,,,,,,,,0.0,-1.7,6.0,NEUTRAL,,MEGA,,,,,,,,,,0.0
CAPLIPOINT,,,,,,1.13,,,,2026-06-24,,,,,,,,,,,,4.6,,1.3,,,,,,,,,,,,,,,,,,,,,,,,,,,,,,0.0,0.0,5.0,NEUTRAL,,MID,,,,,,,,,,0.0
CEMPRO,,,,,,-0.68,,,,2026-06-24,,,,,,,,,,,,5.2,,0.0,,,,,,,,,,,,,,,,,,,,,,,,,,,,,,0.0,0.0,8.0,NEUTRAL,,LARGE,,,,,,,,,,0.0
DOMS,,,,,,-0.16,,,,2026-06-24,,,,,,,,,,,,5.2,,1.4,,,,,,,,,,,,,,,,,,,,,,,,,,,,,,0.0,0.0,5.0,NEUTRAL,,MID,,,,,,,,,,0.0
DIXON,,,,,,1.29,,,,2026-06-24,,,,,,,,,,,,1.5,,0.0,,,,,,,,,,,,,,,,,,,,,,,,,,,,,,0.0,5.0,8.0,NEUTRAL,,LARGE,,,,,,,,,,0.0
ELGIEQUIP,,,,,,-1.69,,,,2026-06-24,,,,,,,,,,,,5.2,,1.7,,,,,,,,,,,,,,,,,,,,,,,,,,,,,,0.0,0.0,8.0,NEUTRAL,,MID,,,,,,,,,,0.0
ENDURANCE,,,,,,0.98,,,,2026-06-24,,,,,,,,,,,,-2.9,,0.0,,,,,,,,,,,,,,,,,,,,,,,,,,,,,,0.0,0.0,5.0,NEUTRAL,,LARGE,,,,,,,,,,0.0
GABRIEL,,,,,,1.98,,,,2026-06-24,,,,,,,,,,,,-2.9,,0.0,,,,,,,,,,,,,,,,,,,,,,,,,,,,,,0.0,0.0,2.0,NEUTRAL,,LARGE,,,,,,,,,,0.0
MEDANTA,,,,,,1.2,,,,2026-06-24,,,,,,,,,,,,4.6,,0.0,,,,,,,,,,,,,,,,,,,,,,,,,,,,,,0.0,0.0,2.0,NEUTRAL,,LARGE,,,,,,,,,,0.0
GRANULES,,,,,,-2.18,,,,2026-06-24,,,,,,,,,,,,4.6,,1.5,,,,,,,,,,,,,,,,,,,,,,,,,,,,,,0.0,0.0,7.0,NEUTRAL,,MID,,,,,,,,,,0.0
GRAVITA,,,,,,0.29,,,,2026-06-24,,,,,,,,,,,,5.2,,1.4,,,,,,,,,,,,,,,,,,,,,,,,,,,,,,0.0,0.0,5.0,NEUTRAL,,MID,,,,,,,,,,0.0
HSCL,,,,,,3.72,,,,2026-06-24,,,,,,,,,,,,-2.2,,0.0,,,,,,,,,,,,,,,,,,,,,,,,,,,,,,0.0,0.0,5.0,NEUTRAL,,LARGE,,,,,,,,,,0.0
HINDZINC,,,,,,-0.89,,,,2026-06-24,,,,,,,,,,,,-2.2,,0.0,,,,,,,,,,,,,,,,,,,,,,,,,,,,,,0.0,0.0,10.0,NEUTRAL,,MEGA,,,,,,,,,,0.0
INDHOTEL,,,,,,0.2,,,,2026-06-24,,,,,,,,,,,,-2.9,,0.0,,,,,,,,,,,,,,,,,,,,,,,,,,,,,,0.0,0.0,5.0,NEUTRAL,,MEGA,,,,,,,,,,0.0
JSL,,,,,,0.52,,,,2026-06-24,,,,,,,,,,,,-2.2,,0.0,,,,,,,,,,,,,,,,,,,,,,,,,,,,,,0.0,0.0,7.0,NEUTRAL,,LARGE,,,,,,,,,,0.0
KPIL,,,,,,-2.88,,,,2026-06-24,,,,,,,,,,,,5.2,,0.0,,,,,,,,,,,,,,,,,,,,,,,,,,,,,,0.0,0.0,9.0,NEUTRAL,,LARGE,,,,,,,,,,0.0
LODHA,,,,,,2.98,,,,2026-06-24,,,,,,,,,,,,4.5,,0.0,,,,,,,,,,,,,,,,,,,,,,,,,,,,,,0.0,35.2,7.0,NEUTRAL,,LARGE,,,,,,,,,,0.0
LUPIN,,,,,,0.42,,,,2026-06-24,,,,,,,,,,,,4.6,,0.0,,,,,,,,,,,,,,,,,,,,,,,,,,,,,,0.0,0.0,12.0,NEUTRAL,,MEGA,,,,,,,,,,0.0
MRF,,,,,,-0.94,,,,2026-06-24,,,,,,,,,,,,-2.9,,0.0,,,,,,,,,,,,,,,,,,,,,,,,,,,,,,0.0,0.0,9.0,NEUTRAL,,LARGE,,,,,,,,,,0.0
MANKIND,,,,,,-1.8,,,,2026-06-24,,,,,,,,,,,,4.6,,0.0,,,,,,,,,,,,,,,,,,,,,,,,,,,,,,0.0,0.0,2.0,NEUTRAL,,MEGA,,,,,,,,,,0.0
MARICO,,,,,,-0.19,,,,2026-06-24,,,,,,,,,,,,-0.9,,0.0,,,,,,,,,,,,,,,,,,,,,,,,,,,,,,0.0,0.0,5.0,NEUTRAL,,MEGA,,,,,,,,,,0.0
MAXHEALTH,,,,,,0.34,,,,2026-06-24,,,,,,,,,,,,4.6,,0.0,,,,,,,,,,,,,,,,,,,,,,,,,,,,,,0.0,0.0,2.0,NEUTRAL,,MEGA,,,,,,,,,,0.0
MSUMI,,,,,,0.03,,,,2026-06-24,,,,,,,,,,,,-2.9,,0.0,,,,,,,,,,,,,,,,,,,,,,,,,,,,,,0.0,0.0,6.0,NEUTRAL,,LARGE,,,,,,,,,,0.0
MPHASIS,,,,,,0.74,,,,2026-06-24,,,,,,,,,,,,1.5,,0.0,,,,,,,,,,,,,,,,,,,,,,,,,,,,,,0.0,0.0,7.0,NEUTRAL,,LARGE,,,,,,,,,,0.0
MCX,,,,,,0.34,,,,2026-06-24,,,,,,,,,,,,-3.2,,0.0,,,,,,,,,,,,,,,,,,,,,,,,,,,,,,0.0,0.0,5.0,NEUTRAL,,LARGE,,,,,,,,,,0.0
NMDC,,,,,,0.52,,,,2026-06-24,,,,,,,,,,,,-2.2,,0.0,,,,,,,,,,,,,,,,,,,,,,,,,,,,,,0.0,0.0,15.0,NEUTRAL,,LARGE,,,,,,,,,,0.0
NATIONALUM,,,,,,-1.93,,,,2026-06-24,,,,,,,,,,,,-2.2,,0.0,,,,,,,,,,,,,,,,,,,,,,,,,,,,,,0.0,0.0,13.0,NEUTRAL,,LARGE,,,,,,,,,,0.0
NAVINFLUOR,,,,,,2.64,,,,2026-06-24,,,,,,,,,,,,-2.2,,0.0,,,,,,,,,,,,,,,,,,,,,,,,,,,,,,0.0,0.0,5.0,NEUTRAL,,LARGE,,,,,,,,,,0.0
NETWEB,,,,,,3.02,,,,2026-06-24,,,,,,,,,,,,1.5,,0.0,,,,,,,,,,,,,,,,,,,,,,,,,,,,,,0.0,0.0,5.0,NEUTRAL,,LARGE,,,,,,,,,,0.0
OBEROIRLTY,,,,,,2.86,,,,2026-06-24,,,,,,,,,,,,4.5,,0.0,,,,,,,,,,,,,,,,,,,,,,,,,,,,,,0.0,0.0,7.0,NEUTRAL,,LARGE,,,,,,,,,,0.0
ONGC,,,,,,-1.78,,,,2026-06-24,,,,,,,,,,,,-7.4,,0.0,,,,,,,,,,,,,,,,,,,,,,,,,,,,,,0.0,0.0,15.0,NEUTRAL,,MEGA,,,,,,,,,,0.0
OFSS,,,,,,6.14,,,,2026-06-24,,,,,,,,,,,,1.5,,0.0,,,,,,,,,,,,,,,,,,,,,,,,,,,,,,0.0,0.0,8.0,NEUTRAL,,LARGE,,,,,,,,,,0.0
PAGEIND,,,,,,2.28,,,,2026-06-24,,,,,,,,,,,,-2.9,,0.0,,,,,,,,,,,,,,,,,,,,,,,,,,,,,,0.0,0.0,3.0,NEUTRAL,,LARGE,,,,,,,,,,0.0
PATANJALI,,,,,,-0.1,,,,2026-06-24,,,,,,,,,,,,-0.9,,0.0,,,,,,,,,,,,,,,,,,,,,,,,,,,,,,0.0,-1.0,9.0,NEUTRAL,,LARGE,,,,,,,,,,0.0
RRKABEL,,,,,,2.95,,,,2026-06-24,,,,,,,,,,,,5.2,,0.0,,,,,,,,,,,,,,,,,,,,,,,,,,,,,,0.0,0.0,5.0,NEUTRAL,,LARGE,,,,,,,,,,0.0
SARDAEN,,,,,,-1.47,,,,2026-06-24,,,,,,,,,,,,-2.2,,0.6,,,,,,,,,,,,,,,,,,,,,,,,,,,,,,0.0,0.0,9.0,NEUTRAL,,MID,,,,,,,,,,0.0
SOLARINDS,,,,,,-1.99,,,,2026-06-24,,,,,,,,,,,,-2.2,,0.0,,,,,,,,,,,,,,,,,,,,,,,,,,,,,,0.0,0.0,5.0,NEUTRAL,,MEGA,,,,,,,,,,0.0
TBOTEK,,,,,,-1.38,,,,2026-06-24,,,,,,,,,,,,-2.9,,-0.6,,,,,,,,,,,,,,,,,,,,,,,,,,,,,,0.0,0.0,-1.0,NEUTRAL,,MID,,,,,,,,,,0.0
TCS,,,,,,2.4,,,,2026-06-24,,,,,,,,,,,,1.5,,0.0,,,,,,,,,,,,,,,,,,,,,,,,,,,,,,0.0,-2.0,10.0,NEUTRAL,,MEGA,,,,,,,,,,0.0
TRENT,,,,,,3.31,,,,2026-06-24,,,,,,,,,,,,-2.9,,0.0,,,,,,,,,,,,,,,,,,,,,,,,,,,,,,0.0,1.9,5.0,NEUTRAL,,MEGA,,,,,,,,,,0.0
UNOMINDA,,,,,,-1.32,,,,2026-06-24,,,,,,,,,,,,-2.9,,0.0,,,,,,,,,,,,,,,,,,,,,,,,,,,,,,0.0,0.0,2.0,NEUTRAL,,LARGE,,,,,,,,,,0.0
VIJAYA,,,,,,1.39,,,,2026-06-24,,,,,,,,,,,,4.6,,1.0,,,,,,,,,,,,,,,,,,,,,,,,,,,,,,0.0,0.0,2.0,NEUTRAL,,MID,,,,,,,,,,0.0
ZFCVINDIA,,,,,,-83.46,,,,2026-06-24,,,,,,,,,,,,-2.9,,0.0,,,,,,,,,,,,,,,,,,,,,,,,,,,,,,0.0,0.0,5.0,NEUTRAL,,LARGE,,,,,,,,,,0.0
ZYDUSLIFE,,,,,,-1.16,,,,2026-06-24,,,,,,,,,,,,4.6,,0.0,,,,,,,,,,,,,,,,,,,,,,,,,,,,,,0.0,0.0,9.0,NEUTRAL,,MEGA,,,,,,,,,,0.0
ECLERX,,,,,,0.69,,,,2026-06-24,,,,,,,,,,,,1.5,,1.3,,,,,,,,,,,,,,,,,,,,,,,,,,,,,,0.0,0.0,10.0,NEUTRAL,,MID,,,,,,,,,,0.0
AIAENG,,,,,,-0.57,,,,2026-06-25,,,,,,,,,,,,3.7,,0.0,,,,,,,,,,,,,,,,,,,,,,,,,,,,,,0.0,0.0,5.0,NEUTRAL,,LARGE,,,,,,,,,,0.0
AFFLE,,,,,,-0.42,,,,2026-06-25,,,,,,,,,,,,-1.5,,0.0,,,,,,,,,,,,,,,,,,,,,,,,,,,,,,0.0,0.0,2.0,NEUTRAL,,LARGE,,,,,,,,,,0.0
APARINDS,,,,,,-3.86,,,,2026-06-25,,,,,,,,,,,,3.7,,0.0,,,,,,,,,,,,,,,,,,,,,,,,,,,,,,0.0,0.0,2.0,NEUTRAL,,LARGE,,,,,,,,,,0.0
ASIANPAINT,,,,,,-0.84,,,,2026-06-25,,,,,,,,,,,,-3.1,,0.0,,,,,,,,,,,,,,,,,,,,,,,,,,,,,,0.0,0.0,3.0,NEUTRAL,,MEGA,,,,,,,,,,0.0
BLS,,,,,,0.04,,,,2026-06-25,,,,,,,,,,,,3.7,,1.7,,,,,,,,,,,,,,,,,,,,,,,,,,,,,,0.0,0.0,10.0,NEUTRAL,,MID,,,,,,,,,,0.0
BSE,,,,,,-0.37,,,,2026-06-25,,,,,,,,,,,,-2.9,,0.0,,,,,,,,,,,,,,,,,,,,,,,,,,,,,,0.0,2.0,3.0,NEUTRAL,,MEGA,,,,,,,,,,0.0
BEL,,,,,,-1.54,,,,2026-06-25,,,,,,,,,,,,3.7,,0.0,,,,,,,,,,,,,,,,,,,,,,,,,,,,,,0.0,0.0,6.0,NEUTRAL,,MEGA,,,,,,,,,,0.0
BIKAJI,,,,,,-1.59,,,,2026-06-25,,,,,,,,,,,,-1.2,,0.0,,,,,,,,,,,,,,,,,,,,,,,,,,,,,,0.0,0.0,2.0,NEUTRAL,,MID,,,,,,,,,,0.0
BLUESTARCO,,,,,,-0.94,,,,2026-06-25,,,,,,,,,,,,3.7,,0.0,,,,,,,,,,,,,,,,,,,,,,,,,,,,,,0.0,0.0,2.0,NEUTRAL,,LARGE,,,,,,,,,,0.0
BRITANNIA,,,,,,-0.48,,,,2026-06-25,,,,,,,,,,,,-1.2,,0.0,,,,,,,,,,,,,,,,,,,,,,,,,,,,,,0.0,-1.7,6.0,NEUTRAL,,MEGA,,,,,,,,,,0.0
CAPLIPOINT,,,,,,-0.5,,,,2026-06-25,,,,,,,,,,,,4.8,,1.3,,,,,,,,,,,,,,,,,,,,,,,,,,,,,,0.0,0.0,5.0,NEUTRAL,,MID,,,,,,,,,,0.0
CEMPRO,,,,,,-0.07,,,,2026-06-25,,,,,,,,,,,,3.7,,0.0,,,,,,,,,,,,,,,,,,,,,,,,,,,,,,0.0,0.0,8.0,NEUTRAL,,LARGE,,,,,,,,,,0.0
DOMS,,,,,,-1.95,,,,2026-06-25,,,,,,,,,,,,3.7,,-24.9,,,,,,,,,,,,,,,,,,,,,,,,,,,,,,-40.0,0.0,5.0,NEGATIVE,,MID,,,,,,,,,,-1.0
DIXON,,,,,,-0.6,,,,2026-06-25,,,,,,,,,,,,1.6,,0.0,,,,,,,,,,,,,,,,,,,,,,,,,,,,,,0.0,0.0,8.0,NEUTRAL,,LARGE,,,,,,,,,,0.0
ELGIEQUIP,,,,,,-0.87,,,,2026-06-25,,,,,,,,,,,,3.7,,1.5,,,,,,,,,,,,,,,,,,,,,,,,,,,,,,0.0,0.0,8.0,NEUTRAL,,MID,,,,,,,,,,0.0
ENDURANCE,,,,,,-0.42,,,,2026-06-25,,,,,,,,,,,,-2.2,,0.0,,,,,,,,,,,,,,,,,,,,,,,,,,,,,,0.0,0.0,5.0,NEUTRAL,,LARGE,,,,,,,,,,0.0
GABRIEL,,,,,,-0.99,,,,2026-06-25,,,,,,,,,,,,-2.2,,0.0,,,,,,,,,,,,,,,,,,,,,,,,,,,,,,0.0,0.0,2.0,NEUTRAL,,LARGE,,,,,,,,,,0.0
MEDANTA,,,,,,-0.46,,,,2026-06-25,,,,,,,,,,,,4.8,,0.0,,,,,,,,,,,,,,,,,,,,,,,,,,,,,,0.0,0.0,2.0,NEUTRAL,,LARGE,,,,,,,,,,0.0
GRANULES,,,,,,-0.86,,,,2026-06-25,,,,,,,,,,,,4.8,,1.5,,,,,,,,,,,,,,,,,,,,,,,,,,,,,,0.0,0.0,7.0,NEUTRAL,,MID,,,,,,,,,,0.0
GRAVITA,,,,,,-2.55,,,,2026-06-25,,,,,,,,,,,,3.7,,1.4,,,,,,,,,,,,,,,,,,,,,,,,,,,,,,0.0,0.0,7.0,NEUTRAL,,MID,,,,,,,,,,0.0
HSCL,,,,,,2.28,,,,2026-06-25,,,,,,,,,,,,-3.1,,-25.9,,,,,,,,,,,,,,,,,,,,,,,,,,,,,,-40.0,0.0,5.0,NEGATIVE,,LARGE,,,,,,,,,,-1.0
HINDZINC,,,,,,-4.41,,,,2026-06-25,,,,,,,,,,,,-3.1,,0.0,,,,,,,,,,,,,,,,,,,,,,,,,,,,,,0.0,0.0,10.0,NEUTRAL,,MEGA,,,,,,,,,,0.0
INDHOTEL,,,,,,-0.67,,,,2026-06-25,,,,,,,,,,,,-2.2,,0.0,,,,,,,,,,,,,,,,,,,,,,,,,,,,,,0.0,0.0,5.0,NEUTRAL,,MEGA,,,,,,,,,,0.0
JSL,,,,,,0.01,,,,2026-06-25,,,,,,,,,,,,-3.1,,0.0,,,,,,,,,,,,,,,,,,,,,,,,,,,,,,0.0,0.0,7.0,NEUTRAL,,LARGE,,,,,,,,,,0.0
KPIL,,,,,,-1.0,,,,2026-06-25,,,,,,,,,,,,3.7,,0.0,,,,,,,,,,,,,,,,,,,,,,,,,,,,,,0.0,0.0,9.0,NEUTRAL,,LARGE,,,,,,,,,,0.0
LODHA,,,,,,1.02,,,,2026-06-25,,,,,,,,,,,,4.7,,0.0,,,,,,,,,,,,,,,,,,,,,,,,,,,,,,0.0,0.0,7.0,NEUTRAL,,LARGE,,,,,,,,,,0.0
LUPIN,,,,,,-1.02,,,,2026-06-25,,,,,,,,,,,,4.8,,0.0,,,,,,,,,,,,,,,,,,,,,,,,,,,,,,0.0,0.0,12.0,NEUTRAL,,MEGA,,,,,,,,,,0.0
MRF,,,,,,-0.44,,,,2026-06-25,,,,,,,,,,,,-2.2,,0.0,,,,,,,,,,,,,,,,,,,,,,,,,,,,,,0.0,0.0,9.0,NEUTRAL,,LARGE,,,,,,,,,,0.0
MANKIND,,,,,,-0.83,,,,2026-06-25,,,,,,,,,,,,4.8,,0.0,,,,,,,,,,,,,,,,,,,,,,,,,,,,,,0.0,0.0,2.0,NEUTRAL,,MEGA,,,,,,,,,,0.0
MARICO,,,,,,0.77,,,,2026-06-25,,,,,,,,,,,,-1.2,,0.0,,,,,,,,,,,,,,,,,,,,,,,,,,,,,,0.0,0.0,5.0,NEUTRAL,,MEGA,,,,,,,,,,0.0
MAXHEALTH,,,,,,3.85,,,,2026-06-25,,,,,,,,,,,,4.8,,0.0,,,,,,,,,,,,,,,,,,,,,,,,,,,,,,0.0,0.0,2.0,NEUTRAL,,MEGA,,,,,,,,,,0.0
MSUMI,,,,,,9.1,,,,2026-06-25,,,,,,,,,,,,-2.2,,0.0,,,,,,,,,,,,,,,,,,,,,,,,,,,,,,0.0,0.0,6.0,NEUTRAL,,LARGE,,,,,,,,,,0.0
MPHASIS,,,,,,0.1,,,,2026-06-25,,,,,,,,,,,,1.6,,0.0,,,,,,,,,,,,,,,,,,,,,,,,,,,,,,0.0,0.0,7.0,NEUTRAL,,LARGE,,,,,,,,,,0.0
MCX,,,,,,-0.31,,,,2026-06-25,,,,,,,,,,,,-2.9,,0.0,,,,,,,,,,,,,,,,,,,,,,,,,,,,,,0.0,-86.8,5.0,NEUTRAL,,LARGE,,,,,,,,,,0.0
NMDC,,,,,,-0.89,,,,2026-06-25,,,,,,,,,,,,-3.1,,0.0,,,,,,,,,,,,,,,,,,,,,,,,,,,,,,0.0,0.0,15.0,NEUTRAL,,LARGE,,,,,,,,,,0.0
NATIONALUM,,,,,,-4.71,,,,2026-06-25,,,,,,,,,,,,-3.1,,0.0,,,,,,,,,,,,,,,,,,,,,,,,,,,,,,0.0,0.0,13.0,NEUTRAL,,LARGE,,,,,,,,,,0.0
NAVINFLUOR,,,,,,-1.16,,,,2026-06-25,,,,,,,,,,,,-3.1,,0.0,,,,,,,,,,,,,,,,,,,,,,,,,,,,,,0.0,0.0,5.0,NEUTRAL,,LARGE,,,,,,,,,,0.0
NETWEB,,,,,,-2.57,,,,2026-06-25,,,,,,,,,,,,1.6,,0.0,,,,,,,,,,,,,,,,,,,,,,,,,,,,,,0.0,0.0,5.0,NEUTRAL,,LARGE,,,,,,,,,,0.0
OBEROIRLTY,,,,,,-0.22,,,,2026-06-25,,,,,,,,,,,,4.7,,0.0,,,,,,,,,,,,,,,,,,,,,,,,,,,,,,0.0,0.0,7.0,NEUTRAL,,LARGE,,,,,,,,,,0.0
ONGC,,,,,,-2.88,,,,2026-06-25,,,,,,,,,,,,-9.3,,0.0,,,,,,,,,,,,,,,,,,,,,,,,,,,,,,0.0,30.3,15.0,NEUTRAL,,MEGA,,,,,,,,,,0.0
OFSS,,,,,,4.83,,,,2026-06-25,,,,,,,,,,,,1.6,,0.0,,,,,,,,,,,,,,,,,,,,,,,,,,,,,,0.0,85.9,8.0,NEUTRAL,,LARGE,,,,,,,,,,0.0
PAGEIND,,,,,,0.16,,,,2026-06-25,,,,,,,,,,,,-2.2,,0.0,,,,,,,,,,,,,,,,,,,,,,,,,,,,,,0.0,0.0,3.0,NEUTRAL,,LARGE,,,,,,,,,,0.0
PATANJALI,,,,,,-0.4,,,,2026-06-25,,,,,,,,,,,,-1.2,,0.0,,,,,,,,,,,,,,,,,,,,,,,,,,,,,,0.0,0.0,9.0,NEUTRAL,,LARGE,,,,,,,,,,0.0
RRKABEL,,,,,,2.06,,,,2026-06-25,,,,,,,,,,,,3.7,,0.0,,,,,,,,,,,,,,,,,,,,,,,,,,,,,,0.0,0.0,5.0,NEUTRAL,,LARGE,,,,,,,,,,0.0
SARDAEN,,,,,,1.34,,,,2026-06-25,,,,,,,,,,,,-3.1,,0.5,,,,,,,,,,,,,,,,,,,,,,,,,,,,,,0.0,0.0,9.0,NEUTRAL,,MID,,,,,,,,,,0.0
SOLARINDS,,,,,,-2.44,,,,2026-06-25,,,,,,,,,,,,-3.1,,0.0,,,,,,,,,,,,,,,,,,,,,,,,,,,,,,0.0,0.0,5.0,NEUTRAL,,MEGA,,,,,,,,,,0.0
TBOTEK,,,,,,1.49,,,,2026-06-25,,,,,,,,,,,,-2.2,,-0.5,,,,,,,,,,,,,,,,,,,,,,,,,,,,,,0.0,0.0,-1.0,NEUTRAL,,MID,,,,,,,,,,0.0
TCS,,,,,,-0.68,,,,2026-06-25,,,,,,,,,,,,1.6,,0.0,,,,,,,,,,,,,,,,,,,,,,,,,,,,,,0.0,-2.0,10.0,NEUTRAL,,MEGA,,,,,,,,,,0.0
TRENT,,,,,,-0.95,,,,2026-06-25,,,,,,,,,,,,-2.2,,0.0,,,,,,,,,,,,,,,,,,,,,,,,,,,,,,0.0,3.2,5.0,NEUTRAL,,MEGA,,,,,,,,,,0.0
UNOMINDA,,,,,,2.99,,,,2026-06-25,,,,,,,,,,,,-2.2,,0.0,,,,,,,,,,,,,,,,,,,,,,,,,,,,,,0.0,0.0,2.0,NEUTRAL,,LARGE,,,,,,,,,,0.0
VIJAYA,,,,,,4.21,,,,2026-06-25,,,,,,,,,,,,4.8,,1.0,,,,,,,,,,,,,,,,,,,,,,,,,,,,,,0.0,0.0,2.0,NEUTRAL,,MID,,,,,,,,,,0.0
ZFCVINDIA,,,,,,-1.65,,,,2026-06-25,,,,,,,,,,,,-2.2,,0.0,,,,,,,,,,,,,,,,,,,,,,,,,,,,,,0.0,0.0,0.0,NEUTRAL,,LARGE,,,,,,,,,,0.0
ZYDUSLIFE,,,,,,0.19,,,,2026-06-25,,,,,,,,,,,,4.8,,0.0,,,,,,,,,,,,,,,,,,,,,,,,,,,,,,0.0,0.0,9.0,NEUTRAL,,MEGA,,,,,,,,,,0.0
ECLERX,,,,,,0.75,,,,2026-06-25,,,,,,,,,,,,1.6,,1.4,,,,,,,,,,,,,,,,,,,,,,,,,,,,,,0.0,0.0,10.0,NEUTRAL,,MID,,,,,,,,,,0.0
AIAENG,,,,,,-0.21,,,,2026-06-26,,,,,,,,,,,,3.8,,0.0,,,,,,,,,,,,,,,,,,,,,,,,,,,,,,0.0,0.0,5.0,NEUTRAL,,LARGE,,,,,,,,,,0.0
AFFLE,,,,,,-0.61,,,,2026-06-26,,,,,,,,,,,,-1.7,,0.0,,,,,,,,,,,,,,,,,,,,,,,,,,,,,,0.0,0.0,2.0,NEUTRAL,,LARGE,,,,,,,,,,0.0
APARINDS,,,,,,-3.62,,,,2026-06-26,,,,,,,,,,,,3.8,,0.0,,,,,,,,,,,,,,,,,,,,,,,,,,,,,,0.0,0.0,2.0,NEUTRAL,,LARGE,,,,,,,,,,0.0
ASIANPAINT,,,,,,-1.03,,,,2026-06-26,,,,,,,,,,,,-2.9,,0.0,,,,,,,,,,,,,,,,,,,,,,,,,,,,,,0.0,0.0,3.0,NEUTRAL,,MEGA,,,,,,,,,,0.0
BLS,,,,,,-0.23,,,,2026-06-26,,,,,,,,,,,,3.8,,1.7,,,,,,,,,,,,,,,,,,,,,,,,,,,,,,0.0,0.0,10.0,NEUTRAL,,MID,,,,,,,,,,0.0
BSE,,,,,,-0.3,,,,2026-06-26,,,,,,,,,,,,-2.8,,0.0,,,,,,,,,,,,,,,,,,,,,,,,,,,,,,0.0,0.5,3.0,NEUTRAL,,MEGA,,,,,,,,,,0.0
BEL,,,,,,-1.22,,,,2026-06-26,,,,,,,,,,,,3.8,,0.0,,,,,,,,,,,,,,,,,,,,,,,,,,,,,,0.0,0.0,6.0,NEUTRAL,,MEGA,,,,,,,,,,0.0
BIKAJI,,,,,,-1.68,,,,2026-06-26,,,,,,,,,,,,-1.3,,0.0,,,,,,,,,,,,,,,,,,,,,,,,,,,,,,0.0,0.0,2.0,NEUTRAL,,MID,,,,,,,,,,0.0
BLUESTARCO,,,,,,-1.05,,,,2026-06-26,,,,,,,,,,,,3.8,,0.0,,,,,,,,,,,,,,,,,,,,,,,,,,,,,,0.0,92.7,2.0,NEUTRAL,,LARGE,,,,,,,,,,0.0
BRITANNIA,,,,,,-0.52,,,,2026-06-26,,,,,,,,,,,,-1.3,,0.0,,,,,,,,,,,,,,,,,,,,,,,,,,,,,,0.0,-1.7,6.0,NEUTRAL,,MEGA,,,,,,,,,,0.0
CAPLIPOINT,,,,,,-0.63,,,,2026-06-26,,,,,,,,,,,,4.9,,1.3,,,,,,,,,,,,,,,,,,,,,,,,,,,,,,0.0,0.0,5.0,NEUTRAL,,MID,,,,,,,,,,0.0
CEMPRO,,,,,,0.39,,,,2026-06-26,,,,,,,,,,,,3.8,,0.0,,,,,,,,,,,,,,,,,,,,,,,,,,,,,,0.0,0.0,8.0,NEUTRAL,,LARGE,,,,,,,,,,0.0
DOMS,,,,,,-2.26,,,,2026-06-26,,,,,,,,,,,,3.8,,-24.8,,,,,,,,,,,,,,,,,,,,,,,,,,,,,,-40.0,0.0,5.0,NEGATIVE,,MID,,,,,,,,,,-1.0
DIXON,,,,,,-0.46,,,,2026-06-26,,,,,,,,,,,,1.6,,0.0,,,,,,,,,,,,,,,,,,,,,,,,,,,,,,0.0,4.6,8.0,NEUTRAL,,LARGE,,,,,,,,,,0.0
ELGIEQUIP,,,,,,-0.94,,,,2026-06-26,,,,,,,,,,,,3.8,,-24.5,,,,,,,,,,,,,,,,,,,,,,,,,,,,,,-40.0,0.0,8.0,NEGATIVE,,MID,,,,,,,,,,-1.0
ENDURANCE,,,,,,-0.32,,,,2026-06-26,,,,,,,,,,,,-2.3,,0.0,,,,,,,,,,,,,,,,,,,,,,,,,,,,,,0.0,0.0,5.0,NEUTRAL,,LARGE,,,,,,,,,,0.0
GABRIEL,,,,,,-1.57,,,,2026-06-26,,,,,,,,,,,,-2.3,,0.0,,,,,,,,,,,,,,,,,,,,,,,,,,,,,,0.0,0.0,2.0,NEUTRAL,,LARGE,,,,,,,,,,0.0
MEDANTA,,,,,,-0.26,,,,2026-06-26,,,,,,,,,,,,4.9,,0.0,,,,,,,,,,,,,,,,,,,,,,,,,,,,,,0.0,8.8,2.0,NEUTRAL,,LARGE,,,,,,,,,,0.0
GRANULES,,,,,,-0.76,,,,2026-06-26,,,,,,,,,,,,4.9,,1.6,,,,,,,,,,,,,,,,,,,,,,,,,,,,,,0.0,0.0,7.0,NEUTRAL,,MID,,,,,,,,,,0.0
GRAVITA,,,,,,-2.32,,,,2026-06-26,,,,,,,,,,,,3.8,,1.4,,,,,,,,,,,,,,,,,,,,,,,,,,,,,,0.0,0.0,7.0,NEUTRAL,,MID,,,,,,,,,,0.0
HSCL,,,,,,2.35,,,,2026-06-26,,,,,,,,,,,,-2.9,,-25.9,,,,,,,,,,,,,,,,,,,,,,,,,,,,,,-40.0,0.0,5.0,NEGATIVE,,LARGE,,,,,,,,,,-1.0
HINDZINC,,,,,,-4.26,,,,2026-06-26,,,,,,,,,,,,-2.9,,0.0,,,,,,,,,,,,,,,,,,,,,,,,,,,,,,0.0,0.0,10.0,NEUTRAL,,MEGA,,,,,,,,,,0.0
INDHOTEL,,,,,,-0.48,,,,2026-06-26,,,,,,,,,,,,-2.3,,0.0,,,,,,,,,,,,,,,,,,,,,,,,,,,,,,0.0,0.0,5.0,NEUTRAL,,MEGA,,,,,,,,,,0.0
JSL,,,,,,-0.13,,,,2026-06-26,,,,,,,,,,,,-2.9,,0.0,,,,,,,,,,,,,,,,,,,,,,,,,,,,,,0.0,0.0,7.0,NEUTRAL,,LARGE,,,,,,,,,,0.0
KPIL,,,,,,-1.24,,,,2026-06-26,,,,,,,,,,,,3.8,,0.0,,,,,,,,,,,,,,,,,,,,,,,,,,,,,,0.0,0.0,9.0,NEUTRAL,,LARGE,,,,,,,,,,0.0
LODHA,,,,,,1.28,,,,2026-06-26,,,,,,,,,,,,5.2,,0.0,,,,,,,,,,,,,,,,,,,,,,,,,,,,,,0.0,0.0,7.0,NEUTRAL,,LARGE,,,,,,,,,,0.0
LUPIN,,,,,,-0.81,,,,2026-06-26,,,,,,,,,,,,4.9,,0.0,,,,,,,,,,,,,,,,,,,,,,,,,,,,,,0.0,85.4,12.0,NEUTRAL,,MEGA,,,,,,,,,,0.0
MRF,,,,,,-0.18,,,,2026-06-26,,,,,,,,,,,,-2.3,,0.0,,,,,,,,,,,,,,,,,,,,,,,,,,,,,,0.0,0.0,9.0,NEUTRAL,,LARGE,,,,,,,,,,0.0
MANKIND,,,,,,-0.85,,,,2026-06-26,,,,,,,,,,,,4.9,,0.0,,,,,,,,,,,,,,,,,,,,,,,,,,,,,,0.0,0.0,2.0,NEUTRAL,,MEGA,,,,,,,,,,0.0
MARICO,,,,,,0.86,,,,2026-06-26,,,,,,,,,,,,-1.3,,0.0,,,,,,,,,,,,,,,,,,,,,,,,,,,,,,0.0,0.0,5.0,NEUTRAL,,MEGA,,,,,,,,,,0.0
MAXHEALTH,,,,,,3.81,,,,2026-06-26,,,,,,,,,,,,4.9,,0.0,,,,,,,,,,,,,,,,,,,,,,,,,,,,,,0.0,0.0,2.0,NEUTRAL,,MEGA,,,,,,,,,,0.0
MSUMI,,,,,,8.49,,,,2026-06-26,,,,,,,,,,,,-2.3,,0.0,,,,,,,,,,,,,,,,,,,,,,,,,,,,,,0.0,0.0,6.0,NEUTRAL,,LARGE,,,,,,,,,,0.0
MPHASIS,,,,,,0.17,,,,2026-06-26,,,,,,,,,,,,1.6,,0.0,,,,,,,,,,,,,,,,,,,,,,,,,,,,,,0.0,0.0,7.0,NEUTRAL,,LARGE,,,,,,,,,,0.0
MCX,,,,,,-0.23,,,,2026-06-26,,,,,,,,,,,,-2.8,,0.0,,,,,,,,,,,,,,,,,,,,,,,,,,,,,,0.0,-88.7,5.0,NEUTRAL,,LARGE,,,,,,,,,,0.0
NMDC,,,,,,-1.12,,,,2026-06-26,,,,,,,,,,,,-2.9,,0.0,,,,,,,,,,,,,,,,,,,,,,,,,,,,,,0.0,0.0,15.0,NEUTRAL,,LARGE,,,,,,,,,,0.0
NATIONALUM,,,,,,-4.46,,,,2026-06-26,,,,,,,,,,,,-2.9,,0.0,,,,,,,,,,,,,,,,,,,,,,,,,,,,,,0.0,0.0,13.0,NEUTRAL,,LARGE,,,,,,,,,,0.0
NAVINFLUOR,,,,,,0.02,,,,2026-06-26,,,,,,,,,,,,-2.9,,0.0,,,,,,,,,,,,,,,,,,,,,,,,,,,,,,0.0,0.0,5.0,NEUTRAL,,LARGE,,,,,,,,,,0.0
NETWEB,,,,,,-2.4,,,,2026-06-26,,,,,,,,,,,,1.6,,0.0,,,,,,,,,,,,,,,,,,,,,,,,,,,,,,0.0,0.0,5.0,NEUTRAL,,LARGE,,,,,,,,,,0.0
OBEROIRLTY,,,,,,0.39,,,,2026-06-26,,,,,,,,,,,,5.2,,0.0,,,,,,,,,,,,,,,,,,,,,,,,,,,,,,0.0,0.0,7.0,NEUTRAL,,LARGE,,,,,,,,,,0.0
ONGC,,,,,,-2.85,,,,2026-06-26,,,,,,,,,,,,-9.2,,0.0,,,,,,,,,,,,,,,,,,,,,,,,,,,,,,0.0,45.2,15.0,NEUTRAL,,MEGA,,,,,,,,,,0.0
OFSS,,,,,,4.65,,,,2026-06-26,,,,,,,,,,,,1.6,,0.0,,,,,,,,,,,,,,,,,,,,,,,,,,,,,,0.0,85.9,8.0,NEUTRAL,,LARGE,,,,,,,,,,0.0
PAGEIND,,,,,,0.22,,,,2026-06-26,,,,,,,,,,,,-2.3,,0.0,,,,,,,,,,,,,,,,,,,,,,,,,,,,,,0.0,0.0,3.0,NEUTRAL,,LARGE,,,,,,,,,,0.0
PATANJALI,,,,,,-0.99,,,,2026-06-26,,,,,,,,,,,,-1.3,,0.0,,,,,,,,,,,,,,,,,,,,,,,,,,,,,,0.0,0.0,9.0,NEUTRAL,,LARGE,,,,,,,,,,0.0
RRKABEL,,,,,,2.13,,,,2026-06-26,,,,,,,,,,,,3.8,,0.0,,,,,,,,,,,,,,,,,,,,,,,,,,,,,,0.0,0.0,5.0,NEUTRAL,,LARGE,,,,,,,,,,0.0
SARDAEN,,,,,,1.32,,,,2026-06-26,,,,,,,,,,,,-2.9,,0.5,,,,,,,,,,,,,,,,,,,,,,,,,,,,,,0.0,0.0,9.0,NEUTRAL,,MID,,,,,,,,,,0.0
SOLARINDS,,,,,,-2.42,,,,2026-06-26,,,,,,,,,,,,-2.9,,0.0,,,,,,,,,,,,,,,,,,,,,,,,,,,,,,0.0,0.0,5.0,NEUTRAL,,MEGA,,,,,,,,,,0.0
TBOTEK,,,,,,1.29,,,,2026-06-26,,,,,,,,,,,,-2.3,,-0.5,,,,,,,,,,,,,,,,,,,,,,,,,,,,,,0.0,0.0,-1.0,NEUTRAL,,MID,,,,,,,,,,0.0
TCS,,,,,,-0.62,,,,2026-06-26,,,,,,,,,,,,1.6,,0.0,,,,,,,,,,,,,,,,,,,,,,,,,,,,,,0.0,-2.0,10.0,NEUTRAL,,MEGA,,,,,,,,,,0.0
TRENT,,,,,,-1.0,,,,2026-06-26,,,,,,,,,,,,-2.3,,0.0,,,,,,,,,,,,,,,,,,,,,,,,,,,,,,0.0,15.5,5.0,NEUTRAL,,MEGA,,,,,,,,,,0.0
UNOMINDA,,,,,,3.04,,,,2026-06-26,,,,,,,,,,,,-2.3,,0.0,,,,,,,,,,,,,,,,,,,,,,,,,,,,,,0.0,0.0,2.0,NEUTRAL,,LARGE,,,,,,,,,,0.0
VIJAYA,,,,,,4.3,,,,2026-06-26,,,,,,,,,,,,4.9,,1.0,,,,,,,,,,,,,,,,,,,,,,,,,,,,,,0.0,0.0,2.0,NEUTRAL,,MID,,,,,,,,,,0.0
ZFCVINDIA,,,,,,-1.92,,,,2026-06-26,,,,,,,,,,,,-2.3,,0.0,,,,,,,,,,,,,,,,,,,,,,,,,,,,,,0.0,0.0,0.0,NEUTRAL,,LARGE,,,,,,,,,,0.0
ZYDUSLIFE,,,,,,0.25,,,,2026-06-26,,,,,,,,,,,,4.9,,0.0,,,,,,,,,,,,,,,,,,,,,,,,,,,,,,0.0,0.0,9.0,NEUTRAL,,MEGA,,,,,,,,,,0.0
ECLERX,,,,,,0.42,,,,2026-06-26,,,,,,,,,,,,1.6,,1.4,,,,,,,,,,,,,,,,,,,,,,,,,,,,,,0.0,0.0,10.0,NEUTRAL,,MID,,,,,,,,,,0.0
AIAENG,,,,,,2.14,,,,2026-06-29,,,,,,,,,,,,3.5,,0.0,,,,,,,,,,,,,,,,,,,,,,,,,,,,,,0.0,0.0,5.0,NEUTRAL,,LARGE,,,,,,,,,,0.0
AFFLE,,,,,,-3.28,,,,2026-06-29,,,,,,,,,,,,-4.7,,-0.5,,,,,,,,,,,,,,,,,,,,,,,,,,,,,,0.0,0.0,2.0,NEUTRAL,,MID,,,,,,,,,,0.0
APARINDS,,,,,,-0.47,,,,2026-06-29,,,,,,,,,,,,3.5,,0.0,,,,,,,,,,,,,,,,,,,,,,,,,,,,,,0.0,0.0,2.0,NEUTRAL,,LARGE,,,,,,,,,,0.0
ASIANPAINT,,,,,,0.64,,,,2026-06-29,,,,,,,,,,,,-2.7,,0.0,,,,,,,,,,,,,,,,,,,,,,,,,,,,,,0.0,0.0,3.0,NEUTRAL,,MEGA,,,,,,,,,,0.0
BLS,,,,,,-1.3,,,,2026-06-29,,,,,,,,,,,,3.5,,1.7,,,,,,,,,,,,,,,,,,,,,,,,,,,,,,0.0,0.0,10.0,NEUTRAL,,MID,,,,,,,,,,0.0
BSE,,,,,,-0.39,,,,2026-06-29,,,,,,,,,,,,-1.0,,0.0,,,,,,,,,,,,,,,,,,,,,,,,,,,,,,0.0,-94.8,3.0,NEUTRAL,,MEGA,,,,,,,,,,0.0
BEL,,,,,,0.76,,,,2026-06-29,,,,,,,,,,,,3.5,,0.0,,,,,,,,,,,,,,,,,,,,,,,,,,,,,,0.0,0.0,6.0,NEUTRAL,,MEGA,,,,,,,,,,0.0
BIKAJI,,,,,,0.41,,,,2026-06-29,,,,,,,,,,,,-1.1,,0.0,,,,,,,,,,,,,,,,,,,,,,,,,,,,,,0.0,0.0,2.0,NEUTRAL,,MID,,,,,,,,,,0.0
BLUESTARCO,,,,,,0.0,,,,2026-06-29,,,,,,,,,,,,3.5,,0.0,,,,,,,,,,,,,,,,,,,,,,,,,,,,,,0.0,-93.6,2.0,NEUTRAL,,LARGE,,,,,,,,,,0.0
BRITANNIA,,,,,,-2.54,,,,2026-06-29,,,,,,,,,,,,-1.1,,0.0,,,,,,,,,,,,,,,,,,,,,,,,,,,,,,0.0,-1.7,6.0,NEUTRAL,,MEGA,,,,,,,,,,0.0
CAPLIPOINT,,,,,,2.19,,,,2026-06-29,,,,,,,,,,,,5.6,,1.4,,,,,,,,,,,,,,,,,,,,,,,,,,,,,,0.0,0.0,5.0,NEUTRAL,,MID,,,,,,,,,,0.0
CEMPRO,,,,,,2.78,,,,2026-06-29,,,,,,,,,,,,3.5,,0.0,,,,,,,,,,,,,,,,,,,,,,,,,,,,,,0.0,0.0,8.0,NEUTRAL,,LARGE,,,,,,,,,,0.0
DOMS,,,,,,-0.62,,,,2026-06-29,,,,,,,,,,,,3.5,,-24.9,,,,,,,,,,,,,,,,,,,,,,,,,,,,,,-40.0,0.0,5.0,NEGATIVE,,MID,,,,,,,,,,-1.0
DIXON,,,,,,-1.87,,,,2026-06-29,,,,,,,,,,,,-1.6,,0.0,,,,,,,,,,,,,,,,,,,,,,,,,,,,,,0.0,0.0,8.0,NEUTRAL,,LARGE,,,,,,,,,,0.0
ELGIEQUIP,,,,,,0.77,,,,2026-06-29,,,,,,,,,,,,3.5,,-24.6,,,,,,,,,,,,,,,,,,,,,,,,,,,,,,-40.0,0.0,8.0,NEGATIVE,,MID,,,,,,,,,,-1.0
ENDURANCE,,,,,,-1.44,,,,2026-06-29,,,,,,,,,,,,-3.6,,0.0,,,,,,,,,,,,,,,,,,,,,,,,,,,,,,0.0,0.0,5.0,NEUTRAL,,LARGE,,,,,,,,,,0.0
GABRIEL,,,,,,4.35,,,,2026-06-29,,,,,,,,,,,,-3.6,,0.0,,,,,,,,,,,,,,,,,,,,,,,,,,,,,,0.0,0.0,2.0,NEUTRAL,,LARGE,,,,,,,,,,0.0
MEDANTA,,,,,,-0.78,,,,2026-06-29,,,,,,,,,,,,5.6,,0.0,,,,,,,,,,,,,,,,,,,,,,,,,,,,,,0.0,0.0,2.0,NEUTRAL,,LARGE,,,,,,,,,,0.0
GRANULES,,,,,,3.9,,,,2026-06-29,,,,,,,,,,,,5.6,,1.7,,,,,,,,,,,,,,,,,,,,,,,,,,,,,,0.0,0.0,7.0,NEUTRAL,,MID,,,,,,,,,,0.0
GRAVITA,,,,,,-0.68,,,,2026-06-29,,,,,,,,,,,,3.5,,1.3,,,,,,,,,,,,,,,,,,,,,,,,,,,,,,0.0,0.0,7.0,NEUTRAL,,MID,,,,,,,,,,0.0
HSCL,,,,,,-0.46,,,,2026-06-29,,,,,,,,,,,,-2.7,,-25.9,,,,,,,,,,,,,,,,,,,,,,,,,,,,,,-40.0,0.0,5.0,NEGATIVE,,LARGE,,,,,,,,,,-1.0
HINDZINC,,,,,,1.28,,,,2026-06-29,,,,,,,,,,,,-2.7,,0.0,,,,,,,,,,,,,,,,,,,,,,,,,,,,,,0.0,0.0,10.0,NEUTRAL,,MEGA,,,,,,,,,,0.0
INDHOTEL,,,,,,-2.07,,,,2026-06-29,,,,,,,,,,,,-3.6,,0.0,,,,,,,,,,,,,,,,,,,,,,,,,,,,,,0.0,0.0,5.0,NEUTRAL,,MEGA,,,,,,,,,,0.0
JSL,,,,,,-1.58,,,,2026-06-29,,,,,,,,,,,,-2.7,,0.0,,,,,,,,,,,,,,,,,,,,,,,,,,,,,,0.0,0.0,7.0,NEUTRAL,,LARGE,,,,,,,,,,0.0
KPIL,,,,,,-2.52,,,,2026-06-29,,,,,,,,,,,,3.5,,0.0,,,,,,,,,,,,,,,,,,,,,,,,,,,,,,0.0,0.0,9.0,NEUTRAL,,LARGE,,,,,,,,,,0.0
LODHA,,,,,,-1.09,,,,2026-06-29,,,,,,,,,,,,4.3,,0.0,,,,,,,,,,,,,,,,,,,,,,,,,,,,,,0.0,0.0,7.0,NEUTRAL,,LARGE,,,,,,,,,,0.0
LUPIN,,,,,,2.59,,,,2026-06-29,,,,,,,,,,,,5.6,,0.0,,,,,,,,,,,,,,,,,,,,,,,,,,,,,,0.0,0.0,12.0,NEUTRAL,,MEGA,,,,,,,,,,0.0
MRF,,,,,,-4.49,,,,2026-06-29,,,,,,,,,,,,-3.6,,0.0,,,,,,,,,,,,,,,,,,,,,,,,,,,,,,0.0,0.0,9.0,NEUTRAL,,LARGE,,,,,,,,,,0.0
MANKIND,,,,,,0.97,,,,2026-06-29,,,,,,,,,,,,5.6,,0.0,,,,,,,,,,,,,,,,,,,,,,,,,,,,,,0.0,0.0,2.0,NEUTRAL,,MEGA,,,,,,,,,,0.0
MARICO,,,,,,1.63,,,,2026-06-29,,,,,,,,,,,,-1.1,,0.0,,,,,,,,,,,,,,,,,,,,,,,,,,,,,,0.0,0.0,5.0,NEUTRAL,,MEGA,,,,,,,,,,0.0
MAXHEALTH,,,,,,2.4,,,,2026-06-29,,,,,,,,,,,,5.6,,0.0,,,,,,,,,,,,,,,,,,,,,,,,,,,,,,0.0,0.0,2.0,NEUTRAL,,MEGA,,,,,,,,,,0.0
MSUMI,,,,,,-2.85,,,,2026-06-29,,,,,,,,,,,,-3.6,,0.0,,,,,,,,,,,,,,,,,,,,,,,,,,,,,,0.0,0.0,6.0,NEUTRAL,,LARGE,,,,,,,,,,0.0
MPHASIS,,,,,,-2.52,,,,2026-06-29,,,,,,,,,,,,-1.6,,0.0,,,,,,,,,,,,,,,,,,,,,,,,,,,,,,0.0,0.0,7.0,NEUTRAL,,LARGE,,,,,,,,,,0.0
MCX,,,,,,2.84,,,,2026-06-29,,,,,,,,,,,,-1.0,,0.0,,,,,,,,,,,,,,,,,,,,,,,,,,,,,,0.0,-10.5,5.0,NEUTRAL,,LARGE,,,,,,,,,,0.0
NMDC,,,,,,0.84,,,,2026-06-29,,,,,,,,,,,,-2.7,,0.0,,,,,,,,,,,,,,,,,,,,,,,,,,,,,,0.0,0.0,15.0,NEUTRAL,,LARGE,,,,,,,,,,0.0
NATIONALUM,,,,,,4.32,,,,2026-06-29,,,,,,,,,,,,-2.7,,0.0,,,,,,,,,,,,,,,,,,,,,,,,,,,,,,0.0,0.0,13.0,NEUTRAL,,LARGE,,,,,,,,,,0.0
NAVINFLUOR,,,,,,-2.77,,,,2026-06-29,,,,,,,,,,,,-2.7,,0.0,,,,,,,,,,,,,,,,,,,,,,,,,,,,,,0.0,0.0,5.0,NEUTRAL,,LARGE,,,,,,,,,,0.0
NETWEB,,,,,,-10.04,,,,2026-06-29,,,,,,,,,,,,-1.6,,0.0,,,,,,,,,,,,,,,,,,,,,,,,,,,,,,0.0,0.0,5.0,NEUTRAL,,LARGE,,,,,,,,,,0.0
OBEROIRLTY,,,,,,-0.34,,,,2026-06-29,,,,,,,,,,,,4.3,,0.0,,,,,,,,,,,,,,,,,,,,,,,,,,,,,,0.0,0.0,7.0,NEUTRAL,,LARGE,,,,,,,,,,0.0
ONGC,,,,,,0.39,,,,2026-06-29,,,,,,,,,,,,-8.0,,0.0,,,,,,,,,,,,,,,,,,,,,,,,,,,,,,0.0,-1.6,15.0,NEUTRAL,,MEGA,,,,,,,,,,0.0
OFSS,,,,,,-0.73,,,,2026-06-29,,,,,,,,,,,,-1.6,,0.0,,,,,,,,,,,,,,,,,,,,,,,,,,,,,,0.0,0.0,8.0,NEUTRAL,,LARGE,,,,,,,,,,0.0
PAGEIND,,,,,,-1.39,,,,2026-06-29,,,,,,,,,,,,-3.6,,0.0,,,,,,,,,,,,,,,,,,,,,,,,,,,,,,0.0,0.0,3.0,NEUTRAL,,LARGE,,,,,,,,,,0.0
PATANJALI,,,,,,0.61,,,,2026-06-29,,,,,,,,,,,,-1.1,,0.0,,,,,,,,,,,,,,,,,,,,,,,,,,,,,,0.0,0.0,9.0,NEUTRAL,,LARGE,,,,,,,,,,0.0
RRKABEL,,,,,,0.5,,,,2026-06-29,,,,,,,,,,,,3.5,,0.0,,,,,,,,,,,,,,,,,,,,,,,,,,,,,,0.0,0.0,5.0,NEUTRAL,,LARGE,,,,,,,,,,0.0
SARDAEN,,,,,,-2.98,,,,2026-06-29,,,,,,,,,,,,-2.7,,0.6,,,,,,,,,,,,,,,,,,,,,,,,,,,,,,0.0,0.0,9.0,NEUTRAL,,MID,,,,,,,,,,0.0
SOLARINDS,,,,,,2.11,,,,2026-06-29,,,,,,,,,,,,-2.7,,0.0,,,,,,,,,,,,,,,,,,,,,,,,,,,,,,0.0,0.0,5.0,NEUTRAL,,MEGA,,,,,,,,,,0.0
TBOTEK,,,,,,-1.24,,,,2026-06-29,,,,,,,,,,,,-3.6,,-26.7,,,,,,,,,,,,,,,,,,,,,,,,,,,,,,-40.0,0.0,-1.0,NEGATIVE,,MID,,,,,,,,,,-1.0
TCS,,,,,,0.1,,,,2026-06-29,,,,,,,,,,,,-1.6,,0.0,,,,,,,,,,,,,,,,,,,,,,,,,,,,,,0.0,88.3,10.0,NEUTRAL,,MEGA,,,,,,,,,,0.0
TRENT,,,,,,1.37,,,,2026-06-29,,,,,,,,,,,,-3.6,,0.0,,,,,,,,,,,,,,,,,,,,,,,,,,,,,,0.0,0.0,5.0,NEUTRAL,,MEGA,,,,,,,,,,0.0
UNOMINDA,,,,,,-4.02,,,,2026-06-29,,,,,,,,,,,,-3.6,,0.0,,,,,,,,,,,,,,,,,,,,,,,,,,,,,,0.0,0.0,2.0,NEUTRAL,,LARGE,,,,,,,,,,0.0
VIJAYA,,,,,,-4.21,,,,2026-06-29,,,,,,,,,,,,5.6,,6.2,,,,,,,,,,,,,,,,,,,,,,,,,,,,,,0.0,12.7,2.0,NEUTRAL,,MID,,,,,,,,,,0.0
ZFCVINDIA,,,,,,2.95,,,,2026-06-29,,,,,,,,,,,,-3.6,,0.0,,,,,,,,,,,,,,,,,,,,,,,,,,,,,,0.0,0.0,0.0,NEUTRAL,,LARGE,,,,,,,,,,0.0
ZYDUSLIFE,,,,,,1.75,,,,2026-06-29,,,,,,,,,,,,5.6,,0.0,,,,,,,,,,,,,,,,,,,,,,,,,,,,,,0.0,0.0,9.0,NEUTRAL,,MEGA,,,,,,,,,,0.0
ECLERX,,,,,,-3.91,,,,2026-06-29,,,,,,,,,,,,-1.6,,1.1,,,,,,,,,,,,,,,,,,,,,,,,,,,,,,0.0,0.0,12.0,NEUTRAL,,MID,,,,,,,,,,0.0
AIAENG,,,,,,2.63,,,,2026-06-30,,,,,,,,,,,,3.1,,0.0,,,,,,,,,,,,,,,,,,,,,,,,,,,,,,0.0,0.0,5.0,NEUTRAL,,LARGE,,,,,,,,,,0.0
AFFLE,,,,,,1.43,,,,2026-06-30,,,,,,,,,,,,-3.1,,-0.3,,,,,,,,,,,,,,,,,,,,,,,,,,,,,,0.0,0.0,2.0,NEUTRAL,,MID,,,,,,,,,,0.0
APARINDS,,,,,,-1.82,,,,2026-06-30,,,,,,,,,,,,3.1,,0.0,,,,,,,,,,,,,,,,,,,,,,,,,,,,,,0.0,0.0,2.0,NEUTRAL,,LARGE,,,,,,,,,,0.0
ASIANPAINT,,,,,,-0.8,,,,2026-06-30,,,,,,,,,,,,-1.8,,0.0,,,,,,,,,,,,,,,,,,,,,,,,,,,,,,0.0,0.0,3.0,NEUTRAL,,MEGA,,,,,,,,,,0.0
BLS,,,,,,-1.82,,,,2026-06-30,,,,,,,,,,,,3.1,,1.6,,,,,,,,,,,,,,,,,,,,,,,,,,,,,,0.0,0.0,10.0,NEUTRAL,,MID,,,,,,,,,,0.0
BSE,,,,,,0.15,,,,2026-06-30,,,,,,,,,,,,-1.8,,0.0,,,,,,,,,,,,,,,,,,,,,,,,,,,,,,0.0,-19.7,3.0,NEUTRAL,,MEGA,,,,,,,,,,0.0
BEL,,,,,,0.05,,,,2026-06-30,,,,,,,,,,,,3.1,,0.0,,,,,,,,,,,,,,,,,,,,,,,,,,,,,,0.0,0.0,6.0,NEUTRAL,,MEGA,,,,,,,,,,0.0
BIKAJI,,,,,,1.27,,,,2026-06-30,,,,,,,,,,,,-0.7,,0.1,,,,,,,,,,,,,,,,,,,,,,,,,,,,,,0.0,0.0,2.0,NEUTRAL,,MID,,,,,,,,,,0.0
BLUESTARCO,,,,,,-0.44,,,,2026-06-30,,,,,,,,,,,,3.1,,0.0,,,,,,,,,,,,,,,,,,,,,,,,,,,,,,0.0,0.0,2.0,NEUTRAL,,LARGE,,,,,,,,,,0.0
BRITANNIA,,,,,,0.87,,,,2026-06-30,,,,,,,,,,,,-0.7,,0.0,,,,,,,,,,,,,,,,,,,,,,,,,,,,,,0.0,-1.7,6.0,NEUTRAL,,MEGA,,,,,,,,,,0.0
CAPLIPOINT,,,,,,2.66,,,,2026-06-30,,,,,,,,,,,,6.3,,1.6,,,,,,,,,,,,,,,,,,,,,,,,,,,,,,0.0,0.0,5.0,NEUTRAL,,MID,,,,,,,,,,0.0
CEMPRO,,,,,,3.66,,,,2026-06-30,,,,,,,,,,,,3.1,,0.0,,,,,,,,,,,,,,,,,,,,,,,,,,,,,,0.0,0.0,8.0,NEUTRAL,,LARGE,,,,,,,,,,0.0
DOMS,,,,,,3.52,,,,2026-06-30,,,,,,,,,,,,3.1,,-25.0,,,,,,,,,,,,,,,,,,,,,,,,,,,,,,-40.0,0.0,5.0,NEGATIVE,,MID,,,,,,,,,,-1.0
DIXON,,,,,,0.97,,,,2026-06-30,,,,,,,,,,,,-2.3,,0.0,,,,,,,,,,,,,,,,,,,,,,,,,,,,,,0.0,0.0,8.0,NEUTRAL,,LARGE,,,,,,,,,,0.0
ELGIEQUIP,,,,,,-1.68,,,,2026-06-30,,,,,,,,,,,,3.1,,1.4,,,,,,,,,,,,,,,,,,,,,,,,,,,,,,0.0,0.0,8.0,NEUTRAL,,MID,,,,,,,,,,0.0
ENDURANCE,,,,,,0.39,,,,2026-06-30,,,,,,,,,,,,-3.5,,0.0,,,,,,,,,,,,,,,,,,,,,,,,,,,,,,0.0,0.0,5.0,NEUTRAL,,LARGE,,,,,,,,,,0.0
GABRIEL,,,,,,-2.82,,,,2026-06-30,,,,,,,,,,,,-3.5,,0.0,,,,,,,,,,,,,,,,,,,,,,,,,,,,,,0.0,0.0,2.0,NEUTRAL,,LARGE,,,,,,,,,,0.0
MEDANTA,,,,,,0.7,,,,2026-06-30,,,,,,,,,,,,6.3,,0.0,,,,,,,,,,,,,,,,,,,,,,,,,,,,,,0.0,0.0,2.0,NEUTRAL,,LARGE,,,,,,,,,,0.0
GRANULES,,,,,,2.32,,,,2026-06-30,,,,,,,,,,,,6.3,,0.0,,,,,,,,,,,,,,,,,,,,,,,,,,,,,,0.0,84.1,7.0,NEUTRAL,,LARGE,,,,,,,,,,0.0
GRAVITA,,,,,,-2.01,,,,2026-06-30,,,,,,,,,,,,3.1,,1.3,,,,,,,,,,,,,,,,,,,,,,,,,,,,,,0.0,0.0,7.0,NEUTRAL,,MID,,,,,,,,,,0.0
HSCL,,,,,,0.55,,,,2026-06-30,,,,,,,,,,,,-1.8,,-25.7,,,,,,,,,,,,,,,,,,,,,,,,,,,,,,-40.0,0.0,5.0,NEGATIVE,,LARGE,,,,,,,,,,-1.0
HINDZINC,,,,,,1.46,,,,2026-06-30,,,,,,,,,,,,-1.8,,0.0,,,,,,,,,,,,,,,,,,,,,,,,,,,,,,0.0,0.0,10.0,NEUTRAL,,MEGA,,,,,,,,,,0.0
INDHOTEL,,,,,,0.98,,,,2026-06-30,,,,,,,,,,,,-3.5,,0.0,,,,,,,,,,,,,,,,,,,,,,,,,,,,,,0.0,0.0,5.0,NEUTRAL,,MEGA,,,,,,,,,,0.0
JSL,,,,,,1.39,,,,2026-06-30,,,,,,,,,,,,-1.8,,0.0,,,,,,,,,,,,,,,,,,,,,,,,,,,,,,0.0,0.0,7.0,NEUTRAL,,LARGE,,,,,,,,,,0.0
KPIL,,,,,,1.78,,,,2026-06-30,,,,,,,,,,,,3.1,,0.0,,,,,,,,,,,,,,,,,,,,,,,,,,,,,,0.0,5.4,9.0,NEUTRAL,,LARGE,,,,,,,,,,0.0
LODHA,,,,,,1.67,,,,2026-06-30,,,,,,,,,,,,5.4,,0.0,,,,,,,,,,,,,,,,,,,,,,,,,,,,,,0.0,0.0,7.0,NEUTRAL,,LARGE,,,,,,,,,,0.0
LUPIN,,,,,,0.4,,,,2026-06-30,,,,,,,,,,,,6.3,,0.0,,,,,,,,,,,,,,,,,,,,,,,,,,,,,,0.0,0.0,12.0,NEUTRAL,,MEGA,,,,,,,,,,0.0
MRF,,,,,,3.04,,,,2026-06-30,,,,,,,,,,,,-3.5,,0.0,,,,,,,,,,,,,,,,,,,,,,,,,,,,,,0.0,0.0,9.0,NEUTRAL,,LARGE,,,,,,,,,,0.0
MANKIND,,,,,,2.4,,,,2026-06-30,,,,,,,,,,,,6.3,,0.0,,,,,,,,,,,,,,,,,,,,,,,,,,,,,,0.0,0.0,2.0,NEUTRAL,,MEGA,,,,,,,,,,0.0
MARICO,,,,,,-0.44,,,,2026-06-30,,,,,,,,,,,,-0.7,,0.0,,,,,,,,,,,,,,,,,,,,,,,,,,,,,,0.0,0.0,5.0,NEUTRAL,,MEGA,,,,,,,,,,0.0
MAXHEALTH,,,,,,-1.8,,,,2026-06-30,,,,,,,,,,,,6.3,,0.0,,,,,,,,,,,,,,,,,,,,,,,,,,,,,,0.0,0.0,2.0,NEUTRAL,,MEGA,,,,,,,,,,0.0
MSUMI,,,,,,0.65,,,,2026-06-30,,,,,,,,,,,,-3.5,,0.0,,,,,,,,,,,,,,,,,,,,,,,,,,,,,,0.0,0.0,6.0,NEUTRAL,,LARGE,,,,,,,,,,0.0
MPHASIS,,,,,,-2.09,,,,2026-06-30,,,,,,,,,,,,-2.3,,0.0,,,,,,,,,,,,,,,,,,,,,,,,,,,,,,0.0,0.0,7.0,NEUTRAL,,LARGE,,,,,,,,,,0.0
MCX,,,,,,-2.65,,,,2026-06-30,,,,,,,,,,,,-1.8,,0.0,,,,,,,,,,,,,,,,,,,,,,,,,,,,,,0.0,7.1,5.0,NEUTRAL,,LARGE,,,,,,,,,,0.0
NMDC,,,,,,-0.34,,,,2026-06-30,,,,,,,,,,,,-1.8,,0.0,,,,,,,,,,,,,,,,,,,,,,,,,,,,,,0.0,0.0,15.0,NEUTRAL,,LARGE,,,,,,,,,,0.0
NATIONALUM,,,,,,-2.25,,,,2026-06-30,,,,,,,,,,,,-1.8,,0.0,,,,,,,,,,,,,,,,,,,,,,,,,,,,,,0.0,14.7,13.0,NEUTRAL,,LARGE,,,,,,,,,,0.0
NAVINFLUOR,,,,,,2.68,,,,2026-06-30,,,,,,,,,,,,-1.8,,0.0,,,,,,,,,,,,,,,,,,,,,,,,,,,,,,0.0,0.0,5.0,NEUTRAL,,LARGE,,,,,,,,,,0.0
NETWEB,,,,,,1.87,,,,2026-06-30,,,,,,,,,,,,-2.3,,0.0,,,,,,,,,,,,,,,,,,,,,,,,,,,,,,0.0,0.0,5.0,NEUTRAL,,LARGE,,,,,,,,,,0.0
OBEROIRLTY,,,,,,0.86,,,,2026-06-30,,,,,,,,,,,,5.4,,0.0,,,,,,,,,,,,,,,,,,,,,,,,,,,,,,0.0,0.0,7.0,NEUTRAL,,LARGE,,,,,,,,,,0.0
ONGC,,,,,,0.36,,,,2026-06-30,,,,,,,,,,,,-7.0,,0.0,,,,,,,,,,,,,,,,,,,,,,,,,,,,,,0.0,-1.6,15.0,NEUTRAL,,MEGA,,,,,,,,,,0.0
OFSS,,,,,,-0.91,,,,2026-06-30,,,,,,,,,,,,-2.3,,0.0,,,,,,,,,,,,,,,,,,,,,,,,,,,,,,0.0,0.0,8.0,NEUTRAL,,LARGE,,,,,,,,,,0.0
PAGEIND,,,,,,2.39,,,,2026-06-30,,,,,,,,,,,,-3.5,,0.0,,,,,,,,,,,,,,,,,,,,,,,,,,,,,,0.0,0.0,3.0,NEUTRAL,,LARGE,,,,,,,,,,0.0
PATANJALI,,,,,,-0.38,,,,2026-06-30,,,,,,,,,,,,-0.7,,0.0,,,,,,,,,,,,,,,,,,,,,,,,,,,,,,0.0,0.0,9.0,NEUTRAL,,LARGE,,,,,,,,,,0.0
RRKABEL,,,,,,-4.28,,,,2026-06-30,,,,,,,,,,,,3.1,,0.0,,,,,,,,,,,,,,,,,,,,,,,,,,,,,,0.0,0.0,5.0,NEUTRAL,,LARGE,,,,,,,,,,0.0
SARDAEN,,,,,,-1.82,,,,2026-06-30,,,,,,,,,,,,-1.8,,0.7,,,,,,,,,,,,,,,,,,,,,,,,,,,,,,0.0,0.0,9.0,NEUTRAL,,MID,,,,,,,,,,0.0
SOLARINDS,,,,,,5.05,,,,2026-06-30,,,,,,,,,,,,-1.8,,0.0,,,,,,,,,,,,,,,,,,,,,,,,,,,,,,0.0,0.0,5.0,NEUTRAL,,MEGA,,,,,,,,,,0.0
TBOTEK,,,,,,-0.71,,,,2026-06-30,,,,,,,,,,,,-3.5,,-0.7,,,,,,,,,,,,,,,,,,,,,,,,,,,,,,0.0,0.0,-1.0,NEUTRAL,,MID,,,,,,,,,,0.0
TCS,,,,,,-3.17,,,,2026-06-30,,,,,,,,,,,,-2.3,,0.0,,,,,,,,,,,,,,,,,,,,,,,,,,,,,,0.0,-89.1,13.0,NEUTRAL,,MEGA,,,,,,,,,,0.0
TRENT,,,,,,0.75,,,,2026-06-30,,,,,,,,,,,,-3.5,,0.0,,,,,,,,,,,,,,,,,,,,,,,,,,,,,,0.0,-39.4,5.0,NEUTRAL,,MEGA,,,,,,,,,,0.0
UNOMINDA,,,,,,-0.32,,,,2026-06-30,,,,,,,,,,,,-3.5,,0.0,,,,,,,,,,,,,,,,,,,,,,,,,,,,,,0.0,0.0,2.0,NEUTRAL,,LARGE,,,,,,,,,,0.0
VIJAYA,,,,,,3.15,,,,2026-06-30,,,,,,,,,,,,6.3,,1.2,,,,,,,,,,,,,,,,,,,,,,,,,,,,,,0.0,0.0,2.0,NEUTRAL,,MID,,,,,,,,,,0.0
ZFCVINDIA,,,,,,-4.47,,,,2026-06-30,,,,,,,,,,,,-3.5,,0.0,,,,,,,,,,,,,,,,,,,,,,,,,,,,,,0.0,0.0,0.0,NEUTRAL,,LARGE,,,,,,,,,,0.0
ZYDUSLIFE,,,,,,-0.78,,,,2026-06-30,,,,,,,,,,,,6.3,,0.0,,,,,,,,,,,,,,,,,,,,,,,,,,,,,,0.0,0.0,9.0,NEUTRAL,,MEGA,,,,,,,,,,0.0
ECLERX,,,,,,-1.52,,,,2026-06-30,,,,,,,,,,,,-2.3,,1.0,,,,,,,,,,,,,,,,,,,,,,,,,,,,,,0.0,0.0,12.0,NEUTRAL,,MID,,,,,,,,,,0.0
AIAENG,,,,,,-1.68,,,,2026-07-01,,,,,,,,,,,,2.2,,0.0,,,,,,,,,,,,,,,,,,,,,,,,,,,,,,0.0,0.0,5.0,NEUTRAL,,LARGE,,,,,,,,,,0.0
AFFLE,,,,,,0.8,,,,2026-07-01,,,,,,,,,,,,-2.3,,0.0,,,,,,,,,,,,,,,,,,,,,,,,,,,,,,0.0,0.0,2.0,NEUTRAL,,LARGE,,,,,,,,,,0.0
APARINDS,,,,,,-6.99,,,,2026-07-01,,,,,,,,,,,,2.2,,0.0,,,,,,,,,,,,,,,,,,,,,,,,,,,,,,0.0,0.0,2.0,NEUTRAL,,LARGE,,,,,,,,,,0.0
ASIANPAINT,,,,,,3.06,,,,2026-07-01,,,,,,,,,,,,-2.7,,0.0,,,,,,,,,,,,,,,,,,,,,,,,,,,,,,0.0,0.0,3.0,NEUTRAL,,MEGA,,,,,,,,,,0.0
BLS,,,,,,-1.9,,,,2026-07-01,,,,,,,,,,,,2.2,,27.8,,,,,,,,,,,,,,,,,,,,,,,,,,,,,,40.0,0.0,13.0,POSITIVE,,MID,,,,,,,,,,1.0
BSE,,,,,,2.03,,,,2026-07-01,,,,,,,,,,,,1.7,,0.0,,,,,,,,,,,,,,,,,,,,,,,,,,,,,,0.0,-8.0,3.0,NEUTRAL,,MEGA,,,,,,,,,,0.0
BEL,,,,,,1.08,,,,2026-07-01,,,,,,,,,,,,2.2,,0.0,,,,,,,,,,,,,,,,,,,,,,,,,,,,,,0.0,0.0,3.0,NEUTRAL,,MEGA,,,,,,,,,,0.0
BIKAJI,,,,,,-0.41,,,,2026-07-01,,,,,,,,,,,,0.4,,0.3,,,,,,,,,,,,,,,,,,,,,,,,,,,,,,0.0,0.0,2.0,NEUTRAL,,MID,,,,,,,,,,0.0
BLUESTARCO,,,,,,-1.34,,,,2026-07-01,,,,,,,,,,,,2.2,,0.0,,,,,,,,,,,,,,,,,,,,,,,,,,,,,,0.0,0.0,2.0,NEUTRAL,,LARGE,,,,,,,,,,0.0
BRITANNIA,,,,,,2.24,,,,2026-07-01,,,,,,,,,,,,0.4,,0.0,,,,,,,,,,,,,,,,,,,,,,,,,,,,,,0.0,0.0,3.0,NEUTRAL,,MEGA,,,,,,,,,,0.0
CAPLIPOINT,,,,,,-2.36,,,,2026-07-01,,,,,,,,,,,,5.5,,1.4,,,,,,,,,,,,,,,,,,,,,,,,,,,,,,0.0,0.0,5.0,NEUTRAL,,MID,,,,,,,,,,0.0
CEMPRO,,,,,,4.97,,,,2026-07-01,,,,,,,,,,,,2.2,,0.0,,,,,,,,,,,,,,,,,,,,,,,,,,,,,,0.0,0.0,8.0,NEUTRAL,,LARGE,,,,,,,,,,0.0
DOMS,,,,,,-0.89,,,,2026-07-01,,,,,,,,,,,,2.2,,-25.1,,,,,,,,,,,,,,,,,,,,,,,,,,,,,,-40.0,0.0,5.0,NEGATIVE,,MID,,,,,,,,,,-1.0
DIXON,,,,,,0.3,,,,2026-07-01,,,,,,,,,,,,-2.5,,0.0,,,,,,,,,,,,,,,,,,,,,,,,,,,,,,0.0,0.0,8.0,NEUTRAL,,LARGE,,,,,,,,,,0.0
ELGIEQUIP,,,,,,1.3,,,,2026-07-01,,,,,,,,,,,,2.2,,1.2,,,,,,,,,,,,,,,,,,,,,,,,,,,,,,0.0,0.0,8.0,NEUTRAL,,MID,,,,,,,,,,0.0
ENDURANCE,,,,,,-3.0,,,,2026-07-01,,,,,,,,,,,,-2.4,,0.0,,,,,,,,,,,,,,,,,,,,,,,,,,,,,,0.0,0.0,5.0,NEUTRAL,,LARGE,,,,,,,,,,0.0
GABRIEL,,,,,,0.53,,,,2026-07-01,,,,,,,,,,,,-2.4,,0.0,,,,,,,,,,,,,,,,,,,,,,,,,,,,,,0.0,0.0,2.0,NEUTRAL,,LARGE,,,,,,,,,,0.0
MEDANTA,,,,,,1.08,,,,2026-07-01,,,,,,,,,,,,5.5,,0.0,,,,,,,,,,,,,,,,,,,,,,,,,,,,,,0.0,0.0,2.0,NEUTRAL,,LARGE,,,,,,,,,,0.0
GRANULES,,,,,,-0.23,,,,2026-07-01,,,,,,,,,,,,5.5,,0.0,,,,,,,,,,,,,,,,,,,,,,,,,,,,,,0.0,0.0,7.0,NEUTRAL,,LARGE,,,,,,,,,,0.0
GRAVITA,,,,,,-0.18,,,,2026-07-01,,,,,,,,,,,,2.2,,1.1,,,,,,,,,,,,,,,,,,,,,,,,,,,,,,0.0,0.0,7.0,NEUTRAL,,MID,,,,,,,,,,0.0
HSCL,,,,,,-4.95,,,,2026-07-01,,,,,,,,,,,,-2.7,,0.0,,,,,,,,,,,,,,,,,,,,,,,,,,,,,,0.0,0.0,5.0,NEUTRAL,,LARGE,,,,,,,,,,0.0
HINDZINC,,,,,,-1.64,,,,2026-07-01,,,,,,,,,,,,-2.7,,0.0,,,,,,,,,,,,,,,,,,,,,,,,,,,,,,0.0,0.0,10.0,NEUTRAL,,MEGA,,,,,,,,,,0.0
INDHOTEL,,,,,,0.67,,,,2026-07-01,,,,,,,,,,,,-2.4,,0.0,,,,,,,,,,,,,,,,,,,,,,,,,,,,,,0.0,0.0,5.0,NEUTRAL,,MEGA,,,,,,,,,,0.0
JSL,,,,,,-1.55,,,,2026-07-01,,,,,,,,,,,,-2.7,,0.0,,,,,,,,,,,,,,,,,,,,,,,,,,,,,,0.0,0.0,7.0,NEUTRAL,,LARGE,,,,,,,,,,0.0
KPIL,,,,,,-1.05,,,,2026-07-01,,,,,,,,,,,,2.2,,0.0,,,,,,,,,,,,,,,,,,,,,,,,,,,,,,0.0,5.4,9.0,NEUTRAL,,LARGE,,,,,,,,,,0.0
LODHA,,,,,,3.88,,,,2026-07-01,,,,,,,,,,,,8.1,,0.0,,,,,,,,,,,,,,,,,,,,,,,,,,,,,,0.0,0.0,7.0,NEUTRAL,,LARGE,,,,,,,,,,0.0
LUPIN,,,,,,-0.89,,,,2026-07-01,,,,,,,,,,,,5.5,,0.0,,,,,,,,,,,,,,,,,,,,,,,,,,,,,,0.0,0.0,12.0,NEUTRAL,,MEGA,,,,,,,,,,0.0
MRF,,,,,,1.26,,,,2026-07-01,,,,,,,,,,,,-2.4,,0.0,,,,,,,,,,,,,,,,,,,,,,,,,,,,,,0.0,0.0,9.0,NEUTRAL,,LARGE,,,,,,,,,,0.0
MANKIND,,,,,,-2.17,,,,2026-07-01,,,,,,,,,,,,5.5,,0.0,,,,,,,,,,,,,,,,,,,,,,,,,,,,,,0.0,39.6,2.0,NEUTRAL,,MEGA,,,,,,,,,,0.0
MARICO,,,,,,1.76,,,,2026-07-01,,,,,,,,,,,,0.4,,0.0,,,,,,,,,,,,,,,,,,,,,,,,,,,,,,0.0,0.0,5.0,NEUTRAL,,MEGA,,,,,,,,,,0.0
MAXHEALTH,,,,,,0.94,,,,2026-07-01,,,,,,,,,,,,5.5,,0.0,,,,,,,,,,,,,,,,,,,,,,,,,,,,,,0.0,0.0,2.0,NEUTRAL,,MEGA,,,,,,,,,,0.0
MSUMI,,,,,,2.49,,,,2026-07-01,,,,,,,,,,,,-2.4,,0.0,,,,,,,,,,,,,,,,,,,,,,,,,,,,,,0.0,0.0,6.0,NEUTRAL,,LARGE,,,,,,,,,,0.0
MPHASIS,,,,,,-1.61,,,,2026-07-01,,,,,,,,,,,,-2.5,,0.0,,,,,,,,,,,,,,,,,,,,,,,,,,,,,,0.0,0.0,7.0,NEUTRAL,,LARGE,,,,,,,,,,0.0
MCX,,,,,,4.4,,,,2026-07-01,,,,,,,,,,,,1.7,,0.0,,,,,,,,,,,,,,,,,,,,,,,,,,,,,,0.0,7.2,5.0,NEUTRAL,,LARGE,,,,,,,,,,0.0
NMDC,,,,,,-1.01,,,,2026-07-01,,,,,,,,,,,,-2.7,,0.0,,,,,,,,,,,,,,,,,,,,,,,,,,,,,,0.0,0.0,15.0,NEUTRAL,,LARGE,,,,,,,,,,0.0
NATIONALUM,,,,,,-1.46,,,,2026-07-01,,,,,,,,,,,,-2.7,,0.0,,,,,,,,,,,,,,,,,,,,,,,,,,,,,,0.0,14.7,13.0,NEUTRAL,,LARGE,,,,,,,,,,0.0
NAVINFLUOR,,,,,,-1.33,,,,2026-07-01,,,,,,,,,,,,-2.7,,0.0,,,,,,,,,,,,,,,,,,,,,,,,,,,,,,0.0,0.0,5.0,NEUTRAL,,LARGE,,,,,,,,,,0.0
NETWEB,,,,,,-0.67,,,,2026-07-01,,,,,,,,,,,,-2.5,,0.0,,,,,,,,,,,,,,,,,,,,,,,,,,,,,,0.0,0.0,5.0,NEUTRAL,,LARGE,,,,,,,,,,0.0
OBEROIRLTY,,,,,,2.0,,,,2026-07-01,,,,,,,,,,,,8.1,,0.0,,,,,,,,,,,,,,,,,,,,,,,,,,,,,,0.0,0.0,7.0,NEUTRAL,,LARGE,,,,,,,,,,0.0
ONGC,,,,,,0.04,,,,2026-07-01,,,,,,,,,,,,-6.3,,0.0,,,,,,,,,,,,,,,,,,,,,,,,,,,,,,0.0,0.0,15.0,NEUTRAL,,MEGA,,,,,,,,,,0.0
OFSS,,,,,,0.81,,,,2026-07-01,,,,,,,,,,,,-2.5,,0.0,,,,,,,,,,,,,,,,,,,,,,,,,,,,,,0.0,0.0,8.0,NEUTRAL,,LARGE,,,,,,,,,,0.0
PAGEIND,,,,,,5.41,,,,2026-07-01,,,,,,,,,,,,-2.4,,0.0,,,,,,,,,,,,,,,,,,,,,,,,,,,,,,0.0,0.0,3.0,NEUTRAL,,LARGE,,,,,,,,,,0.0
PATANJALI,,,,,,0.52,,,,2026-07-01,,,,,,,,,,,,0.4,,0.0,,,,,,,,,,,,,,,,,,,,,,,,,,,,,,0.0,0.0,9.0,NEUTRAL,,LARGE,,,,,,,,,,0.0
RRKABEL,,,,,,-0.56,,,,2026-07-01,,,,,,,,,,,,2.2,,0.0,,,,,,,,,,,,,,,,,,,,,,,,,,,,,,0.0,0.0,5.0,NEUTRAL,,LARGE,,,,,,,,,,0.0
SARDAEN,,,,,,-0.77,,,,2026-07-01,,,,,,,,,,,,-2.7,,26.6,,,,,,,,,,,,,,,,,,,,,,,,,,,,,,40.0,0.0,9.0,POSITIVE,,MID,,,,,,,,,,1.0
SOLARINDS,,,,,,-0.46,,,,2026-07-01,,,,,,,,,,,,-2.7,,0.0,,,,,,,,,,,,,,,,,,,,,,,,,,,,,,0.0,0.0,5.0,NEUTRAL,,MEGA,,,,,,,,,,0.0
TBOTEK,,,,,,5.76,,,,2026-07-01,,,,,,,,,,,,-2.4,,-0.5,,,,,,,,,,,,,,,,,,,,,,,,,,,,,,0.0,0.0,-1.0,NEUTRAL,,MID,,,,,,,,,,0.0
TCS,,,,,,-2.41,,,,2026-07-01,,,,,,,,,,,,-2.5,,0.0,,,,,,,,,,,,,,,,,,,,,,,,,,,,,,0.0,-46.2,13.0,NEUTRAL,,MEGA,,,,,,,,,,0.0
TRENT,,,,,,0.23,,,,2026-07-01,,,,,,,,,,,,-2.4,,0.0,,,,,,,,,,,,,,,,,,,,,,,,,,,,,,0.0,-39.4,5.0,NEUTRAL,,MEGA,,,,,,,,,,0.0
UNOMINDA,,,,,,0.03,,,,2026-07-01,,,,,,,,,,,,-2.4,,0.0,,,,,,,,,,,,,,,,,,,,,,,,,,,,,,0.0,0.0,2.0,NEUTRAL,,LARGE,,,,,,,,,,0.0
VIJAYA,,,,,,1.28,,,,2026-07-01,,,,,,,,,,,,5.5,,1.1,,,,,,,,,,,,,,,,,,,,,,,,,,,,,,0.0,0.0,2.0,NEUTRAL,,MID,,,,,,,,,,0.0
ZFCVINDIA,,,,,,-3.13,,,,2026-07-01,,,,,,,,,,,,-2.4,,0.0,,,,,,,,,,,,,,,,,,,,,,,,,,,,,,0.0,0.0,0.0,NEUTRAL,,LARGE,,,,,,,,,,0.0
ZYDUSLIFE,,,,,,-0.31,,,,2026-07-01,,,,,,,,,,,,5.5,,0.0,,,,,,,,,,,,,,,,,,,,,,,,,,,,,,0.0,0.0,9.0,NEUTRAL,,MEGA,,,,,,,,,,0.0
ECLERX,,,,,,0.57,,,,2026-07-01,,,,,,,,,,,,-2.5,,0.9,,,,,,,,,,,,,,,,,,,,,,,,,,,,,,0.0,0.0,12.0,NEUTRAL,,MID,,,,,,,,,,0.0
AIAENG,,,,,,-3.92,,,,2026-07-02,,,,,,,,,,,,2.9,,0.0,,,,,,,,,,,,,,,,,,,,,,,,,,,,,,0.0,0.0,5.0,NEUTRAL,,LARGE,,,,,,,,,,0.0
AFFLE,,,,,,1.91,,,,2026-07-02,,,,,,,,,,,,-0.5,,0.0,,,,,,,,,,,,,,,,,,,,,,,,,,,,,,0.0,0.0,2.0,NEUTRAL,,LARGE,,,,,,,,,,0.0
APARINDS,,,,,,3.45,,,,2026-07-02,,,,,,,,,,,,2.9,,0.0,,,,,,,,,,,,,,,,,,,,,,,,,,,,,,0.0,0.0,2.0,NEUTRAL,,LARGE,,,,,,,,,,0.0
ASIANPAINT,,,,,,1.03,,,,2026-07-02,,,,,,,,,,,,-1.6,,0.0,,,,,,,,,,,,,,,,,,,,,,,,,,,,,,0.0,0.0,3.0,NEUTRAL,,MEGA,,,,,,,,,,0.0
BLS,,,,,,2.79,,,,2026-07-02,,,,,,,,,,,,2.9,,1.6,,,,,,,,,,,,,,,,,,,,,,,,,,,,,,0.0,0.0,10.0,NEUTRAL,,MID,,,,,,,,,,0.0
BSE,,,,,,-2.77,,,,2026-07-02,,,,,,,,,,,,-0.2,,0.0,,,,,,,,,,,,,,,,,,,,,,,,,,,,,,0.0,-25.4,3.0,NEUTRAL,,MEGA,,,,,,,,,,0.0
BEL,,,,,,-0.29,,,,2026-07-02,,,,,,,,,,,,2.9,,0.0,,,,,,,,,,,,,,,,,,,,,,,,,,,,,,0.0,0.0,3.0,NEUTRAL,,MEGA,,,,,,,,,,0.0
BIKAJI,,,,,,1.1,,,,2026-07-02,,,,,,,,,,,,1.4,,0.4,,,,,,,,,,,,,,,,,,,,,,,,,,,,,,0.0,0.0,2.0,NEUTRAL,,MID,,,,,,,,,,0.0
BLUESTARCO,,,,,,-0.45,,,,2026-07-02,,,,,,,,,,,,2.9,,0.0,,,,,,,,,,,,,,,,,,,,,,,,,,,,,,0.0,0.0,2.0,NEUTRAL,,LARGE,,,,,,,,,,0.0
BRITANNIA,,,,,,2.13,,,,2026-07-02,,,,,,,,,,,,1.4,,0.0,,,,,,,,,,,,,,,,,,,,,,,,,,,,,,0.0,1.6,3.0,NEUTRAL,,MEGA,,,,,,,,,,0.0
CAPLIPOINT,,,,,,-1.01,,,,2026-07-02,,,,,,,,,,,,5.3,,1.4,,,,,,,,,,,,,,,,,,,,,,,,,,,,,,0.0,0.0,5.0,NEUTRAL,,MID,,,,,,,,,,0.0
CEMPRO,,,,,,5.0,,,,2026-07-02,,,,,,,,,,,,2.9,,0.0,,,,,,,,,,,,,,,,,,,,,,,,,,,,,,0.0,0.0,8.0,NEUTRAL,,LARGE,,,,,,,,,,0.0
DOMS,,,,,,2.24,,,,2026-07-02,,,,,,,,,,,,2.9,,1.0,,,,,,,,,,,,,,,,,,,,,,,,,,,,,,0.0,0.0,5.0,NEUTRAL,,MID,,,,,,,,,,0.0
DIXON,,,,,,3.49,,,,2026-07-02,,,,,,,,,,,,0.2,,0.0,,,,,,,,,,,,,,,,,,,,,,,,,,,,,,0.0,0.0,8.0,NEUTRAL,,LARGE,,,,,,,,,,0.0
ELGIEQUIP,,,,,,-1.96,,,,2026-07-02,,,,,,,,,,,,2.9,,1.3,,,,,,,,,,,,,,,,,,,,,,,,,,,,,,0.0,0.0,8.0,NEUTRAL,,MID,,,,,,,,,,0.0
ENDURANCE,,,,,,2.69,,,,2026-07-02,,,,,,,,,,,,-1.9,,0.0,,,,,,,,,,,,,,,,,,,,,,,,,,,,,,0.0,0.0,5.0,NEUTRAL,,LARGE,,,,,,,,,,0.0
GABRIEL,,,,,,-0.31,,,,2026-07-02,,,,,,,,,,,,-1.9,,0.0,,,,,,,,,,,,,,,,,,,,,,,,,,,,,,0.0,0.0,2.0,NEUTRAL,,LARGE,,,,,,,,,,0.0
MEDANTA,,,,,,1.3,,,,2026-07-02,,,,,,,,,,,,5.3,,0.0,,,,,,,,,,,,,,,,,,,,,,,,,,,,,,0.0,0.0,2.0,NEUTRAL,,LARGE,,,,,,,,,,0.0
GRANULES,,,,,,1.76,,,,2026-07-02,,,,,,,,,,,,5.3,,0.0,,,,,,,,,,,,,,,,,,,,,,,,,,,,,,0.0,0.0,7.0,NEUTRAL,,LARGE,,,,,,,,,,0.0
GRAVITA,,,,,,3.7,,,,2026-07-02,,,,,,,,,,,,2.9,,-25.0,,,,,,,,,,,,,,,,,,,,,,,,,,,,,,-40.0,0.0,5.0,NEGATIVE,,MID,,,,,,,,,,-1.0
HSCL,,,,,,2.65,,,,2026-07-02,,,,,,,,,,,,-1.6,,0.0,,,,,,,,,,,,,,,,,,,,,,,,,,,,,,0.0,0.0,5.0,NEUTRAL,,LARGE,,,,,,,,,,0.0
HINDZINC,,,,,,0.82,,,,2026-07-02,,,,,,,,,,,,-1.6,,0.0,,,,,,,,,,,,,,,,,,,,,,,,,,,,,,0.0,0.0,10.0,NEUTRAL,,MEGA,,,,,,,,,,0.0
INDHOTEL,,,,,,0.27,,,,2026-07-02,,,,,,,,,,,,-1.9,,0.0,,,,,,,,,,,,,,,,,,,,,,,,,,,,,,0.0,0.0,5.0,NEUTRAL,,MEGA,,,,,,,,,,0.0
JSL,,,,,,1.4,,,,2026-07-02,,,,,,,,,,,,-1.6,,0.0,,,,,,,,,,,,,,,,,,,,,,,,,,,,,,0.0,0.0,7.0,NEUTRAL,,LARGE,,,,,,,,,,0.0
KPIL,,,,,,1.07,,,,2026-07-02,,,,,,,,,,,,2.9,,0.0,,,,,,,,,,,,,,,,,,,,,,,,,,,,,,0.0,5.4,9.0,NEUTRAL,,LARGE,,,,,,,,,,0.0
LODHA,,,,,,1.4,,,,2026-07-02,,,,,,,,,,,,10.2,,0.0,,,,,,,,,,,,,,,,,,,,,,,,,,,,,,0.0,0.0,7.0,NEUTRAL,,MEGA,,,,,,,,,,0.0
LUPIN,,,,,,0.09,,,,2026-07-02,,,,,,,,,,,,5.3,,0.0,,,,,,,,,,,,,,,,,,,,,,,,,,,,,,0.0,1.4,12.0,NEUTRAL,,MEGA,,,,,,,,,,0.0
MRF,,,,,,2.04,,,,2026-07-02,,,,,,,,,,,,-1.9,,0.0,,,,,,,,,,,,,,,,,,,,,,,,,,,,,,0.0,0.0,9.0,NEUTRAL,,LARGE,,,,,,,,,,0.0
MANKIND,,,,,,-0.14,,,,2026-07-02,,,,,,,,,,,,5.3,,0.0,,,,,,,,,,,,,,,,,,,,,,,,,,,,,,0.0,39.6,2.0,NEUTRAL,,MEGA,,,,,,,,,,0.0
MARICO,,,,,,0.59,,,,2026-07-02,,,,,,,,,,,,1.4,,0.0,,,,,,,,,,,,,,,,,,,,,,,,,,,,,,0.0,0.0,5.0,NEUTRAL,,MEGA,,,,,,,,,,0.0
MAXHEALTH,,,,,,-1.1,,,,2026-07-02,,,,,,,,,,,,5.3,,0.0,,,,,,,,,,,,,,,,,,,,,,,,,,,,,,0.0,0.0,2.0,NEUTRAL,,MEGA,,,,,,,,,,0.0
MSUMI,,,,,,0.85,,,,2026-07-02,,,,,,,,,,,,-1.9,,0.0,,,,,,,,,,,,,,,,,,,,,,,,,,,,,,0.0,0.0,6.0,NEUTRAL,,LARGE,,,,,,,,,,0.0
MPHASIS,,,,,,5.58,,,,2026-07-02,,,,,,,,,,,,0.2,,0.0,,,,,,,,,,,,,,,,,,,,,,,,,,,,,,0.0,0.0,7.0,NEUTRAL,,LARGE,,,,,,,,,,0.0
MCX,,,,,,-1.31,,,,2026-07-02,,,,,,,,,,,,-0.2,,0.0,,,,,,,,,,,,,,,,,,,,,,,,,,,,,,0.0,7.1,5.0,NEUTRAL,,LARGE,,,,,,,,,,0.0
NMDC,,,,,,1.51,,,,2026-07-02,,,,,,,,,,,,-1.6,,0.0,,,,,,,,,,,,,,,,,,,,,,,,,,,,,,0.0,0.0,15.0,NEUTRAL,,LARGE,,,,,,,,,,0.0
NATIONALUM,,,,,,-0.72,,,,2026-07-02,,,,,,,,,,,,-1.6,,0.0,,,,,,,,,,,,,,,,,,,,,,,,,,,,,,0.0,0.0,13.0,NEUTRAL,,LARGE,,,,,,,,,,0.0
NAVINFLUOR,,,,,,0.81,,,,2026-07-02,,,,,,,,,,,,-1.6,,0.0,,,,,,,,,,,,,,,,,,,,,,,,,,,,,,0.0,0.0,5.0,NEUTRAL,,LARGE,,,,,,,,,,0.0
NETWEB,,,,,,-1.62,,,,2026-07-02,,,,,,,,,,,,0.2,,0.0,,,,,,,,,,,,,,,,,,,,,,,,,,,,,,0.0,0.0,5.0,NEUTRAL,,LARGE,,,,,,,,,,0.0
OBEROIRLTY,,,,,,3.33,,,,2026-07-02,,,,,,,,,,,,10.2,,0.0,,,,,,,,,,,,,,,,,,,,,,,,,,,,,,0.0,0.0,7.0,NEUTRAL,,LARGE,,,,,,,,,,0.0
ONGC,,,,,,0.41,,,,2026-07-02,,,,,,,,,,,,-5.4,,0.0,,,,,,,,,,,,,,,,,,,,,,,,,,,,,,0.0,0.0,15.0,NEUTRAL,,MEGA,,,,,,,,,,0.0
OFSS,,,,,,1.13,,,,2026-07-02,,,,,,,,,,,,0.2,,0.0,,,,,,,,,,,,,,,,,,,,,,,,,,,,,,0.0,0.0,8.0,NEUTRAL,,LARGE,,,,,,,,,,0.0
PAGEIND,,,,,,-1.66,,,,2026-07-02,,,,,,,,,,,,-1.9,,0.0,,,,,,,,,,,,,,,,,,,,,,,,,,,,,,0.0,0.0,3.0,NEUTRAL,,LARGE,,,,,,,,,,0.0
PATANJALI,,,,,,0.06,,,,2026-07-02,,,,,,,,,,,,1.4,,0.0,,,,,,,,,,,,,,,,,,,,,,,,,,,,,,0.0,0.0,9.0,NEUTRAL,,LARGE,,,,,,,,,,0.0
RRKABEL,,,,,,0.5,,,,2026-07-02,,,,,,,,,,,,2.9,,0.0,,,,,,,,,,,,,,,,,,,,,,,,,,,,,,0.0,0.0,5.0,NEUTRAL,,LARGE,,,,,,,,,,0.0
SARDAEN,,,,,,1.61,,,,2026-07-02,,,,,,,,,,,,-1.6,,0.7,,,,,,,,,,,,,,,,,,,,,,,,,,,,,,0.0,0.0,9.0,NEUTRAL,,MID,,,,,,,,,,0.0
SOLARINDS,,,,,,0.26,,,,2026-07-02,,,,,,,,,,,,-1.6,,0.0,,,,,,,,,,,,,,,,,,,,,,,,,,,,,,0.0,0.0,5.0,NEUTRAL,,MEGA,,,,,,,,,,0.0
TBOTEK,,,,,,0.95,,,,2026-07-02,,,,,,,,,,,,-1.9,,-0.4,,,,,,,,,,,,,,,,,,,,,,,,,,,,,,0.0,0.0,-1.0,NEUTRAL,,MID,,,,,,,,,,0.0
TCS,,,,,,4.31,,,,2026-07-02,,,,,,,,,,,,0.2,,0.0,,,,,,,,,,,,,,,,,,,,,,,,,,,,,,0.0,-45.5,10.0,NEUTRAL,,MEGA,,,,,,,,,,0.0
TRENT,,,,,,0.84,,,,2026-07-02,,,,,,,,,,,,-1.9,,0.0,,,,,,,,,,,,,,,,,,,,,,,,,,,,,,0.0,0.0,5.0,NEUTRAL,,MEGA,,,,,,,,,,0.0
UNOMINDA,,,,,,3.02,,,,2026-07-02,,,,,,,,,,,,-1.9,,0.0,,,,,,,,,,,,,,,,,,,,,,,,,,,,,,0.0,0.0,2.0,NEUTRAL,,LARGE,,,,,,,,,,0.0
VIJAYA,,,,,,2.04,,,,2026-07-02,,,,,,,,,,,,5.3,,1.1,,,,,,,,,,,,,,,,,,,,,,,,,,,,,,0.0,0.0,2.0,NEUTRAL,,MID,,,,,,,,,,0.0
ZFCVINDIA,,,,,,-2.11,,,,2026-07-02,,,,,,,,,,,,-1.9,,0.0,,,,,,,,,,,,,,,,,,,,,,,,,,,,,,0.0,0.0,0.0,NEUTRAL,,LARGE,,,,,,,,,,0.0
ZYDUSLIFE,,,,,,-0.85,,,,2026-07-02,,,,,,,,,,,,5.3,,0.0,,,,,,,,,,,,,,,,,,,,,,,,,,,,,,0.0,0.0,9.0,NEUTRAL,,MEGA,,,,,,,,,,0.0
ECLERX,,,,,,4.42,,,,2026-07-02,,,,,,,,,,,,0.2,,1.1,,,,,,,,,,,,,,,,,,,,,,,,,,,,,,0.0,0.0,10.0,NEUTRAL,,MID,,,,,,,,,,0.0
AIAENG,,,,,,-0.95,,,,2026-07-03,,,,,,,,,,,,1.8,,0.0,,,,,,,,,,,,,,,,,,,,,,,,,,,,,,0.0,0.0,5.0,NEUTRAL,,LARGE,,,,,,,,,,0.0
AFFLE,,,,,,0.44,,,,2026-07-03,,,,,,,,,,,,0.1,,0.0,,,,,,,,,,,,,,,,,,,,,,,,,,,,,,0.0,0.0,2.0,NEUTRAL,,LARGE,,,,,,,,,,0.0
APARINDS,,,,,,-6.14,,,,2026-07-03,,,,,,,,,,,,1.8,,0.0,,,,,,,,,,,,,,,,,,,,,,,,,,,,,,0.0,0.0,2.0,NEUTRAL,,LARGE,,,,,,,,,,0.0
ASIANPAINT,,,,,,-0.24,,,,2026-07-03,,,,,,,,,,,,-0.6,,0.0,,,,,,,,,,,,,,,,,,,,,,,,,,,,,,0.0,0.0,2.0,NEUTRAL,,MEGA,,,,,,,,,,0.0
BLS,,,,,,0.36,,,,2026-07-03,,,,,,,,,,,,1.8,,1.4,,,,,,,,,,,,,,,,,,,,,,,,,,,,,,0.0,0.0,10.0,NEUTRAL,,MID,,,,,,,,,,0.0
BSE,,,,,,-0.47,,,,2026-07-03,,,,,,,,,,,,-2.1,,0.0,,,,,,,,,,,,,,,,,,,,,,,,,,,,,,0.0,0.8,3.0,NEUTRAL,,MEGA,,,,,,,,,,0.0
BEL,,,,,,0.72,,,,2026-07-03,,,,,,,,,,,,1.8,,0.0,,,,,,,,,,,,,,,,,,,,,,,,,,,,,,0.0,0.0,3.0,NEUTRAL,,MEGA,,,,,,,,,,0.0
BIKAJI,,,,,,1.07,,,,2026-07-03,,,,,,,,,,,,1.2,,0.4,,,,,,,,,,,,,,,,,,,,,,,,,,,,,,0.0,0.0,2.0,NEUTRAL,,MID,,,,,,,,,,0.0
BLUESTARCO,,,,,,-0.99,,,,2026-07-03,,,,,,,,,,,,1.8,,0.0,,,,,,,,,,,,,,,,,,,,,,,,,,,,,,0.0,0.0,2.0,NEUTRAL,,LARGE,,,,,,,,,,0.0
BRITANNIA,,,,,,0.09,,,,2026-07-03,,,,,,,,,,,,1.2,,0.0,,,,,,,,,,,,,,,,,,,,,,,,,,,,,,0.0,0.0,3.0,NEUTRAL,,MEGA,,,,,,,,,,0.0
CAPLIPOINT,,,,,,-0.0,,,,2026-07-03,,,,,,,,,,,,6.0,,1.5,,,,,,,,,,,,,,,,,,,,,,,,,,,,,,0.0,0.0,5.0,NEUTRAL,,MID,,,,,,,,,,0.0
CEMPRO,,,,,,1.23,,,,2026-07-03,,,,,,,,,,,,1.8,,0.0,,,,,,,,,,,,,,,,,,,,,,,,,,,,,,0.0,0.0,8.0,NEUTRAL,,LARGE,,,,,,,,,,0.0
DOMS,,,,,,-1.27,,,,2026-07-03,,,,,,,,,,,,1.8,,0.8,,,,,,,,,,,,,,,,,,,,,,,,,,,,,,0.0,0.0,5.0,NEUTRAL,,MID,,,,,,,,,,0.0
DIXON,,,,,,0.67,,,,2026-07-03,,,,,,,,,,,,2.5,,0.0,,,,,,,,,,,,,,,,,,,,,,,,,,,,,,0.0,0.0,8.0,NEUTRAL,,LARGE,,,,,,,,,,0.0
ELGIEQUIP,,,,,,-2.6,,,,2026-07-03,,,,,,,,,,,,1.8,,1.2,,,,,,,,,,,,,,,,,,,,,,,,,,,,,,0.0,0.0,8.0,NEUTRAL,,MID,,,,,,,,,,0.0
ENDURANCE,,,,,,-0.83,,,,2026-07-03,,,,,,,,,,,,-2.1,,0.0,,,,,,,,,,,,,,,,,,,,,,,,,,,,,,0.0,0.0,5.0,NEUTRAL,,LARGE,,,,,,,,,,0.0
GABRIEL,,,,,,-0.83,,,,2026-07-03,,,,,,,,,,,,-2.1,,0.0,,,,,,,,,,,,,,,,,,,,,,,,,,,,,,0.0,0.0,2.0,NEUTRAL,,LARGE,,,,,,,,,,0.0
MEDANTA,,,,,,0.4,,,,2026-07-03,,,,,,,,,,,,6.0,,0.0,,,,,,,,,,,,,,,,,,,,,,,,,,,,,,0.0,0.0,2.0,NEUTRAL,,LARGE,,,,,,,,,,0.0
GRANULES,,,,,,0.98,,,,2026-07-03,,,,,,,,,,,,6.0,,0.0,,,,,,,,,,,,,,,,,,,,,,,,,,,,,,0.0,0.0,7.0,NEUTRAL,,LARGE,,,,,,,,,,0.0
GRAVITA,,,,,,2.19,,,,2026-07-03,,,,,,,,,,,,1.8,,0.8,,,,,,,,,,,,,,,,,,,,,,,,,,,,,,0.0,0.0,5.0,NEUTRAL,,MID,,,,,,,,,,0.0
HSCL,,,,,,2.72,,,,2026-07-03,,,,,,,,,,,,-0.6,,0.0,,,,,,,,,,,,,,,,,,,,,,,,,,,,,,0.0,0.0,5.0,NEUTRAL,,LARGE,,,,,,,,,,0.0
HINDZINC,,,,,,1.48,,,,2026-07-03,,,,,,,,,,,,-0.6,,0.0,,,,,,,,,,,,,,,,,,,,,,,,,,,,,,0.0,0.0,10.0,NEUTRAL,,MEGA,,,,,,,,,,0.0
INDHOTEL,,,,,,1.1,,,,2026-07-03,,,,,,,,,,,,-2.1,,0.0,,,,,,,,,,,,,,,,,,,,,,,,,,,,,,0.0,0.0,5.0,NEUTRAL,,MEGA,,,,,,,,,,0.0
JSL,,,,,,0.97,,,,2026-07-03,,,,,,,,,,,,-0.6,,0.0,,,,,,,,,,,,,,,,,,,,,,,,,,,,,,0.0,0.0,7.0,NEUTRAL,,LARGE,,,,,,,,,,0.0
KPIL,,,,,,1.01,,,,2026-07-03,,,,,,,,,,,,1.8,,0.0,,,,,,,,,,,,,,,,,,,,,,,,,,,,,,0.0,0.0,9.0,NEUTRAL,,LARGE,,,,,,,,,,0.0
LODHA,,,,,,5.05,,,,2026-07-03,,,,,,,,,,,,14.2,,0.0,,,,,,,,,,,,,,,,,,,,,,,,,,,,,,0.0,-3.6,7.0,NEUTRAL,,MEGA,,,,,,,,,,0.0
LUPIN,,,,,,3.18,,,,2026-07-03,,,,,,,,,,,,6.0,,0.0,,,,,,,,,,,,,,,,,,,,,,,,,,,,,,0.0,1.4,10.0,NEUTRAL,,MEGA,,,,,,,,,,0.0
MRF,,,,,,1.96,,,,2026-07-03,,,,,,,,,,,,-2.1,,0.0,,,,,,,,,,,,,,,,,,,,,,,,,,,,,,0.0,0.0,9.0,NEUTRAL,,LARGE,,,,,,,,,,0.0
MANKIND,,,,,,1.68,,,,2026-07-03,,,,,,,,,,,,6.0,,0.0,,,,,,,,,,,,,,,,,,,,,,,,,,,,,,0.0,84.7,2.0,NEUTRAL,,MEGA,,,,,,,,,,0.0
MARICO,,,,,,-2.04,,,,2026-07-03,,,,,,,,,,,,1.2,,0.0,,,,,,,,,,,,,,,,,,,,,,,,,,,,,,0.0,5.1,5.0,NEUTRAL,,MEGA,,,,,,,,,,0.0
MAXHEALTH,,,,,,2.31,,,,2026-07-03,,,,,,,,,,,,6.0,,0.0,,,,,,,,,,,,,,,,,,,,,,,,,,,,,,0.0,0.0,2.0,NEUTRAL,,MEGA,,,,,,,,,,0.0
MSUMI,,,,,,-0.41,,,,2026-07-03,,,,,,,,,,,,-2.1,,0.0,,,,,,,,,,,,,,,,,,,,,,,,,,,,,,0.0,0.0,6.0,NEUTRAL,,LARGE,,,,,,,,,,0.0
MPHASIS,,,,,,2.28,,,,2026-07-03,,,,,,,,,,,,2.5,,0.0,,,,,,,,,,,,,,,,,,,,,,,,,,,,,,0.0,0.0,7.0,NEUTRAL,,LARGE,,,,,,,,,,0.0
MCX,,,,,,-3.74,,,,2026-07-03,,,,,,,,,,,,-2.1,,0.0,,,,,,,,,,,,,,,,,,,,,,,,,,,,,,0.0,-18.4,5.0,NEUTRAL,,LARGE,,,,,,,,,,0.0
NMDC,,,,,,-0.2,,,,2026-07-03,,,,,,,,,,,,-0.6,,0.0,,,,,,,,,,,,,,,,,,,,,,,,,,,,,,0.0,0.0,15.0,NEUTRAL,,LARGE,,,,,,,,,,0.0
NATIONALUM,,,,,,4.62,,,,2026-07-03,,,,,,,,,,,,-0.6,,0.0,,,,,,,,,,,,,,,,,,,,,,,,,,,,,,0.0,0.0,13.0,NEUTRAL,,LARGE,,,,,,,,,,0.0
NAVINFLUOR,,,,,,-1.23,,,,2026-07-03,,,,,,,,,,,,-0.6,,0.0,,,,,,,,,,,,,,,,,,,,,,,,,,,,,,0.0,0.0,5.0,NEUTRAL,,LARGE,,,,,,,,,,0.0
NETWEB,,,,,,-0.17,,,,2026-07-03,,,,,,,,,,,,2.5,,0.0,,,,,,,,,,,,,,,,,,,,,,,,,,,,,,0.0,0.0,5.0,NEUTRAL,,LARGE,,,,,,,,,,0.0
OBEROIRLTY,,,,,,3.74,,,,2026-07-03,,,,,,,,,,,,14.2,,0.0,,,,,,,,,,,,,,,,,,,,,,,,,,,,,,0.0,0.0,7.0,NEUTRAL,,LARGE,,,,,,,,,,0.0
ONGC,,,,,,0.8,,,,2026-07-03,,,,,,,,,,,,-4.2,,0.0,,,,,,,,,,,,,,,,,,,,,,,,,,,,,,0.0,0.0,15.0,NEUTRAL,,MEGA,,,,,,,,,,0.0
OFSS,,,,,,2.38,,,,2026-07-03,,,,,,,,,,,,2.5,,0.0,,,,,,,,,,,,,,,,,,,,,,,,,,,,,,0.0,0.0,8.0,NEUTRAL,,LARGE,,,,,,,,,,0.0
PAGEIND,,,,,,-0.2,,,,2026-07-03,,,,,,,,,,,,-2.1,,0.0,,,,,,,,,,,,,,,,,,,,,,,,,,,,,,0.0,0.0,3.0,NEUTRAL,,LARGE,,,,,,,,,,0.0
PATANJALI,,,,,,0.12,,,,2026-07-03,,,,,,,,,,,,1.2,,0.0,,,,,,,,,,,,,,,,,,,,,,,,,,,,,,0.0,0.0,9.0,NEUTRAL,,LARGE,,,,,,,,,,0.0
RRKABEL,,,,,,-2.1,,,,2026-07-03,,,,,,,,,,,,1.8,,0.0,,,,,,,,,,,,,,,,,,,,,,,,,,,,,,0.0,0.0,5.0,NEUTRAL,,LARGE,,,,,,,,,,0.0
SARDAEN,,,,,,1.51,,,,2026-07-03,,,,,,,,,,,,-0.6,,0.9,,,,,,,,,,,,,,,,,,,,,,,,,,,,,,0.0,0.0,9.0,NEUTRAL,,MID,,,,,,,,,,0.0
SOLARINDS,,,,,,-0.78,,,,2026-07-03,,,,,,,,,,,,-0.6,,0.0,,,,,,,,,,,,,,,,,,,,,,,,,,,,,,0.0,0.0,5.0,NEUTRAL,,MEGA,,,,,,,,,,0.0
TBOTEK,,,,,,-0.28,,,,2026-07-03,,,,,,,,,,,,-2.1,,-0.3,,,,,,,,,,,,,,,,,,,,,,,,,,,,,,0.0,0.0,-1.0,NEUTRAL,,MID,,,,,,,,,,0.0
TCS,,,,,,1.23,,,,2026-07-03,,,,,,,,,,,,2.5,,0.0,,,,,,,,,,,,,,,,,,,,,,,,,,,,,,0.0,-2.0,10.0,NEUTRAL,,MEGA,,,,,,,,,,0.0
TRENT,,,,,,0.69,,,,2026-07-03,,,,,,,,,,,,-2.1,,0.0,,,,,,,,,,,,,,,,,,,,,,,,,,,,,,0.0,0.0,5.0,NEUTRAL,,MEGA,,,,,,,,,,0.0
UNOMINDA,,,,,,0.45,,,,2026-07-03,,,,,,,,,,,,-2.1,,0.0,,,,,,,,,,,,,,,,,,,,,,,,,,,,,,0.0,0.0,2.0,NEUTRAL,,LARGE,,,,,,,,,,0.0
VIJAYA,,,,,,-2.33,,,,2026-07-03,,,,,,,,,,,,6.0,,1.2,,,,,,,,,,,,,,,,,,,,,,,,,,,,,,0.0,0.0,2.0,NEUTRAL,,MID,,,,,,,,,,0.0
ZFCVINDIA,,,,,,-0.69,,,,2026-07-03,,,,,,,,,,,,-2.1,,0.0,,,,,,,,,,,,,,,,,,,,,,,,,,,,,,0.0,0.0,0.0,NEUTRAL,,LARGE,,,,,,,,,,0.0
ZYDUSLIFE,,,,,,3.71,,,,2026-07-03,,,,,,,,,,,,6.0,,0.0,,,,,,,,,,,,,,,,,,,,,,,,,,,,,,0.0,0.0,9.0,NEUTRAL,,MEGA,,,,,,,,,,0.0
ECLERX,,,,,,7.01,,,,2026-07-03,,,,,,,,,,,,2.5,,1.5,,,,,,,,,,,,,,,,,,,,,,,,,,,,,,0.0,0.0,10.0,NEUTRAL,,MID,,,,,,,,,,0.0
AIAENG,,,,,,1.23,,,,2026-07-06,,,,,,,,,,,,2.6,,0.0,,,,,,,,,,,,,,,,,,,,,,,,,,,,,,0.0,0.0,5.0,NEUTRAL,,LARGE,,,,,,,,,,0.0
AFFLE,,,,,,-1.17,,,,2026-07-06,,,,,,,,,,,,-1.0,,0.0,,,,,,,,,,,,,,,,,,,,,,,,,,,,,,0.0,0.0,2.0,NEUTRAL,,LARGE,,,,,,,,,,0.0
APARINDS,,,,,,1.05,,,,2026-07-06,,,,,,,,,,,,2.6,,0.0,,,,,,,,,,,,,,,,,,,,,,,,,,,,,,0.0,0.0,2.0,NEUTRAL,,LARGE,,,,,,,,,,0.0
ASIANPAINT,,,,,,0.62,,,,2026-07-06,,,,,,,,,,,,0.1,,0.0,,,,,,,,,,,,,,,,,,,,,,,,,,,,,,0.0,0.0,2.0,NEUTRAL,,MEGA,,,,,,,,,,0.0
BLS,,,,,,-1.42,,,,2026-07-06,,,,,,,,,,,,2.6,,1.5,,,,,,,,,,,,,,,,,,,,,,,,,,,,,,0.0,0.0,10.0,NEUTRAL,,MID,,,,,,,,,,0.0
BSE,,,,,,-0.36,,,,2026-07-06,,,,,,,,,,,,-3.7,,0.0,,,,,,,,,,,,,,,,,,,,,,,,,,,,,,0.0,-17.0,3.0,NEUTRAL,,MEGA,,,,,,,,,,0.0
BEL,,,,,,1.79,,,,2026-07-06,,,,,,,,,,,,2.6,,0.0,,,,,,,,,,,,,,,,,,,,,,,,,,,,,,0.0,58.1,3.0,NEUTRAL,,MEGA,,,,,,,,,,0.0
BIKAJI,,,,,,-1.06,,,,2026-07-06,,,,,,,,,,,,1.4,,0.4,,,,,,,,,,,,,,,,,,,,,,,,,,,,,,0.0,0.0,2.0,NEUTRAL,,MID,,,,,,,,,,0.0
BLUESTARCO,,,,,,0.92,,,,2026-07-06,,,,,,,,,,,,2.6,,0.0,,,,,,,,,,,,,,,,,,,,,,,,,,,,,,0.0,0.0,2.0,NEUTRAL,,LARGE,,,,,,,,,,0.0
BRITANNIA,,,,,,1.4,,,,2026-07-06,,,,,,,,,,,,1.4,,0.0,,,,,,,,,,,,,,,,,,,,,,,,,,,,,,0.0,0.0,3.0,NEUTRAL,,MEGA,,,,,,,,,,0.0
CAPLIPOINT,,,,,,3.39,,,,2026-07-06,,,,,,,,,,,,6.0,,1.5,,,,,,,,,,,,,,,,,,,,,,,,,,,,,,0.0,0.0,5.0,NEUTRAL,,MID,,,,,,,,,,0.0
CEMPRO,,,,,,5.0,,,,2026-07-06,,,,,,,,,,,,2.6,,0.0,,,,,,,,,,,,,,,,,,,,,,,,,,,,,,0.0,0.0,8.0,NEUTRAL,,LARGE,,,,,,,,,,0.0
DOMS,,,,,,0.88,,,,2026-07-06,,,,,,,,,,,,2.6,,1.0,,,,,,,,,,,,,,,,,,,,,,,,,,,,,,0.0,0.0,5.0,NEUTRAL,,MID,,,,,,,,,,0.0
DIXON,,,,,,6.81,,,,2026-07-06,,,,,,,,,,,,3.2,,0.0,,,,,,,,,,,,,,,,,,,,,,,,,,,,,,0.0,0.0,8.0,NEUTRAL,,LARGE,,,,,,,,,,0.0
ELGIEQUIP,,,,,,2.32,,,,2026-07-06,,,,,,,,,,,,2.6,,1.3,,,,,,,,,,,,,,,,,,,,,,,,,,,,,,0.0,0.0,8.0,NEUTRAL,,MID,,,,,,,,,,0.0
ENDURANCE,,,,,,0.28,,,,2026-07-06,,,,,,,,,,,,-1.9,,0.0,,,,,,,,,,,,,,,,,,,,,,,,,,,,,,0.0,0.0,5.0,NEUTRAL,,LARGE,,,,,,,,,,0.0
GABRIEL,,,,,,3.52,,,,2026-07-06,,,,,,,,,,,,-1.9,,0.0,,,,,,,,,,,,,,,,,,,,,,,,,,,,,,0.0,0.0,2.0,NEUTRAL,,LARGE,,,,,,,,,,0.0
MEDANTA,,,,,,0.03,,,,2026-07-06,,,,,,,,,,,,6.0,,0.0,,,,,,,,,,,,,,,,,,,,,,,,,,,,,,0.0,0.0,2.0,NEUTRAL,,LARGE,,,,,,,,,,0.0
GRANULES,,,,,,2.45,,,,2026-07-06,,,,,,,,,,,,6.0,,0.0,,,,,,,,,,,,,,,,,,,,,,,,,,,,,,0.0,85.1,7.0,NEUTRAL,,LARGE,,,,,,,,,,0.0
GRAVITA,,,,,,2.72,,,,2026-07-06,,,,,,,,,,,,2.6,,1.0,,,,,,,,,,,,,,,,,,,,,,,,,,,,,,0.0,0.0,5.0,NEUTRAL,,MID,,,,,,,,,,0.0
HSCL,,,,,,0.51,,,,2026-07-06,,,,,,,,,,,,0.1,,0.0,,,,,,,,,,,,,,,,,,,,,,,,,,,,,,0.0,0.0,5.0,NEUTRAL,,LARGE,,,,,,,,,,0.0
HINDZINC,,,,,,0.71,,,,2026-07-06,,,,,,,,,,,,0.1,,0.0,,,,,,,,,,,,,,,,,,,,,,,,,,,,,,0.0,0.0,10.0,NEUTRAL,,MEGA,,,,,,,,,,0.0
INDHOTEL,,,,,,1.31,,,,2026-07-06,,,,,,,,,,,,-1.9,,0.0,,,,,,,,,,,,,,,,,,,,,,,,,,,,,,0.0,0.0,2.0,NEUTRAL,,MEGA,,,,,,,,,,0.0
JSL,,,,,,0.59,,,,2026-07-06,,,,,,,,,,,,0.1,,0.0,,,,,,,,,,,,,,,,,,,,,,,,,,,,,,0.0,0.0,7.0,NEUTRAL,,LARGE,,,,,,,,,,0.0
KPIL,,,,,,-0.26,,,,2026-07-06,,,,,,,,,,,,2.6,,0.0,,,,,,,,,,,,,,,,,,,,,,,,,,,,,,0.0,0.0,9.0,NEUTRAL,,LARGE,,,,,,,,,,0.0
LODHA,,,,,,3.68,,,,2026-07-06,,,,,,,,,,,,15.9,,0.0,,,,,,,,,,,,,,,,,,,,,,,,,,,,,,0.0,0.0,7.0,NEUTRAL,,MEGA,,,,,,,,,,0.0
LUPIN,,,,,,0.63,,,,2026-07-06,,,,,,,,,,,,6.0,,0.0,,,,,,,,,,,,,,,,,,,,,,,,,,,,,,0.0,0.0,10.0,NEUTRAL,,MEGA,,,,,,,,,,0.0
MRF,,,,,,0.73,,,,2026-07-06,,,,,,,,,,,,-1.9,,0.0,,,,,,,,,,,,,,,,,,,,,,,,,,,,,,0.0,0.0,9.0,NEUTRAL,,LARGE,,,,,,,,,,0.0
MANKIND,,,,,,0.51,,,,2026-07-06,,,,,,,,,,,,6.0,,0.0,,,,,,,,,,,,,,,,,,,,,,,,,,,,,,0.0,0.0,2.0,NEUTRAL,,MEGA,,,,,,,,,,0.0
MARICO,,,,,,-0.05,,,,2026-07-06,,,,,,,,,,,,1.4,,0.0,,,,,,,,,,,,,,,,,,,,,,,,,,,,,,0.0,47.9,5.0,NEUTRAL,,MEGA,,,,,,,,,,0.0
MAXHEALTH,,,,,,-1.81,,,,2026-07-06,,,,,,,,,,,,6.0,,0.0,,,,,,,,,,,,,,,,,,,,,,,,,,,,,,0.0,0.0,2.0,NEUTRAL,,MEGA,,,,,,,,,,0.0
MSUMI,,,,,,-0.63,,,,2026-07-06,,,,,,,,,,,,-1.9,,0.0,,,,,,,,,,,,,,,,,,,,,,,,,,,,,,0.0,0.0,6.0,NEUTRAL,,LARGE,,,,,,,,,,0.0
MPHASIS,,,,,,0.46,,,,2026-07-06,,,,,,,,,,,,3.2,,0.0,,,,,,,,,,,,,,,,,,,,,,,,,,,,,,0.0,0.0,7.0,NEUTRAL,,LARGE,,,,,,,,,,0.0
MCX,,,,,,-3.23,,,,2026-07-06,,,,,,,,,,,,-3.7,,0.0,,,,,,,,,,,,,,,,,,,,,,,,,,,,,,0.0,0.0,5.0,NEUTRAL,,LARGE,,,,,,,,,,0.0
NMDC,,,,,,-0.39,,,,2026-07-06,,,,,,,,,,,,0.1,,0.0,,,,,,,,,,,,,,,,,,,,,,,,,,,,,,0.0,0.0,15.0,NEUTRAL,,LARGE,,,,,,,,,,0.0
NATIONALUM,,,,,,0.99,,,,2026-07-06,,,,,,,,,,,,0.1,,0.0,,,,,,,,,,,,,,,,,,,,,,,,,,,,,,0.0,0.0,13.0,NEUTRAL,,LARGE,,,,,,,,,,0.0
NAVINFLUOR,,,,,,2.34,,,,2026-07-06,,,,,,,,,,,,0.1,,0.0,,,,,,,,,,,,,,,,,,,,,,,,,,,,,,0.0,0.0,5.0,NEUTRAL,,LARGE,,,,,,,,,,0.0
NETWEB,,,,,,-0.36,,,,2026-07-06,,,,,,,,,,,,3.2,,0.0,,,,,,,,,,,,,,,,,,,,,,,,,,,,,,0.0,0.0,5.0,NEUTRAL,,LARGE,,,,,,,,,,0.0
OBEROIRLTY,,,,,,0.98,,,,2026-07-06,,,,,,,,,,,,15.9,,0.0,,,,,,,,,,,,,,,,,,,,,,,,,,,,,,0.0,0.0,7.0,NEUTRAL,,LARGE,,,,,,,,,,0.0
ONGC,,,,,,2.55,,,,2026-07-06,,,,,,,,,,,,-1.4,,0.0,,,,,,,,,,,,,,,,,,,,,,,,,,,,,,0.0,37.6,15.0,NEUTRAL,,MEGA,,,,,,,,,,0.0
OFSS,,,,,,-1.57,,,,2026-07-06,,,,,,,,,,,,3.2,,0.0,,,,,,,,,,,,,,,,,,,,,,,,,,,,,,0.0,0.0,8.0,NEUTRAL,,LARGE,,,,,,,,,,0.0
PAGEIND,,,,,,-0.68,,,,2026-07-06,,,,,,,,,,,,-1.9,,0.0,,,,,,,,,,,,,,,,,,,,,,,,,,,,,,0.0,0.0,3.0,NEUTRAL,,LARGE,,,,,,,,,,0.0
PATANJALI,,,,,,0.37,,,,2026-07-06,,,,,,,,,,,,1.4,,0.0,,,,,,,,,,,,,,,,,,,,,,,,,,,,,,0.0,0.0,9.0,NEUTRAL,,LARGE,,,,,,,,,,0.0
RRKABEL,,,,,,-2.05,,,,2026-07-06,,,,,,,,,,,,2.6,,0.0,,,,,,,,,,,,,,,,,,,,,,,,,,,,,,0.0,0.0,5.0,NEUTRAL,,LARGE,,,,,,,,,,0.0
SARDAEN,,,,,,-0.62,,,,2026-07-06,,,,,,,,,,,,0.1,,1.0,,,,,,,,,,,,,,,,,,,,,,,,,,,,,,0.0,0.0,9.0,NEUTRAL,,MID,,,,,,,,,,0.0
SOLARINDS,,,,,,0.14,,,,2026-07-06,,,,,,,,,,,,0.1,,0.0,,,,,,,,,,,,,,,,,,,,,,,,,,,,,,0.0,0.0,5.0,NEUTRAL,,MEGA,,,,,,,,,,0.0
TBOTEK,,,,,,-0.18,,,,2026-07-06,,,,,,,,,,,,-1.9,,-0.3,,,,,,,,,,,,,,,,,,,,,,,,,,,,,,0.0,0.0,-1.0,NEUTRAL,,MID,,,,,,,,,,0.0
TCS,,,,,,-1.71,,,,2026-07-06,,,,,,,,,,,,3.2,,0.0,,,,,,,,,,,,,,,,,,,,,,,,,,,,,,0.0,15.8,10.0,NEUTRAL,,MEGA,,,,,,,,,,0.0
TRENT,,,,,,0.1,,,,2026-07-06,,,,,,,,,,,,-1.9,,0.0,,,,,,,,,,,,,,,,,,,,,,,,,,,,,,0.0,0.0,5.0,NEUTRAL,,MEGA,,,,,,,,,,0.0
UNOMINDA,,,,,,1.06,,,,2026-07-06,,,,,,,,,,,,-1.9,,0.0,,,,,,,,,,,,,,,,,,,,,,,,,,,,,,0.0,0.0,2.0,NEUTRAL,,LARGE,,,,,,,,,,0.0
VIJAYA,,,,,,-1.3,,,,2026-07-06,,,,,,,,,,,,6.0,,1.2,,,,,,,,,,,,,,,,,,,,,,,,,,,,,,0.0,0.0,2.0,NEUTRAL,,MID,,,,,,,,,,0.0
ZFCVINDIA,,,,,,-0.7,,,,2026-07-06,,,,,,,,,,,,-1.9,,0.0,,,,,,,,,,,,,,,,,,,,,,,,,,,,,,0.0,0.0,0.0,NEUTRAL,,LARGE,,,,,,,,,,0.0
ZYDUSLIFE,,,,,,0.64,,,,2026-07-06,,,,,,,,,,,,6.0,,0.0,,,,,,,,,,,,,,,,,,,,,,,,,,,,,,0.0,0.0,9.0,NEUTRAL,,MEGA,,,,,,,,,,0.0
ECLERX,,,,,,0.64,,,,2026-07-06,,,,,,,,,,,,3.2,,1.4,,,,,,,,,,,,,,,,,,,,,,,,,,,,,,0.0,0.0,8.0,NEUTRAL,,MID,,,,,,,,,,0.0
AIAENG,,,,,,-1.17,,,,2026-07-07,,,,,,,,,,,,1.2,,0.0,,,,,,,,,,,,,,,,,,,,,,,,,,,,,,0.0,0.0,5.0,NEUTRAL,,LARGE,,,,,,,,,,0.0
AFFLE,,,,,,1.74,,,,2026-07-07,,,,,,,,,,,,0.7,,0.0,,,,,,,,,,,,,,,,,,,,,,,,,,,,,,0.0,0.0,2.0,NEUTRAL,,LARGE,,,,,,,,,,0.0
APARINDS,,,,,,-1.18,,,,2026-07-07,,,,,,,,,,,,1.2,,0.0,,,,,,,,,,,,,,,,,,,,,,,,,,,,,,0.0,0.0,2.0,NEUTRAL,,LARGE,,,,,,,,,,0.0
ASIANPAINT,,,,,,-0.85,,,,2026-07-07,,,,,,,,,,,,-1.8,,0.0,,,,,,,,,,,,,,,,,,,,,,,,,,,,,,0.0,0.0,2.0,NEUTRAL,,MEGA,,,,,,,,,,0.0
BLS,,,,,,-0.46,,,,2026-07-07,,,,,,,,,,,,1.2,,1.6,,,,,,,,,,,,,,,,,,,,,,,,,,,,,,0.0,0.0,13.0,NEUTRAL,,MID,,,,,,,,,,0.0
BSE,,,,,,-3.14,,,,2026-07-07,,,,,,,,,,,,-6.4,,0.0,,,,,,,,,,,,,,,,,,,,,,,,,,,,,,0.0,4.9,3.0,NEUTRAL,,MEGA,,,,,,,,,,0.0
BEL,,,,,,-1.5,,,,2026-07-07,,,,,,,,,,,,1.2,,0.0,,,,,,,,,,,,,,,,,,,,,,,,,,,,,,0.0,-94.1,3.0,NEUTRAL,,MEGA,,,,,,,,,,0.0
BIKAJI,,,,,,-1.89,,,,2026-07-07,,,,,,,,,,,,1.0,,0.4,,,,,,,,,,,,,,,,,,,,,,,,,,,,,,0.0,0.0,2.0,NEUTRAL,,MID,,,,,,,,,,0.0
BLUESTARCO,,,,,,0.48,,,,2026-07-07,,,,,,,,,,,,1.2,,0.0,,,,,,,,,,,,,,,,,,,,,,,,,,,,,,0.0,0.0,2.0,NEUTRAL,,LARGE,,,,,,,,,,0.0
BRITANNIA,,,,,,-0.14,,,,2026-07-07,,,,,,,,,,,,1.0,,0.0,,,,,,,,,,,,,,,,,,,,,,,,,,,,,,0.0,0.0,3.0,NEUTRAL,,MEGA,,,,,,,,,,0.0
CAPLIPOINT,,,,,,-2.19,,,,2026-07-07,,,,,,,,,,,,4.9,,1.3,,,,,,,,,,,,,,,,,,,,,,,,,,,,,,0.0,0.0,5.0,NEUTRAL,,MID,,,,,,,,,,0.0
CEMPRO,,,,,,-1.8,,,,2026-07-07,,,,,,,,,,,,1.2,,0.0,,,,,,,,,,,,,,,,,,,,,,,,,,,,,,0.0,0.0,8.0,NEUTRAL,,LARGE,,,,,,,,,,0.0
DOMS,,,,,,-1.02,,,,2026-07-07,,,,,,,,,,,,1.2,,0.7,,,,,,,,,,,,,,,,,,,,,,,,,,,,,,0.0,0.0,5.0,NEUTRAL,,MID,,,,,,,,,,0.0
DIXON,,,,,,-0.47,,,,2026-07-07,,,,,,,,,,,,3.2,,0.0,,,,,,,,,,,,,,,,,,,,,,,,,,,,,,0.0,8.7,8.0,NEUTRAL,,LARGE,,,,,,,,,,0.0
ELGIEQUIP,,,,,,-0.5,,,,2026-07-07,,,,,,,,,,,,1.2,,1.1,,,,,,,,,,,,,,,,,,,,,,,,,,,,,,0.0,0.0,8.0,NEUTRAL,,MID,,,,,,,,,,0.0
ENDURANCE,,,,,,0.75,,,,2026-07-07,,,,,,,,,,,,-3.6,,-26.0,,,,,,,,,,,,,,,,,,,,,,,,,,,,,,-40.0,0.0,5.0,NEGATIVE,,LARGE,,,,,,,,,,-1.0
GABRIEL,,,,,,-0.68,,,,2026-07-07,,,,,,,,,,,,-3.6,,0.0,,,,,,,,,,,,,,,,,,,,,,,,,,,,,,0.0,0.0,2.0,NEUTRAL,,LARGE,,,,,,,,,,0.0
MEDANTA,,,,,,-1.98,,,,2026-07-07,,,,,,,,,,,,4.9,,0.0,,,,,,,,,,,,,,,,,,,,,,,,,,,,,,0.0,0.0,2.0,NEUTRAL,,LARGE,,,,,,,,,,0.0
GRANULES,,,,,,1.09,,,,2026-07-07,,,,,,,,,,,,4.9,,0.0,,,,,,,,,,,,,,,,,,,,,,,,,,,,,,0.0,85.1,7.0,NEUTRAL,,LARGE,,,,,,,,,,0.0
GRAVITA,,,,,,0.91,,,,2026-07-07,,,,,,,,,,,,1.2,,0.7,,,,,,,,,,,,,,,,,,,,,,,,,,,,,,0.0,0.0,5.0,NEUTRAL,,MID,,,,,,,,,,0.0
HSCL,,,,,,-5.93,,,,2026-07-07,,,,,,,,,,,,-1.8,,0.0,,,,,,,,,,,,,,,,,,,,,,,,,,,,,,0.0,0.0,5.0,NEUTRAL,,LARGE,,,,,,,,,,0.0
HINDZINC,,,,,,-1.71,,,,2026-07-07,,,,,,,,,,,,-1.8,,0.0,,,,,,,,,,,,,,,,,,,,,,,,,,,,,,0.0,0.0,10.0,NEUTRAL,,MEGA,,,,,,,,,,0.0
INDHOTEL,,,,,,1.06,,,,2026-07-07,,,,,,,,,,,,-3.6,,0.0,,,,,,,,,,,,,,,,,,,,,,,,,,,,,,0.0,0.0,2.0,NEUTRAL,,MEGA,,,,,,,,,,0.0
JSL,,,,,,-0.97,,,,2026-07-07,,,,,,,,,,,,-1.8,,0.0,,,,,,,,,,,,,,,,,,,,,,,,,,,,,,0.0,0.0,7.0,NEUTRAL,,LARGE,,,,,,,,,,0.0
KPIL,,,,,,-1.99,,,,2026-07-07,,,,,,,,,,,,1.2,,0.0,,,,,,,,,,,,,,,,,,,,,,,,,,,,,,0.0,0.0,9.0,NEUTRAL,,LARGE,,,,,,,,,,0.0
LODHA,,,,,,0.61,,,,2026-07-07,,,,,,,,,,,,13.8,,0.0,,,,,,,,,,,,,,,,,,,,,,,,,,,,,,0.0,0.0,7.0,NEUTRAL,,MEGA,,,,,,,,,,0.0
LUPIN,,,,,,-0.06,,,,2026-07-07,,,,,,,,,,,,4.9,,0.0,,,,,,,,,,,,,,,,,,,,,,,,,,,,,,0.0,0.0,10.0,NEUTRAL,,MEGA,,,,,,,,,,0.0
MRF,,,,,,2.22,,,,2026-07-07,,,,,,,,,,,,-3.6,,0.0,,,,,,,,,,,,,,,,,,,,,,,,,,,,,,0.0,0.0,9.0,NEUTRAL,,LARGE,,,,,,,,,,0.0
MANKIND,,,,,,-0.55,,,,2026-07-07,,,,,,,,,,,,4.9,,-25.0,,,,,,,,,,,,,,,,,,,,,,,,,,,,,,-40.0,0.0,2.0,NEGATIVE,,MEGA,,,,,,,,,,-1.0
MARICO,,,,,,1.14,,,,2026-07-07,,,,,,,,,,,,1.0,,0.0,,,,,,,,,,,,,,,,,,,,,,,,,,,,,,0.0,47.9,5.0,NEUTRAL,,MEGA,,,,,,,,,,0.0
MAXHEALTH,,,,,,-1.25,,,,2026-07-07,,,,,,,,,,,,4.9,,0.0,,,,,,,,,,,,,,,,,,,,,,,,,,,,,,0.0,0.0,2.0,NEUTRAL,,MEGA,,,,,,,,,,0.0
MSUMI,,,,,,0.66,,,,2026-07-07,,,,,,,,,,,,-3.6,,0.0,,,,,,,,,,,,,,,,,,,,,,,,,,,,,,0.0,0.0,6.0,NEUTRAL,,LARGE,,,,,,,,,,0.0
MPHASIS,,,,,,2.92,,,,2026-07-07,,,,,,,,,,,,3.2,,0.0,,,,,,,,,,,,,,,,,,,,,,,,,,,,,,0.0,0.0,7.0,NEUTRAL,,LARGE,,,,,,,,,,0.0
MCX,,,,,,-2.93,,,,2026-07-07,,,,,,,,,,,,-6.4,,0.0,,,,,,,,,,,,,,,,,,,,,,,,,,,,,,0.0,0.0,5.0,NEUTRAL,,LARGE,,,,,,,,,,0.0
NMDC,,,,,,-0.85,,,,2026-07-07,,,,,,,,,,,,-1.8,,0.0,,,,,,,,,,,,,,,,,,,,,,,,,,,,,,0.0,0.0,15.0,NEUTRAL,,LARGE,,,,,,,,,,0.0
NATIONALUM,,,,,,-2.42,,,,2026-07-07,,,,,,,,,,,,-1.8,,0.0,,,,,,,,,,,,,,,,,,,,,,,,,,,,,,0.0,0.0,13.0,NEUTRAL,,LARGE,,,,,,,,,,0.0
NAVINFLUOR,,,,,,-2.35,,,,2026-07-07,,,,,,,,,,,,-1.8,,0.0,,,,,,,,,,,,,,,,,,,,,,,,,,,,,,0.0,0.0,5.0,NEUTRAL,,LARGE,,,,,,,,,,0.0
NETWEB,,,,,,-4.1,,,,2026-07-07,,,,,,,,,,,,3.2,,0.0,,,,,,,,,,,,,,,,,,,,,,,,,,,,,,0.0,0.0,5.0,NEUTRAL,,LARGE,,,,,,,,,,0.0
OBEROIRLTY,,,,,,-2.41,,,,2026-07-07,,,,,,,,,,,,13.8,,0.0,,,,,,,,,,,,,,,,,,,,,,,,,,,,,,0.0,0.0,7.0,NEUTRAL,,LARGE,,,,,,,,,,0.0
ONGC,,,,,,0.11,,,,2026-07-07,,,,,,,,,,,,-0.9,,0.0,,,,,,,,,,,,,,,,,,,,,,,,,,,,,,0.0,68.5,15.0,NEUTRAL,,MEGA,,,,,,,,,,0.0
OFSS,,,,,,0.23,,,,2026-07-07,,,,,,,,,,,,3.2,,0.0,,,,,,,,,,,,,,,,,,,,,,,,,,,,,,0.0,0.0,8.0,NEUTRAL,,LARGE,,,,,,,,,,0.0
PAGEIND,,,,,,-1.72,,,,2026-07-07,,,,,,,,,,,,-3.6,,0.0,,,,,,,,,,,,,,,,,,,,,,,,,,,,,,0.0,0.0,3.0,NEUTRAL,,LARGE,,,,,,,,,,0.0
PATANJALI,,,,,,-0.24,,,,2026-07-07,,,,,,,,,,,,1.0,,0.0,,,,,,,,,,,,,,,,,,,,,,,,,,,,,,0.0,0.0,9.0,NEUTRAL,,LARGE,,,,,,,,,,0.0
RRKABEL,,,,,,-4.56,,,,2026-07-07,,,,,,,,,,,,1.2,,0.0,,,,,,,,,,,,,,,,,,,,,,,,,,,,,,0.0,0.0,5.0,NEUTRAL,,LARGE,,,,,,,,,,0.0
SARDAEN,,,,,,-1.92,,,,2026-07-07,,,,,,,,,,,,-1.8,,0.7,,,,,,,,,,,,,,,,,,,,,,,,,,,,,,0.0,0.0,9.0,NEUTRAL,,MID,,,,,,,,,,0.0
SOLARINDS,,,,,,-1.46,,,,2026-07-07,,,,,,,,,,,,-1.8,,0.0,,,,,,,,,,,,,,,,,,,,,,,,,,,,,,0.0,0.0,5.0,NEUTRAL,,MEGA,,,,,,,,,,0.0
TBOTEK,,,,,,-0.95,,,,2026-07-07,,,,,,,,,,,,-3.6,,-0.7,,,,,,,,,,,,,,,,,,,,,,,,,,,,,,0.0,0.0,-1.0,NEUTRAL,,MID,,,,,,,,,,0.0
TCS,,,,,,1.87,,,,2026-07-07,,,,,,,,,,,,3.2,,0.0,,,,,,,,,,,,,,,,,,,,,,,,,,,,,,0.0,42.5,10.0,NEUTRAL,,MEGA,,,,,,,,,,0.0
TRENT,,,,,,-12.44,,,,2026-07-07,,,,,,,,,,,,-3.6,,0.0,,,,,,,,,,,,,,,,,,,,,,,,,,,,,,0.0,46.9,5.0,NEUTRAL,,MEGA,,,,,,,,,,0.0
UNOMINDA,,,,,,-0.77,,,,2026-07-07,,,,,,,,,,,,-3.6,,0.0,,,,,,,,,,,,,,,,,,,,,,,,,,,,,,0.0,0.0,2.0,NEUTRAL,,LARGE,,,,,,,,,,0.0
VIJAYA,,,,,,-0.59,,,,2026-07-07,,,,,,,,,,,,4.9,,1.0,,,,,,,,,,,,,,,,,,,,,,,,,,,,,,0.0,0.0,2.0,NEUTRAL,,MID,,,,,,,,,,0.0
ZFCVINDIA,,,,,,-0.83,,,,2026-07-07,,,,,,,,,,,,-3.6,,0.0,,,,,,,,,,,,,,,,,,,,,,,,,,,,,,0.0,0.0,0.0,NEUTRAL,,LARGE,,,,,,,,,,0.0
ZYDUSLIFE,,,,,,0.44,,,,2026-07-07,,,,,,,,,,,,4.9,,0.0,,,,,,,,,,,,,,,,,,,,,,,,,,,,,,0.0,0.0,9.0,NEUTRAL,,MEGA,,,,,,,,,,0.0
ECLERX,,,,,,0.21,,,,2026-07-07,,,,,,,,,,,,3.2,,1.4,,,,,,,,,,,,,,,,,,,,,,,,,,,,,,0.0,0.0,8.0,NEUTRAL,,MID,,,,,,,,,,0.0
AIAENG,,,,,,-1.88,,,,2026-07-08,,,,,,,,,,,,-0.7,,0.0,,,,,,,,,,,,,,,,,,,,,,,,,,,,,,0.0,0.0,5.0,NEUTRAL,,LARGE,,,,,,,,,,0.0
AFFLE,,,,,,-1.02,,,,2026-07-08,,,,,,,,,,,,-0.2,,0.0,,,,,,,,,,,,,,,,,,,,,,,,,,,,,,0.0,0.0,2.0,NEUTRAL,,LARGE,,,,,,,,,,0.0
APARINDS,,,,,,-1.18,,,,2026-07-08,,,,,,,,,,,,-0.7,,0.0,,,,,,,,,,,,,,,,,,,,,,,,,,,,,,0.0,0.0,2.0,NEUTRAL,,LARGE,,,,,,,,,,0.0
ASIANPAINT,,,,,,-2.4,,,,2026-07-08,,,,,,,,,,,,-2.3,,0.0,,,,,,,,,,,,,,,,,,,,,,,,,,,,,,0.0,0.0,3.0,NEUTRAL,,MEGA,,,,,,,,,,0.0
BLS,,,,,,-2.47,,,,2026-07-08,,,,,,,,,,,,-0.7,,1.3,,,,,,,,,,,,,,,,,,,,,,,,,,,,,,0.0,0.0,13.0,NEUTRAL,,MID,,,,,,,,,,0.0
BSE,,,,,,1.51,,,,2026-07-08,,,,,,,,,,,,-3.6,,0.0,,,,,,,,,,,,,,,,,,,,,,,,,,,,,,0.0,11.3,3.0,NEUTRAL,,MEGA,,,,,,,,,,0.0
BEL,,,,,,-2.76,,,,2026-07-08,,,,,,,,,,,,-0.7,,0.0,,,,,,,,,,,,,,,,,,,,,,,,,,,,,,0.0,2.8,6.0,NEUTRAL,,MEGA,,,,,,,,,,0.0
BIKAJI,,,,,,0.18,,,,2026-07-08,,,,,,,,,,,,0.6,,0.3,,,,,,,,,,,,,,,,,,,,,,,,,,,,,,0.0,0.0,2.0,NEUTRAL,,MID,,,,,,,,,,0.0
BLUESTARCO,,,,,,-1.91,,,,2026-07-08,,,,,,,,,,,,-0.7,,0.0,,,,,,,,,,,,,,,,,,,,,,,,,,,,,,0.0,0.0,2.0,NEUTRAL,,LARGE,,,,,,,,,,0.0
BRITANNIA,,,,,,-0.14,,,,2026-07-08,,,,,,,,,,,,0.6,,0.0,,,,,,,,,,,,,,,,,,,,,,,,,,,,,,0.0,-95.0,3.0,NEUTRAL,,MEGA,,,,,,,,,,0.0
CAPLIPOINT,,,,,,-1.5,,,,2026-07-08,,,,,,,,,,,,3.1,,1.0,,,,,,,,,,,,,,,,,,,,,,,,,,,,,,0.0,0.0,5.0,NEUTRAL,,MID,,,,,,,,,,0.0
CEMPRO,,,,,,-0.27,,,,2026-07-08,,,,,,,,,,,,-0.7,,0.0,,,,,,,,,,,,,,,,,,,,,,,,,,,,,,0.0,0.0,8.0,NEUTRAL,,LARGE,,,,,,,,,,0.0
DOMS,,,,,,-2.57,,,,2026-07-08,,,,,,,,,,,,-0.7,,0.4,,,,,,,,,,,,,,,,,,,,,,,,,,,,,,0.0,0.0,5.0,NEUTRAL,,MID,,,,,,,,,,0.0
DIXON,,,,,,-2.33,,,,2026-07-08,,,,,,,,,,,,1.2,,0.0,,,,,,,,,,,,,,,,,,,,,,,,,,,,,,0.0,0.0,8.0,NEUTRAL,,LARGE,,,,,,,,,,0.0
ELGIEQUIP,,,,,,-2.28,,,,2026-07-08,,,,,,,,,,,,-0.7,,0.8,,,,,,,,,,,,,,,,,,,,,,,,,,,,,,0.0,0.0,8.0,NEUTRAL,,MID,,,,,,,,,,0.0
ENDURANCE,,,,,,0.75,,,,2026-07-08,,,,,,,,,,,,-5.3,,-26.3,,,,,,,,,,,,,,,,,,,,,,,,,,,,,,-40.0,0.0,5.0,NEGATIVE,,LARGE,,,,,,,,,,-1.0
GABRIEL,,,,,,-2.8,,,,2026-07-08,,,,,,,,,,,,-5.3,,0.0,,,,,,,,,,,,,,,,,,,,,,,,,,,,,,0.0,0.0,2.0,NEUTRAL,,LARGE,,,,,,,,,,0.0
MEDANTA,,,,,,-1.46,,,,2026-07-08,,,,,,,,,,,,3.1,,0.0,,,,,,,,,,,,,,,,,,,,,,,,,,,,,,0.0,0.0,2.0,NEUTRAL,,LARGE,,,,,,,,,,0.0
GRANULES,,,,,,-0.46,,,,2026-07-08,,,,,,,,,,,,3.1,,0.0,,,,,,,,,,,,,,,,,,,,,,,,,,,,,,0.0,0.0,7.0,NEUTRAL,,LARGE,,,,,,,,,,0.0
GRAVITA,,,,,,-3.33,,,,2026-07-08,,,,,,,,,,,,-0.7,,0.4,,,,,,,,,,,,,,,,,,,,,,,,,,,,,,0.0,0.0,5.0,NEUTRAL,,MID,,,,,,,,,,0.0
HSCL,,,,,,-0.42,,,,2026-07-08,,,,,,,,,,,,-2.3,,0.0,,,,,,,,,,,,,,,,,,,,,,,,,,,,,,0.0,0.0,5.0,NEUTRAL,,LARGE,,,,,,,,,,0.0
HINDZINC,,,,,,-0.15,,,,2026-07-08,,,,,,,,,,,,-2.3,,0.0,,,,,,,,,,,,,,,,,,,,,,,,,,,,,,0.0,0.0,10.0,NEUTRAL,,MEGA,,,,,,,,,,0.0
INDHOTEL,,,,,,-3.09,,,,2026-07-08,,,,,,,,,,,,-5.3,,0.0,,,,,,,,,,,,,,,,,,,,,,,,,,,,,,0.0,0.0,5.0,NEUTRAL,,MEGA,,,,,,,,,,0.0
JSL,,,,,,0.04,,,,2026-07-08,,,,,,,,,,,,-2.3,,0.0,,,,,,,,,,,,,,,,,,,,,,,,,,,,,,0.0,0.0,7.0,NEUTRAL,,LARGE,,,,,,,,,,0.0
KPIL,,,,,,-1.52,,,,2026-07-08,,,,,,,,,,,,-0.7,,0.0,,,,,,,,,,,,,,,,,,,,,,,,,,,,,,0.0,0.0,9.0,NEUTRAL,,LARGE,,,,,,,,,,0.0
LODHA,,,,,,1.14,,,,2026-07-08,,,,,,,,,,,,12.4,,0.0,,,,,,,,,,,,,,,,,,,,,,,,,,,,,,0.0,0.0,7.0,NEUTRAL,,MEGA,,,,,,,,,,0.0
LUPIN,,,,,,-1.25,,,,2026-07-08,,,,,,,,,,,,3.1,,0.0,,,,,,,,,,,,,,,,,,,,,,,,,,,,,,0.0,0.0,10.0,NEUTRAL,,MEGA,,,,,,,,,,0.0
MRF,,,,,,-4.12,,,,2026-07-08,,,,,,,,,,,,-5.3,,0.0,,,,,,,,,,,,,,,,,,,,,,,,,,,,,,0.0,0.0,9.0,NEUTRAL,,LARGE,,,,,,,,,,0.0
MANKIND,,,,,,-1.43,,,,2026-07-08,,,,,,,,,,,,3.1,,0.0,,,,,,,,,,,,,,,,,,,,,,,,,,,,,,0.0,0.3,2.0,NEUTRAL,,MEGA,,,,,,,,,,0.0
MARICO,,,,,,-0.89,,,,2026-07-08,,,,,,,,,,,,0.6,,0.0,,,,,,,,,,,,,,,,,,,,,,,,,,,,,,0.0,3.8,5.0,NEUTRAL,,MEGA,,,,,,,,,,0.0
MAXHEALTH,,,,,,-3.0,,,,2026-07-08,,,,,,,,,,,,3.1,,0.0,,,,,,,,,,,,,,,,,,,,,,,,,,,,,,0.0,0.0,2.0,NEUTRAL,,MEGA,,,,,,,,,,0.0
MSUMI,,,,,,-1.36,,,,2026-07-08,,,,,,,,,,,,-5.3,,0.0,,,,,,,,,,,,,,,,,,,,,,,,,,,,,,0.0,0.0,6.0,NEUTRAL,,LARGE,,,,,,,,,,0.0
MPHASIS,,,,,,-5.59,,,,2026-07-08,,,,,,,,,,,,1.2,,0.0,,,,,,,,,,,,,,,,,,,,,,,,,,,,,,0.0,0.0,7.0,NEUTRAL,,LARGE,,,,,,,,,,0.0
MCX,,,,,,3.74,,,,2026-07-08,,,,,,,,,,,,-3.6,,0.0,,,,,,,,,,,,,,,,,,,,,,,,,,,,,,0.0,0.0,5.0,NEUTRAL,,LARGE,,,,,,,,,,0.0
NMDC,,,,,,-0.72,,,,2026-07-08,,,,,,,,,,,,-2.3,,0.0,,,,,,,,,,,,,,,,,,,,,,,,,,,,,,0.0,0.0,15.0,NEUTRAL,,LARGE,,,,,,,,,,0.0
NATIONALUM,,,,,,2.1,,,,2026-07-08,,,,,,,,,,,,-2.3,,0.0,,,,,,,,,,,,,,,,,,,,,,,,,,,,,,0.0,0.0,13.0,NEUTRAL,,LARGE,,,,,,,,,,0.0
NAVINFLUOR,,,,,,-2.44,,,,2026-07-08,,,,,,,,,,,,-2.3,,0.0,,,,,,,,,,,,,,,,,,,,,,,,,,,,,,0.0,0.0,5.0,NEUTRAL,,LARGE,,,,,,,,,,0.0
NETWEB,,,,,,-1.4,,,,2026-07-08,,,,,,,,,,,,1.2,,0.0,,,,,,,,,,,,,,,,,,,,,,,,,,,,,,0.0,0.0,5.0,NEUTRAL,,LARGE,,,,,,,,,,0.0
OBEROIRLTY,,,,,,-1.9,,,,2026-07-08,,,,,,,,,,,,12.4,,0.0,,,,,,,,,,,,,,,,,,,,,,,,,,,,,,0.0,0.0,7.0,NEUTRAL,,LARGE,,,,,,,,,,0.0
ONGC,,,,,,1.15,,,,2026-07-08,,,,,,,,,,,,0.7,,0.0,,,,,,,,,,,,,,,,,,,,,,,,,,,,,,0.0,0.0,15.0,NEUTRAL,,MEGA,,,,,,,,,,0.0
OFSS,,,,,,-0.86,,,,2026-07-08,,,,,,,,,,,,1.2,,0.0,,,,,,,,,,,,,,,,,,,,,,,,,,,,,,0.0,0.0,8.0,NEUTRAL,,LARGE,,,,,,,,,,0.0
PAGEIND,,,,,,-0.87,,,,2026-07-08,,,,,,,,,,,,-5.3,,0.0,,,,,,,,,,,,,,,,,,,,,,,,,,,,,,0.0,0.0,3.0,NEUTRAL,,LARGE,,,,,,,,,,0.0
PATANJALI,,,,,,-1.25,,,,2026-07-08,,,,,,,,,,,,0.6,,0.0,,,,,,,,,,,,,,,,,,,,,,,,,,,,,,0.0,0.0,9.0,NEUTRAL,,LARGE,,,,,,,,,,0.0
RRKABEL,,,,,,-0.09,,,,2026-07-08,,,,,,,,,,,,-0.7,,0.0,,,,,,,,,,,,,,,,,,,,,,,,,,,,,,0.0,0.0,5.0,NEUTRAL,,LARGE,,,,,,,,,,0.0
SARDAEN,,,,,,-0.69,,,,2026-07-08,,,,,,,,,,,,-2.3,,0.6,,,,,,,,,,,,,,,,,,,,,,,,,,,,,,0.0,0.0,9.0,NEUTRAL,,MID,,,,,,,,,,0.0
SOLARINDS,,,,,,-1.63,,,,2026-07-08,,,,,,,,,,,,-2.3,,0.0,,,,,,,,,,,,,,,,,,,,,,,,,,,,,,0.0,0.0,5.0,NEUTRAL,,MEGA,,,,,,,,,,0.0
TBOTEK,,,,,,-1.56,,,,2026-07-08,,,,,,,,,,,,-5.3,,-1.0,,,,,,,,,,,,,,,,,,,,,,,,,,,,,,0.0,0.0,-1.0,NEUTRAL,,MID,,,,,,,,,,0.0
TCS,,,,,,-1.84,,,,2026-07-08,,,,,,,,,,,,1.2,,0.0,,,,,,,,,,,,,,,,,,,,,,,,,,,,,,0.0,-6.7,10.0,NEUTRAL,,MEGA,,,,,,,,,,0.0
TRENT,,,,,,-0.13,,,,2026-07-08,,,,,,,,,,,,-5.3,,0.0,,,,,,,,,,,,,,,,,,,,,,,,,,,,,,0.0,-43.2,5.0,NEUTRAL,,MEGA,,,,,,,,,,0.0
UNOMINDA,,,,,,0.24,,,,2026-07-08,,,,,,,,,,,,-5.3,,0.0,,,,,,,,,,,,,,,,,,,,,,,,,,,,,,0.0,71.5,2.0,NEUTRAL,,LARGE,,,,,,,,,,0.0
VIJAYA,,,,,,-1.0,,,,2026-07-08,,,,,,,,,,,,3.1,,0.7,,,,,,,,,,,,,,,,,,,,,,,,,,,,,,0.0,0.0,2.0,NEUTRAL,,MID,,,,,,,,,,0.0
ZFCVINDIA,,,,,,-1.51,,,,2026-07-08,,,,,,,,,,,,-5.3,,0.0,,,,,,,,,,,,,,,,,,,,,,,,,,,,,,0.0,0.0,0.0,NEUTRAL,,LARGE,,,,,,,,,,0.0
ZYDUSLIFE,,,,,,-0.43,,,,2026-07-08,,,,,,,,,,,,3.1,,0.0,,,,,,,,,,,,,,,,,,,,,,,,,,,,,,0.0,0.0,9.0,NEUTRAL,,MEGA,,,,,,,,,,0.0
ECLERX,,,,,,0.21,,,,2026-07-08,,,,,,,,,,,,1.2,,1.1,,,,,,,,,,,,,,,,,,,,,,,,,,,,,,0.0,0.0,8.0,NEUTRAL,,MID,,,,,,,,,,0.0
AIAENG,,,,,,0.44,,,,2026-07-09,,,,,,,,,,,,0.5,,0.0,,,,,,,,,,,,,,,,,,,,,,,,,,,,,,0.0,0.0,5.0,NEUTRAL,,LARGE,,,,,,,,,,0.0
AFFLE,,,,,,0.71,,,,2026-07-09,,,,,,,,,,,,0.6,,0.0,,,,,,,,,,,,,,,,,,,,,,,,,,,,,,0.0,0.0,2.0,NEUTRAL,,LARGE,,,,,,,,,,0.0
APARINDS,,,,,,-0.59,,,,2026-07-09,,,,,,,,,,,,0.5,,0.0,,,,,,,,,,,,,,,,,,,,,,,,,,,,,,0.0,0.0,2.0,NEUTRAL,,LARGE,,,,,,,,,,0.0
ASIANPAINT,,,,,,0.3,,,,2026-07-09,,,,,,,,,,,,-1.5,,0.0,,,,,,,,,,,,,,,,,,,,,,,,,,,,,,0.0,0.0,3.0,NEUTRAL,,MEGA,,,,,,,,,,0.0
BLS,,,,,,-3.34,,,,2026-07-09,,,,,,,,,,,,0.5,,27.5,,,,,,,,,,,,,,,,,,,,,,,,,,,,,,40.0,0.0,13.0,POSITIVE,,MID,,,,,,,,,,1.0
BSE,,,,,,1.78,,,,2026-07-09,,,,,,,,,,,,-1.9,,0.0,,,,,,,,,,,,,,,,,,,,,,,,,,,,,,0.0,25.3,3.0,NEUTRAL,,MEGA,,,,,,,,,,0.0
BEL,,,,,,-0.34,,,,2026-07-09,,,,,,,,,,,,0.5,,0.0,,,,,,,,,,,,,,,,,,,,,,,,,,,,,,0.0,0.0,6.0,NEUTRAL,,MEGA,,,,,,,,,,0.0
BIKAJI,,,,,,-0.28,,,,2026-07-09,,,,,,,,,,,,0.8,,0.3,,,,,,,,,,,,,,,,,,,,,,,,,,,,,,0.0,0.0,2.0,NEUTRAL,,MID,,,,,,,,,,0.0
BLUESTARCO,,,,,,2.59,,,,2026-07-09,,,,,,,,,,,,0.5,,0.0,,,,,,,,,,,,,,,,,,,,,,,,,,,,,,0.0,0.0,2.0,NEUTRAL,,LARGE,,,,,,,,,,0.0
BRITANNIA,,,,,,-1.57,,,,2026-07-09,,,,,,,,,,,,0.8,,0.0,,,,,,,,,,,,,,,,,,,,,,,,,,,,,,0.0,-1.7,3.0,NEUTRAL,,MEGA,,,,,,,,,,0.0
CAPLIPOINT,,,,,,3.68,,,,2026-07-09,,,,,,,,,,,,5.1,,1.4,,,,,,,,,,,,,,,,,,,,,,,,,,,,,,0.0,0.0,5.0,NEUTRAL,,MID,,,,,,,,,,0.0
CEMPRO,,,,,,4.3,,,,2026-07-09,,,,,,,,,,,,0.5,,0.0,,,,,,,,,,,,,,,,,,,,,,,,,,,,,,0.0,0.0,8.0,NEUTRAL,,LARGE,,,,,,,,,,0.0
DOMS,,,,,,3.3,,,,2026-07-09,,,,,,,,,,,,0.5,,0.6,,,,,,,,,,,,,,,,,,,,,,,,,,,,,,0.0,0.0,5.0,NEUTRAL,,MID,,,,,,,,,,0.0
DIXON,,,,,,4.2,,,,2026-07-09,,,,,,,,,,,,3.0,,0.0,,,,,,,,,,,,,,,,,,,,,,,,,,,,,,0.0,0.0,5.0,NEUTRAL,,LARGE,,,,,,,,,,0.0
ELGIEQUIP,,,,,,2.28,,,,2026-07-09,,,,,,,,,,,,0.5,,1.0,,,,,,,,,,,,,,,,,,,,,,,,,,,,,,0.0,0.0,8.0,NEUTRAL,,MID,,,,,,,,,,0.0
ENDURANCE,,,,,,1.45,,,,2026-07-09,,,,,,,,,,,,-5.2,,-26.3,,,,,,,,,,,,,,,,,,,,,,,,,,,,,,-40.0,0.0,5.0,NEGATIVE,,LARGE,,,,,,,,,,-1.0
GABRIEL,,,,,,1.88,,,,2026-07-09,,,,,,,,,,,,-5.2,,0.0,,,,,,,,,,,,,,,,,,,,,,,,,,,,,,0.0,0.0,2.0,NEUTRAL,,LARGE,,,,,,,,,,0.0
MEDANTA,,,,,,3.32,,,,2026-07-09,,,,,,,,,,,,5.1,,0.0,,,,,,,,,,,,,,,,,,,,,,,,,,,,,,0.0,0.0,2.0,NEUTRAL,,LARGE,,,,,,,,,,0.0
GRANULES,,,,,,2.62,,,,2026-07-09,,,,,,,,,,,,5.1,,0.0,,,,,,,,,,,,,,,,,,,,,,,,,,,,,,0.0,0.0,7.0,NEUTRAL,,LARGE,,,,,,,,,,0.0
GRAVITA,,,,,,4.83,,,,2026-07-09,,,,,,,,,,,,0.5,,0.6,,,,,,,,,,,,,,,,,,,,,,,,,,,,,,0.0,0.0,5.0,NEUTRAL,,MID,,,,,,,,,,0.0
HSCL,,,,,,1.44,,,,2026-07-09,,,,,,,,,,,,-1.5,,0.0,,,,,,,,,,,,,,,,,,,,,,,,,,,,,,0.0,0.0,5.0,NEUTRAL,,LARGE,,,,,,,,,,0.0
HINDZINC,,,,,,-0.34,,,,2026-07-09,,,,,,,,,,,,-1.5,,26.9,,,,,,,,,,,,,,,,,,,,,,,,,,,,,,40.0,0.0,10.0,POSITIVE,,MEGA,,,,,,,,,,1.0
INDHOTEL,,,,,,1.18,,,,2026-07-09,,,,,,,,,,,,-5.2,,0.0,,,,,,,,,,,,,,,,,,,,,,,,,,,,,,0.0,0.0,5.0,NEUTRAL,,MEGA,,,,,,,,,,0.0
JSL,,,,,,1.99,,,,2026-07-09,,,,,,,,,,,,-1.5,,0.0,,,,,,,,,,,,,,,,,,,,,,,,,,,,,,0.0,0.0,7.0,NEUTRAL,,LARGE,,,,,,,,,,0.0
KPIL,,,,,,1.31,,,,2026-07-09,,,,,,,,,,,,0.5,,0.0,,,,,,,,,,,,,,,,,,,,,,,,,,,,,,0.0,0.0,9.0,NEUTRAL,,LARGE,,,,,,,,,,0.0
LODHA,,,,,,6.91,,,,2026-07-09,,,,,,,,,,,,15.4,,0.0,,,,,,,,,,,,,,,,,,,,,,,,,,,,,,0.0,-1.4,5.0,NEUTRAL,,MEGA,,,,,,,,,,0.0
LUPIN,,,,,,1.8,,,,2026-07-09,,,,,,,,,,,,5.1,,0.0,,,,,,,,,,,,,,,,,,,,,,,,,,,,,,0.0,0.0,10.0,NEUTRAL,,MEGA,,,,,,,,,,0.0
MRF,,,,,,0.7,,,,2026-07-09,,,,,,,,,,,,-5.2,,0.0,,,,,,,,,,,,,,,,,,,,,,,,,,,,,,0.0,0.0,9.0,NEUTRAL,,LARGE,,,,,,,,,,0.0
MANKIND,,,,,,1.64,,,,2026-07-09,,,,,,,,,,,,5.1,,0.0,,,,,,,,,,,,,,,,,,,,,,,,,,,,,,0.0,0.3,2.0,NEUTRAL,,MEGA,,,,,,,,,,0.0
MARICO,,,,,,2.37,,,,2026-07-09,,,,,,,,,,,,0.8,,0.0,,,,,,,,,,,,,,,,,,,,,,,,,,,,,,0.0,6.0,5.0,NEUTRAL,,MEGA,,,,,,,,,,0.0
MAXHEALTH,,,,,,1.52,,,,2026-07-09,,,,,,,,,,,,5.1,,0.0,,,,,,,,,,,,,,,,,,,,,,,,,,,,,,0.0,0.0,2.0,NEUTRAL,,MEGA,,,,,,,,,,0.0
MSUMI,,,,,,-1.3,,,,2026-07-09,,,,,,,,,,,,-5.2,,0.0,,,,,,,,,,,,,,,,,,,,,,,,,,,,,,0.0,0.0,6.0,NEUTRAL,,LARGE,,,,,,,,,,0.0
MPHASIS,,,,,,0.87,,,,2026-07-09,,,,,,,,,,,,3.0,,0.0,,,,,,,,,,,,,,,,,,,,,,,,,,,,,,0.0,0.0,7.0,NEUTRAL,,LARGE,,,,,,,,,,0.0
MCX,,,,,,1.58,,,,2026-07-09,,,,,,,,,,,,-1.9,,0.0,,,,,,,,,,,,,,,,,,,,,,,,,,,,,,0.0,0.0,5.0,NEUTRAL,,LARGE,,,,,,,,,,0.0
NMDC,,,,,,0.81,,,,2026-07-09,,,,,,,,,,,,-1.5,,0.0,,,,,,,,,,,,,,,,,,,,,,,,,,,,,,0.0,0.0,15.0,NEUTRAL,,LARGE,,,,,,,,,,0.0
NATIONALUM,,,,,,-0.07,,,,2026-07-09,,,,,,,,,,,,-1.5,,0.0,,,,,,,,,,,,,,,,,,,,,,,,,,,,,,0.0,29.0,13.0,NEUTRAL,,LARGE,,,,,,,,,,0.0
NAVINFLUOR,,,,,,4.43,,,,2026-07-09,,,,,,,,,,,,-1.5,,-25.7,,,,,,,,,,,,,,,,,,,,,,,,,,,,,,-40.0,0.0,5.0,NEGATIVE,,LARGE,,,,,,,,,,-1.0
NETWEB,,,,,,2.76,,,,2026-07-09,,,,,,,,,,,,3.0,,0.0,,,,,,,,,,,,,,,,,,,,,,,,,,,,,,0.0,0.0,5.0,NEUTRAL,,LARGE,,,,,,,,,,0.0
OBEROIRLTY,,,,,,0.17,,,,2026-07-09,,,,,,,,,,,,15.4,,0.0,,,,,,,,,,,,,,,,,,,,,,,,,,,,,,0.0,0.0,7.0,NEUTRAL,,LARGE,,,,,,,,,,0.0
ONGC,,,,,,-1.36,,,,2026-07-09,,,,,,,,,,,,-0.3,,0.0,,,,,,,,,,,,,,,,,,,,,,,,,,,,,,0.0,0.0,15.0,NEUTRAL,,MEGA,,,,,,,,,,0.0
OFSS,,,,,,1.2,,,,2026-07-09,,,,,,,,,,,,3.0,,0.0,,,,,,,,,,,,,,,,,,,,,,,,,,,,,,0.0,0.0,8.0,NEUTRAL,,LARGE,,,,,,,,,,0.0
PAGEIND,,,,,,-1.93,,,,2026-07-09,,,,,,,,,,,,-5.2,,0.0,,,,,,,,,,,,,,,,,,,,,,,,,,,,,,0.0,0.0,3.0,NEUTRAL,,LARGE,,,,,,,,,,0.0
PATANJALI,,,,,,0.72,,,,2026-07-09,,,,,,,,,,,,0.8,,27.1,,,,,,,,,,,,,,,,,,,,,,,,,,,,,,40.0,0.0,9.0,POSITIVE,,LARGE,,,,,,,,,,1.0
RRKABEL,,,,,,0.83,,,,2026-07-09,,,,,,,,,,,,0.5,,0.0,,,,,,,,,,,,,,,,,,,,,,,,,,,,,,0.0,0.0,5.0,NEUTRAL,,LARGE,,,,,,,,,,0.0
SARDAEN,,,,,,0.73,,,,2026-07-09,,,,,,,,,,,,-1.5,,0.8,,,,,,,,,,,,,,,,,,,,,,,,,,,,,,0.0,0.0,9.0,NEUTRAL,,MID,,,,,,,,,,0.0
SOLARINDS,,,,,,-3.29,,,,2026-07-09,,,,,,,,,,,,-1.5,,0.0,,,,,,,,,,,,,,,,,,,,,,,,,,,,,,0.0,0.0,5.0,NEUTRAL,,MEGA,,,,,,,,,,0.0
TBOTEK,,,,,,1.05,,,,2026-07-09,,,,,,,,,,,,-5.2,,-0.9,,,,,,,,,,,,,,,,,,,,,,,,,,,,,,0.0,0.0,-1.0,NEUTRAL,,MID,,,,,,,,,,0.0
TCS,,,,,,-0.39,,,,2026-07-09,,,,,,,,,,,,3.0,,0.0,,,,,,,,,,,,,,,,,,,,,,,,,,,,,,0.0,-15.5,10.0,NEUTRAL,,MEGA,,,,,,,,,,0.0
TRENT,,,,,,-0.68,,,,2026-07-09,,,,,,,,,,,,-5.2,,0.0,,,,,,,,,,,,,,,,,,,,,,,,,,,,,,0.0,0.0,5.0,NEUTRAL,,MEGA,,,,,,,,,,0.0
UNOMINDA,,,,,,2.0,,,,2026-07-09,,,,,,,,,,,,-5.2,,0.0,,,,,,,,,,,,,,,,,,,,,,,,,,,,,,0.0,76.6,2.0,NEUTRAL,,LARGE,,,,,,,,,,0.0
VIJAYA,,,,,,3.91,,,,2026-07-09,,,,,,,,,,,,5.1,,1.0,,,,,,,,,,,,,,,,,,,,,,,,,,,,,,0.0,0.0,2.0,NEUTRAL,,MID,,,,,,,,,,0.0
ZFCVINDIA,,,,,,-1.37,,,,2026-07-09,,,,,,,,,,,,-5.2,,0.0,,,,,,,,,,,,,,,,,,,,,,,,,,,,,,0.0,0.0,0.0,NEUTRAL,,LARGE,,,,,,,,,,0.0
ZYDUSLIFE,,,,,,0.96,,,,2026-07-09,,,,,,,,,,,,5.1,,0.0,,,,,,,,,,,,,,,,,,,,,,,,,,,,,,0.0,0.0,9.0,NEUTRAL,,MEGA,,,,,,,,,,0.0
ECLERX,,,,,,3.66,,,,2026-07-09,,,,,,,,,,,,3.0,,1.4,,,,,,,,,,,,,,,,,,,,,,,,,,,,,,0.0,0.0,8.0,NEUTRAL,,MID,,,,,,,,,,0.0
AIAENG,,,,,,-0.09,,,,2026-07-10,,,,,,,,,,,,1.1,,0.0,,,,,,,,,,,,,,,,,,,,,,,,,,,,,,0.0,0.0,5.0,NEUTRAL,,LARGE,,,,,,,,,,0.0
AFFLE,,,,,,0.84,,,,2026-07-10,,,,,,,,,,,,1.5,,0.0,,,,,,,,,,,,,,,,,,,,,,,,,,,,,,0.0,0.0,2.0,NEUTRAL,,LARGE,,,,,,,,,,0.0
APARINDS,,,,,,-0.09,,,,2026-07-10,,,,,,,,,,,,1.1,,0.0,,,,,,,,,,,,,,,,,,,,,,,,,,,,,,0.0,0.0,2.0,NEUTRAL,,LARGE,,,,,,,,,,0.0
ASIANPAINT,,,,,,0.15,,,,2026-07-10,,,,,,,,,,,,-0.1,,0.0,,,,,,,,,,,,,,,,,,,,,,,,,,,,,,0.0,0.0,3.0,NEUTRAL,,MEGA,,,,,,,,,,0.0
BLS,,,,,,1.09,,,,2026-07-10,,,,,,,,,,,,1.1,,1.6,,,,,,,,,,,,,,,,,,,,,,,,,,,,,,0.0,0.0,13.0,NEUTRAL,,MID,,,,,,,,,,0.0
BSE,,,,,,0.16,,,,2026-07-10,,,,,,,,,,,,-2.0,,0.0,,,,,,,,,,,,,,,,,,,,,,,,,,,,,,0.0,55.4,3.0,NEUTRAL,,MEGA,,,,,,,,,,0.0
BEL,,,,,,2.13,,,,2026-07-10,,,,,,,,,,,,1.1,,26.5,,,,,,,,,,,,,,,,,,,,,,,,,,,,,,40.0,0.0,3.0,POSITIVE,,MEGA,,,,,,,,,,1.0
BIKAJI,,,,,,0.18,,,,2026-07-10,,,,,,,,,,,,0.6,,0.3,,,,,,,,,,,,,,,,,,,,,,,,,,,,,,0.0,0.0,2.0,NEUTRAL,,MID,,,,,,,,,,0.0
BLUESTARCO,,,,,,2.87,,,,2026-07-10,,,,,,,,,,,,1.1,,0.0,,,,,,,,,,,,,,,,,,,,,,,,,,,,,,0.0,2.8,2.0,NEUTRAL,,LARGE,,,,,,,,,,0.0
BRITANNIA,,,,,,-0.16,,,,2026-07-10,,,,,,,,,,,,0.6,,0.0,,,,,,,,,,,,,,,,,,,,,,,,,,,,,,0.0,-1.7,3.0,NEUTRAL,,MEGA,,,,,,,,,,0.0
CAPLIPOINT,,,,,,-1.44,,,,2026-07-10,,,,,,,,,,,,4.5,,1.3,,,,,,,,,,,,,,,,,,,,,,,,,,,,,,0.0,0.0,5.0,NEUTRAL,,MID,,,,,,,,,,0.0
CEMPRO,,,,,,0.82,,,,2026-07-10,,,,,,,,,,,,1.1,,0.0,,,,,,,,,,,,,,,,,,,,,,,,,,,,,,0.0,0.0,8.0,NEUTRAL,,LARGE,,,,,,,,,,0.0
DOMS,,,,,,2.33,,,,2026-07-10,,,,,,,,,,,,1.1,,0.7,,,,,,,,,,,,,,,,,,,,,,,,,,,,,,0.0,0.0,5.0,NEUTRAL,,MID,,,,,,,,,,0.0
DIXON,,,,,,-0.42,,,,2026-07-10,,,,,,,,,,,,4.8,,0.0,,,,,,,,,,,,,,,,,,,,,,,,,,,,,,0.0,9.3,8.0,NEUTRAL,,LARGE,,,,,,,,,,0.0
ELGIEQUIP,,,,,,-2.1,,,,2026-07-10,,,,,,,,,,,,1.1,,1.1,,,,,,,,,,,,,,,,,,,,,,,,,,,,,,0.0,0.0,8.0,NEUTRAL,,MID,,,,,,,,,,0.0
ENDURANCE,,,,,,-0.75,,,,2026-07-10,,,,,,,,,,,,-5.3,,-26.3,,,,,,,,,,,,,,,,,,,,,,,,,,,,,,-40.0,0.0,5.0,NEGATIVE,,LARGE,,,,,,,,,,-1.0
GABRIEL,,,,,,-0.26,,,,2026-07-10,,,,,,,,,,,,-5.3,,-26.6,,,,,,,,,,,,,,,,,,,,,,,,,,,,,,-40.0,0.0,2.0,NEGATIVE,,LARGE,,,,,,,,,,-1.0
MEDANTA,,,,,,-0.85,,,,2026-07-10,,,,,,,,,,,,4.5,,0.0,,,,,,,,,,,,,,,,,,,,,,,,,,,,,,0.0,0.0,2.0,NEUTRAL,,LARGE,,,,,,,,,,0.0
GRANULES,,,,,,0.88,,,,2026-07-10,,,,,,,,,,,,4.5,,0.0,,,,,,,,,,,,,,,,,,,,,,,,,,,,,,0.0,0.0,7.0,NEUTRAL,,LARGE,,,,,,,,,,0.0
GRAVITA,,,,,,2.38,,,,2026-07-10,,,,,,,,,,,,1.1,,0.7,,,,,,,,,,,,,,,,,,,,,,,,,,,,,,0.0,0.0,5.0,NEUTRAL,,MID,,,,,,,,,,0.0
HSCL,,,,,,1.6,,,,2026-07-10,,,,,,,,,,,,-0.1,,0.0,,,,,,,,,,,,,,,,,,,,,,,,,,,,,,0.0,0.0,5.0,NEUTRAL,,LARGE,,,,,,,,,,0.0
HINDZINC,,,,,,1.6,,,,2026-07-10,,,,,,,,,,,,-0.1,,0.0,,,,,,,,,,,,,,,,,,,,,,,,,,,,,,0.0,0.0,10.0,NEUTRAL,,MEGA,,,,,,,,,,0.0
INDHOTEL,,,,,,2.85,,,,2026-07-10,,,,,,,,,,,,-5.3,,0.0,,,,,,,,,,,,,,,,,,,,,,,,,,,,,,0.0,0.0,2.0,NEUTRAL,,MEGA,,,,,,,,,,0.0
JSL,,,,,,0.96,,,,2026-07-10,,,,,,,,,,,,-0.1,,0.0,,,,,,,,,,,,,,,,,,,,,,,,,,,,,,0.0,0.0,7.0,NEUTRAL,,LARGE,,,,,,,,,,0.0
KPIL,,,,,,0.16,,,,2026-07-10,,,,,,,,,,,,1.1,,0.0,,,,,,,,,,,,,,,,,,,,,,,,,,,,,,0.0,0.0,9.0,NEUTRAL,,LARGE,,,,,,,,,,0.0
LODHA,,,,,,2.4,,,,2026-07-10,,,,,,,,,,,,16.8,,0.0,,,,,,,,,,,,,,,,,,,,,,,,,,,,,,0.0,88.7,5.0,NEUTRAL,,MEGA,,,,,,,,,,0.0
LUPIN,,,,,,-0.28,,,,2026-07-10,,,,,,,,,,,,4.5,,0.0,,,,,,,,,,,,,,,,,,,,,,,,,,,,,,0.0,0.0,10.0,NEUTRAL,,MEGA,,,,,,,,,,0.0
MRF,,,,,,0.41,,,,2026-07-10,,,,,,,,,,,,-5.3,,0.0,,,,,,,,,,,,,,,,,,,,,,,,,,,,,,0.0,0.0,9.0,NEUTRAL,,LARGE,,,,,,,,,,0.0
MANKIND,,,,,,-0.27,,,,2026-07-10,,,,,,,,,,,,4.5,,0.0,,,,,,,,,,,,,,,,,,,,,,,,,,,,,,0.0,0.3,-1.0,NEUTRAL,,MEGA,,,,,,,,,,0.0
MARICO,,,,,,-0.88,,,,2026-07-10,,,,,,,,,,,,0.6,,0.0,,,,,,,,,,,,,,,,,,,,,,,,,,,,,,0.0,17.2,5.0,NEUTRAL,,MEGA,,,,,,,,,,0.0
MAXHEALTH,,,,,,0.62,,,,2026-07-10,,,,,,,,,,,,4.5,,0.0,,,,,,,,,,,,,,,,,,,,,,,,,,,,,,0.0,0.0,2.0,NEUTRAL,,MEGA,,,,,,,,,,0.0
MSUMI,,,,,,-0.2,,,,2026-07-10,,,,,,,,,,,,-5.3,,0.0,,,,,,,,,,,,,,,,,,,,,,,,,,,,,,0.0,0.0,6.0,NEUTRAL,,LARGE,,,,,,,,,,0.0
MPHASIS,,,,,,2.68,,,,2026-07-10,,,,,,,,,,,,4.8,,0.0,,,,,,,,,,,,,,,,,,,,,,,,,,,,,,0.0,0.0,7.0,NEUTRAL,,LARGE,,,,,,,,,,0.0
MCX,,,,,,-0.53,,,,2026-07-10,,,,,,,,,,,,-2.0,,0.0,,,,,,,,,,,,,,,,,,,,,,,,,,,,,,0.0,-95.2,5.0,NEUTRAL,,LARGE,,,,,,,,,,0.0
NMDC,,,,,,0.59,,,,2026-07-10,,,,,,,,,,,,-0.1,,0.0,,,,,,,,,,,,,,,,,,,,,,,,,,,,,,0.0,0.0,15.0,NEUTRAL,,LARGE,,,,,,,,,,0.0
NATIONALUM,,,,,,1.53,,,,2026-07-10,,,,,,,,,,,,-0.1,,0.0,,,,,,,,,,,,,,,,,,,,,,,,,,,,,,0.0,0.0,13.0,NEUTRAL,,LARGE,,,,,,,,,,0.0
NAVINFLUOR,,,,,,0.3,,,,2026-07-10,,,,,,,,,,,,-0.1,,0.0,,,,,,,,,,,,,,,,,,,,,,,,,,,,,,0.0,0.0,5.0,NEUTRAL,,LARGE,,,,,,,,,,0.0
NETWEB,,,,,,0.43,,,,2026-07-10,,,,,,,,,,,,4.8,,0.0,,,,,,,,,,,,,,,,,,,,,,,,,,,,,,0.0,0.0,5.0,NEUTRAL,,LARGE,,,,,,,,,,0.0
OBEROIRLTY,,,,,,2.75,,,,2026-07-10,,,,,,,,,,,,16.8,,0.0,,,,,,,,,,,,,,,,,,,,,,,,,,,,,,0.0,0.0,7.0,NEUTRAL,,LARGE,,,,,,,,,,0.0
ONGC,,,,,,0.54,,,,2026-07-10,,,,,,,,,,,,0.6,,0.0,,,,,,,,,,,,,,,,,,,,,,,,,,,,,,0.0,44.4,15.0,NEUTRAL,,MEGA,,,,,,,,,,0.0
OFSS,,,,,,4.64,,,,2026-07-10,,,,,,,,,,,,4.8,,0.0,,,,,,,,,,,,,,,,,,,,,,,,,,,,,,0.0,0.0,8.0,NEUTRAL,,MEGA,,,,,,,,,,0.0
PAGEIND,,,,,,-3.0,,,,2026-07-10,,,,,,,,,,,,-5.3,,0.0,,,,,,,,,,,,,,,,,,,,,,,,,,,,,,0.0,0.0,3.0,NEUTRAL,,LARGE,,,,,,,,,,0.0
PATANJALI,,,,,,0.38,,,,2026-07-10,,,,,,,,,,,,0.6,,0.0,,,,,,,,,,,,,,,,,,,,,,,,,,,,,,0.0,0.0,9.0,NEUTRAL,,LARGE,,,,,,,,,,0.0
RRKABEL,,,,,,0.86,,,,2026-07-10,,,,,,,,,,,,1.1,,0.0,,,,,,,,,,,,,,,,,,,,,,,,,,,,,,0.0,0.0,5.0,NEUTRAL,,LARGE,,,,,,,,,,0.0
SARDAEN,,,,,,1.13,,,,2026-07-10,,,,,,,,,,,,-0.1,,1.0,,,,,,,,,,,,,,,,,,,,,,,,,,,,,,0.0,0.0,9.0,NEUTRAL,,MID,,,,,,,,,,0.0
SOLARINDS,,,,,,4.93,,,,2026-07-10,,,,,,,,,,,,-0.1,,0.0,,,,,,,,,,,,,,,,,,,,,,,,,,,,,,0.0,0.0,5.0,NEUTRAL,,MEGA,,,,,,,,,,0.0
TBOTEK,,,,,,0.53,,,,2026-07-10,,,,,,,,,,,,-5.3,,-1.0,,,,,,,,,,,,,,,,,,,,,,,,,,,,,,0.0,0.0,-1.0,NEUTRAL,,MID,,,,,,,,,,0.0
TCS,,,,,,0.95,,,,2026-07-10,,,,,,,,,,,,4.8,,0.0,,,,,,,,,,,,,,,,,,,,,,,,,,,,,,0.0,0.2,5.0,NEUTRAL,,MEGA,,,,,,,,,,0.0
TRENT,,,,,,-0.04,,,,2026-07-10,,,,,,,,,,,,-5.3,,0.0,,,,,,,,,,,,,,,,,,,,,,,,,,,,,,0.0,0.0,5.0,NEUTRAL,,MEGA,,,,,,,,,,0.0
UNOMINDA,,,,,,1.0,,,,2026-07-10,,,,,,,,,,,,-5.3,,0.0,,,,,,,,,,,,,,,,,,,,,,,,,,,,,,0.0,0.0,2.0,NEUTRAL,,LARGE,,,,,,,,,,0.0
VIJAYA,,,,,,0.82,,,,2026-07-10,,,,,,,,,,,,4.5,,0.9,,,,,,,,,,,,,,,,,,,,,,,,,,,,,,0.0,0.0,2.0,NEUTRAL,,MID,,,,,,,,,,0.0
ZFCVINDIA,,,,,,0.96,,,,2026-07-10,,,,,,,,,,,,-5.3,,0.0,,,,,,,,,,,,,,,,,,,,,,,,,,,,,,0.0,0.0,0.0,NEUTRAL,,LARGE,,,,,,,,,,0.0
ZYDUSLIFE,,,,,,-0.71,,,,2026-07-10,,,,,,,,,,,,4.5,,0.0,,,,,,,,,,,,,,,,,,,,,,,,,,,,,,0.0,0.0,9.0,NEUTRAL,,MEGA,,,,,,,,,,0.0
ECLERX,,,,,,4.2,,,,2026-07-10,,,,,,,,,,,,4.8,,1.6,,,,,,,,,,,,,,,,,,,,,,,,,,,,,,0.0,0.0,8.0,NEUTRAL,,MID,,,,,,,,,,0.0
AIAENG,,,,,,1.04,,,,2026-07-13,,,,,,,,,,,,1.6,,0.0,,,,,,,,,,,,,,,,,,,,,,,,,,,,,,0.0,0.0,5.0,NEUTRAL,,LARGE,,,,,,,,,,0.0
AFFLE,,,,,,3.98,,,,2026-07-13,,,,,,,,,,,,5.3,,0.0,,,,,,,,,,,,,,,,,,,,,,,,,,,,,,0.0,0.0,2.0,NEUTRAL,,LARGE,,,,,,,,,,0.0
APARINDS,,,,,,-1.5,,,,2026-07-13,,,,,,,,,,,,1.6,,0.0,,,,,,,,,,,,,,,,,,,,,,,,,,,,,,0.0,0.0,2.0,NEUTRAL,,LARGE,,,,,,,,,,0.0
ASIANPAINT,,,,,,-0.96,,,,2026-07-13,,,,,,,,,,,,-0.7,,0.0,,,,,,,,,,,,,,,,,,,,,,,,,,,,,,0.0,0.0,3.0,NEUTRAL,,MEGA,,,,,,,,,,0.0
BLS,,,,,,0.99,,,,2026-07-13,,,,,,,,,,,,1.6,,1.7,,,,,,,,,,,,,,,,,,,,,,,,,,,,,,0.0,0.0,13.0,NEUTRAL,,MID,,,,,,,,,,0.0
BSE,,,,,,-0.19,,,,2026-07-13,,,,,,,,,,,,-1.8,,0.0,,,,,,,,,,,,,,,,,,,,,,,,,,,,,,0.0,47.2,3.0,NEUTRAL,,MEGA,,,,,,,,,,0.0
BEL,,,,,,-0.98,,,,2026-07-13,,,,,,,,,,,,1.6,,0.0,,,,,,,,,,,,,,,,,,,,,,,,,,,,,,0.0,0.0,6.0,NEUTRAL,,MEGA,,,,,,,,,,0.0
BIKAJI,,,,,,0.02,,,,2026-07-13,,,,,,,,,,,,0.0,,0.2,,,,,,,,,,,,,,,,,,,,,,,,,,,,,,0.0,0.0,2.0,NEUTRAL,,MID,,,,,,,,,,0.0
BLUESTARCO,,,,,,3.26,,,,2026-07-13,,,,,,,,,,,,1.6,,0.0,,,,,,,,,,,,,,,,,,,,,,,,,,,,,,0.0,-13.4,2.0,NEUTRAL,,LARGE,,,,,,,,,,0.0
BRITANNIA,,,,,,-0.08,,,,2026-07-13,,,,,,,,,,,,0.0,,0.0,,,,,,,,,,,,,,,,,,,,,,,,,,,,,,0.0,0.0,3.0,NEUTRAL,,MEGA,,,,,,,,,,0.0
CAPLIPOINT,,,,,,1.26,,,,2026-07-13,,,,,,,,,,,,3.9,,-24.8,,,,,,,,,,,,,,,,,,,,,,,,,,,,,,-40.0,0.0,5.0,NEGATIVE,,MID,,,,,,,,,,-1.0
CEMPRO,,,,,,1.08,,,,2026-07-13,,,,,,,,,,,,1.6,,0.0,,,,,,,,,,,,,,,,,,,,,,,,,,,,,,0.0,0.0,8.0,NEUTRAL,,LARGE,,,,,,,,,,0.0
DOMS,,,,,,-0.7,,,,2026-07-13,,,,,,,,,,,,1.6,,0.8,,,,,,,,,,,,,,,,,,,,,,,,,,,,,,0.0,0.0,5.0,NEUTRAL,,MID,,,,,,,,,,0.0
DIXON,,,,,,0.51,,,,2026-07-13,,,,,,,,,,,,6.8,,0.0,,,,,,,,,,,,,,,,,,,,,,,,,,,,,,0.0,-0.2,5.0,NEUTRAL,,LARGE,,,,,,,,,,0.0
ELGIEQUIP,,,,,,-0.55,,,,2026-07-13,,,,,,,,,,,,1.6,,1.1,,,,,,,,,,,,,,,,,,,,,,,,,,,,,,0.0,0.0,8.0,NEUTRAL,,MID,,,,,,,,,,0.0
ENDURANCE,,,,,,0.44,,,,2026-07-13,,,,,,,,,,,,-5.7,,0.0,,,,,,,,,,,,,,,,,,,,,,,,,,,,,,0.0,0.0,5.0,NEUTRAL,,LARGE,,,,,,,,,,0.0
GABRIEL,,,,,,1.14,,,,2026-07-13,,,,,,,,,,,,-5.7,,0.0,,,,,,,,,,,,,,,,,,,,,,,,,,,,,,0.0,0.0,2.0,NEUTRAL,,LARGE,,,,,,,,,,0.0
MEDANTA,,,,,,-0.66,,,,2026-07-13,,,,,,,,,,,,3.9,,0.0,,,,,,,,,,,,,,,,,,,,,,,,,,,,,,0.0,0.0,2.0,NEUTRAL,,LARGE,,,,,,,,,,0.0
GRANULES,,,,,,0.88,,,,2026-07-13,,,,,,,,,,,,3.9,,0.0,,,,,,,,,,,,,,,,,,,,,,,,,,,,,,0.0,0.0,7.0,NEUTRAL,,LARGE,,,,,,,,,,0.0
GRAVITA,,,,,,-0.46,,,,2026-07-13,,,,,,,,,,,,1.6,,0.8,,,,,,,,,,,,,,,,,,,,,,,,,,,,,,0.0,0.0,5.0,NEUTRAL,,MID,,,,,,,,,,0.0
HSCL,,,,,,0.4,,,,2026-07-13,,,,,,,,,,,,-0.7,,0.0,,,,,,,,,,,,,,,,,,,,,,,,,,,,,,0.0,0.0,5.0,NEUTRAL,,LARGE,,,,,,,,,,0.0
HINDZINC,,,,,,-0.81,,,,2026-07-13,,,,,,,,,,,,-0.7,,0.0,,,,,,,,,,,,,,,,,,,,,,,,,,,,,,0.0,0.0,10.0,NEUTRAL,,MEGA,,,,,,,,,,0.0
INDHOTEL,,,,,,-1.83,,,,2026-07-13,,,,,,,,,,,,-5.7,,0.0,,,,,,,,,,,,,,,,,,,,,,,,,,,,,,0.0,0.0,2.0,NEUTRAL,,MEGA,,,,,,,,,,0.0
JSL,,,,,,-1.82,,,,2026-07-13,,,,,,,,,,,,-0.7,,0.0,,,,,,,,,,,,,,,,,,,,,,,,,,,,,,0.0,0.0,7.0,NEUTRAL,,LARGE,,,,,,,,,,0.0
KPIL,,,,,,-0.76,,,,2026-07-13,,,,,,,,,,,,1.6,,0.0,,,,,,,,,,,,,,,,,,,,,,,,,,,,,,0.0,0.0,9.0,NEUTRAL,,LARGE,,,,,,,,,,0.0
LODHA,,,,,,-1.81,,,,2026-07-13,,,,,,,,,,,,14.4,,0.0,,,,,,,,,,,,,,,,,,,,,,,,,,,,,,0.0,0.0,5.0,NEUTRAL,,MEGA,,,,,,,,,,0.0
LUPIN,,,,,,-0.15,,,,2026-07-13,,,,,,,,,,,,3.9,,0.0,,,,,,,,,,,,,,,,,,,,,,,,,,,,,,0.0,0.0,10.0,NEUTRAL,,MEGA,,,,,,,,,,0.0
MRF,,,,,,-2.34,,,,2026-07-13,,,,,,,,,,,,-5.7,,0.0,,,,,,,,,,,,,,,,,,,,,,,,,,,,,,0.0,0.0,9.0,NEUTRAL,,LARGE,,,,,,,,,,0.0
MANKIND,,,,,,-0.7,,,,2026-07-13,,,,,,,,,,,,3.9,,0.0,,,,,,,,,,,,,,,,,,,,,,,,,,,,,,0.0,0.0,2.0,NEUTRAL,,MEGA,,,,,,,,,,0.0
MARICO,,,,,,-0.67,,,,2026-07-13,,,,,,,,,,,,0.0,,0.0,,,,,,,,,,,,,,,,,,,,,,,,,,,,,,0.0,0.0,5.0,NEUTRAL,,MEGA,,,,,,,,,,0.0
MAXHEALTH,,,,,,-0.17,,,,2026-07-13,,,,,,,,,,,,3.9,,0.0,,,,,,,,,,,,,,,,,,,,,,,,,,,,,,0.0,0.0,2.0,NEUTRAL,,MEGA,,,,,,,,,,0.0
MSUMI,,,,,,1.0,,,,2026-07-13,,,,,,,,,,,,-5.7,,0.0,,,,,,,,,,,,,,,,,,,,,,,,,,,,,,0.0,0.0,6.0,NEUTRAL,,LARGE,,,,,,,,,,0.0
MPHASIS,,,,,,2.95,,,,2026-07-13,,,,,,,,,,,,6.8,,0.0,,,,,,,,,,,,,,,,,,,,,,,,,,,,,,0.0,0.0,7.0,NEUTRAL,,LARGE,,,,,,,,,,0.0
MCX,,,,,,0.41,,,,2026-07-13,,,,,,,,,,,,-1.8,,0.0,,,,,,,,,,,,,,,,,,,,,,,,,,,,,,0.0,0.0,5.0,NEUTRAL,,LARGE,,,,,,,,,,0.0
NMDC,,,,,,-0.93,,,,2026-07-13,,,,,,,,,,,,-0.7,,0.0,,,,,,,,,,,,,,,,,,,,,,,,,,,,,,0.0,0.0,15.0,NEUTRAL,,LARGE,,,,,,,,,,0.0
NATIONALUM,,,,,,0.1,,,,2026-07-13,,,,,,,,,,,,-0.7,,0.0,,,,,,,,,,,,,,,,,,,,,,,,,,,,,,0.0,0.0,13.0,NEUTRAL,,LARGE,,,,,,,,,,0.0
NAVINFLUOR,,,,,,-0.97,,,,2026-07-13,,,,,,,,,,,,-0.7,,-25.6,,,,,,,,,,,,,,,,,,,,,,,,,,,,,,-40.0,0.0,5.0,NEGATIVE,,LARGE,,,,,,,,,,-1.0
NETWEB,,,,,,2.21,,,,2026-07-13,,,,,,,,,,,,6.8,,0.0,,,,,,,,,,,,,,,,,,,,,,,,,,,,,,0.0,0.0,5.0,NEUTRAL,,LARGE,,,,,,,,,,0.0
OBEROIRLTY,,,,,,0.02,,,,2026-07-13,,,,,,,,,,,,14.4,,0.0,,,,,,,,,,,,,,,,,,,,,,,,,,,,,,0.0,0.0,7.0,NEUTRAL,,LARGE,,,,,,,,,,0.0
ONGC,,,,,,1.42,,,,2026-07-13,,,,,,,,,,,,2.2,,0.0,,,,,,,,,,,,,,,,,,,,,,,,,,,,,,0.0,29.4,15.0,NEUTRAL,,MEGA,,,,,,,,,,0.0
OFSS,,,,,,0.82,,,,2026-07-13,,,,,,,,,,,,6.8,,0.0,,,,,,,,,,,,,,,,,,,,,,,,,,,,,,0.0,0.0,8.0,NEUTRAL,,MEGA,,,,,,,,,,0.0
PAGEIND,,,,,,1.42,,,,2026-07-13,,,,,,,,,,,,-5.7,,0.0,,,,,,,,,,,,,,,,,,,,,,,,,,,,,,0.0,0.0,3.0,NEUTRAL,,LARGE,,,,,,,,,,0.0
PATANJALI,,,,,,-1.2,,,,2026-07-13,,,,,,,,,,,,0.0,,0.0,,,,,,,,,,,,,,,,,,,,,,,,,,,,,,0.0,0.0,9.0,NEUTRAL,,LARGE,,,,,,,,,,0.0
RRKABEL,,,,,,6.7,,,,2026-07-13,,,,,,,,,,,,1.6,,0.0,,,,,,,,,,,,,,,,,,,,,,,,,,,,,,0.0,0.0,5.0,NEUTRAL,,LARGE,,,,,,,,,,0.0
SARDAEN,,,,,,-0.18,,,,2026-07-13,,,,,,,,,,,,-0.7,,0.9,,,,,,,,,,,,,,,,,,,,,,,,,,,,,,0.0,0.0,9.0,NEUTRAL,,MID,,,,,,,,,,0.0
SOLARINDS,,,,,,-0.44,,,,2026-07-13,,,,,,,,,,,,-0.7,,0.0,,,,,,,,,,,,,,,,,,,,,,,,,,,,,,0.0,0.0,5.0,NEUTRAL,,MEGA,,,,,,,,,,0.0
TBOTEK,,,,,,-0.05,,,,2026-07-13,,,,,,,,,,,,-5.7,,-1.0,,,,,,,,,,,,,,,,,,,,,,,,,,,,,,0.0,0.0,-1.0,NEUTRAL,,MID,,,,,,,,,,0.0
TCS,,,,,,5.44,,,,2026-07-13,,,,,,,,,,,,6.8,,0.0,,,,,,,,,,,,,,,,,,,,,,,,,,,,,,0.0,53.3,10.0,NEUTRAL,,MEGA,,,,,,,,,,0.0
TRENT,,,,,,-0.09,,,,2026-07-13,,,,,,,,,,,,-5.7,,0.0,,,,,,,,,,,,,,,,,,,,,,,,,,,,,,0.0,0.0,5.0,NEUTRAL,,MEGA,,,,,,,,,,0.0
UNOMINDA,,,,,,-1.18,,,,2026-07-13,,,,,,,,,,,,-5.7,,0.0,,,,,,,,,,,,,,,,,,,,,,,,,,,,,,0.0,0.0,2.0,NEUTRAL,,LARGE,,,,,,,,,,0.0
VIJAYA,,,,,,-0.02,,,,2026-07-13,,,,,,,,,,,,3.9,,0.8,,,,,,,,,,,,,,,,,,,,,,,,,,,,,,0.0,0.0,2.0,NEUTRAL,,MID,,,,,,,,,,0.0
ZFCVINDIA,,,,,,-0.54,,,,2026-07-13,,,,,,,,,,,,-5.7,,0.0,,,,,,,,,,,,,,,,,,,,,,,,,,,,,,0.0,0.0,0.0,NEUTRAL,,LARGE,,,,,,,,,,0.0
ZYDUSLIFE,,,,,,-1.69,,,,2026-07-13,,,,,,,,,,,,3.9,,0.0,,,,,,,,,,,,,,,,,,,,,,,,,,,,,,0.0,0.0,9.0,NEUTRAL,,MEGA,,,,,,,,,,0.0
ECLERX,,,,,,2.54,,,,2026-07-13,,,,,,,,,,,,6.8,,2.0,,,,,,,,,,,,,,,,,,,,,,,,,,,,,,0.0,0.0,8.0,NEUTRAL,,MID,,,,,,,,,,0.0
AIAENG,,,,,,0.59,,,,2026-07-14,,,,,,,,,,,,0.4,,-25.4,,,,,,,,,,,,,,,,,,,,,,,,,,,,,,-40.0,0.0,5.0,NEGATIVE,,LARGE,,,,,,,,,,-1.0
AFFLE,,,,,,-1.45,,,,2026-07-14,,,,,,,,,,,,3.5,,0.0,,,,,,,,,,,,,,,,,,,,,,,,,,,,,,0.0,0.0,2.0,NEUTRAL,,LARGE,,,,,,,,,,0.0
APARINDS,,,,,,-1.82,,,,2026-07-14,,,,,,,,,,,,0.4,,0.0,,,,,,,,,,,,,,,,,,,,,,,,,,,,,,0.0,0.0,2.0,NEUTRAL,,LARGE,,,,,,,,,,0.0
ASIANPAINT,,,,,,-0.42,,,,2026-07-14,,,,,,,,,,,,-0.1,,0.0,,,,,,,,,,,,,,,,,,,,,,,,,,,,,,0.0,0.0,3.0,NEUTRAL,,MEGA,,,,,,,,,,0.0
BLS,,,,,,-2.55,,,,2026-07-14,,,,,,,,,,,,0.4,,1.5,,,,,,,,,,,,,,,,,,,,,,,,,,,,,,0.0,0.0,13.0,NEUTRAL,,MID,,,,,,,,,,0.0
BSE,,,,,,-0.3,,,,2026-07-14,,,,,,,,,,,,-0.0,,0.0,,,,,,,,,,,,,,,,,,,,,,,,,,,,,,0.0,51.1,3.0,NEUTRAL,,MEGA,,,,,,,,,,0.0
BEL,,,,,,-0.17,,,,2026-07-14,,,,,,,,,,,,0.4,,0.0,,,,,,,,,,,,,,,,,,,,,,,,,,,,,,0.0,0.6,6.0,NEUTRAL,,MEGA,,,,,,,,,,0.0
BIKAJI,,,,,,-1.13,,,,2026-07-14,,,,,,,,,,,,-0.6,,0.1,,,,,,,,,,,,,,,,,,,,,,,,,,,,,,0.0,0.0,2.0,NEUTRAL,,MID,,,,,,,,,,0.0
BLUESTARCO,,,,,,1.75,,,,2026-07-14,,,,,,,,,,,,0.4,,0.0,,,,,,,,,,,,,,,,,,,,,,,,,,,,,,0.0,0.0,2.0,NEUTRAL,,LARGE,,,,,,,,,,0.0
BRITANNIA,,,,,,-1.22,,,,2026-07-14,,,,,,,,,,,,-0.6,,0.0,,,,,,,,,,,,,,,,,,,,,,,,,,,,,,0.0,0.0,3.0,NEUTRAL,,MEGA,,,,,,,,,,0.0
CAPLIPOINT,,,,,,1.62,,,,2026-07-14,,,,,,,,,,,,3.5,,0.0,,,,,,,,,,,,,,,,,,,,,,,,,,,,,,0.0,0.0,5.0,NEUTRAL,,LARGE,,,,,,,,,,0.0
CEMPRO,,,,,,0.81,,,,2026-07-14,,,,,,,,,,,,0.4,,0.0,,,,,,,,,,,,,,,,,,,,,,,,,,,,,,0.0,0.0,8.0,NEUTRAL,,LARGE,,,,,,,,,,0.0
DOMS,,,,,,-2.73,,,,2026-07-14,,,,,,,,,,,,0.4,,0.6,,,,,,,,,,,,,,,,,,,,,,,,,,,,,,0.0,0.0,5.0,NEUTRAL,,MID,,,,,,,,,,0.0
DIXON,,,,,,-0.93,,,,2026-07-14,,,,,,,,,,,,6.5,,0.0,,,,,,,,,,,,,,,,,,,,,,,,,,,,,,0.0,0.0,8.0,NEUTRAL,,LARGE,,,,,,,,,,0.0
ELGIEQUIP,,,,,,0.6,,,,2026-07-14,,,,,,,,,,,,0.4,,0.9,,,,,,,,,,,,,,,,,,,,,,,,,,,,,,0.0,0.0,8.0,NEUTRAL,,MID,,,,,,,,,,0.0
ENDURANCE,,,,,,-0.63,,,,2026-07-14,,,,,,,,,,,,-6.8,,0.0,,,,,,,,,,,,,,,,,,,,,,,,,,,,,,0.0,0.0,5.0,NEUTRAL,,LARGE,,,,,,,,,,0.0
GABRIEL,,,,,,-1.3,,,,2026-07-14,,,,,,,,,,,,-6.8,,0.0,,,,,,,,,,,,,,,,,,,,,,,,,,,,,,0.0,0.0,2.0,NEUTRAL,,LARGE,,,,,,,,,,0.0
MEDANTA,,,,,,-0.54,,,,2026-07-14,,,,,,,,,,,,3.5,,0.0,,,,,,,,,,,,,,,,,,,,,,,,,,,,,,0.0,0.0,2.0,NEUTRAL,,LARGE,,,,,,,,,,0.0
GRANULES,,,,,,0.88,,,,2026-07-14,,,,,,,,,,,,3.5,,0.0,,,,,,,,,,,,,,,,,,,,,,,,,,,,,,0.0,0.0,7.0,NEUTRAL,,LARGE,,,,,,,,,,0.0
GRAVITA,,,,,,-1.85,,,,2026-07-14,,,,,,,,,,,,0.4,,0.6,,,,,,,,,,,,,,,,,,,,,,,,,,,,,,0.0,0.0,5.0,NEUTRAL,,MID,,,,,,,,,,0.0
HSCL,,,,,,1.25,,,,2026-07-14,,,,,,,,,,,,-0.1,,0.0,,,,,,,,,,,,,,,,,,,,,,,,,,,,,,0.0,0.0,5.0,NEUTRAL,,LARGE,,,,,,,,,,0.0
HINDZINC,,,,,,-0.88,,,,2026-07-14,,,,,,,,,,,,-0.1,,27.1,,,,,,,,,,,,,,,,,,,,,,,,,,,,,,40.0,0.0,10.0,POSITIVE,,MEGA,,,,,,,,,,1.0
INDHOTEL,,,,,,-0.71,,,,2026-07-14,,,,,,,,,,,,-6.8,,0.0,,,,,,,,,,,,,,,,,,,,,,,,,,,,,,0.0,0.0,5.0,NEUTRAL,,MEGA,,,,,,,,,,0.0
JSL,,,,,,2.62,,,,2026-07-14,,,,,,,,,,,,-0.1,,0.0,,,,,,,,,,,,,,,,,,,,,,,,,,,,,,0.0,0.0,7.0,NEUTRAL,,LARGE,,,,,,,,,,0.0
KPIL,,,,,,-3.17,,,,2026-07-14,,,,,,,,,,,,0.4,,0.0,,,,,,,,,,,,,,,,,,,,,,,,,,,,,,0.0,0.0,9.0,NEUTRAL,,LARGE,,,,,,,,,,0.0
LODHA,,,,,,-4.29,,,,2026-07-14,,,,,,,,,,,,10.4,,0.0,,,,,,,,,,,,,,,,,,,,,,,,,,,,,,0.0,0.0,7.0,NEUTRAL,,MEGA,,,,,,,,,,0.0
LUPIN,,,,,,-0.94,,,,2026-07-14,,,,,,,,,,,,3.5,,0.0,,,,,,,,,,,,,,,,,,,,,,,,,,,,,,0.0,0.0,10.0,NEUTRAL,,MEGA,,,,,,,,,,0.0
MRF,,,,,,-0.2,,,,2026-07-14,,,,,,,,,,,,-6.8,,0.0,,,,,,,,,,,,,,,,,,,,,,,,,,,,,,0.0,0.0,9.0,NEUTRAL,,LARGE,,,,,,,,,,0.0
MANKIND,,,,,,0.94,,,,2026-07-14,,,,,,,,,,,,3.5,,0.0,,,,,,,,,,,,,,,,,,,,,,,,,,,,,,0.0,0.0,2.0,NEUTRAL,,MEGA,,,,,,,,,,0.0
MARICO,,,,,,0.18,,,,2026-07-14,,,,,,,,,,,,-0.6,,-25.5,,,,,,,,,,,,,,,,,,,,,,,,,,,,,,-40.0,0.0,5.0,NEGATIVE,,MEGA,,,,,,,,,,-1.0
MAXHEALTH,,,,,,-1.2,,,,2026-07-14,,,,,,,,,,,,3.5,,0.0,,,,,,,,,,,,,,,,,,,,,,,,,,,,,,0.0,0.0,2.0,NEUTRAL,,MEGA,,,,,,,,,,0.0
MSUMI,,,,,,-2.29,,,,2026-07-14,,,,,,,,,,,,-6.8,,0.0,,,,,,,,,,,,,,,,,,,,,,,,,,,,,,0.0,0.0,6.0,NEUTRAL,,LARGE,,,,,,,,,,0.0
MPHASIS,,,,,,-0.76,,,,2026-07-14,,,,,,,,,,,,6.5,,0.0,,,,,,,,,,,,,,,,,,,,,,,,,,,,,,0.0,0.0,7.0,NEUTRAL,,LARGE,,,,,,,,,,0.0
MCX,,,,,,3.93,,,,2026-07-14,,,,,,,,,,,,-0.0,,0.0,,,,,,,,,,,,,,,,,,,,,,,,,,,,,,0.0,0.0,5.0,NEUTRAL,,LARGE,,,,,,,,,,0.0
NMDC,,,,,,1.02,,,,2026-07-14,,,,,,,,,,,,-0.1,,0.0,,,,,,,,,,,,,,,,,,,,,,,,,,,,,,0.0,0.0,15.0,NEUTRAL,,LARGE,,,,,,,,,,0.0
NATIONALUM,,,,,,2.73,,,,2026-07-14,,,,,,,,,,,,-0.1,,0.0,,,,,,,,,,,,,,,,,,,,,,,,,,,,,,0.0,0.0,13.0,NEUTRAL,,LARGE,,,,,,,,,,0.0
NAVINFLUOR,,,,,,-0.67,,,,2026-07-14,,,,,,,,,,,,-0.1,,0.0,,,,,,,,,,,,,,,,,,,,,,,,,,,,,,0.0,0.0,5.0,NEUTRAL,,LARGE,,,,,,,,,,0.0
NETWEB,,,,,,-0.04,,,,2026-07-14,,,,,,,,,,,,6.5,,0.0,,,,,,,,,,,,,,,,,,,,,,,,,,,,,,0.0,0.0,5.0,NEUTRAL,,LARGE,,,,,,,,,,0.0
OBEROIRLTY,,,,,,-0.45,,,,2026-07-14,,,,,,,,,,,,10.4,,0.0,,,,,,,,,,,,,,,,,,,,,,,,,,,,,,0.0,0.0,7.0,NEUTRAL,,LARGE,,,,,,,,,,0.0
ONGC,,,,,,0.18,,,,2026-07-14,,,,,,,,,,,,2.5,,0.0,,,,,,,,,,,,,,,,,,,,,,,,,,,,,,0.0,8.9,15.0,NEUTRAL,,MEGA,,,,,,,,,,0.0
OFSS,,,,,,-0.85,,,,2026-07-14,,,,,,,,,,,,6.5,,0.0,,,,,,,,,,,,,,,,,,,,,,,,,,,,,,0.0,0.0,8.0,NEUTRAL,,MEGA,,,,,,,,,,0.0
PAGEIND,,,,,,1.44,,,,2026-07-14,,,,,,,,,,,,-6.8,,0.0,,,,,,,,,,,,,,,,,,,,,,,,,,,,,,0.0,0.0,3.0,NEUTRAL,,LARGE,,,,,,,,,,0.0
PATANJALI,,,,,,-0.32,,,,2026-07-14,,,,,,,,,,,,-0.6,,0.0,,,,,,,,,,,,,,,,,,,,,,,,,,,,,,0.0,0.0,9.0,NEUTRAL,,LARGE,,,,,,,,,,0.0
RRKABEL,,,,,,-1.24,,,,2026-07-14,,,,,,,,,,,,0.4,,0.0,,,,,,,,,,,,,,,,,,,,,,,,,,,,,,0.0,0.0,5.0,NEUTRAL,,LARGE,,,,,,,,,,0.0
SARDAEN,,,,,,-1.5,,,,2026-07-14,,,,,,,,,,,,-0.1,,1.0,,,,,,,,,,,,,,,,,,,,,,,,,,,,,,0.0,0.0,9.0,NEUTRAL,,MID,,,,,,,,,,0.0
SOLARINDS,,,,,,0.72,,,,2026-07-14,,,,,,,,,,,,-0.1,,-25.5,,,,,,,,,,,,,,,,,,,,,,,,,,,,,,-40.0,0.0,5.0,NEGATIVE,,MEGA,,,,,,,,,,-1.0
TBOTEK,,,,,,-4.03,,,,2026-07-14,,,,,,,,,,,,-6.8,,-1.2,,,,,,,,,,,,,,,,,,,,,,,,,,,,,,0.0,0.0,-1.0,NEUTRAL,,MID,,,,,,,,,,0.0
TCS,,,,,,0.88,,,,2026-07-14,,,,,,,,,,,,6.5,,0.0,,,,,,,,,,,,,,,,,,,,,,,,,,,,,,0.0,31.2,8.0,NEUTRAL,,MEGA,,,,,,,,,,0.0
TRENT,,,,,,-1.07,,,,2026-07-14,,,,,,,,,,,,-6.8,,0.0,,,,,,,,,,,,,,,,,,,,,,,,,,,,,,0.0,0.0,5.0,NEUTRAL,,MEGA,,,,,,,,,,0.0
UNOMINDA,,,,,,-1.33,,,,2026-07-14,,,,,,,,,,,,-6.8,,0.0,,,,,,,,,,,,,,,,,,,,,,,,,,,,,,0.0,0.0,2.0,NEUTRAL,,LARGE,,,,,,,,,,0.0
VIJAYA,,,,,,-0.45,,,,2026-07-14,,,,,,,,,,,,3.5,,0.8,,,,,,,,,,,,,,,,,,,,,,,,,,,,,,0.0,0.0,2.0,NEUTRAL,,MID,,,,,,,,,,0.0
ZFCVINDIA,,,,,,-0.35,,,,2026-07-14,,,,,,,,,,,,-6.8,,0.0,,,,,,,,,,,,,,,,,,,,,,,,,,,,,,0.0,0.0,0.0,NEUTRAL,,LARGE,,,,,,,,,,0.0
ZYDUSLIFE,,,,,,0.2,,,,2026-07-14,,,,,,,,,,,,3.5,,0.0,,,,,,,,,,,,,,,,,,,,,,,,,,,,,,0.0,0.0,9.0,NEUTRAL,,MEGA,,,,,,,,,,0.0
ECLERX,,,,,,3.33,,,,2026-07-14,,,,,,,,,,,,6.5,,1.9,,,,,,,,,,,,,,,,,,,,,,,,,,,,,,0.0,0.0,8.0,NEUTRAL,,MID,,,,,,,,,,0.0
AIAENG,,,,,,1.44,,,,2026-07-15,,,,,,,,,,,,0.6,,0.0,,,,,,,,,,,,,,,,,,,,,,,,,,,,,,0.0,0.0,5.0,NEUTRAL,,LARGE,,,,,,,,,,0.0
AFFLE,,,,,,-1.08,,,,2026-07-15,,,,,,,,,,,,2.2,,0.0,,,,,,,,,,,,,,,,,,,,,,,,,,,,,,0.0,0.0,2.0,NEUTRAL,,LARGE,,,,,,,,,,0.0
APARINDS,,,,,,3.98,,,,2026-07-15,,,,,,,,,,,,0.6,,0.0,,,,,,,,,,,,,,,,,,,,,,,,,,,,,,0.0,0.0,2.0,NEUTRAL,,LARGE,,,,,,,,,,0.0
ASIANPAINT,,,,,,1.1,,,,2026-07-15,,,,,,,,,,,,0.2,,0.0,,,,,,,,,,,,,,,,,,,,,,,,,,,,,,0.0,0.0,3.0,NEUTRAL,,MEGA,,,,,,,,,,0.0
BLS,,,,,,1.07,,,,2026-07-15,,,,,,,,,,,,0.6,,1.5,,,,,,,,,,,,,,,,,,,,,,,,,,,,,,0.0,0.0,13.0,NEUTRAL,,MID,,,,,,,,,,0.0
BSE,,,,,,-1.01,,,,2026-07-15,,,,,,,,,,,,-0.5,,0.0,,,,,,,,,,,,,,,,,,,,,,,,,,,,,,0.0,53.0,3.0,NEUTRAL,,MEGA,,,,,,,,,,0.0
BEL,,,,,,0.21,,,,2026-07-15,,,,,,,,,,,,0.6,,0.0,,,,,,,,,,,,,,,,,,,,,,,,,,,,,,0.0,0.6,6.0,NEUTRAL,,MEGA,,,,,,,,,,0.0
BIKAJI,,,,,,-0.12,,,,2026-07-15,,,,,,,,,,,,-4.0,,-0.4,,,,,,,,,,,,,,,,,,,,,,,,,,,,,,0.0,0.0,2.0,NEUTRAL,,MID,,,,,,,,,,0.0
BLUESTARCO,,,,,,0.44,,,,2026-07-15,,,,,,,,,,,,0.6,,0.0,,,,,,,,,,,,,,,,,,,,,,,,,,,,,,0.0,0.0,2.0,NEUTRAL,,LARGE,,,,,,,,,,0.0
BRITANNIA,,,,,,0.61,,,,2026-07-15,,,,,,,,,,,,-4.0,,0.0,,,,,,,,,,,,,,,,,,,,,,,,,,,,,,0.0,0.0,3.0,NEUTRAL,,MEGA,,,,,,,,,,0.0
CAPLIPOINT,,,,,,-0.39,,,,2026-07-15,,,,,,,,,,,,3.8,,0.0,,,,,,,,,,,,,,,,,,,,,,,,,,,,,,0.0,0.0,5.0,NEUTRAL,,LARGE,,,,,,,,,,0.0
CEMPRO,,,,,,0.3,,,,2026-07-15,,,,,,,,,,,,0.6,,0.0,,,,,,,,,,,,,,,,,,,,,,,,,,,,,,0.0,0.0,8.0,NEUTRAL,,LARGE,,,,,,,,,,0.0
DOMS,,,,,,-0.09,,,,2026-07-15,,,,,,,,,,,,0.6,,0.6,,,,,,,,,,,,,,,,,,,,,,,,,,,,,,0.0,0.0,5.0,NEUTRAL,,MID,,,,,,,,,,0.0
DIXON,,,,,,2.14,,,,2026-07-15,,,,,,,,,,,,5.9,,0.0,,,,,,,,,,,,,,,,,,,,,,,,,,,,,,0.0,0.0,5.0,NEUTRAL,,LARGE,,,,,,,,,,0.0
ELGIEQUIP,,,,,,-0.98,,,,2026-07-15,,,,,,,,,,,,0.6,,1.0,,,,,,,,,,,,,,,,,,,,,,,,,,,,,,0.0,0.0,8.0,NEUTRAL,,MID,,,,,,,,,,0.0
ENDURANCE,,,,,,2.43,,,,2026-07-15,,,,,,,,,,,,-5.3,,0.0,,,,,,,,,,,,,,,,,,,,,,,,,,,,,,0.0,0.0,5.0,NEUTRAL,,LARGE,,,,,,,,,,0.0
GABRIEL,,,,,,8.48,,,,2026-07-15,,,,,,,,,,,,-5.3,,0.0,,,,,,,,,,,,,,,,,,,,,,,,,,,,,,0.0,0.0,2.0,NEUTRAL,,LARGE,,,,,,,,,,0.0
MEDANTA,,,,,,1.33,,,,2026-07-15,,,,,,,,,,,,3.8,,-25.2,,,,,,,,,,,,,,,,,,,,,,,,,,,,,,-40.0,0.0,2.0,NEGATIVE,,LARGE,,,,,,,,,,-1.0
GRANULES,,,,,,0.04,,,,2026-07-15,,,,,,,,,,,,3.8,,0.0,,,,,,,,,,,,,,,,,,,,,,,,,,,,,,0.0,0.0,7.0,NEUTRAL,,LARGE,,,,,,,,,,0.0
GRAVITA,,,,,,1.56,,,,2026-07-15,,,,,,,,,,,,0.6,,37.4,,,,,,,,,,,,,,,,,,,,,,,,,,,,,,0.0,91.8,5.0,POSITIVE,,MID,,,,,,,,,,1.0
HSCL,,,,,,1.51,,,,2026-07-15,,,,,,,,,,,,0.2,,0.0,,,,,,,,,,,,,,,,,,,,,,,,,,,,,,0.0,0.0,5.0,NEUTRAL,,LARGE,,,,,,,,,,0.0
HINDZINC,,,,,,-0.03,,,,2026-07-15,,,,,,,,,,,,0.2,,0.0,,,,,,,,,,,,,,,,,,,,,,,,,,,,,,0.0,0.0,10.0,NEUTRAL,,MEGA,,,,,,,,,,0.0
INDHOTEL,,,,,,1.35,,,,2026-07-15,,,,,,,,,,,,-5.3,,0.0,,,,,,,,,,,,,,,,,,,,,,,,,,,,,,0.0,0.0,2.0,NEUTRAL,,MEGA,,,,,,,,,,0.0
JSL,,,,,,0.34,,,,2026-07-15,,,,,,,,,,,,0.2,,0.0,,,,,,,,,,,,,,,,,,,,,,,,,,,,,,0.0,0.0,7.0,NEUTRAL,,LARGE,,,,,,,,,,0.0
KPIL,,,,,,-0.1,,,,2026-07-15,,,,,,,,,,,,0.6,,0.0,,,,,,,,,,,,,,,,,,,,,,,,,,,,,,0.0,0.0,9.0,NEUTRAL,,LARGE,,,,,,,,,,0.0
LODHA,,,,,,1.32,,,,2026-07-15,,,,,,,,,,,,9.2,,0.0,,,,,,,,,,,,,,,,,,,,,,,,,,,,,,0.0,0.0,7.0,NEUTRAL,,MEGA,,,,,,,,,,0.0
LUPIN,,,,,,0.96,,,,2026-07-15,,,,,,,,,,,,3.8,,0.0,,,,,,,,,,,,,,,,,,,,,,,,,,,,,,0.0,0.0,10.0,NEUTRAL,,MEGA,,,,,,,,,,0.0
MRF,,,,,,0.5,,,,2026-07-15,,,,,,,,,,,,-5.3,,0.0,,,,,,,,,,,,,,,,,,,,,,,,,,,,,,0.0,0.0,9.0,NEUTRAL,,LARGE,,,,,,,,,,0.0
MANKIND,,,,,,0.47,,,,2026-07-15,,,,,,,,,,,,3.8,,0.0,,,,,,,,,,,,,,,,,,,,,,,,,,,,,,0.0,0.0,2.0,NEUTRAL,,MEGA,,,,,,,,,,0.0
MARICO,,,,,,-0.45,,,,2026-07-15,,,,,,,,,,,,-4.0,,0.0,,,,,,,,,,,,,,,,,,,,,,,,,,,,,,0.0,0.0,5.0,NEUTRAL,,MEGA,,,,,,,,,,0.0
MAXHEALTH,,,,,,0.9,,,,2026-07-15,,,,,,,,,,,,3.8,,0.0,,,,,,,,,,,,,,,,,,,,,,,,,,,,,,0.0,0.0,2.0,NEUTRAL,,MEGA,,,,,,,,,,0.0
MSUMI,,,,,,0.05,,,,2026-07-15,,,,,,,,,,,,-5.3,,0.0,,,,,,,,,,,,,,,,,,,,,,,,,,,,,,0.0,0.0,6.0,NEUTRAL,,LARGE,,,,,,,,,,0.0
MPHASIS,,,,,,-1.4,,,,2026-07-15,,,,,,,,,,,,5.9,,0.0,,,,,,,,,,,,,,,,,,,,,,,,,,,,,,0.0,0.0,7.0,NEUTRAL,,LARGE,,,,,,,,,,0.0
MCX,,,,,,0.04,,,,2026-07-15,,,,,,,,,,,,-0.5,,0.0,,,,,,,,,,,,,,,,,,,,,,,,,,,,,,0.0,-73.4,5.0,NEUTRAL,,LARGE,,,,,,,,,,0.0
NMDC,,,,,,-0.12,,,,2026-07-15,,,,,,,,,,,,0.2,,0.0,,,,,,,,,,,,,,,,,,,,,,,,,,,,,,0.0,0.0,15.0,NEUTRAL,,LARGE,,,,,,,,,,0.0
NATIONALUM,,,,,,-0.93,,,,2026-07-15,,,,,,,,,,,,0.2,,0.0,,,,,,,,,,,,,,,,,,,,,,,,,,,,,,0.0,0.0,13.0,NEUTRAL,,LARGE,,,,,,,,,,0.0
NAVINFLUOR,,,,,,0.42,,,,2026-07-15,,,,,,,,,,,,0.2,,-25.4,,,,,,,,,,,,,,,,,,,,,,,,,,,,,,-40.0,0.0,5.0,NEGATIVE,,LARGE,,,,,,,,,,-1.0
NETWEB,,,,,,-0.61,,,,2026-07-15,,,,,,,,,,,,5.9,,0.0,,,,,,,,,,,,,,,,,,,,,,,,,,,,,,0.0,0.0,5.0,NEUTRAL,,LARGE,,,,,,,,,,0.0
OBEROIRLTY,,,,,,-1.5,,,,2026-07-15,,,,,,,,,,,,9.2,,0.0,,,,,,,,,,,,,,,,,,,,,,,,,,,,,,0.0,0.0,7.0,NEUTRAL,,LARGE,,,,,,,,,,0.0
ONGC,,,,,,-0.69,,,,2026-07-15,,,,,,,,,,,,1.9,,0.0,,,,,,,,,,,,,,,,,,,,,,,,,,,,,,0.0,-1.1,15.0,NEUTRAL,,MEGA,,,,,,,,,,0.0
OFSS,,,,,,-0.18,,,,2026-07-15,,,,,,,,,,,,5.9,,0.0,,,,,,,,,,,,,,,,,,,,,,,,,,,,,,0.0,0.0,8.0,NEUTRAL,,MEGA,,,,,,,,,,0.0
PAGEIND,,,,,,-0.33,,,,2026-07-15,,,,,,,,,,,,-5.3,,0.0,,,,,,,,,,,,,,,,,,,,,,,,,,,,,,0.0,0.0,3.0,NEUTRAL,,LARGE,,,,,,,,,,0.0
PATANJALI,,,,,,-14.64,,,,2026-07-15,,,,,,,,,,,,-4.0,,0.0,,,,,,,,,,,,,,,,,,,,,,,,,,,,,,0.0,0.0,9.0,NEUTRAL,,LARGE,,,,,,,,,,0.0
RRKABEL,,,,,,-2.3,,,,2026-07-15,,,,,,,,,,,,0.6,,0.0,,,,,,,,,,,,,,,,,,,,,,,,,,,,,,0.0,0.0,5.0,NEUTRAL,,LARGE,,,,,,,,,,0.0
SARDAEN,,,,,,0.67,,,,2026-07-15,,,,,,,,,,,,0.2,,1.0,,,,,,,,,,,,,,,,,,,,,,,,,,,,,,0.0,0.0,9.0,NEUTRAL,,MID,,,,,,,,,,0.0
SOLARINDS,,,,,,-0.01,,,,2026-07-15,,,,,,,,,,,,0.2,,-25.4,,,,,,,,,,,,,,,,,,,,,,,,,,,,,,-40.0,0.0,5.0,NEGATIVE,,MEGA,,,,,,,,,,-1.0
TBOTEK,,,,,,0.98,,,,2026-07-15,,,,,,,,,,,,-5.3,,-1.0,,,,,,,,,,,,,,,,,,,,,,,,,,,,,,0.0,0.0,-1.0,NEUTRAL,,MID,,,,,,,,,,0.0
TCS,,,,,,-0.52,,,,2026-07-15,,,,,,,,,,,,5.9,,0.0,,,,,,,,,,,,,,,,,,,,,,,,,,,,,,0.0,14.9,8.0,NEUTRAL,,MEGA,,,,,,,,,,0.0
TRENT,,,,,,-0.05,,,,2026-07-15,,,,,,,,,,,,-5.3,,0.0,,,,,,,,,,,,,,,,,,,,,,,,,,,,,,0.0,0.0,5.0,NEUTRAL,,MEGA,,,,,,,,,,0.0
UNOMINDA,,,,,,1.82,,,,2026-07-15,,,,,,,,,,,,-5.3,,0.0,,,,,,,,,,,,,,,,,,,,,,,,,,,,,,0.0,0.0,2.0,NEUTRAL,,LARGE,,,,,,,,,,0.0
VIJAYA,,,,,,0.49,,,,2026-07-15,,,,,,,,,,,,3.8,,-25.2,,,,,,,,,,,,,,,,,,,,,,,,,,,,,,-40.0,0.0,2.0,NEGATIVE,,MID,,,,,,,,,,-1.0
ZFCVINDIA,,,,,,1.96,,,,2026-07-15,,,,,,,,,,,,-5.3,,0.0,,,,,,,,,,,,,,,,,,,,,,,,,,,,,,0.0,0.0,0.0,NEUTRAL,,LARGE,,,,,,,,,,0.0
ZYDUSLIFE,,,,,,2.06,,,,2026-07-15,,,,,,,,,,,,3.8,,0.0,,,,,,,,,,,,,,,,,,,,,,,,,,,,,,0.0,0.0,9.0,NEUTRAL,,MEGA,,,,,,,,,,0.0
ECLERX,,,,,,-0.27,,,,2026-07-15,,,,,,,,,,,,5.9,,1.8,,,,,,,,,,,,,,,,,,,,,,,,,,,,,,0.0,0.0,8.0,NEUTRAL,,MID,,,,,,,,,,0.0
AIAENG,,,,,,-1.01,,,,2026-07-16,,,,,,,,,,,,0.8,,0.0,,,,,,,,,,,,,,,,,,,,,,,,,,,,,,0.0,0.0,5.0,NEUTRAL,,LARGE,,,,,,,,,,0.0
AFFLE,,,,,,2.62,,,,2026-07-16,,,,,,,,,,,,4.7,,0.0,,,,,,,,,,,,,,,,,,,,,,,,,,,,,,0.0,0.0,2.0,NEUTRAL,,LARGE,,,,,,,,,,0.0
APARINDS,,,,,,0.49,,,,2026-07-16,,,,,,,,,,,,0.8,,0.0,,,,,,,,,,,,,,,,,,,,,,,,,,,,,,0.0,0.0,2.0,NEUTRAL,,LARGE,,,,,,,,,,0.0
ASIANPAINT,,,,,,0.18,,,,2026-07-16,,,,,,,,,,,,0.8,,0.0,,,,,,,,,,,,,,,,,,,,,,,,,,,,,,0.0,0.0,3.0,NEUTRAL,,MEGA,,,,,,,,,,0.0
BLS,,,,,,0.89,,,,2026-07-16,,,,,,,,,,,,0.8,,1.6,,,,,,,,,,,,,,,,,,,,,,,,,,,,,,0.0,0.0,13.0,NEUTRAL,,MID,,,,,,,,,,0.0
BSE,,,,,,-1.85,,,,2026-07-16,,,,,,,,,,,,-2.6,,0.0,,,,,,,,,,,,,,,,,,,,,,,,,,,,,,0.0,44.5,3.0,NEUTRAL,,MEGA,,,,,,,,,,0.0
BEL,,,,,,-0.94,,,,2026-07-16,,,,,,,,,,,,0.8,,0.0,,,,,,,,,,,,,,,,,,,,,,,,,,,,,,0.0,0.6,6.0,NEUTRAL,,MEGA,,,,,,,,,,0.0
BIKAJI,,,,,,0.75,,,,2026-07-16,,,,,,,,,,,,-3.9,,-0.4,,,,,,,,,,,,,,,,,,,,,,,,,,,,,,0.0,0.0,2.0,NEUTRAL,,MID,,,,,,,,,,0.0
BLUESTARCO,,,,,,-0.7,,,,2026-07-16,,,,,,,,,,,,0.8,,0.0,,,,,,,,,,,,,,,,,,,,,,,,,,,,,,0.0,0.0,2.0,NEUTRAL,,LARGE,,,,,,,,,,0.0
BRITANNIA,,,,,,-0.09,,,,2026-07-16,,,,,,,,,,,,-3.9,,0.0,,,,,,,,,,,,,,,,,,,,,,,,,,,,,,0.0,0.0,3.0,NEUTRAL,,MEGA,,,,,,,,,,0.0
CAPLIPOINT,,,,,,0.88,,,,2026-07-16,,,,,,,,,,,,3.7,,0.0,,,,,,,,,,,,,,,,,,,,,,,,,,,,,,0.0,0.0,5.0,NEUTRAL,,LARGE,,,,,,,,,,0.0
CEMPRO,,,,,,0.11,,,,2026-07-16,,,,,,,,,,,,0.8,,0.0,,,,,,,,,,,,,,,,,,,,,,,,,,,,,,0.0,0.0,8.0,NEUTRAL,,LARGE,,,,,,,,,,0.0
DOMS,,,,,,-1.62,,,,2026-07-16,,,,,,,,,,,,0.8,,0.7,,,,,,,,,,,,,,,,,,,,,,,,,,,,,,0.0,0.0,5.0,NEUTRAL,,MID,,,,,,,,,,0.0
DIXON,,,,,,6.27,,,,2026-07-16,,,,,,,,,,,,6.9,,0.0,,,,,,,,,,,,,,,,,,,,,,,,,,,,,,0.0,0.0,5.0,NEUTRAL,,LARGE,,,,,,,,,,0.0
ELGIEQUIP,,,,,,1.86,,,,2026-07-16,,,,,,,,,,,,0.8,,1.0,,,,,,,,,,,,,,,,,,,,,,,,,,,,,,0.0,0.0,8.0,NEUTRAL,,MID,,,,,,,,,,0.0
ENDURANCE,,,,,,0.63,,,,2026-07-16,,,,,,,,,,,,-5.4,,0.0,,,,,,,,,,,,,,,,,,,,,,,,,,,,,,0.0,0.0,5.0,NEUTRAL,,LARGE,,,,,,,,,,0.0
GABRIEL,,,,,,0.64,,,,2026-07-16,,,,,,,,,,,,-5.4,,0.0,,,,,,,,,,,,,,,,,,,,,,,,,,,,,,0.0,0.0,2.0,NEUTRAL,,LARGE,,,,,,,,,,0.0
MEDANTA,,,,,,-0.47,,,,2026-07-16,,,,,,,,,,,,3.7,,-25.2,,,,,,,,,,,,,,,,,,,,,,,,,,,,,,-40.0,0.0,2.0,NEGATIVE,,LARGE,,,,,,,,,,-1.0
GRANULES,,,,,,0.58,,,,2026-07-16,,,,,,,,,,,,3.7,,0.0,,,,,,,,,,,,,,,,,,,,,,,,,,,,,,0.0,0.0,7.0,NEUTRAL,,LARGE,,,,,,,,,,0.0
GRAVITA,,,,,,-0.58,,,,2026-07-16,,,,,,,,,,,,0.8,,0.7,,,,,,,,,,,,,,,,,,,,,,,,,,,,,,0.0,0.0,5.0,NEUTRAL,,MID,,,,,,,,,,0.0
HSCL,,,,,,5.99,,,,2026-07-16,,,,,,,,,,,,0.8,,0.0,,,,,,,,,,,,,,,,,,,,,,,,,,,,,,0.0,0.0,5.0,NEUTRAL,,LARGE,,,,,,,,,,0.0
HINDZINC,,,,,,-1.1,,,,2026-07-16,,,,,,,,,,,,0.8,,0.0,,,,,,,,,,,,,,,,,,,,,,,,,,,,,,0.0,0.0,10.0,NEUTRAL,,MEGA,,,,,,,,,,0.0
INDHOTEL,,,,,,-1.58,,,,2026-07-16,,,,,,,,,,,,-5.4,,0.0,,,,,,,,,,,,,,,,,,,,,,,,,,,,,,0.0,0.0,5.0,NEUTRAL,,MEGA,,,,,,,,,,0.0
JSL,,,,,,1.83,,,,2026-07-16,,,,,,,,,,,,0.8,,0.0,,,,,,,,,,,,,,,,,,,,,,,,,,,,,,0.0,0.0,7.0,NEUTRAL,,LARGE,,,,,,,,,,0.0
KPIL,,,,,,1.71,,,,2026-07-16,,,,,,,,,,,,0.8,,0.0,,,,,,,,,,,,,,,,,,,,,,,,,,,,,,0.0,0.0,9.0,NEUTRAL,,LARGE,,,,,,,,,,0.0
LODHA,,,,,,1.35,,,,2026-07-16,,,,,,,,,,,,8.2,,0.0,,,,,,,,,,,,,,,,,,,,,,,,,,,,,,0.0,0.0,5.0,NEUTRAL,,MEGA,,,,,,,,,,0.0
LUPIN,,,,,,0.3,,,,2026-07-16,,,,,,,,,,,,3.7,,0.0,,,,,,,,,,,,,,,,,,,,,,,,,,,,,,0.0,0.0,10.0,NEUTRAL,,MEGA,,,,,,,,,,0.0
MRF,,,,,,-0.19,,,,2026-07-16,,,,,,,,,,,,-5.4,,0.0,,,,,,,,,,,,,,,,,,,,,,,,,,,,,,0.0,41.9,9.0,NEUTRAL,,LARGE,,,,,,,,,,0.0
MANKIND,,,,,,0.11,,,,2026-07-16,,,,,,,,,,,,3.7,,0.0,,,,,,,,,,,,,,,,,,,,,,,,,,,,,,0.0,0.0,2.0,NEUTRAL,,MEGA,,,,,,,,,,0.0
MARICO,,,,,,-0.6,,,,2026-07-16,,,,,,,,,,,,-3.9,,0.0,,,,,,,,,,,,,,,,,,,,,,,,,,,,,,0.0,83.8,5.0,NEUTRAL,,MEGA,,,,,,,,,,0.0
MAXHEALTH,,,,,,-0.41,,,,2026-07-16,,,,,,,,,,,,3.7,,0.0,,,,,,,,,,,,,,,,,,,,,,,,,,,,,,0.0,0.0,2.0,NEUTRAL,,MEGA,,,,,,,,,,0.0
MSUMI,,,,,,0.18,,,,2026-07-16,,,,,,,,,,,,-5.4,,0.0,,,,,,,,,,,,,,,,,,,,,,,,,,,,,,0.0,0.0,6.0,NEUTRAL,,LARGE,,,,,,,,,,0.0
MPHASIS,,,,,,0.55,,,,2026-07-16,,,,,,,,,,,,6.9,,0.0,,,,,,,,,,,,,,,,,,,,,,,,,,,,,,0.0,0.0,7.0,NEUTRAL,,LARGE,,,,,,,,,,0.0
MCX,,,,,,-2.67,,,,2026-07-16,,,,,,,,,,,,-2.6,,0.0,,,,,,,,,,,,,,,,,,,,,,,,,,,,,,0.0,0.0,5.0,NEUTRAL,,LARGE,,,,,,,,,,0.0
NMDC,,,,,,-0.95,,,,2026-07-16,,,,,,,,,,,,0.8,,0.0,,,,,,,,,,,,,,,,,,,,,,,,,,,,,,0.0,0.0,15.0,NEUTRAL,,LARGE,,,,,,,,,,0.0
NATIONALUM,,,,,,-1.95,,,,2026-07-16,,,,,,,,,,,,0.8,,0.0,,,,,,,,,,,,,,,,,,,,,,,,,,,,,,0.0,0.0,13.0,NEUTRAL,,LARGE,,,,,,,,,,0.0
NAVINFLUOR,,,,,,0.42,,,,2026-07-16,,,,,,,,,,,,0.8,,0.0,,,,,,,,,,,,,,,,,,,,,,,,,,,,,,0.0,0.0,5.0,NEUTRAL,,LARGE,,,,,,,,,,0.0
NETWEB,,,,,,-1.54,,,,2026-07-16,,,,,,,,,,,,6.9,,0.0,,,,,,,,,,,,,,,,,,,,,,,,,,,,,,0.0,0.0,5.0,NEUTRAL,,LARGE,,,,,,,,,,0.0
OBEROIRLTY,,,,,,-1.4,,,,2026-07-16,,,,,,,,,,,,8.2,,0.0,,,,,,,,,,,,,,,,,,,,,,,,,,,,,,0.0,0.0,7.0,NEUTRAL,,LARGE,,,,,,,,,,0.0
ONGC,,,,,,-0.17,,,,2026-07-16,,,,,,,,,,,,1.6,,0.0,,,,,,,,,,,,,,,,,,,,,,,,,,,,,,0.0,0.0,15.0,NEUTRAL,,MEGA,,,,,,,,,,0.0
OFSS,,,,,,0.48,,,,2026-07-16,,,,,,,,,,,,6.9,,0.0,,,,,,,,,,,,,,,,,,,,,,,,,,,,,,0.0,0.0,8.0,NEUTRAL,,MEGA,,,,,,,,,,0.0
PAGEIND,,,,,,0.16,,,,2026-07-16,,,,,,,,,,,,-5.4,,0.0,,,,,,,,,,,,,,,,,,,,,,,,,,,,,,0.0,0.0,3.0,NEUTRAL,,LARGE,,,,,,,,,,0.0
PATANJALI,,,,,,-0.19,,,,2026-07-16,,,,,,,,,,,,-3.9,,0.0,,,,,,,,,,,,,,,,,,,,,,,,,,,,,,0.0,0.0,7.0,NEUTRAL,,LARGE,,,,,,,,,,0.0
RRKABEL,,,,,,4.91,,,,2026-07-16,,,,,,,,,,,,0.8,,0.0,,,,,,,,,,,,,,,,,,,,,,,,,,,,,,0.0,0.0,5.0,NEUTRAL,,LARGE,,,,,,,,,,0.0
SARDAEN,,,,,,-0.36,,,,2026-07-16,,,,,,,,,,,,0.8,,1.1,,,,,,,,,,,,,,,,,,,,,,,,,,,,,,0.0,0.0,9.0,NEUTRAL,,MID,,,,,,,,,,0.0
SOLARINDS,,,,,,0.63,,,,2026-07-16,,,,,,,,,,,,0.8,,-25.3,,,,,,,,,,,,,,,,,,,,,,,,,,,,,,-40.0,0.0,5.0,NEGATIVE,,MEGA,,,,,,,,,,-1.0
TBOTEK,,,,,,-0.27,,,,2026-07-16,,,,,,,,,,,,-5.4,,-1.0,,,,,,,,,,,,,,,,,,,,,,,,,,,,,,0.0,0.0,-1.0,NEUTRAL,,MID,,,,,,,,,,0.0
TCS,,,,,,0.54,,,,2026-07-16,,,,,,,,,,,,6.9,,0.0,,,,,,,,,,,,,,,,,,,,,,,,,,,,,,0.0,-4.3,8.0,NEUTRAL,,MEGA,,,,,,,,,,0.0
TRENT,,,,,,-0.26,,,,2026-07-16,,,,,,,,,,,,-5.4,,0.0,,,,,,,,,,,,,,,,,,,,,,,,,,,,,,0.0,0.0,5.0,NEUTRAL,,MEGA,,,,,,,,,,0.0
UNOMINDA,,,,,,-0.61,,,,2026-07-16,,,,,,,,,,,,-5.4,,0.0,,,,,,,,,,,,,,,,,,,,,,,,,,,,,,0.0,0.0,2.0,NEUTRAL,,LARGE,,,,,,,,,,0.0
VIJAYA,,,,,,1.66,,,,2026-07-16,,,,,,,,,,,,3.7,,0.8,,,,,,,,,,,,,,,,,,,,,,,,,,,,,,0.0,0.0,2.0,NEUTRAL,,MID,,,,,,,,,,0.0
ZFCVINDIA,,,,,,-1.19,,,,2026-07-16,,,,,,,,,,,,-5.4,,0.0,,,,,,,,,,,,,,,,,,,,,,,,,,,,,,0.0,0.0,0.0,NEUTRAL,,LARGE,,,,,,,,,,0.0
ZYDUSLIFE,,,,,,-0.26,,,,2026-07-16,,,,,,,,,,,,3.7,,0.0,,,,,,,,,,,,,,,,,,,,,,,,,,,,,,0.0,0.0,9.0,NEUTRAL,,MEGA,,,,,,,,,,0.0
ECLERX,,,,,,2.68,,,,2026-07-16,,,,,,,,,,,,6.9,,2.0,,,,,,,,,,,,,,,,,,,,,,,,,,,,,,0.0,0.0,8.0,NEUTRAL,,MID,,,,,,,,,,0.0
AIAENG,,,,,,-2.76,,,,2026-07-17,,,,,,,,,,,,-0.6,,0.0,,,,,,,,,,,,,,,,,,,,,,,,,,,,,,0.0,0.0,5.0,NEUTRAL,,LARGE,,,,,,,,,,0.0
AFFLE,,,,,,-0.48,,,,2026-07-17,,,,,,,,,,,,4.0,,0.0,,,,,,,,,,,,,,,,,,,,,,,,,,,,,,0.0,0.0,2.0,NEUTRAL,,LARGE,,,,,,,,,,0.0
APARINDS,,,,,,-2.6,,,,2026-07-17,,,,,,,,,,,,-0.6,,0.0,,,,,,,,,,,,,,,,,,,,,,,,,,,,,,0.0,0.0,2.0,NEUTRAL,,LARGE,,,,,,,,,,0.0
ASIANPAINT,,,,,,0.53,,,,2026-07-17,,,,,,,,,,,,0.6,,0.0,,,,,,,,,,,,,,,,,,,,,,,,,,,,,,0.0,0.0,3.0,NEUTRAL,,MEGA,,,,,,,,,,0.0
BLS,,,,,,-0.97,,,,2026-07-17,,,,,,,,,,,,-0.6,,1.3,,,,,,,,,,,,,,,,,,,,,,,,,,,,,,0.0,0.0,13.0,NEUTRAL,,MID,,,,,,,,,,0.0
BSE,,,,,,-2.8,,,,2026-07-17,,,,,,,,,,,,-4.7,,0.0,,,,,,,,,,,,,,,,,,,,,,,,,,,,,,0.0,9.2,3.0,NEUTRAL,,MEGA,,,,,,,,,,0.0
BEL,,,,,,0.58,,,,2026-07-17,,,,,,,,,,,,-0.6,,0.0,,,,,,,,,,,,,,,,,,,,,,,,,,,,,,0.0,0.0,6.0,NEUTRAL,,MEGA,,,,,,,,,,0.0
BIKAJI,,,,,,-0.27,,,,2026-07-17,,,,,,,,,,,,-3.8,,-0.4,,,,,,,,,,,,,,,,,,,,,,,,,,,,,,0.0,0.0,2.0,NEUTRAL,,MID,,,,,,,,,,0.0
BLUESTARCO,,,,,,-3.15,,,,2026-07-17,,,,,,,,,,,,-0.6,,0.0,,,,,,,,,,,,,,,,,,,,,,,,,,,,,,0.0,0.0,2.0,NEUTRAL,,LARGE,,,,,,,,,,0.0
BRITANNIA,,,,,,1.92,,,,2026-07-17,,,,,,,,,,,,-3.8,,0.0,,,,,,,,,,,,,,,,,,,,,,,,,,,,,,0.0,0.0,3.0,NEUTRAL,,MEGA,,,,,,,,,,0.0
CAPLIPOINT,,,,,,-2.14,,,,2026-07-17,,,,,,,,,,,,1.1,,-25.3,,,,,,,,,,,,,,,,,,,,,,,,,,,,,,-40.0,0.0,5.0,NEGATIVE,,MID,,,,,,,,,,-1.0
CEMPRO,,,,,,0.74,,,,2026-07-17,,,,,,,,,,,,-0.6,,0.0,,,,,,,,,,,,,,,,,,,,,,,,,,,,,,0.0,0.0,8.0,NEUTRAL,,LARGE,,,,,,,,,,0.0
DOMS,,,,,,0.43,,,,2026-07-17,,,,,,,,,,,,-0.6,,0.5,,,,,,,,,,,,,,,,,,,,,,,,,,,,,,0.0,0.0,5.0,NEUTRAL,,MID,,,,,,,,,,0.0
DIXON,,,,,,-1.23,,,,2026-07-17,,,,,,,,,,,,9.2,,0.0,,,,,,,,,,,,,,,,,,,,,,,,,,,,,,0.0,81.3,5.0,NEUTRAL,,LARGE,,,,,,,,,,0.0
ELGIEQUIP,,,,,,0.02,,,,2026-07-17,,,,,,,,,,,,-0.6,,0.8,,,,,,,,,,,,,,,,,,,,,,,,,,,,,,0.0,0.0,8.0,NEUTRAL,,MID,,,,,,,,,,0.0
ENDURANCE,,,,,,-1.1,,,,2026-07-17,,,,,,,,,,,,-5.4,,0.0,,,,,,,,,,,,,,,,,,,,,,,,,,,,,,0.0,0.0,5.0,NEUTRAL,,LARGE,,,,,,,,,,0.0
GABRIEL,,,,,,-1.95,,,,2026-07-17,,,,,,,,,,,,-5.4,,0.0,,,,,,,,,,,,,,,,,,,,,,,,,,,,,,0.0,0.0,2.0,NEUTRAL,,LARGE,,,,,,,,,,0.0
MEDANTA,,,,,,-1.15,,,,2026-07-17,,,,,,,,,,,,1.1,,0.0,,,,,,,,,,,,,,,,,,,,,,,,,,,,,,0.0,0.0,2.0,NEUTRAL,,LARGE,,,,,,,,,,0.0
GRANULES,,,,,,-2.49,,,,2026-07-17,,,,,,,,,,,,1.1,,0.0,,,,,,,,,,,,,,,,,,,,,,,,,,,,,,0.0,0.0,7.0,NEUTRAL,,LARGE,,,,,,,,,,0.0
GRAVITA,,,,,,-0.62,,,,2026-07-17,,,,,,,,,,,,-0.6,,0.5,,,,,,,,,,,,,,,,,,,,,,,,,,,,,,0.0,0.0,5.0,NEUTRAL,,MID,,,,,,,,,,0.0
HSCL,,,,,,2.66,,,,2026-07-17,,,,,,,,,,,,0.6,,0.0,,,,,,,,,,,,,,,,,,,,,,,,,,,,,,0.0,0.0,3.0,NEUTRAL,,LARGE,,,,,,,,,,0.0
HINDZINC,,,,,,-0.69,,,,2026-07-17,,,,,,,,,,,,0.6,,0.0,,,,,,,,,,,,,,,,,,,,,,,,,,,,,,0.0,0.0,10.0,NEUTRAL,,MEGA,,,,,,,,,,0.0
INDHOTEL,,,,,,-0.49,,,,2026-07-17,,,,,,,,,,,,-5.4,,0.0,,,,,,,,,,,,,,,,,,,,,,,,,,,,,,0.0,0.0,5.0,NEUTRAL,,MEGA,,,,,,,,,,0.0
JSL,,,,,,0.0,,,,2026-07-17,,,,,,,,,,,,0.6,,0.0,,,,,,,,,,,,,,,,,,,,,,,,,,,,,,0.0,0.0,7.0,NEUTRAL,,LARGE,,,,,,,,,,0.0
KPIL,,,,,,-0.77,,,,2026-07-17,,,,,,,,,,,,-0.6,,0.0,,,,,,,,,,,,,,,,,,,,,,,,,,,,,,0.0,0.0,9.0,NEUTRAL,,LARGE,,,,,,,,,,0.0
LODHA,,,,,,0.9,,,,2026-07-17,,,,,,,,,,,,8.7,,0.0,,,,,,,,,,,,,,,,,,,,,,,,,,,,,,0.0,0.0,5.0,NEUTRAL,,MEGA,,,,,,,,,,0.0
LUPIN,,,,,,-2.29,,,,2026-07-17,,,,,,,,,,,,1.1,,0.0,,,,,,,,,,,,,,,,,,,,,,,,,,,,,,0.0,0.0,12.0,NEUTRAL,,MEGA,,,,,,,,,,0.0
MRF,,,,,,-0.56,,,,2026-07-17,,,,,,,,,,,,-5.4,,0.0,,,,,,,,,,,,,,,,,,,,,,,,,,,,,,0.0,0.0,9.0,NEUTRAL,,LARGE,,,,,,,,,,0.0
MANKIND,,,,,,-2.43,,,,2026-07-17,,,,,,,,,,,,1.1,,0.0,,,,,,,,,,,,,,,,,,,,,,,,,,,,,,0.0,0.0,2.0,NEUTRAL,,MEGA,,,,,,,,,,0.0
MARICO,,,,,,0.55,,,,2026-07-17,,,,,,,,,,,,-3.8,,0.0,,,,,,,,,,,,,,,,,,,,,,,,,,,,,,0.0,83.8,5.0,NEUTRAL,,MEGA,,,,,,,,,,0.0
MAXHEALTH,,,,,,-0.76,,,,2026-07-17,,,,,,,,,,,,1.1,,0.0,,,,,,,,,,,,,,,,,,,,,,,,,,,,,,0.0,0.0,2.0,NEUTRAL,,MEGA,,,,,,,,,,0.0
MSUMI,,,,,,1.61,,,,2026-07-17,,,,,,,,,,,,-5.4,,0.0,,,,,,,,,,,,,,,,,,,,,,,,,,,,,,0.0,0.0,6.0,NEUTRAL,,LARGE,,,,,,,,,,0.0
MPHASIS,,,,,,1.79,,,,2026-07-17,,,,,,,,,,,,9.2,,0.0,,,,,,,,,,,,,,,,,,,,,,,,,,,,,,0.0,0.0,7.0,NEUTRAL,,LARGE,,,,,,,,,,0.0
MCX,,,,,,-2.42,,,,2026-07-17,,,,,,,,,,,,-4.7,,0.0,,,,,,,,,,,,,,,,,,,,,,,,,,,,,,0.0,-94.0,5.0,NEUTRAL,,LARGE,,,,,,,,,,0.0
NMDC,,,,,,-1.02,,,,2026-07-17,,,,,,,,,,,,0.6,,0.0,,,,,,,,,,,,,,,,,,,,,,,,,,,,,,0.0,0.0,15.0,NEUTRAL,,LARGE,,,,,,,,,,0.0
NATIONALUM,,,,,,-4.1,,,,2026-07-17,,,,,,,,,,,,0.6,,0.0,,,,,,,,,,,,,,,,,,,,,,,,,,,,,,0.0,0.0,13.0,NEUTRAL,,LARGE,,,,,,,,,,0.0
NAVINFLUOR,,,,,,-0.93,,,,2026-07-17,,,,,,,,,,,,0.6,,0.0,,,,,,,,,,,,,,,,,,,,,,,,,,,,,,0.0,0.0,5.0,NEUTRAL,,LARGE,,,,,,,,,,0.0
NETWEB,,,,,,-1.39,,,,2026-07-17,,,,,,,,,,,,9.2,,0.0,,,,,,,,,,,,,,,,,,,,,,,,,,,,,,0.0,0.0,5.0,NEUTRAL,,LARGE,,,,,,,,,,0.0
OBEROIRLTY,,,,,,1.81,,,,2026-07-17,,,,,,,,,,,,8.7,,0.0,,,,,,,,,,,,,,,,,,,,,,,,,,,,,,0.0,0.0,7.0,NEUTRAL,,LARGE,,,,,,,,,,0.0
ONGC,,,,,,0.22,,,,2026-07-17,,,,,,,,,,,,1.9,,0.0,,,,,,,,,,,,,,,,,,,,,,,,,,,,,,0.0,0.0,15.0,NEUTRAL,,MEGA,,,,,,,,,,0.0
OFSS,,,,,,0.77,,,,2026-07-17,,,,,,,,,,,,9.2,,0.0,,,,,,,,,,,,,,,,,,,,,,,,,,,,,,0.0,0.0,8.0,NEUTRAL,,MEGA,,,,,,,,,,0.0
PAGEIND,,,,,,-1.38,,,,2026-07-17,,,,,,,,,,,,-5.4,,0.0,,,,,,,,,,,,,,,,,,,,,,,,,,,,,,0.0,0.0,3.0,NEUTRAL,,LARGE,,,,,,,,,,0.0
PATANJALI,,,,,,-2.75,,,,2026-07-17,,,,,,,,,,,,-3.8,,0.0,,,,,,,,,,,,,,,,,,,,,,,,,,,,,,0.0,0.0,7.0,NEUTRAL,,LARGE,,,,,,,,,,0.0
RRKABEL,,,,,,-4.6,,,,2026-07-17,,,,,,,,,,,,-0.6,,0.0,,,,,,,,,,,,,,,,,,,,,,,,,,,,,,0.0,0.0,5.0,NEUTRAL,,LARGE,,,,,,,,,,0.0
SARDAEN,,,,,,1.1,,,,2026-07-17,,,,,,,,,,,,0.6,,1.1,,,,,,,,,,,,,,,,,,,,,,,,,,,,,,0.0,0.0,9.0,NEUTRAL,,MID,,,,,,,,,,0.0
SOLARINDS,,,,,,0.36,,,,2026-07-17,,,,,,,,,,,,0.6,,-25.4,,,,,,,,,,,,,,,,,,,,,,,,,,,,,,-40.0,0.0,5.0,NEGATIVE,,MEGA,,,,,,,,,,-1.0
TBOTEK,,,,,,0.37,,,,2026-07-17,,,,,,,,,,,,-5.4,,-1.0,,,,,,,,,,,,,,,,,,,,,,,,,,,,,,0.0,0.0,-1.0,NEUTRAL,,MID,,,,,,,,,,0.0
TCS,,,,,,3.09,,,,2026-07-17,,,,,,,,,,,,9.2,,0.0,,,,,,,,,,,,,,,,,,,,,,,,,,,,,,0.0,10.3,8.0,NEUTRAL,,MEGA,,,,,,,,,,0.0
TRENT,,,,,,-0.62,,,,2026-07-17,,,,,,,,,,,,-5.4,,0.0,,,,,,,,,,,,,,,,,,,,,,,,,,,,,,0.0,0.0,5.0,NEUTRAL,,MEGA,,,,,,,,,,0.0
UNOMINDA,,,,,,0.37,,,,2026-07-17,,,,,,,,,,,,-5.4,,0.0,,,,,,,,,,,,,,,,,,,,,,,,,,,,,,0.0,0.0,2.0,NEUTRAL,,LARGE,,,,,,,,,,0.0
VIJAYA,,,,,,-5.04,,,,2026-07-17,,,,,,,,,,,,1.1,,0.4,,,,,,,,,,,,,,,,,,,,,,,,,,,,,,0.0,0.0,2.0,NEUTRAL,,MID,,,,,,,,,,0.0
ZFCVINDIA,,,,,,3.42,,,,2026-07-17,,,,,,,,,,,,-5.4,,0.0,,,,,,,,,,,,,,,,,,,,,,,,,,,,,,0.0,0.0,0.0,NEUTRAL,,LARGE,,,,,,,,,,0.0
ZYDUSLIFE,,,,,,-0.88,,,,2026-07-17,,,,,,,,,,,,1.1,,0.0,,,,,,,,,,,,,,,,,,,,,,,,,,,,,,0.0,0.0,9.0,NEUTRAL,,MEGA,,,,,,,,,,0.0
ECLERX,,,,,,12.51,,,,2026-07-17,,,,,,,,,,,,9.2,,2.1,,,,,,,,,,,,,,,,,,,,,,,,,,,,,,0.0,0.0,6.0,NEUTRAL,,MID,,,,,,,,,,0.0
AIAENG,,,,,,0.22,,,,2026-07-20,,,,,,,,,,,,-0.1,,0.0,,,,,,,,,,,,,,,,,,,,,,,,,,,,,,0.0,0.0,3.0,NEUTRAL,,LARGE,,,,,,,,,,0.0
AFFLE,,,,,,-0.93,,,,2026-07-20,,,,,,,,,,,,2.9,,0.0,,,,,,,,,,,,,,,,,,,,,,,,,,,,,,0.0,0.0,2.0,NEUTRAL,,LARGE,,,,,,,,,,0.0
APARINDS,,,,,,0.34,,,,2026-07-20,,,,,,,,,,,,-0.1,,0.0,,,,,,,,,,,,,,,,,,,,,,,,,,,,,,0.0,0.0,2.0,NEUTRAL,,LARGE,,,,,,,,,,0.0
ASIANPAINT,,,,,,0.09,,,,2026-07-20,,,,,,,,,,,,2.1,,0.0,,,,,,,,,,,,,,,,,,,,,,,,,,,,,,0.0,0.0,3.0,NEUTRAL,,MEGA,,,,,,,,,,0.0
BLS,,,,,,0.06,,,,2026-07-20,,,,,,,,,,,,-0.1,,1.4,,,,,,,,,,,,,,,,,,,,,,,,,,,,,,0.0,0.0,13.0,NEUTRAL,,MID,,,,,,,,,,0.0
BSE,,,,,,1.85,,,,2026-07-20,,,,,,,,,,,,-2.4,,0.0,,,,,,,,,,,,,,,,,,,,,,,,,,,,,,0.0,33.5,3.0,NEUTRAL,,MEGA,,,,,,,,,,0.0
BEL,,,,,,-0.32,,,,2026-07-20,,,,,,,,,,,,-0.1,,0.0,,,,,,,,,,,,,,,,,,,,,,,,,,,,,,0.0,0.0,6.0,NEUTRAL,,MEGA,,,,,,,,,,0.0
BIKAJI,,,,,,0.56,,,,2026-07-20,,,,,,,,,,,,-2.8,,-0.2,,,,,,,,,,,,,,,,,,,,,,,,,,,,,,0.0,0.0,2.0,NEUTRAL,,MID,,,,,,,,,,0.0
BLUESTARCO,,,,,,1.62,,,,2026-07-20,,,,,,,,,,,,-0.1,,0.0,,,,,,,,,,,,,,,,,,,,,,,,,,,,,,0.0,0.0,2.0,NEUTRAL,,LARGE,,,,,,,,,,0.0
BRITANNIA,,,,,,1.06,,,,2026-07-20,,,,,,,,,,,,-2.8,,0.0,,,,,,,,,,,,,,,,,,,,,,,,,,,,,,0.0,23.2,3.0,NEUTRAL,,MEGA,,,,,,,,,,0.0
CAPLIPOINT,,,,,,1.34,,,,2026-07-20,,,,,,,,,,,,1.7,,0.0,,,,,,,,,,,,,,,,,,,,,,,,,,,,,,0.0,0.0,5.0,NEUTRAL,,LARGE,,,,,,,,,,0.0
CEMPRO,,,,,,0.74,,,,2026-07-20,,,,,,,,,,,,-0.1,,0.0,,,,,,,,,,,,,,,,,,,,,,,,,,,,,,0.0,0.0,8.0,NEUTRAL,,LARGE,,,,,,,,,,0.0
DOMS,,,,,,0.03,,,,2026-07-20,,,,,,,,,,,,-0.1,,0.5,,,,,,,,,,,,,,,,,,,,,,,,,,,,,,0.0,0.0,5.0,NEUTRAL,,MID,,,,,,,,,,0.0
DIXON,,,,,,1.81,,,,2026-07-20,,,,,,,,,,,,7.5,,0.0,,,,,,,,,,,,,,,,,,,,,,,,,,,,,,0.0,0.0,5.0,NEUTRAL,,LARGE,,,,,,,,,,0.0
ELGIEQUIP,,,,,,1.08,,,,2026-07-20,,,,,,,,,,,,-0.1,,0.9,,,,,,,,,,,,,,,,,,,,,,,,,,,,,,0.0,0.0,8.0,NEUTRAL,,MID,,,,,,,,,,0.0
ENDURANCE,,,,,,0.31,,,,2026-07-20,,,,,,,,,,,,-4.5,,0.0,,,,,,,,,,,,,,,,,,,,,,,,,,,,,,0.0,0.0,5.0,NEUTRAL,,LARGE,,,,,,,,,,0.0
GABRIEL,,,,,,4.59,,,,2026-07-20,,,,,,,,,,,,-4.5,,0.0,,,,,,,,,,,,,,,,,,,,,,,,,,,,,,0.0,0.0,2.0,NEUTRAL,,LARGE,,,,,,,,,,0.0
MEDANTA,,,,,,1.1,,,,2026-07-20,,,,,,,,,,,,1.7,,0.0,,,,,,,,,,,,,,,,,,,,,,,,,,,,,,0.0,0.0,2.0,NEUTRAL,,LARGE,,,,,,,,,,0.0
GRANULES,,,,,,-0.53,,,,2026-07-20,,,,,,,,,,,,1.7,,0.0,,,,,,,,,,,,,,,,,,,,,,,,,,,,,,0.0,0.0,7.0,NEUTRAL,,LARGE,,,,,,,,,,0.0
GRAVITA,,,,,,-0.47,,,,2026-07-20,,,,,,,,,,,,-0.1,,0.5,,,,,,,,,,,,,,,,,,,,,,,,,,,,,,0.0,0.0,5.0,NEUTRAL,,MID,,,,,,,,,,0.0
HSCL,,,,,,3.82,,,,2026-07-20,,,,,,,,,,,,2.1,,0.0,,,,,,,,,,,,,,,,,,,,,,,,,,,,,,0.0,0.0,3.0,NEUTRAL,,LARGE,,,,,,,,,,0.0
HINDZINC,,,,,,0.83,,,,2026-07-20,,,,,,,,,,,,2.1,,0.0,,,,,,,,,,,,,,,,,,,,,,,,,,,,,,0.0,0.0,10.0,NEUTRAL,,MEGA,,,,,,,,,,0.0
INDHOTEL,,,,,,-0.39,,,,2026-07-20,,,,,,,,,,,,-4.5,,0.0,,,,,,,,,,,,,,,,,,,,,,,,,,,,,,0.0,0.0,5.0,NEUTRAL,,MEGA,,,,,,,,,,0.0
JSL,,,,,,-0.92,,,,2026-07-20,,,,,,,,,,,,2.1,,0.0,,,,,,,,,,,,,,,,,,,,,,,,,,,,,,0.0,0.0,7.0,NEUTRAL,,LARGE,,,,,,,,,,0.0
KPIL,,,,,,1.02,,,,2026-07-20,,,,,,,,,,,,-0.1,,0.0,,,,,,,,,,,,,,,,,,,,,,,,,,,,,,0.0,0.0,9.0,NEUTRAL,,LARGE,,,,,,,,,,0.0
LODHA,,,,,,-0.03,,,,2026-07-20,,,,,,,,,,,,7.5,,0.0,,,,,,,,,,,,,,,,,,,,,,,,,,,,,,0.0,0.0,5.0,NEUTRAL,,MEGA,,,,,,,,,,0.0
LUPIN,,,,,,1.44,,,,2026-07-20,,,,,,,,,,,,1.7,,0.0,,,,,,,,,,,,,,,,,,,,,,,,,,,,,,0.0,0.0,10.0,NEUTRAL,,MEGA,,,,,,,,,,0.0
MRF,,,,,,1.61,,,,2026-07-20,,,,,,,,,,,,-4.5,,0.0,,,,,,,,,,,,,,,,,,,,,,,,,,,,,,0.0,0.0,9.0,NEUTRAL,,LARGE,,,,,,,,,,0.0
MANKIND,,,,,,3.28,,,,2026-07-20,,,,,,,,,,,,1.7,,0.0,,,,,,,,,,,,,,,,,,,,,,,,,,,,,,0.0,0.0,2.0,NEUTRAL,,MEGA,,,,,,,,,,0.0
MARICO,,,,,,1.34,,,,2026-07-20,,,,,,,,,,,,-2.8,,0.0,,,,,,,,,,,,,,,,,,,,,,,,,,,,,,0.0,0.0,5.0,NEUTRAL,,MEGA,,,,,,,,,,0.0
MAXHEALTH,,,,,,1.15,,,,2026-07-20,,,,,,,,,,,,1.7,,0.0,,,,,,,,,,,,,,,,,,,,,,,,,,,,,,0.0,0.0,2.0,NEUTRAL,,MEGA,,,,,,,,,,0.0
MSUMI,,,,,,-1.64,,,,2026-07-20,,,,,,,,,,,,-4.5,,0.0,,,,,,,,,,,,,,,,,,,,,,,,,,,,,,0.0,0.0,6.0,NEUTRAL,,LARGE,,,,,,,,,,0.0
MPHASIS,,,,,,0.8,,,,2026-07-20,,,,,,,,,,,,7.5,,0.0,,,,,,,,,,,,,,,,,,,,,,,,,,,,,,0.0,0.0,7.0,NEUTRAL,,LARGE,,,,,,,,,,0.0
MCX,,,,,,2.57,,,,2026-07-20,,,,,,,,,,,,-2.4,,-0.4,,,,,,,,,,,,,,,,,,,,,,,,,,,,,,0.0,0.0,0.0,NEUTRAL,,SMALL,,,,,,,,,,0.0
NMDC,,,,,,0.76,,,,2026-07-20,,,,,,,,,,,,2.1,,0.0,,,,,,,,,,,,,,,,,,,,,,,,,,,,,,0.0,0.0,15.0,NEUTRAL,,LARGE,,,,,,,,,,0.0
NATIONALUM,,,,,,0.88,,,,2026-07-20,,,,,,,,,,,,2.1,,0.0,,,,,,,,,,,,,,,,,,,,,,,,,,,,,,0.0,0.0,13.0,NEUTRAL,,LARGE,,,,,,,,,,0.0
NAVINFLUOR,,,,,,3.73,,,,2026-07-20,,,,,,,,,,,,2.1,,0.0,,,,,,,,,,,,,,,,,,,,,,,,,,,,,,0.0,0.0,5.0,NEUTRAL,,LARGE,,,,,,,,,,0.0
NETWEB,,,,,,-1.56,,,,2026-07-20,,,,,,,,,,,,7.5,,0.0,,,,,,,,,,,,,,,,,,,,,,,,,,,,,,0.0,0.0,5.0,NEUTRAL,,LARGE,,,,,,,,,,0.0
OBEROIRLTY,,,,,,-0.64,,,,2026-07-20,,,,,,,,,,,,7.5,,0.0,,,,,,,,,,,,,,,,,,,,,,,,,,,,,,0.0,0.0,5.0,NEUTRAL,,LARGE,,,,,,,,,,0.0
ONGC,,,,,,0.93,,,,2026-07-20,,,,,,,,,,,,2.7,,0.0,,,,,,,,,,,,,,,,,,,,,,,,,,,,,,0.0,-3.8,15.0,NEUTRAL,,MEGA,,,,,,,,,,0.0
OFSS,,,,,,-1.28,,,,2026-07-20,,,,,,,,,,,,7.5,,0.0,,,,,,,,,,,,,,,,,,,,,,,,,,,,,,0.0,0.0,8.0,NEUTRAL,,MEGA,,,,,,,,,,0.0
PAGEIND,,,,,,1.07,,,,2026-07-20,,,,,,,,,,,,-4.5,,0.0,,,,,,,,,,,,,,,,,,,,,,,,,,,,,,0.0,0.0,3.0,NEUTRAL,,LARGE,,,,,,,,,,0.0
PATANJALI,,,,,,0.44,,,,2026-07-20,,,,,,,,,,,,-2.8,,0.0,,,,,,,,,,,,,,,,,,,,,,,,,,,,,,0.0,0.0,7.0,NEUTRAL,,LARGE,,,,,,,,,,0.0
RRKABEL,,,,,,1.73,,,,2026-07-20,,,,,,,,,,,,-0.1,,0.0,,,,,,,,,,,,,,,,,,,,,,,,,,,,,,0.0,0.0,5.0,NEUTRAL,,LARGE,,,,,,,,,,0.0
SARDAEN,,,,,,0.55,,,,2026-07-20,,,,,,,,,,,,2.1,,1.3,,,,,,,,,,,,,,,,,,,,,,,,,,,,,,0.0,0.0,9.0,NEUTRAL,,MID,,,,,,,,,,0.0
SOLARINDS,,,,,,3.04,,,,2026-07-20,,,,,,,,,,,,2.1,,0.0,,,,,,,,,,,,,,,,,,,,,,,,,,,,,,0.0,0.0,5.0,NEUTRAL,,MEGA,,,,,,,,,,0.0
TBOTEK,,,,,,-0.99,,,,2026-07-20,,,,,,,,,,,,-4.5,,-0.8,,,,,,,,,,,,,,,,,,,,,,,,,,,,,,0.0,0.0,-1.0,NEUTRAL,,MID,,,,,,,,,,0.0
TCS,,,,,,-0.79,,,,2026-07-20,,,,,,,,,,,,7.5,,0.0,,,,,,,,,,,,,,,,,,,,,,,,,,,,,,0.0,89.6,8.0,NEUTRAL,,MEGA,,,,,,,,,,0.0
TRENT,,,,,,2.94,,,,2026-07-20,,,,,,,,,,,,-4.5,,0.0,,,,,,,,,,,,,,,,,,,,,,,,,,,,,,0.0,49.7,5.0,NEUTRAL,,MEGA,,,,,,,,,,0.0
UNOMINDA,,,,,,-0.03,,,,2026-07-20,,,,,,,,,,,,-4.5,,0.0,,,,,,,,,,,,,,,,,,,,,,,,,,,,,,0.0,0.0,2.0,NEUTRAL,,LARGE,,,,,,,,,,0.0
VIJAYA,,,,,,-0.49,,,,2026-07-20,,,,,,,,,,,,1.7,,0.5,,,,,,,,,,,,,,,,,,,,,,,,,,,,,,0.0,0.0,2.0,NEUTRAL,,MID,,,,,,,,,,0.0
ZFCVINDIA,,,,,,-2.97,,,,2026-07-20,,,,,,,,,,,,-4.5,,0.0,,,,,,,,,,,,,,,,,,,,,,,,,,,,,,0.0,0.0,0.0,NEUTRAL,,LARGE,,,,,,,,,,0.0
ZYDUSLIFE,,,,,,0.46,,,,2026-07-20,,,,,,,,,,,,1.7,,-24.7,,,,,,,,,,,,,,,,,,,,,,,,,,,,,,-40.0,0.0,9.0,NEGATIVE,,MEGA,,,,,,,,,,-1.0
ECLERX,,,,,,-5.17,,,,2026-07-20,,,,,,,,,,,,7.5,,1.9,,,,,,,,,,,,,,,,,,,,,,,,,,,,,,0.0,0.0,6.0,NEUTRAL,,MID,,,,,,,,,,0.0
AIAENG,,,,,,0.52,,,,2026-07-21,,,,,,,,,,,,0.3,,0.0,,,,,,,,,,,,,,,,,,,,,,,,,,,,,,0.0,0.0,3.0,NEUTRAL,,LARGE,,,,,,,,,,0.0
AFFLE,,,,,,0.73,,,,2026-07-21,,,,,,,,,,,,3.6,,0.0,,,,,,,,,,,,,,,,,,,,,,,,,,,,,,0.0,0.0,2.0,NEUTRAL,,LARGE,,,,,,,,,,0.0
APARINDS,,,,,,-0.3,,,,2026-07-21,,,,,,,,,,,,0.3,,0.0,,,,,,,,,,,,,,,,,,,,,,,,,,,,,,0.0,0.0,2.0,NEUTRAL,,LARGE,,,,,,,,,,0.0
ASIANPAINT,,,,,,0.04,,,,2026-07-21,,,,,,,,,,,,3.1,,0.0,,,,,,,,,,,,,,,,,,,,,,,,,,,,,,0.0,0.0,3.0,NEUTRAL,,MEGA,,,,,,,,,,0.0
BLS,,,,,,-0.3,,,,2026-07-21,,,,,,,,,,,,0.3,,1.5,,,,,,,,,,,,,,,,,,,,,,,,,,,,,,0.0,0.0,13.0,NEUTRAL,,MID,,,,,,,,,,0.0
BSE,,,,,,0.44,,,,2026-07-21,,,,,,,,,,,,-2.3,,0.0,,,,,,,,,,,,,,,,,,,,,,,,,,,,,,0.0,37.0,3.0,NEUTRAL,,MEGA,,,,,,,,,,0.0
BEL,,,,,,0.47,,,,2026-07-21,,,,,,,,,,,,0.3,,0.0,,,,,,,,,,,,,,,,,,,,,,,,,,,,,,0.0,0.0,6.0,NEUTRAL,,MEGA,,,,,,,,,,0.0
BIKAJI,,,,,,0.36,,,,2026-07-21,,,,,,,,,,,,-2.5,,-0.2,,,,,,,,,,,,,,,,,,,,,,,,,,,,,,0.0,0.0,2.0,NEUTRAL,,MID,,,,,,,,,,0.0
BLUESTARCO,,,,,,-0.67,,,,2026-07-21,,,,,,,,,,,,0.3,,0.0,,,,,,,,,,,,,,,,,,,,,,,,,,,,,,0.0,0.0,2.0,NEUTRAL,,LARGE,,,,,,,,,,0.0
BRITANNIA,,,,,,0.22,,,,2026-07-21,,,,,,,,,,,,-2.5,,0.0,,,,,,,,,,,,,,,,,,,,,,,,,,,,,,0.0,0.0,3.0,NEUTRAL,,MEGA,,,,,,,,,,0.0
CAPLIPOINT,,,,,,-1.56,,,,2026-07-21,,,,,,,,,,,,1.4,,0.8,,,,,,,,,,,,,,,,,,,,,,,,,,,,,,0.0,0.0,5.0,NEUTRAL,,MID,,,,,,,,,,0.0
CEMPRO,,,,,,0.77,,,,2026-07-21,,,,,,,,,,,,0.3,,0.0,,,,,,,,,,,,,,,,,,,,,,,,,,,,,,0.0,0.0,8.0,NEUTRAL,,LARGE,,,,,,,,,,0.0
DOMS,,,,,,0.23,,,,2026-07-21,,,,,,,,,,,,0.3,,0.6,,,,,,,,,,,,,,,,,,,,,,,,,,,,,,0.0,0.0,5.0,NEUTRAL,,MID,,,,,,,,,,0.0
DIXON,,,,,,-3.23,,,,2026-07-21,,,,,,,,,,,,6.8,,0.0,,,,,,,,,,,,,,,,,,,,,,,,,,,,,,0.0,0.0,5.0,NEUTRAL,,LARGE,,,,,,,,,,0.0
ELGIEQUIP,,,,,,2.21,,,,2026-07-21,,,,,,,,,,,,0.3,,0.9,,,,,,,,,,,,,,,,,,,,,,,,,,,,,,0.0,0.0,8.0,NEUTRAL,,MID,,,,,,,,,,0.0
ENDURANCE,,,,,,0.38,,,,2026-07-21,,,,,,,,,,,,-2.9,,0.0,,,,,,,,,,,,,,,,,,,,,,,,,,,,,,0.0,0.0,5.0,NEUTRAL,,LARGE,,,,,,,,,,0.0
GABRIEL,,,,,,6.47,,,,2026-07-21,,,,,,,,,,,,-2.9,,0.0,,,,,,,,,,,,,,,,,,,,,,,,,,,,,,0.0,0.0,2.0,NEUTRAL,,LARGE,,,,,,,,,,0.0
MEDANTA,,,,,,0.84,,,,2026-07-21,,,,,,,,,,,,1.4,,0.0,,,,,,,,,,,,,,,,,,,,,,,,,,,,,,0.0,0.0,2.0,NEUTRAL,,LARGE,,,,,,,,,,0.0
GRANULES,,,,,,-0.05,,,,2026-07-21,,,,,,,,,,,,1.4,,0.0,,,,,,,,,,,,,,,,,,,,,,,,,,,,,,0.0,0.0,7.0,NEUTRAL,,LARGE,,,,,,,,,,0.0
GRAVITA,,,,,,-0.28,,,,2026-07-21,,,,,,,,,,,,0.3,,0.6,,,,,,,,,,,,,,,,,,,,,,,,,,,,,,0.0,0.0,5.0,NEUTRAL,,MID,,,,,,,,,,0.0
HSCL,,,,,,4.03,,,,2026-07-21,,,,,,,,,,,,3.1,,0.0,,,,,,,,,,,,,,,,,,,,,,,,,,,,,,0.0,0.0,0.0,NEUTRAL,,LARGE,,,,,,,,,,0.0
HINDZINC,,,,,,2.25,,,,2026-07-21,,,,,,,,,,,,3.1,,0.0,,,,,,,,,,,,,,,,,,,,,,,,,,,,,,0.0,0.0,10.0,NEUTRAL,,MEGA,,,,,,,,,,0.0
INDHOTEL,,,,,,0.9,,,,2026-07-21,,,,,,,,,,,,-2.9,,0.0,,,,,,,,,,,,,,,,,,,,,,,,,,,,,,0.0,0.0,5.0,NEUTRAL,,MEGA,,,,,,,,,,0.0
JSL,,,,,,1.14,,,,2026-07-21,,,,,,,,,,,,3.1,,0.0,,,,,,,,,,,,,,,,,,,,,,,,,,,,,,0.0,0.0,7.0,NEUTRAL,,LARGE,,,,,,,,,,0.0
KPIL,,,,,,1.38,,,,2026-07-21,,,,,,,,,,,,0.3,,0.0,,,,,,,,,,,,,,,,,,,,,,,,,,,,,,0.0,0.0,9.0,NEUTRAL,,LARGE,,,,,,,,,,0.0
LODHA,,,,,,0.89,,,,2026-07-21,,,,,,,,,,,,7.1,,0.0,,,,,,,,,,,,,,,,,,,,,,,,,,,,,,0.0,0.0,5.0,NEUTRAL,,MEGA,,,,,,,,,,0.0
LUPIN,,,,,,1.46,,,,2026-07-21,,,,,,,,,,,,1.4,,0.0,,,,,,,,,,,,,,,,,,,,,,,,,,,,,,0.0,20.7,10.0,NEUTRAL,,MEGA,,,,,,,,,,0.0
MRF,,,,,,0.9,,,,2026-07-21,,,,,,,,,,,,-2.9,,0.0,,,,,,,,,,,,,,,,,,,,,,,,,,,,,,0.0,0.0,9.0,NEUTRAL,,LARGE,,,,,,,,,,0.0
MANKIND,,,,,,0.53,,,,2026-07-21,,,,,,,,,,,,1.4,,0.0,,,,,,,,,,,,,,,,,,,,,,,,,,,,,,0.0,0.0,2.0,NEUTRAL,,MEGA,,,,,,,,,,0.0
MARICO,,,,,,-0.2,,,,2026-07-21,,,,,,,,,,,,-2.5,,0.0,,,,,,,,,,,,,,,,,,,,,,,,,,,,,,0.0,0.0,5.0,NEUTRAL,,MEGA,,,,,,,,,,0.0
MAXHEALTH,,,,,,-0.18,,,,2026-07-21,,,,,,,,,,,,1.4,,0.0,,,,,,,,,,,,,,,,,,,,,,,,,,,,,,0.0,0.0,2.0,NEUTRAL,,MEGA,,,,,,,,,,0.0
MSUMI,,,,,,1.13,,,,2026-07-21,,,,,,,,,,,,-2.9,,0.0,,,,,,,,,,,,,,,,,,,,,,,,,,,,,,0.0,0.0,6.0,NEUTRAL,,LARGE,,,,,,,,,,0.0
MPHASIS,,,,,,-1.38,,,,2026-07-21,,,,,,,,,,,,6.8,,0.0,,,,,,,,,,,,,,,,,,,,,,,,,,,,,,0.0,0.0,7.0,NEUTRAL,,LARGE,,,,,,,,,,0.0
MCX,,,,,,-0.6,,,,2026-07-21,,,,,,,,,,,,-2.3,,0.0,,,,,,,,,,,,,,,,,,,,,,,,,,,,,,0.0,78.1,5.0,NEUTRAL,,LARGE,,,,,,,,,,0.0
NMDC,,,,,,0.1,,,,2026-07-21,,,,,,,,,,,,3.1,,0.0,,,,,,,,,,,,,,,,,,,,,,,,,,,,,,0.0,0.0,15.0,NEUTRAL,,LARGE,,,,,,,,,,0.0
NATIONALUM,,,,,,0.0,,,,2026-07-21,,,,,,,,,,,,3.1,,0.0,,,,,,,,,,,,,,,,,,,,,,,,,,,,,,0.0,0.0,13.0,NEUTRAL,,LARGE,,,,,,,,,,0.0
NAVINFLUOR,,,,,,0.26,,,,2026-07-21,,,,,,,,,,,,3.1,,0.0,,,,,,,,,,,,,,,,,,,,,,,,,,,,,,0.0,0.0,5.0,NEUTRAL,,LARGE,,,,,,,,,,0.0
NETWEB,,,,,,1.9,,,,2026-07-21,,,,,,,,,,,,6.8,,0.0,,,,,,,,,,,,,,,,,,,,,,,,,,,,,,0.0,0.0,5.0,NEUTRAL,,LARGE,,,,,,,,,,0.0
OBEROIRLTY,,,,,,0.11,,,,2026-07-21,,,,,,,,,,,,7.1,,0.0,,,,,,,,,,,,,,,,,,,,,,,,,,,,,,0.0,0.0,5.0,NEUTRAL,,LARGE,,,,,,,,,,0.0
ONGC,,,,,,0.12,,,,2026-07-21,,,,,,,,,,,,2.8,,0.0,,,,,,,,,,,,,,,,,,,,,,,,,,,,,,0.0,-2.4,15.0,NEUTRAL,,MEGA,,,,,,,,,,0.0
OFSS,,,,,,0.1,,,,2026-07-21,,,,,,,,,,,,6.8,,0.0,,,,,,,,,,,,,,,,,,,,,,,,,,,,,,0.0,0.0,8.0,NEUTRAL,,MEGA,,,,,,,,,,0.0
PAGEIND,,,,,,-0.57,,,,2026-07-21,,,,,,,,,,,,-2.9,,0.0,,,,,,,,,,,,,,,,,,,,,,,,,,,,,,0.0,0.0,3.0,NEUTRAL,,LARGE,,,,,,,,,,0.0
PATANJALI,,,,,,0.31,,,,2026-07-21,,,,,,,,,,,,-2.5,,0.0,,,,,,,,,,,,,,,,,,,,,,,,,,,,,,0.0,0.0,7.0,NEUTRAL,,LARGE,,,,,,,,,,0.0
RRKABEL,,,,,,0.54,,,,2026-07-21,,,,,,,,,,,,0.3,,0.0,,,,,,,,,,,,,,,,,,,,,,,,,,,,,,0.0,0.0,5.0,NEUTRAL,,LARGE,,,,,,,,,,0.0
SARDAEN,,,,,,1.26,,,,2026-07-21,,,,,,,,,,,,3.1,,1.5,,,,,,,,,,,,,,,,,,,,,,,,,,,,,,0.0,0.0,9.0,NEUTRAL,,MID,,,,,,,,,,0.0
SOLARINDS,,,,,,0.09,,,,2026-07-21,,,,,,,,,,,,3.1,,0.0,,,,,,,,,,,,,,,,,,,,,,,,,,,,,,0.0,0.0,5.0,NEUTRAL,,MEGA,,,,,,,,,,0.0
TBOTEK,,,,,,1.42,,,,2026-07-21,,,,,,,,,,,,-2.9,,-0.6,,,,,,,,,,,,,,,,,,,,,,,,,,,,,,0.0,0.0,-1.0,NEUTRAL,,MID,,,,,,,,,,0.0
TCS,,,,,,-1.33,,,,2026-07-21,,,,,,,,,,,,6.8,,0.0,,,,,,,,,,,,,,,,,,,,,,,,,,,,,,0.0,90.2,8.0,NEUTRAL,,MEGA,,,,,,,,,,0.0
TRENT,,,,,,-1.07,,,,2026-07-21,,,,,,,,,,,,-2.9,,0.0,,,,,,,,,,,,,,,,,,,,,,,,,,,,,,0.0,49.7,5.0,NEUTRAL,,MEGA,,,,,,,,,,0.0
UNOMINDA,,,,,,-0.61,,,,2026-07-21,,,,,,,,,,,,-2.9,,0.0,,,,,,,,,,,,,,,,,,,,,,,,,,,,,,0.0,0.0,2.0,NEUTRAL,,LARGE,,,,,,,,,,0.0
VIJAYA,,,,,,-0.25,,,,2026-07-21,,,,,,,,,,,,1.4,,0.4,,,,,,,,,,,,,,,,,,,,,,,,,,,,,,0.0,0.0,2.0,NEUTRAL,,MID,,,,,,,,,,0.0
ZFCVINDIA,,,,,,2.57,,,,2026-07-21,,,,,,,,,,,,-2.9,,0.0,,,,,,,,,,,,,,,,,,,,,,,,,,,,,,0.0,0.0,0.0,NEUTRAL,,LARGE,,,,,,,,,,0.0
ZYDUSLIFE,,,,,,-0.51,,,,2026-07-21,,,,,,,,,,,,1.4,,0.0,,,,,,,,,,,,,,,,,,,,,,,,,,,,,,0.0,0.0,9.0,NEUTRAL,,MEGA,,,,,,,,,,0.0
ECLERX,,,,,,2.48,,,,2026-07-21,,,,,,,,,,,,6.8,,1.7,,,,,,,,,,,,,,,,,,,,,,,,,,,,,,0.0,0.0,6.0,NEUTRAL,,MID,,,,,,,,,,0.0
AIAENG,,,,,,-1.17,,,,2026-07-22,,,,,,,,,,,,-0.8,,0.0,,,,,,,,,,,,,,,,,,,,,,,,,,,,,,0.0,0.0,3.0,NEUTRAL,,LARGE,,,,,,,,,,0.0
AFFLE,,,,,,-1.99,,,,2026-07-22,,,,,,,,,,,,1.4,,0.0,,,,,,,,,,,,,,,,,,,,,,,,,,,,,,0.0,0.0,2.0,NEUTRAL,,LARGE,,,,,,,,,,0.0
APARINDS,,,,,,-1.52,,,,2026-07-22,,,,,,,,,,,,-0.8,,0.0,,,,,,,,,,,,,,,,,,,,,,,,,,,,,,0.0,0.0,2.0,NEUTRAL,,LARGE,,,,,,,,,,0.0
ASIANPAINT,,,,,,0.01,,,,2026-07-22,,,,,,,,,,,,2.0,,0.0,,,,,,,,,,,,,,,,,,,,,,,,,,,,,,0.0,0.0,3.0,NEUTRAL,,MEGA,,,,,,,,,,0.0
BLS,,,,,,-1.93,,,,2026-07-22,,,,,,,,,,,,-0.8,,1.3,,,,,,,,,,,,,,,,,,,,,,,,,,,,,,0.0,0.0,13.0,NEUTRAL,,MID,,,,,,,,,,0.0
BSE,,,,,,-0.87,,,,2026-07-22,,,,,,,,,,,,-2.4,,0.0,,,,,,,,,,,,,,,,,,,,,,,,,,,,,,0.0,4.9,3.0,NEUTRAL,,MEGA,,,,,,,,,,0.0
BEL,,,,,,-0.8,,,,2026-07-22,,,,,,,,,,,,-0.8,,26.5,,,,,,,,,,,,,,,,,,,,,,,,,,,,,,40.0,0.0,6.0,POSITIVE,,MEGA,,,,,,,,,,1.0
BIKAJI,,,,,,-1.24,,,,2026-07-22,,,,,,,,,,,,-2.7,,-0.2,,,,,,,,,,,,,,,,,,,,,,,,,,,,,,0.0,0.0,2.0,NEUTRAL,,MID,,,,,,,,,,0.0
BLUESTARCO,,,,,,-2.47,,,,2026-07-22,,,,,,,,,,,,-0.8,,0.0,,,,,,,,,,,,,,,,,,,,,,,,,,,,,,0.0,0.0,2.0,NEUTRAL,,LARGE,,,,,,,,,,0.0
BRITANNIA,,,,,,0.06,,,,2026-07-22,,,,,,,,,,,,-2.7,,0.0,,,,,,,,,,,,,,,,,,,,,,,,,,,,,,0.0,0.0,3.0,NEUTRAL,,MEGA,,,,,,,,,,0.0
CAPLIPOINT,,,,,,-4.88,,,,2026-07-22,,,,,,,,,,,,-0.8,,0.4,,,,,,,,,,,,,,,,,,,,,,,,,,,,,,0.0,0.0,5.0,NEUTRAL,,MID,,,,,,,,,,0.0
CEMPRO,,,,,,-2.62,,,,2026-07-22,,,,,,,,,,,,-0.8,,0.0,,,,,,,,,,,,,,,,,,,,,,,,,,,,,,0.0,0.0,8.0,NEUTRAL,,LARGE,,,,,,,,,,0.0
DOMS,,,,,,-0.2,,,,2026-07-22,,,,,,,,,,,,-0.8,,0.4,,,,,,,,,,,,,,,,,,,,,,,,,,,,,,0.0,0.0,5.0,NEUTRAL,,MID,,,,,,,,,,0.0
DIXON,,,,,,-1.67,,,,2026-07-22,,,,,,,,,,,,4.4,,0.0,,,,,,,,,,,,,,,,,,,,,,,,,,,,,,0.0,0.0,5.0,NEUTRAL,,LARGE,,,,,,,,,,0.0
ELGIEQUIP,,,,,,-2.96,,,,2026-07-22,,,,,,,,,,,,-0.8,,0.8,,,,,,,,,,,,,,,,,,,,,,,,,,,,,,0.0,0.0,8.0,NEUTRAL,,MID,,,,,,,,,,0.0
ENDURANCE,,,,,,-0.5,,,,2026-07-22,,,,,,,,,,,,-3.1,,0.0,,,,,,,,,,,,,,,,,,,,,,,,,,,,,,0.0,0.0,5.0,NEUTRAL,,LARGE,,,,,,,,,,0.0
GABRIEL,,,,,,-4.29,,,,2026-07-22,,,,,,,,,,,,-3.1,,0.0,,,,,,,,,,,,,,,,,,,,,,,,,,,,,,0.0,1.8,2.0,NEUTRAL,,LARGE,,,,,,,,,,0.0
MEDANTA,,,,,,0.8,,,,2026-07-22,,,,,,,,,,,,-0.8,,0.0,,,,,,,,,,,,,,,,,,,,,,,,,,,,,,0.0,0.0,2.0,NEUTRAL,,LARGE,,,,,,,,,,0.0
GRANULES,,,,,,-2.5,,,,2026-07-22,,,,,,,,,,,,-0.8,,10.7,,,,,,,,,,,,,,,,,,,,,,,,,,,,,,-40.0,92.1,0.0,NEUTRAL,,SMALL,,,,,,,,,,0.0
GRAVITA,,,,,,-0.64,,,,2026-07-22,,,,,,,,,,,,-0.8,,-25.6,,,,,,,,,,,,,,,,,,,,,,,,,,,,,,-40.0,0.0,5.0,NEGATIVE,,MID,,,,,,,,,,-1.0
HSCL,,,,,,-4.08,,,,2026-07-22,,,,,,,,,,,,2.0,,0.0,,,,,,,,,,,,,,,,,,,,,,,,,,,,,,0.0,0.0,3.0,NEUTRAL,,LARGE,,,,,,,,,,0.0
HINDZINC,,,,,,0.19,,,,2026-07-22,,,,,,,,,,,,2.0,,0.0,,,,,,,,,,,,,,,,,,,,,,,,,,,,,,0.0,0.0,10.0,NEUTRAL,,MEGA,,,,,,,,,,0.0
INDHOTEL,,,,,,-0.92,,,,2026-07-22,,,,,,,,,,,,-3.1,,0.0,,,,,,,,,,,,,,,,,,,,,,,,,,,,,,0.0,0.0,3.0,NEUTRAL,,MEGA,,,,,,,,,,0.0
JSL,,,,,,-0.09,,,,2026-07-22,,,,,,,,,,,,2.0,,0.0,,,,,,,,,,,,,,,,,,,,,,,,,,,,,,0.0,0.0,7.0,NEUTRAL,,LARGE,,,,,,,,,,0.0
KPIL,,,,,,-1.62,,,,2026-07-22,,,,,,,,,,,,-0.8,,0.0,,,,,,,,,,,,,,,,,,,,,,,,,,,,,,0.0,0.0,9.0,NEUTRAL,,LARGE,,,,,,,,,,0.0
LODHA,,,,,,-3.17,,,,2026-07-22,,,,,,,,,,,,3.7,,0.0,,,,,,,,,,,,,,,,,,,,,,,,,,,,,,0.0,0.0,7.0,NEUTRAL,,MEGA,,,,,,,,,,0.0
LUPIN,,,,,,-4.29,,,,2026-07-22,,,,,,,,,,,,-0.8,,0.0,,,,,,,,,,,,,,,,,,,,,,,,,,,,,,0.0,-35.5,12.0,NEUTRAL,,MEGA,,,,,,,,,,0.0
MRF,,,,,,-0.79,,,,2026-07-22,,,,,,,,,,,,-3.1,,0.0,,,,,,,,,,,,,,,,,,,,,,,,,,,,,,0.0,0.0,9.0,NEUTRAL,,LARGE,,,,,,,,,,0.0
MANKIND,,,,,,-1.35,,,,2026-07-22,,,,,,,,,,,,-0.8,,0.0,,,,,,,,,,,,,,,,,,,,,,,,,,,,,,0.0,0.0,2.0,NEUTRAL,,MEGA,,,,,,,,,,0.0
MARICO,,,,,,1.07,,,,2026-07-22,,,,,,,,,,,,-2.7,,0.0,,,,,,,,,,,,,,,,,,,,,,,,,,,,,,0.0,0.0,5.0,NEUTRAL,,MEGA,,,,,,,,,,0.0
MAXHEALTH,,,,,,-1.76,,,,2026-07-22,,,,,,,,,,,,-0.8,,0.0,,,,,,,,,,,,,,,,,,,,,,,,,,,,,,0.0,0.0,2.0,NEUTRAL,,MEGA,,,,,,,,,,0.0
MSUMI,,,,,,0.15,,,,2026-07-22,,,,,,,,,,,,-3.1,,0.0,,,,,,,,,,,,,,,,,,,,,,,,,,,,,,0.0,0.0,6.0,NEUTRAL,,LARGE,,,,,,,,,,0.0
MPHASIS,,,,,,-4.47,,,,2026-07-22,,,,,,,,,,,,4.4,,0.0,,,,,,,,,,,,,,,,,,,,,,,,,,,,,,0.0,0.0,7.0,NEUTRAL,,LARGE,,,,,,,,,,0.0
MCX,,,,,,0.1,,,,2026-07-22,,,,,,,,,,,,-2.4,,0.0,,,,,,,,,,,,,,,,,,,,,,,,,,,,,,0.0,0.0,5.0,NEUTRAL,,LARGE,,,,,,,,,,0.0
NMDC,,,,,,-0.7,,,,2026-07-22,,,,,,,,,,,,2.0,,0.0,,,,,,,,,,,,,,,,,,,,,,,,,,,,,,0.0,0.0,15.0,NEUTRAL,,LARGE,,,,,,,,,,0.0
NATIONALUM,,,,,,-0.15,,,,2026-07-22,,,,,,,,,,,,2.0,,0.0,,,,,,,,,,,,,,,,,,,,,,,,,,,,,,0.0,0.0,13.0,NEUTRAL,,LARGE,,,,,,,,,,0.0
NAVINFLUOR,,,,,,-1.18,,,,2026-07-22,,,,,,,,,,,,2.0,,0.0,,,,,,,,,,,,,,,,,,,,,,,,,,,,,,0.0,0.0,5.0,NEUTRAL,,LARGE,,,,,,,,,,0.0
NETWEB,,,,,,0.74,,,,2026-07-22,,,,,,,,,,,,4.4,,0.0,,,,,,,,,,,,,,,,,,,,,,,,,,,,,,0.0,0.0,5.0,NEUTRAL,,LARGE,,,,,,,,,,0.0
OBEROIRLTY,,,,,,-1.77,,,,2026-07-22,,,,,,,,,,,,3.7,,0.0,,,,,,,,,,,,,,,,,,,,,,,,,,,,,,0.0,0.0,5.0,NEUTRAL,,LARGE,,,,,,,,,,0.0
ONGC,,,,,,0.8,,,,2026-07-22,,,,,,,,,,,,3.5,,0.0,,,,,,,,,,,,,,,,,,,,,,,,,,,,,,0.0,91.8,15.0,NEUTRAL,,MEGA,,,,,,,,,,0.0
OFSS,,,,,,-6.71,,,,2026-07-22,,,,,,,,,,,,4.4,,0.0,,,,,,,,,,,,,,,,,,,,,,,,,,,,,,0.0,0.0,8.0,NEUTRAL,,LARGE,,,,,,,,,,0.0
PAGEIND,,,,,,-0.69,,,,2026-07-22,,,,,,,,,,,,-3.1,,0.0,,,,,,,,,,,,,,,,,,,,,,,,,,,,,,0.0,0.0,3.0,NEUTRAL,,LARGE,,,,,,,,,,0.0
PATANJALI,,,,,,-1.2,,,,2026-07-22,,,,,,,,,,,,-2.7,,0.0,,,,,,,,,,,,,,,,,,,,,,,,,,,,,,0.0,0.0,7.0,NEUTRAL,,LARGE,,,,,,,,,,0.0
RRKABEL,,,,,,3.71,,,,2026-07-22,,,,,,,,,,,,-0.8,,0.0,,,,,,,,,,,,,,,,,,,,,,,,,,,,,,0.0,0.0,5.0,NEUTRAL,,LARGE,,,,,,,,,,0.0
SARDAEN,,,,,,-1.81,,,,2026-07-22,,,,,,,,,,,,2.0,,1.3,,,,,,,,,,,,,,,,,,,,,,,,,,,,,,0.0,0.0,9.0,NEUTRAL,,MID,,,,,,,,,,0.0
SOLARINDS,,,,,,-0.99,,,,2026-07-22,,,,,,,,,,,,2.0,,0.0,,,,,,,,,,,,,,,,,,,,,,,,,,,,,,0.0,0.0,5.0,NEUTRAL,,MEGA,,,,,,,,,,0.0
TBOTEK,,,,,,0.27,,,,2026-07-22,,,,,,,,,,,,-3.1,,-0.6,,,,,,,,,,,,,,,,,,,,,,,,,,,,,,0.0,0.0,-1.0,NEUTRAL,,MID,,,,,,,,,,0.0
TCS,,,,,,-0.58,,,,2026-07-22,,,,,,,,,,,,4.4,,0.0,,,,,,,,,,,,,,,,,,,,,,,,,,,,,,0.0,0.0,8.0,NEUTRAL,,MEGA,,,,,,,,,,0.0
TRENT,,,,,,-0.26,,,,2026-07-22,,,,,,,,,,,,-3.1,,0.0,,,,,,,,,,,,,,,,,,,,,,,,,,,,,,0.0,0.0,5.0,NEUTRAL,,MEGA,,,,,,,,,,0.0
UNOMINDA,,,,,,-1.44,,,,2026-07-22,,,,,,,,,,,,-3.1,,0.0,,,,,,,,,,,,,,,,,,,,,,,,,,,,,,0.0,0.0,2.0,NEUTRAL,,LARGE,,,,,,,,,,0.0
VIJAYA,,,,,,-1.37,,,,2026-07-22,,,,,,,,,,,,-0.8,,0.1,,,,,,,,,,,,,,,,,,,,,,,,,,,,,,0.0,0.0,2.0,NEUTRAL,,MID,,,,,,,,,,0.0
ZFCVINDIA,,,,,,-1.31,,,,2026-07-22,,,,,,,,,,,,-3.1,,0.0,,,,,,,,,,,,,,,,,,,,,,,,,,,,,,0.0,0.0,0.0,NEUTRAL,,LARGE,,,,,,,,,,0.0
ZYDUSLIFE,,,,,,-1.47,,,,2026-07-22,,,,,,,,,,,,-0.8,,0.0,,,,,,,,,,,,,,,,,,,,,,,,,,,,,,0.0,0.0,9.0,NEUTRAL,,MEGA,,,,,,,,,,0.0
ECLERX,,,,,,1.19,,,,2026-07-22,,,,,,,,,,,,4.4,,1.4,,,,,,,,,,,,,,,,,,,,,,,,,,,,,,0.0,0.0,6.0,NEUTRAL,,MID,,,,,,,,,,0.0
AIAENG,,,,,,-0.96,,,,2026-07-23,,,,,,,,,,,,-2.2,,0.0,,,,,,,,,,,,,,,,,,,,,,,,,,,,,,0.0,0.0,3.0,NEUTRAL,,LARGE,,,,,,,,,,0.0
AFFLE,,,,,,-2.54,,,,2026-07-23,,,,,,,,,,,,-1.1,,0.0,,,,,,,,,,,,,,,,,,,,,,,,,,,,,,0.0,0.0,2.0,NEUTRAL,,LARGE,,,,,,,,,,0.0
APARINDS,,,,,,-1.52,,,,2026-07-23,,,,,,,,,,,,-2.2,,0.0,,,,,,,,,,,,,,,,,,,,,,,,,,,,,,0.0,0.0,2.0,NEUTRAL,,LARGE,,,,,,,,,,0.0
ASIANPAINT,,,,,,-0.89,,,,2026-07-23,,,,,,,,,,,,1.7,,0.0,,,,,,,,,,,,,,,,,,,,,,,,,,,,,,0.0,0.0,3.0,NEUTRAL,,MEGA,,,,,,,,,,0.0
BLS,,,,,,-0.13,,,,2026-07-23,,,,,,,,,,,,-2.2,,1.1,,,,,,,,,,,,,,,,,,,,,,,,,,,,,,0.0,0.0,13.0,NEUTRAL,,MID,,,,,,,,,,0.0
BSE,,,,,,-1.46,,,,2026-07-23,,,,,,,,,,,,-3.7,,0.0,,,,,,,,,,,,,,,,,,,,,,,,,,,,,,0.0,-40.4,3.0,NEUTRAL,,MEGA,,,,,,,,,,0.0
BEL,,,,,,-0.34,,,,2026-07-23,,,,,,,,,,,,-2.2,,0.0,,,,,,,,,,,,,,,,,,,,,,,,,,,,,,0.0,0.0,6.0,NEUTRAL,,MEGA,,,,,,,,,,0.0
BIKAJI,,,,,,-0.86,,,,2026-07-23,,,,,,,,,,,,-3.4,,-0.3,,,,,,,,,,,,,,,,,,,,,,,,,,,,,,0.0,0.0,2.0,NEUTRAL,,MID,,,,,,,,,,0.0
BLUESTARCO,,,,,,-1.61,,,,2026-07-23,,,,,,,,,,,,-2.2,,0.0,,,,,,,,,,,,,,,,,,,,,,,,,,,,,,0.0,0.0,2.0,NEUTRAL,,LARGE,,,,,,,,,,0.0
BRITANNIA,,,,,,-1.78,,,,2026-07-23,,,,,,,,,,,,-3.4,,0.0,,,,,,,,,,,,,,,,,,,,,,,,,,,,,,0.0,0.0,3.0,NEUTRAL,,MEGA,,,,,,,,,,0.0
CAPLIPOINT,,,,,,0.24,,,,2026-07-23,,,,,,,,,,,,-0.7,,0.4,,,,,,,,,,,,,,,,,,,,,,,,,,,,,,0.0,0.0,5.0,NEUTRAL,,MID,,,,,,,,,,0.0
CEMPRO,,,,,,-5.0,,,,2026-07-23,,,,,,,,,,,,-2.2,,0.0,,,,,,,,,,,,,,,,,,,,,,,,,,,,,,0.0,0.0,8.0,NEUTRAL,,LARGE,,,,,,,,,,0.0
DOMS,,,,,,-1.62,,,,2026-07-23,,,,,,,,,,,,-2.2,,0.2,,,,,,,,,,,,,,,,,,,,,,,,,,,,,,0.0,0.0,5.0,NEUTRAL,,MID,,,,,,,,,,0.0
DIXON,,,,,,-0.38,,,,2026-07-23,,,,,,,,,,,,3.2,,0.0,,,,,,,,,,,,,,,,,,,,,,,,,,,,,,0.0,0.0,5.0,NEUTRAL,,LARGE,,,,,,,,,,0.0
ELGIEQUIP,,,,,,0.49,,,,2026-07-23,,,,,,,,,,,,-2.2,,0.5,,,,,,,,,,,,,,,,,,,,,,,,,,,,,,0.0,0.0,8.0,NEUTRAL,,MID,,,,,,,,,,0.0
ENDURANCE,,,,,,-0.65,,,,2026-07-23,,,,,,,,,,,,-2.6,,0.0,,,,,,,,,,,,,,,,,,,,,,,,,,,,,,0.0,0.0,5.0,NEUTRAL,,LARGE,,,,,,,,,,0.0
GABRIEL,,,,,,-3.29,,,,2026-07-23,,,,,,,,,,,,-2.6,,0.0,,,,,,,,,,,,,,,,,,,,,,,,,,,,,,0.0,-20.7,0.0,NEUTRAL,,LARGE,,,,,,,,,,0.0
MEDANTA,,,,,,1.83,,,,2026-07-23,,,,,,,,,,,,-0.7,,0.0,,,,,,,,,,,,,,,,,,,,,,,,,,,,,,0.0,0.0,2.0,NEUTRAL,,LARGE,,,,,,,,,,0.0
GRANULES,,,,,,-0.15,,,,2026-07-23,,,,,,,,,,,,-0.7,,0.0,,,,,,,,,,,,,,,,,,,,,,,,,,,,,,0.0,0.0,5.0,NEUTRAL,,LARGE,,,,,,,,,,0.0
GRAVITA,,,,,,-2.08,,,,2026-07-23,,,,,,,,,,,,-2.2,,0.2,,,,,,,,,,,,,,,,,,,,,,,,,,,,,,0.0,0.0,5.0,NEUTRAL,,MID,,,,,,,,,,0.0
HSCL,,,,,,1.22,,,,2026-07-23,,,,,,,,,,,,1.7,,0.0,,,,,,,,,,,,,,,,,,,,,,,,,,,,,,0.0,0.0,3.0,NEUTRAL,,LARGE,,,,,,,,,,0.0
HINDZINC,,,,,,-0.79,,,,2026-07-23,,,,,,,,,,,,1.7,,0.0,,,,,,,,,,,,,,,,,,,,,,,,,,,,,,0.0,0.0,10.0,NEUTRAL,,MEGA,,,,,,,,,,0.0
INDHOTEL,,,,,,-0.11,,,,2026-07-23,,,,,,,,,,,,-2.6,,0.0,,,,,,,,,,,,,,,,,,,,,,,,,,,,,,0.0,0.0,3.0,NEUTRAL,,MEGA,,,,,,,,,,0.0
JSL,,,,,,-0.35,,,,2026-07-23,,,,,,,,,,,,1.7,,0.0,,,,,,,,,,,,,,,,,,,,,,,,,,,,,,0.0,0.0,7.0,NEUTRAL,,LARGE,,,,,,,,,,0.0
KPIL,,,,,,-1.67,,,,2026-07-23,,,,,,,,,,,,-2.2,,0.0,,,,,,,,,,,,,,,,,,,,,,,,,,,,,,0.0,0.0,9.0,NEUTRAL,,LARGE,,,,,,,,,,0.0
LODHA,,,,,,-1.26,,,,2026-07-23,,,,,,,,,,,,1.5,,0.0,,,,,,,,,,,,,,,,,,,,,,,,,,,,,,0.0,0.0,7.0,NEUTRAL,,MEGA,,,,,,,,,,0.0
LUPIN,,,,,,-0.44,,,,2026-07-23,,,,,,,,,,,,-0.7,,0.0,,,,,,,,,,,,,,,,,,,,,,,,,,,,,,0.0,0.0,12.0,NEUTRAL,,MEGA,,,,,,,,,,0.0
MRF,,,,,,-0.69,,,,2026-07-23,,,,,,,,,,,,-2.6,,0.0,,,,,,,,,,,,,,,,,,,,,,,,,,,,,,0.0,0.0,9.0,NEUTRAL,,LARGE,,,,,,,,,,0.0
MANKIND,,,,,,0.5,,,,2026-07-23,,,,,,,,,,,,-0.7,,0.0,,,,,,,,,,,,,,,,,,,,,,,,,,,,,,0.0,0.0,2.0,NEUTRAL,,MEGA,,,,,,,,,,0.0
MARICO,,,,,,-1.1,,,,2026-07-23,,,,,,,,,,,,-3.4,,0.0,,,,,,,,,,,,,,,,,,,,,,,,,,,,,,0.0,0.0,5.0,NEUTRAL,,MEGA,,,,,,,,,,0.0
MAXHEALTH,,,,,,0.3,,,,2026-07-23,,,,,,,,,,,,-0.7,,0.0,,,,,,,,,,,,,,,,,,,,,,,,,,,,,,0.0,0.0,2.0,NEUTRAL,,MEGA,,,,,,,,,,0.0
MSUMI,,,,,,-0.65,,,,2026-07-23,,,,,,,,,,,,-2.6,,0.0,,,,,,,,,,,,,,,,,,,,,,,,,,,,,,0.0,0.0,6.0,NEUTRAL,,LARGE,,,,,,,,,,0.0
MPHASIS,,,,,,-1.82,,,,2026-07-23,,,,,,,,,,,,3.2,,0.0,,,,,,,,,,,,,,,,,,,,,,,,,,,,,,0.0,0.0,7.0,NEUTRAL,,LARGE,,,,,,,,,,0.0
MCX,,,,,,-1.83,,,,2026-07-23,,,,,,,,,,,,-3.7,,0.0,,,,,,,,,,,,,,,,,,,,,,,,,,,,,,0.0,0.0,5.0,NEUTRAL,,LARGE,,,,,,,,,,0.0
NMDC,,,,,,-0.84,,,,2026-07-23,,,,,,,,,,,,1.7,,0.0,,,,,,,,,,,,,,,,,,,,,,,,,,,,,,0.0,0.0,15.0,NEUTRAL,,LARGE,,,,,,,,,,0.0
NATIONALUM,,,,,,1.05,,,,2026-07-23,,,,,,,,,,,,1.7,,0.0,,,,,,,,,,,,,,,,,,,,,,,,,,,,,,0.0,0.0,13.0,NEUTRAL,,LARGE,,,,,,,,,,0.0
NAVINFLUOR,,,,,,-1.48,,,,2026-07-23,,,,,,,,,,,,1.7,,0.0,,,,,,,,,,,,,,,,,,,,,,,,,,,,,,0.0,0.0,5.0,NEUTRAL,,LARGE,,,,,,,,,,0.0
NETWEB,,,,,,-1.05,,,,2026-07-23,,,,,,,,,,,,3.2,,0.0,,,,,,,,,,,,,,,,,,,,,,,,,,,,,,0.0,0.0,5.0,NEUTRAL,,LARGE,,,,,,,,,,0.0
OBEROIRLTY,,,,,,-1.8,,,,2026-07-23,,,,,,,,,,,,1.5,,0.0,,,,,,,,,,,,,,,,,,,,,,,,,,,,,,0.0,0.0,5.0,NEUTRAL,,LARGE,,,,,,,,,,0.0
ONGC,,,,,,0.19,,,,2026-07-23,,,,,,,,,,,,3.6,,0.0,,,,,,,,,,,,,,,,,,,,,,,,,,,,,,0.0,12.4,15.0,NEUTRAL,,MEGA,,,,,,,,,,0.0
OFSS,,,,,,-0.07,,,,2026-07-23,,,,,,,,,,,,3.2,,0.0,,,,,,,,,,,,,,,,,,,,,,,,,,,,,,0.0,0.0,3.0,NEUTRAL,,LARGE,,,,,,,,,,0.0
PAGEIND,,,,,,1.13,,,,2026-07-23,,,,,,,,,,,,-2.6,,0.0,,,,,,,,,,,,,,,,,,,,,,,,,,,,,,0.0,0.0,3.0,NEUTRAL,,LARGE,,,,,,,,,,0.0
PATANJALI,,,,,,0.45,,,,2026-07-23,,,,,,,,,,,,-3.4,,0.0,,,,,,,,,,,,,,,,,,,,,,,,,,,,,,0.0,0.0,7.0,NEUTRAL,,LARGE,,,,,,,,,,0.0
RRKABEL,,,,,,-2.22,,,,2026-07-23,,,,,,,,,,,,-2.2,,0.0,,,,,,,,,,,,,,,,,,,,,,,,,,,,,,0.0,0.0,5.0,NEUTRAL,,LARGE,,,,,,,,,,0.0
SARDAEN,,,,,,0.61,,,,2026-07-23,,,,,,,,,,,,1.7,,1.3,,,,,,,,,,,,,,,,,,,,,,,,,,,,,,0.0,0.0,9.0,NEUTRAL,,MID,,,,,,,,,,0.0
SOLARINDS,,,,,,-1.25,,,,2026-07-23,,,,,,,,,,,,1.7,,0.0,,,,,,,,,,,,,,,,,,,,,,,,,,,,,,0.0,0.0,5.0,NEUTRAL,,MEGA,,,,,,,,,,0.0
TBOTEK,,,,,,-2.25,,,,2026-07-23,,,,,,,,,,,,-2.6,,-0.5,,,,,,,,,,,,,,,,,,,,,,,,,,,,,,0.0,0.0,-1.0,NEUTRAL,,MID,,,,,,,,,,0.0
TCS,,,,,,1.57,,,,2026-07-23,,,,,,,,,,,,3.2,,0.0,,,,,,,,,,,,,,,,,,,,,,,,,,,,,,0.0,0.0,8.0,NEUTRAL,,MEGA,,,,,,,,,,0.0
TRENT,,,,,,-0.43,,,,2026-07-23,,,,,,,,,,,,-2.6,,0.0,,,,,,,,,,,,,,,,,,,,,,,,,,,,,,0.0,0.0,5.0,NEUTRAL,,MEGA,,,,,,,,,,0.0
UNOMINDA,,,,,,-0.09,,,,2026-07-23,,,,,,,,,,,,-2.6,,0.0,,,,,,,,,,,,,,,,,,,,,,,,,,,,,,0.0,0.0,2.0,NEUTRAL,,LARGE,,,,,,,,,,0.0
VIJAYA,,,,,,0.43,,,,2026-07-23,,,,,,,,,,,,-0.7,,0.1,,,,,,,,,,,,,,,,,,,,,,,,,,,,,,0.0,0.0,2.0,NEUTRAL,,MID,,,,,,,,,,0.0
ZFCVINDIA,,,,,,-0.06,,,,2026-07-23,,,,,,,,,,,,-2.6,,0.0,,,,,,,,,,,,,,,,,,,,,,,,,,,,,,0.0,0.0,0.0,NEUTRAL,,LARGE,,,,,,,,,,0.0
ZYDUSLIFE,,,,,,-1.11,,,,2026-07-23,,,,,,,,,,,,-0.7,,0.0,,,,,,,,,,,,,,,,,,,,,,,,,,,,,,0.0,0.0,9.0,NEUTRAL,,MEGA,,,,,,,,,,0.0
ECLERX,,,,,,-2.95,,,,2026-07-23,,,,,,,,,,,,3.2,,1.2,,,,,,,,,,,,,,,,,,,,,,,,,,,,,,0.0,0.0,6.0,NEUTRAL,,MID,,,,,,,,,,0.0
AIAENG,,,,,,0.02,,,,2026-07-24,,,,,,,,,,,,-1.7,,0.0,,,,,,,,,,,,,,,,,,,,,,,,,,,,,,0.0,0.0,5.0,NEUTRAL,,LARGE,,,,,,,,,,0.0
AFFLE,,,,,,-1.07,,,,2026-07-24,,,,,,,,,,,,-2.1,,0.0,,,,,,,,,,,,,,,,,,,,,,,,,,,,,,0.0,0.0,2.0,NEUTRAL,,LARGE,,,,,,,,,,0.0
APARINDS,,,,,,3.47,,,,2026-07-24,,,,,,,,,,,,-1.7,,0.0,,,,,,,,,,,,,,,,,,,,,,,,,,,,,,0.0,0.0,2.0,NEUTRAL,,LARGE,,,,,,,,,,0.0
ASIANPAINT,,,,,,-1.16,,,,2026-07-24,,,,,,,,,,,,1.1,,0.0,,,,,,,,,,,,,,,,,,,,,,,,,,,,,,0.0,0.0,3.0,NEUTRAL,,MEGA,,,,,,,,,,0.0
BLS,,,,,,1.43,,,,2026-07-24,,,,,,,,,,,,-1.7,,1.2,,,,,,,,,,,,,,,,,,,,,,,,,,,,,,0.0,0.0,13.0,NEUTRAL,,MID,,,,,,,,,,0.0
BSE,,,,,,-0.82,,,,2026-07-24,,,,,,,,,,,,-4.2,,0.0,,,,,,,,,,,,,,,,,,,,,,,,,,,,,,0.0,-2.7,3.0,NEUTRAL,,MEGA,,,,,,,,,,0.0
BEL,,,,,,-0.09,,,,2026-07-24,,,,,,,,,,,,-1.7,,0.0,,,,,,,,,,,,,,,,,,,,,,,,,,,,,,0.0,0.0,6.0,NEUTRAL,,MEGA,,,,,,,,,,0.0
BIKAJI,,,,,,-0.02,,,,2026-07-24,,,,,,,,,,,,-3.0,,-0.3,,,,,,,,,,,,,,,,,,,,,,,,,,,,,,0.0,0.0,2.0,NEUTRAL,,MID,,,,,,,,,,0.0
BLUESTARCO,,,,,,0.2,,,,2026-07-24,,,,,,,,,,,,-1.7,,0.0,,,,,,,,,,,,,,,,,,,,,,,,,,,,,,0.0,0.0,2.0,NEUTRAL,,LARGE,,,,,,,,,,0.0
BRITANNIA,,,,,,-0.16,,,,2026-07-24,,,,,,,,,,,,-3.0,,0.0,,,,,,,,,,,,,,,,,,,,,,,,,,,,,,0.0,0.0,3.0,NEUTRAL,,MEGA,,,,,,,,,,0.0
CAPLIPOINT,,,,,,-0.78,,,,2026-07-24,,,,,,,,,,,,-1.8,,0.3,,,,,,,,,,,,,,,,,,,,,,,,,,,,,,0.0,0.0,5.0,NEUTRAL,,MID,,,,,,,,,,0.0
CEMPRO,,,,,,-5.0,,,,2026-07-24,,,,,,,,,,,,-1.7,,0.0,,,,,,,,,,,,,,,,,,,,,,,,,,,,,,0.0,0.0,8.0,NEUTRAL,,LARGE,,,,,,,,,,0.0
DOMS,,,,,,-0.41,,,,2026-07-24,,,,,,,,,,,,-1.7,,0.3,,,,,,,,,,,,,,,,,,,,,,,,,,,,,,0.0,0.0,5.0,NEUTRAL,,MID,,,,,,,,,,0.0
DIXON,,,,,,0.12,,,,2026-07-24,,,,,,,,,,,,2.5,,0.0,,,,,,,,,,,,,,,,,,,,,,,,,,,,,,0.0,0.0,5.0,NEUTRAL,,LARGE,,,,,,,,,,0.0
ELGIEQUIP,,,,,,-1.49,,,,2026-07-24,,,,,,,,,,,,-1.7,,0.6,,,,,,,,,,,,,,,,,,,,,,,,,,,,,,0.0,0.0,8.0,NEUTRAL,,MID,,,,,,,,,,0.0
ENDURANCE,,,,,,-3.17,,,,2026-07-24,,,,,,,,,,,,-1.3,,0.0,,,,,,,,,,,,,,,,,,,,,,,,,,,,,,0.0,0.0,5.0,NEUTRAL,,LARGE,,,,,,,,,,0.0
GABRIEL,,,,,,-1.03,,,,2026-07-24,,,,,,,,,,,,-1.3,,0.0,,,,,,,,,,,,,,,,,,,,,,,,,,,,,,0.0,0.0,0.0,NEUTRAL,,LARGE,,,,,,,,,,0.0
MEDANTA,,,,,,-0.52,,,,2026-07-24,,,,,,,,,,,,-1.8,,0.0,,,,,,,,,,,,,,,,,,,,,,,,,,,,,,0.0,0.0,2.0,NEUTRAL,,LARGE,,,,,,,,,,0.0
GRANULES,,,,,,-2.23,,,,2026-07-24,,,,,,,,,,,,-1.8,,0.0,,,,,,,,,,,,,,,,,,,,,,,,,,,,,,0.0,0.0,5.0,NEUTRAL,,LARGE,,,,,,,,,,0.0
GRAVITA,,,,,,1.14,,,,2026-07-24,,,,,,,,,,,,-1.7,,-25.7,,,,,,,,,,,,,,,,,,,,,,,,,,,,,,-40.0,0.0,5.0,NEGATIVE,,MID,,,,,,,,,,-1.0
HSCL,,,,,,1.53,,,,2026-07-24,,,,,,,,,,,,1.1,,0.0,,,,,,,,,,,,,,,,,,,,,,,,,,,,,,0.0,0.0,3.0,NEUTRAL,,LARGE,,,,,,,,,,0.0
HINDZINC,,,,,,0.15,,,,2026-07-24,,,,,,,,,,,,1.1,,0.0,,,,,,,,,,,,,,,,,,,,,,,,,,,,,,0.0,0.0,10.0,NEUTRAL,,MEGA,,,,,,,,,,0.0
INDHOTEL,,,,,,0.47,,,,2026-07-24,,,,,,,,,,,,-1.3,,0.0,,,,,,,,,,,,,,,,,,,,,,,,,,,,,,0.0,0.0,3.0,NEUTRAL,,MEGA,,,,,,,,,,0.0
JSL,,,,,,-2.94,,,,2026-07-24,,,,,,,,,,,,1.1,,0.0,,,,,,,,,,,,,,,,,,,,,,,,,,,,,,0.0,0.0,7.0,NEUTRAL,,LARGE,,,,,,,,,,0.0
KPIL,,,,,,0.15,,,,2026-07-24,,,,,,,,,,,,-1.7,,0.0,,,,,,,,,,,,,,,,,,,,,,,,,,,,,,0.0,0.0,9.0,NEUTRAL,,LARGE,,,,,,,,,,0.0
LODHA,,,,,,-0.2,,,,2026-07-24,,,,,,,,,,,,0.8,,0.0,,,,,,,,,,,,,,,,,,,,,,,,,,,,,,0.0,7.9,7.0,NEUTRAL,,MEGA,,,,,,,,,,0.0
LUPIN,,,,,,-1.08,,,,2026-07-24,,,,,,,,,,,,-1.8,,0.0,,,,,,,,,,,,,,,,,,,,,,,,,,,,,,0.0,0.0,12.0,NEUTRAL,,MEGA,,,,,,,,,,0.0
MRF,,,,,,-0.97,,,,2026-07-24,,,,,,,,,,,,-1.3,,0.0,,,,,,,,,,,,,,,,,,,,,,,,,,,,,,0.0,0.0,9.0,NEUTRAL,,LARGE,,,,,,,,,,0.0
MANKIND,,,,,,-1.96,,,,2026-07-24,,,,,,,,,,,,-1.8,,0.0,,,,,,,,,,,,,,,,,,,,,,,,,,,,,,0.0,0.0,2.0,NEUTRAL,,MEGA,,,,,,,,,,0.0
MARICO,,,,,,0.28,,,,2026-07-24,,,,,,,,,,,,-3.0,,0.0,,,,,,,,,,,,,,,,,,,,,,,,,,,,,,0.0,0.0,5.0,NEUTRAL,,MEGA,,,,,,,,,,0.0
MAXHEALTH,,,,,,-0.35,,,,2026-07-24,,,,,,,,,,,,-1.8,,0.0,,,,,,,,,,,,,,,,,,,,,,,,,,,,,,0.0,0.0,2.0,NEUTRAL,,MEGA,,,,,,,,,,0.0
MSUMI,,,,,,0.45,,,,2026-07-24,,,,,,,,,,,,-1.3,,0.0,,,,,,,,,,,,,,,,,,,,,,,,,,,,,,0.0,0.0,6.0,NEUTRAL,,LARGE,,,,,,,,,,0.0
MPHASIS,,,,,,2.5,,,,2026-07-24,,,,,,,,,,,,2.5,,0.0,,,,,,,,,,,,,,,,,,,,,,,,,,,,,,0.0,93.0,7.0,NEUTRAL,,LARGE,,,,,,,,,,0.0
MCX,,,,,,-0.82,,,,2026-07-24,,,,,,,,,,,,-4.2,,0.0,,,,,,,,,,,,,,,,,,,,,,,,,,,,,,0.0,0.0,5.0,NEUTRAL,,LARGE,,,,,,,,,,0.0
NMDC,,,,,,1.11,,,,2026-07-24,,,,,,,,,,,,1.1,,0.0,,,,,,,,,,,,,,,,,,,,,,,,,,,,,,0.0,0.0,15.0,NEUTRAL,,LARGE,,,,,,,,,,0.0
NATIONALUM,,,,,,-0.61,,,,2026-07-24,,,,,,,,,,,,1.1,,0.0,,,,,,,,,,,,,,,,,,,,,,,,,,,,,,0.0,0.0,13.0,NEUTRAL,,LARGE,,,,,,,,,,0.0
NAVINFLUOR,,,,,,-2.0,,,,2026-07-24,,,,,,,,,,,,1.1,,0.0,,,,,,,,,,,,,,,,,,,,,,,,,,,,,,0.0,0.0,5.0,NEUTRAL,,LARGE,,,,,,,,,,0.0
NETWEB,,,,,,-2.07,,,,2026-07-24,,,,,,,,,,,,2.5,,0.0,,,,,,,,,,,,,,,,,,,,,,,,,,,,,,0.0,0.0,5.0,NEUTRAL,,LARGE,,,,,,,,,,0.0
OBEROIRLTY,,,,,,0.17,,,,2026-07-24,,,,,,,,,,,,0.8,,0.0,,,,,,,,,,,,,,,,,,,,,,,,,,,,,,0.0,0.0,5.0,NEUTRAL,,LARGE,,,,,,,,,,0.0
ONGC,,,,,,-1.43,,,,2026-07-24,,,,,,,,,,,,2.0,,0.0,,,,,,,,,,,,,,,,,,,,,,,,,,,,,,0.0,0.2,15.0,NEUTRAL,,MEGA,,,,,,,,,,0.0
OFSS,,,,,,-1.76,,,,2026-07-24,,,,,,,,,,,,2.5,,0.0,,,,,,,,,,,,,,,,,,,,,,,,,,,,,,0.0,0.0,3.0,NEUTRAL,,LARGE,,,,,,,,,,0.0
PAGEIND,,,,,,0.01,,,,2026-07-24,,,,,,,,,,,,-1.3,,0.0,,,,,,,,,,,,,,,,,,,,,,,,,,,,,,0.0,0.0,3.0,NEUTRAL,,LARGE,,,,,,,,,,0.0
PATANJALI,,,,,,0.98,,,,2026-07-24,,,,,,,,,,,,-3.0,,0.0,,,,,,,,,,,,,,,,,,,,,,,,,,,,,,0.0,0.0,7.0,NEUTRAL,,LARGE,,,,,,,,,,0.0
RRKABEL,,,,,,4.85,,,,2026-07-24,,,,,,,,,,,,-1.7,,0.0,,,,,,,,,,,,,,,,,,,,,,,,,,,,,,0.0,0.0,5.0,NEUTRAL,,LARGE,,,,,,,,,,0.0
SARDAEN,,,,,,-0.04,,,,2026-07-24,,,,,,,,,,,,1.1,,1.2,,,,,,,,,,,,,,,,,,,,,,,,,,,,,,0.0,0.0,9.0,NEUTRAL,,MID,,,,,,,,,,0.0
SOLARINDS,,,,,,-0.68,,,,2026-07-24,,,,,,,,,,,,1.1,,0.0,,,,,,,,,,,,,,,,,,,,,,,,,,,,,,0.0,0.0,5.0,NEUTRAL,,MEGA,,,,,,,,,,0.0
TBOTEK,,,,,,-0.49,,,,2026-07-24,,,,,,,,,,,,-1.3,,-0.3,,,,,,,,,,,,,,,,,,,,,,,,,,,,,,0.0,0.0,-1.0,NEUTRAL,,MID,,,,,,,,,,0.0
TCS,,,,,,0.51,,,,2026-07-24,,,,,,,,,,,,2.5,,0.0,,,,,,,,,,,,,,,,,,,,,,,,,,,,,,0.0,-1.0,8.0,NEUTRAL,,MEGA,,,,,,,,,,0.0
TRENT,,,,,,0.55,,,,2026-07-24,,,,,,,,,,,,-1.3,,0.0,,,,,,,,,,,,,,,,,,,,,,,,,,,,,,0.0,0.0,5.0,NEUTRAL,,MEGA,,,,,,,,,,0.0
UNOMINDA,,,,,,-0.26,,,,2026-07-24,,,,,,,,,,,,-1.3,,0.0,,,,,,,,,,,,,,,,,,,,,,,,,,,,,,0.0,0.0,2.0,NEUTRAL,,LARGE,,,,,,,,,,0.0
VIJAYA,,,,,,-0.37,,,,2026-07-24,,,,,,,,,,,,-1.8,,-0.1,,,,,,,,,,,,,,,,,,,,,,,,,,,,,,0.0,0.0,2.0,NEUTRAL,,MID,,,,,,,,,,0.0
ZFCVINDIA,,,,,,-1.91,,,,2026-07-24,,,,,,,,,,,,-1.3,,0.0,,,,,,,,,,,,,,,,,,,,,,,,,,,,,,0.0,0.0,0.0,NEUTRAL,,LARGE,,,,,,,,,,0.0
ZYDUSLIFE,,,,,,-0.46,,,,2026-07-24,,,,,,,,,,,,-1.8,,0.0,,,,,,,,,,,,,,,,,,,,,,,,,,,,,,0.0,0.0,9.0,NEUTRAL,,MEGA,,,,,,,,,,0.0
ECLERX,,,,,,-1.48,,,,2026-07-24,,,,,,,,,,,,2.5,,1.1,,,,,,,,,,,,,,,,,,,,,,,,,,,,,,0.0,0.0,6.0,NEUTRAL,,MID,,,,,,,,,,0.0
AIAENG,,,,,,1.12,,,,2026-07-27,,,,,,,,,,,,-1.2,,0.0,,,,,,,,,,,,,,,,,,,,,,,,,,,,,,0.0,0.0,5.0,NEUTRAL,,LARGE,,,,,,,,,,0.0
AFFLE,,,,,,3.29,,,,2026-07-27,,,,,,,,,,,,1.0,,0.0,,,,,,,,,,,,,,,,,,,,,,,,,,,,,,0.0,0.0,2.0,NEUTRAL,,LARGE,,,,,,,,,,0.0
APARINDS,,,,,,1.17,,,,2026-07-27,,,,,,,,,,,,-1.2,,0.0,,,,,,,,,,,,,,,,,,,,,,,,,,,,,,0.0,0.0,3.0,NEUTRAL,,LARGE,,,,,,,,,,0.0
ASIANPAINT,,,,,,2.74,,,,2026-07-27,,,,,,,,,,,,1.8,,0.0,,,,,,,,,,,,,,,,,,,,,,,,,,,,,,0.0,0.0,3.0,NEUTRAL,,MEGA,,,,,,,,,,0.0
BLS,,,,,,1.67,,,,2026-07-27,,,,,,,,,,,,-1.2,,1.2,,,,,,,,,,,,,,,,,,,,,,,,,,,,,,0.0,0.0,13.0,NEUTRAL,,MID,,,,,,,,,,0.0
BSE,,,,,,-0.36,,,,2026-07-27,,,,,,,,,,,,-3.6,,0.0,,,,,,,,,,,,,,,,,,,,,,,,,,,,,,0.0,-8.9,3.0,NEUTRAL,,MEGA,,,,,,,,,,0.0
BEL,,,,,,0.53,,,,2026-07-27,,,,,,,,,,,,-1.2,,0.0,,,,,,,,,,,,,,,,,,,,,,,,,,,,,,0.0,50.2,6.0,NEUTRAL,,MEGA,,,,,,,,,,0.0
BIKAJI,,,,,,1.67,,,,2026-07-27,,,,,,,,,,,,-1.9,,-0.1,,,,,,,,,,,,,,,,,,,,,,,,,,,,,,0.0,0.0,2.0,NEUTRAL,,MID,,,,,,,,,,0.0
BLUESTARCO,,,,,,0.37,,,,2026-07-27,,,,,,,,,,,,-1.2,,0.0,,,,,,,,,,,,,,,,,,,,,,,,,,,,,,0.0,0.0,2.0,NEUTRAL,,LARGE,,,,,,,,,,0.0
BRITANNIA,,,,,,0.09,,,,2026-07-27,,,,,,,,,,,,-1.9,,0.0,,,,,,,,,,,,,,,,,,,,,,,,,,,,,,0.0,0.6,3.0,NEUTRAL,,MEGA,,,,,,,,,,0.0
CAPLIPOINT,,,,,,6.25,,,,2026-07-27,,,,,,,,,,,,0.4,,-25.4,,,,,,,,,,,,,,,,,,,,,,,,,,,,,,-40.0,0.0,5.0,NEGATIVE,,MID,,,,,,,,,,-1.0
CEMPRO,,,,,,-5.0,,,,2026-07-27,,,,,,,,,,,,-1.2,,0.0,,,,,,,,,,,,,,,,,,,,,,,,,,,,,,0.0,0.0,8.0,NEUTRAL,,LARGE,,,,,,,,,,0.0
DOMS,,,,,,1.91,,,,2026-07-27,,,,,,,,,,,,-1.2,,0.4,,,,,,,,,,,,,,,,,,,,,,,,,,,,,,0.0,0.0,5.0,NEUTRAL,,MID,,,,,,,,,,0.0
DIXON,,,,,,-0.26,,,,2026-07-27,,,,,,,,,,,,3.7,,0.0,,,,,,,,,,,,,,,,,,,,,,,,,,,,,,0.0,0.0,5.0,NEUTRAL,,LARGE,,,,,,,,,,0.0
ELGIEQUIP,,,,,,0.27,,,,2026-07-27,,,,,,,,,,,,-1.2,,0.7,,,,,,,,,,,,,,,,,,,,,,,,,,,,,,0.0,0.0,8.0,NEUTRAL,,MID,,,,,,,,,,0.0
ENDURANCE,,,,,,3.75,,,,2026-07-27,,,,,,,,,,,,1.1,,0.0,,,,,,,,,,,,,,,,,,,,,,,,,,,,,,0.0,0.0,5.0,NEUTRAL,,LARGE,,,,,,,,,,0.0
GABRIEL,,,,,,5.45,,,,2026-07-27,,,,,,,,,,,,1.1,,0.0,,,,,,,,,,,,,,,,,,,,,,,,,,,,,,0.0,0.0,0.0,NEUTRAL,,LARGE,,,,,,,,,,0.0
MEDANTA,,,,,,2.64,,,,2026-07-27,,,,,,,,,,,,0.4,,0.0,,,,,,,,,,,,,,,,,,,,,,,,,,,,,,0.0,0.0,2.0,NEUTRAL,,LARGE,,,,,,,,,,0.0
GRANULES,,,,,,1.11,,,,2026-07-27,,,,,,,,,,,,0.4,,0.0,,,,,,,,,,,,,,,,,,,,,,,,,,,,,,0.0,0.0,5.0,NEUTRAL,,LARGE,,,,,,,,,,0.0
GRAVITA,,,,,,0.74,,,,2026-07-27,,,,,,,,,,,,-1.2,,-25.6,,,,,,,,,,,,,,,,,,,,,,,,,,,,,,-40.0,0.0,5.0,NEGATIVE,,MID,,,,,,,,,,-1.0
HSCL,,,,,,0.11,,,,2026-07-27,,,,,,,,,,,,1.8,,0.0,,,,,,,,,,,,,,,,,,,,,,,,,,,,,,0.0,0.0,3.0,NEUTRAL,,LARGE,,,,,,,,,,0.0
HINDZINC,,,,,,-0.43,,,,2026-07-27,,,,,,,,,,,,1.8,,0.0,,,,,,,,,,,,,,,,,,,,,,,,,,,,,,0.0,0.0,8.0,NEUTRAL,,MEGA,,,,,,,,,,0.0
INDHOTEL,,,,,,0.87,,,,2026-07-27,,,,,,,,,,,,1.1,,0.0,,,,,,,,,,,,,,,,,,,,,,,,,,,,,,0.0,0.0,3.0,NEUTRAL,,MEGA,,,,,,,,,,0.0
JSL,,,,,,1.37,,,,2026-07-27,,,,,,,,,,,,1.8,,0.0,,,,,,,,,,,,,,,,,,,,,,,,,,,,,,0.0,0.0,7.0,NEUTRAL,,LARGE,,,,,,,,,,0.0
KPIL,,,,,,-0.12,,,,2026-07-27,,,,,,,,,,,,-1.2,,0.0,,,,,,,,,,,,,,,,,,,,,,,,,,,,,,0.0,0.0,9.0,NEUTRAL,,LARGE,,,,,,,,,,0.0
LODHA,,,,,,4.77,,,,2026-07-27,,,,,,,,,,,,2.9,,0.0,,,,,,,,,,,,,,,,,,,,,,,,,,,,,,0.0,0.0,3.0,NEUTRAL,,MEGA,,,,,,,,,,0.0
LUPIN,,,,,,1.67,,,,2026-07-27,,,,,,,,,,,,0.4,,0.0,,,,,,,,,,,,,,,,,,,,,,,,,,,,,,0.0,0.0,12.0,NEUTRAL,,MEGA,,,,,,,,,,0.0
MRF,,,,,,0.97,,,,2026-07-27,,,,,,,,,,,,1.1,,0.0,,,,,,,,,,,,,,,,,,,,,,,,,,,,,,0.0,29.3,9.0,NEUTRAL,,LARGE,,,,,,,,,,0.0
MANKIND,,,,,,1.77,,,,2026-07-27,,,,,,,,,,,,0.4,,0.0,,,,,,,,,,,,,,,,,,,,,,,,,,,,,,0.0,0.0,2.0,NEUTRAL,,MEGA,,,,,,,,,,0.0
MARICO,,,,,,0.36,,,,2026-07-27,,,,,,,,,,,,-1.9,,0.0,,,,,,,,,,,,,,,,,,,,,,,,,,,,,,0.0,0.0,5.0,NEUTRAL,,MEGA,,,,,,,,,,0.0
MAXHEALTH,,,,,,3.17,,,,2026-07-27,,,,,,,,,,,,0.4,,0.0,,,,,,,,,,,,,,,,,,,,,,,,,,,,,,0.0,0.0,2.0,NEUTRAL,,MEGA,,,,,,,,,,0.0
MSUMI,,,,,,4.06,,,,2026-07-27,,,,,,,,,,,,1.1,,0.0,,,,,,,,,,,,,,,,,,,,,,,,,,,,,,0.0,0.0,6.0,NEUTRAL,,LARGE,,,,,,,,,,0.0
MPHASIS,,,,,,1.95,,,,2026-07-27,,,,,,,,,,,,3.7,,0.0,,,,,,,,,,,,,,,,,,,,,,,,,,,,,,0.0,93.0,7.0,NEUTRAL,,LARGE,,,,,,,,,,0.0
MCX,,,,,,0.92,,,,2026-07-27,,,,,,,,,,,,-3.6,,0.0,,,,,,,,,,,,,,,,,,,,,,,,,,,,,,0.0,0.0,5.0,NEUTRAL,,LARGE,,,,,,,,,,0.0
NMDC,,,,,,-0.05,,,,2026-07-27,,,,,,,,,,,,1.8,,0.0,,,,,,,,,,,,,,,,,,,,,,,,,,,,,,0.0,0.0,15.0,NEUTRAL,,LARGE,,,,,,,,,,0.0
NATIONALUM,,,,,,-1.32,,,,2026-07-27,,,,,,,,,,,,1.8,,0.0,,,,,,,,,,,,,,,,,,,,,,,,,,,,,,0.0,0.0,13.0,NEUTRAL,,LARGE,,,,,,,,,,0.0
NAVINFLUOR,,,,,,2.54,,,,2026-07-27,,,,,,,,,,,,1.8,,0.0,,,,,,,,,,,,,,,,,,,,,,,,,,,,,,0.0,0.0,5.0,NEUTRAL,,LARGE,,,,,,,,,,0.0
NETWEB,,,,,,4.96,,,,2026-07-27,,,,,,,,,,,,3.7,,0.0,,,,,,,,,,,,,,,,,,,,,,,,,,,,,,0.0,0.0,5.0,NEUTRAL,,LARGE,,,,,,,,,,0.0
OBEROIRLTY,,,,,,0.63,,,,2026-07-27,,,,,,,,,,,,2.9,,0.0,,,,,,,,,,,,,,,,,,,,,,,,,,,,,,0.0,0.0,5.0,NEUTRAL,,LARGE,,,,,,,,,,0.0
ONGC,,,,,,-4.1,,,,2026-07-27,,,,,,,,,,,,-2.2,,0.0,,,,,,,,,,,,,,,,,,,,,,,,,,,,,,0.0,-0.4,15.0,NEUTRAL,,MEGA,,,,,,,,,,0.0
OFSS,,,,,,4.1,,,,2026-07-27,,,,,,,,,,,,3.7,,0.0,,,,,,,,,,,,,,,,,,,,,,,,,,,,,,0.0,0.0,3.0,NEUTRAL,,LARGE,,,,,,,,,,0.0
PAGEIND,,,,,,-0.76,,,,2026-07-27,,,,,,,,,,,,1.1,,0.0,,,,,,,,,,,,,,,,,,,,,,,,,,,,,,0.0,0.0,3.0,NEUTRAL,,LARGE,,,,,,,,,,0.0
PATANJALI,,,,,,1.73,,,,2026-07-27,,,,,,,,,,,,-1.9,,0.0,,,,,,,,,,,,,,,,,,,,,,,,,,,,,,0.0,10.3,7.0,NEUTRAL,,LARGE,,,,,,,,,,0.0
RRKABEL,,,,,,1.27,,,,2026-07-27,,,,,,,,,,,,-1.2,,0.0,,,,,,,,,,,,,,,,,,,,,,,,,,,,,,0.0,0.0,5.0,NEUTRAL,,LARGE,,,,,,,,,,0.0
SARDAEN,,,,,,2.0,,,,2026-07-27,,,,,,,,,,,,1.8,,1.3,,,,,,,,,,,,,,,,,,,,,,,,,,,,,,0.0,0.0,9.0,NEUTRAL,,MID,,,,,,,,,,0.0
SOLARINDS,,,,,,0.72,,,,2026-07-27,,,,,,,,,,,,1.8,,0.0,,,,,,,,,,,,,,,,,,,,,,,,,,,,,,0.0,0.0,5.0,NEUTRAL,,MEGA,,,,,,,,,,0.0
TBOTEK,,,,,,6.31,,,,2026-07-27,,,,,,,,,,,,1.1,,0.1,,,,,,,,,,,,,,,,,,,,,,,,,,,,,,0.0,0.0,-1.0,NEUTRAL,,MID,,,,,,,,,,0.0
TCS,,,,,,1.83,,,,2026-07-27,,,,,,,,,,,,3.7,,0.0,,,,,,,,,,,,,,,,,,,,,,,,,,,,,,0.0,-2.0,8.0,NEUTRAL,,MEGA,,,,,,,,,,0.0
TRENT,,,,,,1.65,,,,2026-07-27,,,,,,,,,,,,1.1,,0.0,,,,,,,,,,,,,,,,,,,,,,,,,,,,,,0.0,0.0,5.0,NEUTRAL,,MEGA,,,,,,,,,,0.0
UNOMINDA,,,,,,3.14,,,,2026-07-27,,,,,,,,,,,,1.1,,0.0,,,,,,,,,,,,,,,,,,,,,,,,,,,,,,0.0,0.0,2.0,NEUTRAL,,LARGE,,,,,,,,,,0.0
VIJAYA,,,,,,2.81,,,,2026-07-27,,,,,,,,,,,,0.4,,0.3,,,,,,,,,,,,,,,,,,,,,,,,,,,,,,0.0,0.0,2.0,NEUTRAL,,MID,,,,,,,,,,0.0
ZFCVINDIA,,,,,,-0.93,,,,2026-07-27,,,,,,,,,,,,1.1,,0.0,,,,,,,,,,,,,,,,,,,,,,,,,,,,,,0.0,0.0,6.0,NEUTRAL,,LARGE,,,,,,,,,,0.0
ZYDUSLIFE,,,,,,-0.05,,,,2026-07-27,,,,,,,,,,,,0.4,,0.0,,,,,,,,,,,,,,,,,,,,,,,,,,,,,,0.0,0.0,9.0,NEUTRAL,,MEGA,,,,,,,,,,0.0
ECLERX,,,,,,-2.68,,,,2026-07-27,,,,,,,,,,,,3.7,,1.5,,,,,,,,,,,,,,,,,,,,,,,,,,,,,,0.0,0.0,8.0,NEUTRAL,,MID,,,,,,,,,,0.0
AIAENG,,,,,,-0.68,,,,2026-07-28,,,,,,,,,,,,-3.0,,0.0,,,,,,,,,,,,,,,,,,,,,,,,,,,,,,0.0,0.0,5.0,NEUTRAL,,LARGE,,,,,,,,,,0.0
AFFLE,,,,,,9.31,,,,2026-07-28,,,,,,,,,,,,9.8,,0.0,,,,,,,,,,,,,,,,,,,,,,,,,,,,,,0.0,0.0,-1.0,NEUTRAL,,LARGE,,,,,,,,,,0.0
APARINDS,,,,,,-4.06,,,,2026-07-28,,,,,,,,,,,,-3.0,,0.0,,,,,,,,,,,,,,,,,,,,,,,,,,,,,,0.0,0.0,3.0,NEUTRAL,,LARGE,,,,,,,,,,0.0
ASIANPAINT,,,,,,0.96,,,,2026-07-28,,,,,,,,,,,,0.5,,0.0,,,,,,,,,,,,,,,,,,,,,,,,,,,,,,0.0,0.0,3.0,NEUTRAL,,MEGA,,,,,,,,,,0.0
BLS,,,,,,-0.76,,,,2026-07-28,,,,,,,,,,,,-3.0,,1.0,,,,,,,,,,,,,,,,,,,,,,,,,,,,,,0.0,0.0,13.0,NEUTRAL,,MID,,,,,,,,,,0.0
BSE,,,,,,-2.23,,,,2026-07-28,,,,,,,,,,,,-5.1,,0.0,,,,,,,,,,,,,,,,,,,,,,,,,,,,,,0.0,31.2,3.0,NEUTRAL,,MEGA,,,,,,,,,,0.0
BEL,,,,,,-4.46,,,,2026-07-28,,,,,,,,,,,,-3.0,,0.0,,,,,,,,,,,,,,,,,,,,,,,,,,,,,,0.0,0.2,1.0,NEUTRAL,,MEGA,,,,,,,,,,0.0
BIKAJI,,,,,,-1.14,,,,2026-07-28,,,,,,,,,,,,-1.2,,0.0,,,,,,,,,,,,,,,,,,,,,,,,,,,,,,0.0,0.0,2.0,NEUTRAL,,MID,,,,,,,,,,0.0
BLUESTARCO,,,,,,0.12,,,,2026-07-28,,,,,,,,,,,,-3.0,,0.0,,,,,,,,,,,,,,,,,,,,,,,,,,,,,,0.0,0.0,2.0,NEUTRAL,,LARGE,,,,,,,,,,0.0
BRITANNIA,,,,,,1.75,,,,2026-07-28,,,,,,,,,,,,-1.2,,0.0,,,,,,,,,,,,,,,,,,,,,,,,,,,,,,0.0,44.4,3.0,NEUTRAL,,MEGA,,,,,,,,,,0.0
CAPLIPOINT,,,,,,-1.26,,,,2026-07-28,,,,,,,,,,,,0.2,,-25.4,,,,,,,,,,,,,,,,,,,,,,,,,,,,,,-40.0,0.0,5.0,NEGATIVE,,MID,,,,,,,,,,-1.0
CEMPRO,,,,,,-2.06,,,,2026-07-28,,,,,,,,,,,,-3.0,,0.0,,,,,,,,,,,,,,,,,,,,,,,,,,,,,,0.0,0.0,8.0,NEUTRAL,,LARGE,,,,,,,,,,0.0
DOMS,,,,,,0.45,,,,2026-07-28,,,,,,,,,,,,-3.0,,0.1,,,,,,,,,,,,,,,,,,,,,,,,,,,,,,0.0,0.0,5.0,NEUTRAL,,MID,,,,,,,,,,0.0
DIXON,,,,,,0.67,,,,2026-07-28,,,,,,,,,,,,6.1,,0.0,,,,,,,,,,,,,,,,,,,,,,,,,,,,,,0.0,0.0,5.0,NEUTRAL,,LARGE,,,,,,,,,,0.0
ELGIEQUIP,,,,,,-1.62,,,,2026-07-28,,,,,,,,,,,,-3.0,,0.4,,,,,,,,,,,,,,,,,,,,,,,,,,,,,,0.0,0.0,8.0,NEUTRAL,,MID,,,,,,,,,,0.0
ENDURANCE,,,,,,-0.94,,,,2026-07-28,,,,,,,,,,,,1.1,,0.0,,,,,,,,,,,,,,,,,,,,,,,,,,,,,,0.0,0.0,5.0,NEUTRAL,,LARGE,,,,,,,,,,0.0
GABRIEL,,,,,,-2.09,,,,2026-07-28,,,,,,,,,,,,1.1,,0.0,,,,,,,,,,,,,,,,,,,,,,,,,,,,,,0.0,0.0,0.0,NEUTRAL,,LARGE,,,,,,,,,,0.0
MEDANTA,,,,,,-0.42,,,,2026-07-28,,,,,,,,,,,,0.2,,0.0,,,,,,,,,,,,,,,,,,,,,,,,,,,,,,0.0,0.0,2.0,NEUTRAL,,LARGE,,,,,,,,,,0.0
GRANULES,,,,,,0.31,,,,2026-07-28,,,,,,,,,,,,0.2,,0.0,,,,,,,,,,,,,,,,,,,,,,,,,,,,,,0.0,0.0,5.0,NEUTRAL,,LARGE,,,,,,,,,,0.0
GRAVITA,,,,,,-8.4,,,,2026-07-28,,,,,,,,,,,,-3.0,,0.1,,,,,,,,,,,,,,,,,,,,,,,,,,,,,,0.0,0.0,5.0,NEUTRAL,,MID,,,,,,,,,,0.0
HSCL,,,,,,-5.16,,,,2026-07-28,,,,,,,,,,,,0.5,,0.0,,,,,,,,,,,,,,,,,,,,,,,,,,,,,,0.0,0.0,3.0,NEUTRAL,,LARGE,,,,,,,,,,0.0
HINDZINC,,,,,,-0.52,,,,2026-07-28,,,,,,,,,,,,0.5,,0.0,,,,,,,,,,,,,,,,,,,,,,,,,,,,,,0.0,0.0,8.0,NEUTRAL,,MEGA,,,,,,,,,,0.0
INDHOTEL,,,,,,0.13,,,,2026-07-28,,,,,,,,,,,,1.1,,0.0,,,,,,,,,,,,,,,,,,,,,,,,,,,,,,0.0,0.0,3.0,NEUTRAL,,MEGA,,,,,,,,,,0.0
JSL,,,,,,0.04,,,,2026-07-28,,,,,,,,,,,,0.5,,0.0,,,,,,,,,,,,,,,,,,,,,,,,,,,,,,0.0,0.0,7.0,NEUTRAL,,LARGE,,,,,,,,,,0.0
KPIL,,,,,,-2.53,,,,2026-07-28,,,,,,,,,,,,-3.0,,0.0,,,,,,,,,,,,,,,,,,,,,,,,,,,,,,0.0,0.0,9.0,NEUTRAL,,LARGE,,,,,,,,,,0.0
LODHA,,,,,,8.57,,,,2026-07-28,,,,,,,,,,,,6.5,,0.0,,,,,,,,,,,,,,,,,,,,,,,,,,,,,,0.0,54.6,3.0,NEUTRAL,,MEGA,,,,,,,,,,0.0
LUPIN,,,,,,-0.59,,,,2026-07-28,,,,,,,,,,,,0.2,,0.0,,,,,,,,,,,,,,,,,,,,,,,,,,,,,,0.0,0.0,12.0,NEUTRAL,,MEGA,,,,,,,,,,0.0
MRF,,,,,,0.85,,,,2026-07-28,,,,,,,,,,,,1.1,,0.0,,,,,,,,,,,,,,,,,,,,,,,,,,,,,,0.0,0.0,9.0,NEUTRAL,,LARGE,,,,,,,,,,0.0
MANKIND,,,,,,2.6,,,,2026-07-28,,,,,,,,,,,,0.2,,0.0,,,,,,,,,,,,,,,,,,,,,,,,,,,,,,0.0,0.0,2.0,NEUTRAL,,MEGA,,,,,,,,,,0.0
MARICO,,,,,,2.86,,,,2026-07-28,,,,,,,,,,,,-1.2,,0.0,,,,,,,,,,,,,,,,,,,,,,,,,,,,,,0.0,0.0,5.0,NEUTRAL,,MEGA,,,,,,,,,,0.0
MAXHEALTH,,,,,,-0.88,,,,2026-07-28,,,,,,,,,,,,0.2,,0.0,,,,,,,,,,,,,,,,,,,,,,,,,,,,,,0.0,0.0,2.0,NEUTRAL,,MEGA,,,,,,,,,,0.0
MSUMI,,,,,,-0.53,,,,2026-07-28,,,,,,,,,,,,1.1,,0.0,,,,,,,,,,,,,,,,,,,,,,,,,,,,,,0.0,0.0,6.0,NEUTRAL,,LARGE,,,,,,,,,,0.0
MPHASIS,,,,,,3.46,,,,2026-07-28,,,,,,,,,,,,6.1,,0.0,,,,,,,,,,,,,,,,,,,,,,,,,,,,,,0.0,0.0,7.0,NEUTRAL,,LARGE,,,,,,,,,,0.0
MCX,,,,,,-1.51,,,,2026-07-28,,,,,,,,,,,,-5.1,,0.0,,,,,,,,,,,,,,,,,,,,,,,,,,,,,,0.0,-94.9,5.0,NEUTRAL,,LARGE,,,,,,,,,,0.0
NMDC,,,,,,0.48,,,,2026-07-28,,,,,,,,,,,,0.5,,0.0,,,,,,,,,,,,,,,,,,,,,,,,,,,,,,0.0,0.0,15.0,NEUTRAL,,LARGE,,,,,,,,,,0.0
NATIONALUM,,,,,,-1.41,,,,2026-07-28,,,,,,,,,,,,0.5,,0.0,,,,,,,,,,,,,,,,,,,,,,,,,,,,,,0.0,0.0,13.0,NEUTRAL,,LARGE,,,,,,,,,,0.0
NAVINFLUOR,,,,,,-2.57,,,,2026-07-28,,,,,,,,,,,,0.5,,0.0,,,,,,,,,,,,,,,,,,,,,,,,,,,,,,0.0,0.0,5.0,NEUTRAL,,LARGE,,,,,,,,,,0.0
NETWEB,,,,,,0.77,,,,2026-07-28,,,,,,,,,,,,6.1,,0.0,,,,,,,,,,,,,,,,,,,,,,,,,,,,,,0.0,0.0,5.0,NEUTRAL,,LARGE,,,,,,,,,,0.0
OBEROIRLTY,,,,,,-0.17,,,,2026-07-28,,,,,,,,,,,,6.5,,0.0,,,,,,,,,,,,,,,,,,,,,,,,,,,,,,0.0,0.0,5.0,NEUTRAL,,LARGE,,,,,,,,,,0.0
ONGC,,,,,,0.15,,,,2026-07-28,,,,,,,,,,,,-2.1,,0.0,,,,,,,,,,,,,,,,,,,,,,,,,,,,,,0.0,1.6,15.0,NEUTRAL,,MEGA,,,,,,,,,,0.0
OFSS,,,,,,2.21,,,,2026-07-28,,,,,,,,,,,,6.1,,-24.7,,,,,,,,,,,,,,,,,,,,,,,,,,,,,,-40.0,0.0,3.0,NEGATIVE,,LARGE,,,,,,,,,,-1.0
PAGEIND,,,,,,1.0,,,,2026-07-28,,,,,,,,,,,,1.1,,0.0,,,,,,,,,,,,,,,,,,,,,,,,,,,,,,0.0,0.0,3.0,NEUTRAL,,LARGE,,,,,,,,,,0.0
PATANJALI,,,,,,-1.12,,,,2026-07-28,,,,,,,,,,,,-1.2,,0.0,,,,,,,,,,,,,,,,,,,,,,,,,,,,,,0.0,0.0,7.0,NEUTRAL,,LARGE,,,,,,,,,,0.0
RRKABEL,,,,,,2.04,,,,2026-07-28,,,,,,,,,,,,-3.0,,0.0,,,,,,,,,,,,,,,,,,,,,,,,,,,,,,0.0,0.0,3.0,NEUTRAL,,LARGE,,,,,,,,,,0.0
SARDAEN,,,,,,-0.41,,,,2026-07-28,,,,,,,,,,,,0.5,,1.1,,,,,,,,,,,,,,,,,,,,,,,,,,,,,,0.0,0.0,9.0,NEUTRAL,,MID,,,,,,,,,,0.0
SOLARINDS,,,,,,-2.06,,,,2026-07-28,,,,,,,,,,,,0.5,,0.0,,,,,,,,,,,,,,,,,,,,,,,,,,,,,,0.0,0.0,5.0,NEUTRAL,,MEGA,,,,,,,,,,0.0
TBOTEK,,,,,,-0.7,,,,2026-07-28,,,,,,,,,,,,1.1,,0.1,,,,,,,,,,,,,,,,,,,,,,,,,,,,,,0.0,0.0,-1.0,NEUTRAL,,MID,,,,,,,,,,0.0
TCS,,,,,,4.46,,,,2026-07-28,,,,,,,,,,,,6.1,,0.0,,,,,,,,,,,,,,,,,,,,,,,,,,,,,,0.0,0.0,8.0,NEUTRAL,,MEGA,,,,,,,,,,0.0
TRENT,,,,,,-0.26,,,,2026-07-28,,,,,,,,,,,,1.1,,0.0,,,,,,,,,,,,,,,,,,,,,,,,,,,,,,0.0,66.3,5.0,NEUTRAL,,MEGA,,,,,,,,,,0.0
UNOMINDA,,,,,,0.13,,,,2026-07-28,,,,,,,,,,,,1.1,,0.0,,,,,,,,,,,,,,,,,,,,,,,,,,,,,,0.0,0.0,2.0,NEUTRAL,,LARGE,,,,,,,,,,0.0
VIJAYA,,,,,,0.61,,,,2026-07-28,,,,,,,,,,,,0.2,,-25.7,,,,,,,,,,,,,,,,,,,,,,,,,,,,,,-40.0,0.0,2.0,NEGATIVE,,MID,,,,,,,,,,-1.0
ZFCVINDIA,,,,,,3.38,,,,2026-07-28,,,,,,,,,,,,1.1,,0.0,,,,,,,,,,,,,,,,,,,,,,,,,,,,,,0.0,0.0,6.0,NEUTRAL,,LARGE,,,,,,,,,,0.0
ZYDUSLIFE,,,,,,-0.81,,,,2026-07-28,,,,,,,,,,,,0.2,,0.0,,,,,,,,,,,,,,,,,,,,,,,,,,,,,,0.0,0.0,9.0,NEUTRAL,,MEGA,,,,,,,,,,0.0
ECLERX,,,,,,4.75,,,,2026-07-28,,,,,,,,,,,,6.1,,1.6,,,,,,,,,,,,,,,,,,,,,,,,,,,,,,0.0,0.0,6.0,NEUTRAL,,MID,,,,,,,,,,0.0
AIAENG,,,,,,0.88,,,,2026-07-29,,,,,,,,,,,,-1.9,,0.0,,,,,,,,,,,,,,,,,,,,,,,,,,,,,,0.0,0.0,5.0,NEUTRAL,,LARGE,,,,,,,,,,0.0
AFFLE,,,,,,1.38,,,,2026-07-29,,,,,,,,,,,,10.4,,0.0,,,,,,,,,,,,,,,,,,,,,,,,,,,,,,0.0,0.0,-1.0,NEUTRAL,,LARGE,,,,,,,,,,0.0
APARINDS,,,,,,2.63,,,,2026-07-29,,,,,,,,,,,,-1.9,,0.0,,,,,,,,,,,,,,,,,,,,,,,,,,,,,,0.0,0.0,3.0,NEUTRAL,,LARGE,,,,,,,,,,0.0
ASIANPAINT,,,,,,0.81,,,,2026-07-29,,,,,,,,,,,,1.9,,0.0,,,,,,,,,,,,,,,,,,,,,,,,,,,,,,0.0,0.0,3.0,NEUTRAL,,MEGA,,,,,,,,,,0.0
BLS,,,,,,2.63,,,,2026-07-29,,,,,,,,,,,,-1.9,,1.1,,,,,,,,,,,,,,,,,,,,,,,,,,,,,,0.0,0.0,13.0,NEUTRAL,,MID,,,,,,,,,,0.0
BSE,,,,,,2.42,,,,2026-07-29,,,,,,,,,,,,-3.6,,0.0,,,,,,,,,,,,,,,,,,,,,,,,,,,,,,0.0,14.4,3.0,NEUTRAL,,MEGA,,,,,,,,,,0.0
BEL,,,,,,-0.37,,,,2026-07-29,,,,,,,,,,,,-1.9,,0.0,,,,,,,,,,,,,,,,,,,,,,,,,,,,,,0.0,72.7,1.0,NEUTRAL,,MEGA,,,,,,,,,,0.0
BIKAJI,,,,,,1.25,,,,2026-07-29,,,,,,,,,,,,0.1,,0.2,,,,,,,,,,,,,,,,,,,,,,,,,,,,,,0.0,0.0,2.0,NEUTRAL,,MID,,,,,,,,,,0.0
BLUESTARCO,,,,,,2.16,,,,2026-07-29,,,,,,,,,,,,-1.9,,0.0,,,,,,,,,,,,,,,,,,,,,,,,,,,,,,0.0,0.0,2.0,NEUTRAL,,LARGE,,,,,,,,,,0.0
BRITANNIA,,,,,,0.71,,,,2026-07-29,,,,,,,,,,,,0.1,,0.0,,,,,,,,,,,,,,,,,,,,,,,,,,,,,,0.0,1.1,3.0,NEUTRAL,,MEGA,,,,,,,,,,0.0
CAPLIPOINT,,,,,,0.96,,,,2026-07-29,,,,,,,,,,,,1.0,,-25.3,,,,,,,,,,,,,,,,,,,,,,,,,,,,,,-40.0,0.0,5.0,NEGATIVE,,MID,,,,,,,,,,-1.0
CEMPRO,,,,,,0.06,,,,2026-07-29,,,,,,,,,,,,-1.9,,0.0,,,,,,,,,,,,,,,,,,,,,,,,,,,,,,0.0,0.0,3.0,NEUTRAL,,LARGE,,,,,,,,,,0.0
DOMS,,,,,,0.29,,,,2026-07-29,,,,,,,,,,,,-1.9,,0.2,,,,,,,,,,,,,,,,,,,,,,,,,,,,,,0.0,0.0,5.0,NEUTRAL,,MID,,,,,,,,,,0.0
DIXON,,,,,,2.68,,,,2026-07-29,,,,,,,,,,,,6.4,,-24.4,,,,,,,,,,,,,,,,,,,,,,,,,,,,,,-40.0,0.0,5.0,NEGATIVE,,LARGE,,,,,,,,,,-1.0
ELGIEQUIP,,,,,,1.35,,,,2026-07-29,,,,,,,,,,,,-1.9,,0.6,,,,,,,,,,,,,,,,,,,,,,,,,,,,,,0.0,0.0,8.0,NEUTRAL,,MID,,,,,,,,,,0.0
ENDURANCE,,,,,,2.81,,,,2026-07-29,,,,,,,,,,,,1.9,,0.0,,,,,,,,,,,,,,,,,,,,,,,,,,,,,,0.0,0.0,5.0,NEUTRAL,,LARGE,,,,,,,,,,0.0
GABRIEL,,,,,,0.5,,,,2026-07-29,,,,,,,,,,,,1.9,,0.0,,,,,,,,,,,,,,,,,,,,,,,,,,,,,,0.0,0.0,0.0,NEUTRAL,,LARGE,,,,,,,,,,0.0
MEDANTA,,,,,,2.26,,,,2026-07-29,,,,,,,,,,,,1.0,,0.0,,,,,,,,,,,,,,,,,,,,,,,,,,,,,,0.0,0.0,2.0,NEUTRAL,,LARGE,,,,,,,,,,0.0
GRANULES,,,,,,-0.42,,,,2026-07-29,,,,,,,,,,,,1.0,,0.0,,,,,,,,,,,,,,,,,,,,,,,,,,,,,,0.0,0.0,5.0,NEUTRAL,,LARGE,,,,,,,,,,0.0
GRAVITA,,,,,,-1.42,,,,2026-07-29,,,,,,,,,,,,-1.9,,0.2,,,,,,,,,,,,,,,,,,,,,,,,,,,,,,0.0,0.0,5.0,NEUTRAL,,MID,,,,,,,,,,0.0
HSCL,,,,,,2.7,,,,2026-07-29,,,,,,,,,,,,1.9,,0.0,,,,,,,,,,,,,,,,,,,,,,,,,,,,,,0.0,0.0,3.0,NEUTRAL,,LARGE,,,,,,,,,,0.0
HINDZINC,,,,,,1.86,,,,2026-07-29,,,,,,,,,,,,1.9,,0.0,,,,,,,,,,,,,,,,,,,,,,,,,,,,,,0.0,0.0,8.0,NEUTRAL,,MEGA,,,,,,,,,,0.0
INDHOTEL,,,,,,0.48,,,,2026-07-29,,,,,,,,,,,,1.9,,0.0,,,,,,,,,,,,,,,,,,,,,,,,,,,,,,0.0,0.0,3.0,NEUTRAL,,MEGA,,,,,,,,,,0.0
JSL,,,,,,0.58,,,,2026-07-29,,,,,,,,,,,,1.9,,0.0,,,,,,,,,,,,,,,,,,,,,,,,,,,,,,0.0,0.0,7.0,NEUTRAL,,LARGE,,,,,,,,,,0.0
KPIL,,,,,,2.99,,,,2026-07-29,,,,,,,,,,,,-1.9,,0.0,,,,,,,,,,,,,,,,,,,,,,,,,,,,,,0.0,0.0,9.0,NEUTRAL,,LARGE,,,,,,,,,,0.0
LODHA,,,,,,1.15,,,,2026-07-29,,,,,,,,,,,,6.4,,0.0,,,,,,,,,,,,,,,,,,,,,,,,,,,,,,0.0,0.0,3.0,NEUTRAL,,MEGA,,,,,,,,,,0.0
LUPIN,,,,,,2.14,,,,2026-07-29,,,,,,,,,,,,1.0,,0.0,,,,,,,,,,,,,,,,,,,,,,,,,,,,,,0.0,0.0,12.0,NEUTRAL,,MEGA,,,,,,,,,,0.0
MRF,,,,,,0.8,,,,2026-07-29,,,,,,,,,,,,1.9,,0.0,,,,,,,,,,,,,,,,,,,,,,,,,,,,,,0.0,0.0,9.0,NEUTRAL,,LARGE,,,,,,,,,,0.0
MANKIND,,,,,,-0.96,,,,2026-07-29,,,,,,,,,,,,1.0,,0.0,,,,,,,,,,,,,,,,,,,,,,,,,,,,,,0.0,0.0,2.0,NEUTRAL,,MEGA,,,,,,,,,,0.0
MARICO,,,,,,-0.52,,,,2026-07-29,,,,,,,,,,,,0.1,,0.0,,,,,,,,,,,,,,,,,,,,,,,,,,,,,,0.0,0.0,5.0,NEUTRAL,,MEGA,,,,,,,,,,0.0
MAXHEALTH,,,,,,0.6,,,,2026-07-29,,,,,,,,,,,,1.0,,0.0,,,,,,,,,,,,,,,,,,,,,,,,,,,,,,0.0,0.0,2.0,NEUTRAL,,MEGA,,,,,,,,,,0.0
MSUMI,,,,,,-0.72,,,,2026-07-29,,,,,,,,,,,,1.9,,0.0,,,,,,,,,,,,,,,,,,,,,,,,,,,,,,0.0,0.0,6.0,NEUTRAL,,LARGE,,,,,,,,,,0.0
MPHASIS,,,,,,-2.16,,,,2026-07-29,,,,,,,,,,,,6.4,,0.0,,,,,,,,,,,,,,,,,,,,,,,,,,,,,,0.0,0.0,7.0,NEUTRAL,,LARGE,,,,,,,,,,0.0
MCX,,,,,,0.15,,,,2026-07-29,,,,,,,,,,,,-3.6,,0.0,,,,,,,,,,,,,,,,,,,,,,,,,,,,,,0.0,-94.9,5.0,NEUTRAL,,LARGE,,,,,,,,,,0.0
NMDC,,,,,,2.3,,,,2026-07-29,,,,,,,,,,,,1.9,,0.0,,,,,,,,,,,,,,,,,,,,,,,,,,,,,,0.0,0.0,15.0,NEUTRAL,,LARGE,,,,,,,,,,0.0
NATIONALUM,,,,,,3.03,,,,2026-07-29,,,,,,,,,,,,1.9,,0.0,,,,,,,,,,,,,,,,,,,,,,,,,,,,,,0.0,0.0,13.0,NEUTRAL,,LARGE,,,,,,,,,,0.0
NAVINFLUOR,,,,,,1.09,,,,2026-07-29,,,,,,,,,,,,1.9,,0.0,,,,,,,,,,,,,,,,,,,,,,,,,,,,,,0.0,0.0,5.0,NEUTRAL,,LARGE,,,,,,,,,,0.0
NETWEB,,,,,,-0.72,,,,2026-07-29,,,,,,,,,,,,6.4,,0.0,,,,,,,,,,,,,,,,,,,,,,,,,,,,,,0.0,0.0,5.0,NEUTRAL,,LARGE,,,,,,,,,,0.0
OBEROIRLTY,,,,,,0.38,,,,2026-07-29,,,,,,,,,,,,6.4,,0.0,,,,,,,,,,,,,,,,,,,,,,,,,,,,,,0.0,0.0,5.0,NEUTRAL,,LARGE,,,,,,,,,,0.0
ONGC,,,,,,-0.25,,,,2026-07-29,,,,,,,,,,,,-2.4,,0.0,,,,,,,,,,,,,,,,,,,,,,,,,,,,,,0.0,0.0,15.0,NEUTRAL,,MEGA,,,,,,,,,,0.0
OFSS,,,,,,0.82,,,,2026-07-29,,,,,,,,,,,,6.4,,0.0,,,,,,,,,,,,,,,,,,,,,,,,,,,,,,0.0,0.0,3.0,NEUTRAL,,LARGE,,,,,,,,,,0.0
PAGEIND,,,,,,-0.25,,,,2026-07-29,,,,,,,,,,,,1.9,,0.0,,,,,,,,,,,,,,,,,,,,,,,,,,,,,,0.0,0.0,3.0,NEUTRAL,,LARGE,,,,,,,,,,0.0
PATANJALI,,,,,,4.14,,,,2026-07-29,,,,,,,,,,,,0.1,,0.0,,,,,,,,,,,,,,,,,,,,,,,,,,,,,,0.0,0.0,7.0,NEUTRAL,,LARGE,,,,,,,,,,0.0
RRKABEL,,,,,,-0.7,,,,2026-07-29,,,,,,,,,,,,-1.9,,0.0,,,,,,,,,,,,,,,,,,,,,,,,,,,,,,0.0,0.0,3.0,NEUTRAL,,LARGE,,,,,,,,,,0.0
SARDAEN,,,,,,2.63,,,,2026-07-29,,,,,,,,,,,,1.9,,1.3,,,,,,,,,,,,,,,,,,,,,,,,,,,,,,0.0,0.0,9.0,NEUTRAL,,MID,,,,,,,,,,0.0
SOLARINDS,,,,,,-0.9,,,,2026-07-29,,,,,,,,,,,,1.9,,0.0,,,,,,,,,,,,,,,,,,,,,,,,,,,,,,0.0,0.0,5.0,NEUTRAL,,MEGA,,,,,,,,,,0.0
TBOTEK,,,,,,0.93,,,,2026-07-29,,,,,,,,,,,,1.9,,0.2,,,,,,,,,,,,,,,,,,,,,,,,,,,,,,0.0,0.0,-1.0,NEUTRAL,,MID,,,,,,,,,,0.0
TCS,,,,,,2.03,,,,2026-07-29,,,,,,,,,,,,6.4,,0.0,,,,,,,,,,,,,,,,,,,,,,,,,,,,,,0.0,0.0,8.0,NEUTRAL,,MEGA,,,,,,,,,,0.0
TRENT,,,,,,2.54,,,,2026-07-29,,,,,,,,,,,,1.9,,0.0,,,,,,,,,,,,,,,,,,,,,,,,,,,,,,0.0,66.3,5.0,NEUTRAL,,MEGA,,,,,,,,,,0.0
UNOMINDA,,,,,,0.41,,,,2026-07-29,,,,,,,,,,,,1.9,,0.0,,,,,,,,,,,,,,,,,,,,,,,,,,,,,,0.0,0.0,2.0,NEUTRAL,,LARGE,,,,,,,,,,0.0
VIJAYA,,,,,,0.95,,,,2026-07-29,,,,,,,,,,,,1.0,,-25.6,,,,,,,,,,,,,,,,,,,,,,,,,,,,,,-40.0,0.0,2.0,NEGATIVE,,MID,,,,,,,,,,-1.0
ZFCVINDIA,,,,,,0.54,,,,2026-07-29,,,,,,,,,,,,1.9,,0.0,,,,,,,,,,,,,,,,,,,,,,,,,,,,,,0.0,0.0,6.0,NEUTRAL,,LARGE,,,,,,,,,,0.0
ZYDUSLIFE,,,,,,2.14,,,,2026-07-29,,,,,,,,,,,,1.0,,0.0,,,,,,,,,,,,,,,,,,,,,,,,,,,,,,0.0,0.0,9.0,NEUTRAL,,MEGA,,,,,,,,,,0.0
ECLERX,,,,,,2.85,,,,2026-07-29,,,,,,,,,,,,6.4,,1.7,,,,,,,,,,,,,,,,,,,,,,,,,,,,,,0.0,0.0,6.0,NEUTRAL,,MID,,,,,,,,,,0.0
AIAENG,,,,,,-1.72,,,,2026-07-30,,,,,,,,,,,,-2.6,,0.0,,,,,,,,,,,,,,,,,,,,,,,,,,,,,,0.0,0.0,3.0,NEUTRAL,,LARGE,,,,,,,,,,0.0
AFFLE,,,,,,-1.91,,,,2026-07-30,,,,,,,,,,,,7.6,,0.0,,,,,,,,,,,,,,,,,,,,,,,,,,,,,,0.0,0.0,-1.0,NEUTRAL,,LARGE,,,,,,,,,,0.0
APARINDS,,,,,,-0.65,,,,2026-07-30,,,,,,,,,,,,-2.6,,0.0,,,,,,,,,,,,,,,,,,,,,,,,,,,,,,0.0,0.0,3.0,NEUTRAL,,LARGE,,,,,,,,,,0.0
ASIANPAINT,,,,,,-0.44,,,,2026-07-30,,,,,,,,,,,,1.1,,0.0,,,,,,,,,,,,,,,,,,,,,,,,,,,,,,0.0,0.0,-3.0,NEUTRAL,,MEGA,,,,,,,,,,0.0
BLS,,,,,,-1.3,,,,2026-07-30,,,,,,,,,,,,-2.6,,1.0,,,,,,,,,,,,,,,,,,,,,,,,,,,,,,0.0,0.0,13.0,NEUTRAL,,MID,,,,,,,,,,0.0
BSE,,,,,,-0.31,,,,2026-07-30,,,,,,,,,,,,-4.1,,0.0,,,,,,,,,,,,,,,,,,,,,,,,,,,,,,0.0,-4.1,3.0,NEUTRAL,,MEGA,,,,,,,,,,0.0
BEL,,,,,,-0.68,,,,2026-07-30,,,,,,,,,,,,-2.6,,0.0,,,,,,,,,,,,,,,,,,,,,,,,,,,,,,0.0,0.0,1.0,NEUTRAL,,MEGA,,,,,,,,,,0.0
BIKAJI,,,,,,0.29,,,,2026-07-30,,,,,,,,,,,,0.3,,0.3,,,,,,,,,,,,,,,,,,,,,,,,,,,,,,0.0,0.0,2.0,NEUTRAL,,MID,,,,,,,,,,0.0
BLUESTARCO,,,,,,0.63,,,,2026-07-30,,,,,,,,,,,,-2.6,,0.0,,,,,,,,,,,,,,,,,,,,,,,,,,,,,,0.0,0.0,2.0,NEUTRAL,,LARGE,,,,,,,,,,0.0
BRITANNIA,,,,,,0.13,,,,2026-07-30,,,,,,,,,,,,0.3,,0.0,,,,,,,,,,,,,,,,,,,,,,,,,,,,,,0.0,5.4,3.0,NEUTRAL,,MEGA,,,,,,,,,,0.0
CAPLIPOINT,,,,,,-2.94,,,,2026-07-30,,,,,,,,,,,,0.1,,0.6,,,,,,,,,,,,,,,,,,,,,,,,,,,,,,0.0,0.0,5.0,NEUTRAL,,MID,,,,,,,,,,0.0
CEMPRO,,,,,,1.27,,,,2026-07-30,,,,,,,,,,,,-2.6,,0.0,,,,,,,,,,,,,,,,,,,,,,,,,,,,,,0.0,0.0,3.0,NEUTRAL,,LARGE,,,,,,,,,,0.0
DOMS,,,,,,-1.11,,,,2026-07-30,,,,,,,,,,,,-2.6,,0.1,,,,,,,,,,,,,,,,,,,,,,,,,,,,,,0.0,0.0,5.0,NEUTRAL,,MID,,,,,,,,,,0.0
DIXON,,,,,,0.44,,,,2026-07-30,,,,,,,,,,,,4.2,,0.0,,,,,,,,,,,,,,,,,,,,,,,,,,,,,,0.0,0.0,5.0,NEUTRAL,,LARGE,,,,,,,,,,0.0
ELGIEQUIP,,,,,,-1.39,,,,2026-07-30,,,,,,,,,,,,-2.6,,0.5,,,,,,,,,,,,,,,,,,,,,,,,,,,,,,0.0,0.0,8.0,NEUTRAL,,MID,,,,,,,,,,0.0
ENDURANCE,,,,,,0.75,,,,2026-07-30,,,,,,,,,,,,1.8,,0.0,,,,,,,,,,,,,,,,,,,,,,,,,,,,,,0.0,0.0,5.0,NEUTRAL,,LARGE,,,,,,,,,,0.0
GABRIEL,,,,,,-1.61,,,,2026-07-30,,,,,,,,,,,,1.8,,0.0,,,,,,,,,,,,,,,,,,,,,,,,,,,,,,0.0,0.0,0.0,NEUTRAL,,LARGE,,,,,,,,,,0.0
MEDANTA,,,,,,-1.15,,,,2026-07-30,,,,,,,,,,,,0.1,,0.0,,,,,,,,,,,,,,,,,,,,,,,,,,,,,,0.0,0.0,0.0,NEUTRAL,,LARGE,,,,,,,,,,0.0
GRANULES,,,,,,-0.94,,,,2026-07-30,,,,,,,,,,,,0.1,,0.0,,,,,,,,,,,,,,,,,,,,,,,,,,,,,,0.0,0.0,5.0,NEUTRAL,,LARGE,,,,,,,,,,0.0
GRAVITA,,,,,,-2.3,,,,2026-07-30,,,,,,,,,,,,-2.6,,26.1,,,,,,,,,,,,,,,,,,,,,,,,,,,,,,40.0,0.0,5.0,POSITIVE,,MID,,,,,,,,,,1.0
HSCL,,,,,,-1.22,,,,2026-07-30,,,,,,,,,,,,1.1,,0.0,,,,,,,,,,,,,,,,,,,,,,,,,,,,,,0.0,0.0,3.0,NEUTRAL,,LARGE,,,,,,,,,,0.0
HINDZINC,,,,,,-0.15,,,,2026-07-30,,,,,,,,,,,,1.1,,0.0,,,,,,,,,,,,,,,,,,,,,,,,,,,,,,0.0,0.0,8.0,NEUTRAL,,MEGA,,,,,,,,,,0.0
INDHOTEL,,,,,,1.5,,,,2026-07-30,,,,,,,,,,,,1.8,,0.0,,,,,,,,,,,,,,,,,,,,,,,,,,,,,,0.0,0.0,3.0,NEUTRAL,,MEGA,,,,,,,,,,0.0
JSL,,,,,,1.27,,,,2026-07-30,,,,,,,,,,,,1.1,,0.0,,,,,,,,,,,,,,,,,,,,,,,,,,,,,,0.0,0.0,7.0,NEUTRAL,,LARGE,,,,,,,,,,0.0
KPIL,,,,,,-1.59,,,,2026-07-30,,,,,,,,,,,,-2.6,,0.0,,,,,,,,,,,,,,,,,,,,,,,,,,,,,,0.0,0.0,9.0,NEUTRAL,,LARGE,,,,,,,,,,0.0
LODHA,,,,,,-2.22,,,,2026-07-30,,,,,,,,,,,,3.8,,0.0,,,,,,,,,,,,,,,,,,,,,,,,,,,,,,0.0,0.0,3.0,NEUTRAL,,MEGA,,,,,,,,,,0.0
LUPIN,,,,,,-1.05,,,,2026-07-30,,,,,,,,,,,,0.1,,0.0,,,,,,,,,,,,,,,,,,,,,,,,,,,,,,0.0,0.0,12.0,NEUTRAL,,MEGA,,,,,,,,,,0.0
MRF,,,,,,0.49,,,,2026-07-30,,,,,,,,,,,,1.8,,0.0,,,,,,,,,,,,,,,,,,,,,,,,,,,,,,0.0,0.0,9.0,NEUTRAL,,LARGE,,,,,,,,,,0.0
MANKIND,,,,,,-0.65,,,,2026-07-30,,,,,,,,,,,,0.1,,0.0,,,,,,,,,,,,,,,,,,,,,,,,,,,,,,0.0,0.0,2.0,NEUTRAL,,MEGA,,,,,,,,,,0.0
MARICO,,,,,,0.76,,,,2026-07-30,,,,,,,,,,,,0.3,,0.0,,,,,,,,,,,,,,,,,,,,,,,,,,,,,,0.0,0.0,5.0,NEUTRAL,,MEGA,,,,,,,,,,0.0
MAXHEALTH,,,,,,1.21,,,,2026-07-30,,,,,,,,,,,,0.1,,0.0,,,,,,,,,,,,,,,,,,,,,,,,,,,,,,0.0,0.0,2.0,NEUTRAL,,MEGA,,,,,,,,,,0.0
MSUMI,,,,,,-0.41,,,,2026-07-30,,,,,,,,,,,,1.8,,0.0,,,,,,,,,,,,,,,,,,,,,,,,,,,,,,0.0,0.0,6.0,NEUTRAL,,LARGE,,,,,,,,,,0.0
MPHASIS,,,,,,-0.62,,,,2026-07-30,,,,,,,,,,,,4.2,,0.0,,,,,,,,,,,,,,,,,,,,,,,,,,,,,,0.0,0.0,7.0,NEUTRAL,,LARGE,,,,,,,,,,0.0
MCX,,,,,,-1.49,,,,2026-07-30,,,,,,,,,,,,-4.1,,0.0,,,,,,,,,,,,,,,,,,,,,,,,,,,,,,0.0,-92.7,5.0,NEUTRAL,,LARGE,,,,,,,,,,0.0
NMDC,,,,,,-0.98,,,,2026-07-30,,,,,,,,,,,,1.1,,0.0,,,,,,,,,,,,,,,,,,,,,,,,,,,,,,0.0,0.0,15.0,NEUTRAL,,LARGE,,,,,,,,,,0.0
NATIONALUM,,,,,,0.86,,,,2026-07-30,,,,,,,,,,,,1.1,,0.0,,,,,,,,,,,,,,,,,,,,,,,,,,,,,,0.0,0.0,13.0,NEUTRAL,,LARGE,,,,,,,,,,0.0
NAVINFLUOR,,,,,,-2.74,,,,2026-07-30,,,,,,,,,,,,1.1,,0.0,,,,,,,,,,,,,,,,,,,,,,,,,,,,,,0.0,0.0,5.0,NEUTRAL,,LARGE,,,,,,,,,,0.0
NETWEB,,,,,,-3.87,,,,2026-07-30,,,,,,,,,,,,4.2,,0.0,,,,,,,,,,,,,,,,,,,,,,,,,,,,,,0.0,0.0,0.0,NEUTRAL,,LARGE,,,,,,,,,,0.0
OBEROIRLTY,,,,,,-1.2,,,,2026-07-30,,,,,,,,,,,,3.8,,0.0,,,,,,,,,,,,,,,,,,,,,,,,,,,,,,0.0,0.0,5.0,NEUTRAL,,LARGE,,,,,,,,,,0.0
ONGC,,,,,,1.38,,,,2026-07-30,,,,,,,,,,,,-1.2,,0.0,,,,,,,,,,,,,,,,,,,,,,,,,,,,,,0.0,0.0,15.0,NEUTRAL,,MEGA,,,,,,,,,,0.0
OFSS,,,,,,-2.55,,,,2026-07-30,,,,,,,,,,,,4.2,,0.0,,,,,,,,,,,,,,,,,,,,,,,,,,,,,,0.0,0.0,3.0,NEUTRAL,,LARGE,,,,,,,,,,0.0
PAGEIND,,,,,,2.02,,,,2026-07-30,,,,,,,,,,,,1.8,,0.0,,,,,,,,,,,,,,,,,,,,,,,,,,,,,,0.0,0.0,3.0,NEUTRAL,,LARGE,,,,,,,,,,0.0
PATANJALI,,,,,,-0.22,,,,2026-07-30,,,,,,,,,,,,0.3,,0.0,,,,,,,,,,,,,,,,,,,,,,,,,,,,,,0.0,46.7,9.0,NEUTRAL,,LARGE,,,,,,,,,,0.0
RRKABEL,,,,,,0.13,,,,2026-07-30,,,,,,,,,,,,-2.6,,0.0,,,,,,,,,,,,,,,,,,,,,,,,,,,,,,0.0,0.0,3.0,NEUTRAL,,LARGE,,,,,,,,,,0.0
SARDAEN,,,,,,-2.25,,,,2026-07-30,,,,,,,,,,,,1.1,,1.2,,,,,,,,,,,,,,,,,,,,,,,,,,,,,,0.0,0.0,9.0,NEUTRAL,,MID,,,,,,,,,,0.0
SOLARINDS,,,,,,-0.15,,,,2026-07-30,,,,,,,,,,,,1.1,,0.0,,,,,,,,,,,,,,,,,,,,,,,,,,,,,,0.0,0.0,5.0,NEUTRAL,,MEGA,,,,,,,,,,0.0
TBOTEK,,,,,,-1.58,,,,2026-07-30,,,,,,,,,,,,1.8,,0.2,,,,,,,,,,,,,,,,,,,,,,,,,,,,,,0.0,0.0,-1.0,NEUTRAL,,MID,,,,,,,,,,0.0
TCS,,,,,,-0.6,,,,2026-07-30,,,,,,,,,,,,4.2,,0.0,,,,,,,,,,,,,,,,,,,,,,,,,,,,,,0.0,83.3,8.0,NEUTRAL,,MEGA,,,,,,,,,,0.0
TRENT,,,,,,-0.2,,,,2026-07-30,,,,,,,,,,,,1.8,,0.0,,,,,,,,,,,,,,,,,,,,,,,,,,,,,,0.0,0.0,5.0,NEUTRAL,,MEGA,,,,,,,,,,0.0
UNOMINDA,,,,,,0.35,,,,2026-07-30,,,,,,,,,,,,1.8,,0.0,,,,,,,,,,,,,,,,,,,,,,,,,,,,,,0.0,0.0,2.0,NEUTRAL,,LARGE,,,,,,,,,,0.0
VIJAYA,,,,,,-0.86,,,,2026-07-30,,,,,,,,,,,,0.1,,0.2,,,,,,,,,,,,,,,,,,,,,,,,,,,,,,0.0,0.0,2.0,NEUTRAL,,MID,,,,,,,,,,0.0
ZFCVINDIA,,,,,,-0.35,,,,2026-07-30,,,,,,,,,,,,1.8,,0.0,,,,,,,,,,,,,,,,,,,,,,,,,,,,,,0.0,0.0,6.0,NEUTRAL,,LARGE,,,,,,,,,,0.0
ZYDUSLIFE,,,,,,-0.68,,,,2026-07-30,,,,,,,,,,,,0.1,,0.0,,,,,,,,,,,,,,,,,,,,,,,,,,,,,,0.0,0.0,9.0,NEUTRAL,,MEGA,,,,,,,,,,0.0
ECLERX,,,,,,-2.1,,,,2026-07-30,,,,,,,,,,,,4.2,,-24.7,,,,,,,,,,,,,,,,,,,,,,,,,,,,,,-40.0,0.0,6.0,NEGATIVE,,MID,,,,,,,,,,-1.0
AIAENG,,,,,,0.6,,,,2026-07-31,,,,,,,,,,,,-1.5,,0.0,,,,,,,,,,,,,,,,,,,,,,,,,,,,,,0.0,0.0,5.0,NEUTRAL,,LARGE,,,,,,,,,,0.0
AFFLE,,,,,,-2.26,,,,2026-07-31,,,,,,,,,,,,4.7,,0.0,,,,,,,,,,,,,,,,,,,,,,,,,,,,,,0.0,0.0,-1.0,NEUTRAL,,LARGE,,,,,,,,,,0.0
APARINDS,,,,,,4.39,,,,2026-07-31,,,,,,,,,,,,-1.5,,0.0,,,,,,,,,,,,,,,,,,,,,,,,,,,,,,0.0,0.0,3.0,NEUTRAL,,LARGE,,,,,,,,,,0.0
ASIANPAINT,,,,,,0.04,,,,2026-07-31,,,,,,,,,,,,1.5,,0.0,,,,,,,,,,,,,,,,,,,,,,,,,,,,,,0.0,0.0,-3.0,NEUTRAL,,MEGA,,,,,,,,,,0.0
BLS,,,,,,0.27,,,,2026-07-31,,,,,,,,,,,,-1.5,,1.2,,,,,,,,,,,,,,,,,,,,,,,,,,,,,,0.0,0.0,13.0,NEUTRAL,,MID,,,,,,,,,,0.0
BSE,,,,,,3.28,,,,2026-07-31,,,,,,,,,,,,-1.9,,0.0,,,,,,,,,,,,,,,,,,,,,,,,,,,,,,0.0,4.9,3.0,NEUTRAL,,MEGA,,,,,,,,,,0.0
BEL,,,,,,0.77,,,,2026-07-31,,,,,,,,,,,,-1.5,,0.0,,,,,,,,,,,,,,,,,,,,,,,,,,,,,,0.0,0.0,1.0,NEUTRAL,,MEGA,,,,,,,,,,0.0
BIKAJI,,,,,,-0.32,,,,2026-07-31,,,,,,,,,,,,-0.7,,0.1,,,,,,,,,,,,,,,,,,,,,,,,,,,,,,0.0,0.0,2.0,NEUTRAL,,MID,,,,,,,,,,0.0
BLUESTARCO,,,,,,-0.6,,,,2026-07-31,,,,,,,,,,,,-1.5,,0.0,,,,,,,,,,,,,,,,,,,,,,,,,,,,,,0.0,0.0,2.0,NEUTRAL,,LARGE,,,,,,,,,,0.0
BRITANNIA,,,,,,-1.95,,,,2026-07-31,,,,,,,,,,,,-0.7,,0.0,,,,,,,,,,,,,,,,,,,,,,,,,,,,,,0.0,-1.7,3.0,NEUTRAL,,MEGA,,,,,,,,,,0.0
CAPLIPOINT,,,,,,-0.77,,,,2026-07-31,,,,,,,,,,,,-1.1,,0.4,,,,,,,,,,,,,,,,,,,,,,,,,,,,,,0.0,0.0,5.0,NEUTRAL,,MID,,,,,,,,,,0.0
CEMPRO,,,,,,0.67,,,,2026-07-31,,,,,,,,,,,,-1.5,,0.0,,,,,,,,,,,,,,,,,,,,,,,,,,,,,,0.0,0.0,3.0,NEUTRAL,,LARGE,,,,,,,,,,0.0
DOMS,,,,,,0.22,,,,2026-07-31,,,,,,,,,,,,-1.5,,0.3,,,,,,,,,,,,,,,,,,,,,,,,,,,,,,0.0,0.0,5.0,NEUTRAL,,MID,,,,,,,,,,0.0
DIXON,,,,,,-2.02,,,,2026-07-31,,,,,,,,,,,,3.4,,-21.9,,,,,,,,,,,,,,,,,,,,,,,,,,,,,,-40.0,7.4,5.0,NEGATIVE,,LARGE,,,,,,,,,,-1.0
ELGIEQUIP,,,,,,0.09,,,,2026-07-31,,,,,,,,,,,,-1.5,,0.6,,,,,,,,,,,,,,,,,,,,,,,,,,,,,,0.0,0.0,8.0,NEUTRAL,,MID,,,,,,,,,,0.0
ENDURANCE,,,,,,-1.64,,,,2026-07-31,,,,,,,,,,,,1.9,,0.0,,,,,,,,,,,,,,,,,,,,,,,,,,,,,,0.0,0.0,5.0,NEUTRAL,,LARGE,,,,,,,,,,0.0
GABRIEL,,,,,,3.58,,,,2026-07-31,,,,,,,,,,,,1.9,,0.0,,,,,,,,,,,,,,,,,,,,,,,,,,,,,,0.0,0.0,0.0,NEUTRAL,,LARGE,,,,,,,,,,0.0
MEDANTA,,,,,,-0.76,,,,2026-07-31,,,,,,,,,,,,-1.1,,0.0,,,,,,,,,,,,,,,,,,,,,,,,,,,,,,0.0,0.0,0.0,NEUTRAL,,LARGE,,,,,,,,,,0.0
GRANULES,,,,,,-1.12,,,,2026-07-31,,,,,,,,,,,,-1.1,,0.0,,,,,,,,,,,,,,,,,,,,,,,,,,,,,,0.0,0.0,5.0,NEUTRAL,,LARGE,,,,,,,,,,0.0
GRAVITA,,,,,,2.43,,,,2026-07-31,,,,,,,,,,,,-1.5,,0.3,,,,,,,,,,,,,,,,,,,,,,,,,,,,,,0.0,0.0,5.0,NEUTRAL,,MID,,,,,,,,,,0.0
HSCL,,,,,,-1.3,,,,2026-07-31,,,,,,,,,,,,1.5,,0.0,,,,,,,,,,,,,,,,,,,,,,,,,,,,,,0.0,0.0,3.0,NEUTRAL,,LARGE,,,,,,,,,,0.0
HINDZINC,,,,,,0.62,,,,2026-07-31,,,,,,,,,,,,1.5,,0.0,,,,,,,,,,,,,,,,,,,,,,,,,,,,,,0.0,0.0,8.0,NEUTRAL,,MEGA,,,,,,,,,,0.0
INDHOTEL,,,,,,-1.43,,,,2026-07-31,,,,,,,,,,,,1.9,,0.0,,,,,,,,,,,,,,,,,,,,,,,,,,,,,,0.0,0.0,3.0,NEUTRAL,,MEGA,,,,,,,,,,0.0
JSL,,,,,,-0.4,,,,2026-07-31,,,,,,,,,,,,1.5,,0.0,,,,,,,,,,,,,,,,,,,,,,,,,,,,,,0.0,0.0,7.0,NEUTRAL,,LARGE,,,,,,,,,,0.0
KPIL,,,,,,0.54,,,,2026-07-31,,,,,,,,,,,,-1.5,,0.0,,,,,,,,,,,,,,,,,,,,,,,,,,,,,,0.0,0.0,9.0,NEUTRAL,,LARGE,,,,,,,,,,0.0
LODHA,,,,,,-3.36,,,,2026-07-31,,,,,,,,,,,,1.7,,0.0,,,,,,,,,,,,,,,,,,,,,,,,,,,,,,0.0,0.0,3.0,NEUTRAL,,MEGA,,,,,,,,,,0.0
LUPIN,,,,,,-0.26,,,,2026-07-31,,,,,,,,,,,,-1.1,,0.0,,,,,,,,,,,,,,,,,,,,,,,,,,,,,,0.0,41.0,12.0,NEUTRAL,,MEGA,,,,,,,,,,0.0
MRF,,,,,,-1.55,,,,2026-07-31,,,,,,,,,,,,1.9,,0.0,,,,,,,,,,,,,,,,,,,,,,,,,,,,,,0.0,0.0,9.0,NEUTRAL,,LARGE,,,,,,,,,,0.0
MANKIND,,,,,,-4.13,,,,2026-07-31,,,,,,,,,,,,-1.1,,0.0,,,,,,,,,,,,,,,,,,,,,,,,,,,,,,0.0,39.5,3.0,NEUTRAL,,MEGA,,,,,,,,,,0.0
MARICO,,,,,,-1.66,,,,2026-07-31,,,,,,,,,,,,-0.7,,0.0,,,,,,,,,,,,,,,,,,,,,,,,,,,,,,0.0,0.0,5.0,NEUTRAL,,MEGA,,,,,,,,,,0.0
MAXHEALTH,,,,,,-2.34,,,,2026-07-31,,,,,,,,,,,,-1.1,,0.0,,,,,,,,,,,,,,,,,,,,,,,,,,,,,,0.0,0.0,2.0,NEUTRAL,,MEGA,,,,,,,,,,0.0
MSUMI,,,,,,-1.07,,,,2026-07-31,,,,,,,,,,,,1.9,,0.0,,,,,,,,,,,,,,,,,,,,,,,,,,,,,,0.0,0.0,6.0,NEUTRAL,,LARGE,,,,,,,,,,0.0
MPHASIS,,,,,,-0.19,,,,2026-07-31,,,,,,,,,,,,3.4,,0.0,,,,,,,,,,,,,,,,,,,,,,,,,,,,,,0.0,0.0,7.0,NEUTRAL,,LARGE,,,,,,,,,,0.0
MCX,,,,,,0.57,,,,2026-07-31,,,,,,,,,,,,-1.9,,0.0,,,,,,,,,,,,,,,,,,,,,,,,,,,,,,0.0,-95.6,5.0,NEUTRAL,,LARGE,,,,,,,,,,0.0
NMDC,,,,,,0.04,,,,2026-07-31,,,,,,,,,,,,1.5,,0.0,,,,,,,,,,,,,,,,,,,,,,,,,,,,,,0.0,0.0,15.0,NEUTRAL,,LARGE,,,,,,,,,,0.0
NATIONALUM,,,,,,0.69,,,,2026-07-31,,,,,,,,,,,,1.5,,0.0,,,,,,,,,,,,,,,,,,,,,,,,,,,,,,0.0,0.0,13.0,NEUTRAL,,LARGE,,,,,,,,,,0.0
NAVINFLUOR,,,,,,2.45,,,,2026-07-31,,,,,,,,,,,,1.5,,0.0,,,,,,,,,,,,,,,,,,,,,,,,,,,,,,0.0,0.0,5.0,NEUTRAL,,LARGE,,,,,,,,,,0.0
NETWEB,,,,,,7.84,,,,2026-07-31,,,,,,,,,,,,3.4,,0.0,,,,,,,,,,,,,,,,,,,,,,,,,,,,,,0.0,0.0,0.0,NEUTRAL,,LARGE,,,,,,,,,,0.0
OBEROIRLTY,,,,,,0.73,,,,2026-07-31,,,,,,,,,,,,1.7,,0.0,,,,,,,,,,,,,,,,,,,,,,,,,,,,,,0.0,0.0,5.0,NEUTRAL,,LARGE,,,,,,,,,,0.0
ONGC,,,,,,0.39,,,,2026-07-31,,,,,,,,,,,,-1.0,,0.0,,,,,,,,,,,,,,,,,,,,,,,,,,,,,,0.0,0.0,15.0,NEUTRAL,,MEGA,,,,,,,,,,0.0
OFSS,,,,,,0.45,,,,2026-07-31,,,,,,,,,,,,3.4,,0.0,,,,,,,,,,,,,,,,,,,,,,,,,,,,,,0.0,0.0,3.0,NEUTRAL,,LARGE,,,,,,,,,,0.0
PAGEIND,,,,,,-1.73,,,,2026-07-31,,,,,,,,,,,,1.9,,0.0,,,,,,,,,,,,,,,,,,,,,,,,,,,,,,0.0,0.0,3.0,NEUTRAL,,LARGE,,,,,,,,,,0.0
PATANJALI,,,,,,-0.49,,,,2026-07-31,,,,,,,,,,,,-0.7,,0.0,,,,,,,,,,,,,,,,,,,,,,,,,,,,,,0.0,13.8,9.0,NEUTRAL,,LARGE,,,,,,,,,,0.0
RRKABEL,,,,,,1.58,,,,2026-07-31,,,,,,,,,,,,-1.5,,0.0,,,,,,,,,,,,,,,,,,,,,,,,,,,,,,0.0,0.0,3.0,NEUTRAL,,LARGE,,,,,,,,,,0.0
SARDAEN,,,,,,0.94,,,,2026-07-31,,,,,,,,,,,,1.5,,1.2,,,,,,,,,,,,,,,,,,,,,,,,,,,,,,0.0,0.0,9.0,NEUTRAL,,MID,,,,,,,,,,0.0
SOLARINDS,,,,,,1.87,,,,2026-07-31,,,,,,,,,,,,1.5,,0.0,,,,,,,,,,,,,,,,,,,,,,,,,,,,,,0.0,0.0,5.0,NEUTRAL,,MEGA,,,,,,,,,,0.0
TBOTEK,,,,,,2.18,,,,2026-07-31,,,,,,,,,,,,1.9,,-0.0,,,,,,,,,,,,,,,,,,,,,,,,,,,,,,0.0,0.0,-3.0,NEUTRAL,,MID,,,,,,,,,,0.0
TCS,,,,,,-2.72,,,,2026-07-31,,,,,,,,,,,,3.4,,0.0,,,,,,,,,,,,,,,,,,,,,,,,,,,,,,0.0,0.0,8.0,NEUTRAL,,MEGA,,,,,,,,,,0.0
TRENT,,,,,,0.22,,,,2026-07-31,,,,,,,,,,,,1.9,,0.0,,,,,,,,,,,,,,,,,,,,,,,,,,,,,,0.0,0.0,5.0,NEUTRAL,,MEGA,,,,,,,,,,0.0
UNOMINDA,,,,,,0.66,,,,2026-07-31,,,,,,,,,,,,1.9,,0.0,,,,,,,,,,,,,,,,,,,,,,,,,,,,,,0.0,0.0,2.0,NEUTRAL,,LARGE,,,,,,,,,,0.0
VIJAYA,,,,,,-1.16,,,,2026-07-31,,,,,,,,,,,,-1.1,,0.0,,,,,,,,,,,,,,,,,,,,,,,,,,,,,,0.0,0.0,2.0,NEUTRAL,,MID,,,,,,,,,,0.0
ZFCVINDIA,,,,,,1.54,,,,2026-07-31,,,,,,,,,,,,1.9,,0.0,,,,,,,,,,,,,,,,,,,,,,,,,,,,,,0.0,0.0,6.0,NEUTRAL,,LARGE,,,,,,,,,,0.0
ZYDUSLIFE,,,,,,1.05,,,,2026-07-31,,,,,,,,,,,,-1.1,,0.0,,,,,,,,,,,,,,,,,,,,,,,,,,,,,,0.0,0.0,9.0,NEUTRAL,,MEGA,,,,,,,,,,0.0
ECLERX,,,,,,-3.42,,,,2026-07-31,,,,,,,,,,,,3.4,,-24.6,,,,,,,,,,,,,,,,,,,,,,,,,,,,,,-40.0,0.0,8.0,NEGATIVE,,MID,,,,,,,,,,-1.0
AIAENG,,,,,,2.04,,,,2026-08-03,,,,,,,,,,,,0.4,,0.0,,,,,,,,,,,,,,,,,,,,,,,,,,,,,,0.0,0.0,5.0,NEUTRAL,,LARGE,,,,,,,,,,0.0
AFFLE,,,,,,4.85,,,,2026-08-03,,,,,,,,,,,,9.1,,0.0,,,,,,,,,,,,,,,,,,,,,,,,,,,,,,0.0,0.0,-1.0,NEUTRAL,,LARGE,,,,,,,,,,0.0
APARINDS,,,,,,2.77,,,,2026-08-03,,,,,,,,,,,,0.4,,0.0,,,,,,,,,,,,,,,,,,,,,,,,,,,,,,0.0,0.0,0.0,NEUTRAL,,LARGE,,,,,,,,,,0.0
ASIANPAINT,,,,,,2.28,,,,2026-08-03,,,,,,,,,,,,2.2,,0.0,,,,,,,,,,,,,,,,,,,,,,,,,,,,,,0.0,0.0,-3.0,NEUTRAL,,MEGA,,,,,,,,,,0.0
BLS,,,,,,4.74,,,,2026-08-03,,,,,,,,,,,,0.4,,1.2,,,,,,,,,,,,,,,,,,,,,,,,,,,,,,0.0,0.0,10.0,NEUTRAL,,MID,,,,,,,,,,0.0
BSE,,,,,,-1.95,,,,2026-08-03,,,,,,,,,,,,-3.4,,0.0,,,,,,,,,,,,,,,,,,,,,,,,,,,,,,0.0,29.6,3.0,NEUTRAL,,MEGA,,,,,,,,,,0.0
BEL,,,,,,1.11,,,,2026-08-03,,,,,,,,,,,,0.4,,0.0,,,,,,,,,,,,,,,,,,,,,,,,,,,,,,0.0,0.0,1.0,NEUTRAL,,MEGA,,,,,,,,,,0.0
BIKAJI,,,,,,1.3,,,,2026-08-03,,,,,,,,,,,,1.2,,0.4,,,,,,,,,,,,,,,,,,,,,,,,,,,,,,0.0,0.0,2.0,NEUTRAL,,MID,,,,,,,,,,0.0
BLUESTARCO,,,,,,2.86,,,,2026-08-03,,,,,,,,,,,,0.4,,0.0,,,,,,,,,,,,,,,,,,,,,,,,,,,,,,0.0,0.0,2.0,NEUTRAL,,LARGE,,,,,,,,,,0.0
BRITANNIA,,,,,,2.11,,,,2026-08-03,,,,,,,,,,,,1.2,,0.0,,,,,,,,,,,,,,,,,,,,,,,,,,,,,,0.0,-1.7,3.0,NEUTRAL,,MEGA,,,,,,,,,,0.0
CAPLIPOINT,,,,,,1.96,,,,2026-08-03,,,,,,,,,,,,-0.3,,0.5,,,,,,,,,,,,,,,,,,,,,,,,,,,,,,0.0,0.0,5.0,NEUTRAL,,MID,,,,,,,,,,0.0
CEMPRO,,,,,,-0.33,,,,2026-08-03,,,,,,,,,,,,0.4,,0.0,,,,,,,,,,,,,,,,,,,,,,,,,,,,,,0.0,0.0,3.0,NEUTRAL,,LARGE,,,,,,,,,,0.0
DOMS,,,,,,1.42,,,,2026-08-03,,,,,,,,,,,,0.4,,0.6,,,,,,,,,,,,,,,,,,,,,,,,,,,,,,0.0,0.0,5.0,NEUTRAL,,MID,,,,,,,,,,0.0
DIXON,,,,,,-1.12,,,,2026-08-03,,,,,,,,,,,,5.2,,0.0,,,,,,,,,,,,,,,,,,,,,,,,,,,,,,0.0,-81.1,3.0,NEUTRAL,,LARGE,,,,,,,,,,0.0
ELGIEQUIP,,,,,,2.27,,,,2026-08-03,,,,,,,,,,,,0.4,,-25.1,,,,,,,,,,,,,,,,,,,,,,,,,,,,,,-40.0,0.0,8.0,NEGATIVE,,MID,,,,,,,,,,-1.0
ENDURANCE,,,,,,1.06,,,,2026-08-03,,,,,,,,,,,,4.0,,0.0,,,,,,,,,,,,,,,,,,,,,,,,,,,,,,0.0,0.0,5.0,NEUTRAL,,LARGE,,,,,,,,,,0.0
GABRIEL,,,,,,5.94,,,,2026-08-03,,,,,,,,,,,,4.0,,0.0,,,,,,,,,,,,,,,,,,,,,,,,,,,,,,0.0,0.0,0.0,NEUTRAL,,LARGE,,,,,,,,,,0.0
MEDANTA,,,,,,2.8,,,,2026-08-03,,,,,,,,,,,,-0.3,,0.0,,,,,,,,,,,,,,,,,,,,,,,,,,,,,,0.0,0.0,0.0,NEUTRAL,,LARGE,,,,,,,,,,0.0
GRANULES,,,,,,2.25,,,,2026-08-03,,,,,,,,,,,,-0.3,,0.0,,,,,,,,,,,,,,,,,,,,,,,,,,,,,,0.0,0.0,5.0,NEUTRAL,,LARGE,,,,,,,,,,0.0
GRAVITA,,,,,,2.94,,,,2026-08-03,,,,,,,,,,,,0.4,,0.6,,,,,,,,,,,,,,,,,,,,,,,,,,,,,,0.0,0.0,5.0,NEUTRAL,,MID,,,,,,,,,,0.0
HSCL,,,,,,0.0,,,,2026-08-03,,,,,,,,,,,,2.2,,0.0,,,,,,,,,,,,,,,,,,,,,,,,,,,,,,0.0,0.0,3.0,NEUTRAL,,LARGE,,,,,,,,,,0.0
HINDZINC,,,,,,1.45,,,,2026-08-03,,,,,,,,,,,,2.2,,0.0,,,,,,,,,,,,,,,,,,,,,,,,,,,,,,0.0,0.0,8.0,NEUTRAL,,MEGA,,,,,,,,,,0.0
INDHOTEL,,,,,,1.82,,,,2026-08-03,,,,,,,,,,,,4.0,,0.0,,,,,,,,,,,,,,,,,,,,,,,,,,,,,,0.0,0.0,3.0,NEUTRAL,,MEGA,,,,,,,,,,0.0
JSL,,,,,,-0.42,,,,2026-08-03,,,,,,,,,,,,2.2,,0.0,,,,,,,,,,,,,,,,,,,,,,,,,,,,,,0.0,0.0,7.0,NEUTRAL,,LARGE,,,,,,,,,,0.0
KPIL,,,,,,-0.47,,,,2026-08-03,,,,,,,,,,,,0.4,,0.0,,,,,,,,,,,,,,,,,,,,,,,,,,,,,,0.0,0.0,9.0,NEUTRAL,,LARGE,,,,,,,,,,0.0
LODHA,,,,,,-0.33,,,,2026-08-03,,,,,,,,,,,,2.0,,0.0,,,,,,,,,,,,,,,,,,,,,,,,,,,,,,0.0,0.0,3.0,NEUTRAL,,MEGA,,,,,,,,,,0.0
LUPIN,,,,,,-0.91,,,,2026-08-03,,,,,,,,,,,,-0.3,,0.0,,,,,,,,,,,,,,,,,,,,,,,,,,,,,,0.0,0.0,12.0,NEUTRAL,,MEGA,,,,,,,,,,0.0
MRF,,,,,,0.72,,,,2026-08-03,,,,,,,,,,,,4.0,,0.0,,,,,,,,,,,,,,,,,,,,,,,,,,,,,,0.0,0.0,9.0,NEUTRAL,,LARGE,,,,,,,,,,0.0
MANKIND,,,,,,0.54,,,,2026-08-03,,,,,,,,,,,,-0.3,,0.0,,,,,,,,,,,,,,,,,,,,,,,,,,,,,,0.0,0.0,0.0,NEUTRAL,,MEGA,,,,,,,,,,0.0
MARICO,,,,,,1.18,,,,2026-08-03,,,,,,,,,,,,1.2,,0.0,,,,,,,,,,,,,,,,,,,,,,,,,,,,,,0.0,0.0,5.0,NEUTRAL,,MEGA,,,,,,,,,,0.0
MAXHEALTH,,,,,,0.17,,,,2026-08-03,,,,,,,,,,,,-0.3,,0.0,,,,,,,,,,,,,,,,,,,,,,,,,,,,,,0.0,0.0,2.0,NEUTRAL,,MEGA,,,,,,,,,,0.0
MSUMI,,,,,,2.14,,,,2026-08-03,,,,,,,,,,,,4.0,,0.0,,,,,,,,,,,,,,,,,,,,,,,,,,,,,,0.0,0.0,6.0,NEUTRAL,,LARGE,,,,,,,,,,0.0
MPHASIS,,,,,,3.7,,,,2026-08-03,,,,,,,,,,,,5.2,,0.0,,,,,,,,,,,,,,,,,,,,,,,,,,,,,,0.0,0.0,7.0,NEUTRAL,,LARGE,,,,,,,,,,0.0
MCX,,,,,,-1.86,,,,2026-08-03,,,,,,,,,,,,-3.4,,0.0,,,,,,,,,,,,,,,,,,,,,,,,,,,,,,0.0,0.0,5.0,NEUTRAL,,LARGE,,,,,,,,,,0.0
NMDC,,,,,,-1.46,,,,2026-08-03,,,,,,,,,,,,2.2,,0.0,,,,,,,,,,,,,,,,,,,,,,,,,,,,,,0.0,0.0,15.0,NEUTRAL,,LARGE,,,,,,,,,,0.0
NATIONALUM,,,,,,5.41,,,,2026-08-03,,,,,,,,,,,,2.2,,0.0,,,,,,,,,,,,,,,,,,,,,,,,,,,,,,0.0,0.0,8.0,NEUTRAL,,LARGE,,,,,,,,,,0.0
NAVINFLUOR,,,,,,-0.17,,,,2026-08-03,,,,,,,,,,,,2.2,,0.0,,,,,,,,,,,,,,,,,,,,,,,,,,,,,,0.0,0.0,5.0,NEUTRAL,,LARGE,,,,,,,,,,0.0
NETWEB,,,,,,1.37,,,,2026-08-03,,,,,,,,,,,,5.2,,0.0,,,,,,,,,,,,,,,,,,,,,,,,,,,,,,0.0,0.0,0.0,NEUTRAL,,LARGE,,,,,,,,,,0.0
OBEROIRLTY,,,,,,1.83,,,,2026-08-03,,,,,,,,,,,,2.0,,0.0,,,,,,,,,,,,,,,,,,,,,,,,,,,,,,0.0,0.0,5.0,NEUTRAL,,LARGE,,,,,,,,,,0.0
ONGC,,,,,,-0.22,,,,2026-08-03,,,,,,,,,,,,-1.3,,0.0,,,,,,,,,,,,,,,,,,,,,,,,,,,,,,0.0,18.1,15.0,NEUTRAL,,MEGA,,,,,,,,,,0.0
OFSS,,,,,,1.31,,,,2026-08-03,,,,,,,,,,,,5.2,,0.0,,,,,,,,,,,,,,,,,,,,,,,,,,,,,,0.0,0.0,6.0,NEUTRAL,,LARGE,,,,,,,,,,0.0
PAGEIND,,,,,,-0.43,,,,2026-08-03,,,,,,,,,,,,4.0,,0.0,,,,,,,,,,,,,,,,,,,,,,,,,,,,,,0.0,0.0,3.0,NEUTRAL,,LARGE,,,,,,,,,,0.0
PATANJALI,,,,,,2.65,,,,2026-08-03,,,,,,,,,,,,1.2,,0.0,,,,,,,,,,,,,,,,,,,,,,,,,,,,,,0.0,0.0,9.0,NEUTRAL,,LARGE,,,,,,,,,,0.0
RRKABEL,,,,,,1.12,,,,2026-08-03,,,,,,,,,,,,0.4,,0.0,,,,,,,,,,,,,,,,,,,,,,,,,,,,,,0.0,0.0,3.0,NEUTRAL,,LARGE,,,,,,,,,,0.0
SARDAEN,,,,,,-0.08,,,,2026-08-03,,,,,,,,,,,,2.2,,1.1,,,,,,,,,,,,,,,,,,,,,,,,,,,,,,0.0,0.0,7.0,NEUTRAL,,MID,,,,,,,,,,0.0
SOLARINDS,,,,,,1.46,,,,2026-08-03,,,,,,,,,,,,2.2,,-25.1,,,,,,,,,,,,,,,,,,,,,,,,,,,,,,-40.0,0.0,5.0,NEGATIVE,,MEGA,,,,,,,,,,-1.0
TBOTEK,,,,,,5.53,,,,2026-08-03,,,,,,,,,,,,4.0,,0.3,,,,,,,,,,,,,,,,,,,,,,,,,,,,,,0.0,0.0,-3.0,NEUTRAL,,MID,,,,,,,,,,0.0
TCS,,,,,,4.57,,,,2026-08-03,,,,,,,,,,,,5.2,,0.0,,,,,,,,,,,,,,,,,,,,,,,,,,,,,,0.0,78.5,8.0,NEUTRAL,,MEGA,,,,,,,,,,0.0
TRENT,,,,,,1.47,,,,2026-08-03,,,,,,,,,,,,4.0,,0.0,,,,,,,,,,,,,,,,,,,,,,,,,,,,,,0.0,0.0,5.0,NEUTRAL,,MEGA,,,,,,,,,,0.0
UNOMINDA,,,,,,2.5,,,,2026-08-03,,,,,,,,,,,,4.0,,0.0,,,,,,,,,,,,,,,,,,,,,,,,,,,,,,0.0,0.0,2.0,NEUTRAL,,LARGE,,,,,,,,,,0.0
VIJAYA,,,,,,0.71,,,,2026-08-03,,,,,,,,,,,,-0.3,,0.2,,,,,,,,,,,,,,,,,,,,,,,,,,,,,,0.0,0.0,2.0,NEUTRAL,,MID,,,,,,,,,,0.0
ZFCVINDIA,,,,,,1.24,,,,2026-08-03,,,,,,,,,,,,4.0,,0.0,,,,,,,,,,,,,,,,,,,,,,,,,,,,,,0.0,0.0,6.0,NEUTRAL,,LARGE,,,,,,,,,,0.0
ZYDUSLIFE,,,,,,-0.51,,,,2026-08-03,,,,,,,,,,,,-0.3,,0.0,,,,,,,,,,,,,,,,,,,,,,,,,,,,,,0.0,0.0,9.0,NEUTRAL,,MEGA,,,,,,,,,,0.0
ECLERX,,,,,,4.16,,,,2026-08-03,,,,,,,,,,,,5.2,,-24.5,,,,,,,,,,,,,,,,,,,,,,,,,,,,,,-40.0,0.0,6.0,NEGATIVE,,MID,,,,,,,,,,-1.0
AIAENG,,,,,,-1.23,,,,2026-08-04,,,,,,,,,,,,0.1,,0.0,,,,,,,,,,,,,,,,,,,,,,,,,,,,,,0.0,0.0,5.0,NEUTRAL,,LARGE,,,,,,,,,,0.0
AFFLE,,,,,,1.22,,,,2026-08-04,,,,,,,,,,,,9.8,,0.0,,,,,,,,,,,,,,,,,,,,,,,,,,,,,,0.0,0.0,2.0,NEUTRAL,,LARGE,,,,,,,,,,0.0
APARINDS,,,,,,4.66,,,,2026-08-04,,,,,,,,,,,,0.1,,0.0,,,,,,,,,,,,,,,,,,,,,,,,,,,,,,0.0,0.0,0.0,NEUTRAL,,LARGE,,,,,,,,,,0.0
ASIANPAINT,,,,,,-1.25,,,,2026-08-04,,,,,,,,,,,,2.6,,0.0,,,,,,,,,,,,,,,,,,,,,,,,,,,,,,0.0,0.0,-3.0,NEUTRAL,,MEGA,,,,,,,,,,0.0
BLS,,,,,,-1.12,,,,2026-08-04,,,,,,,,,,,,0.1,,1.4,,,,,,,,,,,,,,,,,,,,,,,,,,,,,,0.0,0.0,13.0,NEUTRAL,,MID,,,,,,,,,,0.0
BSE,,,,,,1.2,,,,2026-08-04,,,,,,,,,,,,-1.9,,0.0,,,,,,,,,,,,,,,,,,,,,,,,,,,,,,0.0,31.2,3.0,NEUTRAL,,MEGA,,,,,,,,,,0.0
BEL,,,,,,-0.17,,,,2026-08-04,,,,,,,,,,,,0.1,,0.0,,,,,,,,,,,,,,,,,,,,,,,,,,,,,,0.0,14.5,1.0,NEUTRAL,,MEGA,,,,,,,,,,0.0
BIKAJI,,,,,,-0.32,,,,2026-08-04,,,,,,,,,,,,0.5,,0.3,,,,,,,,,,,,,,,,,,,,,,,,,,,,,,0.0,0.0,2.0,NEUTRAL,,MID,,,,,,,,,,0.0
BLUESTARCO,,,,,,-2.56,,,,2026-08-04,,,,,,,,,,,,0.1,,0.0,,,,,,,,,,,,,,,,,,,,,,,,,,,,,,0.0,0.0,2.0,NEUTRAL,,LARGE,,,,,,,,,,0.0
BRITANNIA,,,,,,-0.96,,,,2026-08-04,,,,,,,,,,,,0.5,,0.0,,,,,,,,,,,,,,,,,,,,,,,,,,,,,,0.0,0.0,3.0,NEUTRAL,,MEGA,,,,,,,,,,0.0
CAPLIPOINT,,,,,,0.23,,,,2026-08-04,,,,,,,,,,,,-0.6,,0.5,,,,,,,,,,,,,,,,,,,,,,,,,,,,,,0.0,0.0,5.0,NEUTRAL,,MID,,,,,,,,,,0.0
CEMPRO,,,,,,-2.46,,,,2026-08-04,,,,,,,,,,,,0.1,,0.0,,,,,,,,,,,,,,,,,,,,,,,,,,,,,,0.0,0.0,3.0,NEUTRAL,,LARGE,,,,,,,,,,0.0
DOMS,,,,,,-1.7,,,,2026-08-04,,,,,,,,,,,,0.1,,0.6,,,,,,,,,,,,,,,,,,,,,,,,,,,,,,0.0,0.0,5.0,NEUTRAL,,MID,,,,,,,,,,0.0
DIXON,,,,,,0.69,,,,2026-08-04,,,,,,,,,,,,5.3,,0.0,,,,,,,,,,,,,,,,,,,,,,,,,,,,,,0.0,0.0,3.0,NEUTRAL,,LARGE,,,,,,,,,,0.0
ELGIEQUIP,,,,,,1.48,,,,2026-08-04,,,,,,,,,,,,0.1,,0.9,,,,,,,,,,,,,,,,,,,,,,,,,,,,,,0.0,0.0,8.0,NEUTRAL,,MID,,,,,,,,,,0.0
ENDURANCE,,,,,,1.83,,,,2026-08-04,,,,,,,,,,,,4.1,,0.0,,,,,,,,,,,,,,,,,,,,,,,,,,,,,,0.0,0.0,5.0,NEUTRAL,,LARGE,,,,,,,,,,0.0
GABRIEL,,,,,,0.22,,,,2026-08-04,,,,,,,,,,,,4.1,,0.0,,,,,,,,,,,,,,,,,,,,,,,,,,,,,,0.0,0.0,0.0,NEUTRAL,,LARGE,,,,,,,,,,0.0
MEDANTA,,,,,,-0.68,,,,2026-08-04,,,,,,,,,,,,-0.6,,0.0,,,,,,,,,,,,,,,,,,,,,,,,,,,,,,0.0,-1.7,0.0,NEUTRAL,,LARGE,,,,,,,,,,0.0
GRANULES,,,,,,-2.08,,,,2026-08-04,,,,,,,,,,,,-0.6,,0.0,,,,,,,,,,,,,,,,,,,,,,,,,,,,,,0.0,0.0,5.0,NEUTRAL,,LARGE,,,,,,,,,,0.0
GRAVITA,,,,,,-0.32,,,,2026-08-04,,,,,,,,,,,,0.1,,0.6,,,,,,,,,,,,,,,,,,,,,,,,,,,,,,0.0,0.0,5.0,NEUTRAL,,MID,,,,,,,,,,0.0
HSCL,,,,,,0.13,,,,2026-08-04,,,,,,,,,,,,2.6,,0.0,,,,,,,,,,,,,,,,,,,,,,,,,,,,,,0.0,0.0,3.0,NEUTRAL,,LARGE,,,,,,,,,,0.0
HINDZINC,,,,,,2.91,,,,2026-08-04,,,,,,,,,,,,2.6,,0.0,,,,,,,,,,,,,,,,,,,,,,,,,,,,,,0.0,0.0,8.0,NEUTRAL,,MEGA,,,,,,,,,,0.0
INDHOTEL,,,,,,-0.27,,,,2026-08-04,,,,,,,,,,,,4.1,,0.0,,,,,,,,,,,,,,,,,,,,,,,,,,,,,,0.0,0.0,3.0,NEUTRAL,,MEGA,,,,,,,,,,0.0
JSL,,,,,,0.54,,,,2026-08-04,,,,,,,,,,,,2.6,,0.0,,,,,,,,,,,,,,,,,,,,,,,,,,,,,,0.0,0.0,7.0,NEUTRAL,,LARGE,,,,,,,,,,0.0
KPIL,,,,,,-0.3,,,,2026-08-04,,,,,,,,,,,,0.1,,0.0,,,,,,,,,,,,,,,,,,,,,,,,,,,,,,0.0,0.0,9.0,NEUTRAL,,LARGE,,,,,,,,,,0.0
LODHA,,,,,,-0.81,,,,2026-08-04,,,,,,,,,,,,-0.8,,0.0,,,,,,,,,,,,,,,,,,,,,,,,,,,,,,0.0,0.0,3.0,NEUTRAL,,MEGA,,,,,,,,,,0.0
LUPIN,,,,,,0.71,,,,2026-08-04,,,,,,,,,,,,-0.6,,0.0,,,,,,,,,,,,,,,,,,,,,,,,,,,,,,0.0,0.0,12.0,NEUTRAL,,MEGA,,,,,,,,,,0.0
MRF,,,,,,-0.74,,,,2026-08-04,,,,,,,,,,,,4.1,,0.0,,,,,,,,,,,,,,,,,,,,,,,,,,,,,,0.0,0.0,9.0,NEUTRAL,,LARGE,,,,,,,,,,0.0
MANKIND,,,,,,-1.81,,,,2026-08-04,,,,,,,,,,,,-0.6,,0.0,,,,,,,,,,,,,,,,,,,,,,,,,,,,,,0.0,0.0,3.0,NEUTRAL,,MEGA,,,,,,,,,,0.0
MARICO,,,,,,-0.68,,,,2026-08-04,,,,,,,,,,,,0.5,,0.0,,,,,,,,,,,,,,,,,,,,,,,,,,,,,,0.0,0.0,5.0,NEUTRAL,,MEGA,,,,,,,,,,0.0
MAXHEALTH,,,,,,-2.13,,,,2026-08-04,,,,,,,,,,,,-0.6,,0.0,,,,,,,,,,,,,,,,,,,,,,,,,,,,,,0.0,0.0,2.0,NEUTRAL,,MEGA,,,,,,,,,,0.0
MSUMI,,,,,,-4.17,,,,2026-08-04,,,,,,,,,,,,4.1,,0.0,,,,,,,,,,,,,,,,,,,,,,,,,,,,,,0.0,0.0,6.0,NEUTRAL,,LARGE,,,,,,,,,,0.0
MPHASIS,,,,,,-2.02,,,,2026-08-04,,,,,,,,,,,,5.3,,0.0,,,,,,,,,,,,,,,,,,,,,,,,,,,,,,0.0,0.0,7.0,NEUTRAL,,LARGE,,,,,,,,,,0.0
MCX,,,,,,1.43,,,,2026-08-04,,,,,,,,,,,,-1.9,,0.0,,,,,,,,,,,,,,,,,,,,,,,,,,,,,,0.0,0.0,5.0,NEUTRAL,,LARGE,,,,,,,,,,0.0
NMDC,,,,,,0.48,,,,2026-08-04,,,,,,,,,,,,2.6,,0.0,,,,,,,,,,,,,,,,,,,,,,,,,,,,,,0.0,0.0,15.0,NEUTRAL,,LARGE,,,,,,,,,,0.0
NATIONALUM,,,,,,2.17,,,,2026-08-04,,,,,,,,,,,,2.6,,0.0,,,,,,,,,,,,,,,,,,,,,,,,,,,,,,0.0,90.2,8.0,NEUTRAL,,LARGE,,,,,,,,,,0.0
NAVINFLUOR,,,,,,0.98,,,,2026-08-04,,,,,,,,,,,,2.6,,0.0,,,,,,,,,,,,,,,,,,,,,,,,,,,,,,0.0,0.0,5.0,NEUTRAL,,LARGE,,,,,,,,,,0.0
NETWEB,,,,,,3.84,,,,2026-08-04,,,,,,,,,,,,5.3,,0.0,,,,,,,,,,,,,,,,,,,,,,,,,,,,,,0.0,0.0,0.0,NEUTRAL,,LARGE,,,,,,,,,,0.0
OBEROIRLTY,,,,,,-4.42,,,,2026-08-04,,,,,,,,,,,,-0.8,,0.0,,,,,,,,,,,,,,,,,,,,,,,,,,,,,,0.0,0.0,7.0,NEUTRAL,,LARGE,,,,,,,,,,0.0
ONGC,,,,,,0.0,,,,2026-08-04,,,,,,,,,,,,-1.4,,0.0,,,,,,,,,,,,,,,,,,,,,,,,,,,,,,0.0,10.0,15.0,NEUTRAL,,MEGA,,,,,,,,,,0.0
OFSS,,,,,,2.36,,,,2026-08-04,,,,,,,,,,,,5.3,,0.0,,,,,,,,,,,,,,,,,,,,,,,,,,,,,,0.0,0.0,6.0,NEUTRAL,,MEGA,,,,,,,,,,0.0
PAGEIND,,,,,,-1.12,,,,2026-08-04,,,,,,,,,,,,4.1,,0.0,,,,,,,,,,,,,,,,,,,,,,,,,,,,,,0.0,0.0,3.0,NEUTRAL,,LARGE,,,,,,,,,,0.0
PATANJALI,,,,,,-1.13,,,,2026-08-04,,,,,,,,,,,,0.5,,0.0,,,,,,,,,,,,,,,,,,,,,,,,,,,,,,0.0,0.0,9.0,NEUTRAL,,LARGE,,,,,,,,,,0.0
RRKABEL,,,,,,0.35,,,,2026-08-04,,,,,,,,,,,,0.1,,0.0,,,,,,,,,,,,,,,,,,,,,,,,,,,,,,0.0,0.0,3.0,NEUTRAL,,LARGE,,,,,,,,,,0.0
SARDAEN,,,,,,-1.32,,,,2026-08-04,,,,,,,,,,,,2.6,,1.2,,,,,,,,,,,,,,,,,,,,,,,,,,,,,,0.0,0.0,7.0,NEUTRAL,,MID,,,,,,,,,,0.0
SOLARINDS,,,,,,0.22,,,,2026-08-04,,,,,,,,,,,,2.6,,-25.0,,,,,,,,,,,,,,,,,,,,,,,,,,,,,,-40.0,0.0,5.0,NEGATIVE,,MEGA,,,,,,,,,,-1.0
TBOTEK,,,,,,-0.79,,,,2026-08-04,,,,,,,,,,,,4.1,,0.3,,,,,,,,,,,,,,,,,,,,,,,,,,,,,,0.0,0.0,-3.0,NEUTRAL,,MID,,,,,,,,,,0.0
TCS,,,,,,-0.55,,,,2026-08-04,,,,,,,,,,,,5.3,,0.0,,,,,,,,,,,,,,,,,,,,,,,,,,,,,,0.0,0.0,8.0,NEUTRAL,,MEGA,,,,,,,,,,0.0
TRENT,,,,,,1.89,,,,2026-08-04,,,,,,,,,,,,4.1,,0.0,,,,,,,,,,,,,,,,,,,,,,,,,,,,,,0.0,0.0,5.0,NEUTRAL,,MEGA,,,,,,,,,,0.0
UNOMINDA,,,,,,1.4,,,,2026-08-04,,,,,,,,,,,,4.1,,0.0,,,,,,,,,,,,,,,,,,,,,,,,,,,,,,0.0,0.0,2.0,NEUTRAL,,LARGE,,,,,,,,,,0.0
VIJAYA,,,,,,2.3,,,,2026-08-04,,,,,,,,,,,,-0.6,,0.1,,,,,,,,,,,,,,,,,,,,,,,,,,,,,,0.0,0.0,2.0,NEUTRAL,,MID,,,,,,,,,,0.0
ZFCVINDIA,,,,,,4.4,,,,2026-08-04,,,,,,,,,,,,4.1,,0.0,,,,,,,,,,,,,,,,,,,,,,,,,,,,,,0.0,0.0,6.0,NEUTRAL,,LARGE,,,,,,,,,,0.0
ZYDUSLIFE,,,,,,0.8,,,,2026-08-04,,,,,,,,,,,,-0.6,,0.0,,,,,,,,,,,,,,,,,,,,,,,,,,,,,,0.0,0.0,9.0,NEUTRAL,,MEGA,,,,,,,,,,0.0
ECLERX,,,,,,-0.16,,,,2026-08-04,,,,,,,,,,,,5.3,,-24.5,,,,,,,,,,,,,,,,,,,,,,,,,,,,,,-40.0,0.0,6.0,NEGATIVE,,MID,,,,,,,,,,-1.0
AIAENG,,,,,,0.42,,,,2026-08-05,,,,,,,,,,,,0.9,,0.0,,,,,,,,,,,,,,,,,,,,,,,,,,,,,,0.0,0.0,3.0,NEUTRAL,,LARGE,,,,,,,,,,0.0
AFFLE,,,,,,-1.23,,,,2026-08-05,,,,,,,,,,,,7.7,,0.0,,,,,,,,,,,,,,,,,,,,,,,,,,,,,,0.0,0.0,2.0,NEUTRAL,,LARGE,,,,,,,,,,0.0
APARINDS,,,,,,1.51,,,,2026-08-05,,,,,,,,,,,,0.9,,0.0,,,,,,,,,,,,,,,,,,,,,,,,,,,,,,0.0,0.0,0.0,NEUTRAL,,LARGE,,,,,,,,,,0.0
ASIANPAINT,,,,,,-0.54,,,,2026-08-05,,,,,,,,,,,,3.1,,0.0,,,,,,,,,,,,,,,,,,,,,,,,,,,,,,0.0,0.0,0.0,NEUTRAL,,MEGA,,,,,,,,,,0.0
BLS,,,,,,3.1,,,,2026-08-05,,,,,,,,,,,,0.9,,1.2,,,,,,,,,,,,,,,,,,,,,,,,,,,,,,0.0,0.0,10.0,NEUTRAL,,MID,,,,,,,,,,0.0
BSE,,,,,,-2.31,,,,2026-08-05,,,,,,,,,,,,-4.2,,0.0,,,,,,,,,,,,,,,,,,,,,,,,,,,,,,0.0,25.9,3.0,NEUTRAL,,MEGA,,,,,,,,,,0.0
BEL,,,,,,-0.38,,,,2026-08-05,,,,,,,,,,,,0.9,,0.0,,,,,,,,,,,,,,,,,,,,,,,,,,,,,,0.0,14.5,1.0,NEUTRAL,,MEGA,,,,,,,,,,0.0
BIKAJI,,,,,,0.37,,,,2026-08-05,,,,,,,,,,,,-0.3,,0.2,,,,,,,,,,,,,,,,,,,,,,,,,,,,,,0.0,0.0,2.0,NEUTRAL,,MID,,,,,,,,,,0.0
BLUESTARCO,,,,,,-1.19,,,,2026-08-05,,,,,,,,,,,,0.9,,26.4,,,,,,,,,,,,,,,,,,,,,,,,,,,,,,40.0,0.0,2.0,POSITIVE,,LARGE,,,,,,,,,,1.0
BRITANNIA,,,,,,-0.69,,,,2026-08-05,,,,,,,,,,,,-0.3,,0.0,,,,,,,,,,,,,,,,,,,,,,,,,,,,,,0.0,-0.7,3.0,NEUTRAL,,MEGA,,,,,,,,,,0.0
CAPLIPOINT,,,,,,-1.17,,,,2026-08-05,,,,,,,,,,,,-0.8,,0.4,,,,,,,,,,,,,,,,,,,,,,,,,,,,,,0.0,0.0,5.0,NEUTRAL,,MID,,,,,,,,,,0.0
CEMPRO,,,,,,-2.38,,,,2026-08-05,,,,,,,,,,,,0.9,,0.0,,,,,,,,,,,,,,,,,,,,,,,,,,,,,,0.0,0.0,3.0,NEUTRAL,,LARGE,,,,,,,,,,0.0
DOMS,,,,,,-0.12,,,,2026-08-05,,,,,,,,,,,,0.9,,0.1,,,,,,,,,,,,,,,,,,,,,,,,,,,,,,0.0,0.0,0.0,NEUTRAL,,MID,,,,,,,,,,0.0
DIXON,,,,,,2.3,,,,2026-08-05,,,,,,,,,,,,6.1,,0.0,,,,,,,,,,,,,,,,,,,,,,,,,,,,,,0.0,0.0,3.0,NEUTRAL,,LARGE,,,,,,,,,,0.0
ELGIEQUIP,,,,,,-1.2,,,,2026-08-05,,,,,,,,,,,,0.9,,-25.0,,,,,,,,,,,,,,,,,,,,,,,,,,,,,,-40.0,0.0,8.0,NEGATIVE,,MID,,,,,,,,,,-1.0
ENDURANCE,,,,,,1.93,,,,2026-08-05,,,,,,,,,,,,5.8,,0.0,,,,,,,,,,,,,,,,,,,,,,,,,,,,,,0.0,0.0,5.0,NEUTRAL,,LARGE,,,,,,,,,,0.0
GABRIEL,,,,,,3.72,,,,2026-08-05,,,,,,,,,,,,5.8,,0.0,,,,,,,,,,,,,,,,,,,,,,,,,,,,,,0.0,0.0,0.0,NEUTRAL,,LARGE,,,,,,,,,,0.0
MEDANTA,,,,,,-1.73,,,,2026-08-05,,,,,,,,,,,,-0.8,,0.0,,,,,,,,,,,,,,,,,,,,,,,,,,,,,,0.0,-1.7,-2.0,NEUTRAL,,LARGE,,,,,,,,,,0.0
GRANULES,,,,,,2.35,,,,2026-08-05,,,,,,,,,,,,-0.8,,0.0,,,,,,,,,,,,,,,,,,,,,,,,,,,,,,0.0,0.0,5.0,NEUTRAL,,LARGE,,,,,,,,,,0.0
GRAVITA,,,,,,1.82,,,,2026-08-05,,,,,,,,,,,,0.9,,0.5,,,,,,,,,,,,,,,,,,,,,,,,,,,,,,0.0,0.0,3.0,NEUTRAL,,MID,,,,,,,,,,0.0
HSCL,,,,,,-0.36,,,,2026-08-05,,,,,,,,,,,,3.1,,0.0,,,,,,,,,,,,,,,,,,,,,,,,,,,,,,0.0,0.0,3.0,NEUTRAL,,LARGE,,,,,,,,,,0.0
HINDZINC,,,,,,6.05,,,,2026-08-05,,,,,,,,,,,,3.1,,0.0,,,,,,,,,,,,,,,,,,,,,,,,,,,,,,0.0,0.0,8.0,NEUTRAL,,MEGA,,,,,,,,,,0.0
INDHOTEL,,,,,,-1.19,,,,2026-08-05,,,,,,,,,,,,5.8,,0.0,,,,,,,,,,,,,,,,,,,,,,,,,,,,,,0.0,0.0,3.0,NEUTRAL,,MEGA,,,,,,,,,,0.0
JSL,,,,,,1.2,,,,2026-08-05,,,,,,,,,,,,3.1,,0.0,,,,,,,,,,,,,,,,,,,,,,,,,,,,,,0.0,0.0,5.0,NEUTRAL,,LARGE,,,,,,,,,,0.0
KPIL,,,,,,0.26,,,,2026-08-05,,,,,,,,,,,,0.9,,0.0,,,,,,,,,,,,,,,,,,,,,,,,,,,,,,0.0,0.0,9.0,NEUTRAL,,LARGE,,,,,,,,,,0.0
LODHA,,,,,,1.64,,,,2026-08-05,,,,,,,,,,,,0.6,,0.0,,,,,,,,,,,,,,,,,,,,,,,,,,,,,,0.0,0.0,3.0,NEUTRAL,,MEGA,,,,,,,,,,0.0
LUPIN,,,,,,-0.91,,,,2026-08-05,,,,,,,,,,,,-0.8,,0.0,,,,,,,,,,,,,,,,,,,,,,,,,,,,,,0.0,0.0,12.0,NEUTRAL,,MEGA,,,,,,,,,,0.0
MRF,,,,,,1.25,,,,2026-08-05,,,,,,,,,,,,5.8,,0.0,,,,,,,,,,,,,,,,,,,,,,,,,,,,,,0.0,0.0,9.0,NEUTRAL,,LARGE,,,,,,,,,,0.0
MANKIND,,,,,,-0.1,,,,2026-08-05,,,,,,,,,,,,-0.8,,0.0,,,,,,,,,,,,,,,,,,,,,,,,,,,,,,0.0,0.0,0.0,NEUTRAL,,MEGA,,,,,,,,,,0.0
MARICO,,,,,,-2.63,,,,2026-08-05,,,,,,,,,,,,-0.3,,0.0,,,,,,,,,,,,,,,,,,,,,,,,,,,,,,0.0,56.6,5.0,NEUTRAL,,MEGA,,,,,,,,,,0.0
MAXHEALTH,,,,,,0.28,,,,2026-08-05,,,,,,,,,,,,-0.8,,0.0,,,,,,,,,,,,,,,,,,,,,,,,,,,,,,0.0,0.0,2.0,NEUTRAL,,MEGA,,,,,,,,,,0.0
MSUMI,,,,,,3.07,,,,2026-08-05,,,,,,,,,,,,5.8,,0.0,,,,,,,,,,,,,,,,,,,,,,,,,,,,,,0.0,0.0,6.0,NEUTRAL,,LARGE,,,,,,,,,,0.0
MPHASIS,,,,,,3.36,,,,2026-08-05,,,,,,,,,,,,6.1,,0.0,,,,,,,,,,,,,,,,,,,,,,,,,,,,,,0.0,0.0,7.0,NEUTRAL,,LARGE,,,,,,,,,,0.0
MCX,,,,,,-3.04,,,,2026-08-05,,,,,,,,,,,,-4.2,,0.0,,,,,,,,,,,,,,,,,,,,,,,,,,,,,,0.0,0.0,8.0,NEUTRAL,,LARGE,,,,,,,,,,0.0
NMDC,,,,,,1.9,,,,2026-08-05,,,,,,,,,,,,3.1,,0.0,,,,,,,,,,,,,,,,,,,,,,,,,,,,,,0.0,0.0,15.0,NEUTRAL,,LARGE,,,,,,,,,,0.0
NATIONALUM,,,,,,1.06,,,,2026-08-05,,,,,,,,,,,,3.1,,0.0,,,,,,,,,,,,,,,,,,,,,,,,,,,,,,0.0,0.0,8.0,NEUTRAL,,LARGE,,,,,,,,,,0.0
NAVINFLUOR,,,,,,-0.26,,,,2026-08-05,,,,,,,,,,,,3.1,,0.0,,,,,,,,,,,,,,,,,,,,,,,,,,,,,,0.0,0.0,5.0,NEUTRAL,,LARGE,,,,,,,,,,0.0
NETWEB,,,,,,2.76,,,,2026-08-05,,,,,,,,,,,,6.1,,0.0,,,,,,,,,,,,,,,,,,,,,,,,,,,,,,0.0,0.0,0.0,NEUTRAL,,LARGE,,,,,,,,,,0.0
OBEROIRLTY,,,,,,1.56,,,,2026-08-05,,,,,,,,,,,,0.6,,0.0,,,,,,,,,,,,,,,,,,,,,,,,,,,,,,0.0,0.0,7.0,NEUTRAL,,LARGE,,,,,,,,,,0.0
ONGC,,,,,,-0.74,,,,2026-08-05,,,,,,,,,,,,-2.0,,0.0,,,,,,,,,,,,,,,,,,,,,,,,,,,,,,0.0,-1.0,15.0,NEUTRAL,,MEGA,,,,,,,,,,0.0
OFSS,,,,,,1.37,,,,2026-08-05,,,,,,,,,,,,6.1,,0.0,,,,,,,,,,,,,,,,,,,,,,,,,,,,,,0.0,0.0,6.0,NEUTRAL,,MEGA,,,,,,,,,,0.0
PAGEIND,,,,,,1.52,,,,2026-08-05,,,,,,,,,,,,5.8,,0.0,,,,,,,,,,,,,,,,,,,,,,,,,,,,,,0.0,0.0,3.0,NEUTRAL,,LARGE,,,,,,,,,,0.0
PATANJALI,,,,,,-0.81,,,,2026-08-05,,,,,,,,,,,,-0.3,,0.0,,,,,,,,,,,,,,,,,,,,,,,,,,,,,,0.0,0.0,9.0,NEUTRAL,,LARGE,,,,,,,,,,0.0
RRKABEL,,,,,,5.75,,,,2026-08-05,,,,,,,,,,,,0.9,,0.0,,,,,,,,,,,,,,,,,,,,,,,,,,,,,,0.0,0.0,0.0,NEUTRAL,,LARGE,,,,,,,,,,0.0
SARDAEN,,,,,,-1.9,,,,2026-08-05,,,,,,,,,,,,3.1,,1.3,,,,,,,,,,,,,,,,,,,,,,,,,,,,,,0.0,0.0,7.0,NEUTRAL,,MID,,,,,,,,,,0.0
SOLARINDS,,,,,,-1.6,,,,2026-08-05,,,,,,,,,,,,3.1,,0.0,,,,,,,,,,,,,,,,,,,,,,,,,,,,,,0.0,0.0,5.0,NEUTRAL,,MEGA,,,,,,,,,,0.0
TBOTEK,,,,,,4.01,,,,2026-08-05,,,,,,,,,,,,5.8,,0.6,,,,,,,,,,,,,,,,,,,,,,,,,,,,,,0.0,0.0,-3.0,NEUTRAL,,MID,,,,,,,,,,0.0
TCS,,,,,,-1.91,,,,2026-08-05,,,,,,,,,,,,6.1,,0.0,,,,,,,,,,,,,,,,,,,,,,,,,,,,,,0.0,-1.3,8.0,NEUTRAL,,MEGA,,,,,,,,,,0.0
TRENT,,,,,,0.69,,,,2026-08-05,,,,,,,,,,,,5.8,,0.0,,,,,,,,,,,,,,,,,,,,,,,,,,,,,,0.0,-1.2,5.0,NEUTRAL,,MEGA,,,,,,,,,,0.0
UNOMINDA,,,,,,1.87,,,,2026-08-05,,,,,,,,,,,,5.8,,0.0,,,,,,,,,,,,,,,,,,,,,,,,,,,,,,0.0,3.7,0.0,NEUTRAL,,LARGE,,,,,,,,,,0.0
VIJAYA,,,,,,0.32,,,,2026-08-05,,,,,,,,,,,,-0.8,,0.1,,,,,,,,,,,,,,,,,,,,,,,,,,,,,,0.0,0.0,2.0,NEUTRAL,,MID,,,,,,,,,,0.0
ZFCVINDIA,,,,,,1.34,,,,2026-08-05,,,,,,,,,,,,5.8,,0.0,,,,,,,,,,,,,,,,,,,,,,,,,,,,,,0.0,0.0,6.0,NEUTRAL,,LARGE,,,,,,,,,,0.0
ZYDUSLIFE,,,,,,-0.79,,,,2026-08-05,,,,,,,,,,,,-0.8,,0.0,,,,,,,,,,,,,,,,,,,,,,,,,,,,,,0.0,0.0,9.0,NEUTRAL,,MEGA,,,,,,,,,,0.0
ECLERX,,,,,,-0.07,,,,2026-08-05,,,,,,,,,,,,6.1,,1.6,,,,,,,,,,,,,,,,,,,,,,,,,,,,,,0.0,0.0,6.0,NEUTRAL,,MID,,,,,,,,,,0.0
AIAENG,,,,,,3.89,,,,2026-08-06,,,,,,,,,,,,1.5,,0.0,,,,,,,,,,,,,,,,,,,,,,,,,,,,,,0.0,0.0,5.0,NEUTRAL,,LARGE,,,,,,,,,,0.0
AFFLE,,,,,,1.41,,,,2026-08-06,,,,,,,,,,,,8.5,,0.0,,,,,,,,,,,,,,,,,,,,,,,,,,,,,,0.0,0.0,-1.0,NEUTRAL,,LARGE,,,,,,,,,,0.0
APARINDS,,,,,,2.76,,,,2026-08-06,,,,,,,,,,,,1.5,,0.0,,,,,,,,,,,,,,,,,,,,,,,,,,,,,,0.0,0.0,0.0,NEUTRAL,,LARGE,,,,,,,,,,0.0
ASIANPAINT,,,,,,-0.36,,,,2026-08-06,,,,,,,,,,,,3.8,,0.0,,,,,,,,,,,,,,,,,,,,,,,,,,,,,,0.0,0.0,-3.0,NEUTRAL,,MEGA,,,,,,,,,,0.0
BLS,,,,,,-0.0,,,,2026-08-06,,,,,,,,,,,,1.5,,1.3,,,,,,,,,,,,,,,,,,,,,,,,,,,,,,0.0,0.0,10.0,NEUTRAL,,MID,,,,,,,,,,0.0
BSE,,,,,,-1.47,,,,2026-08-06,,,,,,,,,,,,-3.7,,0.0,,,,,,,,,,,,,,,,,,,,,,,,,,,,,,0.0,17.8,3.0,NEUTRAL,,MEGA,,,,,,,,,,0.0
BEL,,,,,,2.33,,,,2026-08-06,,,,,,,,,,,,1.5,,0.0,,,,,,,,,,,,,,,,,,,,,,,,,,,,,,0.0,0.0,3.0,NEUTRAL,,MEGA,,,,,,,,,,0.0
BIKAJI,,,,,,-3.88,,,,2026-08-06,,,,,,,,,,,,-1.4,,-0.2,,,,,,,,,,,,,,,,,,,,,,,,,,,,,,0.0,0.0,0.0,NEUTRAL,,MID,,,,,,,,,,0.0
BLUESTARCO,,,,,,-0.54,,,,2026-08-06,,,,,,,,,,,,1.5,,26.5,,,,,,,,,,,,,,,,,,,,,,,,,,,,,,40.0,0.0,2.0,POSITIVE,,LARGE,,,,,,,,,,1.0
BRITANNIA,,,,,,-1.2,,,,2026-08-06,,,,,,,,,,,,-1.4,,0.0,,,,,,,,,,,,,,,,,,,,,,,,,,,,,,0.0,-30.8,3.0,NEUTRAL,,MEGA,,,,,,,,,,0.0
CAPLIPOINT,,,,,,1.07,,,,2026-08-06,,,,,,,,,,,,-0.8,,0.4,,,,,,,,,,,,,,,,,,,,,,,,,,,,,,0.0,0.0,5.0,NEUTRAL,,MID,,,,,,,,,,0.0
CEMPRO,,,,,,-2.12,,,,2026-08-06,,,,,,,,,,,,1.5,,0.0,,,,,,,,,,,,,,,,,,,,,,,,,,,,,,0.0,0.0,3.0,NEUTRAL,,LARGE,,,,,,,,,,0.0
DOMS,,,,,,0.0,,,,2026-08-06,,,,,,,,,,,,1.5,,0.2,,,,,,,,,,,,,,,,,,,,,,,,,,,,,,0.0,0.0,0.0,NEUTRAL,,MID,,,,,,,,,,0.0
DIXON,,,,,,-0.61,,,,2026-08-06,,,,,,,,,,,,4.4,,0.0,,,,,,,,,,,,,,,,,,,,,,,,,,,,,,0.0,4.3,3.0,NEUTRAL,,LARGE,,,,,,,,,,0.0
ELGIEQUIP,,,,,,0.67,,,,2026-08-06,,,,,,,,,,,,1.5,,1.1,,,,,,,,,,,,,,,,,,,,,,,,,,,,,,0.0,0.0,8.0,NEUTRAL,,MID,,,,,,,,,,0.0
ENDURANCE,,,,,,0.35,,,,2026-08-06,,,,,,,,,,,,4.7,,0.0,,,,,,,,,,,,,,,,,,,,,,,,,,,,,,0.0,0.0,5.0,NEUTRAL,,LARGE,,,,,,,,,,0.0
GABRIEL,,,,,,-2.68,,,,2026-08-06,,,,,,,,,,,,4.7,,0.0,,,,,,,,,,,,,,,,,,,,,,,,,,,,,,0.0,0.0,0.0,NEUTRAL,,LARGE,,,,,,,,,,0.0
MEDANTA,,,,,,1.75,,,,2026-08-06,,,,,,,,,,,,-0.8,,0.0,,,,,,,,,,,,,,,,,,,,,,,,,,,,,,0.0,0.0,0.0,NEUTRAL,,LARGE,,,,,,,,,,0.0
GRANULES,,,,,,-0.75,,,,2026-08-06,,,,,,,,,,,,-0.8,,0.0,,,,,,,,,,,,,,,,,,,,,,,,,,,,,,0.0,0.0,5.0,NEUTRAL,,LARGE,,,,,,,,,,0.0
GRAVITA,,,,,,1.96,,,,2026-08-06,,,,,,,,,,,,1.5,,0.6,,,,,,,,,,,,,,,,,,,,,,,,,,,,,,0.0,0.0,3.0,NEUTRAL,,MID,,,,,,,,,,0.0
HSCL,,,,,,0.3,,,,2026-08-06,,,,,,,,,,,,3.8,,0.0,,,,,,,,,,,,,,,,,,,,,,,,,,,,,,0.0,0.0,3.0,NEUTRAL,,LARGE,,,,,,,,,,0.0
HINDZINC,,,,,,-0.65,,,,2026-08-06,,,,,,,,,,,,3.8,,0.0,,,,,,,,,,,,,,,,,,,,,,,,,,,,,,0.0,0.0,8.0,NEUTRAL,,MEGA,,,,,,,,,,0.0
INDHOTEL,,,,,,-0.94,,,,2026-08-06,,,,,,,,,,,,4.7,,0.0,,,,,,,,,,,,,,,,,,,,,,,,,,,,,,0.0,0.0,3.0,NEUTRAL,,MEGA,,,,,,,,,,0.0
JSL,,,,,,-1.03,,,,2026-08-06,,,,,,,,,,,,3.8,,0.0,,,,,,,,,,,,,,,,,,,,,,,,,,,,,,0.0,0.0,5.0,NEUTRAL,,LARGE,,,,,,,,,,0.0
KPIL,,,,,,-0.96,,,,2026-08-06,,,,,,,,,,,,1.5,,0.0,,,,,,,,,,,,,,,,,,,,,,,,,,,,,,0.0,0.0,9.0,NEUTRAL,,LARGE,,,,,,,,,,0.0
LODHA,,,,,,-2.06,,,,2026-08-06,,,,,,,,,,,,-1.1,,0.0,,,,,,,,,,,,,,,,,,,,,,,,,,,,,,0.0,0.0,3.0,NEUTRAL,,MEGA,,,,,,,,,,0.0
LUPIN,,,,,,0.46,,,,2026-08-06,,,,,,,,,,,,-0.8,,0.0,,,,,,,,,,,,,,,,,,,,,,,,,,,,,,0.0,0.0,12.0,NEUTRAL,,MEGA,,,,,,,,,,0.0
MRF,,,,,,-0.07,,,,2026-08-06,,,,,,,,,,,,4.7,,0.0,,,,,,,,,,,,,,,,,,,,,,,,,,,,,,0.0,0.0,9.0,NEUTRAL,,LARGE,,,,,,,,,,0.0
MANKIND,,,,,,0.06,,,,2026-08-06,,,,,,,,,,,,-0.8,,0.0,,,,,,,,,,,,,,,,,,,,,,,,,,,,,,0.0,0.0,3.0,NEUTRAL,,MEGA,,,,,,,,,,0.0
MARICO,,,,,,0.7,,,,2026-08-06,,,,,,,,,,,,-1.4,,0.0,,,,,,,,,,,,,,,,,,,,,,,,,,,,,,0.0,50.8,0.0,NEUTRAL,,MEGA,,,,,,,,,,0.0
MAXHEALTH,,,,,,-0.98,,,,2026-08-06,,,,,,,,,,,,-0.8,,0.0,,,,,,,,,,,,,,,,,,,,,,,,,,,,,,0.0,0.0,2.0,NEUTRAL,,MEGA,,,,,,,,,,0.0
MSUMI,,,,,,0.78,,,,2026-08-06,,,,,,,,,,,,4.7,,0.0,,,,,,,,,,,,,,,,,,,,,,,,,,,,,,0.0,0.0,1.0,NEUTRAL,,LARGE,,,,,,,,,,0.0
MPHASIS,,,,,,-1.71,,,,2026-08-06,,,,,,,,,,,,4.4,,0.0,,,,,,,,,,,,,,,,,,,,,,,,,,,,,,0.0,0.0,7.0,NEUTRAL,,LARGE,,,,,,,,,,0.0
MCX,,,,,,2.44,,,,2026-08-06,,,,,,,,,,,,-3.7,,0.0,,,,,,,,,,,,,,,,,,,,,,,,,,,,,,0.0,-11.0,0.0,NEUTRAL,,LARGE,,,,,,,,,,0.0
NMDC,,,,,,0.26,,,,2026-08-06,,,,,,,,,,,,3.8,,0.0,,,,,,,,,,,,,,,,,,,,,,,,,,,,,,0.0,0.0,15.0,NEUTRAL,,LARGE,,,,,,,,,,0.0
NATIONALUM,,,,,,-0.93,,,,2026-08-06,,,,,,,,,,,,3.8,,0.0,,,,,,,,,,,,,,,,,,,,,,,,,,,,,,0.0,0.0,8.0,NEUTRAL,,LARGE,,,,,,,,,,0.0
NAVINFLUOR,,,,,,10.93,,,,2026-08-06,,,,,,,,,,,,3.8,,0.0,,,,,,,,,,,,,,,,,,,,,,,,,,,,,,0.0,0.0,0.0,NEUTRAL,,LARGE,,,,,,,,,,0.0
NETWEB,,,,,,-0.71,,,,2026-08-06,,,,,,,,,,,,4.4,,0.0,,,,,,,,,,,,,,,,,,,,,,,,,,,,,,0.0,0.0,0.0,NEUTRAL,,LARGE,,,,,,,,,,0.0
OBEROIRLTY,,,,,,-1.26,,,,2026-08-06,,,,,,,,,,,,-1.1,,0.0,,,,,,,,,,,,,,,,,,,,,,,,,,,,,,0.0,0.0,7.0,NEUTRAL,,LARGE,,,,,,,,,,0.0
ONGC,,,,,,-1.36,,,,2026-08-06,,,,,,,,,,,,-3.3,,0.0,,,,,,,,,,,,,,,,,,,,,,,,,,,,,,0.0,21.6,13.0,NEUTRAL,,MEGA,,,,,,,,,,0.0
OFSS,,,,,,-0.32,,,,2026-08-06,,,,,,,,,,,,4.4,,0.0,,,,,,,,,,,,,,,,,,,,,,,,,,,,,,0.0,0.0,6.0,NEUTRAL,,MEGA,,,,,,,,,,0.0
PAGEIND,,,,,,-1.03,,,,2026-08-06,,,,,,,,,,,,4.7,,0.0,,,,,,,,,,,,,,,,,,,,,,,,,,,,,,0.0,0.0,3.0,NEUTRAL,,LARGE,,,,,,,,,,0.0
PATANJALI,,,,,,-0.98,,,,2026-08-06,,,,,,,,,,,,-1.4,,26.8,,,,,,,,,,,,,,,,,,,,,,,,,,,,,,40.0,0.0,9.0,POSITIVE,,LARGE,,,,,,,,,,1.0
RRKABEL,,,,,,-1.21,,,,2026-08-06,,,,,,,,,,,,1.5,,0.0,,,,,,,,,,,,,,,,,,,,,,,,,,,,,,0.0,0.0,0.0,NEUTRAL,,LARGE,,,,,,,,,,0.0
SARDAEN,,,,,,0.03,,,,2026-08-06,,,,,,,,,,,,3.8,,1.4,,,,,,,,,,,,,,,,,,,,,,,,,,,,,,0.0,0.0,7.0,NEUTRAL,,MID,,,,,,,,,,0.0
SOLARINDS,,,,,,1.0,,,,2026-08-06,,,,,,,,,,,,3.8,,0.0,,,,,,,,,,,,,,,,,,,,,,,,,,,,,,0.0,0.0,5.0,NEUTRAL,,MEGA,,,,,,,,,,0.0
TBOTEK,,,,,,-1.86,,,,2026-08-06,,,,,,,,,,,,4.7,,0.4,,,,,,,,,,,,,,,,,,,,,,,,,,,,,,0.0,0.0,-3.0,NEUTRAL,,MID,,,,,,,,,,0.0
TCS,,,,,,-0.9,,,,2026-08-06,,,,,,,,,,,,4.4,,0.0,,,,,,,,,,,,,,,,,,,,,,,,,,,,,,0.0,0.0,8.0,NEUTRAL,,MEGA,,,,,,,,,,0.0
TRENT,,,,,,-2.19,,,,2026-08-06,,,,,,,,,,,,4.7,,0.0,,,,,,,,,,,,,,,,,,,,,,,,,,,,,,0.0,22.6,5.0,NEUTRAL,,MEGA,,,,,,,,,,0.0
UNOMINDA,,,,,,1.06,,,,2026-08-06,,,,,,,,,,,,4.7,,0.0,,,,,,,,,,,,,,,,,,,,,,,,,,,,,,0.0,0.0,0.0,NEUTRAL,,LARGE,,,,,,,,,,0.0
VIJAYA,,,,,,-0.47,,,,2026-08-06,,,,,,,,,,,,-0.8,,0.1,,,,,,,,,,,,,,,,,,,,,,,,,,,,,,0.0,0.0,2.0,NEUTRAL,,MID,,,,,,,,,,0.0
ZFCVINDIA,,,,,,-0.78,,,,2026-08-06,,,,,,,,,,,,4.7,,0.0,,,,,,,,,,,,,,,,,,,,,,,,,,,,,,0.0,0.0,6.0,NEUTRAL,,LARGE,,,,,,,,,,0.0
ZYDUSLIFE,,,,,,-1.18,,,,2026-08-06,,,,,,,,,,,,-0.8,,0.0,,,,,,,,,,,,,,,,,,,,,,,,,,,,,,0.0,0.0,9.0,NEUTRAL,,MEGA,,,,,,,,,,0.0
ECLERX,,,,,,-2.28,,,,2026-08-06,,,,,,,,,,,,4.4,,0.8,,,,,,,,,,,,,,,,,,,,,,,,,,,,,,0.0,0.0,1.0,NEUTRAL,,MID,,,,,,,,,,0.0
AIAENG,,,,,,-1.06,,,,2026-08-07,,,,,,,,,,,,0.8,,0.0,,,,,,,,,,,,,,,,,,,,,,,,,,,,,,0.0,0.0,5.0,NEUTRAL,,LARGE,,,,,,,,,,0.0
AFFLE,,,,,,-2.4,,,,2026-08-07,,,,,,,,,,,,5.4,,0.0,,,,,,,,,,,,,,,,,,,,,,,,,,,,,,0.0,0.0,-1.0,NEUTRAL,,LARGE,,,,,,,,,,0.0
APARINDS,,,,,,3.31,,,,2026-08-07,,,,,,,,,,,,0.8,,0.0,,,,,,,,,,,,,,,,,,,,,,,,,,,,,,0.0,0.0,0.0,NEUTRAL,,LARGE,,,,,,,,,,0.0
ASIANPAINT,,,,,,-0.55,,,,2026-08-07,,,,,,,,,,,,3.3,,0.0,,,,,,,,,,,,,,,,,,,,,,,,,,,,,,0.0,0.0,-3.0,NEUTRAL,,MEGA,,,,,,,,,,0.0
BLS,,,,,,-0.5,,,,2026-08-07,,,,,,,,,,,,0.8,,1.2,,,,,,,,,,,,,,,,,,,,,,,,,,,,,,0.0,0.0,10.0,NEUTRAL,,MID,,,,,,,,,,0.0
BSE,,,,,,-0.73,,,,2026-08-07,,,,,,,,,,,,-4.2,,0.0,,,,,,,,,,,,,,,,,,,,,,,,,,,,,,0.0,-21.7,-2.0,NEUTRAL,,MEGA,,,,,,,,,,0.0
BEL,,,,,,0.48,,,,2026-08-07,,,,,,,,,,,,0.8,,0.0,,,,,,,,,,,,,,,,,,,,,,,,,,,,,,0.0,0.0,3.0,NEUTRAL,,MEGA,,,,,,,,,,0.0
BIKAJI,,,,,,-0.25,,,,2026-08-07,,,,,,,,,,,,-0.3,,-0.0,,,,,,,,,,,,,,,,,,,,,,,,,,,,,,0.0,0.0,0.0,NEUTRAL,,MID,,,,,,,,,,0.0
BLUESTARCO,,,,,,-8.57,,,,2026-08-07,,,,,,,,,,,,0.8,,0.0,,,,,,,,,,,,,,,,,,,,,,,,,,,,,,0.0,83.2,0.0,NEUTRAL,,LARGE,,,,,,,,,,0.0
BRITANNIA,,,,,,2.52,,,,2026-08-07,,,,,,,,,,,,-0.3,,0.0,,,,,,,,,,,,,,,,,,,,,,,,,,,,,,0.0,36.8,-2.0,NEUTRAL,,MEGA,,,,,,,,,,0.0
CAPLIPOINT,,,,,,0.19,,,,2026-08-07,,,,,,,,,,,,-0.4,,0.5,,,,,,,,,,,,,,,,,,,,,,,,,,,,,,0.0,0.0,5.0,NEUTRAL,,MID,,,,,,,,,,0.0
CEMPRO,,,,,,-4.93,,,,2026-08-07,,,,,,,,,,,,0.8,,0.0,,,,,,,,,,,,,,,,,,,,,,,,,,,,,,0.0,0.0,3.0,NEUTRAL,,LARGE,,,,,,,,,,0.0
DOMS,,,,,,0.45,,,,2026-08-07,,,,,,,,,,,,0.8,,0.1,,,,,,,,,,,,,,,,,,,,,,,,,,,,,,0.0,0.0,0.0,NEUTRAL,,MID,,,,,,,,,,0.0
DIXON,,,,,,-0.15,,,,2026-08-07,,,,,,,,,,,,4.1,,0.0,,,,,,,,,,,,,,,,,,,,,,,,,,,,,,0.0,4.6,3.0,NEUTRAL,,LARGE,,,,,,,,,,0.0
ELGIEQUIP,,,,,,0.08,,,,2026-08-07,,,,,,,,,,,,0.8,,1.0,,,,,,,,,,,,,,,,,,,,,,,,,,,,,,0.0,0.0,8.0,NEUTRAL,,MID,,,,,,,,,,0.0
ENDURANCE,,,,,,0.04,,,,2026-08-07,,,,,,,,,,,,4.1,,0.0,,,,,,,,,,,,,,,,,,,,,,,,,,,,,,0.0,0.0,5.0,NEUTRAL,,LARGE,,,,,,,,,,0.0
GABRIEL,,,,,,-2.94,,,,2026-08-07,,,,,,,,,,,,4.1,,0.0,,,,,,,,,,,,,,,,,,,,,,,,,,,,,,0.0,0.0,0.0,NEUTRAL,,LARGE,,,,,,,,,,0.0
MEDANTA,,,,,,1.44,,,,2026-08-07,,,,,,,,,,,,-0.4,,0.0,,,,,,,,,,,,,,,,,,,,,,,,,,,,,,0.0,0.0,-2.0,NEUTRAL,,LARGE,,,,,,,,,,0.0
GRANULES,,,,,,4.18,,,,2026-08-07,,,,,,,,,,,,-0.4,,0.0,,,,,,,,,,,,,,,,,,,,,,,,,,,,,,0.0,0.0,5.0,NEUTRAL,,LARGE,,,,,,,,,,0.0
GRAVITA,,,,,,0.59,,,,2026-08-07,,,,,,,,,,,,0.8,,0.5,,,,,,,,,,,,,,,,,,,,,,,,,,,,,,0.0,0.0,3.0,NEUTRAL,,MID,,,,,,,,,,0.0
HSCL,,,,,,0.19,,,,2026-08-07,,,,,,,,,,,,3.3,,0.0,,,,,,,,,,,,,,,,,,,,,,,,,,,,,,0.0,0.0,3.0,NEUTRAL,,LARGE,,,,,,,,,,0.0
HINDZINC,,,,,,1.68,,,,2026-08-07,,,,,,,,,,,,3.3,,0.0,,,,,,,,,,,,,,,,,,,,,,,,,,,,,,0.0,0.0,8.0,NEUTRAL,,MEGA,,,,,,,,,,0.0
INDHOTEL,,,,,,-0.42,,,,2026-08-07,,,,,,,,,,,,4.1,,0.0,,,,,,,,,,,,,,,,,,,,,,,,,,,,,,0.0,0.0,3.0,NEUTRAL,,MEGA,,,,,,,,,,0.0
JSL,,,,,,-0.29,,,,2026-08-07,,,,,,,,,,,,3.3,,0.0,,,,,,,,,,,,,,,,,,,,,,,,,,,,,,0.0,0.0,5.0,NEUTRAL,,LARGE,,,,,,,,,,0.0
KPIL,,,,,,3.66,,,,2026-08-07,,,,,,,,,,,,0.8,,0.0,,,,,,,,,,,,,,,,,,,,,,,,,,,,,,0.0,0.0,9.0,NEUTRAL,,LARGE,,,,,,,,,,0.0
LODHA,,,,,,-0.45,,,,2026-08-07,,,,,,,,,,,,-1.7,,0.0,,,,,,,,,,,,,,,,,,,,,,,,,,,,,,0.0,0.0,3.0,NEUTRAL,,MEGA,,,,,,,,,,0.0
LUPIN,,,,,,-1.48,,,,2026-08-07,,,,,,,,,,,,-0.4,,0.0,,,,,,,,,,,,,,,,,,,,,,,,,,,,,,0.0,86.2,12.0,NEUTRAL,,MEGA,,,,,,,,,,0.0
MRF,,,,,,-0.09,,,,2026-08-07,,,,,,,,,,,,4.1,,0.0,,,,,,,,,,,,,,,,,,,,,,,,,,,,,,0.0,0.0,9.0,NEUTRAL,,LARGE,,,,,,,,,,0.0
MANKIND,,,,,,0.78,,,,2026-08-07,,,,,,,,,,,,-0.4,,0.0,,,,,,,,,,,,,,,,,,,,,,,,,,,,,,0.0,0.0,3.0,NEUTRAL,,MEGA,,,,,,,,,,0.0
MARICO,,,,,,0.47,,,,2026-08-07,,,,,,,,,,,,-0.3,,0.0,,,,,,,,,,,,,,,,,,,,,,,,,,,,,,0.0,21.0,0.0,NEUTRAL,,MEGA,,,,,,,,,,0.0
MAXHEALTH,,,,,,0.06,,,,2026-08-07,,,,,,,,,,,,-0.4,,0.0,,,,,,,,,,,,,,,,,,,,,,,,,,,,,,0.0,0.0,2.0,NEUTRAL,,MEGA,,,,,,,,,,0.0
MSUMI,,,,,,-0.31,,,,2026-08-07,,,,,,,,,,,,4.1,,0.0,,,,,,,,,,,,,,,,,,,,,,,,,,,,,,0.0,0.0,1.0,NEUTRAL,,LARGE,,,,,,,,,,0.0
MPHASIS,,,,,,2.36,,,,2026-08-07,,,,,,,,,,,,4.1,,0.0,,,,,,,,,,,,,,,,,,,,,,,,,,,,,,0.0,0.0,7.0,NEUTRAL,,LARGE,,,,,,,,,,0.0
MCX,,,,,,-0.9,,,,2026-08-07,,,,,,,,,,,,-4.2,,0.0,,,,,,,,,,,,,,,,,,,,,,,,,,,,,,0.0,20.3,0.0,NEUTRAL,,LARGE,,,,,,,,,,0.0
NMDC,,,,,,-1.28,,,,2026-08-07,,,,,,,,,,,,3.3,,0.0,,,,,,,,,,,,,,,,,,,,,,,,,,,,,,0.0,73.2,15.0,NEUTRAL,,LARGE,,,,,,,,,,0.0
NATIONALUM,,,,,,0.94,,,,2026-08-07,,,,,,,,,,,,3.3,,0.0,,,,,,,,,,,,,,,,,,,,,,,,,,,,,,0.0,0.0,8.0,NEUTRAL,,LARGE,,,,,,,,,,0.0
NAVINFLUOR,,,,,,-2.01,,,,2026-08-07,,,,,,,,,,,,3.3,,0.0,,,,,,,,,,,,,,,,,,,,,,,,,,,,,,0.0,0.0,0.0,NEUTRAL,,LARGE,,,,,,,,,,0.0
NETWEB,,,,,,1.65,,,,2026-08-07,,,,,,,,,,,,4.1,,0.0,,,,,,,,,,,,,,,,,,,,,,,,,,,,,,0.0,0.0,0.0,NEUTRAL,,LARGE,,,,,,,,,,0.0
OBEROIRLTY,,,,,,-0.49,,,,2026-08-07,,,,,,,,,,,,-1.7,,0.0,,,,,,,,,,,,,,,,,,,,,,,,,,,,,,0.0,0.0,7.0,NEUTRAL,,LARGE,,,,,,,,,,0.0
ONGC,,,,,,0.81,,,,2026-08-07,,,,,,,,,,,,-2.3,,27.1,,,,,,,,,,,,,,,,,,,,,,,,,,,,,,40.0,0.0,13.0,POSITIVE,,MEGA,,,,,,,,,,1.0
OFSS,,,,,,0.72,,,,2026-08-07,,,,,,,,,,,,4.1,,0.0,,,,,,,,,,,,,,,,,,,,,,,,,,,,,,0.0,0.0,6.0,NEUTRAL,,MEGA,,,,,,,,,,0.0
PAGEIND,,,,,,-0.1,,,,2026-08-07,,,,,,,,,,,,4.1,,0.0,,,,,,,,,,,,,,,,,,,,,,,,,,,,,,0.0,0.0,3.0,NEUTRAL,,LARGE,,,,,,,,,,0.0
PATANJALI,,,,,,1.13,,,,2026-08-07,,,,,,,,,,,,-0.3,,0.0,,,,,,,,,,,,,,,,,,,,,,,,,,,,,,0.0,0.0,9.0,NEUTRAL,,LARGE,,,,,,,,,,0.0
RRKABEL,,,,,,0.01,,,,2026-08-07,,,,,,,,,,,,0.8,,0.0,,,,,,,,,,,,,,,,,,,,,,,,,,,,,,0.0,0.0,0.0,NEUTRAL,,LARGE,,,,,,,,,,0.0
SARDAEN,,,,,,-0.45,,,,2026-08-07,,,,,,,,,,,,3.3,,1.3,,,,,,,,,,,,,,,,,,,,,,,,,,,,,,0.0,0.0,7.0,NEUTRAL,,MID,,,,,,,,,,0.0
SOLARINDS,,,,,,0.36,,,,2026-08-07,,,,,,,,,,,,3.3,,0.0,,,,,,,,,,,,,,,,,,,,,,,,,,,,,,0.0,0.0,5.0,NEUTRAL,,MEGA,,,,,,,,,,0.0
TBOTEK,,,,,,-1.56,,,,2026-08-07,,,,,,,,,,,,4.1,,0.3,,,,,,,,,,,,,,,,,,,,,,,,,,,,,,0.0,0.0,-3.0,NEUTRAL,,MID,,,,,,,,,,0.0
TCS,,,,,,2.57,,,,2026-08-07,,,,,,,,,,,,4.1,,0.0,,,,,,,,,,,,,,,,,,,,,,,,,,,,,,0.0,0.0,8.0,NEUTRAL,,MEGA,,,,,,,,,,0.0
TRENT,,,,,,-2.07,,,,2026-08-07,,,,,,,,,,,,4.1,,0.0,,,,,,,,,,,,,,,,,,,,,,,,,,,,,,0.0,16.6,0.0,NEUTRAL,,MEGA,,,,,,,,,,0.0
UNOMINDA,,,,,,1.73,,,,2026-08-07,,,,,,,,,,,,4.1,,0.0,,,,,,,,,,,,,,,,,,,,,,,,,,,,,,0.0,0.0,0.0,NEUTRAL,,LARGE,,,,,,,,,,0.0
VIJAYA,,,,,,-2.31,,,,2026-08-07,,,,,,,,,,,,-0.4,,0.2,,,,,,,,,,,,,,,,,,,,,,,,,,,,,,0.0,0.0,2.0,NEUTRAL,,MID,,,,,,,,,,0.0
ZFCVINDIA,,,,,,2.62,,,,2026-08-07,,,,,,,,,,,,4.1,,0.0,,,,,,,,,,,,,,,,,,,,,,,,,,,,,,0.0,0.0,6.0,NEUTRAL,,LARGE,,,,,,,,,,0.0
ZYDUSLIFE,,,,,,0.57,,,,2026-08-07,,,,,,,,,,,,-0.4,,0.0,,,,,,,,,,,,,,,,,,,,,,,,,,,,,,0.0,0.0,9.0,NEUTRAL,,MEGA,,,,,,,,,,0.0
ECLERX,,,,,,-5.6,,,,2026-08-07,,,,,,,,,,,,4.1,,1.2,,,,,,,,,,,,,,,,,,,,,,,,,,,,,,0.0,0.0,5.0,NEUTRAL,,MID,,,,,,,,,,0.0
AIAENG,,,,,,0.3,,,,2026-08-10,,,,,,,,,,,,1.4,,0.0,,,,,,,,,,,,,,,,,,,,,,,,,,,,,,0.0,0.0,5.0,NEUTRAL,,LARGE,,,,,,,,,,0.0
AFFLE,,,,,,-3.11,,,,2026-08-10,,,,,,,,,,,,1.7,,0.0,,,,,,,,,,,,,,,,,,,,,,,,,,,,,,0.0,0.0,2.0,NEUTRAL,,LARGE,,,,,,,,,,0.0
APARINDS,,,,,,-1.1,,,,2026-08-10,,,,,,,,,,,,1.4,,0.0,,,,,,,,,,,,,,,,,,,,,,,,,,,,,,0.0,0.0,0.0,NEUTRAL,,LARGE,,,,,,,,,,0.0
ASIANPAINT,,,,,,0.55,,,,2026-08-10,,,,,,,,,,,,3.4,,0.0,,,,,,,,,,,,,,,,,,,,,,,,,,,,,,0.0,0.0,-2.0,NEUTRAL,,MEGA,,,,,,,,,,0.0
BLS,,,,,,2.51,,,,2026-08-10,,,,,,,,,,,,1.4,,0.8,,,,,,,,,,,,,,,,,,,,,,,,,,,,,,0.0,0.0,5.0,NEUTRAL,,MID,,,,,,,,,,0.0
BSE,,,,,,4.02,,,,2026-08-10,,,,,,,,,,,,0.1,,0.0,,,,,,,,,,,,,,,,,,,,,,,,,,,,,,0.0,-28.2,-2.0,NEUTRAL,,MEGA,,,,,,,,,,0.0
BEL,,,,,,0.84,,,,2026-08-10,,,,,,,,,,,,1.4,,0.0,,,,,,,,,,,,,,,,,,,,,,,,,,,,,,0.0,0.0,3.0,NEUTRAL,,MEGA,,,,,,,,,,0.0
BIKAJI,,,,,,-0.03,,,,2026-08-10,,,,,,,,,,,,0.2,,0.0,,,,,,,,,,,,,,,,,,,,,,,,,,,,,,0.0,0.0,0.0,NEUTRAL,,MID,,,,,,,,,,0.0
BLUESTARCO,,,,,,-0.4,,,,2026-08-10,,,,,,,,,,,,1.4,,0.0,,,,,,,,,,,,,,,,,,,,,,,,,,,,,,0.0,0.0,0.0,NEUTRAL,,LARGE,,,,,,,,,,0.0
BRITANNIA,,,,,,2.06,,,,2026-08-10,,,,,,,,,,,,0.2,,0.0,,,,,,,,,,,,,,,,,,,,,,,,,,,,,,0.0,28.8,-2.0,NEUTRAL,,MEGA,,,,,,,,,,0.0
CAPLIPOINT,,,,,,1.93,,,,2026-08-10,,,,,,,,,,,,-0.2,,0.5,,,,,,,,,,,,,,,,,,,,,,,,,,,,,,0.0,0.0,5.0,NEUTRAL,,MID,,,,,,,,,,0.0
CEMPRO,,,,,,4.83,,,,2026-08-10,,,,,,,,,,,,1.4,,0.0,,,,,,,,,,,,,,,,,,,,,,,,,,,,,,0.0,0.0,3.0,NEUTRAL,,LARGE,,,,,,,,,,0.0
DOMS,,,,,,-0.46,,,,2026-08-10,,,,,,,,,,,,1.4,,0.2,,,,,,,,,,,,,,,,,,,,,,,,,,,,,,0.0,0.0,0.0,NEUTRAL,,MID,,,,,,,,,,0.0
DIXON,,,,,,-0.6,,,,2026-08-10,,,,,,,,,,,,3.5,,0.0,,,,,,,,,,,,,,,,,,,,,,,,,,,,,,0.0,4.6,3.0,NEUTRAL,,LARGE,,,,,,,,,,0.0
ELGIEQUIP,,,,,,-1.0,,,,2026-08-10,,,,,,,,,,,,1.4,,1.1,,,,,,,,,,,,,,,,,,,,,,,,,,,,,,0.0,0.0,8.0,NEUTRAL,,MID,,,,,,,,,,0.0
ENDURANCE,,,,,,2.22,,,,2026-08-10,,,,,,,,,,,,3.4,,0.0,,,,,,,,,,,,,,,,,,,,,,,,,,,,,,0.0,0.0,5.0,NEUTRAL,,LARGE,,,,,,,,,,0.0
GABRIEL,,,,,,-2.0,,,,2026-08-10,,,,,,,,,,,,3.4,,0.0,,,,,,,,,,,,,,,,,,,,,,,,,,,,,,0.0,0.0,0.0,NEUTRAL,,LARGE,,,,,,,,,,0.0
MEDANTA,,,,,,1.42,,,,2026-08-10,,,,,,,,,,,,-0.2,,0.0,,,,,,,,,,,,,,,,,,,,,,,,,,,,,,0.0,0.0,-2.0,NEUTRAL,,LARGE,,,,,,,,,,0.0
GRANULES,,,,,,-2.14,,,,2026-08-10,,,,,,,,,,,,-0.2,,0.0,,,,,,,,,,,,,,,,,,,,,,,,,,,,,,0.0,0.0,5.0,NEUTRAL,,LARGE,,,,,,,,,,0.0
GRAVITA,,,,,,2.97,,,,2026-08-10,,,,,,,,,,,,1.4,,0.6,,,,,,,,,,,,,,,,,,,,,,,,,,,,,,0.0,0.0,3.0,NEUTRAL,,MID,,,,,,,,,,0.0
HSCL,,,,,,2.58,,,,2026-08-10,,,,,,,,,,,,3.4,,0.0,,,,,,,,,,,,,,,,,,,,,,,,,,,,,,0.0,0.0,3.0,NEUTRAL,,LARGE,,,,,,,,,,0.0
HINDZINC,,,,,,-1.3,,,,2026-08-10,,,,,,,,,,,,3.4,,0.0,,,,,,,,,,,,,,,,,,,,,,,,,,,,,,0.0,0.0,8.0,NEUTRAL,,MEGA,,,,,,,,,,0.0
INDHOTEL,,,,,,-0.31,,,,2026-08-10,,,,,,,,,,,,3.4,,0.0,,,,,,,,,,,,,,,,,,,,,,,,,,,,,,0.0,0.0,3.0,NEUTRAL,,MEGA,,,,,,,,,,0.0
JSL,,,,,,-0.26,,,,2026-08-10,,,,,,,,,,,,3.4,,0.0,,,,,,,,,,,,,,,,,,,,,,,,,,,,,,0.0,0.0,5.0,NEUTRAL,,LARGE,,,,,,,,,,0.0
KPIL,,,,,,-0.14,,,,2026-08-10,,,,,,,,,,,,1.4,,0.0,,,,,,,,,,,,,,,,,,,,,,,,,,,,,,0.0,0.0,9.0,NEUTRAL,,LARGE,,,,,,,,,,0.0
LODHA,,,,,,-0.47,,,,2026-08-10,,,,,,,,,,,,-1.4,,0.0,,,,,,,,,,,,,,,,,,,,,,,,,,,,,,0.0,0.0,3.0,NEUTRAL,,MEGA,,,,,,,,,,0.0
LUPIN,,,,,,-2.69,,,,2026-08-10,,,,,,,,,,,,-0.2,,0.0,,,,,,,,,,,,,,,,,,,,,,,,,,,,,,0.0,0.0,7.0,NEUTRAL,,MEGA,,,,,,,,,,0.0
MRF,,,,,,-0.25,,,,2026-08-10,,,,,,,,,,,,3.4,,0.0,,,,,,,,,,,,,,,,,,,,,,,,,,,,,,0.0,0.0,9.0,NEUTRAL,,LARGE,,,,,,,,,,0.0
MANKIND,,,,,,-0.73,,,,2026-08-10,,,,,,,,,,,,-0.2,,0.0,,,,,,,,,,,,,,,,,,,,,,,,,,,,,,0.0,0.0,3.0,NEUTRAL,,MEGA,,,,,,,,,,0.0
MARICO,,,,,,0.17,,,,2026-08-10,,,,,,,,,,,,0.2,,0.0,,,,,,,,,,,,,,,,,,,,,,,,,,,,,,0.0,0.0,0.0,NEUTRAL,,MEGA,,,,,,,,,,0.0
MAXHEALTH,,,,,,-0.09,,,,2026-08-10,,,,,,,,,,,,-0.2,,0.0,,,,,,,,,,,,,,,,,,,,,,,,,,,,,,0.0,0.0,2.0,NEUTRAL,,MEGA,,,,,,,,,,0.0
MSUMI,,,,,,-0.29,,,,2026-08-10,,,,,,,,,,,,3.4,,0.0,,,,,,,,,,,,,,,,,,,,,,,,,,,,,,0.0,0.0,1.0,NEUTRAL,,LARGE,,,,,,,,,,0.0
MPHASIS,,,,,,1.33,,,,2026-08-10,,,,,,,,,,,,3.5,,0.0,,,,,,,,,,,,,,,,,,,,,,,,,,,,,,0.0,0.0,5.0,NEUTRAL,,LARGE,,,,,,,,,,0.0
MCX,,,,,,4.6,,,,2026-08-10,,,,,,,,,,,,0.1,,0.0,,,,,,,,,,,,,,,,,,,,,,,,,,,,,,0.0,13.8,3.0,NEUTRAL,,LARGE,,,,,,,,,,0.0
NMDC,,,,,,0.66,,,,2026-08-10,,,,,,,,,,,,3.4,,0.0,,,,,,,,,,,,,,,,,,,,,,,,,,,,,,0.0,-72.5,15.0,NEUTRAL,,LARGE,,,,,,,,,,0.0
NATIONALUM,,,,,,0.45,,,,2026-08-10,,,,,,,,,,,,3.4,,0.0,,,,,,,,,,,,,,,,,,,,,,,,,,,,,,0.0,0.0,8.0,NEUTRAL,,LARGE,,,,,,,,,,0.0
NAVINFLUOR,,,,,,-0.9,,,,2026-08-10,,,,,,,,,,,,3.4,,0.0,,,,,,,,,,,,,,,,,,,,,,,,,,,,,,0.0,0.0,0.0,NEUTRAL,,LARGE,,,,,,,,,,0.0
NETWEB,,,,,,-0.73,,,,2026-08-10,,,,,,,,,,,,3.5,,0.0,,,,,,,,,,,,,,,,,,,,,,,,,,,,,,0.0,0.0,0.0,NEUTRAL,,LARGE,,,,,,,,,,0.0
OBEROIRLTY,,,,,,1.01,,,,2026-08-10,,,,,,,,,,,,-1.4,,0.0,,,,,,,,,,,,,,,,,,,,,,,,,,,,,,0.0,0.0,7.0,NEUTRAL,,LARGE,,,,,,,,,,0.0
ONGC,,,,,,0.41,,,,2026-08-10,,,,,,,,,,,,-1.8,,27.1,,,,,,,,,,,,,,,,,,,,,,,,,,,,,,40.0,0.0,13.0,POSITIVE,,MEGA,,,,,,,,,,1.0
OFSS,,,,,,0.72,,,,2026-08-10,,,,,,,,,,,,3.5,,0.0,,,,,,,,,,,,,,,,,,,,,,,,,,,,,,0.0,0.0,6.0,NEUTRAL,,MEGA,,,,,,,,,,0.0
PAGEIND,,,,,,-3.11,,,,2026-08-10,,,,,,,,,,,,3.4,,0.0,,,,,,,,,,,,,,,,,,,,,,,,,,,,,,0.0,0.0,3.0,NEUTRAL,,LARGE,,,,,,,,,,0.0
PATANJALI,,,,,,-0.7,,,,2026-08-10,,,,,,,,,,,,0.2,,27.0,,,,,,,,,,,,,,,,,,,,,,,,,,,,,,40.0,0.0,9.0,POSITIVE,,LARGE,,,,,,,,,,1.0
RRKABEL,,,,,,-0.09,,,,2026-08-10,,,,,,,,,,,,1.4,,0.0,,,,,,,,,,,,,,,,,,,,,,,,,,,,,,0.0,0.0,0.0,NEUTRAL,,LARGE,,,,,,,,,,0.0
SARDAEN,,,,,,0.58,,,,2026-08-10,,,,,,,,,,,,3.4,,1.3,,,,,,,,,,,,,,,,,,,,,,,,,,,,,,0.0,0.0,7.0,NEUTRAL,,MID,,,,,,,,,,0.0
SOLARINDS,,,,,,0.91,,,,2026-08-10,,,,,,,,,,,,3.4,,0.0,,,,,,,,,,,,,,,,,,,,,,,,,,,,,,0.0,0.0,5.0,NEUTRAL,,MEGA,,,,,,,,,,0.0
TBOTEK,,,,,,-0.55,,,,2026-08-10,,,,,,,,,,,,3.4,,0.2,,,,,,,,,,,,,,,,,,,,,,,,,,,,,,0.0,0.0,-3.0,NEUTRAL,,MID,,,,,,,,,,0.0
TCS,,,,,,-1.1,,,,2026-08-10,,,,,,,,,,,,3.5,,0.0,,,,,,,,,,,,,,,,,,,,,,,,,,,,,,0.0,88.6,8.0,NEUTRAL,,MEGA,,,,,,,,,,0.0
TRENT,,,,,,0.93,,,,2026-08-10,,,,,,,,,,,,3.4,,0.0,,,,,,,,,,,,,,,,,,,,,,,,,,,,,,0.0,90.1,0.0,NEUTRAL,,MEGA,,,,,,,,,,0.0
UNOMINDA,,,,,,0.23,,,,2026-08-10,,,,,,,,,,,,3.4,,0.0,,,,,,,,,,,,,,,,,,,,,,,,,,,,,,0.0,0.0,0.0,NEUTRAL,,LARGE,,,,,,,,,,0.0
VIJAYA,,,,,,3.07,,,,2026-08-10,,,,,,,,,,,,-0.2,,0.2,,,,,,,,,,,,,,,,,,,,,,,,,,,,,,0.0,0.0,2.0,NEUTRAL,,MID,,,,,,,,,,0.0
ZFCVINDIA,,,,,,-1.05,,,,2026-08-10,,,,,,,,,,,,3.4,,0.0,,,,,,,,,,,,,,,,,,,,,,,,,,,,,,0.0,0.0,6.0,NEUTRAL,,LARGE,,,,,,,,,,0.0
ZYDUSLIFE,,,,,,0.43,,,,2026-08-10,,,,,,,,,,,,-0.2,,0.0,,,,,,,,,,,,,,,,,,,,,,,,,,,,,,0.0,0.0,9.0,NEUTRAL,,MEGA,,,,,,,,,,0.0
ECLERX,,,,,,-0.33,,,,2026-08-10,,,,,,,,,,,,3.5,,1.1,,,,,,,,,,,,,,,,,,,,,,,,,,,,,,0.0,0.0,5.0,NEUTRAL,,MID,,,,,,,,,,0.0
AIAENG,,,,,,-0.18,,,,2026-08-11,,,,,,,,,,,,1.8,,0.0,,,,,,,,,,,,,,,,,,,,,,,,,,,,,,0.0,0.0,5.0,NEUTRAL,,LARGE,,,,,,,,,,0.0
AFFLE,,,,,,5.19,,,,2026-08-11,,,,,,,,,,,,6.4,,0.0,,,,,,,,,,,,,,,,,,,,,,,,,,,,,,0.0,0.0,-1.0,NEUTRAL,,LARGE,,,,,,,,,,0.0
APARINDS,,,,,,1.82,,,,2026-08-11,,,,,,,,,,,,1.8,,0.0,,,,,,,,,,,,,,,,,,,,,,,,,,,,,,0.0,0.0,0.0,NEUTRAL,,LARGE,,,,,,,,,,0.0
ASIANPAINT,,,,,,-0.53,,,,2026-08-11,,,,,,,,,,,,2.5,,0.0,,,,,,,,,,,,,,,,,,,,,,,,,,,,,,0.0,0.0,-3.0,NEUTRAL,,MEGA,,,,,,,,,,0.0
BLS,,,,,,0.06,,,,2026-08-11,,,,,,,,,,,,1.8,,0.8,,,,,,,,,,,,,,,,,,,,,,,,,,,,,,0.0,0.0,5.0,NEUTRAL,,MID,,,,,,,,,,0.0
BSE,,,,,,0.25,,,,2026-08-11,,,,,,,,,,,,2.7,,0.0,,,,,,,,,,,,,,,,,,,,,,,,,,,,,,0.0,-9.0,-2.0,NEUTRAL,,MEGA,,,,,,,,,,0.0
BEL,,,,,,0.37,,,,2026-08-11,,,,,,,,,,,,1.8,,0.0,,,,,,,,,,,,,,,,,,,,,,,,,,,,,,0.0,0.0,3.0,NEUTRAL,,MEGA,,,,,,,,,,0.0
BIKAJI,,,,,,-0.55,,,,2026-08-11,,,,,,,,,,,,-0.2,,-0.0,,,,,,,,,,,,,,,,,,,,,,,,,,,,,,0.0,0.0,0.0,NEUTRAL,,MID,,,,,,,,,,0.0
BLUESTARCO,,,,,,-0.67,,,,2026-08-11,,,,,,,,,,,,1.8,,0.0,,,,,,,,,,,,,,,,,,,,,,,,,,,,,,0.0,0.0,0.0,NEUTRAL,,LARGE,,,,,,,,,,0.0
BRITANNIA,,,,,,-0.45,,,,2026-08-11,,,,,,,,,,,,-0.2,,0.0,,,,,,,,,,,,,,,,,,,,,,,,,,,,,,0.0,67.1,-2.0,NEUTRAL,,MEGA,,,,,,,,,,0.0
CAPLIPOINT,,,,,,0.22,,,,2026-08-11,,,,,,,,,,,,0.3,,0.6,,,,,,,,,,,,,,,,,,,,,,,,,,,,,,0.0,0.0,5.0,NEUTRAL,,MID,,,,,,,,,,0.0
CEMPRO,,,,,,0.65,,,,2026-08-11,,,,,,,,,,,,1.8,,0.0,,,,,,,,,,,,,,,,,,,,,,,,,,,,,,0.0,0.0,3.0,NEUTRAL,,LARGE,,,,,,,,,,0.0
DOMS,,,,,,-0.81,,,,2026-08-11,,,,,,,,,,,,1.8,,0.3,,,,,,,,,,,,,,,,,,,,,,,,,,,,,,0.0,0.0,0.0,NEUTRAL,,MID,,,,,,,,,,0.0
DIXON,,,,,,-0.65,,,,2026-08-11,,,,,,,,,,,,3.4,,0.0,,,,,,,,,,,,,,,,,,,,,,,,,,,,,,0.0,0.0,3.0,NEUTRAL,,LARGE,,,,,,,,,,0.0
ELGIEQUIP,,,,,,-1.49,,,,2026-08-11,,,,,,,,,,,,1.8,,1.2,,,,,,,,,,,,,,,,,,,,,,,,,,,,,,0.0,0.0,8.0,NEUTRAL,,MID,,,,,,,,,,0.0
ENDURANCE,,,,,,0.63,,,,2026-08-11,,,,,,,,,,,,3.1,,0.0,,,,,,,,,,,,,,,,,,,,,,,,,,,,,,0.0,0.0,5.0,NEUTRAL,,LARGE,,,,,,,,,,0.0
GABRIEL,,,,,,2.15,,,,2026-08-11,,,,,,,,,,,,3.1,,0.0,,,,,,,,,,,,,,,,,,,,,,,,,,,,,,0.0,0.0,0.0,NEUTRAL,,LARGE,,,,,,,,,,0.0
MEDANTA,,,,,,-2.43,,,,2026-08-11,,,,,,,,,,,,0.3,,0.0,,,,,,,,,,,,,,,,,,,,,,,,,,,,,,0.0,0.0,-2.0,NEUTRAL,,LARGE,,,,,,,,,,0.0
GRANULES,,,,,,0.68,,,,2026-08-11,,,,,,,,,,,,0.3,,0.0,,,,,,,,,,,,,,,,,,,,,,,,,,,,,,0.0,0.0,5.0,NEUTRAL,,LARGE,,,,,,,,,,0.0
GRAVITA,,,,,,0.06,,,,2026-08-11,,,,,,,,,,,,1.8,,0.6,,,,,,,,,,,,,,,,,,,,,,,,,,,,,,0.0,0.0,3.0,NEUTRAL,,MID,,,,,,,,,,0.0
HSCL,,,,,,-2.14,,,,2026-08-11,,,,,,,,,,,,2.5,,-25.3,,,,,,,,,,,,,,,,,,,,,,,,,,,,,,-40.0,0.0,3.0,NEGATIVE,,LARGE,,,,,,,,,,-1.0
HINDZINC,,,,,,-1.43,,,,2026-08-11,,,,,,,,,,,,2.5,,0.0,,,,,,,,,,,,,,,,,,,,,,,,,,,,,,0.0,0.0,8.0,NEUTRAL,,MEGA,,,,,,,,,,0.0
INDHOTEL,,,,,,-0.64,,,,2026-08-11,,,,,,,,,,,,3.1,,0.0,,,,,,,,,,,,,,,,,,,,,,,,,,,,,,0.0,0.0,3.0,NEUTRAL,,MEGA,,,,,,,,,,0.0
JSL,,,,,,-1.04,,,,2026-08-11,,,,,,,,,,,,2.5,,0.0,,,,,,,,,,,,,,,,,,,,,,,,,,,,,,0.0,0.0,5.0,NEUTRAL,,LARGE,,,,,,,,,,0.0
KPIL,,,,,,2.46,,,,2026-08-11,,,,,,,,,,,,1.8,,0.0,,,,,,,,,,,,,,,,,,,,,,,,,,,,,,0.0,0.0,9.0,NEUTRAL,,LARGE,,,,,,,,,,0.0
LODHA,,,,,,-0.08,,,,2026-08-11,,,,,,,,,,,,-1.2,,0.0,,,,,,,,,,,,,,,,,,,,,,,,,,,,,,0.0,0.0,3.0,NEUTRAL,,MEGA,,,,,,,,,,0.0
LUPIN,,,,,,-0.92,,,,2026-08-11,,,,,,,,,,,,0.3,,0.0,,,,,,,,,,,,,,,,,,,,,,,,,,,,,,0.0,2.7,7.0,NEUTRAL,,MEGA,,,,,,,,,,0.0
MRF,,,,,,-2.04,,,,2026-08-11,,,,,,,,,,,,3.1,,0.0,,,,,,,,,,,,,,,,,,,,,,,,,,,,,,0.0,-96.5,9.0,NEUTRAL,,LARGE,,,,,,,,,,0.0
MANKIND,,,,,,-0.53,,,,2026-08-11,,,,,,,,,,,,0.3,,0.0,,,,,,,,,,,,,,,,,,,,,,,,,,,,,,0.0,0.0,3.0,NEUTRAL,,MEGA,,,,,,,,,,0.0
MARICO,,,,,,-0.98,,,,2026-08-11,,,,,,,,,,,,-0.2,,0.0,,,,,,,,,,,,,,,,,,,,,,,,,,,,,,0.0,0.0,0.0,NEUTRAL,,MEGA,,,,,,,,,,0.0
MAXHEALTH,,,,,,-2.71,,,,2026-08-11,,,,,,,,,,,,0.3,,0.0,,,,,,,,,,,,,,,,,,,,,,,,,,,,,,0.0,0.0,2.0,NEUTRAL,,MEGA,,,,,,,,,,0.0
MSUMI,,,,,,-0.07,,,,2026-08-11,,,,,,,,,,,,3.1,,0.0,,,,,,,,,,,,,,,,,,,,,,,,,,,,,,0.0,0.0,1.0,NEUTRAL,,LARGE,,,,,,,,,,0.0
MPHASIS,,,,,,0.88,,,,2026-08-11,,,,,,,,,,,,3.4,,0.0,,,,,,,,,,,,,,,,,,,,,,,,,,,,,,0.0,0.0,7.0,NEUTRAL,,LARGE,,,,,,,,,,0.0
MCX,,,,,,4.92,,,,2026-08-11,,,,,,,,,,,,2.7,,0.0,,,,,,,,,,,,,,,,,,,,,,,,,,,,,,0.0,75.6,3.0,NEUTRAL,,LARGE,,,,,,,,,,0.0
NMDC,,,,,,-0.04,,,,2026-08-11,,,,,,,,,,,,2.5,,-24.0,,,,,,,,,,,,,,,,,,,,,,,,,,,,,,-40.0,0.0,15.0,NEGATIVE,,LARGE,,,,,,,,,,-1.0
NATIONALUM,,,,,,1.38,,,,2026-08-11,,,,,,,,,,,,2.5,,0.0,,,,,,,,,,,,,,,,,,,,,,,,,,,,,,0.0,0.0,8.0,NEUTRAL,,LARGE,,,,,,,,,,0.0
NAVINFLUOR,,,,,,-0.49,,,,2026-08-11,,,,,,,,,,,,2.5,,0.0,,,,,,,,,,,,,,,,,,,,,,,,,,,,,,0.0,0.0,0.0,NEUTRAL,,LARGE,,,,,,,,,,0.0
NETWEB,,,,,,-0.88,,,,2026-08-11,,,,,,,,,,,,3.4,,0.0,,,,,,,,,,,,,,,,,,,,,,,,,,,,,,0.0,0.0,0.0,NEUTRAL,,LARGE,,,,,,,,,,0.0
OBEROIRLTY,,,,,,0.03,,,,2026-08-11,,,,,,,,,,,,-1.2,,0.0,,,,,,,,,,,,,,,,,,,,,,,,,,,,,,0.0,0.0,7.0,NEUTRAL,,LARGE,,,,,,,,,,0.0
ONGC,,,,,,-0.16,,,,2026-08-11,,,,,,,,,,,,-1.9,,27.1,,,,,,,,,,,,,,,,,,,,,,,,,,,,,,40.0,0.0,13.0,POSITIVE,,MEGA,,,,,,,,,,1.0
OFSS,,,,,,0.05,,,,2026-08-11,,,,,,,,,,,,3.4,,0.0,,,,,,,,,,,,,,,,,,,,,,,,,,,,,,0.0,0.0,6.0,NEUTRAL,,MEGA,,,,,,,,,,0.0
PAGEIND,,,,,,-0.57,,,,2026-08-11,,,,,,,,,,,,3.1,,0.0,,,,,,,,,,,,,,,,,,,,,,,,,,,,,,0.0,0.0,3.0,NEUTRAL,,LARGE,,,,,,,,,,0.0
PATANJALI,,,,,,-0.56,,,,2026-08-11,,,,,,,,,,,,-0.2,,0.0,,,,,,,,,,,,,,,,,,,,,,,,,,,,,,0.0,0.0,9.0,NEUTRAL,,LARGE,,,,,,,,,,0.0
RRKABEL,,,,,,2.03,,,,2026-08-11,,,,,,,,,,,,1.8,,0.0,,,,,,,,,,,,,,,,,,,,,,,,,,,,,,0.0,0.0,0.0,NEUTRAL,,LARGE,,,,,,,,,,0.0
SARDAEN,,,,,,-0.93,,,,2026-08-11,,,,,,,,,,,,2.5,,1.2,,,,,,,,,,,,,,,,,,,,,,,,,,,,,,0.0,0.0,7.0,NEUTRAL,,MID,,,,,,,,,,0.0
SOLARINDS,,,,,,-0.27,,,,2026-08-11,,,,,,,,,,,,2.5,,0.0,,,,,,,,,,,,,,,,,,,,,,,,,,,,,,0.0,0.0,5.0,NEUTRAL,,MEGA,,,,,,,,,,0.0
TBOTEK,,,,,,2.35,,,,2026-08-11,,,,,,,,,,,,3.1,,0.2,,,,,,,,,,,,,,,,,,,,,,,,,,,,,,0.0,0.0,-3.0,NEUTRAL,,MID,,,,,,,,,,0.0
TCS,,,,,,0.82,,,,2026-08-11,,,,,,,,,,,,3.4,,0.0,,,,,,,,,,,,,,,,,,,,,,,,,,,,,,0.0,0.5,8.0,NEUTRAL,,MEGA,,,,,,,,,,0.0
TRENT,,,,,,-0.83,,,,2026-08-11,,,,,,,,,,,,3.1,,0.0,,,,,,,,,,,,,,,,,,,,,,,,,,,,,,0.0,90.1,0.0,NEUTRAL,,MEGA,,,,,,,,,,0.0
UNOMINDA,,,,,,-1.01,,,,2026-08-11,,,,,,,,,,,,3.1,,0.0,,,,,,,,,,,,,,,,,,,,,,,,,,,,,,0.0,0.0,0.0,NEUTRAL,,LARGE,,,,,,,,,,0.0
VIJAYA,,,,,,2.56,,,,2026-08-11,,,,,,,,,,,,0.3,,0.0,,,,,,,,,,,,,,,,,,,,,,,,,,,,,,0.0,0.0,0.0,NEUTRAL,,MID,,,,,,,,,,0.0
ZFCVINDIA,,,,,,0.21,,,,2026-08-11,,,,,,,,,,,,3.1,,0.0,,,,,,,,,,,,,,,,,,,,,,,,,,,,,,0.0,0.0,6.0,NEUTRAL,,LARGE,,,,,,,,,,0.0
ZYDUSLIFE,,,,,,6.43,,,,2026-08-11,,,,,,,,,,,,0.3,,0.0,,,,,,,,,,,,,,,,,,,,,,,,,,,,,,0.0,0.0,9.0,NEUTRAL,,MEGA,,,,,,,,,,0.0
ECLERX,,,,,,1.83,,,,2026-08-11,,,,,,,,,,,,3.4,,1.1,,,,,,,,,,,,,,,,,,,,,,,,,,,,,,0.0,0.0,5.0,NEUTRAL,,MID,,,,,,,,,,0.0
AIAENG,,,,,,-5.41,,,,2026-08-12,,,,,,,,,,,,2.4,,0.0,,,,,,,,,,,,,,,,,,,,,,,,,,,,,,0.0,0.0,3.0,NEUTRAL,,LARGE,,,,,,,,,,0.0
AFFLE,,,,,,-0.26,,,,2026-08-12,,,,,,,,,,,,5.7,,0.0,,,,,,,,,,,,,,,,,,,,,,,,,,,,,,0.0,0.0,2.0,NEUTRAL,,LARGE,,,,,,,,,,0.0
APARINDS,,,,,,7.48,,,,2026-08-12,,,,,,,,,,,,2.4,,0.0,,,,,,,,,,,,,,,,,,,,,,,,,,,,,,0.0,0.0,0.0,NEUTRAL,,LARGE,,,,,,,,,,0.0
ASIANPAINT,,,,,,0.16,,,,2026-08-12,,,,,,,,,,,,3.6,,0.0,,,,,,,,,,,,,,,,,,,,,,,,,,,,,,0.0,0.0,-2.0,NEUTRAL,,MEGA,,,,,,,,,,0.0
BLS,,,,,,0.77,,,,2026-08-12,,,,,,,,,,,,2.4,,0.9,,,,,,,,,,,,,,,,,,,,,,,,,,,,,,0.0,0.0,5.0,NEUTRAL,,MID,,,,,,,,,,0.0
BSE,,,,,,-2.16,,,,2026-08-12,,,,,,,,,,,,3.0,,0.0,,,,,,,,,,,,,,,,,,,,,,,,,,,,,,0.0,17.5,-2.0,NEUTRAL,,MEGA,,,,,,,,,,0.0
BEL,,,,,,-0.04,,,,2026-08-12,,,,,,,,,,,,2.4,,0.0,,,,,,,,,,,,,,,,,,,,,,,,,,,,,,0.0,0.0,3.0,NEUTRAL,,MEGA,,,,,,,,,,0.0
BIKAJI,,,,,,-1.65,,,,2026-08-12,,,,,,,,,,,,-0.3,,26.0,,,,,,,,,,,,,,,,,,,,,,,,,,,,,,40.0,0.0,0.0,POSITIVE,,MID,,,,,,,,,,1.0
BLUESTARCO,,,,,,-0.53,,,,2026-08-12,,,,,,,,,,,,2.4,,0.0,,,,,,,,,,,,,,,,,,,,,,,,,,,,,,0.0,0.0,0.0,NEUTRAL,,LARGE,,,,,,,,,,0.0
BRITANNIA,,,,,,0.85,,,,2026-08-12,,,,,,,,,,,,-0.3,,0.0,,,,,,,,,,,,,,,,,,,,,,,,,,,,,,0.0,0.0,-2.0,NEUTRAL,,MEGA,,,,,,,,,,0.0
CAPLIPOINT,,,,,,-5.98,,,,2026-08-12,,,,,,,,,,,,-0.3,,0.5,,,,,,,,,,,,,,,,,,,,,,,,,,,,,,0.0,0.0,5.0,NEUTRAL,,MID,,,,,,,,,,0.0
CEMPRO,,,,,,-1.01,,,,2026-08-12,,,,,,,,,,,,2.4,,0.0,,,,,,,,,,,,,,,,,,,,,,,,,,,,,,0.0,0.0,3.0,NEUTRAL,,LARGE,,,,,,,,,,0.0
DOMS,,,,,,0.46,,,,2026-08-12,,,,,,,,,,,,2.4,,0.4,,,,,,,,,,,,,,,,,,,,,,,,,,,,,,0.0,0.0,0.0,NEUTRAL,,MID,,,,,,,,,,0.0
DIXON,,,,,,-1.59,,,,2026-08-12,,,,,,,,,,,,2.0,,0.0,,,,,,,,,,,,,,,,,,,,,,,,,,,,,,0.0,0.0,3.0,NEUTRAL,,LARGE,,,,,,,,,,0.0
ELGIEQUIP,,,,,,0.3,,,,2026-08-12,,,,,,,,,,,,2.4,,1.3,,,,,,,,,,,,,,,,,,,,,,,,,,,,,,0.0,0.0,8.0,NEUTRAL,,MID,,,,,,,,,,0.0
ENDURANCE,,,,,,1.07,,,,2026-08-12,,,,,,,,,,,,2.1,,0.0,,,,,,,,,,,,,,,,,,,,,,,,,,,,,,0.0,0.0,5.0,NEUTRAL,,LARGE,,,,,,,,,,0.0
GABRIEL,,,,,,-1.64,,,,2026-08-12,,,,,,,,,,,,2.1,,0.0,,,,,,,,,,,,,,,,,,,,,,,,,,,,,,0.0,0.0,0.0,NEUTRAL,,LARGE,,,,,,,,,,0.0
MEDANTA,,,,,,-3.26,,,,2026-08-12,,,,,,,,,,,,-0.3,,0.0,,,,,,,,,,,,,,,,,,,,,,,,,,,,,,0.0,0.0,-2.0,NEUTRAL,,LARGE,,,,,,,,,,0.0
GRANULES,,,,,,0.44,,,,2026-08-12,,,,,,,,,,,,-0.3,,0.0,,,,,,,,,,,,,,,,,,,,,,,,,,,,,,0.0,0.0,5.0,NEUTRAL,,LARGE,,,,,,,,,,0.0
GRAVITA,,,,,,1.71,,,,2026-08-12,,,,,,,,,,,,2.4,,0.7,,,,,,,,,,,,,,,,,,,,,,,,,,,,,,0.0,0.0,3.0,NEUTRAL,,MID,,,,,,,,,,0.0
HSCL,,,,,,0.91,,,,2026-08-12,,,,,,,,,,,,3.6,,0.0,,,,,,,,,,,,,,,,,,,,,,,,,,,,,,0.0,0.0,3.0,NEUTRAL,,LARGE,,,,,,,,,,0.0
HINDZINC,,,,,,-0.35,,,,2026-08-12,,,,,,,,,,,,3.6,,0.0,,,,,,,,,,,,,,,,,,,,,,,,,,,,,,0.0,0.0,8.0,NEUTRAL,,MEGA,,,,,,,,,,0.0
INDHOTEL,,,,,,0.0,,,,2026-08-12,,,,,,,,,,,,2.1,,0.0,,,,,,,,,,,,,,,,,,,,,,,,,,,,,,0.0,0.0,3.0,NEUTRAL,,MEGA,,,,,,,,,,0.0
JSL,,,,,,1.77,,,,2026-08-12,,,,,,,,,,,,3.6,,0.0,,,,,,,,,,,,,,,,,,,,,,,,,,,,,,0.0,0.0,5.0,NEUTRAL,,LARGE,,,,,,,,,,0.0
KPIL,,,,,,3.64,,,,2026-08-12,,,,,,,,,,,,2.4,,0.0,,,,,,,,,,,,,,,,,,,,,,,,,,,,,,0.0,0.0,7.0,NEUTRAL,,LARGE,,,,,,,,,,0.0
LODHA,,,,,,-0.25,,,,2026-08-12,,,,,,,,,,,,-1.0,,0.0,,,,,,,,,,,,,,,,,,,,,,,,,,,,,,0.0,0.0,3.0,NEUTRAL,,MEGA,,,,,,,,,,0.0
LUPIN,,,,,,0.09,,,,2026-08-12,,,,,,,,,,,,-0.3,,0.0,,,,,,,,,,,,,,,,,,,,,,,,,,,,,,0.0,2.7,7.0,NEUTRAL,,MEGA,,,,,,,,,,0.0
MRF,,,,,,-0.26,,,,2026-08-12,,,,,,,,,,,,2.1,,0.0,,,,,,,,,,,,,,,,,,,,,,,,,,,,,,0.0,-94.2,9.0,NEUTRAL,,LARGE,,,,,,,,,,0.0
MANKIND,,,,,,0.33,,,,2026-08-12,,,,,,,,,,,,-0.3,,0.0,,,,,,,,,,,,,,,,,,,,,,,,,,,,,,0.0,0.0,3.0,NEUTRAL,,MEGA,,,,,,,,,,0.0
MARICO,,,,,,0.0,,,,2026-08-12,,,,,,,,,,,,-0.3,,0.0,,,,,,,,,,,,,,,,,,,,,,,,,,,,,,0.0,0.0,0.0,NEUTRAL,,MEGA,,,,,,,,,,0.0
MAXHEALTH,,,,,,-3.12,,,,2026-08-12,,,,,,,,,,,,-0.3,,0.0,,,,,,,,,,,,,,,,,,,,,,,,,,,,,,0.0,0.0,2.0,NEUTRAL,,LARGE,,,,,,,,,,0.0
MSUMI,,,,,,0.07,,,,2026-08-12,,,,,,,,,,,,2.1,,0.0,,,,,,,,,,,,,,,,,,,,,,,,,,,,,,0.0,0.0,1.0,NEUTRAL,,LARGE,,,,,,,,,,0.0
MPHASIS,,,,,,0.3,,,,2026-08-12,,,,,,,,,,,,2.0,,0.0,,,,,,,,,,,,,,,,,,,,,,,,,,,,,,0.0,0.0,5.0,NEUTRAL,,LARGE,,,,,,,,,,0.0
MCX,,,,,,2.59,,,,2026-08-12,,,,,,,,,,,,3.0,,0.0,,,,,,,,,,,,,,,,,,,,,,,,,,,,,,0.0,86.8,3.0,NEUTRAL,,LARGE,,,,,,,,,,0.0
NMDC,,,,,,0.53,,,,2026-08-12,,,,,,,,,,,,3.6,,0.0,,,,,,,,,,,,,,,,,,,,,,,,,,,,,,0.0,0.0,15.0,NEUTRAL,,LARGE,,,,,,,,,,0.0
NATIONALUM,,,,,,8.25,,,,2026-08-12,,,,,,,,,,,,3.6,,0.0,,,,,,,,,,,,,,,,,,,,,,,,,,,,,,0.0,0.0,8.0,NEUTRAL,,LARGE,,,,,,,,,,0.0
NAVINFLUOR,,,,,,2.46,,,,2026-08-12,,,,,,,,,,,,3.6,,0.0,,,,,,,,,,,,,,,,,,,,,,,,,,,,,,0.0,0.0,0.0,NEUTRAL,,LARGE,,,,,,,,,,0.0
NETWEB,,,,,,-0.46,,,,2026-08-12,,,,,,,,,,,,2.0,,0.0,,,,,,,,,,,,,,,,,,,,,,,,,,,,,,0.0,0.0,0.0,NEUTRAL,,LARGE,,,,,,,,,,0.0
OBEROIRLTY,,,,,,0.35,,,,2026-08-12,,,,,,,,,,,,-1.0,,0.0,,,,,,,,,,,,,,,,,,,,,,,,,,,,,,0.0,0.0,7.0,NEUTRAL,,LARGE,,,,,,,,,,0.0
ONGC,,,,,,-0.17,,,,2026-08-12,,,,,,,,,,,,-1.9,,0.0,,,,,,,,,,,,,,,,,,,,,,,,,,,,,,0.0,0.5,13.0,NEUTRAL,,MEGA,,,,,,,,,,0.0
OFSS,,,,,,-1.82,,,,2026-08-12,,,,,,,,,,,,2.0,,0.0,,,,,,,,,,,,,,,,,,,,,,,,,,,,,,0.0,0.0,6.0,NEUTRAL,,MEGA,,,,,,,,,,0.0
PAGEIND,,,,,,-0.38,,,,2026-08-12,,,,,,,,,,,,2.1,,0.0,,,,,,,,,,,,,,,,,,,,,,,,,,,,,,0.0,0.0,3.0,NEUTRAL,,LARGE,,,,,,,,,,0.0
PATANJALI,,,,,,-0.11,,,,2026-08-12,,,,,,,,,,,,-0.3,,0.0,,,,,,,,,,,,,,,,,,,,,,,,,,,,,,0.0,0.0,9.0,NEUTRAL,,LARGE,,,,,,,,,,0.0
RRKABEL,,,,,,-0.82,,,,2026-08-12,,,,,,,,,,,,2.4,,0.0,,,,,,,,,,,,,,,,,,,,,,,,,,,,,,0.0,0.0,0.0,NEUTRAL,,LARGE,,,,,,,,,,0.0
SARDAEN,,,,,,-1.29,,,,2026-08-12,,,,,,,,,,,,3.6,,1.3,,,,,,,,,,,,,,,,,,,,,,,,,,,,,,0.0,0.0,7.0,NEUTRAL,,MID,,,,,,,,,,0.0
SOLARINDS,,,,,,-0.21,,,,2026-08-12,,,,,,,,,,,,3.6,,0.0,,,,,,,,,,,,,,,,,,,,,,,,,,,,,,0.0,0.0,5.0,NEUTRAL,,MEGA,,,,,,,,,,0.0
TBOTEK,,,,,,-2.63,,,,2026-08-12,,,,,,,,,,,,2.1,,0.0,,,,,,,,,,,,,,,,,,,,,,,,,,,,,,0.0,0.0,-3.0,NEUTRAL,,MID,,,,,,,,,,0.0
TCS,,,,,,-3.93,,,,2026-08-12,,,,,,,,,,,,2.0,,0.0,,,,,,,,,,,,,,,,,,,,,,,,,,,,,,0.0,0.0,8.0,NEUTRAL,,MEGA,,,,,,,,,,0.0
TRENT,,,,,,-0.43,,,,2026-08-12,,,,,,,,,,,,2.1,,0.0,,,,,,,,,,,,,,,,,,,,,,,,,,,,,,0.0,0.0,0.0,NEUTRAL,,MEGA,,,,,,,,,,0.0
UNOMINDA,,,,,,-3.34,,,,2026-08-12,,,,,,,,,,,,2.1,,0.0,,,,,,,,,,,,,,,,,,,,,,,,,,,,,,0.0,0.0,0.0,NEUTRAL,,LARGE,,,,,,,,,,0.0
VIJAYA,,,,,,5.77,,,,2026-08-12,,,,,,,,,,,,-0.3,,-0.0,,,,,,,,,,,,,,,,,,,,,,,,,,,,,,0.0,0.0,0.0,NEUTRAL,,MID,,,,,,,,,,0.0
ZFCVINDIA,,,,,,-0.06,,,,2026-08-12,,,,,,,,,,,,2.1,,0.0,,,,,,,,,,,,,,,,,,,,,,,,,,,,,,0.0,0.0,6.0,NEUTRAL,,LARGE,,,,,,,,,,0.0
ZYDUSLIFE,,,,,,1.18,,,,2026-08-12,,,,,,,,,,,,-0.3,,0.0,,,,,,,,,,,,,,,,,,,,,,,,,,,,,,0.0,0.0,7.0,NEUTRAL,,MEGA,,,,,,,,,,0.0
ECLERX,,,,,,0.81,,,,2026-08-12,,,,,,,,,,,,2.0,,0.9,,,,,,,,,,,,,,,,,,,,,,,,,,,,,,0.0,0.0,5.0,NEUTRAL,,MID,,,,,,,,,,0.0
AIAENG,,,,,,-1.94,,,,2026-08-13,,,,,,,,,,,,1.9,,0.0,,,,,,,,,,,,,,,,,,,,,,,,,,,,,,0.0,0.0,3.0,NEUTRAL,,LARGE,,,,,,,,,,0.0
AFFLE,,,,,,-1.79,,,,2026-08-13,,,,,,,,,,,,3.4,,0.0,,,,,,,,,,,,,,,,,,,,,,,,,,,,,,0.0,0.0,0.0,NEUTRAL,,LARGE,,,,,,,,,,0.0
APARINDS,,,,,,-4.31,,,,2026-08-13,,,,,,,,,,,,1.9,,0.0,,,,,,,,,,,,,,,,,,,,,,,,,,,,,,0.0,0.0,0.0,NEUTRAL,,LARGE,,,,,,,,,,0.0
ASIANPAINT,,,,,,0.57,,,,2026-08-13,,,,,,,,,,,,4.3,,0.0,,,,,,,,,,,,,,,,,,,,,,,,,,,,,,0.0,0.0,-3.0,NEUTRAL,,MEGA,,,,,,,,,,0.0
BLS,,,,,,2.96,,,,2026-08-13,,,,,,,,,,,,1.9,,0.9,,,,,,,,,,,,,,,,,,,,,,,,,,,,,,0.0,0.0,5.0,NEUTRAL,,MID,,,,,,,,,,0.0
BSE,,,,,,-0.69,,,,2026-08-13,,,,,,,,,,,,2.8,,0.0,,,,,,,,,,,,,,,,,,,,,,,,,,,,,,0.0,-26.4,-2.0,NEUTRAL,,MEGA,,,,,,,,,,0.0
BEL,,,,,,1.18,,,,2026-08-13,,,,,,,,,,,,1.9,,0.0,,,,,,,,,,,,,,,,,,,,,,,,,,,,,,0.0,0.0,3.0,NEUTRAL,,MEGA,,,,,,,,,,0.0
BIKAJI,,,,,,1.2,,,,2026-08-13,,,,,,,,,,,,0.3,,0.0,,,,,,,,,,,,,,,,,,,,,,,,,,,,,,0.0,0.0,0.0,NEUTRAL,,MID,,,,,,,,,,0.0
BLUESTARCO,,,,,,1.61,,,,2026-08-13,,,,,,,,,,,,1.9,,0.0,,,,,,,,,,,,,,,,,,,,,,,,,,,,,,0.0,0.0,0.0,NEUTRAL,,LARGE,,,,,,,,,,0.0
BRITANNIA,,,,,,-0.54,,,,2026-08-13,,,,,,,,,,,,0.3,,0.0,,,,,,,,,,,,,,,,,,,,,,,,,,,,,,0.0,0.0,-2.0,NEUTRAL,,MEGA,,,,,,,,,,0.0
CAPLIPOINT,,,,,,1.1,,,,2026-08-13,,,,,,,,,,,,-0.9,,0.2,,,,,,,,,,,,,,,,,,,,,,,,,,,,,,0.0,0.0,3.0,NEUTRAL,,MID,,,,,,,,,,0.0
CEMPRO,,,,,,-1.96,,,,2026-08-13,,,,,,,,,,,,1.9,,0.0,,,,,,,,,,,,,,,,,,,,,,,,,,,,,,0.0,0.0,3.0,NEUTRAL,,LARGE,,,,,,,,,,0.0
DOMS,,,,,,-0.33,,,,2026-08-13,,,,,,,,,,,,1.9,,0.3,,,,,,,,,,,,,,,,,,,,,,,,,,,,,,0.0,0.0,0.0,NEUTRAL,,MID,,,,,,,,,,0.0
DIXON,,,,,,1.7,,,,2026-08-13,,,,,,,,,,,,3.6,,0.0,,,,,,,,,,,,,,,,,,,,,,,,,,,,,,0.0,0.0,3.0,NEUTRAL,,LARGE,,,,,,,,,,0.0
ELGIEQUIP,,,,,,0.17,,,,2026-08-13,,,,,,,,,,,,1.9,,1.2,,,,,,,,,,,,,,,,,,,,,,,,,,,,,,0.0,0.0,8.0,NEUTRAL,,MID,,,,,,,,,,0.0
ENDURANCE,,,,,,-1.47,,,,2026-08-13,,,,,,,,,,,,1.0,,0.0,,,,,,,,,,,,,,,,,,,,,,,,,,,,,,0.0,0.0,5.0,NEUTRAL,,LARGE,,,,,,,,,,0.0
GABRIEL,,,,,,-1.96,,,,2026-08-13,,,,,,,,,,,,1.0,,0.0,,,,,,,,,,,,,,,,,,,,,,,,,,,,,,0.0,0.0,0.0,NEUTRAL,,LARGE,,,,,,,,,,0.0
MEDANTA,,,,,,1.21,,,,2026-08-13,,,,,,,,,,,,-0.9,,0.0,,,,,,,,,,,,,,,,,,,,,,,,,,,,,,0.0,0.0,0.0,NEUTRAL,,LARGE,,,,,,,,,,0.0
GRANULES,,,,,,-0.84,,,,2026-08-13,,,,,,,,,,,,-0.9,,0.0,,,,,,,,,,,,,,,,,,,,,,,,,,,,,,0.0,0.0,5.0,NEUTRAL,,LARGE,,,,,,,,,,0.0
GRAVITA,,,,,,0.25,,,,2026-08-13,,,,,,,,,,,,1.9,,0.6,,,,,,,,,,,,,,,,,,,,,,,,,,,,,,0.0,0.0,3.0,NEUTRAL,,MID,,,,,,,,,,0.0
HSCL,,,,,,2.07,,,,2026-08-13,,,,,,,,,,,,4.3,,0.0,,,,,,,,,,,,,,,,,,,,,,,,,,,,,,0.0,0.0,3.0,NEUTRAL,,LARGE,,,,,,,,,,0.0
HINDZINC,,,,,,-1.07,,,,2026-08-13,,,,,,,,,,,,4.3,,0.0,,,,,,,,,,,,,,,,,,,,,,,,,,,,,,0.0,0.0,8.0,NEUTRAL,,MEGA,,,,,,,,,,0.0
INDHOTEL,,,,,,-0.31,,,,2026-08-13,,,,,,,,,,,,1.0,,0.0,,,,,,,,,,,,,,,,,,,,,,,,,,,,,,0.0,0.0,3.0,NEUTRAL,,MEGA,,,,,,,,,,0.0
JSL,,,,,,-0.34,,,,2026-08-13,,,,,,,,,,,,4.3,,0.0,,,,,,,,,,,,,,,,,,,,,,,,,,,,,,0.0,0.0,5.0,NEUTRAL,,LARGE,,,,,,,,,,0.0
KPIL,,,,,,-2.27,,,,2026-08-13,,,,,,,,,,,,1.9,,0.0,,,,,,,,,,,,,,,,,,,,,,,,,,,,,,0.0,0.0,7.0,NEUTRAL,,LARGE,,,,,,,,,,0.0
LODHA,,,,,,1.93,,,,2026-08-13,,,,,,,,,,,,1.1,,-25.5,,,,,,,,,,,,,,,,,,,,,,,,,,,,,,-40.0,0.0,3.0,NEGATIVE,,MEGA,,,,,,,,,,-1.0
LUPIN,,,,,,-1.35,,,,2026-08-13,,,,,,,,,,,,-0.9,,0.0,,,,,,,,,,,,,,,,,,,,,,,,,,,,,,0.0,2.7,7.0,NEUTRAL,,MEGA,,,,,,,,,,0.0
MRF,,,,,,0.15,,,,2026-08-13,,,,,,,,,,,,1.0,,0.0,,,,,,,,,,,,,,,,,,,,,,,,,,,,,,0.0,0.0,7.0,NEUTRAL,,LARGE,,,,,,,,,,0.0
MANKIND,,,,,,-1.18,,,,2026-08-13,,,,,,,,,,,,-0.9,,0.0,,,,,,,,,,,,,,,,,,,,,,,,,,,,,,0.0,0.0,3.0,NEUTRAL,,LARGE,,,,,,,,,,0.0
MARICO,,,,,,1.11,,,,2026-08-13,,,,,,,,,,,,0.3,,-26.0,,,,,,,,,,,,,,,,,,,,,,,,,,,,,,-40.0,0.0,0.0,NEGATIVE,,MEGA,,,,,,,,,,-1.0
MAXHEALTH,,,,,,0.58,,,,2026-08-13,,,,,,,,,,,,-0.9,,0.0,,,,,,,,,,,,,,,,,,,,,,,,,,,,,,0.0,0.0,2.0,NEUTRAL,,LARGE,,,,,,,,,,0.0
MSUMI,,,,,,-1.46,,,,2026-08-13,,,,,,,,,,,,1.0,,0.0,,,,,,,,,,,,,,,,,,,,,,,,,,,,,,0.0,0.0,1.0,NEUTRAL,,LARGE,,,,,,,,,,0.0
MPHASIS,,,,,,0.13,,,,2026-08-13,,,,,,,,,,,,3.6,,0.0,,,,,,,,,,,,,,,,,,,,,,,,,,,,,,0.0,0.0,5.0,NEUTRAL,,LARGE,,,,,,,,,,0.0
MCX,,,,,,-0.0,,,,2026-08-13,,,,,,,,,,,,2.8,,0.0,,,,,,,,,,,,,,,,,,,,,,,,,,,,,,0.0,35.7,3.0,NEUTRAL,,LARGE,,,,,,,,,,0.0
NMDC,,,,,,-1.05,,,,2026-08-13,,,,,,,,,,,,4.3,,0.0,,,,,,,,,,,,,,,,,,,,,,,,,,,,,,0.0,0.0,15.0,NEUTRAL,,LARGE,,,,,,,,,,0.0
NATIONALUM,,,,,,-4.64,,,,2026-08-13,,,,,,,,,,,,4.3,,0.0,,,,,,,,,,,,,,,,,,,,,,,,,,,,,,0.0,81.9,10.0,NEUTRAL,,LARGE,,,,,,,,,,0.0
NAVINFLUOR,,,,,,-0.75,,,,2026-08-13,,,,,,,,,,,,4.3,,0.0,,,,,,,,,,,,,,,,,,,,,,,,,,,,,,0.0,0.0,0.0,NEUTRAL,,LARGE,,,,,,,,,,0.0
NETWEB,,,,,,7.1,,,,2026-08-13,,,,,,,,,,,,3.6,,0.0,,,,,,,,,,,,,,,,,,,,,,,,,,,,,,0.0,0.0,0.0,NEUTRAL,,LARGE,,,,,,,,,,0.0
OBEROIRLTY,,,,,,2.56,,,,2026-08-13,,,,,,,,,,,,1.1,,0.0,,,,,,,,,,,,,,,,,,,,,,,,,,,,,,0.0,0.0,5.0,NEUTRAL,,LARGE,,,,,,,,,,0.0
ONGC,,,,,,0.36,,,,2026-08-13,,,,,,,,,,,,-1.4,,0.0,,,,,,,,,,,,,,,,,,,,,,,,,,,,,,0.0,0.0,13.0,NEUTRAL,,MEGA,,,,,,,,,,0.0
OFSS,,,,,,-2.22,,,,2026-08-13,,,,,,,,,,,,3.6,,0.0,,,,,,,,,,,,,,,,,,,,,,,,,,,,,,0.0,0.0,6.0,NEUTRAL,,LARGE,,,,,,,,,,0.0
PAGEIND,,,,,,-4.64,,,,2026-08-13,,,,,,,,,,,,1.0,,0.0,,,,,,,,,,,,,,,,,,,,,,,,,,,,,,0.0,0.0,3.0,NEUTRAL,,LARGE,,,,,,,,,,0.0
PATANJALI,,,,,,0.35,,,,2026-08-13,,,,,,,,,,,,0.3,,0.0,,,,,,,,,,,,,,,,,,,,,,,,,,,,,,0.0,0.0,9.0,NEUTRAL,,LARGE,,,,,,,,,,0.0
RRKABEL,,,,,,1.6,,,,2026-08-13,,,,,,,,,,,,1.9,,0.0,,,,,,,,,,,,,,,,,,,,,,,,,,,,,,0.0,0.0,0.0,NEUTRAL,,LARGE,,,,,,,,,,0.0
SARDAEN,,,,,,6.92,,,,2026-08-13,,,,,,,,,,,,4.3,,1.5,,,,,,,,,,,,,,,,,,,,,,,,,,,,,,0.0,0.0,7.0,NEUTRAL,,MID,,,,,,,,,,0.0
SOLARINDS,,,,,,8.51,,,,2026-08-13,,,,,,,,,,,,4.3,,0.0,,,,,,,,,,,,,,,,,,,,,,,,,,,,,,0.0,0.0,5.0,NEUTRAL,,MEGA,,,,,,,,,,0.0
TBOTEK,,,,,,0.52,,,,2026-08-13,,,,,,,,,,,,1.0,,-0.2,,,,,,,,,,,,,,,,,,,,,,,,,,,,,,0.0,0.0,-3.0,NEUTRAL,,MID,,,,,,,,,,0.0
TCS,,,,,,1.08,,,,2026-08-13,,,,,,,,,,,,3.6,,0.0,,,,,,,,,,,,,,,,,,,,,,,,,,,,,,0.0,11.3,8.0,NEUTRAL,,MEGA,,,,,,,,,,0.0
TRENT,,,,,,0.1,,,,2026-08-13,,,,,,,,,,,,1.0,,0.0,,,,,,,,,,,,,,,,,,,,,,,,,,,,,,0.0,93.2,0.0,NEUTRAL,,MEGA,,,,,,,,,,0.0
UNOMINDA,,,,,,0.62,,,,2026-08-13,,,,,,,,,,,,1.0,,0.0,,,,,,,,,,,,,,,,,,,,,,,,,,,,,,0.0,0.0,0.0,NEUTRAL,,LARGE,,,,,,,,,,0.0
VIJAYA,,,,,,-1.6,,,,2026-08-13,,,,,,,,,,,,-0.9,,-0.1,,,,,,,,,,,,,,,,,,,,,,,,,,,,,,0.0,0.0,0.0,NEUTRAL,,MID,,,,,,,,,,0.0
ZFCVINDIA,,,,,,0.11,,,,2026-08-13,,,,,,,,,,,,1.0,,0.0,,,,,,,,,,,,,,,,,,,,,,,,,,,,,,0.0,0.0,6.0,NEUTRAL,,LARGE,,,,,,,,,,0.0
ZYDUSLIFE,,,,,,-3.13,,,,2026-08-13,,,,,,,,,,,,-0.9,,0.0,,,,,,,,,,,,,,,,,,,,,,,,,,,,,,0.0,0.0,5.0,NEUTRAL,,MEGA,,,,,,,,,,0.0
ECLERX,,,,,,3.27,,,,2026-08-13,,,,,,,,,,,,3.6,,1.1,,,,,,,,,,,,,,,,,,,,,,,,,,,,,,0.0,0.0,5.0,NEUTRAL,,MID,,,,,,,,,,0.0
AIAENG,,,,,,1.08,,,,2026-08-14,,,,,,,,,,,,2.3,,0.0,,,,,,,,,,,,,,,,,,,,,,,,,,,,,,0.0,0.0,3.0,NEUTRAL,,LARGE,,,,,,,,,,0.0
AFFLE,,,,,,1.57,,,,2026-08-14,,,,,,,,,,,,4.6,,0.0,,,,,,,,,,,,,,,,,,,,,,,,,,,,,,0.0,0.0,-3.0,NEUTRAL,,LARGE,,,,,,,,,,0.0
APARINDS,,,,,,-3.1,,,,2026-08-14,,,,,,,,,,,,2.3,,0.0,,,,,,,,,,,,,,,,,,,,,,,,,,,,,,0.0,0.0,0.0,NEUTRAL,,LARGE,,,,,,,,,,0.0
ASIANPAINT,,,,,,-2.15,,,,2026-08-14,,,,,,,,,,,,2.6,,0.0,,,,,,,,,,,,,,,,,,,,,,,,,,,,,,0.0,0.0,-3.0,NEUTRAL,,MEGA,,,,,,,,,,0.0
BLS,,,,,,2.75,,,,2026-08-14,,,,,,,,,,,,2.3,,7.8,,,,,,,,,,,,,,,,,,,,,,,,,,,,,,0.0,17.1,5.0,NEUTRAL,,MID,,,,,,,,,,0.0
BSE,,,,,,-1.59,,,,2026-08-14,,,,,,,,,,,,1.1,,0.0,,,,,,,,,,,,,,,,,,,,,,,,,,,,,,0.0,6.9,-2.0,NEUTRAL,,MEGA,,,,,,,,,,0.0
BEL,,,,,,0.07,,,,2026-08-14,,,,,,,,,,,,2.3,,0.0,,,,,,,,,,,,,,,,,,,,,,,,,,,,,,0.0,0.0,3.0,NEUTRAL,,MEGA,,,,,,,,,,0.0
BIKAJI,,,,,,-0.58,,,,2026-08-14,,,,,,,,,,,,-0.2,,-0.0,,,,,,,,,,,,,,,,,,,,,,,,,,,,,,0.0,0.0,0.0,NEUTRAL,,MID,,,,,,,,,,0.0
BLUESTARCO,,,,,,-0.4,,,,2026-08-14,,,,,,,,,,,,2.3,,0.0,,,,,,,,,,,,,,,,,,,,,,,,,,,,,,0.0,0.0,0.0,NEUTRAL,,LARGE,,,,,,,,,,0.0
BRITANNIA,,,,,,-1.02,,,,2026-08-14,,,,,,,,,,,,-0.2,,0.0,,,,,,,,,,,,,,,,,,,,,,,,,,,,,,0.0,21.2,-2.0,NEUTRAL,,MEGA,,,,,,,,,,0.0
CAPLIPOINT,,,,,,-0.77,,,,2026-08-14,,,,,,,,,,,,-1.2,,0.1,,,,,,,,,,,,,,,,,,,,,,,,,,,,,,0.0,0.0,3.0,NEUTRAL,,MID,,,,,,,,,,0.0
CEMPRO,,,,,,5.0,,,,2026-08-14,,,,,,,,,,,,2.3,,0.0,,,,,,,,,,,,,,,,,,,,,,,,,,,,,,0.0,0.0,3.0,NEUTRAL,,LARGE,,,,,,,,,,0.0
DOMS,,,,,,-0.84,,,,2026-08-14,,,,,,,,,,,,2.3,,0.4,,,,,,,,,,,,,,,,,,,,,,,,,,,,,,0.0,0.0,0.0,NEUTRAL,,MID,,,,,,,,,,0.0
DIXON,,,,,,0.68,,,,2026-08-14,,,,,,,,,,,,3.4,,0.0,,,,,,,,,,,,,,,,,,,,,,,,,,,,,,0.0,0.0,3.0,NEUTRAL,,LARGE,,,,,,,,,,0.0
ELGIEQUIP,,,,,,5.72,,,,2026-08-14,,,,,,,,,,,,2.3,,0.7,,,,,,,,,,,,,,,,,,,,,,,,,,,,,,0.0,0.0,3.0,NEUTRAL,,MID,,,,,,,,,,0.0
ENDURANCE,,,,,,-2.56,,,,2026-08-14,,,,,,,,,,,,1.1,,0.0,,,,,,,,,,,,,,,,,,,,,,,,,,,,,,0.0,0.0,3.0,NEUTRAL,,LARGE,,,,,,,,,,0.0
GABRIEL,,,,,,0.77,,,,2026-08-14,,,,,,,,,,,,1.1,,0.0,,,,,,,,,,,,,,,,,,,,,,,,,,,,,,0.0,0.0,0.0,NEUTRAL,,LARGE,,,,,,,,,,0.0
MEDANTA,,,,,,0.87,,,,2026-08-14,,,,,,,,,,,,-1.2,,0.0,,,,,,,,,,,,,,,,,,,,,,,,,,,,,,0.0,0.0,0.0,NEUTRAL,,LARGE,,,,,,,,,,0.0
GRANULES,,,,,,0.1,,,,2026-08-14,,,,,,,,,,,,-1.2,,0.0,,,,,,,,,,,,,,,,,,,,,,,,,,,,,,0.0,0.0,5.0,NEUTRAL,,LARGE,,,,,,,,,,0.0
GRAVITA,,,,,,-1.4,,,,2026-08-14,,,,,,,,,,,,2.3,,0.7,,,,,,,,,,,,,,,,,,,,,,,,,,,,,,0.0,0.0,3.0,NEUTRAL,,MID,,,,,,,,,,0.0
HSCL,,,,,,0.37,,,,2026-08-14,,,,,,,,,,,,2.6,,0.0,,,,,,,,,,,,,,,,,,,,,,,,,,,,,,0.0,0.0,3.0,NEUTRAL,,LARGE,,,,,,,,,,0.0
HINDZINC,,,,,,-2.84,,,,2026-08-14,,,,,,,,,,,,2.6,,0.0,,,,,,,,,,,,,,,,,,,,,,,,,,,,,,0.0,0.0,8.0,NEUTRAL,,MEGA,,,,,,,,,,0.0
INDHOTEL,,,,,,-0.24,,,,2026-08-14,,,,,,,,,,,,1.1,,0.0,,,,,,,,,,,,,,,,,,,,,,,,,,,,,,0.0,0.0,3.0,NEUTRAL,,MEGA,,,,,,,,,,0.0
JSL,,,,,,0.33,,,,2026-08-14,,,,,,,,,,,,2.6,,0.0,,,,,,,,,,,,,,,,,,,,,,,,,,,,,,0.0,0.0,5.0,NEUTRAL,,LARGE,,,,,,,,,,0.0
KPIL,,,,,,-0.94,,,,2026-08-14,,,,,,,,,,,,2.3,,0.0,,,,,,,,,,,,,,,,,,,,,,,,,,,,,,0.0,0.0,7.0,NEUTRAL,,LARGE,,,,,,,,,,0.0
LODHA,,,,,,0.94,,,,2026-08-14,,,,,,,,,,,,1.5,,0.0,,,,,,,,,,,,,,,,,,,,,,,,,,,,,,0.0,0.0,3.0,NEUTRAL,,MEGA,,,,,,,,,,0.0
LUPIN,,,,,,-0.68,,,,2026-08-14,,,,,,,,,,,,-1.2,,0.0,,,,,,,,,,,,,,,,,,,,,,,,,,,,,,0.0,0.0,7.0,NEUTRAL,,MEGA,,,,,,,,,,0.0
MRF,,,,,,1.91,,,,2026-08-14,,,,,,,,,,,,1.1,,0.0,,,,,,,,,,,,,,,,,,,,,,,,,,,,,,0.0,0.0,7.0,NEUTRAL,,LARGE,,,,,,,,,,0.0
MANKIND,,,,,,0.87,,,,2026-08-14,,,,,,,,,,,,-1.2,,0.0,,,,,,,,,,,,,,,,,,,,,,,,,,,,,,0.0,0.0,3.0,NEUTRAL,,MEGA,,,,,,,,,,0.0
MARICO,,,,,,0.09,,,,2026-08-14,,,,,,,,,,,,-0.2,,0.0,,,,,,,,,,,,,,,,,,,,,,,,,,,,,,0.0,0.0,0.0,NEUTRAL,,MEGA,,,,,,,,,,0.0
MAXHEALTH,,,,,,-0.46,,,,2026-08-14,,,,,,,,,,,,-1.2,,0.0,,,,,,,,,,,,,,,,,,,,,,,,,,,,,,0.0,0.0,2.0,NEUTRAL,,LARGE,,,,,,,,,,0.0
MSUMI,,,,,,-0.22,,,,2026-08-14,,,,,,,,,,,,1.1,,0.0,,,,,,,,,,,,,,,,,,,,,,,,,,,,,,0.0,0.0,1.0,NEUTRAL,,LARGE,,,,,,,,,,0.0
MPHASIS,,,,,,0.16,,,,2026-08-14,,,,,,,,,,,,3.4,,0.0,,,,,,,,,,,,,,,,,,,,,,,,,,,,,,0.0,0.0,5.0,NEUTRAL,,LARGE,,,,,,,,,,0.0
MCX,,,,,,-1.97,,,,2026-08-14,,,,,,,,,,,,1.1,,0.0,,,,,,,,,,,,,,,,,,,,,,,,,,,,,,0.0,-92.3,3.0,NEUTRAL,,LARGE,,,,,,,,,,0.0
NMDC,,,,,,-0.71,,,,2026-08-14,,,,,,,,,,,,2.6,,0.0,,,,,,,,,,,,,,,,,,,,,,,,,,,,,,0.0,0.0,15.0,NEUTRAL,,LARGE,,,,,,,,,,0.0
NATIONALUM,,,,,,-6.12,,,,2026-08-14,,,,,,,,,,,,2.6,,0.0,,,,,,,,,,,,,,,,,,,,,,,,,,,,,,0.0,0.0,7.0,NEUTRAL,,LARGE,,,,,,,,,,0.0
NAVINFLUOR,,,,,,-0.71,,,,2026-08-14,,,,,,,,,,,,2.6,,0.0,,,,,,,,,,,,,,,,,,,,,,,,,,,,,,0.0,0.0,0.0,NEUTRAL,,LARGE,,,,,,,,,,0.0
NETWEB,,,,,,-3.35,,,,2026-08-14,,,,,,,,,,,,3.4,,0.0,,,,,,,,,,,,,,,,,,,,,,,,,,,,,,0.0,0.0,0.0,NEUTRAL,,LARGE,,,,,,,,,,0.0
OBEROIRLTY,,,,,,0.0,,,,2026-08-14,,,,,,,,,,,,1.5,,0.0,,,,,,,,,,,,,,,,,,,,,,,,,,,,,,0.0,0.0,5.0,NEUTRAL,,LARGE,,,,,,,,,,0.0
ONGC,,,,,,-1.46,,,,2026-08-14,,,,,,,,,,,,-2.6,,0.0,,,,,,,,,,,,,,,,,,,,,,,,,,,,,,0.0,0.3,13.0,NEUTRAL,,MEGA,,,,,,,,,,0.0
OFSS,,,,,,3.57,,,,2026-08-14,,,,,,,,,,,,3.4,,0.0,,,,,,,,,,,,,,,,,,,,,,,,,,,,,,0.0,0.0,6.0,NEUTRAL,,MEGA,,,,,,,,,,0.0
PAGEIND,,,,,,0.63,,,,2026-08-14,,,,,,,,,,,,1.1,,0.0,,,,,,,,,,,,,,,,,,,,,,,,,,,,,,0.0,0.0,-2.0,NEUTRAL,,LARGE,,,,,,,,,,0.0
PATANJALI,,,,,,-0.52,,,,2026-08-14,,,,,,,,,,,,-0.2,,0.0,,,,,,,,,,,,,,,,,,,,,,,,,,,,,,0.0,0.0,9.0,NEUTRAL,,LARGE,,,,,,,,,,0.0
RRKABEL,,,,,,-1.71,,,,2026-08-14,,,,,,,,,,,,2.3,,0.0,,,,,,,,,,,,,,,,,,,,,,,,,,,,,,0.0,0.0,0.0,NEUTRAL,,LARGE,,,,,,,,,,0.0
SARDAEN,,,,,,1.5,,,,2026-08-14,,,,,,,,,,,,2.6,,1.2,,,,,,,,,,,,,,,,,,,,,,,,,,,,,,0.0,0.0,7.0,NEUTRAL,,MID,,,,,,,,,,0.0
SOLARINDS,,,,,,-1.75,,,,2026-08-14,,,,,,,,,,,,2.6,,0.0,,,,,,,,,,,,,,,,,,,,,,,,,,,,,,0.0,0.0,5.0,NEUTRAL,,MEGA,,,,,,,,,,0.0
TBOTEK,,,,,,1.77,,,,2026-08-14,,,,,,,,,,,,1.1,,-0.2,,,,,,,,,,,,,,,,,,,,,,,,,,,,,,0.0,0.0,-3.0,NEUTRAL,,MID,,,,,,,,,,0.0
TCS,,,,,,-0.59,,,,2026-08-14,,,,,,,,,,,,3.4,,0.0,,,,,,,,,,,,,,,,,,,,,,,,,,,,,,0.0,20.9,8.0,NEUTRAL,,MEGA,,,,,,,,,,0.0
TRENT,,,,,,-0.4,,,,2026-08-14,,,,,,,,,,,,1.1,,0.0,,,,,,,,,,,,,,,,,,,,,,,,,,,,,,0.0,0.0,0.0,NEUTRAL,,MEGA,,,,,,,,,,0.0
UNOMINDA,,,,,,0.0,,,,2026-08-14,,,,,,,,,,,,1.1,,0.0,,,,,,,,,,,,,,,,,,,,,,,,,,,,,,0.0,0.0,0.0,NEUTRAL,,LARGE,,,,,,,,,,0.0
VIJAYA,,,,,,-0.83,,,,2026-08-14,,,,,,,,,,,,-1.2,,-0.2,,,,,,,,,,,,,,,,,,,,,,,,,,,,,,0.0,0.0,0.0,NEUTRAL,,MID,,,,,,,,,,0.0
ZFCVINDIA,,,,,,0.78,,,,2026-08-14,,,,,,,,,,,,1.1,,0.0,,,,,,,,,,,,,,,,,,,,,,,,,,,,,,0.0,0.0,6.0,NEUTRAL,,LARGE,,,,,,,,,,0.0
ZYDUSLIFE,,,,,,-2.75,,,,2026-08-14,,,,,,,,,,,,-1.2,,0.0,,,,,,,,,,,,,,,,,,,,,,,,,,,,,,0.0,0.0,5.0,NEUTRAL,,MEGA,,,,,,,,,,0.0
ECLERX,,,,,,1.48,,,,2026-08-14,,,,,,,,,,,,3.4,,-24.9,,,,,,,,,,,,,,,,,,,,,,,,,,,,,,-40.0,0.0,5.0,NEGATIVE,,MID,,,,,,,,,,-1.0
AIAENG,,,,,,-2.21,,,,2026-08-17,,,,,,,,,,,,2.8,,0.0,,,,,,,,,,,,,,,,,,,,,,,,,,,,,,0.0,0.0,3.0,NEUTRAL,,LARGE,,,,,,,,,,0.0
AFFLE,,,,,,2.1,,,,2026-08-17,,,,,,,,,,,,6.2,,0.0,,,,,,,,,,,,,,,,,,,,,,,,,,,,,,0.0,0.0,-3.0,NEUTRAL,,LARGE,,,,,,,,,,0.0
APARINDS,,,,,,-1.0,,,,2026-08-17,,,,,,,,,,,,2.8,,0.0,,,,,,,,,,,,,,,,,,,,,,,,,,,,,,0.0,0.0,0.0,NEUTRAL,,LARGE,,,,,,,,,,0.0
ASIANPAINT,,,,,,-0.33,,,,2026-08-17,,,,,,,,,,,,2.4,,0.0,,,,,,,,,,,,,,,,,,,,,,,,,,,,,,0.0,0.0,-2.0,NEUTRAL,,MEGA,,,,,,,,,,0.0
BLS,,,,,,2.67,,,,2026-08-17,,,,,,,,,,,,2.8,,1.0,,,,,,,,,,,,,,,,,,,,,,,,,,,,,,0.0,0.0,5.0,NEUTRAL,,MID,,,,,,,,,,0.0
BSE,,,,,,-1.59,,,,2026-08-17,,,,,,,,,,,,1.1,,0.0,,,,,,,,,,,,,,,,,,,,,,,,,,,,,,0.0,1.6,1.0,NEUTRAL,,MEGA,,,,,,,,,,0.0
BEL,,,,,,0.07,,,,2026-08-17,,,,,,,,,,,,2.8,,0.0,,,,,,,,,,,,,,,,,,,,,,,,,,,,,,0.0,0.0,3.0,NEUTRAL,,MEGA,,,,,,,,,,0.0
BIKAJI,,,,,,-0.5,,,,2026-08-17,,,,,,,,,,,,-0.6,,-0.1,,,,,,,,,,,,,,,,,,,,,,,,,,,,,,0.0,0.0,0.0,NEUTRAL,,MID,,,,,,,,,,0.0
BLUESTARCO,,,,,,0.01,,,,2026-08-17,,,,,,,,,,,,2.8,,0.0,,,,,,,,,,,,,,,,,,,,,,,,,,,,,,0.0,0.0,0.0,NEUTRAL,,LARGE,,,,,,,,,,0.0
BRITANNIA,,,,,,-1.02,,,,2026-08-17,,,,,,,,,,,,-0.6,,0.0,,,,,,,,,,,,,,,,,,,,,,,,,,,,,,0.0,0.0,-2.0,NEUTRAL,,MEGA,,,,,,,,,,0.0
CAPLIPOINT,,,,,,-0.43,,,,2026-08-17,,,,,,,,,,,,-1.3,,0.1,,,,,,,,,,,,,,,,,,,,,,,,,,,,,,0.0,0.0,3.0,NEUTRAL,,MID,,,,,,,,,,0.0
CEMPRO,,,,,,1.77,,,,2026-08-17,,,,,,,,,,,,2.8,,0.0,,,,,,,,,,,,,,,,,,,,,,,,,,,,,,0.0,0.0,3.0,NEUTRAL,,LARGE,,,,,,,,,,0.0
DOMS,,,,,,0.1,,,,2026-08-17,,,,,,,,,,,,2.8,,0.4,,,,,,,,,,,,,,,,,,,,,,,,,,,,,,0.0,0.0,0.0,NEUTRAL,,MID,,,,,,,,,,0.0
DIXON,,,,,,0.68,,,,2026-08-17,,,,,,,,,,,,3.7,,0.0,,,,,,,,,,,,,,,,,,,,,,,,,,,,,,0.0,6.9,3.0,NEUTRAL,,LARGE,,,,,,,,,,0.0
ELGIEQUIP,,,,,,8.26,,,,2026-08-17,,,,,,,,,,,,2.8,,0.8,,,,,,,,,,,,,,,,,,,,,,,,,,,,,,0.0,0.0,3.0,NEUTRAL,,MID,,,,,,,,,,0.0
ENDURANCE,,,,,,-2.37,,,,2026-08-17,,,,,,,,,,,,1.5,,0.0,,,,,,,,,,,,,,,,,,,,,,,,,,,,,,0.0,0.0,3.0,NEUTRAL,,LARGE,,,,,,,,,,0.0
GABRIEL,,,,,,-1.13,,,,2026-08-17,,,,,,,,,,,,1.5,,0.0,,,,,,,,,,,,,,,,,,,,,,,,,,,,,,0.0,0.0,0.0,NEUTRAL,,LARGE,,,,,,,,,,0.0
MEDANTA,,,,,,-0.53,,,,2026-08-17,,,,,,,,,,,,-1.3,,0.0,,,,,,,,,,,,,,,,,,,,,,,,,,,,,,0.0,0.0,0.0,NEUTRAL,,LARGE,,,,,,,,,,0.0
GRANULES,,,,,,-0.41,,,,2026-08-17,,,,,,,,,,,,-1.3,,0.0,,,,,,,,,,,,,,,,,,,,,,,,,,,,,,0.0,0.0,5.0,NEUTRAL,,LARGE,,,,,,,,,,0.0
GRAVITA,,,,,,1.53,,,,2026-08-17,,,,,,,,,,,,2.8,,0.8,,,,,,,,,,,,,,,,,,,,,,,,,,,,,,0.0,0.0,3.0,NEUTRAL,,MID,,,,,,,,,,0.0
HSCL,,,,,,0.37,,,,2026-08-17,,,,,,,,,,,,2.4,,0.0,,,,,,,,,,,,,,,,,,,,,,,,,,,,,,0.0,0.0,3.0,NEUTRAL,,LARGE,,,,,,,,,,0.0
HINDZINC,,,,,,1.0,,,,2026-08-17,,,,,,,,,,,,2.4,,0.0,,,,,,,,,,,,,,,,,,,,,,,,,,,,,,0.0,0.0,8.0,NEUTRAL,,MEGA,,,,,,,,,,0.0
INDHOTEL,,,,,,0.0,,,,2026-08-17,,,,,,,,,,,,1.5,,0.0,,,,,,,,,,,,,,,,,,,,,,,,,,,,,,0.0,0.0,3.0,NEUTRAL,,MEGA,,,,,,,,,,0.0
JSL,,,,,,0.83,,,,2026-08-17,,,,,,,,,,,,2.4,,0.0,,,,,,,,,,,,,,,,,,,,,,,,,,,,,,0.0,92.6,5.0,NEUTRAL,,LARGE,,,,,,,,,,0.0
KPIL,,,,,,3.85,,,,2026-08-17,,,,,,,,,,,,2.8,,0.0,,,,,,,,,,,,,,,,,,,,,,,,,,,,,,0.0,0.0,7.0,NEUTRAL,,LARGE,,,,,,,,,,0.0
LODHA,,,,,,0.94,,,,2026-08-17,,,,,,,,,,,,1.5,,0.0,,,,,,,,,,,,,,,,,,,,,,,,,,,,,,0.0,15.7,3.0,NEUTRAL,,MEGA,,,,,,,,,,0.0
LUPIN,,,,,,-0.68,,,,2026-08-17,,,,,,,,,,,,-1.3,,0.0,,,,,,,,,,,,,,,,,,,,,,,,,,,,,,0.0,0.0,7.0,NEUTRAL,,MEGA,,,,,,,,,,0.0
MRF,,,,,,-0.36,,,,2026-08-17,,,,,,,,,,,,1.5,,0.0,,,,,,,,,,,,,,,,,,,,,,,,,,,,,,0.0,0.0,7.0,NEUTRAL,,LARGE,,,,,,,,,,0.0
MANKIND,,,,,,-1.83,,,,2026-08-17,,,,,,,,,,,,-1.3,,0.0,,,,,,,,,,,,,,,,,,,,,,,,,,,,,,0.0,0.0,3.0,NEUTRAL,,LARGE,,,,,,,,,,0.0
MARICO,,,,,,-1.52,,,,2026-08-17,,,,,,,,,,,,-0.6,,0.0,,,,,,,,,,,,,,,,,,,,,,,,,,,,,,0.0,0.0,0.0,NEUTRAL,,MEGA,,,,,,,,,,0.0
MAXHEALTH,,,,,,-0.46,,,,2026-08-17,,,,,,,,,,,,-1.3,,0.0,,,,,,,,,,,,,,,,,,,,,,,,,,,,,,0.0,0.0,0.0,NEUTRAL,,LARGE,,,,,,,,,,0.0
MSUMI,,,,,,-0.2,,,,2026-08-17,,,,,,,,,,,,1.5,,0.0,,,,,,,,,,,,,,,,,,,,,,,,,,,,,,0.0,0.0,1.0,NEUTRAL,,LARGE,,,,,,,,,,0.0
MPHASIS,,,,,,-1.38,,,,2026-08-17,,,,,,,,,,,,3.7,,0.0,,,,,,,,,,,,,,,,,,,,,,,,,,,,,,0.0,0.0,5.0,NEUTRAL,,LARGE,,,,,,,,,,0.0
MCX,,,,,,-1.97,,,,2026-08-17,,,,,,,,,,,,1.1,,0.0,,,,,,,,,,,,,,,,,,,,,,,,,,,,,,0.0,-11.3,3.0,NEUTRAL,,LARGE,,,,,,,,,,0.0
NMDC,,,,,,-0.71,,,,2026-08-17,,,,,,,,,,,,2.4,,0.0,,,,,,,,,,,,,,,,,,,,,,,,,,,,,,0.0,48.8,10.0,NEUTRAL,,LARGE,,,,,,,,,,0.0
NATIONALUM,,,,,,-6.12,,,,2026-08-17,,,,,,,,,,,,2.4,,0.0,,,,,,,,,,,,,,,,,,,,,,,,,,,,,,0.0,0.0,8.0,NEUTRAL,,LARGE,,,,,,,,,,0.0
NAVINFLUOR,,,,,,-1.02,,,,2026-08-17,,,,,,,,,,,,2.4,,0.0,,,,,,,,,,,,,,,,,,,,,,,,,,,,,,0.0,0.0,0.0,NEUTRAL,,LARGE,,,,,,,,,,0.0
NETWEB,,,,,,4.1,,,,2026-08-17,,,,,,,,,,,,3.7,,0.0,,,,,,,,,,,,,,,,,,,,,,,,,,,,,,0.0,0.0,0.0,NEUTRAL,,LARGE,,,,,,,,,,0.0
OBEROIRLTY,,,,,,0.0,,,,2026-08-17,,,,,,,,,,,,1.5,,0.0,,,,,,,,,,,,,,,,,,,,,,,,,,,,,,0.0,0.0,5.0,NEUTRAL,,LARGE,,,,,,,,,,0.0
ONGC,,,,,,-1.46,,,,2026-08-17,,,,,,,,,,,,-2.6,,0.0,,,,,,,,,,,,,,,,,,,,,,,,,,,,,,0.0,40.0,13.0,NEUTRAL,,MEGA,,,,,,,,,,0.0
OFSS,,,,,,3.57,,,,2026-08-17,,,,,,,,,,,,3.7,,0.0,,,,,,,,,,,,,,,,,,,,,,,,,,,,,,0.0,0.0,6.0,NEUTRAL,,MEGA,,,,,,,,,,0.0
PAGEIND,,,,,,1.66,,,,2026-08-17,,,,,,,,,,,,1.5,,0.0,,,,,,,,,,,,,,,,,,,,,,,,,,,,,,0.0,0.0,-2.0,NEUTRAL,,LARGE,,,,,,,,,,0.0
PATANJALI,,,,,,-0.52,,,,2026-08-17,,,,,,,,,,,,-0.6,,0.0,,,,,,,,,,,,,,,,,,,,,,,,,,,,,,0.0,46.0,9.0,NEUTRAL,,LARGE,,,,,,,,,,0.0
RRKABEL,,,,,,-1.33,,,,2026-08-17,,,,,,,,,,,,2.8,,0.0,,,,,,,,,,,,,,,,,,,,,,,,,,,,,,0.0,0.0,0.0,NEUTRAL,,LARGE,,,,,,,,,,0.0
SARDAEN,,,,,,-1.88,,,,2026-08-17,,,,,,,,,,,,2.4,,1.2,,,,,,,,,,,,,,,,,,,,,,,,,,,,,,0.0,0.0,7.0,NEUTRAL,,MID,,,,,,,,,,0.0
SOLARINDS,,,,,,0.16,,,,2026-08-17,,,,,,,,,,,,2.4,,0.0,,,,,,,,,,,,,,,,,,,,,,,,,,,,,,0.0,0.0,0.0,NEUTRAL,,MEGA,,,,,,,,,,0.0
TBOTEK,,,,,,4.08,,,,2026-08-17,,,,,,,,,,,,1.5,,-0.1,,,,,,,,,,,,,,,,,,,,,,,,,,,,,,0.0,0.0,-3.0,NEUTRAL,,MID,,,,,,,,,,0.0
TCS,,,,,,-0.59,,,,2026-08-17,,,,,,,,,,,,3.7,,0.0,,,,,,,,,,,,,,,,,,,,,,,,,,,,,,0.0,-76.8,8.0,NEUTRAL,,MEGA,,,,,,,,,,0.0
TRENT,,,,,,-1.07,,,,2026-08-17,,,,,,,,,,,,1.5,,0.0,,,,,,,,,,,,,,,,,,,,,,,,,,,,,,0.0,0.0,0.0,NEUTRAL,,MEGA,,,,,,,,,,0.0
UNOMINDA,,,,,,2.41,,,,2026-08-17,,,,,,,,,,,,1.5,,0.0,,,,,,,,,,,,,,,,,,,,,,,,,,,,,,0.0,0.0,0.0,NEUTRAL,,LARGE,,,,,,,,,,0.0
VIJAYA,,,,,,2.2,,,,2026-08-17,,,,,,,,,,,,-1.3,,-0.2,,,,,,,,,,,,,,,,,,,,,,,,,,,,,,0.0,0.0,0.0,NEUTRAL,,MID,,,,,,,,,,0.0
ZFCVINDIA,,,,,,-0.49,,,,2026-08-17,,,,,,,,,,,,1.5,,0.0,,,,,,,,,,,,,,,,,,,,,,,,,,,,,,0.0,0.0,6.0,NEUTRAL,,LARGE,,,,,,,,,,0.0
ZYDUSLIFE,,,,,,-0.33,,,,2026-08-17,,,,,,,,,,,,-1.3,,0.0,,,,,,,,,,,,,,,,,,,,,,,,,,,,,,0.0,0.0,5.0,NEUTRAL,,MEGA,,,,,,,,,,0.0
ECLERX,,,,,,1.54,,,,2026-08-17,,,,,,,,,,,,3.7,,-24.9,,,,,,,,,,,,,,,,,,,,,,,,,,,,,,-40.0,0.0,5.0,NEGATIVE,,MID,,,,,,,,,,-1.0
AIAENG,,,,,,1.46,,,,2026-08-18,,,,,,,,,,,,2.7,,0.0,,,,,,,,,,,,,,,,,,,,,,,,,,,,,,0.0,0.0,3.0,NEUTRAL,,LARGE,,,,,,,,,,0.0
AFFLE,,,,,,0.43,,,,2026-08-18,,,,,,,,,,,,6.1,,0.0,,,,,,,,,,,,,,,,,,,,,,,,,,,,,,0.0,0.0,-3.0,NEUTRAL,,LARGE,,,,,,,,,,0.0
APARINDS,,,,,,4.18,,,,2026-08-18,,,,,,,,,,,,2.7,,0.0,,,,,,,,,,,,,,,,,,,,,,,,,,,,,,0.0,0.0,0.0,NEUTRAL,,LARGE,,,,,,,,,,0.0
ASIANPAINT,,,,,,-2.2,,,,2026-08-18,,,,,,,,,,,,2.1,,0.0,,,,,,,,,,,,,,,,,,,,,,,,,,,,,,0.0,0.0,-2.0,NEUTRAL,,MEGA,,,,,,,,,,0.0
BLS,,,,,,-3.66,,,,2026-08-18,,,,,,,,,,,,2.7,,1.0,,,,,,,,,,,,,,,,,,,,,,,,,,,,,,0.0,0.0,5.0,NEUTRAL,,MID,,,,,,,,,,0.0
BSE,,,,,,-4.03,,,,2026-08-18,,,,,,,,,,,,1.5,,0.0,,,,,,,,,,,,,,,,,,,,,,,,,,,,,,0.0,22.6,1.0,NEUTRAL,,MEGA,,,,,,,,,,0.0
BEL,,,,,,0.29,,,,2026-08-18,,,,,,,,,,,,2.7,,0.0,,,,,,,,,,,,,,,,,,,,,,,,,,,,,,0.0,0.0,3.0,NEUTRAL,,MEGA,,,,,,,,,,0.0
BIKAJI,,,,,,-0.84,,,,2026-08-18,,,,,,,,,,,,-1.4,,-0.2,,,,,,,,,,,,,,,,,,,,,,,,,,,,,,0.0,0.0,0.0,NEUTRAL,,MID,,,,,,,,,,0.0
BLUESTARCO,,,,,,-1.0,,,,2026-08-18,,,,,,,,,,,,2.7,,0.0,,,,,,,,,,,,,,,,,,,,,,,,,,,,,,0.0,0.0,0.0,NEUTRAL,,LARGE,,,,,,,,,,0.0
BRITANNIA,,,,,,-1.13,,,,2026-08-18,,,,,,,,,,,,-1.4,,0.0,,,,,,,,,,,,,,,,,,,,,,,,,,,,,,0.0,0.0,-2.0,NEUTRAL,,MEGA,,,,,,,,,,0.0
CAPLIPOINT,,,,,,1.64,,,,2026-08-18,,,,,,,,,,,,-1.0,,0.2,,,,,,,,,,,,,,,,,,,,,,,,,,,,,,0.0,0.0,3.0,NEUTRAL,,MID,,,,,,,,,,0.0
CEMPRO,,,,,,0.17,,,,2026-08-18,,,,,,,,,,,,2.7,,0.0,,,,,,,,,,,,,,,,,,,,,,,,,,,,,,0.0,0.0,3.0,NEUTRAL,,LARGE,,,,,,,,,,0.0
DOMS,,,,,,0.02,,,,2026-08-18,,,,,,,,,,,,2.7,,0.4,,,,,,,,,,,,,,,,,,,,,,,,,,,,,,0.0,0.0,0.0,NEUTRAL,,MID,,,,,,,,,,0.0
DIXON,,,,,,0.14,,,,2026-08-18,,,,,,,,,,,,1.8,,0.0,,,,,,,,,,,,,,,,,,,,,,,,,,,,,,0.0,6.9,3.0,NEUTRAL,,LARGE,,,,,,,,,,0.0
ELGIEQUIP,,,,,,-1.6,,,,2026-08-18,,,,,,,,,,,,2.7,,0.8,,,,,,,,,,,,,,,,,,,,,,,,,,,,,,0.0,0.0,3.0,NEUTRAL,,MID,,,,,,,,,,0.0
ENDURANCE,,,,,,3.91,,,,2026-08-18,,,,,,,,,,,,1.8,,0.0,,,,,,,,,,,,,,,,,,,,,,,,,,,,,,0.0,7.0,3.0,NEUTRAL,,LARGE,,,,,,,,,,0.0
GABRIEL,,,,,,1.74,,,,2026-08-18,,,,,,,,,,,,1.8,,0.0,,,,,,,,,,,,,,,,,,,,,,,,,,,,,,0.0,0.0,0.0,NEUTRAL,,LARGE,,,,,,,,,,0.0
MEDANTA,,,,,,1.95,,,,2026-08-18,,,,,,,,,,,,-1.0,,0.0,,,,,,,,,,,,,,,,,,,,,,,,,,,,,,0.0,0.0,0.0,NEUTRAL,,LARGE,,,,,,,,,,0.0
GRANULES,,,,,,-0.33,,,,2026-08-18,,,,,,,,,,,,-1.0,,0.0,,,,,,,,,,,,,,,,,,,,,,,,,,,,,,0.0,0.0,5.0,NEUTRAL,,LARGE,,,,,,,,,,0.0
GRAVITA,,,,,,-0.42,,,,2026-08-18,,,,,,,,,,,,2.7,,0.8,,,,,,,,,,,,,,,,,,,,,,,,,,,,,,0.0,0.0,3.0,NEUTRAL,,MID,,,,,,,,,,0.0
HSCL,,,,,,0.1,,,,2026-08-18,,,,,,,,,,,,2.1,,0.0,,,,,,,,,,,,,,,,,,,,,,,,,,,,,,0.0,0.0,3.0,NEUTRAL,,LARGE,,,,,,,,,,0.0
HINDZINC,,,,,,-1.67,,,,2026-08-18,,,,,,,,,,,,2.1,,0.0,,,,,,,,,,,,,,,,,,,,,,,,,,,,,,0.0,0.0,8.0,NEUTRAL,,MEGA,,,,,,,,,,0.0
INDHOTEL,,,,,,-0.14,,,,2026-08-18,,,,,,,,,,,,1.8,,0.0,,,,,,,,,,,,,,,,,,,,,,,,,,,,,,0.0,0.0,3.0,NEUTRAL,,MEGA,,,,,,,,,,0.0
JSL,,,,,,-1.56,,,,2026-08-18,,,,,,,,,,,,2.1,,0.0,,,,,,,,,,,,,,,,,,,,,,,,,,,,,,0.0,92.6,5.0,NEUTRAL,,LARGE,,,,,,,,,,0.0
KPIL,,,,,,-0.05,,,,2026-08-18,,,,,,,,,,,,2.7,,0.0,,,,,,,,,,,,,,,,,,,,,,,,,,,,,,0.0,0.0,7.0,NEUTRAL,,LARGE,,,,,,,,,,0.0
LODHA,,,,,,-2.64,,,,2026-08-18,,,,,,,,,,,,0.4,,0.0,,,,,,,,,,,,,,,,,,,,,,,,,,,,,,0.0,0.0,3.0,NEUTRAL,,MEGA,,,,,,,,,,0.0
LUPIN,,,,,,-0.13,,,,2026-08-18,,,,,,,,,,,,-1.0,,0.0,,,,,,,,,,,,,,,,,,,,,,,,,,,,,,0.0,55.2,7.0,NEUTRAL,,MEGA,,,,,,,,,,0.0
MRF,,,,,,0.37,,,,2026-08-18,,,,,,,,,,,,1.8,,0.0,,,,,,,,,,,,,,,,,,,,,,,,,,,,,,0.0,0.0,7.0,NEUTRAL,,LARGE,,,,,,,,,,0.0
MANKIND,,,,,,-0.04,,,,2026-08-18,,,,,,,,,,,,-1.0,,0.0,,,,,,,,,,,,,,,,,,,,,,,,,,,,,,0.0,0.0,3.0,NEUTRAL,,LARGE,,,,,,,,,,0.0
MARICO,,,,,,-1.23,,,,2026-08-18,,,,,,,,,,,,-1.4,,0.0,,,,,,,,,,,,,,,,,,,,,,,,,,,,,,0.0,0.0,0.0,NEUTRAL,,MEGA,,,,,,,,,,0.0
MAXHEALTH,,,,,,0.58,,,,2026-08-18,,,,,,,,,,,,-1.0,,0.0,,,,,,,,,,,,,,,,,,,,,,,,,,,,,,0.0,0.0,0.0,NEUTRAL,,LARGE,,,,,,,,,,0.0
MSUMI,,,,,,-0.1,,,,2026-08-18,,,,,,,,,,,,1.8,,0.0,,,,,,,,,,,,,,,,,,,,,,,,,,,,,,0.0,0.0,1.0,NEUTRAL,,LARGE,,,,,,,,,,0.0
MPHASIS,,,,,,-3.11,,,,2026-08-18,,,,,,,,,,,,1.8,,0.0,,,,,,,,,,,,,,,,,,,,,,,,,,,,,,0.0,0.0,7.0,NEUTRAL,,LARGE,,,,,,,,,,0.0
MCX,,,,,,4.41,,,,2026-08-18,,,,,,,,,,,,1.5,,0.0,,,,,,,,,,,,,,,,,,,,,,,,,,,,,,0.0,40.6,3.0,NEUTRAL,,LARGE,,,,,,,,,,0.0
NMDC,,,,,,-0.25,,,,2026-08-18,,,,,,,,,,,,2.1,,0.0,,,,,,,,,,,,,,,,,,,,,,,,,,,,,,0.0,0.0,10.0,NEUTRAL,,LARGE,,,,,,,,,,0.0
NATIONALUM,,,,,,3.19,,,,2026-08-18,,,,,,,,,,,,2.1,,0.0,,,,,,,,,,,,,,,,,,,,,,,,,,,,,,0.0,0.0,8.0,NEUTRAL,,LARGE,,,,,,,,,,0.0
NAVINFLUOR,,,,,,1.28,,,,2026-08-18,,,,,,,,,,,,2.1,,0.0,,,,,,,,,,,,,,,,,,,,,,,,,,,,,,0.0,0.0,0.0,NEUTRAL,,LARGE,,,,,,,,,,0.0
NETWEB,,,,,,2.73,,,,2026-08-18,,,,,,,,,,,,1.8,,0.0,,,,,,,,,,,,,,,,,,,,,,,,,,,,,,0.0,2.3,0.0,NEUTRAL,,LARGE,,,,,,,,,,0.0
OBEROIRLTY,,,,,,0.65,,,,2026-08-18,,,,,,,,,,,,0.4,,0.0,,,,,,,,,,,,,,,,,,,,,,,,,,,,,,0.0,0.0,5.0,NEUTRAL,,LARGE,,,,,,,,,,0.0
ONGC,,,,,,1.31,,,,2026-08-18,,,,,,,,,,,,-1.2,,0.0,,,,,,,,,,,,,,,,,,,,,,,,,,,,,,0.0,24.7,13.0,NEUTRAL,,MEGA,,,,,,,,,,0.0
OFSS,,,,,,-1.73,,,,2026-08-18,,,,,,,,,,,,1.8,,0.0,,,,,,,,,,,,,,,,,,,,,,,,,,,,,,0.0,0.0,6.0,NEUTRAL,,MEGA,,,,,,,,,,0.0
PAGEIND,,,,,,-2.5,,,,2026-08-18,,,,,,,,,,,,1.8,,0.0,,,,,,,,,,,,,,,,,,,,,,,,,,,,,,0.0,0.0,-2.0,NEUTRAL,,LARGE,,,,,,,,,,0.0
PATANJALI,,,,,,-0.1,,,,2026-08-18,,,,,,,,,,,,-1.4,,0.0,,,,,,,,,,,,,,,,,,,,,,,,,,,,,,0.0,0.0,9.0,NEUTRAL,,LARGE,,,,,,,,,,0.0
RRKABEL,,,,,,1.32,,,,2026-08-18,,,,,,,,,,,,2.7,,-25.6,,,,,,,,,,,,,,,,,,,,,,,,,,,,,,-40.0,0.0,0.0,NEGATIVE,,LARGE,,,,,,,,,,-1.0
SARDAEN,,,,,,-0.58,,,,2026-08-18,,,,,,,,,,,,2.1,,1.1,,,,,,,,,,,,,,,,,,,,,,,,,,,,,,0.0,0.0,7.0,NEUTRAL,,MID,,,,,,,,,,0.0
SOLARINDS,,,,,,1.4,,,,2026-08-18,,,,,,,,,,,,2.1,,0.0,,,,,,,,,,,,,,,,,,,,,,,,,,,,,,0.0,0.0,0.0,NEUTRAL,,MEGA,,,,,,,,,,0.0
TBOTEK,,,,,,0.48,,,,2026-08-18,,,,,,,,,,,,1.8,,-0.0,,,,,,,,,,,,,,,,,,,,,,,,,,,,,,0.0,0.0,-3.0,NEUTRAL,,MID,,,,,,,,,,0.0
TCS,,,,,,-3.43,,,,2026-08-18,,,,,,,,,,,,1.8,,0.0,,,,,,,,,,,,,,,,,,,,,,,,,,,,,,0.0,-90.8,8.0,NEUTRAL,,MEGA,,,,,,,,,,0.0
TRENT,,,,,,-0.13,,,,2026-08-18,,,,,,,,,,,,1.8,,0.0,,,,,,,,,,,,,,,,,,,,,,,,,,,,,,0.0,0.0,0.0,NEUTRAL,,MEGA,,,,,,,,,,0.0
UNOMINDA,,,,,,0.24,,,,2026-08-18,,,,,,,,,,,,1.8,,0.0,,,,,,,,,,,,,,,,,,,,,,,,,,,,,,0.0,0.0,0.0,NEUTRAL,,LARGE,,,,,,,,,,0.0
VIJAYA,,,,,,-0.62,,,,2026-08-18,,,,,,,,,,,,-1.0,,-0.2,,,,,,,,,,,,,,,,,,,,,,,,,,,,,,0.0,0.0,0.0,NEUTRAL,,MID,,,,,,,,,,0.0
ZFCVINDIA,,,,,,1.87,,,,2026-08-18,,,,,,,,,,,,1.8,,0.0,,,,,,,,,,,,,,,,,,,,,,,,,,,,,,0.0,0.0,6.0,NEUTRAL,,LARGE,,,,,,,,,,0.0
ZYDUSLIFE,,,,,,-1.41,,,,2026-08-18,,,,,,,,,,,,-1.0,,0.0,,,,,,,,,,,,,,,,,,,,,,,,,,,,,,0.0,0.0,7.0,NEUTRAL,,MEGA,,,,,,,,,,0.0
ECLERX,,,,,,-4.89,,,,2026-08-18,,,,,,,,,,,,1.8,,0.8,,,,,,,,,,,,,,,,,,,,,,,,,,,,,,0.0,0.0,5.0,NEUTRAL,,MID,,,,,,,,,,0.0
AIAENG,,,,,,-1.41,,,,2026-08-19,,,,,,,,,,,,2.1,,0.0,,,,,,,,,,,,,,,,,,,,,,,,,,,,,,0.0,0.0,3.0,NEUTRAL,,LARGE,,,,,,,,,,0.0
AFFLE,,,,,,-1.02,,,,2026-08-19,,,,,,,,,,,,4.6,,0.0,,,,,,,,,,,,,,,,,,,,,,,,,,,,,,0.0,0.0,0.0,NEUTRAL,,LARGE,,,,,,,,,,0.0
APARINDS,,,,,,-3.48,,,,2026-08-19,,,,,,,,,,,,2.1,,0.0,,,,,,,,,,,,,,,,,,,,,,,,,,,,,,0.0,0.0,0.0,NEUTRAL,,LARGE,,,,,,,,,,0.0
ASIANPAINT,,,,,,0.09,,,,2026-08-19,,,,,,,,,,,,0.8,,0.0,,,,,,,,,,,,,,,,,,,,,,,,,,,,,,0.0,0.0,-2.0,NEUTRAL,,MEGA,,,,,,,,,,0.0
BLS,,,,,,1.36,,,,2026-08-19,,,,,,,,,,,,2.1,,0.9,,,,,,,,,,,,,,,,,,,,,,,,,,,,,,0.0,0.0,5.0,NEUTRAL,,MID,,,,,,,,,,0.0
BSE,,,,,,1.33,,,,2026-08-19,,,,,,,,,,,,0.8,,0.0,,,,,,,,,,,,,,,,,,,,,,,,,,,,,,0.0,-40.7,1.0,NEUTRAL,,MEGA,,,,,,,,,,0.0
BEL,,,,,,-0.68,,,,2026-08-19,,,,,,,,,,,,2.1,,0.0,,,,,,,,,,,,,,,,,,,,,,,,,,,,,,0.0,0.0,3.0,NEUTRAL,,MEGA,,,,,,,,,,0.0
BIKAJI,,,,,,0.08,,,,2026-08-19,,,,,,,,,,,,-1.4,,-0.2,,,,,,,,,,,,,,,,,,,,,,,,,,,,,,0.0,0.0,0.0,NEUTRAL,,MID,,,,,,,,,,0.0
BLUESTARCO,,,,,,0.01,,,,2026-08-19,,,,,,,,,,,,2.1,,0.0,,,,,,,,,,,,,,,,,,,,,,,,,,,,,,0.0,0.0,0.0,NEUTRAL,,LARGE,,,,,,,,,,0.0
BRITANNIA,,,,,,-0.76,,,,2026-08-19,,,,,,,,,,,,-1.4,,0.0,,,,,,,,,,,,,,,,,,,,,,,,,,,,,,0.0,-1.5,-2.0,NEUTRAL,,MEGA,,,,,,,,,,0.0
CAPLIPOINT,,,,,,1.63,,,,2026-08-19,,,,,,,,,,,,-1.4,,0.1,,,,,,,,,,,,,,,,,,,,,,,,,,,,,,0.0,0.0,3.0,NEUTRAL,,MID,,,,,,,,,,0.0
CEMPRO,,,,,,-4.4,,,,2026-08-19,,,,,,,,,,,,2.1,,0.0,,,,,,,,,,,,,,,,,,,,,,,,,,,,,,0.0,0.0,3.0,NEUTRAL,,LARGE,,,,,,,,,,0.0
DOMS,,,,,,-1.15,,,,2026-08-19,,,,,,,,,,,,2.1,,0.3,,,,,,,,,,,,,,,,,,,,,,,,,,,,,,0.0,0.0,0.0,NEUTRAL,,MID,,,,,,,,,,0.0
DIXON,,,,,,2.2,,,,2026-08-19,,,,,,,,,,,,1.5,,0.0,,,,,,,,,,,,,,,,,,,,,,,,,,,,,,0.0,6.9,3.0,NEUTRAL,,LARGE,,,,,,,,,,0.0
ELGIEQUIP,,,,,,3.84,,,,2026-08-19,,,,,,,,,,,,2.1,,0.0,,,,,,,,,,,,,,,,,,,,,,,,,,,,,,0.0,0.0,3.0,NEUTRAL,,LARGE,,,,,,,,,,0.0
ENDURANCE,,,,,,-0.98,,,,2026-08-19,,,,,,,,,,,,0.4,,0.0,,,,,,,,,,,,,,,,,,,,,,,,,,,,,,0.0,7.0,3.0,NEUTRAL,,LARGE,,,,,,,,,,0.0
GABRIEL,,,,,,-1.98,,,,2026-08-19,,,,,,,,,,,,0.4,,0.0,,,,,,,,,,,,,,,,,,,,,,,,,,,,,,0.0,0.0,0.0,NEUTRAL,,LARGE,,,,,,,,,,0.0
MEDANTA,,,,,,-1.77,,,,2026-08-19,,,,,,,,,,,,-1.4,,0.0,,,,,,,,,,,,,,,,,,,,,,,,,,,,,,0.0,0.0,-2.0,NEUTRAL,,LARGE,,,,,,,,,,0.0
GRANULES,,,,,,-1.18,,,,2026-08-19,,,,,,,,,,,,-1.4,,0.0,,,,,,,,,,,,,,,,,,,,,,,,,,,,,,0.0,0.0,5.0,NEUTRAL,,LARGE,,,,,,,,,,0.0
GRAVITA,,,,,,-1.16,,,,2026-08-19,,,,,,,,,,,,2.1,,0.7,,,,,,,,,,,,,,,,,,,,,,,,,,,,,,0.0,0.0,3.0,NEUTRAL,,MID,,,,,,,,,,0.0
HSCL,,,,,,-4.04,,,,2026-08-19,,,,,,,,,,,,0.8,,0.0,,,,,,,,,,,,,,,,,,,,,,,,,,,,,,0.0,0.0,3.0,NEUTRAL,,LARGE,,,,,,,,,,0.0
HINDZINC,,,,,,-0.18,,,,2026-08-19,,,,,,,,,,,,0.8,,0.0,,,,,,,,,,,,,,,,,,,,,,,,,,,,,,0.0,0.0,8.0,NEUTRAL,,MEGA,,,,,,,,,,0.0
INDHOTEL,,,,,,0.61,,,,2026-08-19,,,,,,,,,,,,0.4,,0.0,,,,,,,,,,,,,,,,,,,,,,,,,,,,,,0.0,0.0,3.0,NEUTRAL,,MEGA,,,,,,,,,,0.0
JSL,,,,,,-1.15,,,,2026-08-19,,,,,,,,,,,,0.8,,0.0,,,,,,,,,,,,,,,,,,,,,,,,,,,,,,0.0,0.0,5.0,NEUTRAL,,LARGE,,,,,,,,,,0.0
KPIL,,,,,,-1.92,,,,2026-08-19,,,,,,,,,,,,2.1,,0.0,,,,,,,,,,,,,,,,,,,,,,,,,,,,,,0.0,0.0,7.0,NEUTRAL,,LARGE,,,,,,,,,,0.0
LODHA,,,,,,-0.09,,,,2026-08-19,,,,,,,,,,,,0.7,,0.0,,,,,,,,,,,,,,,,,,,,,,,,,,,,,,0.0,0.0,3.0,NEUTRAL,,MEGA,,,,,,,,,,0.0
LUPIN,,,,,,-0.31,,,,2026-08-19,,,,,,,,,,,,-1.4,,0.0,,,,,,,,,,,,,,,,,,,,,,,,,,,,,,0.0,0.0,7.0,NEUTRAL,,MEGA,,,,,,,,,,0.0
MRF,,,,,,0.09,,,,2026-08-19,,,,,,,,,,,,0.4,,0.0,,,,,,,,,,,,,,,,,,,,,,,,,,,,,,0.0,0.0,7.0,NEUTRAL,,LARGE,,,,,,,,,,0.0
MANKIND,,,,,,0.59,,,,2026-08-19,,,,,,,,,,,,-1.4,,0.0,,,,,,,,,,,,,,,,,,,,,,,,,,,,,,0.0,0.0,3.0,NEUTRAL,,LARGE,,,,,,,,,,0.0
MARICO,,,,,,1.0,,,,2026-08-19,,,,,,,,,,,,-1.4,,0.0,,,,,,,,,,,,,,,,,,,,,,,,,,,,,,0.0,0.0,0.0,NEUTRAL,,MEGA,,,,,,,,,,0.0
MAXHEALTH,,,,,,-1.72,,,,2026-08-19,,,,,,,,,,,,-1.4,,0.0,,,,,,,,,,,,,,,,,,,,,,,,,,,,,,0.0,0.0,0.0,NEUTRAL,,LARGE,,,,,,,,,,0.0
MSUMI,,,,,,-2.63,,,,2026-08-19,,,,,,,,,,,,0.4,,0.0,,,,,,,,,,,,,,,,,,,,,,,,,,,,,,0.0,0.0,1.0,NEUTRAL,,LARGE,,,,,,,,,,0.0
MPHASIS,,,,,,-0.31,,,,2026-08-19,,,,,,,,,,,,1.5,,0.0,,,,,,,,,,,,,,,,,,,,,,,,,,,,,,0.0,0.0,7.0,NEUTRAL,,LARGE,,,,,,,,,,0.0
MCX,,,,,,-2.2,,,,2026-08-19,,,,,,,,,,,,0.8,,0.0,,,,,,,,,,,,,,,,,,,,,,,,,,,,,,0.0,-80.3,3.0,NEUTRAL,,LARGE,,,,,,,,,,0.0
NMDC,,,,,,-1.0,,,,2026-08-19,,,,,,,,,,,,0.8,,0.0,,,,,,,,,,,,,,,,,,,,,,,,,,,,,,0.0,0.0,10.0,NEUTRAL,,LARGE,,,,,,,,,,0.0
NATIONALUM,,,,,,-0.37,,,,2026-08-19,,,,,,,,,,,,0.8,,0.0,,,,,,,,,,,,,,,,,,,,,,,,,,,,,,0.0,0.0,8.0,NEUTRAL,,LARGE,,,,,,,,,,0.0
NAVINFLUOR,,,,,,0.27,,,,2026-08-19,,,,,,,,,,,,0.8,,-25.9,,,,,,,,,,,,,,,,,,,,,,,,,,,,,,-40.0,0.0,0.0,NEGATIVE,,LARGE,,,,,,,,,,-1.0
NETWEB,,,,,,-5.41,,,,2026-08-19,,,,,,,,,,,,1.5,,0.0,,,,,,,,,,,,,,,,,,,,,,,,,,,,,,0.0,2.3,0.0,NEUTRAL,,LARGE,,,,,,,,,,0.0
OBEROIRLTY,,,,,,0.63,,,,2026-08-19,,,,,,,,,,,,0.7,,0.0,,,,,,,,,,,,,,,,,,,,,,,,,,,,,,0.0,0.0,5.0,NEUTRAL,,LARGE,,,,,,,,,,0.0
ONGC,,,,,,-0.63,,,,2026-08-19,,,,,,,,,,,,-1.7,,0.0,,,,,,,,,,,,,,,,,,,,,,,,,,,,,,0.0,0.7,13.0,NEUTRAL,,MEGA,,,,,,,,,,0.0
OFSS,,,,,,1.3,,,,2026-08-19,,,,,,,,,,,,1.5,,0.0,,,,,,,,,,,,,,,,,,,,,,,,,,,,,,0.0,0.0,6.0,NEUTRAL,,MEGA,,,,,,,,,,0.0
PAGEIND,,,,,,-3.25,,,,2026-08-19,,,,,,,,,,,,0.4,,0.0,,,,,,,,,,,,,,,,,,,,,,,,,,,,,,0.0,0.0,-2.0,NEUTRAL,,LARGE,,,,,,,,,,0.0
PATANJALI,,,,,,-0.2,,,,2026-08-19,,,,,,,,,,,,-1.4,,0.0,,,,,,,,,,,,,,,,,,,,,,,,,,,,,,0.0,3.9,9.0,NEUTRAL,,LARGE,,,,,,,,,,0.0
RRKABEL,,,,,,4.09,,,,2026-08-19,,,,,,,,,,,,2.1,,0.0,,,,,,,,,,,,,,,,,,,,,,,,,,,,,,0.0,0.0,0.0,NEUTRAL,,LARGE,,,,,,,,,,0.0
SARDAEN,,,,,,-1.18,,,,2026-08-19,,,,,,,,,,,,0.8,,0.9,,,,,,,,,,,,,,,,,,,,,,,,,,,,,,0.0,0.0,7.0,NEUTRAL,,MID,,,,,,,,,,0.0
SOLARINDS,,,,,,-2.76,,,,2026-08-19,,,,,,,,,,,,0.8,,0.0,,,,,,,,,,,,,,,,,,,,,,,,,,,,,,0.0,0.0,0.0,NEUTRAL,,MEGA,,,,,,,,,,0.0
TBOTEK,,,,,,-2.74,,,,2026-08-19,,,,,,,,,,,,0.4,,-0.3,,,,,,,,,,,,,,,,,,,,,,,,,,,,,,0.0,0.0,-3.0,NEUTRAL,,MID,,,,,,,,,,0.0
TCS,,,,,,0.39,,,,2026-08-19,,,,,,,,,,,,1.5,,0.0,,,,,,,,,,,,,,,,,,,,,,,,,,,,,,0.0,-90.8,8.0,NEUTRAL,,MEGA,,,,,,,,,,0.0
TRENT,,,,,,0.37,,,,2026-08-19,,,,,,,,,,,,0.4,,0.0,,,,,,,,,,,,,,,,,,,,,,,,,,,,,,0.0,0.0,0.0,NEUTRAL,,MEGA,,,,,,,,,,0.0
UNOMINDA,,,,,,-0.08,,,,2026-08-19,,,,,,,,,,,,0.4,,-25.9,,,,,,,,,,,,,,,,,,,,,,,,,,,,,,-40.0,0.0,0.0,NEGATIVE,,LARGE,,,,,,,,,,-1.0
VIJAYA,,,,,,-0.49,,,,2026-08-19,,,,,,,,,,,,-1.4,,-0.2,,,,,,,,,,,,,,,,,,,,,,,,,,,,,,0.0,0.0,0.0,NEUTRAL,,MID,,,,,,,,,,0.0
ZFCVINDIA,,,,,,-2.09,,,,2026-08-19,,,,,,,,,,,,0.4,,0.0,,,,,,,,,,,,,,,,,,,,,,,,,,,,,,0.0,0.0,6.0,NEUTRAL,,LARGE,,,,,,,,,,0.0
ZYDUSLIFE,,,,,,-0.99,,,,2026-08-19,,,,,,,,,,,,-1.4,,0.0,,,,,,,,,,,,,,,,,,,,,,,,,,,,,,0.0,0.0,7.0,NEUTRAL,,MEGA,,,,,,,,,,0.0
ECLERX,,,,,,1.53,,,,2026-08-19,,,,,,,,,,,,1.5,,0.8,,,,,,,,,,,,,,,,,,,,,,,,,,,,,,0.0,0.0,5.0,NEUTRAL,,MID,,,,,,,,,,0.0
AIAENG,,,,,,-0.62,,,,2026-08-20,,,,,,,,,,,,2.4,,0.0,,,,,,,,,,,,,,,,,,,,,,,,,,,,,,0.0,0.0,3.0,NEUTRAL,,LARGE,,,,,,,,,,0.0
AFFLE,,,,,,2.11,,,,2026-08-20,,,,,,,,,,,,6.2,,0.0,,,,,,,,,,,,,,,,,,,,,,,,,,,,,,0.0,0.0,-3.0,NEUTRAL,,LARGE,,,,,,,,,,0.0
APARINDS,,,,,,1.02,,,,2026-08-20,,,,,,,,,,,,2.4,,0.0,,,,,,,,,,,,,,,,,,,,,,,,,,,,,,0.0,0.0,0.0,NEUTRAL,,LARGE,,,,,,,,,,0.0
ASIANPAINT,,,,,,-0.21,,,,2026-08-20,,,,,,,,,,,,0.2,,0.0,,,,,,,,,,,,,,,,,,,,,,,,,,,,,,0.0,0.0,-2.0,NEUTRAL,,MEGA,,,,,,,,,,0.0
BLS,,,,,,0.94,,,,2026-08-20,,,,,,,,,,,,2.4,,0.9,,,,,,,,,,,,,,,,,,,,,,,,,,,,,,0.0,0.0,5.0,NEUTRAL,,MID,,,,,,,,,,0.0
BSE,,,,,,-1.82,,,,2026-08-20,,,,,,,,,,,,2.7,,0.0,,,,,,,,,,,,,,,,,,,,,,,,,,,,,,0.0,13.8,1.0,NEUTRAL,,MEGA,,,,,,,,,,0.0
BEL,,,,,,0.05,,,,2026-08-20,,,,,,,,,,,,2.4,,0.0,,,,,,,,,,,,,,,,,,,,,,,,,,,,,,0.0,0.0,3.0,NEUTRAL,,MEGA,,,,,,,,,,0.0
BIKAJI,,,,,,-0.35,,,,2026-08-20,,,,,,,,,,,,-0.7,,-0.1,,,,,,,,,,,,,,,,,,,,,,,,,,,,,,0.0,0.0,0.0,NEUTRAL,,MID,,,,,,,,,,0.0
BLUESTARCO,,,,,,1.13,,,,2026-08-20,,,,,,,,,,,,2.4,,0.0,,,,,,,,,,,,,,,,,,,,,,,,,,,,,,0.0,88.2,0.0,NEUTRAL,,LARGE,,,,,,,,,,0.0
BRITANNIA,,,,,,1.74,,,,2026-08-20,,,,,,,,,,,,-0.7,,0.0,,,,,,,,,,,,,,,,,,,,,,,,,,,,,,0.0,0.0,-2.0,NEUTRAL,,MEGA,,,,,,,,,,0.0
CAPLIPOINT,,,,,,-1.61,,,,2026-08-20,,,,,,,,,,,,-1.6,,0.1,,,,,,,,,,,,,,,,,,,,,,,,,,,,,,0.0,0.0,3.0,NEUTRAL,,MID,,,,,,,,,,0.0
CEMPRO,,,,,,0.65,,,,2026-08-20,,,,,,,,,,,,2.4,,0.0,,,,,,,,,,,,,,,,,,,,,,,,,,,,,,0.0,0.0,3.0,NEUTRAL,,LARGE,,,,,,,,,,0.0
DOMS,,,,,,0.77,,,,2026-08-20,,,,,,,,,,,,2.4,,0.4,,,,,,,,,,,,,,,,,,,,,,,,,,,,,,0.0,0.0,0.0,NEUTRAL,,MID,,,,,,,,,,0.0
DIXON,,,,,,2.68,,,,2026-08-20,,,,,,,,,,,,2.9,,0.0,,,,,,,,,,,,,,,,,,,,,,,,,,,,,,0.0,0.0,3.0,NEUTRAL,,LARGE,,,,,,,,,,0.0
ELGIEQUIP,,,,,,-0.84,,,,2026-08-20,,,,,,,,,,,,2.4,,0.7,,,,,,,,,,,,,,,,,,,,,,,,,,,,,,0.0,0.0,3.0,NEUTRAL,,MID,,,,,,,,,,0.0
ENDURANCE,,,,,,0.44,,,,2026-08-20,,,,,,,,,,,,0.7,,0.0,,,,,,,,,,,,,,,,,,,,,,,,,,,,,,0.0,7.0,3.0,NEUTRAL,,LARGE,,,,,,,,,,0.0
GABRIEL,,,,,,-0.13,,,,2026-08-20,,,,,,,,,,,,0.7,,0.0,,,,,,,,,,,,,,,,,,,,,,,,,,,,,,0.0,0.0,0.0,NEUTRAL,,LARGE,,,,,,,,,,0.0
MEDANTA,,,,,,-0.64,,,,2026-08-20,,,,,,,,,,,,-1.6,,0.0,,,,,,,,,,,,,,,,,,,,,,,,,,,,,,0.0,0.0,-2.0,NEUTRAL,,LARGE,,,,,,,,,,0.0
GRANULES,,,,,,0.05,,,,2026-08-20,,,,,,,,,,,,-1.6,,0.0,,,,,,,,,,,,,,,,,,,,,,,,,,,,,,0.0,0.0,5.0,NEUTRAL,,LARGE,,,,,,,,,,0.0
GRAVITA,,,,,,-0.02,,,,2026-08-20,,,,,,,,,,,,2.4,,2.6,,,,,,,,,,,,,,,,,,,,,,,,,,,,,,0.0,4.7,3.0,NEUTRAL,,MID,,,,,,,,,,0.0
HSCL,,,,,,-6.14,,,,2026-08-20,,,,,,,,,,,,0.2,,0.0,,,,,,,,,,,,,,,,,,,,,,,,,,,,,,0.0,0.0,3.0,NEUTRAL,,LARGE,,,,,,,,,,0.0
HINDZINC,,,,,,3.03,,,,2026-08-20,,,,,,,,,,,,0.2,,0.0,,,,,,,,,,,,,,,,,,,,,,,,,,,,,,0.0,0.0,8.0,NEUTRAL,,MEGA,,,,,,,,,,0.0
INDHOTEL,,,,,,1.73,,,,2026-08-20,,,,,,,,,,,,0.7,,0.0,,,,,,,,,,,,,,,,,,,,,,,,,,,,,,0.0,0.0,3.0,NEUTRAL,,MEGA,,,,,,,,,,0.0
JSL,,,,,,-0.77,,,,2026-08-20,,,,,,,,,,,,0.2,,0.0,,,,,,,,,,,,,,,,,,,,,,,,,,,,,,0.0,0.0,5.0,NEUTRAL,,LARGE,,,,,,,,,,0.0
KPIL,,,,,,0.8,,,,2026-08-20,,,,,,,,,,,,2.4,,0.0,,,,,,,,,,,,,,,,,,,,,,,,,,,,,,0.0,0.0,7.0,NEUTRAL,,LARGE,,,,,,,,,,0.0
LODHA,,,,,,2.48,,,,2026-08-20,,,,,,,,,,,,2.7,,0.0,,,,,,,,,,,,,,,,,,,,,,,,,,,,,,0.0,0.0,3.0,NEUTRAL,,MEGA,,,,,,,,,,0.0
LUPIN,,,,,,-1.06,,,,2026-08-20,,,,,,,,,,,,-1.6,,0.0,,,,,,,,,,,,,,,,,,,,,,,,,,,,,,0.0,0.0,7.0,NEUTRAL,,MEGA,,,,,,,,,,0.0
MRF,,,,,,0.28,,,,2026-08-20,,,,,,,,,,,,0.7,,0.0,,,,,,,,,,,,,,,,,,,,,,,,,,,,,,0.0,0.0,7.0,NEUTRAL,,LARGE,,,,,,,,,,0.0
MANKIND,,,,,,-0.38,,,,2026-08-20,,,,,,,,,,,,-1.6,,0.0,,,,,,,,,,,,,,,,,,,,,,,,,,,,,,0.0,89.7,3.0,NEUTRAL,,LARGE,,,,,,,,,,0.0
MARICO,,,,,,0.98,,,,2026-08-20,,,,,,,,,,,,-0.7,,0.0,,,,,,,,,,,,,,,,,,,,,,,,,,,,,,0.0,0.0,0.0,NEUTRAL,,MEGA,,,,,,,,,,0.0
MAXHEALTH,,,,,,0.09,,,,2026-08-20,,,,,,,,,,,,-1.6,,0.0,,,,,,,,,,,,,,,,,,,,,,,,,,,,,,0.0,0.0,0.0,NEUTRAL,,LARGE,,,,,,,,,,0.0
MSUMI,,,,,,-0.2,,,,2026-08-20,,,,,,,,,,,,0.7,,0.0,,,,,,,,,,,,,,,,,,,,,,,,,,,,,,0.0,0.0,1.0,NEUTRAL,,LARGE,,,,,,,,,,0.0
MPHASIS,,,,,,0.23,,,,2026-08-20,,,,,,,,,,,,2.9,,0.0,,,,,,,,,,,,,,,,,,,,,,,,,,,,,,0.0,0.0,7.0,NEUTRAL,,LARGE,,,,,,,,,,0.0
MCX,,,,,,5.15,,,,2026-08-20,,,,,,,,,,,,2.7,,0.0,,,,,,,,,,,,,,,,,,,,,,,,,,,,,,0.0,-63.3,0.0,NEUTRAL,,LARGE,,,,,,,,,,0.0
NMDC,,,,,,0.72,,,,2026-08-20,,,,,,,,,,,,0.2,,0.0,,,,,,,,,,,,,,,,,,,,,,,,,,,,,,0.0,0.0,10.0,NEUTRAL,,LARGE,,,,,,,,,,0.0
NATIONALUM,,,,,,-0.25,,,,2026-08-20,,,,,,,,,,,,0.2,,0.0,,,,,,,,,,,,,,,,,,,,,,,,,,,,,,0.0,0.0,8.0,NEUTRAL,,LARGE,,,,,,,,,,0.0
NAVINFLUOR,,,,,,-0.26,,,,2026-08-20,,,,,,,,,,,,0.2,,-26.0,,,,,,,,,,,,,,,,,,,,,,,,,,,,,,-40.0,0.0,0.0,NEGATIVE,,LARGE,,,,,,,,,,-1.0
NETWEB,,,,,,7.0,,,,2026-08-20,,,,,,,,,,,,2.9,,0.0,,,,,,,,,,,,,,,,,,,,,,,,,,,,,,0.0,2.3,0.0,NEUTRAL,,LARGE,,,,,,,,,,0.0
OBEROIRLTY,,,,,,1.87,,,,2026-08-20,,,,,,,,,,,,2.7,,0.0,,,,,,,,,,,,,,,,,,,,,,,,,,,,,,0.0,0.0,5.0,NEUTRAL,,LARGE,,,,,,,,,,0.0
ONGC,,,,,,0.21,,,,2026-08-20,,,,,,,,,,,,-1.3,,28.0,,,,,,,,,,,,,,,,,,,,,,,,,,,,,,40.0,2.0,13.0,POSITIVE,,MEGA,,,,,,,,,,1.0
OFSS,,,,,,0.44,,,,2026-08-20,,,,,,,,,,,,2.9,,0.0,,,,,,,,,,,,,,,,,,,,,,,,,,,,,,0.0,0.0,6.0,NEUTRAL,,MEGA,,,,,,,,,,0.0
PAGEIND,,,,,,0.75,,,,2026-08-20,,,,,,,,,,,,0.7,,0.0,,,,,,,,,,,,,,,,,,,,,,,,,,,,,,0.0,0.0,-2.0,NEUTRAL,,LARGE,,,,,,,,,,0.0
PATANJALI,,,,,,0.38,,,,2026-08-20,,,,,,,,,,,,-0.7,,0.0,,,,,,,,,,,,,,,,,,,,,,,,,,,,,,0.0,3.9,9.0,NEUTRAL,,LARGE,,,,,,,,,,0.0
RRKABEL,,,,,,-0.16,,,,2026-08-20,,,,,,,,,,,,2.4,,0.0,,,,,,,,,,,,,,,,,,,,,,,,,,,,,,0.0,0.0,0.0,NEUTRAL,,LARGE,,,,,,,,,,0.0
SARDAEN,,,,,,-0.53,,,,2026-08-20,,,,,,,,,,,,0.2,,0.8,,,,,,,,,,,,,,,,,,,,,,,,,,,,,,0.0,0.0,7.0,NEUTRAL,,MID,,,,,,,,,,0.0
SOLARINDS,,,,,,0.2,,,,2026-08-20,,,,,,,,,,,,0.2,,0.0,,,,,,,,,,,,,,,,,,,,,,,,,,,,,,0.0,0.0,0.0,NEUTRAL,,MEGA,,,,,,,,,,0.0
TBOTEK,,,,,,2.48,,,,2026-08-20,,,,,,,,,,,,0.7,,-0.2,,,,,,,,,,,,,,,,,,,,,,,,,,,,,,0.0,0.0,-3.0,NEUTRAL,,MID,,,,,,,,,,0.0
TCS,,,,,,0.39,,,,2026-08-20,,,,,,,,,,,,2.9,,0.0,,,,,,,,,,,,,,,,,,,,,,,,,,,,,,0.0,0.0,8.0,NEUTRAL,,MEGA,,,,,,,,,,0.0
TRENT,,,,,,0.58,,,,2026-08-20,,,,,,,,,,,,0.7,,0.0,,,,,,,,,,,,,,,,,,,,,,,,,,,,,,0.0,0.0,0.0,NEUTRAL,,MEGA,,,,,,,,,,0.0
UNOMINDA,,,,,,-0.9,,,,2026-08-20,,,,,,,,,,,,0.7,,0.0,,,,,,,,,,,,,,,,,,,,,,,,,,,,,,0.0,0.0,0.0,NEUTRAL,,LARGE,,,,,,,,,,0.0
VIJAYA,,,,,,0.56,,,,2026-08-20,,,,,,,,,,,,-1.6,,-0.3,,,,,,,,,,,,,,,,,,,,,,,,,,,,,,0.0,0.0,0.0,NEUTRAL,,MID,,,,,,,,,,0.0
ZFCVINDIA,,,,,,0.18,,,,2026-08-20,,,,,,,,,,,,0.7,,0.0,,,,,,,,,,,,,,,,,,,,,,,,,,,,,,0.0,0.0,6.0,NEUTRAL,,LARGE,,,,,,,,,,0.0
ZYDUSLIFE,,,,,,0.29,,,,2026-08-20,,,,,,,,,,,,-1.6,,0.0,,,,,,,,,,,,,,,,,,,,,,,,,,,,,,0.0,0.0,7.0,NEUTRAL,,MEGA,,,,,,,,,,0.0
ECLERX,,,,,,-1.53,,,,2026-08-20,,,,,,,,,,,,2.9,,1.0,,,,,,,,,,,,,,,,,,,,,,,,,,,,,,0.0,0.0,5.0,NEUTRAL,,MID,,,,,,,,,,0.0
AIAENG,,,,,,-0.2,,,,2026-08-21,,,,,,,,,,,,2.7,,0.0,,,,,,,,,,,,,,,,,,,,,,,,,,,,,,0.0,0.0,3.0,NEUTRAL,,LARGE,,,,,,,,,,0.0
AFFLE,,,,,,-0.62,,,,2026-08-21,,,,,,,,,,,,4.9,,0.0,,,,,,,,,,,,,,,,,,,,,,,,,,,,,,0.0,0.0,-3.0,NEUTRAL,,LARGE,,,,,,,,,,0.0
APARINDS,,,,,,0.43,,,,2026-08-21,,,,,,,,,,,,2.7,,0.0,,,,,,,,,,,,,,,,,,,,,,,,,,,,,,0.0,0.0,0.0,NEUTRAL,,LARGE,,,,,,,,,,0.0
ASIANPAINT,,,,,,0.56,,,,2026-08-21,,,,,,,,,,,,0.1,,0.0,,,,,,,,,,,,,,,,,,,,,,,,,,,,,,0.0,0.0,-2.0,NEUTRAL,,MEGA,,,,,,,,,,0.0
BLS,,,,,,-0.96,,,,2026-08-21,,,,,,,,,,,,2.7,,1.0,,,,,,,,,,,,,,,,,,,,,,,,,,,,,,0.0,0.0,5.0,NEUTRAL,,MID,,,,,,,,,,0.0
BSE,,,,,,-1.52,,,,2026-08-21,,,,,,,,,,,,2.9,,0.0,,,,,,,,,,,,,,,,,,,,,,,,,,,,,,0.0,-11.1,1.0,NEUTRAL,,MEGA,,,,,,,,,,0.0
BEL,,,,,,1.12,,,,2026-08-21,,,,,,,,,,,,2.7,,0.0,,,,,,,,,,,,,,,,,,,,,,,,,,,,,,0.0,42.2,3.0,NEUTRAL,,MEGA,,,,,,,,,,0.0
BIKAJI,,,,,,-0.21,,,,2026-08-21,,,,,,,,,,,,-2.1,,-0.3,,,,,,,,,,,,,,,,,,,,,,,,,,,,,,0.0,0.0,0.0,NEUTRAL,,MID,,,,,,,,,,0.0
BLUESTARCO,,,,,,0.13,,,,2026-08-21,,,,,,,,,,,,2.7,,0.0,,,,,,,,,,,,,,,,,,,,,,,,,,,,,,0.0,0.0,0.0,NEUTRAL,,LARGE,,,,,,,,,,0.0
BRITANNIA,,,,,,-3.3,,,,2026-08-21,,,,,,,,,,,,-2.1,,0.0,,,,,,,,,,,,,,,,,,,,,,,,,,,,,,0.0,-0.2,1.0,NEUTRAL,,MEGA,,,,,,,,,,0.0
CAPLIPOINT,,,,,,1.23,,,,2026-08-21,,,,,,,,,,,,-0.9,,-25.8,,,,,,,,,,,,,,,,,,,,,,,,,,,,,,-40.0,0.0,3.0,NEGATIVE,,MID,,,,,,,,,,-1.0
CEMPRO,,,,,,0.2,,,,2026-08-21,,,,,,,,,,,,2.7,,0.0,,,,,,,,,,,,,,,,,,,,,,,,,,,,,,0.0,0.0,3.0,NEUTRAL,,LARGE,,,,,,,,,,0.0
DOMS,,,,,,-0.16,,,,2026-08-21,,,,,,,,,,,,2.7,,0.4,,,,,,,,,,,,,,,,,,,,,,,,,,,,,,0.0,0.0,0.0,NEUTRAL,,MID,,,,,,,,,,0.0
DIXON,,,,,,0.0,,,,2026-08-21,,,,,,,,,,,,3.2,,0.0,,,,,,,,,,,,,,,,,,,,,,,,,,,,,,0.0,0.0,3.0,NEUTRAL,,LARGE,,,,,,,,,,0.0
ELGIEQUIP,,,,,,0.3,,,,2026-08-21,,,,,,,,,,,,2.7,,0.8,,,,,,,,,,,,,,,,,,,,,,,,,,,,,,0.0,0.0,3.0,NEUTRAL,,MID,,,,,,,,,,0.0
ENDURANCE,,,,,,0.93,,,,2026-08-21,,,,,,,,,,,,0.2,,0.0,,,,,,,,,,,,,,,,,,,,,,,,,,,,,,0.0,0.0,3.0,NEUTRAL,,LARGE,,,,,,,,,,0.0
GABRIEL,,,,,,-1.13,,,,2026-08-21,,,,,,,,,,,,0.2,,0.0,,,,,,,,,,,,,,,,,,,,,,,,,,,,,,0.0,0.0,0.0,NEUTRAL,,LARGE,,,,,,,,,,0.0
MEDANTA,,,,,,0.11,,,,2026-08-21,,,,,,,,,,,,-0.9,,0.0,,,,,,,,,,,,,,,,,,,,,,,,,,,,,,0.0,0.0,0.0,NEUTRAL,,LARGE,,,,,,,,,,0.0
GRANULES,,,,,,1.97,,,,2026-08-21,,,,,,,,,,,,-0.9,,-25.6,,,,,,,,,,,,,,,,,,,,,,,,,,,,,,-40.0,0.0,5.0,NEGATIVE,,LARGE,,,,,,,,,,-1.0
GRAVITA,,,,,,1.61,,,,2026-08-21,,,,,,,,,,,,2.7,,2.6,,,,,,,,,,,,,,,,,,,,,,,,,,,,,,0.0,4.7,3.0,NEUTRAL,,MID,,,,,,,,,,0.0
HSCL,,,,,,-7.07,,,,2026-08-21,,,,,,,,,,,,0.1,,0.0,,,,,,,,,,,,,,,,,,,,,,,,,,,,,,0.0,0.0,3.0,NEUTRAL,,LARGE,,,,,,,,,,0.0
HINDZINC,,,,,,3.66,,,,2026-08-21,,,,,,,,,,,,0.1,,0.0,,,,,,,,,,,,,,,,,,,,,,,,,,,,,,0.0,0.0,8.0,NEUTRAL,,MEGA,,,,,,,,,,0.0
INDHOTEL,,,,,,-0.79,,,,2026-08-21,,,,,,,,,,,,0.2,,0.0,,,,,,,,,,,,,,,,,,,,,,,,,,,,,,0.0,0.0,3.0,NEUTRAL,,MEGA,,,,,,,,,,0.0
JSL,,,,,,-2.37,,,,2026-08-21,,,,,,,,,,,,0.1,,0.0,,,,,,,,,,,,,,,,,,,,,,,,,,,,,,0.0,0.0,5.0,NEUTRAL,,LARGE,,,,,,,,,,0.0
KPIL,,,,,,1.22,,,,2026-08-21,,,,,,,,,,,,2.7,,0.0,,,,,,,,,,,,,,,,,,,,,,,,,,,,,,0.0,0.0,7.0,NEUTRAL,,LARGE,,,,,,,,,,0.0
LODHA,,,,,,0.16,,,,2026-08-21,,,,,,,,,,,,2.2,,0.0,,,,,,,,,,,,,,,,,,,,,,,,,,,,,,0.0,0.0,3.0,NEUTRAL,,MEGA,,,,,,,,,,0.0
LUPIN,,,,,,0.01,,,,2026-08-21,,,,,,,,,,,,-0.9,,0.0,,,,,,,,,,,,,,,,,,,,,,,,,,,,,,0.0,0.0,7.0,NEUTRAL,,MEGA,,,,,,,,,,0.0
MRF,,,,,,-1.0,,,,2026-08-21,,,,,,,,,,,,0.2,,0.0,,,,,,,,,,,,,,,,,,,,,,,,,,,,,,0.0,0.0,7.0,NEUTRAL,,LARGE,,,,,,,,,,0.0
MANKIND,,,,,,-0.04,,,,2026-08-21,,,,,,,,,,,,-0.9,,0.0,,,,,,,,,,,,,,,,,,,,,,,,,,,,,,0.0,89.7,3.0,NEUTRAL,,LARGE,,,,,,,,,,0.0
MARICO,,,,,,-1.06,,,,2026-08-21,,,,,,,,,,,,-2.1,,0.0,,,,,,,,,,,,,,,,,,,,,,,,,,,,,,0.0,0.0,0.0,NEUTRAL,,MEGA,,,,,,,,,,0.0
MAXHEALTH,,,,,,0.21,,,,2026-08-21,,,,,,,,,,,,-0.9,,0.0,,,,,,,,,,,,,,,,,,,,,,,,,,,,,,0.0,0.0,0.0,NEUTRAL,,LARGE,,,,,,,,,,0.0
MSUMI,,,,,,-2.09,,,,2026-08-21,,,,,,,,,,,,0.2,,0.0,,,,,,,,,,,,,,,,,,,,,,,,,,,,,,0.0,0.0,1.0,NEUTRAL,,LARGE,,,,,,,,,,0.0
MPHASIS,,,,,,0.0,,,,2026-08-21,,,,,,,,,,,,3.2,,0.0,,,,,,,,,,,,,,,,,,,,,,,,,,,,,,0.0,0.0,7.0,NEUTRAL,,LARGE,,,,,,,,,,0.0
MCX,,,,,,1.89,,,,2026-08-21,,,,,,,,,,,,2.9,,0.0,,,,,,,,,,,,,,,,,,,,,,,,,,,,,,0.0,69.1,0.0,NEUTRAL,,LARGE,,,,,,,,,,0.0
NMDC,,,,,,0.79,,,,2026-08-21,,,,,,,,,,,,0.1,,0.0,,,,,,,,,,,,,,,,,,,,,,,,,,,,,,0.0,0.0,10.0,NEUTRAL,,LARGE,,,,,,,,,,0.0
NATIONALUM,,,,,,2.3,,,,2026-08-21,,,,,,,,,,,,0.1,,0.0,,,,,,,,,,,,,,,,,,,,,,,,,,,,,,0.0,17.1,8.0,NEUTRAL,,LARGE,,,,,,,,,,0.0
NAVINFLUOR,,,,,,-0.6,,,,2026-08-21,,,,,,,,,,,,0.1,,0.0,,,,,,,,,,,,,,,,,,,,,,,,,,,,,,0.0,0.0,0.0,NEUTRAL,,LARGE,,,,,,,,,,0.0
NETWEB,,,,,,3.34,,,,2026-08-21,,,,,,,,,,,,3.2,,0.0,,,,,,,,,,,,,,,,,,,,,,,,,,,,,,0.0,82.0,0.0,NEUTRAL,,LARGE,,,,,,,,,,0.0
OBEROIRLTY,,,,,,-0.98,,,,2026-08-21,,,,,,,,,,,,2.2,,0.0,,,,,,,,,,,,,,,,,,,,,,,,,,,,,,0.0,0.0,5.0,NEUTRAL,,LARGE,,,,,,,,,,0.0
ONGC,,,,,,-0.88,,,,2026-08-21,,,,,,,,,,,,-1.9,,0.0,,,,,,,,,,,,,,,,,,,,,,,,,,,,,,0.0,1.3,13.0,NEUTRAL,,MEGA,,,,,,,,,,0.0
OFSS,,,,,,-0.86,,,,2026-08-21,,,,,,,,,,,,3.2,,0.0,,,,,,,,,,,,,,,,,,,,,,,,,,,,,,0.0,0.0,6.0,NEUTRAL,,MEGA,,,,,,,,,,0.0
PAGEIND,,,,,,-0.07,,,,2026-08-21,,,,,,,,,,,,0.2,,0.0,,,,,,,,,,,,,,,,,,,,,,,,,,,,,,0.0,0.0,-2.0,NEUTRAL,,LARGE,,,,,,,,,,0.0
PATANJALI,,,,,,-1.22,,,,2026-08-21,,,,,,,,,,,,-2.1,,0.0,,,,,,,,,,,,,,,,,,,,,,,,,,,,,,0.0,0.0,5.0,NEUTRAL,,LARGE,,,,,,,,,,0.0
RRKABEL,,,,,,0.87,,,,2026-08-21,,,,,,,,,,,,2.7,,0.0,,,,,,,,,,,,,,,,,,,,,,,,,,,,,,0.0,0.0,0.0,NEUTRAL,,LARGE,,,,,,,,,,0.0
SARDAEN,,,,,,0.25,,,,2026-08-21,,,,,,,,,,,,0.1,,0.8,,,,,,,,,,,,,,,,,,,,,,,,,,,,,,0.0,0.0,7.0,NEUTRAL,,MID,,,,,,,,,,0.0
SOLARINDS,,,,,,0.71,,,,2026-08-21,,,,,,,,,,,,0.1,,0.0,,,,,,,,,,,,,,,,,,,,,,,,,,,,,,0.0,0.0,0.0,NEUTRAL,,MEGA,,,,,,,,,,0.0
TBOTEK,,,,,,-0.36,,,,2026-08-21,,,,,,,,,,,,0.2,,-0.3,,,,,,,,,,,,,,,,,,,,,,,,,,,,,,0.0,0.0,-3.0,NEUTRAL,,MID,,,,,,,,,,0.0
TCS,,,,,,0.17,,,,2026-08-21,,,,,,,,,,,,3.2,,0.0,,,,,,,,,,,,,,,,,,,,,,,,,,,,,,0.0,-56.0,8.0,NEUTRAL,,MEGA,,,,,,,,,,0.0
TRENT,,,,,,-1.55,,,,2026-08-21,,,,,,,,,,,,0.2,,0.0,,,,,,,,,,,,,,,,,,,,,,,,,,,,,,0.0,0.0,0.0,NEUTRAL,,MEGA,,,,,,,,,,0.0
UNOMINDA,,,,,,0.36,,,,2026-08-21,,,,,,,,,,,,0.2,,-26.0,,,,,,,,,,,,,,,,,,,,,,,,,,,,,,-40.0,0.0,0.0,NEGATIVE,,LARGE,,,,,,,,,,-1.0
VIJAYA,,,,,,0.4,,,,2026-08-21,,,,,,,,,,,,-0.9,,-0.1,,,,,,,,,,,,,,,,,,,,,,,,,,,,,,0.0,0.0,0.0,NEUTRAL,,MID,,,,,,,,,,0.0
ZFCVINDIA,,,,,,1.54,,,,2026-08-21,,,,,,,,,,,,0.2,,0.0,,,,,,,,,,,,,,,,,,,,,,,,,,,,,,0.0,0.0,6.0,NEUTRAL,,LARGE,,,,,,,,,,0.0
ZYDUSLIFE,,,,,,1.11,,,,2026-08-21,,,,,,,,,,,,-0.9,,0.0,,,,,,,,,,,,,,,,,,,,,,,,,,,,,,0.0,0.0,7.0,NEUTRAL,,MEGA,,,,,,,,,,0.0
ECLERX,,,,,,0.6,,,,2026-08-21,,,,,,,,,,,,3.2,,1.1,,,,,,,,,,,,,,,,,,,,,,,,,,,,,,0.0,0.0,5.0,NEUTRAL,,MID,,,,,,,,,,0.0
AIAENG,,,,,,-1.67,,,,2026-08-24,,,,,,,,,,,,0.4,,0.0,,,,,,,,,,,,,,,,,,,,,,,,,,,,,,0.0,0.0,3.0,NEUTRAL,,LARGE,,,,,,,,,,0.0
AFFLE,,,,,,1.24,,,,2026-08-24,,,,,,,,,,,,5.4,,0.0,,,,,,,,,,,,,,,,,,,,,,,,,,,,,,0.0,0.0,-3.0,NEUTRAL,,LARGE,,,,,,,,,,0.0
APARINDS,,,,,,-0.9,,,,2026-08-24,,,,,,,,,,,,0.4,,0.0,,,,,,,,,,,,,,,,,,,,,,,,,,,,,,0.0,0.0,0.0,NEUTRAL,,LARGE,,,,,,,,,,0.0
ASIANPAINT,,,,,,0.03,,,,2026-08-24,,,,,,,,,,,,0.6,,0.0,,,,,,,,,,,,,,,,,,,,,,,,,,,,,,0.0,0.0,-2.0,NEUTRAL,,MEGA,,,,,,,,,,0.0
BLS,,,,,,-10.98,,,,2026-08-24,,,,,,,,,,,,0.4,,0.9,,,,,,,,,,,,,,,,,,,,,,,,,,,,,,0.0,0.0,8.0,NEUTRAL,,MID,,,,,,,,,,0.0
BSE,,,,,,2.21,,,,2026-08-24,,,,,,,,,,,,5.2,,0.0,,,,,,,,,,,,,,,,,,,,,,,,,,,,,,0.0,-7.3,1.0,NEUTRAL,,MEGA,,,,,,,,,,0.0
BEL,,,,,,-1.21,,,,2026-08-24,,,,,,,,,,,,0.4,,0.0,,,,,,,,,,,,,,,,,,,,,,,,,,,,,,0.0,42.2,3.0,NEUTRAL,,MEGA,,,,,,,,,,0.0
BIKAJI,,,,,,-0.46,,,,2026-08-24,,,,,,,,,,,,-2.3,,-0.4,,,,,,,,,,,,,,,,,,,,,,,,,,,,,,0.0,0.0,0.0,NEUTRAL,,MID,,,,,,,,,,0.0
BLUESTARCO,,,,,,-0.52,,,,2026-08-24,,,,,,,,,,,,0.4,,0.0,,,,,,,,,,,,,,,,,,,,,,,,,,,,,,0.0,0.0,0.0,NEUTRAL,,LARGE,,,,,,,,,,0.0
BRITANNIA,,,,,,-1.01,,,,2026-08-24,,,,,,,,,,,,-2.3,,0.0,,,,,,,,,,,,,,,,,,,,,,,,,,,,,,0.0,0.0,1.0,NEUTRAL,,MEGA,,,,,,,,,,0.0
CAPLIPOINT,,,,,,-2.53,,,,2026-08-24,,,,,,,,,,,,-1.9,,0.0,,,,,,,,,,,,,,,,,,,,,,,,,,,,,,0.0,0.0,3.0,NEUTRAL,,MID,,,,,,,,,,0.0
CEMPRO,,,,,,-1.18,,,,2026-08-24,,,,,,,,,,,,0.4,,0.0,,,,,,,,,,,,,,,,,,,,,,,,,,,,,,0.0,0.0,3.0,NEUTRAL,,LARGE,,,,,,,,,,0.0
DOMS,,,,,,-0.21,,,,2026-08-24,,,,,,,,,,,,0.4,,0.1,,,,,,,,,,,,,,,,,,,,,,,,,,,,,,0.0,0.0,0.0,NEUTRAL,,MID,,,,,,,,,,0.0
DIXON,,,,,,-1.89,,,,2026-08-24,,,,,,,,,,,,1.6,,0.0,,,,,,,,,,,,,,,,,,,,,,,,,,,,,,0.0,75.8,3.0,NEUTRAL,,LARGE,,,,,,,,,,0.0
ELGIEQUIP,,,,,,-1.95,,,,2026-08-24,,,,,,,,,,,,0.4,,0.4,,,,,,,,,,,,,,,,,,,,,,,,,,,,,,0.0,0.0,3.0,NEUTRAL,,MID,,,,,,,,,,0.0
ENDURANCE,,,,,,-1.36,,,,2026-08-24,,,,,,,,,,,,-0.7,,0.0,,,,,,,,,,,,,,,,,,,,,,,,,,,,,,0.0,0.0,3.0,NEUTRAL,,LARGE,,,,,,,,,,0.0
GABRIEL,,,,,,-4.34,,,,2026-08-24,,,,,,,,,,,,-0.7,,0.0,,,,,,,,,,,,,,,,,,,,,,,,,,,,,,0.0,0.0,0.0,NEUTRAL,,LARGE,,,,,,,,,,0.0
MEDANTA,,,,,,-0.3,,,,2026-08-24,,,,,,,,,,,,-1.9,,0.0,,,,,,,,,,,,,,,,,,,,,,,,,,,,,,0.0,0.0,0.0,NEUTRAL,,LARGE,,,,,,,,,,0.0
GRANULES,,,,,,-0.33,,,,2026-08-24,,,,,,,,,,,,-1.9,,0.0,,,,,,,,,,,,,,,,,,,,,,,,,,,,,,0.0,0.0,5.0,NEUTRAL,,LARGE,,,,,,,,,,0.0
GRAVITA,,,,,,-0.76,,,,2026-08-24,,,,,,,,,,,,0.4,,0.4,,,,,,,,,,,,,,,,,,,,,,,,,,,,,,0.0,0.0,3.0,NEUTRAL,,MID,,,,,,,,,,0.0
HSCL,,,,,,1.19,,,,2026-08-24,,,,,,,,,,,,0.6,,0.0,,,,,,,,,,,,,,,,,,,,,,,,,,,,,,0.0,0.0,3.0,NEUTRAL,,LARGE,,,,,,,,,,0.0
HINDZINC,,,,,,1.53,,,,2026-08-24,,,,,,,,,,,,0.6,,0.0,,,,,,,,,,,,,,,,,,,,,,,,,,,,,,0.0,0.0,8.0,NEUTRAL,,MEGA,,,,,,,,,,0.0
INDHOTEL,,,,,,-0.15,,,,2026-08-24,,,,,,,,,,,,-0.7,,0.0,,,,,,,,,,,,,,,,,,,,,,,,,,,,,,0.0,0.0,3.0,NEUTRAL,,MEGA,,,,,,,,,,0.0
JSL,,,,,,0.15,,,,2026-08-24,,,,,,,,,,,,0.6,,0.0,,,,,,,,,,,,,,,,,,,,,,,,,,,,,,0.0,0.0,5.0,NEUTRAL,,LARGE,,,,,,,,,,0.0
KPIL,,,,,,-1.11,,,,2026-08-24,,,,,,,,,,,,0.4,,0.0,,,,,,,,,,,,,,,,,,,,,,,,,,,,,,0.0,0.0,7.0,NEUTRAL,,LARGE,,,,,,,,,,0.0
LODHA,,,,,,1.32,,,,2026-08-24,,,,,,,,,,,,2.2,,0.0,,,,,,,,,,,,,,,,,,,,,,,,,,,,,,0.0,-4.7,3.0,NEUTRAL,,MEGA,,,,,,,,,,0.0
LUPIN,,,,,,-0.63,,,,2026-08-24,,,,,,,,,,,,-1.9,,0.0,,,,,,,,,,,,,,,,,,,,,,,,,,,,,,0.0,0.0,7.0,NEUTRAL,,MEGA,,,,,,,,,,0.0
MRF,,,,,,1.28,,,,2026-08-24,,,,,,,,,,,,-0.7,,0.0,,,,,,,,,,,,,,,,,,,,,,,,,,,,,,0.0,0.0,7.0,NEUTRAL,,LARGE,,,,,,,,,,0.0
MANKIND,,,,,,-0.4,,,,2026-08-24,,,,,,,,,,,,-1.9,,0.0,,,,,,,,,,,,,,,,,,,,,,,,,,,,,,0.0,0.0,3.0,NEUTRAL,,LARGE,,,,,,,,,,0.0
MARICO,,,,,,-0.37,,,,2026-08-24,,,,,,,,,,,,-2.3,,0.0,,,,,,,,,,,,,,,,,,,,,,,,,,,,,,0.0,0.0,0.0,NEUTRAL,,MEGA,,,,,,,,,,0.0
MAXHEALTH,,,,,,-0.95,,,,2026-08-24,,,,,,,,,,,,-1.9,,0.0,,,,,,,,,,,,,,,,,,,,,,,,,,,,,,0.0,0.0,0.0,NEUTRAL,,LARGE,,,,,,,,,,0.0
MSUMI,,,,,,-1.59,,,,2026-08-24,,,,,,,,,,,,-0.7,,0.0,,,,,,,,,,,,,,,,,,,,,,,,,,,,,,0.0,0.0,1.0,NEUTRAL,,LARGE,,,,,,,,,,0.0
MPHASIS,,,,,,-0.12,,,,2026-08-24,,,,,,,,,,,,1.6,,0.0,,,,,,,,,,,,,,,,,,,,,,,,,,,,,,0.0,0.0,7.0,NEUTRAL,,LARGE,,,,,,,,,,0.0
MCX,,,,,,2.61,,,,2026-08-24,,,,,,,,,,,,5.2,,0.0,,,,,,,,,,,,,,,,,,,,,,,,,,,,,,0.0,57.0,0.0,NEUTRAL,,LARGE,,,,,,,,,,0.0
NMDC,,,,,,1.52,,,,2026-08-24,,,,,,,,,,,,0.6,,0.0,,,,,,,,,,,,,,,,,,,,,,,,,,,,,,0.0,0.0,10.0,NEUTRAL,,LARGE,,,,,,,,,,0.0
NATIONALUM,,,,,,2.24,,,,2026-08-24,,,,,,,,,,,,0.6,,0.0,,,,,,,,,,,,,,,,,,,,,,,,,,,,,,0.0,0.0,8.0,NEUTRAL,,LARGE,,,,,,,,,,0.0
NAVINFLUOR,,,,,,-0.24,,,,2026-08-24,,,,,,,,,,,,0.6,,0.0,,,,,,,,,,,,,,,,,,,,,,,,,,,,,,0.0,0.0,0.0,NEUTRAL,,LARGE,,,,,,,,,,0.0
NETWEB,,,,,,-2.62,,,,2026-08-24,,,,,,,,,,,,1.6,,0.0,,,,,,,,,,,,,,,,,,,,,,,,,,,,,,0.0,90.8,0.0,NEUTRAL,,LARGE,,,,,,,,,,0.0
OBEROIRLTY,,,,,,-0.85,,,,2026-08-24,,,,,,,,,,,,2.2,,0.0,,,,,,,,,,,,,,,,,,,,,,,,,,,,,,0.0,0.0,5.0,NEUTRAL,,LARGE,,,,,,,,,,0.0
ONGC,,,,,,0.06,,,,2026-08-24,,,,,,,,,,,,-1.5,,0.0,,,,,,,,,,,,,,,,,,,,,,,,,,,,,,0.0,0.0,13.0,NEUTRAL,,MEGA,,,,,,,,,,0.0
OFSS,,,,,,-1.76,,,,2026-08-24,,,,,,,,,,,,1.6,,0.0,,,,,,,,,,,,,,,,,,,,,,,,,,,,,,0.0,0.0,6.0,NEUTRAL,,MEGA,,,,,,,,,,0.0
PAGEIND,,,,,,0.23,,,,2026-08-24,,,,,,,,,,,,-0.7,,0.0,,,,,,,,,,,,,,,,,,,,,,,,,,,,,,0.0,0.0,-2.0,NEUTRAL,,LARGE,,,,,,,,,,0.0
PATANJALI,,,,,,0.57,,,,2026-08-24,,,,,,,,,,,,-2.3,,0.0,,,,,,,,,,,,,,,,,,,,,,,,,,,,,,0.0,0.0,5.0,NEUTRAL,,LARGE,,,,,,,,,,0.0
RRKABEL,,,,,,-1.69,,,,2026-08-24,,,,,,,,,,,,0.4,,0.0,,,,,,,,,,,,,,,,,,,,,,,,,,,,,,0.0,0.0,0.0,NEUTRAL,,LARGE,,,,,,,,,,0.0
SARDAEN,,,,,,-0.71,,,,2026-08-24,,,,,,,,,,,,0.6,,0.9,,,,,,,,,,,,,,,,,,,,,,,,,,,,,,0.0,0.0,7.0,NEUTRAL,,MID,,,,,,,,,,0.0
SOLARINDS,,,,,,0.13,,,,2026-08-24,,,,,,,,,,,,0.6,,0.0,,,,,,,,,,,,,,,,,,,,,,,,,,,,,,0.0,0.0,0.0,NEUTRAL,,MEGA,,,,,,,,,,0.0
TBOTEK,,,,,,0.41,,,,2026-08-24,,,,,,,,,,,,-0.7,,-0.4,,,,,,,,,,,,,,,,,,,,,,,,,,,,,,0.0,0.0,-3.0,NEUTRAL,,MID,,,,,,,,,,0.0
TCS,,,,,,-0.78,,,,2026-08-24,,,,,,,,,,,,1.6,,0.0,,,,,,,,,,,,,,,,,,,,,,,,,,,,,,0.0,-95.4,8.0,NEUTRAL,,MEGA,,,,,,,,,,0.0
TRENT,,,,,,-0.65,,,,2026-08-24,,,,,,,,,,,,-0.7,,0.0,,,,,,,,,,,,,,,,,,,,,,,,,,,,,,0.0,0.0,0.0,NEUTRAL,,MEGA,,,,,,,,,,0.0
UNOMINDA,,,,,,-1.08,,,,2026-08-24,,,,,,,,,,,,-0.7,,0.0,,,,,,,,,,,,,,,,,,,,,,,,,,,,,,0.0,0.0,0.0,NEUTRAL,,LARGE,,,,,,,,,,0.0
VIJAYA,,,,,,-1.46,,,,2026-08-24,,,,,,,,,,,,-1.9,,-0.3,,,,,,,,,,,,,,,,,,,,,,,,,,,,,,0.0,0.0,0.0,NEUTRAL,,MID,,,,,,,,,,0.0
ZFCVINDIA,,,,,,-0.45,,,,2026-08-24,,,,,,,,,,,,-0.7,,0.0,,,,,,,,,,,,,,,,,,,,,,,,,,,,,,0.0,0.0,6.0,NEUTRAL,,LARGE,,,,,,,,,,0.0
ZYDUSLIFE,,,,,,-1.45,,,,2026-08-24,,,,,,,,,,,,-1.9,,0.0,,,,,,,,,,,,,,,,,,,,,,,,,,,,,,0.0,0.0,7.0,NEUTRAL,,MEGA,,,,,,,,,,0.0
ECLERX,,,,,,0.39,,,,2026-08-24,,,,,,,,,,,,1.6,,0.8,,,,,,,,,,,,,,,,,,,,,,,,,,,,,,0.0,0.0,5.0,NEUTRAL,,MID,,,,,,,,,,0.0
AIAENG,,,,,,-0.21,,,,2026-08-25,,,,,,,,,,,,0.4,,0.0,,,,,,,,,,,,,,,,,,,,,,,,,,,,,,0.0,0.0,3.0,NEUTRAL,,LARGE,,,,,,,,,,0.0
AFFLE,,,,,,-1.68,,,,2026-08-25,,,,,,,,,,,,2.8,,0.0,,,,,,,,,,,,,,,,,,,,,,,,,,,,,,0.0,0.0,-3.0,NEUTRAL,,LARGE,,,,,,,,,,0.0
APARINDS,,,,,,1.77,,,,2026-08-25,,,,,,,,,,,,0.4,,-25.9,,,,,,,,,,,,,,,,,,,,,,,,,,,,,,-40.0,0.0,0.0,NEGATIVE,,LARGE,,,,,,,,,,-1.0
ASIANPAINT,,,,,,-0.04,,,,2026-08-25,,,,,,,,,,,,-0.1,,0.0,,,,,,,,,,,,,,,,,,,,,,,,,,,,,,0.0,0.0,-2.0,NEUTRAL,,MEGA,,,,,,,,,,0.0
BLS,,,,,,0.75,,,,2026-08-25,,,,,,,,,,,,0.4,,0.9,,,,,,,,,,,,,,,,,,,,,,,,,,,,,,0.0,0.0,8.0,NEUTRAL,,MID,,,,,,,,,,0.0
BSE,,,,,,-0.29,,,,2026-08-25,,,,,,,,,,,,4.9,,0.0,,,,,,,,,,,,,,,,,,,,,,,,,,,,,,0.0,12.0,1.0,NEUTRAL,,MEGA,,,,,,,,,,0.0
BEL,,,,,,1.04,,,,2026-08-25,,,,,,,,,,,,0.4,,0.0,,,,,,,,,,,,,,,,,,,,,,,,,,,,,,0.0,0.0,3.0,NEUTRAL,,MEGA,,,,,,,,,,0.0
BIKAJI,,,,,,-0.52,,,,2026-08-25,,,,,,,,,,,,-2.0,,-0.3,,,,,,,,,,,,,,,,,,,,,,,,,,,,,,0.0,0.0,0.0,NEUTRAL,,MID,,,,,,,,,,0.0
BLUESTARCO,,,,,,0.73,,,,2026-08-25,,,,,,,,,,,,0.4,,0.0,,,,,,,,,,,,,,,,,,,,,,,,,,,,,,0.0,0.0,0.0,NEUTRAL,,LARGE,,,,,,,,,,0.0
BRITANNIA,,,,,,1.35,,,,2026-08-25,,,,,,,,,,,,-2.0,,0.0,,,,,,,,,,,,,,,,,,,,,,,,,,,,,,0.0,0.0,1.0,NEUTRAL,,MEGA,,,,,,,,,,0.0
CAPLIPOINT,,,,,,-0.97,,,,2026-08-25,,,,,,,,,,,,-1.7,,0.1,,,,,,,,,,,,,,,,,,,,,,,,,,,,,,0.0,0.0,3.0,NEUTRAL,,MID,,,,,,,,,,0.0
CEMPRO,,,,,,1.47,,,,2026-08-25,,,,,,,,,,,,0.4,,0.0,,,,,,,,,,,,,,,,,,,,,,,,,,,,,,0.0,0.0,3.0,NEUTRAL,,LARGE,,,,,,,,,,0.0
DOMS,,,,,,0.48,,,,2026-08-25,,,,,,,,,,,,0.4,,0.1,,,,,,,,,,,,,,,,,,,,,,,,,,,,,,0.0,0.0,0.0,NEUTRAL,,MID,,,,,,,,,,0.0
DIXON,,,,,,2.88,,,,2026-08-25,,,,,,,,,,,,2.1,,0.0,,,,,,,,,,,,,,,,,,,,,,,,,,,,,,0.0,0.0,3.0,NEUTRAL,,LARGE,,,,,,,,,,0.0
ELGIEQUIP,,,,,,-1.88,,,,2026-08-25,,,,,,,,,,,,0.4,,0.4,,,,,,,,,,,,,,,,,,,,,,,,,,,,,,0.0,0.0,3.0,NEUTRAL,,MID,,,,,,,,,,0.0
ENDURANCE,,,,,,-0.02,,,,2026-08-25,,,,,,,,,,,,-1.3,,0.0,,,,,,,,,,,,,,,,,,,,,,,,,,,,,,0.0,0.0,3.0,NEUTRAL,,LARGE,,,,,,,,,,0.0
GABRIEL,,,,,,-0.95,,,,2026-08-25,,,,,,,,,,,,-1.3,,0.0,,,,,,,,,,,,,,,,,,,,,,,,,,,,,,0.0,0.0,0.0,NEUTRAL,,LARGE,,,,,,,,,,0.0
MEDANTA,,,,,,-0.08,,,,2026-08-25,,,,,,,,,,,,-1.7,,0.0,,,,,,,,,,,,,,,,,,,,,,,,,,,,,,0.0,0.0,0.0,NEUTRAL,,LARGE,,,,,,,,,,0.0
GRANULES,,,,,,-1.09,,,,2026-08-25,,,,,,,,,,,,-1.7,,0.0,,,,,,,,,,,,,,,,,,,,,,,,,,,,,,0.0,0.0,5.0,NEUTRAL,,LARGE,,,,,,,,,,0.0
GRAVITA,,,,,,-0.41,,,,2026-08-25,,,,,,,,,,,,0.4,,-25.6,,,,,,,,,,,,,,,,,,,,,,,,,,,,,,-40.0,0.0,3.0,NEGATIVE,,MID,,,,,,,,,,-1.0
HSCL,,,,,,-0.37,,,,2026-08-25,,,,,,,,,,,,-0.1,,0.0,,,,,,,,,,,,,,,,,,,,,,,,,,,,,,0.0,0.0,3.0,NEUTRAL,,LARGE,,,,,,,,,,0.0
HINDZINC,,,,,,-1.89,,,,2026-08-25,,,,,,,,,,,,-0.1,,0.0,,,,,,,,,,,,,,,,,,,,,,,,,,,,,,0.0,0.0,8.0,NEUTRAL,,MEGA,,,,,,,,,,0.0
INDHOTEL,,,,,,0.15,,,,2026-08-25,,,,,,,,,,,,-1.3,,0.0,,,,,,,,,,,,,,,,,,,,,,,,,,,,,,0.0,0.0,3.0,NEUTRAL,,MEGA,,,,,,,,,,0.0
JSL,,,,,,-0.14,,,,2026-08-25,,,,,,,,,,,,-0.1,,0.0,,,,,,,,,,,,,,,,,,,,,,,,,,,,,,0.0,0.0,5.0,NEUTRAL,,LARGE,,,,,,,,,,0.0
KPIL,,,,,,-0.32,,,,2026-08-25,,,,,,,,,,,,0.4,,0.0,,,,,,,,,,,,,,,,,,,,,,,,,,,,,,0.0,0.0,7.0,NEUTRAL,,LARGE,,,,,,,,,,0.0
LODHA,,,,,,1.8,,,,2026-08-25,,,,,,,,,,,,3.1,,0.0,,,,,,,,,,,,,,,,,,,,,,,,,,,,,,0.0,0.0,3.0,NEUTRAL,,MEGA,,,,,,,,,,0.0
LUPIN,,,,,,-0.57,,,,2026-08-25,,,,,,,,,,,,-1.7,,0.0,,,,,,,,,,,,,,,,,,,,,,,,,,,,,,0.0,0.0,7.0,NEUTRAL,,LARGE,,,,,,,,,,0.0
MRF,,,,,,-1.54,,,,2026-08-25,,,,,,,,,,,,-1.3,,26.6,,,,,,,,,,,,,,,,,,,,,,,,,,,,,,40.0,0.0,7.0,POSITIVE,,LARGE,,,,,,,,,,1.0
MANKIND,,,,,,-0.4,,,,2026-08-25,,,,,,,,,,,,-1.7,,0.0,,,,,,,,,,,,,,,,,,,,,,,,,,,,,,0.0,0.0,3.0,NEUTRAL,,LARGE,,,,,,,,,,0.0
MARICO,,,,,,0.17,,,,2026-08-25,,,,,,,,,,,,-2.0,,0.0,,,,,,,,,,,,,,,,,,,,,,,,,,,,,,0.0,0.0,0.0,NEUTRAL,,MEGA,,,,,,,,,,0.0
MAXHEALTH,,,,,,2.57,,,,2026-08-25,,,,,,,,,,,,-1.7,,0.0,,,,,,,,,,,,,,,,,,,,,,,,,,,,,,0.0,0.0,0.0,NEUTRAL,,LARGE,,,,,,,,,,0.0
MSUMI,,,,,,-2.46,,,,2026-08-25,,,,,,,,,,,,-1.3,,0.0,,,,,,,,,,,,,,,,,,,,,,,,,,,,,,0.0,0.0,1.0,NEUTRAL,,LARGE,,,,,,,,,,0.0
MPHASIS,,,,,,0.2,,,,2026-08-25,,,,,,,,,,,,2.1,,0.0,,,,,,,,,,,,,,,,,,,,,,,,,,,,,,0.0,0.0,7.0,NEUTRAL,,LARGE,,,,,,,,,,0.0
MCX,,,,,,0.37,,,,2026-08-25,,,,,,,,,,,,4.9,,0.0,,,,,,,,,,,,,,,,,,,,,,,,,,,,,,0.0,-91.0,0.0,NEUTRAL,,LARGE,,,,,,,,,,0.0
NMDC,,,,,,0.05,,,,2026-08-25,,,,,,,,,,,,-0.1,,0.0,,,,,,,,,,,,,,,,,,,,,,,,,,,,,,0.0,0.0,10.0,NEUTRAL,,LARGE,,,,,,,,,,0.0
NATIONALUM,,,,,,-1.36,,,,2026-08-25,,,,,,,,,,,,-0.1,,0.0,,,,,,,,,,,,,,,,,,,,,,,,,,,,,,0.0,0.0,10.0,NEUTRAL,,LARGE,,,,,,,,,,0.0
NAVINFLUOR,,,,,,0.27,,,,2026-08-25,,,,,,,,,,,,-0.1,,0.0,,,,,,,,,,,,,,,,,,,,,,,,,,,,,,0.0,0.0,0.0,NEUTRAL,,LARGE,,,,,,,,,,0.0
NETWEB,,,,,,-3.32,,,,2026-08-25,,,,,,,,,,,,2.1,,0.0,,,,,,,,,,,,,,,,,,,,,,,,,,,,,,0.0,0.0,0.0,NEUTRAL,,LARGE,,,,,,,,,,0.0
OBEROIRLTY,,,,,,0.53,,,,2026-08-25,,,,,,,,,,,,3.1,,0.0,,,,,,,,,,,,,,,,,,,,,,,,,,,,,,0.0,0.0,5.0,NEUTRAL,,LARGE,,,,,,,,,,0.0
ONGC,,,,,,-1.08,,,,2026-08-25,,,,,,,,,,,,-2.2,,0.0,,,,,,,,,,,,,,,,,,,,,,,,,,,,,,0.0,0.0,13.0,NEUTRAL,,MEGA,,,,,,,,,,0.0
OFSS,,,,,,1.83,,,,2026-08-25,,,,,,,,,,,,2.1,,-25.0,,,,,,,,,,,,,,,,,,,,,,,,,,,,,,-40.0,0.0,6.0,NEGATIVE,,MEGA,,,,,,,,,,-1.0
PAGEIND,,,,,,-0.17,,,,2026-08-25,,,,,,,,,,,,-1.3,,0.0,,,,,,,,,,,,,,,,,,,,,,,,,,,,,,0.0,0.0,-2.0,NEUTRAL,,LARGE,,,,,,,,,,0.0
PATANJALI,,,,,,0.26,,,,2026-08-25,,,,,,,,,,,,-2.0,,0.0,,,,,,,,,,,,,,,,,,,,,,,,,,,,,,0.0,0.0,5.0,NEUTRAL,,LARGE,,,,,,,,,,0.0
RRKABEL,,,,,,-2.39,,,,2026-08-25,,,,,,,,,,,,0.4,,0.0,,,,,,,,,,,,,,,,,,,,,,,,,,,,,,0.0,0.0,0.0,NEUTRAL,,LARGE,,,,,,,,,,0.0
SARDAEN,,,,,,-0.1,,,,2026-08-25,,,,,,,,,,,,-0.1,,0.8,,,,,,,,,,,,,,,,,,,,,,,,,,,,,,0.0,0.0,7.0,NEUTRAL,,MID,,,,,,,,,,0.0
SOLARINDS,,,,,,-0.63,,,,2026-08-25,,,,,,,,,,,,-0.1,,0.0,,,,,,,,,,,,,,,,,,,,,,,,,,,,,,0.0,0.0,0.0,NEUTRAL,,MEGA,,,,,,,,,,0.0
TBOTEK,,,,,,1.27,,,,2026-08-25,,,,,,,,,,,,-1.3,,-0.5,,,,,,,,,,,,,,,,,,,,,,,,,,,,,,0.0,0.0,-3.0,NEUTRAL,,MID,,,,,,,,,,0.0
TCS,,,,,,0.53,,,,2026-08-25,,,,,,,,,,,,2.1,,0.0,,,,,,,,,,,,,,,,,,,,,,,,,,,,,,0.0,-15.7,8.0,NEUTRAL,,MEGA,,,,,,,,,,0.0
TRENT,,,,,,0.86,,,,2026-08-25,,,,,,,,,,,,-1.3,,0.0,,,,,,,,,,,,,,,,,,,,,,,,,,,,,,0.0,0.0,0.0,NEUTRAL,,MEGA,,,,,,,,,,0.0
UNOMINDA,,,,,,0.17,,,,2026-08-25,,,,,,,,,,,,-1.3,,0.0,,,,,,,,,,,,,,,,,,,,,,,,,,,,,,0.0,0.0,0.0,NEUTRAL,,LARGE,,,,,,,,,,0.0
VIJAYA,,,,,,0.07,,,,2026-08-25,,,,,,,,,,,,-1.7,,-26.3,,,,,,,,,,,,,,,,,,,,,,,,,,,,,,-40.0,0.0,0.0,NEGATIVE,,MID,,,,,,,,,,-1.0
ZFCVINDIA,,,,,,-1.78,,,,2026-08-25,,,,,,,,,,,,-1.3,,0.0,,,,,,,,,,,,,,,,,,,,,,,,,,,,,,0.0,0.0,6.0,NEUTRAL,,LARGE,,,,,,,,,,0.0
ZYDUSLIFE,,,,,,1.88,,,,2026-08-25,,,,,,,,,,,,-1.7,,0.0,,,,,,,,,,,,,,,,,,,,,,,,,,,,,,0.0,0.0,7.0,NEUTRAL,,MEGA,,,,,,,,,,0.0
ECLERX,,,,,,3.11,,,,2026-08-25,,,,,,,,,,,,2.1,,0.9,,,,,,,,,,,,,,,,,,,,,,,,,,,,,,0.0,0.0,5.0,NEUTRAL,,MID,,,,,,,,,,0.0
AIAENG,,,,,,-0.75,,,,2026-08-26,,,,,,,,,,,,0.2,,0.0,,,,,,,,,,,,,,,,,,,,,,,,,,,,,,0.0,0.0,3.0,NEUTRAL,,LARGE,,,,,,,,,,0.0
AFFLE,,,,,,-1.4,,,,2026-08-26,,,,,,,,,,,,0.9,,0.0,,,,,,,,,,,,,,,,,,,,,,,,,,,,,,0.0,0.0,-3.0,NEUTRAL,,LARGE,,,,,,,,,,0.0
APARINDS,,,,,,0.36,,,,2026-08-26,,,,,,,,,,,,0.2,,-26.0,,,,,,,,,,,,,,,,,,,,,,,,,,,,,,-40.0,0.0,0.0,NEGATIVE,,LARGE,,,,,,,,,,-1.0
ASIANPAINT,,,,,,-0.5,,,,2026-08-26,,,,,,,,,,,,1.7,,0.0,,,,,,,,,,,,,,,,,,,,,,,,,,,,,,0.0,0.0,-2.0,NEUTRAL,,MEGA,,,,,,,,,,0.0
BLS,,,,,,-2.29,,,,2026-08-26,,,,,,,,,,,,0.2,,0.9,,,,,,,,,,,,,,,,,,,,,,,,,,,,,,0.0,0.0,8.0,NEUTRAL,,MID,,,,,,,,,,0.0
BSE,,,,,,0.68,,,,2026-08-26,,,,,,,,,,,,6.0,,0.0,,,,,,,,,,,,,,,,,,,,,,,,,,,,,,0.0,11.6,1.0,NEUTRAL,,MEGA,,,,,,,,,,0.0
BEL,,,,,,-1.54,,,,2026-08-26,,,,,,,,,,,,0.2,,0.0,,,,,,,,,,,,,,,,,,,,,,,,,,,,,,0.0,0.0,3.0,NEUTRAL,,MEGA,,,,,,,,,,0.0
BIKAJI,,,,,,2.05,,,,2026-08-26,,,,,,,,,,,,-2.4,,-0.4,,,,,,,,,,,,,,,,,,,,,,,,,,,,,,0.0,0.0,0.0,NEUTRAL,,MID,,,,,,,,,,0.0
BLUESTARCO,,,,,,-1.98,,,,2026-08-26,,,,,,,,,,,,0.2,,0.0,,,,,,,,,,,,,,,,,,,,,,,,,,,,,,0.0,0.0,0.0,NEUTRAL,,LARGE,,,,,,,,,,0.0
BRITANNIA,,,,,,-1.35,,,,2026-08-26,,,,,,,,,,,,-2.4,,0.0,,,,,,,,,,,,,,,,,,,,,,,,,,,,,,0.0,0.0,1.0,NEUTRAL,,MEGA,,,,,,,,,,0.0
CAPLIPOINT,,,,,,1.8,,,,2026-08-26,,,,,,,,,,,,-1.0,,0.2,,,,,,,,,,,,,,,,,,,,,,,,,,,,,,0.0,0.0,3.0,NEUTRAL,,MID,,,,,,,,,,0.0
CEMPRO,,,,,,0.56,,,,2026-08-26,,,,,,,,,,,,0.2,,0.0,,,,,,,,,,,,,,,,,,,,,,,,,,,,,,0.0,0.0,3.0,NEUTRAL,,LARGE,,,,,,,,,,0.0
DOMS,,,,,,-0.38,,,,2026-08-26,,,,,,,,,,,,0.2,,0.0,,,,,,,,,,,,,,,,,,,,,,,,,,,,,,0.0,0.0,0.0,NEUTRAL,,MID,,,,,,,,,,0.0
DIXON,,,,,,-1.7,,,,2026-08-26,,,,,,,,,,,,1.7,,0.0,,,,,,,,,,,,,,,,,,,,,,,,,,,,,,0.0,5.9,3.0,NEUTRAL,,LARGE,,,,,,,,,,0.0
ELGIEQUIP,,,,,,1.2,,,,2026-08-26,,,,,,,,,,,,0.2,,0.4,,,,,,,,,,,,,,,,,,,,,,,,,,,,,,0.0,0.0,3.0,NEUTRAL,,MID,,,,,,,,,,0.0
ENDURANCE,,,,,,-0.05,,,,2026-08-26,,,,,,,,,,,,-1.6,,0.0,,,,,,,,,,,,,,,,,,,,,,,,,,,,,,0.0,0.0,3.0,NEUTRAL,,LARGE,,,,,,,,,,0.0
GABRIEL,,,,,,-0.25,,,,2026-08-26,,,,,,,,,,,,-1.6,,0.0,,,,,,,,,,,,,,,,,,,,,,,,,,,,,,0.0,0.0,0.0,NEUTRAL,,LARGE,,,,,,,,,,0.0
MEDANTA,,,,,,3.88,,,,2026-08-26,,,,,,,,,,,,-1.0,,0.0,,,,,,,,,,,,,,,,,,,,,,,,,,,,,,0.0,0.0,0.0,NEUTRAL,,LARGE,,,,,,,,,,0.0
GRANULES,,,,,,-2.1,,,,2026-08-26,,,,,,,,,,,,-1.0,,0.0,,,,,,,,,,,,,,,,,,,,,,,,,,,,,,0.0,0.0,5.0,NEUTRAL,,LARGE,,,,,,,,,,0.0
GRAVITA,,,,,,2.22,,,,2026-08-26,,,,,,,,,,,,0.2,,0.4,,,,,,,,,,,,,,,,,,,,,,,,,,,,,,0.0,0.0,3.0,NEUTRAL,,MID,,,,,,,,,,0.0
HSCL,,,,,,0.62,,,,2026-08-26,,,,,,,,,,,,1.7,,0.0,,,,,,,,,,,,,,,,,,,,,,,,,,,,,,0.0,0.0,3.0,NEUTRAL,,LARGE,,,,,,,,,,0.0
HINDZINC,,,,,,5.72,,,,2026-08-26,,,,,,,,,,,,1.7,,0.0,,,,,,,,,,,,,,,,,,,,,,,,,,,,,,0.0,0.0,5.0,NEUTRAL,,MEGA,,,,,,,,,,0.0
INDHOTEL,,,,,,-1.23,,,,2026-08-26,,,,,,,,,,,,-1.6,,0.0,,,,,,,,,,,,,,,,,,,,,,,,,,,,,,0.0,0.0,3.0,NEUTRAL,,MEGA,,,,,,,,,,0.0
JSL,,,,,,1.65,,,,2026-08-26,,,,,,,,,,,,1.7,,0.0,,,,,,,,,,,,,,,,,,,,,,,,,,,,,,0.0,0.0,5.0,NEUTRAL,,LARGE,,,,,,,,,,0.0
KPIL,,,,,,0.5,,,,2026-08-26,,,,,,,,,,,,0.2,,0.0,,,,,,,,,,,,,,,,,,,,,,,,,,,,,,0.0,0.0,7.0,NEUTRAL,,LARGE,,,,,,,,,,0.0
LODHA,,,,,,-1.26,,,,2026-08-26,,,,,,,,,,,,1.9,,0.0,,,,,,,,,,,,,,,,,,,,,,,,,,,,,,0.0,0.0,3.0,NEUTRAL,,MEGA,,,,,,,,,,0.0
LUPIN,,,,,,0.44,,,,2026-08-26,,,,,,,,,,,,-1.0,,0.0,,,,,,,,,,,,,,,,,,,,,,,,,,,,,,0.0,0.0,7.0,NEUTRAL,,LARGE,,,,,,,,,,0.0
MRF,,,,,,0.93,,,,2026-08-26,,,,,,,,,,,,-1.6,,0.0,,,,,,,,,,,,,,,,,,,,,,,,,,,,,,0.0,0.0,7.0,NEUTRAL,,LARGE,,,,,,,,,,0.0
MANKIND,,,,,,1.21,,,,2026-08-26,,,,,,,,,,,,-1.0,,0.0,,,,,,,,,,,,,,,,,,,,,,,,,,,,,,0.0,0.0,3.0,NEUTRAL,,LARGE,,,,,,,,,,0.0
MARICO,,,,,,-1.71,,,,2026-08-26,,,,,,,,,,,,-2.4,,0.0,,,,,,,,,,,,,,,,,,,,,,,,,,,,,,0.0,0.0,0.0,NEUTRAL,,MEGA,,,,,,,,,,0.0
MAXHEALTH,,,,,,-1.08,,,,2026-08-26,,,,,,,,,,,,-1.0,,0.0,,,,,,,,,,,,,,,,,,,,,,,,,,,,,,0.0,0.0,0.0,NEUTRAL,,LARGE,,,,,,,,,,0.0
MSUMI,,,,,,2.31,,,,2026-08-26,,,,,,,,,,,,-1.6,,0.0,,,,,,,,,,,,,,,,,,,,,,,,,,,,,,0.0,0.0,1.0,NEUTRAL,,LARGE,,,,,,,,,,0.0
MPHASIS,,,,,,-1.31,,,,2026-08-26,,,,,,,,,,,,1.7,,0.0,,,,,,,,,,,,,,,,,,,,,,,,,,,,,,0.0,0.0,7.0,NEUTRAL,,LARGE,,,,,,,,,,0.0
MCX,,,,,,2.13,,,,2026-08-26,,,,,,,,,,,,6.0,,0.0,,,,,,,,,,,,,,,,,,,,,,,,,,,,,,0.0,-48.3,0.0,NEUTRAL,,LARGE,,,,,,,,,,0.0
NMDC,,,,,,2.64,,,,2026-08-26,,,,,,,,,,,,1.7,,0.0,,,,,,,,,,,,,,,,,,,,,,,,,,,,,,0.0,0.0,10.0,NEUTRAL,,LARGE,,,,,,,,,,0.0
NATIONALUM,,,,,,0.38,,,,2026-08-26,,,,,,,,,,,,1.7,,-24.8,,,,,,,,,,,,,,,,,,,,,,,,,,,,,,-40.0,0.0,8.0,NEGATIVE,,LARGE,,,,,,,,,,-1.0
NAVINFLUOR,,,,,,4.19,,,,2026-08-26,,,,,,,,,,,,1.7,,0.0,,,,,,,,,,,,,,,,,,,,,,,,,,,,,,0.0,0.0,0.0,NEUTRAL,,LARGE,,,,,,,,,,0.0
NETWEB,,,,,,-0.03,,,,2026-08-26,,,,,,,,,,,,1.7,,0.0,,,,,,,,,,,,,,,,,,,,,,,,,,,,,,0.0,0.0,0.0,NEUTRAL,,LARGE,,,,,,,,,,0.0
OBEROIRLTY,,,,,,-0.53,,,,2026-08-26,,,,,,,,,,,,1.9,,0.0,,,,,,,,,,,,,,,,,,,,,,,,,,,,,,0.0,0.0,5.0,NEUTRAL,,LARGE,,,,,,,,,,0.0
ONGC,,,,,,-0.76,,,,2026-08-26,,,,,,,,,,,,-2.7,,0.0,,,,,,,,,,,,,,,,,,,,,,,,,,,,,,0.0,-18.9,13.0,NEUTRAL,,MEGA,,,,,,,,,,0.0
OFSS,,,,,,0.61,,,,2026-08-26,,,,,,,,,,,,1.7,,0.0,,,,,,,,,,,,,,,,,,,,,,,,,,,,,,0.0,0.0,6.0,NEUTRAL,,MEGA,,,,,,,,,,0.0
PAGEIND,,,,,,-0.97,,,,2026-08-26,,,,,,,,,,,,-1.6,,0.0,,,,,,,,,,,,,,,,,,,,,,,,,,,,,,0.0,0.0,-2.0,NEUTRAL,,LARGE,,,,,,,,,,0.0
PATANJALI,,,,,,-0.78,,,,2026-08-26,,,,,,,,,,,,-2.4,,0.0,,,,,,,,,,,,,,,,,,,,,,,,,,,,,,0.0,0.0,5.0,NEUTRAL,,LARGE,,,,,,,,,,0.0
RRKABEL,,,,,,0.34,,,,2026-08-26,,,,,,,,,,,,0.2,,0.0,,,,,,,,,,,,,,,,,,,,,,,,,,,,,,0.0,0.0,0.0,NEUTRAL,,LARGE,,,,,,,,,,0.0
SARDAEN,,,,,,1.56,,,,2026-08-26,,,,,,,,,,,,1.7,,-25.0,,,,,,,,,,,,,,,,,,,,,,,,,,,,,,-40.0,0.0,7.0,NEGATIVE,,MID,,,,,,,,,,-1.0
SOLARINDS,,,,,,1.5,,,,2026-08-26,,,,,,,,,,,,1.7,,-25.7,,,,,,,,,,,,,,,,,,,,,,,,,,,,,,-40.0,0.0,0.0,NEGATIVE,,MEGA,,,,,,,,,,-1.0
TBOTEK,,,,,,-1.08,,,,2026-08-26,,,,,,,,,,,,-1.6,,-0.6,,,,,,,,,,,,,,,,,,,,,,,,,,,,,,0.0,0.0,-3.0,NEUTRAL,,MID,,,,,,,,,,0.0
TCS,,,,,,-1.14,,,,2026-08-26,,,,,,,,,,,,1.7,,0.0,,,,,,,,,,,,,,,,,,,,,,,,,,,,,,0.0,11.7,8.0,NEUTRAL,,MEGA,,,,,,,,,,0.0
TRENT,,,,,,-0.74,,,,2026-08-26,,,,,,,,,,,,-1.6,,0.0,,,,,,,,,,,,,,,,,,,,,,,,,,,,,,0.0,0.0,0.0,NEUTRAL,,MEGA,,,,,,,,,,0.0
UNOMINDA,,,,,,0.53,,,,2026-08-26,,,,,,,,,,,,-1.6,,0.0,,,,,,,,,,,,,,,,,,,,,,,,,,,,,,0.0,0.0,0.0,NEUTRAL,,LARGE,,,,,,,,,,0.0
VIJAYA,,,,,,-0.71,,,,2026-08-26,,,,,,,,,,,,-1.0,,-26.2,,,,,,,,,,,,,,,,,,,,,,,,,,,,,,-40.0,0.0,0.0,NEGATIVE,,MID,,,,,,,,,,-1.0
ZFCVINDIA,,,,,,-0.56,,,,2026-08-26,,,,,,,,,,,,-1.6,,0.0,,,,,,,,,,,,,,,,,,,,,,,,,,,,,,0.0,0.0,6.0,NEUTRAL,,LARGE,,,,,,,,,,0.0
ZYDUSLIFE,,,,,,2.27,,,,2026-08-26,,,,,,,,,,,,-1.0,,0.0,,,,,,,,,,,,,,,,,,,,,,,,,,,,,,0.0,0.0,5.0,NEUTRAL,,MEGA,,,,,,,,,,0.0
ECLERX,,,,,,3.43,,,,2026-08-26,,,,,,,,,,,,1.7,,0.6,,,,,,,,,,,,,,,,,,,,,,,,,,,,,,0.0,0.0,3.0,NEUTRAL,,MID,,,,,,,,,,0.0
AIAENG,,,,,,-0.08,,,,2026-08-27,,,,,,,,,,,,0.2,,0.0,,,,,,,,,,,,,,,,,,,,,,,,,,,,,,0.0,0.0,3.0,NEUTRAL,,LARGE,,,,,,,,,,0.0
AFFLE,,,,,,-2.16,,,,2026-08-27,,,,,,,,,,,,-1.4,,0.0,,,,,,,,,,,,,,,,,,,,,,,,,,,,,,0.0,0.0,0.0,NEUTRAL,,LARGE,,,,,,,,,,0.0
APARINDS,,,,,,4.91,,,,2026-08-27,,,,,,,,,,,,0.2,,0.0,,,,,,,,,,,,,,,,,,,,,,,,,,,,,,0.0,0.0,0.0,NEUTRAL,,LARGE,,,,,,,,,,0.0
ASIANPAINT,,,,,,0.17,,,,2026-08-27,,,,,,,,,,,,0.8,,0.0,,,,,,,,,,,,,,,,,,,,,,,,,,,,,,0.0,0.0,-2.0,NEUTRAL,,MEGA,,,,,,,,,,0.0
BLS,,,,,,0.13,,,,2026-08-27,,,,,,,,,,,,0.2,,0.9,,,,,,,,,,,,,,,,,,,,,,,,,,,,,,0.0,0.0,8.0,NEUTRAL,,MID,,,,,,,,,,0.0
BSE,,,,,,0.07,,,,2026-08-27,,,,,,,,,,,,4.4,,0.0,,,,,,,,,,,,,,,,,,,,,,,,,,,,,,0.0,6.2,1.0,NEUTRAL,,MEGA,,,,,,,,,,0.0
BEL,,,,,,1.01,,,,2026-08-27,,,,,,,,,,,,0.2,,0.0,,,,,,,,,,,,,,,,,,,,,,,,,,,,,,0.0,-0.2,3.0,NEUTRAL,,MEGA,,,,,,,,,,0.0
BIKAJI,,,,,,-0.03,,,,2026-08-27,,,,,,,,,,,,-2.3,,6.6,,,,,,,,,,,,,,,,,,,,,,,,,,,,,,0.0,17.4,0.0,NEUTRAL,,MID,,,,,,,,,,0.0
BLUESTARCO,,,,,,0.81,,,,2026-08-27,,,,,,,,,,,,0.2,,0.0,,,,,,,,,,,,,,,,,,,,,,,,,,,,,,0.0,0.0,0.0,NEUTRAL,,LARGE,,,,,,,,,,0.0
BRITANNIA,,,,,,-0.23,,,,2026-08-27,,,,,,,,,,,,-2.3,,0.0,,,,,,,,,,,,,,,,,,,,,,,,,,,,,,0.0,-56.4,1.0,NEUTRAL,,MEGA,,,,,,,,,,0.0
CAPLIPOINT,,,,,,0.97,,,,2026-08-27,,,,,,,,,,,,0.1,,0.3,,,,,,,,,,,,,,,,,,,,,,,,,,,,,,0.0,0.0,3.0,NEUTRAL,,MID,,,,,,,,,,0.0
CEMPRO,,,,,,-2.79,,,,2026-08-27,,,,,,,,,,,,0.2,,0.0,,,,,,,,,,,,,,,,,,,,,,,,,,,,,,0.0,0.0,3.0,NEUTRAL,,LARGE,,,,,,,,,,0.0
DOMS,,,,,,0.49,,,,2026-08-27,,,,,,,,,,,,0.2,,0.0,,,,,,,,,,,,,,,,,,,,,,,,,,,,,,0.0,0.0,0.0,NEUTRAL,,MID,,,,,,,,,,0.0
DIXON,,,,,,-0.16,,,,2026-08-27,,,,,,,,,,,,1.4,,0.0,,,,,,,,,,,,,,,,,,,,,,,,,,,,,,0.0,0.0,3.0,NEUTRAL,,LARGE,,,,,,,,,,0.0
ELGIEQUIP,,,,,,-2.96,,,,2026-08-27,,,,,,,,,,,,0.2,,0.4,,,,,,,,,,,,,,,,,,,,,,,,,,,,,,0.0,0.0,3.0,NEUTRAL,,MID,,,,,,,,,,0.0
ENDURANCE,,,,,,-1.38,,,,2026-08-27,,,,,,,,,,,,-1.5,,0.0,,,,,,,,,,,,,,,,,,,,,,,,,,,,,,0.0,0.0,3.0,NEUTRAL,,LARGE,,,,,,,,,,0.0
GABRIEL,,,,,,1.09,,,,2026-08-27,,,,,,,,,,,,-1.5,,0.0,,,,,,,,,,,,,,,,,,,,,,,,,,,,,,0.0,12.6,0.0,NEUTRAL,,LARGE,,,,,,,,,,0.0
MEDANTA,,,,,,3.43,,,,2026-08-27,,,,,,,,,,,,0.1,,0.0,,,,,,,,,,,,,,,,,,,,,,,,,,,,,,0.0,0.0,-2.0,NEUTRAL,,LARGE,,,,,,,,,,0.0
GRANULES,,,,,,0.5,,,,2026-08-27,,,,,,,,,,,,0.1,,0.0,,,,,,,,,,,,,,,,,,,,,,,,,,,,,,0.0,0.0,5.0,NEUTRAL,,LARGE,,,,,,,,,,0.0
GRAVITA,,,,,,-0.86,,,,2026-08-27,,,,,,,,,,,,0.2,,0.4,,,,,,,,,,,,,,,,,,,,,,,,,,,,,,0.0,0.0,3.0,NEUTRAL,,MID,,,,,,,,,,0.0
HSCL,,,,,,1.58,,,,2026-08-27,,,,,,,,,,,,0.8,,0.0,,,,,,,,,,,,,,,,,,,,,,,,,,,,,,0.0,0.0,3.0,NEUTRAL,,LARGE,,,,,,,,,,0.0
HINDZINC,,,,,,-2.62,,,,2026-08-27,,,,,,,,,,,,0.8,,0.0,,,,,,,,,,,,,,,,,,,,,,,,,,,,,,0.0,0.0,5.0,NEUTRAL,,MEGA,,,,,,,,,,0.0
INDHOTEL,,,,,,-0.35,,,,2026-08-27,,,,,,,,,,,,-1.5,,0.0,,,,,,,,,,,,,,,,,,,,,,,,,,,,,,0.0,0.0,3.0,NEUTRAL,,MEGA,,,,,,,,,,0.0
JSL,,,,,,-1.12,,,,2026-08-27,,,,,,,,,,,,0.8,,0.0,,,,,,,,,,,,,,,,,,,,,,,,,,,,,,0.0,0.0,5.0,NEUTRAL,,LARGE,,,,,,,,,,0.0
KPIL,,,,,,-0.02,,,,2026-08-27,,,,,,,,,,,,0.2,,0.0,,,,,,,,,,,,,,,,,,,,,,,,,,,,,,0.0,0.0,7.0,NEUTRAL,,LARGE,,,,,,,,,,0.0
LODHA,,,,,,-1.48,,,,2026-08-27,,,,,,,,,,,,1.1,,0.0,,,,,,,,,,,,,,,,,,,,,,,,,,,,,,0.0,0.0,3.0,NEUTRAL,,MEGA,,,,,,,,,,0.0
LUPIN,,,,,,-1.23,,,,2026-08-27,,,,,,,,,,,,0.1,,0.0,,,,,,,,,,,,,,,,,,,,,,,,,,,,,,0.0,0.0,7.0,NEUTRAL,,LARGE,,,,,,,,,,0.0
MRF,,,,,,0.06,,,,2026-08-27,,,,,,,,,,,,-1.5,,0.0,,,,,,,,,,,,,,,,,,,,,,,,,,,,,,0.0,0.0,7.0,NEUTRAL,,LARGE,,,,,,,,,,0.0
MANKIND,,,,,,0.99,,,,2026-08-27,,,,,,,,,,,,0.1,,0.0,,,,,,,,,,,,,,,,,,,,,,,,,,,,,,0.0,0.0,3.0,NEUTRAL,,LARGE,,,,,,,,,,0.0
MARICO,,,,,,0.06,,,,2026-08-27,,,,,,,,,,,,-2.3,,0.0,,,,,,,,,,,,,,,,,,,,,,,,,,,,,,0.0,0.0,0.0,NEUTRAL,,MEGA,,,,,,,,,,0.0
MAXHEALTH,,,,,,0.4,,,,2026-08-27,,,,,,,,,,,,0.1,,0.0,,,,,,,,,,,,,,,,,,,,,,,,,,,,,,0.0,0.0,0.0,NEUTRAL,,LARGE,,,,,,,,,,0.0
MSUMI,,,,,,0.66,,,,2026-08-27,,,,,,,,,,,,-1.5,,0.0,,,,,,,,,,,,,,,,,,,,,,,,,,,,,,0.0,0.0,1.0,NEUTRAL,,LARGE,,,,,,,,,,0.0
MPHASIS,,,,,,0.57,,,,2026-08-27,,,,,,,,,,,,1.4,,0.0,,,,,,,,,,,,,,,,,,,,,,,,,,,,,,0.0,0.0,7.0,NEUTRAL,,LARGE,,,,,,,,,,0.0
MCX,,,,,,-2.3,,,,2026-08-27,,,,,,,,,,,,4.4,,0.0,,,,,,,,,,,,,,,,,,,,,,,,,,,,,,0.0,3.8,0.0,NEUTRAL,,LARGE,,,,,,,,,,0.0
NMDC,,,,,,-2.82,,,,2026-08-27,,,,,,,,,,,,0.8,,0.0,,,,,,,,,,,,,,,,,,,,,,,,,,,,,,0.0,0.0,10.0,NEUTRAL,,LARGE,,,,,,,,,,0.0
NATIONALUM,,,,,,-2.5,,,,2026-08-27,,,,,,,,,,,,0.8,,0.0,,,,,,,,,,,,,,,,,,,,,,,,,,,,,,0.0,0.0,7.0,NEUTRAL,,LARGE,,,,,,,,,,0.0
NAVINFLUOR,,,,,,0.17,,,,2026-08-27,,,,,,,,,,,,0.8,,0.0,,,,,,,,,,,,,,,,,,,,,,,,,,,,,,0.0,0.0,0.0,NEUTRAL,,LARGE,,,,,,,,,,0.0
NETWEB,,,,,,0.01,,,,2026-08-27,,,,,,,,,,,,1.4,,0.0,,,,,,,,,,,,,,,,,,,,,,,,,,,,,,0.0,0.0,0.0,NEUTRAL,,LARGE,,,,,,,,,,0.0
OBEROIRLTY,,,,,,0.16,,,,2026-08-27,,,,,,,,,,,,1.1,,0.0,,,,,,,,,,,,,,,,,,,,,,,,,,,,,,0.0,0.0,5.0,NEUTRAL,,LARGE,,,,,,,,,,0.0
ONGC,,,,,,-0.09,,,,2026-08-27,,,,,,,,,,,,-2.7,,0.0,,,,,,,,,,,,,,,,,,,,,,,,,,,,,,0.0,0.0,13.0,NEUTRAL,,MEGA,,,,,,,,,,0.0
OFSS,,,,,,0.47,,,,2026-08-27,,,,,,,,,,,,1.4,,0.0,,,,,,,,,,,,,,,,,,,,,,,,,,,,,,0.0,0.0,6.0,NEUTRAL,,MEGA,,,,,,,,,,0.0
PAGEIND,,,,,,1.83,,,,2026-08-27,,,,,,,,,,,,-1.5,,0.0,,,,,,,,,,,,,,,,,,,,,,,,,,,,,,0.0,0.0,-2.0,NEUTRAL,,LARGE,,,,,,,,,,0.0
PATANJALI,,,,,,0.03,,,,2026-08-27,,,,,,,,,,,,-2.3,,0.0,,,,,,,,,,,,,,,,,,,,,,,,,,,,,,0.0,0.0,5.0,NEUTRAL,,LARGE,,,,,,,,,,0.0
RRKABEL,,,,,,0.69,,,,2026-08-27,,,,,,,,,,,,0.2,,0.0,,,,,,,,,,,,,,,,,,,,,,,,,,,,,,0.0,0.0,0.0,NEUTRAL,,LARGE,,,,,,,,,,0.0
SARDAEN,,,,,,-0.93,,,,2026-08-27,,,,,,,,,,,,0.8,,-25.1,,,,,,,,,,,,,,,,,,,,,,,,,,,,,,-40.0,0.0,7.0,NEGATIVE,,MID,,,,,,,,,,-1.0
SOLARINDS,,,,,,2.4,,,,2026-08-27,,,,,,,,,,,,0.8,,0.0,,,,,,,,,,,,,,,,,,,,,,,,,,,,,,0.0,0.0,0.0,NEUTRAL,,MEGA,,,,,,,,,,0.0
TBOTEK,,,,,,-0.58,,,,2026-08-27,,,,,,,,,,,,-1.5,,-0.6,,,,,,,,,,,,,,,,,,,,,,,,,,,,,,0.0,0.0,-3.0,NEUTRAL,,MID,,,,,,,,,,0.0
TCS,,,,,,-0.95,,,,2026-08-27,,,,,,,,,,,,1.4,,0.0,,,,,,,,,,,,,,,,,,,,,,,,,,,,,,0.0,22.6,8.0,NEUTRAL,,MEGA,,,,,,,,,,0.0
TRENT,,,,,,-1.02,,,,2026-08-27,,,,,,,,,,,,-1.5,,0.0,,,,,,,,,,,,,,,,,,,,,,,,,,,,,,0.0,0.0,0.0,NEUTRAL,,MEGA,,,,,,,,,,0.0
UNOMINDA,,,,,,1.59,,,,2026-08-27,,,,,,,,,,,,-1.5,,0.0,,,,,,,,,,,,,,,,,,,,,,,,,,,,,,0.0,0.0,0.0,NEUTRAL,,LARGE,,,,,,,,,,0.0
VIJAYA,,,,,,-0.03,,,,2026-08-27,,,,,,,,,,,,0.1,,-26.0,,,,,,,,,,,,,,,,,,,,,,,,,,,,,,-40.0,0.0,0.0,NEGATIVE,,MID,,,,,,,,,,-1.0
ZFCVINDIA,,,,,,-0.69,,,,2026-08-27,,,,,,,,,,,,-1.5,,0.0,,,,,,,,,,,,,,,,,,,,,,,,,,,,,,0.0,0.0,6.0,NEUTRAL,,LARGE,,,,,,,,,,0.0
ZYDUSLIFE,,,,,,3.41,,,,2026-08-27,,,,,,,,,,,,0.1,,0.0,,,,,,,,,,,,,,,,,,,,,,,,,,,,,,0.0,0.0,5.0,NEUTRAL,,MEGA,,,,,,,,,,0.0
ECLERX,,,,,,-0.16,,,,2026-08-27,,,,,,,,,,,,1.4,,0.6,,,,,,,,,,,,,,,,,,,,,,,,,,,,,,0.0,0.0,3.0,NEUTRAL,,MID,,,,,,,,,,0.0
AIAENG,,,,,,0.04,,,,2026-08-28,,,,,,,,,,,,0.6,,0.0,,,,,,,,,,,,,,,,,,,,,,,,,,,,,,0.0,0.0,3.0,NEUTRAL,,LARGE,,,,,,,,,,0.0
AFFLE,,,,,,-1.82,,,,2026-08-28,,,,,,,,,,,,-3.1,,0.0,,,,,,,,,,,,,,,,,,,,,,,,,,,,,,0.0,0.0,0.0,NEUTRAL,,LARGE,,,,,,,,,,0.0
APARINDS,,,,,,-0.54,,,,2026-08-28,,,,,,,,,,,,0.6,,0.0,,,,,,,,,,,,,,,,,,,,,,,,,,,,,,0.0,0.0,0.0,NEUTRAL,,LARGE,,,,,,,,,,0.0
ASIANPAINT,,,,,,-0.85,,,,2026-08-28,,,,,,,,,,,,0.8,,0.0,,,,,,,,,,,,,,,,,,,,,,,,,,,,,,0.0,0.0,-2.0,NEUTRAL,,MEGA,,,,,,,,,,0.0
BLS,,,,,,0.4,,,,2026-08-28,,,,,,,,,,,,0.6,,1.0,,,,,,,,,,,,,,,,,,,,,,,,,,,,,,0.0,0.0,8.0,NEUTRAL,,MID,,,,,,,,,,0.0
BSE,,,,,,2.31,,,,2026-08-28,,,,,,,,,,,,6.0,,0.0,,,,,,,,,,,,,,,,,,,,,,,,,,,,,,0.0,15.3,1.0,NEUTRAL,,MEGA,,,,,,,,,,0.0
BEL,,,,,,0.22,,,,2026-08-28,,,,,,,,,,,,0.6,,0.0,,,,,,,,,,,,,,,,,,,,,,,,,,,,,,0.0,0.0,3.0,NEUTRAL,,MEGA,,,,,,,,,,0.0
BIKAJI,,,,,,1.13,,,,2026-08-28,,,,,,,,,,,,-2.0,,6.6,,,,,,,,,,,,,,,,,,,,,,,,,,,,,,0.0,17.4,0.0,NEUTRAL,,MID,,,,,,,,,,0.0
BLUESTARCO,,,,,,-1.14,,,,2026-08-28,,,,,,,,,,,,0.6,,0.0,,,,,,,,,,,,,,,,,,,,,,,,,,,,,,0.0,0.0,0.0,NEUTRAL,,LARGE,,,,,,,,,,0.0
BRITANNIA,,,,,,0.2,,,,2026-08-28,,,,,,,,,,,,-2.0,,0.0,,,,,,,,,,,,,,,,,,,,,,,,,,,,,,0.0,0.0,1.0,NEUTRAL,,MEGA,,,,,,,,,,0.0
CAPLIPOINT,,,,,,-0.92,,,,2026-08-28,,,,,,,,,,,,-0.4,,0.3,,,,,,,,,,,,,,,,,,,,,,,,,,,,,,0.0,0.0,3.0,NEUTRAL,,MID,,,,,,,,,,0.0
CEMPRO,,,,,,1.35,,,,2026-08-28,,,,,,,,,,,,0.6,,0.0,,,,,,,,,,,,,,,,,,,,,,,,,,,,,,0.0,0.0,3.0,NEUTRAL,,LARGE,,,,,,,,,,0.0
DOMS,,,,,,-0.72,,,,2026-08-28,,,,,,,,,,,,0.6,,0.1,,,,,,,,,,,,,,,,,,,,,,,,,,,,,,0.0,0.0,0.0,NEUTRAL,,MID,,,,,,,,,,0.0
DIXON,,,,,,-0.41,,,,2026-08-28,,,,,,,,,,,,2.8,,0.0,,,,,,,,,,,,,,,,,,,,,,,,,,,,,,0.0,0.0,3.0,NEUTRAL,,LARGE,,,,,,,,,,0.0
ELGIEQUIP,,,,,,4.94,,,,2026-08-28,,,,,,,,,,,,0.6,,0.4,,,,,,,,,,,,,,,,,,,,,,,,,,,,,,0.0,0.0,3.0,NEUTRAL,,MID,,,,,,,,,,0.0
ENDURANCE,,,,,,-0.53,,,,2026-08-28,,,,,,,,,,,,-1.8,,0.0,,,,,,,,,,,,,,,,,,,,,,,,,,,,,,0.0,0.0,3.0,NEUTRAL,,LARGE,,,,,,,,,,0.0
GABRIEL,,,,,,0.77,,,,2026-08-28,,,,,,,,,,,,-1.8,,0.0,,,,,,,,,,,,,,,,,,,,,,,,,,,,,,0.0,0.0,0.0,NEUTRAL,,LARGE,,,,,,,,,,0.0
MEDANTA,,,,,,-2.43,,,,2026-08-28,,,,,,,,,,,,-0.4,,0.0,,,,,,,,,,,,,,,,,,,,,,,,,,,,,,0.0,0.0,-2.0,NEUTRAL,,LARGE,,,,,,,,,,0.0
GRANULES,,,,,,0.52,,,,2026-08-28,,,,,,,,,,,,-0.4,,0.0,,,,,,,,,,,,,,,,,,,,,,,,,,,,,,0.0,0.0,5.0,NEUTRAL,,LARGE,,,,,,,,,,0.0
GRAVITA,,,,,,0.07,,,,2026-08-28,,,,,,,,,,,,0.6,,0.4,,,,,,,,,,,,,,,,,,,,,,,,,,,,,,0.0,0.0,3.0,NEUTRAL,,MID,,,,,,,,,,0.0
HSCL,,,,,,-0.21,,,,2026-08-28,,,,,,,,,,,,0.8,,0.0,,,,,,,,,,,,,,,,,,,,,,,,,,,,,,0.0,0.0,3.0,NEUTRAL,,LARGE,,,,,,,,,,0.0
HINDZINC,,,,,,1.95,,,,2026-08-28,,,,,,,,,,,,0.8,,0.0,,,,,,,,,,,,,,,,,,,,,,,,,,,,,,0.0,0.0,5.0,NEUTRAL,,MEGA,,,,,,,,,,0.0
INDHOTEL,,,,,,-1.68,,,,2026-08-28,,,,,,,,,,,,-1.8,,0.0,,,,,,,,,,,,,,,,,,,,,,,,,,,,,,0.0,0.0,3.0,NEUTRAL,,MEGA,,,,,,,,,,0.0
JSL,,,,,,0.02,,,,2026-08-28,,,,,,,,,,,,0.8,,0.0,,,,,,,,,,,,,,,,,,,,,,,,,,,,,,0.0,0.0,5.0,NEUTRAL,,LARGE,,,,,,,,,,0.0
KPIL,,,,,,-0.34,,,,2026-08-28,,,,,,,,,,,,0.6,,0.0,,,,,,,,,,,,,,,,,,,,,,,,,,,,,,0.0,0.0,7.0,NEUTRAL,,LARGE,,,,,,,,,,0.0
LODHA,,,,,,2.22,,,,2026-08-28,,,,,,,,,,,,2.1,,0.0,,,,,,,,,,,,,,,,,,,,,,,,,,,,,,0.0,0.0,3.0,NEUTRAL,,MEGA,,,,,,,,,,0.0
LUPIN,,,,,,0.62,,,,2026-08-28,,,,,,,,,,,,-0.4,,0.0,,,,,,,,,,,,,,,,,,,,,,,,,,,,,,0.0,0.0,7.0,NEUTRAL,,LARGE,,,,,,,,,,0.0
MRF,,,,,,-1.14,,,,2026-08-28,,,,,,,,,,,,-1.8,,0.0,,,,,,,,,,,,,,,,,,,,,,,,,,,,,,0.0,0.0,7.0,NEUTRAL,,LARGE,,,,,,,,,,0.0
MANKIND,,,,,,-1.43,,,,2026-08-28,,,,,,,,,,,,-0.4,,0.0,,,,,,,,,,,,,,,,,,,,,,,,,,,,,,0.0,1.9,3.0,NEUTRAL,,LARGE,,,,,,,,,,0.0
MARICO,,,,,,-0.46,,,,2026-08-28,,,,,,,,,,,,-2.0,,0.0,,,,,,,,,,,,,,,,,,,,,,,,,,,,,,0.0,0.0,0.0,NEUTRAL,,MEGA,,,,,,,,,,0.0
MAXHEALTH,,,,,,0.51,,,,2026-08-28,,,,,,,,,,,,-0.4,,0.0,,,,,,,,,,,,,,,,,,,,,,,,,,,,,,0.0,0.0,0.0,NEUTRAL,,LARGE,,,,,,,,,,0.0
MSUMI,,,,,,-0.47,,,,2026-08-28,,,,,,,,,,,,-1.8,,0.0,,,,,,,,,,,,,,,,,,,,,,,,,,,,,,0.0,0.0,1.0,NEUTRAL,,LARGE,,,,,,,,,,0.0
MPHASIS,,,,,,1.72,,,,2026-08-28,,,,,,,,,,,,2.8,,0.0,,,,,,,,,,,,,,,,,,,,,,,,,,,,,,0.0,0.0,7.0,NEUTRAL,,LARGE,,,,,,,,,,0.0
MCX,,,,,,1.8,,,,2026-08-28,,,,,,,,,,,,6.0,,0.0,,,,,,,,,,,,,,,,,,,,,,,,,,,,,,0.0,0.0,0.0,NEUTRAL,,LARGE,,,,,,,,,,0.0
NMDC,,,,,,1.21,,,,2026-08-28,,,,,,,,,,,,0.8,,0.0,,,,,,,,,,,,,,,,,,,,,,,,,,,,,,0.0,62.0,10.0,NEUTRAL,,LARGE,,,,,,,,,,0.0
NATIONALUM,,,,,,1.45,,,,2026-08-28,,,,,,,,,,,,0.8,,0.0,,,,,,,,,,,,,,,,,,,,,,,,,,,,,,0.0,0.0,8.0,NEUTRAL,,LARGE,,,,,,,,,,0.0
NAVINFLUOR,,,,,,-0.58,,,,2026-08-28,,,,,,,,,,,,0.8,,0.0,,,,,,,,,,,,,,,,,,,,,,,,,,,,,,0.0,0.0,0.0,NEUTRAL,,LARGE,,,,,,,,,,0.0
NETWEB,,,,,,0.96,,,,2026-08-28,,,,,,,,,,,,2.8,,0.0,,,,,,,,,,,,,,,,,,,,,,,,,,,,,,0.0,0.0,0.0,NEUTRAL,,LARGE,,,,,,,,,,0.0
OBEROIRLTY,,,,,,-0.15,,,,2026-08-28,,,,,,,,,,,,2.1,,0.0,,,,,,,,,,,,,,,,,,,,,,,,,,,,,,0.0,0.0,5.0,NEUTRAL,,LARGE,,,,,,,,,,0.0
ONGC,,,,,,0.11,,,,2026-08-28,,,,,,,,,,,,-2.4,,0.0,,,,,,,,,,,,,,,,,,,,,,,,,,,,,,0.0,-1.6,13.0,NEUTRAL,,MEGA,,,,,,,,,,0.0
OFSS,,,,,,2.83,,,,2026-08-28,,,,,,,,,,,,2.8,,0.0,,,,,,,,,,,,,,,,,,,,,,,,,,,,,,0.0,0.0,6.0,NEUTRAL,,MEGA,,,,,,,,,,0.0
PAGEIND,,,,,,0.52,,,,2026-08-28,,,,,,,,,,,,-1.8,,0.0,,,,,,,,,,,,,,,,,,,,,,,,,,,,,,0.0,0.0,-2.0,NEUTRAL,,LARGE,,,,,,,,,,0.0
PATANJALI,,,,,,0.06,,,,2026-08-28,,,,,,,,,,,,-2.0,,0.0,,,,,,,,,,,,,,,,,,,,,,,,,,,,,,0.0,0.0,5.0,NEUTRAL,,LARGE,,,,,,,,,,0.0
RRKABEL,,,,,,2.65,,,,2026-08-28,,,,,,,,,,,,0.6,,0.0,,,,,,,,,,,,,,,,,,,,,,,,,,,,,,0.0,0.0,0.0,NEUTRAL,,LARGE,,,,,,,,,,0.0
SARDAEN,,,,,,-0.26,,,,2026-08-28,,,,,,,,,,,,0.8,,0.9,,,,,,,,,,,,,,,,,,,,,,,,,,,,,,0.0,0.0,7.0,NEUTRAL,,MID,,,,,,,,,,0.0
SOLARINDS,,,,,,-0.87,,,,2026-08-28,,,,,,,,,,,,0.8,,0.0,,,,,,,,,,,,,,,,,,,,,,,,,,,,,,0.0,0.0,0.0,NEUTRAL,,MEGA,,,,,,,,,,0.0
TBOTEK,,,,,,-0.82,,,,2026-08-28,,,,,,,,,,,,-1.8,,-26.6,,,,,,,,,,,,,,,,,,,,,,,,,,,,,,-40.0,0.0,-3.0,NEGATIVE,,MID,,,,,,,,,,-1.0
TCS,,,,,,4.16,,,,2026-08-28,,,,,,,,,,,,2.8,,0.0,,,,,,,,,,,,,,,,,,,,,,,,,,,,,,0.0,62.0,8.0,NEUTRAL,,MEGA,,,,,,,,,,0.0
TRENT,,,,,,0.68,,,,2026-08-28,,,,,,,,,,,,-1.8,,0.0,,,,,,,,,,,,,,,,,,,,,,,,,,,,,,0.0,-89.7,0.0,NEUTRAL,,MEGA,,,,,,,,,,0.0
UNOMINDA,,,,,,-0.31,,,,2026-08-28,,,,,,,,,,,,-1.8,,0.0,,,,,,,,,,,,,,,,,,,,,,,,,,,,,,0.0,0.0,0.0,NEUTRAL,,LARGE,,,,,,,,,,0.0
VIJAYA,,,,,,-1.35,,,,2026-08-28,,,,,,,,,,,,-0.4,,-26.1,,,,,,,,,,,,,,,,,,,,,,,,,,,,,,-40.0,0.0,0.0,NEGATIVE,,MID,,,,,,,,,,-1.0
ZFCVINDIA,,,,,,-0.1,,,,2026-08-28,,,,,,,,,,,,-1.8,,0.0,,,,,,,,,,,,,,,,,,,,,,,,,,,,,,0.0,0.0,6.0,NEUTRAL,,LARGE,,,,,,,,,,0.0
ZYDUSLIFE,,,,,,0.15,,,,2026-08-28,,,,,,,,,,,,-0.4,,0.0,,,,,,,,,,,,,,,,,,,,,,,,,,,,,,0.0,0.0,5.0,NEUTRAL,,MEGA,,,,,,,,,,0.0
ECLERX,,,,,,0.75,,,,2026-08-28,,,,,,,,,,,,2.8,,0.8,,,,,,,,,,,,,,,,,,,,,,,,,,,,,,0.0,0.0,3.0,NEUTRAL,,MID,,,,,,,,,,0.0
AIAENG,,,,,,0.55,,,,2026-08-31,,,,,,,,,,,,0.3,,0.0,,,,,,,,,,,,,,,,,,,,,,,,,,,,,,0.0,0.0,3.0,NEUTRAL,,LARGE,,,,,,,,,,0.0
AFFLE,,,,,,-1.38,,,,2026-08-31,,,,,,,,,,,,-4.3,,0.0,,,,,,,,,,,,,,,,,,,,,,,,,,,,,,0.0,0.0,0.0,NEUTRAL,,LARGE,,,,,,,,,,0.0
APARINDS,,,,,,-0.57,,,,2026-08-31,,,,,,,,,,,,0.3,,0.0,,,,,,,,,,,,,,,,,,,,,,,,,,,,,,0.0,0.0,0.0,NEUTRAL,,LARGE,,,,,,,,,,0.0
ASIANPAINT,,,,,,1.72,,,,2026-08-31,,,,,,,,,,,,-0.2,,0.0,,,,,,,,,,,,,,,,,,,,,,,,,,,,,,0.0,0.0,-2.0,NEUTRAL,,MEGA,,,,,,,,,,0.0
BLS,,,,,,0.64,,,,2026-08-31,,,,,,,,,,,,0.3,,0.9,,,,,,,,,,,,,,,,,,,,,,,,,,,,,,0.0,0.0,8.0,NEUTRAL,,MID,,,,,,,,,,0.0
BSE,,,,,,-3.61,,,,2026-08-31,,,,,,,,,,,,5.0,,0.0,,,,,,,,,,,,,,,,,,,,,,,,,,,,,,0.0,-1.5,1.0,NEUTRAL,,MEGA,,,,,,,,,,0.0
BEL,,,,,,0.62,,,,2026-08-31,,,,,,,,,,,,0.3,,0.0,,,,,,,,,,,,,,,,,,,,,,,,,,,,,,0.0,0.0,3.0,NEUTRAL,,MEGA,,,,,,,,,,0.0
BIKAJI,,,,,,1.12,,,,2026-08-31,,,,,,,,,,,,-2.3,,-0.4,,,,,,,,,,,,,,,,,,,,,,,,,,,,,,0.0,0.0,0.0,NEUTRAL,,MID,,,,,,,,,,0.0
BLUESTARCO,,,,,,-1.09,,,,2026-08-31,,,,,,,,,,,,0.3,,0.0,,,,,,,,,,,,,,,,,,,,,,,,,,,,,,0.0,0.0,0.0,NEUTRAL,,LARGE,,,,,,,,,,0.0
BRITANNIA,,,,,,-1.1,,,,2026-08-31,,,,,,,,,,,,-2.3,,0.0,,,,,,,,,,,,,,,,,,,,,,,,,,,,,,0.0,0.0,1.0,NEUTRAL,,MEGA,,,,,,,,,,0.0
CAPLIPOINT,,,,,,0.01,,,,2026-08-31,,,,,,,,,,,,0.5,,0.4,,,,,,,,,,,,,,,,,,,,,,,,,,,,,,0.0,0.0,3.0,NEUTRAL,,MID,,,,,,,,,,0.0
CEMPRO,,,,,,-3.35,,,,2026-08-31,,,,,,,,,,,,0.3,,0.0,,,,,,,,,,,,,,,,,,,,,,,,,,,,,,0.0,0.0,3.0,NEUTRAL,,LARGE,,,,,,,,,,0.0
DOMS,,,,,,1.53,,,,2026-08-31,,,,,,,,,,,,0.3,,0.0,,,,,,,,,,,,,,,,,,,,,,,,,,,,,,0.0,0.0,0.0,NEUTRAL,,MID,,,,,,,,,,0.0
DIXON,,,,,,1.37,,,,2026-08-31,,,,,,,,,,,,3.2,,0.0,,,,,,,,,,,,,,,,,,,,,,,,,,,,,,0.0,7.0,3.0,NEUTRAL,,LARGE,,,,,,,,,,0.0
ELGIEQUIP,,,,,,-0.24,,,,2026-08-31,,,,,,,,,,,,0.3,,0.4,,,,,,,,,,,,,,,,,,,,,,,,,,,,,,0.0,0.0,3.0,NEUTRAL,,MID,,,,,,,,,,0.0
ENDURANCE,,,,,,-1.98,,,,2026-08-31,,,,,,,,,,,,-1.1,,0.0,,,,,,,,,,,,,,,,,,,,,,,,,,,,,,0.0,0.0,3.0,NEUTRAL,,LARGE,,,,,,,,,,0.0
GABRIEL,,,,,,5.14,,,,2026-08-31,,,,,,,,,,,,-1.1,,0.0,,,,,,,,,,,,,,,,,,,,,,,,,,,,,,0.0,0.0,0.0,NEUTRAL,,LARGE,,,,,,,,,,0.0
MEDANTA,,,,,,0.51,,,,2026-08-31,,,,,,,,,,,,0.5,,0.0,,,,,,,,,,,,,,,,,,,,,,,,,,,,,,0.0,0.0,-2.0,NEUTRAL,,LARGE,,,,,,,,,,0.0
GRANULES,,,,,,-0.97,,,,2026-08-31,,,,,,,,,,,,0.5,,0.0,,,,,,,,,,,,,,,,,,,,,,,,,,,,,,0.0,0.0,5.0,NEUTRAL,,LARGE,,,,,,,,,,0.0
GRAVITA,,,,,,-1.4,,,,2026-08-31,,,,,,,,,,,,0.3,,-25.6,,,,,,,,,,,,,,,,,,,,,,,,,,,,,,-40.0,0.0,3.0,NEGATIVE,,MID,,,,,,,,,,-1.0
HSCL,,,,,,-2.04,,,,2026-08-31,,,,,,,,,,,,-0.2,,0.0,,,,,,,,,,,,,,,,,,,,,,,,,,,,,,0.0,0.0,3.0,NEUTRAL,,LARGE,,,,,,,,,,0.0
HINDZINC,,,,,,-4.27,,,,2026-08-31,,,,,,,,,,,,-0.2,,0.0,,,,,,,,,,,,,,,,,,,,,,,,,,,,,,0.0,0.0,8.0,NEUTRAL,,MEGA,,,,,,,,,,0.0
INDHOTEL,,,,,,4.46,,,,2026-08-31,,,,,,,,,,,,-1.1,,0.0,,,,,,,,,,,,,,,,,,,,,,,,,,,,,,0.0,0.0,3.0,NEUTRAL,,MEGA,,,,,,,,,,0.0
JSL,,,,,,-0.43,,,,2026-08-31,,,,,,,,,,,,-0.2,,0.0,,,,,,,,,,,,,,,,,,,,,,,,,,,,,,0.0,0.0,5.0,NEUTRAL,,LARGE,,,,,,,,,,0.0
KPIL,,,,,,1.05,,,,2026-08-31,,,,,,,,,,,,0.3,,-25.2,,,,,,,,,,,,,,,,,,,,,,,,,,,,,,-40.0,0.0,7.0,NEGATIVE,,LARGE,,,,,,,,,,-1.0
LODHA,,,,,,-5.92,,,,2026-08-31,,,,,,,,,,,,-0.8,,0.0,,,,,,,,,,,,,,,,,,,,,,,,,,,,,,0.0,0.0,3.0,NEUTRAL,,MEGA,,,,,,,,,,0.0
LUPIN,,,,,,0.78,,,,2026-08-31,,,,,,,,,,,,0.5,,0.0,,,,,,,,,,,,,,,,,,,,,,,,,,,,,,0.0,0.0,7.0,NEUTRAL,,MEGA,,,,,,,,,,0.0
MRF,,,,,,1.26,,,,2026-08-31,,,,,,,,,,,,-1.1,,0.0,,,,,,,,,,,,,,,,,,,,,,,,,,,,,,0.0,0.0,7.0,NEUTRAL,,LARGE,,,,,,,,,,0.0
MANKIND,,,,,,1.52,,,,2026-08-31,,,,,,,,,,,,0.5,,0.0,,,,,,,,,,,,,,,,,,,,,,,,,,,,,,0.0,0.0,3.0,NEUTRAL,,LARGE,,,,,,,,,,0.0
MARICO,,,,,,-1.16,,,,2026-08-31,,,,,,,,,,,,-2.3,,0.0,,,,,,,,,,,,,,,,,,,,,,,,,,,,,,0.0,0.0,0.0,NEUTRAL,,MEGA,,,,,,,,,,0.0
MAXHEALTH,,,,,,2.76,,,,2026-08-31,,,,,,,,,,,,0.5,,0.0,,,,,,,,,,,,,,,,,,,,,,,,,,,,,,0.0,0.0,0.0,NEUTRAL,,MEGA,,,,,,,,,,0.0
MSUMI,,,,,,-2.52,,,,2026-08-31,,,,,,,,,,,,-1.1,,0.0,,,,,,,,,,,,,,,,,,,,,,,,,,,,,,0.0,0.0,1.0,NEUTRAL,,LARGE,,,,,,,,,,0.0
MPHASIS,,,,,,-1.12,,,,2026-08-31,,,,,,,,,,,,3.2,,0.0,,,,,,,,,,,,,,,,,,,,,,,,,,,,,,0.0,0.0,7.0,NEUTRAL,,LARGE,,,,,,,,,,0.0
MCX,,,,,,2.04,,,,2026-08-31,,,,,,,,,,,,5.0,,0.0,,,,,,,,,,,,,,,,,,,,,,,,,,,,,,0.0,-6.3,0.0,NEUTRAL,,LARGE,,,,,,,,,,0.0
NMDC,,,,,,1.66,,,,2026-08-31,,,,,,,,,,,,-0.2,,0.0,,,,,,,,,,,,,,,,,,,,,,,,,,,,,,0.0,0.0,10.0,NEUTRAL,,LARGE,,,,,,,,,,0.0
NATIONALUM,,,,,,-3.41,,,,2026-08-31,,,,,,,,,,,,-0.2,,0.0,,,,,,,,,,,,,,,,,,,,,,,,,,,,,,0.0,-93.4,8.0,NEUTRAL,,LARGE,,,,,,,,,,0.0
NAVINFLUOR,,,,,,1.86,,,,2026-08-31,,,,,,,,,,,,-0.2,,0.0,,,,,,,,,,,,,,,,,,,,,,,,,,,,,,0.0,0.0,0.0,NEUTRAL,,LARGE,,,,,,,,,,0.0
NETWEB,,,,,,-2.52,,,,2026-08-31,,,,,,,,,,,,3.2,,0.0,,,,,,,,,,,,,,,,,,,,,,,,,,,,,,0.0,0.0,0.0,NEUTRAL,,LARGE,,,,,,,,,,0.0
OBEROIRLTY,,,,,,-0.11,,,,2026-08-31,,,,,,,,,,,,-0.8,,0.0,,,,,,,,,,,,,,,,,,,,,,,,,,,,,,0.0,0.0,5.0,NEUTRAL,,LARGE,,,,,,,,,,0.0
ONGC,,,,,,-0.19,,,,2026-08-31,,,,,,,,,,,,-2.5,,0.0,,,,,,,,,,,,,,,,,,,,,,,,,,,,,,0.0,19.6,13.0,NEUTRAL,,MEGA,,,,,,,,,,0.0
OFSS,,,,,,2.87,,,,2026-08-31,,,,,,,,,,,,3.2,,0.0,,,,,,,,,,,,,,,,,,,,,,,,,,,,,,0.0,0.0,6.0,NEUTRAL,,MEGA,,,,,,,,,,0.0
PAGEIND,,,,,,-0.51,,,,2026-08-31,,,,,,,,,,,,-1.1,,0.0,,,,,,,,,,,,,,,,,,,,,,,,,,,,,,0.0,0.0,-2.0,NEUTRAL,,LARGE,,,,,,,,,,0.0
PATANJALI,,,,,,-0.99,,,,2026-08-31,,,,,,,,,,,,-2.3,,0.0,,,,,,,,,,,,,,,,,,,,,,,,,,,,,,0.0,0.0,5.0,NEUTRAL,,LARGE,,,,,,,,,,0.0
RRKABEL,,,,,,0.8,,,,2026-08-31,,,,,,,,,,,,0.3,,0.0,,,,,,,,,,,,,,,,,,,,,,,,,,,,,,0.0,0.0,0.0,NEUTRAL,,LARGE,,,,,,,,,,0.0
SARDAEN,,,,,,-1.84,,,,2026-08-31,,,,,,,,,,,,-0.2,,0.7,,,,,,,,,,,,,,,,,,,,,,,,,,,,,,0.0,0.0,7.0,NEUTRAL,,MID,,,,,,,,,,0.0
SOLARINDS,,,,,,-1.43,,,,2026-08-31,,,,,,,,,,,,-0.2,,-26.0,,,,,,,,,,,,,,,,,,,,,,,,,,,,,,-40.0,0.0,0.0,NEGATIVE,,MEGA,,,,,,,,,,-1.0
TBOTEK,,,,,,3.71,,,,2026-08-31,,,,,,,,,,,,-1.1,,-0.5,,,,,,,,,,,,,,,,,,,,,,,,,,,,,,0.0,0.0,-3.0,NEUTRAL,,MID,,,,,,,,,,0.0
TCS,,,,,,2.45,,,,2026-08-31,,,,,,,,,,,,3.2,,0.0,,,,,,,,,,,,,,,,,,,,,,,,,,,,,,0.0,24.4,8.0,NEUTRAL,,MEGA,,,,,,,,,,0.0
TRENT,,,,,,-0.62,,,,2026-08-31,,,,,,,,,,,,-1.1,,0.0,,,,,,,,,,,,,,,,,,,,,,,,,,,,,,0.0,0.0,0.0,NEUTRAL,,MEGA,,,,,,,,,,0.0
UNOMINDA,,,,,,0.0,,,,2026-08-31,,,,,,,,,,,,-1.1,,0.0,,,,,,,,,,,,,,,,,,,,,,,,,,,,,,0.0,0.0,0.0,NEUTRAL,,LARGE,,,,,,,,,,0.0
VIJAYA,,,,,,4.54,,,,2026-08-31,,,,,,,,,,,,0.5,,0.1,,,,,,,,,,,,,,,,,,,,,,,,,,,,,,0.0,0.0,0.0,NEUTRAL,,MID,,,,,,,,,,0.0
ZFCVINDIA,,,,,,-1.3,,,,2026-08-31,,,,,,,,,,,,-1.1,,0.0,,,,,,,,,,,,,,,,,,,,,,,,,,,,,,0.0,0.0,6.0,NEUTRAL,,LARGE,,,,,,,,,,0.0
ZYDUSLIFE,,,,,,-2.49,,,,2026-08-31,,,,,,,,,,,,0.5,,0.0,,,,,,,,,,,,,,,,,,,,,,,,,,,,,,0.0,0.0,5.0,NEUTRAL,,MEGA,,,,,,,,,,0.0
ECLERX,,,,,,1.09,,,,2026-08-31,,,,,,,,,,,,3.2,,0.8,,,,,,,,,,,,,,,,,,,,,,,,,,,,,,0.0,0.0,3.0,NEUTRAL,,MID,,,,,,,,,,0.0
AIAENG,,,,,,-0.34,,,,2026-09-01,,,,,,,,,,,,-0.1,,0.0,,,,,,,,,,,,,,,,,,,,,,,,,,,,,,0.0,0.0,5.0,NEUTRAL,,LARGE,,,,,,,,,,0.0
AFFLE,,,,,,-2.05,,,,2026-09-01,,,,,,,,,,,,-6.3,,0.0,,,,,,,,,,,,,,,,,,,,,,,,,,,,,,0.0,0.0,0.0,NEUTRAL,,LARGE,,,,,,,,,,0.0
APARINDS,,,,,,-1.71,,,,2026-09-01,,,,,,,,,,,,-0.1,,0.0,,,,,,,,,,,,,,,,,,,,,,,,,,,,,,0.0,0.0,0.0,NEUTRAL,,LARGE,,,,,,,,,,0.0
ASIANPAINT,,,,,,-2.94,,,,2026-09-01,,,,,,,,,,,,-0.5,,0.0,,,,,,,,,,,,,,,,,,,,,,,,,,,,,,0.0,0.0,-2.0,NEUTRAL,,MEGA,,,,,,,,,,0.0
BLS,,,,,,-0.99,,,,2026-09-01,,,,,,,,,,,,-0.1,,0.9,,,,,,,,,,,,,,,,,,,,,,,,,,,,,,0.0,0.0,8.0,NEUTRAL,,MID,,,,,,,,,,0.0
BSE,,,,,,-1.22,,,,2026-09-01,,,,,,,,,,,,2.4,,0.0,,,,,,,,,,,,,,,,,,,,,,,,,,,,,,0.0,-25.1,1.0,NEUTRAL,,MEGA,,,,,,,,,,0.0
BEL,,,,,,-0.78,,,,2026-09-01,,,,,,,,,,,,-0.1,,0.0,,,,,,,,,,,,,,,,,,,,,,,,,,,,,,0.0,0.0,3.0,NEUTRAL,,MEGA,,,,,,,,,,0.0
BIKAJI,,,,,,-4.38,,,,2026-09-01,,,,,,,,,,,,-2.9,,-0.5,,,,,,,,,,,,,,,,,,,,,,,,,,,,,,0.0,0.0,0.0,NEUTRAL,,MID,,,,,,,,,,0.0
BLUESTARCO,,,,,,1.85,,,,2026-09-01,,,,,,,,,,,,-0.1,,0.0,,,,,,,,,,,,,,,,,,,,,,,,,,,,,,0.0,0.0,0.0,NEUTRAL,,LARGE,,,,,,,,,,0.0
BRITANNIA,,,,,,-1.2,,,,2026-09-01,,,,,,,,,,,,-2.9,,0.0,,,,,,,,,,,,,,,,,,,,,,,,,,,,,,0.0,-1.7,1.0,NEUTRAL,,MEGA,,,,,,,,,,0.0
CAPLIPOINT,,,,,,7.7,,,,2026-09-01,,,,,,,,,,,,0.3,,0.0,,,,,,,,,,,,,,,,,,,,,,,,,,,,,,0.0,0.0,3.0,NEUTRAL,,LARGE,,,,,,,,,,0.0
CEMPRO,,,,,,1.51,,,,2026-09-01,,,,,,,,,,,,-0.1,,0.0,,,,,,,,,,,,,,,,,,,,,,,,,,,,,,0.0,0.0,3.0,NEUTRAL,,LARGE,,,,,,,,,,0.0
DOMS,,,,,,-0.16,,,,2026-09-01,,,,,,,,,,,,-0.1,,-0.0,,,,,,,,,,,,,,,,,,,,,,,,,,,,,,0.0,0.0,0.0,NEUTRAL,,MID,,,,,,,,,,0.0
DIXON,,,,,,-2.62,,,,2026-09-01,,,,,,,,,,,,2.1,,0.0,,,,,,,,,,,,,,,,,,,,,,,,,,,,,,0.0,0.0,3.0,NEUTRAL,,LARGE,,,,,,,,,,0.0
ELGIEQUIP,,,,,,0.25,,,,2026-09-01,,,,,,,,,,,,-0.1,,-25.7,,,,,,,,,,,,,,,,,,,,,,,,,,,,,,-40.0,0.0,3.0,NEGATIVE,,MID,,,,,,,,,,-1.0
ENDURANCE,,,,,,-1.03,,,,2026-09-01,,,,,,,,,,,,-1.8,,0.0,,,,,,,,,,,,,,,,,,,,,,,,,,,,,,0.0,0.0,3.0,NEUTRAL,,LARGE,,,,,,,,,,0.0
GABRIEL,,,,,,-0.81,,,,2026-09-01,,,,,,,,,,,,-1.8,,0.0,,,,,,,,,,,,,,,,,,,,,,,,,,,,,,0.0,0.0,0.0,NEUTRAL,,LARGE,,,,,,,,,,0.0
MEDANTA,,,,,,-1.46,,,,2026-09-01,,,,,,,,,,,,0.3,,0.0,,,,,,,,,,,,,,,,,,,,,,,,,,,,,,0.0,0.0,-2.0,NEUTRAL,,LARGE,,,,,,,,,,0.0
GRANULES,,,,,,1.05,,,,2026-09-01,,,,,,,,,,,,0.3,,0.0,,,,,,,,,,,,,,,,,,,,,,,,,,,,,,0.0,0.0,5.0,NEUTRAL,,LARGE,,,,,,,,,,0.0
GRAVITA,,,,,,-1.02,,,,2026-09-01,,,,,,,,,,,,-0.1,,-25.7,,,,,,,,,,,,,,,,,,,,,,,,,,,,,,-40.0,0.0,3.0,NEGATIVE,,MID,,,,,,,,,,-1.0
HSCL,,,,,,3.28,,,,2026-09-01,,,,,,,,,,,,-0.5,,0.0,,,,,,,,,,,,,,,,,,,,,,,,,,,,,,0.0,0.0,3.0,NEUTRAL,,LARGE,,,,,,,,,,0.0
HINDZINC,,,,,,0.26,,,,2026-09-01,,,,,,,,,,,,-0.5,,0.0,,,,,,,,,,,,,,,,,,,,,,,,,,,,,,0.0,0.0,8.0,NEUTRAL,,MEGA,,,,,,,,,,0.0
INDHOTEL,,,,,,-2.7,,,,2026-09-01,,,,,,,,,,,,-1.8,,0.0,,,,,,,,,,,,,,,,,,,,,,,,,,,,,,0.0,0.0,3.0,NEUTRAL,,MEGA,,,,,,,,,,0.0
JSL,,,,,,4.54,,,,2026-09-01,,,,,,,,,,,,-0.5,,0.0,,,,,,,,,,,,,,,,,,,,,,,,,,,,,,0.0,0.0,5.0,NEUTRAL,,LARGE,,,,,,,,,,0.0
KPIL,,,,,,0.54,,,,2026-09-01,,,,,,,,,,,,-0.1,,0.0,,,,,,,,,,,,,,,,,,,,,,,,,,,,,,0.0,0.0,7.0,NEUTRAL,,LARGE,,,,,,,,,,0.0
LODHA,,,,,,-0.39,,,,2026-09-01,,,,,,,,,,,,-0.6,,0.0,,,,,,,,,,,,,,,,,,,,,,,,,,,,,,0.0,0.0,3.0,NEUTRAL,,MEGA,,,,,,,,,,0.0
LUPIN,,,,,,-1.62,,,,2026-09-01,,,,,,,,,,,,0.3,,0.0,,,,,,,,,,,,,,,,,,,,,,,,,,,,,,0.0,0.0,7.0,NEUTRAL,,LARGE,,,,,,,,,,0.0
MRF,,,,,,-1.05,,,,2026-09-01,,,,,,,,,,,,-1.8,,0.0,,,,,,,,,,,,,,,,,,,,,,,,,,,,,,0.0,0.0,7.0,NEUTRAL,,LARGE,,,,,,,,,,0.0
MANKIND,,,,,,-2.59,,,,2026-09-01,,,,,,,,,,,,0.3,,0.0,,,,,,,,,,,,,,,,,,,,,,,,,,,,,,0.0,4.8,3.0,NEUTRAL,,LARGE,,,,,,,,,,0.0
MARICO,,,,,,2.21,,,,2026-09-01,,,,,,,,,,,,-2.9,,0.0,,,,,,,,,,,,,,,,,,,,,,,,,,,,,,0.0,0.0,0.0,NEUTRAL,,MEGA,,,,,,,,,,0.0
MAXHEALTH,,,,,,-3.75,,,,2026-09-01,,,,,,,,,,,,0.3,,26.0,,,,,,,,,,,,,,,,,,,,,,,,,,,,,,40.0,0.0,0.0,POSITIVE,,LARGE,,,,,,,,,,1.0
MSUMI,,,,,,0.87,,,,2026-09-01,,,,,,,,,,,,-1.8,,0.0,,,,,,,,,,,,,,,,,,,,,,,,,,,,,,0.0,0.0,1.0,NEUTRAL,,LARGE,,,,,,,,,,0.0
MPHASIS,,,,,,3.22,,,,2026-09-01,,,,,,,,,,,,2.1,,0.0,,,,,,,,,,,,,,,,,,,,,,,,,,,,,,0.0,0.0,5.0,NEUTRAL,,LARGE,,,,,,,,,,0.0
MCX,,,,,,-2.85,,,,2026-09-01,,,,,,,,,,,,2.4,,0.0,,,,,,,,,,,,,,,,,,,,,,,,,,,,,,0.0,0.0,0.0,NEUTRAL,,LARGE,,,,,,,,,,0.0
NMDC,,,,,,-2.85,,,,2026-09-01,,,,,,,,,,,,-0.5,,0.0,,,,,,,,,,,,,,,,,,,,,,,,,,,,,,0.0,0.0,10.0,NEUTRAL,,LARGE,,,,,,,,,,0.0
NATIONALUM,,,,,,-2.49,,,,2026-09-01,,,,,,,,,,,,-0.5,,0.0,,,,,,,,,,,,,,,,,,,,,,,,,,,,,,0.0,0.0,8.0,NEUTRAL,,LARGE,,,,,,,,,,0.0
NAVINFLUOR,,,,,,-0.46,,,,2026-09-01,,,,,,,,,,,,-0.5,,0.0,,,,,,,,,,,,,,,,,,,,,,,,,,,,,,0.0,0.0,0.0,NEUTRAL,,LARGE,,,,,,,,,,0.0
NETWEB,,,,,,-1.0,,,,2026-09-01,,,,,,,,,,,,2.1,,0.0,,,,,,,,,,,,,,,,,,,,,,,,,,,,,,0.0,0.0,0.0,NEUTRAL,,LARGE,,,,,,,,,,0.0
OBEROIRLTY,,,,,,0.68,,,,2026-09-01,,,,,,,,,,,,-0.6,,0.0,,,,,,,,,,,,,,,,,,,,,,,,,,,,,,0.0,0.0,5.0,NEUTRAL,,LARGE,,,,,,,,,,0.0
ONGC,,,,,,2.01,,,,2026-09-01,,,,,,,,,,,,-0.4,,0.0,,,,,,,,,,,,,,,,,,,,,,,,,,,,,,0.0,15.8,13.0,NEUTRAL,,MEGA,,,,,,,,,,0.0
OFSS,,,,,,-2.81,,,,2026-09-01,,,,,,,,,,,,2.1,,0.0,,,,,,,,,,,,,,,,,,,,,,,,,,,,,,0.0,0.0,6.0,NEUTRAL,,MEGA,,,,,,,,,,0.0
PAGEIND,,,,,,-0.35,,,,2026-09-01,,,,,,,,,,,,-1.8,,0.0,,,,,,,,,,,,,,,,,,,,,,,,,,,,,,0.0,0.0,-2.0,NEUTRAL,,LARGE,,,,,,,,,,0.0
PATANJALI,,,,,,0.23,,,,2026-09-01,,,,,,,,,,,,-2.9,,0.0,,,,,,,,,,,,,,,,,,,,,,,,,,,,,,0.0,0.0,5.0,NEUTRAL,,LARGE,,,,,,,,,,0.0
RRKABEL,,,,,,-2.0,,,,2026-09-01,,,,,,,,,,,,-0.1,,0.0,,,,,,,,,,,,,,,,,,,,,,,,,,,,,,0.0,0.0,0.0,NEUTRAL,,LARGE,,,,,,,,,,0.0
SARDAEN,,,,,,-0.37,,,,2026-09-01,,,,,,,,,,,,-0.5,,0.7,,,,,,,,,,,,,,,,,,,,,,,,,,,,,,0.0,0.0,7.0,NEUTRAL,,MID,,,,,,,,,,0.0
SOLARINDS,,,,,,-0.24,,,,2026-09-01,,,,,,,,,,,,-0.5,,0.0,,,,,,,,,,,,,,,,,,,,,,,,,,,,,,0.0,0.0,0.0,NEUTRAL,,MEGA,,,,,,,,,,0.0
TBOTEK,,,,,,-1.3,,,,2026-09-01,,,,,,,,,,,,-1.8,,-0.6,,,,,,,,,,,,,,,,,,,,,,,,,,,,,,0.0,0.0,-3.0,NEUTRAL,,MID,,,,,,,,,,0.0
TCS,,,,,,-1.26,,,,2026-09-01,,,,,,,,,,,,2.1,,0.0,,,,,,,,,,,,,,,,,,,,,,,,,,,,,,0.0,-2.0,8.0,NEUTRAL,,MEGA,,,,,,,,,,0.0
TRENT,,,,,,-0.86,,,,2026-09-01,,,,,,,,,,,,-1.8,,0.0,,,,,,,,,,,,,,,,,,,,,,,,,,,,,,0.0,0.0,0.0,NEUTRAL,,MEGA,,,,,,,,,,0.0
UNOMINDA,,,,,,-0.13,,,,2026-09-01,,,,,,,,,,,,-1.8,,0.0,,,,,,,,,,,,,,,,,,,,,,,,,,,,,,0.0,0.0,0.0,NEUTRAL,,LARGE,,,,,,,,,,0.0
VIJAYA,,,,,,-1.28,,,,2026-09-01,,,,,,,,,,,,0.3,,0.0,,,,,,,,,,,,,,,,,,,,,,,,,,,,,,0.0,0.0,0.0,NEUTRAL,,MID,,,,,,,,,,0.0
ZFCVINDIA,,,,,,0.52,,,,2026-09-01,,,,,,,,,,,,-1.8,,0.0,,,,,,,,,,,,,,,,,,,,,,,,,,,,,,0.0,0.0,6.0,NEUTRAL,,LARGE,,,,,,,,,,0.0
ZYDUSLIFE,,,,,,0.56,,,,2026-09-01,,,,,,,,,,,,0.3,,0.0,,,,,,,,,,,,,,,,,,,,,,,,,,,,,,0.0,0.0,5.0,NEUTRAL,,MEGA,,,,,,,,,,0.0
ECLERX,,,,,,-0.16,,,,2026-09-01,,,,,,,,,,,,2.1,,0.7,,,,,,,,,,,,,,,,,,,,,,,,,,,,,,0.0,0.0,3.0,NEUTRAL,,MID,,,,,,,,,,0.0
AIAENG,,,,,,2.71,,,,2026-09-03,,,,,,,,,,,,-0.9,,0.0,,,,,,,,,,,,,,,,,,,,,,,,,,,,,,0.0,0.0,3.0,NEUTRAL,,LARGE,,,,,,,,,,0.0
AFFLE,,,,,,0.09,,,,2026-09-03,,,,,,,,,,,,-8.2,,0.0,,,,,,,,,,,,,,,,,,,,,,,,,,,,,,0.0,0.0,0.0,NEUTRAL,,LARGE,,,,,,,,,,0.0
APARINDS,,,,,,5.3,,,,2026-09-03,,,,,,,,,,,,-0.9,,0.0,,,,,,,,,,,,,,,,,,,,,,,,,,,,,,0.0,0.0,0.0,NEUTRAL,,LARGE,,,,,,,,,,0.0
ASIANPAINT,,,,,,0.56,,,,2026-09-03,,,,,,,,,,,,-0.2,,0.0,,,,,,,,,,,,,,,,,,,,,,,,,,,,,,0.0,0.0,-2.0,NEUTRAL,,MEGA,,,,,,,,,,0.0
BLS,,,,,,2.1,,,,2026-09-03,,,,,,,,,,,,-0.9,,0.7,,,,,,,,,,,,,,,,,,,,,,,,,,,,,,0.0,0.0,8.0,NEUTRAL,,MID,,,,,,,,,,0.0
BSE,,,,,,4.36,,,,2026-09-03,,,,,,,,,,,,0.7,,0.0,,,,,,,,,,,,,,,,,,,,,,,,,,,,,,0.0,39.2,1.0,NEUTRAL,,MEGA,,,,,,,,,,0.0
BEL,,,,,,0.7,,,,2026-09-03,,,,,,,,,,,,-0.9,,0.0,,,,,,,,,,,,,,,,,,,,,,,,,,,,,,0.0,0.0,3.0,NEUTRAL,,MEGA,,,,,,,,,,0.0
BIKAJI,,,,,,-0.52,,,,2026-09-03,,,,,,,,,,,,-3.5,,25.4,,,,,,,,,,,,,,,,,,,,,,,,,,,,,,40.0,0.0,0.0,POSITIVE,,MID,,,,,,,,,,1.0
BLUESTARCO,,,,,,2.8,,,,2026-09-03,,,,,,,,,,,,-0.9,,0.0,,,,,,,,,,,,,,,,,,,,,,,,,,,,,,0.0,0.0,0.0,NEUTRAL,,LARGE,,,,,,,,,,0.0
BRITANNIA,,,,,,-0.47,,,,2026-09-03,,,,,,,,,,,,-3.5,,0.0,,,,,,,,,,,,,,,,,,,,,,,,,,,,,,0.0,-1.7,1.0,NEUTRAL,,MEGA,,,,,,,,,,0.0
CAPLIPOINT,,,,,,4.58,,,,2026-09-03,,,,,,,,,,,,0.5,,0.0,,,,,,,,,,,,,,,,,,,,,,,,,,,,,,0.0,0.0,3.0,NEUTRAL,,LARGE,,,,,,,,,,0.0
CEMPRO,,,,,,4.94,,,,2026-09-03,,,,,,,,,,,,-0.9,,0.0,,,,,,,,,,,,,,,,,,,,,,,,,,,,,,0.0,0.0,3.0,NEUTRAL,,LARGE,,,,,,,,,,0.0
DOMS,,,,,,0.06,,,,2026-09-03,,,,,,,,,,,,-0.9,,-0.1,,,,,,,,,,,,,,,,,,,,,,,,,,,,,,0.0,0.0,0.0,NEUTRAL,,MID,,,,,,,,,,0.0
DIXON,,,,,,-0.99,,,,2026-09-03,,,,,,,,,,,,1.5,,0.0,,,,,,,,,,,,,,,,,,,,,,,,,,,,,,0.0,0.0,3.0,NEUTRAL,,LARGE,,,,,,,,,,0.0
ELGIEQUIP,,,,,,2.21,,,,2026-09-03,,,,,,,,,,,,-0.9,,-25.8,,,,,,,,,,,,,,,,,,,,,,,,,,,,,,-40.0,0.0,3.0,NEGATIVE,,MID,,,,,,,,,,-1.0
ENDURANCE,,,,,,-0.04,,,,2026-09-03,,,,,,,,,,,,-2.5,,0.0,,,,,,,,,,,,,,,,,,,,,,,,,,,,,,0.0,0.0,3.0,NEUTRAL,,LARGE,,,,,,,,,,0.0
GABRIEL,,,,,,-2.82,,,,2026-09-03,,,,,,,,,,,,-2.5,,0.0,,,,,,,,,,,,,,,,,,,,,,,,,,,,,,0.0,0.0,0.0,NEUTRAL,,LARGE,,,,,,,,,,0.0
MEDANTA,,,,,,-1.91,,,,2026-09-03,,,,,,,,,,,,0.5,,0.0,,,,,,,,,,,,,,,,,,,,,,,,,,,,,,0.0,0.0,-2.0,NEUTRAL,,LARGE,,,,,,,,,,0.0
GRANULES,,,,,,2.66,,,,2026-09-03,,,,,,,,,,,,0.5,,0.0,,,,,,,,,,,,,,,,,,,,,,,,,,,,,,0.0,0.0,5.0,NEUTRAL,,LARGE,,,,,,,,,,0.0
GRAVITA,,,,,,-3.68,,,,2026-09-03,,,,,,,,,,,,-0.9,,0.4,,,,,,,,,,,,,,,,,,,,,,,,,,,,,,0.0,0.0,5.0,NEUTRAL,,MID,,,,,,,,,,0.0
HSCL,,,,,,0.36,,,,2026-09-03,,,,,,,,,,,,-0.2,,0.0,,,,,,,,,,,,,,,,,,,,,,,,,,,,,,0.0,0.0,3.0,NEUTRAL,,LARGE,,,,,,,,,,0.0
HINDZINC,,,,,,-0.08,,,,2026-09-03,,,,,,,,,,,,-0.2,,0.0,,,,,,,,,,,,,,,,,,,,,,,,,,,,,,0.0,0.0,8.0,NEUTRAL,,MEGA,,,,,,,,,,0.0
INDHOTEL,,,,,,0.59,,,,2026-09-03,,,,,,,,,,,,-2.5,,0.0,,,,,,,,,,,,,,,,,,,,,,,,,,,,,,0.0,0.0,3.0,NEUTRAL,,MEGA,,,,,,,,,,0.0
JSL,,,,,,0.48,,,,2026-09-03,,,,,,,,,,,,-0.2,,0.0,,,,,,,,,,,,,,,,,,,,,,,,,,,,,,0.0,0.0,5.0,NEUTRAL,,LARGE,,,,,,,,,,0.0
KPIL,,,,,,0.51,,,,2026-09-03,,,,,,,,,,,,-0.9,,0.0,,,,,,,,,,,,,,,,,,,,,,,,,,,,,,0.0,0.0,7.0,NEUTRAL,,LARGE,,,,,,,,,,0.0
LODHA,,,,,,2.13,,,,2026-09-03,,,,,,,,,,,,1.6,,0.0,,,,,,,,,,,,,,,,,,,,,,,,,,,,,,0.0,0.0,3.0,NEUTRAL,,MEGA,,,,,,,,,,0.0
LUPIN,,,,,,-1.08,,,,2026-09-03,,,,,,,,,,,,0.5,,0.0,,,,,,,,,,,,,,,,,,,,,,,,,,,,,,0.0,0.0,7.0,NEUTRAL,,LARGE,,,,,,,,,,0.0
MRF,,,,,,-1.04,,,,2026-09-03,,,,,,,,,,,,-2.5,,0.0,,,,,,,,,,,,,,,,,,,,,,,,,,,,,,0.0,0.0,7.0,NEUTRAL,,LARGE,,,,,,,,,,0.0
MANKIND,,,,,,-0.95,,,,2026-09-03,,,,,,,,,,,,0.5,,0.0,,,,,,,,,,,,,,,,,,,,,,,,,,,,,,0.0,0.0,3.0,NEUTRAL,,LARGE,,,,,,,,,,0.0
MARICO,,,,,,-0.24,,,,2026-09-03,,,,,,,,,,,,-3.5,,0.0,,,,,,,,,,,,,,,,,,,,,,,,,,,,,,0.0,0.0,0.0,NEUTRAL,,MEGA,,,,,,,,,,0.0
MAXHEALTH,,,,,,0.09,,,,2026-09-03,,,,,,,,,,,,0.5,,0.0,,,,,,,,,,,,,,,,,,,,,,,,,,,,,,0.0,0.0,0.0,NEUTRAL,,LARGE,,,,,,,,,,0.0
MSUMI,,,,,,1.17,,,,2026-09-03,,,,,,,,,,,,-2.5,,0.0,,,,,,,,,,,,,,,,,,,,,,,,,,,,,,0.0,0.0,1.0,NEUTRAL,,LARGE,,,,,,,,,,0.0
MPHASIS,,,,,,-0.36,,,,2026-09-03,,,,,,,,,,,,1.5,,0.0,,,,,,,,,,,,,,,,,,,,,,,,,,,,,,0.0,0.0,7.0,NEUTRAL,,LARGE,,,,,,,,,,0.0
MCX,,,,,,-3.52,,,,2026-09-03,,,,,,,,,,,,0.7,,0.0,,,,,,,,,,,,,,,,,,,,,,,,,,,,,,0.0,-95.3,0.0,NEUTRAL,,LARGE,,,,,,,,,,0.0
NMDC,,,,,,-1.82,,,,2026-09-03,,,,,,,,,,,,-0.2,,0.0,,,,,,,,,,,,,,,,,,,,,,,,,,,,,,0.0,0.0,10.0,NEUTRAL,,LARGE,,,,,,,,,,0.0
NATIONALUM,,,,,,1.08,,,,2026-09-03,,,,,,,,,,,,-0.2,,0.0,,,,,,,,,,,,,,,,,,,,,,,,,,,,,,0.0,0.0,8.0,NEUTRAL,,LARGE,,,,,,,,,,0.0
NAVINFLUOR,,,,,,1.81,,,,2026-09-03,,,,,,,,,,,,-0.2,,0.0,,,,,,,,,,,,,,,,,,,,,,,,,,,,,,0.0,0.0,0.0,NEUTRAL,,LARGE,,,,,,,,,,0.0
NETWEB,,,,,,3.13,,,,2026-09-03,,,,,,,,,,,,1.5,,-25.8,,,,,,,,,,,,,,,,,,,,,,,,,,,,,,-40.0,0.0,0.0,NEGATIVE,,LARGE,,,,,,,,,,-1.0
OBEROIRLTY,,,,,,1.93,,,,2026-09-03,,,,,,,,,,,,1.6,,0.0,,,,,,,,,,,,,,,,,,,,,,,,,,,,,,0.0,0.0,5.0,NEUTRAL,,LARGE,,,,,,,,,,0.0
ONGC,,,,,,-0.63,,,,2026-09-03,,,,,,,,,,,,-0.4,,0.0,,,,,,,,,,,,,,,,,,,,,,,,,,,,,,0.0,0.9,13.0,NEUTRAL,,MEGA,,,,,,,,,,0.0
OFSS,,,,,,-0.07,,,,2026-09-03,,,,,,,,,,,,1.5,,0.0,,,,,,,,,,,,,,,,,,,,,,,,,,,,,,0.0,0.0,6.0,NEUTRAL,,MEGA,,,,,,,,,,0.0
PAGEIND,,,,,,-0.93,,,,2026-09-03,,,,,,,,,,,,-2.5,,0.0,,,,,,,,,,,,,,,,,,,,,,,,,,,,,,0.0,0.0,-2.0,NEUTRAL,,LARGE,,,,,,,,,,0.0
PATANJALI,,,,,,-0.61,,,,2026-09-03,,,,,,,,,,,,-3.5,,0.0,,,,,,,,,,,,,,,,,,,,,,,,,,,,,,0.0,0.0,5.0,NEUTRAL,,LARGE,,,,,,,,,,0.0
RRKABEL,,,,,,-0.48,,,,2026-09-03,,,,,,,,,,,,-0.9,,0.0,,,,,,,,,,,,,,,,,,,,,,,,,,,,,,0.0,0.0,3.0,NEUTRAL,,LARGE,,,,,,,,,,0.0
SARDAEN,,,,,,3.16,,,,2026-09-03,,,,,,,,,,,,-0.2,,-25.3,,,,,,,,,,,,,,,,,,,,,,,,,,,,,,-40.0,0.0,7.0,NEGATIVE,,MID,,,,,,,,,,-1.0
SOLARINDS,,,,,,4.37,,,,2026-09-03,,,,,,,,,,,,-0.2,,0.0,,,,,,,,,,,,,,,,,,,,,,,,,,,,,,0.0,0.0,0.0,NEUTRAL,,MEGA,,,,,,,,,,0.0
TBOTEK,,,,,,1.98,,,,2026-09-03,,,,,,,,,,,,-2.5,,-0.7,,,,,,,,,,,,,,,,,,,,,,,,,,,,,,0.0,0.0,-3.0,NEUTRAL,,MID,,,,,,,,,,0.0
TCS,,,,,,-1.19,,,,2026-09-03,,,,,,,,,,,,1.5,,0.0,,,,,,,,,,,,,,,,,,,,,,,,,,,,,,0.0,0.0,8.0,NEUTRAL,,MEGA,,,,,,,,,,0.0
TRENT,,,,,,-1.29,,,,2026-09-03,,,,,,,,,,,,-2.5,,0.0,,,,,,,,,,,,,,,,,,,,,,,,,,,,,,0.0,0.0,0.0,NEUTRAL,,MEGA,,,,,,,,,,0.0
UNOMINDA,,,,,,2.67,,,,2026-09-03,,,,,,,,,,,,-2.5,,0.0,,,,,,,,,,,,,,,,,,,,,,,,,,,,,,0.0,0.0,0.0,NEUTRAL,,LARGE,,,,,,,,,,0.0
VIJAYA,,,,,,1.65,,,,2026-09-03,,,,,,,,,,,,0.5,,0.1,,,,,,,,,,,,,,,,,,,,,,,,,,,,,,0.0,0.0,0.0,NEUTRAL,,MID,,,,,,,,,,0.0
ZFCVINDIA,,,,,,-1.84,,,,2026-09-03,,,,,,,,,,,,-2.5,,0.0,,,,,,,,,,,,,,,,,,,,,,,,,,,,,,0.0,0.0,6.0,NEUTRAL,,LARGE,,,,,,,,,,0.0
ZYDUSLIFE,,,,,,-0.97,,,,2026-09-03,,,,,,,,,,,,0.5,,0.0,,,,,,,,,,,,,,,,,,,,,,,,,,,,,,0.0,0.0,5.0,NEUTRAL,,MEGA,,,,,,,,,,0.0
ECLERX,,,,,,-1.64,,,,2026-09-03,,,,,,,,,,,,1.5,,0.6,,,,,,,,,,,,,,,,,,,,,,,,,,,,,,0.0,0.0,3.0,NEUTRAL,,MID,,,,,,,,,,0.0
AIAENG,,,,,,-0.96,,,,2026-09-04,,,,,,,,,,,,-1.8,,0.0,,,,,,,,,,,,,,,,,,,,,,,,,,,,,,0.0,0.0,3.0,NEUTRAL,,LARGE,,,,,,,,,,0.0
AFFLE,,,,,,6.4,,,,2026-09-04,,,,,,,,,,,,-2.2,,0.0,,,,,,,,,,,,,,,,,,,,,,,,,,,,,,0.0,0.0,0.0,NEUTRAL,,LARGE,,,,,,,,,,0.0
APARINDS,,,,,,-1.6,,,,2026-09-04,,,,,,,,,,,,-1.8,,0.0,,,,,,,,,,,,,,,,,,,,,,,,,,,,,,0.0,0.0,0.0,NEUTRAL,,LARGE,,,,,,,,,,0.0
ASIANPAINT,,,,,,-0.56,,,,2026-09-04,,,,,,,,,,,,-0.1,,0.0,,,,,,,,,,,,,,,,,,,,,,,,,,,,,,0.0,0.0,-2.0,NEUTRAL,,MEGA,,,,,,,,,,0.0
BLS,,,,,,-0.57,,,,2026-09-04,,,,,,,,,,,,-1.8,,0.6,,,,,,,,,,,,,,,,,,,,,,,,,,,,,,0.0,0.0,8.0,NEUTRAL,,MID,,,,,,,,,,0.0
BSE,,,,,,3.14,,,,2026-09-04,,,,,,,,,,,,3.6,,0.0,,,,,,,,,,,,,,,,,,,,,,,,,,,,,,0.0,81.5,1.0,NEUTRAL,,MEGA,,,,,,,,,,0.0
BEL,,,,,,-0.8,,,,2026-09-04,,,,,,,,,,,,-1.8,,0.0,,,,,,,,,,,,,,,,,,,,,,,,,,,,,,0.0,0.0,3.0,NEUTRAL,,MEGA,,,,,,,,,,0.0
BIKAJI,,,,,,-0.5,,,,2026-09-04,,,,,,,,,,,,-3.9,,25.4,,,,,,,,,,,,,,,,,,,,,,,,,,,,,,40.0,0.0,0.0,POSITIVE,,MID,,,,,,,,,,1.0
BLUESTARCO,,,,,,-0.11,,,,2026-09-04,,,,,,,,,,,,-1.8,,0.0,,,,,,,,,,,,,,,,,,,,,,,,,,,,,,0.0,0.0,0.0,NEUTRAL,,LARGE,,,,,,,,,,0.0
BRITANNIA,,,,,,-0.56,,,,2026-09-04,,,,,,,,,,,,-3.9,,0.0,,,,,,,,,,,,,,,,,,,,,,,,,,,,,,0.0,-1.7,1.0,NEUTRAL,,MEGA,,,,,,,,,,0.0
CAPLIPOINT,,,,,,-1.2,,,,2026-09-04,,,,,,,,,,,,-0.1,,0.0,,,,,,,,,,,,,,,,,,,,,,,,,,,,,,0.0,0.0,3.0,NEUTRAL,,LARGE,,,,,,,,,,0.0
CEMPRO,,,,,,0.04,,,,2026-09-04,,,,,,,,,,,,-1.8,,0.0,,,,,,,,,,,,,,,,,,,,,,,,,,,,,,0.0,0.0,0.0,NEUTRAL,,LARGE,,,,,,,,,,0.0
DOMS,,,,,,0.05,,,,2026-09-04,,,,,,,,,,,,-1.8,,-0.3,,,,,,,,,,,,,,,,,,,,,,,,,,,,,,0.0,0.0,0.0,NEUTRAL,,MID,,,,,,,,,,0.0
DIXON,,,,,,-1.42,,,,2026-09-04,,,,,,,,,,,,-0.2,,0.0,,,,,,,,,,,,,,,,,,,,,,,,,,,,,,0.0,0.0,3.0,NEUTRAL,,LARGE,,,,,,,,,,0.0
ELGIEQUIP,,,,,,1.86,,,,2026-09-04,,,,,,,,,,,,-1.8,,0.0,,,,,,,,,,,,,,,,,,,,,,,,,,,,,,0.0,0.0,3.0,NEUTRAL,,LARGE,,,,,,,,,,0.0
ENDURANCE,,,,,,1.02,,,,2026-09-04,,,,,,,,,,,,-2.5,,0.0,,,,,,,,,,,,,,,,,,,,,,,,,,,,,,0.0,0.0,3.0,NEUTRAL,,LARGE,,,,,,,,,,0.0
GABRIEL,,,,,,0.55,,,,2026-09-04,,,,,,,,,,,,-2.5,,0.0,,,,,,,,,,,,,,,,,,,,,,,,,,,,,,0.0,0.0,0.0,NEUTRAL,,LARGE,,,,,,,,,,0.0
MEDANTA,,,,,,3.7,,,,2026-09-04,,,,,,,,,,,,-0.1,,0.0,,,,,,,,,,,,,,,,,,,,,,,,,,,,,,0.0,0.0,0.0,NEUTRAL,,LARGE,,,,,,,,,,0.0
GRANULES,,,,,,-0.65,,,,2026-09-04,,,,,,,,,,,,-0.1,,0.0,,,,,,,,,,,,,,,,,,,,,,,,,,,,,,0.0,0.0,5.0,NEUTRAL,,LARGE,,,,,,,,,,0.0
GRAVITA,,,,,,-1.38,,,,2026-09-04,,,,,,,,,,,,-1.8,,26.3,,,,,,,,,,,,,,,,,,,,,,,,,,,,,,40.0,0.0,5.0,POSITIVE,,MID,,,,,,,,,,1.0
HSCL,,,,,,1.37,,,,2026-09-04,,,,,,,,,,,,-0.1,,0.0,,,,,,,,,,,,,,,,,,,,,,,,,,,,,,0.0,0.0,3.0,NEUTRAL,,LARGE,,,,,,,,,,0.0
HINDZINC,,,,,,2.22,,,,2026-09-04,,,,,,,,,,,,-0.1,,0.0,,,,,,,,,,,,,,,,,,,,,,,,,,,,,,0.0,0.0,8.0,NEUTRAL,,MEGA,,,,,,,,,,0.0
INDHOTEL,,,,,,-1.64,,,,2026-09-04,,,,,,,,,,,,-2.5,,0.0,,,,,,,,,,,,,,,,,,,,,,,,,,,,,,0.0,0.0,3.0,NEUTRAL,,MEGA,,,,,,,,,,0.0
JSL,,,,,,-0.07,,,,2026-09-04,,,,,,,,,,,,-0.1,,0.0,,,,,,,,,,,,,,,,,,,,,,,,,,,,,,0.0,0.0,5.0,NEUTRAL,,LARGE,,,,,,,,,,0.0
KPIL,,,,,,-0.78,,,,2026-09-04,,,,,,,,,,,,-1.8,,0.0,,,,,,,,,,,,,,,,,,,,,,,,,,,,,,0.0,0.0,7.0,NEUTRAL,,LARGE,,,,,,,,,,0.0
LODHA,,,,,,-0.97,,,,2026-09-04,,,,,,,,,,,,0.3,,0.0,,,,,,,,,,,,,,,,,,,,,,,,,,,,,,0.0,0.0,3.0,NEUTRAL,,MEGA,,,,,,,,,,0.0
LUPIN,,,,,,-1.03,,,,2026-09-04,,,,,,,,,,,,-0.1,,0.0,,,,,,,,,,,,,,,,,,,,,,,,,,,,,,0.0,0.0,4.0,NEUTRAL,,LARGE,,,,,,,,,,0.0
MRF,,,,,,-0.43,,,,2026-09-04,,,,,,,,,,,,-2.5,,0.0,,,,,,,,,,,,,,,,,,,,,,,,,,,,,,0.0,0.0,7.0,NEUTRAL,,LARGE,,,,,,,,,,0.0
MANKIND,,,,,,-1.73,,,,2026-09-04,,,,,,,,,,,,-0.1,,0.0,,,,,,,,,,,,,,,,,,,,,,,,,,,,,,0.0,0.0,3.0,NEUTRAL,,LARGE,,,,,,,,,,0.0
MARICO,,,,,,-1.48,,,,2026-09-04,,,,,,,,,,,,-3.9,,0.0,,,,,,,,,,,,,,,,,,,,,,,,,,,,,,0.0,0.0,0.0,NEUTRAL,,MEGA,,,,,,,,,,0.0
MAXHEALTH,,,,,,-1.02,,,,2026-09-04,,,,,,,,,,,,-0.1,,0.0,,,,,,,,,,,,,,,,,,,,,,,,,,,,,,0.0,0.0,-3.0,NEUTRAL,,LARGE,,,,,,,,,,0.0
MSUMI,,,,,,-1.38,,,,2026-09-04,,,,,,,,,,,,-2.5,,0.0,,,,,,,,,,,,,,,,,,,,,,,,,,,,,,0.0,0.0,1.0,NEUTRAL,,LARGE,,,,,,,,,,0.0
MPHASIS,,,,,,-1.98,,,,2026-09-04,,,,,,,,,,,,-0.2,,0.0,,,,,,,,,,,,,,,,,,,,,,,,,,,,,,0.0,0.0,7.0,NEUTRAL,,LARGE,,,,,,,,,,0.0
MCX,,,,,,3.32,,,,2026-09-04,,,,,,,,,,,,3.6,,0.0,,,,,,,,,,,,,,,,,,,,,,,,,,,,,,0.0,0.0,0.0,NEUTRAL,,LARGE,,,,,,,,,,0.0
NMDC,,,,,,0.61,,,,2026-09-04,,,,,,,,,,,,-0.1,,0.0,,,,,,,,,,,,,,,,,,,,,,,,,,,,,,0.0,0.0,10.0,NEUTRAL,,LARGE,,,,,,,,,,0.0
NATIONALUM,,,,,,0.03,,,,2026-09-04,,,,,,,,,,,,-0.1,,0.0,,,,,,,,,,,,,,,,,,,,,,,,,,,,,,0.0,0.0,8.0,NEUTRAL,,LARGE,,,,,,,,,,0.0
NAVINFLUOR,,,,,,-1.6,,,,2026-09-04,,,,,,,,,,,,-0.1,,0.0,,,,,,,,,,,,,,,,,,,,,,,,,,,,,,0.0,0.0,0.0,NEUTRAL,,LARGE,,,,,,,,,,0.0
NETWEB,,,,,,-1.46,,,,2026-09-04,,,,,,,,,,,,-0.2,,0.0,,,,,,,,,,,,,,,,,,,,,,,,,,,,,,0.0,0.0,0.0,NEUTRAL,,LARGE,,,,,,,,,,0.0
OBEROIRLTY,,,,,,-1.39,,,,2026-09-04,,,,,,,,,,,,0.3,,0.0,,,,,,,,,,,,,,,,,,,,,,,,,,,,,,0.0,0.0,5.0,NEUTRAL,,LARGE,,,,,,,,,,0.0
ONGC,,,,,,-0.57,,,,2026-09-04,,,,,,,,,,,,-0.8,,0.0,,,,,,,,,,,,,,,,,,,,,,,,,,,,,,0.0,10.8,13.0,NEUTRAL,,MEGA,,,,,,,,,,0.0
OFSS,,,,,,-0.75,,,,2026-09-04,,,,,,,,,,,,-0.2,,0.0,,,,,,,,,,,,,,,,,,,,,,,,,,,,,,0.0,0.0,6.0,NEUTRAL,,MEGA,,,,,,,,,,0.0
PAGEIND,,,,,,1.21,,,,2026-09-04,,,,,,,,,,,,-2.5,,0.0,,,,,,,,,,,,,,,,,,,,,,,,,,,,,,0.0,0.0,-2.0,NEUTRAL,,LARGE,,,,,,,,,,0.0
PATANJALI,,,,,,-0.12,,,,2026-09-04,,,,,,,,,,,,-3.9,,0.0,,,,,,,,,,,,,,,,,,,,,,,,,,,,,,0.0,0.0,5.0,NEUTRAL,,LARGE,,,,,,,,,,0.0
RRKABEL,,,,,,-6.25,,,,2026-09-04,,,,,,,,,,,,-1.8,,0.0,,,,,,,,,,,,,,,,,,,,,,,,,,,,,,0.0,0.0,3.0,NEUTRAL,,LARGE,,,,,,,,,,0.0
SARDAEN,,,,,,0.39,,,,2026-09-04,,,,,,,,,,,,-0.1,,0.8,,,,,,,,,,,,,,,,,,,,,,,,,,,,,,0.0,0.0,7.0,NEUTRAL,,MID,,,,,,,,,,0.0
SOLARINDS,,,,,,-0.26,,,,2026-09-04,,,,,,,,,,,,-0.1,,0.0,,,,,,,,,,,,,,,,,,,,,,,,,,,,,,0.0,0.0,-3.0,NEUTRAL,,MEGA,,,,,,,,,,0.0
TBOTEK,,,,,,-2.58,,,,2026-09-04,,,,,,,,,,,,-2.5,,-26.7,,,,,,,,,,,,,,,,,,,,,,,,,,,,,,-40.0,0.0,-3.0,NEGATIVE,,MID,,,,,,,,,,-1.0
TCS,,,,,,-0.69,,,,2026-09-04,,,,,,,,,,,,-0.2,,26.8,,,,,,,,,,,,,,,,,,,,,,,,,,,,,,40.0,0.0,8.0,POSITIVE,,MEGA,,,,,,,,,,1.0
TRENT,,,,,,1.33,,,,2026-09-04,,,,,,,,,,,,-2.5,,0.0,,,,,,,,,,,,,,,,,,,,,,,,,,,,,,0.0,0.0,0.0,NEUTRAL,,MEGA,,,,,,,,,,0.0
UNOMINDA,,,,,,-1.52,,,,2026-09-04,,,,,,,,,,,,-2.5,,0.0,,,,,,,,,,,,,,,,,,,,,,,,,,,,,,0.0,0.0,-3.0,NEUTRAL,,LARGE,,,,,,,,,,0.0
VIJAYA,,,,,,-0.82,,,,2026-09-04,,,,,,,,,,,,-0.1,,-0.0,,,,,,,,,,,,,,,,,,,,,,,,,,,,,,0.0,0.0,0.0,NEUTRAL,,MID,,,,,,,,,,0.0
ZFCVINDIA,,,,,,1.07,,,,2026-09-04,,,,,,,,,,,,-2.5,,0.0,,,,,,,,,,,,,,,,,,,,,,,,,,,,,,0.0,0.0,6.0,NEUTRAL,,LARGE,,,,,,,,,,0.0
ZYDUSLIFE,,,,,,-2.01,,,,2026-09-04,,,,,,,,,,,,-0.1,,0.0,,,,,,,,,,,,,,,,,,,,,,,,,,,,,,0.0,0.0,2.0,NEUTRAL,,MEGA,,,,,,,,,,0.0
ECLERX,,,,,,-3.35,,,,2026-09-04,,,,,,,,,,,,-0.2,,0.3,,,,,,,,,,,,,,,,,,,,,,,,,,,,,,0.0,0.0,3.0,NEUTRAL,,MID,,,,,,,,,,0.0
AIAENG,,,,,,-0.17,,,,2026-09-07,,,,,,,,,,,,-1.5,,0.0,,,,,,,,,,,,,,,,,,,,,,,,,,,,,,0.0,0.0,3.0,NEUTRAL,,LARGE,,,,,,,,,,0.0
AFFLE,,,,,,0.41,,,,2026-09-07,,,,,,,,,,,,-1.6,,0.0,,,,,,,,,,,,,,,,,,,,,,,,,,,,,,0.0,0.0,0.0,NEUTRAL,,LARGE,,,,,,,,,,0.0
APARINDS,,,,,,1.76,,,,2026-09-07,,,,,,,,,,,,-1.5,,0.0,,,,,,,,,,,,,,,,,,,,,,,,,,,,,,0.0,0.0,0.0,NEUTRAL,,LARGE,,,,,,,,,,0.0
ASIANPAINT,,,,,,-1.04,,,,2026-09-07,,,,,,,,,,,,-0.3,,0.0,,,,,,,,,,,,,,,,,,,,,,,,,,,,,,0.0,0.0,-2.0,NEUTRAL,,MEGA,,,,,,,,,,0.0
BLS,,,,,,0.16,,,,2026-09-07,,,,,,,,,,,,-1.5,,0.6,,,,,,,,,,,,,,,,,,,,,,,,,,,,,,0.0,0.0,8.0,NEUTRAL,,MID,,,,,,,,,,0.0
BSE,,,,,,1.07,,,,2026-09-07,,,,,,,,,,,,4.6,,0.0,,,,,,,,,,,,,,,,,,,,,,,,,,,,,,0.0,17.1,-2.0,NEUTRAL,,MEGA,,,,,,,,,,0.0
BEL,,,,,,-0.33,,,,2026-09-07,,,,,,,,,,,,-1.5,,0.0,,,,,,,,,,,,,,,,,,,,,,,,,,,,,,0.0,0.0,3.0,NEUTRAL,,MEGA,,,,,,,,,,0.0
BIKAJI,,,,,,-0.68,,,,2026-09-07,,,,,,,,,,,,-4.4,,25.3,,,,,,,,,,,,,,,,,,,,,,,,,,,,,,40.0,0.0,0.0,POSITIVE,,MID,,,,,,,,,,1.0
BLUESTARCO,,,,,,0.81,,,,2026-09-07,,,,,,,,,,,,-1.5,,0.0,,,,,,,,,,,,,,,,,,,,,,,,,,,,,,0.0,9.4,0.0,NEUTRAL,,LARGE,,,,,,,,,,0.0
BRITANNIA,,,,,,-1.16,,,,2026-09-07,,,,,,,,,,,,-4.4,,0.0,,,,,,,,,,,,,,,,,,,,,,,,,,,,,,0.0,0.0,1.0,NEUTRAL,,MEGA,,,,,,,,,,0.0
CAPLIPOINT,,,,,,0.11,,,,2026-09-07,,,,,,,,,,,,0.3,,0.0,,,,,,,,,,,,,,,,,,,,,,,,,,,,,,0.0,0.0,3.0,NEUTRAL,,LARGE,,,,,,,,,,0.0
CEMPRO,,,,,,1.5,,,,2026-09-07,,,,,,,,,,,,-1.5,,0.0,,,,,,,,,,,,,,,,,,,,,,,,,,,,,,0.0,0.0,3.0,NEUTRAL,,LARGE,,,,,,,,,,0.0
DOMS,,,,,,-0.33,,,,2026-09-07,,,,,,,,,,,,-1.5,,-0.2,,,,,,,,,,,,,,,,,,,,,,,,,,,,,,0.0,0.0,0.0,NEUTRAL,,MID,,,,,,,,,,0.0
DIXON,,,,,,-0.42,,,,2026-09-07,,,,,,,,,,,,-1.4,,0.0,,,,,,,,,,,,,,,,,,,,,,,,,,,,,,0.0,0.0,3.0,NEUTRAL,,LARGE,,,,,,,,,,0.0
ELGIEQUIP,,,,,,0.05,,,,2026-09-07,,,,,,,,,,,,-1.5,,0.0,,,,,,,,,,,,,,,,,,,,,,,,,,,,,,0.0,0.0,3.0,NEUTRAL,,LARGE,,,,,,,,,,0.0
ENDURANCE,,,,,,-0.7,,,,2026-09-07,,,,,,,,,,,,-2.7,,0.0,,,,,,,,,,,,,,,,,,,,,,,,,,,,,,0.0,0.0,3.0,NEUTRAL,,LARGE,,,,,,,,,,0.0
GABRIEL,,,,,,0.76,,,,2026-09-07,,,,,,,,,,,,-2.7,,0.0,,,,,,,,,,,,,,,,,,,,,,,,,,,,,,0.0,0.0,0.0,NEUTRAL,,LARGE,,,,,,,,,,0.0
MEDANTA,,,,,,-3.21,,,,2026-09-07,,,,,,,,,,,,0.3,,0.0,,,,,,,,,,,,,,,,,,,,,,,,,,,,,,0.0,0.0,-2.0,NEUTRAL,,LARGE,,,,,,,,,,0.0
GRANULES,,,,,,2.24,,,,2026-09-07,,,,,,,,,,,,0.3,,0.0,,,,,,,,,,,,,,,,,,,,,,,,,,,,,,0.0,0.0,5.0,NEUTRAL,,LARGE,,,,,,,,,,0.0
GRAVITA,,,,,,0.92,,,,2026-09-07,,,,,,,,,,,,-1.5,,0.3,,,,,,,,,,,,,,,,,,,,,,,,,,,,,,0.0,0.0,5.0,NEUTRAL,,MID,,,,,,,,,,0.0
HSCL,,,,,,0.24,,,,2026-09-07,,,,,,,,,,,,-0.3,,0.0,,,,,,,,,,,,,,,,,,,,,,,,,,,,,,0.0,0.0,3.0,NEUTRAL,,LARGE,,,,,,,,,,0.0
HINDZINC,,,,,,-1.97,,,,2026-09-07,,,,,,,,,,,,-0.3,,0.0,,,,,,,,,,,,,,,,,,,,,,,,,,,,,,0.0,0.0,8.0,NEUTRAL,,MEGA,,,,,,,,,,0.0
INDHOTEL,,,,,,-0.53,,,,2026-09-07,,,,,,,,,,,,-2.7,,0.0,,,,,,,,,,,,,,,,,,,,,,,,,,,,,,0.0,0.0,3.0,NEUTRAL,,MEGA,,,,,,,,,,0.0
JSL,,,,,,-0.14,,,,2026-09-07,,,,,,,,,,,,-0.3,,0.0,,,,,,,,,,,,,,,,,,,,,,,,,,,,,,0.0,0.0,5.0,NEUTRAL,,LARGE,,,,,,,,,,0.0
KPIL,,,,,,1.27,,,,2026-09-07,,,,,,,,,,,,-1.5,,0.0,,,,,,,,,,,,,,,,,,,,,,,,,,,,,,0.0,0.0,7.0,NEUTRAL,,LARGE,,,,,,,,,,0.0
LODHA,,,,,,-1.8,,,,2026-09-07,,,,,,,,,,,,-1.3,,0.0,,,,,,,,,,,,,,,,,,,,,,,,,,,,,,0.0,0.0,3.0,NEUTRAL,,MEGA,,,,,,,,,,0.0
LUPIN,,,,,,-0.24,,,,2026-09-07,,,,,,,,,,,,0.3,,0.0,,,,,,,,,,,,,,,,,,,,,,,,,,,,,,0.0,0.4,7.0,NEUTRAL,,LARGE,,,,,,,,,,0.0
MRF,,,,,,-0.81,,,,2026-09-07,,,,,,,,,,,,-2.7,,0.0,,,,,,,,,,,,,,,,,,,,,,,,,,,,,,0.0,0.0,7.0,NEUTRAL,,LARGE,,,,,,,,,,0.0
MANKIND,,,,,,-0.43,,,,2026-09-07,,,,,,,,,,,,0.3,,0.0,,,,,,,,,,,,,,,,,,,,,,,,,,,,,,0.0,0.0,3.0,NEUTRAL,,LARGE,,,,,,,,,,0.0
MARICO,,,,,,-1.12,,,,2026-09-07,,,,,,,,,,,,-4.4,,0.0,,,,,,,,,,,,,,,,,,,,,,,,,,,,,,0.0,0.0,0.0,NEUTRAL,,MEGA,,,,,,,,,,0.0
MAXHEALTH,,,,,,0.73,,,,2026-09-07,,,,,,,,,,,,0.3,,0.0,,,,,,,,,,,,,,,,,,,,,,,,,,,,,,0.0,0.0,0.0,NEUTRAL,,LARGE,,,,,,,,,,0.0
MSUMI,,,,,,1.04,,,,2026-09-07,,,,,,,,,,,,-2.7,,25.7,,,,,,,,,,,,,,,,,,,,,,,,,,,,,,40.0,0.0,1.0,POSITIVE,,LARGE,,,,,,,,,,1.0
MPHASIS,,,,,,-2.18,,,,2026-09-07,,,,,,,,,,,,-1.4,,0.0,,,,,,,,,,,,,,,,,,,,,,,,,,,,,,0.0,0.0,7.0,NEUTRAL,,LARGE,,,,,,,,,,0.0
MCX,,,,,,1.67,,,,2026-09-07,,,,,,,,,,,,4.6,,0.0,,,,,,,,,,,,,,,,,,,,,,,,,,,,,,0.0,0.0,0.0,NEUTRAL,,LARGE,,,,,,,,,,0.0
NMDC,,,,,,-1.0,,,,2026-09-07,,,,,,,,,,,,-0.3,,0.0,,,,,,,,,,,,,,,,,,,,,,,,,,,,,,0.0,2.8,8.0,NEUTRAL,,LARGE,,,,,,,,,,0.0
NATIONALUM,,,,,,-2.19,,,,2026-09-07,,,,,,,,,,,,-0.3,,0.0,,,,,,,,,,,,,,,,,,,,,,,,,,,,,,0.0,0.0,8.0,NEUTRAL,,LARGE,,,,,,,,,,0.0
NAVINFLUOR,,,,,,0.54,,,,2026-09-07,,,,,,,,,,,,-0.3,,0.0,,,,,,,,,,,,,,,,,,,,,,,,,,,,,,0.0,0.0,0.0,NEUTRAL,,LARGE,,,,,,,,,,0.0
NETWEB,,,,,,-0.69,,,,2026-09-07,,,,,,,,,,,,-1.4,,0.0,,,,,,,,,,,,,,,,,,,,,,,,,,,,,,0.0,0.0,0.0,NEUTRAL,,LARGE,,,,,,,,,,0.0
OBEROIRLTY,,,,,,-1.5,,,,2026-09-07,,,,,,,,,,,,-1.3,,0.0,,,,,,,,,,,,,,,,,,,,,,,,,,,,,,0.0,0.0,5.0,NEUTRAL,,LARGE,,,,,,,,,,0.0
ONGC,,,,,,-0.4,,,,2026-09-07,,,,,,,,,,,,-1.1,,0.0,,,,,,,,,,,,,,,,,,,,,,,,,,,,,,0.0,0.0,13.0,NEUTRAL,,MEGA,,,,,,,,,,0.0
OFSS,,,,,,-1.75,,,,2026-09-07,,,,,,,,,,,,-1.4,,0.0,,,,,,,,,,,,,,,,,,,,,,,,,,,,,,0.0,0.0,6.0,NEUTRAL,,MEGA,,,,,,,,,,0.0
PAGEIND,,,,,,-1.31,,,,2026-09-07,,,,,,,,,,,,-2.7,,0.0,,,,,,,,,,,,,,,,,,,,,,,,,,,,,,0.0,0.0,-2.0,NEUTRAL,,LARGE,,,,,,,,,,0.0
PATANJALI,,,,,,-0.47,,,,2026-09-07,,,,,,,,,,,,-4.4,,0.0,,,,,,,,,,,,,,,,,,,,,,,,,,,,,,0.0,0.0,5.0,NEUTRAL,,LARGE,,,,,,,,,,0.0
RRKABEL,,,,,,-2.73,,,,2026-09-07,,,,,,,,,,,,-1.5,,0.0,,,,,,,,,,,,,,,,,,,,,,,,,,,,,,0.0,0.0,3.0,NEUTRAL,,LARGE,,,,,,,,,,0.0
SARDAEN,,,,,,0.78,,,,2026-09-07,,,,,,,,,,,,-0.3,,0.7,,,,,,,,,,,,,,,,,,,,,,,,,,,,,,0.0,0.0,7.0,NEUTRAL,,MID,,,,,,,,,,0.0
SOLARINDS,,,,,,2.35,,,,2026-09-07,,,,,,,,,,,,-0.3,,0.0,,,,,,,,,,,,,,,,,,,,,,,,,,,,,,0.0,0.0,0.0,NEUTRAL,,MEGA,,,,,,,,,,0.0
TBOTEK,,,,,,0.98,,,,2026-09-07,,,,,,,,,,,,-2.7,,-26.8,,,,,,,,,,,,,,,,,,,,,,,,,,,,,,-40.0,0.0,-3.0,NEGATIVE,,MID,,,,,,,,,,-1.0
TCS,,,,,,-1.48,,,,2026-09-07,,,,,,,,,,,,-1.4,,0.0,,,,,,,,,,,,,,,,,,,,,,,,,,,,,,0.0,0.0,8.0,NEUTRAL,,MEGA,,,,,,,,,,0.0
TRENT,,,,,,-1.35,,,,2026-09-07,,,,,,,,,,,,-2.7,,0.0,,,,,,,,,,,,,,,,,,,,,,,,,,,,,,0.0,0.0,0.0,NEUTRAL,,MEGA,,,,,,,,,,0.0
UNOMINDA,,,,,,-0.64,,,,2026-09-07,,,,,,,,,,,,-2.7,,0.0,,,,,,,,,,,,,,,,,,,,,,,,,,,,,,0.0,0.0,0.0,NEUTRAL,,LARGE,,,,,,,,,,0.0
VIJAYA,,,,,,0.29,,,,2026-09-07,,,,,,,,,,,,0.3,,0.0,,,,,,,,,,,,,,,,,,,,,,,,,,,,,,0.0,0.0,0.0,NEUTRAL,,MID,,,,,,,,,,0.0
ZFCVINDIA,,,,,,-2.36,,,,2026-09-07,,,,,,,,,,,,-2.7,,0.0,,,,,,,,,,,,,,,,,,,,,,,,,,,,,,0.0,0.0,6.0,NEUTRAL,,LARGE,,,,,,,,,,0.0
ZYDUSLIFE,,,,,,3.29,,,,2026-09-07,,,,,,,,,,,,0.3,,0.0,,,,,,,,,,,,,,,,,,,,,,,,,,,,,,0.0,0.0,5.0,NEUTRAL,,MEGA,,,,,,,,,,0.0
ECLERX,,,,,,-0.89,,,,2026-09-07,,,,,,,,,,,,-1.4,,0.3,,,,,,,,,,,,,,,,,,,,,,,,,,,,,,0.0,0.0,5.0,NEUTRAL,,MID,,,,,,,,,,0.0
