Date,Open,High,Low,Close,Volume,SMA_9,SMA_22,SMA_50,SMA_200,EMA_9,EMA_21,RSI_14,MACD_Line,MACD_Signal,MACD_Hist,BB_Upper,BB_Lower,ADX_14,ST_Direction,Ichi_Tenkan,Ichi_Kijun,ATR_14
2024-12-18,346.16367451587195,348.15312092113555,335.22171928692194,340.79217529296875,193637,335.34329562717016,325.059721513228,307.0040625,,336.65098538198504,326.6810951400772,62.63858719342595,11.14770174470732,10.837434699979813,0.3102670447275084,354.88823610330724,302.2408410451303,22.06962754409196,0,333.306877335734,312.0695458113678,13.425215904140734
2024-12-19,335.2217021268957,344.1742104923024,328.3083640798817,338.20587158203125,234258,335.8738098144531,327.2232430197976,308.2484832763672,,336.9619626219943,327.7288020893457,60.50323842121376,10.647811954187148,10.79951015082128,-0.1516981966341308,353.65210467233413,307.1823130522752,21.182958940022846,0,333.306877335734,312.0695458113678,13.56376739549006
2024-12-20,335.9677603664088,340.1953339609528,323.2850395827768,325.2247619628906,148386,334.9730326334636,328.8509729558771,308.43411743164063,,334.6145224901736,327.5011620778498,51.08925528825132,9.09928771046708,10.45946566275044,-1.360177952283358,350.6990876163303,312.497799590701,19.86876524097152,0,333.306877335734,312.0695458113678,13.599293267481698
2024-12-23,328.4575985385432,330.2978120935051,312.79070881796224,314.4817199707031,157488,333.96173095703125,329.45684814453125,308.6143609619141,,330.5879619862795,326.3175764317456,44.86732536379954,6.925366076147668,9.752645745429886,-2.827279669282218,348.28696126454355,315.9941697169018,19.15791685664225,0,332.4364924963043,312.0695458113678,14.054021190830673
2024-12-24,314.4817427305392,322.2903261483433,308.3642009444026,309.60760498046875,94451,331.88386705186633,329.8208271373402,308.7904412841797,,326.3918905851174,324.7984881179931,42.34746682544221,4.7544112799396885,8.752998852331848,-3.998587572392159,350.0907366718387,312.92709474905973,18.839826321363063,0,330.2232385595245,312.0695458113678,14.029152670099093
2024-12-26,311.8954526677944,315.7251431260273,294.4380723453417,296.57672119140625,166530,328.4244384765625,329.4998016357422,308.69994750976565,,320.4288567063752,322.23287294284887,36.453029072050334,1.9598387438408051,7.39436683063364,-5.4345280867928345,354.26759498891164,305.8804610413618,19.474133949699954,0,323.2601742599941,318.78392535475456,14.455462554411904
2024-12-27,301.00325031066006,304.8826647698652,289.61365737973944,299.8095703125,257202,323.7658216688368,328.48020935058594,308.8200445556641,,316.3049994276002,320.1943908855444,38.731525056805104,0.0059155899606366,5.91667658249904,-5.910760992538403,356.2091180016548,300.800586588189,20.341218766129103,0,320.84796677719294,318.78392535475456,14.721906245539284
2024-12-30,303.3905681142247,303.3905681142247,280.51193510888976,283.4463806152344,494784,317.10670301649304,326.5789323286577,308.25250915527346,,309.73327566512705,316.8536626791526,32.399301084910746,-2.83032897186365,4.1672754716265015,-6.997604443490152,360.3384310946171,291.926443172961,21.628198836912265,0,314.3325309933059,316.2971056417681,15.535446361088898
2024-12-31,284.4908284344003,297.42222972687307,281.55638292156846,294.3883361816406,253750,311.392571343316,324.9059892134233,308.0229425048828,,306.6642877684298,314.8113602702879,39.51988990327151,-4.147340888544136,2.504352199592374,-6.6516930881365095,360.6614381976701,287.4057065777205,22.82325175978234,0,314.33252801501266,316.2971056417681,15.137558834975149
2025-01-01,294.93544541729614,298.01909358234406,291.75231885533475,294.1396789550781,90368,306.2089606391059,323.23530717329544,307.7834393310547,,304.15936600575947,312.9321165143597,39.41827599167561,-5.151760591896561,0.9731296412945868,-6.124890233191149,360.2075406512554,283.5076906719868,23.859356159549417,0,312.3430728005961,316.2971056417681,15.084270117171078
2025-01-02,295.1343856076013,298.267757616558,288.4697280244199,290.7078552246094,120111,300.931403266059,321.15995372425425,307.72547302246096,,301.46906384952945,310.9117291243824,37.96731447441073,-6.153753299895072,-0.452246946943345,-5.701506352951728,359.6213743218786,279.48331317812136,25.010534818047105,0,310.3536345349213,316.2971056417681,14.867561239612614
2025-01-03,291.8517773288104,294.9354252833512,290.2104901396887,292.548095703125,80537,297.30066257052954,319.1094665527344,307.98029663085936,,299.68487022024857,309.24230790426805,39.25846920465252,-6.721862268845371,-1.70617001132375,-5.0156922575216205,359.54137009611634,276.18125563630554,26.07948642950924,0,305.40487360119744,316.2971056417681,13.812443781518391
2025-01-06,292.5480915657062,292.5480915657062,276.582766407935,279.5172119140625,204098,293.4157172309028,316.5050992098722,307.8275750732422,,295.6513385590114,306.54002645061297,33.88078658149854,-8.129860170496897,-2.99090804315838,-5.138952127338518,359.4953333721467,270.83588916203297,27.79666041508853,0,299.4365462781392,314.33252129129073,14.174807960277008
2025-01-07,281.009313972938,298.6159273804087,278.0748682861782,293.04547119140625,337617,291.5754801432292,314.9904063831676,308.07844787597656,,295.1301650854904,305.313248699776,42.66204461099783,-8.061167072225032,-4.00495984897171,-4.056207223253322,357.6661857317075,268.63640826243306,28.58737332519242,0,296.1539547669812,314.33252129129073,14.981246909855372
2025-01-08,290.11102204909463,291.4041804535113,277.8261841681272,280.0145874023437,177381,289.7352430555555,312.5623765425249,308.30199951171875,,292.107049548861,303.0133704000094,37.49628765203892,-8.954983242538674,-4.994964527685103,-3.960018714853571,357.5544921969324,264.3912170315832,29.33600650823933,0,290.7327155889001,314.33252129129073,15.144667294788617
2025-01-09,281.45693698981114,286.4802769252232,276.7817258834839,278.5224914550781,181176,287.3700120713976,310.0710463090376,308.18696350097656,,289.39013793010446,300.7869268595611,36.94465310170395,-9.672243072708284,-5.93042023668974,-3.741822836018544,356.46460127918715,260.502519082141,30.095127423223264,0,289.9866672610799,314.33252129129073,14.704146196882805
2025-01-10,278.5224836731229,280.51192998507383,260.02062690067146,275.1901550292969,228445,286.4526536729601,307.87135176225144,308.12540344238283,,286.5501413499429,298.4599476022644,35.68209799795942,-10.389801195009454,-6.822296428353683,-3.5675047666557718,355.1389910326067,256.575986994737,31.66857488711868,0,279.3182771405401,306.0514515376589,14.959932533041831
2025-01-13,268.7742267190029,276.0356940967689,258.9264425362617,262.0598449707031,142423,282.86059909396704,304.8600547096946,307.6880633544922,,281.6520820740949,295.1508473630315,31.16302659239756,-11.881020455674388,-7.834041233817825,-4.046979221856564,351.82018139116934,251.92706897504155,33.177643762611794,0,278.7711849583352,305.504359355454,14.931514553396427
2025-01-14,267.3318378196486,269.56996483395267,263.45242373282974,268.92340087890625,69215,280.0587904188368,302.1878648237749,307.13385009765625,,279.1063458350572,292.76653404629286,35.74413406153187,-12.366438260319567,-8.740520639118174,-3.625917621201396,346.1322660922593,250.16947951320952,34.57892200414111,0,278.7711849583352,305.504359355454,14.473228457632777
2025-01-15,271.45995648279904,273.0515196815777,264.94453163483587,268.6747436523437,90347,277.6106669108073,298.8668476451527,306.4168170166016,,277.0200253985145,290.5763712832066,35.6515654158402,-12.625659187897668,-9.517548348874072,-3.1081108390235954,338.3868110111069,250.2008568355728,35.34253341310628,0,278.7711849583352,305.504359355454,13.531793976636791
2025-01-16,268.8736819755544,272.8525749702739,264.0990225245088,269.3213195800781,213410,275.0299140082465,295.50061451305044,305.9400555419922,,275.48028423482725,288.64409385564943,36.11486517551019,-12.633291644751807,-10.14069700804962,-2.4925946367021865,330.2997436667604,251.14083860863025,36.10132093194169,0,278.7711849583352,305.504359355454,13.06640433775389
2025-01-17,268.5752506232717,273.34990960284665,265.39212439919413,269.0228881835937,113384,273.86387803819446,292.0100402832031,305.3113903808594,,274.1888050245806,286.86034788546255,35.98607928536268,-12.519108847479629,-10.616379375935622,-1.9027294715440064,321.03317877214204,253.4891051634048,36.72258338765041,0,278.7711849583352,305.504359355454,12.000629494776572
2025-01-20,269.1721066969554,272.50443552175966,265.5910970696514,270.9128723144531,80326,271.40470038519965,288.83370832963425,304.62005737304685,,273.5336184825551,285.4105773790071,37.50599318449363,-12.13621351897865,-10.920346204544227,-1.215867314434421,313.9113175399185,255.17977743078464,37.29946995366565,0,275.1653114948865,305.504359355454,11.361164612405402
2025-01-21,270.9128887089923,275.9859834582972,257.4343701839192,261.86090087890625,158931,269.3876241048177,285.3634823885831,303.8063739013672,,271.1990749618253,283.26969769717977,33.41393430661235,-12.420014461376468,-11.220279855910675,-1.1997346054657907,309.3529596874699,254.4760533740536,38.355450869348005,0,271.9573235545712,304.7583231792828,12.238653080074592
2025-01-22,264.0492761284283,271.7583806524066,260.766671472035,268.7244567871094,234147,268.29895358615454,282.7952866987749,303.3517846679688,,270.70415132688214,281.9474030689915,38.86085726513555,-11.95330687130297,-11.366885258989136,-0.5864216123138348,304.5775801122577,255.1631181299297,39.33600457676734,0,268.9731500844965,302.7937485308206,12.323915907805556
2025-01-23,267.63027625863896,280.5119543919509,266.0387433558349,276.4833374023437,157921,268.44264051649304,281.0680874911222,303.0284997558594,,271.8599885419745,281.4506698265689,44.3980829002165,-10.832490711810124,-11.260006349553334,0.4275156377432108,302.314644794744,255.4167150685373,38.714071478276736,0,268.97316228793505,302.7937455525274,13.020221328695088
2025-01-24,273.9964934959468,277.4282700203381,256.43960627411525,257.9814453125,186194,267.9894849989149,278.7214438698509,302.5659527587891,,269.0842798960796,279.3171039616536,36.020411790538034,-11.306845617245642,-11.269374203091797,-0.0374714141538454,299.81579860723,253.7327487560513,38.844171774974576,0,268.4757803330331,300.3069083832088,13.379030932340296
2025-01-27,257.93171258629394,257.93171258629394,245.74636861327664,251.21734619140625,191621,266.0221455891927,276.6596540971236,302.0695861816406,,265.5108931551449,276.7625805279947,33.52946625398587,-12.089224511594352,-11.433344264792307,-0.6558802468020435,300.62087987443715,249.7047640464613,39.58621992463216,0,263.1291615026138,292.9708512871147,12.785746475554069
2025-01-28,251.21734059818087,254.5993933180528,240.0267048920695,250.47129821777344,135541,263.9995405409071,274.4170053655451,301.44788482666013,,262.50297416767063,274.37246395433823,33.25629755691271,-12.62394428698252,-11.671464269230352,-0.9524800177521692,299.0120767733437,246.92186335116804,40.55703859133303,0,260.2693296420102,285.1622584927873,12.739560861461516
2025-01-29,248.7802906458553,264.9942674619145,248.7802906458553,263.850341796875,105005,263.3916541205512,273.52627632834697,300.9127236938477,,262.77244769351154,273.4159073945688,42.33022937836631,-11.831747537321462,-11.703520922848574,-0.1282266144728883,295.77969454873744,247.12531185995397,40.01419337459168,0,260.2693296420102,281.1585155202064,13.204948416770076
2025-01-30,259.6227418202643,284.9384580982285,258.8269754438916,263.5519104003906,365220,262.7837677001953,272.1246206110174,300.39546783447264,,262.9283402348874,272.5191803950981,42.19243739283221,-11.100052331610584,-11.582827204600976,0.482774872990392,292.87921894949386,247.3101929767756,37.4748824996033,0,262.482581495149,277.8759240090484,13.606389814622542
2025-01-31,264.59637733219733,271.21128069419353,262.8556116918539,269.0726318359375,65901,262.5792965359158,270.9852093783292,299.75387115478514,,264.1571985550974,272.2058577988108,45.71294757285824,-9.959891103427536,-11.258239984366288,1.2983488809387502,289.1054589255793,248.7364066139715,35.11695097282836,0,262.482581495149,272.4546848309673,12.981133917610572
2025-02-01,269.8683962485942,282.5013932292816,266.68530017261287,278.6219787597656,193440,264.441638522678,270.4358513571999,299.294309387207,,267.05015459603106,272.78914152253395,51.24404301071689,-8.191328094791572,-10.644857606451344,2.453529511659772,288.96550211721325,248.78684010690785,33.21009715346364,0,262.482581495149,271.7086365031471,13.574417717140513
2025-02-03,273.54888207622446,275.985966077339,264.198489996564,267.8292236328125,94485,264.3421681722005,269.31226626309484,298.578108215332,,267.2059684033874,272.3382398961956,45.59036240143922,-7.57331386060531,-10.030548857282138,2.457234996676828,284.1724934453528,251.0582240229089,31.21930501665856,0,262.482581495149,269.3213161362391,14.025596339744784
2025-02-04,270.5149821639479,273.44939734426003,268.624983828188,270.6641845703125,33868,263.69559563530817,268.909855929288,297.54657989501953,,267.8976116367724,272.18605304838803,47.23706903436421,-6.776658373159023,-9.379770760457514,2.603112387298492,282.7301621644357,251.5655150206229,29.37071231819669,0,262.482581495149,269.3213161362391,13.801783573007816
2025-02-05,270.5647161099156,277.17961945820593,269.7689496757392,271.4599609375,69956,265.1932084825304,267.9286963722923,296.4702896118164,,268.6100814969179,272.1200446746709,47.715415647152014,-6.011790479080389,-8.70617470418209,2.6943842251017003,281.5920058592896,251.9974182740112,27.972772351230194,0,262.482581495149,269.3213161362391,13.762703900065976
2025-02-06,273.54887344258333,274.3446398408903,266.73501361461416,269.2715759277344,69875,267.19923400878906,267.4403776689009,295.2318594360352,,268.74238038308124,271.86109297040394,46.46779310010003,-5.518596597272676,-8.068659082800208,2.550062485527532,280.81814398491764,252.1794222382269,26.36381369031032,0,262.482581495149,269.3213161362391,13.812438741077967
2025-02-07,271.5594341835279,271.5594341835279,263.85032936696257,265.5910949707031,52231,268.87921142578125,266.8525869196112,293.92578765869143,,268.1121233006056,271.2910931522493,44.366691403360925,-5.362900765109316,-7.527507419262029,2.1646066541527134,280.85060719656923,252.50008402657525,24.576006007691905,0,266.8593743720419,269.3213161362391,13.03797385123421
2025-02-10,266.5858093026061,267.2821276635507,255.9920136236431,257.63330078125,57916,268.1884290907118,266.05454809015447,292.3511410522461,,266.0163587967345,270.04947566397664,40.14048720438209,-5.814610965677161,-7.184928128545056,1.3703171628678943,280.79909010994896,251.42259110343,23.46844683345542,0,270.4652358609358,269.3213161362391,13.05928848405821
2025-02-11,259.72223325142,260.5677540416221,244.90084848385328,247.63633728027344,75912,266.4200320773655,265.3989341042259,290.5506915283203,,262.3403544934423,268.0119176290945,35.55809733963582,-6.8997301660213,-7.127888536040305,0.2281583700190053,281.83854544028173,248.2792951358901,23.316798297856156,0,263.7011208565674,265.7154426727904,13.144552378461984
2025-02-12,249.8744651693703,255.59413875599728,238.6340899572957,250.7199859619141,119349,264.38084920247394,264.57150615345347,288.82882537841795,,260.0162807871367,266.439923841169,37.9125746901974,-7.425276309453238,-7.187366090722892,-0.2379102187303461,281.9438482107556,246.31385900359987,23.60244722394385,0,260.56774159328864,262.55718344125944,12.856794167924749
2025-02-13,249.1781735092348,258.6280443608824,245.00033890521345,249.82473754882807,76134,261.18115573459204,263.7146876942027,287.2979458618164,,257.97797213947496,264.9294523600471,37.484381397153534,-7.823826280314734,-7.314658128641261,-0.5091681516734727,281.91800566073744,244.41988649014135,23.52149057807028,0,257.9068547077508,261.78627402776215,12.956267650528009
2025-02-14,250.81944962867405,252.01312961519363,224.0614015325048,229.53237915039065,201259,256.9259507921007,261.90609949285334,285.2199685668945,,252.2888535416581,261.7115366137147,29.38347834986365,-9.66568375046262,-7.784863253005533,-1.880820497457086,284.74460413100394,237.45523870346872,24.66769175632247,0,250.62051049535532,254.49992981536667,13.911913340292688
2025-02-17,223.8127237320741,231.52182866062336,216.6507196083021,230.07948303222656,202601,252.4165395100912,260.1359447132457,283.1549230957031,,247.8469794397718,258.835895379034,29.823825038310275,-10.954940618261531,-8.418878726056734,-2.5360618922047973,286.91339719815846,232.1083038516463,26.066735214079767,0,246.915169533254,250.7945888532653,13.815994214311408
2025-02-18,231.27314621091725,236.7441238632185,217.59570208016407,219.6348876953125,131413,246.65819803873697,257.8051272305575,281.0759521484375,,242.20456109088,255.27216740778653,26.43482649101668,-12.673386617136856,-9.26978030427276,-3.403606312864097,289.3428708337467,224.76987330687825,26.793192986173285,0,245.4976797245962,250.7945888532653,13.318632723505518
2025-02-19,219.63487408156672,239.72827863254045,215.60624229710848,238.7832946777344,653193,243.27061123318143,256.75614513050425,279.28545043945314,,241.5203078082509,253.77317897778175,39.91510996186589,-12.347813134841545,-9.885386870386515,-2.462426264455029,287.08216410097066,223.26057576719344,27.145951453816245,0,243.5828382403182,250.2723501976685,14.4448018187264
2025-02-20,236.99279379422023,241.9166704197681,235.2022890635835,238.48487854003903,106280,240.2588094075521,255.38161884654653,277.5009164428711,,240.9132219546085,252.38333348344156,39.79273153892302,-11.975823652462338,-10.30347422680168,-1.6723494256606593,286.9265564420722,221.46652674884575,27.234023889122028,0,241.4441849803296,250.2723501976685,13.794679554406104
2025-02-21,238.73357125365936,248.5813249965641,238.28594884321308,239.13145446777344,106200,238.2030487060547,253.68380598588425,275.448803100586,,240.5568684572415,251.17861720928988,40.22039531950079,-11.49632357200457,-10.542044095842256,-0.9542794761623128,286.9932671553879,220.1912268631668,26.60931409447647,0,238.0869981693653,250.2723501976685,13.499814367988204
2025-02-24,233.2128495282037,243.16008145671125,229.1344935444785,238.7335662841797,84288,237.2138519287109,252.80890239368784,273.355905456543,,240.1922080226292,250.0472489433708,40.03194951173645,-11.021375004274404,-10.637910277528688,-0.3834647267457161,287.0436826276917,218.96703819750368,26.624714885631622,0,237.11714332899544,250.2723501976685,14.10020109661572
2025-02-25,239.4298722368332,246.89029626900447,233.75995300803723,237.7388458251953,80680,235.77150302463107,252.1962432861328,271.1943719482422,,239.7015355831424,248.9283032053548,39.53326313894746,-10.603015507717885,-10.630931323566529,0.0279158158486438,285.98879685550645,217.4107743725209,26.24978040199225,0,237.11714332899544,250.2723501976685,14.508749202222898
2025-02-27,237.7388371595087,239.5790810916752,230.97471658124087,232.5165405273437,66449,233.84837002224396,251.38011793656776,269.0288592529297,,238.26453657198263,247.4363247800811,36.93208286434806,-10.571003042635056,-10.618945667380236,0.047942624745179,284.9833038508013,215.31273038992123,26.089180848771093,0,233.80968595615104,250.2723501976685,14.579801936805625
2025-02-28,230.77578602384432,235.79914129837977,224.9566491411585,234.0086364746093,148059,234.3457319471571,250.02367678555572,266.9449145507813,,237.413356552508,246.21562584322,38.18358269942495,-10.306427183399308,-10.55644197058405,0.2500147871847424,282.74587214196066,214.0437625626292,26.331481122377586,0,232.0937836468363,250.2723501976685,14.803615318281048
2025-03-03,233.759963833249,235.5405117729433,215.76542387712595,231.9794158935547,195018,234.5568355984158,248.5885633988814,265.0800076293945,,236.3265684207173,244.92142493870492,37.10519670778682,-10.143561389228635,-10.473865854312969,0.3303044650843301,278.02313769172264,214.10224072624612,27.09051897993342,0,232.0937836468363,250.2723501976685,15.409684879417458
2025-03-04,231.77050667637508,247.0792961883404,226.69741226150632,240.47433471679688,175723,236.8723297119141,247.2886408025568,263.59985992431643,,237.15612167993328,244.51714400944056,44.20878873376088,-9.22270650032658,-10.22363398351569,1.000927483189109,275.03344542700296,214.35644409936424,26.568871020128327,0,232.0937836468363,250.2723501976685,15.746469048636408
2025-03-05,236.8436100540844,246.3830023045995,234.8541635695588,237.12213134765625,124460,236.68775600857205,245.4022841020064,262.1501504516602,,237.14932361347783,243.8448701310965,42.184057392142925,-8.663549160972053,-9.911617019006965,1.2480678580349096,270.92260335267224,215.1130808514293,26.08448362888074,0,232.17337443684505,250.2723501976685,15.35852547266063
2025-03-06,238.73357279536268,242.662726478632,237.9278494157018,240.89212036132807,50081,236.9552273220486,244.1778703169389,261.0364584350586,,237.89788296304792,243.57643833384483,45.22252896277661,-7.8259931571282095,-9.494492246631212,1.668499089503003,265.9738360853502,217.0050640611342,25.63469533700798,0,232.17337443684505,250.2723501976685,14.780874735182543
2025-03-07,241.71773689486747,243.69724152127063,234.75467451518,236.6943817138672,60554,236.68444146050348,242.6337883689187,259.77415466308594,,237.65718271321177,242.95079682293775,42.54162279602153,-7.415465545855653,-9.0786869064761,1.6632213606204471,260.6129497048194,219.10823102027825,25.45356664881535,0,231.4223600327332,249.053817763195,13.423077515425527
2025-03-10,235.0033529520917,237.73884171661345,227.8015516133188,229.1145935058593,74746,235.61566670735672,240.70899894020772,258.6875189208984,,235.94866487174127,241.6929601577488,38.14435057864262,-7.613975843692856,-8.785744693919453,1.1717688502265968,255.4029623998095,220.67056817880376,25.7729915763195,0,231.4223600327332,249.053817763195,13.070661876209344
2025-03-11,225.70269627627576,241.34970371378768,223.812728198354,237.61949157714844,147076,235.6024051242404,239.2702678333629,257.5521420288086,,236.28283021282272,241.3226448322397,45.01236314061205,-7.004281491938883,-8.429452053523338,1.425170561584455,251.75198169712743,222.32016796107564,26.329836102739563,0,231.4223600327332,246.3929308776572,12.955558571379289
2025-03-12,235.2520419467128,241.12090288379989,233.7698988821096,238.9822540283203,70770,236.32081773546005,238.06077506325465,256.4489935302734,,236.82271497592225,241.10988203188336,46.04610065317897,-6.338069465349378,-8.011175535888547,1.6731060705391698,250.4926129072124,222.71412842579545,26.846906020129616,0,231.4223600327332,246.3929308776572,11.75762769039774
2025-03-13,237.9377892475556,239.7282940646053,227.7816737540283,229.1444396972656,106521,235.78035142686636,236.7658268321644,255.21772521972656,,235.28705992019093,240.0221145469181,40.17447243065384,-6.528662673600167,-7.714672963430872,1.1860102898307057,248.0852596243568,222.96392708218607,27.72092503078225,0,231.4223600327332,246.3929308776572,12.131359044282911
2025-03-17,228.09996899134023,231.5317609118525,223.6237147006884,225.7026824951172,120877,235.0829366048177,235.76884252374825,253.8808169555664,,233.3701844351762,238.7203479967544,38.33283990113069,-6.878143252616468,-7.547367021267992,0.6692237686515243,245.67205469172995,222.9649265094419,28.78681349626926,0,235.3515054445144,244.97544106899937,11.960835476983846
2025-03-18,225.7026824951172,225.7026824951172,225.7026824951172,225.7026824951172,0,233.44164191352,234.6316923661665,252.8045263671875,,231.8366840471644,237.53692386024187,38.33283990113069,-7.07356942418059,-7.452607501850512,0.3790380776699216,245.94031842893423,222.31369310671025,29.77656707136434,0,235.00335850264395,243.5828382403182,10.95900776896722
2025-03-19,231.3825624798868,243.23966111644205,231.26320055379992,238.9723052978516,193034,233.647216796875,234.13839999112216,251.7230630493164,,233.26380829730184,237.66741308184277,48.8228640416021,-6.087525210524888,-7.179591043585387,1.0920658330604995,246.412908940323,222.730384821884,28.430437648202396,0,233.6604781109795,241.4441849803296,11.273767437564192
2025-03-20,239.927246145542,247.31804782521,239.927246145542,242.42401123046875,104529,233.81742689344617,234.72438326748932,250.9712515258789,,235.09584888393525,238.09983109535415,51.15064068084428,-4.970260180010058,-6.737724870870322,1.7674646908602636,245.74902281837143,225.6731832973512,26.76254300250595,0,235.4708812629492,238.0869981693653,11.255294438773054
2025-03-21,240.2256508122731,246.7012933265132,240.2256508122731,243.37892150878903,64666,234.5601535373264,235.3289031982422,250.26838012695316,264.5780745697021,236.752463408906,238.57974840566644,51.80375913667441,-3.9620937643275056,-6.182598649561759,2.220504885234253,246.4731435808776,225.4086252179505,25.21378368864497,0,235.4708812629492,237.11714332899544,10.943376607131542
2025-03-24,245.5971466983969,256.34017524003724,244.2940617630956,254.61929321289065,156265,237.39400906032984,236.9191034490412,249.856962890625,264.80231071472167,240.32582936970292,240.0378888426868,58.78855495891284,-2.230399897988917,-5.392158899247191,3.161759001258273,250.174250904846,223.32095936126728,23.997982195600372,0,239.9819449703628,237.11714332899544,10.456674166805175
2025-03-25,254.6193041725593,258.6379944864773,244.6422314770984,245.40817260742188,179967,238.2594180636936,237.2202342640269,249.52392944335935,264.9575288391113,241.34229801724675,240.52609645766276,52.12231796035852,-1.583032274393588,-4.630333574276471,3.047301299882883,251.00613035953825,223.11675172053987,23.074990175329717,0,241.13085459358285,237.12211839179287,10.000522672701234
2025-03-26,244.70191494267527,248.54154722329693,229.79100823869777,231.4521942138672,155764,237.42274475097656,236.90056679465556,248.7745053100586,265.01481971740725,239.3642772565709,239.70119625368133,43.98430777775959,-2.1710925861692374,-4.138485376655025,1.9673927904857875,250.8370883511561,222.5576565218908,22.05895259889183,0,241.13085459358285,237.12211839179287,10.516358404812552
2025-03-27,234.7347817410229,238.18647253655664,229.7810643440416,235.5305633544922,190108,238.132314046224,236.73688992587003,248.1116217041016,265.08134216308594,238.59753447615515,239.3220478083005,46.60781997878204,-2.281741815388955,-3.767136664401811,1.4853948490128563,250.72691952961816,222.4469970963584,21.11633122971289,0,241.13085459358285,237.12211839179287,10.720987909208215
2025-03-28,238.23620949205824,242.96114475338305,231.18362555530825,234.1379547119141,142295,239.06956651475696,236.52799849076703,247.40795440673827,265.1346794891357,237.70561852330692,238.8507666177199,45.818699388085214,-2.453521338938941,-3.5044135993092373,1.050892260370296,250.72809384745867,222.6079641969749,19.75357960052564,0,242.17033849079723,237.12211839179287,10.92348449434994
2025-04-01,232.765228407208,245.89557158939616,232.765228407208,241.9266357421875,78558,240.87222798665368,236.71835257790303,246.86602935791012,265.2468115234375,238.5498219670831,239.1303910835806,50.832658919672056,-1.93882679413224,-3.191296238273838,1.2524694441415982,251.2540040866209,222.8738538845705,18.48740866347975,0,244.20952941525945,237.2017091818016,11.151559714270904
2025-04-02,241.9266373328934,246.3332538448611,237.23154259168368,243.4485626220703,85424,241.36958991156683,237.2152626731179,246.3167431640625,265.3337145996094,239.5295700980805,239.5229521325342,51.771834290877024,-1.392073917678971,-2.8314517741548646,1.4393778564758937,251.8891511691541,223.3856214748889,17.356175076450285,0,244.20952941525945,237.2017091818016,10.549040838395458
2025-04-03,238.7335591874168,249.46661544077853,235.89859210075784,247.05938720703125,61460,241.88463168674045,237.80847861550072,246.020712890625,265.4476099395752,241.0355335198707,240.2080825938521,54.016094024951606,-0.6597992023676511,-2.3971212597974216,1.7373220574297703,252.7872752326316,223.14600266043485,16.630687658822257,0,244.20952941525945,237.2017091818016,10.993113648276202
2025-04-04,243.06061034296937,245.67672193389768,230.18889021739145,231.4720764160156,139681,240.5616488986545,237.78541773015803,245.27566528320312,265.502135925293,239.12284209909973,239.4139002140488,44.408985211759806,-1.321992816693438,-2.182095571176625,0.860102754483187,252.785293199784,222.5829792001184,15.571744508558186,0,244.20952941525945,237.2017091818016,11.344819125352116
2025-04-07,214.75078276528413,222.380307593882,209.43896472476425,214.0843200683593,238418,236.0577629937066,236.5858716097745,244.02768493652343,265.4570816040039,234.11513769295163,237.1112111098952,36.59091098245432,-3.212797518708271,-2.3882359606829544,-0.8245615580253167,254.66221962907005,218.02527274153545,16.323785500296285,0,234.03847960562075,234.03847960562075,12.353752373929776
2025-04-08,222.8180041290157,227.2445194789601,218.61032910453125,224.7875518798828,71516,233.76658291286893,236.0252089066939,243.3638070678711,265.46253120422364,232.2496205303379,235.9908784526213,43.21762956785592,-3.803765074994857,-2.6713417835453352,-1.1324232914495216,254.778988283618,216.71782110358905,16.49258901359912,0,229.4527900827714,234.03847960562075,13.29376661754412
2025-04-09,221.82327550821768,223.802780157424,215.8549362568755,217.6156005859375,62235,232.22918362087677,234.96718528053975,242.69177215576173,265.3487651824952,229.32281654145785,234.32039864655917,40.18695569109576,-4.795547564764945,-3.0961829397892573,-1.6993646249756875,255.6850926837975,214.66181741141736,16.850420044085364,0,229.4527900827714,234.03847960562075,12.679169260521435
2025-04-11,226.7968965739249,227.1152152932834,221.2264404113268,224.2006683349609,60291,230.9703063964844,234.39928921786225,242.16635955810543,265.27202323913576,228.29838690015845,233.40042316368655,44.0654738193893,-4.992630463497306,-3.475472444530868,-1.5171580189664389,255.5481799508572,213.45684782013888,16.81037723748201,0,229.4527900827714,234.03847960562075,12.761588701949114
2025-04-15,228.2889654444792,231.26319315998128,225.24511500040947,230.75587463378903,59153,230.59451972113715,234.47389290549535,241.50447021484376,265.26059959411623,228.7898844468846,233.1600096609686,47.70105343238578,-4.567221628540665,-3.693822281332827,-0.8733993472078376,255.08972044635152,213.09266938519147,16.318922888971684,0,229.4527900827714,234.03847960562075,12.80350886700485
2025-04-16,232.665759397988,247.75572428188417,231.89983343275105,243.4386138916016,360750,230.76251729329428,234.73839846524325,241.102204284668,265.2806399536133,231.719630335828,234.09442822738976,53.93895940912355,-3.1701475107458066,-3.589087327215424,0.4189398164696167,256.0669059150793,213.54490133589724,15.933873153597869,0,229.4527900827714,234.03847960562075,13.091980003922489
2025-04-17,240.7230210354346,242.5632650774688,237.73885135317715,238.7236328125,119095,230.2375250922309,234.72664295543325,240.4952243041992,265.2636242675781,233.1204308311624,234.5152650078543,51.48062333737293,-2.4155705813392103,-3.3543839780401807,0.9388133967009704,256.33830140459673,214.5756008781181,15.576326970750754,0,229.4527900827714,234.03847960562075,12.499408541711457
2025-04-21,232.76523300587385,236.7441258777692,226.8366759483104,228.4083404541016,429913,228.1651865641276,234.69318389892575,239.49095153808597,265.2112786102295,232.17801275575027,233.96009004842224,46.48865375714037,-2.619722285393294,-3.2074516395108037,0.587729354117509,256.2412680344221,214.94320004419117,14.689355654440922,0,228.59734450332425,234.03847960562075,12.009152675967917
2025-04-22,229.78106476828648,233.96885622020872,228.7863415441813,230.6464691162109,184056,228.0734524197049,234.91790147261187,238.7472964477539,265.16800018310545,231.8717040278424,233.65885178185755,47.67423657795464,-2.5712756384822626,-3.080216439305095,0.5089408008228324,255.8737026225693,214.4781818378799,13.86573943215322,0,228.59734450332425,234.03847960562075,11.805946074081636
2025-04-23,233.7599512339708,233.7599512339708,228.79627701805896,230.7459411621093,84257,229.92474365234372,235.1471405029297,237.9489315795898,265.14936668395995,231.6465514546958,233.3940417255168,47.72966620785821,-2.496081485377971,-2.9633894485196706,0.4673079631416996,255.08675508922028,214.097322364393,13.100952940028929,0,231.80533026937985,234.03847960562075,11.319242861069997
2025-04-24,230.7757799251808,235.5206137882136,229.62189738276976,232.9144287109375,88241,230.8277299669054,234.87178247625175,237.17802093505856,265.1359955596924,231.90012690594412,233.3504405423732,48.99805874479916,-2.235738552579136,-2.817859269331564,0.5821207167524278,254.1491182891088,213.98850988471935,12.206765289139396,0,231.80533026937985,234.03847960562075,10.802698091302547
2025-04-25,232.91442908958103,234.15783307826828,218.8391020089503,221.12696838378903,235866,231.21788194444449,233.90373507413,236.21512878417963,265.0776125335693,229.74549520151317,232.23921580068372,42.90353865302895,-2.9465978928360244,-2.843606994032456,-0.1029908988035686,250.77250781199376,214.01588787892425,12.380743704816938,0,233.29741314541724,234.03847960562075,11.246770935312586
2025-04-28,223.56404591740844,227.1848378670712,219.28673299323407,224.9168701171875,81258,231.2974599202474,233.06455091996625,235.40164428710932,265.051907119751,228.779770184648,231.573548011275,45.26102761515155,-3.167631164813656,-2.908411828188696,-0.2592193366249602,248.96103632604175,213.77822911585275,12.542295090803227,0,233.29741314541724,234.03847960562075,10.841776759156618
2025-04-29,225.5037428755581,228.36855050377508,223.2258334616433,225.3147430419922,75616,230.69288974338107,231.73252591219816,234.7552731323242,265.04661026000974,228.08676475611688,231.0045657413402,45.51536817096845,-3.272967869201267,-2.98132303639121,-0.2916448328100567,248.86101253704163,213.26450778766545,12.547470763293816,0,233.29741314541724,234.03847960562075,10.004078191477474
2025-04-30,225.31475618009463,225.46397377342345,218.8590120507765,220.9479217529297,84494,228.1939239501953,230.62069632790303,234.2215048217773,265.0076278686523,226.65899615547943,230.0903253787574,43.14583098008797,-3.666548263285449,-3.118368081770058,-0.548180181515391,248.55108939913345,212.11616676541735,12.96208526968994,0,230.70118354320957,234.03847960562075,8.902067479434303
2025-05-02,220.94791988577745,223.3153660398168,218.938589881392,220.8583984375,41645,226.20889790852863,230.13916015625,233.62427307128905,264.98182708740234,225.4988766118836,229.25105929318852,43.09629727093694,-3.940266406168746,-3.282747746649796,-0.6575186595189502,248.2673312497517,211.0719692873577,13.347084454200626,0,227.79161394335972,234.03847960562075,8.274680104278874
2025-05-05,220.03277811031955,224.80745270791192,217.9737088919353,224.160888671875,49057,225.7369588216146,229.6223567615856,233.11099609375,264.927749786377,225.23127902388188,228.7883165094328,45.578419861253415,-3.846368107324679,-3.395471818784773,-0.4508962885399059,246.5946159818294,210.96810984824876,13.490214745932311,0,226.74716134007448,234.03847960562075,8.124760689490968
2025-05-06,224.16088467677392,224.33992757158487,217.54596612793665,218.98831176757807,63037,224.44160800509985,228.93373662775213,232.9001147460937,264.83403221130374,223.98268557262116,227.897406987446,42.45479047548531,-4.141595026723223,-3.5446964603724638,-0.59689856635076,244.4673566168224,210.64934412780653,13.670088671649102,0,226.53328995807516,234.03847960562075,7.93149974208399
2025-05-07,218.8390938890022,219.33645546602267,212.08493035150352,216.2528076171875,104674,222.83125983344183,227.76674444025213,232.62358123779293,264.74446380615234,222.4367099815344,226.8388070446952,40.85996441311827,-4.54391735988176,-3.744540640274323,-0.7993767196074373,240.9435659382802,211.0924768473644,14.416030352078474,0,223.80277206985855,229.4527900827714,7.944999762762474
2025-05-08,215.3575720755736,222.81799605047792,215.3575720755736,217.8941192626953,56076,221.1623365614149,226.6051788330078,232.5887658691406,264.6843359375,221.52819183776663,226.02565360996795,42.26145698166751,-4.676413787530947,-3.930915269725648,-0.7454985178052995,240.454117509413,210.2241295608995,14.557857441525533,0,223.1213817148859,229.4527900827714,7.263612214677416
2025-05-09,212.4231391520949,215.84498933636897,210.66247486506305,214.48220825195312,54311,220.42402988009985,225.12439797141332,232.10274414062496,264.6329750061035,220.11899512060396,224.97624948651205,40.13236092809036,-4.999104302500115,-4.144553076280541,-0.8545512262195736,240.4125613015709,210.30547458710095,15.183792239398327,0,219.51551268441904,229.4527900827714,7.373032347477975
2025-05-12,218.1925459514368,225.80217256799207,218.1925459514368,224.8074493408203,71313,220.41187201605905,224.82146037708628,231.8291955566406,264.68395492553714,221.0566859646472,224.96090401872183,48.5755686901849,-4.371288701127554,-4.189900201249944,-0.1813884998776096,240.4133997823422,210.30662585242345,14.364601373010402,0,219.51551268441904,229.4527900827714,7.332532879752928
2025-05-13,224.817378073487,232.06891847894053,222.4897294996527,230.3679351806641,72714,220.9733378092448,225.56162470037287,231.6539251708984,264.7581941986084,222.91893580785063,225.45245230617115,52.463675318795225,-3.386023605123029,-4.029124882024561,0.6431012769015325,240.7470698184624,211.24818927577596,13.793816743860615,0,221.36569667200175,229.4527900827714,7.619580966408693
2025-05-14,233.41179941715924,237.73885153097743,227.3041994033688,232.05897521972656,150739,222.20789930555557,225.89214394309303,231.52043334960933,264.8262718963623,224.74694369022583,226.05304529831253,53.61234955342222,-2.440607317614564,-3.7114213691425615,1.2708140515279984,241.3555330614352,211.4255567212797,13.842775996020864,0,224.20066319802024,229.4527900827714,8.010365102958461
2025-05-15,222.817995132184,224.5587607191541,217.95379932772383,222.6687927246093,293325,222.40905422634543,226.12183449485084,231.21903228759763,264.79841217041013,224.3313134971025,225.74538597343044,46.84335592311,-2.4211577493182403,-3.453368645177698,1.0322108958594578,240.8914489826165,211.08093260918037,12.90948479696659,0,224.20066319802024,228.59734450332425,8.59654078056981
2025-05-16,224.31007080726377,241.3994072754357,222.8776670396608,236.0279083251953,442671,223.72761196560327,226.6594363125888,231.28925964355463,264.8303854370117,226.6706324627211,226.68016073268177,55.45932975839681,-1.3126435068818123,-3.025223617518521,1.712580110636709,238.98329136601225,212.248019669144,13.41036733043466,0,226.03094107024936,228.59734450332425,8.840246743534697
2025-05-19,234.85415091714395,238.6838260865745,229.51247707274229,230.6564178466797,176197,225.0240681966146,226.65491554953837,231.2222152709961,264.8271620941162,227.46778953951284,227.04163865213613,51.82215576190456,-0.8576855088786886,-2.591715995790555,1.7340304869118666,237.34429887384408,213.0802906647301,13.87547254008358,0,226.03094107024936,229.2090995734736,8.931192753534347
2025-05-20,231.67102470682605,233.262587880947,225.30480236688484,226.488525390625,86225,226.16137017144095,225.88445698131216,231.11239746093747,264.80652420043947,227.2719367097353,226.9913556283624,49.12975069834762,-0.8239441905971034,-2.2381616347518647,1.4142174441547612,237.1719732145244,213.06063481770212,13.826189714961924,0,226.03094107024936,229.2090995734736,9.132269072957945
2025-05-21,226.48852662626703,229.83079716753824,225.14564424213424,226.7073669433593,533789,227.14061991373697,225.33826307816935,230.8370581054687,264.762459564209,227.1590227564601,226.96553847518027,49.2787597854584,-0.7706615616330055,-1.944661620128093,1.1740000584950876,236.72063285242595,213.11806496251543,13.761969866089542,0,226.03094107024936,229.2090995734736,8.995139873154878
2025-05-22,226.70736874086293,232.2181286046697,223.82266234644257,230.48731994628903,106546,228.9189656575521,225.4327621459961,230.70436187744136,264.7560576629639,227.82468219442592,227.28570042709924,51.89959043148089,-0.4185987317364663,-1.6394490424497676,1.2208503107133013,236.68135749788783,213.13147819547157,13.92354436053489,0,229.67660330157972,229.2090995734736,9.2821891659979
2025-05-23,230.48732832622773,232.4668178572206,227.3042018196512,229.7611694335937,93613,229.4693790011936,225.3925212513317,230.4817428588867,264.751782989502,228.21197964225948,227.5107430640533,51.350656563550544,-0.1959222109585994,-1.350743676151534,1.1548214651929345,236.15075785334952,213.3467519122755,14.097415887049404,0,229.67660330157972,229.2090995734736,9.162822896111669
2025-05-26,229.7611588770476,231.56160542791548,227.990552807709,228.6172332763672,49051,229.2748565673828,225.29576180197972,230.32019989013668,264.7598070526123,228.29303036908104,227.6113330833545,50.44547001587217,-0.11048198402014,-1.1026913377252552,0.9922093537051152,236.51642881818708,213.73010743669573,14.258868018812878,0,229.67660330157972,226.61286997126592,8.932615123008688
2025-05-27,226.3492697371412,231.4124072392057,226.3492697371412,230.0993804931641,61582,229.0571238199869,225.16780506480825,230.3398956298828,264.794799118042,228.65430039389764,227.837519211519,51.63505915420971,0.0759513846820425,-0.8669627932437957,0.9429141779258382,236.98952120642383,213.77526608605663,14.163433734426306,0,229.67660330157972,226.03094107024936,8.776301722119069
2025-05-28,231.57157033001383,235.1525648410047,229.08476226199025,230.5171661376953,140938,229.92916531032984,225.59463223544037,230.19784912109367,264.8591311645508,229.0268735426572,228.08112347753504,51.98495422940333,0.2544795012098575,-0.642674334353065,0.8971538355629225,237.47426290404917,213.81076669800163,14.494979419689058,0,232.13853715754823,226.03094107024936,8.676828765269791
2025-05-29,231.671017187854,234.0086226780504,227.4036615228762,232.5563201904297,116345,229.5434332953559,225.94187996604225,230.0693304443359,264.92576652526856,229.7327628722117,228.4879595423436,53.74391927088631,0.554119465645357,-0.4033155743533806,0.9574350399987376,238.22273740053075,214.22313204527003,14.534145896564288,0,231.2532442165085,226.03094107024936,8.632065676522785
2025-05-30,232.55633251384884,235.94834230166035,230.1093219178555,234.74473571777344,109081,229.99769083658853,226.3705159967596,230.18133636474604,264.9810566711426,230.73515744132408,229.0567573764736,55.622820668786105,0.9571398278186224,-0.13122449391898,1.0883643217376022,239.21341127769435,214.62109189613375,14.800233447235914,0,229.88550232405143,226.03094107024936,8.240569681363207
2025-06-02,234.74473043216423,262.6069214439106,229.6417956243324,259.4635925292969,1508799,233.66158718532984,228.12122830477628,230.8565545654297,265.1439082336426,236.48084445891865,231.8210151176393,70.29846842684321,3.233863562887024,0.5417931174422207,2.692070445444803,247.6423532307698,209.72242032880047,17.14391344763899,0,243.21479189517655,236.63469815448684,9.910993741383948
2025-06-03,260.41853331005484,276.53306201620694,253.714108355123,271.12176513671875,714361,238.59652031792533,230.4059267911044,231.76493621826168,265.3697165679932,243.40902859447868,235.39381057391927,74.56989142751304,5.910765004197799,1.6155874947933364,4.295177509404462,257.56196906663723,205.01614982984717,19.949085046559087,0,250.1778621813248,243.59776844063495,10.795586708060757
2025-06-04,267.5805647773749,271.5694148809018,260.6175017534283,264.278076171875,204150,242.3510487874349,232.2294353138317,232.2710516357421,265.57421226501464,247.58283810995795,238.0196529010061,68.35532865970954,7.394758010830401,2.771421598000749,4.623336412829652,262.80218512961494,204.57846062233816,22.55388724555632,0,251.4411658766741,243.59776844063495,10.570353653451525
2025-06-05,263.462375566798,266.93398022186324,259.7222369291801,261.1446838378906,99933,245.8381059434679,234.14563404430044,232.64546508789056,265.7706356048584,250.29520725554448,240.12192844072288,65.65734340847273,8.223202624588481,3.861777803318296,4.361424821270186,266.41364059865964,205.292061610813,24.834367869246755,0,251.4411658766741,243.59776844063495,9.74757713501272
2025-06-06,261.1446778575289,263.48228342534725,255.01717936431825,256.121337890625,159495,248.8941175672743,235.9578399658203,232.9003134155273,265.9445232391357,251.46043338256055,241.5764202088958,61.46860221425141,8.377834452969324,4.764989133248502,3.6128453197208223,268.0354637558832,207.83415141745667,26.229687157538883,0,251.4411658766741,243.59776844063495,9.697131066955349
2025-06-09,256.6385727738044,284.28193762008567,255.25589302376684,272.9520263671875,759064,253.65552266438803,238.4604721069336,233.26696807861325,266.1799792480469,255.758751979486,244.4287480414677,68.67859639189903,9.746129872731755,5.761217281145154,3.9849125915866033,273.5613022348338,207.12277064114272,28.469424467837225,0,255.84279957148092,247.4722062425744,11.202006715687968
2025-06-10,274.34464393727376,275.62784535350545,267.05333630406693,270.992431640625,122197,258.1527743869358,241.0291186246005,233.7786532592773,266.3755073547363,258.80548791171384,246.84362836866384,67.10418288735568,10.550768244811508,6.719127473878425,3.831640770933083,277.911720013641,206.83480250833168,30.549180541685683,0,255.84279957148092,247.4722062425744,11.479817867404718
2025-06-11,272.2059954968434,299.2624784695491,268.9035072128947,296.2186279296875,1510945,265.2263641357422,244.2750812877308,235.0739819335937,266.7173191833496,266.2881159153086,251.33226469239324,75.03751179715704,13.073292391354045,7.98996045737355,5.083331933980495,288.09757067572207,203.0649171172467,33.20276299256741,0,264.4521370469407,254.96247666730608,13.048639653006664
2025-06-12,293.14495482151494,296.07937020413635,278.90051055202224,282.02392578125,203891,270.4796074761285,246.62308086048472,236.00384918212887,266.9908380126953,269.4352778884969,254.12241570047112,65.46966722191797,13.768304672201737,9.145629300339188,4.622675371862549,292.590172091975,204.50782900665783,35.66680383981472,0,264.4521370469407,254.96247666730608,13.9168897487278
2025-06-13,278.5225014549704,282.9092344956714,272.5044381197215,276.34405517578125,134072,272.35521443684894,248.6360390403054,236.8479711914062,267.1839373016357,270.8170333459538,256.14256474368113,62.05975957135925,13.702831115481445,10.05706966336764,3.645761452113805,295.8655235429749,205.26409224071648,37.12081641791984,0,276.488293412336,254.96247666730608,14.405014302709471
2025-06-16,274.5436189454305,278.5125550269604,269.5998431436369,272.73321533203125,110238,272.53426445855035,250.91169461337003,237.4641027832031,267.3073593902588,271.2002697431693,257.65080570625844,59.9230245082856,13.207332345723614,10.687122199838836,2.5202101458847785,297.98463061591934,207.3526649163072,38.10398341798307,0,277.13982891693365,258.60813889863647,14.67998390137083
2025-06-17,272.7332105425508,293.2443988856492,272.7332105425508,287.7933349609375,556109,275.1470709906684,253.2646685513583,238.35099822998043,267.40988441467283,274.51888278672294,260.391035638502,65.2907542687364,13.869987213367663,11.323695202544602,2.5462920108230627,301.87951081611936,209.58826567313844,39.55173402033388,0,277.13982891693365,258.60813889863647,15.711654313091111
2025-06-18,285.50542889161983,293.44333059331257,283.9536631990395,286.3907470703125,160816,277.9521891276042,255.79804715243253,239.1376254272461,267.54232688903807,276.89325564344085,262.7546457686666,64.42531105874829,14.119211369524749,11.882798435940632,2.2364129335841163,304.6789938750284,212.7571206269248,40.90265100204808,0,277.13982891693365,258.60813889863647,15.917704758741031
2025-06-19,286.480288753314,291.5434263249536,273.7975676366308,275.60797119140625,164049,280.11737060546875,258.03074923428625,240.02034332275383,267.5936043548584,276.636198753034,263.9231298980065,58.054325118799206,13.293405309284651,12.164919810609437,1.1284854986752144,305.5077850602205,216.44039456624435,40.92977102560729,0,277.259185746658,258.60813889863647,16.768193209063746
2025-06-20,274.394400267867,281.19830330010257,270.56470988386405,271.3207092285156,139078,279.93611314561633,260.05862842906606,241.165071105957,267.6140145111084,275.5731008481303,264.595637109871,55.69597615258928,12.152910657535074,12.162517979994565,-0.009607322459491,305.27175272260325,220.83238088335375,40.59329263891272,0,283.157907386808,261.0700727546049,15.173083751682338
2025-06-23,268.5752666630534,274.5436059222324,267.6402244172586,273.8870849609375,112313,280.2577412923177,262.03134502064097,242.1470617675781,267.6501851654053,275.23589767069177,265.4403141872407,56.826591121322274,11.325591138009544,11.99513261159756,-0.6695414735880174,304.50754517074654,226.1235736036675,39.95260525612942,0,283.45135144340384,261.5425704079958,14.036257169103042
2025-06-24,277.4780550236218,288.32053207618094,277.1497793605742,281.4469909667969,139905,278.616448296441,264.38070054487747,243.42368957519528,267.7693254852295,276.47811632991284,266.8954666217457,60.05999884361316,11.151409188557976,11.826387926989645,-0.6749787384316672,303.965508335964,231.8003714858134,40.07141972732786,0,281.85979731069745,261.5425704079958,14.28493816822947
2025-06-25,284.8887082455795,286.2514741239173,278.5224860639965,280.0344543457031,54909,278.3953959147136,266.71784695712,244.5403652954101,267.8084358978272,277.1893839330709,268.08992005119643,59.16833434151165,10.775179279030796,11.616146197397876,-0.84096691836708,302.1910321036049,238.52657653897325,40.181747450583565,0,280.5417775052856,261.5425704079958,14.32188422303216
2025-06-26,281.25797373455526,282.0636970663325,275.63779394697684,278.3832092285156,41222,278.6219685872396,268.91256644509053,245.49291198730464,267.8737883758545,277.4281489921599,269.0256736127709,58.08275914881178,10.225894932827543,11.338095944483808,-1.1122010116562642,299.181119855608,246.11917769077863,39.93752385573913,0,280.5417775052856,261.5425704079958,14.176227012912635
2025-06-27,278.39319591152235,284.8390136108091,273.2405366734172,274.7127380371094,154609,278.84191555447046,270.9214560768821,246.1183944702148,267.9351831817627,276.8850668011498,269.54267946952893,55.63907309707368,9.38620841346409,10.947718438279864,-1.5615100248157745,294.28230554144443,255.0147922368759,39.86563462900408,0,280.5417775052856,262.8058741033452,12.931400751560716
2025-06-30,274.71272734673533,278.0251423404597,269.56999489897885,270.8332824707031,109149,276.95746527777777,272.6613179987127,246.76058746337887,267.99653938293454,275.6747099350605,269.66000701509023,53.09636443649825,8.311896782870974,10.420554107198088,-2.1086573243271136,293.61932596114144,256.8147408113195,39.33677466029529,0,280.5417775052856,262.8058741033452,12.922874922420885
2025-07-01,269.5699934474642,274.09597196973954,268.37631343718266,269.0726318359375,83398,275.0332302517361,274.2216769131747,247.5738732910156,268.0523188018799,274.3542943152359,269.6066092715309,51.93631907685742,7.235026403047527,9.783448566367976,-2.548422163320449,293.6353091613602,256.59384428102254,38.69386329567423,0,279.5918253711061,262.8058741033452,11.162924013556774
2025-07-02,271.3604602794731,273.64834171396524,260.16982496148006,262.1592712402344,144419,273.53893025716144,274.3442077636719,248.20412933349607,268.05119453430177,271.9152897002356,268.92957854141304,47.54388216728339,5.757380942240332,8.978235041542447,-3.220854099302116,293.8124378669046,256.20483508231416,37.10827028186702,0,274.24517851883047,263.33306999621266,10.888666826043911
2025-07-03,262.15926522425747,265.74027451514723,262.15926522425747,264.9942321777344,64464,272.8359883626302,274.0656835382635,248.8890951538086,267.9359320831299,270.53107819573535,268.5718197810786,49.43251809185522,4.760221058363015,8.134632244906562,-3.374411186543547,293.4788377905029,256.9233899927001,35.63593391190319,0,274.24517851883047,263.33306999621266,10.401253462825329
2025-07-04,262.7561502797284,268.376330781894,262.7561502797284,266.1879577636719,45279,271.98052978515625,274.1524963378906,249.55456573486327,267.8797501373291,269.66245410932265,268.35510505222345,50.24484767029758,4.019948876330375,7.311695571191326,-3.291746694860951,292.24141747299643,259.1674722975114,34.49574291194748,0,274.24517851883047,264.4521370469407,10.166072649885482
2025-07-07,263.7508440734828,267.5805343728034,263.45243926326754,265.3424072265625,33039,270.1911315917969,274.3433019464666,250.43887451171875,267.8563205718994,268.79844473277063,268.0812234317088,49.63659687128634,3.326700840423314,6.514696625037724,-3.18799578461441,292.4666477923769,258.18128006406846,33.43699412627433,0,273.21064954269866,264.4521370469407,8.995851704631017
2025-07-08,266.38685411421824,267.2821292569246,261.61219501698145,263.80059814453125,46874,268.3873697916667,274.69235923073506,251.2165490722656,267.74452110290525,267.7988754151228,267.69207567832905,48.48403143518973,2.622653354574311,5.736287970945041,-3.11363461637073,292.7782037298715,257.1505407769645,32.19837446734795,0,272.5044192861446,276.488293412336,8.723013622178879
2025-07-09,263.8005996552177,265.6905676271745,260.6671973508862,262.10955810546875,35718,266.57918633355035,274.1995197642933,251.9524453735352,267.6647208404541,266.661011953192,267.18457408079627,47.18977749068479,1.9062636305842489,4.970283102872883,-3.064019472288634,288.9040709732175,257.6137665511966,30.91338566215152,0,272.5044192861446,277.13982891693365,7.814264449890699
2025-07-10,262.955076468786,268.127618746886,262.955076468786,264.6460876464844,55068,265.4606696234809,273.9110495827415,252.82640869140624,267.6308603668213,266.25802709185047,266.9538025867679,49.37288281545463,1.52561006513929,4.2813484953261645,-2.7557384301868746,287.9153358394214,256.8647178715161,29.984962642140044,0,269.0974836509699,277.13982891693365,7.484583537403466
2025-07-11,262.6069316206365,265.44189888557713,260.9656443693163,262.7561340332031,35362,264.5632086859809,272.39002713290125,253.66436340332032,267.594995803833,265.55764848012103,266.57219635462565,47.78773755905778,1.059225814627098,3.636923959186352,-2.5776981445592537,287.6899810346419,255.7312805620377,28.814628271243016,0,267.1328984656098,277.13982891693365,7.311217323923968
2025-07-14,262.606924490605,262.606924490605,254.64913889998064,257.0364685058594,60694,263.2258572048611,271.2542336203835,254.321875,267.53152565002443,263.8534124852687,265.7053120047378,43.26103785294793,0.2254844843849923,2.95463606422608,-2.7291515798410875,288.18437928791684,253.66720762614568,26.82546751738253,0,264.14874030697297,276.95580868476486,6.859327896636756
2025-07-15,255.64386444811265,268.2768613319401,255.64386444811265,263.9000549316406,82696,263.41927761501734,270.6885972456499,255.22010986328124,267.51254920959474,263.8627409745431,265.5411977253653,49.44915836381713,0.1172212825836709,2.387153107897598,-2.269931825313927,285.2985166352002,254.16374227593263,25.665065266216065,0,261.51273484093736,276.95580868476486,7.209614241201515
2025-07-16,262.60691247888514,278.0251213554864,261.7613917272471,276.0356750488281,309904,264.64610460069446,270.8387090509588,256.41576721191404,267.4907147979736,266.29732778940013,266.49524111840736,58.14182814550452,0.9991474867305784,2.1095519836641943,-1.110404496933616,283.0391709099021,255.3875807990823,25.56064073350692,0,266.3371301277336,276.95580868476486,7.912316134693206
2025-07-17,280.511947038863,287.82316875107824,278.5225006059633,280.1637878417969,368301,266.198974609375,270.49191145463425,257.6611605834961,267.5458596038818,269.07061979987947,267.73783627507913,60.62238112808692,2.0080371573761227,2.08924901840658,-0.0812118610304573,283.8484586436905,255.03387473033297,26.230109376776785,0,271.2361538255294,275.36425455205847,7.925817332183077
2025-07-18,280.90981840959944,280.90981840959944,270.5647034660302,271.6589050292969,88097,266.9008076985677,269.8222822709517,258.804694519043,267.55401252746583,269.58827684576295,268.0942970709171,53.57780838802896,2.0971419780257747,2.090827610330419,0.0063143676953556,283.8754472616155,255.04070569248609,25.789858369930908,0,271.2361538255294,274.04623474664663,8.060815010903676
2025-07-21,271.36048390696027,273.1510039276653,266.33714375833745,268.22711181640625,50109,267.3926425509983,269.4867886629972,259.6730877685547,267.58273124694824,269.3160438398916,268.1063711386888,51.00237948081377,1.8692931113750435,2.046520710539344,-0.1772275991643006,283.44787232847096,254.90228331117743,24.87251797178905,0,271.2361538255294,274.04623474664663,8.138972270673028
2025-07-22,268.0779212707416,271.06209108080554,268.0281972498586,268.8736877441406,228678,268.1442125108507,269.3755604137074,260.4432028198242,267.5987984466553,269.22757262074146,268.1761271937299,51.47564784101535,1.7210552629480276,1.9814276210210808,-0.2603723580730532,281.59871018302925,255.49411513435356,24.020701887800183,0,271.2361538255294,274.04623474664663,7.392927776277442
2025-07-23,272.55414210598263,273.4493868664093,270.3160150266452,272.2557373046875,48081,268.9897291395399,269.3014082475142,261.24713806152346,267.59429985046387,269.8332055575307,268.5470008401806,53.97961073286143,1.855094460458304,1.9561609889085256,-0.1010665284502219,280.19234108322337,256.12261253005784,23.4621759521516,0,271.2361538255294,274.04623474664663,7.463977049947366
2025-07-24,272.95202715662845,274.74254704624684,265.0937203179488,268.1773681640625,73210,269.5920884874132,268.6982435746626,262.1573095703125,267.5192752838135,269.502038078837,268.51339786962444,50.58945688393769,1.6136302597061558,1.887654843068052,-0.2740245833618959,278.6802177739296,256.6141517329063,22.271752625051437,0,271.2361538255294,273.0962826124671,7.751737494671111
2025-07-25,268.6249683951344,277.12986934780264,265.0937134356991,267.9286804199219,109685,270.80233425564234,268.14798112349075,262.79532501220706,267.5293766021729,269.187366547054,268.4602417378333,50.38167160957824,1.386221618447962,1.787368198144034,-0.4011465796960718,277.831771048751,256.7841926963661,21.421466568864652,0,271.7335165995954,271.4848354880808,8.3165989805688
2025-07-28,267.5805676281282,271.36050402449456,259.82173803283064,261.2640686035156,41016,270.5094468858507,267.36983836780894,263.40747802734376,267.45577278137205,267.60270695834635,267.80604418016804,45.0424064032797,0.6606051122395229,1.5620155809631318,-0.9014104687236087,277.54680489892417,256.1122374594743,19.973497521010827,0,273.82245339195447,271.4848354880808,8.735801248548857
2025-07-29,261.21432634513155,268.47579378362184,260.5180079413119,263.45245361328125,47776,269.1113111707899,266.85800725763494,264.1467565917969,267.1933197784424,266.7726562893333,267.41026321954195,47.0275526818286,0.2591459117186332,1.3014416471142325,-1.042295735395599,277.31277603712454,255.78424849900827,18.628954833717987,0,273.82245339195447,271.4848354880808,8.945402360407545
2025-07-30,263.6513782455549,266.93398309702485,254.6491452155145,259.6724853515625,41771,266.8344997829861,266.350698297674,264.8060589599609,266.96433448791504,265.3526221017792,266.70682886790746,44.06665118822475,-0.3598768094159368,0.9691779558081984,-1.3290547652241351,277.4560371858053,255.3923087614604,17.91941667953301,0,267.779481812557,271.2361538255294,9.39302930612848
2025-07-31,254.64914689330192,257.1359549684318,241.8172232969404,244.3040313720703,189777,263.7950693766276,265.22485282204366,265.08239318847654,266.6818367004395,261.1429039558374,264.67021091374045,34.543775862497995,-2.066738497450558,0.3619946651564473,-2.428733162607005,280.2145094049401,250.5648164617591,18.47656099828244,0,259.47354632237153,264.8201960240093,10.348672701725716
2025-08-01,243.21976939807325,248.67086357965024,232.54639348246667,233.75001525878903,125137,259.9642808702257,263.93352300470525,265.1621701049805,266.34507972717284,255.66432621642772,261.8592840360176,29.783746490009875,-4.222386535603221,-0.5548815749954863,-3.6675049606077343,284.24499511771114,243.29053649849985,19.666104997444744,0,254.83813141513463,260.18478111677246,10.921349484865791
2025-08-04,235.2421058957279,247.129045649016,233.9191221572395,243.76687622070312,140278,257.1746351453993,262.96864318847656,265.4651629638672,266.0948905181885,253.2848362172828,260.2145196891708,38.45236290688167,-5.064100374395139,-1.4567253348754168,-3.607375039519722,285.00743234029164,240.3705461753334,20.77068156809546,0,254.83813141513463,260.18478111677246,10.974637592465758
2025-08-05,243.7569244779712,243.7569244779712,227.7916139983292,230.59674072265625,202436,252.54585774739584,261.3508605957031,265.47511016845704,265.68875846862795,248.7472171183575,257.52199432857856,32.73082964241449,-6.716461337687235,-2.508672535437781,-4.207788802249454,287.54428626701906,234.51330650641844,22.206512946661388,0,252.4607416730659,257.80739137470374,10.954032777761086
2025-08-06,232.3121015879622,233.95764784743736,223.3961973482556,227.2757110595703,83447,248.00122918023004,259.6205562244762,265.4102810668945,265.2958036804199,244.45291590660008,254.77233221321416,31.45964002058605,-8.199430711251239,-3.646824170600473,-4.552606540650766,289.7813523109748,228.7928557578728,23.81009925333373,0,250.26303334802915,255.60968304966693,10.866458263256202
2025-08-07,225.3908011335712,231.37462771233857,222.2991513141449,227.67462158203125,93211,243.52855597602,257.9784663807262,265.3126470947266,264.90360260009766,241.09725704168636,252.3089039740157,31.80225846462605,-9.236038575229005,-4.764667051526179,-4.471371523702824,290.9027519126124,223.97430954978992,25.366000352567944,0,246.8298276693197,255.06116003261155,10.775769795729376
2025-08-08,228.57220282984264,234.06734471470648,227.11613167848296,230.1579132080078,88409,240.07231648763025,256.52611888538706,265.2209106445313,264.5863613128662,238.90938827495063,250.29517754074223,34.01359943130339,-9.744844395074097,-5.760702520235762,-3.9841418748383344,291.29658639503407,220.32065298484872,26.36574898745106,0,245.38747254888332,255.06116003261155,10.785580714793356
2025-08-11,230.8759723339452,231.8533264008078,225.9393185176364,228.45252990722656,55141,236.18343607584637,254.88095716996625,264.60068939208986,264.3295893859863,236.81801660140584,248.3094823013317,33.21702669173787,-10.168471048347556,-6.642256225858121,-3.5262148224894343,291.9031020692507,216.8557434507688,27.3795975433852,0,244.6165672055849,255.06116003261155,10.9913031470951
2025-08-12,228.45254271996328,232.81075839322816,226.4878516925864,227.90402221679688,53127,232.65360683865015,253.29677026922053,263.73633453369143,264.03334304809573,235.03521772448408,246.45444047546488,32.949744333457446,-10.428247859711805,-7.399454552628859,-3.0287933070829443,291.6036207458332,213.555621502702,28.15031172440508,0,239.7175531412884,255.06116003261155,11.116103688407462
2025-08-13,227.90401410894813,229.7590009696993,226.3881071043973,227.5848693847656,37333,230.7959221733941,251.9580612182617,263.0024703979492,263.7687582397461,233.5451480565404,244.73902492176492,32.784442372688474,-10.538395754250814,-8.02724279295325,-2.5111529612975634,289.06539876122247,211.2487629209064,28.87438411153488,0,235.48500744689755,255.06116003261155,10.667679912479173
2025-08-14,228.2829749694295,229.38998348103087,226.29834891885528,226.95657348632807,23904,230.04109530978727,250.2788120616566,262.318708190918,263.5593560791016,232.22743314249797,243.12243842763436,32.43941843992337,-10.554718754642463,-8.532737985291094,-2.021980769351371,285.0176122952458,209.97582795133627,29.55485593366602,0,234.71409848158044,255.06116003261155,10.02878553034146
2025-08-18,229.72908903094847,232.3519894193957,224.4034716356156,225.8595428466797,52539,228.0513916015625,247.9980787797408,261.7134722900391,263.267282333374,230.9538550833343,241.5530842839112,31.809936267229645,-10.534738150651862,-8.933138018363248,-1.6016001322886133,282.1037910960594,208.30971293226088,29.57939543244976,0,233.02803789605804,255.06116003261155,9.772339229778328
2025-08-19,226.388102324721,229.9285360433748,223.0571092290973,229.35009765625,91814,227.91287570529516,245.68836558948863,260.8414337158203,263.02269203186034,230.63310359791743,240.44372186321476,36.0613578426433,-10.120581018549302,-9.17062661840046,-0.949954400148842,279.1355855403896,207.39021707191503,29.74836760004854,0,228.1832480144257,255.06116003261155,9.69474215634744
2025-08-20,229.38002449404243,233.7681580059956,228.5023917045885,230.6067047119141,64549,228.28298611111111,243.82235648415303,260.0337191772461,262.75609130859374,230.6278238207168,239.5494475767329,37.570372760382575,-9.580522520084912,-9.252605798737353,-0.3279167213475613,275.51196250043074,207.1871418086513,29.12975903361289,0,228.1832480144257,255.06116003261155,9.19337990062578
2025-08-21,229.97841131527883,233.96762909894247,229.47975909232088,230.2277374267578,48134,228.5666656494141,242.0951121937145,258.7139013671875,262.42405967712403,230.547806541925,238.70201938128056,37.28458322205666,-9.078451029561649,-9.21777484490221,0.1393238153405622,270.44791152767067,208.0483927936184,28.5157019473639,0,228.5622269719019,255.06116003261155,8.238566182911457
2025-08-22,230.0781258230089,230.90589031475093,227.2856704135203,227.8541412353516,29148,228.3106909857856,240.2305873524059,257.63050567626954,262.0406983947754,230.00907348061037,237.71584864074157,35.46492562268139,-8.77097874849963,-9.128415625621695,0.3574368771220655,265.6476814077329,208.8163002206851,28.2377633743907,0,228.5123691640199,255.06116003261155,7.345405454629104
2025-08-25,229.38002354938243,232.8705891251339,227.9838034061452,230.2676239013672,62049,228.51236809624567,238.3220367431641,256.70897705078124,261.7262395477295,230.0607835647617,237.0387373007984,38.73884223686729,-8.237598956663447,-8.950252291830045,0.712653335166598,259.93259702988314,210.76527894667936,27.55859883067532,0,228.5123691640199,251.60448486187212,6.748078133168771
2025-08-26,229.7390531815808,229.7390531815808,217.4223371653848,218.64903259277344,130340,227.4840359157986,236.0707487626509,255.6272933959961,261.3172039794922,227.77843337036407,235.3669459637052,30.67193667744881,-8.652672227486903,-8.890736278961416,0.2380640514745131,255.63614499949145,210.80022737599688,28.17587549778318,0,225.69498313216363,247.27610325659373,6.524508455569377
2025-08-28,218.6091373967489,218.6091373967489,206.0331273858896,208.466552734375,188337,225.35977851019965,233.36792477694425,254.04075775146484,260.8321391296387,223.91605724316628,232.9214556701297,25.633914890795324,-9.69154372777652,-9.050897768724436,-0.6406459590520832,250.64987820527008,210.2879040823276,29.659474161870385,0,220.00037824241605,241.5814983668461,6.671255220405241
2025-08-29,209.433937285104,211.6280040607496,204.447414968792,205.5245056152344,114721,222.97843763563367,230.8343082774769,252.42343292236328,260.3470362854004,220.23774691757995,230.43082384695745,24.387488413184755,-10.629722665111188,-9.366662748001788,-1.263059917109402,245.86828299387545,209.65470132008943,31.143160136569964,0,219.20752203386724,240.7886421582973,6.535906127102663
2025-09-01,207.0104939784329,211.33879168074992,206.4420231319993,209.7131805419922,71736,221.18439737955728,228.39161404696375,251.105537109375,259.9383325958252,218.1328336424624,228.54740172832425,29.63350167426881,-10.909487392055295,-9.67522767681249,-1.234259715242807,244.09368587207692,207.97021335888007,32.52086854164814,0,219.20752203386724,240.7886421582973,6.454697057766377
2025-09-02,210.4312402042098,223.2964615988257,209.63339359592285,219.9255828857422,127788,220.13722907172308,226.58493666215372,250.07763458251952,259.57472259521484,218.49138349111837,227.7636000153622,40.47672666125514,-10.189687063612013,-9.778119554172395,-0.4115675094396174,243.215958932136,207.46549706151632,31.62131815893854,0,219.20752203386724,240.7886421582973,7.008201352032908
2025-09-03,220.942811678304,227.53499441869133,217.99079915484032,224.313705444336,112121,219.4380069308811,225.6762854836204,249.0861669921875,259.29074714660646,219.6558478817619,227.449973236178,44.43860543487829,-9.159569484646257,-9.654409540267167,0.4948400556209122,239.99765664316783,208.73848227284785,30.17058660441188,0,219.20752203386724,237.90395949664327,7.238293392262141
2025-09-04,227.2757088795036,242.5444374651904,222.0996963861245,237.577865600586,1158585,220.25468783908423,225.8502786809748,248.2087844848633,259.09845809936525,223.24025142552676,228.37069072385148,54.33324953396588,-7.190005107070306,-9.161528653627796,1.9715235465574903,241.2198498290251,208.21440157478355,28.91751720117464,0,223.4959262169912,236.4616043762069,8.457853907530993
2025-09-05,238.3557672378789,246.69323317758383,235.30401800848708,238.84445190429688,349145,221.47583346896704,225.62653212113813,247.38498443603515,258.88489852905275,226.3610915212808,229.3228508311647,55.1545185610518,-5.463923509447596,-8.422007624791757,2.9580841153441604,242.9469097363379,207.64421575194336,28.129445227664775,0,225.57032407318792,235.6906990329084,9.050538236596791
2025-09-08,238.83445692710828,240.73931201106976,229.3899829042386,231.145248413086,86224,221.57334730360245,225.6514642888849,246.44022521972656,258.58758277893065,227.3179228996418,229.48852333861203,49.34519101808091,-4.663494917908736,-7.670305083415153,3.006810165506417,243.28637948041944,207.6518086909673,26.685691917009752,0,225.57032407318792,230.7916849686119,9.29345333110044
2025-09-09,231.14526069653832,232.1924334309592,224.41345554082247,225.30105590820312,67768,222.3124610053169,225.5617072365501,245.45199157714845,258.267014541626,226.9145495013541,229.10784448130207,45.43333566986949,-4.449436649509551,-7.026131396634033,2.576694747124482,242.90632110864607,207.54618133276017,24.796459668262077,0,225.57032407318792,226.55913927422117,9.358278407947529
2025-09-10,226.4878506728514,236.7201890317915,226.4878506728514,233.2894592285156,333998,225.0705617268881,225.8169271295721,244.70111511230468,257.927699508667,228.1895314467864,229.48799127650332,51.135639174991454,-3.5937698022829068,-6.339659077763808,2.745889275480901,243.4635052491856,207.4726901243496,23.506695789983493,0,225.57032407318792,225.788230308904,9.797804609531903
2025-09-11,234.2967206875093,234.2967206875093,227.8840605549253,228.6619567871093,53693,227.64138963487412,225.74892911044037,243.8929016113281,257.5630089569092,228.28401651485095,229.41289723201297,48.00603023606162,-3.2515664010376497,-5.7220405424185765,2.470474141380927,243.5261765380235,207.4858122925429,22.30905790301052,0,226.5676281547916,225.57032407318792,9.93528961852922
2025-09-12,229.380022643314,232.35198563227004,227.57490403038105,229.6293487548828,42804,229.8542972140842,225.8024208762429,243.2423031616211,257.1929592895508,228.55308296285736,229.43257464318293,48.712700345732166,-2.869232566153755,-5.151478947165613,2.2822463810118574,243.7011039458917,207.5153328216864,21.157810291844225,0,228.16331338675332,225.57032407318792,10.017922597147674
2025-09-15,230.52691135068187,234.34658911790643,227.3854085044597,231.2250366210937,92265,231.1097920735677,225.95337607643825,242.56691925048827,256.7378814697266,229.08747369450464,229.5955257320839,49.92174701110446,-2.409694118542376,-4.603121981440966,2.1934278628985897,244.081427724654,207.5618553564007,20.319651177275023,0,232.3420161662121,225.57032407318792,10.15683207740942
2025-09-16,232.7708520278391,234.31667696545,229.3999733423061,230.69647216796875,55428,231.8189883761936,226.0948125665838,241.85708953857423,256.26499145507813,229.4092733891975,229.6956117717098,49.50543322850683,-2.064360657346356,-4.095369716622043,2.0310090592756875,244.45305457056827,207.67392144261527,19.54136057088933,0,234.39646478185412,225.57032407318792,9.590504712206668
2025-09-17,231.8234115787789,236.1118236688837,229.66923035896008,235.19430541992188,84439,231.55414835611975,226.4692549272017,241.2541275024414,255.78499755859372,230.5662797953424,230.19549301245632,53.09038228924525,-1.4114732627224669,-3.5585904258421284,2.147117163119661,245.1465082307114,207.5648885588394,19.043249106841863,0,235.55334435920315,225.57032407318792,9.149553862423796
2025-09-18,232.8306995810932,235.93231697585853,228.48245164530724,229.8088531494141,65099,230.55019293891056,226.64876903187144,240.57429260253903,255.27956840515137,230.4147944661568,230.16034393399792,48.6377641155626,-1.3134753624426023,-3.1095674131622237,1.7960920507196207,245.07197214345612,207.55963948984464,18.38679142078527,0,232.5763837759461,225.57032407318792,9.168787879466205
2025-09-19,231.3646577377558,236.26141087164905,229.39996681410148,230.28756713867188,61002,230.45489501953125,226.69138128107244,239.9378527832031,254.74917808532717,230.38934900065985,230.17190967987736,49.04684510960983,-1.1835399900040215,-2.724361928530583,1.5408219385265616,245.07760959026595,207.5599850142262,17.823269472835992,0,230.566822286307,225.57032407318792,9.243584878897064
2025-09-22,230.18784086938024,233.86789677585983,226.66735732935675,229.78892517089844,30726,230.95354715983072,226.6542094837536,239.24070953369144,254.20982864379883,230.26926423470755,230.1370929063338,48.61252399389918,-1.108028843898694,-2.4010953116042053,1.2930664677055113,245.22756663463247,207.6035063634144,16.825632139763698,0,231.60401985232147,225.57032407318792,8.781975696297081
2025-09-23,230.72638914498475,230.8660111584012,225.81963789027304,226.896728515625,47926,230.24324374728727,226.50279998779297,238.52352142333984,253.66024581909176,229.59475709089105,229.84251432536027,46.06457566027549,-1.2669571225115135,-2.174267673785667,0.9073105512741536,244.9739162884173,207.52006717105533,15.753231913492288,0,231.04052438096105,225.57032407318792,8.460702696602592
2025-09-24,226.18865689547144,228.3827236864824,224.3935058054957,224.5730133056641,526451,229.7889166937934,226.3536578091708,237.87425231933597,253.1512673187256,228.5904083338457,229.3634687781152,44.06615298347956,-1.5624029174043417,-2.051894722509402,0.4894918051050605,244.94875419557616,208.1376273351856,14.74898558047548,0,230.3274583385724,225.57032407318792,7.2853081824540755
2025-09-25,224.39350162353367,226.0889161478244,221.5013248007826,222.44876098632807,52623,228.99107360839844,225.9982549493963,237.0452264404297,252.5963549041748,227.36207886434212,228.73485897886175,42.26118370163261,-1.945528407054809,-2.0306214594184837,0.0850930523636743,243.717846308808,210.766756047149,14.307607508537156,0,228.88136783621584,225.57032407318792,6.7994779094501485
2025-09-26,221.6010409016837,222.3091337414725,217.51210187667365,219.98541259765625,48713,227.7422264946832,226.0589994950728,235.92422119140625,252.0296231842041,225.88674561100495,227.93945476238852,40.20460696694508,-2.420033110497741,-2.108503789634335,-0.3115293208634058,241.4201514694541,214.51054158474508,14.512410657692104,0,226.8867563741613,225.57032407318792,6.341430052508953
2025-09-29,220.7034817935144,221.4015918775244,217.4722098391069,219.2773284912109,38902,226.4734327528212,226.5503983931108,234.70649200439453,251.5080926513672,224.56486218704617,227.15198873773605,39.6079437711499,-2.820702671709398,-2.250943566049348,-0.5697591056600504,239.6607154392277,217.2263924098934,14.708575268669971,0,226.866810355378,225.57032407318792,6.066458920243292
2025-09-30,220.00537048721685,224.4034716008748,215.3180273399228,220.4342041015625,55760,224.8334214952257,227.2281119606712,233.68199798583984,250.96872177124024,223.73873056994944,226.54128104353845,41.14477078796106,-3.0101864368276665,-2.402792140205012,-0.6073942966226547,239.60686065269843,217.3311093180047,14.255585857503998,0,225.78971910578596,225.57032407318792,5.899766858626409
2025-10-01,222.39888644185217,222.39888644185217,218.30993221841416,219.9455108642578,30894,223.7374945746528,227.6932178844105,232.71636596679687,250.42989143371585,222.98008662881116,225.94166557269477,40.673906875185125,-3.163322335131795,-2.554898179190369,-0.6084241559414263,239.89149681640845,216.60965369628684,13.83495283284988,0,225.78971910578596,225.57032407318792,5.733787865115981
2025-10-03,220.7932287772132,220.7932287772132,215.45764395030324,216.9037475585937,85978,222.25040351019965,227.5558617331765,231.67696716308595,249.80572456359863,221.7648188147677,225.1200366623219,37.77608629500688,-3.4898991307207154,-2.7418983694964383,-0.7480007612242772,239.0406518636579,215.3930868448382,13.949135216831865,0,224.59296205789133,225.57032407318792,5.773680952617478
2025-10-06,217.0932256337873,218.35980654776176,213.0740899128446,214.16116333007807,64629,220.5139855278863,227.09438254616472,230.51507568359372,249.15963813781735,220.24408771782976,224.1237754502997,35.33186035488765,-3.924774859103934,-2.978473667417937,-0.9463011916859964,237.84903281078616,214.116377040288,14.447186259266593,0,221.9700505356229,225.57032407318792,5.654004954151079
2025-10-07,214.4204518772132,219.9056262275605,211.1093938739823,214.2608795166016,195965,219.11000230577255,226.03451954234723,229.43674591064453,248.50186492919923,219.0474460775841,223.22714854723623,35.49528074648886,-4.212808114506487,-3.2253405568356475,-0.9874675576708394,237.8319700392061,212.4450029222196,15.217343404431215,0,219.74605878023235,226.5676281547916,5.931114149182101
2025-10-08,214.0215405975161,216.1757066394705,199.56062610356668,200.2786865234375,567159,216.4106326633029,224.2815302068537,228.08374603271488,247.7992974853516,215.29369416675485,221.1409247268909,25.69140090229472,-5.505854600507291,-3.681443365569976,-1.824411234937315,240.758512917883,207.01622310506613,17.301903751907158,0,212.82477112569552,223.12692964057527,6.657720379609259
2025-10-09,201.4455355347781,209.0848762156677,200.737442664742,205.43475341796875,265190,214.5201873779297,223.1128713434392,226.9671597290039,247.13544189453123,213.32190601699764,219.7130909715343,33.03643574630689,-6.044870247804482,-4.154128742016877,-1.890741505787605,240.6479227167766,204.3413427251178,19.237566931706247,0,211.98204885222077,223.12692964057527,6.754600691157752
2025-10-10,204.45737598308096,206.0730195097993,200.7773354144054,201.9541473388672,111762,212.51671346028647,222.0516482266512,225.73719360351564,246.51908882141117,211.0483542813716,218.09864155038275,30.821650163581157,-6.67594372994219,-4.65849173960194,-2.01745199034025,241.23035006818716,201.0881344288831,21.0349684558054,0,211.98204885222077,223.12692964057527,6.642760693861062
2025-10-13,201.46546922029864,203.8390587133977,200.90698115548904,202.3630523681641,64630,210.6373494466146,220.64590246027169,224.59100494384765,245.95849548339845,209.31129389873007,216.66813344290836,31.403475827123728,-7.061676185349029,-5.139128628751358,-1.9225475565976708,241.11019745569436,198.4816574027041,22.70398415675461,0,211.98204885222077,223.12692964057527,6.33787055896146
2025-10-14,202.4528026023714,204.3975432291581,198.27409453747745,198.9123687744141,119511,208.2460344102648,219.2936484596946,223.68317169189453,245.40501930236815,207.2315088738669,215.05397301849973,29.173602910153093,-7.558681487686584,-5.623039200538404,-1.9356422871481804,240.71078363427543,195.649804439455,24.543274569354207,0,210.3364904896648,219.5067032742736,6.414804517786637
2025-10-15,199.46088155807368,204.34766706918344,197.58594440177737,203.4201812744141,93402,206.4098866780599,218.10232266512784,223.07657501220703,244.9392366027832,206.46924335397637,213.99635558721923,35.606273869557626,-7.502336707607043,-5.9988987019521325,-1.5034380056549104,239.45885001447485,194.17410896990015,26.32521200757572,0,209.1895865894953,217.15306671678445,6.61284057395945
2025-10-16,204.44741571633665,209.2344802010313,203.4999795163048,204.1980895996093,107235,204.99814690483944,216.87382507324216,222.2851992797852,244.46117919921875,206.01501260310292,213.1056041338001,36.67512637154484,-7.310639857300032,-6.261246933021712,-1.0493929242783198,236.83007086667175,193.70326653567187,26.556854683217075,0,208.7457853146689,217.15306671678445,6.700462543929122
2025-10-17,203.4800242591089,205.7439096053431,200.6576508596989,203.10104370117188,57805,203.76924472384985,215.61948741566047,221.73528533935547,244.05945251464843,205.43221882271675,212.19609863992483,35.77331750449908,-7.164651515113775,-6.441927849440125,-0.7227236656736498,235.0051754546019,192.85738100291763,27.15954698346485,0,208.7457853146689,216.9236776367132,6.711148232214108
2025-10-20,203.10104199978807,206.5317716893091,200.4282734197918,204.3875732421875,101067,202.67221069335935,214.21918140758163,221.27752258300785,243.6094486999512,205.22328970661093,211.486232694676,37.70776282719951,-6.86599559685132,-6.526741398922365,-0.3392541979289554,232.63381558822925,192.63874147964188,27.502413499156884,0,206.88082552062397,216.9236776367132,6.8664422487212375
2025-10-21,205.44470804510703,208.27704891154937,202.8517104972805,207.1800231933593,59831,203.43902587890625,213.19059822776097,220.8676306152344,243.1746504211426,205.61463640396065,211.0947591036472,41.80487533829732,-6.331001412969869,-6.487593401731866,0.1565919887619973,229.91367720019167,193.09798966992557,27.34100427543853,0,203.41021230140436,216.9236776367132,6.605006116815299
2025-10-23,210.421263193781,213.87192793458465,208.4366219371708,209.61343383789065,158819,203.903323703342,212.25086489590728,220.45674102783204,242.76917831420897,206.41439589074665,210.9600931703966,45.18811958659795,-5.645580033294237,-6.31919072804434,0.6736106947501028,227.5706055813739,193.71273182096985,25.854031381698704,0,205.728936168181,216.9236776367132,6.79093115380011
2025-10-24,211.5282823009547,212.38596474626613,207.85819397067127,210.78030395507807,67826,204.88400777180988,211.3868366588245,220.10329650878907,242.36033935546877,207.2875775036129,210.9437486962767,46.7857149050456,-4.951148230373349,-6.045582228510142,1.0944339981367932,225.5639194555596,194.34014701172555,24.582562699666344,0,205.728936168181,216.9236776367132,6.733230150134746
2025-10-27,211.4285422704993,217.31263240700184,210.92989004816323,216.51480102539065,174975,206.4564242892795,210.91493086381388,219.87551208496092,242.0453273010254,209.1330222079685,211.45020799892345,53.89743516875269,-3.8932016301070007,-5.615106108829514,1.7219044787225135,224.47256085630784,194.8381096148836,23.258954162041235,0,207.4492884043896,216.9236776367132,6.822273851349506
2025-10-28,217.2129171725822,223.5457914429029,214.420461605812,221.8802947998047,295934,209.00841606987848,210.792534568093,219.76142059326173,241.68950141906737,211.68247672633572,212.39839770809445,59.36890494078863,-2.5919425210549605,-5.010473391274603,2.418530870219642,224.8666296400976,194.6335290513086,23.043225590270318,0,210.56586792234012,216.9236776367132,6.845780814457555
2025-10-29,222.3988900972369,226.4080582065708,217.9110201176962,222.7978057861328,201799,211.16148546006943,210.80840024081135,219.67824523925785,241.40341751098632,213.9055425382952,213.3437984424616,60.23793364989987,-1.4697079549845284,-4.302320304016589,2.8326123490320603,225.58212906753025,194.27007735336815,23.238789622344992,0,213.4181658131813,215.7269205888186,6.265920639669752
2025-10-30,222.1495641074933,225.4606221542224,221.0824410517492,222.19943237304688,86854,213.16163465711804,210.9090375033292,219.60504302978515,241.12180221557617,215.56432050524555,214.1488560725148,59.34644462372579,-0.6214490321272592,-3.566146049638723,2.944697017511464,225.9374466096963,194.09128263835055,23.420384794985765,0,213.4181658131813,214.2259777800893,5.949634311829966
2025-10-31,222.19943390750203,222.19943390750203,217.41236951681125,218.94821166992188,60992,214.92243109809027,210.894077647816,219.3970053100586,240.8405924987793,216.2410987381808,214.5851611268245,54.61677470801714,-0.2091333049854995,-2.8947435007080786,2.685610195722579,225.7623862101117,194.16661311850152,22.7475784787054,0,213.4181658131813,212.98433404412987,5.913304332922599
2025-11-03,218.9482048352073,222.93742249997865,217.67165639989307,220.63365173339844,101870,216.72755093044705,210.9031434492631,219.19754425048828,240.6334615325928,217.1196093372244,215.13502390924032,56.54997862063051,0.2507404270978952,-2.265646715146884,2.516387142244779,226.37608802512392,193.92590172096985,22.244935370177167,0,214.62988435192565,211.9970013041741,6.079996371649522
2025-11-04,221.30184556528064,223.8948431543541,218.2201785478216,219.6463317871093,49524,218.11269632975257,210.88954440030184,218.9859161376953,240.3870761871338,217.62495382720132,215.5451428072284,55.07009549153017,0.5294223533612694,-1.7066329014452533,2.236055254806523,227.11455302216285,193.73595356963403,21.94088382557852,0,217.13312608862103,211.9970013041741,6.047940365567513
2025-11-06,215.41775344449363,226.3881019995373,214.4204490303988,224.2239532470703,228680,219.73608737521695,211.2222810225053,218.91331237792969,240.1648222351074,218.9447537111752,216.33412557448676,60.26243280739219,1.10689597497921,-1.1439271261603603,2.2508231011395705,228.65686863491288,193.18994532993088,20.78599880860965,0,217.13312608862103,211.9970013041741,6.419792529976972
2025-11-07,221.9999715908726,233.07004160265112,216.4150607112608,231.86331176757807,368283,222.07864379882807,212.0269241333008,218.9452261352539,239.97753219604493,221.52846532245576,217.7458697738587,67.09639516935617,2.156125891273291,-0.4839165226736303,2.6400424139469214,231.801121994873,193.2041544943848,20.81694066743955,0,221.9999658254072,215.32799300221424,7.1941269560321945
2025-11-10,236.9595475092113,236.9595475092113,218.50941486481,220.17491149902344,242870,222.4853227403429,212.2957437688654,218.9757437133789,239.73329231262207,221.2577545577693,217.96669174887367,52.28140349615472,2.021192888128695,0.0171053594868348,2.00408752864186,232.52746436303372,193.95182793432951,21.37005081939344,0,225.68999826980505,217.27274595549432,8.148689377371985
2025-11-11,221.80049848248788,224.39349607980657,216.43501101312032,218.3199157714844,94828,222.0897250705295,213.11579964377665,219.1728109741211,239.4703275299072,220.67018680051237,217.99880302365645,50.38017456930383,1.7444657434324995,0.3625774362759678,1.3818883071565318,232.70789244646937,195.40797669415565,21.417131665088014,0,225.68999826980505,217.27274595549432,8.281188434312625
2025-11-12,218.90832318662805,223.2166856444808,218.90832318662805,221.989990234375,66754,221.99996778700088,213.86831040815875,219.5021206665039,239.27097297668456,220.9341474872849,218.36163822463087,53.94837148795003,1.8005462482637142,0.6501711986735171,1.1503750495901972,233.156071086,196.9224918412461,21.460849593232982,0,225.68999826980505,217.27274595549432,8.243433538507448
2025-11-13,223.1999969482422,223.1999969482422,214.5800018310547,216.17999267578125,132091,221.33114115397132,214.51493974165484,219.6314569091797,239.00825065612796,219.98331652498416,218.1633068110991,48.056763309587886,1.3604893314400783,0.7922348252268294,0.5682545062132489,232.3525942341444,199.4527310832384,20.54718327671618,0,225.68999826980505,217.27274595549432,8.381154279647602
2025-11-14,216.17999267578125,217.6000061035156,212.6699981689453,213.8000030517578,91657,220.75911797417533,215.03480113636363,219.5089453125,238.694833984375,218.7466538303389,217.76664283297717,45.84794890634963,0.8103545196881612,0.7958587641190958,0.0144957555690653,231.835748342636,201.0075591524812,19.314909122488373,0,224.8147728390783,217.27274595549432,8.409885505288702
2025-11-17,214.8000030517578,224.8999938964844,213.3000030517578,219.57000732421875,365534,220.64093526204428,215.97378470680923,219.4140713500977,238.5027767944336,218.9113245291149,217.93058505945365,51.65006432232036,0.8303876488003539,0.8027645410553474,0.0276231077450064,231.53381448409917,202.84668478347896,19.33889167796321,0,224.8147728390783,217.27274595549432,8.771861390488905
2025-11-18,219.0,219.1499938964844,213.009994506836,213.67999267578125,92230,219.97800869411893,216.44013977050776,218.9361138916016,238.31509002685547,217.8650581584482,217.5441675700289,46.20744082579787,0.366761294824272,0.7155638918091324,-0.3488025969848604,230.578560019598,204.85983414544108,19.299765071435345,0,224.8147728390783,217.27274595549432,8.58862446050975
2025-11-19,214.1999969482422,216.38999938964844,211.67999267578125,213.4499969482422,106545,218.7809024386936,216.8606810136275,218.42822479248048,238.1299835205078,216.982045916407,217.17197024077552,46.00358777948003,-0.0190055795170565,0.5686499975438947,-0.5876555770609512,229.61427955852903,206.73035697711552,18.972700217353005,0,224.31977009249627,217.27274595549432,8.318122219437795
2025-11-20,213.4499969482422,216.0800018310547,209.9499969482422,211.0500030517578,108121,216.46831258138025,217.22199734774503,218.0263198852539,237.86598182678225,215.7956373434772,216.61542776904665,43.830597741684734,-0.5124805003927122,0.3524238979565733,-0.8649043983492855,229.136252009074,207.5953825124104,18.29370445265565,0,223.45477222872677,217.27274595549432,8.443252489462031
2025-11-21,210.0,210.009994506836,208.0,209.2400054931641,65188,215.2533230251736,217.44256245006216,217.70509887695312,237.5944223022461,214.48451097341456,215.94493483487548,42.21122608295072,-1.037653186660151,0.0744084810332284,-1.1120616676933794,229.18256543874827,207.51172624826347,17.251408163395702,0,216.4499969482422,217.27274595549432,8.319176679538248
2025-11-24,208.9900054931641,210.3600006103516,204.5,205.2100067138672,44066,213.79666646321616,217.35301624644887,217.14350982666016,237.2751091766357,212.6296101215051,214.96903227842017,38.7760840554137,-1.758769545056765,-0.2922271241847703,-1.4665424208719948,229.95808608252523,206.17917588036545,16.439160438221876,0,214.6999969482422,218.69391046450156,8.361622001700107
2025-11-25,205.2100067138672,205.25,202.0,203.83999633789065,62243,211.7800004747179,217.09058726917613,216.64707061767575,236.90119926452635,210.87168736478225,213.957301738372,37.65423560678414,-2.412992368151293,-0.716380172978075,-1.6966121951732185,230.91753495084856,203.9522465432921,16.13103818857156,0,213.4499969482422,218.69391046450156,8.188431672662071
2025-11-26,204.8999938964844,211.5,204.759994506836,210.5500030517578,59095,211.1544460720486,217.08011904629797,216.26548370361328,236.6148031616211,210.80735050217737,213.6475473123162,45.90857708248704,-2.362790427667278,-1.0456622239159157,-1.3171282037513623,230.51569581767504,203.2210565016609,15.32666690160986,0,213.4499969482422,218.69391046450156,7.880742436445702
2025-11-27,210.009994506836,214.47000122070312,207.9199981689453,209.1600036621093,95373,210.6388905843099,216.7458100752397,215.8241830444336,236.3072822570801,210.4778811341638,213.239588798661,44.5915214906633,-2.407415178568641,-1.318012814846461,-1.08940236372218,229.94872060507797,202.42425150185568,15.068888184903498,0,213.4499969482422,219.47977375460565,7.15895830504338
2025-11-28,208.1999969482422,212.5,208.0,209.4499969482422,138147,209.5144449869792,216.1807965365323,215.39925354003907,235.9972324371338,210.27230429697948,212.8950804486229,44.946379146341286,-2.391809291878843,-1.5327721102529377,-0.8590371816259057,229.3196396255512,201.77838893890197,14.829522233676162,0,210.5749969482422,219.47977375460565,6.162520259014717
2025-12-01,209.0500030517578,211.3999938964844,207.1000061035156,209.0500030517578,65171,209.00000169542105,215.55589641224253,214.87636749267577,235.69612457275392,210.0278440479352,212.54552795799884,44.52282322817412,-2.384233716649078,-1.7030644315321657,-0.6811692851169122,229.02043146677173,201.08777623586496,14.410357813130007,0,209.19499969482425,219.47977375460565,5.901199025177756
2025-12-02,207.1000061035156,207.8999938964844,205.13999938964844,206.77999877929688,52667,208.2588907877604,214.8550130670721,214.41579040527344,235.40206909179688,209.37827499420752,212.0213889417532,42.09823535524831,-2.5322106442107213,-1.868893674067877,-0.6633169701428443,228.5352312527006,200.18761115452597,13.595380908814438,0,209.04000091552732,219.47977375460565,5.830715724400112
2025-12-03,205.75,207.3000030517578,204.509994506836,205.3099975585937,28862,207.62111239963107,214.2350942438299,213.91623901367188,235.1404525756836,208.5646195070848,211.41126245237507,40.5579303647363,-2.736554936752867,-2.042425926604875,-0.694129010147992,228.13947981077507,199.14972917359995,12.70189103642466,0,208.2350006103516,219.47977375460565,5.41428811209542
2025-12-04,205.0,206.9499969482422,203.0,203.75,35493,207.0111117892795,213.46765552867544,213.3954605102539,234.92102088928223,207.60169560566783,210.7147840476137,38.93006362111036,-2.9899121798944464,-2.231923177262789,-0.7579890026316569,226.85949886388656,198.3823147957814,12.047504003088571,0,208.2350006103516,219.47977375460565,5.344287327357699
2025-12-05,204.3000030517578,204.3000030517578,200.3500061035156,201.5,44540,206.59888882107205,212.642822265625,212.8875259399414,234.67492095947264,206.38135648453428,209.87707640692156,36.645481464559374,-3.333825550676096,-2.452303651945451,-0.8815218987306448,222.9820556434148,199.22342683949535,11.988443810828985,0,207.41000366210935,218.65477680636343,4.7978591918945295
2025-12-08,201.009994506836,203.1999969482422,199.5500030517578,201.27999877929688,57470,206.31444464789496,211.59991524436256,212.42166564941405,234.432197265625,205.3610849434868,209.0955238953193,36.42042374331458,-3.5828309892571326,-2.6784091194077875,-0.9044218698493453,222.00475519439104,198.31123601654647,12.093610740286891,0,207.01000213623047,218.25477528048452,4.590000697544645
2025-12-09,201.27999877929688,206.0,196.0599975585937,204.27999877929688,247824,205.6177775065104,210.34612829034975,212.05829040527345,234.30593536376952,205.14486771064884,208.65774888477185,41.68023430983264,-3.4977744982393237,-2.842282195174094,-0.6554923030652287,220.92421742157308,197.98778209014569,12.84636999893469,0,205.2649993896484,216.5097725339025,4.963571820940296
2025-12-10,204.27999877929688,209.67999267578125,202.8500061035156,206.6300048828125,56399,205.336666531033,209.73045071688568,211.79118225097656,234.18868797302247,205.4418951450816,208.4734085209573,45.48477883687445,-3.2038092449023168,-2.9145876051197392,-0.2892216397825775,218.569497820386,198.80650315617652,12.60443459029353,0,204.27999877929685,216.5097725339025,5.013570513044093
2025-12-11,204.5,205.6199951171875,202.88999938964844,204.3699951171875,23623,204.77222188313803,209.0963634144176,211.4930355834961,234.11236351013184,205.2275151395028,208.10037093879643,42.60615291753776,-3.1172696203730084,-2.9551240081703933,-0.162145612202615,217.49347255325756,198.7015286674456,12.379780282269596,0,203.72999572753903,216.5097725339025,5.062856401715968
2025-12-12,206.3000030517578,213.0,204.3000030517578,210.77999877929688,79076,204.9644436306424,208.5868183482777,211.2999514770508,233.97234703063964,206.33801186746163,208.343973469751,51.90361157084921,-2.502604156651841,-2.864620037866683,0.3620158812148415,217.04909242333255,198.84390837012444,12.382739500263204,0,204.52999877929685,216.5097725339025,5.265713282993867
2025-12-15,210.0,219.0,210.0,215.3099975585937,304921,205.91222127278644,208.54727311567828,211.2072412109375,233.8564726257324,208.1324090056881,208.9772483869185,57.182524167311456,-1.6311415214090346,-2.6179243345751533,0.9867828131661188,215.83521390010569,199.63178591678889,13.317259845172238,0,207.52999877929685,216.5097725339025,5.676427568708154
2025-12-16,214.1999969482422,219.25,213.5,218.0399932861328,123358,207.326665242513,208.7399999445135,211.2299661254883,233.7510153198242,210.11392586177703,209.8011342868471,60.02972258324287,-0.7120057061711407,-2.236740608894351,1.5247349027232104,216.91566197581395,198.9873379021157,14.220375175861806,0,207.65499877929685,210.47999572753903,5.539998735700343
2025-12-17,216.9600067138672,216.97000122070312,208.6000061035156,209.5399932861328,54978,207.9699978298611,208.2840902155096,211.13754272460935,233.605047454834,209.9991393466482,209.77739419587303,49.08536367413893,-0.6618337061281352,-1.921759228341108,1.2599255222129728,216.3793144217709,199.1326850899478,13.953098756075336,0,207.65499877929685,210.47999572753903,5.746426173618872
2025-12-18,208.8500061035156,211.1199951171875,207.0,209.8099975585937,44432,208.89333089192704,208.10818134654653,211.04852508544923,233.46540321350096,209.9613109890373,209.78035813793855,49.400938857455046,-0.5934440922670206,-1.6560962011262903,1.06265210885927,216.23503305305624,199.15296590934608,13.37796057839084,0,207.65499877929685,210.47999572753903,5.719282967703693
2025-12-19,209.0,211.8000030517578,208.259994506836,209.88999938964844,21276,209.84999762641056,207.94636327570132,211.24075134277345,233.3522705078125,209.94704866915956,209.79032552445767,49.50081426092488,-0.5267176778783664,-1.4302204964767058,0.9035028185983394,216.2971973010569,199.15580105099383,12.968990130596175,0,207.65499877929685,210.47999572753903,5.664998735700337
2025-12-22,210.9900054931641,217.0,210.2400054931641,211.3099975585937,64088,210.631108601888,207.95818120783025,211.35825622558596,233.2387773132324,210.21963844704635,209.92847752756091,51.3368814338728,-0.3551604602178315,-1.215208489224931,0.8600480290070995,216.65909638468523,199.4039010518381,13.465825644289986,0,211.0500030517578,210.47999572753903,5.893569946289064
2025-12-23,212.2700042724609,212.4900054931641,208.5200042724609,210.17999267578125,39985,211.02555168999564,208.0009078979492,211.52277313232423,233.1297801971436,210.21170929279333,209.9513425410355,49.78561884344369,-0.3068449617028079,-1.0335357837205064,0.7266908220176984,216.79156985831293,199.9054272119995,13.540000243420598,0,211.06999969482425,207.65499877929685,5.977855137416305
2025-12-24,208.509994506836,211.0,207.3699951171875,208.02999877929688,31665,211.43221876356336,208.12908935546875,211.63611206054688,232.96755851745604,209.77536719009407,209.776674926332,46.882856431633705,-0.4370036145891731,-0.9142293498942398,0.4772257353050666,216.6022132065056,199.84278343656072,13.351086634608862,0,211.7750015258789,207.65499877929685,5.954998561314184
2025-12-26,206.1000061035156,209.97999572753903,206.1000061035156,207.7700042724609,29133,211.0977749294705,208.3077260797674,211.8132647705078,232.8207978820801,209.37429460656745,209.59425032143457,46.5295528109643,-0.5547399715031531,-0.8423314742160225,0.2875915027128694,216.5230254797747,199.78297122432687,12.889473996047007,0,212.6750030517578,207.65499877929685,5.9499980381557
2025-12-29,208.3999938964844,209.3000030517578,203.0,203.92999267578125,51426,209.83332994249133,208.006816517223,211.82346099853515,232.63598724365235,208.2854342204102,209.07931780819337,41.54930621361768,-0.9469874443588822,-0.8632626682445945,-0.0837247761142876,216.4290121368574,199.32498413999804,12.139006429479064,0,211.125,207.65499877929685,6.139284406389517
2025-12-30,203.9900054931641,204.6000061035156,202.0,202.8800048828125,35654,208.14888678656683,207.72136202725497,211.7970993041992,232.46691535949708,207.2043483528907,208.515743905886,40.279769278273584,-1.3272716707435563,-0.9560644687443868,-0.3712072019991694,216.3834501030209,198.7535463569401,11.646102636901182,0,209.5,207.65499877929685,5.614998953683037
2025-12-31,203.4900054931641,205.5800018310547,202.0,203.9499969482422,32209,207.5277760823568,207.47136202725497,211.81407836914065,232.34109237670896,206.553478071961,208.10067600064565,42.21735088630163,-1.5247340574694022,-1.06979838648939,-0.4549356709800121,216.384939785376,198.4690564914795,10.96329590043312,0,209.5,207.65499877929685,5.382857186453683
2026-01-01,204.6000061035156,204.9900054931641,203.0200042724609,204.13999938964844,27344,206.89777628580728,207.24818004261363,211.80912689208984,232.17369491577148,206.0707823354985,207.74061449055495,42.5736486184677,-1.6469082790088692,-1.185220364993286,-0.4616879140155832,216.39963311986716,198.33736334009384,10.329261073712775,0,209.5,207.65499877929685,5.256428309849334
2026-01-02,203.0,205.88999938964844,202.8000030517578,204.08999633789065,54092,206.25333150227863,207.1259072043679,211.7473263549805,231.9992336273193,205.67462513597692,207.40874011304004,42.49937746127052,-1.72784948486796,-1.293746188968221,-0.434103295899739,216.3891920605608,198.38180403318924,9.667791723307277,0,209.5,207.65499877929685,4.855713980538509
2026-01-05,206.1600036621093,206.1600036621093,202.8000030517578,204.0599975585937,140394,205.44777594672308,207.0690890225497,211.6362576293945,231.873811416626,205.3516996205003,207.10430897172677,42.45152939226018,-1.7739674321389032,-1.389790437602357,-0.3841769945365458,216.2332044607909,198.7937913888185,9.123442357213586,0,207.24500274658203,207.65499877929685,4.4528568812779
2026-01-06,203.3999938964844,212.0,202.97000122070312,206.77999877929688,153047,205.0699988471137,207.20681623979047,211.5562515258789,231.77919799804687,205.6373594522597,207.0748262269604,48.15144829203112,-1.5729034195784095,-1.4264130339975678,-0.1464903855808417,216.01332682079592,199.56366902881345,9.92775532030229,0,207.0,207.65499877929685,4.687142508370534
2026-01-07,206.0,210.83999633789065,205.3999938964844,209.0599975585937,94308,205.18444315592444,207.55045249245384,211.40715545654297,231.69598457336423,206.32188707352648,207.255296348018,52.40675084260265,-1.215569565012089,-1.384244340200472,0.168674775188383,216.09943528069044,199.9555604468486,10.67461735745609,0,207.0,207.65499877929685,4.401429312569751
2026-01-08,206.9499969482422,208.9900054931641,203.1999969482422,204.2899932861328,34273,204.79777526855463,207.68727042458275,211.05534942626957,231.52257301330567,205.91550831604775,206.98572334239205,44.22842952476401,-1.302267660063734,-1.3678490041731244,0.0655813441093904,216.1341345381228,199.68686002974823,10.718024454438911,0,207.0,207.65499877929685,4.525715419224322
2026-01-09,204.0,204.8300018310547,197.3999938964844,198.47999572753903,66558,204.1922200520833,207.42363392223007,210.56899322509764,231.302852935791,204.42840579834603,206.2124753774054,36.71321736439946,-1.8188284496351912,-1.458044893265538,-0.3607835563696533,216.7454591120692,198.48653551683708,10.551266625063214,0,204.6999969482422,207.65499877929685,4.803572518484927
2026-01-12,197.0,197.69000244140625,192.009994506836,194.57000732421875,98855,203.2688869900173,206.8754522150213,210.0164047241211,231.05880836486816,202.4567261035206,205.15406919075207,32.68781067747025,-2.514721836035676,-1.6693802818195655,-0.8453415542161105,217.49683564034373,196.1141598430547,11.379865943036076,0,202.004997253418,205.629997253418,4.757858276367175
2026-01-13,196.5,198.97000122070312,192.8000030517578,193.8300018310547,61118,202.1444430881076,206.3963616111062,209.51404052734372,230.754861907959,200.7313812490274,204.12460852168869,31.973283560945237,-3.0903114306926227,-1.9535665115941767,-1.1367449190984455,217.1186081193637,194.3443877912808,11.826353933468887,0,202.004997253418,205.629997253418,4.915000915527328
2026-01-14,192.5,196.3099975585937,192.5,193.6000061035156,44976,200.97333272298172,205.61545285311607,208.97336761474608,230.4958210754395,199.30510621992505,203.1678264836729,31.74105069160767,-3.5244019525700594,-2.267733599789354,-1.2566683527807054,215.57602668327635,193.4429705091065,12.295404090493308,0,202.004997253418,205.629997253418,4.927857535225984
2026-01-15,193.6000061035156,193.6000061035156,193.6000061035156,193.6000061035156,0,199.80777825249564,204.62863505970347,208.4524411010742,230.3065601348877,198.1640861966432,202.29802463093137,31.74105069160765,-3.824337239481764,-2.579054327727836,-1.245282911753928,215.52444857115952,191.9005499029616,12.730950664873124,0,202.004997253418,205.629997253418,4.65071541922431
2026-01-16,193.1000061035156,195.52999877929688,192.3000030517578,193.1100006103516,35227,198.5911119249132,203.4954535744407,207.83016204833984,230.094457321167,197.15326907938487,201.4627497199696,31.181443594941346,-4.054835839913068,-2.8742106301648827,-1.180625209748185,215.2235551845678,190.5314435947291,12.589136843909111,0,202.004997253418,205.629997253418,4.431429181780113
2026-01-19,190.1000061035156,195.0,188.0,188.3699951171875,43636,196.54555596245655,202.5331809303977,206.960295715332,229.86561752319332,195.3966142869454,200.2724993015348,26.343150181716386,-4.567337052356237,-3.2128359146031538,-1.3545011377530831,215.2739364564385,188.32906189561237,13.312945204377986,0,199.4199981689453,203.625,4.745714460100428
2026-01-20,187.5,192.0,180.0,181.13999938964844,56428,193.4433339436849,201.22999919544569,206.17959747314453,229.56168434143063,192.545291307486,198.53318112772692,20.99252486799449,-5.493571712138419,-3.668983074110207,-1.824588638028212,215.8738970341594,184.71210150099685,15.154641719389923,0,194.49500274658203,199.625,5.347142900739379
2026-01-21,180.0,180.9900054931641,172.1300048828125,176.8000030517578,72445,190.3888905843099,199.72590845281428,205.34919921875,229.2284415435791,189.3962336563404,196.5574376662752,18.55606767458241,-6.502859866134088,-4.235758432514984,-2.2671014336191044,216.6974629120576,180.5505366606963,17.66230242485091,0,188.4800033569336,195.69000244140625,5.849999564034576
2026-01-22,180.0,184.5200042724609,179.9499969482422,183.72000122070312,58238,188.74889119466147,198.47181771018288,204.58379943847655,228.91174461364747,188.26098716921297,195.39039798940505,32.09013353641693,-6.667483382241784,-4.722103422460344,-1.94537995978144,216.07846107077677,178.73853874611777,19.117710478964533,0,185.5500030517578,194.56500244140625,6.180714198521181
2026-01-23,183.72000122070312,184.0,175.0500030517578,176.5399932861328,46428,186.7455563015408,196.9427268288352,203.7909994506836,228.63708419799804,185.9167883925969,193.6767248345621,27.064672057924383,-7.293243369616789,-5.2363314118916335,-2.056911957725156,216.0307004605201,175.66329825774156,20.949028561342963,0,185.5500030517578,194.56500244140625,6.57999965122766
2026-01-27,176.5399932861328,176.5399932861328,170.94000244140625,173.33999633789062,38288,184.46888902452255,195.36590853604403,202.98179931640624,228.4333625793457,183.4014299816557,191.82793133486467,25.172583183551357,-7.955667693264758,-5.780198668166259,-2.175469025098499,216.46298269085383,172.17201639361883,23.00153031254888,0,183.625,193.97000122070312,6.334999084472638
2026-01-28,173.88999938964844,184.3999938964844,173.88999938964844,178.25,56730,182.7633327907986,194.0240901600231,202.15539916992188,228.2006748199463,182.37114398532455,190.5935739407861,32.92146867844741,-7.992317025717938,-6.222622339676595,-1.7696946860413432,215.9541463026917,170.21785229349973,23.248055008632704,0,183.2350006103516,193.97000122070312,6.73642730712889
2026-01-29,179.10000610351562,182.009994506836,170.8000030517578,173.05999755859375,84153,180.48110961914065,192.62090856378728,201.3429992675781,227.9778968048096,180.5089146999784,188.99961245149584,29.44985006592681,-8.343967643043072,-6.646891400349891,-1.6970762426931811,215.4682621372414,167.61473651998514,23.800874069757533,0,183.16500091552732,191.6450042724609,7.118569510323653
2026-01-30,173.0,176.5,170.60000610351562,175.91000366210938,45900,178.5699988471137,191.3949994173917,200.59219940185548,227.7364434814453,179.58913249240462,187.8096480160971,33.59119480870284,-8.297038521372997,-6.9769208245545125,-1.3201176968184845,214.25730321919937,166.0026958652733,24.33530034537903,0,182.8000030517578,191.3000030517578,7.009282793317516
2026-02-02,170.0399932861328,176.38999938964844,168.1999969482422,172.27999877929688,65371,176.78222147623697,189.955454046076,199.81679931640625,227.4440641021729,178.1273057497831,186.3978617218425,31.088065719325897,-8.45529058454676,-7.272594776552962,-1.182695807993797,212.98384865022405,164.09515067838925,25.088770515075385,0,180.0999984741211,190.0999984741211,7.132140023367746
2026-02-03,200.0,206.72999572753903,195.1499938964844,206.72999572753903,1707725,179.62555440266928,190.07318115234372,199.76659912109372,227.26052101135252,183.8478437453343,188.24623754054215,60.880958073894526,-5.734772751167299,-6.96503037147583,1.2302576203085316,213.50040923486583,163.84558991064193,24.816597532125748,0,187.46499633789065,190.0999984741211,9.152139936174663
2026-02-04,206.88999938964844,227.6000061035156,199.67999267578125,225.5200042724609,2082722,185.0388878716363,191.0472724220969,200.17279907226563,227.19450286865236,192.18227585075965,191.63476178889843,68.80323852953029,-2.039041314011115,-5.979832559982888,3.9407912459717727,218.41124335053496,160.80875634428924,25.889388234554502,0,197.9000015258789,197.9000015258789,10.874283926827568
2026-02-05,223.9900054931641,233.0,216.0,227.72999572753903,810002,189.92888726128476,192.12318142977628,200.6505990600586,227.19111114501956,199.29181982611556,194.9161466924112,69.58346388113412,1.0560073219324124,-4.5726645835998285,5.628671905532241,222.97994275363848,158.10705675808023,27.15043636061606,0,200.5999984741211,200.5999984741211,12.08856964111328
2026-02-06,227.72999572753903,231.38999938964844,218.5200042724609,226.9199981689453,329563,195.52666558159723,193.0386359474876,200.97799896240235,227.1724787902832,204.8174554946815,197.82558773573248,68.90327704678603,3.40425351553958,-2.977280963771947,6.381534479311527,227.5292698316786,155.82073016832138,28.32140962053036,0,200.5999984741211,200.5999984741211,12.777141026088172
2026-02-09,226.9199981689453,232.0,224.07000732421875,225.3099975585937,169785,201.30111016167533,193.77727231112397,201.30099884033203,227.14529907226563,208.91596390746395,200.3241704469017,67.49107913904325,5.076819532889914,-1.3664608644395748,6.443280397329489,231.82852699457777,154.20447318852763,29.44104485981617,0,200.5999984741211,200.5999984741211,12.84356907435826
2026-02-10,224.8999938964844,236.88999938964844,221.6100006103516,228.259994506836,315077,206.85777621799045,194.8668178211559,201.6771987915039,227.1220269012451,212.7847700273384,202.86379081598665,68.75471064774369,6.564706402378704,0.2197725889240809,6.344933813454623,236.5986530857408,152.8033458156264,30.73945087123228,0,202.5449981689453,202.5449981689453,13.077854701450892
2026-02-11,228.0,229.9600067138672,218.6000061035156,223.3699951171875,110777,212.44777594672308,195.99818142977628,201.9635986328125,227.1332420349121,214.90181504530815,204.7279912070049,64.29346010476803,7.265532842805328,1.6289246397003303,5.6366082031049975,239.98555835475383,152.37043987522654,31.511597978284968,0,202.5449981689453,202.5449981689453,13.24571228027344
2026-02-12,223.8000030517578,223.8000030517578,217.0,217.3500061035156,87785,217.0522206624349,197.0336359197443,202.17499877929689,227.09540771484376,215.3914532569497,205.8754471066877,59.20070696400213,7.251588248398747,2.753457361440014,4.498130886958733,242.15539548047255,152.57560274950782,31.996099100676187,0,202.5449981689453,202.5449981689453,13.179998125348776
2026-02-13,218.8800048828125,225.69000244140625,212.0,219.8300018310547,128433,222.3355543348524,198.2154541015625,202.4653988647461,227.06798400878907,216.27916297177072,207.14404299072103,60.58579850236515,7.355858231064502,3.673937535364912,3.6819206956995902,244.5262132983856,152.82778450434884,31.73646780297569,0,216.0199966430664,202.5449981689453,13.518569946289066
2026-02-16,219.0,230.0,217.0,225.08999633789065,170310,224.37555440266928,199.6468172940341,202.89219879150392,227.08869438171388,218.04132964499476,208.7754932950092,63.42216820781588,7.773324494597972,4.493814927211524,3.279509567386448,247.51722431956915,153.03477305591906,31.81524818215833,0,218.28499603271484,202.5449981689453,14.047142028808596
2026-02-17,225.08999633789065,228.5,221.1000061035156,222.72999572753903,101303,224.06555345323352,200.9709077314897,203.3167987060547,227.09805236816408,218.9790628615036,210.0440844252392,61.29099719245516,7.823552151018077,5.159762371972835,2.663789779045242,249.9064896204088,154.0815078161146,31.888401391399366,0,224.44499969482425,202.5449981689453,13.785713195800785
2026-02-18,222.0,232.8000030517578,222.0,229.58999633789065,166296,224.272220187717,202.62908935546875,203.88299865722652,227.12519790649412,221.101249556781,211.82098550820749,64.97524661644006,8.320983529939213,5.792006603566112,2.528976926373101,252.78658917751684,156.04640795383077,32.279899757483335,0,224.44499969482425,202.5449981689453,13.75642830984933
2026-02-19,229.509994506836,237.5,226.009994506836,228.57000732421875,215380,224.45555453830292,204.45636263760653,204.368798828125,227.17310638427733,222.59500111026856,213.3436238551176,63.99987040708759,8.534516301166349,6.34050854308616,2.194007758080189,254.68844268154703,159.3215548770467,32.972492962154014,0,224.75,202.8499984741211,14.155714852469304
2026-02-20,228.57000732421875,231.77999877929688,225.0,226.509994506836,87147,224.5888875325521,206.51863514293325,204.76639862060543,227.2243923187256,223.37799978958208,214.5405666416374,61.97634214568984,8.440223104573988,6.760451455383726,1.679771649190262,256.26546478401326,162.0235321031938,33.445877560693035,0,224.75,202.8499984741211,14.055000305175778
2026-02-23,228.0,235.0,227.0,227.82000732421875,145557,224.54000006781683,208.8377262462269,205.2353988647461,227.2740217590332,224.26640129650943,215.74778852187208,62.782223139178335,8.374664236783474,7.083294011663677,1.2913702251197972,256.900649978789,166.51634831222665,34.11990191955673,0,224.75,202.8499984741211,12.200715201241623
2026-02-24,227.82000732421875,227.82000732421875,207.8999938964844,211.6999969482422,435980,223.2433336046007,210.10954423384237,205.253798828125,227.26011070251465,221.753120426856,215.37980746972391,49.01564022390502,6.941935928758198,7.055022395082581,-0.1130864663243826,255.062190485009,172.19080786704177,32.11584917504633,0,222.6999969482422,202.8499984741211,11.629286629813052
2026-02-25,212.57000732421875,212.9600067138672,203.1999969482422,204.5399932861328,120943,221.8199988471137,211.3822715065696,205.03839874267575,227.1587734222412,218.3104949987114,214.39436981667015,44.36257808548466,5.169149230863468,6.677847762238759,-1.5086985313752912,253.1973726489848,176.6846250316793,29.87305119883827,0,220.3499984741211,202.8499984741211,11.112144470214838
2026-02-26,204.5,207.0,199.8999938964844,201.42999267578125,105977,219.77555338541663,212.65908952192828,204.70619873046877,227.0140837097168,214.93439453412535,213.21579007658937,42.476395454597856,3.4732148834721954,6.036921186485447,-2.563706303013252,249.88921625164977,182.82978094073303,28.11742074550064,0,218.6999969482422,202.8499984741211,10.7000023978097
2026-02-27,201.4900054931641,202.1999969482422,195.1000061035156,196.7400054931641,81540,216.62555440266928,213.4995443170721,204.45019897460935,226.837488861084,211.2955167259331,211.71799147809617,39.73284771173884,1.7307805638717184,5.1756930619627015,-3.444912498090983,246.6628573154181,188.13914006007016,26.942841968060595,0,216.3000030517578,202.8499984741211,10.640716552734366
2026-03-02,188.97000122070312,196.72999572753903,188.1699981689453,193.72000122070312,154491,213.4022216796875,214.4386353926225,204.1283990478516,226.6927449035645,207.78041362488716,210.0818105456059,38.02948965525484,0.1049894534029363,4.161552340250749,-4.0565628868478125,241.72955004169387,195.216447577935,26.4502557060462,0,212.83499908447263,202.8499984741211,10.16143144880022
2026-03-04,192.94000244140625,194.0800018310547,187.17999267578125,190.38999938964844,107039,209.04666646321616,215.0968170166016,203.7383990478516,226.4645553588867,204.30233077783944,208.2916458950643,36.18730122624343,-1.4356161433550485,3.04211864352959,-4.477734786884638,243.6378794938485,191.6741184919914,26.074948778139262,0,212.33999633789065,202.8499984741211,9.84286063058035
2026-03-05,190.97999572753903,195.0,187.19000244140625,188.9100036621093,75429,204.63999938964844,215.8527263294567,203.29039916992187,226.25582328796384,201.2238653546934,206.5296784193411,35.36729699213443,-2.7443453596117706,1.8848258429013176,-4.629171202513088,244.4942095956433,187.1567883291614,25.60367820837097,0,211.08999633789065,202.8499984741211,9.915003095354349
2026-03-06,188.9100036621093,192.5,188.1000061035156,189.2899932861328,67835,200.5044436984592,215.0599989457564,202.8725991821289,226.0698306274414,198.8370909409813,204.96243431632217,35.76973185274191,-3.7081158540832746,0.7662375035043993,-4.474353357587674,244.3131075482417,183.49389013242237,25.166069822157557,0,211.08999633789065,202.8499984741211,9.251431056431358
2026-03-09,189.0,189.2899932861328,180.0,183.6600036621093,139382,195.59777662489148,213.15727164528587,202.3851992797852,225.8545938110352,195.8016734852069,203.02584971139373,32.537192018661415,-4.870064948202895,-0.3610229868370594,-4.509041961365836,244.32788389720855,179.15311433277188,25.487266615517083,0,203.91000366210935,202.8499984741211,8.986430576869415
2026-03-10,186.4100036621093,190.07000732421875,183.9600067138672,187.0399932861328,83547,192.8577762179904,211.3077260797674,201.9705990600586,225.6373571777344,194.0493374453921,201.57259003637003,36.26131290877896,-5.455295807511817,-1.3798775509720111,-4.075418256539805,243.5345893688146,176.11940843391974,25.66559863718829,0,196.4800033569336,202.8499984741211,8.915716988699776
2026-03-11,187.0,193.44000244140625,186.5399932861328,187.44000244140625,173581,190.95777723524304,209.51318081942472,201.6407992553711,225.42575134277345,192.72747044459493,200.2878093459188,36.70661723239512,-5.819731838088018,-2.2678484083952126,-3.551883429692805,241.7365719084796,173.83542668771184,25.31174181206263,0,193.5,208.75,8.63714599609375
2026-03-12,184.5599975585937,188.0,181.2400054931641,186.0500030517578,112000,189.2488894992404,207.72863561456853,201.30419921875,225.2129151916504,191.3919769660275,198.9934633191769,35.77138615588548,-6.149820054516113,-3.044242737619393,-3.10557731689672,240.3629351845652,171.47706420508322,25.480352395044623,0,191.0999984741211,208.75,8.299288068498885
2026-03-13,186.0500030517578,186.0500030517578,179.5500030517578,181.3099975585937,75400,187.53444417317704,205.5945448441939,200.85139923095704,224.96896827697756,189.37558108454076,197.38587552276024,32.71073528996736,-6.716472855394358,-3.778688761174386,-2.937784094219972,239.792147720695,168.44385081446123,25.788107328074283,0,188.13999938964844,208.5250015258789,8.279288155691967
2026-03-16,181.5500030517578,184.7100067138672,178.02000427246094,180.2100067138672,85272,186.0333336724175,203.6327271894975,200.3727993774414,224.7174324798584,187.542466210406,195.82443290377,32.025918306213896,-7.1716391587341946,-4.457278840686348,-2.714360318047847,238.5304662621664,165.74353276127115,26.212999539710506,0,186.51000213623047,207.76000213623047,8.15071650913784
2026-03-17,180.5,183.7400054931641,177.6699981689453,179.7100067138672,169358,184.8466678195529,201.9218181263317,199.88519958496093,224.4532009124756,185.97597431109827,194.35948506832423,31.70103805180368,-7.486408893160132,-5.063104851181105,-2.4233040419790264,235.89273940950704,163.8432606515281,26.640638836799813,0,186.33499908447263,207.58499908447263,7.1614303588867285
2026-03-18,180.7100067138672,188.0,180.5,185.2400054931641,77964,184.43889024522568,200.34954556551847,199.50879974365236,224.20567726135252,185.82878054751143,193.5304414705824,39.063740229175785,-7.20656865263075,-5.491797611471034,-1.7147710411597163,232.8933457403984,163.09365529719932,26.266246125763985,0,185.55500030517575,207.58499908447263,7.056429181780144
2026-03-19,180.6000061035156,183.9600067138672,176.99000549316406,177.4600067138672,56963,183.1244472927517,198.18454603715372,198.92239990234376,223.7956593322754,184.1550257807826,192.0694928563356,33.579282218783064,-7.5258211456911965,-5.898602318315067,-1.6272188273761294,228.06696500142624,162.70703707376907,26.29809517218919,0,185.2150039672852,207.24500274658203,7.138571602957604
2026-03-20,179.99000549316406,183.22999572753903,173.5,174.42999267578125,132734,182.09889051649304,195.98909135298297,198.2297998046875,223.3122004699707,182.21001915978235,190.46590193083065,31.71190514953373,-7.931893920834369,-6.305260638818927,-1.626633282015442,222.64289822618923,162.71710238416233,26.6809921316522,0,183.47000122070312,205.5,7.326429094587064
2026-03-23,172.0,178.1999969482422,161.36000061035156,162.14999389648438,377658,179.33333502875433,192.9236366965554,197.38699981689453,222.8015600585937,178.19801410712276,187.8917284731628,25.518217336840607,-9.139251195197204,-6.872058750094583,-2.267192445102621,217.91300986130068,161.01099068801574,28.021695237175656,0,177.4000015258789,199.43000030517575,7.917142595563624
2026-03-24,167.39999389648438,169.0,160.35000610351562,163.7899932861328,216763,176.70555623372397,189.97909060391515,196.6931997680664,222.31478660583497,175.3164099429248,185.7006616379782,27.553270724454777,-9.850209208755132,-7.467688841826693,-2.382520366928439,210.6591960391864,161.86180310632142,29.33583478001472,0,174.1750030517578,198.9250030517578,8.04214150565012
2026-03-25,165.2100067138672,170.99000549316406,165.2100067138672,167.85000610351562,94178,174.68333435058594,187.31272749467328,196.15879974365237,221.87342994689945,173.82312917504296,184.07787477120888,32.47226512456257,-9.97109883270582,-7.968370840002518,-2.002727992703302,206.654884940499,161.48111512053617,30.17628744137387,0,174.1750030517578,198.9250030517578,7.998571123395656
2026-03-27,165.6999969482422,166.27000427246094,153.10000610351562,157.88999938964844,199129,172.08111233181424,184.13409077037463,195.43999969482425,221.2981198120117,170.63650321796408,181.69715882743063,27.53333122234865,-10.746712619725455,-8.524039195947108,-2.2226734237783496,205.04427040583457,158.42673026555215,31.76548827175436,0,170.5500030517578,195.3000030517578,8.73785727364677
2026-03-30,155.5,176.0,153.82000732421875,167.17999267578125,473070,170.63333299424914,182.1104542125355,194.91159942626956,220.7790576171875,169.94520110952752,180.377416450008,37.13736470568974,-10.490835494197768,-8.91739845559724,-1.5734370386005274,202.2467703037721,157.79923036761457,31.688381595812704,0,170.5500030517578,195.3000030517578,9.658571515764516
2026-04-01,173.5,182.5399932861328,170.0,179.25,223054,170.58222113715277,180.96090906316584,194.6245993041992,220.19421447753905,171.806160887622,180.27492404546177,46.97083811861032,-9.207958694838709,-8.975510503445534,-0.2324481913931748,199.93235018583627,158.36464993623397,30.74327477072936,0,170.5500030517578,194.0500030517578,10.297857012067524
2026-04-02,175.1999969482422,179.9499969482422,173.2100067138672,177.9499969482422,80266,169.772220187717,179.89363653009588,194.32139923095704,219.67384483337403,173.03492809974608,180.06356703662362,46.13378129973671,-8.201625734286353,-8.820733549613697,0.6191078153273448,197.9801996182495,158.7398000765747,29.86567557600911,0,168.5300064086914,194.0500030517578,10.286427089146205
2026-04-06,178.0,180.75,173.82000732421875,176.02999877929688,69174,169.6133304172092,178.95227258855644,194.0745993041992,219.1722745513916,173.63394223565626,179.69687901323027,44.862188070340814,-7.472884656341677,-8.551163770959294,1.078279114617617,196.44245149450728,158.8415481392817,28.9399073101823,0,168.16500091552734,190.4600067138672,10.298569815499445
2026-04-07,176.0,180.0,174.19000244140625,175.77000427246094,88724,169.76222059461804,178.13636363636363,193.96719940185548,218.6874584960937,174.0611546430172,179.33989040043303,44.68258428784355,-6.837512893182861,-8.208433595404006,1.3709207022211451,195.0306970925805,158.93930260224369,28.0802653490574,0,167.81999969482422,183.0300064086914,10.24928392682757
2026-04-08,184.9900054931641,187.8999938964844,180.5,184.8699951171875,184475,172.28666517469617,177.88545435125175,194.12859924316408,218.172841796875,176.22292273785126,179.84262719286525,51.93562032354972,-5.5358689328018045,-7.673920662883567,2.138051730081762,194.27554569863636,159.25245417929335,26.19255531408762,0,170.5,180.0500030517578,10.637854439871656
2026-04-09,183.0,186.88999938964844,180.759994506836,184.2700042724609,107180,174.56222195095486,177.67454528808594,194.1395993041992,217.66223808288572,177.83233904477322,180.24511601828303,51.45656344304097,-4.5008381032187685,-7.039304150950607,2.5384660477318386,194.3586635114321,159.23033642753273,24.43968171018711,0,170.5,177.6500015258789,10.642139979771205
2026-04-10,184.5,195.72000122070312,184.5,192.07000732421875,126461,177.25333319769965,177.80090956254438,194.45019958496093,217.2445482635498,180.67987270066237,181.32010613700444,57.00843993678535,-3.016402445106422,-6.23472380978177,3.218321364675348,195.35607948343696,158.73592185933646,23.62633557973795,0,174.41000366210938,174.91500091552734,10.867854527064733
2026-04-13,192.0,196.0,185.0,189.2400054931641,158921,180.73666720920136,178.0545460094105,194.7681997680664,216.83414474487304,182.3918992591627,182.0400969875644,54.56985060187591,-2.0447632300300995,-5.396731693831436,3.3519684638013363,195.67742905625389,158.5945725916953,22.901615103024525,0,174.91000366210938,174.5500030517578,11.064283098493302
2026-04-15,192.3999938964844,195.0,190.6199951171875,193.5500030517578,87381,183.66666836208768,178.35045554421166,195.0741998291016,216.43245933532717,184.62352001768173,183.08645208430923,57.54816776294848,-0.9163878206092022,-4.500662919186989,3.5842750985777867,197.0860880935649,157.93591355438426,22.22866037464777,0,183.0,174.5500030517578,10.780711582728792
2026-04-16,198.0,199.009994506836,191.3000030517578,197.0599975585937,136305,185.6455569797092,178.78772804953834,195.55419982910155,216.01052436828613,187.11081552586413,184.35677440015328,59.856287871182666,0.2581097151873734,-3.5489083923121165,3.80701810749949,199.69919913918145,156.8978025087678,22.0702724177662,0,186.1100006103516,176.0550003051758,10.128568376813618
2026-04-17,197.0800018310547,236.0,196.0,226.94000244140625,3095351,191.0888909233941,180.64636438543147,196.5747998046875,215.74505210876464,195.07665290897256,188.2279769493581,73.20982722032798,3.5589488040820925,-2.127336953033275,5.686285757115368,211.16922358304595,150.1007776376572,24.37159897975959,0,204.91000366210935,194.5500030517578,12.367854527064734
2026-04-20,225.6100006103516,234.25,219.1000061035156,220.6199951171875,389403,196.0433349609375,182.43318245627665,197.5415997314453,215.456236038208,200.1853213506156,191.1727058737062,68.05338458018177,5.600358345824532,-0.5817978932617138,6.182156239086245,218.05182943737407,147.3091706236611,26.50854507303917,0,205.09500122070312,194.5500030517578,12.935710362025674
2026-04-21,218.5,226.5,215.2100067138672,224.2899932861328,164807,201.4344448513455,184.43681820956144,197.8927996826172,215.20412231445312,205.00625573771904,194.183368365745,69.40116353607755,7.4286949251018655,1.0203006704110025,6.408394254690863,224.6104292827479,144.65556955758413,27.945461741818463,0,208.25,194.5500030517578,12.688567025320877
2026-04-22,223.5200042724609,235.9499969482422,221.4499969482422,233.52999877929688,721747,206.8411119249132,186.8831814852628,198.05299957275392,215.0176058959961,210.71100434603463,197.760334766977,72.54205489690524,9.513589322279811,2.7189584007847647,6.794630921495049,232.79750311734404,142.07549492953098,29.7181785321043,0,208.379997253418,194.5500030517578,12.139996119907927
2026-04-23,236.0,259.0,235.009994506836,249.0800018310547,2417937,214.04222276475696,189.78499950062144,198.47999969482424,214.91764274597168,218.38480384303867,202.4257590455295,76.84892770468267,12.279092705140272,4.630985261655867,7.648107443484405,243.73638846477076,138.60161049763164,32.14704583269806,0,221.75,206.0500030517578,12.862139020647325
2026-04-24,249.0800018310547,264.79998779296875,244.0399932861328,260.1499938964844,2401269,221.6066657172309,193.5436352816495,199.144599609375,214.9075963592529,226.73784185372784,207.67341675925263,79.33406602280999,15.188941244451115,6.742576458214916,8.446364786236199,255.1174082248707,137.02059073753162,34.55569335790781,0,224.8999938964844,208.9499969482422,13.86356789725168
2026-04-27,262.0,280.9800109863281,260.0,267.4200134277344,1045482,230.29333326551648,197.77045440673828,199.9867999267578,214.91972526550293,234.87427616852912,213.1049255472965,80.79230173755764,17.875588339059874,8.969178834383909,8.906409504675965,266.2589503496356,136.2420506269269,37.160154658961474,0,235.8000030517578,217.04000854492188,14.867140633719313
2026-04-28,270.0,270.0,261.2799987792969,265.6600036621094,235010,238.30555555555557,202.4754548506303,200.73480010986327,214.91708549499512,241.0314216672452,217.8826599213704,79.33284935693374,19.63640122858601,11.10262331322433,8.53377791536168,275.162155660678,137.11984507174384,39.57858300993988,0,236.14000701904297,217.04000854492188,15.074998038155696
2026-04-29,265.45001220703125,265.7900085449219,257.2300109863281,259.6700134277344,150967,245.26222398546008,206.8336375843395,201.4608004760742,214.88872352600097,244.75914001934305,221.6815102401307,74.40648576987503,20.31434485577361,12.944967621734186,7.369377234039426,280.2804890843636,142.17951305186688,41.31165268486008,0,238.4900054931641,217.04000854492188,14.819998604910715
2026-04-30,260.0,273.0,257.2200012207031,264.1400146484375,311496,249.39555867513025,211.2104561545632,202.39660064697264,214.8904206085205,248.63531494516195,225.5413742772495,75.62300715890163,20.970576058717118,14.550089309130772,6.420486749586342,285.7189777142667,146.43702661922936,43.11324865904095,0,248.09500885009768,217.04000854492188,15.509283883231031
2026-05-01,264.1400146484375,264.1400146484375,264.1400146484375,264.1400146484375,0,254.23111640082465,216.04000230269,203.28280090332032,214.90057289123536,251.73625488581703,229.05034158372112,75.62300715890163,21.245736390838488,15.889218725472317,5.356517665366171,290.854616642289,149.79038915605085,44.78615920649462,0,248.09500885009768,217.04000854492188,14.691426958356589
2026-05-04,268.1499938964844,270.3500061035156,258.0,259.1499938964844,143098,258.10444980197485,220.22045690363103,203.96400085449216,214.8730924224853,253.2190026879505,231.7866736121541,71.2389955966086,20.821136860112944,16.875602352400442,3.9455345077125017,293.98690883739255,154.7780966557715,46.50506895437505,0,251.2150039672852,217.04000854492188,14.787855965750564
2026-05-05,255.3999938964844,264.8500061035156,254.0,262.54998779296875,84659,261.3288930257161,224.0068199851296,204.7604006958008,214.8720616912842,255.08519970895415,234.58333853768272,72.41251513491176,20.522420081513477,17.60496589822305,2.917454183290424,296.3875905471232,161.0294138474081,47.54853546447403,0,257.99500274658203,217.04000854492188,15.151428222656255
2026-05-06,261.04998779296875,273.0,261.04998779296875,268.79998779296875,240552,263.5200025770399,228.13636502352628,205.54460052490236,214.93087928771973,257.8281573257571,237.693943015436,74.47433142010925,20.553084484815717,18.194589615541584,2.3584948692741285,298.45797452051886,168.2620282260632,48.771232075461256,0,262.51000213623047,217.04000854492188,15.45428684779576
2026-05-07,269.0,272.0,264.54998779296875,266.79998779296875,139823,264.25889078776044,232.2622736150568,206.30920013427732,214.9453789520264,259.62252341919947,240.3399470861208,72.60435894279713,20.183341957661497,18.592340083965567,1.5910018736959302,299.96649147168745,174.94651054247268,49.90659321423512,0,267.49000549316406,217.40000915527344,13.129287719726564
2026-05-08,265.0,280.0,264.54998779296875,273.3500061035156,464336,264.91777886284723,236.69772824374112,207.24600036621092,214.9319506072998,262.3680199560627,243.3408615422476,74.83308073282114,20.186156629733432,18.91110339311914,1.2750532366142906,301.0684480210349,182.75255417623072,51.19862376004296,0,267.0,225.4900054931641,13.15071759905134
2026-05-11,273.29998779296875,277.5,267.3999938964844,272.45001220703125,252867,265.6722242567274,240.67863811146128,208.1386004638672,214.893381729126,264.38441840625643,245.9871479663188,73.94295181768436,19.88652580124136,19.106187874743583,0.7803379264977757,301.6523822316955,190.20662045385137,52.39836640972167,0,267.0,227.09500885009768,13.065718514578682
2026-05-12,272.45001220703125,276.8999938964844,258.6000061035156,265.8500061035156,377311,266.35889010959204,244.38682001287287,209.22160064697263,214.86433723449707,264.67753594570826,247.7928623424276,67.59326686718197,18.898649015091134,19.0646801028131,-0.1660310877219615,299.25983735330345,200.26016539327853,52.22496528140242,0,267.0,227.40000915527344,13.337146214076451
2026-05-13,265.0,274.95001220703125,263.3500061035156,272.1000061035156,159844,267.2433336046007,248.02454723011363,210.5728009033203,214.88370170593265,266.1620299772697,250.00260268434468,70.20273590192147,18.407877755114896,18.93331963327346,-0.5254418781585635,296.4096568056243,210.9653462461335,52.06394994796312,0,267.0,227.5850067138672,12.346432277134486
2026-05-14,300.0,301.6499938964844,268.79998779296875,270.29998779296875,1308844,267.9277750651042,251.70909188010475,211.95020080566405,214.89083320617675,266.9896215404096,251.8478195124014,68.4921715402016,17.670002768763766,18.68065626037152,-1.010653491607755,291.2866342686624,223.4123678065329,52.89381792634442,0,277.8249969482422,241.0749969482422,13.21000453404018
2026-05-15,270.29998779296875,278.29998779296875,265.54998779296875,268.29998779296875,258302,268.9444410536024,255.10681845925072,213.38140045166017,214.87105445861815,267.2516947909214,253.34347117427117,66.55180847342149,16.730983873260612,18.29072178294934,-1.559737909688728,290.4704464070333,228.36455420331828,53.25894066176057,0,277.8249969482422,241.20499420166016,12.622146606445312
2026-05-18,268.0,268.0,257.5,264.1000061035156,282082,269.11666531032984,258.154091574929,214.7890005493164,214.85066764831544,266.6213570534403,254.32133798602064,62.54466910194383,15.4695775511492,17.726492936589313,-2.256915385440113,286.73324566097955,236.44975604800487,52.64232960853634,0,279.5749969482422,243.0749969482422,12.770717075892858
2026-05-19,262.20001220703125,277.70001220703125,262.20001220703125,269.1499938964844,242712,269.15555487738715,260.0727275501598,216.36420043945316,214.85677421569824,267.1270844220491,255.6693976142446,65.2536815269961,14.707852791656023,17.122764907602654,-2.414912115946631,282.00108208322814,245.66791968679144,52.46133890624693,0,279.5749969482422,243.3249969482422,13.266431535993304
2026-05-20,268.8999938964844,274.70001220703125,262.20001220703125,263.79998779296875,150607,268.82222154405383,262.03545448996806,217.8620001220703,214.8694538116455,266.46166509623305,256.4085421759468,60.27956345747389,13.516667917223856,16.401545509526894,-2.884877592303038,276.6192205618258,254.07678010956096,52.2932761112639,0,279.5749969482422,246.13499450683597,13.03214590890067
2026-05-21,266.8999938964844,273.45001220703125,259.3999938964844,263.8500061035156,215341,267.7666659884983,263.83363689075816,219.353200378418,214.87144157409668,265.9393332976896,257.08503889663484,60.310024959985206,12.433357377501864,15.60790788312189,-3.174550505620026,274.42323581396107,257.7497652846717,51.79325109814905,0,279.5749969482422,246.4749984741211,14.035718645368304
2026-05-22,264.3500061035156,288.0,263.20001220703125,283.25,662223,268.96666463216144,266.09363694624466,221.34500030517577,214.98932914733888,269.40146663815165,259.4636717242135,69.93930107591079,12.990496981969102,15.084425702891332,-2.0939287209222304,278.1264839790205,256.35651772996385,51.92369139744007,0,279.5749969482422,248.8249969482422,14.925003051757812
2026-05-25,285.0,290.0,276.29998779296875,277.45001220703125,384800,270.25555419921875,267.38318287242544,223.15320068359372,215.1550590515137,271.0111757519276,261.09879358628785,64.87196144486246,12.816285429540244,14.630797648221115,-1.8145122186808715,279.54795396638616,255.9380476205279,52.1178110957943,0,279.5749969482422,258.4300003051758,15.128574916294642
2026-05-26,277.5,284.45001220703125,274.0,275.8500061035156,171341,270.67222086588544,268.0968197909269,224.92140075683596,215.3655590057373,271.9789418222452,262.43981290603585,63.50503197235831,12.406104547675511,14.185859028111995,-1.779754480436484,280.5483129349598,255.9566888960948,52.00465179463272,0,279.5749969482422,258.4300003051758,15.021432059151786
2026-05-27,275.8500061035156,280.70001220703125,268.1499938964844,270.29998779296875,186008,270.67222086588544,268.2277277166193,226.60640045166016,215.49822456359863,271.6431510163899,263.1543742593934,58.87110954663794,11.500621147678942,13.648811452025384,-2.1481903043464428,280.4189878030245,257.14901146455355,51.17028559594324,0,273.75,261.5499954223633,15.3857182094029
2026-05-28,270.29998779296875,270.29998779296875,270.29998779296875,270.29998779296875,0,270.89444308810766,268.4386360862038,228.38620025634765,215.6967407989502,271.3745183717057,263.8039754897185,58.871109546637946,10.660135621782103,13.051076285976729,-2.390940664194625,280.5338961016176,257.6501004804137,50.39551698287443,0,273.75,268.32999420166016,14.28214590890067
2026-05-29,270.0,279.29998779296875,259.8500061035156,264.6499938964844,245714,270.955552842882,268.6649988347834,230.075,215.8836122131348,270.02961347666144,263.88088625396995,54.20155655391349,9.429440775029036,12.326749183787191,-2.897308408758155,280.5151159176018,257.71987858923416,48.44120921583239,0,274.6999969482422,272.8449935913086,14.950001307896205
2026-06-01,265.0,269.8999938964844,262.0,266.79998779296875,144924,270.6944410536024,268.7859067049894,231.816799621582,216.07923904418945,269.3836883399229,264.1462591211516,55.64335871679816,8.529272635839163,11.567253874197586,-3.037981238358423,279.9644302933774,259.035563603107,46.62649486072192,0,274.6999969482422,277.8249969482422,14.207144601004464
2026-06-02,266.79998779296875,275.75,264.54998779296875,273.1499938964844,141228,271.73333062065973,269.1954512162642,233.57499938964844,216.29419944763185,270.13694945123524,264.9647804643637,59.68064993162472,8.233366203012622,10.900476339960594,-2.667110136947972,280.07775247650136,259.98224203033453,45.3485740698042,0,274.6999969482422,277.8249969482422,14.178573608398438
2026-06-03,271.5,298.0,271.5,290.29998779296875,1286693,274.6722174750434,270.61136002974075,235.8317990112305,216.60343673706052,274.16955711958195,267.2679811306005,68.12023422919734,9.275793824842252,10.575539836936926,-1.2997460120946729,284.60583287714627,257.6041616296897,45.34674260346049,0,278.9250030517578,277.8249969482422,13.725001743861608
2026-06-04,290.8500061035156,293.3999938964844,282.0,288.79998779296875,298991,275.2888827853733,271.80454184792256,238.11919891357425,216.90791656494144,277.0956432542593,269.22543628172485,66.8031413837798,9.867145450778937,10.433860959705328,-0.5667155089263929,287.6709139791879,256.739080527648,45.34504195614133,0,278.9250030517578,277.8249969482422,13.628572736467634
2026-06-05,290.25,297.0,280.29998779296875,282.79998779296875,164750,275.8833245171441,272.44090548428625,240.5321987915039,217.1839921569824,278.2365121620012,270.45948641911065,61.66699144327167,9.73937654858372,10.294964077481009,-0.555587528897286,288.85188758077464,256.50310509500656,45.50690256764024,0,278.9250030517578,277.8249969482422,14.050003051757812
2026-06-08,280.04998779296875,286.54998779296875,276.20001220703125,278.8500061035156,115418,276.2166578504774,272.98863358931106,242.8333990478516,217.4434593200684,278.3592109503041,271.2222609358747,58.479333323697965,9.213184407265487,10.078608143437904,-0.8654237361724171,289.4045039003634,256.59048816506623,45.14245143305968,0,278.9250030517578,277.8249969482422,13.682144165039062
