Date,Open,High,Low,Close,Volume,SMA_9,SMA_22,SMA_50,SMA_200,EMA_9,EMA_21,RSI_14,MACD_Line,MACD_Signal,MACD_Hist,BB_Upper,BB_Lower,ADX_14,ST_Direction,Ichi_Tenkan,Ichi_Kijun,ATR_14
2024-12-18,210.1999969482422,211.13999938964844,203.19000244140625,204.5599975585937,604241,214.000001695421,210.7172747525302,218.5576010131836,,212.14227060809688,213.2026394746714,41.687507509346375,-1.8749671789597928,-2.3826235450225104,0.5076563660627178,224.23992742815832,197.57607598981045,21.56748392686013,0,217.9000015258789,216.5500030517578,8.81500026157924
2024-12-19,204.5599975585937,211.7899932861328,202.5,203.4600067138672,938690,213.98444620768225,210.5240929343484,217.95000122070311,,210.40581782925096,212.31694558732556,40.92834583954844,-2.4422931812160016,-2.3945574722612086,-0.0477357089547929,224.3646339501513,197.15537032230964,20.8554585150677,0,217.75,216.5500030517578,9.257856096540182
2024-12-20,203.8999938964844,206.0,201.0,202.509994506836,365465,213.4633348253038,210.18772888183597,217.30520111083985,,208.826653164768,211.42540458000832,40.2466619854192,-2.934731413958076,-2.502592260600582,-0.4321391533574941,224.4306117135297,196.9943913382281,20.383655029213887,0,217.0,216.5500030517578,9.35142735072545
2024-12-23,204.0500030517578,208.72000122070312,199.0,203.6100006103516,509640,210.72777981228296,210.0600017200817,216.7166012573242,,207.78332265388477,210.71491331003952,41.46241185726869,-3.1993508368919947,-2.6419439758588643,-0.5574068610331304,224.53305866183368,196.58894451199447,19.49406920534693,0,215.75,216.0,9.619999476841516
2024-12-24,205.8000030517578,205.8000030517578,200.1999969482422,201.3600006103516,261876,208.41666836208768,209.9645468971946,216.144001159668,,206.4986582451781,209.86446670097695,39.683853947976935,-3.549701087488188,-2.823495398184729,-0.726205689303459,224.61483365523603,195.505169091346,18.66802522604189,0,212.0,216.0,9.33785683768136
2024-12-26,201.8999938964844,202.5599975585937,200.2100067138672,201.25,210033,206.33111233181424,209.71954692493784,215.62980102539063,,205.4489265961425,209.0813333645245,39.594431856200686,-3.792514567983488,-3.0172992321444814,-0.775215335839007,224.54437187606004,194.4806311756978,17.900984388115788,0,211.69499969482425,216.0,8.719999040876113
2024-12-27,201.2700042724609,204.5,200.8099975585937,201.3099975585937,219480,204.86666700575088,209.2618193192916,215.07080108642575,,204.6211407886328,208.3748482912581,39.67427850143917,-3.9347473805864297,-3.200788861832871,-0.7339585187535587,224.39097051186369,193.5630318685074,16.82664056631614,0,208.96499633789065,216.0,8.556427001953127
2024-12-30,202.0599975585937,202.4900054931641,196.0,196.94000244140625,286087,202.8022223578559,208.56818320534447,214.29560119628903,,203.0849131191875,207.3353168503625,35.94713557876027,-4.349946517978765,-3.43062039306205,-0.9193261249167152,224.60998739665143,192.00301461750868,16.602236109342375,0,207.33499908447263,214.5,8.705713544573104
2024-12-31,196.0,198.5399932861328,195.2100067138672,197.44000244140625,207460,201.3822224934896,207.90545584938744,213.711201171875,,201.95593098363125,206.43574281318465,36.68009678219186,-4.585786907468759,-3.661653695943392,-0.9241332115253668,224.79698875061084,190.769013141479,16.5130307639155,0,203.5,214.1050033569336,7.10071236746652
2025-01-01,197.759994506836,201.8999938964844,197.5200042724609,201.47000122070312,104629,201.03888956705728,207.50181926380503,213.1610012817383,,201.85874503104563,205.98431175932265,42.40114820254784,-4.396821077439057,-3.808687172242525,-0.588133905196532,224.4280168203784,190.13798507171148,15.760049945664887,0,203.5,214.1050033569336,6.615711757114959
2025-01-02,201.75,204.0,200.1699981689453,203.47000122070312,187123,201.04000006781683,207.30000097101384,212.71680145263676,,202.18099626897717,205.7557380739936,45.05439898782586,-4.039120543057464,-3.854773846405513,-0.1843466966519513,224.26210162682892,189.82090008215545,14.667984959468845,0,201.9650039672852,214.1050033569336,6.353569030761723
2025-01-03,204.1000061035156,205.8600006103516,203.3800048828125,203.9900054931641,189536,201.2044457329644,206.96000116521665,212.42560150146485,,202.5427981138145,205.59521693028185,45.75406897091098,-3.671359150590007,-3.818090907242412,0.1467317566524051,224.261788417037,190.0192143905802,13.925145076258982,0,201.9650039672852,214.1050033569336,5.649283272879471
2025-01-06,203.8500061035156,204.5,195.3099975585937,196.42999267578125,259895,200.4066670735677,206.42045523903587,211.96920135498047,,201.3202370262079,204.7620147253272,38.14840692162206,-3.944466100321648,-3.84336594585826,-0.1011001544633884,224.50511774064137,189.0588837242024,13.970685565234003,0,200.53500366210935,214.1050033569336,5.88214111328126
2025-01-07,199.3999938964844,202.1000061035156,194.47999572753903,195.259994506836,440696,199.72888861762155,206.1136370572177,211.4774011230469,,200.10818852233356,203.8981947054644,37.12000550296388,-4.206820788371175,-3.916056914360843,-0.2907638740103322,224.6381896773388,187.7318115433643,14.132654784004227,0,200.1699981689453,213.73999786376956,5.785713195800791
2025-01-08,195.3999938964844,197.2400054931641,192.75,193.759994506836,385766,198.89666578504773,205.6663638028232,210.94880096435543,,198.83854971923404,202.9765401419527,35.7879750707402,-4.484086475152196,-4.029662826519114,-0.4544236486330826,220.53017425590733,188.3928268427255,14.535325703282082,0,199.30500030517575,212.875,5.5385709490094985
2025-01-09,193.8999938964844,198.0,193.5200042724609,195.2400054931641,216080,198.22222222222223,205.12272782759237,210.4072009277344,,198.1188408740201,202.27321881024463,38.14643872729071,-4.532153171297438,-4.130160895474779,-0.4019922758226588,217.346862955645,188.88413832609325,14.741916753717508,0,199.30500030517575,212.875,5.194999694824233
2025-01-10,194.0,194.8500061035156,190.0,190.6699981689453,296034,197.5255550808377,203.41545521129265,209.79080078125,,196.62907233300515,201.21838057012653,33.994438786379035,-4.882722783356911,-4.280673273051206,-0.6020495103057053,214.52868840306851,188.76731226831816,15.457979681266703,0,197.93000030517575,211.5,5.2121429443359535
2025-01-13,190.6000061035156,190.6000061035156,183.0500030517578,184.1300048828125,305556,196.04666646321616,201.68681890314275,208.9774008178711,,194.12925884296664,199.6648918712798,29.11119445774776,-5.623450886475581,-4.549228795736081,-1.0742220907395,213.7717256208347,186.48827498951684,16.977062527370833,0,194.4550018310547,208.0250015258789,5.062142508370552
2025-01-14,185.1000061035156,188.38999938964844,183.4100036621093,187.2100067138672,272034,194.4622226291233,200.19545537775213,208.14460083007813,,192.7454084171468,198.53262958424227,33.92507814111339,-5.894010355256796,-4.8181851076402245,-1.0758252476165715,211.4792577877165,185.94974306677568,18.387639455896096,0,194.4550018310547,208.0250015258789,5.017856052943661
2025-01-15,187.6000061035156,190.3000030517578,186.6100006103516,187.1100006103516,212014,192.64444478352868,198.95090970126063,207.25840087890623,,191.61832685578776,197.494208768434,33.84471276502711,-6.046796632727563,-5.063907412657692,-0.9828892200698708,210.12080261256935,184.9971981808877,19.226551037819117,0,194.4550018310547,208.0250015258789,5.113571166992212
2025-01-16,188.4499969482422,190.88999938964844,188.0,189.2899932861328,146715,191.0111100938585,197.75863647460935,206.54480072021485,,191.1526601418568,196.74837099731573,37.32986662040644,-5.923689068202435,-5.235863743766641,-0.6878253244357939,209.42169285533825,184.1693075108728,19.8587952545508,0,193.7750015258789,207.7750015258789,5.119999476841536
2025-01-17,190.0,190.0,187.009994506836,188.2400054931641,200401,190.10111151801215,196.75954575972125,205.8196008300781,,190.57012921211825,195.97488322421103,36.336934453663545,-5.843490554487062,-5.357389105910725,-0.4861014485763366,208.8032691091507,183.26573113499,20.588373230502835,0,192.57500457763672,204.0250015258789,4.86999947684153
2025-01-20,189.38999938964844,190.7100067138672,188.1999969482422,189.9199981689453,109554,189.50777859157984,196.09409124200997,204.94500091552732,,190.44010300348367,195.4244391282778,39.12688490500077,-5.580047966419926,-5.401920878012565,-0.1781270884073604,208.07054950127215,182.73945110907945,21.07097715958019,0,190.5250015258789,203.72000122070312,4.811429704938628
2025-01-21,189.509994506836,191.7400054931641,187.5800018310547,188.3800048828125,139263,188.9100019666884,195.40863661332563,204.13020111083983,,190.02808337934945,194.7840360150537,37.50437628420334,-5.432905255387396,-5.408117753487533,-0.0247875018998637,207.060869850058,182.2261311875397,21.23052213375136,0,190.5250015258789,200.98999786376956,4.7900020054408605
2025-01-22,188.3999938964844,188.8999938964844,184.0,186.259994506836,218371,187.91222296820743,194.67000024968928,203.32860107421877,,189.2744656048468,194.00912315067023,35.332241488533185,-5.424826691204657,-5.411459541030958,-0.0133671501736998,206.42206635145115,181.354934075795,21.96018613701841,0,188.95000457763672,200.8600006103516,4.866430010114412
2025-01-23,186.259994506836,189.0,185.3000030517578,186.5800018310547,164817,187.4577789306641,193.89590939608487,202.5980010986328,,188.7355728500884,193.33374848525065,35.93539738414819,-5.3311482952126426,-5.395397291867295,0.0642489966546522,205.5912872600431,180.7187133503085,22.607844320059737,0,187.3950042724609,197.4199981689453,4.953572954450347
2025-01-24,187.9499969482422,187.9499969482422,182.3999938964844,183.33999633789065,198370,187.37000020345056,193.0768182927912,202.1744009399414,,187.65645754764884,192.42522556276333,32.61819335877958,-5.4554616904546265,-5.407410171584762,-0.0480515188698644,204.80807916175328,179.70492132652802,23.654702856252865,0,187.06999969482425,197.0949935913086,4.693572998046881
2025-01-27,183.33999633789065,183.3500061035156,175.33999633789062,178.77999877929688,314635,186.43333265516492,192.05545460094103,201.6696008300781,,185.88116579397848,191.18475040063,28.614672798672345,-5.854448210598065,-5.496817779387423,-0.3576304312106417,205.0484174295434,177.64858269252693,25.48550636585877,0,183.54000091552732,192.02999877929688,4.721430097307482
2025-01-28,178.99000549316406,182.0,175.60000610351562,181.0599975585937,239856,185.7611100938585,191.1350000554865,201.08500091552733,,184.91693214690156,190.26431832408124,33.04006600580223,-5.918446884036086,-5.581143600317156,-0.3373032837189305,204.64815787179637,176.41084176199274,27.185538196207112,0,183.54000091552732,192.02999877929688,4.857857840401787
2025-01-29,180.25,188.8999938964844,179.39999389648438,188.009994506836,220279,185.61888800727,190.72909060391515,200.69100067138672,,185.53554461888845,190.05937979524077,44.3626170404905,-5.346725895741287,-5.534260059401983,0.1875341636606959,203.03098157062988,176.6820173917725,26.86130125523422,0,183.54000091552732,190.5999984741211,5.216429574148997
2025-01-30,188.25,188.92999267578125,184.8999938964844,185.44000244140625,137764,185.30777655707467,190.1836360584606,200.20160064697265,,185.51643618339205,189.6394363994376,41.563788775925694,-5.042878609325328,-5.435983769386652,0.3931051600613244,200.5840658552501,177.32593322922258,26.55291078744076,0,183.54000091552732,190.5999984741211,5.13000052315848
2025-01-31,186.0,190.5800018310547,185.1699981689453,189.33999633789065,205314,185.2433319091797,189.6322722001509,199.8600006103516,,186.2811482142918,189.61221457566063,47.02566022017351,-4.436242292222033,-5.236035473953729,0.7997931817316957,197.4646542319761,178.98034393696923,25.854111415075558,0,183.54000091552732,190.5999984741211,4.9721439906529
2025-02-01,189.6999969482422,191.6600036621093,186.02999877929688,188.2899932861328,816832,185.23333062065976,188.94227183948863,199.55660034179687,,186.68291722866,189.492012640249,45.78488567516273,-3.994162887882794,-4.987660956739543,0.9934980688567484,196.21426375877095,179.4167344712095,24.937106503588712,0,183.49999999999997,190.5999984741211,5.018573216029561
2025-02-03,189.6499938964844,192.759994506836,185.0,185.8600006103516,529264,185.18888685438367,188.1181807084517,199.14100036621093,,186.51833390499831,189.16182972844013,42.95987514644754,-3.7961324239997793,-4.749355250191591,0.9532228261918112,195.010139959304,179.6808588810281,23.81066141716579,0,184.0499954223633,190.5999984741211,5.309286934988831
2025-02-04,187.0,190.0200042724609,187.0,187.47999572753903,312440,185.28888617621527,187.71136266534975,198.66300018310548,,186.71066626950648,189.00893572835815,45.37949464140647,-3.4684892030736023,-4.493182040767993,1.0246928376943911,194.07941544235888,179.9835835200435,22.76467669405879,0,184.0499954223633,190.5999984741211,5.336430140904008
2025-02-05,188.8000030517578,189.259994506836,186.0,186.8300018310547,205597,185.6766645643446,187.328181180087,198.1556002807617,,186.7345333818161,188.8108508286033,44.56268987829439,-3.2241130963344915,-4.239368251881293,1.015255155546802,192.50608091270087,180.7159176834905,22.018311392190068,0,184.0499954223633,190.5999984741211,5.355715070452007
2025-02-06,186.6999969482422,187.9600067138672,186.0,186.3699951171875,143171,186.5199974907769,186.9922721169212,197.64260009765624,,186.6616257288904,188.58895485483825,43.95964126757341,-3.0326039973307672,-3.998015400971188,0.9654114036404212,191.97283184918788,180.8191664418277,21.325257897597684,0,184.1800003051758,190.5999984741211,5.316429138183592
2025-02-07,187.1499938964844,187.8500061035156,184.0500030517578,185.22000122070312,282026,186.9822201199002,186.53681737726384,197.14,,186.37330082725296,188.28268634264413,42.414351931363846,-2.939739071080652,-3.786360134993081,0.8466210639124294,191.9549256172381,180.9460723075666,21.137016101426376,0,186.07999420166016,189.9199981689453,5.290714808872762
2025-02-10,185.22000122070312,188.97000122070312,182.4100036621093,184.5200042724609,363894,186.59444342719183,186.2572722001509,196.67220001220704,,186.00264151629452,187.94062433626385,41.45900774245824,-2.8893205626694964,-3.6069522205283646,0.7176316578588682,191.8734885776966,180.75850910296748,21.3210005917077,0,187.58499908447263,188.72000122070312,5.409286499023436
2025-02-11,184.8000030517578,184.9900054931641,178.30999755859375,179.89999389648438,431054,185.97888692220053,186.06499897349968,196.04079986572265,,184.78211199233252,187.2096579326475,35.73758861477975,-3.18543998849168,-3.522649774121028,0.3372097856293479,192.19024846623665,179.7207485430407,22.26888543841021,0,185.53499603271487,186.6699981689453,5.622144426618304
2025-02-12,179.1999969482422,184.1999969482422,171.3000030517578,179.8000030517578,278351,184.91888766818576,185.72818062522197,195.47079986572265,,183.7856902042176,186.5360529434757,35.623006351087184,-3.3891175548719445,-3.495943330271212,0.1068257753992671,192.0810114608111,178.88098652502873,24.120673187123227,0,182.0299987792969,184.6500015258789,6.147143772670203
2025-02-13,180.0,181.1499938964844,178.0,179.24000549316406,115440,183.913333468967,185.3704535744407,195.0154000854492,,182.8765532620069,185.87277590253828,34.947210916609464,-3.5547437434067604,-3.507703412898321,-0.0470403305084388,192.05274963283009,178.0092483530098,25.84019038235674,0,182.0299987792969,183.07500457763672,5.799999782017305
2025-02-14,180.5500030517578,182.67999267578125,171.82000732421875,172.9600067138672,145832,182.4800008138021,184.62818145751956,194.40260009765623,,180.89324395237892,184.6988877944773,28.432955295313832,-4.144966514614055,-3.635156033241469,-0.5098104813725861,192.6636044244416,175.7023944158905,28.08574156126204,0,180.66000366210935,182.0299987792969,6.118570600237171
2025-02-17,172.5,172.63999938964844,165.1999969482422,166.88999938964844,544343,180.19222344292533,183.65772663463247,193.5964001464844,,178.09259503983284,183.07989793949284,23.81261730172973,-5.0443727855590055,-3.916999383704976,-1.1273734018540291,194.34720219186804,171.86979609914758,30.68431355696405,0,177.2299957275391,178.9799957275391,5.994285583496098
2025-02-18,167.0,173.5,160.0,161.14999389648438,605068,177.33888922797308,182.3499991677024,192.25480010986328,,174.70407481116314,181.0862702992193,20.43150310730178,-6.149442264693505,-4.363487959902683,-1.7859543047908222,196.6547311794025,167.05126705057796,33.41350491832709,0,174.48500061035156,176.379997253418,6.670714242117752
2025-02-19,161.0,165.0,159.7100067138672,162.4499969482422,359487,174.68111165364584,181.17136244340372,191.06059997558597,,172.25325923857895,179.39206363094868,23.094833057961324,-6.841454379377268,-4.8590812437976005,-1.9823731355796677,197.6028057188045,163.69019202289468,35.9642564874043,0,174.34000396728516,176.2350006103516,6.66214207240514
2025-02-20,162.83999633789062,164.5,161.32000732421875,162.3300018310547,279297,172.13777838812933,180.08363550359553,189.9067999267578,,170.2686077570741,177.8409671036856,23.01824520112116,-7.31523608109174,-5.350312211256428,-1.964923869835312,198.356937096892,160.83506119412365,38.33281151583313,0,174.34000396728516,176.2350006103516,6.487141200474342
2025-02-21,163.1999969482422,163.99000549316406,158.91000366210938,161.57000732421875,328571,169.58777872721353,178.94681757146662,188.8483999633789,,168.52888767050305,176.36178894191585,22.509107878333023,-7.663694399720015,-5.812988648949146,-1.850705750770869,199.1590777948601,158.31192135064765,40.679511469878406,0,171.95000457763672,175.83499908447268,6.295713152204249
2025-02-24,161.57000732421875,164.64999389648438,158.3000030517578,164.17999267578125,305867,167.8411119249132,178.075908314098,187.8215997314453,,167.6591086715587,175.25435291772175,28.36883057186257,-7.641163545532379,-6.178623628265792,-1.4625399172665867,199.28281513678425,156.5001835204423,42.622344756812815,0,171.25,175.5299987792969,6.452140808105481
2025-02-25,166.6199951171875,166.64999389648438,162.10000610351562,163.3800048828125,170351,166.01666768391928,177.37590859153053,186.8847998046875,,166.80328791380947,174.17486673273,27.677969684575014,-7.600249070089035,-6.462948716630441,-1.1373003534585937,198.43111818030596,154.8888815145183,43.71516791792833,0,170.48999786376953,175.5299987792969,6.544283185686392
2025-02-27,164.19000244140625,164.35000610351562,158.0,159.6199951171875,280016,163.836666531033,176.40136302601206,185.98599975585935,,165.3666293544851,172.8516965858625,24.640643002884783,-7.781524843337564,-6.726663941971866,-1.0548609013656982,197.9934029136502,152.74459604875213,45.07792629552071,0,170.33999633789062,175.379997253418,6.857854570661281
2025-02-28,159.0,159.4600067138672,154.6999969482422,155.5399932861328,339458,161.90110948350696,174.92545387961647,185.02759948730468,,163.40130214081466,171.27790537679616,21.839952984724945,-8.16034190755272,-7.013399535088038,-1.1469423724646823,196.9496312332807,150.40836742394586,46.58573261301548,0,164.0999984741211,173.7299957275391,6.937854221888961
2025-03-03,153.4499969482422,157.41000366210938,152.0,156.7100067138672,352268,160.7699991861979,173.61954498291016,184.11159973144527,,162.06304305542517,169.9535509528935,24.490466160150103,-8.27080614986724,-7.264880858043879,-1.0059252918233614,195.48164713138735,148.7183528686126,48.16549381045834,0,162.75,172.379997253418,6.855711800711499
2025-03-04,156.7100067138672,161.6199951171875,154.41000366210938,158.61000061035156,283142,160.48777770996094,172.22272699529475,183.2115997314453,,161.37243456641045,168.92231910357148,28.71785281305202,-8.111531542845768,-7.434210995004257,-0.6773205478415107,193.918009503393,147.55699049660703,48.29438426711226,0,159.3249969482422,172.379997253418,6.893567766462056
2025-03-05,158.5,162.5800018310547,157.50999450683594,158.61000061035156,565888,160.0611114501953,170.87363641912287,182.3565997314453,,160.81994777519867,167.98483560418785,28.71785281305202,-7.894304639420454,-7.526229723887497,-0.368074915532957,191.66615091284936,146.92184957543188,48.129724859526114,0,159.3249969482422,172.379997253418,6.334283011300225
2025-03-06,159.8000030517578,164.7899932861328,159.8000030517578,162.55999755859375,227448,160.086666531033,169.8145453713157,181.5827996826172,,161.1679577318777,167.49166850913383,37.19549187425218,-7.319049563778208,-7.48479369186564,0.1657441280874323,189.03569600204648,147.1253040589887,47.332980596676,0,159.3249969482422,172.379997253418,6.550711495535714
2025-03-07,162.9499969482422,167.22000122070312,162.0,165.5800018310547,277983,160.53222147623697,168.8190911032937,180.8681997680664,,162.05036655171313,167.31788062930843,42.79704070991254,-6.544031148719398,-7.296641183236392,0.7526100345169944,186.15812854270249,147.92387218971942,45.92655417788924,0,159.61000061035156,172.379997253418,6.147855486188616
2025-03-10,166.75,167.75999450683594,160.0,160.39999389648438,298758,160.11222161187067,167.61772710626775,180.13739959716796,,161.7202920206674,166.68898183541532,36.7435488950957,-6.275467141402913,-7.0924063748696975,0.8169392334667842,183.0826780200507,148.51732197994932,44.914920935797326,0,159.87999725341797,172.379997253418,6.147854396275112
2025-03-11,161.0,161.7100067138672,158.0500030517578,160.5500030517578,197339,159.7977769639757,166.4440911032937,179.399599609375,,161.48623422688547,166.1308928550828,37.021365043938665,-5.981571907997534,-6.870239481495265,0.888667573497731,179.5904637239923,149.6125361539374,44.25055296559595,0,159.87999725341797,172.379997253418,5.44499751499721
2025-03-12,160.25,162.75,158.85000610351562,160.30999755859375,360832,159.87444390190973,165.31181820956144,178.5763995361328,,161.25098689322715,165.60172055540198,36.74331745815302,-5.702291785462307,-6.636649942288674,0.9343581568263666,176.85960680187418,150.38439344226646,43.32957902017398,0,159.87999725341797,171.01000213623047,5.345711844308036
2025-03-13,160.33999633789062,162.1999969482422,158.02000427246094,158.80999755859375,608695,160.23777770996094,164.14318154074928,177.68319946289063,,160.76278902630048,164.9842911920558,34.97531410352045,-5.538157310137393,-6.416951415858419,0.8787941057210258,173.54386131108714,151.60113838373707,42.60319172956067,0,159.87999725341797,170.629997253418,5.417140415736607
2025-03-17,159.05999755859375,162.0,156.16000366210938,157.0399932861328,407807,160.2744428846571,163.10409060391513,176.74419921875,,160.01822987826694,164.26208229151732,32.959926017735015,-5.487645941687248,-6.231090321024185,0.7434443793369372,169.408660522019,153.51633795210208,42.213323294530085,0,161.08499908447266,170.48500061035156,5.47142573765346
2025-03-18,157.0399932861328,157.0399932861328,157.0399932861328,157.0399932861328,0,160.09999762641058,162.06954470547765,175.95639923095703,,159.42258255984012,163.60552874557325,32.959926017735015,-5.385534232027624,-6.061979103224873,0.6764448711972495,166.72959774489377,154.6033993864539,41.85130260485882,0,161.95999908447266,170.48500061035156,5.017854963030134
2025-03-19,163.0,165.3300018310547,162.1699981689453,163.8800048828125,556661,160.68555365668402,161.37136285955256,175.32879943847655,,160.31406702443462,163.6304811216859,46.71980864669573,-4.698516620085911,-5.789286606597082,1.0907699865111704,166.05546912412254,154.97652855654152,39.20744504333162,0,161.95999908447266,170.48500061035156,5.284999302455357
2025-03-20,166.39999389648438,167.0,163.2100067138672,164.08999633789062,260680,160.85555352105035,160.96818056973544,174.7353994750977,,161.06925288712583,163.67225523224997,47.078927618366265,-4.089959154255411,-5.449421116128748,1.359461961873337,166.4248800520301,154.90111787277462,36.42548595843806,0,161.95999908447266,168.49500274658203,5.102141244070871
2025-03-21,165.27999877929688,167.27999877929688,163.11000061035156,164.07000732421875,312533,160.68777635362414,160.8399991122159,174.11199951171875,225.6776001739502,161.66940377454443,163.70841451333806,47.04642086563293,-3.5681544609858804,-5.073167785100174,1.5050133241142936,166.65526744612652,154.83273151627583,33.904238798064675,0,161.95999908447266,168.0999984741211,5.048569815499442
2025-03-24,165.0,170.9600067138672,164.25999450683594,166.4199981689453,1482787,161.3566657172309,161.07954476096413,173.62699951171874,225.3162001800537,162.6195226534246,163.95492211839326,51.30343274793395,-2.9312067340759143,-4.644775574895323,1.7135688408194083,167.3531822340798,154.54381636211158,32.33759319276814,0,163.56000518798828,167.33999633789062,5.154283796037946
2025-03-25,168.0,168.39999389648438,163.5,164.58999633789062,416532,161.80555386013455,161.1768174604936,173.23619934082032,224.918150177002,163.01361739031782,164.01265613834758,48.06308777401976,-2.544752601406344,-4.224770980197527,1.6800183787911829,167.7051269464361,154.49387055112248,30.69241786210994,0,163.56000518798828,167.33999633789062,4.989283970424107
2025-03-26,164.58999633789062,165.5,158.1300048828125,159.07000732421875,351978,161.6677771674262,161.02863589200106,172.67339935302735,224.44250022888184,162.22489537709802,163.56332442797222,39.88071702193155,-2.6533161213295955,-3.910480008423941,1.2571638870943458,167.34236905081158,154.34562991159075,29.03303961236288,0,163.56000518798828,162.75,5.153568812779018
2025-03-27,159.07000732421875,162.85000610351562,155.89999389648438,158.85000610351562,1161424,161.67222256130643,160.9049994728782,172.10819946289064,223.9542002105713,161.54991752238155,163.13484094393073,39.59142253812599,-2.725685744330349,-3.673521155605223,0.947835411274874,167.05922986382922,154.17576922064342,27.91650998495756,0,163.43000030517578,162.75,5.208570207868304
2025-03-28,159.02999877929688,163.1999969482422,156.52999877929688,157.25,539379,161.695556640625,160.58999980579722,171.46739959716797,223.44730018615724,160.68993401790527,162.59985540357337,37.46298548422693,-2.8789594601318527,-3.5146088165105493,0.6356493563786967,167.10313994783402,153.89485962491986,26.792788836527887,0,163.43000030517578,161.4800033569336,5.312141418457031
2025-04-01,159.60000610351562,164.0,157.55999755859375,162.88999938964844,453176,162.3455573187934,160.56772682883522,170.96039947509766,222.9509001159668,161.12994709225393,162.6262321295802,48.06243661067392,-2.51632256866381,-3.3149515669412013,0.7986289982773913,167.11728823032462,154.61571195278083,25.54305937118061,0,163.43000030517578,161.4800033569336,5.239998953683036
2025-04-02,163.85000610351562,169.2899932861328,159.5800018310547,167.1999969482422,336442,162.71444532606336,160.91227236661044,170.5059994506836,222.4758000946045,162.3439570634516,163.04202893127672,54.42016064704101,-1.859711836273533,-3.023903620807668,1.1641917845341352,167.92718912846917,154.85481007807385,24.26390861044172,0,163.43000030517578,161.4800033569336,5.672140938895089
2025-04-03,167.0,169.60000610351562,164.88999938964844,168.72000122070312,196098,163.22889031304254,161.51136363636363,170.1127993774414,222.0020000457764,163.61916589490193,163.5582082303155,56.44508917347584,-1.2028260289193329,-2.6596881024300014,1.4568620735106688,169.06071080146975,154.73228846610837,23.140004004453036,0,163.43000030517578,161.4800033569336,5.729998997279576
2025-04-04,168.0,168.0,161.9199981689453,163.47000122070312,237284,163.16222296820746,161.8186361139471,169.65699951171874,221.4853000640869,163.58933296006217,163.55018941125982,48.44041052574619,-1.0932679060188093,-2.346404063147763,1.253136157128954,169.16264903999962,155.11635028861366,21.581964517203435,0,163.43000030517578,161.4800033569336,5.917142595563616
2025-04-07,151.0,161.0,151.0,158.58999633789062,339381,162.29222276475696,161.81772682883522,169.09719940185548,220.97875007629395,162.58946563562787,163.09926276822625,42.418689620110335,-1.38426101512718,-2.1539754535436466,0.7697144384164667,169.1364087958152,154.74559041072777,21.999395230126108,0,160.3000030517578,160.9800033569336,6.390714372907366
2025-04-08,164.61000061035156,164.6300048828125,159.0,161.97999572753906,206428,162.0022226969401,161.97090842507103,168.66999938964844,220.4743000793457,162.4675716540101,162.99751121907286,47.31804288595988,-1.3260447132300897,-1.9883893054809356,0.6623445922508457,168.75027333863443,154.77172525755697,21.59972917193773,0,160.3000030517578,160.9800033569336,6.8221435546875
2025-04-09,160.00999450683594,166.16000366210938,159.8800048828125,164.72999572753906,241091,162.63111029730902,162.06954470547765,168.3889993286133,219.95010002136232,162.9200564687159,163.1550098107516,50.963050299358585,-1.0459488104534105,-1.7999012064754305,0.75395239602202,169.05693481862963,154.89806396066726,20.914499653730868,0,160.3000030517578,160.9800033569336,6.678571428571429
2025-04-11,167.0,174.0,166.00999450683594,169.47999572753906,488535,163.81222025553384,162.2468171553178,168.1573992919922,219.4638999938965,164.23204432048055,163.73000853045954,56.55452842508758,-0.4356634300961559,-1.5270536511995756,1.0913902211034197,170.21501808404676,154.63297996282822,19.9431614644588,0,162.5,162.5,7.070000784737723
2025-04-15,173.0,174.99000549316406,170.6699981689453,173.00999450683594,272401,165.5633307562934,162.8199990012429,167.85739929199218,219.00564994812007,165.98763435775163,164.57364361922103,60.18770131863752,0.3290405560546787,-1.155834809748725,1.4848753658034035,172.09523816278255,154.0227595789167,19.1929545536254,0,162.99500274658203,162.99500274658203,7.165715898786273
2025-04-16,173.0,173.64999389648438,169.52000427246094,171.6699981689453,257193,166.53888617621527,163.3254533247514,167.58199920654295,218.53779998779297,167.12410711999038,165.21876676010507,58.19810870140114,0.8175235660442297,-0.7611631345901341,1.5786867006343637,173.27917586752716,154.1248219352072,18.278430146268636,0,162.99500274658203,162.99500274658203,6.968572344098773
2025-04-17,172.25,176.8000030517578,170.52000427246094,173.8300018310547,284600,167.27555338541666,163.93999897349966,167.27179931640626,218.10644996643063,168.46528606220323,166.00160631200956,60.466693919327255,1.3632296515770008,-0.3362845773567071,1.699514228933708,174.59168831583725,154.4913103413893,17.937264298918585,0,163.9000015258789,163.9000015258789,7.067144121442523
2025-04-21,174.9499969482422,175.60000610351562,172.13999938964844,175.16000366210938,207602,167.9911092122396,164.683181069114,167.0091995239258,217.6626000213623,169.80422958218446,166.83418788929137,61.83994696444893,1.881338786006438,0.1072400953159219,1.7740986906905163,175.90888972486846,154.98610996995575,17.62046744066497,0,163.9000015258789,163.9000015258789,6.787859235491071
2025-04-22,176.5,177.5500030517578,173.6199951171875,175.88999938964844,224144,169.37110900878906,165.5399995283647,166.8097994995117,217.1893000793457,171.02138354367727,167.65744348023293,62.607701447826685,2.3240582651949357,0.5506037292917246,1.7734545359032108,177.46562195518072,154.63037719032707,17.645893966682465,0,164.2750015258789,164.2750015258789,6.572144644601004
2025-04-23,176.75,178.0,172.94000244140625,175.35000610351562,194378,171.23333231608072,166.37227283824575,166.56719970703125,216.7463000488281,171.88710805564494,168.3567673550768,61.620084785605655,2.601356874039197,0.9607543582412192,1.6406025157979782,178.71210168079688,154.50989844127344,17.508925153065512,0,168.5,164.5,6.457144601004464
2025-04-24,176.38999938964844,176.89999389648438,174.0,175.22999572753906,232055,172.70555453830295,166.88818151300603,166.33519958496095,216.30595008850096,172.55568559002376,168.98160629802794,61.38831252125454,2.779395048992683,1.324482496391512,1.4549125526011708,179.7945984736292,154.54340048877316,17.381739826135487,0,168.94000244140625,164.5,6.182144165039063
2025-04-25,176.75,176.75,168.11000061035156,170.49000549316406,402705,173.3455556233724,167.1790910200639,166.01759979248047,215.84665008544923,172.14254957065182,169.11873349758577,52.9215889403746,2.509090750855222,1.561404147284254,0.947686603570968,180.0782146171183,154.6667850777059,16.3448834020769,0,172.00499725341797,164.5,6.105716160365513
2025-04-28,168.5,171.99000549316406,168.16000366210938,169.22999572753906,189720,173.3177778455946,167.41363594748756,165.6977996826172,215.3740500640869,171.56003880202928,169.12884824576332,50.91144900738585,2.168206652767708,1.682764648380945,0.4854420043867629,180.2656598829828,154.94333975080625,15.382088151165354,0,173.05500030517578,164.5,6.0428586687360495
2025-04-29,170.07000732421875,171.99000549316406,168.61000061035156,170.4600067138672,141834,173.03444586859808,167.59727269952947,165.4165997314453,214.87010009765623,171.34003238439686,169.24986265195457,52.796350906933775,1.9745438437421683,1.7411204874531898,0.2334233562889784,180.22894749974407,156.11905207300978,14.488063989604631,0,173.05500030517578,164.5,5.798573085239956
2025-04-30,171.5,171.5,165.0,166.16000366210938,224421,172.42222425672742,167.66863666881216,165.1417999267578,214.34240005493163,170.30402663993937,168.96896638015048,46.1280110596055,1.4572916121005337,1.6843547123826583,-0.227063100282125,179.82270469369504,157.25629463491825,14.41778448766635,0,171.5,164.5,5.372144426618304
2025-05-02,167.0,169.61000061035156,166.30999755859375,166.64999389648438,155444,171.62444559733072,168.01318151300603,164.87879974365234,213.80615005493163,169.57322009124837,168.75815069981718,46.95025459300509,1.074517242905813,1.5623872184872891,-0.4878699755814764,179.0244916454966,158.99450707276517,14.352524950152231,0,171.5,164.5,5.18714359828404
2025-05-05,167.0,169.89999389648438,163.25999450683594,167.97000122070312,1070799,170.82555643717447,168.42772674560547,164.6533996582031,213.29525009155276,169.25257631713933,168.68650074717044,49.199709305028925,0.8676773129284641,1.4234452373755244,-0.5557679244470604,178.87453795559753,159.65246094576963,14.890699255887789,0,170.62999725341797,164.5,5.212857927594866
2025-05-06,169.5,183.4499969482422,169.5,173.16000366210938,3933435,170.52222357855902,169.1509087302468,164.65739959716797,212.82630004882813,170.03406178613335,169.0931828303467,56.932247338153,1.1097524649623551,1.3607066828928909,-0.2509542179305355,179.272219949595,159.85077962315887,15.02176896459525,0,173.35499572753906,167.2249984741211,5.656428745814732
2025-05-07,168.9499969482422,172.57000732421875,167.69000244140625,168.0500030517578,513251,169.7111121283637,169.38545435125178,164.68059967041015,212.29055000305172,169.63725003925825,168.99834830502044,49.02051148785991,0.8791303563002941,1.2643914175743711,-0.3852610612740772,179.25555127194215,159.80044848391722,14.780080634909275,0,173.35499572753906,167.2249984741211,5.653570992606027
2025-05-08,168.0500030517578,170.0,165.10000610351562,166.74000549316406,327380,168.76777988009982,169.36454564874822,164.79239990234376,211.7522500610352,169.05780113003942,168.7930444130335,47.20927563630347,0.5839237097251271,1.1282978760045226,-0.5443741662793955,179.09484647402311,160.28815370908237,14.053775401064104,0,173.35499572753906,167.2249984741211,5.708571297781808
2025-05-09,162.0,165.41000366210938,161.39999389648438,162.0,315345,167.82444593641492,169.0590910478072,164.7833999633789,211.1625,167.64624090403154,168.17549492093954,41.26771382110439,-0.0321380465588276,0.8962106914918525,-0.9283487380506802,178.5112261842066,161.21277436510982,13.380176530165324,0,172.42499542236328,167.2249984741211,5.641429356166294
2025-05-12,166.0,168.89999389648438,165.35000610351562,166.02000427246094,580323,167.46778021918402,169.17500027743253,164.85720001220704,210.6438500213623,167.32099357771745,167.9795412256233,47.322899913973664,-0.1937571666811663,0.6782171198572488,-0.8719742865384151,178.1054999220531,162.02250148175548,12.709207313038126,0,172.42499542236328,167.2249984741211,5.887142726353237
2025-05-13,166.5,169.72000122070312,166.10000610351562,167.02000427246094,465300,167.08555772569446,169.55818245627665,164.9661999511719,210.14845001220704,167.26079571666614,167.89231059351764,48.73868870209279,-0.2384016947920315,0.4948933569273928,-0.7332950517194243,177.9612650726412,162.39573718565958,12.226060579504002,0,172.42499542236328,167.2249984741211,5.870713370186942
2025-05-14,167.8000030517578,169.89999389648438,166.7899932861328,167.02000427246094,504662,167.18111334906683,169.7872737537731,165.02300018310547,209.6390500640869,167.2126374278251,167.81301001887613,48.73868870209279,-0.2706627730009074,0.3417821309417327,-0.6124449039426402,177.9615263616375,162.14947675115545,11.80966378066581,0,172.42499542236328,167.2249984741211,5.731427873883929
2025-05-15,167.0,170.99000549316406,167.0,168.10000610351562,701723,167.34222581651477,169.9404560435902,165.11740020751952,209.1028000640869,167.3901111629632,167.8391005720252,50.40816644794576,-0.2067000782599564,0.2320856891013949,-0.4387857673613513,177.63424743181702,161.98575684064394,11.625906780248334,0,172.42499542236328,167.2249984741211,5.809285845075335
2025-05-16,169.88999938964844,170.7899932861328,168.5500030517578,169.00999450683594,703069,167.45778062608508,169.91909235174006,165.3052001953125,208.59660003662108,167.71408783173777,167.9455454751898,51.83163818454622,-0.0816396319357863,0.1693406248939586,-0.250980256829745,177.4584375480105,161.8955663582395,11.455275279860675,0,172.42499542236328,167.2249984741211,5.384284973144531
2025-05-19,169.8800048828125,176.39999389648438,169.08999633789062,174.5800018310547,835218,167.61555820041232,169.99045632102272,165.68600036621095,208.093750076294,169.08727063160117,168.54867787117752,59.4954834486376,0.4616036340044047,0.2277932267160479,0.2338104072883568,177.58690397303053,161.84209993321946,12.291074473981343,0,168.89999389648438,171.2249984741211,5.638570513044085
2025-05-20,175.49000549316406,176.8000030517578,170.39999389648438,170.9199981689453,331002,167.93444654676648,169.9563654119318,165.9702001953125,207.55810012817383,169.45381613907,168.76425244370188,53.47481665393183,0.5899950330314141,0.3002335879791211,0.2897614450522929,176.97569220910097,162.0293111478326,13.131058667317358,0,169.0999984741211,171.66500091552734,5.854285103934152
2025-05-21,171.75,172.9499969482422,169.61000061035156,172.14999389648438,188342,168.53555636935764,169.8800014149059,166.24100006103515,207.04435012817385,169.99305169055287,169.07204712122754,55.1185604955618,0.7819823121521665,0.3965833328137302,0.3853989793384362,176.28597213228625,162.34503067533092,13.696996983343723,0,169.0999984741211,172.42499542236328,5.628570556640625
2025-05-22,172.14999389648438,172.39999389648438,169.64999389648438,171.02999877929688,211891,169.53888956705728,169.6922739202326,166.48940002441407,206.5747500610352,170.20044110830167,169.25004272650656,53.27290912882249,0.8341438769053013,0.4840954416320445,0.3500484352732568,175.52939137724343,162.6696106979519,14.222511133939634,0,171.07500457763672,172.42499542236328,5.5785707746233255
2025-05-23,172.5500030517578,173.38999938964844,170.0,172.2100067138672,178703,170.22666761610242,169.5250015258789,166.68240020751952,206.1245500946045,170.60235422941477,169.51913036172118,54.98323765905989,0.9596369736787268,0.579203748041381,0.3804332256373457,174.89595287988868,163.00105029393944,14.901753715585873,0,171.45000457763672,172.42499542236328,5.346427917480469
2025-05-26,172.5,175.36000061035156,172.5,173.2899932861328,223830,170.92333306206598,169.43136457963422,166.8366000366211,205.67400009155276,171.13988204075838,169.86193608212224,56.55075077994408,1.1331745171015086,0.6899979018534066,0.443176615248102,175.3140537440779,162.8629482090471,15.901618716447802,0,171.7949981689453,172.42499542236328,4.4657135009765625
2025-05-27,173.5,181.9499969482422,172.02999877929688,180.97000122070312,1484180,172.47333272298178,169.6922739202326,167.24800018310546,205.28635009765625,173.10590587674733,170.8717601856296,65.69789782184725,1.8688735157933536,0.925773024641396,0.9431004911519576,177.86222735386042,161.488775148581,17.82653464034867,0,174.4749984741211,172.42499542236328,4.783570425851004
2025-05-28,181.9499969482422,183.7700042724609,177.1199951171875,177.3699951171875,641669,173.50333150227866,170.00500072132456,167.58440002441407,204.82945007324216,173.95872372483538,171.46250881577123,59.38660757852261,2.136798187242505,1.1679780571616178,0.968820130080887,178.9010100404439,161.14099130232955,19.83904179468775,0,176.16000366210938,172.58499908447266,4.908571515764507
2025-05-29,178.0,180.17999267578125,176.99000549316406,177.94000244140625,331094,174.49555460611978,170.40091011740944,167.93700012207032,204.31740005493165,174.75497946814954,172.05137187264714,60.0411555519103,2.3678303723640965,1.4079485202021136,0.959881852161983,179.96188263810683,161.2581185825963,21.6637557257854,0,176.43000030517578,172.58499908447266,4.754998343331471
2025-05-30,178.5,178.5,174.58999633789062,174.9600067138672,283783,174.53777737087674,170.6054555719549,168.2600003051758,203.7917000579834,174.79598491729308,172.3157932218489,55.04632843546229,2.2841342158052957,1.58318565932275,0.7009485564825453,180.3749976881586,161.6760048142828,22.55366828240573,0,176.69000244140625,172.58499908447266,4.541427612304686
2025-06-02,175.0,177.0,173.52999877929688,176.52000427246094,195856,175.16000027126736,171.07636469060725,168.64960052490235,203.3180500793457,175.14078878832666,172.69799422645002,57.06016734179698,2.3169745341065777,1.7299434342795157,0.5870310998270623,180.99416433215745,161.91183847545977,23.03956722241511,0,176.69000244140625,172.58499908447266,4.524999346051895
2025-06-03,177.0,179.69000244140625,175.0,178.50999450683594,316417,175.86666700575086,171.6154556274414,169.07900054931642,202.8481000518799,175.81462993202854,173.22635788830326,59.54956601628868,2.4750455197445262,1.8789638513725175,0.5960816683720085,181.75063110697369,161.6903707851162,23.93744428616594,0,176.70999908447266,172.58499908447266,4.637856619698659
2025-06-04,179.35000610351562,179.35000610351562,174.02999877929688,174.77999877929688,418060,176.28333367241754,171.92500097101384,169.2970004272461,202.37950004577635,175.60770370148222,173.36759796930266,53.31089412571552,2.273135145386618,1.957798110175338,0.3153370352112801,182.01998493490217,162.09401652994157,24.449269653798478,0,176.88500213623047,172.58499908447266,4.73285675048828
2025-06-05,174.85000610351562,176.64999389648438,173.6999969482422,174.02999877929688,234199,176.48555501302084,171.96454620361328,169.4958004760742,201.87640007019044,175.29216271704516,173.4278162247567,52.12832928397048,2.0292095227940763,1.972080392699086,0.0571291300949903,182.0946329144726,162.7483678789844,24.811884093817756,0,177.9000015258789,172.58499908447266,4.751428876604351
2025-06-06,174.0,175.27000427246094,172.83999633789062,174.0500030517578,243701,176.57000054253473,172.23727347634056,169.695400390625,201.37790008544923,175.0437307839877,173.48437866357497,52.15881224360147,1.8165705920954736,1.9409784325783637,-0.1244078404828898,181.37472459045944,164.67327650817336,24.846442734726253,0,177.9000015258789,172.58499908447266,4.397143772670199
2025-06-09,174.0500030517578,175.9499969482422,173.88999938964844,174.22000122070312,322633,175.82000054253473,172.57727328213778,169.85140045166017,200.85900009155276,174.8789848713308,173.55125344149573,52.43599304508568,1.642832587593972,1.8813492635814848,-0.2385166759875132,181.11517037773075,165.7528304157263,25.02290926034931,0,178.30500030517578,172.58499908447266,4.087142944335936
2025-06-10,175.38999938964844,177.89999389648438,174.44000244140625,177.25999450683594,329999,175.80777825249567,173.27090939608487,170.10480041503905,200.3495500946045,175.35518679843182,173.88841172016302,57.21033126189088,1.7304979164356666,1.8511789941523216,-0.1206810777166551,181.17907864384856,166.712921173046,25.58712612327325,0,176.50999450683594,172.58499908447266,4.111428397042409
2025-06-11,177.97000122070312,184.3500061035156,177.24000549316406,182.32000732421875,958095,176.29444546169705,174.01181862571022,170.56980041503903,199.8636501312256,176.74815090358922,174.65492041144083,63.73535191591938,2.1831085507730847,1.9175649054764743,0.2655436452966102,182.0945930096284,167.32740711244193,27.14355975455653,0,178.59500122070312,172.875,4.422857012067518
2025-06-12,183.1300048828125,183.6000061035156,176.39999389648438,177.72999572753906,327350,176.6022220187717,174.49863641912287,170.94740020751954,199.3813000488281,176.9445198683792,174.9344727129043,55.47187759952216,2.1466845209515952,1.9633888285714989,0.1832956923800965,181.99389447137477,168.39110461309792,28.27998553114736,0,178.59500122070312,172.875,4.695000784737717
2025-06-13,172.39999389648438,177.9499969482422,172.10000610351562,177.36000061035156,217385,176.69555494520398,174.96863625266334,171.34960021972657,198.90584999084476,177.02761601677366,175.15497524903586,54.85448512732725,2.0641682543819115,1.983544713733581,0.0806235406483302,181.81218424929597,169.40781544552826,27.91272921644272,0,178.22500610351562,172.875,4.887857709612159
2025-06-16,176.9499969482422,177.52000427246094,173.0500030517578,175.27000427246094,151087,176.33555603027344,175.2945452603427,171.5972003173828,198.42544998168944,176.67609366791112,175.16543243298358,51.37605388350164,1.8092721182419496,1.948690194635255,-0.1394180763933055,181.83021491935204,169.45878501961278,27.571705495645556,0,178.22500610351562,174.85000610351562,4.498572213309146
2025-06-17,175.5,177.3300018310547,173.64999389648438,174.4600067138672,182251,176.3000013563368,175.542273087935,171.74240051269533,197.9565000152588,176.23287627710232,175.10130282215482,50.05137634357953,1.5243334927374406,1.8638188542556924,-0.3394853615182518,181.6290291551476,170.01397163830944,27.255040612048184,0,178.22500610351562,175.22500610351562,4.28642926897321
2025-06-18,174.0500030517578,175.47999572753906,172.39999389648438,173.32000732421875,157246,176.22111341688367,175.48500061035156,171.8344006347656,197.49060005187988,175.65030248652562,174.939366867797,48.16893244210517,1.1927795357720754,1.7296109905589692,-0.5368314547868938,181.55384066417795,170.20616147205254,26.537808011731293,0,178.22500610351562,175.56999969482422,4.278573172433032
2025-06-19,173.58999633789062,174.10000610351562,170.0,171.4600067138672,155880,175.93333604600696,175.50954645330256,171.9942007446289,197.01990005493164,174.81224333199393,174.6230613992579,45.18303704812078,0.7710459933264531,1.5378979911124662,-0.7668519977860131,181.50072598666975,170.30227694301774,25.114252990324125,0,177.1750030517578,175.6750030517578,4.292144775390621
2025-06-20,170.00999450683594,171.89999389648438,168.25,169.25,300729,175.38111368815103,175.3777285489169,172.2074008178711,196.5459001159668,173.69979466559514,174.1346012720526,41.86257375915047,0.2555442949386304,1.281427251877699,-1.0258829569390686,181.89389377338756,169.61310848491323,23.35353232550321,0,176.3000030517578,176.3000030517578,4.305001395089282
2025-06-23,168.99000549316406,170.3000030517578,168.27000427246094,169.08999633789062,156368,174.4733361138238,175.28954661976206,172.34960083007812,196.0386001586914,172.77783500005424,173.67600082349242,41.62407349930607,-0.1640148126838312,0.9923388389653928,-1.156353651649224,182.2954589730956,168.79154359038097,21.718577422455212,0,176.3000030517578,176.3000030517578,4.115001133510041
2025-06-24,171.0,202.8999938964844,171.0,202.6300048828125,20966598,176.73000250922308,176.6722738092596,173.1076010131836,195.64600021362304,178.74826897660589,176.30818301070332,74.46504371779687,2.184696138633456,1.2308102988990055,0.95388583973445,190.37094660479391,162.8820563248936,24.36092677156645,0,185.5749969482422,185.5749969482422,6.1500004359654
2025-06-25,202.0,214.6000061035156,198.1000061035156,207.2899932861328,14300320,180.01444668240018,178.21772835471413,173.86380096435548,195.2942002105713,184.4566138385113,179.12471121756056,76.44759236290385,4.371694435928873,1.858987126304979,2.5127073096238943,197.54716313321788,158.69783961336415,27.361438014821207,0,191.4250030517578,191.4250030517578,7.117857796805244
2025-06-26,207.5,211.5599975585937,204.6100006103516,207.6100006103516,1910988,183.3755577935113,179.42863741787997,174.5558010864258,194.9570002746582,189.08729119287932,181.71428298054155,76.58205366295084,6.060862410546122,2.699362183153208,3.3615002273929138,203.08150662193756,156.13049594153904,30.14762702641491,0,191.4250030517578,191.4250030517578,7.440714154924657
2025-06-27,208.3999938964844,216.9600067138672,204.8000030517578,205.8000030517578,2867985,186.76777988009985,180.720910505815,175.23840118408202,194.642250289917,192.42983356465507,183.90389389610667,74.00842484068225,7.1708276861499485,3.5936552837525566,3.577172402397392,207.2438048009877,155.05219739627793,32.951726309877586,0,192.6050033569336,192.6050033569336,8.16214316231863
2025-06-30,208.08999633789065,213.3500061035156,205.8099975585937,209.2100067138672,1337090,190.6288909912109,182.1422743363814,175.9460012817383,194.3648002624512,195.7858681944975,186.20444960681212,75.66750398430787,8.230762850211192,4.521076797044284,3.7096860531669087,211.6098752843899,153.95512715701636,35.555532787378645,0,192.6050033569336,192.6050033569336,8.438572474888383
2025-07-01,210.25,213.0,210.0,211.4100036621093,778182,194.8611128065321,183.7990923794833,176.67100128173828,194.08435028076173,198.9106952880199,188.4958636118392,76.70080609436187,9.142896848122264,5.44544080725988,3.697456040862383,215.8649656028274,152.9900377541062,37.97335308791534,0,192.6050033569336,192.6050033569336,8.201429094587045
2025-07-02,211.4900054931641,235.0,210.4199981689453,227.77999877929688,14141943,201.11888970269092,186.12909212979403,177.70880126953125,193.89500030517576,204.6845559862753,192.06714862706255,82.61633066506364,11.059207746453636,6.568194195098632,4.491013551355005,223.612724332104,150.54227902482964,40.9064745656804,0,201.625,201.625,9.442856924874436
2025-07-03,227.88999938964844,231.97999572753903,223.38999938964844,225.13999938964844,2125699,207.3288896348741,188.2486378062855,178.7046011352539,193.6999503326416,208.77564466694997,195.0737714236613,79.12719314338776,12.223961829488246,7.699347721976556,4.52461410751169,229.3379971262572,149.92800629171154,43.63008736646224,0,201.63500213623047,201.625,9.63857160295758
2025-07-04,225.1100006103516,226.27999877929688,218.94000244140625,220.8699951171875,801513,213.08222283257376,190.343637639826,179.61740112304688,193.47255027771,211.19451475699748,197.4188826685273,73.70519399522043,12.656586917487289,8.690795561078703,3.9657913564085856,233.2984581140847,150.64954451042703,45.27963999445672,0,203.0,201.625,9.84357125418526
2025-07-07,222.9900054931641,239.1999969482422,222.9900054931641,233.13999938964844,4599840,216.4722222222222,193.03045584938744,180.87040100097656,193.33625030517575,215.5836116835277,200.66625691590195,78.30547986821811,13.830107348138853,9.718657918490734,4.111449429648118,239.20967576071337,150.63032668069286,47.23202796832735,0,218.6500015258789,203.7249984741211,10.889999389648429
2025-07-08,232.4900054931641,240.0500030517578,231.0,238.47999572753903,2202490,219.9377780490451,195.95909188010475,182.25540100097655,193.22090034484864,220.16288849233,204.10386953514168,79.9495484704081,15.017906739869773,10.778507682766543,4.239399057103229,245.47767239703305,150.48433016644353,49.0691852338599,0,222.3300018310547,204.1500015258789,11.31642804827008
2025-07-09,238.0,242.0,233.6999969482422,240.6199951171875,1754239,223.6055552164713,198.9772734208541,183.65860076904295,193.13325035095212,224.25430981730148,207.42351731532767,80.58454992951644,15.948086764589675,11.81242349913117,4.135663265458506,251.40615187236656,150.3858494704069,50.83247189542169,0,223.4000015258789,205.125,11.61642783028738
2025-07-10,240.6199951171875,241.2700042724609,235.5,236.83999633789065,584217,227.05444335937497,201.6854553222656,185.0722006225586,193.065700302124,226.77144712141933,210.0977426810152,76.0056700410843,16.19357734555632,12.6886542684162,3.50492307714012,255.55748215157547,152.1455192522331,52.46980950972908,0,223.90499877929685,205.125,11.767857142857132
2025-07-11,234.3999938964844,238.47000122070312,229.2100067138672,233.1499938964844,1058443,229.71444193522132,203.9959092573686,186.40220062255855,192.9504502105713,228.04715647643235,212.1934018824215,71.7214086996577,15.907011909727911,13.332325796678544,2.574686113049369,258.34896863697486,154.933032095447,52.74961217808244,0,226.0,205.125,12.284285409109923
2025-07-14,235.6999969482422,238.08999633789065,231.3699951171875,235.8099975585937,759714,232.4255523681641,206.6359093405984,187.7590005493164,192.86125022888183,229.5997246928646,214.34036512570987,72.9069799150558,15.71341236570322,13.80854311048348,1.90486925521974,260.7274656300464,158.60853443098875,53.009428941553416,0,226.20999908447263,205.125,10.349285670689165
2025-07-15,235.8099975585937,237.5800018310547,231.3699951171875,232.5800018310547,320427,232.9588860405816,209.14590939608487,188.9474005126953,192.7671502685547,230.19578012050263,215.99851391710484,69.11764324025015,15.12499810803746,14.071834109994278,1.053163998043182,261.77827478511944,163.36972478763445,53.25068736477647,0,230.47000122070312,205.125,9.614286150251106
2025-07-16,231.8999938964844,241.6999969482422,227.9900054931641,237.3999938964844,957712,234.32110765245227,211.96999983354047,190.33440032958984,192.70615020751956,231.636622875699,217.94410300613933,71.49828545092217,14.876125927244855,14.232692473444397,0.643433453800462,262.5026799516175,169.05331827836295,53.710200185922425,0,230.47000122070312,205.125,10.09714290073939
2025-07-17,237.8999938964844,242.8999938964844,232.509994506836,234.1300048828125,911500,235.79444207085504,214.68227247758344,191.6822003173828,192.6455502319336,232.13529927712173,219.4155486312914,67.68615136059063,14.2507582753652,14.236305633828556,0.0144526415366446,261.32925915267845,176.49373889419655,54.20358997802823,0,232.94499969482425,205.5749969482422,9.970714024135036
2025-07-18,235.0,244.3000030517578,233.0500030517578,240.4900054931641,1366740,236.6111094156901,217.7354542125355,193.2520004272461,192.60275024414065,233.80624052033025,221.3314083460071,70.93236962660424,14.10574653667993,14.210193814398831,-0.1044472777189007,258.8693516221971,186.07764697399435,54.74128422442702,0,236.1450042724609,206.2750015258789,10.234999520438052
2025-07-21,242.8000030517578,253.4900054931641,242.8000030517578,245.3099975585937,3767724,237.3699985080295,221.0922719782049,194.83780029296875,192.5948002624512,236.10699192798293,223.51128009260583,73.1350379747539,14.215884894363311,14.211332030391729,0.0045528639715843,254.0934666769048,198.47553204135693,55.69596561473393,0,240.7400054931641,210.87000274658203,10.892857142857135
2025-07-22,247.0,247.0,236.5,237.8699951171875,1066659,237.064442952474,224.21136266534975,196.25480010986328,192.5457502746582,236.45959256582384,224.81661782211327,64.9531900059572,13.546666775919164,14.078398979497218,-0.5317322035780538,253.944901211448,202.14809653025125,55.26734699405789,0,240.7400054931641,210.87000274658203,9.88714272635323
2025-07-23,239.0,244.6000061035156,237.57000732421875,242.5500030517578,811732,237.69888814290368,227.55045387961647,197.7654000854492,192.5670002746582,237.67767466301063,226.42874375208092,67.42211023606748,13.241306583589108,13.910980500315596,-0.669673916726488,254.53242757537885,205.0865711428829,54.86934398914442,0,240.7400054931641,210.87000274658203,9.77571432931082
2025-07-24,243.25,247.3999938964844,238.5599975585937,245.07000732421875,993618,239.02333407931857,229.4795448996804,199.3048001098633,192.59125030517575,239.15614119525227,228.12340407682072,68.70070378119571,13.052192168785098,13.739222834009498,-0.6870306652244,254.95757267922056,208.4074267104279,54.691777722301566,0,240.7400054931641,210.87000274658203,9.882857186453682
2025-07-25,245.0,245.0,231.0200042724609,234.3500061035156,1949176,238.8611128065321,230.70954548228872,200.61160034179687,192.61510032653808,238.19491417690497,228.68945880652024,58.23084361720885,11.900125881246794,13.37140344345696,-1.4712775622101653,252.94972438278197,213.27027531204223,53.066472439031,0,240.7400054931641,210.87000274658203,9.57714298793248
2025-07-28,235.009994506836,235.8999938964844,229.4499969482422,230.6999969482422,953327,238.6522233751085,231.75909077037463,201.73400024414065,192.59940032958983,236.69593073117244,228.87223500122224,55.149063562955824,10.570727052341766,12.81126816523392,-2.240541112892154,250.60769950221328,217.76129921604843,51.28199579183055,0,240.7400054931641,210.8800048828125,9.391428266252792
2025-07-29,233.0,233.0,226.0,227.0399932861328,665782,237.50111219618051,232.7245448719372,202.8564001464844,192.5608502960205,234.7647432421645,228.7056675725777,52.167650920761496,9.116745033261084,12.072363538839356,-2.955618505578272,247.95448461533067,221.97751306533337,49.03348681880539,0,239.74500274658203,212.24500274658203,9.29857090541295
2025-07-30,228.9499969482422,230.6100006103516,227.1999969482422,228.6699981689453,282688,236.89444478352863,233.60908993807703,203.9868002319336,192.53900032043455,233.5457942275207,228.70242489952025,53.37652388566282,8.003719680949189,11.258634767261322,-3.254915086312133,247.9010505973272,222.1199470223017,46.94558562956775,0,239.74500274658203,225.79500579833984,9.1414282662528
2025-07-31,225.1000061035156,228.5,221.6499938964844,223.17999267578125,434924,234.97111002604169,234.1440894386985,205.0298001098633,192.50495025634768,231.47263391717283,228.20038560645307,48.89437374510729,6.6025316341738005,10.327414140643818,-3.724882506470017,248.1442949536073,221.6807019946349,44.08571648698574,0,237.56999969482425,229.05000305175784,8.98142896379744
2025-08-01,224.3999938964844,228.5,222.8500061035156,224.67999267578125,379046,232.67888726128476,234.00318007035688,206.07919982910155,192.4935501861572,230.11410566889447,227.8803498854829,50.12664927240836,5.549150325342083,9.371761377583471,-3.822611052241388,247.57121943959825,222.6347772645033,41.43012371173102,0,234.5249938964844,229.1450042724609,8.904999869210386
2025-08-04,224.69000244140625,224.77999877929688,221.07000732421875,221.9600067138672,307890,230.9111107720269,233.85863494873047,207.05260009765624,192.4570502471924,228.48328587788905,227.34213686988147,47.87248695512622,4.44363446162788,8.386135994392353,-3.942501532764473,248.31699903070572,220.7709984058177,38.6702508233524,0,234.2350006103516,229.6500015258789,8.726427350725453
2025-08-05,222.9499969482422,226.19000244140625,221.58999633789065,224.47000122070312,354856,228.9022216796875,234.02227158979937,207.92260009765624,192.4009002685547,227.68062894645183,227.08103362904708,50.10239523856352,3.727077327221849,7.454324260958252,-3.727246933736403,248.18690502937164,219.50009295646825,36.32828316230678,0,234.2350006103516,231.74500274658203,8.07571411132813
2025-08-06,225.0,226.8800048828125,223.6499938964844,225.2400054931641,321899,226.69888814290368,233.66318095814097,208.88000030517577,192.39380027771,227.19250425579432,226.9136674348759,50.79775564098501,3.184623191490715,6.600384047064745,-3.41576085557403,247.5368292074805,218.61216981595695,34.26439080833415,0,233.03500366210935,231.9550018310547,7.564286368233823
2025-08-07,224.3000030517578,225.2400054931641,223.38999938964844,224.94000244140625,296451,225.65333218044705,233.04772671786225,209.82000030517577,192.3736003112793,226.7420038929167,226.73424334456047,50.502457988566825,2.6993996429401648,5.82018716623983,-3.120787523299665,247.26509550707848,217.6939041267106,32.29694131007545,0,228.4850006103516,236.2150039672852,6.892858232770656
2025-08-08,224.0500030517578,230.9900054931641,224.0500030517578,228.17999267578125,669529,225.3733317057292,232.48227206143463,210.88440002441405,192.3861003112793,227.0296016494896,226.8656751019442,53.63710557903811,2.5469371134225867,5.165537155676381,-2.618600042253794,247.1357280295072,217.3262714822116,31.38020518427257,0,227.03500366210935,236.2150039672852,6.460001264299676
2025-08-11,228.0,234.009994506836,225.47000122070312,231.92999267578125,1001124,225.91666497124567,232.2590900767933,211.9925997924805,192.4530002593994,228.009679854748,227.32606760865664,57.029075824318426,2.6976067884339443,4.671951082227894,-1.9743442937939493,246.8462821726525,217.227716850785,30.9415569865368,0,227.54000091552737,237.2800064086914,6.320000784737737
2025-08-12,233.1600036621093,233.1600036621093,224.32000732421875,225.0399932861328,629080,225.5133310953776,231.8904536854137,212.9231997680664,192.48195022583008,227.4157425410249,227.11824267024537,49.81741518156036,2.235281291465924,4.1846171240755,-1.9493358326095764,246.7914665374575,216.5285316314878,30.27863887712118,0,227.54000091552737,237.2800064086914,6.449286324637287
2025-08-13,225.33999633789065,226.1699981689453,222.1999969482422,222.72999572753903,574508,225.4633314344618,231.2959081476385,213.88219970703125,192.4963501739502,226.47859317832777,226.7193111299993,47.64217340918279,1.6633138599198103,3.6803564712443615,-2.017042611324552,246.30661748905052,215.54638086300025,29.196585325668277,0,227.54000091552737,237.2800064086914,6.101429530552459
2025-08-14,224.97000122070312,224.97000122070312,222.1000061035156,223.72999572753903,210864,225.35777621799045,230.89363514293325,214.87619964599608,192.51405014038085,225.92887368817003,226.44755518432112,48.68672345853913,1.2760081644358363,3.199486809882657,-1.923478645446821,246.03186534356396,214.78113209295952,28.16945978675652,0,227.54000091552737,237.2800064086914,5.302857535226009
2025-08-18,226.08999633789065,227.88999938964844,223.6000061035156,225.6100006103516,351194,225.7633310953776,230.35772635719997,215.907399597168,192.53050010681156,225.86509907260637,226.3714138594148,50.678883405807646,1.1079940271222313,2.7811882533305723,-1.673194226208341,244.6711342218345,214.65386272640768,27.695033976448578,0,227.7999954223633,237.2800064086914,5.148571559361053
2025-08-19,225.6100006103516,229.8000030517578,224.6199951171875,228.92999267578125,556501,226.2588857014974,230.12136216597125,217.00159942626956,192.5677000427246,226.4780777932413,226.60401193362992,54.07007949773985,1.2285749785817757,2.470665598380813,-1.2420906197990376,241.92025992016409,215.76673653979688,27.54919698060218,0,228.05500030517575,237.2800064086914,5.018572126116076
2025-08-20,229.4900054931641,233.8999938964844,228.9600067138672,230.8999938964844,633349,226.88777330186636,229.68545254794037,218.0743994140625,192.59819999694824,227.36246101388997,226.9945557484349,56.00318422046081,1.4661974740710375,2.2697719735188584,-0.8035744994478207,240.91383394753976,216.07616239035085,27.98927511859977,0,228.05500030517575,237.2800064086914,5.118571690150674
2025-08-21,231.009994506836,232.9900054931641,228.1999969482422,229.07000732421875,248715,227.34666273328992,228.94727117365056,219.0093994140625,192.59930000305172,227.70397027595573,227.1832331644152,53.74048233218765,1.489678306948008,2.113753240204688,-0.6240749332566802,238.34698126190685,217.29501550322985,28.195676358767063,0,228.05500030517575,237.2800064086914,4.959286281040745
2025-08-22,229.07000732421875,230.8099975585937,225.6000061035156,226.509994506836,351526,227.1611073811849,228.4309075095437,219.98499938964844,192.5747499847412,227.4651751221318,227.1220296500898,50.65705661403491,1.2868810332348062,1.948378798810712,-0.6614977655759056,233.59333892532297,220.19265655807547,27.710799154371603,0,228.05500030517575,237.2800064086914,4.927857535226009
2025-08-25,228.6999969482422,229.8999938964844,226.8500061035156,228.5800018310547,229434,226.78888617621527,227.7959074540572,221.0093994140625,192.59279998779297,227.6881404639164,227.25457257563207,53.00505349547311,1.2784577588019488,1.8143945908089592,-0.5359368320070104,232.3869315177724,220.82206353837995,27.26055603600439,0,228.0,237.2800064086914,4.905000959123886
2025-08-26,228.1999969482422,234.9900054931641,225.1000061035156,229.509994506836,1050841,227.28555297851565,227.08863414417613,222.09419921875,192.61784996032716,228.0525112725003,227.45961093301423,54.06267552905403,1.3314764579974678,1.717810964246661,-0.3863345062491932,232.17240347232,220.9175913396917,27.6347010952347,0,228.54500579833984,237.2800064086914,5.282857622419093
2025-08-28,230.6199951171875,238.1999969482422,229.5500030517578,234.3500061035156,1484395,228.57666524251303,227.08863414417613,223.29199920654295,192.6213500213623,229.31201023870335,228.0860104939689,59.20792761423786,1.7439395951877827,1.7230366904348853,0.0209029047528974,233.53458322136063,220.28641287238932,28.40382022483616,0,230.1500015258789,234.2350006103516,5.672857012067529
2025-08-29,236.0,238.5,233.8000030517578,234.4199981689453,592331,229.76444329155817,227.2577251087536,224.5139990234375,192.6478500366211,230.3336078247518,228.6618275553304,59.27895845066215,2.0528039318790263,1.7889901387237137,0.2638137931553128,234.59737956154515,219.79861653220485,29.15639541082485,0,231.0500030517578,234.2350006103516,5.8764277866908525
2025-09-01,236.8999938964844,241.1999969482422,234.8099975585937,238.4199981689453,1547747,231.18777635362412,227.7749980579723,225.85319885253907,192.7082500457764,231.9508858935905,229.5489339747499,63.22055521901813,2.590486202142756,1.949289351407522,0.6411968507352341,236.6444375635499,219.27555907951648,30.19531798267481,0,232.90999603271484,234.2350006103516,5.864998953683037
2025-09-02,241.4499969482422,244.8000030517578,239.3300018310547,242.47000122070312,1738594,232.69222174750436,228.40227092396128,227.31759887695316,192.8050500488281,234.05470895901303,230.72357645165476,66.73181137182897,3.3053031963398496,2.220492120393988,1.0848110759458618,239.53347672271337,218.1655207748452,31.56496366534535,0,234.95000457763672,233.03500366210935,5.710714067731582
2025-09-03,244.88999938964844,245.6000061035156,241.0,241.97000122070312,1289352,233.92222256130643,229.25636222145772,228.77519897460937,192.9923000335693,235.6377674113511,231.7459787033864,65.89541549672722,3.787791688131449,2.53395203394148,1.253839654189969,241.51968544064505,218.18031150759717,32.92187564402216,0,235.3500061035156,233.3350067138672,5.407857622419087
2025-09-04,240.0,244.1999969482422,225.57000732421875,232.9499969482422,2545361,234.35333251953125,229.6322715065696,229.381598815918,193.13694999694823,235.10021331872932,231.8554349074642,52.99185616571318,3.403099519644968,2.7077815310821776,0.6953179885627905,241.73498632045676,218.81301020053937,30.651157682509503,0,235.3500061035156,233.3350067138672,6.454999651227681
2025-09-05,233.94000244140625,233.94000244140625,223.97999572753903,225.17999267578125,584551,234.20555453830292,229.77863450483844,229.7393988037109,193.2113999938965,233.1161691901397,231.24857652276572,44.84535718523608,2.4430913599832422,2.654843496862391,-0.2117521368791486,241.7375650807178,218.80443015854,28.634874123343234,0,234.7900009155273,233.3350067138672,6.961429050990516
2025-09-08,227.0500030517578,227.509994506836,223.3999938964844,224.19000244140625,332271,233.717776828342,229.76590728759768,230.07099884033204,193.29379997253417,231.330935840393,230.60688796991488,43.918936952304975,1.584133138019098,2.4407014250937324,-0.8565682870746345,241.7781128796212,218.6888823596366,26.85754647827797,0,234.5,233.3350067138672,6.948572431291855
2025-09-09,224.25,225.1699981689453,220.1000061035156,222.0200042724609,299006,232.88555569118924,229.6195435957475,230.39539886474608,193.35434997558596,229.4687495268066,229.82626217923723,41.876834486841,0.7200021057607557,2.096561561227137,-1.3765594554663814,242.01654307777144,217.83445332115437,25.736746364984747,0,232.8500061035156,232.8500061035156,6.940714154924669
2025-09-10,222.9900054931641,224.6999969482422,220.8800048828125,222.009994506836,468047,231.51444329155817,229.4863614169034,230.65139862060548,193.4322999572754,227.9769985228125,229.1156923908371,41.86716399688032,0.0339727162120766,1.684043792224125,-1.6500710760120485,241.97948568545544,216.8795108965758,24.69600340264104,0,232.8500061035156,232.8500061035156,6.858570643833708
2025-09-11,223.9900054931641,229.8999938964844,223.2899932861328,228.4900054931641,655435,230.85555521647132,229.50045290860265,230.99299865722656,193.55744995117183,228.0795999168828,229.0588117637759,49.9284157165088,0.0130221026122114,1.3498394543017422,-1.3368173516895308,241.9917666271602,217.21223117557415,23.11428271132697,0,232.8500061035156,232.8500061035156,7.079998561314172
2025-09-12,229.5,229.8500061035156,222.8000030517578,223.9199981689453,397915,229.24444410536023,229.136362249201,230.91579864501952,193.64384994506835,227.2476795672953,228.59164689151856,45.17104547384808,-0.3680995846485757,1.0062516465116786,-1.3743512311602544,241.9230781681724,217.39991987870255,21.554946765878896,0,232.8500061035156,232.8500061035156,7.211427961077007
2025-09-15,226.0,231.0,222.77999877929688,229.9600067138672,793456,227.8544447157118,229.3599992231889,231.01219879150392,193.73674995422363,227.7901449966097,228.7160432390048,51.71893505594738,-0.1806802866437351,0.768865259880596,-0.9495455465243312,241.91241469093197,218.03358445457587,20.32072719520222,0,232.8500061035156,232.8500061035156,7.556428091866629
2025-09-16,229.009994506836,232.0,226.2100067138672,228.13999938964844,884978,226.3177778455946,229.60590848055756,231.15759887695316,193.81644996643067,227.86011587521747,228.6636756163361,49.78941767368861,-0.1769685401486072,0.5796984998747554,-0.7566670400233626,241.89704469360905,218.3019543298285,19.363396252624124,0,232.1500015258789,232.8500061035156,7.263570513044081
2025-09-17,229.19000244140625,241.72999572753903,225.6699981689453,237.44000244140625,1267213,226.81666734483508,230.22909060391515,231.24359893798828,193.9435499572754,229.77609318845523,229.46152350952423,58.34191687873156,0.5698368441703678,0.5777261687338779,-0.0078893245635101,242.75102114753545,218.2989788524646,19.96604318761398,0,230.9150009155273,232.8500061035156,7.789998735700332
2025-09-18,238.0,263.45001220703125,234.1100006103516,257.8399963378906,7101892,230.445556640625,231.69409040971237,231.6307989501953,194.1809999084473,235.38887381834232,232.04138467573935,70.29458847618844,2.77579685104385,1.0173403051958725,1.7584565458479775,249.160202884979,214.58379735916165,22.33250190028664,0,241.77500915527344,241.77500915527344,9.549999782017297
2025-09-19,259.0,263.44000244140625,254.0,255.4900054931641,1446442,233.92333475748697,232.9013637195934,231.9281991577149,194.41889991760252,239.40910015330667,234.17307747732343,67.87846817600283,4.285016426068637,1.6708755293704254,2.614140896698212,253.3750529440492,213.01094711698596,24.5299278477684,0,241.77500915527344,241.77500915527344,9.740000043596536
2025-09-22,256.0,263.5,255.2700042724609,257.6499938964844,1192312,237.8822224934896,234.1172728105025,232.3443991088867,194.64979988098145,243.05727890194223,236.30734260633807,68.93536560333224,5.590928086241036,2.4548860407445474,3.136042045496488,257.4134158808876,212.0865841191124,26.57415101644481,0,242.19000244140625,241.8000030517578,9.872142246791292
2025-09-23,257.5,259.5799865722656,252.3500061035156,253.83999633789065,605160,241.4188893636068,235.24318140203303,232.75819915771484,194.8774998474121,245.2138223891319,237.90122021829737,64.88021634918807,6.246432537984106,3.213195340192459,3.033237197791647,260.0051046054869,212.02089484519664,27.86521071663116,0,243.13999938964844,241.8000030517578,10.059997558593752
2025-09-24,236.0,251.0,232.1000061035156,246.44000244140625,3211423,243.413333468967,236.1490908536044,232.9707992553711,195.09964988708492,245.4590583995868,238.6774731476709,57.771812390984685,6.098507082074832,3.790257688568934,2.308249393505898,261.0791192206881,212.6398810234525,26.03632703988941,0,243.13999938964844,241.8000030517578,10.282140459333151
2025-09-25,247.3999938964844,251.02999877929688,240.0,243.97999572753903,1069097,245.64222208658853,236.84909057617188,233.1987991333008,195.3015498352051,245.16324586517723,239.15952065493164,55.59131113113738,5.716872561585859,4.175580663172319,1.5412918984135402,261.73284173184743,212.94915747469557,24.341340256286426,0,243.13999938964844,241.8000030517578,10.3585684640067
2025-09-26,241.8000030517578,244.1600036621093,232.3000030517578,232.88999938964844,655003,245.967776828342,237.00272716175425,233.1085992431641,195.4299998474121,242.7085965700715,238.58956417626956,46.982280771585,4.468049539244703,4.234074438386796,0.2339751008579069,261.7044644770543,212.824534851559,23.27386575618782,0,244.58499908447263,241.8000030517578,10.91213989257812
2025-09-29,233.3099975585937,244.57000732421875,232.57000732421875,235.3999938964844,675618,246.7744428846571,237.05045387961647,233.1339990234375,195.46584983825684,241.2468760353541,238.2996032417436,48.91070801408626,3.638936481952953,4.115046847100028,-0.4761103651470746,261.5607212879109,212.66627761345637,22.231715705495503,0,244.58499908447263,241.8000030517578,11.40714045933314
2025-09-30,237.57000732421875,240.6600036621093,232.1000061035156,236.8999938964844,595104,246.71444193522132,237.16318095814097,233.0621987915039,195.53954978942872,240.37749960758012,238.17236602853825,50.07930828592056,3.067535237841753,3.9055445252483727,-0.8380092874066198,261.1518498078235,212.51814836112175,21.316062034296237,0,247.8000030517578,241.8000030517578,11.745712280273429
2025-10-01,236.9900054931641,239.0,233.13999938964844,236.0599975585937,583828,244.29444207085504,237.055908203125,232.8771987915039,195.61974975585937,239.51399919778288,237.98033253127053,49.397887630710414,2.5178902790301265,3.628013676004724,-1.110123396974597,260.736953362942,212.3420444397924,20.46581219675405,0,247.8000030517578,241.8000030517578,11.60071236746651
2025-10-03,237.759994506836,242.6199951171875,236.1100006103516,239.3300018310547,532838,242.49888610839844,236.91318095814097,232.90639892578125,195.74394973754883,239.47719972443724,238.1030297403418,52.12867586669503,2.3194178996557184,3.366294520734922,-1.0468766210792042,261.02490458215,212.69209370886563,19.156214962273623,0,247.8000030517578,241.8000030517578,11.565711975097654
2025-10-06,240.2899932861328,244.4900054931641,235.1499938964844,242.6100006103516,412104,240.82777574327255,236.94227183948863,232.90759887695316,195.87939971923828,240.10375990162007,238.51275436488817,54.765603563490295,2.3991398081848274,3.1728635782249035,-0.7737237700400761,261.3746226880707,214.08537639640195,17.896099860596447,0,245.83999633789065,241.8000030517578,11.645712716238837
2025-10-07,243.0,244.0,238.0,241.9100036621093,531907,239.5022210015191,237.3495448719372,232.84439880371093,196.0378497314453,240.465008653718,238.8215952100901,54.08094475614877,2.3784191559398096,3.013974693767885,-0.6355555378280755,261.4380340086627,215.79396519788028,16.725992980467637,0,241.56500244140625,241.8000030517578,11.66071319580078
2025-10-08,242.47999572753903,248.3999938964844,240.0,246.5500030517578,502048,239.51444329155817,238.3209089799361,233.0883987426758,196.24779975891116,241.68200753332596,239.5241777411508,57.843137666108746,2.7052229363358435,2.952224342281477,-0.2470014059456335,261.5168854248679,218.1681136596048,16.26393667442366,0,241.56500244140625,241.8000030517578,11.113570077078686
2025-10-09,249.8000030517578,252.5200042724609,244.1999969482422,247.6499938964844,647693,239.9222208658854,239.3872722278942,233.42739868164065,196.46874969482425,242.87560480595764,240.26288830072656,58.70687501172253,3.018185590227347,2.965416591870651,0.0527689983566959,261.3419412777196,220.9070577457179,16.36155340427102,0,242.31000518798825,241.8000030517578,9.612141200474332
2025-10-10,247.25,266.94000244140625,247.2400054931641,264.1199951171875,3371167,243.39222039116757,241.30090817538172,234.1689987182617,196.776799697876,247.1244828682036,242.4317161931321,68.96120900745888,4.542835224526328,3.280900318401786,1.2619349061245415,264.65686632431914,221.1551316615208,17.843397351342997,0,249.5200042724609,243.5200042724609,10.344997950962613
2025-10-13,264.8699951171875,269.70001220703125,260.8399963378906,265.75,1497360,246.76444329155817,243.28909024325284,234.9105987548828,197.08749969482423,250.8495862945629,244.55156017557465,69.76153946098185,5.815619968836472,3.787844248488725,2.027775720347748,267.10307729445026,222.89192087449504,19.42817375527151,0,250.90000915527344,244.90000915527344,10.389999389648436
2025-10-14,266.2900085449219,266.79998779296875,256.2900085449219,259.239990234375,748269,249.24666510687933,244.6868168223988,235.6317987060547,197.37689964294432,252.5276670825253,245.8868719991019,62.79716662049176,6.227224103800694,4.275720219551118,1.9515038842495755,268.2498355492926,224.67316097170357,20.137390544162137,0,251.42000579833984,244.90000915527344,10.624285016741068
2025-10-15,259.239990234375,267.0,258.3099975585937,264.4800109863281,1212967,252.4044443766276,246.53045376864347,236.42779907226563,197.693049697876,254.91813586328595,247.577157361577,65.76017917104599,6.8967478125033495,4.799925738141565,2.0968220743617847,269.6914066859963,226.86559099466777,20.814090503909046,0,252.4250030517578,244.90000915527344,9.692143031529014
2025-10-16,263.5,267.0,262.0,265.0899963378906,540195,255.26666598849823,248.12727147882637,237.2903988647461,198.0119496917725,256.95250795820687,249.16923363215096,66.09866875470223,7.39136780819274,5.3182141521518,2.0731536560409403,271.6890299221243,227.6329671481882,21.44245475224546,0,252.4250030517578,245.29000854492188,9.261428833007807
2025-10-17,266.79998779296875,277.9200134277344,264.20001220703125,269.260009765625,2623896,258.227778116862,249.99636285955256,238.1861990356445,198.3735497283936,259.4140083196905,250.99566782610316,68.39863962089947,8.027309128871906,5.860033147495821,2.1672759813760845,273.6978386245044,226.7661597885816,22.95826734524168,0,257.9600067138672,250.3500061035156,9.394286019461498
2025-10-20,271.3999938964844,273.45001220703125,267.010009765625,268.69000244140625,393605,261.2033335367839,251.4168174050071,239.05519897460937,198.72979972839357,261.26920714403366,252.6042437002216,67.72229981817634,8.388603777285425,6.365747273453742,2.022856503831683,275.6854869527298,226.0985111551804,24.36580761016674,0,258.9600067138672,250.3500061035156,8.9971433367048
2025-10-21,269.4200134277344,274.0299987792969,268.54998779296875,272.8399963378906,325063,264.12444390190973,252.09863558682528,240.01319885253903,199.0866497039795,263.58336498280505,254.4438575763733,70.04472880481975,8.907126404938225,6.874023099750639,2.033103305187586,278.18613684539423,225.1168615066566,25.719060905530604,0,261.0600051879883,250.3500061035156,8.77714429582869
2025-10-23,272.8399963378906,277.5,269.5599975585937,273.1600036621094,931321,266.9588894314236,252.90181732177732,240.9127990722656,199.43509971618653,265.49869271866595,256.14532540234933,70.22264811131615,9.237398262667256,7.346698132333962,1.890700130333293,280.8405820827172,224.39441700175547,27.2503073828556,0,262.5800094604492,251.79500579833984,8.925715855189742
2025-10-24,273.1600036621094,273.9800109863281,266.5799865722656,270.4100036621094,416413,267.6577792697483,253.48181776566935,241.6823992919922,199.76719970703124,266.48095490735466,257.4421143350548,66.56379196604578,9.171515549917444,7.71166161585066,1.4598539340667849,282.9554466518531,224.67655255468983,28.05171225607556,0,267.1050109863281,251.79500579833984,8.985717773437505
2025-10-27,270.0,270.1400146484375,265.54998779296875,268.0299987792969,348415,267.91111246744794,254.1268178766424,242.54219940185547,200.12519973754883,266.7907636817431,258.40464928453133,63.48101685299629,8.825521404833069,7.934433573647142,0.8910878311859269,284.43253398552724,225.60446552619152,28.58322694045412,0,267.1050109863281,255.010009765625,8.665718078613287
2025-10-28,268.0,275.760009765625,262.0,268.4800109863281,1770790,268.93778143988715,255.12863644686607,243.45719970703124,200.49129981994628,267.12861314266013,259.32059125742194,63.82219183022619,8.489766038107575,8.045500066539228,0.4442659715683472,284.8499821806161,228.7460184907706,29.59358312947945,0,268.11500549316406,255.010009765625,9.220004490443644
2025-10-29,269.3999938964844,271.5,268.1000061035156,270.44000244140625,431109,269.6000027126736,256.3313640247692,244.39139984130856,200.87469985961917,267.7908910024093,260.3314468196023,65.34095364885604,8.286312963293426,8.093662645890069,0.1926503174033573,285.3226475963691,231.77735392950987,30.53177101928868,0,269.9600067138672,255.010009765625,8.862861633300785
2025-10-30,270.0,270.2300109863281,267.04998779296875,267.79998779296875,262598,269.90111287434894,257.91818167946553,245.23519958496087,201.23749977111817,267.79271036052126,261.0104050899083,61.59038450539152,7.821882030007657,8.039306522713588,-0.2174244927059305,285.11616379189843,235.0738371236289,31.161047596953825,0,269.9600067138672,255.010009765625,8.510719299316412
2025-10-31,269.0,279.0,267.5400085449219,277.19000244140625,1173745,270.782223171658,259.81772752241653,246.20039978027344,201.67009979248047,269.67216877669824,262.4812775764081,68.51322734547774,8.117934381525117,8.055032094475894,0.0629022870492228,285.56428300781363,238.738718395995,32.50743423685665,0,270.5,255.5500030517578,7.922147478376124
2025-11-03,279.3999938964844,289.8500061035156,275.79998779296875,286.1000061035156,1864739,272.7166680230035,262.0540917136452,247.3044000244141,202.179949798584,272.95773624206174,264.62843471523604,73.41046853642649,8.96814167975947,8.237654011532609,0.7304876682268606,287.6466333312263,241.33336849982837,34.43553932412923,0,275.9250030517578,260.9750061035156,8.292861938476571
2025-11-04,288.0,293.1499938964844,286.79998779296875,291.6000061035156,1274209,274.80111355251734,264.5786375565962,248.555,202.70189979553223,276.68619021435256,267.08039575053414,75.902038786547,9.97080390282332,8.584283989790752,1.3865199130325685,290.70727084839604,243.17173153197504,36.39527536370311,0,277.5749969482422,262.625,8.045719691685276
2025-11-06,291.0,310.0,289.1499938964844,298.29998779296875,3422480,277.59444512261285,267.25909146395594,249.99079986572264,203.2578497314453,281.0089497300758,269.91854048166454,78.54010479759003,11.177209552498423,9.102869102332289,2.0743404501661384,294.38812526926733,245.1298755241897,38.87825406903734,0,286.0,271.0500030517578,8.914291381835941
2025-11-07,299.29998779296875,303.0,294.1499938964844,301.5,974698,281.04888916015625,269.9359096180309,251.4491998291016,203.81889976501463,285.1071597840607,272.7895822560587,79.68404993538178,12.250295185682262,9.732354319002283,2.5179408666799787,298.4585974183544,246.55440306992688,41.18387715256199,0,286.0,271.0500030517578,9.189291817801344
2025-11-10,302.20001220703125,306.8999938964844,294.1000061035156,295.8999938964844,918655,284.1455552842882,272.3900000832298,252.77699981689452,204.35719970703124,287.2657266065454,274.89052876882465,72.4096740079635,12.504703155723234,10.286824086346474,2.2178790693767603,300.1012221026176,249.73677838566368,43.45122479263854,0,286.0,271.5699996948242,9.123576572963174
2025-11-11,302.0,303.8999938964844,277.1000061035156,281.1000061035156,2338422,285.5477769639757,273.96045476740056,253.7119998168945,204.8130997467041,286.03258250593944,275.455026708342,57.47595219332816,11.380896092860723,10.505638487649325,0.8752576052113987,300.5591524291442,250.97684915776983,42.79444207391061,0,288.5249938964844,272.5749969482422,10.577861240931924
2025-11-12,283.0,284.54998779296875,273.0,277.75,948249,286.35999891493054,275.32863686301494,254.5785998535156,205.25994972229003,284.3760660047516,275.6636606439473,54.72473994857572,10.103486698111226,10.425208129741703,-0.321721431630479,300.7151552936588,252.0208462932553,41.65816128711479,0,288.5249938964844,272.5749969482422,11.011431012834825
2025-11-13,278.8999938964844,278.8999938964844,266.8999938964844,268.79998779296875,1039725,286.4711100260417,275.5413638028231,255.18619964599608,205.6726496887207,281.26085036239505,275.0396903847674,48.100310040055,8.273566834449014,9.994879870683167,-1.7213130362341538,300.1294263354975,253.56257500727597,39.87034306959046,0,288.4499969482422,274.0,11.30143083844866
2025-11-14,268.70001220703125,273.1499938964844,266.8500061035156,270.3500061035156,551620,285.7111104329427,275.75045498934657,255.74379974365235,206.091499710083,279.0786815106192,274.6133554501082,49.24616990642931,6.86923145795447,9.369750188137427,-2.500518730182957,299.9089050054485,254.37009584904368,38.20428699309784,0,288.4250030517578,275.0,11.22285679408482
2025-11-17,269.5,284.25,268.8500061035156,282.04998779296875,865829,285.2611083984375,276.7872730601917,256.54539947509767,206.5850496673584,279.6729427670891,275.2894129358228,56.969071471965336,6.624018731278852,8.820603896765713,-2.1965851654868604,300.1218160577206,255.85318394227943,37.52548802258951,0,288.4250030517578,277.0999984741211,11.975712367466516
2025-11-18,283.29998779296875,284.04998779296875,275.79998779296875,280.6499938964844,588863,284.044440375434,277.5222722833807,257.4993994140625,207.09439964294432,279.8683529929682,275.7767384777011,55.87349385501558,6.244732680388665,8.305429653490304,-2.0606969731016385,300.32897999746933,256.7850184156166,36.89517469283177,0,288.4250030517578,278.62000274658203,11.582140241350446
2025-11-19,278.0,282.3500061035156,274.0,276.1000061035156,554171,281.5777757432726,278.02272727272725,258.5177996826172,207.56959968566892,279.1146836150777,275.8061264436842,52.34987875382589,5.513444210532612,7.747032564898765,-2.233588354366153,300.2398369736257,257.6151618056712,36.06477532526914,0,286.875,283.14500427246094,11.93571254185268
2025-11-20,276.1000061035156,280.6000061035156,274.6000061035156,278.3500061035156,324783,279.00555419921875,278.4359089244496,259.6009997558594,208.02129974365235,278.9617481127653,276.0373882309416,53.898187625098686,5.057153310097988,7.20905671393861,-2.151903403840622,300.32561199636655,258.08038775949285,35.29369019824669,0,286.875,283.14500427246094,12.122140066964286
2025-11-21,278.5,278.5,264.0,265.79998779296875,705136,275.6611090766059,278.3045446222479,260.4765994262696,208.42309967041012,276.329396048806,275.1067154638531,45.096211682363865,3.640888000823793,6.495422971315647,-2.854534970491854,300.6461356211798,257.02386254776553,33.19928879480586,0,283.9499969482422,284.1549987792969,12.339283534458705
2025-11-24,264.45001220703125,266.1499938964844,255.6000061035156,264.0,834316,273.7611083984375,277.9027266068892,261.3163995361328,208.7963996887207,273.86351683904485,274.0970140580483,43.986686541316764,2.346198057072229,5.665577988466964,-3.319379931394735,301.0240954909892,256.0049023117451,31.28083314401508,0,270.0749969482422,282.8000030517578,12.089281354631698
2025-11-25,264.95001220703125,264.95001220703125,258.95001220703125,262.20001220703125,151547,272.0333319769965,277.40454517711294,261.9905996704102,209.1659497833252,271.53081591264214,273.0154684352285,42.85129482877522,1.1615137694280977,4.764765144659191,-3.6032513752310935,301.4440313490919,255.00196779641595,29.49941003970936,0,269.9250030517578,282.8000030517578,12.014282226562502
2025-11-26,262.20001220703125,268.70001220703125,260.45001220703125,266.79998779296875,1037544,271.8111097547743,277.24045354669744,262.84819946289065,209.57064971923828,270.58465028870745,272.4504247404776,46.64179347114515,0.5870553142326003,3.929223178573873,-3.3421678643412727,301.5200332478153,254.7579635783565,27.41421368362098,0,269.9250030517578,282.8000030517578,11.1142817905971
2025-11-27,267.8999938964844,268.79998779296875,263.0,263.79998779296875,297304,271.08332994249133,277.0481803200462,263.52499908447265,209.95224967956543,269.22771778955973,271.6640213816132,44.56572653020287,-0.10902530239332,3.1215734823804344,-3.2305987847737545,301.8281460343599,253.78584932696816,25.466306193868647,0,269.9250030517578,282.8000030517578,10.896423339843752
2025-11-28,264.8999938964844,269.79998779296875,264.1499938964844,267.3500061035156,410957,269.4499986436632,276.9968164617365,264.30919921875,210.35484970092773,268.85217545235093,271.2718381745134,47.54134525097334,-0.3699528114167378,2.423268223621,-2.793221035037738,301.8459210980865,253.7230760942963,23.76020383110206,0,269.8249969482422,282.8000030517578,10.41070992606027
2025-12-01,267.3999938964844,268.25,262.3999938964844,265.70001220703125,165096,267.7888895670573,276.781362360174,264.8743994140625,210.7514997863769,268.221742803287,270.7653085411059,46.29742597898361,-0.7017906542581613,1.798256448045168,-2.5000471023033293,301.87236181203275,252.54763635691256,22.17818615216364,0,268.9750061035156,282.8000030517578,8.914282662527905
2025-12-02,265.0,268.0,263.29998779296875,264.75,312282,266.52777777777777,276.6427265514027,265.01259948730467,211.14914978027343,267.5273942426296,270.2184623100963,45.558297816057305,-1.0295644034354725,1.23269227774904,-2.262256681184512,301.0318575583655,251.25314000022823,20.70916973600653,0,268.1000061035156,282.8000030517578,8.424998692103797
2025-12-03,264.8999938964844,276.0,262.5,273.54998779296875,765861,265.9944424099392,276.47727134011006,265.3737991333008,211.594299697876,268.7319129526975,270.5213282630847,53.03744661378134,-0.5726409424864869,0.8716256337019346,-1.4442665761884217,299.05519548626575,251.4248002412733,20.151530006430725,0,267.0500030517578,282.8000030517578,8.532141549246655
2025-12-04,273.54998779296875,275.8500061035156,270.29998779296875,272.54998779296875,335924,266.7444424099392,275.86136141690343,265.67179901123046,212.0575496673584,269.4955279207517,270.7057518567105,52.1605165179406,-0.2878987329966662,0.6397207603622144,-0.9276194933588806,295.1599800249977,252.7450157025413,19.633721686110334,0,265.8000030517578,282.8000030517578,8.478572300502234
2025-12-05,272.1499938964844,275.0,267.79998779296875,268.95001220703125,216643,267.29444376627606,274.8318162397905,265.9739993286133,212.5032997131348,269.38642477800767,270.5461391612851,49.01837652908279,-0.3487067497048315,0.4420352583488052,-0.7907420080536367,289.18062116070007,255.46937578754216,18.755963226529147,0,267.4750061035156,282.8000030517578,7.892859322684154
2025-12-08,269.3999938964844,270.3500061035156,256.0,257.8500061035156,327590,266.8111097547743,272.9931807084517,266.20219940185547,212.8963497161865,267.0791410431093,269.39194524694244,40.84767519180017,-1.2778450645035946,0.0980591937783252,-1.37590425828192,284.42164938301715,256.4233487859281,18.426043073669284,0,266.0,282.8000030517578,8.328574044363842
2025-12-09,257.0,262.8999938964844,251.0,257.45001220703125,900807,265.772223578559,270.99090853604406,266.47159973144534,213.31879974365236,265.1533152758937,268.30631497058687,40.5851431447478,-2.0231484417491856,-0.3261823333271769,-1.696966108422009,283.4356039148036,255.04439486449328,18.63289797462928,0,263.5,280.5,8.582144601004467
2025-12-10,257.1499938964844,265.8500061035156,254.0,255.6999969482422,300830,264.87222459581164,269.1636359474876,266.9277996826172,213.7628497314453,263.2626516103634,267.1602860594646,39.39225698543159,-2.723622123292273,-0.8056702913201962,-1.917951831972077,282.961367374986,253.31363109913505,18.38748657251189,0,263.5,280.5,9.00000217982701
2025-12-11,255.1999969482422,258.1000061035156,246.8000030517578,255.8500061035156,564545,263.5944468180339,268.0159086747603,267.3367999267578,214.23634979248047,261.7801225089938,266.132078790742,39.55625699800448,-3.2294213186869456,-1.2904204967935462,-1.9390008218933996,283.2911131136736,251.68888719150212,18.869216037425467,0,261.4000015258789,278.4000015258789,8.771430969238283
2025-12-12,255.1000061035156,258.70001220703125,251.8999938964844,254.0500030517578,232893,262.3000013563368,266.9386360862038,267.67980010986327,214.69434982299805,260.23409861754664,265.03370826901613,38.21983166616069,-3.732490204464739,-1.7788344383277848,-1.953655766136954,283.50308707519616,249.84691292480383,19.22354472372552,0,261.4000015258789,276.8499984741211,8.503576006208146
2025-12-15,254.0,258.95001220703125,251.6999969482422,257.25,214264,261.4666680230035,266.4136366410689,268.1036001586914,215.1689498138428,259.6372788940373,264.3260984263783,41.97318336652912,-3.8288265811606266,-2.1888328668943533,-1.6399937142662733,281.108074067307,249.76192715339616,19.51146367624069,0,261.4000015258789,276.8499984741211,8.592862810407365
2025-12-16,256.3999938964844,261.1499938964844,254.0,255.0,131147,259.4055582682292,265.71590909090907,268.4170001220703,215.6360997772217,258.7098231152298,263.47827129670753,40.127204534296354,-4.040157627504584,-2.5590978190163995,-1.4810598084881843,278.7438607073992,249.56114112365552,19.40747608889764,0,261.3250045776367,275.3499984741211,8.514290945870533
2025-12-17,255.0,255.3999938964844,251.1000061035156,253.3500061035156,227632,257.27222696940106,264.41136446866125,268.6318002319336,216.08194984436037,257.637859712887,262.55751991550824,38.78025905526783,-4.291312146980715,-2.905540684609263,-1.3857714623714523,277.22681843462664,248.8031833964281,19.64158754167806,0,260.9000015258789,265.6749954223633,8.40714808872768
2025-12-18,252.5,252.9499969482422,248.0500030517578,249.1499938964844,242546,255.07222493489584,262.97954628684306,268.7766000366211,216.51079978942872,255.9402865496065,261.3386539137788,35.512532869576376,-4.774225497592965,-3.2792776472060035,-1.494947850386962,275.11833203807964,247.99166857227192,20.191094815212946,0,258.5750045776367,265.5250015258789,8.35714830671038
2025-12-19,250.4499969482422,255.6999969482422,249.8500061035156,253.3999938964844,352900,254.5777791341146,261.9477275501598,268.9135998535156,216.9796997833252,255.4322280189821,260.6169575485702,40.93604410668985,-4.759137946105795,-3.575249706985962,-1.183888239119833,274.8113346088688,247.05866661183435,20.19953489193048,0,256.3250045776367,265.5250015258789,8.407148088727677
2025-12-22,255.8999938964844,267.3999938964844,253.6999969482422,263.0,608994,255.19444444444449,261.25,269.2205999755859,217.51699981689453,256.9457824151857,260.8335977714275,50.96735726621354,-3.927269571912518,-3.645653679971273,-0.2816158919412448,274.72198435608186,247.0480168646212,19.040077421672493,0,257.0999984741211,265.5250015258789,9.071432931082583
2025-12-23,264.0,265.8999938964844,260.45001220703125,265.3999938964844,209566,256.272221883138,261.2318184592507,269.2461999511719,218.0604497528076,258.63662471144545,261.2487246918872,53.11136410879868,-3.0393131323331204,-3.524385570443643,0.4850724381105227,275.0193293997692,247.0706699898793,17.963438342147224,0,257.0999984741211,265.4249954223633,8.49643162318638
2025-12-24,265.3999938964844,270.0,263.8500061035156,265.95001220703125,243432,257.3944447835286,261.3204553777521,269.2502001953125,218.59714981079105,260.09930221056266,261.6761144659912,53.611972888504766,-2.26510861350414,-3.2725301790557424,1.0074215655516028,274.9081386790366,247.09686315201805,17.483595991384565,0,259.0250015258789,264.5750045776367,8.539287022181915
2025-12-26,265.0,268.0,260.6499938964844,261.8500061035156,251740,258.26111178927954,261.3045460094105,269.3024005126953,219.1133498382568,260.4494429891532,261.6919227966752,49.379720757351805,-1.9597909319270457,-3.0099823296300032,1.0501913977029576,274.755286482752,247.05471717935745,16.562136087502278,0,259.0250015258789,263.7000045776367,8.5500008719308
2025-12-29,261.5,263.75,258.25,259.6499938964844,131735,258.52777777777777,260.97954628684306,269.20580017089844,219.5987998199463,260.28955317061946,261.50629289665784,47.22539861066774,-1.8737476716292465,-2.782735398029852,0.9089877264006055,274.0400976379576,246.99990480344871,15.396436960936397,0,259.0250015258789,262.6500015258789,7.917857578822541
2025-12-30,258.3999938964844,260.0,254.75,255.8000030517578,202571,258.61666700575086,260.615910616788,269.02000030517576,220.0498998260498,259.3916431468471,260.9875392743942,43.6374923216169,-2.0921033878227604,-2.644608995988434,0.5525056081656734,273.4712848805054,246.57871664537348,14.795460755117464,0,259.0250015258789,261.4000015258789,7.442858014787943
2025-12-31,257.0,260.8999938964844,254.75,256.20001220703125,215390,258.93333435058594,260.10909271240234,268.7588003540039,220.52889991760253,258.75331695888394,260.5523095409976,44.112580728236274,-2.207428607350664,-2.55717291826088,0.349744310910216,272.9546358659296,246.2403668806525,14.09705513617445,0,259.0250015258789,261.4000015258789,7.035714285714282
2026-01-01,256.8999938964844,268.0,254.0500030517578,265.70001220703125,503316,260.77222527398004,260.10909271240234,268.6990005493164,221.0546499633789,260.1426560085134,261.020282510637,54.02433453848938,-1.5147924846747287,-2.3486968315436503,0.8339043468689216,271.23084848093544,247.17915670705287,13.744244431100974,0,259.9250030517578,261.4000015258789,7.224999564034594
2026-01-02,266.79998779296875,269.95001220703125,263.6000061035156,267.3500061035156,304956,262.32222663031683,260.2272748080167,268.5892007446289,221.58985000610352,261.5841260275139,261.5957119281714,55.50049986242151,-0.823242818645781,-2.0436060289640765,1.2203632103182955,269.93638832614687,247.95361869289613,13.665747689580591,0,261.8499984741211,261.4000015258789,7.192855834960936
2026-01-05,266.75,284.5,265.8500061035156,280.1000061035156,1319394,264.22222730848523,260.52500291304153,268.72800079345706,222.1963000488281,265.28730204271426,263.2779204895663,64.88331257519471,0.7450452993955423,-1.4858757632921529,2.2309210626876954,273.3821959311812,245.62281047751028,15.063927488088185,0,269.2750015258789,265.6500015258789,8.007140023367743
2026-01-06,281.5,282.0,274.1499938964844,276.6499938964844,391261,265.47222730848523,260.7113668268377,268.85280059814454,222.7943500518799,267.5598404134683,264.4935635265589,61.127453005428976,1.6900558676773585,-0.8506894370982506,2.540745304775609,276.26188841430934,244.623116773679,16.36223730098809,0,269.2750015258789,265.6500015258789,8.057140895298547
2026-01-07,278.5,281.79998779296875,276.75,280.6499938964844,435998,267.10555860731336,261.2431841763583,269.1052005004883,223.41240005493165,270.1778711100715,265.9623299238248,63.74766459796887,2.7302771862152326,-0.134496112435554,2.864773298650787,279.73172986903216,243.47327348790145,17.567810698680862,0,269.2750015258789,265.6500015258789,8.11785561697823
2026-01-08,283.0,288.04998779296875,279.54998779296875,281.3999938964844,869581,269.2777794731988,262.3136381669478,269.3636001586914,224.0,272.4222956673541,267.3657539213393,64.23445739130315,3.573980188645578,0.6071991477806724,2.9667810408649053,282.809739769963,242.9652632817948,19.222706651416527,0,271.0499954223633,267.4249954223633,8.34642682756696
2026-01-09,279.0,284.0,275.0,279.1499938964844,621504,271.4444461398655,263.30000097101384,269.537799987793,224.57529998779296,273.76783531318017,268.4370484645343,61.56367428409349,4.014784761049498,1.2887162704344377,2.7260684906150603,284.9434550588292,243.16154677222548,19.946055854510576,0,271.0499954223633,267.4249954223633,8.521426609584262
2026-01-12,277.70001220703125,281.45001220703125,272.79998779296875,277.79998779296875,583787,273.8888888888889,264.3045460094105,269.737799987793,225.14394989013672,274.5742658091379,269.28822476711923,59.95295791271315,4.206699141301442,1.8723128446078383,2.3343862966936038,286.4347968179248,244.0452034872509,20.24422193488445,0,271.0499954223633,267.4249954223633,8.139285496303014
2026-01-13,279.8999938964844,287.3999938964844,279.1000061035156,283.5,994748,276.92222086588544,265.5613639137962,269.86399993896487,225.729349899292,276.3594126473103,270.58020433374475,64.21063982533056,4.763821647856844,2.4506146052576394,2.3132070425992044,288.8845707615281,244.22042954364764,21.09204367591148,0,271.0499954223633,267.4249954223633,8.435715811593193
2026-01-14,283.1499938964844,285.04998779296875,280.29998779296875,282.8500061035156,228125,278.8277757432726,266.87045496160334,269.79899993896487,226.3206499481201,277.6575313385514,271.69564085826937,63.383089621962775,5.094173709423103,2.979326426090732,2.114847283332371,290.7129088166774,245.17709209885,21.87930672115086,0,275.8249969482422,267.4249954223633,8.335716247558594
2026-01-15,282.8500061035156,282.8500061035156,282.8500061035156,282.8500061035156,0,280.5499979654948,268.0340916026722,269.62399993896486,226.9395499420166,278.6960262915443,272.70967406238265,63.383089621962775,5.294943288035711,3.4424497984797275,1.8524934895559837,292.0284603347252,246.8115405808021,22.61033669173029,0,276.9499969482422,267.4249954223633,7.810715811593192
2026-01-16,282.5,282.5,278.45001220703125,280.70001220703125,564881,280.61666531032984,269.2022739757191,269.2720004272461,227.54879997253417,279.09682347464167,273.4360684391689,60.39701836793981,5.220390672265808,3.798037973236944,1.4223526990288642,291.9963584441357,249.9986443024463,22.452411001790026,0,280.42498779296875,267.4249954223633,7.732143947056362
2026-01-19,280.70001220703125,284.70001220703125,275.8999938964844,276.54998779296875,980338,280.60555352105035,270.25681859796697,268.77300018310547,228.14529991149905,278.5874563383071,273.71915201678706,55.00979598105088,4.771432793007818,3.992716937191119,0.7787158558166998,291.5613685365111,252.7486335997193,21.85479372284981,0,280.42498779296875,268.0499954223633,7.985716683523996
2026-01-20,276.0,276.25,258.0,260.70001220703125,1919176,278.3888888888889,270.78181943026453,268.0690005493164,228.63434997558596,275.009967512052,272.5355938522638,40.24508667148438,3.100924347497255,3.814358419252346,-0.7134340717550911,291.70039170014,252.37961165679368,21.600938927607917,0,273.0249938964844,268.0499954223633,8.87143053327288
2026-01-21,261.0,263.5,242.5500030517578,247.4499969482422,1122852,274.61666700575086,270.51136502352625,267.39600036621096,229.03559997558597,269.49797339929,270.25508504280725,32.41301343159272,0.6998019909402728,3.1914471335899317,-2.4916451426496584,293.52901306502406,248.7559905970853,22.583590017604816,0,264.9749984741211,265.2999954223633,9.37143053327288
2026-01-22,270.0,296.8999938964844,263.25,296.8999938964844,19317857,276.5888892279731,272.0522738370028,267.7790002441406,229.67649993896484,274.9783774987289,272.67734948405064,62.07591223159662,2.755334921236169,3.104224691119179,-0.3488897698830095,297.69139807864286,247.6886037524118,21.60726624755,0,269.7249984741211,269.7249984741211,12.450001307896205
2026-01-23,305.45001220703125,319.3999938964844,296.3500061035156,305.79998779296875,23382711,279.7000003390842,273.88863719593394,268.5190002441406,230.38814987182616,281.14269955757686,275.688498421225,65.04906628162104,5.0443663891791175,3.492253030731167,1.5521133584479505,303.36193002335875,246.4130699766412,21.9484205307688,0,280.9749984741211,280.9749984741211,12.764286586216516
2026-01-27,299.79998779296875,320.95001220703125,299.29998779296875,317.8500061035156,7014335,283.51666768391925,276.2477278275923,269.4690002441406,231.1844499206543,288.4841608667646,279.5213627559787,68.63446641763748,7.741536476993701,4.342109719983674,3.399426757010027,311.18675448162617,244.408246739077,22.33897273295677,0,281.75000762939453,281.75000762939453,13.750002179827009
2026-01-28,315.04998779296875,327.45001220703125,312.04998779296875,322.3500061035156,3476086,287.90555657280817,278.9977278275923,270.2750006103516,231.98629997253417,295.25732991411485,283.4148757875729,69.87721550597186,10.12545564577158,5.498778905141256,4.626676740630325,318.3302395096555,243.91976201622344,23.010518933461675,0,285.00000762939453,285.00000762939453,14.482147216796877
2026-01-29,322.20001220703125,326.5,317.8999938964844,322.8500061035156,1493107,292.3500010172526,281.8704556551847,271.1190008544922,232.7769000244141,300.77586515199505,286.9998876344768,70.0193547243958,11.917694816229812,6.782562087358967,5.135132728870845,324.1210895813695,244.79391133415783,23.634097548216232,0,285.00000762939453,285.00000762939453,14.489290509905134
2026-01-30,318.3999938964844,342.6499938964844,318.0,339.3999938964844,3533765,298.8722212049696,285.67045523903585,272.38500061035154,233.6265000152588,308.50069090089295,291.76353365829567,74.33607785348364,14.506283564988223,8.327306382884819,6.178977182103404,333.7216990687651,242.56330001570765,24.927542610047325,0,292.5999984741211,292.5999984741211,15.607147216796877
2026-02-02,310.5,351.5,309.0,348.1499938964844,5061624,306.8277774386936,289.8499998612837,273.78100036621095,234.50220001220703,316.43055150001123,296.88957549813097,76.28059620189022,17.067072088203645,10.075259523948583,6.99181256425506,343.9107178089806,240.4542800547889,25.310256671212475,0,297.0250015258789,297.0250015258789,18.02500261579241
2026-02-03,370.0,370.0,346.5,356.3999938964844,2020446,317.4611087375217,293.9727263017134,275.59300048828123,235.42584999084477,324.4244399793059,302.29961353434487,77.97506737114297,19.537010992851663,11.9676098177292,7.569401175122461,354.7510542786969,237.2439423643695,26.421395863726,0,306.2750015258789,306.2750015258789,19.017859322684156
2026-02-04,355.04998779296875,360.6499938964844,341.5,357.1000061035156,1099227,329.64444308810766,298.0522717562589,277.4550006103516,236.34220001220703,330.9595532041478,307.2814674042695,78.11790925797162,21.30534574101023,13.835157002385408,7.47018873862482,363.9813143954964,236.05868346827307,27.02749240200553,0,316.625,306.2750015258789,20.046430315290177
2026-02-05,357.1000061035156,368.5,352.8500061035156,363.7000122070313,1792458,337.0666673448351,301.8522720336914,279.4850006103516,237.28490005493163,337.5076450047245,312.4104260227024,79.46984667941659,22.97449344379657,15.663024290667645,7.311469153128932,373.4052402446087,234.93975945021555,27.9006725664404,0,333.1750030517578,306.2750015258789,21.16428702218192
2026-02-06,364.1499938964844,367.3500061035156,347.04998779296875,359.70001220703125,705337,343.0555589463976,305.62727286598897,281.34300109863284,238.20395011901851,341.94611844518585,316.70947931218683,76.38948511987834,23.701324339782506,17.270684300490615,6.430640039291887,380.6724659844575,235.50253554142137,28.2098084133321,0,334.6499938964844,306.2750015258789,22.30000305175781
2026-02-09,365.0,382.0,363.7000122070313,380.1499938964844,1712628,349.97777981228296,310.1500001387163,283.6700012207031,239.2279500579834,349.58689353544554,322.4767988198503,80.54203102454909,25.632015753861367,18.942950591164767,6.6890651626966005,391.1001304071867,235.1748711186922,29.08087875138732,0,345.5,312.2750015258789,23.26428658621652
2026-02-10,380.0,388.6000061035156,379.0,383.0,1077739,356.7166680230035,314.7681822343306,285.9830010986328,240.2668000793457,356.2695148283565,327.9789080180457,81.04244435864666,27.07991389276356,20.570343251484523,6.5095706412790335,400.41161061938834,236.38339212719364,30.125113560475363,0,348.8000030517578,315.5750045776367,22.62500217982701
2026-02-11,383.0,389.5,376.1000061035156,389.0,800692,364.0666673448351,319.76136432994497,288.44900085449217,241.3593500518799,362.8156118626852,333.5262800164052,82.08690513784131,28.38433649284065,22.13314189975575,6.251194593084897,409.7084262548034,237.63657649177867,30.833036830050258,0,349.25,316.0250015258789,22.085716247558597
2026-02-12,389.0,395.75,371.0,378.2999877929688,1231759,368.3888888888889,324.3295461481268,290.7200006103516,242.40470001220703,365.912487048742,337.59661708700185,74.23236439623216,28.229289561937374,23.35237143219208,4.876918129745302,415.5293612034311,241.36063971209632,31.729710854039777,0,352.375,319.1500015258789,20.32143075125558
2026-02-13,378.0499877929688,388.6499938964844,368.25,380.9500122070313,738831,372.03333536783856,328.7590921575373,292.8680010986328,243.45715003967285,368.9199920803998,341.53783482518634,74.8736141689975,27.997510699679932,24.28139928568965,3.716111413990284,420.6717893859625,246.0282121399164,32.29816913239341,0,368.625,319.1500015258789,20.132145472935267
2026-02-16,378.0,380.9500122070313,365.0,375.0,535921,374.1000027126736,332.9477282437411,294.91700134277346,244.5013500213623,370.1359936643199,344.5798498410785,70.6239249691558,27.02221277456192,24.82956198346411,2.192650791097812,423.5817290868309,252.5482712183449,32.50889237889453,0,368.625,319.1500015258789,19.72500174386161
2026-02-17,377.0,382.0,368.6499938964844,373.9500122070313,355877,375.9722256130642,337.0886376120827,297.0170013427734,245.53785011291504,370.8987973728622,347.24986460161966,69.87027119620882,25.866385313853016,25.03692664954189,0.8294586643111259,424.7133616726054,261.15664107397663,32.75515103922,0,371.3999938964844,319.1500015258789,19.578571864536837
2026-02-18,374.0,378.1000061035156,370.0499877929688,374.0,368737,377.1166687011719,341.3295461481268,299.3400012207032,246.56800010681152,371.51903789828975,349.6816950923815,69.8867468288076,24.670036496909347,24.963548619015384,-0.293512122106037,421.6207942654098,275.57920726046905,32.983819795236506,0,371.3999938964844,319.1500015258789,19.53928702218192
2026-02-19,377.0,382.0,349.1000061035156,366.6000061035156,1521344,377.88333468967016,345.42272879860616,301.5230010986328,247.53520011901853,370.535231539335,351.219723366121,64.28280311087448,22.861273249762007,24.543093545164712,-1.681820295402705,410.2068035460823,298.90819889532395,31.23472504989851,0,372.4250030517578,319.1500015258789,20.128572736467635
2026-02-20,364.75,385.0,360.6000061035156,383.0,723911,378.2000020345052,350.98181915283203,304.06900115966795,248.60995010375976,373.028185231468,354.1088394237464,70.02030851450189,22.491885338471377,24.132851903826047,-1.6409665653546703,408.7548911313796,308.9701119203782,29.807995138817688,0,372.4250030517578,319.1500015258789,18.83571515764509
2026-02-23,388.7000122070313,401.2000122070313,372.5499877929688,399.1000061035156,1854477,379.9888916015625,357.8750013871626,306.934001159668,249.7717501068115,378.2425494058776,358.1989454855436,74.37259444286794,23.2304920448521,23.95237993203126,-0.721887887179161,409.84930998667926,317.2056948961332,29.43025533135817,0,375.15000915527344,321.87500762939453,19.20357404436384
2026-02-24,394.0,407.7000122070313,390.5499877929688,402.2000122070313,1219954,381.4555596245661,362.6613658558239,309.8970013427734,250.97275016784667,383.0340419661083,362.1990424602243,75.12151438013031,23.79173149491976,23.92025024460896,-0.1285187496892028,411.86327672897824,323.6267287641858,29.406472712965986,0,378.40000915527344,325.12500762939453,19.060719081333705
2026-02-25,400.0,408.7000122070313,392.7000122070313,397.0499877929688,551499,383.53889295789935,366.8090931285511,312.6930010986328,252.12790008544923,385.8372311314805,365.36731021774654,71.38906548766431,23.54949001114528,23.846098197916227,-0.2966081867709462,411.9107796754985,331.0492239866108,29.434770653501012,0,378.90000915527344,325.62500762939453,19.085719517299108
2026-02-26,397.0499877929688,404.0,393.8500061035156,402.8500061035156,340685,385.97222561306427,370.6727294921875,315.65000122070313,253.3070500946045,389.2397861258875,368.7748280255437,73.01518951852533,23.554008941665927,23.787680346666168,-0.2336714050002406,411.2093284847507,339.75067517735863,29.461047312569256,0,378.90000915527344,325.62500762939453,18.3607177734375
2026-02-27,400.0,401.0,388.0,395.1000061035156,438651,388.2055596245661,373.9795476740057,318.4850012207031,254.44745010375976,390.4118301214132,371.168026032632,67.4950439513044,22.67089404174152,23.56432308568124,-0.8934290439397188,410.6827712757986,345.84723360701383,28.89923504904066,0,378.90000915527344,335.9750061035156,17.828576224190847
2026-03-02,366.5,392.8500061035156,366.5,379.1000061035156,631536,388.7777811686198,376.5363658558239,321.08400146484377,255.50245010375977,388.1494653178337,371.8891151299851,57.78243092372069,20.44428386041335,22.940315240627665,-2.496031380214312,408.9680534870378,350.6569526164778,27.030900418831965,0,378.90000915527344,352.52500915527344,19.185719081333705
2026-03-04,371.1499938964844,384.2000122070313,356.1499938964844,361.3500061035156,643927,387.3722262912327,377.5340936834162,323.2430017089844,256.4641501617432,382.7895734749701,370.93101430939697,49.30576677381477,17.05085099629116,21.762422391760364,-4.711571395469203,408.4527831489709,351.6672241752478,25.94911153011285,0,378.90000915527344,354.0,20.23214939662389
2026-03-05,368.0,378.0,360.1000061035156,369.25,480766,387.6666700575087,378.4931848699396,325.3680017089844,257.4375001525879,380.0816587799761,370.7781948267245,52.636114434514255,14.82806577544443,20.375551068497177,-5.547485293052748,407.4670545193193,353.8679521945479,24.944593276302253,0,382.4250030517578,358.8500061035156,19.74286324637277
2026-03-06,370.9500122070313,373.5,364.5,371.7999877929688,213938,386.4222242567274,379.1931845925071,327.4960015869141,258.441900100708,378.42532458257466,370.8710850963831,53.693584797758085,13.12100440612386,18.924641736022515,-5.803637329898656,407.0238019638563,355.12120230860467,24.011826326335264,0,382.4250030517578,358.8500061035156,18.92857796805246
2026-03-09,369.0,374.0,355.0,371.0499877929688,468185,383.30555555555554,379.8272746693005,329.59800109863284,259.4364000701904,376.9502572246535,370.8873489778909,53.31654195543787,11.57420698678584,17.45455478617518,-5.880347799389341,406.0755603955273,357.2044414355275,23.75801272261986,0,381.8500061035156,358.8500061035156,19.146434238978795
2026-03-10,374.0,378.0,370.2999877929688,374.7000122070313,272387,380.25,380.3272746693005,331.8550012207031,260.4547501373291,376.500208221129,371.2339547259945,54.97366253882279,10.52159891079907,16.06796361109996,-5.546364700300888,405.9938330579705,356.7411706041389,23.15879234454853,0,381.8500061035156,358.8500061035156,18.742863246372764
2026-03-11,376.4500122070313,381.3500061035156,355.6499938964844,357.45001220703125,620863,375.8500027126736,380.2250019420277,333.8110015869141,261.3809501647949,372.6901690183095,369.9808690424524,46.56169007537183,8.200933336612252,14.49455755620242,-6.293624219590168,406.9126482816856,353.2673566011269,23.46587399696061,0,379.5,375.1000061035156,20.003577096121653
2026-03-12,355.8999938964844,360.0,345.5,352.8500061035156,523735,370.2944471571181,378.9840934059837,335.7520016479492,262.27875022888185,368.7221364353508,368.4235178661854,44.6017229032969,5.9223380740873495,12.780113659779406,-6.857775585692057,407.35481298721214,349.210192505952,24.25008161295205,0,373.25,375.1000061035156,18.68929181780134
2026-03-13,350.0,355.04998779296875,331.3999938964844,334.1000061035156,510349,363.5166693793402,376.76136641068894,337.31000152587893,263.0444002532959,361.79771036898376,365.3031986150336,37.64567319474354,2.5738963376466018,10.738870195352844,-8.164973857706244,411.2236273029823,340.9213800212365,25.567998690595545,0,362.125,370.0500030517578,18.63572038922991
2026-03-16,327.0,333.8999938964844,320.0,330.45001220703125,974889,358.1111145019531,374.1000033291903,338.6050015258789,263.8098003387451,355.5281707365933,362.134727123397,36.45380174040649,-0.3700264315082791,8.51709086998062,-8.8871173014889,414.06836568270734,333.0266416415115,27.196233911979764,0,352.1000061035156,364.3500061035156,17.59643336704799
2026-03-17,335.0,352.6000061035156,331.5,343.6000061035156,877978,356.1388922797309,372.5227314342152,340.1300015258789,264.6381003570557,353.1425378099778,360.44975248522593,43.40572469213772,-1.6232994420210505,6.489012807580287,-8.112312249601338,414.6381258032891,329.3168821312813,27.133126174943094,0,350.6750030517578,364.3500061035156,17.95357404436384
2026-03-18,347.04998779296875,358.5,343.6000061035156,352.8999938964844,488373,354.3222249348958,371.2477306019177,341.5860012817383,265.5278002929688,353.09402902727913,359.76341079534035,47.75855806821796,-1.8448299888011093,4.822244248304008,-6.667074237105117,414.4113991133357,327.43860699018006,26.64080475008141,0,350.6750030517578,364.3500061035156,17.87500217982701
2026-03-19,349.0,352.29998779296875,340.04998779296875,344.0,380819,351.2333374023437,369.8386396928268,342.9330014038086,266.36520027160645,351.2752232218233,358.33037345030937,44.25092686221494,-2.7073411270087604,3.3163271732414548,-6.023668300250215,414.5052046452487,324.34480145826706,26.355751732396275,0,350.6750030517578,364.3500061035156,18.067860194614955
2026-03-20,345.25,368.9500122070313,345.25,366.2999877929688,844741,350.705559624566,369.49091131036937,344.6460012817383,267.3041502380371,354.28017613605243,359.0548838450966,53.471915600683495,-1.573328421299152,2.3383960543333338,-3.911724475632486,414.49436130220704,324.325642970254,24.93129287019145,0,350.6750030517578,364.3500061035156,18.78928920200893
2026-03-23,365.0,365.0,344.6000061035156,350.6499938964844,610284,348.03333536783856,368.4295473965732,346.03100128173827,268.18350021362306,353.55413968813883,358.2908029406773,47.53029908718226,-1.9153598211459557,1.487644879237476,-3.4030047003834314,413.1443916405861,322.4406120215234,23.645579694579872,0,350.6750030517578,364.3500061035156,18.296430315290188
2026-03-24,360.9500122070313,369.0,353.70001220703125,361.7999877929688,297158,348.5166659884983,368.2113647460938,347.684001159668,269.1223501586914,355.20330930910484,358.6098197454311,51.652227855564405,-1.272047475196473,0.9357064083506864,-2.2077538835471597,408.8618618366101,322.9931399944447,22.181452407482247,0,344.5,364.3500061035156,17.603572300502236
2026-03-25,361.7999877929688,371.7000122070313,357.75,360.0,425577,349.3111097547743,367.1659102006393,349.32800140380857,270.0521001434326,356.16264744728386,358.7361997685737,50.95629182224809,-0.8971203332199025,0.5691410600365686,-1.4662613932564712,403.2512690073832,324.38373160296845,20.63715609886102,0,345.8500061035156,364.3500061035156,17.321430751255587
2026-03-27,360.0,364.5499877929688,347.3500061035156,350.1000061035156,355633,351.08888753255206,364.9386374733665,350.6600015258789,270.9315001678467,354.95011917853026,357.95109125356845,47.19027043688977,-1.3828935062259688,0.1787341467840611,-1.56162765301003,398.0613761759413,324.8786262654651,19.872365524252405,0,345.8500061035156,364.3500061035156,17.907143729073674
2026-03-30,347.95001220703125,359.6000061035156,343.3500061035156,347.8999938964844,570587,353.0277743869358,362.4704548228871,351.9610012817383,271.7847001647949,353.5400941221211,357.0373551301972,46.37011162724595,-1.9232251026608085,-0.2416577031049127,-1.6815673995558955,390.11400642723936,327.3309947934639,19.403840847704014,0,351.6000061035156,364.3500061035156,17.7107151576451
2026-04-01,350.75,367.2000122070313,349.95001220703125,361.7000122070313,521038,355.03888617621527,360.8636377507991,353.5380014038086,272.681600189209,355.1720777391032,357.461233046273,52.00494684679007,-1.2237885668022273,-0.4380838758443757,-0.7857046909578516,383.4524260258059,330.6525758052489,18.391154351626056,0,355.875,364.3500061035156,18.53928702218194
2026-04-02,355.0,364.0,348.70001220703125,360.4500122070313,555927,355.87777709960943,358.93636530095887,355.1330014038086,273.5952002716065,356.22766463268886,357.7329402427055,51.47734596960797,-0.7615657701403507,-0.5027802547035707,-0.2587855154367799,380.4795911491032,331.7604112923032,17.53530748389174,0,355.875,364.3500061035156,17.79642813546319
2026-04-06,364.0,394.8999938964844,357.54998779296875,382.9500122070313,1150366,360.205556233724,358.3840928511186,357.26100189208984,274.62315032958986,361.5721341475574,360.0254013303715,59.451626024069846,1.4041252046818045,-0.1213991628264956,1.5255243675083,384.29736681748784,330.1026362342701,17.720803123672233,0,369.125,364.3500061035156,19.42857142857145
2026-04-07,380.9500122070313,391.7999877929688,375.0,387.9500122070313,781865,362.6111145019532,358.786365855824,359.80600189208985,275.6865503692627,366.8477097594522,362.5640023191588,60.986028424967294,3.4837506099734696,0.5996307917334974,2.8841198182399723,388.1197189385063,328.15028533395474,17.893049074896975,0,369.125,364.3500061035156,18.939285278320337
2026-04-08,395.9500122070313,403.8999938964844,385.6000061035156,389.4500122070313,842509,366.9222276475695,360.0636388605292,362.6460021972656,276.76150039672854,371.368170248968,365.0081850362381,61.45723852590151,5.193044011726556,1.5183134357321093,3.674730575994447,391.6202712496977,326.41473546416955,18.63346635323943,0,373.625,362.0,19.239283970424133
2026-04-09,393.3999938964844,401.7999877929688,390.1000061035156,392.8500061035156,521167,370.3722296820747,361.13636641068894,364.5650024414063,277.859150390625,375.6645374198776,367.5392596787178,62.56103702865989,6.7442785944522825,2.5635064674761443,4.180772126976138,395.7225891109684,324.49241943395344,19.32099668312885,0,373.625,361.9499969482422,18.539282662527928
2026-04-10,394.0,444.7000122070313,393.2000122070313,432.25,3973699,378.4000074598525,363.8840942382813,367.09400268554685,279.16310035705567,386.9816299359021,373.4220542533798,72.41854014347726,11.025794904917632,4.255964154964442,6.76983074995319,410.7807557756841,315.1892515485346,21.47097827616124,0,394.02500915527344,382.3500061035156,21.17856924874445
2026-04-13,425.7999877929688,434.4500122070313,418.6000061035156,420.5499877929688,932473,386.22778320312506,366.1340942382813,369.148002319336,280.4196002960205,393.6953015073154,377.7064118478879,66.79437760346198,13.32127485922365,6.069026295816284,7.252248563407365,420.303637634105,311.97636724870745,23.4673897554056,0,394.02500915527344,382.3500061035156,21.392854963030167
2026-04-15,432.0499877929688,448.0,426.0499877929688,441.6499938964844,1850737,396.6444498697917,369.1772752241655,371.5340020751953,281.7824002838135,403.2862399851493,383.5194647613967,71.14638199485172,16.651109784852395,8.185442993623507,8.465666791228887,433.93519927896085,307.2248043831485,25.673506548340537,0,398.3500061035156,384.0,21.571426391601587
2026-04-16,444.0,446.0,425.8999938964844,428.8999938964844,1389075,404.1111145019531,372.4250016645952,373.6550018310547,282.91375022888184,408.4089907674163,387.644967410041,65.55527704632166,18.05310455809604,10.158975306518013,7.8941292515780255,441.3136443904146,309.3263580509917,27.709241575174435,0,398.3500061035156,384.0,21.45714242117748
2026-04-17,437.7999877929688,494.7999877929688,430.0,469.9500122070313,20070684,416.2777811686198,377.747729214755,376.2660021972656,284.2270503234863,420.71719505533935,395.12724420976735,72.93100393649766,22.22044546152887,12.571269337520183,9.649176124008685,457.20621185602965,307.3837905853766,30.54615966065705,0,426.1749877929688,407.3999938964844,24.853570120675247
2026-04-20,480.0,496.8500061035156,468.2999877929688,474.2999877929688,5032680,426.42777845594617,384.1204556551847,378.7890020751953,285.5605002593994,431.4337536028653,402.3247663536947,73.57669883286195,25.579238290600586,15.172863128136264,10.406375162464322,471.88865512959694,305.7713454807546,33.21048744707303,0,435.9250030517578,408.4250030517578,25.896427699497785
2026-04-21,470.0,470.9500122070313,452.5,458.8999938964844,1512765,434.3111097547743,389.9590911865234,380.8390020751953,286.82600021362305,436.9270016615891,407.4679688575847,67.44315470818792,26.69078030122949,17.476446562754912,9.214333738474584,480.9765732003302,307.2834274100213,34.52385142731094,0,441.2250061035156,408.4250030517578,26.22499956403461
2026-04-22,461.0,479.5,461.0,469.5,1694609,443.205552842882,395.6818181818182,383.087001953125,288.1274501800537,443.4416013292713,413.107244415986,69.33786920240314,28.10306264486616,19.60176977917716,8.501292865688995,490.0900183999788,310.71998221037285,35.92803915025849,0,443.4750061035156,408.4250030517578,26.535714285714302
2026-04-23,469.5,474.8999938964844,461.2000122070313,463.9500122070313,625223,451.1055535210504,400.7295462868431,385.092001953125,289.39015022277835,447.5432835048233,417.729314215172,67.13484117008859,28.44655476941745,21.37072677722522,7.075827992192227,497.7442647141021,312.83073833765565,37.23192775013836,0,445.02500915527344,408.4250030517578,26.13571166992188
2026-04-24,468.3500061035156,469.0,450.5,453.3999938964844,595514,453.455552842882,405.7022732821378,386.9660015869141,290.5182501983643,448.7146255831556,420.9721032771095,63.034910247275405,27.54989836622258,22.60656109502469,4.943337271197887,501.50724150545886,319.3427615462989,37.65045479771022,0,457.7250061035156,408.4250030517578,26.364283970424115
2026-04-27,453.1000061035156,459.0499877929688,447.1000061035156,448.3500061035156,603157,456.54444376627606,409.4318195689808,388.3300018310547,291.6343002319336,448.6417016872276,423.4610035340554,61.11106461464096,26.13058280341181,23.31136543670212,2.819217366709694,504.31899913435126,325.18600574846124,37.79353419339734,0,461.375,414.1750030517578,24.5499965122768
2026-04-28,448.3500061035156,470.0,442.3999938964844,465.9500122070313,1331467,459.2444458007813,414.6727294921875,389.9890020751953,292.8597003173828,452.1033637911883,427.3236406861441,65.10795865336678,26.124788102305843,23.874049969822863,2.2507381324829794,508.5073380486172,331.59266805489847,38.25794079377012,0,461.375,418.4499969482422,25.32142639160157
2026-04-29,469.0,473.3999938964844,459.1000061035156,461.3500061035156,863960,462.8500027126736,419.19773032448506,391.4360021972656,294.00075035095216,453.9526922536538,430.4169466331779,63.27743346418536,25.455577657542904,24.190355507366878,1.2652221501760297,509.4182754933949,341.8067306101207,38.78894677221518,0,463.4250030517578,418.4499969482422,25.035712105887285
2026-04-30,458.0,468.0,449.0,450.4500122070313,841239,460.68333604600696,423.30909451571375,392.8790026855469,295.06060043334963,453.2521562443293,432.2381344126191,59.04147803664672,23.77166024431915,24.10661645475733,-0.3349562104381789,506.7081802242825,354.77182771028777,38.50922598413177,0,469.625,420.1000061035156,25.510713849748893
2026-05-01,450.4500122070313,450.4500122070313,450.4500122070313,450.4500122070313,0,458.0333387586805,427.87045842950994,394.26900268554687,296.1097505187988,452.69172743686977,433.8937596666566,59.04147803664672,22.181449618638737,23.721583087533613,-1.5401334688948758,504.21778802121145,366.1372199133588,38.24948525234002,0,460.9499969482422,420.1000061035156,21.80714198521206
2026-05-04,455.0,472.0,452.0499877929688,462.1499938964844,734753,458.3944498697917,433.06364024769175,396.0120025634766,297.2363005065918,454.5833807287927,436.4625082330045,62.19221437378552,21.616109922821124,23.300488454591115,-1.6843785317699904,500.5553616322644,379.9696444712512,38.73043995565224,0,460.9499969482422,420.1000061035156,22.2142835344587
2026-05-05,457.2999877929688,492.0,457.2999877929688,488.75,2428503,460.5333387586805,438.8386396928267,398.3080023193359,298.51430053710936,461.4167045830342,441.21591657545866,68.18444507754563,23.048780335520064,23.250146830776902,-0.2013664952568419,503.17919702815215,387.9258078546604,39.70486287606586,0,467.1999969482422,420.1000061035156,22.732140677315844
2026-05-06,495.0,497.0,475.6000061035156,490.1499938964844,1578820,463.4444478352864,444.7340934059837,400.6310021972656,299.7860005187988,467.16336244572426,445.66446905918826,68.46770941004257,24.020259170994905,23.404169298820506,0.616089872174399,504.8019281803201,396.5230748714377,40.72841019083169,0,469.6999969482422,420.1750030517578,22.824996948242184
2026-05-07,493.0,539.0,491.0,521.3499755859375,3607511,470.9944458007813,451.0250008322976,403.7260015869141,301.22985038757326,478.0006850737669,452.54496965252906,74.01928618348207,26.996541593719428,24.12264375780029,2.873897835919138,512.130536571166,402.3844628184824,42.46666281622515,0,490.6999969482422,441.1750030517578,21.60714067731584
2026-05-08,521.0,548.7999877929688,511.6000061035156,546.25,2090399,481.8722229003906,458.2204548228871,406.9910015869141,302.7741004180908,491.6505480590136,461.0636087750264,77.4339400331269,31.00706063493908,25.49952713322805,5.507533501711031,524.5707375198822,405.2842612594147,44.22266060975877,0,495.59999084472656,448.75,22.224995204380576
2026-05-11,545.0499877929688,560.2999877929688,517.0499877929688,539.25,2252044,490.0166659884983,465.02954517711294,409.79400146484375,304.29970039367674,501.17043844721087,468.17146252275126,74.47071863542791,33.23744380814611,27.047110468211663,6.190333339934448,536.4205905915015,404.1344081877953,46.01102434950007,0,504.6499938964844,454.5,23.757138933454232
2026-05-12,541.75,559.8499755859375,534.0,547.9500122070312,1746189,499.6388888888889,472.07954545454544,412.70900146484377,305.8370004272461,510.526353199175,475.4240579485949,75.71461511679898,35.30013879161112,28.69771613289156,6.602422658719561,547.0291234614497,406.2658777592535,47.67164782211699,0,504.6499938964844,458.9249877929688,24.132136753627226
2026-05-13,544.9000244140625,556.0,522.0499877929688,525.25,1172891,507.9499986436632,476.3068181818182,415.2730017089844,307.2367004394531,513.47108255934,479.9536890441772,66.5968158515922,34.70310239129651,29.89879338457255,4.804309006723962,552.3778518090592,409.2771500219956,48.30981324890631,0,505.375,467.6499938964844,25.57856750488281
2026-05-14,528.0,535.7000122070312,501.3500061035156,518.4500122070312,1480142,515.5055541992188,480.7568192915483,417.5850018310547,308.63960052490233,514.4668684888782,483.4533547862548,64.10636384168029,33.29741271079837,30.578517249817715,2.7188954609806544,554.3365391979657,416.2734644641437,47.53329933370087,0,506.1749877929688,472.9499969482422,26.710710797991062
2026-05-15,518.4500122070312,546.9500122070312,505.0,537.4500122070312,1110242,523.8722229003906,485.1113655783913,420.432001953125,310.1141005706787,519.0634972325088,488.3621418245072,67.73682629842827,33.332300708005846,31.129273941455345,2.203026766550501,561.069214998332,416.2907886637775,47.11096265885401,0,508.7999877929688,475.1999969482422,28.85357012067521
2026-05-18,538.3499755859375,538.3499755859375,515.0499877929688,521.2999877929688,596808,527.4888882107205,489.3113653009588,423.2760015869141,311.49525047302245,519.5107953446009,491.3564914580037,61.9967497859391,31.691458294348596,31.241710812034,0.4497474823145957,564.4971732315669,417.5628304305425,46.71879288935335,0,517.9499969482422,476.75,28.546425955636156
2026-05-19,526.0,541.5499877929688,522.0,526.75,462839,531.5555555555555,491.893182927912,426.58400146484377,312.95725044250486,520.9586362756808,494.5740831436397,63.13215165377443,30.47950058740753,31.089268767108702,-0.6097681797011774,567.9088699983823,420.93613427407865,46.44460605256786,0,525.6499938964844,489.4499969482422,28.971426827566955
2026-05-20,525.0,553.0,519.0,549.8499755859375,832478,534.7222222222222,495.3272732821378,430.1960009765625,314.5530003356933,526.7369041377322,499.5991642747577,67.55655360004025,31.025349432558077,31.076484900198583,-0.0511354676405098,574.9141967890982,421.96580504195634,46.50317620240709,0,530.8249969482422,493.09999084472656,30.042855398995528
2026-05-21,549.0,567.9500122070312,542.5499877929688,546.6500244140625,1010991,534.7666693793403,499.3159110329368,433.6930017089844,316.151050491333,530.7195281929983,503.8765151965126,66.36836759686628,30.844176788323523,31.03002327782357,-0.1858464895000509,580.1326133313303,425.0173897204276,46.92451237589575,0,534.6500091552734,496.9250030517578,31.85714285714285
2026-05-22,547.0499877929688,578.0,542.8499755859375,571.75,1142142,538.3777804904514,503.96363830566406,437.707001953125,317.86645050048827,538.9256225543986,510.04683199682967,70.71869554519526,32.3530090734759,31.29462043695404,1.0583886365218618,588.2800919476197,428.70491171448975,47.539731368873056,0,539.6750030517578,504.0,32.82857404436383
2026-05-25,578.0,581.0,545.0499877929688,561.7999877929688,1042902,539.9166666666666,508.4113644686613,441.4490014648438,319.5595504760742,543.5004956021127,514.7516643419332,67.01786147804509,32.37271420261004,31.510239190085244,0.8624750125247971,592.0580533033243,436.2719485277304,48.17687015799485,0,541.1750030517578,511.6999969482422,32.91785975864956
2026-05-26,563.0,567.0499877929688,552.4500122070312,554.7999877929688,425679,543.1999986436632,513.0204551003196,445.3960009765625,321.2101504516602,545.7603940402839,518.3924210193001,64.46205125479624,31.4608283157196,31.50035701521212,-0.0395286994925214,595.0433789293093,442.1716204603392,48.76849903360794,0,541.1750030517578,511.6999969482422,32.43214416503906
2026-05-27,566.0,573.25,555.0499877929688,560.75,407973,547.8999972873264,518.1295457319779,449.5540008544922,322.9041004180908,548.7583152322271,522.2431100175455,65.66081212257293,30.862504696457904,31.372786551461274,-0.5102818550033703,597.2126727404876,449.94232603880926,49.46514030088949,0,543.0,511.6999969482422,30.26071602957589
2026-05-28,560.75,560.75,560.75,560.75,0,550.4888848198784,522.4386360862038,454.0870007324218,324.5855004119873,551.1566521857817,525.7437363795868,65.66081212257293,30.04202317485453,31.10663387613993,-1.064610701285396,595.8694568885838,462.3155406700099,50.11202147765093,0,548.0249938964844,511.6999969482422,27.60357448032924
2026-05-29,560.75,579.9000244140625,545.25,552.7999877929688,745950,553.9888848198784,526.5954534357244,458.5340002441406,326.22330032348634,551.4853193072191,528.2033955989851,62.39915563944749,28.42264752546066,30.56983660600408,-2.1471890805434164,590.4700115986826,477.9499835185048,51.14238011323199,0,550.0,511.6999969482422,26.989290509905132
2026-06-01,552.9000244140625,574.5,552.9000244140625,559.0499877929688,589877,557.5777723524305,531.531815962358,462.8429998779297,327.89385025024416,552.9982530043691,531.0076312529836,63.91667897032353,27.328576603280798,29.921584605459422,-2.593008002178628,584.914161866304,493.1958326405319,52.0991417034144,0,550.0,511.6999969482422,26.69286455426897
2026-06-02,551.5,572.9000244140625,551.0,571.6500244140625,428439,560.0,537.0409074263139,467.2180004882812,329.6112004089356,556.7286072863078,534.7023942676271,66.82366325032777,27.16509288640907,29.370286261649355,-2.2051933752402846,584.6926014794639,501.7073954687784,52.794650747282496,0,561.7749938964844,511.6999969482422,25.83215114048549
2026-06-03,573.9000244140625,579.8499755859375,553.0999755859375,555.4000244140625,693422,560.9722222222222,541.2795451771129,471.4460009765625,331.22855056762694,556.4628907118588,536.5839970082122,60.09901215776711,25.431137348844004,28.58245647908829,-3.151319130244282,579.864141364888,513.0608586351119,53.60603619005759,0,561.9249877929688,515.0,25.289293561662948
2026-06-04,557.0,566.4000244140625,557.0,558.7999877929688,312589,559.5333319769966,544.4636355313388,475.2960009765625,332.89735054016114,556.9303101280808,538.6036325340992,60.98370210412276,24.05403379438133,27.676771942146896,-3.6227381477655705,579.9607075747992,516.7092936459039,54.35946552977733,0,563.0249938964844,515.0,23.078578404017858
2026-06-05,558.7999877929688,568.0,546.5499877929688,552.0499877929688,485590,558.4499986436632,547.2772716175426,479.32400085449217,334.5439505004883,555.9542456610584,539.8260284667238,58.22362689474362,22.162524926419,26.57392253900132,-4.41139761258232,580.2765644547485,516.9734355452515,53.93620610679032,0,562.5750122070312,515.7250061035156,22.946437290736608
2026-06-08,555.4000244140625,594.7999877929688,550.25,575.3499755859375,2324807,560.7333306206597,549.7318170720881,483.5950006103516,336.3020503997803,559.8333916460342,543.0554782048341,64.2400768887359,22.286697632424197,25.71647755768589,-3.4297799252616983,583.8958511704351,516.9641463881586,54.31360512623642,0,570.0249938964844,523.4249877929688,24.68215070452009
