Date,Open,High,Low,Close,Volume,SMA_9,SMA_22,SMA_50,SMA_200,EMA_9,EMA_21,RSI_14,MACD_Line,MACD_Signal,MACD_Hist,BB_Upper,BB_Lower,ADX_14,ST_Direction,Ichi_Tenkan,Ichi_Kijun,ATR_14
2024-12-18,5591.378673034547,5592.822641403449,5503.178906221242,5559.00732421875,26029,5608.311469184027,5708.753240411932,6856.438173828125,,5627.920379612933,5882.802253784799,32.1890687842962,-332.2046989653809,-389.38624396445766,57.18154499907678,5913.356279929153,5448.320233742722,37.35042436888519,0,5651.714033522056,6803.212852712488,148.83351801834246
2024-12-19,5488.886045923446,5522.352650984594,5391.921309382489,5438.8349609375,53258,5590.117078993056,5682.233620383523,6795.458525390625,,5590.103295877847,5842.44159079868,29.49866684324145,-326.2822859877915,-376.7654523691244,50.48316638133292,5908.226554937864,5415.2766188902615,37.64512308329085,0,5601.911812241722,6717.303927945698,143.1631847501814
2024-12-20,5762.100439438983,5926.447297262221,5607.763604780156,5677.28759765625,654343,5598.356608072917,5669.676713423295,6742.7131640625,,5607.540156233527,5827.427591422095,40.18233565438106,-298.90203943248343,-361.1927697817962,62.29073034931281,5910.454908972881,5420.080344933369,35.518685889964345,0,5659.184303322355,6056.4055452061575,151.8999021692439
2024-12-23,5767.927280808891,5776.642644331684,5566.726888625546,5617.67431640625,46146,5595.728190104167,5660.454256924716,6693.45193359375,,5609.566988268072,5808.3591118752,38.6072034437192,-278.7994636904905,-344.7141085635351,65.91464487304461,5902.310160214098,5415.764595645278,33.710730757494694,0,5659.184303322355,5992.858108067374,154.65680337167456
2024-12-24,5627.634835691677,5657.46647506803,5515.131746516668,5621.50927734375,28638,5598.854654947917,5661.115278764205,6643.1637890625,,5611.955446083208,5791.372763281432,38.77347732372658,-259.566457735903,-327.6845783980087,68.1181206621057,5896.394620552941,5412.038484915809,32.24448683193429,0,5659.184303322355,5912.626982980895,156.64179973408358
2024-12-26,5614.387623196572,5677.436859039168,5526.138244223228,5601.83740234375,34464,5597.094997829861,5654.731556285511,6593.873681640625,,5609.931837335316,5774.142275923461,38.20191804715402,-243.1091073984244,-310.76948419809185,67.66037679966746,5876.553628952451,5411.615072219424,30.77280797068489,0,5659.184303322355,5796.139951886236,159.27061726086873
2024-12-27,5623.650321620894,5641.82807903669,5567.822389959958,5605.572265625,12528,5591.821506076389,5649.624578302557,6535.548466796875,,5609.059922993253,5758.817729532692,38.387616451696,-227.1467599788366,-294.0449393542408,66.8981793754042,5825.157612705651,5432.596928309974,29.406249028096173,0,5659.184303322355,5796.139951886236,156.53504605044185
2024-12-30,5648.252850661698,5659.458317778875,5394.710189547997,5527.58203125,68240,5582.027072482639,5637.038241299716,6480.464365234375,,5592.764344644603,5737.7963024160845,35.95778416780104,-218.27352346088264,-278.8906561755692,60.61713271468653,5708.099627875748,5503.119805718002,28.89775108114465,0,5659.184303322355,5796.139951886236,167.12156541369657
2024-12-31,5498.149507211583,5572.803017976589,5453.825657017576,5540.9296875,16321,5576.692762586806,5620.275324041193,6426.887294921875,,5582.397413215683,5719.8993374237125,36.6963065671695,-207.76933966805973,-264.6663928740673,56.89705320600757,5706.190462407723,5495.521793451651,28.42557441611824,0,5659.184303322355,5796.139951886236,168.17454503178118
2025-01-01,5611.100309439864,5617.674280868008,5544.51483527727,5587.1953125,15563,5579.824761284723,5601.832697088068,6378.88904296875,,5583.356993072546,5707.83533515792,39.30883427205734,-193.48111915039863,-250.4293381293336,56.94821897893496,5701.079742243988,5494.666253849762,27.681802336125948,0,5659.184303322355,5796.139951886236,167.96463563142404
2025-01-02,5587.195407228315,5613.789911314175,5456.664355847536,5493.9658203125,33393,5585.950412326389,5595.376531427557,6335.032333984375,,5565.478758520538,5688.392651990154,36.07773236037985,-187.5188418349908,-237.84723887046505,50.32839703547427,5703.09760860024,5479.181883587259,27.393133829953296,0,5660.578743405109,5796.139951886236,166.47769496281808
2025-01-03,5494.165147895453,5559.007549575576,5408.505575248787,5419.8603515625,32166,5557.347384982639,5585.058460582386,6298.150908203125,,5536.355077128931,5663.980624678549,33.70608340699775,-186.62212245015508,-227.60221558640308,40.980093136248,5713.786275416769,5446.918949192606,27.337498340713967,0,5585.676416939841,5796.139951886236,163.35440750796695
2025-01-06,5420.806543284156,5439.033908156096,5263.0832748243865,5329.61865234375,31339,5525.341200086806,5571.46699662642,6253.364892578125,,5495.007792171896,5633.584081739023,31.030935883748697,-190.99158472222007,-220.2800894135665,29.288504691346414,5740.346010895604,5393.06263168252,27.87506618196169,0,5470.260066931777,5647.057485138397,168.46624123530904
2025-01-07,5363.683486158363,5413.385859818918,5318.861618586009,5343.015625,15412,5494.3974609375,5558.167569247159,6212.783173828125,,5464.609358737516,5607.16876749002,31.895111133876725,-191.16970595171733,-214.45801272119667,23.28830676947933,5752.931761834644,5354.465259649732,28.37423632026315,0,5470.260066931777,5627.983361181232,168.60495438637903
2025-01-08,5343.015691931191,5343.015691931191,5160.640393432524,5172.9912109375,23671,5446.747884114583,5538.640602805398,6174.676611328125,,5406.285729177513,5567.698080530699,27.231628130429957,-202.69388859574883,-212.1051878961071,9.41129930035828,5787.733723966602,5272.829410799023,29.415707163070486,0,5410.0493556057,5543.543845347373,175.2286374804119
2025-01-09,5178.918132697773,5568.270684350401,5178.918132697773,5256.609375,107880,5407.974229600694,5522.889581853693,6134.180556640625,,5376.350458342011,5539.417289118818,32.461730971526805,-202.7425099033726,-210.23265229756024,7.490142394187643,5796.317237628418,5230.569725262207,28.749171014655587,0,5410.0493556057,5543.543845347373,191.5281702358862
2025-01-10,5256.609302414444,5256.609302414444,5079.811926539775,5091.216796875,21739,5359.489203559027,5497.884432705966,6090.772080078125,,5319.323726048609,5498.671789823926,28.151769903146985,-213.66385750303837,-210.91889333865583,-2.7449641643824805,5822.299065213293,5151.942145724207,28.5324629903553,0,5348.743103703891,5503.129611900999,169.32710681699362
2025-01-13,5104.713049316395,5128.5684394715945,4757.89117989469,4802.01611328125,41736,5277.3876953125,5461.913751775568,6042.097529296875,,5215.862203495138,5435.339455592773,22.52110844371876,-242.8556931170588,-217.30625329433644,-25.54943982272232,5889.24969821112,4999.889754913881,29.380473820492917,0,5187.782730381349,5342.169238578455,180.8100713791912
2025-01-14,4816.856644801855,4940.365789540364,4772.831416412162,4913.7216796875,17488,5202.557291666667,5429.915904651989,5987.8142578125,,5155.434098733611,5387.919657783204,28.472100456469192,-254.04821779515623,-224.65464619450043,-29.393571600655804,5905.161933743319,4913.776493991056,30.16791244847784,0,5185.840545604433,5342.169238578455,182.61004599182257
2025-01-15,4913.721858646517,5047.68944390734,4860.682647381544,4995.34765625,17522,5147.1552734375,5400.021084872159,5922.17314453125,,5123.416810236889,5352.231294007457,32.54902309865288,-253.4106795374537,-230.4058528630911,-23.00482667436259,5900.679294392765,4858.90005131036,30.18678482142991,0,5163.080932122546,5342.169238578455,185.16063039966951
2025-01-16,5030.35836210658,5184.346477581687,5030.009650306682,5048.287109375,23207,5105.869357638889,5374.228138316761,5858.0270703125,,5108.390870064512,5324.600004495415,35.13144368701087,-245.8002224818474,-233.4847267868424,-12.31549569500504,5888.064532584323,4820.442791634427,29.37744082749536,0,5163.080932122546,5342.169238578455,193.37442556073776
2025-01-17,5044.302852888337,5193.360365653181,4957.1988294313815,4970.2470703125,15047,5065.939181857639,5346.105801669034,5791.337109375,,5080.762110114109,5292.386101387878,33.11849792294146,-243.26188776256092,-235.4401589819861,-7.821728780574858,5889.5559236663685,4772.092611489881,28.90676421010822,0,5163.080932122546,5342.169238578455,191.33252613151788
2025-01-20,4999.132442686006,4999.331845531511,4891.061936602836,4906.40087890625,10829,5017.426432291667,5316.441872336648,5724.656103515625,,5045.889863872538,5257.29653570773,31.52694820244679,-243.5940922084901,-237.0709456272869,-6.523146581203207,5856.707001900913,4727.852861380337,28.71930085021,0,5163.080932122546,5342.169238578455,190.5677081293509
2025-01-21,4896.54014740058,4945.346182230244,4752.11412596586,4846.439453125,35645,4981.142903645833,5289.514803799716,5655.664287109375,,5005.999781723031,5219.945891836573,30.06564048378459,-245.8616129368993,-238.8290790892094,-7.032533847689905,5829.802461319642,4677.6339156334825,29.03430387637128,0,5160.19240515813,5339.28071161404,198.88824119337775
2025-01-22,4855.702721832331,4855.702721832331,4729.952471856674,4805.10400390625,18529,4930.975640190973,5249.870094992898,5589.167568359375,,4965.820626159674,5182.232992933816,29.06547343915898,-248.1337335257604,-240.6900099765196,-7.443723549240758,5794.919030906728,4630.876818702646,29.40181359915193,0,4993.280887135559,5328.199884559447,196.647147944022
2025-01-23,4810.88079237591,4895.54432598915,4747.084524233773,4790.9599609375,10410,4897.61376953125,5212.292169744318,5528.29150390625,,4930.84849311524,5146.662717297787,28.71348886218223,-248.214449853278,-242.1948979518713,-6.019551901406686,5753.267546551446,4591.440558917304,29.460282665593464,0,4961.656418754928,5328.199884559447,196.5012784746354
2025-01-24,4862.824036158707,4862.824036158707,4606.692055161413,4624.67041015625,23102,4877.90869140625,5166.981312144886,5487.26056640625,,4869.6128765234425,5099.2088711940105,24.896197345800587,-258.7142977522208,-245.4987779119412,-13.215519840279567,5715.736302969251,4530.881616952624,30.01646198965112,0,4900.026210407297,5266.569676211817,202.2285175936057
2025-01-27,4585.128055134783,4729.354679824642,4444.337482049827,4660.2294921875,32183,4849.742892795139,5124.18095259233,5454.30056640625,,4827.736199656254,5059.301654920691,27.12722490318899,-261.15574129730703,-248.6301705890144,-12.525570708292662,5674.743219616223,4485.139446399402,31.032384890522174,0,4818.848923851504,5185.392389656024,215.835157346599
2025-01-28,4721.236927393969,4742.353202705644,4412.5136557141495,4509.080078125,29472,4795.713161892361,5074.340398615057,5415.815517578125,,4764.004975350003,5009.281511575628,23.87996332661793,-272.14992250374416,-253.33412097196037,-18.81580153178382,5633.699682357167,4422.998022720957,32.06727472377273,0,4802.937010683665,5094.578150022917,226.3683179532296
2025-01-29,4482.187093291529,4758.140217462474,4482.187093291529,4735.4306640625,19485,4760.951334635417,5038.333518288352,5390.078798828125,,4758.290113092503,4984.385979983526,36.19715711685605,-259.60571662199254,-254.5884401019668,-5.017276520025746,5543.548030578819,4427.973209655556,32.902175132470134,0,4802.937010683665,5044.975257376658,217.84500729308985
2025-01-30,4682.391320471704,4820.84109574198,4537.367573710279,4578.25537109375,40288,4717.396701388889,4994.575594815341,5362.573115234375,,4722.2831646927525,4947.465015539001,32.28994146428087,-259.357365394515,-255.54222516047645,-3.815140234038552,5471.846470841386,4408.103724471114,33.17103079569308,0,4705.922750622831,5044.975257376658,225.46472683390957
2025-01-31,4579.798910502806,4653.505983007636,4522.0285023233455,4596.283203125,29370,4682.939181857639,4949.534135298295,5338.087412109375,,4697.083172379203,4915.539396228637,33.18085942136375,-254.76903107540056,-255.3875863434613,0.6185552680607032,5400.92524319008,4396.66723727867,33.47870750080176,0,4678.929918972197,5035.985986746513,208.37902834158
2025-02-01,4630.596909336506,4658.486071190974,4382.532969595314,4446.9765625,29566,4638.554416232639,4901.943714488636,5314.887607421875,,4647.061850403362,4872.942774980579,29.695874187982625,-260.18133271483657,-256.3463356177363,-3.834997097100256,5352.494060540688,4356.834210943687,34.26279061753836,0,4639.038647792232,5020.995643687094,216.1232232321127
2025-02-03,4432.384849784314,4482.186926748183,4166.491366334856,4217.88720703125,68493,4573.30810546875,4847.308571555398,5284.399765625,,4561.22692172894,4813.392268803367,25.304318220433387,-279.73164488894054,-261.0233974719772,-18.70824741696333,5317.702072835607,4279.113356851893,35.61345558489684,0,4531.017846162004,4892.082823601432,225.3152777955077
2025-02-04,4394.535202596511,4394.535202596511,4194.6294742491,4218.48486328125,96804,4509.699761284723,4796.802490234375,5254.410947265625,,4492.678510039402,4759.3097773922655,25.33534013781285,-291.8133397417123,-267.18138592592425,-24.63195381578805,5299.625898241364,4201.738896680512,36.86764448315829,0,4514.6577012467815,4892.082823601432,226.0943425823452
2025-02-05,4083.770174622613,4370.630128352201,4083.770174622613,4284.07421875,85940,4471.855740017361,4748.668789950284,5224.002802734375,,4450.957651781522,4716.106544788423,28.82870992890804,-292.7213476403449,-272.2893782688084,-20.431969371536525,5234.345617566901,4169.7656617299735,38.317939501176575,0,4452.305635182296,4848.780042968394,229.7156581186157
2025-02-06,4306.883718277499,4454.497272448856,4279.592276721834,4314.85205078125,33419,4433.48046875,4709.662464488636,5192.10556640625,,4423.736531581468,4679.628863515043,30.47260751179013,-287.6416823545551,-275.35983908595773,-12.281843268597356,5189.229807692749,4137.24499699475,38.93425165871479,0,4452.305635182296,4826.020429486507,234.47530717564047
2025-02-07,4314.852169570555,4347.721542053433,4238.455585048249,4335.76904296875,26882,4414.223687065973,4667.806085759943,5158.96228515625,,4406.143033858924,4648.368879829016,31.628430585747022,-278.7153277555226,-276.0309368198707,-2.6843909356518907,5181.128333732079,4098.721763924171,39.63244680697548,0,4452.305635182296,4826.020429486507,228.4777286571261
2025-02-10,4362.661806581296,4369.03637496507,4207.279331278401,4265.6474609375,15682,4362.025553385417,4630.280206853693,5131.555205078125,,4378.04391927464,4613.576023566151,29.83767018588219,-274.13924647665954,-275.6525987512285,1.5133522745689447,5157.238746083386,4057.803929697863,40.37749374136913,0,4452.305635182296,4826.020429486507,231.04964249362695
2025-02-11,4083.770272885293,4332.830262915436,4083.770272885293,4310.27001953125,47964,4332.249403211806,4607.928111683239,5104.823447265625,,4364.489139325962,4586.002750472068,32.45837897477752,-263.87026933073594,-273.29613286713,9.425863536394049,5106.358020449237,4040.176891660137,41.43041352138219,0,4371.128122906794,4826.020429486507,238.2353702275388
2025-02-12,4295.130527720693,4356.436690031038,4099.3582710244,4298.11865234375,30133,4299.120008680556,4579.946155894886,5078.213203125,,4351.21504192952,4559.831468824039,32.106684469823776,-253.78704565209773,-269.39431542412353,15.607269772025802,5032.444238861099,4039.0738275451513,42.181963914047024,0,4371.128122906794,4826.020429486507,238.302972942492
2025-02-13,4260.069828997226,4416.248953884267,4212.708246503906,4230.337890625,25595,4275.049045138889,4545.172984730114,5050.107900390625,,4327.039611668616,4529.877507169581,30.14461456941875,-248.40193634694424,-265.19583960868766,16.793903261743424,4968.687612750156,4028.839535687345,42.30721207899538,0,4282.978550685399,4670.189738518528,232.48322362860245
2025-02-14,4230.337711950367,4312.859850469799,4084.866040170765,4130.03662109375,111144,4265.287868923611,4503.434326171875,5020.656943359375,,4287.639013553643,4493.528335708142,27.46943235367914,-249.35328319187371,-262.0273283253249,12.67404513345116,4916.151727420078,4003.738995236172,42.857166042961545,0,4269.133723535735,4638.565270137897,225.20852815056955
2025-02-17,4130.48465288148,4420.183438226947,4048.958797001571,4348.26904296875,85290,4279.708333333333,4475.16259765625,4995.5596875,,4299.765019436665,4480.3229454591055,39.9552312490132,-229.8481533830081,-255.5914933368616,25.74333995385342,4855.381413612197,4014.6922680284274,42.41239242786989,0,4251.728034725214,4621.159581327376,232.0136365116004
2025-02-18,4282.978582620804,4407.483773976061,4167.437765043127,4351.30712890625,57754,4287.178656684027,4449.931063565341,4969.759228515625,,4310.073441330583,4468.594234863392,40.10979815069207,-211.70464991514385,-246.814124652518,35.1094747373742,4795.969560668772,4028.724433471853,41.99938835671336,0,4251.728034725214,4621.159581327376,228.91167129025987
2025-02-19,4351.307280006578,4579.30109706379,4325.210796452948,4428.74951171875,38871,4299.833930121527,4430.945157137784,4946.466796875,,4333.8086554082165,4464.971987304788,44.06261609466286,-188.89932577818308,-235.23116487765105,46.33183909946797,4734.329723211064,4054.143226007687,40.22961462975855,0,4314.12994703268,4621.159581327376,237.6697298564421
2025-02-20,4428.749193270119,4506.390335903548,4396.5271536757,4431.986328125,16077,4310.524739583333,4413.985262784091,4922.753037109375,,4353.444189951573,4461.973291015716,44.228303285778274,-168.62100013672443,-221.90913192946576,53.288131792741325,4707.702427474511,4061.502113541113,38.58625331187195,0,4314.12994703268,4621.159581327376,225.80616418731265
2025-02-21,4422.424654075447,4521.032771362264,4338.757160619965,4387.86181640625,19886,4324.104112413194,4395.662619850852,4897.449599609375,,4360.327715242509,4455.235884233038,42.38520863542587,-154.3317202967728,-208.3936496029272,54.06192930615438,4666.992841444474,4074.974931993026,37.37059106386298,0,4314.12994703268,4524.145321266541,216.2761677822392
2025-02-24,4364.653829304727,4462.265895774801,4287.1619955647775,4398.56884765625,23177,4333.915093315973,4385.385276100852,4873.106337890625,,4367.975941725257,4450.08433545333,43.005865217895824,-140.5235273845974,-194.81962515926125,54.29609777466385,4654.660828080183,4076.255822310442,36.51097432193415,0,4314.12994703268,4497.152489615908,214.5046086295686
2025-02-25,4398.568886841151,4556.14284722881,4382.582615249879,4399.31591796875,25601,4345.159233940973,4373.525568181818,4849.31388671875,,4374.243936973956,4445.469024772913,43.05196227792129,-128.04413955229847,-181.46452803786872,53.42038848557024,4580.759217374901,4116.545958406349,34.942340776659144,0,4314.12994703268,4472.251561495361,206.4117713616645
2025-02-27,4383.280359260654,4409.2766553227375,4208.325267308895,4284.2734375,26043,4351.152072482639,4363.307084517045,4823.819208984375,,4356.2498370791645,4430.814880475376,37.96035632953543,-125.98482684869032,-170.36858780003303,44.38376095134271,4540.684963862137,4127.222018559738,34.381615517246686,0,4314.12994703268,4472.251561495361,208.2722279535803
2025-02-28,4291.943056429698,4313.009238028311,4117.038062267684,4269.3828125,48290,4366.634982638889,4342.123091264205,4800.430166015625,,4338.876432163332,4416.13923793216,37.34471138936107,-124.12353681767308,-161.11957760356103,36.99604078588797,4484.949494430909,4150.267448928466,34.25919318238013,0,4314.12994703268,4455.891416580139,214.46545786468343
2025-03-03,4269.38286511514,4400.312237200375,4129.688035437132,4376.65625,31488,4369.789116753473,4332.959494850852,4774.4175390625,,4346.432395730665,4412.549875392872,44.34717989975921,-112.69332269858388,-151.4343266225656,38.74100392398174,4472.716556491992,4155.468355617383,33.45364199304701,0,4348.169579665737,4434.899946371776,222.2416834415816
2025-03-04,4340.748934000138,4442.345168802344,4263.057695621981,4407.93212890625,19831,4376.080783420139,4324.398082386364,4750.2226953125,,4358.732342365782,4412.130080257724,46.23388530082966,-99.95883043955564,-141.13922738596364,41.180396946408,4480.714974908236,4166.474429388638,32.38521787836875,0,4348.169579665737,4434.899946371776,217.25793223802583
2025-03-05,4364.653819455186,4566.850242401193,4364.653819455186,4543.54296875,30326,4388.835611979167,4328.787464488636,4728.663369140625,,4395.694467642626,4424.076706484295,53.58195588437963,-78.02457343495189,-128.5162965957613,50.49172316080941,4517.142027252929,4162.553187590821,30.510939577666974,0,4341.944152334439,4434.899946371776,213.3377896622665
2025-03-06,4566.850429286816,4603.703966011703,4527.008767962612,4563.8623046875,22806,4403.488498263889,4344.513605291193,4707.9038671875,,4429.328035051601,4436.784488139132,54.58351812410665,-58.32952962795571,-114.4789432022002,56.14941357424449,4555.1307608024335,4152.543262635066,28.52673757150867,0,4360.371014139693,4434.899946371776,204.2773961386044
2025-03-07,4564.858326350399,4822.384669074379,4532.038563438085,4762.77197265625,51518,4445.145182291667,4369.253928444602,4691.047861328125,,4496.016822572531,4466.419714004324,62.999894259103385,-26.36677786567361,-96.85651013489488,70.48973226922128,4646.960074109642,4105.505941515357,27.544777478672746,0,4469.711365671032,4435.671733037975,208.7311315198372
2025-03-10,4759.086251500556,4828.809155980472,4641.553355377268,4666.40478515625,21783,4474.904730902777,4386.632590553977,4673.82431640625,,4530.094415089275,4484.600175018136,57.44562906486008,-8.711670754304578,-79.22754225877684,70.51587150447226,4691.970326899367,4093.559262944384,26.665609314862674,0,4472.923609124078,4438.883976491021,195.59050004682487
2025-03-11,4616.652361799307,4647.180936566123,4531.98883412877,4607.68798828125,25301,4498.057183159723,4399.943314985795,4655.159482421875,,4545.61312972767,4495.789976223873,54.304126089781896,0.535995417043523,-63.27483472361277,63.81083014065629,4717.462708115784,4102.270934462341,25.1110574643857,0,4472.923609124078,4438.883976491021,188.04549591072103
2025-03-12,4607.638454598196,4670.587986724937,4555.246573483232,4616.552734375,14097,4534.977105034723,4412.706210049716,4635.746630859375,,4559.801050657135,4506.768408783067,54.706844691854585,8.482368938632135,-48.92339399116379,57.40576292979593,4742.250243579355,4108.111670483145,23.804866064468765,0,4472.923609124078,4438.883976491021,178.13486109863985
2025-03-13,4616.552656698617,4625.567124093621,4448.321344413559,4467.9931640625,22836,4557.044921875,4421.903742009943,4615.227177734375,,4541.439473338209,4503.243386535743,47.19957812240726,2.7605890922859544,-38.58659737447385,41.3471864667598,4745.469695424404,4121.879669809971,22.30726717024456,0,4479.248595708802,4438.883976491021,182.947903773798
2025-03-17,4481.8883590022415,4594.6399707016935,4442.743634261356,4518.79150390625,19334,4572.837727864583,4431.381991299716,4597.20580078125,,4536.909879451818,4504.656851751243,49.73938968616197,2.2985426578443366,-30.40956936801021,32.70811202585455,4746.6959727511085,4149.498753811392,20.95172779284089,0,4545.933425801226,4438.883976491021,180.77795560937216
2025-03-18,4518.79150390625,4518.79150390625,4518.79150390625,4518.79150390625,0,4585.155436197917,4441.412575461648,4580.9892578125,,4533.286204342705,4505.941820128971,49.73938968616197,1.9103462472949104,-23.945586244949187,25.855932492244097,4727.005772367444,4208.064442476307,19.69301265668034,0,4596.731487717829,4438.883976491021,168.2705341657991
2025-03-19,4531.988903719548,4554.748549659556,4482.186827854498,4502.904296875,23526,4580.640028211806,4453.80195756392,4564.18703125,,4527.209822849164,4505.665681651337,48.88644674692668,0.317077886138577,-19.093053418731635,19.41013130487021,4728.924266780506,4221.60947345387,18.78007075162899,0,4635.7763951209145,4438.883976491021,161.05635486766536
2025-03-20,4516.0520947135365,4609.679994339269,4488.312242076023,4502.0078125,30749,4573.767306857639,4470.709738991477,4550.76736328125,,4522.169420779332,4505.333148092124,48.8355563873724,-1.0063371376854775,-15.475710162522404,14.469373024836926,4729.821350131117,4235.782458462634,17.50086540495132,0,4635.7763951209145,4438.883976491021,155.3718094569085
2025-03-21,4489.657404992965,4581.791250797036,4452.305845883207,4498.67138671875,38832,4544.422797309027,4477.546209161932,4535.608603515625,5857.0945703125,4517.469813967216,4504.7275334218175,48.63264874810512,-2.2978861544261235,-12.840145360903149,10.542259206477024,4732.072437788924,4240.523558304827,16.58460494101611,0,4635.7763951209145,4438.883976491021,150.62282582499424
2025-03-24,4504.099851996783,4619.640670844997,4460.274024157804,4473.322265625,29029,4522.969184027777,4483.092351740057,4523.250712890625,5858.732006835938,4508.640304298773,4501.872509076652,47.03368938749323,-5.305748905454493,-11.33326606981342,6.027517164358926,4732.908316611052,4243.821273232697,15.422671629493038,0,4556.665810493147,4438.883976491021,142.67585760527638
2025-03-25,4509.577819856947,4531.98875325215,4380.291829743084,4412.5634765625,82246,4501.288682725694,4482.356622869318,4515.46166015625,5859.236472167969,4489.424938751519,4493.75350612082,43.35432486406663,-12.448727123862229,-11.55635828062318,-0.892368843239046,4732.24832151335,4246.951434346026,14.959669743197516,0,4525.4399082340105,4438.883976491021,140.70510405732654
2025-03-26,4416.547768057251,4442.345145962557,4362.761526379677,4375.859375,26775,4474.544976128473,4479.805397727273,4504.7044140625,5859.619020996094,4466.711826001216,4483.035857837109,41.254765933957806,-20.831174261516026,-13.411321476801753,-7.419852784714275,4733.110759847994,4243.818048745756,14.659889360527854,0,4494.164325236648,4438.883976491021,131.947046674246
2025-03-27,4382.582994847248,4499.767190610239,4357.28363573759,4443.88916015625,30400,4471.866753472223,4482.352095170455,4493.675244140625,5859.191108398438,4462.147292832223,4479.477067138849,46.43278770271976,-21.734348852495717,-15.075926951940543,-6.658421900555169,4732.718031486848,4248.668101325652,13.85988860329952,0,4488.462153291293,4472.923609124078,136.64621501878582
2025-03-28,4446.329242633728,4549.3198361544455,4302.899267064898,4406.18896484375,44712,4459.355360243056,4482.698464133523,4480.83328125,5857.899033203125,4450.955627234529,4472.814512384749,44.11229569274558,-25.201702373462467,-17.101082036244932,-8.100620337217535,4722.515789080592,4271.061896466284,13.551535135121366,0,4461.269968954947,4472.923609124078,133.5086766940182
2025-04-01,4430.392644680876,4468.391531088034,4380.341558710728,4427.9521484375,14941,4449.262098524306,4484.000110973011,4469.9873828125,5855.946459960937,4446.354931475124,4468.736115662272,45.79631716017161,-25.89499658470777,-18.8598649459375,-7.03513163877027,4706.7036999616985,4302.730919178927,13.265206914670223,0,4461.269968954947,4472.923609124078,126.42254610645406
2025-04-02,4431.389014314613,4547.925879829292,4342.193684863903,4536.77001953125,19312,4453.024956597223,4495.477228338068,4462.594765625,5854.2788916015625,4464.437949086348,4474.921016013997,53.36328349280932,-17.46244824034511,-18.58038160481902,1.1179333644739096,4705.835348393978,4319.610647699771,12.391534082856458,0,4461.269968954947,4472.923609124078,131.5165635305904
2025-04-03,4514.109884328444,4579.251390375863,4486.868537182498,4503.30322265625,11047,4453.168891059027,4506.109974254261,4455.732041015625,5852.189868164062,4472.211003800328,4477.501216617839,51.00495664572878,-13.326464550426865,-17.52959819394059,4.203133643513727,4704.316338622833,4330.666766845916,11.858380199404952,0,4461.269968954947,4472.923609124078,129.8766663842804
2025-04-04,4506.091855203318,4506.091855203318,4332.780630003191,4380.541015625,17563,4440.043294270833,4506.286554509943,4447.24078125,5849.314392089844,4453.877006165263,4468.686652891217,43.42396304090458,-19.7271495189334,-17.969108458939154,-1.7580410599942482,4705.375780460065,4313.307129696186,11.95200014571571,0,4461.269968954947,4472.923609124078,129.5956267785708
2025-04-07,4268.03785683657,4322.720438292757,4072.763870784506,4300.9072265625,28011,4420.886067708333,4501.421786221591,4437.4397265625,5846.434470214844,4423.283050244711,4453.4339777704245,39.33928708463857,-30.869673342333957,-20.549221435618115,-10.32045190671584,4711.186947272382,4281.200455071367,13.518946839726365,0,4326.007630580184,4450.786513382489,140.7299702357249
2025-04-08,4344.832667519668,4380.54085209671,4301.405161418717,4340.201171875,17039,4412.845811631944,4492.178977272727,4431.750341796875,5842.129926757812,4406.666674570769,4443.140086325386,42.22707597151821,-36.11322003554233,-23.66202115560296,-12.45119887993937,4660.819013915494,4289.31130835013,14.456997176357367,0,4326.007630580184,4450.786513382489,146.41808634531134
2025-04-09,4298.915404341603,4387.413794863315,4258.575720867128,4371.12841796875,16587,4412.320149739583,4483.418346058239,4425.9683203125,5838.166821289063,4399.5590232503655,4436.593571020237,44.46787307996493,-37.34273447960186,-26.39816382040274,-10.94457065919912,4628.091270248113,4292.511415298763,15.544625862062166,0,4326.007630580184,4450.786513382489,150.4378257875348
2025-04-11,4412.464057957449,4617.599009322172,4392.941546345562,4468.2919921875,41748,4415.031575520833,4470.032892400568,4425.15255859375,5834.289846191407,4413.305617037792,4439.475245671806,50.90985389003113,-30.129530650749984,-27.144437186472192,-2.985093464277792,4606.266616146162,4300.396469791338,14.7661321886772,0,4345.1814400533385,4450.786513382489,159.37374286540447
2025-04-15,4561.870071151978,4568.842361653738,4452.30550612431,4525.6142578125,20817,4428.301052517361,4463.633322975852,4420.95623046875,5830.994836425782,4435.767345192734,4447.306064957324,54.27954586158198,-19.562087308763694,-25.627967210930493,6.065879902166799,4585.873558463424,4311.695679817826,14.0432452062483,0,4345.1814400533385,4450.786513382489,158.44884648080443
2025-04-16,4548.224077941895,4612.668157120791,4500.115468337666,4508.283203125,19342,4437.226725260417,4459.114923650568,4419.556787109375,5828.119919433594,4450.270516779187,4452.849441154385,53.09290661214721,-12.442355864229285,-22.99084494159025,10.54848907736097,4590.240480991273,4311.357761196226,13.066360582514308,0,4345.1814400533385,4450.786513382489,155.10499234479957
2025-04-17,4510.076259619954,4572.328858168154,4440.35334924597,4452.1064453125,23572,4427.819661458333,4451.640092329545,4416.673251953125,5825.232893066406,4450.63770248585,4452.78189607785,49.32849801157336,-11.20376226891949,-20.6334284070561,9.42966613813661,4583.200595270233,4311.729141057893,12.562376630091771,0,4345.1814400533385,4450.786513382489,153.69631987430802
2025-04-21,4452.10628480343,4662.470452772745,4408.778477775954,4639.0634765625,45006,4442.904134114583,4459.416015625,4420.514990234375,5823.168869628907,4488.32285730118,4469.716585212818,59.59580466087483,4.808275231894186,-15.545087679266045,20.35336291116023,4611.368609528115,4295.588324065636,11.873764298449164,0,4367.617161778626,4450.786513382489,166.13263097530168
2025-04-22,4681.395228193481,4732.392749474016,4622.031055264155,4640.6572265625,31154,4471.805935329861,4464.95536665483,4428.970390625,5820.972961425781,4518.789731153444,4485.256643517335,59.67082433588945,17.425660450688156,-8.950938053275204,26.37659850396336,4638.105332963017,4282.626893599484,11.690319096815156,0,4402.578310129261,4402.578310129261,163.8382123565311
2025-04-23,4681.395288856405,4708.487813578089,4571.830718266149,4582.189453125,21422,4503.059516059027,4467.837091619318,4436.244482421875,5818.407958984375,4531.469675547756,4494.068717118032,55.59281318716411,22.4483973085662,-2.671070980906923,25.11946828947312,4649.5316206479965,4279.218769977004,11.142226941941797,0,4495.484235170572,4402.578310129261,155.9979642295591
2025-04-24,4605.696215664337,4678.10863227957,4569.440399817632,4596.83154296875,17499,4531.574001736111,4472.106511896307,4442.49962890625,5814.965021972656,4544.542049031956,4503.410792195369,56.39648560014576,27.295797770981157,3.322302769470692,23.97349500151046,4663.261209599446,4275.305196650554,10.614896643263474,0,4495.484235170572,4402.578310129261,157.47069709274712
2025-04-25,4604.700053900968,4622.130780905784,4432.584269787058,4506.98828125,18448,4546.669542100694,4472.332896839489,4446.342353515625,5811.552043457032,4537.031295475565,4503.736018473063,50.37246894967458,23.61557158281812,7.380956532140178,16.23461505067794,4665.6750078106,4276.258000001901,10.56936310704438,0,4562.667147909789,4402.578310129261,156.31457681798557
2025-04-28,4494.139542896783,4513.26373549103,4442.345381498149,4471.62890625,13768,4547.040310329861,4471.103693181818,4449.05955078125,5807.186247558594,4523.950817630452,4500.817190089148,48.19073675106976,17.64238928060786,9.433243081833716,8.209146198774143,4666.680464774024,4281.159086007226,10.52708196626951,0,4570.585613624985,4402.578310129261,154.78139830366527
2025-04-29,4493.940084738071,4535.873531393273,4434.17759155206,4453.7998046875,8912,4539.060926649306,4470.21630859375,4452.82259765625,5801.638078613281,4509.920615041861,4496.542882325362,47.08338538064738,11.339228215137156,9.814440108494404,1.5247881066427509,4665.309663592508,4290.323930157493,10.293480749701596,0,4570.585613624985,4402.578310129261,149.6660207780285
2025-04-30,4475.21470685891,4475.21470685891,4334.075423968352,4373.81787109375,22865,4524.120334201389,4468.455144708807,4454.0935546875,5796.458811035156,4482.70006625224,4485.386063122489,42.37883602251977,-0.1086929999346466,7.829813486808594,-7.938506486743241,4667.021724756552,4281.604740087198,10.775519458970198,0,4533.234086721184,4402.578310129261,137.76331635303308
2025-05-02,4372.622101525011,4372.622101525011,4284.173812552877,4285.76708984375,17083,4505.63818359375,4464.360040838068,4453.8465234375,5790.152697753906,4443.313470970542,4467.238883733512,37.89030300973335,-16.10061732228496,3.043727324989883,-19.14434464727485,4676.837140749127,4259.747136594624,11.540778704568192,0,4508.283281013446,4402.578310129261,138.4783472820804
2025-05-05,4316.744405711338,4362.662018749134,4254.093489058802,4359.076171875,12223,4474.528483072917,4460.504905007102,4456.4212890625,5783.499709472656,4426.466011151434,4457.405909928192,43.27701468108021,-22.598402001721297,-2.0846985403523526,-20.513703461368944,4678.412555537419,4251.284124150081,12.439966864388484,0,4493.243119266409,4402.578310129261,137.03052268880506
2025-05-06,4378.598637528656,4385.86954627727,4284.273308554813,4302.3017578125,11105,4436.933430989583,4455.782759232955,4459.866591796875,5777.002524414063,4401.633160483648,4443.30553246313,40.35776657839531,-31.96074038516417,-8.059906909314718,-23.900833475849453,4675.6207446257085,4230.629108889916,13.03392175947052,0,4481.290651318446,4402.578310129261,126.68235457230756
2025-05-07,4188.454317861673,4351.705426688169,4188.354616439402,4343.4384765625,14614,4410.405544704861,4451.941228693182,4459.76998046875,5770.99197265625,4389.994223699418,4434.226709199436,43.340067316885055,-35.650119213955804,-13.577949370242935,-22.07216984371287,4671.490169338617,4218.773209567632,14.19636626353282,0,4433.231624359486,4402.578310129261,130.02620848083174
2025-05-08,4364.454421546547,4507.984098025219,4282.978421920072,4310.96728515625,21582,4378.642849392361,4441.677468039773,4458.96318359375,5764.566188964844,4374.188835990784,4423.021307013692,41.57296460605341,-40.72468348870461,-19.00729619393527,-21.717387294769345,4674.243618553626,4209.062387305748,13.805162687878902,0,4405.242698672593,4402.578310129261,138.05856471811907
2025-05-09,4282.978434302146,4326.804260141516,4211.86116873248,4313.05908203125,7737,4357.095160590277,4433.030007102273,4456.649375,5758.7005859375,4361.962885198878,4413.024741106196,41.73776767762545,-44.069515765346296,-24.01974010821748,-20.04977565712882,4673.361855491441,4211.159335914808,13.91383544105733,0,4362.1140739163375,4402.578310129261,136.84196346718
2025-05-12,4452.305792335391,4502.107870549434,4382.582882835732,4478.99951171875,18783,4357.914116753473,4437.505393288352,4457.589638671875,5753.934948730469,4385.370210502853,4419.022447525519,53.05117791699257,-32.950480955560124,-25.80588827768601,-7.144592677874115,4675.687359675095,4222.713665715531,13.152944093345836,0,4362.1140739163375,4402.578310129261,132.22459300442233
2025-05-13,4492.147246034834,4601.711813011293,4462.365701917276,4547.626953125,24187,4368.33935546875,4448.71992631392,4460.78494140625,5748.554846191406,4417.821559027283,4430.7137662163805,56.78830603852031,-18.388928659582238,-24.32249635406525,5.9335676944830205,4685.456082144154,4230.594796762096,13.06669381216573,0,4395.033214725348,4402.578310129261,134.2949084961478
2025-05-14,4586.87088744881,4647.23110065188,4342.741014349528,4458.18212890625,123140,4377.713161892361,4454.082697088068,4461.97720703125,5742.691999511719,4425.893673003076,4433.210890097278,51.081193775734086,-13.905944278079916,-22.23918593886819,8.333241660788275,4684.899445362778,4230.140447215346,12.15479054675622,0,4417.792858545641,4402.578310129261,146.28297928117723
2025-05-15,4407.484021581376,4501.111930740392,4334.772985745118,4488.36279296875,33837,4400.223795572917,4459.411532315341,4463.75814453125,5735.830185546875,4438.387496996212,4438.22469944923,52.80470634043124,-7.827587936838427,-19.35686633846224,11.529278401623811,4681.291863781511,4230.02288231224,11.318224052205974,0,4417.792858545641,4402.578310129261,150.40231589070132
2025-05-16,4482.1868007306175,4680.399061474038,4453.500999745299,4554.49951171875,48817,4421.9375,4463.330055930398,4469.162666015625,5727.934812011718,4461.60989994072,4448.795136928276,56.42754635988212,2.299723945180631,-15.025548281733666,17.325272226914297,4686.796038833408,4229.140338119717,11.569881080949472,0,4434.376838956719,4402.578310129261,153.07028379141644
2025-05-19,4554.599548098764,4935.38605132346,4545.236368125481,4883.4921875,138035,4486.514214409723,4479.597234552557,4481.444853515625,5723.501184082032,4545.986357452576,4488.313050616614,69.12435908162013,36.4524498530136,-4.729948654784213,41.18239850779781,4777.054219034733,4182.020732137142,12.953286304859803,0,4561.870333881431,4561.870333881431,175.87252159178064
2025-05-20,5129.613725450848,5402.529096474835,5032.001658442268,5283.302734375,887083,4590.943576388889,4514.82539506392,4499.577783203125,5720.086005859375,4693.4496328370615,4560.584840049195,77.64837852452723,94.68858984658073,15.153759045488776,79.53483080109194,4975.212341139396,4048.2865358137287,15.57780031869927,0,4807.195132603658,4795.441856457119,205.6825908156108
2025-05-21,5279.020274687622,5279.020274687622,5110.689250834375,5185.09375,90158,4688.068739149306,4548.142999822443,4515.121015625,5715.595354003906,4791.77845626965,4617.35837731745,72.36356053851702,131.40178806978565,38.40336485034816,92.9984232194375,5089.997987243586,3987.944542053289,18.01484904583592,0,4807.195132603658,4795.441856457119,207.93074800490123
2025-05-22,5185.093690178838,5303.821551102416,5137.582313715428,5174.63525390625,52172,4783.799424913194,4572.487171519886,4527.742861328125,5710.399753417969,4868.34981579697,4668.019911552795,71.8031019203295,157.83393755262568,62.28947939080366,95.54445816182202,5188.762619395209,3948.4244899797914,20.33692817457917,0,4868.651041109976,4795.441856457119,213.4018322081952
2025-05-23,5175.83017320241,5234.198304851598,5100.828439605651,5147.84130859375,24654,4858.115180121527,4595.540993430398,4539.42244140625,5705.557495117188,4924.248114356326,4711.640038556518,70.30087186475025,174.60680048373797,84.75294360939054,89.85385687434743,5268.366737151756,3923.921348785744,22.218106103620645,0,4868.651041109976,4795.441856457119,215.17335617645335
2025-05-26,5171.945486226004,5367.667640880488,5116.167162253224,5314.87744140625,79485,4943.365234375,4628.844992897727,4550.46455078125,5702.214777832031,5002.373979766311,4766.479802451948,73.95863389316541,199.0829310332274,107.61894109415792,91.46398993906948,5379.56794980241,3893.5090521507145,24.31132031095729,0,4868.651041109976,4795.441856457119,225.88080195536816
2025-05-27,5348.743148656509,5368.663979750202,5199.436616878965,5219.85546875,38766,5027.99560546875,4657.16426225142,4561.533564453125,5699.718947753906,5045.870277563049,4807.695772115407,68.76982178583134,208.41053485830437,127.7772598469872,80.63327501131714,5456.3230042517935,3891.576653951332,26.257548920464437,0,4868.651041109976,4795.441856457119,226.3005557141161
2025-05-28,5257.107446367164,5367.070339260217,5209.098047789352,5302.32763671875,55361,5118.436143663194,4693.316051136364,4575.426357421875,5697.456689453125,5097.161749394189,4852.662305261165,70.69174934196668,219.92241410499355,146.20629069858848,73.71612340640507,5539.451921185842,3893.300520220407,28.064761200721065,0,4928.015048110066,4795.441856457119,221.51245681166736
2025-05-29,5352.727190912011,5378.624270734064,5238.182414776008,5247.34619140625,37696,5195.419108072917,4728.575927734375,4588.0422265625,5689.164895019531,5127.198637796602,4888.542658547081,67.70053142723864,222.04947013823949,161.37492658651868,60.6745435517208,5599.141734556875,3920.9635388806255,29.77655337875996,0,4973.882732300158,4795.441856457119,223.33379713659735
2025-05-30,5247.146913489465,5294.857206720189,5170.55141515411,5191.96630859375,27106,5229.694010416667,4762.128950639205,4602.521689453125,5677.443479003906,5140.152171956032,4916.126626733142,64.72953339321728,216.76772030872417,172.45348533095978,44.31423497776439,5634.42392238963,3976.301272922869,30.73851147666266,0,5217.265377458552,4795.441856457119,218.7092973543042
2025-06-02,5184.396042338051,5236.688221439444,5135.0919877567385,5148.04052734375,21049,5214.664876302083,4797.320889559659,4615.106669921875,5666.693452148437,5141.729843033576,4937.209708606833,62.39078821877038,206.65525888606865,179.29384004198155,27.36141884408707,5659.415799810975,4030.205831048401,31.30843983850177,0,5239.726355169858,4795.441856457119,216.01287753921048
2025-06-03,5187.384164822477,5279.019983402291,5142.562297038872,5175.9296875,23302,5213.646647135417,4837.782825816761,4628.24943359375,5656.463107910156,5148.569811926861,4958.911524869848,63.29751516250983,198.60212087353463,183.15549620829216,15.446624665242496,5673.774383743488,4103.2100400846375,32.00854849736869,0,5239.726355169858,4795.441856457119,204.01056325785808
2025-06-04,5183.400316078244,5213.779583880009,5140.072507901956,5154.01708984375,12471,5211.355740017361,4873.91650390625,4641.271689453125,5647.346838378906,5149.659267510239,4976.64839441293,62.03207472559956,188.28139673873196,184.1806763143801,4.100720424351806,5678.72163387355,4179.320651282701,32.633786891143195,0,5239.726355169858,4795.441856457119,197.3940011851994
2025-06-05,5173.937769793169,5189.376413634115,5080.80788597843,5095.25048828125,18211,5205.512315538194,4909.959628018466,4653.13654296875,5639.656401367188,5138.777511664442,4987.430402946414,58.64586510702863,173.36176834051005,182.0168947196061,-8.655126379096089,5661.758427859307,4274.712177609444,32.616419209875886,0,5229.716078356247,4795.441856457119,188.9418916085527
2025-06-06,5046.444456883416,5091.764346903785,4939.369991450678,4974.2314453125,37153,5167.662760416667,4938.63203568892,4662.647744140625,5631.635776367188,5105.868298394054,4986.230497706967,52.31280824228632,150.04302735475994,175.62212124663688,-25.579093891876937,5622.591488895768,4379.996352901107,31.34652411040817,0,5158.997131092371,4795.441856457119,172.20837829659507
2025-06-09,4979.211702049479,5064.871275239368,4955.306704880208,5003.11669921875,23422,5143.580674913194,4970.093372691761,4673.2436328125,5624.78525390625,5085.317978558994,4987.765606935311,53.60074389894876,132.36770322050052,166.9712376414096,-34.603534420909085,5598.192361237627,4456.807199309249,30.167335803759578,0,5158.997131092371,4795.441856457119,142.96035410976114
2025-06-10,5030.009982508628,5067.361541784682,4945.346448149572,4978.2158203125,18156,5107.568250868056,5000.327769886364,4684.5566796875,5617.315190429687,5063.897546909695,4986.897444515055,52.28965728170902,115.0246560433543,156.58192132179855,-41.55726527844425,5574.167449885804,4523.890997379821,28.98450499752014,0,5158.997131092371,4795.441856457119,139.3461834022244
2025-06-11,5004.112691479776,5010.586961482685,4932.397700678313,4974.2314453125,15508,5077.22216796875,5022.838312322443,4696.52412109375,5609.77615234375,5045.964326590256,4985.745990042095,52.07018488790156,99.80813439694792,145.22716393682845,-45.41902953988051,5522.771374687957,4626.892004218294,27.76625602562849,0,5113.627453699251,4795.441856457119,133.05689936060895
2025-06-12,4999.630250159032,5197.344485572235,4950.32619649176,4978.71337890625,72265,5053.527398003473,5042.433149857955,4707.22060546875,5600.696486816406,5032.514137053455,4985.106661757018,52.31265440569826,87.10647670542494,133.60302649054776,-46.49654978512282,5456.636688402764,4742.061749097235,27.809300810645805,0,5105.7088420403015,4807.195132603658,141.17464392021807
2025-06-13,4929.4093252389775,5052.918469779215,4890.563707198097,4978.71337890625,21180,5034.713270399306,5066.093661221591,4718.67109375,5592.203986816407,5021.753985424014,4984.52545422513,52.31265440569826,76.16236909291638,122.11489501102147,-45.95252591810511,5378.099700842656,4863.020123376094,27.295083326386347,0,5084.791845300194,4807.195132603658,134.80709277406478
2025-06-16,4978.713700646055,5084.2941052211245,4896.042251780671,5059.39306640625,20435,5021.764756944444,5092.049582741477,4731.299912109375,5584.28396484375,5029.281801620461,4991.33160078705,56.86797929502714,73.15596504786936,112.32310901839108,-39.16714397052172,5363.783824948082,4894.926087161292,27.0049730277992,0,5052.171645539053,4868.651041109976,136.1659849575802
2025-06-17,5087.779943561873,5137.582018185619,5027.51943326714,5062.87890625,28234,5011.638292100694,5115.157737038352,4741.82208984375,5574.640537109375,5036.001222546369,4997.835901283682,57.058840595790215,70.24490676594814,103.9074685679025,-33.662561801954354,5342.802758056686,4893.86477124019,27.048092296729315,0,5043.954096385166,4868.651041109976,132.74386306098117
2025-06-18,5089.772029866844,5104.712652263714,4987.179756075007,5007.1005859375,11821,5001.843858506944,5120.776300603693,4751.898037109375,5565.861923828125,5030.221095224595,4998.67814534312,53.01616347445439,62.71409872223831,95.66879459876968,-32.95469587653136,5336.85299138881,4882.015221501816,26.6834313570441,0,5043.954096385166,4868.651041109976,131.10750879174188
2025-06-19,5005.108768737749,5029.511786615177,4868.651076933357,4891.06201171875,20697,4992.602810329861,5102.947176846591,4762.10845703125,5556.055148925781,5002.389278523426,4988.894860468177,45.75355556155399,46.8425640070418,85.90354848042409,-39.06098447338229,5340.239397313437,4850.271491358439,25.27183551930184,0,5032.997781252796,4868.651041109976,133.71857437143763
2025-06-20,4882.595546444428,4918.951062039128,4844.745968565014,4879.607421875,13483,4978.879557291667,5089.061434659091,4773.6824609375,5547.620668945313,4977.8329071937405,4978.959638777888,45.096817720525166,32.96002606307502,75.31484399695428,-42.35481793387926,5343.507546884734,4820.179953115266,23.76205360651704,0,5021.045227068624,4928.015048110066,131.7620643565383
2025-06-23,4900.524160923697,4916.958845609723,4840.761671156335,4905.00634765625,12557,4970.745171440973,5076.805575284091,4784.978564453125,5539.6304223632815,4963.267595286243,4972.236612312285,46.916304200630606,23.733906071713136,64.99865641190605,-41.26475034019292,5310.047761471335,4812.652629153664,22.325484542029137,0,5019.053078364284,4973.882732300158,127.4577420772504
2025-06-24,4942.855904773395,4979.709439982789,4912.47663926295,4941.85986328125,10838,4967.148328993056,5067.442782315341,4796.393193359375,5531.899645996094,4958.986048885245,4969.4750896731,49.52987319318376,19.17487420729321,55.833899970983495,-36.65902576369028,5289.841884891471,4805.058945186654,21.495185905089635,0,5019.053078364284,5121.645383815585,127.52888610214222
2025-06-25,4912.974949742497,5049.930662989247,4912.974949742497,4984.68994140625,19957,4967.812391493056,5052.434259588068,4806.72115234375,5524.1419750976565,4964.126827389446,4970.858258012478,52.45936585336008,18.801110469275045,48.42734207064181,-29.62623160136676,5243.333797922629,4819.803262624246,21.24115558395981,0,4989.1718446709765,5109.6929709452,129.5565422157897
2025-06-26,5030.009997259318,5054.911036849711,4985.188125996611,4997.140625,14331,4969.85986328125,5042.310857599432,4816.1516796875,5515.845197753906,4970.729586911557,4973.247564102252,53.30782538465249,19.287234887487102,42.59932063401087,-23.312085746523763,5205.157631805351,4832.9588721009,21.04133222056445,0,4989.1718446709765,5109.6929709452,123.4380135452818
2025-06-27,5034.492101771231,5204.317188990935,4998.136584565839,5088.7763671875,80525,4973.124674479167,5032.603981711648,4827.76154296875,5507.531987304687,4994.338942966746,4983.750182564548,59.09421044031341,26.75827778409257,39.43111206402721,-12.67283427993464,5184.925168633372,4842.8723411322535,21.821671854957906,0,5022.539430073635,5109.6929709452,130.41029880469432
2025-06-30,5129.613933868039,5169.455595490315,5054.910818326272,5142.064453125,34638,4981.923068576389,5027.818448153409,4841.560703125,5499.482478027344,5023.884044998397,4998.142388979135,62.04023678951888,36.55762277463418,38.85641420614861,-2.298791431514424,5183.657717125611,4843.542185218138,22.546272944037536,0,5022.539430073635,5109.6929709452,129.87670477104666
2025-07-01,5129.613765404401,5224.237708649725,5112.681059771027,5185.39208984375,38631,5001.733235677083,5027.519620028409,4852.487275390625,5491.177233886719,5056.185653967468,5015.165089057736,64.2920693442658,47.27489687556045,40.540110740030975,6.734786135529468,5186.073944374838,4842.072198203287,23.539186828795145,0,5032.49968990303,5109.6929709452,132.26008963349855
2025-07-02,5185.392157247016,5231.210067203483,5067.859257793473,5112.18310546875,25248,5026.30224609375,5025.889737215909,4861.91779296875,5483.305268554687,5067.385144267724,5023.984908731464,58.02829019234256,49.29284339337392,42.29065727069957,7.002186122674345,5177.720020481058,4846.242723659567,23.92659014829045,0,5035.985869179909,5109.6929709452,126.2838410856082
2025-07-03,5134.0960530163775,5204.31698069853,5095.250433447527,5122.1435546875,30048,5053.250705295139,5023.444912997159,4872.716875,5475.835205078125,5078.33682635168,5032.908422000194,58.61900678491023,51.10667956702218,44.0538617299641,7.052817837058086,5182.313705978197,4844.338344803053,24.28632180210752,0,5035.985869179909,5109.6929709452,122.47753999059998
2025-07-04,5166.467384253221,5169.455508824796,5054.910733581087,5131.10791015625,13543,5078.373101128473,5022.403586647727,4883.40240234375,5467.633549804687,5088.891043112594,5041.835648196199,59.17588991532154,52.66046926106719,45.77518323618472,6.885286024882475,5196.944014048259,4845.395683217365,24.121527144548423,0,5071.8433532332165,5067.809438938262,117.21274869083254
2025-07-07,5154.515174213297,5159.495382111087,5067.859556791739,5136.58642578125,12959,5100.009385850694,5024.282492897727,4895.994365234375,5459.3001708984375,5098.430119646326,5050.449355249385,59.53429877845216,53.714739136617936,47.363094416271366,6.35164472034657,5210.722650076887,4844.964019844989,23.96850353395784,0,5072.09250847299,5059.890827279312,115.89655157660889
2025-07-08,5159.49495230104,5186.886093457079,5082.799757064133,5147.04443359375,26724,5118.048773871527,5032.137628728693,4909.50267578125,5449.338010253906,5108.15298243581,5059.230726007964,60.2516824798781,54.76285730750169,48.84304699451744,5.919810312984254,5225.011170317663,4847.558360932337,24.054341213246943,0,5108.199096600047,5059.890827279312,114.9360830197689
2025-07-09,5193.858653767606,5193.858653767606,5079.811896483802,5096.24658203125,12498,5129.060546875,5036.37080522017,4922.351611328125,5440.593264160157,5105.7717023548985,5062.595803828263,55.1384013469035,50.90770409956076,49.2559784155261,1.651725684034659,5230.553580251139,4854.217464670737,24.193312692808227,0,5114.673325884662,5035.985869179909,111.59222927705343
2025-07-10,5106.206971360148,5127.123843767943,5050.42864493936,5095.74853515625,14497,5129.835232204861,5041.713201349432,4936.790224609375,5431.937165527344,5103.767068915169,5065.609688494444,55.08903792715852,47.26740990844428,48.85826471410974,-1.590854805665458,5235.344282161434,4861.13027838544,23.891171171661224,0,5140.819356071422,5035.985869179909,111.77009394522976
2025-07-11,5104.71264229883,5143.558260454861,5001.124327216084,5025.52734375,17605,5116.886664496527,5044.044833096591,4951.5854296875,5423.566433105469,5088.119123882136,5061.965838972222,48.49661377971256,38.274977140450574,46.74160719937791,-8.466630058927336,5235.17739359656,4865.978563434689,22.92787431022684,0,5116.167197209783,5035.985869179909,116.501291001329
2025-07-14,5049.930345314532,5049.930345314532,4944.349947562394,4978.71337890625,18091,5093.92236328125,5044.044833096591,4963.978173828125,5414.951171875,5066.237974886959,5054.397433511678,44.65965420179384,27.05899441855581,42.80508464321349,-15.746090224657678,5233.838773640638,4859.249214640612,21.324256424572912,0,5087.7800073829385,5035.985869179909,118.7068128174432
2025-07-15,4981.701655425497,5061.882997675173,4981.701655425497,5037.47998046875,15509,5085.622016059027,5046.716042258523,4978.68173828125,5406.774914550781,5060.486376003318,5052.859483235048,50.00685065124577,22.6511129870878,38.77429031198836,-16.12317732490056,5232.4468699067465,4858.1012257963785,19.97721584841763,0,5074.333464130462,5035.985869179909,114.86494892616987
2025-07-16,5069.8513265756455,5069.8513265756455,4921.93916115394,4972.2392578125,21219,5068.965983072917,5042.754505504261,4991.25775390625,5398.12205078125,5042.8369523651545,5045.530371832998,44.82828736066469,13.735124155244192,33.766457080639526,-20.031332925395333,5232.837756703216,4854.2242061874085,19.085067649652714,0,5057.8989074607725,5035.985869179909,120.414311067473
2025-07-17,5002.120509680607,5127.621741106285,4952.816454477662,5102.720703125,29190,5065.811848958333,5044.565496271307,5007.092822265625,5389.4756640625,5054.813702517124,5050.729492859544,54.88991249380816,17.001913452600093,30.41354835503164,-13.411634902431548,5230.77456504215,4877.4532669891005,17.89210947704433,0,5057.8989074607725,5035.985869179909,118.10207697016502
2025-07-18,5079.811692329799,5239.178333657792,5025.0294093733,5036.48388671875,48361,5054.689344618056,5045.901100852273,5021.561318359375,5378.475629882812,5051.14773935745,5049.434437755835,49.9136177955825,14.08376115512874,27.14759091505106,-13.06382975992232,5218.815347175856,4905.100131339768,17.90241701485415,0,5080.558747405867,5039.970002407064,125.21665890733992
2025-07-21,5074.333669952204,5074.333669952204,4963.275037269965,5003.11669921875,11089,5038.697374131944,5050.994495738636,5032.043662109375,5366.711135253906,5041.54153132971,5045.223734252463,47.57377848082206,8.97519085192289,23.51311090242543,-14.537920050502542,5208.446570699236,4925.279942972638,17.17634997075755,0,5080.558747405867,5039.970002407064,125.1810863218786
2025-07-22,5010.089090793836,5083.796166881061,4994.650446478268,5032.998046875,13451,5031.669759114583,5057.966796875,5041.751083984375,5352.452055664063,5039.832834438768,5044.112308127239,49.8414353845882,7.254165602878857,20.26132184251612,-13.00715623963726,5201.459359096635,4941.380972934615,16.59568285038661,0,5080.558747405867,5039.970002407064,119.88072282136312
2025-07-23,5034.99008183208,5078.815910437543,5008.096959733274,5069.353515625,12808,5028.736979166667,5065.437122691761,5053.97451171875,5337.40361328125,5045.736970676015,5046.406963354309,52.53165145364406,8.723266796901044,17.953710833393103,-9.23044403649206,5199.152463747143,4952.154225705983,16.056491952899307,0,5080.558747405867,5039.970002407064,117.14160878231068
2025-07-24,5059.890966948515,5179.41595041974,5044.950344014612,5131.60595703125,31751,5040.523491753473,5074.061945134943,5066.839375,5322.308852539062,5062.910767947062,5054.152326415849,56.80391264747861,14.74086827993051,17.311142322700587,-2.5702740427700768,5202.472674003869,4962.280548652382,16.523427140488376,0,5080.558747405867,5039.970002407064,118.56452529384056
2025-07-25,5131.60623451437,5145.550816673377,5000.128745586595,5025.02978515625,14923,5045.669759114583,5075.895574396307,5076.24998046875,5306.417507324219,5055.334571388899,5051.504822664976,48.71955691187348,10.78572332897238,16.006058523954948,-5.220335194982567,5201.924834957173,4956.453729495953,16.37296178706527,0,5080.558747405867,5039.970002407064,122.40639999151446
2025-07-28,5029.013525931157,5039.471961665417,4832.793350726476,4858.6904296875,28377,5025.804253472223,5069.602383700284,5075.7539453125,5288.271872558594,5016.00574304862,5033.976241485206,39.31488315161142,-5.705187519901301,11.663809315183698,-17.368996835085,5218.715761640016,4911.325400469359,15.901837891182092,0,5035.985842192134,5035.985842192134,129.73441960194265
2025-07-29,4850.722414646215,5079.811974270163,4829.307521029194,5032.5,25797,5032.499891493056,5067.044367009943,5070.737890625,5271.861594238281,5019.304594438896,5033.842037713824,50.14457671050498,-4.695249527338092,8.391997546679342,-13.087247074017434,5200.723165728952,4914.028787396048,15.05630309536482,0,5034.242927343493,5034.242927343493,139.48139788459736
2025-07-30,5070.0,5150.0,4926.0,5011.5,97572,5022.3642578125,5061.109619140625,5067.266015625,5256.515415039063,5017.743675551117,5031.810943376203,49.00663721736936,-5.525694125447444,5.608459212253985,-11.134153337701427,5194.652754781377,4910.030887796749,14.350960655240709,0,5034.242927343493,5034.242927343493,150.00316939684146
2025-07-31,4971.5,5015.0,4800.0,4994.0,28169,5017.643825954861,5052.409978693182,5063.653310546875,5240.805832519532,5012.9949404408935,5028.373584887457,48.02850468529523,-7.509367880371428,2.984893793728902,-10.494261674100333,5186.541865129283,4905.327421980092,14.05709009854522,0,4989.70797520987,5019.589166828896,155.18645987978593
2025-08-01,5000.0,5014.0,4806.0,4825.7998046875,17201,4997.941948784723,5039.392555930398,5057.21248046875,5224.6031176757815,4975.555913290215,5009.957786687461,39.80505311661631,-22.395630785877074,-2.0912111221922927,-20.304419663684783,5196.391622552852,4864.946854009648,13.784210295899411,0,4989.70797520987,5019.589166828896,162.5021457546332
2025-08-04,4862.7998046875,4862.7998046875,4712.2998046875,4759.39990234375,13767,4967.542154947917,5022.904208096591,5046.1029296875,5205.790952148437,4932.324711100922,4987.179797201668,37.104183723069006,-39.10029472176302,-9.49302784210644,-29.60726687965658,5209.538425837332,4814.081398381417,14.250442713935522,0,4945.85787755362,4975.739069172646,167.31145869971013
2025-08-05,4759.39990234375,4799.89990234375,4627.0,4650.0,21733,4920.947319878473,5001.035666725852,5034.7058203125,5187.632016601562,4875.859768880739,4956.527088365153,33.11712870512984,-60.469464719216376,-19.688315217528427,-40.78114950168795,5232.3248965219445,4741.59048433743,15.247604125414618,0,4903.20797520987,4933.089166828896,169.09629705128478
2025-08-06,4685.5,4712.39990234375,4585.60009765625,4642.10009765625,12348,4866.557779947917,4978.559015447443,5021.50126953125,5169.7436010742185,4829.107834635841,4927.942816482525,32.84268236808782,-77.152772856105,-31.181206745243745,-45.97156611086126,5248.075482370315,4680.42525005156,16.426131451588237,0,4867.800048828125,4912.389215657021,165.66733405549024
2025-08-07,4648.0,4673.60009765625,4531.2001953125,4573.5,13464,4816.387803819444,4952.488813920455,5008.024345703125,5152.675561523438,4777.986267708673,4895.720742256841,30.480494342109,-94.81687935352602,-43.908341266900194,-50.90853808662583,5264.005594962167,4612.270283944083,17.838165849609233,0,4840.60009765625,4885.189264485146,160.54240391686582
2025-08-08,4590.0,4596.89990234375,4405.0,4506.89990234375,9389,4777.299967447917,4925.700328480114,4994.323017578125,5136.7760546875,4723.768994635689,4860.3733931738325,28.348706839796364,-112.88857309640844,-57.70438763280184,-55.1841854636066,5287.574969671791,4536.8381650938345,19.787424170753827,0,4777.5,4822.089166828896,166.31678032125942
2025-08-11,4482.0,4614.5,4452.0,4598.10009765625,8446,4729.033311631944,4903.079944957386,4983.324208984375,5123.446896972656,4698.635215239801,4836.530366308598,35.04787466607216,-118.4855987891642,-69.86062986407433,-48.62496892508989,5292.195286223086,4494.156520417539,21.3839619702056,0,4777.5,4822.089166828896,171.55637172105995
2025-08-12,4598.10009765625,4668.0,4590.0,4645.89990234375,9274,4688.411078559027,4885.824152166193,4972.72361328125,5108.831799316406,4688.088152660591,4819.200324129975,38.30377038071951,-117.70737981224374,-79.4299798537082,-38.27739995853554,5281.139788025826,4466.054010802298,22.225215494869104,0,4710.0,4822.089166828896,172.07644667075505
2025-08-13,4678.60009765625,4678.60009765625,4585.0,4607.5,7187,4645.466634114583,4868.950816761364,4961.793271484375,5095.008791503907,4671.970522128473,4799.954840118159,36.71167177246187,-118.81950952085572,-87.3078857871377,-31.51162373371801,5276.72582015565,4433.994052891226,22.879900832517336,0,4709.5,4822.089166828896,169.1574817601209
2025-08-14,4612.89990234375,4628.2001953125,4517.0,4525.39990234375,10266,4612.0888671875,4845.674449573864,4950.396259765625,5082.244194335937,4642.656398171529,4774.9953003204855,33.505122722520284,-124.88606327059917,-94.82352128383,-30.06254198676916,5255.539360257373,4397.448432711377,23.900144035614264,0,4633.89990234375,4822.089166828896,166.7130620619579
2025-08-18,4595.89990234375,4595.89990234375,4501.10009765625,4547.5,14157,4588.54443359375,4826.368119673295,4941.861630859375,5068.574633789062,4623.625118537224,4754.313909382259,35.14721500171305,-126.4528874692387,-101.14939452091171,-25.303492948326976,5236.402445471722,4367.686958825154,24.940630356617696,0,4602.449951171875,4822.089166828896,158.72171875828352
2025-08-19,4574.0,4577.7001953125,4517.60009765625,4526.39990234375,12436,4574.811089409723,4800.171719637784,4932.327294921875,5054.898430175781,4604.180075298529,4733.59445419694,34.27688164035277,-127.9225964126108,-106.50403489925156,-21.41856151335925,5218.389147393861,4338.028577215514,25.90679622612088,0,4558.699951171875,4822.089166828896,145.12140764508928
2025-08-20,4561.0,4597.5,4486.5,4584.7998046875,19847,4568.444390190973,4779.640625,4924.458974609375,5041.6437109375,4600.304021176324,4720.0676678779,38.794383390846704,-122.9575887435285,-109.79474566810694,-13.162843075421565,5186.905042361912,4324.692858028713,27.001506465752325,0,4541.800048828125,4822.089166828896,137.04997907366072
2025-08-21,4584.0,4662.2998046875,4552.0,4592.60009765625,17281,4570.566623263889,4760.980779474432,4916.82634765625,5026.46728515625,4598.763236472309,4708.479706948659,39.39359766440355,-117.0441537945344,-111.24462729339244,-5.799526501141969,5142.288980615816,4321.633577977934,27.09378622560375,0,4541.800048828125,4822.089166828896,129.57139369419642
2025-08-22,4597.0,4649.5,4536.0,4601.7998046875,11232,4581.111056857639,4741.380859375,4909.288076171875,5008.089267578125,4599.370550115347,4698.781534015827,40.13796975351693,-110.34340444118244,-111.06438272295044,0.7209782817679979,5073.379232501382,4337.562710857994,27.30128502744486,0,4565.300048828125,4822.089166828896,122.82139369419644
2025-08-25,4602.0,4624.7998046875,4551.10009765625,4588.7998046875,6672,4580.077690972223,4719.537508877841,4901.4898046875,4989.7553125,4597.256401029778,4688.783194985979,39.40152754201683,-104.87309193424062,-109.82612456520847,4.953032630967854,5022.363757884774,4344.955187427726,27.493962486297317,0,4582.550048828125,4822.089166828896,117.33565848214286
2025-08-26,4587.7998046875,4587.7998046875,4450.0,4479.89990234375,14459,4561.633246527777,4689.914506392045,4889.89994140625,4970.631086425781,4573.785101292573,4669.793804745776,33.805946464199295,-108.079271303126,-109.47675391279198,1.3974826096659712,5004.574661176149,4324.865231401976,28.414972256287133,0,4564.300048828125,4792.20797520987,114.89993722098214
2025-08-28,4499.0,4585.5,4399.0,4553.89990234375,53145,4555.677680121527,4668.49951171875,4879.720361328125,4952.198330078125,4569.808061502808,4659.2579954365,40.03755780940967,-103.45642868555116,-108.27268886734382,4.816260181792671,4936.08527649898,4345.494606313521,29.58789320122077,0,4530.64990234375,4789.20797520987,119.16423688616072
2025-08-29,4553.0,4740.0,4537.60009765625,4609.39990234375,82714,4565.011013454861,4657.168124112216,4871.76634765625,4933.765178222657,4577.726429670996,4654.725441518977,44.27476080402177,-94.22820237622,-105.46379156911904,11.235589192899056,4858.955902790949,4382.413970255926,28.651763531831534,0,4569.5,4789.20797520987,123.449951171875
2025-09-01,4645.5,4690.0,4593.7001953125,4629.60009765625,9109,4574.133246527777,4638.8544921875,4866.537109375,4916.2634790039065,4588.101163268048,4652.441319349638,45.7766354594586,-84.31287327843893,-101.23360791098304,16.92073463254411,4763.871901751085,4441.057981061415,27.782500267398685,0,4569.5,4789.20797520987,116.62137276785714
2025-09-02,4639.89990234375,4684.89990234375,4593.0,4664.10009765625,8313,4589.433268229167,4623.063587535511,4862.226962890625,4900.410163574219,4603.300950145688,4653.501208286603,48.337605446840925,-72.83148582828744,-95.55318349444391,22.721697666156487,4721.171184452323,4467.588727657052,26.981459206581103,0,4569.5,4774.5,111.57850864955356
2025-09-03,4695.0,4695.0,4629.7998046875,4669.0,5081,4598.788845486111,4608.290860262784,4857.5068359375,4890.374077148437,4616.44076011655,4654.910189351457,48.708132185794334,-62.61523295726238,-88.96559338700763,26.35036042974525,4696.767727639976,4482.952194235023,26.10677424200323,0,4569.5,4774.5,110.66423688616072
2025-09-04,4700.0,4703.89990234375,4601.0,4648.0,9481,4604.944390190973,4600.209050958807,4851.629638671875,4882.0729296875,4622.75260809324,4654.281990319507,47.1474315247128,-55.57269600181735,-82.28701390996957,26.714317908152225,4696.4343549497935,4483.085566925207,25.574965874506344,0,4569.5,4774.5,111.32850864955356
2025-09-05,4605.0,4694.10009765625,4605.0,4648.2998046875,7664,4610.111056857639,4595.159046519886,4844.9018359375,4873.147766113281,4627.862047412093,4653.738155262051,47.17345553063165,-49.3978157226029,-75.70917427249626,26.31135854989336,4697.418641945739,4482.721250632386,25.081143818973523,0,4569.5,4774.5,109.74993024553572
2025-09-08,4650.0,4664.89990234375,4548.2998046875,4573.5,11357,4608.411078559027,4591.681773792614,4836.4290234375,4865.903933105469,4616.989637929674,4646.4437775109545,41.66167959348186,-49.96394447352941,-70.56012831270289,20.59618383917348,4697.418641945739,4482.721250632386,25.175257182066016,0,4569.5,4707.0,111.30709402901786
2025-09-09,4593.89990234375,4640.0,4551.2998046875,4619.2998046875,6432,4623.899956597223,4590.645396839489,4827.0394921875,4859.232734375,4617.45167128124,4643.976143617913,45.83481021800595,-46.18455728652316,-65.68501410746694,19.500456820943786,4696.260124484575,4495.119758327925,25.262648162080477,0,4569.5,4706.5,113.34995814732144
2025-09-10,4638.89990234375,4675.0,4602.0,4627.89990234375,8347,4632.122178819444,4593.118119673295,4816.756201171875,4853.269392089844,4619.541317493742,4642.514667138444,46.60716261434828,-42.01113153168626,-60.95023759231081,18.939106060624557,4698.778200900036,4495.581662381214,24.76816169713044,0,4638.800048828125,4630.89990234375,110.63567243303572
2025-09-11,4637.2001953125,4662.5,4610.7001953125,4629.60009765625,5479,4634.366644965277,4598.695401278409,4805.640361328125,4848.38255859375,4621.553073526244,4641.340615367335,46.7687628181939,-38.12696606884583,-56.38558328761782,18.258617218771988,4696.569612944517,4496.160269867984,24.308995693962547,0,4626.099853515625,4599.449951171875,106.45710100446428
2025-09-12,4650.0,4670.89990234375,4601.2001953125,4616.10009765625,6147,4632.866644965277,4599.513583096591,4795.718701171875,4842.751662597656,4620.462478352245,4639.046022848145,45.58888374185173,-35.72624422680474,-52.2537154754552,16.527471248650464,4697.2742457746335,4496.315646803492,23.99739231073035,0,4626.099853515625,4569.5,103.32850864955356
2025-09-15,4635.89990234375,4635.89990234375,4567.60009765625,4618.10009765625,11327,4627.755533854167,4598.249955610795,4785.63783203125,4837.252534179687,4619.990002213046,4637.1418478307005,45.80700884557286,-33.278655954813985,-48.45870357132696,15.18004761651298,4696.446205727053,4506.413706382323,24.10670000282621,0,4626.099853515625,4569.5,102.94280133928572
2025-09-16,4630.0,4699.5,4620.5,4672.0,15448,4628.0888671875,4601.181773792614,4776.455673828125,4831.590126953125,4630.392001770437,4640.310770755183,51.45513022918102,-26.68207856381196,-44.10337856982396,17.421300006012004,4704.097024868251,4511.212887241124,23.09250195924248,0,4626.099853515625,4569.5,98.84280831473214
2025-09-17,4708.0,4712.2998046875,4604.0,4670.2001953125,11569,4630.555555555556,4607.763605291193,4767.12794921875,4825.39255859375,4638.35364047885,4643.027991169484,51.263003834304925,-21.353324815861924,-39.55336781903156,18.200043003169636,4707.132498529334,4522.557442876916,22.36695010639676,0,4630.2998046875,4569.5,93.257080078125
2025-09-18,4670.2001953125,4698.2001953125,4617.10009765625,4646.39990234375,12140,4630.344455295139,4612.259055397727,4757.11505859375,4818.659892578125,4639.962892851831,4643.334528548963,48.67476797652954,-18.83363143459519,-35.40942054214429,16.5757891075491,4710.102110690809,4525.747840481065,21.693223385897166,0,4630.2998046875,4569.5,84.59280831473214
2025-09-19,4655.0,4676.5,4607.0,4656.0,13953,4639.511121961806,4618.149968927557,4748.310126953125,4813.759885253906,4643.170314281465,4644.485935044511,49.77627370918822,-15.8790646540765,-31.50334936453073,15.624284710454234,4713.963123742846,4528.226817663404,21.21249546931553,0,4631.7998046875,4569.5,82.67853655133929
2025-09-22,4665.0,4718.10009765625,4616.0,4631.7998046875,13691,4640.900010850694,4620.28633256392,4739.03115234375,4808.684594726563,4640.896212362672,4643.3326504666,47.03587966763559,-15.31377504009106,-28.2654344996428,12.951659459551742,4715.119375246901,4530.070566159349,19.997052943867207,0,4642.85009765625,4569.5,83.40712193080357
2025-09-23,4630.0,4635.0,4555.0,4599.60009765625,10779,4637.755588107639,4620.604514382102,4730.512607421875,4803.539440917969,4632.636989421388,4639.356963847476,43.59664775484356,-17.265005959944574,-26.065348791703155,8.80034283175858,4714.952257486423,4531.317713216701,19.750083280840983,0,4636.550048828125,4569.5,84.46425083705357
2025-09-24,4590.0,4629.60009765625,4572.0,4610.7998046875,6922,4635.666666666667,4621.013605291193,4723.1543359375,4798.415424804687,4628.2695524746105,4636.760858469297,45.10028038968859,-17.70357200622675,-24.392993434607877,6.689421428381124,4692.631227940936,4566.728732996564,19.520754308030924,0,4636.550048828125,4569.5,81.22855050223214
2025-09-25,4600.0,4622.7998046875,4580.5,4592.2001953125,5206,4633.011121961806,4621.16816850142,4714.248740234375,4793.363503417969,4621.055681042189,4632.709889091406,43.04784232974696,-19.32915729740307,-23.380226207166917,4.051068909763842,4686.67837943893,4576.511610795445,19.307805976135867,0,4636.550048828125,4569.5,77.88567243303571
2025-09-26,4552.0,4571.89990234375,4485.0,4509.7998046875,7117,4620.977756076389,4622.527254971591,4704.999951171875,4787.896843261719,4598.804505771252,4621.536245054686,35.36859353589544,-26.95573924436485,-24.095328814606503,-2.860410429758346,4703.744803748617,4549.485176720133,20.30969688551666,0,4601.550048828125,4569.5,77.21425083705357
2025-09-29,4525.0,4539.7998046875,4369.0,4421.5,10677,4593.144422743056,4616.50907759233,4691.375537109375,4781.797692871094,4563.343604617002,4603.351131867896,29.330475375354357,-39.66765266227685,-27.209793584140577,-12.457859078136272,4735.995543263956,4496.424427439169,22.232284570327984,0,4543.550048828125,4554.5,83.07850864955357
2025-09-30,4419.0,4457.2998046875,4370.0,4397.0,6001,4562.788845486111,4606.854536576705,4678.585859375,4775.815837402344,4530.074883693602,4584.591938061723,27.90688137643123,-51.12949191947519,-31.9937332512075,-19.135758668267684,4755.272817637152,4450.437143300348,24.017544563367068,0,4543.550048828125,4554.5,84.09992327008929
2025-10-01,4414.0,4609.89990234375,4366.2998046875,4589.7001953125,23356,4556.488878038194,4605.040904651989,4670.317529296875,4770.675966796875,4541.999946017382,4585.056325084521,48.91068263947822,-44.15479778643203,-34.42594615825241,-9.72885162817962,4748.156017656443,4449.623962812307,23.13849524549988,0,4542.199951171875,4553.14990234375,97.79994419642856
2025-10-03,4630.0,4829.89990234375,4595.0,4687.5,36383,4559.988878038194,4606.104536576705,4663.407568359375,4765.848298339844,4571.099956813906,4594.369386440473,55.92850521868784,-30.3854114360538,-33.61783921381269,3.232427777758886,4753.865558687204,4447.864421781546,22.823436525049942,0,4598.099853515625,4598.099853515625,109.978515625
2025-10-06,4704.0,4719.39990234375,4643.89990234375,4666.5,9763,4563.844455295139,4605.990900213068,4655.350498046875,4761.102138671875,4590.179965451125,4600.926714945885,54.20667223927501,-20.9263718574266,-31.079545742535476,10.15317388510887,4756.173600196124,4447.376399803876,22.530881998917863,0,4598.099853515625,4598.099853515625,110.49281529017856
2025-10-07,4700.0,4700.0,4637.39990234375,4666.10009765625,7838,4571.233344184027,4606.813631924716,4646.040380859375,4756.487946777344,4605.36399189215,4606.851567919554,54.17246990204927,-13.308867282134996,-27.525410050455378,14.21654276832038,4762.774614553835,4450.035395211789,22.18077724820807,0,4598.099853515625,4598.099853515625,109.14997209821428
2025-10-08,4685.0,4685.0,4627.7001953125,4663.10009765625,6330,4577.044487847223,4607.486372514205,4638.801787109375,4752.008410644531,4616.91121304497,4611.96507062289,53.89772763212389,-7.42838515297899,-23.506005070960104,16.077619917981114,4766.9394441488685,4450.250594913631,21.73260731412257,0,4598.099853515625,4598.099853515625,105.50711495535714
2025-10-09,4650.0,4687.2998046875,4608.7998046875,4666.60009765625,5951,4585.311143663194,4611.718195134943,4634.95998046875,4748.147236328125,4626.848989967227,4616.931891262287,54.18963300522246,-2.457313568564132,-19.296266770480912,16.83895320191678,4770.801883980409,4450.258174613341,21.069560491337597,0,4598.099853515625,4598.099853515625,105.32139369419644
2025-10-10,4699.0,4699.0,4578.0,4591.5,10386,4594.388943142361,4610.454567649148,4626.13998046875,4742.718298339843,4619.779191973782,4614.619901147533,47.273064895856606,-4.525486771944998,-16.34211077077373,11.816623998828732,4768.848200215365,4448.401848612761,20.054424641640388,0,4598.099853515625,4598.099853515625,108.99996512276786
2025-10-13,4600.0,4626.89990234375,4522.0,4536.89990234375,12024,4607.211154513889,4606.318204012784,4616.647978515625,4737.314426269531,4603.203334047776,4607.554446710826,42.97810321235936,-10.449841239798843,-15.163656864578751,4.71381562477991,4767.995127044328,4441.334902252546,18.80942703018507,0,4598.099853515625,4598.099853515625,109.199951171875
2025-10-14,4530.0,4540.7998046875,4460.10009765625,4481.7998046875,10723,4616.633355034723,4599.600008877841,4606.403974609375,4731.61587890625,4578.92262817572,4596.122206526887,39.11584032795471,-19.36779237391784,-16.00448396644657,-3.3633084074712656,4769.958238001314,4425.741761998686,18.317863038612277,0,4598.099853515625,4598.099853515625,109.24993024553572
2025-10-15,4481.7998046875,4487.89990234375,4436.0,4454.2001953125,9629,4601.577799479167,4592.24092240767,4598.971982421875,4725.877692871094,4553.978141603076,4583.220205507398,37.30731803796024,-28.335753783851946,-18.470737929927648,-9.865015853924294,4766.706101258605,4407.213918272645,18.10370584955203,0,4632.949951171875,4598.099853515625,108.8427734375
2025-10-16,4457.0,4609.5,4457.0,4595.7998046875,12862,4591.388888888889,4591.227272727273,4595.69998046875,4720.828830566406,4562.342474219961,4584.363805432861,50.06379007589509,-23.74332446788867,-19.52525523751985,-4.218069230368819,4758.762407612889,4407.717572855861,17.141864180516578,0,4577.699951171875,4598.099853515625,116.91420200892856
2025-10-17,4596.0,4614.2998046875,4512.7998046875,4526.7998046875,7370,4575.866644965277,4584.627263849432,4593.2359765625,4715.824919433594,4555.233940313469,4579.1307144560105,45.23377702744871,-25.378961619564507,-20.695996513928783,-4.682965105635724,4751.869128501759,4402.650842201366,16.298469792734966,0,4568.0,4598.099853515625,116.50704520089286
2025-10-20,4529.89990234375,4530.10009765625,4480.0,4491.2001953125,8113,4556.433322482639,4576.490900213068,4590.217978515625,4710.576271972656,4542.427191313275,4571.137030897509,42.93238592787569,-29.21107966153795,-22.399013143450617,-6.812066518087335,4743.5376913478,4394.502298886574,15.137007076104304,0,4567.5,4598.099853515625,107.88563755580356
2025-10-21,4491.89990234375,4568.0,4491.89990234375,4535.7001953125,2267,4542.277777777777,4571.459095348011,4589.461982421875,4705.318796386719,4541.08179211312,4567.91550038978,46.590407816607474,-28.33070400027464,-23.58535131481542,-4.745352685459217,4736.735141765325,4391.694887531549,14.479518344749806,0,4567.5,4598.099853515625,107.13563755580356
2025-10-23,4536.0,4547.0,4450.0,4459.89990234375,15543,4519.311089409723,4562.545454545455,4588.521982421875,4700.148466796875,4524.845414159247,4558.095900567414,41.688466974331696,-33.364840981120324,-25.5412492480764,-7.823591733043923,4734.951788675808,4379.508221089818,13.52350124866837,0,4567.5,4598.099853515625,96.66420200892856
2025-10-24,4459.89990234375,4498.0,4422.0,4461.7998046875,9284,4504.899956597223,4554.818181818182,4585.7959765625,4695.3581640625,4512.236292264897,4549.341710032876,41.85360209473646,-36.77718012694004,-27.78843542384913,-8.988744703090909,4730.513046584119,4369.046963181506,12.957680692991042,0,4524.449951171875,4598.099853515625,84.93565150669643
2025-10-27,4483.89990234375,4483.89990234375,4407.89990234375,4428.10009765625,12293,4492.811089409723,4547.022727272727,4581.43998046875,4690.850571289063,4495.409053343168,4538.319745271364,39.705686422854754,-41.719847766448765,-30.57471789236906,-11.145129874079707,4728.976139628288,4354.173860371711,12.594878285627608,0,4511.099853515625,4598.099853515625,84.97136579241071
2025-10-28,4444.0,4491.2001953125,4413.10009765625,4437.5,7890,4487.888888888889,4539.145463423295,4578.03998046875,4686.322993164063,4483.827242674535,4529.154313883058,40.62106073448536,-44.367018547571206,-33.33317802340949,-11.033840524161718,4730.656508729461,4345.2635108017885,12.155754982250553,0,4511.099853515625,4598.099853515625,86.07850864955357
2025-10-29,4449.0,4455.60009765625,4412.0,4423.89990234375,9528,4484.522189670139,4531.495450106534,4576.00998046875,4682.577536621094,4471.841774608379,4519.585731015848,39.68236830057033,-47.02031377547337,-36.070605173822265,-10.949708601651103,4730.473901623895,4345.68610814173,11.762354671340264,0,4511.099853515625,4598.099853515625,85.09995814732143
2025-10-30,4441.5,4473.5,4415.10009765625,4433.39990234375,10899,4466.477756076389,4528.022727272727,4573.727978515625,4678.461489257813,4464.153400155453,4511.750655682021,40.71298670032666,-47.80542754348244,-38.4175696477543,-9.38785789572814,4727.298428957976,4352.501571042023,11.120668783169222,0,4511.099853515625,4598.099853515625,83.66423688616071
2025-10-31,4450.0,4460.89990234375,4404.10009765625,4412.0,6304,4453.722222222223,4527.590909090909,4571.43998046875,4675.065405273437,4453.722720124362,4502.682414256382,39.09259152372177,-49.58286868779487,-40.65062945576241,-8.932239232032458,4725.199273658103,4336.830706810646,10.68765164345398,0,4486.050048828125,4598.099853515625,79.07850864955357
2025-11-03,4410.5,4474.0,4402.10009765625,4457.10009765625,14889,4449.933322482639,4530.322731711648,4568.885986328125,4673.340825195312,4454.39819563074,4498.538567292733,44.13862336551593,-46.81267525634121,-41.88303861587818,-4.929636640463031,4701.549031615447,4337.440958618928,10.066478923505732,0,4485.050048828125,4598.099853515625,76.72136579241071
2025-11-04,4488.7998046875,4491.5,4405.0,4450.60009765625,10292,4440.477756076389,4524.0,4566.045986328125,4671.025217285156,4453.638576035843,4494.180524598507,43.57825926894592,-44.62733652507359,-42.43189819771727,-2.195438327356321,4679.295144016268,4338.104855983732,9.49886065356317,0,4474.550048828125,4598.099853515625,77.13567243303571
2025-11-06,4450.89990234375,4470.0,4382.0,4395.39990234375,13040,4433.311089409723,4510.722722833807,4561.91798828125,4668.025478515625,4441.990841297425,4485.200468029892,39.04482858920918,-46.81003729872191,-43.3075260179182,-3.5025112808037093,4655.845144328595,4334.484836140156,9.062641665834612,0,4440.0,4598.099853515625,79.71425083705357
2025-11-07,4389.0,4493.89990234375,4325.0,4448.60009765625,15226,4431.844455295139,4500.818181818182,4559.113994140625,4665.027043457031,4443.3126925691895,4481.873161632288,44.984957246541136,-43.74279255458805,-43.394579325252174,-0.3482132293358759,4625.3405584113225,4343.539422057427,9.526428172754215,0,4409.449951171875,4577.449951171875,80.68568638392857
2025-11-10,4416.0,4518.2998046875,4416.0,4501.2001953125,12394,4439.966688368056,4493.322731711648,4559.54,4662.681809082032,4454.890193117852,4483.630164694126,50.15684214865195,-36.645168026865576,-42.04469706557485,5.399529038709275,4588.590588275044,4363.749401959331,9.5042783464641,0,4421.64990234375,4577.449951171875,80.74281529017857
2025-11-11,4502.0,4527.5,4482.10009765625,4497.89990234375,6835,4446.677788628473,4485.813631924716,4558.42,4660.639304199219,4463.492134963031,4484.927413571364,49.84025137972361,-30.93001357072353,-39.821760366604586,8.891746795881055,4570.713800318415,4372.266180150335,9.313715522612837,0,4426.25,4577.449951171875,80.40708705357143
2025-11-12,4522.0,4535.0,4479.39990234375,4493.5,6720,4454.4111328125,4477.945445667614,4556.102001953125,4658.874606933594,4469.493707970425,4485.70673961033,49.39263549668088,-26.45083902913666,-37.147576099111,10.69673706997434,4564.329454665753,4374.310535568622,8.993516765476505,0,4430.0,4522.199951171875,78.892822265625
2025-11-13,4513.0,4560.0,4486.39990234375,4522.2998046875,8760,4464.288899739583,4474.799982244318,4553.95599609375,4657.4605859375,4480.05492731384,4489.033381890073,52.4057193624102,-20.3426598658798,-33.78659285246476,13.44393298658496,4569.159416336599,4373.530573897777,8.478771771921167,0,4442.5,4512.5,77.22140066964286
2025-11-14,4519.7998046875,4539.0,4375.89990234375,4413.2001953125,47192,4464.422254774306,4469.177268288352,4548.937998046875,4655.571787109375,4466.683980913573,4482.139455837566,42.16428899066199,-24.02832696884525,-31.83493967574086,7.80661270689561,4570.289224579025,4368.30076565535,9.425458721395092,0,4442.5,4512.0,83.44283621651786
2025-11-17,4390.0,4418.7001953125,4346.0,4383.60009765625,21154,4456.255588107639,4464.713645241477,4543.23,4654.366435546875,4450.067204262108,4473.181332366537,39.88675301640048,-29.003392153504137,-31.26863017129352,2.265238017789379,4547.582261099621,4369.787758431629,10.65720554436797,0,4442.5,4512.0,83.20713588169643
2025-11-18,4383.60009765625,4408.5,4310.0,4319.0,17167,4441.633355034723,4458.568181818182,4536.65,4652.660288085937,4423.853763409687,4459.164847605943,35.39342825261258,-37.72399640291224,-32.559703417617264,-5.164292985294971,4551.150221661108,4345.439817401391,12.19702270949122,0,4435.0,4504.5,84.66427176339286
2025-11-19,4325.10009765625,4434.2998046875,4309.2998046875,4410.2998046875,13101,4443.288899739583,4450.136363636364,4531.89,4652.16638671875,4421.142971665249,4454.722570976993,44.84948472127946,-36.84330025398231,-33.41642278489027,-3.426877469092034,4546.361088584535,4342.138911415465,13.106118781993375,0,4434.64990234375,4468.099853515625,90.47855050223214
2025-11-20,4440.0,4440.0,4345.2001953125,4368.7998046875,13531,4434.422200520833,4442.954545454545,4527.79599609375,4650.333232421875,4410.6743382697,4446.9114104052205,41.8509981216667,-39.04397078967577,-34.541932385847375,-4.502038403828394,4533.737824148885,4338.072136788615,13.834726503260658,0,4434.64990234375,4461.7998046875,93.07854352678572
2025-11-21,4334.0,4420.0,4325.0,4395.2998046875,13198,4422.655490451389,4438.595436789773,4523.31599609375,4649.418454589843,4407.59943155326,4442.219446249063,44.40692154936149,-38.20923721177587,-35.275393351033074,-2.933843860742797,4531.433453522505,4333.916497649369,14.769274548676895,0,4434.64990234375,4461.7998046875,95.80712890625
2025-11-24,4395.2998046875,4395.2998046875,4218.5,4244.2001953125,23033,4394.466634114583,4425.345436789773,4515.642001953125,4647.658039550781,4374.919584305108,4424.217696163921,34.96875057127477,-49.17334085773018,-38.0549828523725,-11.118358005357685,4550.46011181416,4293.129878420215,16.73838480683788,0,4389.25,4416.39990234375,103.29997907366072
2025-11-25,4244.2001953125,4277.0,4205.0,4228.2001953125,10178,4364.988878038194,4414.813631924716,4507.61400390625,4646.564157714844,4345.575706506587,4406.397923359245,34.14126932247976,-58.47942387541207,-42.13987105698041,-16.339552818431656,4566.77101722587,4256.82898277413,18.68214717636784,0,4382.5,4409.64990234375,102.26426478794644
2025-11-26,4239.39990234375,4239.39990234375,4193.0,4199.2001953125,59854,4329.088921440973,4402.877286044034,4499.276005859375,4646.47072265625,4316.30060426777,4387.561766264086,32.63393300816104,-67.41747269125517,-47.19539138383536,-20.222081307419806,4580.978137283546,4218.791882247704,20.591554871301497,0,4366.0,4380.5,99.29282924107144
2025-11-27,4205.60009765625,4228.60009765625,4141.2998046875,4171.2001953125,16303,4302.200032552083,4391.200017755682,4490.3380078125,4646.234299316407,4287.280522476716,4367.892532541215,31.201574520805963,-75.88554543653117,-52.93342219437453,-22.952123242156645,4594.640881524515,4179.859167303611,22.78571555639711,0,4290.64990234375,4354.64990234375,93.46428571428572
2025-11-28,4171.2998046875,4188.0,4145.7998046875,4156.7998046875,7140,4277.0,4378.44091796875,4480.03400390625,4645.597927246094,4261.184378918873,4348.702284554513,30.461068878927374,-82.80403193426628,-58.90754414235288,-23.8964877919134,4603.50202230404,4143.338016758459,24.82315047827161,0,4290.64990234375,4350.64990234375,89.17145647321429
2025-12-01,4171.39990234375,4192.39990234375,4100.0,4116.60009765625,9320,4254.511121961806,4364.472745028409,4468.962001953125,4644.606667480469,4232.267522666349,4327.602085745581,28.43245444218357,-90.48767710809808,-65.22357073550192,-25.264106372596142,4614.758229450581,4102.541819377544,27.062448595093507,0,4270.0,4330.0,92.52859933035714
2025-12-02,4131.0,4175.0,4080.0,4108.7001953125,7822,4221.000054253473,4349.71366743608,4458.2080078125,4643.471323242187,4207.554057195579,4307.701913888028,28.03729352968517,-96.1066200710502,-71.40018060261158,-24.706439468438617,4615.867622388964,4066.592436204785,29.282251033154715,0,4260.0,4320.0,95.34287806919644
2025-12-03,4120.0,4120.0,4062.5,4082.60009765625,6192,4189.200086805556,4334.740944602273,4446.740009765625,4642.556086425781,4182.563265287714,4287.238112412411,26.71618306889539,-101.49575274598648,-77.41929503128657,-24.0764577146999,4615.3432824378215,4030.316776155929,31.46478133425971,0,4241.25,4311.25,94.19287109375
2025-12-04,4036.39990234375,4090.5,4025.0,4063.5,7171,4152.333441840277,4316.850031072443,4435.374013671875,4641.322236328125,4158.750612230171,4266.898284011283,25.75960508219771,-106.08501544968568,-83.1524391149664,-22.932576334719272,4618.411372964779,3994.0586953945954,33.73696689947029,0,4210.14990234375,4292.5,87.221435546875
2025-12-05,4051.0,4091.89990234375,4023.0,4045.699951171875,10741,4130.277859157986,4298.4454789595175,4424.296010742188,4640.060142822265,4136.140480018512,4246.789344662246,24.866046555525728,-109.8915925120964,-88.50026979439241,-21.391322717703986,4611.310958284955,3960.869095425983,35.859686621977055,0,4150.0,4291.5,86.94998604910714
2025-12-08,4045.699951171875,4059.800048828125,4017.0,4024.10009765625,10052,4107.600070529514,4281.5682151100855,4412.562016601562,4639.028953857422,4113.73240354606,4226.544867661701,23.78771853751853,-113.34469285554952,-93.46915440662384,-19.87553844892568,4590.992241916063,3933.477802029249,37.871399583466506,0,4128.199951171875,4288.5,82.97141810825893
2025-12-09,4020.199951171875,4085.0,3979.89990234375,4021.39990234375,16519,4087.844482421875,4262.150024414063,4401.146010742187,4638.485770263672,4095.265903305598,4207.8953253600685,23.64964898958469,-114.97383613696638,-97.77009075269235,-17.20374538427403,4564.3086912145245,3912.511352730787,39.980675664840085,0,4104.25,4269.949951171875,81.54999651227679
2025-12-10,4015.0,4074.0,3985.0,4004.10009765625,7479,4069.2778049045137,4239.554565429688,4391.032016601563,4636.76492553711,4077.032742175729,4189.368486477903,22.739007726227427,-116.32002869848202,-101.48007834185027,-14.839950356631732,4532.605618919812,3895.274434791127,41.9392891689727,0,4086.14990234375,4269.949951171875,81.13572474888393
2025-12-11,4004.10009765625,4010.699951171875,3888.0,3909.60009765625,27162,4041.81117078993,4212.81366521662,4380.794018554688,4634.55639038086,4043.5462132718335,4163.934996585026,18.53951931077644,-123.587615136154,-105.90158570071104,-17.68602943544296,4494.877910840898,3871.7321721669146,44.27398389044093,0,4040.199951171875,4224.0,83.11429268973214
2025-12-12,3920.0,3932.60009765625,3863.10009765625,3901.39990234375,25750,4017.900037977431,4185.900024414063,4370.882016601562,4631.9196423339845,4015.116951086217,4140.0681698358185,18.22498421529272,-128.52733387850503,-110.42673533626984,-18.10059854223519,4473.823136294991,3841.6069174159466,46.54653809494936,0,4019.050048828125,4211.550048828125,75.45002092633929
2025-12-15,3901.0,4010.0,3891.39990234375,3956.199951171875,15554,4000.95556640625,4160.168212890625,4358.21201171875,4629.540710449219,4003.333551103349,4123.352877230005,27.12317141539737,-126.56127106210896,-113.65364248143769,-12.9076285806713,4445.874821279892,3826.815217782608,46.6199138680702,0,3991.550048828125,4211.550048828125,78.77859933035714
2025-12-16,3968.0,3968.0,3890.0,3896.199951171875,7723,3980.244439019097,4136.668201793324,4342.386010742188,4627.082401123047,3981.9068311170554,4102.70261122472,24.038913269462785,-128.3649395556777,-116.59590189628568,-11.769037659391984,4429.917963728008,3800.49207045168,46.69982317357799,0,3977.5,4211.550048828125,81.03574916294643
2025-12-17,3909.0,3909.0,3820.0,3830.300048828125,12142,3954.3333333333335,4111.518199573864,4325.66201171875,4624.2410571289065,3951.585474659269,4077.938741915939,21.188957929590657,-133.57219409452,-119.99116033593256,-13.581033758587452,4393.221248873904,3779.1888097198457,47.31456928846068,0,3955.949951171875,4190.0,81.15715680803571
2025-12-18,3830.89990234375,3843.699951171875,3785.800048828125,3815.199951171875,12032,3928.722222222222,4088.618197354404,4308.644008789062,4621.320477294922,3924.3083699617914,4054.053397302842,20.58669043218495,-137.33432787280708,-123.45979384330748,-13.874534029499614,4357.994870282213,3759.055202959975,48.11141158373613,0,3935.4000244140634,4172.900024414063,82.278564453125
2025-12-19,3837.0,3906.0,3815.199951171875,3897.800048828125,14985,3914.6888834635415,4065.32275390625,4293.3380078125,4619.388110351562,3919.006705735058,4039.848547441504,31.9766758217619,-132.12762343737313,-125.1933597621206,-6.934263675252538,4295.638533102045,3771.661564554205,47.47098112421459,0,3935.4000244140634,4162.400024414063,82.16428920200893
2025-12-22,3897.800048828125,3950.0,3885.300048828125,3931.699951171875,9997,3904.722222222222,4045.454578746449,4278.640004882813,4617.699696044921,3921.545354822421,4030.0168568715376,36.031733384598304,-123.83830298404246,-124.92234840650498,1.0840454224625231,4263.921881097249,3772.128192144939,46.03269031320919,0,3929.9000244140634,4112.900024414063,80.0
2025-12-23,3931.699951171875,3956.800048828125,3880.0,3915.0,13339,3894.822211371528,4023.622769442472,4265.110004882812,4615.391414794922,3920.2362838579375,4019.560778974125,34.92713704908131,-117.26474827239144,-123.39082837968228,6.126080107290832,4231.204579384698,3773.52547432624,44.57043654378166,0,3898.25,4112.900024414063,81.37857491629464
2025-12-24,3890.0,3925.0,3867.5,3909.699951171875,12030,3894.833306206597,4008.418212890625,4252.566005859375,4612.90025390625,3918.129017320725,4009.573430992103,34.56497408896017,-111.20097285471002,-120.95285727468784,9.751884419977811,4200.343369008998,3775.436660287877,43.35531854759584,0,3897.9000244140634,4112.900024414063,80.80714634486607
2025-12-26,3885.0,3918.199951171875,3862.199951171875,3893.60009765625,14270,3893.9666612413193,3993.2091175426135,4240.80201171875,4609.650539550781,3913.22323338783,3999.030400688843,33.430964601759555,-106.46722290358775,-118.05573040046782,11.58850749688007,4171.804644012928,3776.2153755183217,42.28963326130149,0,3897.9000244140634,4112.900024414063,79.88572474888393
2025-12-29,3914.0,3944.39990234375,3862.10009765625,3910.5,24635,3888.8888888888887,3980.0863813920455,4229.9280078125,4606.383728027344,3912.678586710264,3990.982182444403,35.81155279718493,-100.19700240843711,-114.48398480206168,14.286982393624555,4141.414766197967,3781.9752728645335,40.74464519324119,0,3876.9000244140634,4102.900024414063,82.70713588169643
2025-12-30,3910.5,3910.5,3816.300048828125,3858.800048828125,40467,3884.733344184028,3965.886374733665,4215.188012695313,4601.863868408203,3901.902879133837,3978.9656248429233,32.037085761277964,-98.26680294123662,-111.24054842989668,12.973745488660056,4118.4423319909365,3779.167702188751,39.88984977390041,0,3871.300048828125,4090.549926757813,81.92855398995536
2025-12-31,3875.5,3997.0,3862.10009765625,3958.199951171875,13943,3898.944444444444,3956.859108664773,4203.816015625,4598.3228442382815,3913.162293541444,3977.077836327373,44.21172096207926,-87.70535185613608,-106.53350911514455,18.82815725900849,4093.511939409172,3789.0480703564535,37.5116425903607,0,3891.4000244140634,4031.4000244140634,85.44283621651786
2026-01-01,3985.0,4019.39990234375,3905.0,3915.5,11232,3910.088894314236,3947.718195134943,4192.30201171875,4594.861904296875,3913.629834833156,3971.479851206703,40.828189711595925,-81.83748341449882,-101.59430397501544,19.756820560516616,4070.096645738358,3795.7533542616425,34.95431344293932,0,3917.299926757813,4012.5999755859375,84.8499755859375
2026-01-02,3916.0,3945.0,3868.300048828125,3934.800048828125,9213,3914.200005425347,3939.813643022017,4180.284008789063,4591.453140869141,3917.8638776321495,3968.145323717741,42.95328838176612,-74.76792466151937,-96.22902811231624,21.461103450796852,4049.1807031448457,3803.799301737967,33.10497009335189,0,3917.8499755859375,4007.200073242188,85.3642578125
2026-01-05,3920.0,3973.0,3900.0,3960.5,10771,3917.4000108506943,3934.263638583097,4170.296010742188,4588.915675048828,3926.39110210572,3967.4502942888553,45.747397687933706,-66.32690190218045,-90.24860287028908,23.92170096810864,4032.8117247572623,3811.6482850083626,30.93653648709599,0,3917.8499755859375,3989.0999755859375,82.10710797991071
2026-01-06,3926.10009765625,3960.5,3888.0,3898.0,8765,3915.5111219618057,3926.7409113103695,4159.020014648438,4585.811717529297,3920.712881684576,3961.136631171687,40.54628516424248,-63.94345783828658,-84.9875738638886,21.044116025602023,4015.9239686924334,3815.926031307567,29.103846243488427,0,3917.8499755859375,3989.0999755859375,81.71425083705357
2026-01-07,3899.0,3924.89990234375,3801.0,3810.5,13077,3904.48890516493,3916.050004438921,4146.668012695312,4582.2702600097655,3898.670305347661,3947.44239197426,34.6131563400192,-68.32744373878722,-81.65554783886833,13.328104100081106,4002.998550815984,3807.7614589496407,28.54502829947713,0,3910.199951171875,3980.4000244140634,84.20710100446429
2026-01-08,3810.699951171875,3828.300048828125,3758.0,3796.300048828125,17458,3893.677788628472,3905.695456764915,4133.844013671875,4578.737238769531,3878.196254043754,3933.7021789609753,33.75003778615758,-72.11628983706441,-79.74769623850754,7.6314064014431295,3992.601794766172,3797.378210116641,28.490009746418533,0,3888.699951171875,3939.0,85.09282575334821
2026-01-09,3766.300048828125,3812.60009765625,3735.5,3754.39990234375,11000,3876.3333333333335,3893.559093128551,4120.454013671875,4574.99919921875,3853.4369837037534,3917.401971995773,31.27205099154277,-77.60538276937359,-79.31923354468076,1.713850775307165,4002.948399378005,3771.511585973558,28.668102408540783,0,3877.449951171875,3913.699951171875,84.1142578125
2026-01-12,3754.0,3760.0,3622.0,3658.10009765625,22816,3854.0333387586807,3877.8318204012794,4104.948017578125,4570.796342773438,3814.369606494253,3893.829074328544,26.46300967564476,-88.7035980302212,-81.19610644178884,-7.507491588432359,4029.266540791089,3720.863464091724,29.791890521856544,0,3820.699951171875,3856.949951171875,89.3499755859375
2026-01-13,3694.5,3694.5,3602.10009765625,3617.199951171875,13543,3816.144449869792,3864.540904651989,4089.0520166015626,4566.515731201172,3774.935675429778,3868.680972223392,24.723988702931948,-99.65060346091832,-84.88700584561474,-14.76359761530358,4045.681971983616,3670.5480328991966,30.976028690038227,0,3810.75,3843.550048828125,90.46425083705356
2026-01-14,3615.0,3645.89990234375,3585.5,3617.800048828125,20957,3783.066677517361,3851.65000221946,4072.266015625,4562.5419140625,3743.508550109448,3845.873615551095,24.80207111376572,-107.04382666668153,-89.3183700098281,-17.725456656853424,4059.179455539984,3629.2105591084537,32.19368212082454,0,3779.25,3835.25,90.67138671875
2026-01-15,3617.800048828125,3617.800048828125,3617.800048828125,3617.800048828125,0,3747.8444552951382,3836.2681884765625,4055.610014648437,4558.751617431641,3718.3668498531833,3825.139654939916,24.80207111376572,-111.616365341662,-93.77796907619488,-17.838396265467125,4071.252139810517,3595.8878748379207,33.324360306554695,0,3779.25,3829.75,86.67138671875
2026-01-16,3617.800048828125,3641.0,3602.0,3633.300048828125,8788,3711.48890516493,3824.318192915483,4040.368017578125,4554.698671875,3701.353489648172,3807.699690747935,27.068240865971877,-112.690390054634,-97.56045327188272,-15.129936782751289,4078.477498759184,3570.4725256548786,33.87109154334926,0,3773.0,3802.449951171875,83.57854352678571
2026-01-19,3605.0,3625.5,3580.10009765625,3610.89990234375,8983,3679.588894314236,3814.345458984375,4023.614013671875,4550.7222265625,3683.262772187288,3789.808800893009,25.855565798415498,-114.03454771107636,-100.85527215972148,-13.179275551354891,4078.685274871849,3541.574734893776,34.57331906208963,0,3752.5,3799.75,80.64997209821429
2026-01-20,3610.300048828125,3615.0,3542.0,3584.60009765625,11591,3654.48890516493,3803.8636474609375,4005.28201171875,4546.505466308594,3663.5302372810806,3771.153464235121,24.469463716732733,-115.88611379633949,-103.86144048704509,-12.0246733092944,4072.865130686616,3512.6848937274463,35.54539787194184,0,3685.1500244140634,3780.699951171875,75.99283272879464
2026-01-21,3584.89990234375,3591.89990234375,3524.89990234375,3559.89990234375,13793,3628.222222222222,3788.504549893466,3986.52201171875,4541.621115722656,3642.804170293615,3751.948594972269,23.21092614014852,-117.98651746303996,-106.68645588224406,-11.300061580795884,4067.2444412308087,3482.7955734176285,36.58513569481254,0,3668.75,3772.14990234375,72.60712541852679
2026-01-22,3564.89990234375,3663.0,3564.89990234375,3648.199951171875,10999,3616.422227647569,3775.6181862571034,3969.6160107421874,4537.345599365234,3643.883326469267,3742.516900081325,35.90280699186046,-111.24367863484304,-107.59790043276386,-3.645778202079171,4052.1907637317663,3471.699250916671,36.02537049124968,0,3642.449951171875,3772.14990234375,74.49285016741071
2026-01-23,3664.89990234375,3692.39990234375,3600.0,3637.39990234375,8810,3614.1222059461807,3763.0,3951.918012695312,4533.629893798829,3642.586641644164,3732.960809377909,35.13782555306355,-105.55463582827406,-107.18924751186591,1.6346116835918565,4037.523930533034,3460.7460645841525,34.95771812305448,0,3609.699951171875,3772.14990234375,75.87855747767857
2026-01-27,3630.0,3637.39990234375,3537.0,3549.800048828125,86952,3606.6333279079854,3746.6409135298295,3934.650009765625,4529.8743579101565,3624.0293230809566,3716.30983114611,29.62426207733772,-106.88252922803986,-107.1279038551007,0.2453746270608405,4022.10167269508,3440.09832730492,34.647672795108846,0,3608.64990234375,3772.14990234375,77.87140764508929
2026-01-28,3549.800048828125,3650.39990234375,3545.60009765625,3622.0,8743,3607.0999891493057,3734.2954545454554,3919.4180078125,4526.283352050781,3623.6234584647655,3707.736210132827,38.22765559429448,-100.94532676425295,-105.89138843693117,4.946061672678184,4007.6424806209975,3430.8775144961896,34.11574100256463,0,3608.64990234375,3772.14990234375,76.50711495535714
2026-01-29,3658.300048828125,3665.10009765625,3563.5,3617.89990234375,14733,3607.111083984375,3720.995450106534,3905.396005859375,4522.517209472656,3622.4787472405615,3699.5692730610926,37.94397370068737,-95.47037163541154,-103.80718507662723,8.336813441215696,3970.7388566012655,3433.751133633109,33.34133592133912,0,3608.64990234375,3772.14990234375,78.74283272879464
2026-01-30,3627.5,3662.0,3572.39990234375,3646.5,25705,3608.5777452256943,3711.345447887074,3890.120009765625,4518.408249511719,3627.28299779245,3694.7447936919034,41.22067280067885,-87.81140616148605,-100.608029293599,12.796623132112956,3938.60936292806,3438.980627306316,32.62224548877258,0,3608.64990234375,3772.14990234375,79.63568987165179
2026-02-02,3649.699951171875,3655.89990234375,3552.199951171875,3631.800048828125,9675,3610.8999837239594,3696.5090886896314,3875.380014648437,4513.939178466797,3628.186407999585,3689.022544158832,40.05012400109829,-81.98273807839996,-96.8829710505592,14.900232972159245,3895.8699994821136,3451.4199907522616,32.21148563612191,0,3608.64990234375,3772.14990234375,77.18568638392857
2026-02-03,3671.699951171875,3820.0,3643.300048828125,3759.60009765625,37945,3630.344428168403,3689.422729492188,3862.666020507813,4510.195762939453,3654.4691459309183,3695.4386853858696,52.64147719703317,-66.28696587797322,-90.76377001604202,24.4768041380688,3845.784534540236,3481.415465459764,30.627347004248357,0,3672.449951171875,3772.14990234375,84.02854701450893
2026-02-04,3777.89990234375,3789.800048828125,3700.39990234375,3755.89990234375,17790,3652.1222059461807,3681.290904651989,3852.9000146484377,4506.714730224609,3674.755297213485,3700.935159654768,52.29898107601103,-53.52947371307482,-83.31691075544859,29.787437042373767,3808.827396243817,3504.1625939905584,29.15636113179434,0,3678.5,3772.14990234375,86.09999302455357
2026-02-05,3745.0,3797.0,3723.89990234375,3753.699951171875,19708,3663.844428168403,3671.890902432529,3843.410009765625,4502.287912597656,3690.544228005163,3705.7319588835953,52.08201668669444,-43.09975973191604,-75.27348055074208,32.17372081882604,3795.6664538382074,3511.643531513356,27.88417684277864,0,3678.5,3772.14990234375,91.32142857142856
2026-02-06,3737.0,3745.5,3615.0,3648.39990234375,17747,3665.066650390625,3660.5454434481535,3832.39400390625,4497.326625976562,3682.1153628728807,3700.519953743609,42.90670877779824,-42.83716994115002,-68.78621842882367,25.94904848767365,3771.396326150203,3521.123644552922,26.60884948364573,0,3678.5,3772.14990234375,98.44285365513392
2026-02-09,3665.0,3943.5,3653.199951171875,3925.699951171875,47756,3706.833306206597,3665.781804865057,3827.4839990234377,4494.044178466796,3730.83228053268,3720.990862600725,61.92813460844981,-20.022462706355785,-59.033467284330094,39.01100457797431,3826.077961956558,3483.57201362938,26.138954465806925,0,3744.550048828125,3748.949951171875,115.721435546875
2026-02-10,3926.0,3960.0,3831.5,3855.800048828125,27108,3732.811089409722,3668.4863503196025,3821.46400390625,4490.3390209960935,3755.825834191769,3733.2462431668514,56.79178242145813,-7.49557645345385,-48.725889118154846,41.230312664701,3858.1454068006906,3471.2745639024342,25.839320528570283,0,3756.0999755859375,3748.949951171875,119.68572126116072
2026-02-11,3855.800048828125,3868.5,3790.300048828125,3849.699951171875,18755,3758.566650390625,3672.818170720881,3816.1260009765615,4487.052579345703,3774.60065758779,3743.8329438945807,56.3525190077425,1.917737765882066,-38.597163741347465,40.51490150722953,3885.0873026508502,3467.582668052274,25.03445715619623,0,3756.0999755859375,3742.699951171875,120.4857177734375
2026-02-12,3849.699951171875,3853.699951171875,3753.0,3769.10009765625,14947,3772.1888834635415,3677.863625266335,3809.3339990234376,4483.539935302734,3773.5005456014815,3746.129957872914,50.76538178559779,2.8413689932795023,-30.309457194422077,33.150826187701576,3894.67685131056,3473.123124275377,23.831525065213345,0,3756.0999755859375,3742.449951171875,120.31427873883928
2026-02-13,3705.0,3785.0,3633.699951171875,3653.60009765625,51319,3774.6111111111113,3679.5181773792615,3800.7539990234377,4479.538936767578,3749.520456012436,3737.718152398672,44.028723570686566,-5.681043794295874,-25.38377451439684,19.702730720100963,3894.7039704564622,3476.6760100122874,22.787410655502576,0,3787.5,3742.449951171875,124.5214320591518
2026-02-16,3654.0,3750.0,3606.10009765625,3633.39990234375,12723,3760.5888671875,3680.227261629972,3792.151997070313,4475.8368469238285,3726.296345278699,3728.234675120952,42.95510525336597,-13.904818182204965,-23.087983247958466,9.183165065753505,3894.7036986648873,3476.6862671554254,22.067797909877083,0,3783.050048828125,3742.449951171875,127.62857491629464
2026-02-17,3613.10009765625,3706.89990234375,3613.10009765625,3654.199951171875,15093,3749.288872612847,3681.881802645597,3784.3219970703126,4472.679011230469,3711.8770664573344,3721.5042456710353,44.45699030832441,-18.530223643055702,-22.176431326977912,3.6462076839222064,3894.490060977538,3481.2299097255864,21.39958607465341,0,3783.050048828125,3742.449951171875,126.84286063058036
2026-02-18,3639.60009765625,3809.89990234375,3636.0,3666.199951171875,39498,3739.566650390625,3683.3772527521305,3777.163994140625,4469.214630126953,3702.7416434002425,3716.476582534748,45.350921984989554,-20.985681213317093,-21.93828130424575,0.9526000909286552,3893.1361742856297,3490.743781769058,20.113943239727146,0,3783.050048828125,3742.449951171875,132.00713239397322
2026-02-19,3669.0,3688.199951171875,3540.0,3550.5,26015,3728.6888834635415,3680.631802645597,3767.74599609375,4465.455621337891,3672.2933147201934,3701.387802304316,38.857336539123416,-31.89994542921795,-23.93061412924019,-7.96933129997776,3894.004365949032,3488.935599871281,19.361151394648065,0,3750.0,3742.449951171875,136.19283621651786
2026-02-20,3550.5,3585.0,3525.0,3573.60009765625,7149,3689.566677517361,3680.131802645597,3759.13599609375,4461.606429443359,3652.554671307405,3689.770738245401,40.68349849447905,-38.24473216221168,-26.79343773583449,-11.451294426377183,3896.2881519228818,3479.191828545868,18.7956946283596,0,3742.5,3742.449951171875,133.0714111328125
2026-02-23,3560.0,3592.5,3540.0,3571.5,12198,3657.977783203125,3680.65907981179,3752.373994140625,4457.909093017578,3636.3437370459246,3679.018852950365,40.564879160327926,-42.9474106730363,-30.02423232327485,-12.92317834976145,3898.3554858944817,3470.534504339893,18.18296667003977,0,3696.75,3742.449951171875,123.37855747767856
2026-02-24,3570.0,3586.0,3514.5,3530.60009765625,13316,3622.5222439236113,3675.313631924716,3744.957998046875,4453.996798095704,3615.1950091679896,3665.526238832718,38.22723937563622,-49.40508649471576,-33.900403157563034,-15.504683337152729,3900.095064299489,3466.8749308177,17.86256670706599,0,3684.0999755859375,3737.25,122.0999755859375
2026-02-25,3534.10009765625,3555.199951171875,3514.0,3526.5,12078,3595.5666775173613,3670.272727272728,3736.363999023437,4449.234300537109,3597.456007334392,3652.887489847925,37.990885118787936,-54.22857150713162,-37.96603682747676,-16.262534679654863,3905.020216342127,3452.399778775061,17.570093561493472,0,3661.949951171875,3737.0,119.82139369419644
2026-02-26,3522.0,3560.0,3518.10009765625,3529.39990234375,8698,3581.766655815972,3669.345447887074,3729.027998046875,4444.143165283203,3583.844786336264,3641.661345529364,38.28154120442768,-57.158334546336846,-41.80449637124877,-15.353838175088072,3908.909679349395,3439.6603157677923,17.23038334918927,0,3661.949951171875,3737.0,112.9071044921875
2026-02-27,3529.39990234375,3537.300048828125,3421.0,3452.10009765625,22699,3561.6222330729165,3661.622725053267,3721.463999023437,4439.112755126953,3557.495848600261,3624.4285048136258,33.74142457069651,-64.96872209290632,-46.437341515580286,-18.531380577326036,3919.283042120178,3409.8469627626346,17.876679814583852,0,3615.449951171875,3690.5,100.13567243303572
2026-03-02,3400.0,3611.0,3378.199951171875,3589.39990234375,61511,3554.4222276475693,3660.327270507813,3716.947998046875,4434.617940673828,3563.8766593489595,3621.244086407273,45.99327403286904,-59.39489632562754,-49.02885247758974,-10.366043848037805,3919.01034135202,3405.879648882355,17.465824361731844,0,3594.0499267578125,3669.0999755859375,107.58567592075892
2026-03-04,3565.10009765625,3577.800048828125,3466.699951171875,3491.800048828125,22401,3535.0444607204863,3653.2954545454554,3708.827998046875,4429.304443359375,3549.4613372447925,3609.4764466273514,40.29004008244676,-62.13681720065097,-51.65044542220198,-10.486371778448984,3912.140802434477,3385.969182917085,17.084315726940694,0,3533.199951171875,3669.0999755859375,110.76424734933036
2026-03-05,3485.5,3510.699951171875,3440.0,3453.89990234375,13428,3524.3111165364585,3645.20908425071,3699.271997070312,4422.156481933594,3530.3490502645845,3595.33312441975,38.303741794552806,-66.60030743823336,-54.64041782540826,-11.959889612825094,3905.743089397585,3362.166895953977,17.012357507607234,0,3494.599975585937,3669.0999755859375,108.6213902064732
2026-03-06,3461.60009765625,3500.0,3420.199951171875,3430.5,10926,3508.411105685764,3630.249988902699,3689.581997070312,4412.892468261719,3510.379240211668,3580.3482949270456,37.088009010104464,-71.20502496304016,-57.95333925293465,-13.251685710105512,3897.911070213877,3337.678920020498,17.153384539811533,0,3494.599975585937,3669.0999755859375,103.51424734933036
2026-03-09,3400.0,3401.199951171875,3292.0,3312.800048828125,19702,3479.6666666666665,3610.1090864701705,3677.6439990234376,4403.53099975586,3470.86340193496,3556.025727099871,31.647032602378715,-83.39042625159391,-63.0407566526665,-20.34966959892741,3911.926300533934,3290.103704348878,18.410969752542115,0,3451.5,3626.0,103.1285400390625
2026-03-10,3332.800048828125,3475.0,3325.0,3461.800048828125,19606,3472.022216796875,3596.840909090909,3669.007998046875,4394.966823730469,3469.0507313135927,3547.459756347894,43.03936863486232,-80.1010349391886,-66.45281230997092,-13.64822262921767,3854.020944475422,3301.619070173016,18.54203600437501,0,3451.5,3626.0,108.01426478794644
2026-03-11,3461.800048828125,3549.89990234375,3439.199951171875,3453.39990234375,22976,3463.8999837239585,3587.9772727272725,3659.86599609375,4386.494616699219,3465.9205655196247,3538.9088605293355,42.60821305743875,-77.28114135199303,-68.61847811837535,-8.662663233617678,3805.840119223632,3309.559880776368,17.759177351671333,0,3451.5,3626.0,103.49998256138392
2026-03-12,3445.0,3495.0,3378.199951171875,3469.699951171875,16674,3457.266655815972,3567.25,3652.083994140625,4377.268729248047,3466.676442650075,3532.617141496839,43.785024471077456,-72.89083745149628,-69.47294998499953,-3.417887466496751,3747.8256239221214,3329.5743760778773,17.590435661750487,0,3451.5,3626.0,101.2571323939732
2026-03-13,3458.89990234375,3499.0,3421.60009765625,3463.39990234375,22378,3458.5221896701387,3549.4136297052555,3642.1879931640624,4368.486451416015,3466.02113458881,3526.3246652101943,43.41448754250905,-69.12304384678055,-69.40296875735574,0.2799249105751897,3704.43404738478,3342.3959330839707,17.384819214381935,0,3451.5,3626.0,102.49998256138392
2026-03-16,3450.0,3483.300048828125,3354.0,3465.699951171875,19431,3444.777750651041,3531.95908425071,3633.1919921875,4359.3033129882815,3465.9568979054234,3520.813327570347,43.60213659489575,-65.19986212634922,-68.56234743115444,3.362485304805219,3685.8614403076176,3342.1785255126947,17.787865970936735,0,3434.9000244140625,3626.0,107.98570033482144
2026-03-17,3475.0,3475.0,3399.89990234375,3420.10009765625,23085,3436.811089409722,3516.095447887074,3622.8979931640624,4350.167082519532,3456.7855378555887,3511.6575793963384,40.7190986813199,-65.02072103465025,-67.8540221518536,2.833301117203348,3670.4097269337126,3336.3002584178503,18.162123673451905,0,3420.949951171875,3626.0,108.24285016741072
2026-03-18,3420.10009765625,3511.199951171875,3411.0,3424.0,26789,3433.4888780381943,3505.65907981179,3612.1679931640624,4341.327250976563,3450.2284302844714,3503.688708542126,41.077934274633854,-63.82828812872185,-67.04887534722725,3.2205872185054005,3646.392220134994,3337.29777009938,18.007907423796958,0,3420.949951171875,3626.0,112.45713588169644
2026-03-19,3397.0,3405.199951171875,3300.10009765625,3310.0,17083,3420.0999891493057,3490.95908425071,3600.407993164062,4332.137048339844,3422.182744227577,3486.080644129205,34.503229377136265,-71.26067501862144,-67.8912352815061,-3.369439737115343,3626.0578794241983,3322.012115692989,18.81574243767298,0,3420.949951171875,3580.25,118.31427873883928
2026-03-20,3310.0,3364.89990234375,3300.0,3312.199951171875,17694,3420.0333116319443,3475.4136297052555,3590.4419921875,4322.818399658203,3400.186185616437,3470.273308405812,34.720368578530326,-76.0961880153036,-69.53222582826561,-6.563962187037987,3625.815080004969,3298.4249102294057,19.56665272813032,0,3424.949951171875,3572.849975585937,114.64283970424108
2026-03-23,3245.0,3288.0,3122.199951171875,3163.39990234375,31011,3386.877739800347,3452.55908203125,3577.7839892578127,4312.865313720703,3352.8289289619,3442.3757260365333,27.96676835004901,-90.88759168827757,-73.803299000268,-17.084292688009555,3644.574360981588,3238.645609721537,21.412914586093365,0,3336.0499267578125,3466.0499267578125,111.585693359375
2026-03-24,3170.0,3364.10009765625,3149.5,3330.0,26846,3373.1666395399307,3442.5363547585225,3569.2959912109377,4304.039061279297,3348.26314316952,3432.1597509423027,41.65153303467298,-88.15050595876119,-76.67274039196664,-11.477765566794544,3628.661136773488,3230.4088339296377,22.141049561806437,0,3316.699951171875,3466.0499267578125,118.14998953683036
2026-03-25,3346.60009765625,3509.0,3323.699951171875,3397.199951171875,30913,3365.111083984375,3434.51816628196,3564.07798828125,4296.153903808594,3358.0505047699908,3428.981587326809,46.09963307000253,-79.6408215363549,-77.2663566208443,-2.3744649155106003,3616.6010613505055,3229.1288947041808,21.285150362602163,0,3316.699951171875,3466.0499267578125,126.33571079799108
2026-03-27,3393.39990234375,3393.39990234375,3233.800048828125,3291.39990234375,134983,3345.999972873264,3421.786343661221,3557.561987304688,4287.595319824219,3344.720384284743,3416.474161419258,40.82305689681544,-80.50599209156962,-77.91428371498937,-2.5917083765802573,3606.888676336071,3215.3312699529915,21.12054791600897,0,3316.699951171875,3466.0499267578125,132.30712890625
2026-03-30,3240.0,3277.300048828125,3152.199951171875,3213.39990234375,52736,3317.9666341145835,3407.368152965199,3549.473984375,4278.771240234375,3318.4562878965444,3398.0128651396662,37.42227810739563,-86.48860728905629,-79.62914842980275,-6.859458859253536,3601.6148791795463,3189.0050671095164,21.474545262180765,0,3316.699951171875,3405.199951171875,132.35712541852678
2026-04-01,3230.89990234375,3328.5,3230.89990234375,3271.699951171875,16899,3301.477728949653,3395.7863325639205,3542.551982421875,4270.258582763672,3309.105020551611,3386.529872960776,41.35474215053286,-85.5395001180168,-80.81121876744557,-4.728281350571237,3597.848220261019,3174.7317113796057,21.30008968404823,0,3316.699951171875,3366.599975585937,128.99285016741072
2026-04-02,3250.0,3322.0,3174.60009765625,3311.0,12641,3288.922173394097,3385.859064275568,3536.1059814453124,4261.920015869141,3309.484016441289,3379.663520873433,43.91340431138094,-80.68604188526615,-80.78618339100969,0.1001415057435366,3563.287345342913,3181.4525960633373,21.497007590764618,0,3315.599975585937,3366.599975585937,131.61427525111608
2026-04-06,3311.0,3315.0,3219.89990234375,3291.199951171875,29014,3286.8332790798613,3378.545421253551,3529.711982421875,4253.482448730469,3305.8272033874064,3371.6213781732918,42.897917903432216,-77.5434669155793,-80.13764009592362,2.5941731803443133,3547.8395003708306,3176.8404312697944,21.679859932715548,0,3315.599975585937,3366.599975585937,130.06427873883928
2026-04-07,3289.0,3360.0,3262.89990234375,3319.199951171875,31732,3287.6110568576387,3366.263605291193,3524.403979492188,4244.781483154296,3308.5017529443003,3366.855793900435,44.84047580775472,-71.96403106279877,-78.50291828929866,6.538887226499895,3536.8396241250834,3174.3703123983537,21.367614681063262,0,3315.599975585937,3366.599975585937,131.471435546875
2026-04-08,3451.5,3588.0,3392.300048828125,3578.10009765625,54070,3333.6888563368057,3370.1863347833805,3524.767983398437,4237.357589111328,3362.4214218866905,3386.0598215146,58.79778120558785,-46.11957213023925,-72.02624905748678,25.90667692724753,3567.5764941356283,3158.393452153434,20.522893511491496,0,3368.75,3366.599975585937,141.43572126116072
2026-04-09,3549.10009765625,3618.699951171875,3511.0,3543.60009765625,26005,3357.422200520833,3374.2636163884945,3522.675986328125,4230.040086669922,3398.657157040602,3400.3816648002044,56.73751717888123,-28.09762200210571,-63.240523646410566,35.14290164430486,3592.778277551039,3156.2716736208363,19.946069228102804,0,3385.449951171875,3370.449951171875,143.7642822265625
2026-04-10,3558.0,3630.0,3548.199951171875,3610.60009765625,15689,3381.1333279079863,3382.4499844637785,3522.139990234375,4223.63777709961,3441.045745163732,3419.4924314234813,59.691442992476,-8.312930340438925,-52.25500498521624,43.942074644777314,3621.8207878988073,3142.1091681558805,19.48907790783394,0,3391.099975585937,3376.099975585937,142.778564453125
2026-04-13,3579.0,3625.0,3490.10009765625,3581.10009765625,12211,3413.322238498264,3394.645441228693,3522.765991210937,4217.145240478516,3469.056615662236,3434.184037444642,57.81949267756072,4.929354355630039,-40.81813311704698,45.74748747267702,3642.5806438294826,3134.1193317564557,18.53682362476728,0,3391.099975585937,3376.099975585937,143.56427873883928
2026-04-15,3638.0,3681.199951171875,3606.89990234375,3669.89990234375,19527,3464.0444607204863,3404.1045254794035,3523.7239892578127,4210.969708251953,3509.2252729985385,3455.61275243547,61.71191995200367,22.331933857756667,-28.188119722086256,50.52005357984292,3680.32913728356,3116.390833419565,18.07821495303569,0,3427.9000244140625,3401.699951171875,146.07856096540178
2026-04-16,3696.0,3735.5,3637.0,3680.699951171875,12712,3509.4889051649307,3414.436345880682,3524.979990234375,4204.663908691407,3543.520208633206,3476.0752250478704,62.16916917809572,36.5734808516072,-15.235799607347566,51.80928045895477,3717.285495343018,3101.16448024292,18.041410559772245,0,3455.050048828125,3428.849975585937,139.5428466796875
2026-04-17,3691.5,3783.0,3666.39990234375,3702.5,20205,3552.9889051649307,3425.01816628196,3526.099990234375,4198.252958984375,3575.316166906565,3496.659295498064,63.12641006879605,49.05363147009666,-2.377913391858721,51.43154486195538,3755.350767950989,3086.77921251776,18.33206056849977,0,3501.449951171875,3452.599975585937,132.5428466796875
2026-04-20,3718.0,3721.10009765625,3612.0,3651.0,9415,3592.966688368056,3433.545443448153,3526.4839892578125,4191.522255859375,3590.452933525252,3510.6902686346034,59.3084912863459,54.16424940230263,8.93051916697355,45.23373023532908,3782.347210038364,3082.872760664761,18.04632244133169,0,3522.949951171875,3452.599975585937,127.09999302455356
2026-04-21,3676.39990234375,3729.89990234375,3661.0,3693.39990234375,10838,3634.5444607204863,3443.895441228693,3525.1599853515627,4184.545373535157,3611.042327288952,3527.300235335435,61.37947225557165,60.93336677943216,19.331088689465275,41.60227808996689,3814.664765734066,3077.495195203434,17.848155198587524,0,3587.6500244140625,3452.599975585937,121.06427873883928
2026-04-22,3683.10009765625,3774.0,3683.10009765625,3757.60009765625,11455,3654.48890516493,3459.2363503196025,3525.1939892578125,4177.623051757812,3640.353881362412,3548.236586455509,64.33899744370767,70.66379207955424,29.597629367483076,41.06616271207117,3856.1168503400063,3080.8031203631185,18.002584013090576,0,3636.550048828125,3452.599975585937,117.61427525111608
2026-04-23,3760.0,3788.89990234375,3715.0,3737.39990234375,8963,3676.022216796875,3473.4818004261365,3524.86798828125,4170.383090820313,3659.76308555868,3565.433251536258,62.71064281985456,75.87064769341532,38.85223303266952,37.0184146607458,3887.792045776928,3091.647920043385,18.25992095919137,0,3639.5,3455.5499267578125,114.67140415736608
2026-04-24,3741.0,3773.0,3620.0,3650.199951171875,13869,3680.4222005208335,3488.9454345703125,3524.903989257813,4163.0731750488285,3657.850458681319,3573.1393151394955,56.10899232498252,72.12934874818939,45.5076561757735,26.62169257241589,3886.848003349021,3141.2719673541037,17.452756958456014,0,3639.5,3455.5499267578125,115.0714111328125
2026-04-27,3680.5,3690.0,3631.0,3645.10009765625,8692,3687.533311631944,3504.0772594105115,3519.2919921875,4155.687957763672,3655.300386476305,3579.6812044592,55.73941964295239,67.96931882406534,49.99998870543188,17.969330118633465,3896.432770395795,3163.1972100729545,16.703247529201757,0,3697.89990234375,3455.5499267578125,112.49283272879464
2026-04-28,3659.0,3675.0,3636.10009765625,3651.300048828125,11188,3685.4666612413193,3526.254538796165,3515.2019921875,4148.288918457031,3654.500318946669,3586.1920084927388,56.11783667280202,64.43003998754784,52.885998961855066,11.544041025692778,3907.3946996000313,3177.645290634344,16.007274487751374,0,3700.449951171875,3455.5499267578125,108.33567592075892
2026-04-29,3689.39990234375,3729.89990234375,3583.10009765625,3603.10009765625,17700,3676.8444552951382,3538.668179598721,3510.269995117188,4140.621486816406,3644.2202746885855,3587.729107507603,52.36920667798227,57.07784490833092,53.72436815115024,3.35347675718068,3903.9480357829952,3212.2619739826296,15.89251181301363,0,3686.0,3455.5499267578125,99.62137276785714
2026-04-30,3567.60009765625,3667.0,3567.60009765625,3641.89990234375,19807,3670.1111111111113,3549.7909046519885,3507.725991210937,4133.095764160156,3643.756200219618,3592.65372521998,54.97643553497437,53.76225945201168,53.731946411322525,0.0303130406891511,3886.3488350980583,3272.7111746675664,15.591961059534013,0,3678.25,3455.5499267578125,99.0285121372768
2026-05-01,3641.89990234375,3641.89990234375,3641.89990234375,3641.89990234375,0,3669.0999891493057,3565.722722833807,3507.4919873046874,4125.824030761719,3643.384940644445,3597.1306504130503,54.97643553497437,50.55190321755072,53.09593777256816,-2.544034555017447,3869.268314183156,3326.8116906996565,15.312878217017222,0,3678.25,3455.5499267578125,92.85709054129464
2026-05-04,3648.10009765625,3747.0,3640.0,3649.39990234375,22275,3664.211100260417,3585.5409046519885,3507.811987304688,4118.592287597657,3644.5879329843065,3601.8824005885685,55.522237830922485,48.05886738465324,52.088523694985184,-4.029656310331944,3850.690860062486,3379.2291350547016,16.04611794369185,0,3678.25,3469.199951171875,90.86424037388392
2026-05-05,3650.0,3688.0,3570.0,3620.800048828125,14259,3649.011094835069,3601.409090909091,3507.1439892578123,4111.568651123047,3639.830356153071,3603.602186792165,52.88924267171353,43.27648498572762,50.32611595313368,-7.04963096740606,3811.3432894092384,3451.536715473574,15.81747171374977,0,3678.25,3470.5499267578125,92.142822265625
2026-05-06,3686.89990234375,3835.0,3640.0,3802.800048828125,49901,3656.277777777778,3623.763638583097,3509.8759912109376,4105.689084472656,3672.4242946880818,3621.711083340888,64.44455080625293,53.55494339129064,50.971881440765074,2.583061950525561,3780.361110415384,3530.878904233054,16.766413126078753,0,3701.300048828125,3493.599975585937,100.4071044921875
2026-05-07,3840.0,3930.0,3767.39990234375,3857.199951171875,96463,3679.277777777778,3649.4909113103695,3516.009990234375,4099.787684326172,3709.379425984841,3643.119162234614,67.04636449505358,65.33714724767151,53.84493460214637,11.492212645525145,3817.999660496747,3521.150339503253,18.22946996940468,0,3748.800048828125,3541.099975585937,103.6928187779018
2026-05-08,3882.0,4090.0,3815.0,4029.800048828125,105032,3722.022216796875,3681.79091574929,3525.1339892578126,4095.07548828125,3773.463550553498,3678.2719701067513,73.637791118495,87.59230452940665,60.59440858759842,26.997895941808224,3902.4968604769247,3485.2731346402625,20.36106086434437,0,3828.800048828125,3632.300048828125,115.54281180245536
2026-05-11,4029.800048828125,4029.800048828125,3863.60009765625,3872.89990234375,26701,3746.644422743056,3695.190906871449,3531.1619873046875,4088.926384277344,3793.350820911549,3695.965418491933,61.57965145326394,91.5142274148684,66.77837235305242,24.735855061815982,3926.2737756138536,3487.726199972084,22.340395266788377,0,3828.800048828125,3632.300048828125,121.77852957589286
2026-05-12,3856.300048828125,3893.10009765625,3734.89990234375,3755.89990234375,19397,3763.622178819444,3704.840897993608,3535.6679833984376,4082.5234643554686,3785.8606371979886,3701.4140079330073,54.4230092513545,84.21072850843711,70.26484358412937,13.945884924307748,3927.6969708551896,3503.782985199497,22.71249664587333,0,3828.800048828125,3654.949951171875,126.585693359375
2026-05-13,3770.0,3985.5,3770.0,3860.5,48239,3787.911078559028,3716.1999844637785,3542.347983398437,4076.810380859375,3800.788509758391,3715.876370848188,59.00955399004066,85.87311489325839,73.38649784595518,12.486617047303213,3945.525874235861,3505.014091584452,23.55888931138076,0,3830.0,3676.449951171875,137.70713588169642
2026-05-14,3890.5,3975.0,3864.0,3897.0,27013,3816.2555338541674,3730.559070933949,3549.699985351562,4071.130390625,3820.030807806713,3732.342155316535,60.50319891479091,89.10862428429255,76.53092313362265,12.577701150669895,3968.0561947207016,3504.1137759824232,24.344825357923373,0,3830.0,3741.1500244140634,134.95713588169642
2026-05-15,3897.0,3925.699951171875,3847.39990234375,3855.199951171875,13560,3839.1222059461807,3738.981800426137,3557.761982421875,4065.0596228027343,3827.064636479746,3743.5110458488384,57.901120959377536,87.29360781195555,78.68346006928923,8.610147742666328,3981.02729398425,3506.4126718360635,24.88462665839255,0,3830.0,3790.050048828125,136.33571079799108
2026-05-18,3850.0,3862.5,3758.699951171875,3831.39990234375,17829,3862.5221896701382,3745.831798206676,3562.601982421875,4058.5585925292967,3827.931689652547,3751.5009418938303,56.41343837438419,82.97820801614944,79.54240965866127,3.435798357488167,3988.9195155680704,3516.5604404866167,24.42362805879249,0,3865.0,3790.050048828125,140.971435546875
2026-05-19,3844.0,3970.0,3722.60009765625,3809.89990234375,183817,3863.3110622829854,3750.713611949574,3568.963979492188,4052.4829431152334,3824.325332190788,3756.809938298368,55.03772154747252,76.93647646084628,79.02122301909827,-2.084746558251993,3994.3284974330777,3522.80145862161,24.68086450398062,0,3906.300048828125,3790.050048828125,148.15715680803572
2026-05-20,3849.0,3849.0,3605.10009765625,3623.5,78016,3837.3444010416665,3749.463611949574,3572.3559814453124,4046.306990966797,3784.16026575263,3744.6908529985167,44.83041530417847,56.45664925521487,74.50830826632159,-18.05165901110672,3995.243383740401,3508.4765625486616,23.807606741492425,0,3847.550048828125,3828.800048828125,158.47858537946428
2026-05-21,3658.5,3658.5,3560.60009765625,3583.300048828125,24787,3787.733289930556,3744.459073153409,3575.411982421875,4039.0609912109376,3743.988222367729,3730.018961710299,42.97913207170127,36.5609862598244,66.91884386502215,-30.35785760519775,3998.9550332752297,3489.3549276622707,22.617130462912925,0,3795.200073242188,3825.300048828125,165.471435546875
2026-05-22,3583.199951171875,3596.0,3480.0,3489.60009765625,24818,3745.144422743056,3732.277254971591,3578.9479833984374,4031.451491699219,3693.1105974254338,3708.162701341749,38.94247229231419,13.081926711151937,56.15146043424812,-43.06953372309618,4012.5935423994447,3459.6564331864924,21.137449006395933,0,3732.75,3785.0,166.11429268973214
2026-05-25,3519.89990234375,3552.10009765625,3500.0,3515.0,18523,3718.377766927084,3722.168168501421,3580.011982421875,4024.056491699219,3657.4884779403474,3690.6024557652254,40.57189496253189,-3.4362266139323765,44.23392302461202,-47.6701496385444,4020.835230067722,3438.40473575259,19.763459082487294,0,3732.75,3785.0,162.15000697544642
2026-05-26,3515.0,3522.800048828125,3484.0,3491.39990234375,15381,3677.366644965278,3714.9499844637785,3580.771982421875,4017.3844921875,3624.270762821028,3672.49313272691,39.51667885188259,-18.221269327088063,31.742884554272,-49.96415388136006,4030.1584891487146,3413.0914620231606,18.621167623344903,0,3727.5,3785.0,149.62144252232142
2026-05-27,3461.199951171875,3507.89990234375,3422.5,3430.199951171875,16178,3625.499972873264,3705.181795987216,3579.981982421875,4010.7384924316407,3585.456600491198,3650.4664798582703,36.84079606606522,-34.47938984452958,18.498429674511684,-52.97781951904126,4044.341462020228,3381.6184745032097,18.06311862723908,0,3696.25,3756.25,144.10714285714286
2026-05-28,3430.199951171875,3430.199951171875,3430.199951171875,3430.199951171875,0,3578.277750651041,3695.131791548296,3579.3179833984377,4004.6394921875,3554.4052706273337,3630.442249977689,36.84079606606522,-46.82430603517969,5.43388253257341,-52.258188567753095,4056.089280188472,3348.700661217779,17.54493027371224,0,3696.25,3756.25,124.46428571428572
2026-05-29,3430.199951171875,3468.39990234375,3372.0,3399.699951171875,16081,3530.311089409722,3685.88633034446,3577.9979833984376,3998.4274914550783,3523.464206736242,3609.4656773589786,35.45320873413736,-58.39568702745328,-7.332031379431929,-51.06365564802135,4068.4397694652794,3312.130176823784,17.53709536243774,0,3671.0,3731.0,119.4785679408482
2026-06-01,3399.699951171875,3420.0,3315.10009765625,3330.199951171875,19547,3477.0110948350693,3671.7181507457385,3576.19998046875,3992.2109912109377,3484.811355623369,3584.077884069242,32.45360481479344,-72.34026544558856,-20.333678192663257,-52.0065872529253,4085.2674586916273,3263.3824924802475,17.957686433353565,0,3582.050048828125,3702.550048828125,115.67140415736608
2026-06-02,3318.199951171875,3364.89990234375,3292.39990234375,3348.5,10345,3446.4555392795137,3658.381791548296,3574.68998046875,3986.4189916992186,3457.5490844986957,3562.66171279022,34.036186897638345,-80.98128150261755,-32.46319885465412,-48.51808264796343,4096.416253277964,3225.003693011099,18.51357248584384,0,3475.449951171875,3691.199951171875,104.44996861049108
2026-06-03,3359.300048828125,3359.300048828125,3298.0,3312.800048828125,12794,3416.3999837239585,3643.081798206676,3574.7459814453123,3979.992491455078,3428.5992773645817,3539.947016066393,32.43943512094893,-89.67630407380057,-43.90581989848341,-45.77048417531716,4092.8767404997607,3179.543205789302,19.029752391727666,0,3444.199951171875,3691.199951171875,100.64997209821428
2026-06-04,3314.5,3466.0,3303.89990234375,3443.699951171875,27029,3411.2999674479165,3635.031793767756,3577.3759814453124,3973.9814916992186,3431.6194121260405,3531.1972828941643,42.99878140507046,-85.02453405999722,-52.129562730786176,-32.894971329211046,4067.4923473812673,3163.577598907795,18.238436511032827,0,3422.25,3691.199951171875,106.6356898716518
2026-06-05,3473.0,3473.0,3384.5,3417.800048828125,10841,3400.499972873264,3617.531793767756,3582.463984375,3968.0329919433593,3428.8555394664577,3520.8884434336155,41.61293346767078,-82.4771334206498,-58.19907686875891,-24.2780565518909,4000.1755048256414,3169.6944414634204,17.427335012944678,0,3407.599975585937,3691.199951171875,105.54282924107144
2026-06-08,3413.39990234375,3413.39990234375,3319.0,3334.699951171875,12380,3383.0888671875,3593.7817937677555,3582.557983398437,3962.0794921875,3410.0244218075413,3503.9622168643664,37.443094729513774,-86.17046397584,-63.79335429017513,-22.377109685664863,3964.350778843741,3151.6991723281344,17.2773067902537,0,3400.14990234375,3691.199951171875,94.92855398995536
