Date,Open,High,Low,Close,Volume,SMA_9,SMA_22,SMA_50,SMA_200,EMA_9,EMA_21,RSI_14,MACD_Line,MACD_Signal,MACD_Hist,BB_Upper,BB_Lower,ADX_14,ST_Direction,Ichi_Tenkan,Ichi_Kijun,ATR_14
2024-12-17,810.8785871819725,818.9683723301791,796.646514857942,799.0933837890625,344516,819.2624443901909,794.9849520596591,832.7709924316406,,811.974890217961,813.2992546741591,45.55278754583095,-3.8970214925874416,-6.174048660866192,2.2770271682787504,864.3643305997905,730.3219059724752,12.147208731838948,0,826.5088576694978,797.9947989434427,27.06590485211729
2024-12-18,792.0023303199287,798.9935236518826,778.0199436560207,782.5142822265625,194308,817.2871568467882,794.8442216352983,831.3607690429687,,806.0827686196815,810.5006208152867,41.936493912931454,-5.942390431367585,-6.127717014966471,0.1853265835988864,861.0842664074233,738.0114184070297,12.18795383154496,0,820.4664700928583,795.1983084471326,27.119409583660097
2024-12-19,779.0187150858228,780.9163491597646,756.1475002211088,757.1962280273438,550682,810.3680962456597,794.8442216352983,829.2773937988281,,796.3054605012139,805.6547669254736,37.09363182024987,-9.49684175335392,-6.801541962643961,-2.6952997907099583,857.3459301705277,744.2715808158005,12.850057894279663,0,809.5302483754024,795.1983084471326,27.921967932886144
2024-12-20,760.9913956152816,787.0086096696676,756.8465923865932,769.1810913085938,691381,803.5045166015625,796.2424621582031,827.4277233886719,,790.8805866626899,802.33897823303,40.5910632275089,-11.217384701097105,-7.6847105103345905,-3.5326741907625125,851.9451639617259,753.2578328644458,13.211890633323378,0,809.5302483754024,790.0298044895346,27.087303364709904
2024-12-23,783.0136693629647,787.0086370637962,759.8927694110549,781.3157958984375,488520,795.6089070638021,798.4850907759233,826.0184985351563,,788.9676285098394,800.4277798389761,43.98673930965539,-11.469544368645074,-8.441677281996688,-3.0278670866483868,851.0122631794412,755.4890979045432,13.547876987413012,0,807.5078231589404,790.0298044895346,27.665149508940537
2024-12-24,787.0086627976826,787.1085126101206,771.0287914718414,780.3670043945312,129504,787.8464626736111,800.6233076615767,824.8120178222656,,787.2475036867778,798.6040729803901,43.77605250598808,-11.612085374942694,-9.075758900585887,-2.536326474356805,851.0418773478705,755.3995594197077,13.855197292956008,0,807.0333962270602,790.0298044895346,25.97798729004819
2024-12-26,782.8139062301685,782.8139062301685,762.8390677912341,764.9364624023438,132322,782.2812567816841,800.4689580743963,822.9413745117188,,782.7852954298911,795.5433811096586,40.38790745617316,-12.822357770992085,-9.825078674667129,-2.997279096324956,851.5377103950871,750.3195039603818,14.414295586282226,0,787.5579362756439,790.0298044895346,25.52141785910456
2024-12-27,761.1911776842178,771.0287611995956,759.8927644232745,763.2385864257812,97986,778.380615234375,799.6631552956321,820.58134765625,,778.8759536290693,792.6065815929425,40.02086078517627,-13.759896247269468,-10.612042189187598,-3.147854058081869,852.3826992798365,745.6992709350072,15.032767174934582,0,787.5579362756439,790.0298044895346,23.306348466886615
2024-12-30,772.0275050494656,781.0161823398216,766.0849784269453,773.076171875,245740,774.5465562608507,797.949404629794,817.8737585449219,,777.7159972782555,790.8310898004022,43.23957777195725,-13.552862353848012,-11.200206222119682,-2.352656131728331,852.173763458706,743.0468053889502,15.07202740907448,0,787.5579362756439,792.376848851035,23.19577442632917
2024-12-31,771.0287817032195,780.1173090212952,757.0463944702595,778.4694213867188,227452,772.2550048828125,796.9256952459162,815.32896484375,,777.8666820999482,789.7073017627946,44.982702622908135,-12.805977007881095,-11.521360379271965,-1.2846166286091325,852.1326596127551,741.7695681704481,15.446126787917592,0,777.5705119364957,802.9884956266822,22.56086200681548
2025-01-01,778.4693852957354,779.0686060517332,750.9540581724857,757.9452514648438,425255,769.5251125759548,794.9372891512784,812.297783203125,,773.8823959729274,786.819842644799,39.9541341043053,-13.71212908662767,-11.959514120743108,-1.752614965884563,852.4833450412991,736.9445175075291,16.0158344213823,0,769.0312853913031,806.9335273510909,23.6594754429346
2025-01-02,763.9377075520941,765.2360598369787,743.8629586856733,746.659423828125,327926,768.3543565538195,792.8921342329545,809.4533654785156,,768.4378015439669,783.1688954796468,37.47343105212107,-15.166107659667432,-12.600832828527972,-2.56527483113946,852.3200483636745,730.5061235113255,16.800148211300975,0,765.485735647897,803.3879776076847,21.904544996090497
2025-01-03,754.1500164127848,758.0451343719573,744.612043053402,747.4085083007812,267956,765.9351806640625,790.3793889825994,807.8034436035156,,764.2319428953299,779.917951190659,37.74970284876208,-16.072675499305205,-13.29520136268342,-2.7774741366217857,852.5755556610003,724.962280032359,17.52843958765403,0,765.485735647897,803.3879776076847,21.437280708104502
2025-01-06,751.952808084504,757.6455882022515,720.242752456251,727.1839599609375,350365,759.9205322265625,786.4933721368963,805.2127062988282,,756.8223463084514,775.1239519879571,33.4520843781644,-18.213139338105293,-14.278788957767794,-3.9343503803374986,851.8429996240185,716.4664547216847,19.02260244121241,0,753.6756325331858,791.5778744929735,22.52875767573342
2025-01-07,736.6221198770367,743.5134637794336,720.0929526425878,724.8869018554688,427565,753.7560763888889,783.0658735795455,803.0344506835937,,750.4352574178549,770.5569474304582,32.9926647489021,-19.86582488018701,-15.396196142251638,-4.469628737935368,847.7115234875309,709.9912902331721,20.41459979181961,0,751.4534294363782,791.5029745861419,22.607232937491176
2025-01-08,731.0790859312932,731.0790859312932,709.1067636765275,719.2440185546875,322812,748.6791381835938,778.5102483575994,800.1181237792969,,744.1970096452216,765.8921357144791,31.835971394624096,-21.3844173501974,-16.593840383840792,-4.790576966356603,836.7321316232967,707.657455779047,22.03973496472876,0,745.0614730081745,786.0098801031118,22.671438803328595
2025-01-09,720.7421513162371,735.4735950524806,717.0967188218862,723.0392456054688,305092,744.2125447591146,773.6050636985085,797.499423828125,,739.9654568372711,761.9964184318417,33.52402767509668,-22.02774755655116,-17.680621818382868,-4.347125738168295,822.5935950472516,709.0770165250141,23.22577054172102,0,745.0614730081745,786.0098801031118,22.100731247981507
2025-01-10,724.8869044116166,725.9855571457243,700.3678014164477,705.3615112304688,284438,736.6886935763889,766.9225741299716,794.7608740234375,,733.0446677159106,756.8477905044442,29.81970705447675,-23.690942368576884,-18.882685928421672,-4.808256440155212,818.2786210077039,702.4258101446397,24.829546274735414,0,740.2425552188715,781.6403989730719,21.77614113699595
2025-01-13,705.361501715313,705.361501715313,674.2007407044986,683.8885498046875,369947,726.1797078450521,759.3616443980824,791.5389331054688,,723.213444133666,750.2151322590119,26.05377060430962,-26.43697576958732,-20.393543896654805,-6.043431872932516,819.0078418468078,690.2510082508485,26.94682389681708,0,726.6346733781158,768.5568686170973,22.06506277079801
2025-01-14,690.7299196664258,696.0233008557141,683.9384864857194,685.8361206054688,280424,718.1675821940104,753.4894991787997,788.2790393066406,,715.7379794280266,744.3624948359624,26.95481707422036,-28.131788589466737,-21.941192835217198,-6.190595754249543,814.8335024346196,682.2506894599115,28.91286740303577,0,719.7184002707386,768.5568686170973,21.783279193137112
2025-01-15,689.8809968172415,708.8071688202608,686.3354751128588,701.716064453125,304481,713.1738755967882,749.0973039106889,785.1949243164063,,712.9335964330464,740.4855466193408,34.01501195952376,-27.87226706061938,-23.127407680297637,-4.744859380321746,808.6221858633502,678.7242740975872,29.811553895948578,0,716.1229375382279,768.5568686170973,21.997294177126943
2025-01-16,708.60741930398,716.6472798753741,706.75977106476,711.8034057617188,141127,709.2177530924479,744.7436995072799,781.9520104980469,,712.7075582987809,737.8780792686479,38.107395270920215,-26.546617358863955,-23.8112496160109,-2.735367742853054,803.8711766303095,676.4041956841436,30.114761778374163,0,715.923164453375,766.5344434006353,22.26838122326466
2025-01-17,709.1067767743517,714.0505615646639,696.6724274406486,700.0182495117188,149974,706.1993408203125,740.2402843128551,778.3625329589844,,710.1696965413686,734.4362765634725,35.349028821301346,-26.145603790720884,-24.278120450952898,-1.8674833397679864,802.8923430710473,671.6652313918433,30.71610345451964,0,708.857102241966,766.0600164687551,22.239848238262876
2025-01-20,706.9594299721422,708.0580826378475,689.181836332739,692.77734375,171998,702.6316121419271,736.1613325639205,774.7420935058594,,706.6912259830949,730.6491008531567,33.73338773453908,-26.11108588452703,-24.644713537667727,-1.466372346859302,800.1395427738767,666.7776569331545,31.50058943519538,0,704.8371678784896,746.5845565173388,21.940229077839508
2025-01-21,692.7773438394645,702.4650915100575,689.7311322754788,697.671142578125,143585,700.2346259223091,733.4556468616832,771.1296423339844,,704.887209302101,727.6511046463356,35.866863829442124,-25.396091198119848,-24.794989069758152,-0.6011021283616955,793.7756747154956,664.7770596595044,32.229040702965705,0,704.8371678784896,746.5845565173388,20.841615603220305
2025-01-22,699.1193770911425,701.0669361189994,679.7437585426962,687.4840087890625,190573,696.2840440538195,729.7421431107955,767.6460302734375,,701.4065691994933,723.9995504774926,33.45245096923469,-25.359144880567897,-24.907820231920105,-0.4513246486477946,786.9822457391452,662.2821890753079,33.21261823915112,0,700.0931489251114,746.5845565173388,20.83804963357729
2025-01-23,691.9284188751002,697.1218892676222,686.28556336651,692.2780151367188,76207,694.830322265625,725.69497125799,764.3172241210938,,699.5808583869384,721.1157745374222,35.64784512666705,-24.658777374632336,-24.85801166046255,0.1992342858302151,781.9119130413932,660.0866770464974,34.125940237037575,0,695.4240102899364,736.5971321781906,20.65256638947421
2025-01-24,692.5775936839043,693.2767252166186,680.1931695449815,686.5352172851562,127984,695.1243964301216,721.4298900257457,761.0703137207031,,696.971730166582,717.972087514489,34.19264493407408,-24.28715961455532,-24.743841251281108,0.4566816367257864,776.5178263804971,657.8104267933311,35.16531916523252,0,698.1955192090352,730.6546266573096,18.91547495559111
2025-01-27,676.248150998416,683.7387156348999,641.4420183709027,646.3858032226562,320233,690.7410278320312,716.0412236993963,757.5617346191407,,686.8545447777968,711.4642434879587,26.154210953816477,-26.9220316124771,-25.179479323520308,-1.7425522889567908,772.0702632964353,649.5889530121585,37.06002440414304,0,679.0446491231385,714.2752654905116,20.46352408254881
2025-01-28,649.1822653831636,655.6241631313321,629.25735135396,643.0399780273438,421112,684.2214626736111,710.5776505903764,754.7103271484375,,678.0916314277063,705.2438557188119,25.613803238427764,-28.94648967073158,-25.932881392962564,-3.0136082777690163,763.7374856068009,644.3787863658554,39.03576893833703,0,672.952315614667,708.1829319820403,20.77741619130641
2025-01-29,639.194843711913,679.0446716329258,636.4982282733292,667.459228515625,198953,679.2943318684896,705.7768804376775,752.9155871582032,,675.96515084529,701.8088896094313,36.0065266085636,-28.25475460994869,-26.397256036359792,-1.8574985735888987,755.6239699295418,643.4436997481926,39.21542224509864,0,671.653956459312,708.1829319820403,22.50381384337799
2025-01-30,659.2695009975349,688.1331661678953,659.2695009975349,684.5377197265625,178105,677.5742730034722,701.5072576349431,751.8379455566406,,677.6796646215446,700.2387832564432,42.09939717713104,-26.02841867245195,-26.323488563578223,0.2950698911262748,748.2474725274415,644.6080267401367,38.820900766077166,0,668.6577169959037,706.0356287920642,22.73566451774112
2025-01-31,684.537745823488,693.0769771659739,676.8474207414009,690.1306762695312,123058,677.2801988389757,698.4247769442471,751.0009997558594,,680.169866951142,699.3198644394512,43.980456375987686,-23.541356448222587,-25.767062140507097,2.22570569228451,739.5196156126682,647.6081004517849,38.15376092706395,0,665.8612214320087,705.1367668468909,21.66914922478417
2025-02-01,689.1319311663481,765.0363177875689,687.6837431772955,725.935546875,570540,680.4206882052952,697.4827825372869,750.8531860351562,,689.3230029359136,701.739471933592,54.2315640778155,-18.468296863011343,-24.307309085007947,5.839012221996601,739.2679211344915,647.7349536213679,36.37979551479371,0,697.1468345707644,705.1367668468909,26.327565193301805
2025-02-03,725.6359624762988,740.0178711555925,715.0992469372635,731.528564453125,283352,685.3145277235243,696.760966907848,750.1171142578125,,697.7641152393559,704.4475712535494,55.59840679361335,-13.837045963944092,-22.21325646079518,8.376210496851087,740.643375177321,647.023665838304,34.73254191768564,0,697.1468345707644,704.6873301876276,26.46667776498301
2025-02-04,732.5272586415857,741.5159357402962,716.1478671005883,718.844482421875,143781,688.266357421875,696.3818997469815,748.8746789550781,,701.9801886758597,705.7563813597608,51.818875083309706,-11.06272150746463,-19.98314947012907,8.92042796266444,740.5780571720051,647.0490302303386,33.25197115769175,0,697.1468345707644,704.1629787028467,27.212167280515786
2025-02-05,721.0916557043464,734.0753004746463,718.1453548917201,728.7320556640625,164579,692.9548950195312,696.556679465554,747.2337463378906,,707.3305620735002,707.8450790237882,54.42002330452634,-7.974282298510388,-17.581376035805334,9.607093737294946,741.673961084366,646.5224073238371,31.877155451983132,0,697.1468345707644,697.2467055954694,27.108725241866555
2025-02-06,729.8806033587944,740.1676332308446,717.2465542924465,732.826904296875,257569,702.5594618055555,697.1740833629261,745.8704638671875,,712.4298305181753,710.1161540486142,55.491695679858864,-5.137035365817383,-15.092507901807746,9.955472535990364,745.9152588098435,645.0276489050003,30.821665718191767,0,697.1468345707644,697.1468345707644,27.39764185853009
2025-02-07,679.1444875509575,686.9845870312503,637.7466238754794,658.4205932617188,3651025,704.2684190538195,694.2368718927556,743.0050720214844,,701.627983066884,705.4165576134419,38.00561974186491,-8.791125568183588,-13.832231435082916,5.041105866899327,747.0989856608154,641.2971263997314,30.20858875403863,0,700.7672730304491,697.1468345707644,33.279521943302726
2025-02-10,659.119748522485,660.168415356718,634.2011251914008,637.8465576171875,500888,700.9781222873264,691.1680103648793,739.9289465332031,,688.8716979769447,699.2738303410551,34.74533682576127,-13.19506659788408,-13.704798467643148,0.5097318697590687,750.3483033806787,633.2488523810401,29.72749804435795,0,699.6187214894849,697.1468345707644,33.61124427108945
2025-02-11,629.5569631254336,631.1549868187461,594.4512201955246,605.5372314453125,640974,692.2002902560764,687.6065868030895,735.9859130859375,,672.2048046706183,690.7523213505331,30.343214090271672,-19.072458761954067,-14.778330526505332,-4.294128235448735,756.8217343312853,617.1575381296522,30.160126887121177,0,679.7437689915467,679.7437689915467,35.93688795112878
2025-02-12,599.2950551538914,605.237581553891,585.7621148207212,599.5946655273438,373535,682.1407335069445,683.6865206631747,731.7242797851562,,657.6827768419635,682.4652617302431,29.600376877232733,-23.93395407755122,-16.60945523671451,-7.324498840836711,760.2609852841496,602.4974131533505,30.729222052830263,0,675.399216304145,675.399216304145,36.41485659062551
2025-02-13,600.2438820261445,609.2325591280336,591.2552049242555,596.5984497070312,226402,667.7699449327257,678.908447265625,727.6504113769531,,645.4659114149771,674.6591879099511,29.212067274056366,-27.70908068281551,-18.82938032593471,-8.8797003568808,763.0979462077023,589.318472249329,31.082578156544795,0,663.6390252805087,675.399216304145,34.47801053987727
2025-02-14,595.2501719865588,617.2224937712975,573.2279252985284,577.0231323242188,701312,650.6026746961805,672.7820712002841,722.8015185546875,,631.7773555968255,665.7831828567026,26.74363232796053,-31.912591738186396,-21.44602260838505,-10.466569129801345,767.4878835553509,573.3531137591021,31.775470540776112,0,657.3719305194122,669.1321215430487,35.737136018119905
2025-02-17,577.0231299546084,594.301352549979,560.1443675422993,580.2191162109375,301709,635.1998562282986,667.3366560502486,717.7868347167969,,621.465707719648,658.0046313434513,27.816090216021863,-34.58731431495596,-24.074280949699236,-10.513033365256728,768.6316790051594,560.464115672575,32.66600582800114,0,650.1560003865719,662.590342664934,35.137888992982994
2025-02-18,580.4688305644092,581.8171078066687,558.0969866154221,567.9346313476562,324055,617.3334757486979,661.6619873046875,712.0980017089844,,610.7594924452496,649.8164495256517,26.22675164752721,-37.26869615975272,-26.713163991709933,-10.555532168042788,770.5405982753048,546.600258658289,33.53176352913991,0,649.1323099231333,661.5666522014956,34.770492994474864
2025-02-19,562.3416161972123,676.397953692164,559.4453012540238,655.3245239257812,2865723,608.7221001519097,659.7371410023082,708.199912109375,,619.672498741356,650.3171835620271,48.687795979982695,-31.973505933235856,-27.76523238001512,-4.208273553220735,767.5648144908486,545.8806933216514,31.31559975514964,0,622.5407868233362,661.5666522014956,41.964999852586814
2025-02-20,616.2237405785529,666.7600553739335,614.3760924820449,643.539306640625,2123391,607.0686238606771,657.7396545410156,704.7702319335938,,624.4458603212098,649.7010129328087,46.62611556120642,-28.40061347727965,-27.89230859946803,-0.5083048778116179,764.6455748520542,544.5003418959926,29.25773339358725,0,617.2474701537931,661.5666522014956,40.1815275869879
2025-02-21,638.246043077997,691.9284239100834,632.2036663574087,674.450439453125,1076046,611.1357218424479,656.9293101917614,702.292353515625,,634.4467761475928,651.950960798292,52.32809618968267,-22.811839693669526,-26.87621481830833,4.064375124638808,766.3245503634361,545.6278300076577,27.984567405951942,0,625.0127052627528,661.5666522014956,42.66767996801259
2025-02-24,669.1571036114968,669.1571036114968,640.5431224841644,646.285888671875,516419,615.6633504231771,655.099795254794,699.0664172363281,,636.8145986524493,651.435954241345,47.36319604585296,-20.419951581440277,-25.584962170934723,5.16501058949445,766.4162616750414,545.8607097605054,26.80234184600487,0,625.0127052627528,661.5666522014956,43.27762627724493
2025-02-25,645.2871487210028,656.8226669960655,637.0475276435985,641.4420166015625,215853,620.3130560980903,654.875077681108,695.9133898925782,,637.7400822422719,650.5274144559102,46.54524849511001,-18.699664916995744,-24.20790272014693,5.508237803151186,765.166916555618,544.5083336885227,25.588860673450217,0,625.0127052627528,661.5666522014956,43.55228297506928
2025-02-27,641.4419774457058,651.5292461292357,612.2287772272755,627.3597412109375,394695,623.7309773763021,654.1623396439986,692.8102990722656,,635.664014036005,648.4212623427309,44.15768148250996,-18.26213277610475,-23.018748731338498,4.756615955233748,762.0304815111574,541.9269708814206,23.844712370036763,0,625.0127052627528,661.5666522014956,44.722239401038
2025-02-28,619.0202502859555,649.0824196466779,604.7881774555163,633.3522338867188,400478,629.9897664388021,652.612021706321,690.3334191894531,,635.2016580061478,647.0513506649115,45.44022511430117,-17.233187862226487,-21.861636557516096,4.62844869528961,757.9702200779819,540.309388076315,22.445990329992828,0,625.0127052627528,661.5666522014956,41.09466524173557
2025-03-03,631.2048854980053,657.8713066181549,600.2438863675652,653.7764282226562,630634,638.1628011067709,651.2137811834162,688.0253259277343,,638.9166120494496,647.6627213519793,49.682059154792846,-14.60136437455776,-20.40958212092443,5.808217746366669,748.2556450330834,542.8080512559792,20.862146217857678,0,625.0127052627528,661.5666522014956,43.356103104969314
2025-03-04,640.6929523636087,677.8960895039742,622.1163767251904,675.4990844726562,569950,650.1144070095486,650.5487088290128,685.9089916992187,,646.2331065340909,650.1932998174954,53.79648116585105,-10.640135623540344,-18.455692821447613,7.8155571979072676,738.3925896750999,547.0681586159156,19.967418504817047,0,625.6868625820537,661.5666522014956,44.24070134476366
2025-03-05,670.1558427624236,676.148294411566,657.7714183041812,664.1633911132812,395475,651.0965033637153,647.7408835671165,683.5849194335938,,649.819163449929,651.4633081171122,51.433023266296495,-8.319625552425123,-16.428479367643114,8.10885381521799,729.4213816275735,550.5712575325826,19.136599914136465,0,646.0861551388243,661.5666522014956,44.14082702210605
2025-03-06,674.0009591332137,684.6875098499333,665.3618781155578,671.9036254882812,416401,654.2480943467882,645.0306590687145,681.7242626953125,,654.2360558575995,653.3215187872186,52.95293118367056,-5.789296964771438,-14.30064288706878,8.511345922297341,717.8982471127958,556.4115490297822,18.63178732599834,0,646.0861551388243,661.5666522014956,44.322738774454194
2025-03-07,671.1545940349396,682.1407555444401,664.8126070014401,669.3069458007812,231874,653.6765950520834,642.7789528586648,679.8456298828125,,657.2502338462358,654.7747394248152,52.36091660610934,-3.9480134370967335,-12.23011699707437,8.282103559977637,703.0272464587634,564.9305538342054,18.14051227432422,0,642.4656981087493,661.5666522014956,42.4179944937564
2025-03-10,669.1571173471787,677.9460344579747,634.9002800985422,641.7416381835938,225488,653.1716783311632,638.8248429731889,677.2189392089844,,654.1485147137074,653.5899120392495,46.42699122229608,-4.659362694710126,-10.715966136601525,6.056603441891397,701.3480646422256,564.9418401429307,17.135716623621896,0,642.4656981087493,661.5666522014956,43.052906590310165
2025-03-11,641.7416040114418,651.8788588118177,630.8053678723335,644.0886840820312,196701,653.4657524956597,634.7912875088779,674.5313244628907,,652.1365485873722,652.7261640431387,46.97796967726945,-4.976360728637815,-9.56804505500878,4.591684326370967,701.8077310445785,565.106386387062,16.342831390210325,0,642.4656981087493,649.8064611778591,42.863861572327146
2025-03-12,649.182244185642,664.9623542372501,641.6916798296539,655.5242309570312,291487,656.5951402452257,634.6596346768466,672.4829040527344,,652.8140850613041,652.9805337625835,49.69277670723095,-4.25577299050542,-8.505590642108109,4.249817651602688,703.661071932679,568.2517454501336,15.242357691585967,0,642.4656981087493,649.8064611778591,36.172291713002565
2025-03-13,659.1696678491775,677.1470224268824,645.1373560510317,671.9535522460938,542477,660.8841756184896,636.2099526145241,670.9887866210937,,656.6419784982621,654.7053536247208,53.38553343238785,-2.332109981838244,-7.270894510054136,4.938784528215892,706.8294906839233,572.3192153707641,14.658218659947655,0,642.4656981087493,649.1323099231333,34.716984818999855
2025-03-17,671.9535799017918,686.1357279551297,660.4680473377686,682.4902954101562,396311,664.0746053059896,639.7078191583806,669.6904223632813,,661.811641880641,657.2312574233968,55.63476707820704,0.042148069171958,-5.808285994208918,5.850434063380876,710.5361213394975,577.2017692855026,14.426764218461846,0,654.1260523401601,649.1323099231333,32.284336466477455
2025-03-18,682.4902954101562,682.4902954101562,682.4902954101562,682.4902954101562,0,664.8514065212673,643.4758023348721,668.7965490722656,,665.9473725865441,659.5275336040113,55.63476707820702,1.9018414359841245,-4.266260508170309,6.168101944154434,709.9760087227546,588.3085982108391,14.211842237082168,0,658.4705479137316,625.0127052627528,29.86238525440885
2025-03-19,681.1419674064286,707.1092564864391,674.5003094699252,702.3153076171875,391635,669.0905083550347,648.2811140580611,668.3451171875,,673.2209595926729,663.4173312415727,59.86103000859469,4.91867520215601,-2.429273366105046,7.347948568261056,711.2736146292879,599.2206114449308,14.831807719253524,0,668.9573121793862,632.6031215509306,30.77908580184076
2025-03-20,700.118100541915,717.5960845069415,689.1818640978387,698.4202270507812,484883,672.0367974175347,653.7991638183594,667.9286413574218,,678.2608130842946,666.5994126787734,58.67831783547676,6.915519444404595,-0.5603148040031178,7.475834248407713,703.5709797345886,619.9718059099426,15.716389387037578,0,674.2007261896374,637.8465355611818,30.001496623779516
2025-03-21,701.3165780087636,706.7597335836659,690.7298772388393,696.1231079101562,221055,675.016370985243,659.0675270774148,667.3903186035157,767.4391918945313,681.833272049467,669.2833849725355,57.95112678564377,8.217943241849753,1.1953368051674564,7.022606436682296,708.1888363653113,619.4338076776573,16.537786649979914,0,674.2007261896374,637.8465355611818,27.98261192046988
2025-03-24,697.0719133136575,700.1180638820988,684.1381936651037,686.0358276367188,282086,679.9379475911459,664.4357632723721,667.0038049316406,767.6958203125,682.6737831669175,670.8063343056431,54.74283816948705,8.340025645478818,2.624274573229729,5.715751072249089,710.2962873128008,621.5760088297773,16.94358973441514,0,674.2007261896374,637.8465355611818,25.007786918070263
2025-03-25,688.1830891778953,698.7697898186839,662.1658750569975,666.5603637695312,396892,682.434800889757,664.9464832652699,666.6572412109375,767.7977243041992,679.4510992874402,670.4203369841783,49.09190890130352,6.787032967800201,3.456826252143824,3.3302067156563773,709.7229408825037,621.3603476917151,16.241585466302034,0,679.6438821682978,637.8465355611818,23.63808705970617
2025-03-26,669.6564433354717,677.7462283347007,653.1272770973137,658.5204467773438,254117,682.7677137586805,665.6274441805753,666.110927734375,767.641259765625,675.264968785421,669.3385287835571,46.93781861837306,4.851594808215964,3.735779963358252,1.115814844857712,709.5438076448725,622.7629367398931,15.19260108463378,0,681.3667202789866,637.8465355611818,24.083949568992043
2025-03-27,658.3707082562837,668.5079025141733,653.2271628099305,656.223388671875,298408,681.0199178059896,664.7989418723366,665.20107421875,767.5456170654297,671.4566527627119,668.1462433188588,46.31256258128063,3.096695947612943,3.607963160209191,-0.5112672125962474,708.9950622948821,624.7898192969147,14.21854415879897,0,685.3616808021276,637.8465355611818,23.709422495248525
2025-03-28,658.2208370991367,677.9959145303416,657.9212267207666,660.1683959960938,335334,678.5397067599827,665.4299649325284,664.1683740234375,767.3809356689453,669.1990014093883,667.4209844713347,47.60347852087292,2.001186644541349,3.2866078570756225,-1.2854212125342737,706.503926364817,630.5618207054955,13.731985358212984,0,685.3616808021276,638.5206928804826,24.02687801778185
2025-04-01,670.4054983152815,698.1205859551312,664.4629718368654,691.0794677734375,947763,679.4940592447916,667.6862127130681,663.9895983886719,767.3249319458008,673.5750946821981,669.5717556806168,56.44139992460258,3.5859165728682,3.3464696002341383,0.2394469726340617,706.8195143862214,636.018956072763,14.070744505700098,0,685.3616808021276,658.9199854372533,23.663051989182204
2025-04-02,695.823541616324,698.1206359521028,665.1621509929906,667.90869140625,411454,675.6711018880209,669.5293468128551,663.4922253417968,767.1002151489258,672.4418140270086,669.4205680193107,49.67720604935195,2.93826792818777,3.264829265824865,-0.326561337637095,706.5952799003236,637.6564168770202,14.38530843352428,0,685.3616808021276,658.9199854372533,24.51198013344134
2025-04-03,668.0585277620569,683.2893427964794,662.2657755724312,680.9921875,234265,673.7346530490452,671.6947992498225,663.1586462402344,766.8819900512696,674.1518887216068,670.4725334266461,53.09543603487628,3.441064058173879,3.300076224294668,0.140987833879211,707.0700644499647,637.7309426301134,14.511865210750456,0,679.9435053404898,658.9199854372533,24.351472477473635
2025-04-04,681.2918032107183,692.128128311029,666.210764128488,676.2481079101562,380301,671.5263197157118,672.7162392356179,662.9339282226563,766.609582824707,674.5711325593168,670.9975856524197,51.72348948626135,3.4173331493359456,3.323527609302924,0.093805540033022,707.4905859786752,638.5188927810905,14.991127612060192,0,676.6226704897063,658.9199854372533,23.91630803509437
2025-04-07,609.8318072693977,680.0933396792885,609.8318072693977,670.7550659179688,337573,669.8284573025173,672.5006020285866,662.5034692382812,766.345415649414,673.8079192310472,670.9755384038333,50.108977849387855,2.921605205435526,3.2431431285294443,-0.3215379230939184,707.44470197758,638.4499208251543,14.943673876209422,0,654.3007985440408,658.9199854372533,27.101583163132204
2025-04-08,687.1344699172187,688.3329724633999,675.149566372151,682.4902954101562,194660,671.5984497070312,673.33364313299,662.4225708007813,766.159400024414,675.5443944668691,672.0223344953172,53.45184549286558,3.43606338317602,3.2817271794587595,0.1543362037172602,708.3141559953839,638.8988017682881,14.539330831198749,0,653.9762216107503,658.9199854372533,28.357147916377283
2025-04-09,679.144530110932,682.6401269570913,668.5578897601985,675.8486938476562,124154,673.5238104926216,673.5129644220525,663.0118286132813,765.8987283325196,675.6052543430266,672.3701853455298,51.35463351823605,3.2701571199165755,3.279413167550323,-0.0092560476337473,706.6115825749678,644.0120807551104,14.401144188540291,0,653.9762216107503,658.9199854372533,27.033811500690067
2025-04-11,684.0883171177865,711.1042749213692,679.144532228274,708.5574951171875,491566,679.3387112087673,675.297080300071,664.3221789550781,765.8148342895507,682.1957024978587,675.6599407793168,59.73373523608084,5.712155936642716,3.765961721368802,1.9461942152739145,709.5735550197145,647.4969894138793,13.64249941503974,0,660.4680410953835,663.7139458881695,27.5224801195908
2025-04-15,716.7970942437723,728.5822368078665,704.6124305249483,714.5,507422,685.3755560980903,678.6042785644531,665.2629943847656,765.7908645629883,688.656561998287,679.1908552539244,61.04651508783223,8.034353052232063,4.619639987541454,3.414713064690609,714.462770882408,648.5053504554826,13.541300131598137,0,669.2070220386321,669.2070220386321,28.08961940088305
2025-04-16,724.087898764007,724.087898764007,704.4625954693313,711.2540893554688,193945,687.6171807183159,681.6572515314275,665.7973217773438,765.7047232055664,693.1760674697234,682.1056947177011,59.89779792361768,9.503245634942232,5.59636111702161,3.9068845179206217,718.645604132038,648.2525709167901,13.440838763948545,0,669.2070220386321,669.2070220386321,28.35000747786024
2025-04-17,711.1541655740036,719.9930680618486,704.9619535337979,715.79833984375,145734,692.9382527669271,684.3969837535511,666.3106750488281,765.6844985961914,697.7005219445288,685.1686624564329,61.00411942028346,10.908292618923385,6.6587474174019645,4.249545201521419,723.1570110066332,647.0719684855544,13.347553208273922,0,669.2070220386321,669.2070220386321,26.80909317545769
2025-04-21,711.1541887330554,742.1151889839741,710.6548177612665,739.268798828125,564792,699.4134318033854,687.456767689098,666.5773400878907,765.8073440551758,706.014177321248,690.0868566720413,66.19186166977985,13.757089204910926,8.078415774903757,5.678673430007169,733.0006921570993,642.9061376768851,14.02512542822911,0,675.9734981266859,675.9734981266859,27.29776603155202
2025-04-22,740.4173061138289,743.5134426747431,727.6833464944332,734.125244140625,192727,705.844224717882,689.8038108132102,666.6292736816406,765.8932360839843,711.6363906851234,694.0903464419125,64.17690869553573,15.421964341882244,9.547125488299455,5.874838853582789,738.7779433748926,640.3098801114354,14.699607631386591,0,676.6726249720705,676.6726249720705,27.33700577984253
2025-04-23,739.0690440426453,741.6657487329602,719.1441299203619,729.6309204101562,224754,712.385986328125,691.9465664950284,666.8450024414062,765.9271932983398,715.2352966301299,697.3213077117528,62.38976552481408,16.192083261672792,10.876117042974125,5.315966218698669,743.4060531235374,638.8028396987282,14.873587062257268,0,706.0356662174709,676.6726249720705,27.390512419423366
2025-04-24,731.0791025390625,755.0988340851814,726.2352284971178,749.0564575195312,518436,719.7822265625,694.0711642178622,667.2514904785156,766.0445455932618,721.9995288080102,702.0245031488234,66.70542698057457,18.16054311625453,12.333002257630204,5.827540858624326,752.1266268915668,635.3756008916363,15.50831630070094,0,711.82836192269,682.4653206772896,26.74132782149666
2025-04-25,749.2062966931913,751.0539449136866,717.3464041678927,727.9330444335938,330690,725.5693766276041,695.412655917081,667.15361328125,766.1159558105469,723.1862319331269,704.3798250838025,58.8037047952564,17.81076739300306,13.428555284704776,4.382212108298285,756.0346034098014,635.6573460530891,15.621249512154842,0,717.1216831567276,682.4653206772896,26.794831806259637
2025-04-28,722.0904018457232,736.1227135073448,719.4437113975195,725.5859985351562,183596,727.4614325629341,696.7518782182174,668.4969213867188,766.215080871582,723.6661852535328,706.3076590339256,57.98185049172245,17.1465261433666,14.172149456437142,2.9743766869294586,758.7275810735503,638.8669318659029,15.72611606564775,0,729.7807147772563,682.4653206772896,26.48450572667228
2025-04-29,727.1839622160757,732.5771929277254,706.1105322425383,709.3065185546875,191853,726.8843790690104,697.8096368963069,669.9261206054688,766.2852423095703,720.7942519137638,706.5802826267221,52.5008469444947,15.13205922690895,14.364131410531504,0.7679278163774459,758.3122150998644,644.360905017323,15.106526686809724,0,729.7807147772563,682.4653206772896,26.523741191147003
2025-04-30,708.1080083405994,711.2540697144585,687.9334097335802,699.319091796875,186199,725.5582682291666,699.2986699884588,671.8017578125,766.3506600952148,716.4992198903861,705.9201743694633,49.41466430726768,12.584610257814347,14.008227179988072,-1.423616922173725,756.3975780270293,650.5851124026581,14.378589325960354,0,721.5161219093808,682.4653206772896,23.170821731931824
2025-05-02,703.0644133290824,708.0581231176853,690.2805284619332,700.3677978515625,180075,723.843763563368,701.2008223100142,673.8172204589844,766.3751293945312,713.2729354826215,705.4154128678359,49.74869586784278,10.528988782027795,13.312379500396018,-2.7833907183682225,754.3785169846344,656.6241136306,13.70264749088594,0,721.5161219093808,682.4653206772896,23.185085168383328
2025-05-05,699.7685233066551,704.5624721437863,691.1293816526503,695.6736450195312,314040,718.9998575846354,702.9940157803622,675.7987243652344,766.3471643066406,709.7530773900035,704.5297976088991,48.21399370143939,8.424008325428758,12.334705265402569,-3.9106969399738087,754.3654220071444,657.0966263326993,13.074987215459696,0,721.5161219093808,682.4653206772896,23.138717546543557
2025-05-06,696.1231519514413,703.1143457300067,682.8398959638414,684.2380981445312,224811,713.4568413628472,704.0880931507457,677.9430236816406,766.2340567016602,704.650081540909,702.6850976575929,44.60404486856513,5.766569660567029,11.02107814443546,-5.254508483868431,753.0080757364619,660.08691327721,12.89872592635765,0,718.9693650245114,682.4653206772896,22.068636738861574
2025-05-07,673.9510191680895,692.7273546195155,669.1570702593972,689.4315185546875,159345,708.9902411566841,704.0131863680753,680.1272717285157,766.1167044067383,701.6063689436648,701.4802268300559,46.5609418355682,4.033104874256765,9.62348349039972,-5.5903786161429565,752.5986378750409,661.3402842440997,13.349155678248934,0,712.1279521722893,682.4653206772896,22.040099458661587
2025-05-08,691.8285655767336,709.1067892354441,677.1470466220156,682.3904418945312,123091,701.5829060872396,704.6714477539062,682.4163879394531,765.9921115112305,697.7631835338382,699.7447918359172,44.27723339140927,2.067334554551053,8.112253703229987,-6.044919148678934,752.1108777639333,662.4422777536447,12.82816844151468,0,710.1055075865419,682.4653206772896,22.9211308385725
2025-05-09,651.7789502332311,680.1432450412045,651.7789502332311,673.5015869140625,177359,695.5349663628472,704.3309659090909,682.7799291992187,765.8485424804687,692.910864209883,697.3590459339304,41.5092993589106,-0.2054407035411714,6.448714821875756,-6.654155525416927,751.7916974044232,663.0361102127644,13.387152763910423,0,693.9508318702879,682.4653206772896,24.03401491951889
2025-05-12,699.1193399911409,711.304003536946,691.1793295809964,702.814697265625,154834,693.0048217773438,705.5385381525213,683.9654370117188,765.8795034790039,694.8916308210314,697.8550142368116,52.13573104120404,0.3546039023918865,5.229892637978982,-4.875288735587096,751.3103930991397,665.5498547035947,12.436714879443215,0,692.1780715804782,682.4653206772896,24.48701816238859
2025-05-13,707.10926230396,707.10926230396,688.6824621327554,689.4315185546875,220412,690.7964884440104,706.3874678178267,684.26505859375,765.7961083984375,693.7996083677626,697.0892419020731,47.860497016288754,-0.2782597810388552,4.128262154175415,-4.40652193521427,750.2101188227479,668.0084114506896,11.65765652367953,0,681.5414768850885,682.4653206772896,24.672497018881067
2025-05-14,690.3304404140956,706.7097716383323,690.3304404140956,704.9120483398438,152371,691.4179280598959,707.4066384055398,685.4375817871094,765.7738864135742,696.0220963621789,697.8004061236886,52.6928882163791,0.4639919573231736,3.395408114804966,-2.931416157481793,750.0704607573734,667.7835248383296,10.934245193327534,0,681.5414768850885,682.4653206772896,24.297970895384392
2025-05-15,706.7097524398902,716.1978006024407,701.6661179767344,712.5524291992188,155472,692.7717759874132,709.074990012429,686.8597900390625,765.7219519042969,699.3281629295869,699.141499130555,54.913904274666855,1.6497296333424174,3.046272418512457,-1.3965427851700398,749.9267373943429,667.7324911212821,10.479557561305326,0,683.9883754178359,682.4653206772896,23.274262112358866
2025-05-16,699.1193723954918,721.7908270919913,694.1256625926669,716.7471923828125,684929,695.11328125,709.4472489790483,688.6475390625,765.7559094238281,702.8119688202321,700.7420166989419,56.13164201621918,2.894551033663106,3.015928141542587,-0.1213771078794812,750.3427938679372,667.8657449504221,9.769894157982694,0,686.7848886626111,682.4653206772896,22.842663809039625
2025-05-19,718.0954397798517,734.9242167320959,699.7685499490683,725.73583984375,473034,699.7241414388021,709.957968971946,690.4952111816406,765.80509765625,707.3967430249356,703.0141824393789,58.705446178608334,4.553895221297807,3.323521557493632,1.2303736638041758,751.4147316836742,667.7875571346852,9.63649110493346,0,693.3515834826635,703.4388921592063,24.162425571411216
2025-05-20,728.08285446167,731.8281366348267,714.7995992125478,719.0941772460938,902159,703.0199924045139,710.3143366033381,691.8015661621093,765.8652716064453,709.7362298691673,704.4760001490802,56.08694340707144,5.272235728363285,3.713264391667562,1.5589713366957223,748.3135029678067,668.8713236923495,9.512616841387745,0,693.3515834826635,703.4388921592063,23.488273909774914
2025-05-21,720.9918092398223,726.0853685976689,707.4588075921117,709.256591796875,107442,706.0051201714409,710.0169844193892,692.4767163085937,765.8230749511719,709.6403022547089,704.9105993897888,52.36145879396107,4.990191010276021,3.968649715389254,1.021541294886767,745.2184984086122,669.479463017169,8.999548216032133,0,693.3515834826635,703.4388921592063,23.15298112582341
2025-05-22,708.3077927191403,731.0790966527147,703.613693431472,722.78955078125,268114,711.4815606011284,709.2679276899858,693.6492395019532,765.8655215454102,712.2701519600172,706.5359586071943,56.629283109001946,5.791899813830014,4.333299735077406,1.4586000787526077,744.1455228971508,669.8683015657398,8.77745878732809,0,711.8033394324257,703.4388921592063,23.84496745192987
2025-05-23,721.7907719637669,729.0815755273672,716.0979310316744,718.5448608398438,213806,713.2293565538195,708.5597284490412,694.5820642089843,765.8889920043945,713.5250937359825,707.6276769919805,54.96594823229572,6.015406945917221,4.6697211772453695,1.345685768671851,737.5009810786186,673.4616837163034,8.571232889245762,0,711.8033394324257,703.4388921592063,23.812864166541072
2025-05-26,718.1952890048669,738.9191838078226,716.547401414834,728.9817504882812,286342,717.6238267686632,708.5302207253196,695.7755603027343,765.8423010253906,716.6164250864423,709.568956400735,58.21577897731201,6.954540118842033,5.126684965564702,1.8278551532773308,737.711269879196,673.3562655211946,8.89658263415072,0,714.624812110959,703.4388921592063,23.9626736398856
2025-05-27,728.9817486508094,736.9716839763878,724.4374241676916,733.8256225585938,144444,720.8364461263021,707.837910045277,697.6172399902343,765.9693908691406,720.0582645808727,711.7741078696313,59.670400101558855,7.997479948037721,5.700843962059306,2.296635985978416,739.3902916564097,672.5012061463248,9.198693111562466,0,716.5224232002447,703.4388921592063,23.17438617192688
2025-05-28,737.0715135143649,744.811763148154,732.1277289759488,743.06396484375,208342,724.2266167534722,708.5256791548295,699.5967456054688,766.0103393554688,724.6594046334482,714.6186403218238,62.36165114436282,9.46042045294098,6.452759260235641,3.0076611927053385,744.9728675745515,670.2943748570891,9.890942237907712,0,719.4687128704104,703.4388921592063,21.797549854696644
2025-05-29,744.3124004268252,775.273399304023,744.3124004268252,767.73291015625,660898,729.8916965060764,710.4414478648793,701.8409191894531,765.9222003173828,733.2741057380085,719.4472103067717,68.42151426946737,12.46668092526761,7.655543593242036,4.811137332025575,756.7796071444155,665.3290171231625,11.792666552945189,0,737.5209746265457,713.526174768627,21.91168862605184
2025-05-30,766.9838524009378,769.0312610992037,755.2486351049434,764.4370727539062,201122,734.1918334960938,712.9473821466619,703.6905895996093,765.7529135131836,739.5066991411882,723.5371978019658,66.87241538715465,14.417026962085629,9.007840267010756,5.409186695074874,765.4778096089078,663.0377421489047,13.55855341690856,0,739.4435463677476,713.526174768627,20.195989295435897
2025-06-02,761.340956752871,773.9750664794543,747.1088843306491,764.9863891601562,353699,739.2909681532118,715.9322592995384,705.3405114746093,765.5057247924805,744.6026371449818,727.3053061072559,67.00649304498236,15.82459935995348,10.3711920855993,5.453407274354181,772.8775430993768,662.5692830724983,14.583086322746892,0,739.4435463677476,713.526174768627,20.79880229383594
2025-06-03,759.043867447276,767.9826199200725,756.047641654721,758.5944213867188,107864,744.77294921875,718.5789240056819,706.8625939941406,764.9948684692383,747.4009939933292,730.1497711326615,63.772091091913424,16.237160369405387,11.544385742360518,4.692774627044869,777.113438389554,665.7690201065398,15.534438306739627,0,739.4435463677476,713.526174768627,20.417139806814987
2025-06-04,763.5381880125093,767.5331556410902,751.0539141731942,759.7429809570312,117620,748.8788859049479,721.4911665482955,708.0111474609375,764.5504281616211,749.8693913860697,732.840062934877,64.10735453641001,16.46697605057443,12.5289038040033,3.9380722465711298,780.9969067180631,668.916698018265,16.02533746664499,0,745.6856651678487,713.526174768627,20.55625115268568
2025-06-05,759.7429741652869,769.0312616270307,749.1562734691669,761.191162109375,292141,753.6173638237847,724.989033092152,709.2665661621094,764.1848886108398,752.1337455307307,735.417435587104,64.55278417824273,16.574897647112493,13.33810257262514,3.236795074487354,783.3953159248387,674.3983608329739,16.330104516564315,0,745.9104003594284,713.526174768627,19.999809985438496
2025-06-06,764.0375538288902,768.1823570990216,747.5583124717965,756.3472290039062,206013,756.657972547743,728.0306562943892,710.4710485839844,763.7299612426758,752.9764422253659,737.3201440795406,61.79057958257231,16.08415326393981,13.887312710888075,2.196840553051736,782.1354153384865,683.9428256283103,16.480550073004324,0,749.8554117358573,713.526174768627,18.96183697430974
2025-06-09,756.3472175549695,766.0350260341676,750.8541371857544,764.1873779296875,119092,760.0315009223091,731.7486988414418,712.0340795898437,763.1918887329101,755.2186293662303,739.7626198840993,64.44262760671566,16.141796715488567,14.338209511808174,1.8035872036803935,784.9210123939725,687.2944966392305,16.620249518270047,0,753.7005641399859,713.526174768627,18.829862076176475
2025-06-10,770.0799371918692,794.8487243578402,754.2499023083349,759.7929077148438,348274,761.8902723524305,735.6710316051136,713.89873046875,762.7092465209961,756.1334850359531,741.5835551414397,61.85127514182939,15.65245083599666,14.601057776645872,1.0513930593507883,784.2358686567744,695.0157792924443,18.17104537282541,0,769.5805623923327,723.3138372955357,20.39930929360134
2025-06-11,760.0426286928692,765.8852447534804,756.5969567521931,760.7417602539062,133579,761.1134779188368,738.3040799227628,715.9431567382812,762.2515734863281,757.0551400795437,743.3252101516639,62.204676486015366,15.16637662200651,14.714121545718,0.4522550762885089,784.8133250747459,700.021294065879,19.61107009491253,0,770.9788043442446,723.3138372955357,19.10094392074738
2025-06-12,772.0274824094982,774.9238582792457,744.5620803832871,749.6556396484375,254645,759.4710964626736,741.0415399724787,717.8118017578125,761.730230102539,755.5752399933224,743.9007037422797,55.7109459661858,13.728350148250342,14.51696726622447,-0.7886171179741268,784.3497771040354,704.1951630815115,19.90411654351718,0,769.7054023705637,723.3138372955357,20.342239163623503
2025-06-13,739.069018393241,749.9553296691377,723.68836849198,745.26123046875,147173,757.2794121636284,742.8755937056108,719.5136584472656,761.1889120483398,753.512438088408,744.0243879901406,53.33420092389844,12.094691635694405,14.032512140118456,-1.937820504424053,783.6235537707538,707.7727902233868,18.71957008898247,0,759.26854642491,723.3138372955357,20.620466219635578
2025-06-16,739.0690531309158,745.2612654974707,725.5361117145848,739.6682739257812,137233,755.1765068901909,744.1081321022727,720.4854345703125,760.6136367797851,750.7436052558827,743.6283776206534,50.38779196394083,10.230766733418363,13.272163058778435,-3.0413963253600738,783.2736811073445,709.5159062949994,17.61963409548595,0,759.26854642491,741.7655932452979,21.13410150350628
2025-06-17,740.0178510463022,747.608265390662,721.2914397114965,727.7333374023438,135274,751.6198798285591,744.6075023304332,721.6819274902343,759.9866766357422,746.1415516851749,742.1833739644434,44.71144084806839,7.70176206756139,12.158082860535028,-4.456320792973639,782.543305840712,711.1101975772567,16.400083002010778,0,758.0700820346683,741.7655932452979,22.10787232543201
2025-06-18,723.08915995152,730.5297995487724,710.1055148142689,714.599853515625,107377,746.4430677625868,744.1013211337003,722.3540808105469,759.4089044189453,739.833212051265,739.6757811963689,39.44539379570472,4.58489346297722,10.643444981023467,-6.058551518046247,781.6895386876871,712.4982909021566,15.949653830819024,0,752.4771195860545,742.5895823859679,21.26607591644848
2025-06-19,718.8445175111735,720.5923159212389,694.1256542831061,708.3577270507812,191524,741.1109008789062,743.613300670277,722.9962731933593,758.787437133789,733.5381150511682,736.8286853649519,37.20266177077389,1.5927054825550613,8.833297081329787,-7.240591598774726,783.6040246412458,709.1406225755511,16.357843781689436,0,744.4871893204731,744.4871893204731,22.172078462439377
2025-06-20,708.3577357848914,713.6011310797389,703.7135612832491,706.95947265625,125339,734.7522447374132,743.508886163885,723.720361328125,758.2019247436524,728.2223865721846,734.1133023914335,36.69930348325128,-0.8812934906447936,6.890378966934871,-7.771672457579664,785.1476954519405,706.438412946497,16.736877307497675,0,744.4871893204731,744.4871893204731,20.95932043727399
2025-06-23,704.1130651297655,717.0967103023711,701.1168393207026,704.8621215820312,119782,728.6488240559896,742.6940030184659,724.1677978515625,757.5265255737305,723.5503335741539,731.4541041360333,35.91435544322323,-2.9768786010309896,4.9169274533417,-7.893806054372689,787.4341090848558,701.7400364229567,16.814077974034916,0,734.5247562811759,744.4871893204731,21.24824134558235
2025-06-24,711.553715955473,715.0992376937047,703.6636301506437,710.0556030273438,107584,723.0170288085938,742.3081276633523,724.8519360351562,756.7255349731445,720.851387464792,729.508785853425,39.37236244347157,-4.170499428618655,3.0994420769496287,-7.2699415055682834,788.7480646216885,698.0490789329989,16.885764307248067,0,734.5247562811759,744.4871893204731,20.88798177952271
2025-06-25,714.000634589914,719.0442691761714,710.1055166552921,714.6497802734375,76718,719.1274888780382,741.6566744717685,724.9737817382812,755.9647430419922,719.6110660265211,728.1579671643352,42.33651040008687,-4.691658308907904,1.5412219997781222,-6.232880308686026,789.1165183539312,694.8392067437252,16.61791218362939,0,722.0404919761219,744.4871893204731,20.11038735030584
2025-06-26,715.2989516031595,754.2498851930059,714.899430465045,749.5557861328125,620800,719.6046617296007,742.3716819069602,725.6748974609375,755.3105670166016,725.6000100477795,730.1032234341968,58.81304870774881,-2.2619827954646325,0.7805810407295714,-3.042563836194204,786.796651319018,695.3413613762945,16.725948665553272,0,724.187769738056,744.4871893204731,21.46582022833036
2025-06-27,754.0501634113639,758.4945772284427,739.3187198215393,753.8504028320312,326621,721.1804538302952,742.8619745427912,726.5268237304688,754.7787368774414,731.2500886046299,732.262057924909,60.31548165817652,0.0099772186574682,0.6264602763151508,-0.6164830576576825,785.3645411467868,695.7148045563382,17.028839706776836,0,726.3101157557744,744.4871893204731,21.751175125365386
2025-06-30,745.1114260892131,752.5021409668698,735.07408159605,739.5684204101562,143668,722.4954630533854,741.5817704634233,727.0022253417969,754.3073306274414,732.9137549657353,732.926272696295,53.34620432960666,0.6505857291887196,0.6312853668898646,0.019300362298855,782.5913700020055,695.9461788261194,16.999358374462517,0,726.3101157557744,744.4871893204731,20.19242506725652
2025-07-01,737.8205853667816,743.1638301972579,731.0790774801816,740.2175903320312,93353,725.3418782552084,740.4808848987926,727.021201171875,753.6975988769532,734.3745220389945,733.5891197540892,53.60859659898564,1.1968585362878912,0.74440000076947,0.4524585355184212,780.7156559601706,695.9842097624858,16.679028988953554,0,726.3101157557744,744.4871893204731,20.39217254695574
2025-07-02,743.9629143285722,746.959140224445,732.0778605582611,742.9641723632812,392575,729.1870388454861,739.4798750443892,727.1979797363281,753.1450451660156,736.0924521038519,734.4413972640157,54.76772449435865,1.8303111991999683,0.9615822404555696,0.8687289587443988,778.742332385822,696.2796524774592,16.598619447950593,0,729.8057082745727,744.4871893204731,19.28642267340041
2025-07-03,744.5621082925121,744.5621082925121,734.0753180348711,735.7232666015625,318124,732.3830159505209,738.4402770996094,727.3198266601562,752.4391845703125,736.0186150033941,734.5579308401562,51.139958836682574,1.72812566123946,1.114890924612348,0.613234736627112,775.9341465346956,696.5410487778045,16.523953445590703,0,729.8057082745727,744.4871893204731,18.159267607720647
2025-07-04,735.7232484510685,738.0203426401125,726.1352895913124,731.9779663085938,193019,735.3958875868055,737.1782309792259,726.9782568359375,751.7153466796875,735.210485264434,734.3233886100143,49.3201840263839,1.3296016333557643,1.1578330663610312,0.1717685669947333,773.5969577231307,696.4413113198381,15.813127401269664,0,731.0791036895432,744.4871893204731,17.599260412428805
2025-07-07,731.9780005709899,734.7245409373646,724.0879147715106,729.6309204101562,71212,737.5709228515625,735.7436745383523,727.0122143554687,751.1293347167968,734.0945722935785,733.8968005918452,48.16355150290769,0.8149868203709048,1.089263817163006,-0.2742769967921012,769.3839383720942,697.1986849189213,14.992254248848292,0,734.3000469418674,744.4871893204731,16.479246161477988
2025-07-08,734.075291895996,739.5683723115442,724.7870044759242,735.0241088867188,89741,739.8347371419271,734.7744418057529,727.2009765625,750.4784045410156,734.2804796122066,733.9992831641065,51.00680246569084,0.8327368388650029,1.0379584215034054,-0.2052215826384025,765.9496575054748,698.1560859027284,14.579091289266188,0,736.6970038467439,744.4871893204731,16.076180668700594
2025-07-09,736.0727900094082,742.4647626370709,731.0790804435371,733.7756958007812,118328,738.0813937717014,733.3920926180753,727.6903601074218,749.5573147583008,734.1795228499216,733.9789570401678,50.31877243963856,0.7375651617259109,0.9778797695479066,-0.2403146078219956,761.8283274935105,699.5808094693801,14.40195381123439,0,741.2912459999766,744.4871893204731,14.998967851229231
2025-07-10,738.5696403668255,738.7694009399371,729.0815922485228,732.0278930664062,54680,735.6566704644097,732.1300464976918,728.3445361328126,748.5600708007812,733.7491968932185,733.8015875880077,49.31581095216127,0.5151692972738147,0.8853376750930882,-0.3701683778192736,759.6590161888547,699.9873461158328,14.052472333246678,0,738.2950278691901,744.4871893204731,14.98469920086669
2025-07-11,730.080326494701,736.0727778749584,723.0891332177339,726.9342651367188,156961,734.2528754340278,730.5933421741832,728.8758654785156,747.4344885253906,732.3862105419187,733.1772855469814,46.41240489371073,-0.0712726455884649,0.6940156109567777,-0.7652882565452426,757.8589152022125,699.9547505692719,13.184637055003709,0,735.0241367210895,744.4871893204731,14.770683034834985
2025-07-14,727.084137127312,727.084137127312,716.8470321746266,719.743408203125,56822,731.9779663085938,729.2336952903054,729.3572607421875,746.1458618164063,729.8576500741599,731.9560239702671,42.59943358218819,-1.1035530952904082,0.3345018697073405,-1.4380549649977488,756.67412393202,699.1470552671987,12.633118582817232,0,731.9030861995359,744.4871893204731,14.685075706951013
2025-07-15,720.3925643591112,728.4824108191493,719.5935829818952,723.2889404296875,271281,729.7918294270834,728.2349548339844,730.1382775878906,745.0020529174805,728.5439081452655,731.1681072847598,44.99874984963428,-1.6169092461256014,-0.0557803534592478,-1.5611288926663536,756.526246521939,698.8504929800141,11.991882280952453,0,730.7045702335694,744.4871893204731,14.677944398981472
2025-07-16,729.0815840540203,768.0325179966324,725.4861376118954,748.1076049804688,1524444,731.1678670247396,728.6185607910156,731.3117993164062,743.9780926513672,732.4566475123062,732.7080616207334,58.17724021590169,-0.0208485540267702,-0.0487939935727523,0.0279454395459821,758.8852297551357,699.8422848933019,13.413774195441055,0,742.4397750856294,734.5247562811759,15.045335302365508
2025-07-17,752.0526664477311,752.6019623125595,744.3124165606529,748.6069946289062,225217,733.0155368381077,729.567363392223,732.6361303710937,742.8357815551758,735.6867169356262,734.1534191669309,58.39326449013437,1.2697012884221976,0.2149050628262377,1.05479622559596,760.3508231422913,702.4016182639587,14.734102401751906,0,742.4397750856294,734.5247562811759,14.267741612722878
2025-07-18,748.606993442322,766.0350521263089,745.0614718203735,755.0988159179688,327137,735.8453030056423,731.4082253196023,734.2680749511719,741.8220584106446,739.5691367320948,736.0575461442979,61.19898650721533,2.7842123927341618,0.7287665288078224,2.055445863926339,762.2102696757186,705.3561060567033,16.539130440881202,0,742.4397750856294,731.0790861398692,14.424688689148168
2025-07-21,755.09884536164,759.7929447572036,742.0153500915947,749.3560791015625,145638,737.437744140625,733.271786776456,735.1989025878906,740.9661364746094,741.5265252059884,737.2665036858674,57.50477347454448,3.480956191182827,1.2792044612828235,2.201751729900004,761.7416293469436,710.2741421374313,17.932751737831097,0,742.4397750856294,731.0790861398692,14.8313202569005
2025-07-22,752.8516546610267,765.9352105193735,749.2562080962853,761.84033203125,241704,740.5560370551216,735.7663712935014,736.6470788574219,740.0560330200195,745.5892865710407,739.5004880809022,62.766623406201866,4.983063888732431,2.019976346772745,2.9630875419596863,763.7504741919352,713.4437701928305,19.49082238928242,0,742.4397750856294,731.0790861398692,14.95972902525081
2025-07-23,768.0325338694222,793.4006029345426,755.2985744327054,787.6578369140625,675014,746.7371419270834,739.5298128995029,738.3019946289063,739.3981118774414,754.0029966396451,743.8784288839167,70.8147982304159,8.162657900099816,3.2485126574381598,4.914145242661657,773.2729900564631,711.222059992365,21.874618000864334,0,755.1238175545845,743.7631286088243,16.93224604269339
2025-07-24,789.0061265937688,813.6251396107072,769.0312879458253,776.57177734375,1195950,752.2524210611979,742.5532753684304,739.5823815917969,738.7816384887695,758.516752780466,746.8505514711743,64.37961418968709,9.676413038438568,4.534092733638241,5.142320304800327,778.119113012739,709.0775361571827,24.58384549910516,0,765.2360858926669,753.8753969469067,19.26858880098494
2025-07-25,772.0774162197908,782.0149103501412,763.6380349445174,771.0786743164062,267542,757.9563395182291,745.1182250976562,740.6690112304688,738.3719046020508,761.0291370876541,749.0531080934682,61.40215522286216,10.313934765286945,5.690061139967982,4.6238736253189625,780.8660036870854,708.053472631274,26.63650735484864,0,766.6093612963011,757.370989465705,19.821463746682785
2025-07-28,771.0787166940294,772.3271441418723,743.3636273519164,749.3560791015625,223900,760.8526882595486,745.1091475053267,741.141416015625,737.8118600463868,758.6945254904358,749.0806509123859,51.29845700863147,8.963023283254188,6.344653568625224,2.6183697146289644,781.3416768917901,708.5565652957099,26.997702515144084,0,769.5556386113012,757.370989465705,20.8344743862782
2025-07-29,749.0564548550489,773.0262614104104,745.3111725807736,766.9339599609375,243323,762.9445054796007,745.7038546475497,742.0982116699219,737.3382067871094,760.3424123845361,750.7036790077087,57.406223054756296,9.20469825012151,6.916662504924481,2.2880357451970283,783.8874131627797,708.6824659876108,27.35852325480471,0,777.8202448511508,758.6443848806755,22.00086057457128
2025-07-30,773.3757594945805,773.3757594945805,758.4945418825006,762.6892700195312,121690,764.5092027452257,746.7548023570668,743.166865234375,736.8927679443359,760.8117839115353,751.7932781906017,55.59311041844233,8.950540143365629,7.323438032612712,1.6271021107529169,785.5358247749068,709.0065641411088,27.707149798283904,0,777.8202448511508,761.8653281329996,22.371818354618824
2025-07-31,758.0451350097657,758.0451350097657,746.0602316894532,749.0564575195312,169109,763.8378295898438,747.1565690474076,743.6922033691407,736.4345950317382,758.4607186331345,751.5444763114134,50.11810418464104,7.561895157806248,7.37112945765142,0.1907657001548282,785.8180196527992,710.0576883550134,27.11641588885151,0,777.8202448511508,764.2622850378762,22.632203616965505
2025-08-01,749.5558191618923,762.8390746515684,745.6107763430505,753.7006225585938,120246,764.320556640625,747.644589510831,744.3953186035156,735.9107550048828,757.5086994182263,751.7404896066116,51.857502819147534,6.758224700352457,7.248548506191627,-0.4903238058391697,786.2168152337266,711.8311583990859,26.790249212068897,0,778.4943834813118,765.2360858926669,23.13157457095354
2025-08-04,753.1013521936437,755.2486717609034,741.8155803954577,744.2125854492188,96575,762.3619181315104,748.0304676402699,744.6999353027344,735.2256182861328,754.8494766244249,751.0561346832122,48.162469696498334,5.2946711001709446,6.857773024987491,-1.5631019248165463,785.9022729210234,713.6038672156955,26.2081860979135,0,777.7203600030824,765.2360858926669,23.456164822967228
2025-08-05,745.0614798384333,751.0539314189033,733.5260227377026,737.3711547851562,287989,756.7745090060764,748.2756125710227,744.7708459472656,734.3701959228515,751.3538122565712,749.8120456015707,45.63734766498412,3.541919011725668,6.194602222335127,-2.6526832106094598,785.8330556462413,713.9077890803212,25.0762840766974,0,773.5755811742049,765.2360858926669,21.5121884739855
2025-08-06,737.8705352120877,751.0040161443794,719.7434055237393,732.72705078125,143870,751.9028727213541,748.4163457697088,744.5641076660156,733.5052856445312,747.628459961507,748.2588642542688,43.95273815231223,1.757846611501236,5.307251100168349,-3.549404488667113,785.8823396130199,713.7536406115894,23.42064252460693,0,750.8791579369403,765.2360858926669,23.15297882175218
2025-08-07,726.0853707726902,732.5771932073841,720.2926798687909,728.8818359375,104091,747.2143351236979,748.1371515447444,743.7870861816406,732.6021731567383,743.8791351567056,746.4973162254716,42.55217101610433,0.0332958646843053,4.252460053071541,-4.219164188387236,786.0774772334075,713.2438972783111,21.883261083380063,0,746.5595825091599,765.2360858926669,22.54303529364673
2025-08-08,734.6745070963532,734.6745070963532,719.2439937214463,721.8406982421875,109649,744.1570705837673,747.5946516557174,742.9351586914063,731.7669750976562,739.471447773802,744.2558054997185,40.03635194631136,-1.8799135207917743,3.025985338298878,-4.9058988590906525,786.5558665108459,712.2561513114198,20.32458774767062,0,746.3098766080134,765.2360858926669,22.37538663002516
2025-08-11,712.1529204927933,725.0866406688496,709.1067698001146,721.041748046875,87569,739.0579359266493,747.0952814275569,742.0562658691406,731.2226608276367,735.7855078284166,742.1454366403691,39.74917645656206,-3.421177145838783,1.736552841471346,-5.1577299873101285,786.4064565016922,712.5353953049485,19.518632690974425,0,741.2412646473476,761.3659547054109,22.325448661857063
2025-08-12,721.6908893532657,730.0304209873805,718.1453677174209,719.2939453125,105462,734.2362331814236,746.7479941628196,741.2702563476563,730.5355264282226,732.4871953252333,740.0680283378356,39.08863397141487,-4.729157957425969,0.443410681691883,-5.172568639117852,786.8406613650889,711.7016909298329,18.415076063677592,0,735.9729222258416,761.3659547054109,20.45280757386581
2025-08-13,725.0866350125025,725.2364706840759,713.7509385867704,715.9981079101562,64558,730.5630832248264,746.5777532404119,740.3953588867188,729.9465185546875,729.1893778422179,737.8798537535012,37.81258586903142,-5.962951514754764,-0.8378617575974463,-5.125089757157317,788.0810624295246,707.2503401583659,17.676945720950783,0,735.9729222258416,761.3659547054109,18.08792760475321
2025-08-14,717.0967145220484,725.9855421912548,715.7983621888218,721.2914428710938,81074,726.9620632595486,746.4869578968395,739.5973645019532,729.2276739501954,727.6097908479932,736.371816400555,41.136218348990646,-6.439384686550056,-1.9581663433879688,-4.481218343162087,788.392716514545,704.2071308975643,16.93271534997089,0,732.177720780509,761.3659547054109,17.502949361668154
2025-08-18,748.4572195224713,777.0212140622341,734.0753114855296,771.4282836914062,946747,729.9860297309028,747.5469887473366,739.8989855957032,728.814944152832,736.3734894166757,739.5587679724505,61.90437251364565,-2.739755172386936,-2.114484109187762,-0.6252710631991736,790.5402484742483,703.6925457152049,17.952089465003127,0,743.0639919311743,761.3659547054109,19.414824676038474
2025-08-19,768.082463528392,774.0249901606542,752.0526678593194,771.4782104492188,266640,733.7757025824653,748.5865894664418,740.0448022460937,728.4608901977539,743.3944336231845,742.4605354703384,61.918781109590775,0.1940200022659155,-1.6527832868970265,1.846803289162942,792.9926980838343,703.4523092403845,18.898651143247346,0,743.0639919311743,761.3659547054109,19.004627066874043
2025-08-20,772.9763398057875,802.7887624529726,771.4782268896803,796.3968505859375,1247712,740.8501247829861,750.4637728604404,740.7768811035156,728.217946472168,753.9949170157352,747.3638368444838,68.35249404010008,4.478162500410008,-0.4265941294356197,4.904756629845627,799.3602663040215,700.5403928756659,20.71069158050489,0,755.9477661265437,761.3659547054109,20.17815095199361
2025-08-21,793.9998006407103,795.9972844159071,772.2771645854456,777.2708740234375,222884,746.2266845703125,751.732627175071,741.1074633789062,727.8601467895508,758.6501084172758,750.0826584062069,59.97684587773108,6.257932281714943,0.910311152794493,5.3476211289204505,797.368518344046,701.4934445465789,22.393300557958312,0,755.9477661265437,761.3659547054109,20.71319721416603
2025-08-22,778.019932655674,778.019932655674,765.2360486496675,769.1810913085938,84001,751.4867282443577,752.0662980513139,741.4979724121093,727.4264431762696,760.7563049955394,751.8188795791511,56.80613098960789,6.935684545864092,2.115385831408413,4.820298714455679,796.2257697083145,701.8971245787949,23.428626639614528,0,755.9477661265437,761.3659547054109,20.39573904970093
2025-08-25,772.027487800792,801.9897447658939,767.183613974781,798.6939086914062,1025424,760.11474609375,752.5679376775569,742.5666259765625,727.0501672363281,768.3438257347127,756.0802458620834,64.23454103271351,9.741946714457526,3.640698008018236,6.101248706439291,801.7549571965286,699.1294605280808,25.1018706475367,0,758.2698505198715,761.3659547054109,21.922384722962867
2025-08-26,797.994806457557,809.8798598732517,786.0099032316614,792.951171875,320723,768.2988823784722,753.3124556107955,743.6322839355469,726.617462463379,773.2652949627702,759.4321482268939,62.00014876672248,11.371455770429066,5.186849560500402,6.184606209928663,807.3318141015777,697.9121129003754,26.85683354268127,0,761.815399230011,761.3659547054109,22.375388148704985
2025-08-28,784.0123922449375,799.293131137783,769.0312637307029,793.8499755859375,190117,776.9490898980034,754.3475147594105,744.9546166992187,726.2177157592773,777.3822310874037,762.5610416231706,62.22164404628611,12.5902468565165,6.667529019703623,5.922717836812878,811.4156609840792,696.5198675803739,27.316786267937378,0,762.8391110310367,761.3659547054109,22.304049347736413
2025-08-29,797.0999755859375,797.0999755859375,772.0499877929688,790.2999877929688,178893,784.6167060004341,756.2086015181108,746.4686193847656,725.7777471923828,779.9657824285168,765.082764002243,60.71630407960775,13.118471651516074,7.957717546066114,5.160754105449961,814.9647711986755,695.7318291431214,27.743885227103764,0,771.9775856793906,761.3659547054109,23.205164839201384
2025-09-01,794.2999877929688,809.0,787.2000122070312,797.0999755859375,467464,787.4691162109375,757.5797840465199,748.2434643554687,725.4549240112304,783.3926210600009,767.9934196007607,62.583632427861566,13.925273902860797,9.15122881742505,4.774045085435745,820.1081765132029,695.3927756352347,28.529596967998017,0,780.9662638662855,761.3659547054109,23.66012729763437
2025-09-02,797.0999755859375,815.0,783.2000122070312,789.2000122070312,666457,789.4382052951389,758.7848177823154,749.8882751464844,725.1073324584961,784.554099289407,769.9212916558762,59.0706060962326,13.768494839894744,10.074682021918989,3.693812817975754,823.4002490815318,695.6506420317495,29.44497811352804,0,790.1180243248338,762.0533849000574,24.79013564936536
2025-09-03,789.2000122070312,793.7000122070312,777.0999755859375,784.9000244140625,234286,788.1607801649305,760.4140708229759,751.489033203125,724.7874288940429,784.6232843143381,771.2829946338932,57.18886888391943,13.14573734736382,10.688893087007957,2.456844260355865,825.9706161719707,697.149018837795,29.84644943728672,0,790.1180243248338,762.0533849000574,25.12692017444637
2025-09-04,818.0,818.7000122070312,795.0,801.3499755859375,1374062,790.8362358940972,762.5799505060369,753.3149206542969,724.6851049804687,787.968622568658,774.0163565386244,62.15560601720848,13.82025977749788,11.31516642510594,2.50509335239194,830.4535360010867,699.063981088757,30.979596548545175,0,791.9680304283494,763.903391003573,26.720809866993743
2025-09-05,802.5,806.5,792.5499877929688,800.0499877929688,758397,794.26611328125,765.1180142489346,755.0229248046875,724.757303161621,790.3848956135203,776.3830502890194,61.54790897834333,14.087533199075551,11.869639779899863,2.2178934191756863,833.8081799564974,702.4416308345182,31.85479611180805,0,792.9418130909062,763.903391003573,26.989583595893617
2025-09-08,798.0,798.0,775.4000244140625,786.0499877929688,302557,792.8612331814236,767.3306884765625,755.7528088378906,724.9015719604492,789.51791404941,777.2618627893784,55.27966797962016,13.01958464676079,12.09962875327205,0.9199558934887406,834.4129587968453,707.5536671797172,31.504867940636235,0,793.8656379688671,763.903391003573,24.76959732359118
2025-09-09,791.0,793.4500122070312,757.5999755859375,769.6500244140625,509121,790.272216796875,769.0090054598721,756.0688012695313,725.0577230834961,785.5443361223406,776.5698774825314,48.98599924426714,10.726242296097098,11.82495146183706,-1.0987091657399637,832.4602713608747,714.2872872328753,30.157916641344183,0,788.1499938964844,763.903391003573,25.7608626321454
2025-09-10,773.25,779.9500122070312,767.0,774.2999877929688,434346,788.0999959309896,771.073466907848,756.7634326171875,725.269333190918,783.2954664564663,776.3635238743893,50.6998691921069,9.178164971289448,11.29559416372754,-2.117429192438092,829.7487083624402,722.3246742059192,28.907176149144423,0,788.1499938964844,763.903391003573,24.449395503808063
2025-09-11,776.0,777.2000122070312,770.0,774.9000244140625,110427,786.3888888888889,773.485254461115,757.4570812988281,725.4772021484375,781.6163780479857,776.2304784689051,50.92896996859737,7.9085555729514,10.618186445572311,-2.709630872620913,825.4524452473851,732.1815452311306,27.74577426353036,0,788.1499938964844,763.903391003573,23.240847375703733
2025-09-12,774.9000244140625,779.9500122070312,767.3499755859375,776.25,206331,784.0722249348959,775.9947204589844,758.1227978515625,725.5167913818359,780.5431024383886,776.2322531535501,51.47532377963211,6.931411725576709,9.880831501573192,-2.949419775996484,817.9856027300397,745.6735769574603,26.80013124008096,0,788.1499938964844,763.903391003573,23.22771541963854
2025-09-15,776.25,794.7999877929688,773.0,791.5999755859375,178010,784.3388875325521,779.2813581986861,759.24033203125,725.5699600219726,782.7544770678985,777.6293188292217,57.29730199109855,7.311352214111935,9.36693564408094,-2.0555834299690066,807.7898059686125,762.9002269903718,26.59463611592724,0,788.1499938964844,763.903391003573,22.298705205485387
2025-09-16,793.8499755859375,800.0,790.8499755859375,797.4000244140625,228506,785.7277764214409,782.9814453125,760.5487731933594,725.5030667114257,785.6835865371314,779.4266557005709,59.285089939883306,7.988388090688204,9.091226133402394,-1.1028380427141895,808.7000952500747,764.5871117811754,26.620523727568266,0,788.1499938964844,763.903391003573,21.247281474947687
2025-09-17,799.7999877929688,801.2999877929688,786.0999755859375,788.4000244140625,114045,784.2888929578993,786.031835382635,761.7241552734375,725.4401116943359,786.2268741125176,780.2424164927065,55.0062840182375,7.709844824864035,8.814949871694722,-1.1051050468306869,808.3632504355918,766.6161379921426,26.30224018553028,0,782.0499877929688,763.903391003573,20.1714346749442
2025-09-18,788.7000122070312,790.0,775.0,777.0,130957,781.727783203125,786.2850952148438,762.5636730957032,725.3166607666016,784.3814992900142,779.947651357006,50.07617824386839,6.494347784992669,8.350829454354312,-1.8564816693616424,807.4532536954255,765.5864496737152,25.249644649276902,0,779.4499816894531,766.2254753969008,19.453578404017858
2025-09-19,782.0,794.0999755859375,776.0,788.25,131383,781.9722290039062,787.0474492853338,763.6531591796875,725.2996466064453,785.1551994320114,780.7024103245508,54.41797025079256,6.365461525435421,7.953755868570534,-1.5882943431351126,807.5519591280017,766.5856568387951,24.482954722817556,0,779.4499816894531,766.2254753969008,19.18929181780134
2025-09-22,787.9000244140625,790.0,771.0,773.6500244140625,175146,782.4166734483507,786.0135026411576,764.4856018066406,725.1544522094727,782.8541644284217,780.0612843326882,48.52043958073058,5.02727097305285,7.368458889466998,-2.341187916414148,807.0380193296403,767.5464899477035,23.42770455786933,0,784.1499938964844,767.2491871979265,18.275006975446427
2025-09-23,770.0,775.0,765.0,768.0,105005,781.7166748046875,785.592099276456,765.3069165039062,724.9310705566406,779.8833315427374,778.9648039388073,46.42367226117998,3.470826046012576,6.588932320776115,-3.118106274763539,806.5172868299132,764.9978315782898,22.044641341472246,0,783.1499938964844,776.3876618462805,17.803575788225448
2025-09-24,765.0,768.0,757.5999755859375,759.25,74731,779.977783203125,785.1406860351562,766.0970483398437,724.7258612060547,775.75666523419,777.1725490352793,43.30274697759441,1.5138298661831868,5.573911829857529,-4.060081963674342,807.6530638156587,760.4919374050444,20.65515269792618,0,779.4499816894531,785.3763400331753,16.132149832589285
2025-09-25,764.7000122070312,764.7000122070312,741.0,745.9500122070312,89077,776.6111178927952,782.7432361949574,766.5502697753906,724.3582723999024,769.7953346287583,774.3341365963477,39.00988947631715,-1.0976485586629678,4.23959975215343,-5.337248310816398,810.2734493227962,753.0815555600162,20.29617462899883,0,771.1499938964844,779.8500061035156,16.828578404017858
2025-09-26,745.0,745.9000244140625,725.1500244140625,731.1500244140625,130416,769.8944566514757,779.9340931285511,766.2111181640626,723.8592559814454,762.0662725858192,770.4083082161399,34.86753663156492,-4.311795654962566,2.529320670730231,-6.841116325692797,814.8133094381882,742.6266991067338,20.69191265054719,0,763.2250061035156,771.9250183105469,16.553580147879465
2025-09-29,728.4500122070312,729.7999877929688,713.25,725.7999877929688,493129,761.9388970269097,776.8409118652344,765.7549780273438,723.2263745117187,754.8130156272491,766.3530063594878,33.4833906992194,-7.207648345142388,0.5819268675557072,-7.789575212698096,817.1987718161216,733.1112379495033,21.531387496682903,0,757.2749938964844,765.9750061035156,15.271436418805804
2025-09-30,716.0,748.5,716.0,744.1500244140625,254299,757.022230360243,774.7431862571023,765.5360021972656,722.6959796142578,752.6804173846118,764.3345534553582,41.98951927804372,-7.930519772573348,-1.120562460470104,-6.809957312103244,816.5736295632773,729.2313814230508,21.07132294124293,0,753.6749877929688,765.9750061035156,16.667864118303573
2025-10-01,745.0,749.5999755859375,726.2999877929688,732.0999755859375,185871,752.0333387586805,771.7886408025569,765.1908801269532,722.281362915039,748.564329024877,761.4041372854109,38.50711360675297,-9.367753193202134,-2.77000060701651,-6.597752586185624,817.1454644884639,723.3795416150517,20.576447251059065,0,753.6749877929688,765.9750061035156,17.817862374441965
2025-10-03,735.0,735.0,723.75,729.25,459859,745.477783203125,769.0636402476918,764.5390734863281,721.9358911132813,744.7014632199016,758.4810338958281,37.71051788102723,-10.614384231112012,-4.338877331835611,-6.275506899276402,814.5526341889156,718.7623743560064,20.2404165696266,0,751.625,765.9750061035156,17.721431187220983
2025-10-06,725.9500122070312,735.7999877929688,725.0,728.25,136457,740.433336046007,766.4886391379616,763.3509167480469,721.5392276000977,741.4111705759212,755.7327580871165,37.41802091701468,-11.549899896356465,-5.781081844739783,-5.768818051616682,811.1869789963143,714.9480307693107,19.872458200858915,0,744.125,765.9750061035156,16.935716901506698
2025-10-07,728.25,737.0,721.0,730.5999755859375,244279,736.2777777777778,763.2727300470525,762.4314807128907,721.196760559082,739.2489315779245,753.4479596779184,38.62281782934363,-11.963768534392216,-7.01761918267027,-4.946149351721946,809.2219288217574,711.3680797231644,19.74372800580239,0,740.625,765.9750061035156,17.425000871930802
2025-10-08,730.7999877929688,736.7999877929688,722.2999877929688,725.5499877929688,80082,732.5333319769966,759.8863664106889,761.5209069824218,720.9119390869141,736.5091428209334,750.9117804156502,36.97545326232717,-12.554533376344809,-8.125002021405178,-4.429531354939629,809.1693377410646,707.0106671417478,19.62419282467847,0,738.9750061035156,765.9750061035156,17.375
2025-10-09,725.5499877929688,735.0,722.0999755859375,733.0,104842,731.0944417317709,757.4750033291904,761.1937854003907,720.7909579467773,735.8073142567468,749.2834367415002,40.975192544262384,-12.280008750233035,-8.956003367170752,-3.324005383062285,807.6811088149537,704.3688972885619,19.52508715034625,0,731.4249877929688,765.9750061035156,17.225001743861608
2025-10-10,733.2000122070312,737.0,724.0,729.2000122070312,112218,730.8777737087673,755.6363664106889,760.4391064453125,720.5910525512695,734.4858538468037,747.4576708747303,39.59490011925053,-12.228115163399366,-9.610425726416477,-2.617689436982891,805.9209974573248,701.5590074254876,19.25221942863235,0,731.4249877929688,765.9750061035156,16.8607177734375
2025-10-13,725.0,741.8499755859375,720.0,730.7000122070312,281277,731.4222208658854,753.6545493386009,759.7993212890625,720.3379736328125,733.7286855188493,745.934247359485,40.44769080599748,-11.928447935385634,-10.074030168210308,-1.8544177671753277,803.4826777505862,699.4423283529295,18.56115919094208,0,732.7999877929688,759.875,17.064287458147323
2025-10-14,732.0,765.0,723.0,752.6500244140625,236389,732.3666653103298,752.6431857022372,759.8711926269531,720.1993887329102,737.512953297892,746.5447725462648,51.28578132257186,-9.806731065749773,-10.0205703477182,0.2138392819684273,798.0048455690923,701.0251654172358,18.226054158399933,0,742.5,757.2749938964844,19.350001743861608
2025-10-15,759.7000122070312,759.7000122070312,729.2000122070312,732.3499755859375,256094,732.3944430881077,750.6477300470525,759.4441796875,720.0364562988282,736.4803577555011,745.2543364589623,43.41617930896025,-9.652036774509384,-9.946863633076438,0.2948268585670544,789.6908337935363,702.8341723099793,17.914885199610794,0,742.5,757.2749938964844,20.785714285714285
2025-10-16,737.0,743.8499755859375,731.75,734.25,114411,732.9499986436632,748.0409129749645,759.2449279785156,719.8915133666992,736.0342862044009,744.2539422354203,44.27802414392682,-9.26927392327616,-9.811345691116385,0.5420717678402234,782.4359614335177,704.6740422285917,17.625942595020877,0,742.5,757.2749938964844,19.957140241350448
2025-10-17,734.7999877929688,738.9000244140625,729.0499877929688,734.2000122070312,92152,733.6111111111111,745.1681851473721,759.1815051269531,719.6971325683594,735.667431404927,743.3399485964758,44.25892441804438,-8.867743377466581,-9.622625228386422,0.7548818509198405,777.1275059977108,705.7024988851017,17.11177994244734,0,742.5,757.2749938964844,19.1750008719308
2025-10-20,735.0499877929688,737.0,729.3499755859375,733.3499755859375,75753,733.9166666666666,742.6659102006392,759.1939636230469,719.4715353393555,735.2039402411292,742.4317692318814,43.9120431062447,-8.51990620305969,-9.402081423321077,0.8821752202613844,766.8756216071035,710.4643808343028,16.634343193629054,0,742.5,757.2749938964844,18.442858014787948
2025-10-21,732.2000122070312,737.3499755859375,731.0999755859375,733.5999755859375,17504,734.8111097547743,740.6931818181819,759.2883264160156,719.3498089599609,734.8831473100909,741.6288789004319,44.05092958855464,-8.130348232193114,-9.147734785095484,1.0173865529023691,759.6127364153709,713.7222611432229,16.219950761367933,0,742.5,757.2749938964844,16.567858014787948
2025-10-23,735.0,737.0,725.0,727.3499755859375,99361,734.1833292643229,737.9249988902699,759.3985119628907,719.25326171875,733.3765129652602,740.3307967809324,41.297708992676085,-8.23106095322703,-8.964400018721793,0.7333390654947642,752.5427615308326,716.7272335863549,15.21557365845844,0,742.5,757.2749938964844,15.760716029575892
2025-10-24,727.3499755859375,737.6500244140625,724.5499877929688,732.6500244140625,125118,734.566663953993,736.0613625266335,759.6306774902343,719.1794692993165,733.2312152550206,739.6325447475806,44.467410690983705,-7.793369748907594,-8.730193964758953,0.9368242158513596,746.9619375434803,719.6480600151134,14.345147348115317,0,742.5,757.2749938964844,15.89286150251116
2025-10-27,736.4500122070312,736.4500122070312,726.3499755859375,730.2999877929688,119828,734.522216796875,734.3477256081321,759.8507983398438,719.1950494384765,732.6449697626102,738.7841304789795,43.34970131587895,-7.549103268016438,-8.493975825410452,0.9448725573940138,744.8583200296132,720.1866750875743,13.536894345653844,0,744.0,753.6749877929688,15.842864990234377
2025-10-28,733.0999755859375,736.5,726.2999877929688,731.2000122070312,99953,732.1388821072048,733.0727261629971,760.1548364257812,719.2266149902343,732.3559782514944,738.0946651815296,43.93096670513358,-7.199899909295937,-8.23516064218755,1.0352607328916132,744.8596687588408,720.1903251376436,12.78637370051105,0,742.125,753.6749877929688,15.428580147879464
2025-10-29,735.0999755859375,735.0999755859375,727.5499877929688,732.8499755859375,65032,732.1944376627604,732.4772699529475,760.3860070800781,719.2946447753907,732.4547777183831,737.617875218294,45.04421081829647,-6.712636382530377,-7.9306557902561154,1.2180194077257385,744.7989882772808,720.9560043985005,12.089461672878455,0,734.1999816894531,751.625,14.932150704520089
2025-10-30,732.8499755859375,737.8499755859375,729.6500244140625,736.3499755859375,98475,732.4277682834202,732.7136313698509,759.6844409179688,719.361198425293,733.233817291894,737.5026116153525,47.42869538664178,-5.97517764922361,-7.539560162049614,1.564382512826004,743.3165536564513,721.6584341365174,11.77625989748153,0,731.7250061035156,744.125,14.596431187220984
2025-10-31,736.3499755859375,739.5,726.4000244140625,730.5999755859375,92287,732.0277642144097,732.9318126331676,758.8668762207031,719.4873907470703,732.7070489507026,736.875099249042,44.04738035190293,-5.787992856470964,-7.189246700933884,1.4012538444629197,743.2735842511219,721.551403541847,11.040670779908393,0,732.0249938964844,740.625,14.603572300502233
2025-11-03,730.5999755859375,732.4000244140625,725.5999755859375,726.5499877929688,65154,731.2722100151909,732.1318109685725,757.4699389648438,719.7006979370117,731.4756367191559,735.9364527530354,41.78761870718524,-5.898454021058569,-6.931088164958822,1.0326341439002524,743.3687767713285,721.186209800937,10.255893512501734,0,732.0249938964844,739.125,13.528577532087054
2025-11-04,725.0,734.0,724.1500244140625,730.6500244140625,96488,730.9444376627604,732.0659040971236,756.5375219726562,719.9247674560547,731.3105142581372,735.4558683585833,44.87109504104096,-5.590710370878355,-6.663012606142729,1.0723022352643738,743.356448080661,721.4385409330109,9.744508806553869,0,731.8250122070312,739.125,11.232147216796877
2025-11-06,730.6500244140625,732.6500244140625,721.7999877929688,726.4500122070312,98382,730.8444417317709,731.9386319247159,755.682900390625,720.0484371948243,730.3384138479161,734.6371541629877,42.39381418606438,-5.620932583168383,-6.454596601547861,0.8336640183794781,743.4453951635409,720.9345975122404,9.176652062958713,0,730.6499938964844,739.125,9.828578404017858
2025-11-07,720.9000244140625,722.2000122070312,713.1500244140625,717.4500122070312,205432,729.1555514865452,731.4477233886719,754.0580224609375,720.0766702270507,727.7607335197392,733.0746867124462,37.60301579166448,-6.298503460795359,-6.423377973397361,0.1248745126020018,744.5306548286546,719.0393402885329,9.759686140359172,0,726.3250122070312,739.0750122070312,9.914293561662946
2025-11-10,720.0,720.0,701.3499755859375,707.4000244140625,177858,726.6111111111111,730.3931801535866,752.3469995117188,720.1135791015626,723.6885916986039,730.7406265035022,33.10421825942875,-7.559294445716546,-6.650561267861199,-0.9087331778553472,747.2509563323091,713.7590412262847,11.415033930736303,0,720.4249877929688,733.1749877929688,10.542864118303571
2025-11-11,705.2000122070312,732.25,702.7999877929688,722.2999877929688,225969,725.6222195095486,730.2454528808594,750.9159997558594,720.2611923217773,723.4108709174768,729.9732957116355,43.8331854091314,-7.272346777514485,-6.774918369791856,-0.4974284077226292,747.2988570473378,713.0211380698497,11.298179688736594,0,720.4249877929688,733.1749877929688,12.100006103515623
2025-11-12,730.0,735.9000244140625,710.1500244140625,716.25,469014,723.7777777777778,729.4840892444957,749.435,720.3540866088867,721.9786967339815,728.7257233742141,40.96055968478517,-7.447274590441907,-6.909389613921867,-0.53788497652004,747.6642769586449,711.2107169378394,10.774592238207086,0,720.4249877929688,733.1749877929688,13.492863246372767
2025-11-13,725.0,725.0,707.0,707.5,408112,720.5722249348959,728.497725053267,747.6430004882812,720.4541665649414,719.0829573871852,726.7961121583764,37.16680313602041,-8.197462767630668,-7.167004244663628,-1.0304585229670398,744.461137113602,709.8988543414762,10.610046770902274,0,720.4249877929688,733.1749877929688,13.921434674944196
2025-11-14,706.0,716.7999877929688,705.0499877929688,711.9500122070312,400702,718.5000067816841,727.6454523259944,746.0980004882813,720.552526550293,717.6563683511545,725.4464667082541,40.20027914964854,-8.336811929623536,-7.40096578165561,-0.9358461479679264,744.5301424288349,707.7898526883527,10.655433018613802,0,718.625,733.1749877929688,13.825003487723214
2025-11-17,711.9500122070312,716.5,707.4500122070312,714.5,144979,717.161119249132,725.9113603071733,744.69,720.6923504638672,717.0250946809235,724.4513333711401,41.93034346534089,-8.147564390097614,-7.5502855033440115,-0.5972788867536023,743.8326145306094,706.512380586578,10.697577391488794,0,718.625,733.1749877929688,13.75
2025-11-18,715.7999877929688,728.0,708.2999877929688,721.5999755859375,282482,716.1555582682291,725.4227239435369,743.095,721.0684213256836,717.9400708619264,724.1921190270307,46.56573446700133,-7.340063970336246,-7.508241196742459,0.1681772264062129,742.7649727794999,706.3200186755782,10.494753512731682,0,718.625,733.1749877929688,14.428571428571429
2025-11-19,719.0,722.3499755859375,711.0,719.8499755859375,183801,715.4222208658854,724.7681773792614,741.4909997558593,721.4524713134765,718.3220518067287,723.797378714204,45.599542378509305,-6.763360633254479,-7.359265084044863,0.5959044507903846,741.7125258532578,706.0224656018204,10.306417053885792,0,718.625,733.1749877929688,14.699999128069196
2025-11-20,721.0,729.7000122070312,717.0,721.0499877929688,162950,715.8222181532118,724.170448996804,740.1909997558594,721.7204251098633,718.8676390039767,723.5476159031825,46.420513471494665,-6.138724730042441,-7.115157013244379,0.9764322832019384,740.5176442222717,705.9623484535095,10.874698935292171,0,718.625,733.1749877929688,15.021432059151786
2025-11-21,721.0,721.6500244140625,709.3499755859375,712.0,118880,716.3333265516493,723.1999955610795,739.0379992675781,721.8577365112304,717.4941112031813,722.4978326392569,41.35212226634204,-6.301316997562935,-6.9523890101080905,0.6510720125451552,740.3352538951497,704.6097412220379,10.453366831893817,0,719.3500061035156,730.5249938964844,14.96429443359375
2025-11-24,714.9000244140625,715.3499755859375,704.6500244140625,707.4500122070312,94463,714.6833292643229,722.0113608620384,737.7009997558594,721.944333190918,715.4852914039514,721.1298489636,39.04398693526694,-6.719856210614353,-6.905882450209344,0.1860262395949909,739.5999170540094,702.825076842475,9.870062150990243,0,720.2750244140625,722.5999755859375,15.24285888671875
2025-11-25,707.0,711.75,703.0999755859375,705.5,65998,713.4888848198784,721.0181801535866,736.3129992675781,721.842155456543,713.4882331231611,719.7089536032727,38.06340721157808,-7.126748519855141,-6.950055664138503,-0.176692855716638,739.1091798149706,700.8358153022169,9.495820830406084,0,716.3999938964844,720.4249877929688,15.15714808872768
2025-11-26,708.2000122070312,713.75,703.9500122070312,710.5,54177,713.8222181532118,720.0113608620384,734.9979992675782,721.7370126342773,712.8905864985289,718.8717760029751,42.08014579157047,-6.965461884418687,-6.953136908194541,-0.0123249762241464,737.753819574092,700.1211743223923,8.90727008355914,0,716.3999938964844,720.4249877929688,15.082144601004464
2025-11-27,711.9500122070312,716.4500122070312,708.0999755859375,713.4500122070312,81244,713.9888848198784,719.2454528808594,733.435,721.7100402832032,713.0024716402294,718.378888385162,44.3723609344949,-6.524390619234737,-6.867387650402581,0.3429970311678438,735.7349674820802,700.2000300765136,8.505260149472608,0,716.3999938964844,720.4249877929688,14.72857666015625
2025-11-28,716.0,719.5,709.2000122070312,717.1500244140625,256256,714.2833319769966,718.6068170720881,731.83,721.6521301269531,713.831982194996,718.2671734786984,47.19507183622758,-5.809312265390304,-6.655772573400125,0.8464603080098216,732.5253340118521,701.4896684295542,8.488947750644792,0,716.3999938964844,720.4249877929688,14.132145472935267
2025-12-01,718.9000244140625,721.0,707.0,715.3499755859375,231653,713.5888875325521,717.8113625266335,730.3689990234375,721.5647454833984,714.1355808731844,718.0019736702656,45.97286926040607,-5.32645634179687,-6.389909327079475,1.063452985282605,730.3884676006785,702.1015348407277,8.175342787884805,0,716.3999938964844,720.4249877929688,13.028573172433036
2025-12-02,718.2999877929688,718.2999877929688,695.5999755859375,700.6500244140625,649856,711.4555596245659,716.1886374733665,728.8419995117188,721.7758926391601,711.43846958136,716.4245237378834,37.44474195318286,-6.060095739110579,-6.323946609485696,0.2638508703751165,729.8436537236004,700.0563523799152,8.616158341974298,0,712.6499938964844,717.5499877929688,12.810716901506696
2025-12-03,701.0,711.6500244140625,691.0999755859375,697.7999877929688,198844,708.8722262912327,714.6977289373225,727.0329992675781,722.075659790039,708.7107732236817,714.7313841065275,36.04850677310935,-6.793176869297099,-6.417792661447978,-0.3753842078491214,728.1563895462033,698.4586128952029,9.454043366761509,0,706.375,715.2999877929688,12.992863246372767
2025-12-04,694.0,720.7000122070312,694.0,712.4000244140625,241293,708.9166734483507,714.0545487837358,725.8079992675781,722.6099737548828,709.448623461758,714.5194423163034,46.95948428253365,-6.125437775090404,-6.359321684176464,0.2338839090860593,726.1039519864887,699.1060516756206,9.099744267942166,0,706.0499877929688,715.2999877929688,14.060721261160714
2025-12-05,708.25,720.0,707.0,716.7999877929688,125402,709.9555596245659,713.4250016645951,724.7839990234374,723.1960003662109,710.9188963280001,714.7267646323638,49.74236638171303,-5.181480576752733,-6.123753462691719,0.9422728859389852,726.0253853940005,699.1196158267026,8.770752247609918,0,706.0499877929688,715.2999877929688,14.342864990234377
2025-12-08,716.7999877929688,717.9500122070312,699.8499755859375,708.25,162723,710.2611151801216,712.5977283824574,723.7639990234375,723.7542581176758,710.3851170624,714.1379678476035,44.821163073839216,-5.064915067787524,-5.91198578371088,0.8470707159233557,726.0043030259617,699.2256957533352,9.19996495072774,0,706.0499877929688,715.2999877929688,14.228581019810267
2025-12-09,702.4500122070312,707.2000122070312,693.4000244140625,705.0,170669,709.6500040690104,712.0318187366832,722.9449987792968,724.3941424560547,709.30809364992,713.3072434978213,43.07659167402924,-5.175128243751601,-5.764614275719024,0.5894860319674233,724.7339871648493,698.7660128351507,10.175077231403616,0,706.0499877929688,713.5,14.478581019810267
2025-12-10,703.9500122070312,731.1500244140625,703.9000244140625,727.4500122070312,393135,711.2055596245659,712.9431818181819,722.8709985351562,725.1302969360352,712.9364773613422,714.5929497441131,55.8579275946148,-3.411617613034309,-5.2940149431820815,1.8823973301477723,726.9692315978625,697.6507696228407,10.226640024270116,0,711.125,713.5,15.51786586216518
2025-12-11,728.0,729.0,711.0,722.5499877929688,183532,711.8055555555555,712.9545454545455,722.8059985351563,725.9033737182617,714.8591794476675,715.3163168394635,53.05765842710625,-2.381956045212064,-4.711603163588078,2.3296471183760143,728.2187953912671,697.9062046087329,10.274519760503294,0,711.125,713.5,15.92500523158482
2025-12-12,722.2999877929688,731.9000244140625,720.0,729.2000122070312,123423,713.3444485134548,713.5431823730469,722.5069982910156,726.272751159668,717.7273459995403,716.5784709637879,56.26230768724801,-1.017610065366739,-3.9728045439438096,2.9551944785770714,730.69239739766,697.1576026023399,10.555388775596455,0,711.5,713.5,16.010724748883927
2025-12-15,729.4500122070312,745.5,725.5499877929688,741.0,309527,717.8277791341146,715.0659096457741,722.6849987792968,726.7600546264648,722.3818767996323,718.79860996708,61.3096361753062,1.0042282335564323,-2.9773979884437622,3.9816262220001946,735.9384365036307,694.5615634963693,11.784202065562775,0,718.2999877929688,718.2999877929688,16.817866734095983
2025-12-16,739.5,755.2000122070312,731.7999877929688,747.0,325257,723.294447157118,716.6590909090909,723.0399987792969,727.1228024291992,727.3055014397058,721.3623726973453,63.60923095702204,3.055477861105373,-1.7708228185339352,4.826300679639308,741.5191019271767,691.5209005142294,13.48357802016355,0,724.3000183105469,723.1499938964844,17.789297921316965
2025-12-17,744.0,748.0499877929688,738.0,742.3499755859375,110931,726.6222195095486,717.9249988902699,723.3219982910156,727.6031228637695,730.3143962689522,723.2703365963082,60.60294099056277,4.256819891127634,-0.5652942766016213,4.822114167729255,745.1722997023522,690.1177027390539,15.061569978007126,0,724.3000183105469,723.1499938964844,17.910723005022323
2025-12-18,738.25,750.6500244140625,732.0499877929688,743.2000122070312,103422,729.5555555555555,718.9068187366832,723.5739990234375,728.1119128417969,732.8915194565681,725.0821252881921,60.966118999068,5.217340700478644,0.5912327188144317,4.626107981664212,748.5456710046913,688.9593338781212,15.834698597860816,0,724.3000183105469,723.1499938964844,18.50358363560268
2025-12-19,744.2999877929688,751.4500122070312,740.0499877929688,749.2000122070312,105640,734.1055569118923,720.2409113103694,724.0469995117187,728.7211141967773,736.1532180066607,727.2746604626319,63.52224434793501,6.389061098682532,1.750798394788052,4.638262703894481,753.1491827847933,688.0758233187223,16.60682900072772,0,724.3000183105469,723.1499938964844,18.31787109375
2025-12-22,749.2000122070312,751.8499755859375,742.0,750.3499755859375,87280,739.1444430881077,721.5727289373225,724.3939990234375,729.3061029052734,738.9925695225162,729.3724163829324,64.00871341304799,7.326000812986649,2.8658388784277715,4.460161934558878,757.2388143072714,688.2761881341349,17.3525456723564,0,729.5500183105469,723.1499938964844,17.400011335100448
2025-12-23,749.5,755.0499877929688,744.0999755859375,746.9000244140625,76862,741.3055555555555,723.1590936834162,724.7479992675782,729.7717208862305,740.5740605008255,730.9658352948534,61.36472508870499,7.701373420876052,3.832945786917428,3.8684276339586248,759.9120814485381,689.7429234342745,18.280142577869928,0,733.1000061035156,723.1499938964844,16.71429443359375
2025-12-24,746.9000244140625,748.0999755859375,735.0,741.5999755859375,83483,743.4222208658854,724.7113647460938,724.9659985351562,730.1022253417968,740.7792435178479,731.9325753213155,57.4393466548939,7.484907911755272,4.5633382118849966,2.921569699870276,761.5500239313393,691.214978510067,18.011105082972055,0,737.6000061035156,723.1499938964844,15.742863246372767
2025-12-26,735.0,750.9000244140625,735.0,749.4000244140625,96664,745.6666666666666,726.7068204012784,724.9009985351563,730.5284085083008,742.5033996970909,733.520525238838,61.357079476359,7.852240448884117,5.221118659284821,2.6311217895992964,764.2282780511714,692.131725610938,17.997455031689732,0,740.375,723.1499938964844,15.950007847377233
2025-12-29,749.4000244140625,768.5,744.4500122070312,758.5999755859375,293162,747.6222195095486,728.8931829279119,725.4259985351563,730.961890258789,745.7227148748602,735.8004752703924,65.40233702501669,8.784451613349802,5.933785250097817,2.8506663632519844,768.339190023737,692.1658087555597,19.20273606842352,0,750.1499938964844,729.7999877929688,16.375004359654017
2025-12-30,761.9000244140625,767.0,751.0,759.4500122070312,135759,749.0055541992188,730.984092018821,725.9299987792969,731.4126055908204,748.4681743412945,737.9504331737232,65.75900117399891,9.482517964247904,6.643531792927835,2.838986171320069,771.9902987808418,692.9247036605643,20.321925602533454,0,750.2749938964844,729.7999877929688,16.457148960658483
2025-12-31,758.4500122070312,759.4500122070312,747.2000122070312,749.7999877929688,111035,749.8333333333334,732.4681812633168,726.2419982910156,731.9528973388672,748.7345370316293,739.0276654118364,58.398764015264064,9.151570645291372,7.145139563400543,2.0064310818908293,772.167368324901,697.6626304543959,20.8853697747342,0,750.2749938964844,729.7999877929688,15.385720389229911
2026-01-01,751.9000244140625,754.7000122070312,733.5,738.4000244140625,85886,749.3000013563368,733.5159107555043,726.3429992675781,732.4244540405274,746.667634508116,738.9706071393116,51.11956670169123,7.878591243856704,7.291829899491775,0.5867613443649287,769.8530497436193,704.036952697787,19.935019454993864,0,751.0,729.7999877929688,15.614292689732142
2026-01-02,741.9000244140625,744.4000244140625,732.5,735.5999755859375,83609,747.7888861762153,735.1045448996804,726.3829992675782,732.8248327636719,744.4541027236803,738.6641860890048,49.48792094081279,6.568092475886715,7.147082414770763,-0.5789899388840478,768.9404011751325,707.2695963834614,18.956571348664145,0,750.5,729.7999877929688,15.614292689732142
2026-01-05,735.5999755859375,739.9500122070312,713.5499877929688,718.0499877929688,171642,744.1999986436632,736.024999445135,726.1969995117188,733.0553149414062,739.173279737538,736.7901680620924,40.71591679142656,4.066499343982287,6.530965800613068,-2.464466456630782,768.8256359900944,707.5093615684995,18.6984191486182,0,741.0249938964844,729.7999877929688,16.075007847377233
2026-01-06,722.7000122070312,722.7000122070312,710.2000122070312,711.7000122070312,54327,740.2888861762153,735.9931807084517,725.7779992675781,733.2013635253907,733.6786262314366,734.5092448025414,38.08541709545863,1.553669073167839,5.535506455124023,-3.981837381956184,768.3207037980152,708.3592949812818,18.6838383503861,0,739.3500061035156,729.7999877929688,15.296434674944196
2026-01-07,713.2000122070312,727.2999877929688,713.2000122070312,720.0499877929688,700400,737.8944430881077,736.140907981179,725.5729992675781,733.3891619873046,730.9528985437431,733.1947668925802,43.27515241357298,0.2333166960727339,4.475068503313765,-4.241751807241031,766.16412456673,712.0208729918637,18.22863481039722,0,739.3500061035156,729.7999877929688,15.692862374441964
2026-01-08,721.7000122070312,726.0,705.0,710.6500244140625,75382,733.5888875325521,736.25,725.1619995117187,733.4308355712891,726.892323717807,731.1452448490786,39.28320501320918,-1.5536609252800415,3.269322617595004,-4.822983542875045,767.7766599084675,708.7283388708292,18.37626924061723,0,736.75,729.7999877929688,15.864288330078123
2026-01-09,710.6500244140625,710.6500244140625,700.0,702.0999755859375,108172,727.3111097547743,736.1181807084517,724.5469995117187,733.4492343139649,721.9338540914332,728.5047658251567,36.027758504396765,-3.618064256785601,1.891845242718883,-5.509909499504484,770.2530759258855,704.2069216327084,18.83456038113583,0,733.5,730.9500122070312,15.810716901506696
2026-01-12,702.1500244140625,722.4000244140625,694.1500244140625,702.5499877929688,234947,720.9888848198784,734.9863614169034,723.8709997558594,733.4813687133789,718.0570808317403,726.1452405495032,36.32684746680072,-5.158344363167316,0.4818073215416432,-5.640151684708959,772.2660742283907,699.5289208887967,18.14640598399936,0,726.8000183105469,730.9500122070312,17.125004359654017
2026-01-13,702.5499877929688,712.0,700.0,701.5,45050,715.6222195095486,734.0295437899503,723.2890002441407,733.5586895751953,714.7456646653923,723.9047641359119,35.90504517570467,-6.390091685120069,-0.8925724797906993,-5.49751920532937,773.2907677365363,694.5542273806511,17.50740547237264,0,724.4250183105469,730.9500122070312,17.200003487723215
2026-01-14,701.4000244140625,701.9500122070312,691.5,699.25,103185,711.272216796875,732.6681795987216,722.7430004882813,733.7221377563477,711.6465317323139,721.6634219417382,34.96805370848473,-7.461801505053131,-2.2064182848431857,-5.2553832202099455,773.2836091375549,689.7863859796327,17.529402409745682,0,717.9500122070312,730.0,17.01072038922991
2026-01-15,699.25,699.25,699.25,699.25,0,707.2333306206597,730.7704523259944,722.115,733.925785522461,709.1672253858511,719.6258381288529,34.96805370848473,-8.216425420897622,-3.408419712054073,-4.808005708843549,773.1773145454317,685.5826830131621,17.549828137306363,0,715.7250061035156,730.0,15.875004359654016
2026-01-16,702.1500244140625,704.4000244140625,695.0999755859375,699.7000122070312,63897,705.1944444444445,728.6204528808594,721.58,734.1431686401368,707.2737827500872,717.8143994086873,35.359342194875666,-8.678122097184655,-4.46236018908019,-4.215761908104465,772.4104233636609,681.9995741949327,17.042810165504196,0,709.3999938964844,730.0,14.821437290736608
2026-01-19,699.7000122070312,704.5999755859375,686.0,696.7000122070312,108149,703.5277777777778,726.5454545454545,721.165,734.3258267211914,705.159028641476,715.8949096630822,33.895177685505075,-9.18027052336754,-5.40594225593766,-3.77432826742988,770.499219720762,678.6607778378317,17.251898869278854,0,706.6499938964844,727.25,15.007149832589286
2026-01-20,699.0999755859375,703.0499877929688,600.0,693.4000244140625,134775,700.5666707356771,724.2818187366832,720.885,734.3374295043945,702.8072277959934,713.8499200949896,32.31027669183857,-9.73232007695708,-6.271217820141544,-3.4611022568155363,767.9850454949953,675.479956946411,20.41659028675942,0,663.0,684.25,21.492863246372767
2026-01-21,685.0,688.2999877929688,657.9000244140625,661.5,387797,695.1055569118923,720.2954545454545,719.6690002441406,734.3053860473633,694.5457822367948,709.0908364499904,21.731797472991214,-12.59865919525646,-7.536706095164527,-5.061953100091932,769.356230616942,665.568769383058,23.35523231727709,0,661.2000122070312,684.25,22.51429094587053
2026-01-22,664.4500122070312,675.0,662.8499755859375,672.7000122070312,55932,691.8388943142361,716.7659107555043,718.7980004882812,734.2639251708985,690.1766282308422,705.7825797006305,30.35351741811669,-13.807343750682207,-8.790833626268064,-5.016510124414143,768.2591810968152,659.7758225652942,26.083971345614923,0,661.2000122070312,684.25,22.62857491629464
2026-01-23,672.7000122070312,672.75,649.5,650.9000244140625,150561,686.1000094943577,712.4022743918679,717.6660009765625,734.137184753418,682.3213074674863,700.7932564927607,24.65953765673305,-16.3360005482391,-10.299867010662272,-6.036133537576827,767.531925180281,650.6530784818285,28.869128219449035,0,656.0,684.25,22.403573172433035
2026-01-27,650.9000244140625,657.8499755859375,637.75,647.5,141443,680.1000094943577,708.1250027743253,716.3770007324218,734.0209094238281,675.3570459739891,695.9484149934189,23.90630386045555,-18.402203684218875,-11.920334345373591,-6.481869338845282,763.269405049127,643.8056010543885,31.654486761638196,0,652.2999877929688,684.25,22.946428571428573
2026-01-28,665.0,687.9500122070312,653.3499755859375,661.7999877929688,1157719,675.9388970269097,704.1431829279119,715.3230004882812,733.9174578857422,672.6456343377852,692.8440125206506,33.15446870249528,-18.67057231514332,-13.27038193932754,-5.400190375815779,755.0120603038359,642.2979433582735,32.07683300121322,0,652.2999877929688,684.25,24.721431187220983
2026-01-29,664.0,664.0,647.9000244140625,660.0,449303,671.5777859157986,699.6613658558239,714.0910009765626,733.8382144165039,670.1165074702282,689.8581932005915,32.61710190465837,-18.81165135345316,-14.378635822152663,-4.433015531300494,747.5982039781792,640.7318009046334,32.62061613143656,0,652.2999877929688,684.25,24.37142944335937
2026-01-30,653.6500244140625,669.6500244140625,651.5,657.8499755859375,253187,666.9277818467882,695.0431823730469,712.8510009765625,733.5846768188477,667.66320109337,686.9483552356229,31.95095334597549,-18.87931748939377,-15.278772155600883,-3.600545333792885,741.639951375507,638.635048624493,32.76069559487141,0,652.2999877929688,684.25,24.90714372907366
2026-02-02,658.0999755859375,658.8499755859375,642.6500244140625,655.6500244140625,93311,662.3666720920139,690.7636385830966,711.5430017089843,733.290426940918,665.2605657575085,684.1030524336629,31.247721687893275,-18.892678031384094,-16.001553330757528,-2.891124700626566,735.1348172374745,637.1451876453381,33.162253499816046,0,651.5249938964844,684.25,24.04642595563616
2026-02-03,670.0,670.0,658.0499877929688,664.25,94822,659.1277804904514,687.3931829279119,710.5880017089844,733.0554064941406,665.0584526060069,682.2982294851481,37.077959262513225,-18.001806579861295,-16.40160398057828,-1.6002025992830156,730.95299912946,635.9470069740556,32.812871385055445,0,663.0249938964844,684.25,24.214281354631694
2026-02-04,660.5499877929688,663.5499877929688,656.2999877929688,657.6500244140625,48499,658.7000054253472,683.8500033291904,709.592001953125,732.7646649169922,663.576766967618,680.0574835695949,34.64952559856127,-17.625175357405737,-16.646318255943772,-0.9788571014619656,727.6293155188529,633.8656918053658,32.550951193754045,0,662.8500061035156,683.5,24.035709926060267
2026-02-05,657.1500244140625,658.0,650.2999877929688,653.6500244140625,54882,656.5833401150173,680.9227322665128,708.5550024414063,732.3365710449219,661.5914184569069,677.6568054645464,33.229059676996584,-17.448325535169488,-16.806719711788915,-0.6416058233805728,721.9345970866295,632.9204138996986,32.52588888901319,0,662.8500061035156,679.7250061035156,24.585710797991077
2026-02-06,651.4000244140625,655.0,642.2000122070312,649.75,63167,656.4555596245659,678.1068226207386,707.3400024414062,731.9146948242187,659.2231347655256,675.1198231495877,31.85773455178122,-17.422039724167007,-16.929783714264534,-0.4922560099024728,717.6346502081767,631.1303583367451,32.788203974502125,0,662.8500061035156,677.3500061035156,24.83570643833705
2026-02-09,651.0,673.9000244140625,649.75,670.75,109214,659.0388929578993,675.8659140846946,706.4860021972656,731.620290222168,661.5285078124205,674.7225664996251,45.01591984609861,-15.527689989345504,-16.64936496928073,1.121674979935225,714.063544685225,631.5664663011032,31.776234705099053,0,665.0750122070312,672.2000122070312,25.23213849748884
2026-02-10,673.5,680.0,664.7000122070312,674.1500244140625,190379,660.411119249132,674.2068231756037,705.6260021972656,731.2457580566406,664.052811132749,674.6705172191195,46.80686561687263,-13.59533209582105,-16.038558394588794,2.443226298767744,710.2175038902112,632.5725107582264,30.472789018237435,0,661.1000061035156,669.9750061035156,18.964281354631694
2026-02-11,676.9000244140625,678.9500122070312,661.0,666.5,256875,661.1333414713541,672.588642467152,704.6490026855469,730.9385928344726,664.5422489061991,673.9277429264722,43.38289908197815,-12.53670227955672,-15.33818717158238,2.801484892025659,705.8186678519202,633.4713467965174,29.430938145100956,0,661.1000061035156,663.6499938964844,17.710710797991073
2026-02-12,666.4500122070312,668.0499877929688,651.7000122070312,654.2999877929688,119995,660.7388983832466,670.3954606489701,703.722001953125,730.5821627807617,662.493796683553,672.1434015506992,38.54090764573325,-12.537643399801825,-14.778078417226268,2.2404350174244456,701.3433583450326,633.4516550827018,28.87663876428661,0,661.1000061035156,663.6499938964844,17.914280482700892
2026-02-13,651.0,654.3499755859375,636.8499755859375,639.75,109313,658.9722290039062,667.588642467152,702.5610021972657,730.2343801879883,657.9450373468425,669.198546864272,33.708807928160525,-13.556184404563396,-14.533699614693695,0.9775152101302992,697.0167096308994,631.8283037968349,28.953552934372045,0,658.4249877929688,663.0,17.503566196986608
2026-02-16,639.0,641.8499755859375,630.0,634.0499877929688,153678,655.6166720920139,664.6250055486506,700.9940014648438,729.9080346679688,653.1660274360678,666.0032233123353,32.01536617501036,-14.65440201279148,-14.557840094313253,-0.0965619184782262,691.9494573222298,630.3305536640983,29.27467327941778,0,655.0,661.2000122070312,16.914280482700892
2026-02-17,630.0,646.7000122070312,630.0,643.7000122070312,122771,654.0666707356771,662.1000061035156,699.532001953125,729.6246957397461,651.2728243902604,663.9756586663987,37.719819623201936,-14.578024664124086,-14.56187700827542,-0.0161476558486661,685.2756863412969,631.7043246450312,29.2234196794548,0,655.0,661.2000122070312,15.21785191127232
2026-02-18,643.5499877929688,644.8499755859375,636.2999877929688,637.7000122070312,74850,652.294447157118,659.2818242853338,698.1210021972656,729.3348275756836,648.5582619536146,661.5869635337289,35.71331150502429,-14.83068600446586,-14.615638807513507,-0.2150471969523515,678.4918207831123,632.9181889825128,29.175827050917743,0,655.0,656.0,14.678567068917411
2026-02-19,638.5499877929688,644.0,632.3499755859375,639.7999877929688,249808,651.1888902452257,656.69545953924,696.817001953125,729.1126370239258,646.8066071214855,659.6063293754779,36.97693734104116,-14.692109959365894,-14.630933037883986,-0.0611769214819073,678.294232869388,630.9457756755339,29.30241932483416,0,655.0,652.2999877929688,14.214281354631696
2026-02-20,639.7999877929688,641.7000122070312,633.0,635.3499755859375,123345,647.2555541992188,654.0568209561435,694.9750012207031,728.8422293090821,644.515280814376,657.4012063037014,35.38947580383589,-14.771094260097923,-14.658965282326774,-0.1121289777711513,676.313953027919,629.1910518548935,29.419969293470825,0,655.0,652.2999877929688,13.678571428571429
2026-02-23,635.4000244140625,638.5999755859375,626.5,628.7999877929688,142924,642.2166612413195,652.5704567649148,693.1000012207031,728.5742770385742,641.3722222100946,654.8010955299984,33.13462259680371,-15.187151137203386,-14.764602453302096,-0.4225486839012902,677.5330583902057,625.7619428304974,29.825239384517555,0,652.7250061035156,652.2999877929688,13.517857142857142
2026-02-24,629.3499755859375,633.9500122070312,626.0,628.9000244140625,116134,638.0388861762153,650.5795482288707,691.0940014648437,728.3512692260742,638.8777826508882,652.4464527012769,33.20462190757618,-15.332068548213442,-14.878095672284369,-0.4539728759290753,678.4976270244949,622.9373766376145,30.22450515197825,0,647.0249938964844,652.2999877929688,13.517857142857142
2026-02-25,628.0,631.5999755859375,619.5,624.7000122070312,137880,634.75,649.3886385830966,688.7680017089843,727.9606958007812,636.0422285621169,649.9240490199819,31.703962183591003,-15.605927111266965,-15.023661960080888,-0.5822651511860766,678.4242521691967,619.3007539343189,30.894162321890363,0,636.9249877929688,651.5249938964844,13.832140241350446
2026-02-26,624.7000122070312,633.9000244140625,624.5499877929688,631.0999755859375,168380,633.7888861762153,648.6431829279119,686.4500012207031,727.6690380859375,635.0537779668811,648.2127696168869,36.419378842397535,-15.132104951111046,-15.045350558286922,-0.0867543928241243,677.5075903367633,617.327413325346,31.275711678543964,0,633.1000061035156,653.8999938964844,13.585715157645089
2026-02-27,628.0,642.2999877929688,625.5999755859375,638.1500244140625,161268,634.2444458007812,647.5681845925071,684.3660021972656,727.3352279663086,635.6730272563174,647.2979745984484,41.23285142925607,-14.02603406497201,-14.84148725962394,0.8154531946519317,676.3740578659324,616.4909506789895,30.787609461770373,0,633.1000061035156,653.7250061035156,13.053571428571429
2026-03-02,609.0999755859375,636.9500122070312,609.0999755859375,631.1500244140625,121852,632.8500027126736,646.2568220658736,682.1250024414062,726.9282159423828,634.7684266878664,645.8299791271406,38.14496344296589,-13.558018025233764,-14.584793412745906,1.026775387512142,675.5630743435452,614.8519342013767,31.16971645565394,0,626.9749755859375,648.5249938964844,14.035718645368304
2026-03-04,630.0,634.7999877929688,620.2000122070312,630.4500122070312,124273,632.044447157118,645.0113691850142,679.7500024414062,726.496730041504,633.9047437916994,644.4318003162216,37.83978135238016,-13.092672893518513,-14.286369308900428,1.1936964153819165,673.1644910007086,613.8705187649165,31.52453009283154,0,626.5499877929688,648.5249938964844,13.79643031529018
2026-03-05,630.4500122070312,637.5,624.4500122070312,630.4000244140625,106533,631.0000067816841,643.8636419122869,677.3510034179687,726.0200509643555,633.2037999161721,643.1561843251162,37.81651403222441,-12.582869632570803,-13.945669373634503,1.3627997410636985,671.5710586574785,612.7389511081465,31.57651375367805,0,625.6999816894531,648.5249938964844,13.560716901506696
2026-03-06,629.25,629.25,609.25,614.3499755859375,156703,628.6666734483507,641.595458984375,674.7000024414062,725.4963299560546,629.4330350501252,640.5374380760999,31.185908059182708,-13.320402373017032,-13.82061597351101,0.5002136004939786,671.5586241473931,608.8213807354194,32.33849596123016,0,625.6999816894531,644.5499877929688,13.821432931082589
2026-03-09,600.0,608.0999755859375,594.5,605.8499755859375,122019,626.1166720920139,639.2409113103694,671.9850024414062,724.979296875,624.7164231572876,637.384032395176,28.350831567401,-14.424504635497328,-13.941393705908276,-0.4831109295890528,672.5308340710518,603.4591683703544,33.596986869541325,0,618.3999938964844,637.25,14.39286150251116
2026-03-10,612.8499755859375,619.2000122070312,610.0499877929688,615.5999755859375,74783,624.6388888888889,637.5113636363636,669.3090014648437,724.4433489990234,622.8931336430176,635.4036635943361,35.58462794281495,-14.34738242364574,-14.022591449455769,-0.3247909741899715,667.4930871428766,602.9819128571233,33.71951573722315,0,618.3999938964844,637.25,14.153577532087054
2026-03-11,617.9000244140625,646.0,611.1500244140625,619.9000244140625,302701,624.1055569118923,636.1545465642756,666.5350024414063,723.9501248168946,622.2945117972266,633.9942418506748,38.53214701555481,-13.780432266548132,-13.974159612874242,0.19372734632611,659.7314592185469,605.3185407814531,31.87601842131233,0,620.25,637.25,16.032148088727677
2026-03-12,618.5499877929688,624.25,608.1500244140625,619.0,74350,622.7611151801216,633.8022738370029,663.7260021972656,723.4002160644532,621.6356094377813,632.6311289551589,38.13877861342132,-13.250995404228206,-13.829526771145035,0.578531366916831,652.7761225845355,607.5238774154644,30.320954120900257,0,620.25,637.25,16.350001743861608
2026-03-13,618.1500244140625,618.3499755859375,601.0,603.4500122070312,93557,618.9055582682291,630.5886369185014,660.7990026855468,722.7483380126953,617.9984899916313,629.9783001598746,32.050770965884325,-13.925640815761769,-13.848749580068384,-0.0768912356933828,650.2353982885588,604.9796041528475,29.247077831915625,0,620.25,637.25,17.014286586216517
2026-03-16,604.5,624.9500122070312,592.5499877929688,623.3499755859375,192089,618.0388861762153,628.6272721724076,658.4980017089844,722.1497680664063,619.0687871104926,629.3757251986076,44.30374032496076,-12.708050930574586,-13.620609850169624,0.912558919595039,648.7412379865998,604.8337620134002,28.663467302907247,0,619.2749938964844,636.2749938964844,18.464290073939733
2026-03-17,622.2999877929688,627.25,613.5,616.4000244140625,75824,616.4777764214409,626.9045465642756,656.1140026855469,721.3931036376953,618.5350345712067,628.1961160363762,41.489815583737226,-12.163689707394385,-13.329225821614578,1.1655361142201954,648.0477029678882,603.7623006942213,27.95168548882,0,619.2749938964844,636.2749938964844,18.87857491629464
2026-03-18,616.0499877929688,623.2000122070312,611.4500122070312,618.3499755859375,90793,615.1388821072048,625.9318181818181,654.1200024414062,720.6626681518554,618.4980227741528,627.3010123590636,42.59154416708008,-11.44302666461192,-12.951985990214048,1.5089593256021274,645.3470506785766,603.9279493214235,27.398199347621244,0,619.2749938964844,636.2749938964844,18.85357666015625
2026-03-19,615.0,616.9000244140625,606.2000122070312,610.0999755859375,83922,614.6666598849827,624.8431812633168,652.0880017089844,719.8882360839843,616.8184133365097,625.7372817433248,39.22616575432454,-11.406119418390745,-12.642812675849388,1.2366932574586436,643.9803732187761,602.5346231191145,27.160998464926784,0,619.2749938964844,635.75,19.053571428571427
2026-03-20,620.0,633.5499877929688,602.5999755859375,629.7000122070312,207899,617.316663953993,624.2068176269531,650.2810021972656,719.2437640380859,619.394733110614,626.0975299672981,49.44619200032469,-9.68368353299195,-12.0509868472779,2.367303314285952,642.2330155013672,603.2719832779296,25.680084391569107,0,619.2749938964844,630.2999877929688,20.071428571428573
2026-03-23,622.0999755859375,622.0999755859375,603.25,610.2000122070312,275586,616.7166680230034,622.9568176269531,648.272001953125,718.4960491943359,617.5557889298974,624.652301080001,41.89729100956515,-9.779396915850498,-11.596668860992422,1.817271945141924,640.7977002845266,602.1923021568796,24.304949894879837,0,619.2749938964844,623.4499816894531,19.885711669921875
2026-03-24,614.7000122070312,628.2000122070312,603.2999877929688,616.5499877929688,136505,616.3444417317709,621.899999445135,646.5610021972657,717.7728433227539,617.3546287025117,623.9157271448163,44.84998629540432,-9.2363891557834,-11.124612919950618,1.8882237641672184,639.9855988583831,601.7794035830232,22.59476455612953,0,613.0499877929688,619.625,20.62142944335937
2026-03-25,619.5,633.5499877929688,616.0999755859375,628.2000122070312,163337,617.3666653103298,621.5750011097301,645.0740026855469,717.1321072387695,619.5237054034156,624.3052076050176,49.88214350833305,-7.776351052548648,-10.454960546470224,2.678609493921577,639.891219839975,601.8037813807281,21.32116345904115,0,613.0499877929688,619.625,20.935716901506694
2026-03-27,625.0,629.8499755859375,613.9500122070312,617.0,92342,618.8722195095486,621.0386380282315,643.3840026855469,716.3961703491211,619.0189643227326,623.6410978227433,45.57661031235876,-7.437275437725816,-9.851423524721344,2.414148086995528,639.4896125441904,601.4353874558095,19.97668097761391,0,613.0499877929688,619.2749938964844,20.56071254185268
2026-03-30,614.5,629.9000244140625,593.3499755859375,621.9500122070312,259743,618.7166680230034,620.7227283824574,641.8380029296875,715.7069558715821,619.6051738995924,623.4873627667695,47.72421743064905,-6.691989860449212,-9.219536791866918,2.5275469314177066,638.384154896342,601.6258487657673,19.7071593445984,0,613.4499816894531,619.2749938964844,21.75357491629464
2026-04-01,629.6500244140625,630.5999755859375,619.0,621.4000244140625,74772,619.2722235785591,620.5727289373225,640.2810034179688,715.0102471923828,619.9641440024865,623.2976047347053,47.49993578534127,-6.075688336261919,-8.59076710074592,2.5150787644840005,635.4750340823678,602.8599695797416,19.401840033934093,0,613.4499816894531,619.2749938964844,21.628570556640625
2026-04-02,621.4000244140625,630.0,608.5,627.0,85255,620.2333374023438,620.3863664106889,638.8270031738281,714.3969689941406,621.3713152019892,623.6341861224593,50.07276072393337,-5.076870704060184,-7.887987821408773,2.811117117348589,634.722048190326,603.1979530303772,19.702900152740444,0,613.4499816894531,619.2749938964844,20.6750008719308
2026-04-06,626.0,640.75,615.1500244140625,636.0,158953,623.1111178927952,620.2886380282315,637.6130029296875,713.8506628417969,624.2970521615914,624.7583510204175,53.97641962758898,-3.5185164827732933,-7.014093553681677,3.495577070908384,636.014058069118,602.4609419308819,19.13115037811726,0,617.0499877929688,619.2749938964844,21.353572300502236
2026-04-07,636.0,640.5999755859375,626.0,628.3499755859375,64960,622.9611138237847,620.1613630814986,636.312001953125,713.2940713500976,625.1076368464607,625.0848623445556,50.37127843076351,-2.867744992199846,-6.184823841385311,3.317078849185465,635.6473623232224,602.6226327939652,18.600239873110013,0,617.0499877929688,619.2749938964844,21.110713413783483
2026-04-08,642.5,645.0499877929688,627.4500122070312,639.6500244140625,122360,626.2333374023438,620.5795454545455,635.8750024414062,712.8536547851562,628.016114359981,626.408967987238,55.13779396881763,-1.4237720376016796,-5.232613480628586,3.808841443026906,639.100361218787,601.6996387812129,17.7542905882742,0,619.1999816894531,619.2749938964844,20.05356706891741
2026-04-09,640.0,648.5999755859375,636.5999755859375,639.9000244140625,71261,628.8277859157986,621.0113636363636,635.2190026855469,712.4801556396484,630.3928963707973,627.6354276624039,55.24021762234827,-0.2562858533710823,-4.237347955177086,3.9810621018060033,641.4152695389384,602.7897353438741,16.68955936775138,0,620.9749755859375,620.5749816894531,19.92856706891741
2026-04-10,642.9000244140625,644.4500122070312,634.25,640.5999755859375,35623,630.2055596245659,622.2045454545455,635.0130017089843,712.1413668823242,632.4343122138254,628.8140229281796,55.546231163370514,0.7171684967411238,-3.246444664793444,3.963613161534568,644.0777363810591,602.6272685017534,15.877407716331568,0,620.9749755859375,620.5749816894531,19.817853655133927
2026-04-13,630.2000122070312,639.5,622.5999755859375,637.75,58324,632.5111151801216,623.6545465642756,634.8180017089844,711.795319519043,633.4974497710602,629.6263844801633,53.92950238461757,1.2443250662215632,-2.3482907185904427,3.592615784812006,645.8623920209624,602.6276104204438,15.931921746637473,0,620.9749755859375,620.5749816894531,20.235713413783483
2026-04-15,644.75,648.0,637.0999755859375,644.2999877929688,321793,634.9944458007812,624.9590925736861,634.4680017089844,711.4925088500977,635.657957375442,630.9603484176911,57.02534587032025,2.165665278601523,-1.4454995191520497,3.611164797753573,648.7362018236154,602.2837993970877,15.267007497920847,0,628.5499877929688,620.5749816894531,18.803571428571427
2026-04-16,647.0,648.4500122070312,636.0,641.7999877929688,96944,637.2611083984375,625.9545454545455,634.1040014648438,711.1512307739258,636.8863634589475,631.94577017908,55.49258209568805,2.663402877718568,-0.6237190397779263,3.287121917496494,649.2767560118507,605.5782427674462,14.728473447474896,0,628.5499877929688,620.5749816894531,17.803571428571427
2026-04-17,644.9500122070312,664.0,642.8499755859375,660.0499877929688,227253,640.9333292643229,627.8204539905895,634.1480017089843,710.8782318115234,641.5190883257518,634.5006990530699,63.25671298802258,4.478856519446026,0.3967960720668642,4.0820604473791615,655.4112992093579,603.1137007906422,14.298602465219068,0,639.5750122070312,628.2749938964844,17.610713413783483
2026-04-20,661.0,679.9000244140625,647.0,654.0999755859375,258965,642.9444376627604,630.122725053267,634.1170007324218,710.4009527587891,644.035265777789,636.2824514651487,59.60590171733536,5.375534535401357,1.3925437647337628,3.982990770667594,658.7851955920635,603.509799525124,14.837456329924397,0,651.25,636.2250061035156,18.714285714285715
2026-04-21,654.0,673.4000244140625,651.5499877929688,662.5499877929688,570411,646.7444390190972,631.9045437899503,634.0830004882813,709.9444506835938,647.738210180825,638.6704093131324,62.88223963683654,6.690875441506819,2.452210100088374,4.238665341418445,663.6296286387994,603.0853676990912,15.337820632865055,0,651.25,636.2250061035156,19.13929094587053
2026-04-22,664.0,695.5,664.0,684.9000244140625,354656,651.772216796875,635.0181801535866,634.6280004882813,709.6711087036133,655.1705730274725,642.8731015950351,69.84831207168986,9.428072799921551,3.8473826400550095,5.580690159866542,673.1935019486499,601.0014992720531,16.85332189385102,0,659.0499877929688,644.0249938964844,18.882145472935267
2026-04-23,684.9500122070312,708.75,683.1500244140625,690.1500244140625,283599,657.3555501302084,638.2818187366832,635.3580004882813,709.4207708740234,662.1664633047906,647.1710036694922,71.21490640656162,11.883961638566577,5.454698439757323,6.429263198809252,683.0790110186447,597.1609914227615,18.751677939390824,0,665.6749877929688,650.6499938964844,19.882145472935267
2026-04-24,684.0999755859375,689.75,656.0,659.2999877929688,173639,659.4333292643229,640.5181829279119,635.5490002441406,709.0024499511719,661.5931682024263,648.2736385898082,55.34178854322776,11.211689725981046,6.606096697002068,4.605593028978978,683.9160443317801,601.23395566822,18.53729843568546,0,665.6749877929688,650.6499938964844,20.785718645368306
2026-04-27,664.9500122070312,682.5,662.4000244140625,680.5,91433,664.1833292643229,642.8272732821378,635.7440002441406,708.7263336181641,665.3745345619411,651.2033078089165,61.66517754893773,12.24838148362187,7.734553654326029,4.513827829295841,688.5070876309754,603.0379135897277,18.33823175367334,0,672.375,651.0499877929688,20.614292689732142
2026-04-28,680.5,686.0999755859375,669.0999755859375,672.75,155248,667.3444417317709,645.6704545454545,635.7159997558593,708.4301937866211,666.849627649553,653.1620980081059,58.40920919424343,12.302788057458656,8.648200534952554,3.6545875225061017,691.5150825907442,604.4849174092558,18.326829141464767,0,672.375,651.0499877929688,20.785723005022323
2026-04-29,685.0499877929688,696.5999755859375,677.1500244140625,690.8499755859375,166925,672.7944403754341,649.0477267178622,636.2029992675781,708.2362890625,671.64969723683,656.5882686969996,63.28499630707236,13.64908427393027,9.6483772827481,4.000706991182172,696.6412436811353,606.7437538774585,18.80141468815176,0,675.7999877929688,651.0499877929688,21.23215157645089
2026-04-30,690.8499755859375,690.8499755859375,670.6500244140625,676.6500244140625,89490,674.6388888888889,651.25,636.65,707.9444186401367,672.6497626722766,658.4120646712781,57.58170418777554,13.415569999347667,10.401815826068011,3.0137541732796542,698.4023939874728,610.4526047918241,18.773984149554018,0,677.875,651.0499877929688,21.817862374441965
2026-05-04,679.5499877929688,688.0,676.5999755859375,685.4000244140625,96938,678.1166720920139,654.359092018821,637.5630004882812,707.7025402832031,675.1998150206338,660.8655155569858,59.975341665345695,13.777738929525412,11.077000446759492,2.700738482765919,700.789841989484,614.4651567898128,18.74851293514183,0,680.1499938964844,651.0499877929688,21.90357753208705
2026-05-05,685.0,687.5999755859375,676.0999755859375,680.0,47222,680.0555623372396,656.9977278275924,638.4820007324219,707.4424008178711,676.159852016507,662.6050141427144,57.80733572902229,13.473707067665146,11.556341770940625,1.9173652967245225,702.0065179525242,618.5484808267728,18.685473485932192,0,682.375,651.0499877929688,21.43929181780134
2026-05-06,683.0,686.4500122070312,675.5,682.7000122070312,75300,679.8111165364584,659.7840909090909,639.2620007324218,707.2212295532227,677.4678840546119,664.4318321485614,58.612913145033296,13.297344536367746,11.904542324026048,1.3928022123416977,703.8449725147381,621.3800274852618,18.576578072119,0,682.375,651.0499877929688,21.442862374441965
2026-05-07,686.0,687.5999755859375,670.0499877929688,674.2999877929688,143375,678.0500013563368,661.9340903542259,639.9940002441406,706.9940124511719,676.8343048022832,665.3289372071439,55.088927322224826,12.337544656464727,11.991142790513784,0.3464018659509449,703.1135037882949,626.7064974324081,18.01284406887953,0,676.2999877929688,651.0499877929688,21.807146344866077
2026-05-08,670.0,678.5,668.25,671.75,36505,679.433336046007,663.5590903542259,640.6330004882813,706.7363177490234,675.8174438418266,665.9126701883126,54.02700206230429,11.241548064435165,11.84122384529806,-0.5996757808628956,702.9042983781419,630.125700401155,17.33692754856462,0,679.5,651.0499877929688,20.95357404436384
2026-05-11,671.75,671.7999877929688,656.3499755859375,660.4500122070312,48998,677.2055596245659,665.0181829279119,641.1350012207031,706.2980297851562,672.7439575148676,665.416064917287,49.47559942937927,9.353328938312757,11.343644863901,-1.9903159255882432,701.8696315518034,633.2153660067904,16.423830301821276,0,676.4749755859375,658.625,19.707144601004465
2026-05-12,660.4500122070312,663.8499755859375,642.2999877929688,658.2000122070312,190675,675.5888943142361,665.8613641912287,641.7230017089844,705.8459948730468,669.8351684533004,664.7600601254455,48.59771079509249,7.587877156441209,10.592491322409042,-3.0046141659678334,700.6815398027725,636.1634614179306,16.483130448860525,0,669.4499816894531,658.625,19.68571254185268
2026-05-13,662.5,665.6500244140625,643.0999755859375,648.3499755859375,85783,670.8666720920139,666.2454528808594,642.1120007324218,705.3122506713867,665.5381298798279,663.2682342582175,44.84613765509462,5.332458996808555,9.540484857288943,-4.20802586048039,699.3863885291166,638.5186102501802,16.38720363000782,0,666.5749816894531,661.9500122070312,18.942858014787948
2026-05-14,651.3499755859375,653.5999755859375,638.75,649.7999877929688,62235,667.8833346896702,666.6636352539062,642.6140002441406,704.8144702148437,662.3905014624561,662.0438482159221,45.51295874609973,3.62029521307818,8.356446928446793,-4.736151715368614,698.8109674300587,639.6440313492382,16.56977313177088,0,663.375,665.6749877929688,18.1750008719308
2026-05-15,654.0,684.0,639.9500122070312,669.0499877929688,529508,666.066663953993,668.0863619717685,643.3730004882813,704.3505184936523,663.7223987285587,662.6807699956536,53.54316617478532,3.7732119612885526,7.439799935015145,-3.666587973726593,697.2170434343249,643.9629553449721,16.175953162837278,0,663.1749877929688,665.6749877929688,18.88214111328125
2026-05-18,667.0,667.0,651.0999755859375,659.5,121453,663.7888861762153,668.7772716175426,643.8,703.709729309082,662.877918982847,662.3916090869578,49.63495571387334,3.0881965758457,6.569479263181257,-3.4812826873355567,697.2364716294527,643.8885283705473,15.810263191684644,0,663.1749877929688,665.6749877929688,18.50714111328125
2026-05-19,659.0,680.0,658.0,678.25,95651,663.2944403754341,670.4340903542259,644.7419995117187,703.2181204223633,665.9523351862775,663.8332809881434,56.36868073893775,4.0120369823979445,6.057990807024595,-2.0459538246266504,697.4750094733599,646.0649929680462,16.177034006266098,0,663.1749877929688,665.6749877929688,18.864283970424108
2026-05-20,675.4500122070312,681.0,670.0,676.7999877929688,47165,663.5722181532118,671.1954539905895,645.6689990234376,702.7467269897461,668.1218657076158,665.0120725158548,55.74794027932368,4.5744518601056825,5.761283017640813,-1.1868311575351305,697.8998155694451,647.0651868719613,16.56914013689711,0,661.375,665.6749877929688,17.946428571428573
2026-05-21,686.9500122070312,689.0,656.0499877929688,664.4500122070312,153003,662.7611083984375,671.6659102006392,646.3499987792969,702.3221966552734,667.387495007499,664.9609761241436,50.63359472594677,3.9777765539032544,5.404581724893302,-1.4268051709900478,696.4151402513019,646.5048609694013,15.885412994820364,0,663.875,672.375,18.857147216796875
2026-05-22,675.0,677.0,644.0,653.2000122070312,279993,661.955552842882,671.2409113103694,647.1269995117187,701.7535269165039,664.5499984474055,663.8917975862242,46.45292893428202,2.567529216520711,4.8371712232187845,-2.2696420066980734,694.2101046778749,645.014895322125,15.02171632654992,0,663.875,672.375,20.40000261579241
2026-05-25,652.2000122070312,658.25,635.0499877929688,640.5,171883,659.9888848198784,669.2227283824574,647.82,701.1425805664062,659.7399987579245,661.7652705329311,42.21538917307614,0.4202685998734523,3.953790698549718,-3.533522098676266,696.1927056725153,641.1522955481878,14.732668577683588,0,662.0249938964844,671.8999938964844,21.2357177734375
2026-05-26,640.5,650.9000244140625,632.5499877929688,638.9000244140625,136805,658.9388902452257,666.8931829279119,648.2860009765625,700.5917984008789,655.572003889152,659.6866117948521,41.69930164186484,-1.394480859909322,2.8841363868579104,-4.278617246767233,696.5308620514552,636.6541416106543,14.603918544861768,0,660.7749938964844,670.6499938964844,21.76429094587053
2026-05-27,641.5,643.0,632.8499755859375,637.7999877929688,82913,657.6055569118923,665.9159102006392,648.6440002441407,700.0122952270508,652.0176006699154,657.6969187037718,41.325237226759945,-2.8881538040437817,1.729678348677572,-4.617832152721354,697.2486060348846,632.4413964065217,14.484364942955796,0,660.7749938964844,670.6499938964844,21.23572213309152
2026-05-28,637.7999877929688,637.7999877929688,637.7999877929688,637.7999877929688,0,654.1333346896702,663.975000554865,649.02,699.4802322387695,649.1740780945261,655.8881068027897,41.325237226759945,-4.025496950541765,0.5786432888337047,-4.60414023937547,694.3170247572122,630.0679789048971,14.373350884043107,0,660.7749938964844,670.6499938964844,20.50357927594866
2026-05-29,650.0,655.0,636.7999877929688,650.0499877929688,434589,653.0833333333334,662.9431818181819,649.9519995117188,699.0436264038086,649.3492600342147,655.3573687109879,47.41723008713755,-3.893495176994179,-0.315784404331872,-3.577710772662307,692.6677336420562,629.0572663579437,13.703686335850517,0,660.7749938964844,670.6499938964844,20.700007847377236
2026-06-01,650.0499877929688,669.9500122070312,638.0499877929688,664.9000244140625,207426,651.6000027126736,661.7636385830966,650.7830004882812,698.7044912719726,652.4594129101843,656.2248828658128,53.69381190178711,-2.561086362680271,-0.7648447960015519,-1.7962415666787193,689.5666995834536,630.1083004165464,13.959784184468704,0,660.7749938964844,664.5749816894531,21.43929617745536
2026-06-02,657.6500244140625,670.5999755859375,651.0,665.2999877929688,174423,650.3222249348959,661.2477278275924,651.7609997558594,698.38658203125,655.0275278867412,657.0498924046452,53.85358185895127,-1.4560842430323646,-0.9030926854077146,-0.55299155762465,687.4264823874723,630.7785163918245,14.233160585979308,0,660.7749938964844,664.5749816894531,21.22857666015625
2026-06-03,664.7999877929688,664.7999877929688,647.4000244140625,649.2999877929688,129078,648.6388888888889,659.6068170720881,652.38,698.0238784790039,653.8820198679866,656.3453556217655,46.88458036226583,-1.8501015653248487,-1.0924944613911416,-0.7576071039337071,683.7669726802385,631.0980236576522,14.195330821065822,0,654.7749938964844,664.5749816894531,21.44643293108259
2026-06-04,647.9000244140625,652.2000122070312,639.9500122070312,645.5999755859375,275524,647.7944403754341,658.0431795987216,653.09,697.6466696166992,652.2256110115768,655.3685028912357,45.42079123553522,-2.4328784860258565,-1.360571266318085,-1.072307219707772,681.5789812051684,630.4160139120191,13.577695151556153,0,651.5749816894531,664.5749816894531,19.175005231584823
2026-06-05,645.0499877929688,658.8499755859375,645.0499877929688,654.9500122070312,206341,649.3999972873264,656.781815962358,653.595,697.3249499511719,652.7704912506676,655.3304582835808,49.69498861370258,-2.115873112402028,-1.5116316355348731,-0.6042414768671545,679.6408001663768,630.6741961715137,13.43931598256088,0,651.5749816894531,661.6999816894531,18.87857491629464
2026-06-08,645.75,658.7999877929688,640.0999755859375,653.6500244140625,121350,651.0388861762153,655.8431812633168,654.4640002441406,697.0132095336915,652.9463978833467,655.1776915681701,49.11903460359152,-1.9470972947580092,-1.5987247673795006,-0.3483725273785087,679.1799035732754,630.4550939853184,12.918791089134068,0,651.7249755859375,660.7749938964844,18.64286150251116
