Date,Open,High,Low,Close,Volume,SMA_9,SMA_22,SMA_50,SMA_200,EMA_9,EMA_21,RSI_14,MACD_Line,MACD_Signal,MACD_Hist,BB_Upper,BB_Lower,ADX_14,ST_Direction,Ichi_Tenkan,Ichi_Kijun,ATR_14
2024-12-17,2423.013583081364,2527.918589022222,2406.640909200231,2424.80517578125,417831,2401.7252061631943,2212.4778164950285,2053.5017236328126,,2382.149911450409,2269.0207636460505,71.05380605469497,119.33221617042454,108.7405944620028,10.59162170842174,2613.4325501255253,1861.8446593471303,43.26324679793312,0,2408.7559579058084,2216.7373678160075,99.16056427517736
2024-12-18,2432.4689977323,2436.101996908967,2364.937882744328,2385.192138671875,73000,2403.4890950520835,2232.6077991832385,2062.844626464844,,2382.7583568947025,2279.581797739307,65.55893222320955,113.1600828814644,109.62449214589512,3.535590735569272,2613.963138937429,1905.535347390696,43.29798694649075,0,2428.4629806161843,2216.7373678160075,95.78720369666176
2024-12-19,2358.916053089068,2403.654838861686,2300.6908737626045,2382.35546875,95543,2407.7965494791665,2250.9236228249288,2072.17060546875,,2382.677779265762,2288.924858740279,65.17026740694087,106.8085052637939,109.0612947694749,-2.252789505680994,2604.873214728802,1959.493484489948,42.149975221619485,0,2414.304731392413,2216.7373678160075,96.02535449607991
2024-12-20,2381.758507426144,2396.6880425750755,2281.730621928306,2300.591552734375,69711,2399.5632052951387,2267.178722034801,2080.285305175781,,2366.2605339594847,2289.9854672851966,55.04121276120788,94.09252943942874,106.06754170346568,-11.975012264036934,2582.925065126883,2016.048299130929,40.763674544709126,0,2404.824605475264,2216.7373678160075,96.65453703798224
2024-12-23,2343.937127109047,2426.5472254317865,2313.4807767949724,2406.292724609375,310863,2403.2458224826387,2288.661421342329,2090.8315307617186,,2374.266972089463,2300.558854314667,63.0389406440225,91.4895930948187,103.15195198173627,-11.662358886917588,2561.175296950317,2081.7008505106205,39.78765134224866,0,2404.824605475264,2216.7373678160075,95.80852738124176
2024-12-24,2427.542416297186,2427.791241883112,2364.2909037559675,2385.888916015625,110794,2395.2281358506943,2308.268876509233,2100.599428710937,,2376.591360874695,2308.3161326511176,60.79088716139116,86.77998481056784,99.8775585475026,-13.097573736934764,2553.6149071053715,2117.448203246191,38.89448844683867,0,2404.824605475264,2220.9673543078857,93.9494522096906
2024-12-26,2398.678531806258,2401.614624978811,2361.902160591625,2387.829833984375,71633,2390.87646484375,2327.3854647549715,2110.4131103515624,,2378.839055496631,2315.544650954141,60.93360612408304,82.25600613738789,96.35324806547968,-14.09724192809179,2531.729531805895,2170.834921319105,38.01791151270388,0,2404.824605475264,2220.9673543078857,83.30681292631321
2024-12-27,2388.72563499663,2628.5935008442084,2369.9640885409326,2587.935302734375,840106,2407.862982855903,2349.3816472833805,2123.8954760742185,,2420.65830494418,2340.307437479617,72.17769431034675,93.73701743461288,95.83000193930631,-2.0929845046934474,2543.8986591031285,2207.714280349997,39.0226290176999,0,2455.162061386257,2271.304810218878,95.77298228266714
2024-12-30,2587.935068516287,2596.6937769839924,2440.481136215285,2526.1767578125,484329,2420.7853190104165,2369.988935990767,2136.40443359375,,2441.761995517844,2357.20464841897,65.87582004495005,96.73727606477225,96.01145676439953,0.72581930037272,2548.426724885998,2237.200667692128,39.95558098662478,0,2455.162061386257,2277.251730953016,101.38577240374111
2024-12-31,2521.100714345548,2521.100714345548,2452.424855960297,2488.902587890625,108505,2427.9072536892363,2387.782215465199,2148.8954736328124,,2451.1901139924003,2369.1771883709384,62.33815829670319,95.01204888876693,95.811575189273,-0.7995263005060878,2545.76321722279,2266.19986871471,40.82189352919789,0,2455.162061386257,2282.228277967547,101.8834166448687
2025-01-01,2503.185314518481,2516.124244573646,2454.415501233628,2500.498046875,157454,2440.7190212673613,2402.0761163884945,2160.548474121094,,2461.0517005689203,2381.115448234944,63.00375711148519,93.50261066257372,95.34978228393317,-1.847171621359436,2552.700862790416,2279.158316897084,41.62632660444434,0,2455.162061386257,2298.426824469483,98.86552180907913
2025-01-02,2513.0882966167,2613.6138210297618,2480.6415899786093,2547.675048828125,305917,2459.087863498264,2416.71836159446,2173.7222875976563,,2478.376370220761,2396.257230107051,65.66267271175268,95.0178531122424,95.283396449595,-0.2655433373526108,2570.9271038526977,2280.5594195848025,42.94482772535133,0,2455.162061386257,2345.5293093405003,105.39184651113764
2025-01-03,2538.020614202402,2594.802653405161,2509.15685035461,2525.629150390625,182816,2484.092041015625,2426.904363458807,2186.9488549804687,,2487.826926254734,2408.018313769194,63.37065854507113,93.36353717195789,94.89942459406758,-1.5358874221096954,2582.7276217142357,2284.3901028951395,44.16915019476495,0,2471.0371388195904,2347.445464554634,104.78755591469996
2025-01-06,2567.531529377194,2567.8301686715668,2474.9188430120853,2496.467041015625,149710,2494.1114095052085,2433.4982466264205,2200.4660546875,,2489.5549492069126,2416.0591071552326,60.36882056530197,88.67712664555847,93.65496500436576,-4.97783835880729,2586.5792005197764,2295.8263903005363,44.577821936520095,0,2495.2478307179167,2359.3143147843166,107.2402652121152
2025-01-07,2582.75963772918,2582.75963772918,2503.18526796845,2538.817138671875,243741,2511.1034342447915,2441.202792080966,2214.1285693359373,,2499.407387099905,2427.2189282022,63.10231568943757,87.37322730947017,92.39861746538664,-5.025390155916483,2597.4815199614204,2301.336619687017,45.061232971783326,0,2495.2478307179167,2411.6174857733668,104.74133070436976
2025-01-08,2538.7674203420625,2588.7813624658256,2460.636187372602,2571.11474609375,193723,2531.4684244791665,2451.544899680397,2229.9051098632813,,2513.7488588986744,2440.300366192341,65.08042753111465,87.93239477713496,91.50537292773632,-3.572978150601358,2612.300689156212,2306.3140081094134,44.62551664630013,0,2499.2787946925705,2416.793140034891,108.81140648498295
2025-01-09,2589.7767148476914,2589.7767148476914,2456.4061999400856,2465.861572265625,160902,2517.9046766493057,2455.6889870383525,2243.292924804688,,2504.1714015720645,2442.624112199003,54.77464775311088,78.97214579511729,88.99872750121253,-10.026581706095245,2612.7177255404704,2306.6783193814044,44.13472133557266,0,2527.047478622523,2455.162061386257,110.98330289987754
2025-01-10,2442.472022208201,2452.076592905695,2338.960575464251,2361.90234375,161508,2499.6519639756943,2455.1777676669035,2253.326572265625,,2475.717590007652,2435.28576961273,46.87847771795651,62.75899636015174,83.75078127300037,-20.99178491284863,2615.0584793662824,2297.8283126259053,41.65059682899172,0,2476.2871982470065,2455.162061386257,111.83641548234928
2025-01-13,2324.5285855514658,2393.6522835879364,2228.5317246762497,2248.288330078125,153178,2472.917046440972,2445.643232865767,2258.8883227539063,,2430.2317380217464,2418.2860023823114,40.07857488501355,40.27795800440072,75.05621661928045,-34.77825861487973,2630.999146407698,2263.210814529802,39.35612900312756,0,2421.072772853005,2428.562612760229,114.6339073547975
2025-01-14,2234.4535911009148,2346.375282510767,2221.5146616201523,2322.537841796875,160961,2453.1436903211807,2440.895185990767,2264.8223120117186,,2408.692958776772,2409.581624147272,45.62919322808682,28.12863876871961,65.67070104916829,-37.54206228044868,2634.3410828567785,2251.135089018221,37.30102832990976,0,2417.564241324957,2425.0540812321806,119.0167846950454
2025-01-15,2331.346451265464,2337.616661391852,2204.6444192428694,2222.31103515625,120317,2416.992133246528,2431.224931196733,2268.963767089844,,2371.416574052668,2392.557025148088,40.21402721728464,10.294086259247706,54.59537809118417,-44.30129183193647,2648.116177342205,2217.1105804702947,35.58018652613644,0,2399.723536324015,2416.618960043539,125.67819739231656
2025-01-16,2274.2158397344588,2287.154769053845,2196.632077529651,2233.408447265625,104812,2384.5231662326387,2423.203690962358,2274.4210034179687,,2343.81494869526,2378.088972613318,41.04826163859071,-2.910901621320136,43.09412214868331,-46.00502377000345,2657.574735735999,2192.473652935876,34.073954843779404,0,2393.204396188671,2412.6127891869296,113.67057447952504
2025-01-17,2233.408591030326,2235.4490093838526,2172.446323966764,2195.8857421875,107646,2351.125244140625,2412.798262162642,2278.094665527344,,2314.229107393708,2361.525042574608,39.06346212107178,-16.216781401543813,31.23194143863789,-47.4487228401817,2669.4407719002197,2161.9606441154056,32.95550194823539,0,2381.111519407228,2400.519912405486,107.01272052583798
2025-01-20,2199.618210355032,2217.334640919535,2155.824906619456,2199.369384765625,108370,2313.4088270399307,2404.351773348721,2280.370925292969,,2291.257162868091,2346.783619137427,39.356638701115024,-26.17891194789081,19.749770761332147,-45.92868270922296,2677.733481207162,2143.545718011588,32.10829867548553,0,2372.8008107335736,2392.2092037318325,106.13827998640056
2025-01-21,2212.855532462607,2229.327833235121,2173.6902918791448,2184.937255859375,78548,2270.5002170138887,2395.378218217329,2281.835017089844,,2269.993181466348,2332.070313384877,38.529596907817,-34.836945742274565,8.832427460610806,-43.66937320288537,2685.130802664177,2114.012849679573,31.10639216858688,0,2372.8008107335736,2392.2092037318325,105.70462270182614
2025-01-22,2174.7355475058043,2189.6650821568737,2106.905792271936,2167.12158203125,91673,2237.306884765625,2389.3114013671875,2285.130466308594,,2249.4188615793287,2317.074974170911,37.48248201863837,-42.64449667581903,-1.4629573666751607,-41.181539309143865,2692.5678705628693,2084.6990483824434,30.935780912297027,0,2279.4911925888155,2367.7496465580725,102.1179840470965
2025-01-23,2144.8765674166902,2237.389872387029,2144.8765674166902,2204.6943359375,125515,2219.8393283420137,2380.1478382457385,2289.169409179688,,2240.473956450963,2306.858552513328,41.116987660872816,-45.27828986854411,-10.226023867048951,-35.052266001495155,2694.3509700886666,2064.6023990519584,29.94212213439623,0,2250.2790379299363,2367.7496465580725,102.60851989850993
2025-01-24,2214.5974046681754,2221.2658813994976,2123.5272453098,2135.868896484375,140951,2207.3482801649307,2368.783291903409,2291.8577172851565,,2219.552944457646,2291.3140383288774,36.886663549692365,-52.31615959279634,-18.64405101219843,-33.67210858059791,2673.637989352672,2040.1087391629533,29.26794748284812,0,2226.640537391352,2367.7496465580725,102.95332778638247
2025-01-27,2075.2052917790347,2075.2551054926907,1835.436943839581,1890.278076171875,482636,2159.3194173177085,2346.167302911932,2290.766865234375,,2153.697970800492,2254.8562235873314,26.43510232667927,-76.8252550473494,-30.280291819228623,-46.54496322812078,2693.70128658191,1956.4555737696523,30.79185761636275,0,2086.5268026157164,2232.0152223418945,118.24899606718525
2025-01-28,1890.2781224556463,1906.402092979651,1776.6644595300031,1890.029296875,300170,2122.399224175347,2314.4443026455965,2289.72080078125,,2100.964236015394,2221.690139340756,26.42693376936837,-95.17188197078303,-43.25860984953951,-51.91327212124352,2702.937680242241,1887.3318510077588,32.4778792053777,0,2031.909614291924,2202.6289801871058,118.36274309264412
2025-01-29,1868.0331504507965,2010.5107030371864,1868.0331504507965,1992.346435546875,171109,2095.614556206597,2290.179287997159,2289.979582519531,,2079.24067592169,2200.84071172313,35.284089202067804,-100.29938907405584,-54.66676569444278,-45.63262337961307,2686.869360518427,1852.5850095987607,32.63429228674337,0,2007.027165958516,2202.6289801871058,119.01324578398582
2025-01-30,2001.3041216064248,2040.2701098799723,1985.67792392432,2021.4091796875,112335,2076.228271484375,2268.92958762429,2291.548178710937,,2067.6743766748523,2184.528754265345,37.58263803571328,-100.85525819418764,-63.90446419439175,-36.95079399979588,2653.0594643814547,1833.7683188216704,32.41548426637984,0,2007.027165958516,2202.6289801871058,113.84833072357716
2025-01-31,2032.9049925981617,2080.032654740341,2014.4918996419483,2064.60546875,136728,2061.2545030381943,2249.116288618608,2294.1668212890627,,2067.060595089882,2173.626637400314,40.94023735435356,-96.69556269991244,-70.4626838954959,-26.232878804416544,2614.7429570260465,1825.982458013016,31.734325748807848,0,2007.027165958516,2202.6289801871058,106.73548759405617
2025-02-01,2084.113402685188,2105.064566711492,2027.3811661355164,2072.966064453125,102495,2048.8132595486118,2227.538607510653,2296.53564453125,,2068.241688962531,2164.475676223297,41.595097005968,-91.66765617167084,-74.7036783507309,-16.963977820939945,2576.245374295392,1822.1299430874208,30.80490184007799,0,2007.027165958516,2195.1391402798827,103.36568614301048
2025-02-03,2000.55761042112,2046.2418885063817,1943.8253796778347,2022.2552490234373,183471,2032.7170003255208,2204.6579756303267,2297.6354516601564,,2059.0444009747125,2151.546546477855,38.7859225166538,-90.7290747246002,-77.90875762550476,-12.820317099095432,2522.172455956984,1824.5466724609848,30.571310600013515,0,2007.027165958516,2195.1391402798827,103.092003473461
2025-02-04,2080.131872856085,2163.3890512271087,2036.0400564169183,2097.002197265625,316729,2020.7512071397568,2186.5004827325997,2297.4951098632814,,2066.635960232895,2146.587969276743,44.71295747214205,-82.99704980259412,-78.92641606092263,-4.070633741671486,2444.991989712846,1854.3158838223103,29.072920561501007,0,1998.9651704647504,2195.1391402798827,106.70708280770938
2025-02-05,2117.754400182572,2217.3344406686447,2102.078389465675,2188.619873046875,156568,2026.6124267578125,2170.5824252041903,2299.8111791992187,,2091.032742795691,2150.409051437664,50.97830276264437,-68.68482765263116,-76.87809837926434,8.193270726633187,2392.0830569298696,1879.500646683412,27.17106371550748,0,1996.999450099324,2195.1391402798827,110.80205123527588
2025-02-06,2214.5474469163346,2235.548421026148,2144.975918702828,2166.82275390625,87931,2057.339613172743,2152.2055164683948,2301.1986254882813,,2106.190745017803,2151.901206207536,49.53989748950352,-58.42761663863439,-73.18800203113835,14.760385392503965,2359.9693844066505,1892.106360222256,25.235557039056697,0,2006.1064402780755,2185.7335564675823,112.87796323693594
2025-02-07,2171.898536809712,2239.2806882297514,2135.918460499704,2206.833740234375,143161,2092.5401068793403,2140.4315241033382,2301.614655761719,,2126.3193440611176,2156.895072937248,52.20575156874833,-46.53373882498454,-67.85714938990759,21.32341056492305,2354.038653893847,1893.891631750684,23.525753534972548,0,2053.656919340274,2183.2205871888477,116.28686940651244
2025-02-10,2214.547498337407,2226.3419271552507,2056.045615591235,2110.090576171875,189147,2105.622789171007,2128.9855346679688,2299.305554199219,,2123.073590483269,2152.64011868585,45.89246703445286,-44.40227796941872,-63.16617510580982,18.7638971363911,2323.5759043524586,1903.1096547295729,22.672918825989523,0,2091.553033953793,2183.2205871888477,122.53951381216088
2025-02-11,2110.9863443239883,2122.084110658702,2013.7453591461,2026.88330078125,97212,2106.2310248480903,2118.9216696999288,2293.812478027344,,2103.8355325428656,2141.207680694523,41.2697764572473,-48.86393854998596,-60.30572779464505,11.441789244659091,2310.6218076925825,1896.520977951949,22.23535580334648,0,2091.553033953793,2183.2205871888477,123.66990285089396
2025-02-12,2035.393244554924,2087.746243788401,2012.551104907932,2052.81103515625,212339,2104.9205322265625,2106.6613603071733,2287.840666503906,,2093.6306330655425,2133.1716220092253,43.19006146051323,-49.734378273507446,-58.19145789041754,8.457079616910093,2293.33794538497,1895.745099048623,21.8391994250608,0,2091.553033953793,2183.2205871888477,122.05965305023476
2025-02-13,2068.6860307684096,2069.084297487327,1993.5905203264028,2007.674072265625,86699,2097.665866427951,2096.905134721236,2280.6078051757813,,2076.4393209055597,2121.762753850716,40.69545310412588,-53.45024258066405,-57.24321482846685,3.792972247802794,2281.5323569603,1888.7295204811064,21.639720218940376,0,2091.553033953793,2114.370526217849,105.99264051567263
2025-02-14,2024.4449523053224,2024.4449523053224,1882.116718195361,1906.949462890625,106042,2084.8541124131943,2082.0660899769177,2271.8750268554686,,2042.5413493025728,2102.234272854344,35.73521131436172,-63.78742428050873,-58.55205671887523,-5.235367561633503,2274.494953118437,1866.5249321354693,22.333028720008876,0,2060.698703212556,2085.158371558969,106.89196913426647
2025-02-17,1886.0978210101864,2009.515303757027,1886.0978210101864,1977.76513671875,229102,2071.6055501302085,2072.1515170010653,2263.9364965820314,,2029.586106785808,2090.918896842017,41.164865757122136,-65.51032001597218,-59.94370937829462,-5.566610637677563,2260.681647313134,1859.6210260267096,22.976815185286764,0,2060.698703212556,2061.519871020385,105.53053557429868
2025-02-18,1977.765101055539,1984.7322168914225,1905.0583436948968,1923.471435546875,94560,2042.1446126302085,2059.6107011274858,2254.942941894531,,2008.3631725380217,2075.6964003606404,38.48048345751706,-70.44473220970735,-62.04391394457717,-8.400818265130184,2250.7284320625013,1845.209226628905,23.57461690304481,0,2060.698703212556,2057.140560460928,107.32208466293248
2025-02-19,1908.0442383251784,2027.67952088896,1904.5108667178915,2014.7904052734373,213193,2025.252129448785,2051.8767533735795,2246.0777880859373,,2009.6486190851049,2070.1594917163493,44.97937675752468,-66.22323156040443,-62.87977746774263,-3.3434540926618013,2227.662575745933,1849.2846898790672,23.490549414992024,0,2060.698703212556,2031.909614291924,111.4383631681236
2025-02-20,2018.4232291535293,2056.2945298632603,1997.6215085029344,2040.021240234375,63836,2006.7174072265625,2046.0994651100848,2238.338315429688,,2015.723143314959,2067.4196506725334,46.65611937258211,-60.148391150984935,-62.33350020439109,2.1851090534061584,2217.2547750100184,1850.1077249899813,23.00502484218133,0,2054.229322675306,2007.9725738798768,110.08047893843435
2025-02-21,2040.021243518056,2089.8361717805537,2013.5463483741123,2020.3143310546875,90880,1996.7422688802085,2037.71855579723,2230.043469238281,,2016.641380862905,2063.137348889093,45.490038224639285,-56.275510181859545,-61.12190219988479,4.8463920180252416,2211.14942972332,1869.2166957649613,22.09104592751505,0,2002.1004144270316,2007.9725738798768,106.305417412088
2025-02-24,2020.264679775376,2025.4402031946213,1953.7784367916668,1965.62255859375,77830,1989.935519748264,2029.9800858931108,2221.1584057617188,,2006.437616409074,2054.2723679531528,42.32821028147488,-56.96276181054691,-60.29007412201722,3.3273123114703083,2203.9413539055963,1883.98409775456,21.86031217162228,0,1985.9764449879572,2007.9725738798768,101.34312914060824
2025-02-25,1965.622490945575,1990.405541939712,1945.8159513359287,1958.10791015625,69140,1979.4129503038196,2033.063260165128,2211.824460449219,,1996.7716751585092,2045.5301445170703,41.89730740090376,-57.45151767065181,-59.722362831744135,2.270845161092325,2205.259169358661,1879.2424297624325,21.725084209726923,0,1985.9764449879572,2007.9725738798768,95.9329396549485
2025-02-27,1972.938121901645,2013.845024987897,1899.036920967758,1913.170166015625,100620,1968.9125162760415,2034.115117853338,2202.3840209960936,,1980.0513733299329,2033.4974191987567,39.31953178089712,-60.76450521134621,-59.93079130766456,-0.8337139036816481,2209.6529343156285,1864.0247634382777,22.05351078837089,0,1985.9764449879572,2007.9725738798768,97.66405406186414
2025-02-28,1906.1034470119264,1906.1034470119264,1797.565802012026,1813.9384765625,121213,1958.5779622395837,2026.00566517223,2191.015681152344,,1946.8287939764464,2013.5375153227335,34.30086992668792,-70.58359597354865,-62.06135224084138,-8.522243732707274,2223.0538232452363,1825.55717528992,23.1820136564513,0,1943.70098689629,2007.9725738798768,98.5384923671178
2025-03-03,1813.938334725724,1826.2302931061129,1673.103067585153,1714.90576171875,273639,1929.371365017361,2012.073691628196,2179.301965332031,,1900.4441875249072,1986.389174086008,30.163081440890323,-85.37228996596059,-66.72353978586523,-18.64875018009536,2246.831594076983,1765.9733741847358,24.99032792248312,0,1881.4696196828531,1956.191877907452,97.31212907832813
2025-03-04,1598.4554195659168,1816.426613143088,1598.4554195659168,1801.447265625,462595,1915.8131239149309,2000.1119551225145,2167.205056152344,,1880.6448031449256,1969.576273316825,37.28305652014129,-89.08237423568812,-71.19530667582981,-17.88706755985831,2252.4292555732627,1738.294914348612,27.03594618234122,0,1844.1457956732352,1918.8680538978344,105.14301779722597
2025-03-05,1791.5442805398172,1858.2295398710207,1780.944285913915,1836.9798583984373,101765,1896.056396484375,1989.385309392756,2156.226875,,1871.9118141956285,1957.52205377879,39.98836031664604,-88.139442838469,-74.58413390835766,-13.555308930111336,2244.0439441175527,1720.677991917604,28.31353920265975,0,1844.1457956732352,1918.8680538978344,105.29231173127144
2025-03-06,1851.2622467237536,1949.7971727590505,1851.2622467237536,1924.5662841796875,201782,1883.2280680338545,1984.944901899858,2146.9616040039064,,1882.4427081924405,1954.526074724326,46.15401339655068,-79.40928948387045,-75.54916502346022,-3.8601244604102334,2213.065811858166,1725.2507652902714,28.27916000143899,0,1844.1457956732352,1918.8680538978344,107.95827867410635
2025-03-07,1940.0431863653844,1959.5512085604607,1904.112797786548,1933.62353515625,98236,1873.595757378472,1977.5185990767045,2133.875368652344,,1892.6788735852024,1952.6258438545008,46.76312992962405,-70.94196082918688,-74.62772418460555,3.685763355418672,2183.238776479664,1731.7578787937744,28.12536245680409,0,1811.947811380269,1918.8680538978344,101.75186272153144
2025-03-10,1914.2649820182264,1954.226272579687,1880.126064175844,1898.6884765625,81325,1866.1586371527776,1964.3398992365055,2121.325603027344,,1893.8807941806624,1947.7224468279555,44.664391903129285,-66.28640076443025,-72.9594595005705,6.6730587361402485,2135.996542831841,1748.1855860744083,28.162705844365245,0,1806.1502222769068,1918.8680538978344,98.2292002684602
2025-03-11,1880.6236686881848,1914.911783829217,1847.0322165483456,1902.2216796875,77312,1859.9490559895837,1952.312577681108,2109.591984863281,,1895.54897128203,1943.58601345155,44.933566099884125,-61.60163065512575,-70.68789373148155,9.086263076355806,2109.2850166969383,1754.1102225608745,28.44343640965836,0,1806.1502222769068,1918.8680538978344,97.38674984591346
2025-03-12,1892.1195828720363,1916.4048630377183,1836.3826512188425,1846.4351806640625,58985,1852.5340576171875,1935.9308249733665,2096.5107275390624,,1885.7262131584368,1934.7541195617785,41.50090089273262,-61.67941888867836,-68.88619876292091,7.206779874242557,2098.224511234708,1747.1259160113857,28.78393346085415,0,1779.0033140631888,1918.8680538978344,94.30486110647112
2025-03-13,1855.5421003595536,1885.102529654548,1819.910229922566,1833.2969970703125,67810,1854.6850043402776,1923.349298650568,2082.223166503906,,1875.240369940812,1925.530744789827,40.71208650400508,-62.08552495505228,-67.5260640013472,5.440539046294916,2080.301942486604,1743.0970809508965,29.227390517749196,0,1779.0033140631888,1918.8680538978344,94.7705238473037
2025-03-17,1833.2971014823183,1887.7899047435023,1822.448403144709,1840.6126708984373,86503,1868.6524386935764,1914.882451837713,2068.5228369140623,,1868.3148301323367,1917.8109198906095,41.38022293524606,-61.11258535746015,-66.2433682725698,5.1307829151096485,2068.445423421133,1738.2474598796482,29.594184855499687,0,1779.0033140631888,1918.8680538978344,93.98850086104314
2025-03-18,1840.6126708984373,1840.6126708984373,1840.6126708984373,1840.6126708984373,0,1873.004150390625,1905.237071644176,2055.4057495117186,,1862.7743982855573,1910.7928972549576,41.38022293524606,-59.65387102478872,-64.92546882301357,5.27159779822486,2067.472579741605,1732.586624359957,29.934779597696576,0,1870.247747237188,1918.8680538978344,88.8698032608321
2025-03-19,1906.202907850544,1928.7465291442647,1893.562617295725,1923.123046875,93802,1882.5756157769097,1901.3938432173293,2043.0918676757813,,1874.844128003446,1911.9138199476888,48.91115408805413,-51.24916318169016,-62.1902076947489,10.941044513058737,2061.144455765565,1733.4505393516224,28.804617171481727,0,1889.7307192415133,1912.398673360584,91.98010809240668
2025-03-20,1939.7944024738003,1979.6563088757,1922.47623935232,1949.1502685546875,103916,1885.3071695963545,1903.312061656605,2030.652578125,,1889.7053561136945,1915.298951639234,51.0475553615798,-42.00399646770165,-58.152965449339455,16.1489689816378,2063.689593138712,1733.4732852792567,27.05650487275109,0,1899.783269399133,1860.2697651123092,87.86381991406677
2025-03-21,1952.285433958816,2041.2157904090293,1877.986094010692,1988.86279296875,1080180,1891.4448649088545,1903.81650057706,2021.1126025390624,1909.548917236328,1909.5368434847055,1921.9865735782807,54.19497213407865,-31.11400354516149,-52.74517306850387,21.63116952334237,2058.922029244734,1735.648087942766,25.562839823109798,0,1930.5630101657976,1844.1457956732352,91.2656293708338
2025-03-24,2024.4449086146344,2075.205326677243,1998.766060290098,2041.7135009765625,133083,1907.3365342881943,1909.1911399147727,2014.7088256835937,1913.3557513427731,1935.972174983077,1932.8708397053967,58.05970392890738,-18.011371373942666,-45.79841272959163,27.787041355648967,2059.3227110026005,1735.4166322591184,24.55358463319644,0,1947.5577782999048,1844.1457956732352,86.49529424137188
2025-03-25,2050.322828863517,2071.9706548478766,2018.5726597870816,2046.6402587890625,107331,1923.3830430772568,1910.6388605291197,2010.6758642578125,1917.1101824951168,1958.1057917442745,1943.2135141675485,58.411969058150696,-7.147500857330215,-38.06823035513936,30.92072949780914,2065.2098112633944,1732.1621247717617,23.616419099705467,0,1947.5577782999048,1844.1457956732352,74.74006577591645
2025-03-26,2055.2992870416847,2055.2992870416847,1975.675101587285,1981.298583984375,57863,1938.3678656684028,1907.969648881392,2003.8510791015624,1920.2297589111329,1962.7443501922944,1946.6757932418052,52.15520792648084,-3.766909686485633,-31.20796622140861,27.441056534922986,2067.4612819328445,1731.4782566413744,22.139781021680008,0,1947.5577782999048,1844.1457956732352,74.90713231143744
2025-03-27,1970.9473554994709,2018.423226030798,1912.970997232664,2000.6571044921875,63631,1956.9634331597224,1907.0761385830965,1999.4180004882808,1922.897678833008,1970.326901052273,1951.5831851736584,53.73629125037516,0.4688988176367274,-24.87259321359955,25.34149203123628,2073.7418304412745,1729.4526275665382,21.13554457720432,0,1948.826864910976,1844.1457956732352,74.38105477126035
2025-03-28,2029.421442219382,2030.466558260173,1975.32678511384,1990.4056396484373,65258,1973.6070963541667,1908.2026422674005,1994.5579443359372,1925.5995788574216,1974.342648771506,1955.11249921682,52.7423111492346,2.964427956491818,-19.30518897958128,22.2696169360731,2082.103226200027,1728.814779171067,20.035746000177536,0,1957.90899878784,1844.1457956732352,74.35972351214753
2025-04-01,1984.8816033516528,1993.4909925094896,1953.28075546076,1968.4093017578125,41608,1987.8067220052085,1908.6708873401988,1990.008415527344,1928.1760888671877,1973.1559793687677,1956.3212994478192,50.58038301266693,3.1311383280637983,-14.817923518052266,17.949061846116066,2086.4537246143086,1739.9113632763165,19.290350757065035,0,1976.595710343968,1844.1457956732352,71.93901127249657
2025-04-02,1968.409348040732,1975.6751035694813,1928.8958945680888,1968.1605224609373,31445,1992.8108859592012,1911.170448996804,1985.38423828125,1931.0681988525391,1972.1568879872016,1957.397592449012,50.55514262771448,3.206223737059417,-11.21309406702993,14.419317804089347,2073.1800470935354,1778.5105168713087,18.898653970389983,0,1976.595710343968,1844.1457956732352,70.43184282396236
2025-04-03,2018.4731615164271,2101.2822682619435,1995.6807134504231,2045.943603515625,185017,2003.565700954861,1921.7161365855825,1982.604365234375,1934.4297387695312,1986.9142310928864,1965.447229818704,57.66791779040211,9.433431321267108,-7.083788989370522,16.51722031063763,2082.4895167275736,1793.6506810263324,18.230341226945956,0,1989.6341811363177,1849.86884391393,74.22466667982881
2025-04-04,2050.272869592187,2060.0268804707293,1907.9944582014195,1927.9503173828125,110853,1996.7976481119792,1931.399980024858,1977.8209399414063,1937.1143365478515,1975.121448350872,1962.038419597259,46.69452853749984,4.792224337373227,-4.708586324021772,9.500810661395,2079.147000395824,1806.09024325652,17.29216325877268,0,2004.6383632316813,1849.86884391393,80.42753257535222
2025-04-07,1591.4883534556996,1877.0406032750468,1591.4883534556996,1835.9345703125,131362,1973.933322482639,1932.9675847833807,1970.445744628906,1939.3269268798829,1947.2840727431976,1950.5744332986444,40.26059913527954,-6.2389486993479295,-5.014658799087004,-1.224289900260926,2082.702788072136,1793.6712841934886,18.738453206187124,0,1846.3853108588212,1846.3853108588212,99.7932798845179
2025-04-08,1889.7307971687296,1909.786163460212,1843.797570242268,1854.4970703125,67941,1952.5840793185764,1933.7638216885653,1964.8183081054688,1941.538643798828,1928.7266722570585,1941.8401275726312,41.99688258502905,-13.329737275703565,-6.677674494410317,-6.652062781293248,2083.5258618365283,1784.935563944722,19.720961073685555,0,1846.3853108588212,1846.3853108588212,105.06839368078305
2025-04-09,1848.1270678908484,1848.1270678908484,1693.5566922243863,1705.7491455078125,299971,1921.9674750434028,1923.817588112571,1961.1277294921877,1942.9917114257807,1884.1311669072093,1920.377311021284,33.575531220732145,-30.599223896576405,-11.461984374843537,-19.13723952173287,2105.1980454257905,1743.9694472499912,21.373324461981586,0,1846.3853108588212,1846.3853108588212,110.26885938380347
2025-04-11,1811.450205610833,1870.770199033661,1744.5659389254863,1860.6181640625,412770,1906.4075927734373,1920.499162153764,1960.5395068359376,1945.2330401611327,1879.4285663382675,1914.9446612977583,45.76861925708451,-31.426515650486408,-15.454890629972107,-15.9716250205143,2105.1491779247717,1739.85796318851,22.6596646309608,0,1846.3853108588212,1846.3853108588212,117.97178681255124
2025-04-15,1904.0132925164417,1927.2038846152564,1832.45103312458,1916.5540771484373,212119,1898.2018636067708,1921.3112349076705,1959.0236596679688,1947.8450006103517,1886.8536685003012,1915.090971829638,49.382681461543136,-27.25441765423875,-17.814796034825438,-9.439621619413312,2105.165665167577,1746.8533655941417,23.24444160121422,0,1846.3853108588212,1846.3853108588212,113.08058360486118
2025-04-16,1916.5540705534304,1974.6797487473832,1900.5297279400847,1962.537109375,101442,1897.5493977864585,1924.0528453480115,1957.8462182617188,1950.797212524414,1901.9903566752412,1919.4042570610343,52.202625935154686,-20.006926138772087,-18.25322205561477,-1.7537040831573163,2106.805684251604,1758.1373577405834,23.29617084985156,0,1846.3853108588212,1846.3853108588212,112.2096898262044
2025-04-17,1960.745409579693,1967.2148741290675,1900.1314789638736,1957.8590087890625,127499,1896.40478515625,1929.1175648082387,1955.7112890625,1953.2397106933597,1913.164087098006,1922.9001435817645,51.88592625193265,-14.473874700304124,-17.49735258455264,3.0234778842485177,2107.4697491561737,1769.1979266250762,23.346782766874718,0,1846.3853108588212,1846.3853108588212,113.18721840509004
2025-04-21,1940.8394349284613,1950.294806534523,1883.410542298809,1897.7427978515625,147127,1879.9380289713545,1932.0469193892045,1952.2068237304688,1955.4094598388672,1910.0798292487173,1920.6131121517456,47.86710091352396,-14.769513623011107,-16.951784792244336,2.1822711692332284,2105.2301704430206,1777.150518033542,23.507825736395823,0,1825.7576169632143,1846.3853108588212,112.81752419336532
2025-04-22,1903.017947482947,1909.387906334563,1873.756036334204,1880.0264892578125,81806,1874.6131591796875,1933.838456587358,1949.362248535156,1957.591271972656,1904.0691612505368,1916.923419161388,46.71866619495727,-16.246092796450966,-16.810646393085662,0.5645535966346955,2105.1931973457376,1772.877835369106,23.72589494774996,0,1783.0840511015413,1846.3853108588212,107.83035570780996
2025-04-23,1891.0743648723017,1904.112800667576,1867.187109737073,1879.1307373046875,108309,1879.4127332899309,1935.589277787642,1945.0048193359376,1959.780284423828,1899.081476461367,1913.4877208107791,46.65771364876832,-17.28927215883732,-16.906371546235995,-0.3829006126013254,2103.7329931470586,1767.3360864427848,23.97749034396396,0,1834.1182204858849,1846.3853108588212,106.52934983525068
2025-04-24,1886.097787103133,1924.914575333752,1868.3813582350303,1875.547607421875,153945,1881.751681857639,1933.4267578125,1938.7433740234376,1962.0532684326167,1894.3747026534688,1910.038619593606,46.3969480473257,-18.19538290738365,-17.164173818465528,-1.0312090889181178,2098.137632767356,1761.5999282678008,23.92994298609478,0,1834.1182204858849,1846.3853108588212,107.69527698167867
2025-04-25,1877.1401687755388,1891.0744012054736,1790.5488672466563,1798.212646484375,113217,1892.025404188368,1926.565956809304,1931.371171875,1963.9313775634769,1875.14229141965,1899.8726220382212,41.06270928066619,-24.86711461812638,-18.7047619783977,-6.162352639728681,2087.1218124907414,1748.265663095196,24.492913808043788,0,1859.6228438364344,1846.3853108588212,111.53430019292333
2025-04-28,1801.3976842941297,1911.9757471959367,1780.7948534746383,1898.638671875,257962,1896.249905056424,1922.464860395952,1925.2072705078128,1966.187116699219,1879.84156751072,1899.760444750656,49.22623059910393,-21.799676017112688,-19.323744786140697,-2.475931230971991,2068.569607432248,1752.0177094622832,24.723259339156872,0,1877.7373011110108,1846.3853108588212,111.3956679015156
2025-04-29,1903.0179689590025,1915.658259380017,1856.238761563044,1860.219970703125,72850,1889.9905598958333,1914.215154474432,1920.2098583984373,1968.4242175292968,1875.9172481492008,1896.16585620088,46.56879093483225,-22.212722494221907,-19.90154032775694,-2.3111821664649668,2060.3275804767363,1748.1518750896698,24.88370779065763,0,1877.7373011110108,1846.3853108588212,104.780459012063
2025-04-30,1860.5187301445349,1916.952324751076,1837.4276427426623,1870.0736083984373,124384,1879.716837565104,1906.1893976384945,1917.0736645507811,1970.2729699707031,1874.7485201990485,1893.7938336733853,47.35379605177695,-21.497152795530383,-20.22066282131163,-1.2764899742187517,2047.6190479188344,1747.802058038197,25.195561456067228,0,1874.004863801853,1846.3853108588212,86.42779601787018
2025-05-02,1870.073466723014,1886.0978090333715,1814.237033456807,1876.741943359375,70134,1870.703830295139,1901.4368230646307,1913.552282714844,1972.026337890625,1875.1472048311136,1892.243661826657,47.91152683302674,-20.159592518526324,-20.20844876075457,0.048856242228247,2035.6247415211064,1748.4299948070186,25.686279541930105,0,1865.5448300045807,1846.3853108588212,86.28559476278822
2025-05-05,1876.642493492284,1901.425545152016,1855.3429998952524,1897.4443359375,68602,1870.6706678602432,1896.745333584872,1911.3476879882808,1973.9734252929688,1879.6066310523915,1892.716450382188,49.6933744283983,-17.230434574259334,-19.612845923455527,2.382411349196193,2027.5658548023105,1749.392384943783,25.882063869518827,0,1852.8547144041952,1846.3853108588212,78.0814638462632
2025-05-06,1890.576654617107,1893.4630554884127,1821.502653044544,1843.9964599609373,90326,1866.6673312717012,1890.0903708718035,1910.0886279296876,1975.642836303711,1872.4845968341008,1888.2873603438925,45.37754276315596,-19.002800256234195,-19.49083679001126,0.4880365337770662,2017.4106608741704,1747.1311726219226,26.378147359826087,0,1852.8547144041952,1846.3853108588212,71.71865165819945
2025-05-07,1801.49711881292,1868.3813831336388,1801.49711881292,1853.75048828125,75646,1863.8473036024309,1884.878606622869,1907.6083349609376,1977.3602722167968,1868.7377751235304,1885.147644701834,46.29423833486582,-19.39675059398201,-19.472019550805413,0.0752689568234075,1984.04095427941,1761.2815676932455,27.019511313341216,0,1852.8547144041952,1846.3853108588212,69.72803828891676
2025-05-08,1861.2151849611023,1913.9662035722995,1861.2151849611023,1892.8658447265625,81238,1865.7715521918403,1881.4561212713063,1906.9962231445315,1979.200969848633,1873.563389044137,1885.8492992495364,49.92363674430691,-16.364042218016266,-18.850424084247585,2.4863818662313197,1979.695214736145,1762.1188599708853,26.79707715015556,0,1848.8735891128567,1846.3853108588212,68.73273075204183
2025-05-09,1842.304563949749,1871.168330753932,1828.0716924096307,1852.1580810546875,62212,1871.7654893663196,1872.647688432173,1903.7435766601564,1980.8662091064448,1869.2823274462476,1882.7864612318228,46.40862258505059,-17.048846806477286,-18.490108628693527,1.4412618222162408,1979.6469521518268,1763.789473629423,26.928225493610217,0,1848.8735891128567,1846.3853108588212,68.5692134057374
2025-05-12,1861.21535170394,1940.8395378730925,1861.21535170394,1935.265869140625,86236,1875.835177951389,1872.9802135120733,1901.6484692382808,1983.0990728759768,1882.479035785123,1887.5573164962595,53.59248978971268,-10.761404664581503,-16.944367835871123,6.182963171289618,1986.966712508492,1764.5465931555698,25.917056392655564,0,1871.168328343006,1846.3853108588212,69.58585557203394
2025-05-13,1896.0509754292293,2023.947327315138,1896.0509754292293,1994.0882568359373,186283,1890.7094319661455,1880.169017444957,1901.1239477539064,1985.7266925048827,1904.8008799952856,1897.2419474362296,57.89464719233692,-1.0203247125919006,-13.75955921121528,12.73923449862338,1981.582822867011,1798.7643939298634,24.25503201164055,0,1912.722223064029,1846.3853108588212,76.17617570671607
2025-05-14,1994.0880081273608,2027.729271936836,1992.595054789606,2005.93212890625,80385,1905.8048231336809,1887.0524291992183,1901.930139160156,1988.400112915039,1925.0271297774789,1907.1228730244131,58.72435960814703,7.568013474349073,-9.494044674102408,17.06205814845148,2001.2204677824088,1793.6581454988404,22.758011925542835,0,1914.6131953748784,1846.3853108588212,76.04821329362514
2025-05-15,2016.9801364214773,2034.696566183955,1949.49859103054,1991.2017822265625,203731,1918.5225830078125,1900.0275490500708,1902.5920166015624,1990.797846069336,1938.262060267296,1914.7664102246088,57.21428401114977,13.0354529059166,-4.988145158098607,18.023598064015207,2012.9114535312217,1789.43193025784,21.45417433907977,0,1918.0968424984376,1825.7576169632143,78.09569601181751
2025-05-16,2002.747355846312,2026.3360946252349,1964.229203196663,2000.5577392578125,80138,1929.9796278211809,1906.388438831676,1904.3397680664064,1993.318154296875,1950.7211960653992,1922.5656219549,57.95383266034547,17.916851278943113,-0.4071458706902633,18.323997149633374,2020.3641028929476,1785.7813438843957,20.243468008792643,0,1918.0968424984376,1813.0924598198271,75.35150725965711
2025-05-19,2014.491720502773,2177.721286788571,1999.1640418082725,2150.94775390625,587808,1964.0853271484373,1917.0426968661216,1911.0799536132813,1996.4815673828125,1990.7665076335693,1943.327633950477,67.63725307693653,33.53405229781151,6.381093763010092,27.15295853480142,2072.9397510658355,1752.5145702232262,20.232022589669143,0,1989.6092028007456,1935.6389895064783,78.7355323495857
2025-05-20,2150.9477152481404,2185.086386846947,2110.040696991068,2117.0078125,121113,1993.3361409505208,1924.0640924627128,1919.1219946289064,1999.3231958007807,2016.014768606856,1959.116741091343,64.0520623777142,42.68013694630895,13.640902399669864,29.039234546639086,2107.810251285005,1739.5705714689004,20.290905061230266,0,2006.579039628289,1939.3215395356665,79.85168892379325
2025-05-21,2115.017429326142,2277.251707434453,2109.941290298267,2241.81884765625,601595,2032.1086968315967,1936.9713578657668,1927.9294262695312,2002.807020263672,2061.175584416734,1984.816932597244,70.28898514816164,59.31592530792318,22.77590698132053,36.54001832660265,2172.9236514167487,1710.6364071770006,21.140479466998222,0,2052.661699922042,2010.9088231799697,86.12209857577695
2025-05-22,2239.230877932227,2286.1094644951563,2224.50035716968,2277.7490234375,180318,2079.396579318576,1954.244368119673,1936.7448095703128,2006.372583618164,2104.490272220888,2011.4471226736307,71.80551708679323,74.53992251614864,33.128710088286155,41.41121242786248,2235.008711058941,1688.4131761480894,21.999027919434223,0,2073.662408099548,2033.452158984897,85.38983655784209
2025-05-23,2271.8769681805,2276.6542244911843,2172.744768840763,2182.498779296875,105695,2106.866902669271,1967.993108575994,1941.9034594726563,2009.413189086914,2120.0919736360856,2026.997273275744,62.67271543703097,78.01978777614818,42.10692562585856,35.91286215028962,2264.1116342125606,1690.0053701819695,22.006998777146517,0,2091.080219962193,2033.452158984897,89.59853008212592
2025-05-26,2180.707210040753,2202.006580800764,2153.137386563672,2170.55517578125,60455,2126.4743381076387,1981.2396739612925,1946.642092285156,2012.118236694336,2130.1846140651187,2040.047991685335,61.614478413386166,78.90429745409097,49.46639999150504,29.437897462585923,2282.186693011789,1709.1645643124284,21.728784094689168,0,2117.804027762848,2033.452158984897,87.66478089242136
2025-05-27,2170.75438911842,2181.7027147856834,2156.322505284299,2161.59765625,36309,2143.7705078125,1994.2419489080253,1951.9002758789063,2015.2441943359372,2136.467222502095,2051.097961191213,60.78550323742948,77.98353513142115,55.16982701948827,22.813708111932883,2300.6697447703546,1716.977410991363,21.470441889550205,0,2117.804027762848,2033.452158984897,84.70020554818318
2025-05-28,2171.2519322490425,2172.9438975328667,2127.359004333157,2135.918701171875,42441,2159.8501654730903,2009.5922241210933,1956.5742163085936,2018.2616381835935,2136.357518236051,2058.808937553092,58.36135923738235,74.32497524125756,59.00085666384213,15.324118577415431,2310.9237761203763,1734.2932526882169,20.782406828866065,0,2125.16933384591,2033.452158984897,83.6551468273732
2025-05-29,2147.1657670163145,2180.1101283723583,2135.023127178268,2152.44091796875,66930,2176.72607421875,2021.1286898526275,1962.694331054688,2021.1671136474608,2139.574198182591,2067.320935772697,59.48103529185507,71.92958549639275,61.58660243035226,10.342983066040487,2321.2208974859445,1752.2328622796804,20.23140473000996,0,2142.6367531517144,2033.452158984897,82.24749317574165
2025-05-30,2167.291414305238,2174.5672630747044,2139.384235827176,2145.464111328125,49326,2176.1167805989585,2034.0943326083093,1968.937673339844,2024.5302410888671,2140.752180811698,2074.42486082319,58.76246557608153,68.67659088738719,63.004600121759246,5.671990765627946,2328.1512667758866,1772.1747097866134,19.71975992392929,0,2198.0253773967115,2033.452158984897,78.42617677782191
2025-06-02,2135.8957814133228,2160.81290438828,2095.031699734393,2152.64013671875,75117,2180.075927734375,2046.9382657137785,1975.17822265625,2027.8353143310544,2143.1297719931085,2081.535340450059,59.30699594502951,65.91775564496993,63.587231226401386,2.330524418568544,2334.7549163445083,1791.0906402961164,18.50926512951293,0,2190.570582114775,2033.452158984897,73.98938054696323
2025-06-03,2152.839406120332,2182.7399534275587,2134.9988435595305,2161.8095703125,75754,2171.1860080295137,2059.8958851207385,1981.6021606445315,2030.9061700439452,2146.865731656987,2088.832997710281,60.033221922865344,63.73654033551202,63.61709304822352,0.1194472872885015,2333.367733537075,1824.259134138706,17.706344667675772,0,2190.570582114775,2033.452158984897,74.88987288416308
2025-06-04,2171.776700273184,2172.673619475881,2140.1818331988948,2151.5439453125,56351,2157.1632215711807,2071.445867365057,1986.1705786132811,2033.850150756836,2147.8013743880897,2094.533992946846,58.76870194244516,60.48235836558933,62.99014611169668,-2.507787746107347,2326.7571258564903,1860.649087522416,16.960775667398412,0,2185.842962112789,2043.8032916540385,71.12514510727532
2025-06-05,2142.872475169319,2153.6367204550274,2103.7027110267145,2115.7626953125,103325,2149.748101128472,2083.7988780628552,1989.5028271484373,2036.6780981445315,2141.393638572972,2096.4638749800874,54.462573323033695,54.38918322259451,61.26995353387625,-6.880770311281736,2317.9252540165417,1891.7706444209584,15.857687495488078,0,2148.519140267578,2043.8032916540385,70.25565353582826
2025-06-06,2117.955459061456,2119.948828905279,2079.0847471069164,2086.360595703125,64316,2140.3931477864585,2094.3720647638493,1991.452783203125,2039.2298120117184,2130.3870299990026,2095.545395045818,51.14621162891081,46.65004166625113,58.345971160351226,-11.6959294941001,2293.910698137945,1939.205451764399,15.228600600974268,0,2130.9123502672373,2043.8032916540385,60.42042759426139
2025-06-09,2075.397057952669,2111.9753458569417,2039.815333302935,2044.300537109375,114435,2127.3601345486118,2101.255459872159,1991.5045239257813,2040.2767645263675,2113.169731421077,2090.8867715970505,46.759770401827225,36.69976891615306,54.0167307115116,-17.316961795358537,2281.7241167516945,1962.2954999475248,15.228819733927407,0,2111.277643365247,2043.8032916540385,60.21430778698482
2025-06-10,2057.1577108977485,2058.5529724776657,2008.320148962676,2024.566162109375,109514,2114.987630208333,2109.0921908291903,1991.0630419921877,2041.5627630615236,2095.4490175587366,2084.857625279989,44.81760730854983,26.911488055920927,48.59568218039347,-21.68419412447254,2278.623512691849,1968.4438945347133,15.65681083362164,0,2095.5300511951173,2043.8032916540385,51.85162252832796
2025-06-11,2030.2471736413029,2120.746212669184,2019.3832837251168,2109.1845703125,212022,2110.1813693576387,2116.9975863370028,1993.62076171875,2043.3526177978515,2098.196128109489,2087.06916573749,53.69812121702623,25.686109824866435,44.01376770928806,-18.327657884421622,2273.8595703429983,1983.5330810241887,14.923227814716125,0,2095.5300511951173,2043.8032916540385,54.69118121537014
2025-06-12,2114.5668097837297,2174.766481225754,2092.0416334064425,2106.393798828125,250292,2105.8402235243057,2122.102383700284,1995.7354956054687,2045.0661431884769,2099.8356622532165,2088.825950563911,53.39293460950321,24.210710809476492,40.05315632932575,-15.84244551984925,2265.060141235269,2003.8517117920744,14.292131843596382,0,2095.5300511951173,2057.0905784523934,53.09979501698259
2025-06-13,2073.1046832040765,2141.8759443295967,2049.184244551722,2133.204833984375,113463,2103.6807454427085,2127.8875066583805,1998.5914794921875,2047.0407104492188,2106.509496599448,2092.860394511226,55.981254955644296,24.91763790892037,37.02605264524467,-12.1084147363243,2255.535251166529,2026.6413113334704,13.481343230750198,0,2095.5300511951173,2057.0905784523934,56.22997398418137
2025-06-16,2122.939029381102,2132.9058792843,2074.6995731821444,2088.752685546875,74122,2095.5633138020835,2132.3216386274858,2000.9983471679689,2048.330549316406,2102.9581343889336,2092.486966423557,50.93101031725513,21.641496155249115,33.94914134724556,-12.307645191996444,2254.655690559147,2021.301365104916,12.728468090250171,0,2091.543315094215,2073.662408099548,58.59604907709896
2025-06-17,2098.0216838847355,2130.812519283727,2068.121137321057,2072.9052734375,99457,2086.82568359375,2135.6101629083805,2003.0932421875,2048.9676025390627,2096.9475621986467,2090.706812515734,49.22604704519818,17.56391066823153,30.672095211442752,-13.108184543211223,2255.7399903270184,2015.806811430794,12.132840054422498,0,2091.543315094215,2091.080219962193,59.81794113159611
2025-06-18,2074.101540547412,2101.908955459614,2038.220879586476,2081.875732421875,94236,2083.0604654947915,2132.470525568182,2003.811884765625,2050.193236083984,2093.9331962432925,2089.903987052656,50.24145693419729,14.884654827661052,27.51460713468641,-12.629952307025365,2238.982217268876,2016.5702729654988,12.044700650023378,0,2091.543315094215,2117.804027762848,61.146589322956665
2025-06-19,2092.0417880025725,2092.0417880025725,2032.439977105464,2043.2042236328125,121162,2078.2653130425347,2129.1158169833097,2006.116962890625,2051.490667114258,2083.7874017211966,2085.6585540144883,45.97305856174604,9.53099037876882,23.917883783502894,-14.386893404734078,2208.560374073272,2023.5376361806343,12.051812083461137,0,2091.543315094215,2117.804027762848,62.89078815506951
2025-06-20,2047.1909035655856,2054.865329075304,1997.356655669637,2038.8187255859373,85307,2077.656222873264,2119.8885387073865,2010.1746459960937,2052.216726074219,2074.793666494145,2081.400387793711,45.50095667358152,4.878068355199048,20.109920697842128,-15.23185234264308,2201.962488726155,2015.767516156658,12.583687384147815,0,2086.061568447695,2125.16933384591,62.29989306591095
2025-06-23,2033.1376303487048,2045.79560206685,2003.9347129848368,2015.7952880859373,55230,2076.681681315104,2107.9815507368608,2013.4006103515624,2052.927565917969,2062.9939908125034,2075.4362878202774,43.0041841310525,-0.6596013881130602,15.956016280651092,-16.615617668764152,2198.2733300078685,2003.9806861054128,13.0775715919283,0,2086.061568447695,2141.7330600823966,61.87987729548132
2025-06-24,2028.2538038046712,2085.961763101295,2022.572748450442,2049.582763671875,74214,2070.0592583550347,2101.939913662997,2020.277282714844,2053.5653009033203,2060.311745384378,2073.08596744315,47.5525278293232,-2.295417506210015,12.305729523278872,-14.601147029488889,2190.8930682056985,2000.1594586497704,12.682419946102195,0,2086.061568447695,2141.7330600823966,64.57092649107929
2025-06-25,2062.141162141396,2113.968779556259,2061.1444771911097,2100.912109375,63819,2069.450181749132,2098.7743197354403,2025.0831616210935,2054.2844860839846,2068.4318181825024,2075.615616709682,53.60923406661994,0.5437674431791493,9.953337107258928,-9.40956966407978,2187.288236029515,2000.2636316462665,11.778826575357185,0,2069.616299999617,2141.7330600823966,65.60321266651295
2025-06-26,2122.24128276534,2127.922338233946,2068.1212420774887,2073.303955078125,49085,2062.794528537326,2094.7609696821733,2028.2181591796875,2054.116387939453,2069.406245561627,2075.405465652268,50.24808486527623,0.5596434289250283,8.074598371592149,-7.514954942667121,2179.498050248021,2000.1401211386972,11.193338965490083,0,2065.131267476969,2141.7330600823966,66.95585654923401
2025-06-27,2081.078048149592,2149.650017176331,2068.1211445931053,2077.09130859375,179412,2061.498819986979,2092.0869972922587,2030.5092431640624,2054.5410247802733,2070.943258168052,2075.558724101493,50.70468599390598,0.8678292431754926,6.633244545908818,-5.7654153027333255,2172.280275516757,2000.520615596524,11.043094510791502,0,2073.503336422984,2137.0054400804106,67.62506083703536
2025-06-30,2093.03832624869,2163.802955374241,2093.03832624869,2110.580078125,209314,2065.684909396701,2090.1842318448157,2033.563664550781,2055.1032849121093,2078.870622159442,2078.7424835581755,54.66650314155557,3.7708643680225578,6.060768510331567,-2.289904142309009,2165.267086309459,2003.3277989444468,11.153770433602318,0,2080.579805521939,2099.6816182352004,70.23069107028546
2025-07-01,2108.786052365632,2111.078476402201,1980.412982961838,1991.5758056640625,282140,2055.6515842013887,2083.189308860085,2035.4403247070316,2055.049649658203,2061.411658860366,2070.818240113256,41.80786836368351,-3.490869042363556,4.150440999792542,-7.641310042156098,2158.2243637475203,1993.3471450415416,11.453910794690405,0,2072.1079691680397,2081.5764681946985,72.32373139144944
2025-07-02,1988.3864879750613,1990.3798578878184,1948.4194455574127,1975.7286376953125,173778,2048.154296875,2075.1478770862927,2037.3543676757813,2055.1620526123047,2044.2750546273555,2062.1737308025336,40.44360803425832,-10.404640879433828,1.2394246239472675,-11.644065503381096,2152.844505425431,1981.1454726019124,12.159328498362749,0,2056.111200465826,2065.579699492486,69.49741084054504
2025-07-03,1986.3931000524824,2007.2238397850567,1983.4030452104564,1995.761962890625,67104,2043.3702121310764,2067.6002585671163,2039.6869921875,2055.3703967285155,2034.5724362800092,2056.136297355996,42.97684899047861,-14.104742264641343,-1.8294087537704549,-12.27533351087089,2149.23387269606,1972.7560320890964,12.480905384864034,0,2056.111200465826,2065.579699492486,65.12623243425
2025-07-04,2004.233811353652,2013.5029084866885,1992.273591827944,2011.1109619140625,53263,2042.8497314453125,2061.216941139915,2042.398259277344,2055.836397705078,2029.8801414068205,2052.043085043093,44.91028734410958,-15.618522718251825,-4.587231546666729,-11.031291171585096,2147.315332901475,1967.1496085047745,12.65275499176582,0,2056.111200465826,2065.579699492486,62.46366499542955
2025-07-07,2011.1110064755385,2058.1544889861048,1993.569253449967,2047.7890625,106610,2042.650431315104,2058.1272305575285,2047.3897875976563,2056.339916381836,2033.461925625456,2051.656355720994,49.33138036292071,-13.70065581643894,-6.409916400621171,-7.290739415817768,2147.397790494777,1967.416003450536,11.956106839156948,0,2056.111200465826,2065.579699492486,62.59894025067727
2025-07-08,2043.2040850085448,2052.5728259194875,1997.9545653293744,2013.8018798828125,76556,2032.9715169270837,2054.8291071111507,2049.693051757813,2056.4297174072267,2029.529916476928,2048.2150397357045,45.67360174179844,-14.753148956088353,-8.078562911714608,-6.674586044373745,2147.810311932164,1965.927053790492,11.309219268877284,0,2056.111200465826,2065.579699492486,61.95109630188978
2025-07-09,2013.3035390595248,2031.243867625402,2004.4330189354912,2024.665771484375,52583,2027.567274305556,2053.93661776456,2052.9819677734376,2056.784320678711,2028.557087478417,2046.0741971674015,47.02571841162984,-14.54298956217258,-9.371448241806204,-5.1715413203663765,2141.171309310847,1964.1141765289967,10.708537953617594,0,2056.111200465826,2061.5929633915835,59.608884715661375
2025-07-10,2029.7488942252523,2043.204141007497,2014.997908345868,2035.72900390625,31062,2022.971462673611,2054.4440196644177,2056.295075683594,2057.4285803222656,2029.991470763984,2045.133725052752,48.433237887756455,-13.33006563229219,-10.1631717199034,-3.1668939123887903,2134.178430599537,1964.04057574812,9.984428870552389,0,2056.111200465826,2061.5929633915835,57.51585323394436
2025-07-11,2025.4630498405563,2047.1908298066096,2008.3201178482564,2016.5926513671875,35939,2012.5284152560764,2050.2352960759945,2059.09208984375,2057.87154296875,2027.3117068846248,2042.539081990428,46.149139761957926,-13.754406167469824,-10.881418609416684,-2.87298755805314,2119.615865004488,1966.9419230814492,9.373260793282936,0,2029.7489609798067,2061.5929633915835,57.30226915368293
2025-07-14,2004.333394795785,2043.204107076758,1994.366545492972,2026.360107421875,52421,2016.393337673611,2046.5974010120735,2061.6704052734376,2058.529309692383,2027.121386992075,2041.0682661205592,47.50982068592111,-13.150951047734225,-11.335325097080192,-1.8156259506540329,2113.720654223427,1966.59787605001,9.107199005598211,0,2003.2869672717588,2061.5929633915835,55.77877533714208
2025-07-15,2035.72895189479,2087.955144441978,2027.356774222168,2066.028076171875,85595,2026.4266086154516,2043.5439120205965,2066.1110375976564,2059.227162475586,2034.9027248280352,2043.337339761588,52.733324196047874,-9.363893819476743,-10.941038841559504,1.5771450220827603,2112.794277289306,1966.836533257569,9.025381419951705,0,2035.6790948262171,2061.5929633915835,55.57941970397916
2025-07-16,2068.121432277543,2096.327667224987,2057.1578969739035,2072.4072265625,57190,2034.9427490234373,2042.800936612216,2070.484172363281,2059.853897705078,2042.4036251749285,2045.9800567434888,53.5341268410401,-5.781237055983411,-9.909078484444288,4.127841428460876,2111.2875338510826,1967.396426109855,9.115729848014483,0,2044.3006295264656,2061.5929633915835,54.10575356788104
2025-07-17,2068.6195487026694,2117.955452176908,2064.134466568648,2102.5068359375,68036,2045.0978461371528,2044.1464621803975,2074.6769921875,2060.820238647461,2054.4242673274425,2051.1188548520354,57.21729369827939,-0.5073207577365793,-8.028726939102745,7.521406181366165,2119.6114511003047,1965.0027700911012,9.620955498150863,0,2055.762352813437,2061.5929633915835,52.12661878395492
2025-07-18,2112.971981692181,2114.9653514862307,2076.0946405022705,2096.327392578125,49757,2050.4909939236118,2044.803355823864,2079.560378417969,2061.784794921875,2062.804892377579,2055.2287219180434,56.23182541097439,3.137499330543505,-5.795481685173495,8.932981015717,2126.1327882290275,1964.2322996615976,10.090093601848931,0,2056.16099883494,2056.111200465826,48.709409084202726
2025-07-21,2096.02838483538,2109.3838654186043,2076.0946864536827,2093.038330078125,32404,2059.2950439453125,2047.0685424804688,2082.7158276367186,2062.804816894531,2068.8515799176885,2058.6659590235054,55.682109290606725,5.694997270585645,-3.497385894021667,9.192383164607312,2131.448982875417,1966.640409214426,10.525721840997134,0,2056.16099883494,2056.111200465826,41.75395805024262
2025-07-22,2093.0382228271724,2104.5000988093216,2068.121101126849,2072.30712890625,28505,2064.588528103299,2048.590742631392,2084.280205078125,2062.8241662597657,2069.542689715401,2059.906065376482,52.21708758572559,5.980063685447931,-1.6018959781277478,7.581959663575678,2133.240496275875,1967.1213323374063,10.686346076926633,0,2056.16099883494,2056.111200465826,41.26986073422995
2025-07-23,2073.1045272798283,2115.961976641863,2067.42347219344,2102.108154296875,63219,2071.9639892578125,2052.514054731889,2086.2037255859377,2063.374468383789,2076.0557826316963,2063.7426189146995,56.41575287036412,8.512547219017506,0.4209926613013031,8.091554557716202,2133.4556694335724,1967.025763671896,11.106600473663152,0,2056.16099883494,2056.111200465826,42.4872394741356
2025-07-24,2111.4769623413667,2143.1715908530105,2058.1543201486534,2091.044921875,65563,2080.2364637586807,2054.3986982865767,2088.200588378906,2064.029697265625,2079.053610480357,2066.224646456545,54.50114527187143,9.51714059520873,2.2402222480827887,7.276918347125941,2135.744290495931,1966.511239289225,12.09339978081497,0,2068.769068172991,2056.111200465826,47.04352190596507
2025-07-25,2092.041693582484,2094.035063466793,2023.2704325738173,2030.1475830078125,31672,2080.6572943793403,2051.18212890625,2088.792385253906,2064.5902001953127,2069.272404985848,2062.944913415751,45.37308217131109,5.337850360993343,2.8597478706649,2.4781024903284434,2132.967925689117,1964.5932315374453,11.926197021155245,0,2083.2210117134136,2056.111200465826,47.48490728859635
2025-07-28,2033.2372893762,2078.686220235946,2029.748892065995,2044.4998779296875,51325,2078.2652723524307,2049.8728526722302,2086.663427734375,2065.232416992188,2064.317899574616,2061.268092007927,47.60053037897793,3.1475598822448774,2.9173102729808957,0.230249609263982,2124.4788820965828,1966.4742551104484,11.770937315756928,0,2083.2210117134136,2056.111200465826,47.07912640144192
2025-07-29,2035.2308021501044,2088.952027166208,2031.3437062555709,2078.785888671875,39924,2078.9740125868057,2049.9498790394177,2085.8989892578124,2066.1520635986326,2067.211497394068,2062.860618977377,52.57543297547697,4.130717089072732,3.159991636199263,0.9707254528734692,2125.884737766706,1973.7894077411067,11.88329500364192,0,2083.2210117134136,2056.111200465826,49.27894584577954
2025-07-30,2078.7856631570207,2155.2313469052283,2072.30721125749,2138.6865234375,121697,2082.9939778645835,2051.2274447354403,2083.836342773437,2067.450588989258,2081.506502602754,2069.753883019206,59.76300740810802,9.63232146787277,4.454457602533965,5.177863865338806,2135.50552600468,1980.4644080773517,13.32909822829134,0,2089.250889739523,2056.111200465826,53.18736748764449
2025-07-31,2090.048215530908,2117.9553924669426,2048.785558393708,2059.549560546875,60765,2078.907552083333,2054.317160866477,2079.472353515625,2068.2608666992187,2077.1151141915784,2068.8262173399035,49.16212002154296,7.520005107078305,5.067567103442833,2.452438003635472,2132.951969695812,1989.3967241518444,13.949724380207227,0,2089.250889739523,2056.111200465826,56.83238556517582
2025-08-01,2059.450111567988,2084.068180577613,1970.446098996624,1981.50927734375,83588,2066.515435112847,2054.5799172141337,2075.4525634765623,2068.682684326172,2057.9939468220127,2060.8883137038893,41.36903659763715,-0.4460773696578144,3.964838208822704,-4.410915578480519,2136.838688666316,1982.549836724309,13.257009926780826,0,2062.8387229509262,2056.111200465826,61.45985127926175
2025-08-04,1981.4095993843853,2007.3234070222093,1973.3364759534213,2001.9412841796875,35376,2058.697007921007,2054.860795454545,2072.080285644531,2069.1233056640626,2046.783414293548,2055.5294928380526,43.877416150258696,-5.052322897342947,2.1614059875895744,-7.213728884932522,2138.6514159309063,1976.152331627687,12.613775077170596,0,2062.8387229509262,2056.111200465826,59.487843711310674
2025-08-05,2001.9413703647904,2017.689041273519,1945.628670573676,1950.512451171875,65542,2041.8530409071184,2052.1063176935368,2067.8585815429688,2069.372223510742,2027.5292216692133,2045.9824890502184,39.31772967310927,-12.706213360997936,-0.8121178821279276,-11.894095478870009,2146.7817644882925,1961.693040199208,12.571456428863996,0,2050.430008739452,2050.430008739452,61.83717231479349
2025-08-06,1950.512438918188,1964.4660281592985,1893.0037662121504,1923.2032470703125,118325,2023.2039659288196,2046.4433260830965,2063.6042724609374,2069.666486816406,2006.664026749433,2034.8207397793176,37.112272915734025,-20.73656304448764,-4.79700691459987,-15.93955612988777,2158.1905080086103,1940.1380442374837,13.426704184106685,0,2024.117556558689,2024.117556558689,63.097263481856935
2025-08-07,1893.7015207459035,2079.0849327768183,1879.7479305930387,2051.476806640625,1027048,2025.5738796657984,2048.1558227539062,2061.584990234375,2070.334630737305,2015.626582727672,2036.3349276758,51.01215799583734,-16.559184818883523,-7.149442495456601,-9.409742323426922,2158.79666274012,1941.1066697794115,12.941239371339362,0,2017.4896387491333,2017.4896387491333,74.55914142470117
2025-08-08,2036.3270199253684,2152.8395162245383,2001.443046282841,2104.001953125,459509,2032.1852213541667,2051.76201282848,2060.7557470703123,2071.4097186279296,2033.3016568071373,2042.486475443909,55.3628339208055,-8.907561306407388,-7.501066257646759,-1.406495048760629,2164.538137743958,1944.1061249513536,13.47629791774906,0,2017.4896387491333,2017.4896387491333,82.99537649447088
2025-08-11,2092.1415457674384,2121.9423294354465,2061.0447796235926,2100.712890625,76043,2034.621554904514,2054.7158258611507,2059.717202148437,2072.5917791748047,2046.7839035707104,2047.7797859149173,55.033237093550085,-3.073564266074982,-6.615565859332404,3.542001593257422,2169.2955301544,1946.7840108612247,13.973137996558066,0,2017.4896387491333,2017.4896387491333,84.74670164656956
2025-08-12,2093.038358402274,2135.596756356864,2081.078139211404,2089.4501953125,71021,2029.150851779514,2058.0275324041195,2058.2700146484376,2073.935994873047,2055.3171619190684,2051.568004951061,53.85097657709848,0.6338088803800019,-5.165690911389923,5.799499791769925,2171.3105794879143,1947.1111734417727,14.609323364612964,0,2016.2937234087883,2017.4896387491333,85.17385255350074
2025-08-13,2083.569733284646,2181.74319357096,2077.091281590626,2149.74951171875,164257,2039.173068576389,2063.636141690341,2058.2341259765626,2075.4062854003905,2074.203631879005,2060.4935964753963,58.93715821049024,8.341424946273492,-2.46426773985724,10.805692686130731,2182.2100630306786,1943.9459184146335,15.754713047737754,0,2030.7455620819997,2030.7455620819997,86.57632693035625
2025-08-14,2152.8394165917066,2178.454170243232,2117.9554445636004,2128.12158203125,57779,2055.463324652778,2066.458573774858,2058.481303710937,2077.135454711914,2084.987221909454,2066.641595162292,56.5305797084517,12.559791576146836,0.5405441233435755,12.01924745280326,2185.8038594748105,1942.9135965798769,16.818289182067915,0,2030.7455620819997,2030.7455620819997,85.84304798654595
2025-08-18,2143.7694979286844,2150.148427417931,2103.702812795368,2144.56689453125,71747,2071.3106146918403,2069.7385586825285,2059.6454296875,2078.8759350585938,2096.9031564338134,2073.7257132867426,57.93702452563715,17.03352492916838,3.839140284508536,13.194384644659843,2192.7217142838617,1940.8196919661389,17.4810490705519,0,2030.7455620819997,2030.7455620819997,85.66506844744681
2025-08-19,2144.865921967113,2169.1849363892484,2114.467032273806,2129.218017578125,54368,2091.166788736979,2070.952703302557,2061.343779296875,2080.220925292969,2103.366128662676,2078.770468222323,56.11222363067568,19.12006059206533,6.895324346019895,12.224736246045437,2197.1316242693706,1940.0277507306291,18.348182570303,0,2030.7455620819997,2030.7455620819997,85.45861010493287
2025-08-20,2144.0687450978107,2147.8561968025165,2105.7961380418315,2113.869140625,42299,2112.351888020833,2071.750055486505,2063.129838867188,2080.9392669677736,2105.466731055141,2081.961256622566,54.27138841678553,19.31250649018739,9.378760774853394,9.933745715333997,2200.7973672655826,1940.5182089062928,18.941766443017126,0,2030.7455620819997,2030.7455620819997,82.53974747014335
2025-08-21,2113.8688493416885,2214.63378731202,2092.041547960364,2203.77001953125,236393,2129.2733561197915,2076.7833140980115,2065.0215478515624,2081.8289251708984,2125.1273887503626,2093.0347805233555,62.11171866159805,26.41477773063661,12.78596416601004,13.628813564626576,2218.392799785446,1933.0889629098667,20.32774773892561,0,2108.0384167974307,2047.1908589525292,84.87483849213366
2025-08-22,2211.643760997363,2227.5907191658885,2146.9590092587905,2160.91259765625,172520,2135.5967610677085,2080.810835404829,2066.111923828125,2082.5572967529297,2132.28443053154,2099.2054911718005,57.08680221575936,28.259386470525897,15.880648626913212,12.378737843612685,2226.801477090387,1931.667053183051,21.756644380263563,0,2144.3177493947405,2053.669324879464,82.51838337257001
2025-08-25,2187.723294902619,2212.640416712444,2144.3675029535234,2155.031982421875,102677,2141.6322157118057,2083.216463955966,2066.548466796875,2083.5297235107423,2136.833940909607,2104.280626739989,56.41241182763463,28.91343955036882,18.48720681160433,10.426232738764488,2234.857815482224,1936.09915473262,23.0143816111865,0,2152.3410003782574,2053.669324879464,84.96738213615093
2025-08-26,2154.8326765917336,2161.6101823351487,2063.137669077192,2077.589599609375,98702,2140.3143717447915,2082.604858398437,2066.325205078125,2083.8566583251954,2124.9850726495606,2101.8541697281157,48.3173624759886,22.918636473460992,19.373492743975667,3.545143729485325,2235.3295812914585,1938.9363610913545,22.303219136977223,0,2145.36419412154,2053.669324879464,86.85396374744474
2025-08-28,2077.091398520912,2161.809617750412,2064.533071043791,2149.052001953125,158529,2140.236870659722,2088.0096047141337,2067.8481396484376,2084.174136352539,2129.7984585102736,2106.1448817485707,54.76763048470312,23.661376854035097,20.231069565987557,3.430307288047544,2241.320581349107,1939.9719723618305,21.645951909026078,0,2145.36419412154,2053.669324879464,88.69784123026423
2025-08-29,2140.0818074259632,2144.267835415625,2078.0880541879083,2091.64306640625,50682,2136.1837022569443,2090.152476917613,2068.043486328125,2084.0736883544923,2122.1673800894687,2104.8265348992686,49.43042413548787,19.394020449275104,20.063659742645065,-0.6696392933699613,2237.269918091698,1939.3182899161147,21.03563234021429,0,2145.36419412154,2053.669324879464,79.52833734322404
2025-09-01,2091.6429984550323,2132.805889569278,2073.1045622485703,2102.7060546875,39386,2131.5324978298613,2091.239757191051,2069.2335229492187,2084.5754730224608,2118.2751150090758,2104.633763970926,50.43287119580267,16.712153152320298,19.393358424580114,-2.6812052722598168,2238.9240412895906,1941.9798161322844,20.35377990989777,0,2145.36419412154,2053.669324879464,72.97868429886762
2025-09-02,2116.4604382343928,2142.772822921842,2079.18451937196,2120.347412109375,33286,2130.546875,2090.406161221591,2070.8640966796875,2085.1634741210937,2118.6895744291355,2106.0622774380577,52.06468989992698,15.827810954430332,18.68024893055016,-2.852437976119827,2237.1457105119835,1957.6419603864545,19.908903341442343,0,2145.36419412154,2053.669324879464,73.17088099444105
2025-09-03,2120.3474699151784,2179.74999039706,2108.287727992687,2153.836181640625,94914,2134.9876573350693,2094.6919167258525,2073.6249145507813,2085.925387573242,2125.7188958714337,2110.405359638291,55.08741120868826,17.626045138583322,18.469408172156797,-0.8433630335734712,2239.302613118073,1970.674547526458,20.14801823008384,0,2145.36419412154,2053.669324879464,74.38114137007771
2025-09-04,2172.773082302492,2172.773082302492,2098.021714792085,2109.98193359375,38656,2124.5667588975693,2100.531582919034,2074.832897949219,2086.7511938476564,2122.571503415897,2110.3668663615144,50.58865117828921,15.335706890079564,17.842667915741348,-2.506961025661784,2225.895910712657,2000.028198174061,20.098786327874446,0,2145.36419412154,2053.669324879464,72.24538819365436
2025-09-05,2109.982074204413,2177.7566519303937,2104.1017302342348,2131.31103515625,48681,2121.2776963975693,2106.4120261452413,2075.440876464844,2087.696086425781,2124.319409763968,2112.2708817064904,52.61550441662241,15.067983237233875,17.287730980039854,-2.2197477428059784,2192.565257976153,2054.16962971916,20.144269797753587,0,2137.889042894818,2053.669324879464,73.18511648054917
2025-09-08,2108.985451744867,2198.687101393751,2108.985451744867,2168.98583984375,86955,2122.828125,2116.342634721236,2077.354514160156,2088.643978881836,2133.2526957799246,2117.426786991696,56.04526929054968,17.691910854808157,17.368566954993515,0.3233438998146418,2192.4334323106177,2066.0523587050075,20.565294569824516,0,2130.9123852354714,2053.669324879464,76.27483326814354
2025-09-09,2167.889660544662,2206.1622675601466,2167.789894711236,2196.593994140625,64216,2136.050835503472,2128.7694868607955,2079.7445678710938,2089.9120520019533,2145.920955452065,2124.6238058234167,58.4203582290032,21.748437269982333,18.24454101799128,3.5038962519910517,2202.601346528531,2065.143648588657,21.088777389415046,0,2135.347669301969,2053.669324879464,75.10729532053415
2025-09-10,2196.593881730806,2225.5975113428,2186.5275096531964,2212.341552734375,77351,2143.0830078125,2136.0815207741475,2081.779797363281,2091.3053930664064,2159.205074908527,2132.5981464516854,59.75613676469533,25.93499754268305,19.78263232292964,6.152365219753413,2214.6689136499604,2064.238947678165,21.9128993860218,0,2149.351036795685,2053.669324879464,74.89371981545689
2025-09-11,2212.3415661903573,2263.9698959980187,2201.278509087402,2230.182373046875,90699,2158.476264105903,2141.81699440696,2086.5519287109373,2092.683680419922,2173.4005345361966,2141.4694397785206,61.27403358534929,30.34270994602184,21.89464784754808,8.448062098473763,2228.07116718809,2064.909911913473,23.26748055188742,0,2168.5372291232943,2071.8589132955285,70.61508749823977
2025-09-12,2229.6833795280068,2265.412409568249,2215.6111571477995,2241.16064453125,78503,2173.860107421875,2148.2009832208805,2091.8605688476564,2094.053159179688,2186.952556535208,2150.532276574223,62.21837078741724,34.32601955484415,24.380922189007293,9.945097365836858,2242.996030212994,2059.1261621698186,24.54613930827159,0,2172.2984644701046,2072.580170080644,68.41291196347917
2025-09-15,2258.4263220142752,2287.468890999316,2245.5519217925225,2268.805908203125,120347,2190.3554958767363,2156.353515625,2097.3214477539063,2094.8770922851563,2203.323226868791,2161.284424904123,64.56188150477362,39.26098664036908,27.35693507927965,11.904051561089428,2263.2219708534053,2052.968654146595,26.049179283198622,0,2192.7453028957007,2083.6084107961774,66.84400715698955
2025-09-16,2277.3885805229875,2282.4785952734005,2225.1921726803125,2242.956787109375,68976,2200.257785373264,2160.590209960937,2101.9583642578127,2095.727794189453,2211.249938916908,2168.7091851046007,60.76646071291607,40.61795704302676,30.00913947202908,10.608817570997685,2274.4925284251776,2051.537085832635,26.72216819223137,0,2192.7453028957007,2144.4559686410785,63.902143538070376
2025-09-17,2242.9569495470537,2390.2652521088967,2229.0845263403844,2325.49365234375,497745,2224.203531901041,2169.561667702415,2107.5124560546874,2096.868010253906,2234.0986816022764,2182.962318489978,67.36381760237241,47.8023651886715,33.56778461535757,14.234580573313934,2304.506455015859,2041.150722718516,28.65507798114489,0,2247.183491171566,2225.655015866245,68.46672775677689
2025-09-18,2337.1703160737266,2357.7294437312216,2282.079495065253,2316.910400390625,79639,2244.82568359375,2177.3954634232955,2113.574626464844,2097.522401123047,2250.6610253599465,2195.1394168445822,66.11865779599094,52.201714831435766,37.29457065857321,14.90714417286256,2326.311407562945,2039.649896147992,30.44992278513602,0,2249.625351926882,2226.7014605930444,68.80144210683059
2025-09-19,2319.305582906617,2352.140686235594,2285.4727002224045,2338.367919921875,84437,2263.645914713541,2186.902277166193,2119.848669433594,2098.086512451172,2268.2024042723324,2208.1601898516087,67.7247848124186,56.76531836223148,41.18872019930487,15.576598162926617,2348.9123564420543,2030.508737307946,32.116564388842065,0,2279.027573410066,2226.7014605930444,69.29906058486502
2025-09-22,2338.3678587814857,2364.3164564461545,2302.538931007683,2315.413330078125,68517,2276.848063151041,2196.06337668679,2125.4423559570314,2098.1558935546877,2277.644589433491,2217.9104753267466,64.21768113886009,57.86275762688911,44.52352768482172,13.33922994206739,2365.500809439776,2029.3703575524123,33.791243736062654,0,2288.3963808810468,2226.7014605930444,69.16971929119283
2025-09-23,2309.225712464513,2314.016271692224,2237.5676108951543,2249.144775390625,64060,2280.937310112847,2198.1258655894885,2130.0933984375,2097.644609375,2271.944626624918,2220.749957150736,55.31242678028568,52.7767896383516,46.174180075527694,6.602609562823908,2370.477374977972,2033.8050713110904,33.33347608076472,0,2295.771880598149,2226.7014605930444,69.62568048966409
2025-09-24,2254.533937067846,2275.2928640159103,2231.1802965374977,2256.6298828125,41458,2283.875922309028,2202.476651278409,2134.6987939453124,2097.081173095703,2268.881677862434,2224.011768574532,56.05371835820123,48.787714573996254,46.69688697522141,2.090827598774844,2370.3376182010943,2051.848856408281,32.737190422656695,0,2302.938204628348,2226.7014605930444,67.43719477309303
2025-09-25,2255.4321659940074,2255.4321659940074,2160.719877155992,2179.283203125,54307,2277.0006510416665,2203.5789794921875,2136.963896484375,2096.259647216797,2250.9619829149474,2219.9455353518474,47.31870681029804,38.93628000919944,45.144765582017016,-6.20848557281758,2369.9319711381754,2055.277623588387,30.55238574136334,0,2275.492564632445,2226.7014605930444,69.02684362740368
2025-09-26,2145.6496514353835,2145.6496514353835,2001.135987316852,2032.8731689453125,285785,2250.785902235243,2201.5464144620028,2136.1732153320318,2094.5505548095703,2207.3442201210205,2202.9389565876168,35.91095904062726,19.09476837846705,39.93476614130702,-20.83999776283997,2378.295613167924,2041.0369918125452,30.465723983203777,0,2195.7006197128744,2195.7006197128744,75.34438406735111
2025-09-29,2064.4106209918923,2065.907655524881,1996.0460439853923,2006.225830078125,99908,2224.482462565104,2195.054315740412,2134.247595214844,2092.7159381103515,2167.1205421124414,2185.0559450867536,34.290605141476576,1.206106668362736,32.189034246718165,-30.98292757835543,2390.9675295220773,2018.717052997454,30.438134211487597,0,2193.1556480471445,2193.1556480471445,77.5936154023924
2025-09-30,2026.086485240916,2045.9471674763608,1945.6458551195929,1962.2130126953125,98326,2184.1179470486118,2189.171131480824,2131.5653076171875,2090.2367626953123,2126.139036229016,2164.797496687532,31.74295256182104,-16.333965364887717,22.484434324396997,-38.81839968928471,2409.702618753321,1984.1685238248035,30.914439204572314,0,2154.981155782873,2167.9555536142448,81.96728045004701
2025-10-01,1969.8979174912715,2064.310750516607,1956.2249287985787,2054.430419921875,85457,2154.9535047743057,2186.9767844460225,2130.7931494140626,2088.3739404296875,2111.797312967588,2154.764126072472,41.5428419344776,-22.533670622268342,13.480813335063928,-36.014483957332274,2413.437730731076,1970.4928356751743,30.98518372764168,0,2154.981155782873,2167.9555536142448,85.20974007914786
2025-10-03,2055.927437331469,2062.9135985262847,1991.1557184594528,2015.90673828125,70816,2119.1244845920137,2182.229481090199,2129.6651416015625,2086.278190917969,2092.6191980303206,2142.140727182361,39.02234267438472,-30.207309793858258,4.74318870927949,-34.95049850313775,2419.785681016553,1954.7373658584468,31.0508750704918,0,2154.981155782873,2167.9555536142448,86.77807062531802
2025-10-06,2029.679418956339,2049.540223757105,2006.026321508947,2017.40380859375,42984,2086.0123155381943,2176.028009588068,2127.9710546875,2084.315831298828,2077.576120143007,2130.801007310669,39.17678234221408,-35.75575299688353,-3.356599631953113,-32.39915336493041,2425.1762870673333,1937.956037151417,31.111874174566918,0,2129.8310634059085,2167.9555536142448,86.57847460961032
2025-10-07,2026.0865400633663,2026.4857736433755,1986.065840704416,1993.052001953125,56366,2057.557562934028,2170.7130126953125,2126.0111962890624,2082.1570654296875,2060.6712965050306,2118.2783704599838,37.51246037646997,-41.63794517574888,-11.012868740712268,-30.62507643503661,2430.584042490924,1914.954897938764,31.406758595012672,0,2110.469359567752,2167.9555536142448,85.37372534860116
2025-10-08,2001.934436323696,2024.5895105550835,1989.7584821625005,2001.4354248046875,40353,2029.2026231553816,2164.8095758611507,2125.436953125,2080.2382818603514,2048.824122164962,2107.65628449132,38.48138501445773,-45.10323072743404,-17.830941138056623,-27.27228958937741,2431.5781398934296,1894.4449436026644,31.680579842569447,0,2100.5390105568003,2167.9555536142448,76.3487469646062
2025-10-09,2016.0065661670685,2042.2546211809367,1996.0461051159093,2022.094482421875,57625,2011.737209743924,2158.1326959783382,2124.988845214844,2078.436976928711,2043.4781942163445,2099.877938848643,40.91282534645141,-45.656185116386496,-23.3959899337226,-22.2601951826639,2428.117604460112,1878.8807720047323,31.472439116698443,0,2045.647753277488,2167.9555536142448,74.2457874931104
2025-10-10,2022.793194799451,2082.7742347496624,2008.0224047210013,2052.73388671875,76725,2013.9439561631943,2151.5936001864347,2124.467805175781,2077.197688598633,2045.3293327168255,2095.592115927744,44.4213121718773,-43.12494407987333,-27.341780762952745,-15.783163316920586,2420.27776023488,1868.975767597151,30.30660756651392,0,2014.210044934628,2167.9555536142448,74.82320492278696
2025-10-13,2052.73376932512,2056.027293979484,1997.44327037702,2003.930419921875,47516,2013.6889105902776,2142.120366876776,2121.772683105469,2075.185877075195,2037.049550157836,2087.2592344726645,40.31503117141607,-44.54347971791276,-30.78212055394475,-13.76135916396801,2411.32706782228,1854.203437548814,29.39903668326063,0,2014.210044934628,2167.9555536142448,74.59509764878642
2025-10-14,2008.920546353204,2022.7930905936207,1958.021372712508,1965.6063232421875,60826,2014.065945095486,2130.0941827947445,2119.893818359375,2073.084464111328,2022.7609047747064,2076.1998789062573,37.39194713973862,-48.20444293335572,-34.26658502982695,-13.937857903528773,2397.989521576507,1837.221025298493,29.16743378083204,0,2019.4995817741203,2167.9555536142448,73.6612404129394
2025-10-15,1966.3049090675872,2022.094420359064,1965.1073301728688,2015.40771484375,51147,2009.7300889756943,2119.832685990767,2120.571787109375,2071.222353515625,2021.290266788515,2070.6733185369385,43.15943780184075,-46.55061999224358,-36.72339202231028,-9.827227969933304,2383.646451369249,1828.809188279189,28.952373942862632,0,2020.397803731085,2167.9555536142448,74.58084917778103
2025-10-16,2020.99669290192,2026.785275371209,1992.054024213448,2011.31591796875,49816,2009.219997829861,2108.128595525568,2120.759279785156,2068.339256591797,2019.295397024562,2065.2771912125577,42.81048704643188,-45.050809518525966,-38.388875521553416,-6.66193399697255,2350.705341069571,1830.332525141367,28.625374299416453,0,2020.397803731085,2167.9555536142448,70.21093814215625
2025-10-17,2004.0302262213004,2025.9867326838844,1972.6922789952705,1983.6705322265625,33974,2005.471856011285,2096.3428566672587,2121.42244140625,2065.6267254638674,2012.1704240649624,2057.8584040320125,40.431968607828,-45.56767471064813,-39.82463535937236,-5.743039351275776,2314.982212466487,1832.731666928045,28.64089957713763,0,2020.397803731085,2167.9555536142448,61.29288370504667
2025-10-20,1987.1636725748865,2025.986793626432,1968.101456665676,2006.6251220703125,62318,2006.97998046875,2081.8488325639205,2123.09087890625,2063.2153381347657,2011.0613636660323,2053.2008329445853,43.25128583873656,-43.62220095955399,-40.58414847940869,-3.0380524801453035,2265.1275603773643,1849.4120392320103,28.73085934056093,0,2020.397803731085,2167.9555536142448,60.43743552085146
2025-10-21,2006.0262803265705,2032.9729020025989,2000.0381421763416,2025.886962890625,16784,2009.6968180338545,2068.6204944957385,2122.57908203125,2060.842282714844,2014.026483510951,2050.717753848771,45.57889978773388,-40.06429318645496,-40.48017742081795,0.4158842343629914,2211.615128448278,1873.9718344423468,28.593762870164493,0,2020.397803731085,2167.9555536142448,55.62553891152926
2025-10-23,2033.871178016538,2054.929439799242,2011.1162039680803,2019.0006103515625,52185,2009.353054470486,2054.1037986061788,2120.879055175781,2058.198910522461,2015.021308879073,2047.8343771672064,44.87031762518943,-37.3695241287503,-39.85804676240443,2.488522633654128,2169.481773711684,1893.090772675035,27.79176031942314,0,2020.397803731085,2167.9555536142448,51.03463991961022
2025-10-24,2029.978834081816,2032.6734475193584,1967.6023949814653,1989.15966796875,39858,2002.2892523871528,2039.2740866921165,2118.647990722656,2055.5165631103514,2009.8489806970088,2042.5003126946197,41.83519566090818,-37.21284834337985,-39.32900707859952,2.1161587352196705,2107.512310625328,1928.3132142770155,27.85667161244276,0,2007.024333345996,2167.9555536142448,50.55700938182888
2025-10-27,2004.0302954288088,2023.0925114229167,1982.672577675473,2012.1142578125,34353,2003.1985677083333,2028.4999722567472,2117.1012719726564,2053.094799194336,2010.302036120107,2039.737944068972,44.92151376146087,-34.834883243734566,-38.43018231162653,3.5952990678919647,2057.08116327829,1962.0274670928031,27.9169463845324,0,2006.475406255875,2154.981155782873,50.33601163177785
2025-10-28,2019.6991596011733,2025.3879639766665,1988.261434116921,2008.0223388671875,30388,2007.9114583333333,2017.199629350142,2114.266728515625,2050.4408251953123,2009.8460966695236,2036.8547072324463,44.46853751408598,-32.90124733231414,-37.32439531576406,4.423147983449915,2054.5537139722423,1962.0698333910389,27.89641135025752,0,2010.0183849860557,2154.981155782873,50.10076855469112
2025-10-29,2017.4037501740088,2023.7911218462127,2005.1280183379145,2017.0045166015625,19380,2008.088880750868,2009.8233254172585,2112.0443872070314,2047.6702740478515,2011.277780655931,2035.0501444478205,45.76144794551958,-30.294820433361565,-35.91848033928356,5.623659905921997,2055.2412913611165,1962.4601246545085,27.877343104145133,0,2011.2659173903537,2154.981155782873,48.94591677724221
2025-10-30,2015.0084531812704,2031.9748443175167,2008.1220700601743,2026.4857177734373,27977,2009.7744140625,2009.532986727628,2109.682763671875,2045.4733947753907,2014.3193680794325,2034.2715602046949,47.15993694906943,-27.15117282151573,-34.165018835729995,7.013846014214266,2053.490954281572,1970.6377322418657,27.556375866233285,0,2011.2659173903537,2129.8310634059085,47.34907807669328
2025-10-31,2031.9748749421867,2044.949174241916,2006.1260542792377,2028.78125,43860,2014.7867160373264,2010.558233087713,2107.6740283203126,2043.8077893066409,2017.211744463546,2033.7724410951769,47.51280234472255,-24.19566659106704,-32.171148386797405,7.975481795730367,2048.0672875852174,1973.4964819460324,26.78469127469872,0,2011.2659173903537,2110.469359567752,44.78274164340879
2025-11-03,2028.7812748500896,2049.8394146997307,1992.752545813272,2002.2337646484373,51352,2014.298787434896,2012.3773581764915,2105.4413208007813,2042.5775164794925,2014.2161485005245,2030.905288690928,43.86455596674696,-23.722113058605828,-30.481341321159093,6.759228262553265,2047.4892418272027,1972.707230340766,26.402894047149164,0,2011.2659173903537,2100.5390105568003,44.67580202083699
2025-11-04,2015.008489919471,2015.008489919471,1971.1952547030232,1991.2554931640625,53166,2010.4508463541667,2009.505770596591,2101.1910302734377,2040.921104736328,2009.624017433232,2027.300761824849,42.41418240885642,-23.95651741160077,-29.17637653924743,5.219859127646657,2046.9274322998083,1970.654208325192,26.547958890854503,0,2011.2659173903537,2045.647753277488,43.17876754478949
2025-11-06,2045.9472035551669,2069.8997561821543,1992.1537380812613,2000.4373779296875,155904,2008.3882649739585,2008.802617853338,2097.9815258789063,2039.8117364501952,2007.7866895325235,2024.8586360161976,44.07958440695545,-23.134700756300845,-27.96804138265811,4.833340626357266,2046.7947539361453,1971.5254242865103,24.882483528597344,0,2018.7510755818096,2014.210044934628,44.725708461353534
2025-11-07,1999.040191231909,2000.0382142929327,1892.251723702296,1928.6795654296875,156822,2001.6682535807288,2004.769697709517,2093.4544775390623,2038.288092041016,1991.9652647119565,2016.115084144697,35.45076800146178,-27.951453937974293,-27.96472389372135,0.0132699557470559,2057.596173790263,1953.4484184948933,25.25596304296853,0,1981.075739942225,1987.512979225979,49.97245153775571
2025-11-10,1952.532253278545,1952.532253278545,1904.227914928197,1939.3582763671875,69503,1993.584255642361,2002.3290738192472,2090.689851074219,2037.005454711914,1981.4438670430025,2009.13719252856,37.414235085271,-30.554865342413905,-28.482752183459866,-2.0721131589540427,2060.575274518493,1942.1956971611944,25.60276544917035,0,1981.075739942225,1987.512979225979,49.61601472787959
2025-11-11,1946.144896249636,1955.825670848105,1915.0066266412343,1944.049072265625,47804,1986.4761149088545,1999.7206032492895,2086.5897924804685,2035.728853149414,1973.964908087527,2003.2200906864748,38.30203636190793,-31.872176993966377,-29.160637145561168,-2.7115398484052093,2055.247973086306,1936.6545171480689,25.82713254771118,0,1981.075739942225,1987.512979225979,48.39699381688778
2025-11-12,1954.628073217851,1954.628073217851,1928.2802412784265,1942.2525634765625,69728,1978.1703423394097,1996.091425115412,2083.601982421875,2034.5154296875,1967.622439165334,1997.6775882128463,38.07924618614229,-32.68435432244155,-29.865380580937245,-2.818973741504305,2056.661688840864,1929.07301574898,26.035473424927662,0,1981.075739942225,1987.512979225979,47.92649896782829
2025-11-13,1943.649808368397,1973.7900544828776,1926.284183660825,1932.57177734375,82736,1967.7354600694443,1990.629511052912,2080.199296875,2033.3426806640623,1960.6123068010168,1991.7588781338377,36.83584640038094,-33.72046076050356,-30.63639661685051,-3.0840641436530447,2059.5322040549186,1922.8990459450815,25.620020042811465,0,1981.075739942225,1987.512979225979,48.190258610034775
2025-11-14,1928.579742701944,1945.945367926284,1911.2141174776032,1921.693359375,60899,1955.836805555556,1986.891462846236,2076.2262158203125,2031.92767578125,1952.828517315814,1985.3892855193976,35.435607536351895,-35.01574033472025,-31.51226536042446,-3.503474974295788,2060.482887040512,1912.576927412613,25.53685616193488,0,1981.075739942225,1987.512979225979,46.023129889376754
2025-11-17,1944.0490576407624,1946.1448816090065,1918.499692791589,1939.3582763671875,46042,1948.850640190972,1985.698369806463,2071.936657714844,2030.945122680664,1950.1344691260888,1981.2046483237425,39.46003568435809,-34.2223535705873,-32.05428300245703,-2.1680705681302683,2058.7848974595145,1907.0791528334544,25.4529071445632,0,1981.075739942225,1987.512979225979,45.11064810866058
2025-11-18,1946.1449648849443,1946.1449648849443,1902.1321723525743,1911.1143798828125,36910,1939.946072048611,1980.957763671875,2067.959306640625,2031.0493041992188,1942.3304512774337,1974.8328057382032,35.635397074110045,-35.463830286096254,-32.73619245918488,-2.7276378269113764,2061.669112513705,1896.939322544889,25.713442127113517,0,1981.075739942225,1987.512979225979,45.60252401384805
2025-11-19,1896.2437639093343,1932.072815182681,1896.2437639093343,1927.48193359375,40145,1931.8399115668403,1977.147128018466,2063.882724609375,2031.2365673828128,1939.360747740697,1970.5281809977985,39.306678552532624,-34.72667721405742,-33.13428941015938,-1.5923878038980348,2059.764343340637,1890.9297728703004,26.075380387011567,0,1946.1449689976143,1981.075739942225,46.82866313992294
2025-11-20,1938.1607424163224,1938.1607424163224,1911.613353935428,1916.7032470703125,23799,1930.5092095269097,1974.103160511364,2058.8370727539063,2030.8583514404295,1934.82924760662,1965.6350051862084,37.7784731164252,-34.61322826530886,-33.43007718118928,-1.1831510841195794,2054.664459360117,1885.1112852687888,26.171321179910414,0,1935.016909196106,1981.075739942225,47.02113558446237
2025-11-21,1911.214055644161,1930.875060122068,1901.2338255885784,1915.006591796875,59702,1927.803466796875,1969.938681862571,2053.205324707031,2030.3263385009768,1930.8647164446716,1961.0324221508145,37.53111887708636,-34.26523673735801,-33.597109092423025,-0.6681276449349838,2049.538178050822,1879.8381647226156,26.49408729821487,0,1935.016909196106,1981.075739942225,46.3652866252346
2025-11-24,1903.728940930612,1935.965133720952,1875.48484028377,1915.40576171875,79387,1924.620876736111,1964.9168090820312,2047.2666088867188,2029.5803399658205,1927.7729254994872,1956.8845439297172,37.63457774101248,-33.570264159157205,-33.59174010576986,0.0214759466126537,2047.761681411661,1874.2392707367765,27.325877221786023,0,1924.637447383324,1972.692298232962,46.60767409314342
2025-11-25,1906.224001906988,1916.004676407529,1899.2378406434548,1901.23388671875,23787,1920.0632459852432,1959.5637761896307,2040.6876391601563,2028.7216790771483,1922.46511774334,1951.8253932741748,35.39337986396103,-33.77372280405211,-33.62813664542631,-0.1455861586258038,2042.634871983361,1868.2780430557011,28.09825357938781,0,1924.637447383324,1972.692298232962,44.67578841797388
2025-11-26,1900.1360416743933,1918.30001180672,1882.271405349028,1914.7071533203125,52179,1918.0782877604167,1956.179570978338,2034.1585693359373,2028.1839385986327,1920.9135248587345,1948.451007823824,39.10614032663034,-32.47345149717512,-33.397199615776074,0.9237481186009546,2036.091785386752,1865.4896110976229,29.15082384340001,0,1910.8149025843568,1972.692298232962,41.63181294937389
2025-11-27,1914.7071881233585,1922.391916743107,1896.143984082017,1904.926513671875,29167,1916.215304904514,1951.307400790128,2026.8809814453125,2027.223560180664,1917.7161226213627,1944.494235628192,37.42478960488484,-31.864874559216105,-33.09073460446408,1.2258600452479769,2026.8194647004364,1863.55413149097,29.93097998443867,0,1910.8149025843568,1972.692298232962,35.779118551780925
2025-11-28,1910.2160859127616,1922.2921402510112,1896.3435413828129,1907.0224609375,25901,1912.6224365234373,1946.7164972478693,2020.162294921875,2025.8155731201173,1915.57739028459,1941.0877106563107,38.03957777964798,-30.85773871986248,-32.64413542754376,1.786396707681277,2012.8941933179876,1865.533077189825,30.655410686831715,0,1910.8149025843568,1972.692298232962,34.182280017341654
2025-12-01,1907.2220738500143,1925.6855005199384,1901.23393547058,1905.3258056640625,22042,1911.9792616102432,1941.640192205256,2011.758937988281,2024.5080883789065,1913.5270733604848,1937.836628384288,37.71654025183484,-29.85236275677016,-32.08578089338904,2.23341813661888,1994.8570286458764,1871.2246974283423,31.14546743676741,0,1906.822791350046,1972.692298232962,33.01317436323364
2025-12-02,1877.281359219905,1921.99284064318,1876.782347694328,1915.60546875,38531,1910.6596544053816,1936.6001808860085,2003.7328393554687,2023.0519470214845,1913.942752438388,1935.81561387208,40.98647295649173,-27.904447066503053,-31.24951412801185,3.345067061508793,1981.6085464898963,1875.8103499944789,32.15426880383449,0,1906.822791350046,1972.692298232962,34.36050729247846
2025-12-03,1901.233876691268,1919.697302790369,1867.800105106408,1884.467041015625,48119,1907.077853732639,1930.0404441139915,1994.654821777344,2021.923829345703,1908.047610153836,1931.1475617942208,34.99333938292271,-28.54428003936073,-30.708467310281623,2.1641872709208947,1970.980702266815,1875.7593490027168,33.27392126737335,0,1901.88261941368,1968.849930644281,34.67417349690048
2025-12-04,1871.1933578539745,1981.075666421694,1868.6983003395887,1972.1932373046875,122324,1913.4319254557288,1928.6749655983665,1987.790419921875,2021.65037902832,1920.8767355840064,1934.8789868406268,54.97031123963295,-21.722181609972267,-28.911210170219757,7.189028560247486,1960.81418338324,1883.101453823791,31.60916398754457,0,1924.4378857640509,1968.849930644281,40.22032461357365
2025-12-05,1972.1932763093453,1976.0855904745613,1919.7970674710048,1959.5184326171875,58334,1918.3333333333333,1927.232371937145,1981.9978930664065,2021.183916015625,1928.6050749906424,1937.1189364566776,52.46182427173356,-17.140781999511546,-26.557124536078117,9.416342536566567,1965.7762882522975,1881.223235673484,30.06331794198926,0,1924.4378857640509,1968.849930644281,42.26627705544073
2025-12-08,1958.021423521095,1970.5964894398985,1893.6489375404044,1923.7891845703125,37701,1920.8394775390625,1923.7483631480825,1975.3410791015624,2020.7644915771484,1927.641896906577,1935.9071408306447,46.07846949569522,-16.206226228679043,-24.4869448745983,8.280718645919258,1964.3365087001057,1881.106106045988,29.35026450584193,0,1924.4378857640509,1968.849930644281,44.61875986737817
2025-12-09,1941.154778525828,1952.9314989214847,1865.305028825076,1901.0343017578125,116362,1919.320271809896,1922.4917602539065,1969.7761010742188,2020.7349157714843,1922.320377876824,1932.7368827331145,42.52928115123776,-17.10454240205877,-23.0104643800904,5.905921978031628,1961.9903906857835,1879.150747009529,29.349913474042044,0,1923.1903476233847,1967.6023925036152,48.31857549759688
2025-12-10,1910.814850739722,1966.105350442845,1897.5412176640707,1924.387939453125,61388,1921.4826524522568,1921.811290394176,1967.606396484375,2020.468029785156,1922.7338901920843,1931.977887889479,47.03806545798713,-15.750459560470516,-21.558463416166425,5.808003855695905,1959.8810661536293,1879.4736091393395,28.842892054291724,0,1923.1903476233847,1967.6023925036152,51.31977151887401
2025-12-11,1931.174599381744,1951.1350603572653,1912.012605576837,1948.1409912109373,21558,1926.0513780381943,1921.997286709872,1966.4446997070315,2020.5913775634765,1927.815310395855,1933.4472609187023,51.22911706478398,-12.61524568896766,-19.76981987072667,7.15457418175901,1962.281016018884,1878.630580660804,28.372086450237852,0,1923.1903476233847,1967.6023925036152,51.99700153651251
2025-12-12,1948.140957613277,1971.9937324334576,1936.1646812345068,1960.0174560546875,37297,1932.1282280815967,1922.80478182706,1966.4007885742187,2020.3175128173827,1934.2557395276212,1935.862733203792,53.22231465046247,-9.067707760067153,-17.62939744859477,8.561689688527618,1967.792989154773,1876.951017192883,27.135956125604523,0,1923.1903476233847,1932.6716215590045,50.23619851949598
2025-12-15,1961.1152052633304,1965.606308786834,1940.156722153646,1951.7337646484373,20126,1936.142483181424,1923.67578125,1964.34685546875,2019.8760754394527,1937.7513445517848,1937.305554244214,51.63715344426013,-6.845769292508976,-15.472671817377613,8.626902524868635,1969.7048806537307,1876.2766745220504,25.98812082415928,0,1923.1903476233847,1923.1903476233847,50.856395010146976
2025-12-16,1936.1646355599432,1954.129049704314,1927.7812179267744,1941.7535400390625,26232,1942.5076497395837,1924.587607643821,1962.8637915039064,2019.483271484375,1938.5517836492404,1937.7099165892,49.71593658292565,-5.823063119614517,-13.542750077824993,7.719686958210476,1971.6050594562373,1877.440411735169,25.29851263726621,0,1923.1903476233847,1923.1903476233847,50.16491110442181
2025-12-17,1941.7536470894715,1946.943440114684,1882.770508429464,1894.0482177734373,44182,1933.8248697916667,1922.5280595259237,1960.3966796875,2019.1253997802733,1929.65107047408,1933.7406712423128,41.72463000142366,-8.760990679195857,-12.586398198099166,3.82540751890331,1971.82706651651,1873.875033092865,25.78349205339877,0,1920.695309649819,1923.1903476233847,52.87383960614539
2025-12-18,1894.048182612704,1916.2042454693487,1884.467063922169,1903.8287353515625,24425,1927.6371256510415,1922.196893865412,1958.6122143554687,2018.85400390625,1924.4866034495765,1931.021404343153,43.72191999819531,-10.18273319765899,-12.105665198011131,1.9229320003521408,1971.8573707606,1872.5572776769,26.23383008266472,0,1918.649380629267,1923.1903476233847,53.2873097975012
2025-12-19,1904.2279167813576,1930.176515228064,1904.2279167813576,1923.090576171875,23454,1927.55950249566,1921.997286709872,1957.0453173828123,2018.9036059570312,1924.207397994036,1930.300419963946,47.53557694159296,-9.644034385174791,-11.613339035443865,1.9693046502690732,1972.146234019432,1873.076812855568,26.05300116765629,0,1918.649380629267,1923.1903476233847,53.42275371372572
2025-12-22,1923.0906553664577,1960.017508522836,1920.4958197807257,1949.9375,36419,1932.993191189236,1923.5079345703125,1955.602177734375,2019.583601074219,1929.353418395229,1932.0856090581328,52.379302493585726,-6.970438435996584,-10.68475891555441,3.714320479557825,1975.20466397817,1873.4715567249552,24.759245695325493,0,1927.3821204314609,1923.1903476233847,53.01641055610131
2025-12-23,1952.9315096217688,1985.0678023868352,1933.1706049388133,1977.0836181640625,42769,1938.8482666015625,1926.3296175870028,1954.0891723632808,2020.8944903564447,1938.899458348996,1936.176337158672,56.72945861402031,-2.63080325547935,-9.073967783539398,6.4431645280600485,1982.9043981458835,1873.3567957017729,23.21993433627753,0,1933.9191554081492,1925.1864156059555,53.01641053924852
2025-12-24,1974.189384651172,1975.985874885335,1960.017505973616,1966.2052001953125,16243,1940.85540093316,1928.6386829723008,1953.33466796875,2021.718280029297,1944.3606067182595,1938.9062337983664,54.57782650388236,-0.0686175445414392,-7.272897735739806,7.204280191198367,1987.622222017843,1873.7887765173127,21.79057378859014,0,1933.9191554081492,1925.1864156059555,46.20846383270147
2025-12-26,1966.2051507768704,1988.1616574786312,1897.2417836385007,1912.0125732421875,124906,1935.521525065104,1929.128623268821,1952.26279296875,2022.093443603516,1937.891000023045,1936.4613555659869,45.350063654568224,-2.383483681297548,-6.295014924851356,3.911531243553808,1987.3860083261668,1874.7335961660208,21.707020214787857,0,1935.466082954048,1926.7333431518537,48.68213174959961
2025-12-29,1906.224047890552,1925.3860419440343,1874.2873099154217,1889.8564453125,41821,1928.646267361111,1927.9990456321025,1949.751767578125,2021.91989440918,1928.284089080936,1932.2245455429425,42.20801126593839,-5.937403438887031,-6.223492627658492,0.2860891887714603,1988.556560461373,1871.8464424683143,22.101984366818805,0,1931.2244836970265,1926.7333431518537,46.83578747310808
2025-12-30,1878.2793413561035,1881.97197783334,1743.5462323852882,1787.1597900390625,597782,1911.4691840277776,1922.6460127397015,1945.2686450195315,2021.1875756835936,1900.0592292725612,1919.0368404971352,31.361696807817736,-16.84647656492075,-8.348089415110945,-8.498387149809805,2010.52325641388,1838.063144953308,24.22690023327071,0,1865.85394493196,1865.85394493196,51.02748338959402
2025-12-31,1782.2695342943086,1846.043106966334,1779.4750211436462,1834.466064453125,90935,1904.848944769965,1919.3479947176847,1942.2845556640625,2020.866463623047,1886.9405963086745,1911.3485881294976,39.12225547213109,-21.42776864413986,-10.964025260916728,-10.463743383223132,2015.3632530274133,1825.1092079100863,26.200036394976053,0,1865.85394493196,1865.85394493196,50.88490860701641
2026-01-01,1836.462127459161,1867.3010630207573,1784.4651526889973,1795.3436279296875,130326,1892.7950439453125,1914.3488048206675,1938.05892578125,2020.332073364258,1868.621202632877,1900.802682656788,35.54315227375798,-27.893787076803164,-14.349977624094016,-13.543809452709148,2025.233287139145,1806.3268324897613,27.38182639587189,0,1865.85394493196,1865.85394493196,54.00729828925439
2026-01-02,1807.419700410092,1862.310966849935,1798.83672675075,1845.14501953125,96233,1884.1344265407984,1911.1460571289065,1934.4440869140624,2020.3256225585935,1863.9259660125515,1895.7428950999208,42.7261684017527,-28.66911743529749,-17.213805586334715,-11.45531184896278,2019.8382152158076,1799.0170826357553,28.479202825275166,0,1865.85394493196,1865.85394493196,56.23146169791845
2026-01-05,1833.368337516566,1866.303098070756,1826.3821761868887,1841.6519775390625,55824,1872.1027018229167,1909.1999178799715,1930.8971142578123,2020.3673974609376,1859.4711683178537,1890.8255389580245,42.3695215859976,-29.228503630813293,-19.616745195230436,-9.61175843558286,2015.2620708435752,1791.8065815001746,29.366749246421875,0,1865.85394493196,1865.85394493196,57.26512850153839
2026-01-06,1835.3643388687192,1849.037205549036,1823.3880625955137,1834.665771484375,46553,1856.278496636285,1902.9486694335935,1927.807236328125,2020.3376629638672,1854.510088951158,1885.720105551329,41.62121185700835,-29.890984994844075,-21.67159315515316,-8.219391839690914,2014.454101029144,1783.7022100060124,30.234399297066616,0,1865.85394493196,1865.85394493196,57.21522215696572
2026-01-07,1827.579755660031,1862.2112285020648,1823.4878855315044,1852.9295654296875,54316,1843.69231499566,1898.103720925071,1924.6235424804688,2020.3992474365236,1854.193984246864,1882.7391473584523,44.38651188432619,-28.61244426738085,-23.059763377598703,-5.552680889782149,2013.8684856991504,1779.477351703193,30.56946169422918,0,1865.85394493196,1865.85394493196,55.39739439163288
2026-01-08,1852.9294958916407,1856.422576426436,1806.4216479941613,1815.3040771484373,31893,1832.9469265407984,1893.1725796786225,1920.7691772460937,2019.8601525878903,1846.4160028271788,1876.6086864302688,40.16550339036697,-30.28613428092217,-24.5050375582634,-5.78109672265877,2013.0452683151989,1769.3921828566763,31.164089565688933,0,1834.4661371646607,1865.85394493196,56.70194774056824
2026-01-09,1800.433575979632,1827.978987698668,1788.5570773598674,1809.914794921875,71702,1824.0645209418403,1889.0307839133525,1916.6273828125,2019.1639752197264,1839.1157612461184,1870.545605384052,39.58483588452196,-31.682202995862557,-25.940470645783236,-5.741732350079321,2008.202929210492,1760.4119023324763,31.997034054577757,0,1812.759105109314,1865.85394493196,57.63581420216104
2026-01-12,1806.9206557871064,1809.9147248107804,1760.7121417901496,1799.834716796875,56831,1825.4728461371528,1883.3692737926135,1912.0943627929687,2018.2188348388672,1831.2595523562693,1864.1173427852173,38.46474109509633,-33.21904707599106,-27.3961859318248,-5.822861144166257,2000.296299050482,1752.3002585667057,33.168505003110845,0,1814.0066024054536,1865.85394493196,58.32731165856212
2026-01-13,1808.8169116866304,1833.2684752153,1801.4315171121752,1808.5174560546875,47882,1822.5896674262156,1877.0227494673293,1907.6890869140625,2017.0528546142575,1826.7111330959533,1859.0628076278963,40.03863334098301,-33.351922387992545,-28.58733322305835,-4.764589164934193,1991.3209748175389,1746.9539519402736,33.39869839807627,0,1814.0066024054536,1865.85394493196,57.00849458501949
2026-01-14,1806.421669277648,1857.8198548952164,1799.834741700222,1850.9334716796875,43178,1828.7663167317708,1872.0643865411928,1904.663081054688,2016.074320678711,1831.5556008127005,1858.32377708715,47.150009789469465,-29.692334307504098,-28.808333439947504,-0.884000867556594,1982.076784140136,1747.116135781739,32.79495348283664,0,1813.5076199304528,1865.85394493196,59.93128037105862
2026-01-15,1850.9334716796875,1850.9334716796875,1850.9334716796875,1850.9334716796875,0,1829.4094780815967,1867.4825550426135,1901.856640625,2015.4224951171875,1835.4311749860976,1857.651931141017,47.150009789469465,-26.48676148880213,-28.34401904971843,1.857257560916299,1979.225773382992,1745.6556719295083,32.23433320439984,0,1813.5076199304528,1865.85394493196,53.43700366819216
2026-01-16,1829.376204911288,1859.815907175224,1816.4019055856763,1822.589599609375,39987,1827.2914360894097,1862.0660122958095,1898.2996850585937,2014.5321575927733,1832.8628599107533,1854.4644464563223,43.18107241959247,-25.934479001253976,-27.86211104002554,1.9276320387715629,1974.7531236002865,1742.004408137995,32.35921371121501,0,1811.4616851461076,1865.85394493196,52.88809435111609
2026-01-19,1816.6014939133293,1825.384145422241,1800.5333472888049,1808.6173095703125,30086,1824.3971625434028,1858.1827891956675,1895.8984399414064,2013.6232159423828,1828.0137498426652,1850.2965249212305,41.33396308845106,-26.32082806396897,-27.553854444814228,1.2330263808452528,1966.8687394834917,1738.4414655946337,32.74034348615401,0,1811.4616851461076,1865.85394493196,44.21242186584641
2026-01-20,1796.5412084608326,1817.2003580092585,1761.5106249313928,1779.0758056640625,46545,1816.191189236111,1852.5122014825995,1892.692790527344,2012.676548461914,1818.226161006945,1843.8219140796696,37.6654349310042,-28.68015794820189,-27.77911514549176,-0.9010428027101334,1953.1295902808808,1735.0944453636505,33.67109885075935,0,1810.2640244826869,1865.85394493196,43.43539666978768
2026-01-21,1762.5086624863854,1783.8663795912582,1701.6292579497665,1735.7615966796875,115934,1807.3531358506943,1843.9972478693185,1888.527041015625,2011.514553833008,1801.7332481414935,1833.9982488614896,33.03574986754896,-33.65706090527806,-28.95470429744902,-4.702356607829039,1932.1505978619,1731.9412356341936,35.2187153703014,0,1780.7225825624953,1844.895457714199,43.39262604905423
2026-01-22,1727.577877976378,1763.4069293897496,1718.595670638546,1732.5679931640625,31621,1798.7590467664932,1834.116815740412,1884.333349609375,2009.94767578125,1787.9001971460077,1824.77731652536,32.71644185206675,-37.42754799363206,-30.64927303668563,-6.778274956946429,1908.344108955464,1732.384003837505,36.65578785273329,0,1780.7225825624953,1844.895457714199,41.81004889412253
2026-01-23,1726.5797889253392,1745.142992347989,1706.2200953722156,1719.5936279296875,65712,1789.8433702256943,1822.412725275213,1880.0737866210936,2008.9058923339844,1774.238883302744,1815.2151630166625,31.389066184410535,-40.990100654273874,-32.71743856020328,-8.272662094070597,1898.6081993987057,1722.8780188630133,38.11963326528264,0,1780.7225825624953,1844.895457714199,41.738761400687245
2026-01-27,1706.619339320699,1736.859485117447,1668.6944651135725,1727.1785888671875,108496,1780.8057183159722,1811.5478793057528,1876.1834912109373,2008.362112426758,1764.8268244156327,1807.2118380939824,33.09797527999709,-42.70908262809007,-34.71576737378064,-7.993315254309437,1889.7536297275856,1715.4648028896015,39.83696239723155,0,1764.2551861443983,1828.428061296102,44.77560976142671
2026-01-28,1746.5403357294128,1796.4414881788246,1729.3743880184093,1756.9197998046875,48261,1770.3597547743057,1804.4982077858665,1872.5347216796877,2007.8742260742188,1763.2454194934437,1802.6398346131373,39.46480929734,-41.19663193303904,-36.01194028563232,-5.184691647406723,1890.393084457622,1711.801349136128,39.50093071431841,0,1764.2551861443983,1828.428061296102,46.95700664293218
2026-01-29,1740.651955925942,1766.5007769717204,1706.6193947014926,1723.38623046875,52279,1756.1878390842014,1796.9313798384233,1868.7801586914063,2007.9624114990236,1755.2735816885051,1795.434961509102,35.37682736637991,-42.217228720888215,-37.2529979726835,-4.964230748204713,1889.781336549324,1701.3051136459885,39.486163929707175,0,1764.2551861443983,1828.428061296102,47.662753345643104
2026-01-30,1706.619370815252,1786.361434788147,1698.6351866243035,1770.39306640625,52163,1750.3882242838542,1796.1692560369318,1865.638381347656,2007.5112860107424,1758.2974786320542,1793.158425590661,44.11568755976421,-38.78590050301068,-37.55957847874894,-1.2263220242617408,1889.2031499533275,1699.3882440896414,38.90658058502143,0,1747.039305267907,1828.428061296102,51.11306319028903
2026-02-02,1786.5610466271962,1804.3259057401524,1740.5522081513775,1796.241943359375,33192,1749.01318359375,1794.431795987216,1863.2291552734373,2006.909725341797,1765.8863715775185,1793.4387453878169,48.25916776853253,-33.59351470068623,-36.7663657231364,3.1728510224501747,1883.71294109455,1699.9881453312314,37.87581757867592,0,1742.9474115614155,1828.428061296102,52.15385208007827
2026-02-03,1896.2437314361607,1914.607379306392,1810.812985585676,1863.8079833984373,69836,1758.4278700086809,1797.5438121448865,1862.205183105469,2006.416079711914,1785.4706939417024,1799.8359488433275,57.19340552314051,-23.75269055386116,-34.163630689281355,10.410940135420198,1887.8344084748824,1698.0822785368364,35.712736864835335,0,1791.650922209982,1797.0402535288035,58.2204004749777
2026-02-04,1887.561005173428,1916.204217399843,1848.83766288188,1905.7249755859373,68006,1777.3126898871528,1800.2974465110085,1862.0115673828125,2006.1554095458985,1809.5215502705496,1809.4622240017463,61.6209656513298,-12.428151568554997,-29.816534865136084,17.38838329658109,1902.6207852375323,1690.4018221843426,33.730572295907095,0,1792.4493412567076,1792.4493412567076,58.8905034266183
2026-02-05,1913.210185981707,1935.166693071742,1849.5362666890103,1900.1361083984373,123694,1795.9313693576387,1802.9558160955253,1861.9896118164063,2006.1673760986328,1827.6444618961275,1817.7053044014456,60.719190787980565,-3.859853716750422,-24.625198635458958,20.76534491870853,1912.1249211222168,1685.6183405965337,32.2100125341421,0,1801.9305790926571,1801.9305790926571,65.00696245395628
2026-02-06,1935.1666329012564,1935.1666329012564,1801.7310040573475,1822.090576171875,137298,1807.3199191623264,1802.3842163085935,1860.1372802734372,2005.877696533203,1826.5336847512767,1818.1039654714848,49.76660670377539,-3.3286673299426184,-20.36589237435569,17.03722504441307,1912.7119441112657,1685.7099675098282,29.95809741610273,0,1801.9305790926571,1801.9305790926571,71.43707868641066
2026-02-09,1822.0905823304,1822.1904820957748,1744.1450086866978,1754.9237060546875,195605,1810.4027099609373,1797.929404518821,1857.1372241210936,2005.2566613769527,1812.211689011959,1812.3603055245028,42.6383580437243,-8.23260304957057,-17.939234509398663,9.706631459828092,1911.5241672742447,1681.39863546013,28.800030276705645,0,1816.9009398480227,1801.9305790926571,75.23669834895642
2026-02-10,1766.5008212977136,1766.5008212977136,1701.030532738579,1728.2764892578125,194129,1807.2201199001731,1793.9736050692472,1853.5623046875,2004.520305786133,1795.42464906113,1804.716322227531,40.17951435019126,-14.106602995473397,-17.17270820661361,3.066105211140215,1911.887350566546,1673.8796294139229,28.31537329767225,0,1816.9009398480227,1801.9305790926571,75.93530945476134
2026-02-11,1729.4741810728576,1752.827944989088,1714.703391087143,1743.246826171875,54196,1809.426852756076,1790.943242853338,1850.3207250976564,2004.2454766845703,1784.989084483279,1799.1281862224714,42.19625848511494,-17.353765786207305,-17.20891972253235,-0.1448460636749544,1910.3854809340737,1668.8544360581136,27.865334674284096,0,1816.9009398480227,1801.9305790926571,72.78441175907945
2026-02-12,1747.438555498997,1751.9296591543168,1722.587757573764,1733.366455078125,42026,1805.312784830729,1787.9219582297585,1846.6759448242187,2003.4191156005857,1774.6645586022482,1793.1498470275308,41.20880365160389,-20.48825323615597,-17.864786425257076,-2.623466810898893,1903.380968179548,1664.1022471524834,27.44744166685224,0,1818.0986129051605,1801.9305790926571,71.67945767546152
2026-02-13,1726.3803310050978,1734.26461568433,1704.82293553225,1727.7774658203125,38711,1797.705620659722,1784.2519586736505,1843.5421533203123,2002.756903076172,1765.2871400458612,1787.20690328142,40.629600981913136,-23.15640917635551,-18.923110975476764,-4.233298200878746,1895.324250961874,1659.84336378422,27.321315720933228,0,1818.0986129051605,1801.9305790926571,71.00222790234055
2026-02-16,1726.6796271971912,1738.4563477329827,1707.4178557334776,1712.906982421875,32083,1780.9388427734373,1777.97802734375,1838.356428222656,2001.9710699462887,1754.8111085210642,1780.4523650214612,39.05666098662972,-26.169203427084085,-20.37232946579823,-5.796873961285854,1891.2231540650064,1652.9761989623378,27.098204184159115,0,1818.0986129051605,1801.9305790926571,68.35033304488559
2026-02-17,1712.90700332297,1735.2626220998604,1706.9188650443775,1718.8951416015625,33823,1760.1799723307292,1771.9762850674715,1833.543962402344,2001.1818359375,1747.627915137164,1774.8562538014703,40.06293898051317,-27.7537423108754,-21.848612034813662,-5.90513027606173,1887.700462473172,1647.5266737572963,26.8992123360714,0,1818.0986129051605,1801.9305790926571,65.42753716944601
2026-02-18,1726.579881557205,1732.3684639957542,1677.9762076114375,1708.116455078125,114518,1738.844455295139,1766.7729603160512,1829.2305078125,2000.2351965332032,1739.7256231253564,1768.7889993720755,38.820403042430655,-29.53874643183076,-23.386638914217084,-6.152107517613676,1886.8884147978056,1641.2427863740693,27.18078856391666,0,1806.571420256347,1801.9305790926571,65.03545674902378
2026-02-19,1708.116427446954,1714.5037992481352,1692.6470703768823,1700.830810546875,27814,1725.3711480034722,1761.873573996804,1825.2264379882813,1999.5193682861327,1731.9466606096605,1762.6109822061485,37.96333108503707,-31.18182105978076,-24.945675343329818,-6.236145716450942,1887.8011812679745,1636.8369412906193,27.44225220405869,0,1750.083344853606,1801.9305790926571,60.330491085267305
2026-02-20,1696.8387229961972,1702.527527418637,1677.7765073078824,1688.7547607421875,43265,1718.01904296875,1757.7680719549005,1820.5137744140625,1998.6943896484372,1723.3082806361658,1755.8967802548789,36.52394746610449,-33.077113461428326,-26.57196296694952,-6.505150494478805,1889.273745657284,1630.9830536591226,27.926545639913066,0,1722.138664302798,1801.9305790926571,57.54315697969442
2026-02-23,1696.639131500253,1736.5600522414354,1682.3673536036874,1726.080810546875,46179,1717.775078667535,1757.328036221591,1816.0725708007808,1997.8604644775392,1723.8627866183078,1753.1862375541511,43.63732209433064,-31.20750537617528,-27.499071448794677,-3.708433927380604,1889.201423204088,1631.7040943740371,27.345272203171135,0,1715.3022261484853,1801.9305790926571,52.95939002903236
2026-02-24,1725.5818356150655,1726.0808471349078,1691.6490522657814,1709.2142333984375,59587,1713.993679470486,1756.2665016867898,1811.0565063476563,1997.1457452392576,1720.933075974334,1749.1887826309044,41.38067843301695,-30.732553567647983,-28.145767872565337,-2.5867856950826464,1889.5254839163945,1629.5835981148557,26.805518297625063,0,1714.8530832310996,1801.9305790926571,50.60690719697261
2026-02-25,1726.579884593723,1730.5719768124368,1714.2043743499128,1723.5858154296875,21410,1712.9069417317708,1756.4479647549715,1806.493547363281,1996.087344970703,1721.4636238654048,1746.8612401580665,44.03634338975733,-28.863760808415464,-28.28936645973537,-0.574394348680098,1888.852174527712,1626.9235090660377,26.165776630544315,0,1708.1164275204326,1801.9305790926571,46.01600127063458
2026-02-26,1723.5858046757746,1739.653951390047,1711.8090839724523,1725.1826171875,24774,1712.618625217014,1756.3572387695312,1802.16212890625,1994.7428167724609,1722.2074225298238,1744.8904562516511,44.33807570043326,-26.94329499291325,-28.02015216637094,1.0768571734576895,1888.8447912654772,1627.1105310001476,25.28501607400663,0,1708.7152293489648,1801.9305790926571,38.47380402589785
2026-02-27,1725.1825473306783,1725.1825473306783,1684.2636040010732,1696.7388916015625,27815,1710.8221706814236,1753.6217429421165,1798.2159423828125,1993.1968505859372,1717.1137163441715,1740.513041283461,40.18213878811829,-27.400625583145484,-27.89624684972585,0.4956212665803683,1887.8096076424197,1620.7802971427368,25.083330777439222,0,1708.7152293489648,1801.9305790926571,35.821914009994266
2026-03-02,1676.6787126788577,1681.6688278951638,1635.0612005064586,1669.5927734375,90268,1705.3441297743057,1751.1765858043325,1793.5312231445312,1991.588805541992,1707.6095277628376,1734.0657442065556,36.651229263180944,-29.612177487917503,-28.23943297736418,-1.372744510553325,1885.065746187959,1610.85924160501,25.79041976122717,0,1687.3575759482528,1785.1139467891005,35.55101419113493
2026-03-04,1662.1075815950387,1662.6065931109597,1642.745910411512,1647.3367919921875,56840,1698.5908338758682,1745.5831187855113,1788.0161474609374,1989.822700805664,1695.5549806087076,1726.1812940052494,34.012381813890485,-32.78282006435438,-29.148110394762224,-3.634709669592159,1869.843234901086,1604.4346337512577,26.447002389030267,0,1687.3575759482528,1785.1139467891005,34.74546484285228
2026-03-05,1647.3367589113764,1666.0996402648098,1614.2024436512067,1650.031494140625,111197,1692.946465386285,1738.9371892755682,1782.01802734375,1987.318119506836,1686.4502833150912,1719.2585849266472,34.62611377936571,-34.67838635525618,-30.254165586861017,-4.424220768395163,1836.319521890084,1612.3889986177282,27.511805174470005,0,1676.9281975206268,1774.6845683614742,36.356557345213005
2026-03-06,1653.8239386341706,1678.8742923211769,1632.1668876149345,1661.5087890625,83972,1689.9191351996528,1729.7417713512075,1775.7065307617188,1985.0406243896484,1681.461984464573,1714.008603484452,37.30091167566679,-34.85275366797532,-31.17388320308388,-3.6788704648914425,1791.5632617210013,1633.2825268532174,28.04515642330597,0,1676.9281975206268,1774.6845683614742,37.58982338479604
2026-03-09,1650.7300833616173,1676.3792263727048,1615.6994995496673,1667.2972412109375,86795,1683.3876274956597,1718.9041470614347,1769.7283715820313,1982.168016357422,1678.6290358138465,1709.7621160050417,38.66395613063676,-34.13042699039579,-31.76519196054626,-2.3652350298495293,1767.1946406218294,1642.1718144562956,28.81407611474351,0,1676.9281975206268,1774.6845683614742,39.70705444361978
2026-03-10,1686.5590899367846,1686.6588678708629,1662.3070823358073,1680.7705078125,43345,1680.2272135416667,1708.9329833984375,1765.1035302734374,1979.183123779297,1679.0573302135772,1707.126515260265,41.83363910621826,-32.10076029769016,-31.83230562797504,-0.2684546697151155,1759.6167464034038,1642.3343888505024,29.150282421018325,0,1676.9281975206268,1774.6845683614742,39.42191362073212
2026-03-11,1685.6608660455795,1706.6193492823809,1679.6727279779222,1686.7586669921875,54031,1676.1353081597222,1702.781532981179,1761.0415747070313,1976.7044232177732,1680.5975975692993,1705.2748926904396,43.23763445456185,-29.667057053485,-31.399255913077035,1.7321988595920388,1756.3999478958522,1641.3994051314917,28.75865116237916,0,1676.9281975206268,1774.6845683614742,37.46151111502797
2026-03-12,1683.1658708877128,1694.1441244185548,1656.7182601088664,1684.263671875,50022,1671.5887586805557,1699.5697132457387,1758.98365234375,1974.2729656982424,1681.3308124304394,1703.3647817072178,42.77436001142484,-27.6212543267352,-30.643655595808667,3.0224012690734696,1749.808867254562,1642.0921703430945,28.85157957264176,0,1669.6924954909423,1774.6845683614742,38.57359221777337
2026-03-13,1686.6589071012727,1686.6589071012727,1652.726124354857,1658.913818359375,64757,1667.3859727647568,1696.416864568537,1755.472607421875,1971.759546508789,1676.8474136162267,1699.323785039232,38.28582271136085,-27.725855840337545,-30.060095644714444,2.3342398043768995,1745.486013505366,1638.9697604204152,29.015014681925315,0,1660.410896466794,1774.6845683614742,39.22943240603489
2026-03-16,1646.7379469743275,1658.7142229523226,1621.288360521088,1632.765625,81182,1663.2940673828125,1691.3949917879972,1752.2210473632813,1969.2437811279297,1668.0310558929814,1693.2730432174835,34.28889968752303,-29.577740190598888,-29.96362455389133,0.385884363292444,1744.2198506578118,1630.7347391859382,29.73632346573904,0,1660.410896466794,1774.6845382762317,38.04605806321625
2026-03-17,1646.6382212130814,1646.7379991502637,1621.6876454683804,1631.867431640625,51002,1661.5752495659722,1686.7813998135653,1747.9554956054687,1966.640913696289,1660.7983310425102,1687.6907148923146,34.15698892987193,-30.76322922086092,-30.12354548728525,-0.6396837335756693,1743.9686054155793,1622.8820293500455,30.406110193566064,0,1660.410896466794,1718.1964628734909,37.37595512127031
2026-03-18,1631.767672903693,1675.6806867310706,1631.767672903693,1644.9415283203125,83039,1661.0096978081597,1683.0161299272015,1744.021286621094,1964.13830078125,1657.626970498071,1683.8044252039508,37.90181871395833,-30.29850517358841,-30.158537424545887,-0.1399677490425226,1740.1829493881198,1619.2723240493804,29.93470156995692,0,1661.1594244160242,1690.35163247446,38.987045865083054
2026-03-19,1630.9691377358104,1635.7596968670127,1611.0086777374331,1618.59375,50642,1656.2413601345486,1678.7291648171165,1739.6998461914063,1961.468068847656,1649.820326398457,1677.8761820035916,33.73742891995808,-31.690940100296302,-30.46501795969597,-1.225922140600332,1739.9633718532575,1610.5396310764302,29.92328572239273,0,1658.814013509907,1681.9183113632607,39.42190180546053
2026-03-20,1627.7755546909025,1644.741946125449,1596.836840898494,1600.9287109375,65307,1648.8670789930557,1673.3670543323865,1734.6598291015623,1958.6636645507813,1640.0420033062655,1670.8809573612195,31.257703069714097,-33.829905736175306,-31.13799551499184,-2.69191022118347,1741.7248716352842,1598.787921333466,30.185832881454058,0,1651.7280950904374,1674.3832500264054,39.92090837978396
2026-03-23,1596.8367963080518,1600.9286662327954,1552.1253172798347,1557.21533203125,101864,1635.1387261284722,1666.5079123757102,1729.4980541992188,1955.692021484375,1623.4766690512624,1660.5477186948583,26.137963275861395,-38.60731467149458,-32.63185934629239,-5.975455325202191,1750.5341018299555,1576.8247482677004,31.170140874450585,0,1629.3723332811078,1645.8896343349409,39.0013157056812
2026-03-24,1600.828898873949,1600.828898873949,1555.518630113591,1583.1639404296875,71266,1623.628200954861,1661.1594182794745,1724.963037109375,1953.029027709961,1615.4141233269477,1653.5128297616611,33.138791586729994,-39.84035502297752,-34.07355848162942,-5.7667965413481,1745.2677076990628,1567.7994553868746,32.08414115366165,0,1623.1347208491948,1645.8896343349409,40.32013040099336
2026-03-25,1588.6531421422378,1626.7775739787342,1579.0720233844506,1592.445556640625,107146,1613.4261881510415,1656.7817271839488,1720.81525390625,1950.5594525146485,1610.8204099896834,1647.9612594779303,35.49396407874504,-39.61197730975732,-35.181242247255,-4.430735062502322,1740.1973583212755,1561.1929370888806,31.95497208772237,0,1619.3921121905537,1645.8896343349409,40.02072711389911
2026-03-27,1592.4454992436936,1602.0264958271648,1545.937651084921,1555.319091796875,100167,1601.9156629774309,1649.0198308771307,1715.7512866210936,1948.114545288086,1599.720146351122,1639.539244234198,30.81775265478649,-41.943285672294,-36.5336509322628,-5.409634740031194,1734.5268230100594,1550.0368000368155,32.4109797277967,0,1610.809168907996,1642.795801237484,40.69082997361348
2026-03-30,1544.939618515684,1558.7123847766798,1497.3339696999908,1501.8250732421875,148965,1587.3667127821182,1639.5930508700285,1708.7691186523436,1945.50083984375,1580.141131729335,1627.0197741440152,25.58698872520665,-47.55915227212222,-38.73875120023469,-8.820401071887531,1734.508474863898,1527.7193937884456,33.514741466777416,0,1586.5073282155308,1618.493960545019,40.74073627744573
2026-04-01,1561.9060784734625,1589.950501906454,1541.0473722929078,1566.9959716796875,72897,1580.1587727864585,1632.4753306995738,1703.0903686523438,1942.789896850586,1577.5120997194058,1621.5630648290762,39.139833360691725,-46.2182450060659,-40.23464996140093,-5.983595044664966,1726.9599533660548,1522.2936232941015,33.51953451262752,0,1586.5073282155308,1618.493960545019,45.2959965009608
2026-04-02,1566.995893591543,1568.892161664185,1505.0186894335825,1562.7044677734375,65274,1571.0213216145833,1625.089960271662,1697.892666015625,1940.0714501953123,1574.5505733302125,1616.2122832785635,38.640756212538506,-44.98331518038276,-41.1843830051973,-3.798932175185456,1722.8843874927277,1515.6803586010224,34.03217092008512,0,1571.0379579127198,1618.493960545019,47.93362870997108
2026-04-06,1579.371457881774,1586.7568527299247,1542.544383408023,1565.9979248046875,62429,1565.1773410373264,1619.1471890536222,1693.0402783203126,1937.235415649414,1572.8400436251077,1611.6473415991202,39.28064286350152,-43.2404212782194,-41.59559065980172,-1.6448306184176786,1720.5519071732283,1509.8789522017717,33.96444772734993,0,1571.0379579127198,1618.493960545019,48.41838621084347
2026-04-07,1567.894131574894,1623.7834195240948,1542.444545098026,1607.3160400390625,132044,1565.8870442708333,1616.3164284446025,1689.6050830078125,1934.828232421875,1579.7352429078985,1611.2535869118424,46.77919892980765,-38.08610579454307,-40.89369368674999,2.807587892206918,1717.1686225587778,1508.9906914060662,32.87726845856375,0,1562.0557718393625,1618.493960545019,51.80453561653297
2026-04-08,1671.489034259171,1671.489034259171,1620.2904036326854,1657.0177001953125,170696,1576.9761962890625,1616.7564697265625,1688.030205078125,1932.748794555664,1595.1917343653815,1615.4139608467033,54.11920601899935,-29.64898993823499,-38.644752937047,8.995762998812005,1716.5226865691095,1509.1875185090155,30.764585562658358,0,1584.4115019795809,1618.493960545019,53.70078821523449
2026-04-09,1658.7142333984375,1686.559099588431,1641.248830820536,1658.7142333984375,68094,1585.3706732855903,1617.1511396928267,1686.5531298828123,1930.6329870605468,1607.8962341719928,1619.350349260497,54.350639358994734,-22.56549777320606,-35.42890190427881,12.863404131072748,1715.2119105559652,1509.63999374091,28.64406776137864,0,1591.946534644211,1611.2582585153343,55.14792500709247
2026-04-10,1658.714289664616,1706.6193955033052,1647.0374688480292,1705.0225830078125,95593,1597.8792317708333,1619.1290394176135,1686.261708984375,1928.9420788574216,1627.3215039391569,1627.1387341466166,60.245374398719896,-13.064483170532869,-30.956018157529623,17.891534986996756,1720.3178860398566,1506.9592257765498,27.07963496225877,0,1601.976682601648,1601.976682601648,56.26713306622806
2026-04-13,1696.639170034737,1707.51764554958,1645.7399949336948,1683.7646484375,75016,1612.1509602864585,1619.877557927912,1685.3934301757813,1927.16680847168,1638.6101328388256,1632.286544536697,56.63024007588629,-7.16757496412697,-26.198329518849093,19.03075455472212,1719.7437099962278,1507.2339999647097,25.59665706809268,0,1602.4258076247854,1602.4258076247854,58.25604735429992
2026-04-15,1695.1420720936471,1749.5343258052185,1685.5610756221756,1732.168701171875,233605,1637.7446967230903,1622.2138394442472,1684.898408203125,1925.7486755371092,1657.3218465054356,1641.3667405944404,62.19331235661639,1.3954835349629775,-20.67956690808668,22.07505044304965,1730.673647608773,1501.0945652818518,25.033898851599314,0,1627.2765076194005,1623.4341477526043,59.53208822149731
2026-04-16,1745.5422979609782,1766.5007818129968,1732.6677763717985,1761.410888671875,107612,1659.3463541666667,1625.6071222478693,1685.6589013671876,1924.3078161621092,1678.1396549387234,1652.279844965116,65.1053646177304,10.421239669179386,-14.459405592633464,24.88064526181285,1751.908873417656,1490.1090465042191,24.806722441958637,0,1635.7597356232895,1631.9173757564938,58.49842300602992
2026-04-17,1761.4109095371944,1796.2419384315665,1751.5304569526895,1767.3990478515625,148567,1682.0901963975691,1629.3860029740767,1685.5990209960937,1922.6402508544925,1695.991533521291,1662.7452270457022,65.68819510558359,17.85162837363532,-7.997198799379708,25.84882717301503,1774.118491531487,1481.3627706755442,25.079476535139765,0,1669.3432417647964,1646.7879540657786,58.45565248592413
2026-04-20,1767.498769067485,1771.4908611489475,1736.5600554361513,1750.73193359375,55397,1702.6161973741318,1633.5595536665485,1684.6888208007813,1921.0273907470705,1706.939613535783,1670.7440185500702,62.55630547937685,22.140150256860807,-1.9697289881316056,24.109879244992413,1790.0768578791842,1477.2908545231596,24.92053668312801,0,1669.3432417647964,1646.7879540657786,57.54317070867504
2026-04-21,1756.4208050210598,1764.5047674291177,1736.5601217910998,1745.3427734375,49325,1717.9525010850691,1638.6766967773438,1682.3195166015626,1919.368648071289,1714.6202455161267,1677.5257235398365,61.534696866412986,24.817889380748056,3.3877946856443266,21.43009469510373,1802.8707913520552,1474.5370455620073,24.772949677688523,0,1708.2661710321258,1646.7879540657786,55.5328707726589
2026-04-22,1745.3427638261023,1757.019584814662,1731.569996963044,1749.035400390625,44700,1728.1766899956597,1644.0025135387075,1679.1857250976564,1917.5609246826173,1721.5032764910263,1684.0266032535444,61.99271151661013,26.927576720444904,8.095751092604443,18.83182562784046,1816.2501519728987,1474.2018499802264,24.48629365481088,0,1718.7453846260514,1646.7879540657786,52.96652597086812
2026-04-23,1749.035403394052,1781.4711526724009,1744.4445217081443,1764.5047607421875,64210,1739.9311930338542,1649.43720592152,1676.4730981445311,1916.425569458008,1730.1035733412589,1691.3427993888756,63.93035419786785,29.507621738617672,12.378125221807087,17.129496516810583,1831.027290477885,1475.782316455709,24.687294435920524,0,1720.9909666826306,1646.7879540657786,49.31661184943884
2026-04-24,1773.9859212002943,1779.4750478200422,1711.6094823395244,1716.1005859375,71492,1741.162082248264,1653.86933482777,1674.3532983398438,1915.1274291992188,1727.302975860507,1693.5935072569323,54.55778449719066,27.33145364320967,15.368790906087607,11.962662737122065,1835.0259730996704,1487.6721592245487,23.9042939932006,0,1720.9909666826306,1646.7879540657786,49.60176136728991
2026-04-27,1716.100553575809,1761.4108222756215,1703.2260324719334,1757.6182861328125,84268,1749.3680419921875,1660.9915882457387,1674.4071899414062,1913.9367108154297,1733.3660379149685,1699.413941700194,59.977658744750265,28.626962374430832,18.020425199756254,10.606537174674578,1844.735704891235,1495.4078620032965,22.9458244998112,0,1740.901507026871,1646.7879540657786,50.59978425884607
2026-04-28,1757.618279670051,1757.618279670051,1723.5857197603243,1728.775390625,72161,1748.9910074869792,1668.7897727272727,1674.41716796875,1912.5250329589844,1732.4479084569746,1702.0831643297215,55.06417938495769,27.01487114186466,19.819314388177936,7.195556753686724,1849.4244938510376,1504.3520564419312,22.05581711309248,0,1749.73398545175,1646.7879540657786,47.22076225501889
2026-04-29,1728.7754519061384,1737.7576592180767,1710.1124698895935,1724.1845703125,48595,1744.8547498914932,1675.1998013583095,1674.0359228515624,1910.907010498047,1730.7952408280798,1704.0923830554289,54.30166352220874,25.077755636813208,20.871002637904997,4.206752998908215,1849.1245139218524,1521.538584222679,20.831494722731158,0,1749.73398545175,1646.7879540657786,44.61163333418852
2026-04-30,1716.699369025464,1721.5897061798291,1675.0818579033182,1705.621337890625,56199,1737.9905598958333,1680.3441550514915,1673.4810205078124,1909.3661077880856,1725.760460240589,1704.2313789495374,51.21342038786744,21.793458502200792,21.055493810764155,0.7379646914366376,1834.7629515410115,1556.2797730683635,19.919485625426404,0,1728.2765052878594,1646.7879540657786,44.882522165709005
2026-05-04,1707.1183887956568,1761.8100994424806,1707.1183887956568,1732.867431640625,76083,1736.005615234375,1688.4145341352985,1673.5828198242189,1907.9071160888675,1727.1818545205963,1706.834656466909,55.23734228090524,21.14541029414613,21.073477107440556,0.0719331867055785,1829.968001577569,1577.6618690278992,18.944737161089915,0,1728.2765052878594,1646.7879540657786,44.6401532297504
2026-05-05,1729.5739330430845,1771.4909008375505,1724.5838178294575,1738.05712890625,124308,1735.1960991753472,1699.1523548473012,1674.0858227539063,1906.4187567138672,1729.3569093977271,1709.6730630523036,55.98207628815556,20.810699824191488,21.02092165079074,-0.2102218265992519,1820.49800075482,1604.6671359639304,18.262182024020586,0,1728.2765052878594,1646.7879540657786,43.57796982919381
2026-05-06,1749.534427035925,1846.2428860735888,1749.534427035925,1837.659912109375,253677,1745.0432671440972,1711.4552612304688,1676.4611181640626,1905.524093017578,1751.0175099400567,1721.308231148401,67.24550013142695,28.256824471351592,22.468102214902917,5.788722256448679,1824.3433155552425,1627.9880198939766,19.030131856815167,0,1760.6623719884535,1671.7884278867898,46.60768981488098
2026-05-07,1841.352516648969,1881.2734384191365,1836.4621793663264,1862.9097900390625,124846,1755.9771592881943,1725.100957697088,1679.5569848632813,1904.706841430664,1773.395965959858,1734.181100138461,69.3842420492272,35.782902995895256,25.131062371101383,10.651840624793874,1838.5147996699643,1639.375910779254,20.242831036410735,0,1778.1776481612274,1689.3037040595636,47.356202558573
2026-05-08,1866.303116169664,1866.901905637932,1841.8515512786705,1852.6302490234373,54449,1771.1471218532986,1738.1296997070312,1682.5929736328126,1903.6398522949216,1789.242822572574,1744.9492045825498,67.45321141260183,40.45160052817005,28.19517000251512,12.256430525654933,1852.7409145146323,1644.7110508173987,21.3689088460352,0,1778.1776481612274,1689.3037040595636,45.95183633574332
2026-05-11,1846.34258370672,1872.989749561597,1817.0006826052595,1849.6361083984373,53644,1781.3713243272568,1749.144248268821,1685.8106005859374,1902.525996704101,1801.3214797377468,1754.4661958385395,66.86944488816195,43.40957625968849,31.238051253949795,12.171525005738696,1862.5479595610268,1653.9961932710044,21.68606043460948,0,1778.1776481612274,1693.1460639263596,47.45599785313912
2026-05-12,1831.372326559272,1851.1332320025144,1798.038331780897,1811.411865234375,69891,1790.5531548394097,1756.1621648615055,1687.5172216796875,1901.070521850586,1803.3395568370725,1759.6430748745245,59.75908065425139,42.18315521277964,33.42707204571577,8.75608316706387,1867.2827102429824,1659.900370811705,21.458957210062348,0,1778.1776481612274,1693.1460639263596,49.252444609110526
2026-05-13,1836.3623233417013,1863.3089443907368,1811.6113041650688,1838.1588134765625,65257,1803.2169596354167,1764.3187366832387,1690.09611328125,1899.7796789550785,1810.3034081649705,1766.7808692928916,62.744304049303366,42.875223993492455,35.316702435271104,7.558521558221351,1872.9477489574392,1669.6747486011543,21.472694147376203,0,1778.1776481612274,1711.8589917585814,51.14155113087794
2026-05-14,1845.344596558169,2055.927457495852,1799.43553682768,2019.799072265625,2271123,1838.1255967881943,1778.62675892223,1696.0203784179687,1899.413482666016,1852.2025409851017,1789.7825241085943,75.84781991206486,57.41865779638647,39.73709350749418,17.68156428889229,1934.4737042631275,1636.911830404841,23.70524146601645,0,1881.5229231457545,1799.1860012969391,66.81764325258621
2026-05-15,2019.9986427403649,2052.933403219827,1946.7437268838848,1994.8485107421875,405860,1867.2346055772568,1792.766934481534,1701.4136962890625,1899.0261895751955,1880.731734936519,1808.4248865298305,72.09667953319058,66.16838412673997,45.02335163134334,21.145032495396627,1972.4296008159783,1622.2996960590217,25.778321119039536,0,1890.2556376626549,1838.1089305642688,69.5550797422594
2026-05-18,1986.0657759916007,2042.5538535962191,1944.747599301156,1982.1734619140625,186105,1894.358642578125,1804.1307872425425,1707.1223876953125,1898.4265161132807,1901.020080332028,1824.2202115647603,70.19737294598684,71.25841215281616,50.27036373563791,20.988048417178256,2000.881786387457,1615.3249518937932,27.651563672903976,0,1902.7309422658889,1848.5881441581944,72.38518434878618
2026-05-19,1983.3712564335592,2055.92748345295,1983.3712564335592,2034.1705322265625,200976,1916.1931559244792,1816.5289528586648,1714.4139428710937,1898.142144165039,1927.6501707109344,1843.306604352197,73.3043255333736,78.5821786123879,55.93272671098792,22.649451901399992,2037.6451009388215,1606.9054972057097,29.504480548030635,0,1926.9829076169235,1850.8337391933223,75.22243114638614
2026-05-20,2034.2704547797352,2064.011590740999,2005.826797529884,2012.61328125,178178,1932.826877170139,1827.6750543767755,1721.71947265625,1898.05447265625,1944.642792818748,1858.6981204338156,70.04407719419181,81.7049821297353,61.08717779473739,20.617804334997903,2063.70297870247,1607.5746702233114,31.294965926946404,0,1931.024961260948,1854.875792837347,77.40383142371698
2026-05-21,2012.6132344740568,2045.9472283158293,1994.0500303292813,2021.8948974609373,97506,1951.634060329861,1840.000643643466,1729.1567407226562,1897.9414477539065,1960.0932137471857,1873.5341910726447,70.64935348728795,83.96092598346127,65.66192743248217,18.298998550979093,2087.9321862153656,1610.6314124174469,32.60390499500151,0,1931.024961260948,1869.5467243221588,77.603437536386
2026-05-22,2021.894898640598,2054.829537091523,2009.020377074473,2023.99072265625,89926,1971.006795247396,1852.6664595170453,1736.4063793945313,1897.667471923828,1972.8727155289987,1887.2120575802453,70.79286148514781,84.93877202707836,69.51729635140141,15.421475675676945,2109.5577233658546,1614.9544714583635,33.91059935468791,0,1931.024961260948,1869.5467243221588,76.86203742675704
2026-05-25,2055.328565815424,2088.3632261389216,2029.380088418788,2073.7919921875,160356,2000.160142686632,1867.42812278054,1744.5362744140623,1897.342999267578,1993.0565708606991,1904.1738698172685,74.04087962500763,88.70967835403394,73.35577275192793,15.35390560210601,2134.5708014851807,1625.710533964038,35.45175834591218,0,1943.8993814833009,1881.72254202112,78.10956746065551
2026-05-26,2094.850399171952,2094.850399171952,2025.9868081558168,2031.775390625,109242,2021.673095703125,1879.576787775213,1751.5563720703126,1897.2041284179688,2000.8003348135596,1915.7740080725168,67.24629390608956,87.30140394590467,76.14489899072328,11.15650495518139,2150.019946182602,1637.6770997158355,36.943561130903504,0,1947.142967999816,1884.966128537635,75.30084130699812
2026-05-27,2038.262486430969,2059.6200818467746,2010.617175354696,2019.300048828125,72577,2021.617648654514,1893.3585815429688,1758.2071997070314,1897.3930822753907,2004.5002776164724,1925.1854663230265,65.32932187414877,84.2079832953873,77.75751585165608,6.450467443731213,2157.9983707871074,1658.7511409316426,37.80991055817931,0,2019.7989992365544,1884.966128537635,75.6002446955173
2026-05-28,2019.300048828125,2019.300048828125,2019.300048828125,2019.300048828125,0,2024.3344862196184,1905.2532071200285,1764.9079272460938,1897.4798760986328,2007.4602318588031,1933.7413374598536,65.32932187414877,80.82472799033349,78.37095827939156,2.453769710941927,2161.548781140111,1684.712278430202,38.61437788350685,0,2019.7989992365544,1884.966128537635,73.81093366985577
2026-05-29,2023.0,2086.5,2012.0,2024.5,97307,2029.0374348958333,1918.695234818892,1772.2196508789064,1897.8498138427733,2010.8681854870424,1941.992124963503,65.80060514396362,77.66776078794419,78.23031878110208,-0.5625579931578955,2158.109109573976,1720.0398162072745,40.05506371409405,0,2039.110827802756,1884.966128537635,75.13314317297453
2026-06-01,2024.5,2072.89990234375,1990.0,1998.9000244140625,176474,2025.1184895833333,1931.1823009144173,1779.5423388671877,1898.228297729492,2008.4745532724469,1947.1655703680992,61.3772474142104,72.26708745399833,77.03767251568134,-4.770585061683008,2149.9433651122376,1754.808819946356,40.67835838341144,0,2042.425199585976,1884.966128537635,77.262071895984
2026-06-02,2000.0,2007.800048828125,1962.699951171875,1988.0999755859373,75756,2022.3947889539927,1944.0222389914773,1786.6669897460931,1897.9114135742188,2004.399637735145,1950.8868799333568,59.55823832056164,66.35069177354626,74.90027636725432,-8.549584593708062,2135.0938477124887,1794.6626220140738,40.43193792119467,0,2028.7751751719136,1884.966128537635,76.77657321740458
2026-06-03,1988.0999755859373,1993.9000244140625,1952.4000244140625,1972.9000244140625,45721,2016.9509141710068,1954.93281139027,1793.2261596679684,1897.255903930664,1998.0997150709288,1952.8880748861488,56.99795575097623,59.74667407545235,71.86955590889393,-12.122881833441582,2130.973580986772,1812.30689997026,39.90332856281125,0,2023.6252117930076,1884.966128537635,61.42000745539227
2026-06-04,1950.0,2040.0,1950.0,2019.699951171875,97390,2016.4741617838545,1967.7347578568888,1801.248283691406,1896.8508392333983,2002.419762291118,1958.9618818212143,62.36273414485249,57.62503984736395,69.02065269658794,-11.395612849223994,2131.5511001026844,1827.408396967628,40.02705062894272,0,2022.425199585976,1884.966128537635,60.26360200282496
2026-06-05,2025.0,2048.699951171875,2015.199951171875,2033.0999755859373,84426,2011.9528266059028,1976.618397105824,1809.8917089843744,1896.5690881347657,2008.555804950082,1965.7017085270984,63.75695774636196,56.37504301397371,66.4915307600651,-10.116487746091394,2129.92676670874,1847.0797030178223,40.248021441058455,0,2022.425199585976,1884.966128537635,55.67029812460617
2026-06-08,2011.5999755859373,2148.0,2001.5,2111.0,628306,2020.7555609809028,1987.895224831321,1820.9674023437497,1896.375340576172,2029.0446439600655,1978.910644115544,70.57994463467409,60.96749709475876,65.38672402700384,-4.419226932245081,2137.1471976733783,1865.9956612133408,41.42123098404836,0,2049.0,1927.5591943978284,60.86643944325705
