Date,Open,High,Low,Close,Volume,SMA_9,SMA_22,SMA_50,SMA_200,EMA_9,EMA_21,RSI_14,MACD_Line,MACD_Signal,MACD_Hist,BB_Upper,BB_Lower,ADX_14,ST_Direction,Ichi_Tenkan,Ichi_Kijun,ATR_14
2024-12-18,817.8899614238898,821.5804526937394,802.9285596905258,810.5588989257812,64038,781.4174058702257,768.0231683904475,778.9913330078125,,786.5020786142378,777.8096993978245,60.49786473505844,4.906066578111222,-1.584527426577276,6.490594004688498,806.7234469580685,728.5358303856815,17.8726421763187,0,790.061796220205,780.2122144978118,21.295070564521968
2024-12-19,800.7342332567997,819.0869109662323,791.5080352370564,800.5846557617188,56200,785.1522148980034,768.6034906560725,779.5748278808594,,789.318594043734,779.8801499763604,56.877685825960576,5.985684532889081,-0.0704850346840044,6.056169567573086,810.3487326352819,730.7604531557337,17.95937563000436,0,790.061796220205,780.2122144978118,22.499108218239297
2024-12-20,794.9491736297873,807.2673704759468,774.4022055384012,789.0643310546875,55851,788.122328016493,770.1018981933594,779.8670727539062,,789.2677414459248,780.7150755289356,52.937447964306784,5.844325865183919,1.1124771452895803,4.731848719894338,811.4159292112258,734.1417795290085,17.078930919981804,0,790.061796220205,780.2122144978118,23.970310198267896
2024-12-23,792.954331305284,803.4273130395046,759.0916781890164,766.9713745117188,41864,787.1359931098091,771.2330710671165,778.8796203613281,,784.8084680590837,779.465648163734,46.311564730673446,3.9045716763440623,1.6708960515004767,2.2336756248435856,810.9405512559058,736.2379765761254,16.197594552044183,0,790.061796220205,780.2122144978118,24.98910705663607
2024-12-24,771.9584654624866,788.8648614913429,759.1414948639995,778.1923828125,41852,786.4377916124132,772.760947487571,778.3629541015625,,783.485251009767,779.3498967681672,49.75162111671108,3.2354478694651334,1.983806415093408,1.2516414543717254,811.2202241790172,738.0628751862172,15.379210781816392,0,790.061796220205,780.2122144978118,26.260828810269647
2024-12-26,782.9800388811869,787.4186003218023,765.1260747898534,769.5646362304688,41908,786.7037692599827,773.6155589710582,777.8662353515625,,780.7011280539074,778.4603276283764,47.24498819544103,1.9860810812418777,1.984261348323102,0.0018197329187756,810.8372697853644,739.9419721579951,14.6192829951763,0,790.061796220205,780.2122144978118,26.485251572012576
2024-12-27,776.8458478049481,781.4839068297796,758.293733461825,762.2335815429688,48152,787.1082831488716,773.8467823375355,777.2538146972656,,777.0076187517197,776.9851688933394,45.16280850390216,0.3997855760100037,1.6673661938604822,-1.2675806178504785,810.4085131007463,741.1636853855817,14.266731074751275,0,792.5553596674976,780.2122144978118,27.204826361744324
2024-12-30,765.8741300524233,769.4649029937561,743.1826707665168,748.6685180664062,45457,782.3705037434896,773.5770235928622,776.4638513183594,,771.3397986146571,774.4109279090727,41.51673277530632,-1.9297078245216424,0.9479513901840572,-2.8776592147057,811.285631998762,739.1145877278004,14.649016633413185,0,784.9998283198435,784.0522955958954,27.945773657036742
2024-12-31,747.0726679579346,757.8947243107582,740.6891121314867,748.2695922851562,29147,774.9008856879341,773.3027316006747,775.6838635253906,,766.725757348757,772.034442852353,41.41085278938549,-3.7646416584905182,0.0054327804491421,-3.77007443893966,812.012643920438,737.4250635990932,15.114083252684518,0,781.134782412613,783.7530490023285,27.350881601266376
2025-01-01,751.0624084592405,765.7245951426312,751.0624084592405,762.3831787109375,26005,769.5480278862847,773.39340764826,775.2838952636719,,765.8572416211932,771.1570552031333,46.59962907056649,-4.033495840215892,-0.8023529436838647,-3.231142896532027,811.9956750484312,736.7089208988345,15.018971513177082,0,779.8880115488595,783.7530490023285,27.589552241322945
2025-01-02,762.3831410634745,769.9137620154227,747.7708751460019,751.0125122070312,55975,764.0400119357639,773.0805802778764,774.5438049316406,,762.8882957383609,769.3257331125785,43.2744677300042,-5.105232531734373,-1.6629288612939663,-3.442303670440406,812.5266596186708,734.7566045414854,14.655182474443516,0,773.9782413037167,783.7530490023285,27.265389407257324
2025-01-03,755.0022124171888,763.0314858112164,750.9127260970927,752.807861328125,30987,760.0115152994791,772.3121060458096,773.6590869140625,,760.8722088563137,767.8241084049009,43.95448323553354,-5.743514254383854,-2.479045939911944,-3.2644683144719098,812.8626644104122,733.3882633239627,14.317378367048065,0,772.0582125854957,783.7530490023285,27.14071289861589
2025-01-06,764.0787881082074,764.0787881082074,731.1138445376223,736.3004760742188,64317,756.6036376953125,770.9973172274503,772.6177734375,,755.9578622998947,764.9583236475662,39.29064526333072,-7.494967826522043,-3.482230317233964,-4.012737509288079,814.5647033998048,728.6191344908202,15.011740285837565,0,759.9893530144826,778.9654152053962,25.87968033029369
2025-01-07,730.3657891382317,746.9729700468662,730.3657891382317,735.9513549804688,28804,751.9101901584202,769.7618685635654,771.8298059082031,,751.9565608360095,762.3213264960118,39.19592047811136,-8.809626663151334,-4.547709586417438,-4.261917076733896,815.9752074802896,724.5704346095542,15.690875635226226,0,758.892194730017,778.5913875057008,24.52958945531571
2025-01-08,742.9832546730642,746.0253942661129,720.6408697912708,725.7277221679688,51561,747.0394219292534,767.8871570933949,771.3759765625,,746.7107931024013,758.9946351934625,36.426400138515774,-10.554795871614148,-5.74912684345678,-4.805669028157366,817.5006868165492,718.032888622904,16.760701563253132,0,751.0623883105252,773.7289278322205,25.010491703289176
2025-01-09,725.1292623773029,740.0906639394206,723.4834838542304,725.97705078125,28301,743.0109185112847,766.234599720348,770.5600805664062,,742.564044638171,755.9930366105341,36.54415717558912,-11.781921648448815,-6.955685804455188,-4.826235843993628,817.2471509745712,712.4365099141007,17.754111353563832,0,745.2773159033468,773.7289278322205,24.2267991572902
2025-01-10,719.244430985116,727.4233428053873,705.1807376546992,708.970947265625,91849,738.6000773111979,763.1947160200639,769.3721447753907,,735.8454251636618,751.7183012155423,32.16748025611318,-13.965690310765808,-8.357686705717313,-5.608003605048495,819.955023040546,703.9086488344539,19.42418850900316,0,737.5472498350609,765.9988617639347,23.468044886800374
2025-01-13,701.1910519438942,708.9709689363569,658.3016988377954,664.7849731445312,113145,729.3240085177952,757.7542058771306,766.8017761230469,,721.6333347598357,743.8152713909049,24.09345755852398,-19.04227406086477,-10.494604176746805,-8.547669884117965,829.7573465936182,684.725526941538,22.21110625039005,0,714.107730426609,742.5593423554827,23.920447404519905
2025-01-14,674.7592499901176,717.1498902333992,673.2631097462371,711.514404296875,108032,723.6719224717882,755.2243680087003,764.9774829101563,,719.6095486672436,740.8788289278112,40.96857892263552,-19.074944610061607,-12.210672263409766,-6.864272346651841,826.6506919352252,679.8527687581342,24.20654042587037,0,714.107730426609,742.5593423554827,25.537701008914517
2025-01-15,711.5143982934989,737.7966315494394,707.1756159740946,734.1061401367188,54481,721.7934366861979,754.1113308993253,763.725712890625,,722.5088669611387,740.2631299468028,47.09248914613848,-17.080973154430012,-13.184732441613816,-3.896240712816196,816.8519452186497,681.512514009866,24.723356426613712,0,711.1902434730014,742.5593423554827,26.132593154871365
2025-01-16,739.0932493363205,747.7708745608284,711.7637310150195,714.057861328125,58330,717.4878811306423,750.5999367453835,762.1687292480469,,720.818665834536,737.8808327996502,42.84477200830407,-16.92338273768985,-13.932462500829024,-2.990920236860825,807.1888788284031,681.5254766403469,24.63178939995818,0,711.1902434730014,742.5593423554827,27.0480910247181
2025-01-17,712.1128852192071,724.032147808541,703.1859030684624,721.5884399414062,42411,715.8532104492188,746.3314042524858,760.2257421875,,720.9726206559101,736.3997061761735,44.85679028016519,-16.006325482059538,-14.347235097075126,-1.6590903849844114,798.0761556850352,682.7385782016836,24.83858378909319,0,703.0362866993119,742.5593423554827,26.659806204206625
2025-01-20,722.1370285475239,736.0511450715394,718.1971803736122,731.4130859375,24519,715.3489583333334,742.733867298473,758.5510632324218,,723.0607137122281,735.9463770635667,47.45560662143132,-14.321692618477982,-14.342126601355698,0.0204339828777158,790.5277585416915,684.5218508333086,24.35177018651397,0,703.0362866993119,742.5593423554827,26.706117098396312
2025-01-21,724.0819914227296,736.1009720839822,708.3226602935706,715.00537109375,30331,714.1575859917534,738.8438998135654,757.1486804199219,,721.4496451885325,734.0426492481288,43.74749648650776,-14.147490930917115,-14.303199467267982,0.1557085363508665,786.9371075781823,682.9159014550207,24.26193516700571,0,703.0362866993119,742.5593423554827,27.44349630789179
2025-01-22,718.0974123771672,721.5884060582637,696.9020935990814,703.7843017578125,26199,711.6917249891493,734.9675348455256,755.0082006835937,,717.9165765023886,731.2918903853727,41.36688386363583,-14.74491119759341,-14.391541813333069,-0.3533693842603433,780.7733028802385,681.6388980474959,24.57147552277417,0,703.0362866993119,742.5593423554827,27.62516956430333
2025-01-23,702.288219422311,706.4275651933227,691.6656600165097,695.9047241210938,23562,710.2399224175347,731.7372325550426,753.0532446289062,,713.5142060261296,728.0748752704383,39.73184660518097,-15.673512628857566,-14.647935976437967,-1.0255766524195984,776.0245029088285,679.0217068079685,25.03291404659401,0,703.0362866993119,739.9410757657674,27.81396566878114
2025-01-24,702.8866953348468,704.682051443158,680.1952350796,687.92529296875,30779,712.8110690646702,727.6341830166904,751.2229663085938,,708.3964234146537,724.424913243012,38.089974933430085,-16.858969652640553,-15.090142711678483,-1.768826940962068,772.497719860246,675.1176609991289,25.82834114582732,0,710.5169921535328,738.6943049020138,27.208385153993486
2025-01-27,684.2348002250621,695.1566361068989,658.3017028404388,677.7515258789062,105004,709.0596381293403,723.460859818892,749.7547546386719,,702.2674439075042,720.1818780280934,36.04476808763306,-18.40720407271283,-15.753554983885357,-2.653649088827475,771.5865319985174,668.9371496421076,27.172345311767828,0,703.0362887006336,732.7845346568711,28.654653179552454
2025-01-28,682.6888206808383,687.2271006795163,659.5485055505517,670.9690551757812,74690,702.0444064670139,719.3124722567471,747.7599011230469,,696.0077661611597,715.7079850415196,34.70684097211111,-19.95149133458324,-16.593142254024933,-3.3583490805583054,770.4126782313376,662.3809496983499,28.42034918014116,0,703.0362887006336,730.8645059386499,28.818515369132637
2025-01-29,678.2003846335753,697.8995645086317,674.2106773171081,695.804931640625,35348,700.0163031684028,716.9095819646662,745.9196484375,,695.9671992570527,713.8986165505291,43.04379676860616,-18.95282606580952,-17.06507901638185,-1.8877470494276665,763.2188029310627,662.9170002915936,28.857787928921816,0,697.2013374622105,723.5832801645691,29.555896029679797
2025-01-30,696.1042004736161,728.1215769728243,694.2090651686106,703.1360473632812,33596,697.9660373263889,714.85805719549,744.8603820800781,,697.4009688782985,712.9202011698702,45.265451790135685,-17.369591041848253,-17.12598142147513,-0.243609620373121,757.6702187512288,663.6779379870524,27.57681669597598,0,697.2013374622105,722.8601495797989,30.38946079064592
2025-01-31,692.61321250256,707.5746148963817,686.3293747946732,689.3216552734375,42219,693.2892116970486,711.5370788574219,743.8051037597656,,695.7851061573263,710.7748788156491,41.94524797294008,-17.033223471360657,-17.107429831452237,0.0742063600915798,750.9561518601141,664.0433842726983,26.68624257569955,0,697.2013374622105,719.8928028337875,28.287744362299268
2025-02-01,686.7283737440448,718.0476006160745,682.9880231245239,711.0656127929688,44773,692.8514607747396,709.7213107022372,743.134833984375,,698.8412074844548,710.8013091772236,48.36520128203941,-14.841016102937942,-16.65414708574938,1.8131309828114368,747.5877953202012,664.8882544844864,25.341248864340187,0,693.2116399066315,714.107730426609,27.0516486767766
2025-02-03,713.1601900072343,718.9951126651431,689.0224483236765,694.0095825195312,22978,691.765380859375,707.048661665483,741.9997619628906,,697.8748824914701,709.2747885719788,44.23314729267722,-14.314941336351808,-16.186305935869868,1.87136459951806,743.3442226468159,664.9376499117778,24.045322126396133,0,693.2116399066315,714.107730426609,27.00533787435673
2025-02-04,703.9838036568373,709.2202942109891,691.2167531480486,697.3509521484375,27461,691.9260728624132,705.2782287597656,740.80384765625,,697.7700964228636,708.1908034425659,45.2205222796708,-13.473093257246546,-15.643663400145204,2.170570142898658,740.6697525847756,664.774442971865,22.84196158401951,0,693.2116399066315,714.107730426609,25.71936626843756
2025-02-05,698.697465962377,707.9735229280135,689.4712681605898,694.2090454101562,33465,692.624267578125,703.3808510520241,739.5959643554687,,697.0578862203222,706.9197345305287,44.42403752843364,-12.910622584565315,-15.097055237029227,2.1864326524639104,737.6139309849352,664.653464034596,21.80984995610465,0,693.2116399066315,714.107730426609,25.55193841324792
2025-02-06,695.755045298319,706.1781674310786,688.6733394394452,701.1411743164062,26586,695.2231174045139,702.263280695135,738.5327075195313,,697.874543839539,706.3944108746994,46.656486460430514,-11.769820491401331,-14.43160828790365,2.661787796502317,737.0358870659426,664.4485306586668,20.89265014805301,0,693.835041261688,711.1902434730014,25.52700007708408
2025-02-07,705.579748490913,707.1257478680444,689.2219244847522,694.3087768554688,30175,697.816419813368,700.8238136985085,737.2111169433593,,697.161390442725,705.2957168729511,44.74854672895962,-11.286935224508284,-13.802673675224575,2.515738450716293,734.5382841310363,669.8985139646668,19.978804294100872,0,701.1661271449661,711.1902434730014,24.82167947657555
2025-02-10,700.9416596618664,715.8532019861092,678.05070321127,705.6295776367188,60639,698.9080471462673,700.671933260831,736.1658142089843,,698.8550278815237,705.3260678514754,48.50603524239206,-9.87689644624993,-13.017518229429648,3.140621783179718,733.9938843233581,669.8544311063295,19.734540934595252,0,703.0861400920471,703.0362866993119,25.758549927693892
2025-02-11,695.6553165763388,706.8763677979433,665.3833774205284,671.9664306640625,74506,695.4447564019097,700.9983631480824,734.2108569335937,,693.4773084380315,702.2933735617106,39.83155493847479,-11.34498723094623,-12.683012029732964,1.3380247987867335,729.7804381689041,667.8539063135179,20.110030810718683,0,692.1892450428358,703.0362866993119,27.66791315630832
2025-02-12,668.2759770381248,711.5643258721338,600.8499475867131,608.0313720703125,251822,686.4125027126736,696.2945889559659,731.0669677734375,,676.3881211644878,693.7241006988563,29.164019308970797,-17.466145799301444,-13.63963878364666,-3.826507015654784,743.7817519133404,643.2499436433003,22.36970203165064,0,659.9225301259281,674.3104110737708,33.827024722155656
2025-02-13,599.4535031471472,617.8560396706289,594.2668716431325,606.9342041015625,126984,674.8423461914062,690.5140464089134,727.94302734375,,662.4973377519027,685.8341100991023,29.020384816438337,-22.150404278576275,-15.341791882632585,-6.80861239594369,749.4318371962619,626.1344347763944,24.597932736056976,0,656.6309921541379,671.0188731019805,32.87947006222968
2025-02-14,607.6323952640206,617.4071653508211,571.3758959576749,581.848876953125,81579,662.3800455729166,684.5045471191406,724.2405773925781,,646.3676455921473,676.3809070858316,25.88177868418218,-27.569089819438204,-17.78725146999371,-9.781838349444495,754.6479332610604,605.9619178131584,27.07738861227889,0,643.614548971892,659.5733852592516,34.190375366814074
2025-02-17,549.781688934841,563.5461672150934,484.5499489448968,518.9113159179688,482192,642.5534193250868,675.2919505726207,719.3721374511719,,620.8763796573115,662.065489706935,20.028941183995286,-36.52098119677044,-21.533997415349056,-14.98698378142138,772.2468902971694,568.7535552594712,30.355504182867666,0,600.201575465503,616.1604117528626,39.21669098648392
2025-02-18,511.1812472085048,524.3971526241394,489.8861784321062,494.5740966796875,124763,620.3717583550347,664.5265419699929,713.7466516113282,,595.6159230617867,646.8389994317306,18.3051256492397,-45.05980838381095,-26.23915960904144,-18.82064877476951,787.2176252900608,532.8617997587673,33.399468641271525,0,600.201575465503,616.1604117528626,39.25943829989959
2025-02-19,498.4640391328553,531.6284799556015,491.53191075518754,526.0927734375,100979,600.9219360351562,655.9396057128906,708.5789831542969,,581.7112931369294,635.8620697958914,27.060546192520363,-48.72196021766308,-30.73571973076577,-17.986240486897312,790.7507715195873,512.3474584608814,35.83793576263028,0,600.201575465503,616.1604117528626,40.60596180694999
2025-02-20,521.6542200596062,560.454147203043,520.1580798491102,553.87109375,64312,585.3177490234375,649.1253689852628,704.31298828125,,576.1432532595436,628.4083447008104,33.79490572666829,-48.819997097118176,-34.35257520403625,-14.467421893081926,789.4769497395487,500.2158603190451,36.68034409299232,0,600.201575465503,610.3254605144396,40.97999679712013
2025-02-21,545.5924356061769,562.4489721361078,537.2140265033986,543.4978637695312,46146,567.3031141493055,642.1977844238281,700.0110864257813,,569.6141753615411,620.6892100706941,32.585019626577505,-49.16794750428278,-37.31564966408556,-11.852297840197224,788.6752365673176,487.5922072803388,37.37002298535736,0,598.0571374085154,610.3254605144396,40.64158831792319
2025-02-24,543.4979160001204,568.4335872998488,525.1452375722789,552.6741943359375,53836,554.0484212239584,636.0500072132457,695.2383996582031,,566.2261791564205,614.5060268220799,34.80845370245565,-48.14822475811104,-39.482164682890655,-8.666060075220386,786.5757353627496,477.8622224009223,38.21779072620075,0,598.0571374085154,610.3254605144396,42.44764607968242
2025-02-25,540.3061236668167,563.5461565304151,523.7488018330441,526.6912231445312,39815,545.0106268988716,629.1836298162287,689.4623010253906,,558.3191879540427,606.5228628513936,31.627634389086865,-48.87331461318149,-41.36039466894883,-7.512919944232664,781.9347532629264,465.5918336511362,39.029279772409424,0,551.2029943077629,606.3357629588605,43.968724646107226
2025-02-27,528.6860662391093,548.584743190456,497.3170114601035,507.4408874511719,71936,533.955813937717,621.7505312832919,683.3999407958985,,548.1435278534686,597.5154105422826,29.47836045122672,-50.42008341975054,-43.172332419109175,-7.247751000641365,775.6491161312335,452.307954791618,40.21531022400711,0,550.978557147859,606.3357629588605,46.38036062744431
2025-02-28,503.70056250197695,523.6490996307681,481.0589606851782,513.8743286132812,116477,526.403086344401,613.4809584184127,677.6657342529297,,541.2896880054312,589.9116758214643,31.161976906772598,-50.54414249550109,-44.64669443438756,-5.897448061113529,768.6929897214038,441.7193485354321,41.5501388483305,0,524.7462739925135,604.5902688290013,48.14366888189415
2025-03-03,523.9981401533851,532.0773336850751,494.7236881970002,504.1493835449219,115639,524.7628716362847,604.4361100630326,671.9674353027344,,533.8616271133294,582.1151037963241,29.99619984316918,-50.84111724696379,-45.88557899690281,-4.955538250060982,756.3163990775233,433.40431625450793,42.341148482920325,0,524.7462739925135,604.5902688290013,48.11160793283956
2025-03-04,504.149395667979,508.1391029267968,487.7417123904706,492.2301330566406,73267,524.502431233724,595.4774045077237,666.4726104736328,,525.5353283019917,573.9437428199892,28.584731644434527,-51.44522722228078,-46.997508641978406,-4.447718580302372,745.3557785601129,424.18699182562926,43.19088132385112,0,524.7462739925135,604.5902688290013,46.60477937276181
2025-03-05,484.9987844421221,537.5133301319285,484.9987844421221,520.60693359375,120399,523.8928934733073,586.8201918168502,661.3209014892578,,524.5496493603434,569.0949419812401,36.27298363220208,-49.06858596667962,-47.411724106918655,-1.6568618597609657,729.7426062272195,422.125762303054,42.50746756260407,0,524.7462739925135,604.5902688290013,42.447648473075056
2025-03-06,523.5493555122216,536.5657631720954,508.9370284337791,525.6937866210938,120227,520.7620815700955,579.1694738214666,656.4434844970704,,524.7784768124935,565.149382403045,37.57045315455197,-46.24157008655811,-47.17769330284655,0.9361232162884364,712.2304276689046,422.7864149824626,41.87286907001752,0,524.7462739925135,604.5902688290013,42.73618895241935
2025-03-07,528.6860701825017,546.5898936557887,527.1899299626409,535.418701171875,79463,519.8643968370226,571.8089169588956,651.9071868896484,,526.9065216843699,562.4465932002114,40.082060457793936,-42.72392548598396,-46.28693973947404,3.5630142534900813,690.037572313719,428.4070230231951,40.80409021758632,0,524.7462739925135,600.0270366751606,40.94082021252997
2025-03-10,538.6104908343118,543.4479866322307,500.9077686515305,511.48046875,98898,515.2873162163628,563.5030725652522,647.1634259033203,,523.8213110974959,557.813309159283,36.21934180160402,-41.3906563711995,-45.307683065819134,3.917026694619637,665.8343746415983,434.327389884769,40.4602298905216,0,522.3025586077966,600.0270366751606,37.02948378199226
2025-03-11,511.43058200002633,521.105633952146,488.7391227304006,503.6506652832031,76701,512.7272542317709,554.5262312455611,642.2710473632812,,519.7871819346374,552.8894324432757,35.03021198468132,-40.49898362196814,-44.34594317704894,3.846959555080801,631.248154070049,448.71571922096666,40.40762631755929,0,514.8218519378171,600.0270366751606,36.87630785554313
2025-03-12,506.1941234286301,604.3409492485949,506.1941234286301,602.5455322265625,1288017,523.294436984592,550.3551746715199,639.0742944335938,,536.3388519930224,557.4036233326655,55.08722247798031,-31.449803522422485,-41.76671524612365,10.316911723701168,610.2366500986647,462.7851333486008,37.68345639981701,0,542.6999549668866,598.4560813356437,41.20443033875584
2025-03-13,598.4561063812733,643.3403143598688,578.5075695018976,618.2550048828125,1844484,534.8922899034288,546.383603182706,636.4191442871094,,552.7220825709805,562.9355671099515,57.34014701960808,-22.74841042886192,-37.96305428267131,15.214643853809392,612.9448321345561,461.0993145939596,36.07310022315463,0,564.1695494009955,598.4560813356437,42.95705016047287
2025-03-17,608.4303420962076,612.4200492574942,580.0036785720405,589.8283081054688,175462,544.4121704101562,542.6500521573154,633.1595532226562,,560.1433276778782,565.3803617459076,52.23414806430674,-17.93949523604431,-33.95834247334591,16.0188472373016,609.099944785047,463.2336123438592,34.57776948768243,0,564.1695494009955,598.4560813356437,43.886791637477344
2025-03-18,589.8283081054688,589.8283081054688,589.8283081054688,589.8283081054688,0,555.2564120822483,541.8226401589134,630.2301098632812,,566.0803237633963,567.6029023240495,52.23414806430674,-13.96738794553437,-29.9601515677836,15.992763622249232,610.6296543420812,462.5018459020595,33.18924809045824,0,564.1695494009955,598.4560813356437,40.794766656936645
2025-03-19,673.2631182840657,681.4420305632854,646.1829551751765,655.209716796875,255835,570.2122768825955,544.0169816450639,628.6152770996093,,583.9062023700922,575.5671581852155,61.40227931080479,-5.480554612110495,-25.064232176648986,19.583677564538487,633.8668344374373,452.8945058945939,33.58913695108836,0,585.0905766468429,598.4560813356437,44.49593578268275
2025-03-20,665.2338271395065,665.2338271395065,634.3135958419872,640.2981567382812,118530,582.9460957845052,546.6737670898438,626.9066857910157,,595.18459324373,581.4517944173124,58.63791483087471,0.0416040873178644,-20.043064923855614,20.08466901117348,647.8275492577351,453.5061970801557,33.589428242125415,0,585.0905766468429,596.311643278656,43.04254289462324
2025-03-21,647.0307820143565,713.1601671569238,644.6369333258061,671.667236328125,603330,598.0848219129774,553.6172180175781,625.8204895019531,758.2878497314454,610.4811218606089,589.6531982273863,62.46613955243602,6.869984299594762,-14.66045507916554,21.5304393787603,668.273853838482,447.6173387884712,34.253625842473056,0,600.9496449436622,597.109563921051,45.20481942841271
2025-03-24,678.2502187036522,690.817771934274,664.136605242623,672.5150146484375,165108,615.977549235026,561.7054415616122,625.0913708496093,757.6543569946289,622.8879004181747,597.1860906293,62.56697544150588,12.20919345670734,-9.286525371990964,21.4957188286983,685.4675010542783,442.2880836625186,34.870380757081584,0,600.9496449436622,597.109563921051,44.442499514382426
2025-03-25,673.2631132930212,686.7782347249864,624.3393392360155,639.0015258789062,155874,631.0165337456597,566.8376575816761,624.5757019042969,756.8819079589844,626.110625510321,600.9874938338096,56.14557905223564,13.579757726884736,-4.713268752215823,18.29302647910056,694.3061810597831,442.9997698679513,34.230715117676496,0,609.6771452927769,597.109563921051,47.44546415385706
2025-03-26,633.3660195762043,668.2759576630817,629.3763123662754,633.7650146484375,207487,634.485365125868,570.469199440696,623.0207141113282,755.9959506225586,627.6415033379444,603.9672684533211,55.19240821890272,14.081079176850722,-0.9543991664025144,15.035478343253237,701.386577473568,444.02845548541626,33.63673988108605,0,645.8338683294107,597.109563921051,46.47297126864276
2025-03-27,627.3814609345385,686.229642484837,625.1372506211796,657.802978515625,367962,638.8795844184028,575.6648864746094,621.4946508789062,755.0012960815429,633.6737983734806,608.8614239135305,58.661753703896416,16.230942625040257,2.48266919188604,13.748273433154218,711.3843821025325,447.14182639356113,33.394827667011945,0,646.5819228644821,597.109563921051,48.86323249188141
2025-03-28,660.2466739415346,669.7222284196314,618.5043263716904,622.1449584960938,143802,642.4703233506945,578.8226484818892,619.6563928222656,753.7380407714844,631.3680303980033,610.0690179664908,52.20449646369309,14.885826149841025,4.963300583477037,9.922525566363989,713.9117619970443,456.08485360354166,32.95853380516899,0,651.4942376311963,597.109563921051,51.029074992827546
2025-04-01,614.5645684334559,646.7315838463446,614.5645684334559,639.0015258789062,72338,647.9340142144097,583.9276622425426,618.0046545410156,752.642661743164,632.8947294941838,612.6992459585285,54.7407739614258,15.00700435907072,6.972041338595775,8.034963020474946,717.7570995679113,464.7522357592371,32.42299072811748,0,663.8623677951898,597.109563921051,50.28813195226959
2025-04-02,639.0014801203082,657.0050210183351,621.6462300914261,634.9618530273438,120731,645.6842515733507,589.7240697687322,616.0756298828124,751.5143960571289,633.3081542008158,614.7231193284208,54.00121131638485,14.608671453823264,8.499367361641273,6.10930409218199,718.7398216957436,476.8507605796472,32.13185975665537,0,663.8623677951898,597.109563921051,50.501866216924135
2025-04-03,618.4045903090246,642.3428325145352,599.6529794236609,607.2333984375,149068,642.0103895399305,593.9676638516513,613.9201904296875,750.2843087768555,628.0932030481526,614.0422356110644,49.097883208823774,11.918150190934398,9.1831239274999,2.7350262634344986,713.8224169366082,493.2684918768683,31.11019943326628,0,656.4065732902923,597.109563921051,46.35897829731573
2025-04-04,606.934184629909,611.8216001145692,577.3105976251878,592.4714965820312,194973,633.2108629014757,597.9823053533381,611.6939343261719,749.0361413574219,620.9688617549284,612.0812593356977,46.66841172574182,8.496784948737059,9.045856131747332,-0.5490711830102732,710.5035434737574,503.77382163854736,29.46900471285093,0,634.0641847797309,597.109563921051,44.19313955670217
2025-04-07,523.6490901285288,574.5178588838716,510.6825412301081,565.0921630859375,175338,621.2749905056423,601.2942158092152,609.0776831054687,747.7048159790039,609.7935220211302,607.8095233129923,42.47077839655432,3.5352923011874964,7.943743365635365,-4.408451064447869,707.3107836541426,510.9064191046464,28.397526813161683,0,598.7303879775473,597.109563921051,47.30297020249869
2025-04-08,581.9985712602472,611.3728043846501,568.5831678533491,603.9918212890625,133041,617.385023328993,605.0844379771839,607.399013671875,746.4975811767578,608.6331818747167,607.4624594926349,49.43030092534978,2.7109013678730207,6.897174966082896,-4.186273598209875,704.4963927861733,520.5781219843346,26.49726811405027,0,598.4560918574725,597.109563921051,50.60873029526387
2025-04-09,603.4432263496594,612.4200677333735,579.0062692495493,583.4946899414062,53787,611.7994316948784,607.7117517644709,605.513876953125,745.2152276611328,603.6054834880546,605.2835713516141,46.25502240895147,0.3990187756584191,5.5975437279980005,-5.198524952339581,696.321949079194,535.9539878104544,24.70818876228502,0,598.4560918574725,599.0794757995229,46.45159286855012
2025-04-11,594.4164904727052,612.3701721730954,590.4766425906109,596.1619873046875,99050,604.9504326714409,610.4728102250533,604.0177355957031,744.0551739501954,602.1167842513812,604.4543364382571,48.45856106959436,-0.4063358163352859,4.396767819131344,-4.80310363546663,682.0784512148981,559.4486178768988,23.04690079278872,0,590.2023848248698,599.0794757995229,46.30553936384797
2025-04-15,602.4457821135003,639.7994276337405,599.9023559705947,635.5603637695312,130575,606.4410332573784,616.1128054532138,602.8128442382813,743.0941024780274,608.8055001550113,607.2821571047366,54.682026895622094,2.110209401564134,3.939456135617902,-1.829246734053768,683.4410465569712,561.3875056891226,21.97126916671303,0,583.8437811242216,599.0794757995229,44.21807007173444
2025-04-16,636.2585857094316,645.0359294515918,612.7192764939782,620.3994750976562,75857,604.3741387261284,621.4195695356889,601.1581127929687,742.0885739135742,611.1242951435403,608.4746405586384,52.07619708317486,2.8483980468735126,3.721244517869025,-0.8728464709955119,683.5250315744591,561.517967693119,21.095817727136307,0,583.8437811242216,600.9496449436622,44.62060480501748
2025-04-17,623.4416228306842,628.3290386090603,610.4252149809749,613.0684204101562,84011,601.9415351019966,621.8978826349431,599.6330480957031,741.0426583862304,611.5131201968635,608.8922569087763,50.81517879193324,2.809477118162931,3.538891037927806,-0.7294139197648746,682.9248628019266,564.4421476961204,20.2141159633476,0,577.8592353408499,600.9496449436622,41.43952824352565
2025-04-21,613.4174984309918,621.347053879013,612.4699307699902,614.0159301757812,72308,602.6951497395834,621.7051974209872,597.6920544433593,739.9275897216797,612.013682192647,609.3580453875949,50.98039545505039,2.822551504400735,3.395623131222392,-0.5730716268216565,682.1795031297931,567.6062695752851,19.39539289697237,0,577.8592353408499,600.9496449436622,39.29506237296968
2025-04-22,619.1028572881145,691.0173087425936,608.62987537466,678.3499755859375,738194,612.2372029622396,625.7289095791904,597.3788623046875,739.1650411987305,625.2809408713051,615.6300390419897,60.64643701077142,7.932689742811362,4.3030364535401855,3.629653289271177,686.7478049105025,565.351993673482,20.174233865569835,0,600.8499249863509,600.9496449436622,40.81613676613227
2025-04-23,682.2399671356953,686.2296745458456,647.3798864638866,660.346435546875,129413,622.8210110134548,628.9342790083451,596.6387719726563,738.2052462768555,632.294039806419,619.6951659969792,57.24458810510675,10.409778447933718,5.524384852418892,4.8853935955148255,689.3812584056202,564.7233680592235,20.897443336410337,0,629.8002382979714,609.6771452927769,39.9327000542764
2025-04-24,657.3042623394505,682.5391482475756,651.319701529076,655.0101928710938,106157,628.4897189670139,628.9252097389915,595.854794921875,737.2685284423828,636.837270419354,622.905622985535,56.23765805405651,11.806204331680306,6.780748748271175,5.025455583409131,686.448045804227,565.9908763149136,21.56899498790509,0,635.0117889960715,611.921354193516,39.86501657610575
2025-04-25,658.3017090519782,664.2364108773854,624.488915099431,630.6729736328125,82501,633.7317504882812,628.4877014160156,594.4454309082031,736.1733038330078,635.6044110620458,623.6117457716512,51.76542224832622,10.824295961400251,7.589458190896991,3.234837770503262,680.3591334483598,567.8955845692184,21.24328926464529,0,640.7469756666023,611.921354193516,40.17849549403756
2025-04-28,628.3789058009723,656.4564955463362,620.050416083264,630.22412109375,123661,637.5164320203993,626.6039234508168,593.1637377929687,735.1576864624024,634.5283530683867,624.2128708009328,51.683788596609936,9.895834831011824,8.050733518919959,1.845101312091867,679.5673741426223,567.8096033964401,20.791691288110847,0,645.4598323565942,611.921354193516,39.72965452062312
2025-04-29,632.36860244186,643.340297436908,612.5197844177598,617.2077026367188,106623,635.4772474500868,624.0899547230114,591.3953002929687,734.1526193237305,631.064222982053,623.5760373314588,49.25786272249606,8.017288201445467,8.04404445542506,-0.0267562539795935,678.6013645405542,567.1198817973363,20.1131311409209,0,649.8235920586268,611.921354193516,39.466048129892194
2025-04-30,623.7907416554029,623.7907416554029,602.4457839010463,605.0889892578125,58770,633.7760823567709,622.5484757856889,590.0577514648437,733.1747814941406,625.8691762372049,621.8953965974908,47.04387130130099,5.487392330944431,7.532714030528935,-2.0453216995845045,673.9578269309637,566.4920204811457,19.13712790778423,0,646.7315463218199,611.921354193516,35.14861973006601
2025-05-02,600.5506578819817,615.1131258331989,597.4586591225711,599.154296875,43397,632.2300686306423,620.9752613414418,589.8802099609375,732.1916516113281,620.526200364764,619.8280238954462,45.95455178052408,2.969323041969119,6.620035832816972,-3.650712790847853,673.6130154512323,564.5377657987676,18.05844732285963,0,644.2379839325824,611.921354193516,33.10389297377424
2025-05-05,603.2935868393237,623.3917615840336,598.8051661559186,606.5851440429688,53895,631.4044257269966,618.647177956321,589.8732287597657,731.331011352539,617.737989100405,618.6241257270392,47.590929253798265,1.5554124267754332,5.607111151608665,-4.051698724833232,671.4225713712532,563.486571695153,17.323822477065814,0,644.2379839325824,600.8499249863509,32.47337846979501
2025-05-06,606.4354916769184,631.8698749627102,598.4560773127484,601.3984985351562,114914,622.854261610243,617.7041570490056,590.2642211914062,730.393932800293,614.4700909873553,617.0581596186861,46.53189971633167,0.0161727028321365,4.488923461853359,-4.472750759021222,669.5391504832862,562.0136571339012,16.913017755197906,0,641.8441668342084,600.8499249863509,32.79754385681448
2025-05-07,588.6314655947305,613.0185027829601,582.4972662648444,608.9290771484375,66071,617.1412217881945,616.3372275612571,592.0645764160156,729.5905407714844,613.3618882195718,616.3191521213907,48.32973956650337,-0.5892387322785453,3.4732910230269782,-4.062529755305524,669.5725324104308,562.1498430778504,15.917391666015227,0,632.51820725621,600.8499249863509,31.86067215603325
2025-05-08,613.7665870505259,622.8930670681787,602.9943892592349,612.2704467773438,46064,612.3923611111111,615.3058000044389,594.4185034179687,728.8120654296876,613.1435999311262,615.9510879992047,49.146802245594856,-0.7903009548340378,2.620572627454776,-3.410873582288813,669.4659849477048,564.2362855601077,15.331389235224467,0,623.3668385711148,600.8499249863509,30.973673931128264
2025-05-09,600.1517004493908,617.3573122538158,582.497234422274,610.52490234375,44083,610.1536865234375,615.4554138183594,596.1071459960938,728.0631762695313,612.6198604136509,615.4577983941633,48.71343651807357,-1.07806776829284,1.8808445483052525,-2.9589123165980924,665.9311267849729,572.3144176486209,14.442703188974528,0,619.4768649843052,600.8499249863509,32.184834945660874
2025-05-12,618.6041200568613,647.7788542644175,618.6041200568613,632.41845703125,80995,610.3975016276041,617.2711847478694,597.6780932617188,727.5135681152344,616.5795797371708,616.9996764520803,54.17179662104085,0.4552539656729095,1.5957264317787838,-1.1404724661058745,667.1438118193043,573.9443961885081,14.20379570694371,0,615.1380443433458,600.8499249863509,34.211751289349785
2025-05-13,629.4261858437098,647.3300095310124,629.3763266780721,644.0385131835938,35654,613.3787027994791,620.8596552068537,599.68890625,726.9638430786133,622.0713664264554,619.4577525185815,56.79977177677062,2.578342379472133,1.792249621317454,0.786092758154679,667.8451584406057,579.2974318914255,13.981953045057953,0,615.1380443433458,600.8499249863509,29.609340538278826
2025-05-14,642.2930003121688,661.2939686847299,642.2930003121688,649.9232788085938,60601,618.3602905273438,622.9474487304688,601.6338879394531,726.4990222167969,627.641748902883,622.2273458176735,58.1098755614272,4.681787911600054,2.370157279373974,2.31163063222608,670.0518709136032,582.4668485688186,14.204515852441425,0,621.8956015535019,600.8499249863509,28.19156770189326
2025-05-15,655.0101742208273,655.0101742208273,642.9911937778317,647.4796142578125,41600,623.7297702365452,625.8558543812145,604.0496557617188,725.7940911865235,631.6093219738689,624.5230065849589,57.33234676851913,6.081496636007159,3.112425150700611,2.9690714853065483,671.4969626439673,582.2136818872826,14.41118131644036,0,621.8956015535019,600.8499249863509,26.82010582507155
2025-05-16,643.3402652984827,669.2733612640029,643.3402652984827,648.3772583007812,121894,628.3733384874132,628.2292757901279,606.8683831787109,725.0540908813476,634.9629092392514,626.691574922761,57.55700369785116,7.180436652733761,3.926027451107241,3.25440920162652,673.7885575483017,582.7198653032608,15.04145438855758,0,625.8852978431385,600.8499249863509,25.83336298132625
2025-05-19,648.3773111614273,670.2708426774806,645.4348897806004,662.6405029296875,93861,635.1780056423611,629.4601912064986,609.843706665039,724.4274523925782,640.4984279773387,629.9596592870271,61.0650072241946,9.097409893754502,4.9603039396366935,4.137105954117809,678.1447359741942,583.3208951293213,15.657109516468967,0,626.3840385498772,629.8002382979714,25.00692536945539
2025-05-20,673.1633606960244,682.6887743051025,638.0539257328264,645.6842041015625,130269,639.2619086371528,630.6094970703125,612.6744030761719,723.7307107543945,641.5355832021835,631.3891633610758,55.22167017592,9.142998596085476,5.796842870926451,3.3461557251590257,679.4921022640464,585.1403562320473,16.606075461337692,0,632.5930043636882,635.0117889960715,25.99366362325023
2025-05-21,650.3223005501986,694.4584382792573,640.9464638904116,679.696533203125,377376,646.7536960177952,633.6380476518111,616.4237310791016,723.2027871704101,649.1677732023718,635.7807424376258,62.89217604434383,11.78775675449117,6.995025647639395,4.792731106851775,679.8390675194021,584.9280467384103,17.82206478741143,0,638.4778363507656,638.4778363507656,28.29130766857088
2025-05-22,698.1987786399944,791.9070411773683,691.3664292288296,778.4916381835938,2117964,665.4166666666666,641.1142161976207,621.5814251708985,723.2215823364257,675.0325461986163,648.7544602327139,75.83883532563131,21.606618310037447,9.917344180119006,11.689274129918442,718.5074388488135,558.0741956726708,20.706913325960706,0,705.2555806171149,687.2021377998212,35.04531061597199
2025-05-23,786.969733240394,796.7445035562264,758.2937131761845,765.7744140625,350530,680.2339952256945,645.0880543101918,626.3830377197265,723.1148425292969,693.1809197713931,659.3926378536034,72.34008595704776,28.038749874551627,13.541625319005531,14.497124555546096,742.156033336255,545.5020233043701,23.443653067862837,0,713.0604151171492,689.6208689892502,36.03561025539535
2025-05-26,758.0443821847431,781.5337715886632,757.1965937401193,767.8191528320312,137098,693.9873996310764,649.9731778231534,631.0310467529297,722.9976770019531,708.1085663835207,669.2495937607332,72.55928907478052,32.92175234261447,17.41765072372732,15.504101618887148,763.2488018814834,538.1238726790634,25.93130510141296,0,717.3992146445264,689.6208689892502,35.38728026957978
2025-05-27,770.6618309995586,807.7660587577238,756.0495042249731,788.416015625,258376,709.3754814995659,656.0370788574219,636.5697576904297,723.136999206543,724.1700562318166,680.082904839303,74.73159808948442,38.01534444389631,21.53718946776112,16.478154976135194,786.3156030855223,530.8762609281496,28.56423601764692,0,722.9099922452751,695.1316465899989,36.90123155633943
2025-05-28,785.9723326152592,817.9897091230919,778.3919131493984,795.9964599609375,235597,725.8773532443577,663.5517827814275,642.4166735839843,723.3182040405273,738.5353369776408,690.6205007594515,75.50031256604838,42.17753501792254,25.6652585777934,16.512276440129135,807.4986296172217,527.572110128872,31.12470943479274,0,728.0218174279591,700.2434717726829,38.30831142525012
2025-05-29,804.8236893678263,805.9208344694536,778.9903115354496,781.8828735351562,77569,740.7113104926216,670.4453624378551,646.0034204101562,723.2852893066406,747.2048442891439,698.9170801026974,71.15972094670602,43.83198472693573,29.29860380762187,14.53338091931386,821.9513339413269,530.7987942325013,33.502291893571005,0,728.0218174279591,700.2434717726829,37.74191464685456
2025-05-30,785.9224413895115,836.8410661976714,782.48130683203,825.7696533203125,349066,758.8367716471354,679.9254511052912,650.1537133789062,723.2837231445312,762.9178060953776,710.4491322133896,75.8157332043033,48.12963590942934,33.064810227983365,15.064825681445974,842.9320570076471,532.4796068107122,36.04656812342756,0,737.4474959652489,709.6691503099727,39.00650327127224
2025-06-02,867.2127621120044,907.658407547426,849.807651901546,891.6497192382812,805338,786.166273328993,692.9509388316761,656.1901416015625,723.6364364624023,788.6641887239584,726.921912852016,80.82116796633434,56.20364553122749,37.692577288632194,18.5110682425953,876.9186422446696,526.999479093221,38.95199908588725,0,774.3024357189188,745.07782098485,43.57329408371319
2025-06-03,897.5345049619137,901.6738506407644,867.7613385591427,871.35205078125,176500,807.4613308376736,705.323564009233,661.8206164550782,723.9608053588868,805.2017611354169,740.0519253910373,75.62759785140176,60.26975193314399,42.20801221753456,18.061739715609438,899.1838669278751,531.7296096346248,41.6498992653141,0,799.5124183881278,745.07782098485,44.63840434864609
2025-06-04,871.202450998226,897.7339795380285,859.8317611222532,885.96435546875,122196,819.4027438693577,718.0226190740412,666.4357092285156,724.4341168212891,821.3542800020836,753.3166917617385,76.78419437869253,63.93426698740166,46.55326317150798,17.381003815893678,920.8268960998196,537.7901082947117,43.76409753600515,0,831.8539558861996,745.07782098485,46.4872070609875
2025-06-05,885.9643574946216,887.51035686318,866.2651781413778,874.8929443359375,87279,831.5270250108507,730.4541847922585,671.1276049804687,724.8500811767578,832.0620128688545,764.369078359393,73.9218282096627,65.19354066333483,50.28131866987335,14.91222199346148,936.1703391362372,548.7089150141535,45.72728164450399,0,831.8539558861996,745.07782098485,46.15235582929336
2025-06-06,877.1870297824678,887.510373027146,861.9762707643264,869.0081176757812,75174,842.7702433268229,742.2759593616832,675.0744226074219,725.1328756713867,839.45123383024,773.8817182972465,72.37738610520971,64.96775989907246,53.21860691571317,11.749152983359288,946.5112681649566,564.2163075186372,47.31709947650015,0,831.8539558861996,745.07782098485,46.20222364114618
2025-06-09,875.6908896384931,916.6352484633294,869.3571927985284,911.0496826171876,250388,856.3962063259548,755.8568337180398,679.8451159667969,725.5462649536133,853.7709235876296,786.351533235423,76.20261974088554,67.40423587796397,56.05573270816333,11.348503169800637,963.3074115954146,575.2832866467729,49.07311267890872,0,847.513580806364,749.5662414428017,46.41595808509419
2025-06-10,912.7452281909945,918.6300705839774,902.7709603236332,910.3514404296876,118534,869.1023152669271,769.485312721946,685.2721142578125,725.9176007080079,865.0870269560412,797.6242520712652,76.01434128659668,68.48931613275965,58.5424493930826,9.946866739677056,976.981585102182,588.240405864615,50.7216448943462,0,848.8101910597135,750.5636525031257,43.72646779020123
2025-06-11,903.6687074625816,922.1709629728672,889.2558776017136,896.7864379882812,104495,881.8693779839409,781.5020391290838,690.5325427246094,726.2099160766602,871.4269091624893,806.6389962455394,72.27809174606497,67.47683675150154,60.32932686476639,7.147509886735151,985.1549224725306,604.7533844122349,51.49923542395356,0,852.3261349024485,752.3340986975707,38.06250903283768
2025-06-12,897.6841333578108,906.5612563611452,884.7175847648647,896.6867065429688,94280,889.7490505642361,792.9860479181463,695.3102172851562,726.3969918823242,876.4788686385853,814.8251517271239,72.24997435925313,65.9066610896192,61.44479370973696,4.46186737988225,989.4111207919128,625.4178953213686,51.971135736515535,0,885.9893074372067,752.3340986975707,36.876286262569
2025-06-13,860.081135749053,941.670637547964,860.081135749053,926.7591552734376,241047,893.6500990125868,805.5694968483665,701.4025012207031,726.5913754272461,886.5349259655558,825.0009702313342,75.36233037059208,66.32433520094946,62.42070200797946,3.903633192970005,994.4831381904984,648.1840676200486,52.86696672418311,0,900.7511993351086,762.0839359851191,40.96573797330951
2025-06-16,931.4968983906864,944.5631649163251,873.7458632172131,912.6455078125,155073,898.2382609049479,817.6224920099431,706.875380859375,726.5716394042969,891.7570423349447,832.9686554659856,71.31946647531714,64.76986486164992,62.89053457871356,1.8793302829363652,994.38412816085,673.283578137978,53.73274310604337,0,902.1974630192892,781.5836424865932,42.33007705662103
2025-06-17,917.6326591363538,924.6146467602172,867.7613189658998,871.2024536132812,163238,896.5980495876736,827.7509099786931,711.6001928710938,726.3688204956055,887.6461245906121,836.444455297558,60.9754951243704,59.50785825101718,62.21399931317429,-2.7061410621571014,979.5803095725277,710.6392216774724,54.1953440486074,0,902.322150332689,786.9697457971986,43.56261504380846
2025-06-18,872.5489690022076,887.7098688251793,851.0045740651069,869.4569702148438,102497,895.9940524631077,837.1516584916549,716.8446643066407,726.2000662231445,884.0082937154584,839.4455930173112,60.57698849124949,54.56781042741511,60.68476153602245,-6.1169511086073385,964.4511365021538,744.7444384490182,53.7057353029089,0,897.783869490716,791.3085453245758,44.26081303138477
2025-06-19,865.7664476395885,873.7458619035478,837.8384977157308,858.1361083984375,124553,894.7860514322916,846.8085632324219,722.1579565429688,726.067008972168,878.8338566520544,841.1447307792317,57.9324460851707,49.17245850701738,58.38230093022144,-9.20984242320406,962.427128942216,754.7328930304403,52.581330645390544,0,891.2008313160279,791.3085453245758,42.90003956890634
2025-06-20,857.7870528034273,872.748454887208,842.8256507196465,860.1309814453125,108100,889.12841796875,855.0101290616122,728.0587329101562,725.8939190673829,875.0932816107061,842.8707535670572,58.27808887864387,44.544096208370775,55.6146599858513,-11.07056377748053,957.519785799236,769.0758929117015,51.53724060626636,0,891.2008313160279,791.3085453245758,39.18818599322405
2025-06-23,843.3243753883032,862.7741983570459,843.274516222978,851.9022216796875,50024,882.6340603298611,858.3469737659801,733.0169409179688,725.6814270019531,870.4550696245024,843.6917961227509,56.22588569898752,39.75383612176449,52.44249521303395,-12.688659091269455,950.6374112540668,784.3665743416365,50.567728427079615,0,891.2008313160279,791.3085453245758,38.158698139827344
2025-06-24,865.7664532482742,893.6944033530572,847.8127710380566,884.9669189453125,106842,881.3207804361979,863.764814897017,739.0463854980469,725.6088818359375,873.3574394886645,847.444080015711,62.01418933256844,38.18538784579209,49.59107373958558,-11.405685893793487,946.9005109709796,797.7585649567549,50.36450354520751,0,891.2008313160279,791.3085453245758,38.72865627548629
2025-06-25,887.709832752793,905.6635147635236,869.6564324154647,873.3468627929688,82820,878.7274644639757,868.5615289861506,744.5900830078125,725.562825012207,873.3553241495254,849.7988784500072,59.058591227052105,35.5944294425409,46.79174488017665,-11.197315437635751,941.552901050998,810.8412151599395,50.40559267703969,0,891.2008313160279,792.7548144033683,39.78307796307605
2025-06-26,866.0157985904824,879.6805576024854,848.8600458611554,852.550537109375,70962,870.4820624457466,871.4767345081676,748.9298864746094,725.4170156860351,869.1943667414953,850.0490292372225,54.08998859260696,31.49987560264094,43.73337102466951,-12.233495422028568,929.3678234072,830.0930591611593,49.33044662407774,0,891.2008313160279,817.9647970725773,40.16067864011251
2025-06-27,859.682185147242,873.39680367717,841.8282210370407,867.9608154296875,77348,865.5170966254341,874.747841574929,753.88111328125,725.4569790649414,868.9476564791338,851.6773734365374,56.978320502811954,29.16222883507885,40.819142586751376,-11.656913751672526,924.9826851543072,838.6973136249898,47.9817381805947,0,881.226572237974,850.3063345706491,39.013639486725445
2025-06-30,867.7613327100593,886.3134471960681,848.9598615192486,867.6116943359375,96901,865.1181233723959,878.6446061567826,758.9719787597656,725.5193295288086,868.6804640504946,853.1259480637556,56.890996521270445,26.970555994495044,38.04942526830011,-11.078869273805068,923.9690317172012,837.3071645718613,47.06167951696981,0,871.7510062396273,850.3063345706491,40.54895915933082
2025-07-01,871.7510147470275,886.1139848789966,862.7243144701754,870.6538696289062,58858,865.2511121961805,880.6847978071733,764.1047375488281,725.4473681640625,869.075145166177,854.7193954787692,57.50219631657656,25.188757285277347,35.47729167169556,-10.288534386418211,923.9667351181116,837.2396430557167,46.20733932931812,0,871.7510062396273,850.3063345706491,39.86857237630708
2025-07-02,870.6538677805975,878.3340053473421,854.9942550300652,871.1026611328125,58616,866.6918402777778,879.7508406205611,767.9597912597657,725.4998065185547,869.4806483595041,856.2087832655004,57.597706491286864,23.54151081215332,33.09013549978712,-9.548624687633795,923.3460023127234,836.3742064275109,44.985875924238016,0,873.7458679002822,861.4775390328618,39.97543514209253
2025-07-03,871.1027011188658,907.5587006038892,866.265205325228,900.9756469726562,166518,871.2301364474827,881.0973677201705,772.7723754882812,725.7302209472656,875.7796480821346,860.2784981479691,63.48100238854892,24.36568397499616,31.345245194828927,-6.979561219832768,925.57746385108,836.7510151528264,44.62643130138829,0,874.6934608204649,861.7767382258874,37.09714896207469
2025-07-04,909.9026275325466,909.9524866985284,877.8353305310766,885.7150268554688,103434,874.9871148003472,881.086034601385,777.3864721679688,725.7711325073242,877.7667238368015,862.5909098486509,58.97898787204176,23.516360671863826,29.779468290235908,-6.263107618372086,926.077318182158,837.921851739717,44.34977676362983,0,875.8903538677846,863.5222358741776,34.33285285267039
2025-07-07,877.7356196647085,881.2764727729626,824.6724995729942,828.013916015625,249075,868.6590033637153,878.9551696777344,781.333291015625,725.5310025024414,867.8161622725662,859.4475467729213,45.763598633743776,17.98000610045517,27.419575852279763,-9.439569751824592,925.870419674598,829.8251735871207,41.6642911241433,0,867.3124931357613,884.6178322446597,34.63208138753877
2025-07-08,830.3578151063264,843.8230769729154,812.9527051846336,826.8668212890625,121003,863.4945543077257,877.0396562056108,785.2661450195312,725.3098233032226,859.6262940758654,856.485662638025,45.54511233191784,13.345999878566316,24.604860657537078,-11.258860778970757,924.2458848008426,823.1012465468135,38.757050587567925,0,861.452595941581,878.7579350504793,34.215301175268
2025-07-09,824.8719640694896,851.5531309846756,824.8719640694896,847.1644287109375,80510,862.8960978190104,874.135781028054,789.8652795410156,725.3432366943359,857.1339210028799,855.6382777355625,50.086152487395445,11.182459414973096,21.920380409024283,-10.737920994051189,921.8592190340964,820.5257113858254,36.31989339564503,0,861.452595941581,878.7579350504793,33.556287084365785
2025-07-10,847.1644078272709,855.7921737907366,838.8857777622577,854.395751953125,47954,861.3888685438368,871.5923406427556,794.8514147949219,725.5374850463867,856.5862871929289,855.52532084625,51.63361354042857,9.936800114783068,19.52366435017604,-9.586864235392971,918.7856246509384,819.3702103099989,34.20284928265856,0,861.452595941581,878.7579350504793,32.62654364585988
2025-07-11,846.8153304866056,856.7895982190744,843.4240551063266,847.9124755859375,36955,859.2000664605034,869.3707968971946,799.8265783691406,725.7519317626953,854.8515248715306,854.8332440044035,50.13294982440398,8.33043189172713,17.28501785848626,-8.95458596675913,907.5534980706648,822.7176689215227,32.27303695565972,0,861.452595941581,878.7579350504793,32.18839085862273
2025-07-14,845.4688612956295,856.3906361813524,838.6364511085682,850.0071411132812,46554,856.9059855143229,867.2489984685725,804.6950183105469,725.8918206787109,853.8826481198809,854.3945073779378,50.63217865466058,7.144043418388833,15.256822970466777,-8.112779552077942,898.4860361779931,825.5212941442726,30.273049633728863,0,861.452595941581,878.7579350504793,30.179287484178708
2025-07-15,855.692466674019,872.74844041547,847.2641981309582,867.4122314453125,57484,856.4959377712673,864.5514110218395,810.01529296875,726.1319512939453,856.5885647849673,855.5779368386083,54.691144101985365,7.521563433931078,13.709771063159636,-6.188207629228559,898.1343462541882,825.4939618512805,29.037372743227348,0,861.452595941581,878.7579350504793,29.4276560510682
2025-07-16,872.748462297818,877.7355963680913,864.1706160481887,874.0451049804688,40790,853.5036553276909,862.7968472567471,815.3176135253906,726.4182125854492,860.0798728240676,857.2567703060502,56.17008935101824,8.260743518041409,12.619965554135993,-4.359222036094584,898.6240378678234,825.4630837142078,28.07008148424474,0,861.452595941581,878.7579350504793,28.19511809239481
2025-07-17,875.7407549961018,910.1519805625774,874.6934690023078,895.3900756835938,130263,854.5786607530382,863.8962846235795,820.9800061035156,726.8800213623047,867.1419133959728,860.7234344312814,60.62434667630032,10.448466391960778,12.185665721700952,-1.737199329740173,903.3322795703272,824.4802387402198,28.18974525334457,0,861.5523428736055,878.7579350504793,28.519281873964765
2025-07-18,894.7417299155278,899.6790049230431,871.7510535507091,874.6436157226562,44902,859.7597384982639,864.132041237571,826.2623803710937,727.2286221313476,868.6422538613094,861.98890545777,54.79549875513762,10.388435183566912,11.826219614074144,-1.4377844305072325,904.2988197805108,824.9649619577706,28.150573775983272,0,861.5523428736055,878.7579350504793,27.84602228078723
2025-07-21,874.6436166898053,887.7098838879258,858.136153854351,877.88525390625,54634,865.428453233507,865.0297296697444,831.1717163085938,727.6318322753906,870.4908538702977,863.4340280439955,55.51520042713442,10.481607679572562,11.557297227173828,-1.0756895476012662,905.5444670787554,826.317617882182,27.43253707004321,0,867.5119723160335,878.7579350504793,28.287740825412488
2025-07-22,873.2471971739097,900.2774401480974,868.7587764003146,889.4553833007812,83825,870.1274481879341,866.3626570268111,836.0800537109375,728.0836666870117,874.2837597563945,865.7996057946123,58.08054004775484,11.358130838348076,11.517463949408675,-0.1593331110606026,906.2706521979408,826.0402791985437,27.17051233163822,0,874.3942158355728,868.7836759724254,28.87194892759149
2025-07-23,892.7468236905937,926.6094749116947,879.3314213776624,919.9765625,166284,877.4142049153646,869.4569452459162,841.4811193847656,728.7728881835938,883.4223203051156,870.7247836769202,63.98131276315849,14.350166060251128,12.084004371577167,2.266161688673959,915.2340006137812,821.7399007534062,27.662470863477445,0,882.6229630101315,869.7810900481642,29.299417374403703
2025-07-24,927.6069189515824,930.49948100708,901.1751088954352,906.7108154296876,157017,883.9473537868923,870.4453041770241,846.6657434082031,729.4857989501953,888.08001933003,873.9962411089899,60.02628308139826,15.47258231043213,12.76171995934816,2.7108623510839696,920.2717883455772,822.1181408536415,28.2183427637186,0,884.5679660578242,871.7260930958569,29.09993279898892
2025-07-25,902.8707892605446,902.8707892605446,873.3469182200794,876.5386962890625,82805,886.8953043619791,870.5903875177556,851.2289721679688,730.1221572875977,885.7717547218366,874.2273733980874,52.13283545693604,13.76874984211463,12.963125935901456,0.8056239062131745,920.7315946249208,822.5161226602356,27.38562110379167,0,888.8818395690191,871.7260930958569,27.12288779378418
2025-07-28,868.7587194478242,886.5129038349728,857.9366633099605,871.0029296875,73512,887.2942708333334,871.4291326349431,855.396220703125,730.6201223754883,882.8179897149694,873.9342421516703,50.812594235171645,11.835329919039168,12.737566732529,-0.9022368134898304,920.8662326915272,822.7206081287852,25.97325389278329,0,894.2180721585203,871.7260930958569,26.959021274979214
2025-07-29,870.75358736937,904.0676664951084,853.9469703149126,893.7442626953125,146947,889.4830661349827,872.6011075106534,860.357421875,731.2165832519531,885.0032443110381,875.7351531101832,55.76822704622087,11.999790106209616,12.590011407265123,-0.5902213010555073,922.9848777630336,822.9110023639196,25.22974913458976,0,892.2232256609964,871.7260930958569,28.63327336533706
2025-07-30,887.7098618403927,907.6583980615252,876.5885285458709,897.5844116210938,129496,889.7268812391493,873.9635037508878,864.7151794433594,731.6227853393555,887.5194777730493,877.7214493384478,56.56404081934826,12.298227601847657,12.531654646181632,-0.2334270443339754,925.49093529977,823.0531198760112,24.651569617963904,0,892.2232256609964,871.7260930958569,29.64495004299245
2025-07-31,867.7613490693179,896.1880139526232,857.7870806892108,884.3685302734375,85751,890.8074273003472,874.5868974165483,866.8327172851563,732.0244995117188,886.889288273127,878.3257294234468,53.02801657544313,11.337637069536186,12.292851130852544,-0.955214061316358,923.359719688722,823.5236238171373,23.32020513858241,0,892.2232256609964,871.7260930958569,31.53293488721639
2025-08-01,882.7227242053476,886.4630747316414,829.1110333284691,835.1953125,110541,886.0641004774305,872.9547452059659,868.2211352539063,732.2284732055664,876.5504931185017,874.4047824304062,42.40575899204501,6.533183957513188,11.140917696184673,-4.6077337386714845,923.272038577635,818.5593334926774,22.24670815312027,0,879.8052571677746,871.7260930958569,34.36135319652982
2025-08-04,831.5048637529352,847.1145564129482,803.1280595411151,836.4420776367188,167069,880.1737331814236,870.0214011452415,869.59359375,732.446410522461,868.5288100221452,870.9536274491619,42.71906035444233,2.794016100509793,9.471537377049698,-6.677521276539904,922.3581577842956,820.3160304481262,22.011992780593545,0,866.8137702740976,866.8137702740976,35.68294280990991
2025-08-05,841.828248773904,846.5161670742133,806.8684503813665,809.96044921875,95323,867.949720594618,866.5780112526634,870.024482421875,732.5553793334961,856.8151378614663,865.408793064579,37.99171971289954,-2.279866579778286,7.121256585684101,-9.401123165462389,925.052516280504,815.9310347448867,21.794042791818725,0,866.8137702740976,866.8137702740976,37.54599540797735
2025-08-06,812.9028429120043,817.9398360820353,789.513172250143,797.741943359375,70547,855.8420681423611,865.2020124955611,870.0593920898438,732.607744140625,845.0004989610482,859.2572612731967,36.01158152912544,-7.203845026566341,4.256236263234013,-11.460081289800351,930.8762039856124,805.1650985046219,22.07021880769268,0,848.5857851558342,860.0063266286115,36.99740885439047
2025-08-07,785.7728375979445,798.9388838139445,773.2052840015502,791.857177734375,92000,846.4330105251736,863.6106650612571,870.2588781738282,732.6551220703125,834.3718347157136,853.1299809514857,35.06368729155929,-11.44900779084128,1.1151874524189545,-12.564195243260231,936.2506173468804,793.5368277214789,22.736604268184603,0,840.4318410315377,851.8523825043151,36.84066945725192
2025-08-08,799.8365958971372,803.8263032000223,776.2972862832536,782.18212890625,47514,836.5640326605903,860.656924161044,869.3871276855468,732.6259475708008,823.9338935538209,846.6801762201005,33.5023331504174,-15.41631575722215,-2.1911131895092666,-13.225202567712884,941.7687547519396,781.4456556484511,23.127215350650363,0,840.4318410315377,851.8523825043151,36.6946185203372
2025-08-11,786.0720172890776,800.8838414296392,770.0633297205951,781.8828735351562,99869,824.1349894205729,857.3608842329545,867.1917907714844,732.5501431274414,815.5236895500881,840.789512339651,33.45271407524757,-18.372793187753476,-5.427449189158108,-12.945343998595366,945.8753455184412,770.526638124137,23.65564406876701,0,838.8608638910601,850.2814053638376,36.64475051757015
2025-08-12,781.882920047389,829.8591264436728,766.0238090249287,796.0962524414062,556516,812.8585272894966,855.0056013627486,865.6866748046875,732.5887936401367,811.6382021283518,836.7264887125377,38.13901834724512,-19.34591430248304,-8.211142211823095,-11.134772090659943,946.436026122651,762.8343596195365,22.8482326441863,0,831.105911488776,848.2616450160044,37.82741222362099
2025-08-13,802.9285906696709,836.7413842429015,783.2792701261095,793.702392578125,527076,802.7845119900173,852.4462946111506,863.841435546875,732.6805569458007,808.0510402183065,832.815207245773,37.658019884525984,-20.078828050382185,-10.584679379534911,-9.494148670847272,945.8114123636344,755.4247021383186,21.82251052909405,0,826.243441878285,848.2616450160044,39.55153665256008
2025-08-14,800.0360435130008,834.5470486823046,793.1039756818135,824.7722778320312,354129,801.6263970269097,850.508114901456,862.8390222167968,733.0623223876953,811.3952877410516,832.0840318445237,47.00067149897732,-17.945720304973065,-12.056887564622544,-5.888832740350521,940.5104345878756,753.6639001289215,20.87005427936553,0,806.5691827189385,848.2616450160044,40.12862063762314
2025-08-18,842.7259207272781,887.6599855214066,829.759372434121,882.6728515625,283889,806.7631496853298,850.9002852006392,863.1123168945312,733.6418273925781,825.6508005053413,836.6830154552488,59.25504918021189,-11.451123223318971,-11.93573469636183,0.4846114730428574,941.4777855536216,753.4994727471596,20.59685949614872,0,826.8418972731677,848.2616450160044,42.57943972079193
2025-08-19,885.5653588957372,910.2516721641526,875.1422975515533,903.9678955078124,217519,817.2084214952257,851.29018610174,862.9706811523438,734.3198281860351,841.3142195058356,842.7998227327546,62.67342200788553,-4.533516611305117,-10.455291079350488,5.9217744680453706,945.2491923534708,752.3363301074667,20.91982258231585,0,838.1377405945407,848.2616450160044,41.50720246596362
2025-08-20,903.967918623387,917.133964878834,899.6789954548216,911.9971923828124,112908,829.9034491644966,852.988075949929,863.0035961914062,734.9132971191407,855.450814081231,849.0904927009416,63.90312134183316,1.5784383666123176,-8.048545190157927,9.626983556770243,948.8714074815032,750.9682958876373,21.38520329063396,0,841.5788869518814,848.2616450160044,40.53470960227492
2025-08-21,901.8234692155602,926.5596417799004,889.205995793332,895.6892700195312,132789,841.4403483072916,853.7973494096236,862.9816528320313,735.3780981445312,863.4985052688911,853.3267451844497,59.60785537806056,5.048102296210573,-5.429215692884228,10.4773179890948,944.5854588126798,752.8255153084139,21.37808559934645,0,846.2917254024146,848.2616450160044,40.36016067760959
2025-08-22,899.6789961452845,906.062552176492,882.2738858735054,892.5972900390625,78392,853.7086995442709,853.9401633522727,862.8998645019532,735.8576113891602,869.3182622229255,856.8967947166873,58.80085387603959,7.462318056898766,-2.8509089429276284,10.313226999826394,942.2765761818996,753.7230454001316,21.08338530481386,0,846.2917254024146,848.2616450160044,37.962776741882045
2025-08-25,892.6969777667177,895.9884740007404,852.9994036684659,858.18603515625,138932,862.1868286132812,851.1315030184659,861.5284020996094,736.1890063476562,867.0918168095905,857.0139983930112,50.59169604120246,6.523699610297285,-0.9759872322826456,7.499686842579931,940.5430792274452,753.6212762413048,19.70949922738862,0,846.2917254024146,848.2616450160044,37.89153198905643
2025-08-26,856.7896116327751,859.9315303689315,842.9253549163482,848.0122680664062,72281,867.9552747938368,848.4633872292259,860.2357373046875,736.3353787231446,863.2759070609536,856.1956592724107,48.43855672387679,4.902388072484769,0.1996878286708372,4.702700243813931,938.7178518232548,753.1474374833857,18.507342594865865,0,854.9194559530049,848.2616450160044,36.274279043323325
2025-08-28,841.828242939694,853.6976465456532,834.3974008945229,837.6390380859375,50456,872.8371242947048,846.6952209472656,859.5644689941406,736.4478387451172,858.1485332659504,854.5086937100041,46.2760090578881,2.7487679453009832,0.7095038519968665,2.0392640933041166,933.178413352523,753.0763534931802,17.67273309708637,0,859.8318087308569,848.2616450160044,35.62239203041177
2025-08-29,834.8462592743621,869.7561984315935,830.3578385255752,857.5377197265625,92121,876.4777289496528,846.0831659490412,859.326083984375,736.8099047851563,858.0263705580728,854.7840597115094,50.81253994354538,2.6174929572119936,1.091101673039892,1.5263912841721017,927.7950775878336,754.4550200684165,16.50353306694469,0,878.1595071070108,848.2616450160044,36.59844632281348
2025-09-01,857.5376681067171,868.0605083864924,852.6502525676638,860.3803100585938,48808,874.0007798936632,844.5666226473721,859.3709680175781,737.0577648925781,858.497158458177,855.2928097430624,51.44332184971633,2.711572546224943,1.4151958476769022,1.2963766985480407,924.7195559419253,755.1317196928405,15.417847324670277,0,878.4587401527378,848.2616450160044,35.73282053010348
2025-09-02,860.3803656419766,916.6352636259762,860.3803656419766,901.9232177734376,192299,873.7735934787327,844.7638411088424,860.2068127441406,737.599118347168,867.1823703212291,859.5319377458238,59.59781516332906,6.068344662490745,2.345825610639671,3.722519051851074,932.4115041277132,754.1125620343963,15.894826338149306,0,878.4587401527378,846.2917254024146,37.54956637712765
2025-09-03,909.6532386152732,914.3411567355114,887.7098490872731,895.639404296875,62988,871.9560614691841,845.2761535644531,861.0815563964844,738.1801193237304,872.8737771163583,862.8144347050103,58.01084670555804,8.12786653137789,3.502233794787315,4.625632736590575,938.300692836986,754.1431059911389,16.33773542209412,0,878.4587401527378,846.2917254024146,34.8921371078058
2025-09-04,922.5200897743208,933.541643954982,883.3211670626198,892.0985717773438,188292,871.5570949978298,847.8626653497869,861.224189453125,738.8848016357422,876.7187360485553,865.4766289843134,57.08837632480446,9.366367207365217,4.675060477302895,4.69130673006232,942.9233804422304,757.7342306417542,17.239075554402138,0,881.9497412402786,849.7827264899554,34.660591591775095
2025-09-05,895.6892459416457,972.2916102563582,886.4630482523804,956.9312744140624,647598,878.7053154839409,853.3394470214844,862.8958776855469,739.8158993530274,892.7612437216568,873.7906876597451,67.33174111026344,15.401802793961224,6.820408940634561,8.581393853326663,958.8728621239158,757.7036820655375,18.891302151715955,0,901.3247243909668,869.1577096406435,37.83098366345272
2025-09-08,971.4937021241024,976.4808361185792,933.8906996301264,940.9225463867188,298487,887.8982611762153,859.2922696200284,864.6633178710938,740.5814242553711,902.3935042546692,879.8935839076518,63.3128439144438,18.677851769381164,9.19189750638388,9.485954262997282,967.6819695736024,763.8011114810852,20.50371815328957,0,903.4193373220772,871.2523225717539,36.38115714910111
2025-09-09,945.5606369348938,952.24340888632,929.202812535412,932.8434448242188,152422,897.3239474826389,865.4332469593395,865.9609704589843,741.4651446533203,908.4834923685792,884.7072076273396,61.323522001649295,20.38721706115598,11.430961417338304,8.956255643817677,971.4118263521272,775.1373862943572,21.782212021011613,0,903.4193373220772,871.2523225717539,35.519101558980296
2025-09-10,942.169343427978,958.5271675162282,927.0085045693284,939.1770629882812,318812,908.605950249566,872.1296053799716,867.3922778320313,742.4506021118164,914.6222064925196,889.6590126601524,62.32297716553231,21.99937630784325,13.544644395439292,8.454731912403957,973.47788407012,788.8007475216768,23.102713382368485,0,903.4193373220772,871.2523225717539,36.5236510963294
2025-09-11,949.5503283932428,957.3302453788276,942.5683406844688,954.437744140625,137209,919.3726196289062,879.9594060724431,869.0679553222657,743.499895324707,922.5853140221408,895.5479882492863,64.6906048007359,24.22913516788105,15.681542549927643,8.54759261795341,977.7749741225172,800.3378066392015,24.32889321791415,0,914.5655443431216,871.2523225717539,35.152189410899254
2025-09-12,968.5512828001814,987.4026736876892,933.1924905340488,940.4737548828124,345469,928.2718912760416,887.1680824973366,870.4553771972656,744.4484481811523,926.1630021942752,899.632148852334,60.91831560679128,24.586045272211663,17.462443094384447,7.123602177827216,975.683183633806,817.1067333583815,26.081763677540632,0,923.8915196648328,876.713241356309,37.32515490023167
2025-09-15,940.4737795540024,953.5400466368012,929.6018027881788,932.3447265625,83623,931.6520589192708,893.3611949573864,871.0827587890625,745.3244384765625,927.3993470679202,902.6060195532582,58.76983206239585,23.937023348090293,18.757359145125616,5.179664202964677,974.9646695738176,828.5824922914167,27.516144956064384,0,935.3619203751546,876.713241356309,35.9643815799708
2025-09-16,932.3447005557164,951.4454481117084,925.661928825431,930.2999877929688,84660,935.5032348632812,899.5701765580611,871.9744580078125,746.2029223632812,927.97947521293,905.1236530295954,58.213680601687,22.992630732498696,19.60441346260023,3.3882172698984654,977.826962340949,830.4829131473323,28.62854263258821,0,935.3619203751546,876.713241356309,36.59133471094895
2025-09-17,936.9500122070312,939.8499755859376,895.9000244140625,904.2999877929688,206278,936.8589477539062,903.1850724653764,873.5001794433593,746.9529022216797,923.2435777289376,905.04877437172,51.53540244140916,19.91662363216335,19.666855496512856,0.2497681356504948,977.8435391512522,830.4995455655447,28.1685345098947,0,936.9328609700348,876.713241356309,38.35202796243072
2025-09-18,907.0,930.0,905.0,916.5499877929688,128121,932.3721381293404,904.724942294034,875.2938427734375,747.7337106323242,921.904859741744,906.0943392281972,54.20128006411082,18.25688446657693,19.38486129052567,-1.127976823948735,978.2010127938904,830.5973514639219,27.741384110250724,0,941.651349050876,876.713241356309,37.37357455536021
2025-09-19,914.1500244140624,928.8499755859376,911.0,917.5499877929688,76238,929.7751871744792,905.3423101251776,876.7015539550781,748.5319869995117,921.033885351989,907.1357618249946,54.42168557703516,16.82823543978907,18.87353612037835,-2.045300680589282,979.3983605822089,831.5860754529474,27.34474445343846,0,941.651349050876,885.3409719068993,37.54784025301085
2025-09-22,923.9000244140624,923.9000244140624,891.25,896.7000122070312,125535,925.759250217014,904.6469837535512,877.5476391601562,749.1669155883789,916.1671107229976,906.1870573142704,49.11444705384197,13.853902845680524,17.869609465438785,-4.015706619758262,979.475459800972,831.9192484509811,26.03390542245303,0,939.3263368438446,890.2533246847513,35.86177388491656
2025-09-23,891.25,905.4000244140624,882.5,885.3499755859375,64037,919.7784627278646,904.1770158247514,878.2963891601562,749.7675363159179,910.0036836955856,904.2927771571492,46.45839133769682,10.460290024731194,16.387745577297267,-5.927455552566073,978.1004421685336,836.0106601263882,24.43521927622547,0,934.9513368438446,908.5810230609052,35.595253653904
2025-09-24,882.25,892.9000244140625,869.7999877929688,880.4000244140625,138831,911.5520494249132,903.6225946599787,878.9042468261719,750.3538803100586,904.0829518392812,902.1207087259596,45.30762395233656,7.287403076946362,14.567677077227088,-7.280274000280725,975.398245168922,841.9516327607655,22.955688448460016,0,928.601330740329,908.8802561066324,33.658079348813395
2025-09-25,883.9000244140625,885.0,846.5,850.1500244140625,251484,901.5160793728298,903.2573214444247,878.5590026855468,750.7697735595704,893.2963663542374,897.3961010612417,38.95697947285059,2.305370248032773,12.115215711388226,-9.809845463355453,973.4027720518292,845.1982045106706,22.429352498479545,0,900.0200233184006,908.8802561066324,30.277467777100696
2025-09-26,820.0,829.5,768.0,808.9000244140625,767768,887.8000013563368,901.4794921875,877.2561010742188,751.0026071166992,876.4170979662025,889.3510031842253,32.30692256771312,-4.9148021421192425,8.709212140686734,-13.624014282805977,981.983709422147,831.753497609103,23.803624544710623,0,859.7227240558542,877.7013368438446,33.10317405750139
2025-09-29,808.0,838.0999755859375,797.25,830.8499755859375,249807,876.75,901.1708984375,875.9652990722657,751.2776150512695,867.3036734901495,884.0327279480173,38.33872204727093,-8.764629965226845,5.214443719504019,-13.979073684730864,985.3590460530912,825.425127530893,24.723821296639382,0,853.9249877929688,877.7013368438446,34.37527257428921
2025-09-30,830.0,848.0,819.0499877929688,842.4500122070312,120682,869.8777804904514,900.4850935502486,875.3214270019531,751.5674841308594,862.3329412335258,880.2524810624731,41.314783100786045,-10.755635965520582,2.020427782499099,-12.77606374801968,987.2063511948106,817.6305018325331,25.17036311283441,0,849.0,877.7013368438446,34.19179752144145
2025-10-01,843.2999877929688,859.9000244140625,835.9000244140625,856.3499755859375,75954,863.1888902452257,900.3018965287642,874.8907214355469,752.0133798217773,861.1363481040082,878.0795260191516,44.755562655233206,-11.08414061398014,-0.6004858967967488,-10.483654717183391,987.68851713744,813.2193930188099,25.10498065752616,0,848.4249877929688,877.7013368438446,34.60942735068814
2025-10-03,860.0,884.0,849.25,879.75,149990,858.9888916015625,899.294022993608,874.6966137695313,752.6191650390625,864.8590784832066,878.2313872901377,50.06358600375704,-9.348532443828276,-2.3500952062030542,-6.998437237625222,987.493866348879,812.1791866296367,24.151012397563715,0,845.9500122070312,877.7013368438446,33.219414268285256
2025-10-06,873.1500244140625,879.9000244140625,863.6500244140625,870.4000244140625,59961,856.0666707356771,898.1467784534801,873.7050830078125,753.0146224975585,865.9672676693779,877.5194452104945,48.07588785614427,-8.628056488954144,-3.6056874627532727,-5.022369026200871,979.778217861866,811.2417101166495,23.26518472759859,0,836.7000122070312,877.7013368438446,32.67025399338365
2025-10-07,868.0499877929688,886.5999755859375,859.75,878.4500122070312,145715,855.3000081380209,897.5263893821023,873.1398669433594,753.329391784668,868.4638165769086,877.6040422101796,49.91948772872434,-7.323091327275165,-4.349168235657651,-2.9739230916175137,974.1613905338515,810.6112840266953,22.191752389219182,0,830.4500122070312,877.7013368438446,32.746429443359375
2025-10-08,878.4500122070312,909.0,878.0499877929688,885.5499877929688,164649,855.8722262912327,894.2817854447799,873.3200927734375,753.7043472290039,871.8810508201207,878.3264008995241,51.55332166626633,-5.650848873779296,-4.609504363281981,-1.0413445104973151,969.575858349139,810.4674705082828,20.80421297172148,0,838.5,877.7013368438446,31.817862374441955
2025-10-09,882.0,933.0,879.0499877929688,920.75,223224,863.7166680230034,893.3648515181108,874.3150341796875,754.3051739501954,881.6548406560966,882.1830917268401,58.74015233680782,-1.468312087444815,-3.981265908114548,2.5129538206697326,966.6592952524144,811.5413273061793,20.244930510573592,0,850.5,877.7013368438446,33.8357195172991
2025-10-10,917.5,935.0,910.5499877929688,930.4500122070312,100592,877.2222222222222,893.2560591264205,875.0491491699219,755.012102355957,891.4138749662835,886.5709935886756,60.4799741704595,2.599127246995636,-2.665187277092511,5.264314524088147,961.8641844748804,813.937664890354,19.783616615466254,0,866.125,877.7013368438446,34.30715070452008
2025-10-13,916.4500122070312,940.6500244140624,916.4500122070312,920.9500122070312,99812,887.2333374023438,892.4275568181819,875.5164611816406,755.7819955444336,897.3211024144331,889.696358917617,57.90468008237716,4.998413024725437,-1.1324672167289216,6.130880241454358,958.4413295585427,815.4081455391135,19.525292594484235,0,879.8500061035156,877.7013368438446,33.70357840401784
2025-10-14,916.0,936.9000244140624,889.0,892.4000244140625,88895,892.7833387586805,889.6076604669744,875.6770910644532,756.3530337524414,896.336886814359,889.9421466900211,50.89132259385459,4.543741453710254,0.0027745173589135,4.5409669363513405,953.2636427341448,816.5913621486676,18.237981494569148,0,888.2750244140625,877.7013368438446,35.489292689732125
2025-10-15,891.0499877929688,902.5999755859376,884.0499877929688,889.2000122070312,45671,896.4333428276909,887.2770357998935,876.7571850585938,756.9512106323242,894.9095118928934,889.8746799188402,50.15802022530955,3.8804651299470834,0.7783126398765476,3.1021524900705355,947.8531726030836,817.891834721135,17.001397912387212,0,894.9500122070312,877.7013368438446,35.16428920200892
2025-10-16,892.75,910.0,888.3499755859375,903.4500122070312,60324,899.0666775173611,885.9636396928267,878.09734375,757.6572927856446,896.617611955721,891.1088010359484,53.37956092313023,4.453334504435134,1.513317012788265,2.9400174916468687,947.7527533165296,817.9072564490954,15.98829058241196,0,900.2000122070312,877.7013368438446,33.9607195172991
2025-10-17,895.0999755859375,928.75,895.0999755859375,910.3499755859376,80812,903.5055609809028,885.0568209561435,880.1051342773437,758.4657000732421,899.3640846817644,892.8579987223111,54.89963583404824,5.40183796476515,2.291021203183642,3.110816761581508,946.8210479528882,818.2189605920337,15.685573245666149,0,900.2000122070312,877.7013368438446,30.496433803013385
2025-10-20,915.7000122070312,916.2999877929688,892.5499877929688,913.2999877929688,57796,907.3777804904514,885.4659118652344,882.4162951660156,759.2908520507813,902.1512653040054,894.7163613650981,55.56668683438839,6.318736658578814,3.0965642942626763,3.2221723643161377,946.147550362074,818.4674581828478,15.29845213754944,0,909.3500061035156,877.7013368438446,29.27500697544642
2025-10-21,915.0,922.4500122070312,910.0,916.8499755859376,21398,910.8555569118924,885.4795476740056,884.9161511230469,760.0631860351563,905.0910073603918,896.7285081124471,56.40234724723929,7.24828609552344,3.926908654514829,3.321377441008611,948.7280327561134,817.9019721266991,15.152737540334757,0,909.8500061035156,860.7700233184006,28.096435546874996
2025-10-23,928.9000244140624,928.9000244140624,906.0,908.2999877929688,50865,909.4722222222222,885.0590931285511,887.4385083007812,760.849623413086,905.7328034469072,897.7804608106763,53.77899198705167,7.211913709695864,4.583909665551036,2.628004044144828,950.8241593321724,818.1008467713432,15.242334750577688,0,912.3500061035156,859.7227240558542,28.017865862165163
2025-10-24,906.0,920.0,897.0499877929688,915.75,138094,907.838887532552,885.9250016645951,890.1158508300781,761.6643341064453,907.7362427575258,899.414055282433,55.71195102725062,7.695532743472313,5.206234281135291,2.489298462337022,954.0040885716649,818.4559150904446,14.897717460886996,0,912.3500061035156,854.3250122070312,27.175009591238823
2025-10-27,915.75,928.0,905.2000122070312,908.2000122070312,66123,906.4222208658854,886.9636396928267,892.3579260253906,762.5238317871094,907.828996647427,900.2127786392147,53.2801789785902,7.384459937522365,5.641879412412706,1.742580525109659,955.3549795011328,822.9100229402734,14.87967976981704,0,910.4750061035156,854.3250122070312,27.642865862165163
2025-10-28,907.0,925.0,898.5499877929688,906.9500122070312,57347,908.0388861762152,888.1704573197799,894.6228784179688,763.3788250732422,907.653199759348,900.8252544181072,52.86872451835629,6.95687343784607,5.904878217499379,1.0519952203466918,948.7692915045272,839.3007097161758,14.531007871855,0,906.4750061035156,854.3250122070312,27.614297049386145
2025-10-29,907.0,914.9000244140624,900.0999755859375,911.1500244140624,53384,910.4777764214408,890.9431845925071,896.3504333496094,764.3059365844726,908.3525646902908,901.7638698722848,54.14993728206909,6.877632869853187,6.09942914797014,0.7782037218830471,944.408841666008,851.6911644375075,14.20724110946168,0,908.625,854.3250122070312,26.46072823660712
2025-10-30,911.1500244140624,954.6500244140624,910.0999755859376,950.4000244140624,243511,915.6944444444443,897.3750027743253,897.7049768066406,765.4280514526367,916.7620566350454,906.185338466992,63.99909823586387,9.868226352253714,6.853188588826855,3.015037763426859,947.635927025368,859.2590802988509,15.316762687345523,0,923.6000061035156,861.3250122070312,25.78930228097094
2025-10-31,962.0,962.0,927.7999877929688,935.4500122070312,114553,918.4833374023438,902.129549893466,898.334619140625,766.5604467773437,920.4996477494426,908.84576335245,58.8165273665839,10.90623193759336,7.663797258580157,3.242434679013204,947.8423821638836,866.9626288224446,16.557066531719027,0,927.2749938964844,865.0,26.485730852399517
2025-11-03,939.8499755859376,992.9000244140624,932.3499755859376,987.2999877929688,386631,926.705559624566,908.7136396928267,899.8406750488281,768.1730218505859,933.859715758148,915.9779655743154,68.38015780152729,15.731377021993012,9.27731321126273,6.454063810730283,964.708435070836,860.851574694789,18.474764189019968,0,944.9750061035156,880.4500122070312,29.08216203962049
2025-11-04,993.75,996.0499877929688,980.0,981.5999755859376,167045,933.9000040690104,914.4068215110084,901.5588891601562,769.5234497070312,943.407767723706,921.9436028480992,66.55052794177509,18.877784567078606,11.197407482425906,7.680377084652701,974.779113571581,861.9008913112315,20.324964300581783,0,946.5499877929688,882.0249938964844,26.80715942382809
2025-11-06,990.0,990.0,923.5999755859376,940.75,211547,937.5055609809028,917.1795487837358,902.521943359375,770.5566690063476,942.8762141789648,923.6532753164536,55.159690364702136,17.869099724411967,12.531745930823115,5.33735379358885,975.4480915551012,867.4619121070081,19.475979707522537,0,946.5499877929688,896.6499938964844,30.22501918247762
2025-11-07,931.7000122070312,960.4500122070312,914.0,947.2999877929688,151398,941.0111151801216,920.6750016645952,904.3042224121094,771.7228796386719,943.7609689017656,925.8029764506824,56.44692106547706,17.397689261654477,13.50493459698939,3.892754664665088,976.9289110700806,872.1560925920287,18.349638017436515,0,947.2999877929688,907.5499877929688,31.99644688197539
2025-11-10,951.0999755859376,1042.449951171875,930.2000122070312,979.7000122070312,871047,948.955559624566,925.277274391868,906.937977294922,773.0134375,950.9487775628188,930.7027069739868,62.22382676078447,19.41470364709289,14.686888407010091,4.727815240082801,985.3279031100324,869.65210177278,19.27384165898781,0,970.499969482422,939.1749877929688,37.61072649274548
2025-11-11,988.6500244140624,990.0,942.7999877929688,980.2999877929688,207644,957.1055569118924,929.584092573686,909.7911962890626,774.2578720092773,956.8190196088487,935.2115506848032,62.32348656889266,20.821596689296257,15.913830063467326,4.9077666258289305,992.4673456518964,867.4976567895098,20.13203075471401,0,971.2749633789062,945.8499755859376,39.28572736467628
2025-11-12,981.0,1071.9000244140625,980.2999877929688,1029.1500244140625,740815,970.2166680230034,934.5113664106888,913.2234423828126,775.8285952758789,971.2852205698916,943.7514119329178,69.40159051208039,25.583449182855816,17.847753887345025,7.735695295510791,1011.7751116436882,859.0098920184212,22.151640660787777,0,991.0,965.8250122070312,44.93930053710932
2025-11-13,1038.8499755859375,1060.0,1026.199951171875,1033.699951171875,186817,979.4722154405382,939.2045454545456,916.689835205078,777.4781735229492,983.7681666902884,951.928551863732,69.96751910198736,29.385653137887743,20.15533373745357,9.230319400434173,1027.7195186579331,857.1954776799572,24.0269927164277,0,992.9500122070312,965.8250122070312,45.71787370954236
2025-11-14,1033.0,1044.5,1016.0,1036.050048828125,88493,990.6499972873264,944.4363653009588,919.3723718261718,779.1789001464844,994.2245431178558,959.5759606786768,70.27334552439926,32.217180800158985,22.567703149994657,9.649477650164329,1040.847259815969,858.7527401840309,25.4001933719334,0,992.9500122070312,974.9750061035156,46.11430140904013
2025-11-17,1015.0,1053.449951171875,1011.0499877929688,1034.800048828125,141989,995.9277818467882,950.9090936834162,922.1555847167969,780.9132739257813,1002.3396442599096,966.4145141468084,69.86581764201202,33.96875169452926,24.847912858901577,9.120838835627683,1052.1629660092942,860.5720376528151,26.804121900914105,0,992.9500122070312,975.4750061035156,47.51429966517852
2025-11-18,1020.0,1047.75,1015.5499877929688,1037.949951171875,79930,1002.1888902452256,957.6704545454544,925.0726123046876,782.7142660522461,1009.4617056423028,972.917735694542,70.33270954435997,35.20523105293012,26.919376497707287,8.28585455522283,1062.5511580442212,862.943843176482,28.107769820681906,0,992.9500122070312,977.9750061035156,47.92501395089281
2025-11-19,1044.199951171875,1052.949951171875,1010.0999755859376,1022.2000122070312,143611,1011.2388916015624,963.068181818182,926.3779870605468,784.4704208374023,1012.0093669552484,977.3979426502228,64.91669525613798,34.516378085217525,28.438776815209337,6.077601270008188,1068.5185403486907,867.8664633134185,29.09086883261743,0,992.9500122070312,977.9750061035156,49.928580147879416
2025-11-20,1022.2000122070312,1029.800048828125,1005.5999755859376,1011.6500244140624,78069,1018.3888956705728,967.6727294921876,927.7925366210936,786.0496463012695,1011.9374984470114,980.5117682651172,61.50037942742364,32.74173496081585,29.29936844433064,3.442366516485208,1071.9948348123598,873.8701737325621,29.809740328013675,0,1001.0500183105468,977.9750061035156,48.4750104631696
2025-11-21,1012.0,1017.2999877929688,979.0999755859376,991.5999755859376,113008,1019.7111138237848,971.2318198464134,928.967667236328,787.4919659423828,1007.8699938747968,981.5197871124644,55.52036684059874,29.378785769245383,29.315251909313588,0.0635338599317947,1071.618521349833,882.5764859743858,29.401114254115367,0,1007.3500061035156,977.9750061035156,48.76072474888388
2025-11-24,987.0,988.0999755859376,947.7000122070312,958.0,132104,1017.2333374023438,973.102275501598,929.3441259765624,788.8353576660156,997.8959950998376,979.381624647695,47.23200187087465,23.72885560638201,28.197972648727276,-4.46911704234526,1069.7632779415844,888.6567293826342,27.94577306975396,0,1009.8000183105468,980.125,47.57143293108256
2025-11-25,950.0,974.0499877929688,944.5999755859376,958.8499755859376,101306,1009.4222208658854,975.4000022194602,929.4323706054688,790.0742794799804,990.0867911970576,977.515111096626,47.44573736998706,19.099662156790146,26.37831055033985,-7.278648393549705,1066.587058720368,896.8979449417413,26.495159061458523,0,1002.2999877929688,982.2250061035156,48.52857753208702
2025-11-26,968.5,1003.7999877929688,963.25,1000.0999755859376,146606,1005.6888902452256,979.234092018821,930.6248950195312,791.6047314453125,992.0894280748336,979.5682805956544,56.62744103389283,18.545739515009927,24.81179634327387,-6.266056828263942,1063.8631715753202,908.9368284246798,25.91582352577943,0,999.0249633789062,982.2250061035156,46.99643380301336
2025-11-27,1020.0,1043.4000244140625,1007.25,1020.7999877929688,224305,1003.9944390190972,984.3522727272727,932.3940002441408,793.2219766235352,997.8315400184608,983.316617613592,60.36922903527783,19.55169010545785,23.759775095710665,-4.208084990252814,1062.1035380897897,921.6614582481008,26.211249758357678,0,999.0249633789062,984.4750061035156,46.77143641880576
2025-11-28,1020.0,1028.4000244140625,1010.0,1012.8499755859376,55749,1001.5555419921876,989.165907426314,934.045,794.815181274414,1000.835227131956,986.0014683383508,58.289363205148135,19.48282774122549,22.90438562481363,-3.4215578835881395,1062.9772242458205,927.0327672092576,26.485574117180327,0,998.7749633789062,984.4750061035156,40.06787109374996
2025-12-01,1016.4000244140624,1066.0,1014.2999877929688,1021.0,192877,999.6722140842014,994.1590881347656,936.3790002441406,796.4144754028321,1004.868181705565,989.1831530348644,59.81773800719007,19.85699361719412,22.29490722328973,-2.4379136060956093,1062.0419648588345,936.5230253755404,27.419847784262693,0,1005.2999877929688,984.4750061035156,40.49287196568076
2025-12-02,1021.0,1029.0,993.0,996.2000122070312,67670,996.7833251953124,996.2409057617188,937.972000732422,797.9239315795899,1003.1345478058583,989.8210493232432,53.405016983750656,17.945506389899037,21.425027056611597,-3.479520666712556,1062.2550113727907,937.1999813029908,27.52359248466799,0,1005.2999877929688,985.2250061035156,36.52144077845977
2025-12-03,993.0999755859376,993.0999755859376,960.7999877929688,970.7000122070312,70594,992.2333238389756,997.8431784889916,939.0350012207032,799.2492837524414,996.647640686093,988.0827732217692,47.73805291574956,14.209207207375698,19.981863086764417,-5.772655879388719,1062.5595245799989,935.8054717578918,26.5990585180811,0,1005.2999877929688,985.2250061035156,36.63572474888388
2025-12-04,968.0,980.0999755859376,956.4000244140624,964.7999877929688,58255,989.2555474175348,996.8204512162642,940.397000732422,800.7134515380859,990.2781101074684,985.9661563646056,46.508357055189535,10.649321772568896,18.115354823925312,-7.466033051356415,1059.8881254661303,940.8818696510572,25.60914107506937,0,1005.2999877929688,986.0,36.29286411830354
2025-12-05,964.7999877929688,964.7999877929688,935.0,937.2000122070312,62084,986.9444376627604,994.8022710626776,941.4340014648436,802.3592947387696,979.6624905273808,981.5328705320989,41.166235821034654,5.537170496020735,15.599717958344398,-10.062547462323662,1061.4167729501378,938.343224608456,24.065171059646616,0,1000.5,991.0,35.392865862165145
2025-12-08,935.5999755859376,939.2999877929688,897.5,913.7000122070312,106003,981.927775065104,993.5727261629972,942.1000012207032,803.8931237792968,966.4699948633112,975.3662470480016,37.243597931513015,-0.4058217633375989,12.398610014008,-12.8044317773456,1068.821024389062,924.3389731695314,23.009621441651245,0,981.75,984.7000122070312,36.07857840401783
2025-12-09,908.0999755859376,942.5,902.2000122070312,936.7999877929688,83123,974.8944430881076,993.0954534357244,943.8330004882812,805.6678793334961,960.5359934492426,971.8602234793624,42.9938527870687,-3.214654435314742,9.275957124143453,-12.490611559458191,1071.1864876617458,917.6235098968478,21.938914643096087,0,981.75,984.7000122070312,35.89643641880578
2025-12-10,939.7000122070312,955.0,929.9000244140624,935.5,63584,965.4166666666666,991.0863619717684,946.365,807.7508227539063,955.528794759394,968.554748617602,42.75641883791005,-5.482375304988864,6.324290638316988,-11.806665943305852,1068.9652314276736,910.479763689514,20.58569114218543,0,981.75,984.7000122070312,35.96071515764508
2025-12-11,930.0,951.0,919.2999877929688,940.2000122070312,42693,957.3444485134548,989.2636358087713,948.552000732422,809.9789523315429,952.4630382489216,965.97704530755,43.96136704076333,-6.8216727298992055,3.695097964673749,-10.516770694572957,1064.3982208833186,905.6967803373846,19.611546528951827,0,981.75,984.7000122070312,35.496429443359375
2025-12-12,940.2000122070312,948.2000122070312,924.0,927.7000122070312,42765,946.977783203125,984.6522716175426,950.2570007324218,811.9869885253906,947.5104330405436,962.4973150256848,41.46168787076703,-8.790390966169184,1.1980001785051628,-9.988391144674347,1059.113910182677,900.1460873759167,18.70698367380634,0,963.25,984.7000122070312,34.08929007393972
2025-12-15,931.7000122070312,931.7999877929688,907.5,915.4000244140624,58111,938.000006781684,979.2750022194602,951.4380017089844,813.7946331787109,941.0883513152472,958.2157431519008,39.105395814586224,-11.213854240564274,-1.2843707053087243,-9.92948353525555,1053.6310116626807,893.6889834545067,18.322580401019977,0,945.2999877929688,984.7000122070312,33.72143118722098
2025-12-16,916.0,917.2000122070312,900.2000122070312,907.0,26497,930.9222276475696,973.4090909090908,951.9830017089844,815.6121438598633,934.270681052198,953.559766501728,37.536491804377,-13.654873235123205,-3.7584712112716208,-9.896402023851584,1046.3601961156596,887.8648038843404,18.1614136158167,0,938.7999877929688,984.7000122070312,31.72500174386161
2025-12-17,906.0,911.9000244140624,875.2000122070312,879.5,45531,921.4444512261284,966.3499977805398,952.1650012207032,817.2462728881836,923.3165448417584,946.8270604561164,32.88498027624041,-17.605473607098133,-6.527871690436924,-11.077601916661209,1043.89988062648,876.0551181528167,18.637946663377058,0,920.0,973.5500183105468,31.253570556640632
2025-12-18,879.5,880.0,860.2000122070312,865.7000122070312,51720,913.500006781684,958.5204551003196,951.9100012207032,818.9413168334961,911.793238314813,939.451874251654,30.820945232653187,-21.60089487794653,-9.542476327938846,-12.058418550007683,1042.834501586649,862.5254959719449,19.419885962574373,0,907.6000061035156,963.1000061035156,31.353567940848222
2025-12-19,868.9000244140625,899.5999755859375,861.0999755859375,895.2000122070312,80036,911.4444512261284,952.7477278275924,952.1030017089844,820.8801124572753,908.4745930932568,935.4289777021428,39.55485853020703,-22.13177029097085,-12.060335120545249,-10.071435170425602,1039.5479725045511,856.1720287161521,19.3897826091398,0,907.6000061035156,963.1000061035156,30.30713762555805
2025-12-22,895.0,911.0,888.5,908.5,64410,908.3000081380208,948.059090354226,951.8580017089844,822.853240814209,908.4796744746056,932.9808888201298,43.046037458475865,-21.234516727480013,-13.8951714419322,-7.339345285547813,1038.5804686086622,852.189532612041,18.94804149833153,0,907.6000061035156,963.1000061035156,29.342851911272337
2025-12-23,914.0,927.5999755859376,902.5,905.2999877929688,46274,904.9444512261284,944.1363636363636,951.3550012207032,824.8589938354493,907.8437371382782,930.464443272206,42.41132413159488,-20.54482312328321,-15.225101778202404,-5.319721345080804,1037.3400316296595,848.0749708117467,17.964343651417895,0,905.6000061035156,963.1000061035156,28.607134137834844
2025-12-24,911.5,912.5,900.0,901.4000244140624,22827,900.6333414713541,941.5636374733664,950.9640014648436,826.9048432922364,906.5549945934353,927.8222233760112,41.6061395744187,-20.081444037705296,-16.196370230102985,-3.885073807602311,1030.0684551196616,845.4765522045572,17.127936510687526,0,904.2000122070312,963.1000061035156,27.807137625558045
2025-12-26,901.4000244140624,901.5999755859376,871.0,874.2999877929688,54860,894.7000054253472,937.7204562100496,950.602000732422,828.6733085632325,900.103993233342,922.9565655957346,36.43040875590745,-21.65137566364785,-17.28737131681196,-4.364004346835895,1018.1373425538338,842.757664770385,17.184232990732724,0,896.0,963.1000061035156,27.864279610770105
2025-12-29,870.2999877929688,879.0,858.2000122070312,863.7999877929688,62205,888.9666680230034,931.5250022194602,950.0940002441406,830.3638395690919,892.8431921452674,917.5786948863922,34.632757524474115,-23.47224658809137,-18.524346371067843,-4.947900217023523,1006.4293040631028,839.5607044818191,17.563833946915974,0,892.8999938964844,962.1000061035156,26.364279610770105
2025-12-30,871.2999877929688,889.9000244140625,861.2999877929688,886.7999877929688,39628,886.7222222222222,925.4340931285512,949.7609997558594,832.1207460021973,891.6345512748078,914.780630605172,41.44835191316773,-22.79660703786226,-19.37879850442673,-3.417808533435533,987.1751472557636,845.3948600684552,17.490161834834883,0,892.8999938964844,962.1000061035156,25.528568812779035
2025-12-31,885.5,905.0,880.5999755859375,898.7000122070312,45201,888.8555569118923,920.24545842951,949.5280004882812,834.0568437194825,893.0476434612526,913.318756205341,44.66321299413769,-21.05817972145701,-19.71467474783278,-1.3435049736242275,971.7916321206548,851.028375203564,16.8579095027726,0,892.8999938964844,962.1000061035156,25.47857230050224
2026-01-01,895.0,913.5,886.7000122070312,908.0,29652,893.5555555555555,915.1090947931464,949.422000732422,836.0785903930664,896.0381147690022,912.8352329139462,47.10741496337987,-18.7143053935356,-19.514600876973343,0.8002954834377469,961.818843324317,854.7311627791987,15.964730939086428,0,892.8999938964844,962.1000061035156,25.128570556640632
2026-01-02,918.9000244140624,938.9000244140624,911.0999755859376,918.0,110894,896.0888875325521,911.5545487837358,949.4450012207031,837.6558627319336,900.4304918152018,913.3047571944966,49.68110674434919,-15.866947382844728,-18.78507017814762,2.9181227953028923,952.7447376265686,859.1252696976501,15.353025872070228,0,898.5500183105469,962.1000061035156,25.607142857142858
2026-01-05,910.0,916.25,872.0,885.5499877929688,114596,893.5388861762153,907.6840931285512,948.9900012207032,838.9923376464844,897.4543910107552,910.7815963398124,42.460887888359615,-16.043896383772108,-18.23683541927252,2.192939035500409,948.5715716192695,858.1334332635429,14.934849105600964,0,898.5500183105469,962.1000061035156,27.15714372907366
2026-01-06,889.4000244140625,895.0,880.5,883.9000244140625,33734,891.1611124674479,904.0068220658736,948.3530017089844,840.4626962280273,894.7435176914167,908.3378170738348,42.12565249461018,-16.131316225166188,-17.81573158045125,1.6844153552850614,947.6067716295704,856.1182344739453,14.54654210816522,0,898.5500183105469,962.1000061035156,26.978572300502236
2026-01-07,890.5999755859375,890.5999755859375,875.0,879.3499755859375,29818,888.7111070421007,901.377274946733,947.7760009765624,841.9103045654297,891.6648092703209,905.7025587567532,41.16056094351581,-16.378941748443026,-17.528373614049606,1.14943186560658,942.6651594637324,855.3148454190799,14.347756747811012,0,898.5500183105469,943.6000061035156,25.47142682756697
2026-01-08,875.5,877.1500244140625,835.5999755859375,838.5999755859375,81685,884.7444390190972,897.9636369185014,946.4090002441408,842.827255859375,881.0518425334443,899.6023239230427,33.71157499432357,-19.63700799319349,-17.950100489878384,-1.6869075033151084,942.059863335866,846.2301391055402,15.183127513647936,0,887.25,914.3499755859376,27.182141985212063
2026-01-09,828.0499877929688,845.0999755859375,790.9500122070312,804.25,161710,878.1277737087673,891.9386374733665,944.2709997558594,843.6470150756836,865.6914740267555,890.9339308391297,28.954731006160017,-24.70600942265162,-19.30128227643303,-5.404727146218587,945.2787456500064,829.4162555706966,16.830086551147705,0,864.9250183105469,885.5249938964844,28.299996512276795
2026-01-12,800.0999755859375,817.7000122070312,788.25,802.5,89127,868.7611083984375,885.8931829279119,941.312999267578,844.301178894043,853.0531792214044,882.8944825810271,28.7322942924025,-28.535500463706967,-21.148125913887817,-7.38737454981915,947.146738942814,815.0282610571859,18.40628268003981,0,863.5750122070312,876.5249938964844,28.79642595563617
2026-01-13,802.5,809.4500122070312,786.0499877929688,794.4500122070312,36945,857.1777750651041,879.2681829279119,938.4929992675782,844.9108538818359,841.3325458185299,874.854076183391,27.67893117486814,-31.852787337320933,-23.28905819857444,-8.563729138746492,949.4859093516864,800.5940894276105,19.910214581076296,0,862.4750061035156,870.5249938964844,28.6750008719308
2026-01-14,792.9000244140625,797.5999755859375,768.0,771.8499755859375,85830,842.0499945746528,872.1840903542259,934.1839990234377,845.5750961303711,827.4360317720115,865.490067038168,24.91706122038846,-35.89165846633853,-25.80957825212726,-10.082080214211269,954.1696727417852,782.3953235961053,21.63305627287385,0,853.4500122070312,861.5,29.896427699497767
2026-01-15,771.8499755859375,771.8499755859375,771.8499755859375,771.8499755859375,0,825.8111029730903,865.6590881347656,929.9889990234376,846.2655209350586,816.3188205347967,856.9773314516016,24.91706122038846,-38.6469944395991,-28.37706148962163,-10.269932949977466,958.7429109361856,767.057082960299,23.23283784382872,0,842.125,861.5,27.71071515764508
2026-01-16,771.8499755859375,785.0,768.0999755859375,775.5999755859375,51465,813.5944349500868,859.6863597523082,926.6859985351564,846.8545059204101,808.1750515450249,849.5793900092685,26.33163764853505,-40.066166561787895,-30.714882504054884,-9.351284057733013,961.8514772803908,754.9385129539842,24.101675584995515,0,831.5,859.5,27.432146344866062
2026-01-19,776.0,780.0,755.0,769.0499877929688,67252,800.8333197699653,854.6659046519886,923.1209985351562,847.5890310668946,800.3500387946137,842.2585352623322,25.43041417727169,-41.24396521010101,-32.820699045264114,-8.423266164836896,961.3169840347176,742.8580037582511,25.187270792300588,0,822.7999877929688,851.6000061035156,27.175000871930795
2026-01-20,772.0,774.0,750.2000122070312,759.0,65896,787.4611002604166,849.8159040971236,918.7069982910156,848.1890234375,792.080031035691,834.689577511211,24.069201356511,-42.498433659243005,-34.75624596805989,-7.742187691183112,957.9708315281096,731.2541562648591,26.29628922957945,0,813.6750183105469,844.5500183105469,27.132141113281243
2026-01-21,755.0,764.0,732.0999755859375,737.0499877929688,84051,776.1777682834202,842.6272666237571,913.8419982910156,848.6994641113281,781.0740223871467,825.813251173189,21.377739147974708,-44.74796480076418,-36.75458973460075,-7.993375066163431,955.4161646948857,716.9838230980831,27.69195874688439,0,788.5999755859375,835.5,27.496429443359368
2026-01-22,747.9000244140625,777.0,746.9000244140625,764.25,80105,771.7333238389757,836.0704484419389,908.5439978027345,849.4845471191406,777.7092179097174,820.2165919756263,31.586794571662157,-43.830668113922,-38.169805410465,-5.660862703456999,948.5456401409224,710.1393452106403,28.335429208406936,0,774.8999938964844,835.5,28.142857142857142
2026-01-23,770.0,770.2999877929688,747.0,753.4500122070312,41426,766.2833251953125,829.1681768243963,902.9389990234376,850.2894396972656,772.8573767691802,814.146902905754,29.92523305942599,-43.47403106795582,-39.23065054196317,-4.243380525992649,945.1306448070292,701.4693429859396,28.932937494106444,0,770.7749938964844,835.5,26.521427699497767
2026-01-27,755.7999877929688,761.4500122070312,739.6500244140625,753.0999755859375,49358,761.6888766818577,822.427265514027,897.2799975585938,851.2294787597656,768.9058965325316,808.5971822403161,29.870389371187212,-42.72710717473103,-39.92994186851675,-2.797165306214282,941.8854178839848,693.644568688281,29.666149351165128,0,764.8499755859375,835.5,27.04285539899553
2026-01-28,756.8499755859375,771.2999877929688,756.8499755859375,761.7000122070312,43367,760.5611029730903,817.3090848055753,891.8179968261719,852.0180197143554,767.4647196674316,804.3338031463811,33.11376581454533,-40.96894898462733,-40.13774329173887,-0.8312056928884672,933.5737229039132,689.4462661097585,29.8113535086513,0,758.5499877929688,835.5,27.228572300502236
2026-01-29,762.0,774.0,751.5,769.5,45533,760.2999945746528,813.0227217240767,886.4489978027344,852.9480462646484,767.8717757339452,801.1670937694374,36.00459880533986,-38.50237076120811,-39.81066878563272,1.3082980244246087,921.2177390326658,688.8822487603029,30.09522186362805,0,758.5499877929688,835.5,25.71071515764509
2026-01-30,758.0,816.9000244140625,756.5999755859375,794.3499755859375,72902,762.3833279079861,808.8204484419389,881.8919970703125,853.9389862060547,773.1674157043437,800.5473557527556,44.26880823063665,-34.14875876436656,-38.67828678137949,4.529528017012929,904.9694853107732,693.7655000407893,28.36408670803618,0,774.5,835.5,26.150006975446427
2026-02-02,790.2999877929688,844.0,750.0,810.6500244140625,96089,767.0055541992188,804.8181762695312,877.8719970703125,854.8144345092774,780.6639374462875,801.4657801765107,48.92772915237167,-29.04836075474725,-36.75230157605304,7.703940821305792,883.9688562244135,704.0311315685553,26.85978294074878,0,788.0499877929688,835.5,30.76072038922991
2026-02-03,972.75,972.75,900.0,957.8499755859376,567776,789.0999959309896,807.0840842507102,877.1969970703125,856.5016870117188,816.1011450742176,815.6825252137313,71.8299637371469,-12.978840730596971,-31.99760940696183,19.018768676364857,906.82501075726,688.4049758150059,28.03742008022996,0,852.4249877929688,852.4249877929688,40.66785975864956
2026-02-04,954.9000244140624,1045.0,932.7999877929688,1020.0999755859376,1087478,820.5499945746528,811.7249922318892,878.4389965820312,858.5368447875976,856.9009111765617,834.2659297930227,76.60733291818893,4.724958043088918,-24.65309591695168,29.3780539600406,947.9001836525822,660.949798036871,29.90090305998361,0,892.3250122070312,888.5499877929688,46.567862374441965
2026-02-05,1015.0,1019.9500122070312,935.0,940.0499877929688,275150,840.0833265516493,814.2022649591619,878.0629968261719,860.1670150756836,873.5307264998432,843.8826623384723,62.03729048328956,12.155855970120683,-17.29130553953721,29.44716150965789,959.896714412222,655.0232684979342,31.631280112612,0,892.3250122070312,888.5499877929688,52.64643205915179
2026-02-06,917.0,951.0999755859376,917.0,932.4000244140624,67059,859.9666612413195,816.4068104137074,876.7089978027344,861.4372653198242,885.3045860826871,851.929695254435,60.84630234911592,17.229002783351007,-10.387243874959566,27.616246658310573,974.0960048281338,650.203982964835,32.664362276811545,0,892.3250122070312,888.5499877929688,53.875000000000014
2026-02-09,932.0,971.3499755859376,932.0,947.8499755859376,108148,881.6055501302084,819.5204467773438,875.2499975585938,862.8747830200195,897.8136639833373,860.6497207391171,62.41563242654836,22.239823282831026,-3.861830443401448,26.101653726232477,992.1681902977434,646.491795053819,33.8523117945952,0,897.5,888.5499877929688,54.89999825613842
2026-02-10,952.4500122070312,981.2999877929688,947.8499755859376,974.7999877929688,54155,905.2833251953124,825.7113564231179,874.4889978027344,864.4737319946289,913.2109287452636,871.0270177440127,65.04734369757817,28.06209304357901,2.522954253994645,25.539138789584367,1013.9275937335136,641.9623903973456,35.06575098592427,0,897.5,888.5499877929688,55.58928571428573
2026-02-11,974.7999877929688,1004.2000122070312,953.0,985.5,60110,929.2833251953124,833.9499927867543,873.7789978027344,866.2478671264648,927.6687429962108,881.433652494557,66.06338078162415,33.15746670120927,8.64985674343757,24.507609957771702,1035.4751194006842,639.5198635094721,36.43905705314717,0,897.5,888.5499877929688,56.96785627092636
2026-02-12,979.9500122070312,980.5,961.2000122070312,968.9000244140624,25006,948.677775065104,841.5136302601207,873.232998046875,867.9412466430664,935.9149992797812,889.3851408508756,63.00351745127203,35.4474911246773,14.00938361968552,21.43810750499178,1051.1003642722233,643.5996235207456,37.71426982985415,0,897.5,888.5499877929688,55.849997384207605
2026-02-13,967.0,985.2000122070312,957.0499877929688,975.7999877929688,50543,967.0277709960938,849.7568109685725,873.3349975585937,869.7342080688477,943.8919969824188,897.2410360274295,63.754990605931056,37.38813422030228,18.685133739808872,18.703000480493404,1065.7538099868336,649.3411790268383,38.95206301964605,0,972.5,888.5499877929688,56.19642857142859
2026-02-16,974.1500244140624,1008.9500122070312,961.4000244140624,974.9000244140624,72249,968.9222208658854,858.9863586425781,873.5369982910156,871.5832632446289,950.0936024687476,904.300944062578,63.5736092522753,38.41071353598966,22.63024969904503,15.780463836944628,1078.266569905093,656.758423991391,40.36510616358296,0,981.0,888.5499877929688,58.03571428571431
2026-02-17,970.9000244140624,992.7999877929688,962.9000244140624,981.9000244140624,38968,964.6777818467882,868.5340881347656,874.4309985351563,873.4969918823242,956.4548868578108,911.355405912713,64.4214696358016,39.33255529573341,25.970710818382702,13.361844477350708,1089.4699098772744,666.8400876813192,41.67721765438152,0,968.4750061035156,888.5499877929688,58.87142508370539
2026-02-18,998.0,998.0,966.0,971.5999755859376,40800,968.183336046007,877.4431790438565,875.5889978027344,875.3220660400391,959.483904603436,916.8321849739152,62.12989122845479,38.784905425531406,28.53354973981245,10.251355685718956,1096.215682404342,681.3543127128455,42.95580606396666,0,962.9750061035156,888.5499877929688,59.54999651227682
2026-02-19,967.0,978.9500122070312,932.9000244140624,944.2999877929688,73389,969.5055541992188,885.4090881347656,875.7389978027344,877.0365734863282,956.4471212413428,919.3292579574654,56.403057274695264,35.73606498618449,29.974052789086866,5.762012197097626,1095.0483025601018,703.2466925570857,42.74322736673499,0,970.4750061035156,888.5499877929688,58.53213500976567
2026-02-20,944.2999877929688,960.6500244140624,926.0,942.7000122070312,32502,968.933336046007,893.7590886896306,875.882998046875,878.7054281616211,953.6976994344806,921.4538719801532,56.07682046194766,32.812490350368535,30.5417403013432,2.2707500490253345,1094.1082579537947,722.0317383840959,42.27756551841039,0,967.4750061035156,888.5499877929688,54.29285103934155
2026-02-23,947.4000244140624,955.4000244140624,924.2999877929688,931.5,29602,964.1222262912328,902.597725608132,875.7089978027344,880.3015759277343,949.2581595475845,922.3671563455936,53.733843335773024,29.25456064083073,30.284304369240708,-1.0297437284099755,1088.3171161445352,745.6278789726523,41.77638532678862,0,966.625,888.5499877929688,44.9357125418527
2026-02-24,926.0,926.0,905.7000122070312,918.2000122070312,82704,956.6444498697916,909.5954534357244,875.5189978027344,881.8399514770508,943.046530079474,921.9883250602696,51.00836043699003,25.072655880462207,29.24197467148501,-4.169318791022803,1078.2596936235054,772.1953051557915,40.56818647589099,0,957.3250122070312,888.5499877929688,38.76428222656252
2026-02-25,922.75,931.9000244140624,905.0,911.8499755859376,30213,950.3055555555557,916.7954517711293,875.4479968261719,883.2371090698242,936.8072191807668,921.0666569262396,49.71188160853277,21.003950871875983,27.59436991156321,-6.59041903968722,1065.3603247784772,800.1096703387102,39.58364053962612,0,956.9750061035156,888.5499877929688,34.60714285714287
2026-02-26,912.7999877929688,936.25,903.0999755859376,911.1500244140624,33304,943.1222262912328,923.9795448996804,875.5309973144531,884.5726666259766,931.675780227426,920.165144879678,49.56234342667532,17.521021203325404,25.579700169915647,-8.058678966590243,1048.7520787732994,830.8829187852944,38.77356956133493,0,956.0249938964844,888.5499877929688,34.53928920200892
2026-02-27,907.0499877929688,920.7000122070312,892.6500244140625,895.7000122070312,33164,934.322224934896,930.0704539905896,875.8549975585937,885.8015502929687,924.480626623347,917.9410419094372,46.2548788076957,13.360080788905066,23.13577629371353,-9.775695504808464,1032.711370866814,857.0586303538892,37.57252909372423,0,945.3250122070312,892.3250122070312,33.73214721679686
2026-03-02,851.0999755859375,893.3499755859375,851.0999755859375,876.9000244140625,62253,922.6555582682292,934.9522732821378,876.0789978027344,886.94865234375,914.9645061814902,914.2100403189486,42.53520128413572,8.448118978864159,20.198244830743658,-11.7501258518795,1017.816711151864,878.578290068839,34.946534203772394,0,924.5499877929688,892.3250122070312,34.52857753208705
2026-03-04,870.6500244140625,883.0,851.1500244140625,859.0999755859375,63709,910.1555582682292,937.8954551003196,875.3569970703124,888.0022659301758,903.7916000623798,909.2000344341292,39.311768391233386,3.0834940761171765,16.775294679818362,-13.691800603701186,1023.2337914886048,863.2862097320982,32.50811037738855,0,915.0249938964844,892.3250122070312,33.14643205915178
2026-03-05,867.0,885.1500244140625,858.2000122070312,878.25,44177,902.8166707356772,940.9681812633168,874.7519970703125,889.0803134155274,898.6832800499038,906.3863949401176,44.21020744810686,0.3729381189486958,13.494823367644427,-13.121885248695731,1012.5266697247814,859.8083339373279,30.316838262205465,0,905.875,897.5,33.3357195172991
2026-03-06,882.9500122070312,888.3499755859375,859.9000244140625,864.4000244140625,41573,894.1166720920139,936.7204562100496,873.9339978027343,890.1738925170898,891.8266289227356,902.5694521650216,41.59526870389951,-2.859808197585153,10.223897054598512,-13.083705252183666,1015.1596288692264,849.6103784549924,28.39597203378172,0,903.25,897.5,33.35714285714285
2026-03-09,859.0,859.0,809.2999877929688,825.4500122070312,86028,882.3333401150173,927.8727306019176,872.4149975585938,890.9026599121094,878.5513055795948,895.5585939870224,35.276064759224425,-8.467119724802728,6.485693698718266,-14.952813423520992,1022.6336493764968,831.4413567270188,27.72359799486763,0,872.7749938964844,897.5,33.89643205915177
2026-03-10,830.0,856.6500244140625,823.0999755859375,844.5,57363,874.1444498697916,923.5295493386008,871.8189978027344,891.2327017211915,871.7410444636758,890.9169036245657,40.07145503326398,-11.244163978029178,2.939722163368778,-14.183886141397956,1023.699252151366,820.0407563935559,27.09925067301884,0,872.7749938964844,897.5,34.15715244838167
2026-03-11,853.0,868.0,840.0,846.6500244140625,31082,866.9000108506945,919.6318220658736,871.4759985351562,891.6370797729492,866.7228404537533,886.8926418781563,40.6063059616155,-13.12026036017005,-0.2722743413389876,-12.847986018831062,1019.3744336350228,811.5505785720085,26.06605427273989,0,872.7749938964844,927.1499938964844,33.87143816266739
2026-03-12,844.5499877929688,844.5499877929688,794.0,815.2999877929688,157755,856.2500067816841,913.6068226207386,870.0459985351563,891.8744839477539,856.4382699215964,880.3842187795028,35.61502901904899,-16.941475428656304,-3.6061145588024512,-13.335360869853853,1014.5266156253592,799.378395360969,26.285377631594983,0,857.3500061035156,919.5,34.34286934988836
2026-03-13,806.1500244140625,818.7000122070312,773.0499877929688,785.0999755859375,155963,843.9611138237847,904.9840947931464,867.7739978027344,891.8579037475586,842.1706110544646,871.7220148528149,31.58710098009037,-22.151357434114857,-7.315163133864931,-14.836194300249923,1014.1007753513531,781.4242307521623,26.91820159569325,0,833.1999816894531,896.5,35.12858363560265
2026-03-16,787.0,788.0,753.0499877929688,777.4500122070312,107879,832.9111124674479,895.5272771661931,865.162998046875,891.7651715087891,829.226491284978,863.1518327941073,30.641737736424474,-26.59099018731717,-11.170328544555382,-15.420661642761791,1009.8522779086462,765.8377306362758,27.877257412762024,0,820.6999816894531,881.0,35.403581891741055
2026-03-17,781.2000122070312,787.7000122070312,767.5999755859375,778.8499755859375,89163,823.9944458007812,886.8886385830966,862.3799975585938,891.750007019043,819.15118814517,855.4880275933647,31.048438559928584,-29.654625719431124,-14.86718797953053,-14.787437739900591,1002.0857787102296,753.9992249518798,28.767809242897307,0,820.6999816894531,881.0,34.99644252232141
2026-03-18,784.7999877929688,829.0,772.2000122070312,813.5999755859375,89711,816.8111097547743,879.5159107555043,860.9409973144532,891.6891586303711,818.0409456333235,851.6800228654167,40.39184692971004,-28.94488574351544,-17.682727532327515,-11.262158211187929,986.640497255052,752.6145015242447,27.979876897314508,0,820.6999816894531,881.0,37.1321541922433
2026-03-19,801.0,813.9500122070312,777.25,782.4500122070312,56589,807.705552842882,870.7681829279119,858.9119970703125,891.1431600952149,810.9227589480652,845.3863855328361,35.71931990758888,-30.54386277559104,-20.25495458098022,-10.28890819461082,972.9808264454256,747.3591759959809,27.24822543355905,0,810.5249938964844,881.0,37.38572474888393
2026-03-20,790.0,796.4000244140625,776.0499877929688,781.6500244140625,43692,802.8388875325521,861.6659102006392,856.957998046875,890.6946499633789,805.0682120412647,839.5921708856748,35.605403959169735,-31.512361040324777,-22.50643587284913,-9.005925167475645,962.7430132604107,741.3319928431047,26.600559767612705,0,810.5249938964844,881.0,36.835728236607146
2026-03-23,777.6500244140625,777.6500244140625,745.5,749.0499877929688,99344,792.2333306206597,851.5500016645951,855.1669982910156,890.010078125,793.8645671916056,831.3610633317924,31.233934440792083,-34.51261347346167,-24.90767139297164,-9.60494208049003,953.5460120604628,731.1639916016466,26.7527007434444,0,806.75,877.2250061035156,36.23215593610491
2026-03-24,770.0,803.0,761.8499755859375,794.0,107754,786.3833279079861,844.718184037642,854.9619982910157,889.6056134033203,793.8916537532846,827.964603028902,41.83748112925746,-32.88417650315375,-26.502972415008063,-6.38120408814569,940.2829814931584,730.6770221689509,25.9439692075466,0,795.0249938964844,877.2250061035156,37.81072998046875
2026-03-25,800.0,847.8499755859375,799.3499755859375,823.8499755859375,106001,787.3333265516493,839.3159096457741,855.3889978027344,889.3798226928711,799.8833181198152,827.5905459886326,47.61429792105632,-28.85239248818641,-26.97285642964373,-1.8795360585426764,928.1169446768484,733.4080553231516,24.34475830625402,0,796.6749877929688,871.75,39.73215593610491
2026-03-27,822.0,822.0,770.2000122070312,787.7999877929688,86736,787.6333279079861,832.7840909090909,855.2559973144531,888.76357421875,797.466652054446,823.9732225162995,42.16719117719182,-28.240567656660343,-27.226398675047054,-1.0141689816132882,915.7753574681124,733.3446437525909,23.11554540848991,0,796.6749877929688,871.75,41.53215680803572
2026-03-30,774.0,787.7999877929688,749.7999877929688,753.4000244140625,152044,784.9611070421007,825.2931823730469,854.8869982910156,887.9788171386718,788.6533265263693,817.5574772342779,37.731419470779926,-30.183544509404328,-27.817827841918515,-2.365716667485813,903.5393717307776,729.8056294899254,22.452979315721556,0,796.6749877929688,862.2250061035156,40.31072562081473
2026-04-01,762.0,801.8499755859375,762.0,792.9000244140625,40797,786.5222235785591,819.8863664106889,855.3079992675781,887.4593850708007,789.502666103908,815.3158906142583,44.89907611677471,-28.21085065318482,-27.896432404171776,-0.3144182490130447,890.5184351150614,732.5465673263449,21.424484183901036,0,796.6749877929688,853.0750122070312,41.37500435965402
2026-04-02,783.0,809.6500244140625,757.2000122070312,798.0999755859375,55413,784.8000013563368,814.7477278275924,855.7579992675782,886.9664514160156,791.222128000314,813.7508074298654,45.78383288175399,-25.928990693396827,-27.502944062016788,1.5739533686199607,880.4748720713744,734.7101254872193,20.24185288696627,0,796.6749877929688,850.4500122070312,43.1214338030134
2026-04-06,798.0499877929688,813.4500122070312,782.0,808.0999755859375,57021,787.6499972873264,810.765907981179,856.5389990234376,886.3731555175781,794.5976975174387,813.2370954440537,47.52873847488997,-23.048000802470145,-26.61195541010746,3.563954607637317,873.7882989801743,736.2966985784195,19.029571825411832,0,796.6749877929688,840.875,41.60714721679688
2026-04-07,817.0,817.0,798.0499877929688,804.7999877929688,43283,790.2222154405382,807.4886335893111,857.4549987792968,885.8339279174804,796.6381555725447,812.4700856575914,46.99126470576986,-20.791406600157643,-25.4478456481175,4.656439047959857,860.8756888776476,741.8643074602431,17.792522062629597,0,796.6749877929688,840.875,39.700003487723215
2026-04-08,844.9000244140625,846.8499755859375,820.9500122070312,833.4500122070312,100826,799.5999959309896,806.3227261629971,859.3829992675782,885.6451657104492,804.0005268994421,814.3773517075406,52.05996570706331,-16.501008549928883,-23.65847822847978,7.157469678550896,853.777356383476,745.8676387337116,17.273152609262347,0,798.8249816894531,840.875,40.20714460100447
2026-04-09,837.5999755859375,849.7000122070312,822.5999755859375,830.0,70303,803.5999959309896,804.1295443448154,860.6979992675781,885.447880859375,809.2004215195537,815.7975924614005,51.42231742476247,-13.226754543616266,-21.57213349150708,8.345378947890815,854.4959707174384,745.6040231790461,16.86895077036046,0,799.75,833.1000061035156,40.70714460100447
2026-04-10,839.0,851.8499755859375,835.3499755859375,843.4000244140625,55634,805.7722235785591,803.1749988902699,862.4969995117187,885.3742004394531,816.0403420984555,818.3069044570971,53.78978970446228,-9.441775758704011,-19.14606194494647,9.70428618624246,854.2538143744978,745.7361819633929,16.55565343658174,0,800.8249816894531,819.4249877929688,38.21071515764509
2026-04-13,832.0,852.9500122070312,800.2000122070312,841.4000244140625,54408,811.727783203125,803.899999445135,864.2630004882812,885.2805456542969,821.112278561577,820.4062789986394,53.37170118211857,-6.528282115155207,-16.62250597898822,10.094223863833012,853.0841567443752,746.3808395935155,15.666447919654626,0,801.375,816.9249877929688,39.35714285714285
2026-04-15,859.0,899.9500122070312,852.0,885.0,83829,826.3500027126736,805.740908536044,866.7290002441406,885.4460345458984,833.8898228492617,826.2784354533086,60.56728466440983,-0.6931732922411129,-13.436639441638798,12.743466149397683,868.6000862661976,737.8349112923961,15.556701556069113,0,828.5750122070312,822.7250061035156,42.08571079799107
2026-04-16,889.0,895.0,871.5999755859375,889.9000244140625,46265,837.1277804904514,807.7068176269531,869.1370007324218,885.4707000732421,845.0918631622219,832.0622162679226,61.29027617728897,4.277277713639364,-9.893856010583166,14.17113372422253,883.7704009864299,733.1446014549763,15.45479421845399,0,828.5750122070312,822.7250061035156,41.17499651227679
2026-04-17,894.0,921.9000244140624,890.0499877929688,902.4000244140624,63117,848.7166748046875,811.6659102006392,871.2980017089844,885.6159658813476,856.5534954125901,838.4565624630262,63.146586940994354,9.119912801282112,-6.091102248210111,15.211015049492222,899.34077148619,730.0692321759194,15.99906870623606,0,851.9500122070312,833.7000122070312,39.60713849748883
2026-04-20,904.5999755859376,909.0,856.7999877929688,863.4000244140625,203539,854.8611246744791,815.2250033291904,872.3530017089844,885.6702133178711,857.9228012128847,840.7241499131204,54.38384891274248,9.698958379335068,-2.933090122701075,12.632048502036142,904.4691396108208,733.395868934101,15.433952839745436,0,859.9750061035156,833.7000122070312,39.4892839704241
2026-04-21,875.0,925.0,872.0999755859375,887.5,292563,864.0500149197048,820.227275501598,870.9460021972657,885.7679092407227,863.8382409703078,844.9764999210186,58.240268847491066,11.96460230199466,0.0464483622380718,11.918153939756587,913.4175534714464,731.8374575148817,15.29890674858769,0,862.6000061035156,835.25,40.05714198521205
2026-04-22,894.0,934.7999877929688,887.5,919.7999877929688,175493,873.6444566514757,826.6340942382812,868.9400024414062,886.0288507080078,875.03059033484,851.778635182105,62.78169922823031,16.179967908053072,3.273152271401072,12.906815636652,927.944526915868,731.0454816290539,15.406192280220468,0,867.5,840.1499938964844,40.72142682756696
2026-04-23,919.0,935.0,909.6500244140624,915.2999877929688,100461,883.1222330729166,831.2568220658736,868.4450024414062,886.2520812988281,883.0844698264658,857.5533036012744,61.77376115468982,18.93924332125505,6.406370481371868,12.53287283988318,938.999477238052,733.3555276447605,15.510732071215712,0,867.6000061035156,840.25,39.07142857142857
2026-04-24,912.0,921.0,891.0,899.0999755859375,64364,889.3111165364584,836.5590931285511,867.7790014648438,886.3920678710938,886.2875709783602,861.3302737816982,58.15409436904647,19.59292828862999,9.043682042823493,10.5492462458065,941.510130390304,745.8498732718053,14.967375875479917,0,867.6000061035156,840.25,37.46785627092634
2026-04-27,908.0,941.0,905.8499755859376,913.2999877929688,190627,897.3000013563368,842.5431823730469,867.0880017089844,886.4536895751953,891.690054341282,866.0547932372682,60.347376660176,21.0145579030758,11.437857214873954,9.576700688201845,949.2528663351763,750.0371361062297,14.998230171138944,0,896.5,843.25,38.21428571428572
2026-04-28,909.0,934.0,909.0,919.25,104996,901.1055569118924,850.2795465642756,865.977001953125,886.621364440918,897.2020434730257,870.8907211247893,61.26354495217644,22.363532986144605,13.622992369128085,8.74054061701652,957.883906023016,750.9460988597965,15.026880588536608,0,898.8999938964844,843.25,38.64642769949777
2026-04-29,928.9500122070312,928.9500122070312,891.0,894.75,97049,901.6444430881076,854.859092018821,864.162001953125,886.9550448608398,896.7116347784206,873.0597464770811,55.5700727008414,21.211151265060156,15.1406241483145,6.070527116745652,959.7309750666288,759.7940310368868,14.408067621862331,0,898.8999938964844,843.25,38.35357230050223
2026-04-30,901.5999755859376,905.75,873.4000244140625,902.9000244140624,74571,901.6999986436632,858.4522760564631,862.842001953125,887.3352108764649,897.9493127055491,875.7724990168067,57.00161676335275,20.71670996943419,16.25584131253844,4.460868656895752,955.3766388996016,779.098367203914,13.503074527137173,0,898.8999938964844,843.25,38.728567940848215
2026-05-01,902.9000244140624,902.9000244140624,902.9000244140624,902.9000244140624,0,906.088887532552,863.6840959028764,861.3840026855469,887.6138888549805,898.9394550472518,878.2386376892845,57.00161676335275,20.093239325061404,17.023320915043033,3.0699184100183707,954.8685462535622,790.6064598499535,12.66272379632095,0,906.5499877929688,843.25,37.167855398995535
2026-05-04,902.9000244140624,929.9000244140624,895.0,898.9500122070312,48674,907.3611111111112,870.3000044389205,859.8650024414062,887.83666015625,898.9415664792078,880.1214899181705,55.98763502141907,19.06068170027584,17.430793072089596,1.62988862818624,952.6819939765038,802.8780157891212,12.501377867811197,0,907.2000122070312,845.3999938964844,35.89285714285713
2026-05-05,905.25,911.0,890.4000244140625,899.8499755859375,43097,905.1444430881076,875.1613658558239,858.2240014648437,888.09634765625,899.1232483005539,881.9149886152402,56.17890081698189,18.10627401079512,17.5658892598307,0.5403847509644173,950.20607000144,814.5289397641849,12.182577322044366,0,907.2000122070312,845.3999938964844,33.18214198521205
2026-05-06,900.25,956.5,898.5999755859375,948.9500122070312,151703,908.8833346896702,882.0181857022372,857.7710021972656,888.5910620117188,909.0886010818494,888.0090816690395,65.09200809787045,21.06899143170756,18.266509694206075,2.802481737501484,953.2144277731238,825.9355844339075,13.107249275600624,0,914.9500122070312,853.1499938964844,35.64642769949776
2026-05-07,955.0,969.0,949.6500244140624,956.2999877929688,83363,915.2388916015624,888.7545498934659,858.0110021972656,889.035500793457,918.5308784240734,894.2173458621239,66.20028348526827,23.73642915658036,19.36049358668093,4.375935569899426,960.256335904967,831.1786738606579,14.244587930105103,0,921.2000122070312,859.3999938964844,34.792855398995535
2026-05-08,963.7000122070312,963.7000122070312,938.3499755859376,951.5999755859376,59419,919.4944458007812,895.4272766113281,858.1890014648437,889.4232751464843,925.1446978564464,899.4339485642888,64.78387820319242,25.180871652069985,20.52456919975874,4.656302452311241,963.0986940890198,840.4963132351991,14.855655283177676,0,921.2000122070312,863.1000061035156,32.87499999999999
2026-05-11,951.5499877929688,956.4500122070312,916.0,920.5499877929688,59333,919.6388888888888,899.3863664106889,857.9700012207031,889.5490747070312,924.2257558437508,901.3535884941688,56.22521486348977,23.548673764458044,21.1293901126986,2.419283651759443,960.893251332505,850.4167523296045,14.60505774457512,0,921.2000122070312,863.1000061035156,31.36428833007812
2026-05-12,926.6500244140624,926.6500244140624,884.0,891.25,58421,919.25,902.17045731978,857.4310009765625,889.632106628418,917.6306046750008,900.4350804492443,49.570182019182695,19.66420432755137,20.83635295566916,-1.1721486281177818,955.0472951100132,861.24770611069,13.751212380378934,0,921.2000122070312,875.5,31.032148088727663
2026-05-13,878.1500244140625,903.7000122070312,878.1500244140625,889.75,31272,917.7888861762152,904.277274391868,856.9890014648438,889.6914303588867,912.0544837400008,899.4637094993129,49.24879877931261,16.27706497581471,19.924495359698263,-3.647430383883556,954.8372150127864,861.9327862079167,13.126304092596024,0,923.5750122070312,883.5249938964844,31.046434674944173
2026-05-14,891.0499877929688,918.0,882.5999755859375,912.3499755859376,43811,918.838880750868,907.5022721724076,857.0130004882812,889.8059033203125,912.113582109188,900.6351882344605,54.07950539730273,15.240676755801816,18.987731638918977,-3.747054883117162,955.1569997513402,863.8579965865504,12.279762623117165,0,923.5750122070312,884.6000061035156,31.432150704520065
2026-05-15,915.0,942.0,902.3499755859376,918.4500122070312,66154,921.0055474175348,909.0227272727273,857.4680004882813,889.7982705688477,913.3808681287568,902.2547176865124,55.3158152514679,14.741621365100514,18.138509584155283,-3.3968882190547696,955.9976971439592,864.6222979732282,12.181340270142476,0,923.5750122070312,884.6000061035156,31.27143641880577
2026-05-18,915.0,918.4500122070312,888.2999877929688,907.9500122070312,41995,921.9055514865452,909.8431812633168,858.0890002441406,889.8044665527344,912.2946969444116,902.7724717338324,52.68639042162018,13.345021029193845,17.179811873162997,-3.834790843969152,952.5921356137966,872.4828582826877,11.631154256479553,0,923.5750122070312,884.6000061035156,31.63929530552452
2026-05-19,907.9500122070312,934.0,906.7999877929688,919.5999755859376,37508,918.6444363064236,910.6249972256747,859.2990002441406,890.0197729492188,913.755752672717,904.3022448112964,55.229268716888186,13.02808028309198,16.349465555148797,-3.321385272056816,952.509857961954,875.7751334931241,11.56084973594198,0,923.5750122070312,884.6000061035156,30.871438162667378
2026-05-20,917.0499877929688,1070.0,909.0499877929688,1022.2999877929688,1278354,925.977769639757,917.8477228338068,862.18,890.7762582397461,935.4645996967672,915.0293123550848,70.35511958586949,20.82389029872286,17.244350503863608,3.579539794859251,981.0531731282208,857.4818183268573,13.909301156010873,0,974.0750122070312,961.0,40.05715506417408
2026-05-21,1040.0,1074.0,1028.0,1049.949951171875,843836,936.9055447048612,925.2318115234376,865.8909985351562,891.557286682129,958.3616699917887,927.2948249747928,72.9999561712999,28.900104451751417,19.57550129344117,9.324603158310246,1010.962666302409,841.0373214905597,16.13698278337611,0,976.0750122070312,965.3999938964844,43.75001307896202
2026-05-22,1065.699951171875,1095.949951171875,1029.949951171875,1079.0,225345,954.5111016167534,932.4681757146662,870.9619982910157,892.4643646240235,982.489335993431,941.086204522539,75.47558114696926,37.21565955563551,23.10353294588004,14.112126609755473,1042.9480107544027,827.0419794799722,18.46193682600432,0,987.0499877929688,976.374969482422,45.97143990652899
2026-05-25,1099.949951171875,1143.8499755859375,1073.449951171875,1116.550048828125,437590,979.544440375434,941.6159057617188,876.4029992675781,893.6252722167969,1009.3014785603698,957.037463095774,78.25145041140738,46.30203101584368,27.743232559872773,18.55879845597091,1079.5425218874782,810.7724744504123,21.10897478312931,0,1011.0,1000.3249816894532,49.52858625139506
2026-05-26,1116.550048828125,1142.949951171875,1103.4000244140625,1110.3499755859375,167410,1004.0555487738716,951.2181784889916,881.6769982910156,895.0010455322266,1029.5111779654833,970.9749642312432,76.70758446636827,52.39873180419863,32.674332408737946,19.724399395460686,1107.2856790088954,802.1393148875891,23.56693860045965,0,1013.2249755859376,1007.9749755859376,48.217864990234354
2026-05-27,1099.949951171875,1121.949951171875,1089.6500244140625,1095.550048828125,91151,1024.411112467448,959.5022721724076,887.2819995117187,896.2965853881836,1042.7189521380117,982.299971921869,73.00490058904558,55.39759174825031,37.21898427664042,18.178607471609887,1126.842089592961,802.6629091863358,25.377700239923414,0,1016.0749816894532,1008.625,49.09286063058033
2026-05-28,1095.550048828125,1095.550048828125,1095.550048828125,1095.550048828125,0,1044.088894314236,967.5159107555044,893.4910009765625,897.7245333862305,1053.2851714760343,992.5954334588012,73.00490058904558,57.11581430557567,41.19835028242747,15.9174640231482,1143.7326568068886,805.0373444138144,27.059121762282626,0,1016.0749816894532,1008.625,47.282143729073645
2026-05-29,1107.0,1115.6500244140625,1070.0999755859375,1077.550048828125,100303,1062.933342827691,975.8250038840554,899.4930017089844,899.1235739135742,1058.1381469464527,1000.318580310558,68.35111633572836,56.3752101632457,44.23372225859112,12.141487904654582,1154.9382651937656,811.2967384683438,27.73197966969626,0,1025.3249816894531,1008.625,47.64643205915177
2026-06-01,1079.9000244140625,1110.0,1050.5,1056.0,101491,1078.0889010959202,982.7840936834162,905.0360021972656,900.4442880249023,1057.710517557162,1005.3805275550528,63.16004386879049,53.43342000090604,46.0736618070541,7.359758193851938,1160.939495219532,821.0005072218744,27.7252067686415,0,1026.4499816894531,1008.625,48.8500017438616
2026-06-02,1056.0,1118.0,1039.199951171875,1113.5,141083,1088.2222357855903,992.3568198464134,911.0340026855469,902.1008773803712,1068.8684140457297,1015.2095705045932,69.75945722060699,55.106565372282034,47.88024252009969,7.226322852182342,1174.3427710308529,828.9622338519596,27.36637279927385,0,1085.9249877929688,1008.625,52.65357753208705
2026-06-03,1118.0,1148.0,1080.699951171875,1138.0,182936,1098.0055745442708,1003.2227283824574,918.1450024414064,903.8814630126952,1082.6947312365835,1026.3723368223575,72.05640649686802,57.74385516042821,49.8529650481654,7.8908901122628095,1192.1430931008858,830.0669105612236,27.582827677098955,0,1088.9749755859375,1010.7000122070312,54.93215070452008
2026-06-04,1145.0,1171.5999755859375,1084.0,1095.199951171875,249308,1099.8055691189236,1012.1022727272727,924.4160009765624,905.3769815063476,1085.195775223642,1032.6293926723135,63.04712832683107,55.73780930262456,51.029933899057234,4.707875403567321,1200.8838133992608,835.2161866007391,28.17051005227249,0,1105.3999633789062,1022.5,58.35714721679688
2026-06-05,1095.199951171875,1125.0,1088.300048828125,1102.0,82441,1098.1888970269097,1019.059090354226,931.4750012207032,906.918469543457,1088.5566201789136,1038.935811520285,63.82110024226959,54.07338628006323,51.63862437525843,2.4347619048048017,1209.2659480391417,841.8740544022644,28.71621511493364,0,1105.3999633789062,1024.875,58.8249991280692
2026-06-08,1101.699951171875,1123.0,1051.5999755859375,1056.199951171875,145129,1092.1722276475691,1023.5999977805398,936.7190002441406,908.0756079101562,1082.0852863775058,1040.5052787613386,55.40409720401536,48.49956507347633,51.010812514902014,-2.511247441425681,1209.6265359329243,855.0784628463724,28.029559650701668,0,1105.3999633789062,1024.875,61.98214285714285
