Date,Open,High,Low,Close,Volume,SMA_9,SMA_22,SMA_50,SMA_200,EMA_9,EMA_21,RSI_14,MACD_Line,MACD_Signal,MACD_Hist,BB_Upper,BB_Lower,ADX_14,ST_Direction,Ichi_Tenkan,Ichi_Kijun,ATR_14
2024-12-18,189.46929471701145,189.7353713436277,184.88166046236225,185.3495941162109,2125891,195.20586819118924,188.59346840598369,192.52520568847655,,191.77765927024777,191.5272448995416,43.24763074296892,0.0831288896793012,0.3336206690388031,-0.2504917793595019,208.53196312275952,171.53884376200608,21.32050174750639,0,195.6167144894968,188.07923352196264,6.777900686878559
2024-12-19,181.67032405846533,188.73527830511364,181.4868214806984,186.36805725097656,2722263,193.2433827718099,189.16024988347837,192.14479919433597,,190.69573886639355,191.0582278405811,44.41685541071055,-0.3622420633691376,0.1944481225572149,-0.5566901859263527,207.0942218472947,174.52537043786157,21.201281448502208,0,193.91929499866484,188.07923352196264,6.939778750124357
2024-12-20,187.1754811701417,188.0838378100636,182.58784682773623,184.09259033203125,2456339,190.9862687852648,189.59857801957563,191.60217376708985,,189.3751091595211,190.42498806707655,42.319074957600506,-0.8885700336406899,-0.0221555086823659,-0.8664145249583239,207.0050330505657,174.79439627072338,21.09057688514118,0,193.32291252677172,188.07923352196264,6.1657795079221165
2024-12-23,185.3404202294304,186.12949386566865,178.78010897491416,179.93618774414062,2103064,188.8311004638672,190.01021367853335,191.01495635986328,,187.487324876445,189.4714607649915,38.72160375433901,-1.6223739770910015,-0.3421992023640931,-1.2801747747269083,206.6885638382674,175.38704193565837,21.495590187032175,0,189.8592454906897,188.07923352196264,6.192650201590747
2024-12-24,181.5693809822912,185.6890814245336,180.76195290443744,181.93638610839844,1908859,187.17649163140192,189.9939485029741,190.4730645751953,,186.37713712283568,188.78645397802848,41.30734498498963,-2.019243020798257,-0.677607966050926,-1.3416350547473308,206.58295555437087,175.62110175764087,21.87167396735953,0,188.0287749305939,188.07923352196264,6.217554579703822
2024-12-26,183.1383508178757,183.1383508178757,180.01875136686402,180.5509185791016,936739,185.86646525065103,190.14742556485265,189.91172119140623,,185.21189341408885,188.0377689417624,40.04681376784639,-2.417690615546462,-1.0256244959500331,-1.392066119596429,206.7106853340131,175.33647195358455,22.32361664364282,0,187.28099259872215,188.07923352196264,5.513025919285592
2024-12-27,181.6703076708173,183.23010044165875,178.74339491828732,179.50494384765625,1232841,184.3025919596354,190.095292524858,189.28027923583983,,184.07050350080232,187.2620575695709,39.07728602251521,-2.7857522069255083,-1.3776500381451284,-1.40810216878038,206.94202375463735,174.828038501222,22.922866983257595,0,187.08371368656776,188.07923352196264,5.3747414942583145
2024-12-30,179.79857189250066,181.385889460038,174.4677290089939,176.88999938964844,1636235,182.70711602105035,189.8575689142401,188.71288024902344,,182.63440267857155,186.319143189578,36.68606684025893,-3.250972644605696,-1.752314559437242,-1.498658085168454,207.5214737172559,173.52007291360349,24.03477604827729,0,183.69804963783236,188.96464103099717,5.560869162690835
2024-12-31,176.1559888900166,182.0832046326656,175.38525567860754,181.13815307617188,1811039,181.75187004937067,189.80585341020063,188.28329406738283,,182.3351527580916,185.8481440883592,42.80881659877591,-3.2395294154347027,-2.049757530636734,-1.1897718847979686,206.86357511127443,172.54202181255368,24.876034350547727,0,182.1015501763108,190.40974876281257,5.547761860535228
2025-01-01,182.3584544529044,189.7170234281581,180.6334995608611,186.91856384277344,6197651,181.9262000189887,189.93055378307,187.94362579345704,,183.251834975028,185.9454549751241,49.9072892749554,-2.7325308195697176,-2.186312188423331,-0.5462186311463864,206.33811774291144,172.27932457886587,23.85664709563341,0,182.092376218576,190.40974876281257,5.86955184649031
2025-01-02,187.63424378567515,187.76269698668807,183.7622792975517,186.48733520507807,1421923,181.939453125,189.4300849220969,187.6914895629883,,183.89893502103803,185.99471681421088,49.414542054269305,-2.338569750379748,-2.2167637008146146,-0.1218060495651327,206.1773951079193,172.0455113862213,22.910073216070117,0,182.092376218576,190.40974876281257,5.752239933748655
2025-01-03,186.5332084258348,188.4600063798515,184.69815475514352,185.4872283935547,2614425,182.0944129096137,189.00677212801847,187.6089123535156,,184.21659369554132,185.9485815032421,48.22533111922593,-2.083041025860922,-2.190019165823876,0.1069781399629539,204.3925067136879,172.22381103533553,21.878763741224606,0,182.092376218576,190.40974876281257,5.507783861232062
2025-01-06,185.3404196018372,186.07444386567653,177.51391686442116,178.8259735107422,2969943,181.97105577256943,188.479193947532,187.30888092041016,,183.13846965858156,185.30107168574213,41.12603474646517,-2.3904842548427894,-2.230112183627659,-0.1603720712151304,201.84348038090005,172.25239211665857,22.07338976665176,0,182.092376218576,190.40974876281257,5.792216958594671
2025-01-07,178.91772658615864,180.6151567718588,178.16534788752674,179.6792755126953,1491021,181.72026570638025,187.4849284778942,187.0956475830078,,182.44663082940428,184.78999930637423,42.297861460044025,-2.536046918364036,-2.2912991305749344,-0.2447477877891017,198.4790985405463,173.1440398871881,22.25411393311984,0,182.092376218576,190.40974876281257,5.698498621812113
2025-01-08,181.76207720525065,187.6342435297588,180.3674324530491,184.450424194336,7076250,182.1535441080729,186.5949283946644,187.0314208984375,,182.84738950239063,184.75912884164347,48.47342065058396,-2.2405864673923475,-2.281156597938417,0.0405701305460697,196.0235636821404,174.11134690135572,20.9403559810774,0,182.092376218576,190.40974876281257,5.92001698865483
2025-01-09,184.3770148890169,186.212068560966,180.98216839598072,181.9822692871093,1804622,182.42880249023435,185.5756398981268,186.87599212646484,,182.6743654593344,184.50668706395857,45.74588426530924,-2.18045646031419,-2.261016570413572,0.0805601100993822,193.84373367185248,174.80661728029594,19.72043788275228,0,182.092376218576,190.40974876281257,5.77583437012412
2025-01-10,182.12907507917728,182.12907507917728,172.67854596517552,174.55947875976562,2621364,182.1698557535807,184.4495842673562,186.52256103515623,,181.05138811942064,183.60239539994103,38.69420861396416,-2.7006289873166907,-2.348939053794196,-0.3516899335224948,193.122408596936,173.74977463060307,19.86441947059473,0,181.1977846966668,189.5151572409034,6.058301379529433
2025-01-13,169.74247290376118,171.6601007240496,163.36566388393297,164.87957763671875,3171386,180.36334737141925,182.9973893599077,185.8990100097656,,177.81702602288027,181.9003210578299,31.80819696486409,-3.849581011310221,-2.649067445297401,-1.2005135660128197,193.6623673506809,170.33979329385036,21.023280407304927,0,176.5413436560455,184.8587162002821,6.3329035213207305
2025-01-14,164.38410823889697,169.56812916569058,164.38410823889697,167.69638061523438,2028486,178.227549235026,181.87717229669744,185.39345275878907,,175.7928969413511,180.60905374486663,35.41029335300935,-4.481184997505494,-3.01549095573902,-1.4656940417664743,193.2821239637528,168.3647464586105,22.099365562821543,0,175.91283513189222,184.8587162002821,6.292269753206489
2025-01-15,168.82494567642465,169.83423084310814,165.2557666783881,167.64134216308594,1611879,176.13355000813803,180.6981513283469,184.8159616088867,,174.16258598569806,179.43017087379567,35.37097777676786,-4.929354321932379,-3.398263628977692,-1.5310906929546877,192.7549398489219,166.68252810762104,23.039871667629875,0,175.91283513189222,184.26233372838905,6.396474375614228
2025-01-16,168.89833943493235,171.1279228969924,168.46710070764246,168.81576538085938,1750818,174.28116522894965,179.67844598943535,184.400322265625,,173.09322186473034,178.46522491989236,36.97889697648036,-5.130622973875404,-3.744735497957234,-1.38588747591817,192.5088078683859,165.27527721462192,23.617008984106533,0,175.49995370684587,182.15202294519912,6.325036890652446
2025-01-17,168.73318203996868,172.54092686598784,167.54040833577704,169.62318420410156,2034064,173.25863308376736,178.7642558704723,184.00284942626956,,172.3992143326046,177.66140303663866,38.1187649026255,-5.165433971989529,-4.028875192763693,-1.1365587792258358,191.79470477729123,164.3148930010291,23.82696454278713,0,175.49995370684587,180.3215523851033,6.188062467735782
2025-01-20,171.11876672925064,171.93536510966044,168.9625729156324,170.843505859375,1793910,172.2768809000651,178.1048882224343,183.42517486572265,,172.08807263795867,177.04159420234194,39.88841278421445,-5.036494605168343,-4.230399075244623,-0.80609552992372,191.18402579892657,163.6006635321281,24.02192327584769,0,175.49995370684587,179.57377005323158,5.921979842019352
2025-01-21,171.11875653780984,174.31174603729175,166.98988573662945,167.56793212890625,1928557,170.40104844835068,177.25033708052203,182.90200103759764,,171.1840445361482,176.18035219566596,36.84277685157048,-5.139377112737094,-4.4121946827431175,-0.7271824299939764,191.1807941534601,162.36706961607112,23.62831718507915,0,174.78886622244949,179.39484816939057,5.796146730116876
2025-01-22,168.08174647373326,168.66896309975323,161.2094653033045,163.7143096923828,1901642,168.37127516004773,176.32405159690165,182.3812130737305,,169.69009756739513,175.0470756044584,33.59304812082924,-5.468826142233127,-4.62352097464112,-0.8453051675920067,191.1715773806104,160.55407874731932,24.093715897765108,0,171.6692701912409,177.06891778498763,6.043223880639185
2025-01-23,164.58597273171785,167.43948182814887,163.3656603270989,164.45751953125,1501691,167.24883524576822,175.62047576904297,181.91529296875,,168.6435819601661,174.08438868871218,34.78772667141179,-5.605331279139676,-4.819883035540832,-0.7854482435988448,191.0077667336778,159.1085494894667,24.52587184525921,0,167.76060567029813,175.47241832346612,6.065507443235041
2025-01-24,165.15484106874865,167.0816531480238,159.64967969979037,160.46627807617188,1603263,166.7584686279297,174.64456176757812,181.4572637939453,,167.00812118336725,172.8463786330267,31.50935445478511,-5.966790960834601,-5.049264620599586,-0.9175263402350148,191.17190655755155,157.04054308844457,25.407126369238757,0,166.98071286854105,174.6833515639742,5.984896475162046
2025-01-27,159.6496710054106,159.6496710054106,153.31874137602514,155.5574951171875,2707018,165.40970357259116,173.50849706476384,181.0766735839844,,164.7179959701313,171.2746619497686,28.01280753272121,-6.5735720761460925,-5.354126111708887,-1.219445964437205,191.94061756020537,154.1385816585446,26.90195286092061,0,163.81524370665846,171.51788240209163,6.32044846200595
2025-01-28,157.8146154886039,158.35595296071955,149.1898688469242,155.34646606445312,3056887,164.0436062282986,172.41038443825462,180.68947692871092,,162.84368998899566,169.82664414201264,27.869626954119767,-6.990892109999777,-5.681479311367066,-1.309412798632711,191.8085093431677,151.69152117441038,28.65537937473274,0,161.750807442108,169.45344613754116,6.406956754629653
2025-01-29,156.80534083626927,161.71411532719185,155.97957223048292,161.0167999267578,1712653,163.1770545111762,171.6888753717596,180.4318356323242,,162.4783119765481,169.0257492133531,37.163384249437286,-6.785849639131499,-5.902353376919953,-0.8834962622115459,189.718757938235,151.19109618774155,29.449989437085684,0,161.750807442108,169.45344613754116,6.488224547326327
2025-01-30,161.41131679871629,163.13627170368028,159.72307080681648,160.50296020507812,1256544,162.1636962890625,170.75091205943716,180.152907409668,,162.08324162225412,168.25095021260083,36.70189103816156,-6.588862272070884,-6.03965515595014,-0.5492071161207441,187.3415689354457,150.96984769053083,29.848881280310845,0,161.750807442108,169.45344613754116,6.056986817530758
2025-01-31,160.9342173904794,164.46670165945562,159.9708253174403,162.7509307861328,2593673,161.26452128092447,169.6523832841353,179.99032196044922,,162.2167794550299,167.75094844655828,40.20049880121967,-6.180115402271781,-6.067747205214468,-0.1123681970573127,184.68529150168692,151.3524953635474,29.900294261095222,0,161.750807442108,169.45344613754116,5.578562636543806
2025-02-01,161.4755422924264,167.1458510459753,155.58502207258874,162.98028564453125,1677748,160.75478278266058,168.58388103138316,179.60404327392578,,162.36948069293015,167.31725182819218,40.56147167910872,-5.771147348599442,-6.008427233891464,0.2372798852920219,183.2229389753874,151.2302791032259,30.46912560179428,0,158.9294159733387,169.45344613754116,6.034048925586158
2025-02-03,162.4022579756506,164.42081431426118,158.48441427275043,161.9159698486328,1935454,160.55496724446616,167.5124601884322,179.29887420654296,,162.2787785240707,166.8262261936868,39.373706585465946,-5.469865405952362,-5.900714868303644,0.4308494623512819,181.3668340762808,151.31005343592622,30.9973261324434,0,158.31467533753653,169.45344613754116,6.1310443453569246
2025-02-04,173.59607719597366,177.71577779203065,168.5955586642335,172.3941192626953,24281393,161.43681165907117,167.2201031771573,179.1337191772461,,164.30184667179566,167.3323982908694,53.73688330735024,-4.335619880466538,-5.587695870736223,1.2520759902696843,178.50202432608927,152.9692326929537,28.83144063143069,0,163.45282331947743,169.45344613754116,7.010560574606308
2025-02-05,172.35743133994998,184.41373407629536,171.9445330404802,178.0369110107422,18059415,163.38910420735678,167.14545024525034,179.0520590209961,,167.04885953958498,168.30553581085783,59.32551702993641,-2.9474199717036527,-5.059640690929709,2.1122207192260563,177.33264125436398,153.74407993704227,27.64191826054344,0,166.80180146160978,168.82493761338787,7.544037896435191
2025-02-06,179.560004648485,197.2682759399044,177.95433263502068,192.7723999023437,41149277,167.5240936279297,167.52372186834162,179.2619891357422,,172.19356761213675,170.52979618281108,69.63965031380013,-0.6507295336368202,-4.177858459471131,3.527128925834311,183.0208649573628,149.87714834830126,27.847018743584773,0,173.2290723934143,173.2290723934143,8.711262975782025
2025-02-07,194.14869782811425,196.1213750648844,189.2399233082218,192.4971466064453,17731571,171.65194702148438,168.00167083740234,179.42842895507812,,176.25428341099845,172.5268280395051,69.28621479196983,1.1341300000320302,-3.115460767570499,4.249590767602529,188.05171696288187,147.60805323975484,28.037469192123154,0,176.42664900624658,173.2290723934143,8.67980522263919
2025-02-10,191.51536024590723,197.7270204463852,189.85463901956865,193.10269165039065,17945555,175.21704610188803,168.84454415061256,179.34052978515626,,179.62396505887688,174.39736109504014,69.65113231293438,2.567905250713721,-1.978787563913655,4.546692814627376,192.26462298163705,145.93577832451533,28.360022401725445,0,176.65602125948698,173.4584446466547,8.709296910522609
2025-02-11,193.13940018384403,196.11219219116973,189.10228768037817,190.3225860595703,8737980,178.53033786349826,170.00104453346947,179.25097930908203,,181.7636892590156,175.84510881908832,65.78658829858526,3.4401947561030117,-0.8949910999103218,4.335185856013333,195.2451831013418,145.22334259445898,28.521326970293096,0,176.65602125948698,173.4584446466547,8.919017125504151
2025-02-12,191.30434032035208,193.5981573505721,187.037846244282,190.05650329589844,9610000,181.56429036458331,171.0174137462269,179.2434555053711,,183.42225206639213,177.1370537715256,65.41250271003412,4.063181985660918,0.0966435172039262,3.966538468456992,197.81221258498917,144.78038690231557,28.2852975367952,0,176.65602125948698,173.4584446466547,8.856755529651055
2025-02-13,191.5796081698176,195.8277479448963,189.0655795726369,189.76290893554688,11161485,184.5401373969184,172.0229395086115,179.0076513671875,,184.6903834402231,178.2848587864366,64.97348160169359,4.481552692486929,0.9736253522605268,3.507927340226402,200.0526555298921,144.55391643055714,28.31124899077212,0,178.10571735956782,173.4584446466547,8.829229220516245
2025-02-14,191.2125776382601,191.48783847562103,178.6424634020242,180.38577270507807,5229498,186.5923377143012,172.54884893243965,178.53475830078125,,183.82946129319407,178.47585096085854,52.78744500789684,4.010230524834753,1.5809463867753724,2.429284138059381,200.75133749335728,144.80946115166225,26.610808524017205,0,183.1612895553093,173.4584446466547,9.092035717644924
2025-02-17,179.00030012867464,192.2218646824277,178.00019927632923,190.95567321777344,9074421,188.6547325981988,173.51850752397016,178.26573944091797,,185.25470367810996,179.6103802569417,61.54305613889239,4.438443334384004,2.1524457762970988,2.2859975580869056,202.9401477897399,144.95942496416632,25.127549465044453,0,184.8357767434327,173.4584446466547,9.653036870742053
2025-02-18,190.9556764864408,192.1117692349485,188.09299730032288,190.4326934814453,4846491,190.03204176161023,174.4089251431552,178.0877392578125,,186.290301638777,180.59422691371475,60.94086244586875,4.68163796877522,2.6582842147927237,2.023353753982497,204.7486980629673,145.82271306984524,23.750237481712613,0,187.84067654070293,173.4584446466547,9.696291944867896
2025-02-19,189.74455731953103,194.28631247338456,188.5609398307376,190.55197143554688,4088339,189.7853274875217,175.45365420254794,177.96222137451173,,187.142635598131,181.4994764156995,61.03451018277531,4.828338126317476,3.0922949970976736,1.7360431292198024,206.344104245214,146.8367520780282,22.78065247400977,0,187.8636098613572,173.4584446466547,9.784113109198726
2025-02-20,190.120735210894,198.1766194297277,189.8454743696332,196.3140411376953,8971646,190.2094268798828,176.93546017733487,178.04167907714844,,188.97691670604388,182.84625502679,65.355753904407,5.347902634804683,3.543416524639076,1.8044861101656071,208.36479503996387,148.4008375894307,22.40262400281445,0,188.08840935302845,173.68324413832596,9.553421401106435
2025-02-21,196.25898080457847,200.3786812582484,195.0662071412472,197.65362548828125,6079188,190.715086195204,178.44437408447266,178.1231555175781,,190.71225846249132,184.1923796141983,66.29168086905115,5.800885515463278,3.994910322803917,1.805975192659362,209.62118123034625,151.35406443615764,22.33023588457277,0,189.18944026728883,174.7842750525863,9.50885526364147
2025-02-24,196.3048645451543,197.51600669367247,193.50640488412205,196.781982421875,2951632,191.43279690212677,180.09508791836825,178.23380950927734,,191.9262032543681,185.33688896035076,65.06005564979384,6.020146895121059,4.399957637267345,1.6201892578537134,210.0096919411103,155.1091053611358,21.96120177728561,0,189.18944026728883,174.7842750525863,8.676527596552997
2025-02-25,197.2682731224851,200.5530209317293,196.85538883927524,199.39694213867188,4201668,192.47062344021268,182.08779005570844,178.427041015625,,193.42035103122885,186.61507561292535,67.03855877849122,6.331927988841073,4.786351707582091,1.545576281258982,210.93584289419823,158.02096862923926,22.021012937280997,0,189.2766101040293,174.87144488932677,8.055230273270078
2025-02-27,201.85591769599063,203.59921320322533,198.9290046493429,200.4521026611328,5889216,193.65831163194449,184.13804626464844,178.72909118652345,,194.82670135720969,187.8729871627624,67.83015144732121,6.588214551366832,5.14672427633904,1.4414902750277925,211.2931794494014,161.65854631964157,22.45400042522339,0,190.7997062397773,176.39454102507477,7.0092492196271285
2025-02-28,200.02084934825604,200.82827744041552,193.24032662073049,195.0937347412109,7794409,195.2925296359592,185.6869978471236,178.90360473632813,,194.8801080340099,188.5294187608032,59.95562918988224,6.286481345473106,5.374675690165853,0.9118056553072532,210.4988936184633,165.6871125460874,21.749052697826933,0,190.7997062397773,176.39454102507477,7.059713438414444
2025-03-03,195.89198344181955,200.9383811417259,193.6073365339182,199.415283203125,5459323,196.23248630099823,187.45573980158025,179.21005859375,,195.78714306783291,189.51904280101425,63.62349884217036,6.323178781173766,5.564376308367436,0.7588024728063303,209.4664855181924,170.36302040221773,21.110166644573027,0,195.8461052517741,176.39454102507477,7.021046522770955
2025-03-04,198.18579012512225,205.6177628549535,196.44249479360525,203.72764587402344,8329827,197.70970323350696,189.31831776012075,179.68588775634765,,197.37524362907104,190.81073398946964,66.88322440474352,6.623877454900679,5.776276537674084,0.847600917226595,207.4648731534317,176.54580036951742,21.160009615703192,0,197.08935134284556,177.40381585093886,7.175715347810718
2025-03-05,203.7184830445776,205.5627069517604,202.51652512494488,203.9937438964844,4543643,199.20323350694449,191.18256586248225,180.12703491210937,,198.69894368255376,192.0091894355619,67.07926261119161,6.805208993602122,5.982063028859692,0.8231459647424302,206.9185550613899,180.25208092493824,21.20629237460977,0,197.73161861229332,180.6013924637711,6.924706113562534
2025-03-06,212.86623898038425,231.17089767884312,209.4989169662106,225.6015167236328,73958588,202.4573974609375,194.07736344770956,181.028046875,,204.0794582907696,195.06303737084107,78.30824511515767,8.593422601376005,6.504334943362955,2.0890876580130504,213.8202685914285,178.10682796618872,23.460405071738062,0,212.2056121497868,193.37795987571596,8.382919357141057
2025-03-07,224.7940751364919,227.1612960567465,218.9219089779637,220.82118225097656,12884050,205.0315704345703,196.27859358354047,181.8543716430664,,207.427803082811,197.40468690539885,72.42280237018308,9.51517669396273,7.10650329348291,2.40867340047982,218.30689933388783,176.4250754585926,25.553509719071474,0,212.2056121497868,193.37795987571596,8.053920214654338
2025-03-10,220.1789150816673,222.6378802722272,208.51714288220728,215.4444732666016,10701261,207.10518052842883,197.9789373224432,182.62546112060548,,209.03113711956917,199.04466748369,66.37982866776491,9.700002383771846,7.6252031115406975,2.0747992722311484,220.8022490828237,176.2244583756724,25.7815347227739,0,212.2056121497868,193.37795987571596,8.046711070648726
2025-03-11,211.94870607843103,222.8214050423343,211.03117921229068,221.4634552001953,11450565,209.5570153130425,199.28307619961825,183.43196716308597,,211.5176007356944,201.08273909428135,69.45266801819085,10.214414205148046,8.143045330262169,2.071368874885877,224.2840241618759,175.57875965160065,26.008427033019743,0,212.2056121497868,194.8276559757968,8.601814920321441
2025-03-12,223.85819817325407,224.0141760585695,216.69231567542528,220.133041381836,7181341,211.74378628200955,200.53925323486328,184.0962567138672,,213.24068886492276,202.81458475678636,67.97379847911344,10.39490995199651,8.593418254609038,1.8014916973874728,226.9204601162436,175.92336922945955,26.32270907389902,0,212.2056121497868,199.8832281715383,8.715849758928387
2025-03-13,221.12397482075315,221.72036168382309,210.1595315664329,212.0221099853516,8016854,213.62471686469183,201.3992267955433,184.60695220947267,,212.9969730890085,203.6516325048377,59.63656077044669,9.77083762001294,8.828902127689819,0.9419354923231218,227.8491977917149,177.19119222293355,25.61343302795309,0,212.38911710638064,201.55771535966164,8.946541548735222
2025-03-17,214.60952108971395,217.4538598781327,210.2971477656181,216.5546875,6810528,215.52909511990015,202.5915950428356,185.2283013916016,,213.7085159712068,204.82463750439797,62.411151087124765,9.532116618971996,8.969545025946255,0.5625715930257424,229.18183996092108,178.5377279101727,24.954819556717585,0,213.80669623622416,204.56261515693188,9.078272834129036
2025-03-18,225.63674926757807,225.63674926757807,225.63674926757807,225.63674926757807,0,217.96343994140625,204.2088789506392,186.16451690673827,,216.0941626304811,206.71664766468703,67.26656422605193,9.96095134184958,9.16782628912692,0.7931250527226599,230.68827173467807,181.5563937926657,25.149725395034725,0,216.843711401894,204.58554847758617,9.430761488658955
2025-03-19,212.40561490419947,214.3080739660965,208.4095128974361,209.1551971435547,6622485,218.5369347466363,205.09034659645772,186.75403533935548,,214.70636953309585,206.93833398094773,53.70822980725119,8.868650156525575,9.10799106260665,-0.2393409060810754,230.559068726408,183.50554919351396,23.51376171490275,0,219.7902052881396,204.58554847758617,10.391918478679504
2025-03-20,210.3215162747372,214.33674230429884,205.63708833816648,206.87033081054688,7033802,216.4556918674045,206.2941901467063,187.20243347167968,,213.13916178858605,206.93215187454769,52.13924335416356,7.729522851926106,8.832297420470542,-1.1027745685444366,230.05013273195445,185.6582489208776,22.26724135883449,0,216.3991921974565,204.58554847758617,10.679736008125928
2025-03-21,207.45349237313147,210.2259064822856,205.92387553445568,207.9028167724609,4533876,215.02031792534723,207.0645148537376,187.72084442138672,203.2902725982666,212.09189278536104,207.02039413799432,52.81010872150732,6.831322016487462,8.432102339673927,-1.6007803231864646,229.3728052103992,188.07066097612423,21.109758171056814,0,215.6369188028723,204.58554847758617,10.44502744585056
2025-03-24,208.4095186623924,212.0423480519908,208.2278750047861,209.64276123046875,3668627,214.3756832546658,207.93769975142047,188.4225100708008,203.49459640502928,211.60206647438255,207.25879114640108,53.98076952502767,6.188552577777017,7.983392387294545,-1.7948398095175282,229.1963648351729,189.5799733606279,19.81669360737704,0,215.6369188028723,204.58554847758617,10.217062208116433
2025-03-25,210.70391758899032,210.98116776249995,198.32363099496413,199.31788635253903,5807126,211.9150644938151,208.3361504294656,189.1112762451172,203.64096603393557,209.14523045001388,206.53689071059543,46.59412269225747,4.790796730088971,7.344873255853431,-2.55407652576446,229.0850429544247,189.85772132780187,19.618429851666622,0,211.98019013127112,204.58554847758617,10.46579568712983
2025-03-26,200.7614572233098,200.94310087575127,195.81890309836075,196.63150024414065,3227539,209.30378214518228,208.35058038884944,189.6899786376953,203.74270721435548,206.64248440883924,205.63640066819045,44.87357294791116,3.426794291143892,6.561257462911524,-3.1344631717676315,229.0981197061075,189.82959635834564,19.658984233501045,0,210.7278261829694,204.58554847758617,10.614225397885187
2025-03-27,196.4594337972136,200.8188232788584,195.8858237759408,199.7767791748047,4774883,207.9431898328993,208.4470873746005,190.3326873779297,203.8281644439697,205.26934336203232,205.10370780515532,47.32606319477023,2.569985066597212,5.763002983648661,-3.193017917051449,229.07680484278112,189.8888949252853,19.696641873775857,0,210.7278261829694,209.631947489583,9.025357235067966
2025-03-28,201.5644984250292,203.3426719054296,191.39258523271383,194.0311737060547,3506121,205.4405771891276,208.32205061479047,190.8369955444336,203.89384567260743,203.0217094308368,204.0971137961462,43.51740698770395,1.4110693112077115,4.892616249160472,-3.4815469379527606,229.5721881603086,188.75141871225,20.14841155977525,0,208.51466725014595,209.8659187547904,9.29040720606318
2025-04-01,193.8782119047853,199.32744858899724,192.6545241787696,197.7595977783203,3596394,202.3431159125434,208.24762587113813,191.399723815918,203.9557437133789,201.9692871003335,203.52097597634383,46.52485120172874,0.7844304623373262,4.070979091795843,-3.286548629458517,229.35037528708304,189.23981788918647,20.567911982488983,0,202.86466376850632,210.50818602423817,8.758420564649445
2025-04-02,198.56263456792453,199.2318364951018,190.43657573968127,193.8686370849609,5188203,200.64460923936636,207.9483774358576,191.8602264404297,204.0095352172852,200.349157097259,202.6434906225817,43.89795183762424,-0.025855306046651,3.2516122122273443,-3.2774675182739954,229.78891909725417,188.2466094671989,21.169729491238357,0,202.38665902199008,210.80373670926215,8.54449448789065
2025-04-03,191.6507121928463,193.48624376488544,188.7157638886557,192.1000366210937,5253480,199.0034654405382,207.81230024857956,192.35086853027343,204.04801834106445,198.69933300202595,201.68499480426465,42.71730538526828,-0.8014848731967561,2.4409927951425243,-3.2424776683392804,230.4450339623536,186.42773367680653,21.89327509182468,0,200.37905597032324,209.9433307837494,8.389566831687867
2025-04-04,192.15738733919835,199.6142440937434,191.65070484804087,194.3370819091797,23667233,197.49616156684027,207.58147291703656,192.96332397460935,204.1032025909424,197.8268827834567,201.01700272289327,44.74173453616503,-1.2215843700830362,1.7084773620974123,-2.9300617321804485,230.78104542608384,185.12605601434583,21.5264403456484,0,200.37905597032324,209.9433307837494,8.132617483710176
2025-04-07,180.9243131393561,194.0694085457822,178.06584714129207,189.8343048095703,7135995,195.29522196451825,206.94995741410688,193.47085968017575,204.1261070251465,196.22836718867944,200.00039382168208,41.55808655033763,-1.8959968571270736,0.9875825182525152,-2.883579375379589,228.7744133938494,183.5559668551741,22.42919133994467,0,194.523507451896,204.6183724100676,8.783654816236819
2025-04-08,193.7443567186216,194.8724378287112,183.33344243712688,185.00645446777344,7747778,193.7050628662109,206.0868988037109,193.96166320800785,204.09851333618164,193.98398464449824,198.6373084258722,38.402837977372286,-2.787903569602605,0.2324853006814913,-3.0203888702840964,227.75618251333725,180.99272495736585,23.14156260571535,0,190.70425952336083,204.6183724100676,8.95915007509441
2025-04-09,185.07338950879856,189.671780792118,183.55334189721444,187.53033447265625,5642328,192.6938222249349,204.35639051957563,194.6011199951172,204.08381042480468,192.69325461012983,197.6275835210344,40.92783299778628,-3.2535847420118387,-0.4647287078571748,-2.788856034154664,226.90437259578687,179.05312099552162,23.803050209645267,0,190.70425952336083,204.6183724100676,8.165664541148809
2025-04-11,192.13825755875465,192.13825755875465,188.9643223208152,190.56085205078125,2613958,191.6698303222656,202.9809209650213,195.3054077148437,204.07693572998048,192.26677409826016,196.98515338737505,43.901444897251984,-3.3396060846243643,-1.0397041832106129,-2.2999019014137514,224.30092300928305,178.56631026708408,23.994497151302312,0,190.70425952336083,204.6183724100676,7.873398049717811
2025-04-15,192.4633244978263,195.7232970823947,191.6698369857441,194.9298095703125,3447736,191.7696787516276,202.0484362515536,195.98366790771485,204.11378845214844,192.79938119267064,196.79830394946023,47.96792130956149,-3.020422706655893,-1.435847887899669,-1.584574818756224,221.4224102126404,178.92449988257445,23.58140122342862,0,188.8400456175177,204.6183724100676,7.934856198559491
2025-04-16,194.92979566224403,198.27581971933265,194.4422374082852,196.96609497070312,2769769,191.68151177300348,200.93491987748575,196.71293060302733,204.16963912963868,193.63272394827715,196.81355767866413,49.79460146103728,-2.573490766545092,-1.6633764636287536,-0.9101143029163384,219.957006197319,178.88430239643094,22.794607076430943,0,188.8400456175177,204.6183724100676,7.913002700810744
2025-04-17,195.2165996751339,196.3733744047883,192.1095773517937,193.2281036376953,3511484,191.610341389974,199.71196816184303,197.3224740600586,204.2206800842285,193.5517998861608,196.4876073113033,46.56300823010962,-2.4921902273073613,-1.8291392163644755,-0.663051010942886,217.28803162487148,179.22061858264803,22.344341445740845,0,188.8400456175177,202.61357159901928,7.355787047337431
2025-04-21,194.30839425234487,197.44409558545595,193.2759050932707,196.97564697265625,2231562,192.1520758734809,199.02803802490237,198.0023812866211,204.2985517883301,194.23656930345996,196.53197455324448,50.06211828434718,-2.1011428695338736,-1.8835399469983551,-0.2176029225355185,210.82581323013295,182.8167267478943,21.74562023839985,0,188.8400456175177,201.85129820443507,7.290915202363869
2025-04-22,197.67354886809832,201.5262554704932,195.38869298290007,199.1075592041016,3737014,192.68212890625,198.23498673872515,198.74621307373047,204.31307022094725,195.21076728358827,196.7661186124133,51.98818388886823,-1.600755013846367,-1.8269829603679577,0.2262279465215906,209.1305436161676,183.5072325679144,20.523549131844582,0,189.79605130589263,201.85129820443507,7.376955415554979
2025-04-23,199.80545457247243,200.9144261466997,196.077033264736,199.27964782714844,2188028,193.73161146375867,197.03693667325103,199.28392364501957,204.34110862731933,196.0245433923003,196.99462126829832,52.14862030254766,-1.1767431568242444,-1.6969349996592151,0.5201918428349708,207.8531689082278,184.02553897751432,19.38876881861469,0,192.42984895381005,201.85129820443507,6.868905859072688
2025-04-24,198.84943683901827,201.86085276383685,197.702231467064,199.48995971679688,3024173,195.3408898247613,196.59760769930756,199.71298461914063,204.2391278076172,196.71762665719965,197.2214702181618,52.3581472102237,-0.8143529396774056,-1.520418587662853,0.7060656479854477,206.18250856399595,184.85491361617977,18.1741329563414,0,192.70709733052564,201.85129820443507,6.689312779540202
2025-04-25,199.48995933951096,200.33125008485663,192.15738812044088,194.0502777099609,2695544,196.0653279622396,196.01487801291725,199.73854217529296,204.07341690063475,196.18415686775197,196.93317999014357,46.66641862701536,-0.9550833519774358,-1.40735154052577,0.4522681885483341,203.08256802257537,186.3956058055496,17.88012117201515,0,195.41258754232604,201.85129820443507,6.644927151611291
2025-04-28,193.97379310978008,201.5262563308099,191.2109337674528,200.29299926757807,5147491,197.1466776529948,195.6689772172408,199.8944592285156,203.92639572143557,197.00592534771715,197.238618106274,52.98322909601651,-0.556463199160703,-1.2371738722527563,0.6807106730920536,203.25447007036453,186.3212150492644,17.38708386615297,0,196.5358932656448,201.85129820443507,7.01367353497214
2025-04-29,199.71940863126176,199.71940863126176,193.71568635650263,194.27017211914065,4227532,197.0733846028646,194.97022316672584,199.91780883789065,203.75929763793943,196.45877470200185,196.96875938017087,47.17766220557702,-0.7182659494028769,-1.1333922876827809,0.4151263382799037,203.09390287280792,186.24564943432097,16.929263510709518,0,196.5358932656448,196.20129472279547,6.914657368213063
2025-04-30,195.02541765659475,195.02541765659475,187.855365536867,189.03125,2452075,196.19173516167533,194.502648787065,199.8919821166992,203.5723346710205,194.9732697616015,196.2471676183372,42.78595235398274,-1.2547688321804171,-1.157667596582308,-0.0971012355981093,202.55585387893373,185.70914551071465,17.350812063150695,0,194.85810915035196,196.20129472279547,6.264572893344501
2025-05-02,188.85916596750585,191.9088303117805,187.38690717285232,191.3352203369141,2224491,195.98141479492188,194.261908791282,199.91755645751957,203.3914207458496,194.24565987666404,195.80062695638964,45.20187245080879,-1.4770139831819051,-1.2215368739022274,-0.2554771092796777,202.513660435808,185.4817436169263,17.804715659369215,0,194.62387996834457,195.05409759664144,5.763353446726204
2025-05-05,191.2778710083588,196.7271076688748,190.7233852306209,194.9871826171875,3016667,195.7604743109809,194.0441998568448,200.02204193115236,203.2377187347412,194.39396442476877,195.7266774710076,48.88615182746266,-1.3429809824554295,-1.245825695612868,-0.0971552868425618,202.2057824653932,185.51238007122785,17.240741743133277,0,194.62387996834457,195.05409759664144,5.755159414108371
2025-05-06,195.9336094105679,195.9336094105679,189.5761694198492,191.0006103515625,3697222,194.85970221625436,193.9064469770952,200.234338684082,203.05526748657223,193.7152936101275,195.2970350056035,45.30524240544423,-1.5406819064095885,-1.3047969377722122,-0.2358849686373763,202.1596716909631,185.27168817231816,16.895956576351324,0,194.62387996834457,194.523507451896,5.880124907295534
2025-05-07,188.3333558303156,190.70424881413427,187.6928329696169,189.9872436523437,1654920,193.82721286349823,193.5531581531872,200.21497009277343,202.79658493041995,192.96968361857077,194.81432670076168,44.41463711108158,-1.7588565333038275,-1.3956088568785352,-0.3632476764252923,202.1908938050373,185.02918676136892,16.868892576687138,0,194.62387996834457,190.70425952336083,5.747648646604974
2025-05-08,191.9183993794637,193.78261005493803,189.48057868653163,190.2071533203125,1899031,192.79578993055557,193.38672707297584,200.2104592895508,202.5241271972656,192.4171775589191,194.3954927570845,44.66883329091704,-1.892204469370995,-1.4949279793770271,-0.3972764899939678,202.1086023792008,184.69848532831875,16.209713780031223,0,194.4565817518311,190.70425952336083,5.781109293559185
2025-05-09,184.64317280029653,191.48818573190823,184.64317280029653,191.0484161376953,2517845,192.46224975585935,193.33892614191228,200.2203881835937,202.3001385498047,192.1434252746744,194.09121306441276,45.69199546137484,-1.908006479782017,-1.577543679458025,-0.3304628003239918,202.08099156386797,184.8475072764641,16.35102172718851,0,193.0847145655532,190.70425952336083,5.923144673037919
2025-05-12,195.02542528982207,196.5550423035694,194.0694183031073,195.2931060791016,2271941,191.90670606825088,193.38238178599968,200.19996948242184,202.160128326416,192.77336143555985,194.2004760657481,50.65055861716954,-1.5600355640684145,-1.5740420563801032,0.0140064923116889,201.645308821922,186.3118551795428,15.518841049436231,0,192.18129071577917,189.96334995256444,6.015332831474593
2025-05-13,195.68506468312145,197.51104145632445,194.4135736907213,196.11526489257807,1745977,192.11171637641056,193.6678799715909,200.1692022705078,202.00939918518063,193.4417421269635,194.37454777727805,51.57286498693067,-1.2040452767326144,-1.5000427004506056,0.2959974237179912,201.4937566345785,187.3219004088785,14.576618169432535,0,191.0771071283105,189.96334995256444,5.798183208475308
2025-05-14,196.55504119463944,198.65825363604424,196.55504119463944,197.2242431640625,1331554,193.02204895019528,194.2232340032404,200.1780474853516,201.88058181762696,194.1982423343833,194.63361099425845,52.85283717730572,-0.822948690619171,-1.3646238984843186,0.5416752078651477,201.6906245908009,187.79137156398423,13.577138318861923,0,191.6507132181704,189.96334995256444,5.634297198582628
2025-05-15,197.224230162002,201.23945630134432,195.360019588826,198.8016357421875,3455793,193.85165066189236,194.7355658791282,200.16614135742188,201.65136779785155,195.11892101594415,195.01252233497925,54.68739833890245,-0.3891585250032676,-1.1695308237881086,0.7803722987848409,202.1181348056096,187.75104396636303,13.10706286924444,0,192.94131455082044,189.96334995256444,5.75721258542159
2025-05-16,199.31789525202805,204.0979300258907,198.619999672038,202.0042724609375,3220424,194.63132731119788,195.25572135231712,200.197184753418,201.4364035797119,196.4959913049429,195.64813598279363,58.24032551105236,0.2106214116616627,-0.8935003766981543,1.1041217883598171,202.99607450074865,187.37692202024743,13.14506310534166,0,194.3705514130936,191.08188858359136,5.564646041809943
2025-05-19,202.195469805033,204.6810937085616,201.00046111824204,201.5549468994141,1876959,195.8040313720703,195.55686395818535,200.326408996582,201.24148246765137,197.5077824238371,196.18511879339547,57.55843536046609,0.6422905889082529,-0.5863421835768728,1.2286327724851258,203.84847783638392,187.35720301078405,13.275657136796898,0,194.66213325442908,194.00726807284423,5.090739615164403
2025-05-20,201.86086488204336,203.1514801201632,197.03304137742992,198.25672912597656,1637928,196.72286309136285,195.61552914706144,200.30323791503903,201.01971664428712,197.657571764265,196.3734470054483,52.68248000931708,0.7100676935547767,-0.3270602081505429,1.0371279017053197,203.9770850601992,187.35670400230083,12.561821458780033,0,194.66213325442908,194.11721780288804,5.057962888854249
2025-05-21,198.2567225289736,201.1916562291921,196.46897964389748,199.52821350097656,1355845,197.75853644477,195.9018977772106,200.2192492675781,200.7912417602539,198.0317001116073,196.66024395958723,54.29007853336549,0.8565064271832057,-0.0903468810837932,0.946853308266999,204.036822915562,187.33903157662556,11.785874720505175,0,194.66213325442908,194.66213325442908,4.883150350680452
2025-05-22,199.70984030134684,201.69833645090768,197.89343298336263,200.101806640625,1770658,198.7644687228733,196.04399594393644,200.14141052246092,200.60655212402344,198.44572141741088,196.97311329422703,55.03230066020887,1.0072335894317632,0.129169213019318,0.8780643764124452,204.16008503205003,187.29798534148517,11.167963740230585,0,199.37525600583444,194.66213325442908,4.831934659867372
2025-05-23,201.11517808634065,201.4784653965768,198.3714427985276,199.00241088867188,819776,199.1766137017144,196.03921647505328,199.6094284057617,200.44548233032228,198.5570593116631,197.157594893722,53.24762836915545,1.0261451398760355,0.3085643983906616,0.7175807414853741,204.09263042642803,187.3166850642946,10.594189258547036,0,199.54733369964143,194.66213325442908,4.625027528424179
2025-05-26,198.8494390056039,200.70409476109973,197.9890386141405,198.8016357421875,1128206,199.47509935167105,196.0174886530096,199.16903747558592,200.26351516723636,198.605974597768,197.3070531526734,52.91016973323104,1.0132516689674844,0.4495018525060261,0.5637498164614583,204.4017445622576,187.48270673168773,9.96835675438778,0,200.0205566486938,194.66213325442908,4.364857253869933
2025-05-27,198.8016315851144,200.2547661550408,197.42497931755327,197.85519409179688,995880,199.54520501030817,195.9431811246005,198.81725189208984,200.13559196472167,198.45581849657376,197.3568841471392,51.2609611051587,0.9161033003445312,0.5428221420737271,0.373281158270804,204.08388259122424,187.55678818514292,9.268496095472564,0,200.0205566486938,194.66213325442908,4.330715072122928
2025-05-28,198.3714321017479,198.98327593533253,197.09038635447823,197.4536590576172,842226,199.39542982313367,196.0978802767667,198.3370559692383,200.02939750671388,198.2553866087825,197.36568186627352,50.54118708893351,0.7975186976957502,0.5937614531981318,0.2037572444976184,204.2399738406399,187.71904562957496,8.707105645660556,0,200.5750366762296,194.66213325442908,4.158633515869206
2025-05-29,199.51863273815687,210.6943554881363,199.3274342798504,208.63894653320312,25739720,200.1326158311632,196.47724151611328,198.1071740722656,199.8988459777832,200.3320985936666,198.39052410872165,65.19995848699527,1.5877956458359392,0.7925682917256933,0.7952273541102459,206.3281214671481,187.59166765638705,10.29279454471342,0,203.5816675660169,197.6687641442164,4.61546805150545
2025-05-30,209.55670587561733,210.2259077763421,205.1781926001508,206.7078094482422,3478039,200.70515611436636,197.0425886674361,198.00088806152343,199.7600151062012,201.60724076458172,199.14664095776897,61.79465790272512,2.0348131380761174,1.0410172609957782,0.9937958770803392,207.6593003967436,187.7977476379244,11.765219950976793,0,203.5816675660169,197.6687641442164,4.582688695099536
2025-06-02,207.835908364502,209.36552534356807,205.16865535054663,206.64089965820312,2698925,201.63673061794705,197.8430272882635,197.8026123046875,199.61763832092285,202.61397254330603,199.827937203263,61.6744661194268,2.356514231217602,1.304116655040143,1.052397576177459,208.90983488907412,187.71258484969536,13.129658678760624,0,203.5816675660169,197.6687641442164,4.661217425629415
2025-06-03,206.6408806924273,213.66753707555245,206.49748549583592,207.9028167724609,6920488,202.56724209255643,198.5960998535156,197.44793365478515,199.48684692382807,203.67174138913705,200.5620171640992,63.13096922219329,2.682370136882128,1.57976735140854,1.1026027854735876,209.99330731340083,188.31933306745853,15.026353776453666,0,205.37896171501532,199.15535493792447,4.991721913933012
2025-06-04,208.3903831158604,209.84351771024672,206.5931000362984,207.81678771972656,1895090,203.4244622124566,199.17926372181284,197.4211654663086,199.37764602661133,204.50075065525493,201.2215417600653,62.95531661226408,2.900239310767205,1.8438617432802729,1.056377567486932,210.6395367591676,189.45605802843,16.787570652882916,0,205.37896171501532,199.15535493792447,4.803934839749439
2025-06-05,208.54335269895176,212.2335400600732,207.4535053740355,209.26991271972656,3188664,204.56529574924045,200.0096865567294,197.46915710449215,199.29796073913573,205.45458306814928,201.95321184730724,64.73990532305328,3.153802175654164,2.105849829755051,1.047952345899113,211.2906151575825,190.71125556995665,18.75010456764913,0,205.37896171501532,199.15535493792447,4.754085149191226
2025-06-06,209.6523183832637,209.84351684785585,206.2298118932852,207.3101043701172,1407422,205.51068115234372,200.7970893166282,197.45730285644527,199.1770510864258,205.82568732854287,202.4402020766536,60.50632009628548,3.160183786344305,2.316716621072902,0.8434671652714032,211.33351802762687,192.2945215231544,20.158394082292023,0,205.37896171501532,199.15535493792447,4.749304603780591
2025-06-09,208.40950000346115,211.85113060916345,207.0806510227192,210.7325897216797,2303916,206.9415028889974,201.73006369850853,197.47909942626956,199.06820747375488,206.80706780717023,203.1940554989287,64.83148752809467,3.4021889078205163,2.533811078422425,0.8683778293980913,212.37910340213992,192.79288451289912,21.757451714809225,0,205.37896171501532,199.15535493792447,4.653021806902804
2025-06-10,212.22398021554588,215.9237223069057,211.468726584036,213.31382751464844,4872224,208.70374382866757,202.7421278520064,197.7590182495117,198.9846566772461,208.1084197486659,204.11403477308505,67.70420188189554,3.7589333835407786,2.778835539446096,0.9800978440946828,213.8481006580868,193.04374351915925,23.761427784589014,0,207.62557829337808,200.2834475536011,4.686482949755046
2025-06-11,213.6197348843244,213.8300575653836,206.60264787082443,209.99647521972656,3105195,208.8545803493924,203.4104628129439,198.02631774902343,198.80285926818848,208.48603084287805,204.64880208641608,60.82740783736276,3.730965101578079,2.969261451872492,0.7617036497055865,214.4466024475268,193.7224649352857,24.12428896739035,0,210.54618882872612,200.2834475536011,4.930947680256056
2025-06-12,209.002229342499,212.2526616410458,204.3560351020092,205.484130859375,1706058,208.71861606174045,203.8363203568892,198.14046478271484,198.58771911621093,207.88565084617744,204.724741065776,52.94923651380111,3.306575414866103,3.0367242444712144,0.2698511703948885,214.4903624451251,194.34695444940613,23.8623760372476,0,210.13987870445743,200.2834475536011,5.27306224746944
2025-06-13,199.8054398867804,204.2891145321165,198.92591529902367,202.396224975586,2177561,208.24698554144967,204.0714104392312,198.30776580810547,198.378013381958,206.78776567205915,204.5130577848496,48.335635368109,2.690065926970533,2.967392580971078,-0.2773266540005452,214.49168803861977,194.38482410737635,22.37290543613947,0,207.4248188029647,200.2834475536011,5.547573634140305
2025-06-16,202.33885394271303,205.0156761721805,197.9794648257981,203.2948608398437,1797111,207.73499043782556,204.2756479436701,198.41847106933596,198.1861048126221,206.08918470561605,204.4023126080309,49.7089665459946,2.2480757028111498,2.823529205339093,-0.5754535025279428,214.50346080358017,194.5470427364589,20.7950751369967,0,206.9515935663519,204.9965703050065,5.848032527632792
2025-06-17,204.566360395689,204.9678815589261,200.2356501359429,201.50714111328125,1010450,207.0339185926649,204.2530510642312,198.57124114990236,197.9327293395996,205.1727759871491,204.1391151994173,47.030628806434514,1.7335578486834606,2.605534934007966,-0.8719770853245055,214.33653526364523,195.0390094751243,19.329947002078416,0,206.9515935663519,205.1686479988135,6.050842659213428
2025-06-18,200.38862364689328,202.53963935173863,198.2758418027413,198.8685760498047,1171409,205.8782145182292,204.13094329833984,198.70661193847656,197.66891357421875,203.91193599968025,203.6599752767252,43.32059333699066,1.1002061020817564,2.304469167622724,-1.2042630655409678,214.38200368146028,194.92757731219208,18.35710669145545,0,206.9515935663519,205.64187094786584,5.409635596247587
2025-06-19,198.85898331776696,200.1878322804966,195.16879622459223,196.5167694091797,1349642,204.678955078125,204.0518542203036,198.75020568847657,197.43026916503905,202.4329026815801,203.01059292513017,40.27122031203255,0.403843877975504,1.9243441096932803,-1.5205002317177765,214.6766099230868,194.27446734742105,18.077357244266864,0,205.54625926574897,205.54625926574897,5.407587087655663
2025-06-20,195.9431739482003,198.9067864844453,195.4556011098531,198.16110229492188,845251,203.28212314181857,203.9897128018466,198.9167416381836,197.2064984893799,201.57854260424847,202.56973014056575,43.27759829783621,-0.0151694164414379,1.5364414044663366,-1.5516108209077746,214.736006386147,194.1309400249858,17.817589900448894,0,205.54625926574897,205.54625926574897,5.354323900625003
2025-06-23,195.40779956859103,200.24520661339943,194.2127909739017,198.49571228027344,1257730,201.6356658935547,203.9167085127397,199.1865267944336,196.9935760498047,200.96197653945347,202.1993648805392,43.89644652055736,-0.3165907802849119,1.1658349675160868,-1.4824257478009988,214.7567622388901,194.0795918260513,17.21496870243385,0,204.02142426964264,205.0682566404037,5.273064190609375
2025-06-24,201.46891784817825,203.8111320506435,200.2452300708696,200.6754302978516,1277556,200.59999423556857,203.9927548495206,199.4494287109375,196.76517341613769,200.9046672911331,202.06082537302217,47.88519587729305,-0.3752586077596049,0.8576162524609485,-1.2328748602205537,214.59331855628935,194.5250591292575,16.19480493958352,0,203.2327263074737,205.0682566404037,5.420564340353786
2025-06-25,201.2394639796178,203.5434442416216,201.2394639796178,202.0042724609375,791078,200.21334330240884,204.1383292458274,199.67829711914064,196.52758758544925,201.124588325094,202.05568419919624,50.209283625926304,-0.3109424754464669,0.6239045068794655,-0.9348469823259324,214.3371562164791,195.2362828093998,15.247510016936785,0,199.61423357304108,205.0682566404037,5.283991430191806
2025-06-26,204.6332799787524,206.4496872547812,202.922019457776,204.76712036132807,2060482,200.47677612304685,204.45250771262428,199.8750433349609,196.3230841064453,201.85309473234085,202.30217839575369,54.72964894836707,-0.0366107161905802,0.4918014622654564,-0.5284121784560366,213.97017380629967,195.2160826023917,15.034688093330804,0,200.33123911434143,205.0682566404037,5.343399275854166
2025-06-27,205.5414876707341,208.7919053616868,204.0979224739449,207.47262573242188,2659256,200.94097222222223,204.90791528875175,200.08517395019533,196.14931167602535,202.97700093235704,202.7722190627235,58.68519939662251,0.3945625802503798,0.4723536858624411,-0.0777911056120613,214.050867911292,195.21187012581743,15.31984764219829,0,201.50234816779425,205.0682566404037,5.337935225946855
2025-06-30,209.5089183959169,214.2411644941376,207.11890100793016,211.9754180908203,4224659,202.10411410861545,205.05957308682528,200.4601202392578,196.03383682250976,204.7766843640497,203.6088735198232,64.27931066211904,1.087077088043543,0.5952983662986615,0.4917787217448814,214.84455208402468,194.95163779634643,16.520425663018877,0,204.22697773401964,205.0682566404037,5.475873147445528
2025-07-01,212.3387016865048,219.164590643662,211.81289495284605,214.82432556152344,10016228,203.87697516547308,205.42850563742897,200.8170938110352,195.9156323242188,206.78621260354444,204.6284600690687,67.2964886533046,1.844520365737708,0.8451427661864708,0.9993775995512372,216.0733063514448,194.4150344078325,18.294647376473137,0,206.68869080878184,206.68869080878184,5.484750718606725
2025-07-02,215.77075729179003,217.20476766092577,210.7039177366755,215.8090057373047,3822002,206.0205569797092,205.8452377319336,201.15112274169925,195.82047233581545,208.59077123029653,205.6448733116356,68.29334607360889,2.4954886415918622,1.175211941267549,1.3202767003243132,217.4209848778282,193.8665776832069,19.619642540827005,0,206.68869080878184,206.68869080878184,5.385052388979132
2025-07-03,216.05755868594304,216.05755868594304,211.28707901920643,212.1952972412109,2086815,207.57991197374133,206.04035048051315,201.4094357299805,195.6863700866699,209.3116764324794,206.24036639614243,60.9505888020466,2.6887948621129567,1.4779285254366306,1.210866336676326,217.82668432662356,193.7534166865601,20.849995193441316,0,206.68869080878184,206.68869080878184,5.257356968006651
2025-07-04,212.2335240002595,214.24114425148105,209.3655034056614,211.1436767578125,1606114,208.98524136013452,206.19157270951703,201.6425100708008,195.55412048339844,209.67807649754604,206.68612188356695,58.96377723255867,2.725714114704658,1.727485643290236,0.998228471414422,218.24033355058532,193.72312470136777,21.402923727768812,0,209.70491035726585,206.68869080878184,5.103030503680742
2025-07-07,210.8281934253966,214.3367368803285,210.2545834696145,212.501205444336,1618976,210.29921637641056,206.33844965154475,202.01152862548827,195.43554000854493,210.24270228690403,207.21476584363688,60.74276571755894,2.8318700726150894,1.9483625291552071,0.8835075434598822,218.4974224854964,193.64289733872235,21.932785588197284,0,210.20202731163988,206.68869080878184,5.0565963599472274
2025-07-08,212.5012134642729,215.570002044763,207.55865952085773,208.390380859375,2066355,211.00878397623697,206.3875531283292,202.1734762573242,195.30925086975097,209.87223800139824,207.32163993597672,53.2189724154352,2.554839644569512,2.0696579522380683,0.4851816923314436,217.8351731567652,193.81280200192623,21.604900996637827,0,211.043305050719,206.68869080878184,5.324278143869222
2025-07-09,209.3655137150712,213.7631513450028,208.8875102591008,213.4285430908203,2517357,211.97116427951389,206.51009646329013,202.5566436767578,195.2198509216309,210.58349901928267,207.87681295005345,59.79222369779088,2.710582710636885,2.197842903917832,0.5127398067190532,218.3509129206674,193.6402690251334,21.300436733046908,0,211.63125655880344,206.68869080878184,5.349544888849467
2025-07-10,213.55283327744493,213.8874269513583,209.93912823912868,211.2010498046875,1220577,212.38543362087677,206.41406111283732,203.0000396728516,195.14339866638184,210.70700917636364,208.1790163004747,56.04284270843501,2.62402202777156,2.283078728688577,0.3409432990829821,218.84962951431297,193.7132443260191,21.045712325078707,0,213.14174582579608,206.68869080878184,5.385052984394997
2025-07-11,211.0194119734562,213.45723263638348,209.4133272843564,210.21636962890625,1310320,212.1899837917752,206.42405631325465,203.3776626586914,195.04734252929688,210.60888126687215,208.36423023942305,54.41832840662609,2.4477504584811527,2.3160130746470924,0.1317373838340603,219.2182637509462,194.1266245547179,20.631355130655656,0,213.36162508225988,206.68869080878184,5.243016535289949
2025-07-14,214.62354773876567,222.20467540744545,212.23353050336743,212.98876953125,24882915,211.9860331217448,206.7651762528853,203.73769439697264,194.9559732055664,211.08485891974772,208.7846429023164,58.10091747632583,2.5029114666772614,2.3533927530531265,0.1495187136241349,219.90099551514896,194.41328365965572,21.90996784055848,0,214.8816674641516,208.2087331906736,5.719651250159174
2025-07-15,214.0977330449033,216.38258885323225,213.8013732527676,215.6273498535156,2057654,211.9658491346571,207.3665910200639,204.23022918701173,194.8874308013916,211.9933571065013,209.4067071706072,61.30509060434196,2.7280906131464064,2.4283323250717825,0.2997582880746239,220.85124836591385,194.87505168291432,23.09725107118253,0,214.8816674641516,208.2087331906736,5.757208777174335
2025-07-16,215.62736925031547,216.4112873593042,211.6695010835704,213.6293182373047,1584599,212.12518480088977,207.83633908358487,204.70307067871093,194.82220230102536,212.320549332662,209.79058090394332,57.70634030995266,2.7140365321564275,2.4854731664887115,0.2285633656677159,221.10578146748188,196.09659280009623,23.486645212138352,0,214.8816674641516,208.2087331906736,5.778378168737914
2025-07-17,213.18953998983656,215.4743959111601,213.0078963437364,213.8300628662109,1199328,212.42367214626736,208.39647189053625,205.1755288696289,194.76715286254884,212.62245203937175,210.1578065368768,57.97327620161807,2.68811012534303,2.5260005582595757,0.1621095670834549,220.79035935839323,198.143344254888,23.848225485883045,0,214.8816674641516,208.2087331906736,5.619272217286613
2025-07-18,213.6675374394884,214.5088281609437,209.3463822622504,211.75552368164065,1578061,212.34081861707895,208.98224223743784,205.5896710205078,194.70540077209472,212.4490663678256,210.30305355003716,54.16840348622981,2.471673374508214,2.515135121509303,-0.0434617470010891,220.17003265099845,200.1231131009547,23.0313909503482,0,214.8816674641516,208.2087331906736,5.47928524674989
2025-07-21,211.27752289390983,211.99452806210184,209.2794719928833,210.15899658203125,989567,212.53733147515192,209.60234347256747,205.8869888305664,194.6285552215576,211.99105241066675,210.2899574620366,51.37396404733479,2.14657491648353,2.4414230805041486,-0.2948481640206184,219.1238112481528,202.33566293397612,22.25311537258897,0,215.54609283327312,208.2087331906736,5.148096702350076
2025-07-22,210.1589980264946,213.08437679882343,209.84351399982083,210.55096435546875,1101671,212.21760050455728,210.16551902077416,206.1757028198242,194.5593123626709,211.70303479962715,210.3136853614395,52.02828772636772,1.89867383965597,2.332873232334513,-0.434199392678543,218.16316114563477,204.28386644225583,21.79047356556434,0,215.7420737001644,208.2087331906736,4.915240479118099
2025-07-23,210.4171381596525,219.5947962418436,210.4171381596525,218.60055541992188,5079873,213.03976779513889,211.0793755271218,206.60322906494144,194.5706428527832,213.0825389236861,211.06703718493787,63.0304114935857,2.324944661076131,2.3312875180828367,-0.0063428570067056,218.28412332036933,205.8225325634197,22.62698309993721,0,215.7420737001644,208.2087331906736,5.230038937364848
2025-07-24,219.2123858665276,220.8375946848016,216.01932631018204,217.9695739746093,2824023,213.90123494466147,211.86547296697444,206.98658782958984,194.61235389709472,214.05994593387075,211.69454052945343,61.8332821944517,2.5820877288182658,2.3814475602299225,0.2006401685883432,218.47368197065325,206.95321927446392,23.600724399958,0,215.7420737001644,208.2087331906736,5.225940903707699
2025-07-25,217.58717982893,219.4991936601596,211.5643333430552,212.4629821777344,1884426,213.84281412760416,212.34086886319247,207.1957620239258,194.66181091308596,213.7405531826435,211.76439886111527,52.467715683133136,2.314855314007218,2.368129110985381,-0.0532737969781633,218.1734349490864,207.75250194056207,23.16177516755496,0,215.05853333884244,208.2087331906736,5.501134254164155
2025-07-28,211.9084951058408,215.57955813809969,208.05578842673705,208.9544372558593,1503170,213.10137939453125,212.53120144930756,207.34375183105465,194.6796411895752,212.7833299972867,211.50894780609204,47.52812178059051,1.7992211455127176,2.254347517890849,-0.4551263723781313,218.3101356878674,207.31370311828493,21.875112548657384,0,214.4466915557693,208.2087331906736,5.4663076246968245
2025-07-29,208.9544300445108,213.14173024499564,208.5146604627209,212.66372680664065,1166531,212.9940914577908,212.76716058904475,207.631891784668,194.6868405151367,212.7594093591575,211.6139277152328,52.60799158295497,1.6706280586290632,2.137603626038492,-0.4669755674094284,218.11991032246428,207.28786860819977,20.68035440253821,0,214.4466915557693,211.22495273915752,5.413043288743034
2025-07-30,211.27752902931297,213.61974306258884,209.69055404329453,210.5892028808593,962958,212.63399590386285,212.70415080677375,207.8531115722656,194.6933012390137,212.32536806349788,211.520770912108,49.70946394036051,1.3853509046421948,1.9871530817592324,-0.6018021771170377,217.7304402759569,207.1553583690626,19.681278803903,0,214.4466915557693,211.72206969353164,5.411678310676227
2025-07-31,209.26990272209872,210.7517163214801,207.22404855771325,208.51466369628903,1050613,212.2739003499349,212.4173479947177,208.02136871337888,194.69071968078612,211.56322719005607,211.24748843794265,46.92514352468053,0.9805653828959464,1.7858355419865752,-0.8052701590906288,217.8312298868261,206.68650540370123,18.429847074551176,0,214.03082162125745,212.56334743261075,5.374804197229068
2025-08-01,209.30815037911427,213.3520554305893,207.7402996663965,208.8014678955078,1389042,212.12306382921008,212.09882354736328,208.2173498535156,194.6916365814209,211.01087533114648,211.0251229340849,47.36408924663094,0.6751301622871893,1.5636944660466985,-0.888564303759509,217.9078826861981,206.3756317180988,17.58742185526261,0,214.03082162125745,213.1512989406952,4.919336339061467
2025-08-04,208.52422659508545,210.8951342809835,207.5586648487169,209.90087890625,1080791,212.05083211263025,211.99453180486503,208.43933471679685,194.68575576782223,210.7888760461672,210.92291893155445,49.10182393970688,0.5158375753476321,1.354123087906885,-0.838285512559253,217.86041526050025,206.163066489988,16.75614912103509,0,214.03082162125745,214.6617882076878,4.915239918367495
2025-08-05,210.3215170158312,214.91035303186,210.13987337168,212.25265502929688,2886762,211.3455098470052,212.04493990811437,208.72728393554684,194.7207192993164,211.0816318427932,211.0438040313492,52.69923505315178,0.5727632725999285,1.197851124845494,-0.6250878522455654,217.79961050211637,206.6100986653641,16.87678109963966,0,214.03082162125745,214.71436198257936,4.934360479072938
2025-08-06,212.252664467594,213.46678277589567,202.96027586286857,203.8876037597656,2295228,209.78084648980035,211.6534125588157,208.8559628295898,194.72707000732424,209.64282622618768,210.39324037029616,41.47144396906735,-0.0564615760977744,0.9469885846568404,-1.003450160754615,218.40548318228116,205.05013205209383,16.077331421533888,0,211.22973476151407,212.582475635157,5.50864671804461
2025-08-07,203.8876015437113,205.82829443983343,200.57025633777664,205.2546844482422,1698710,208.9799245198568,211.51088090376425,208.78827758789055,194.73383354187013,208.76519787059857,209.9260989228367,43.58678825830178,-0.4397457009129653,0.6696417275428793,-1.1093874284558445,218.70936728118056,204.15161141754996,15.793506541614525,0,208.07490723793816,211.38746587261105,5.515474732570573
2025-08-08,205.3502937176616,206.25849739354985,203.151474837216,203.6581573486328,1366926,208.39144897460935,211.0667724609375,208.7272845458984,194.75665359497071,207.74378976620545,209.3562860524545,41.69169897504518,-0.8623864710257862,0.3632360878291463,-1.2256225588549323,219.16091021163808,203.04424725906503,15.425684521741038,0,207.74030468481837,211.38746587261105,5.543472338793094
2025-08-11,204.89256755433823,205.4854735764219,202.27794943779185,204.68844604492188,1036056,207.5053066677517,210.77074501731175,208.6882354736328,194.8320153808594,207.13272102194875,208.93193696086064,43.40188784657421,-1.1014992413985285,0.0702890219836113,-1.1717882633821397,219.1801347746463,202.194990347424,15.260844066738157,0,207.74030468481837,211.38746587261105,5.541091005909341
2025-08-12,204.1149756787365,205.5146235992363,203.53178410146893,203.9302978515625,596894,206.7654283311632,210.485014481978,208.6087850952148,194.8825291442871,206.49223638787151,208.47724249637895,42.41600945295407,-1.3367646667574036,-0.2111217157645916,-1.125642950992812,218.7721486594349,201.4332712624401,15.099746711814817,0,207.74030468481837,211.38746587261105,5.0271753927362175
2025-08-13,203.9789123382621,206.447725196096,201.97664387262148,202.2779541015625,1018523,206.0724605984158,209.998159235174,208.4980084228515,194.94221420288085,205.6493799306097,207.91367082412293,40.26908167474921,-1.6376665422749568,-0.4964306810666647,-1.141235861208292,218.7043489153652,200.3659345929356,15.28584606180628,0,207.74030468481837,211.38746587261105,5.00237631765443
2025-08-14,202.94861221472087,203.3859984925553,199.2551000763385,199.5272521972656,1051219,205.0419921875,209.26633661443535,208.30315521240232,195.00154167175293,204.4249543839409,207.15126913077228,36.91892948138283,-2.0741822201055697,-0.8119809888744458,-1.262201231231124,218.77607523247525,198.863927208931,16.001829565381225,0,207.08272655409925,210.729887741892,4.730664753305318
2025-08-18,202.16131949400724,202.16131949400724,199.8674552467129,200.33399963378903,1048222,203.979005601671,208.6620039506392,208.16363311767572,195.05444313049315,203.60676343391052,206.53151735831923,38.53405443695272,-2.328188357713344,-1.1152224626422256,-1.2129658950711186,218.78915937546853,197.7086906611526,16.66667139012939,0,207.08272655409925,210.729887741892,4.381400295118104
2025-08-19,200.2270726269649,201.34483918731416,199.74108458660825,200.9560546875,940769,202.72382778591577,208.0768217606978,207.9681024169921,195.0980682373047,203.07662168462844,206.0246571155175,39.81367384643176,-2.451041328959434,-1.3823862359056671,-1.0686550930537666,218.77212842140943,196.8054274257585,17.310441168961614,0,206.36094142611708,210.729887741892,4.165449210720332
2025-08-20,201.15045496912376,203.86227664805395,200.5867070400588,203.0166473388672,1248427,202.6270548502604,207.6796001087536,207.76215881347653,195.13286582946776,203.0646268154762,205.75120168127657,43.97450383238606,-2.3549838005792765,-1.5769057488403893,-0.7780780517388872,218.512718322095,196.31140582341283,17.046182371735753,0,202.85141263621725,210.04634738057004,4.1187621099132485
2025-08-21,203.2402132379131,205.47574645571777,202.4626293733304,202.8319702148437,1406699,202.3578643798828,207.3465534556996,207.61886871337887,195.1821544647217,203.0180954953497,205.48581700250995,43.683029360429664,-2.267619709313749,-1.715048540935061,-0.5525711683786878,216.55687469192964,196.6903909330704,16.296369023012588,0,202.85141263621725,210.04634738057004,4.082008489814713
2025-08-22,202.1710302752745,203.0360884173398,200.2270780610892,200.4603576660156,709653,202.00255330403647,206.88788951526988,207.5183932495117,195.20187675476075,202.5065479294829,205.02895706282865,40.01496197748378,-2.362518704846252,-1.8445425737173,-0.5179761311289526,214.485341170178,197.01100282396263,16.166683815684344,0,202.85141263621725,210.04634738057004,3.881812389247415
2025-08-25,200.4700688716441,204.35797323763967,200.22707484876943,201.5975646972656,950167,201.65912204318576,206.1150263006037,207.50242004394528,195.26187591552736,202.32475128303943,204.7170123023229,42.50790950328228,-2.3192291096241604,-1.939479880898672,-0.3797492287254886,213.52535271569047,196.8844495304033,15.626953028413617,0,202.85141263621725,210.04634738057004,3.938557314719101
2025-08-26,201.1990535874561,201.9669081841245,194.8909233314077,195.2505645751953,2069298,200.69470723470053,205.08234405517575,207.3415341186523,195.29064460754395,200.90991394147065,203.8564261453113,34.01190381242883,-2.7651961987791367,-2.1046231444747647,-0.660573054304372,213.74760664464048,195.29180833338685,16.31569833295,0,200.66932426375183,207.86425900810465,4.086165223798157
2025-08-28,195.36718937197915,197.31114150503367,193.42323723892463,195.9017791748047,935810,199.98624335394965,204.3295621004972,207.2294268798828,195.2715173339844,199.90828698813743,203.1332764207198,35.437722153493326,-3.031139662976983,-2.2899264481752084,-0.7412132148017747,212.839610081995,194.5236101328487,17.228694463354035,0,199.4494918473212,207.1304159618631,3.61340789187544
2025-08-29,195.99896750912745,196.51411363691068,191.1682452812013,191.7028350830078,1451760,199.11686367458768,203.54539836536756,207.08611206054684,195.26139839172365,198.26719660711157,202.0941453900187,30.814411062881646,-3.539915527856806,-2.5399242641115283,-0.9999912637452776,212.75116678134316,192.72341665371545,18.472205117302337,0,198.32199586845957,206.00291998300145,3.619681481422053
2025-09-01,191.86808165740155,194.4632709695529,191.04191084764173,193.74400329589844,1055963,198.38464185926648,202.6854109330611,207.0306567382812,195.2813498687744,197.3625579448689,201.33504156328047,35.23758236168406,-3.735359946003769,-2.7790114004899764,-0.956348545513792,212.3901684568958,191.6073489381237,19.648800529263745,0,198.25882865167972,205.9397527662217,3.642134164677576
2025-09-02,194.08418279686973,196.53356675022025,192.31519398641217,194.88121032714844,1149654,197.7096591525608,201.97141127152875,206.96505889892572,195.3169882965088,196.86628842132484,200.748329632723,37.6300121398516,-3.7552003401103207,-2.974249188414045,-0.7809511516962755,211.64026663125327,190.96522500693027,20.00420624382716,0,198.25882865167972,205.27055225390063,3.7143376379045776
2025-09-03,193.4232453622212,194.39522146956904,191.5862111125809,192.96641540527344,2545651,196.5929667154948,201.26467271284625,206.85447296142576,195.36498168945312,196.08631381811455,200.04088288477303,35.26758062024476,-3.880697675812201,-3.1555388858936766,-0.7251587899185239,210.60059140668088,190.311453881405,20.485960035460767,0,198.25882865167972,203.31073449287072,3.808063331961731
2025-09-04,194.1522230901295,195.42550938922145,192.65538644408915,193.78286743164065,1214607,195.58751085069449,200.5820090553977,206.71662170410156,195.46096099853517,195.6256245408198,199.4719723890337,37.08141205780759,-3.869667248109892,-3.29836455833692,-0.5713026897729718,208.44316700871204,190.6218995196082,20.56092636665397,0,197.6999420426407,202.97613193975087,3.686566304937287
2025-09-05,193.8120331646545,194.38551034942603,191.5862143667401,192.22772216796875,940857,194.67277357313367,199.77868374911225,206.52109069824212,195.5485681152344,194.9460440662496,198.81340418711875,35.06590153956144,-3.940983575096311,-3.426888361688798,-0.5140952134075132,208.18041534083,189.7186630283106,20.87683985616041,0,197.6999420426407,202.97613193975087,3.5914518453993662
2025-09-08,192.45126554513828,193.06361522694075,190.50731336791463,191.8972320556641,965625,193.59495883517795,198.85343725031072,206.2636929321289,195.6385599517822,194.3362816641325,198.1846612660774,34.63506061490436,-3.978310580125964,-3.537172805376231,-0.4411377747497327,207.52461217347977,189.03872095640307,21.414423120359523,0,196.2371107760196,202.70883319988727,3.585897171276829
2025-09-09,191.89724043944628,192.28603979058408,191.2946199841561,191.85836791992188,761940,193.21804809570312,198.3066538030451,205.9514077758789,195.7256049346924,193.8406989152904,197.60954368915415,34.58125248653248,-3.965318784865076,-3.622802001274001,-0.3425167835910754,206.99580823639403,188.3875459506177,21.913607579972982,0,193.90922743647417,202.70883319988727,3.542158971685548
2025-09-10,192.06247607781745,193.5398690158721,191.7222785231253,193.296875,1521848,192.9286142985026,197.7631170099432,205.5778369140625,195.83768829345703,193.73193413223237,197.21748289923107,38.39618793790744,-3.795198508288479,-3.6572813026768967,-0.1379172056115822,206.00808612286747,188.23611095965205,21.8462993885975,0,193.52044005906745,202.70883319988727,3.438017606310666
2025-09-11,194.00643554527343,195.9115003963321,193.4232439526434,194.2397003173828,1345569,193.2104882134332,197.33500532670453,205.16614440917965,195.89741569519043,193.83348736926243,196.9467753917903,40.83163370339621,-3.543452129432524,-3.634515468028022,0.0910633385954984,205.00196615216137,188.27317117694017,20.87250341696392,0,193.52044005906745,202.70883319988727,3.4095539144495746
2025-09-12,194.3368971235288,195.3185876115432,191.498728788878,191.80975341796875,1810732,192.99557156032984,196.7496102072976,204.6861593627929,195.9705923461914,193.4287405790037,196.47977339417017,36.79424132679841,-3.499675635074908,-3.6075475014374,0.1078718663624913,204.3006639733509,187.92765328739125,20.521522824107915,0,193.52044005906745,201.98704807190515,3.4817573763363305
2025-09-15,192.4512696825253,194.4924254449628,191.8680780843493,193.870361328125,1516364,192.8832550048828,196.2923403653232,204.3196606445312,196.03668479919435,193.517064728828,196.2425541154388,42.02901759533815,-3.26111648985264,-3.538261299120448,0.2771448092678081,203.91150466755408,187.75112350627404,20.195612273598773,0,193.20940688212332,198.4775192820053,3.3783126362023177
2025-09-16,194.298015200313,198.37059740594964,192.9372546015892,197.2139434814453,3038052,193.35520256890192,196.06215806440875,204.04106597900383,196.11215492248536,194.25644047935145,196.3308622396212,49.35814691133818,-2.770322953703072,-3.384673630036973,0.6143506763339008,203.5060977361552,187.84452482243853,18.97758976345013,0,194.43895538693212,198.4775192820053,3.260981061319721
2025-09-17,198.76911380901467,204.84396447554937,198.2831257556919,199.2648162841797,3760776,193.9643079969618,196.05022915926847,203.77633819580075,196.19709953308103,195.25811564031716,196.59758533458103,53.26141760528223,-2.1906250826702944,-3.1458639205636376,0.9552388378933432,203.2152398083872,187.96625890987448,19.427168371316046,0,197.675638921732,198.4775192820053,3.528275113319365
2025-09-18,200.2270746254511,200.2270746254511,197.21394281269392,197.7971343994141,1092314,194.58313157823352,195.9349171031605,203.56447326660157,196.2652094268799,195.7659193921365,196.70663524956584,50.27500963620538,-1.8285614869687092,-2.8824034338446523,1.0538419468759428,202.2044881410688,188.4550592832477,19.49521072062019,0,197.675638921732,198.4775192820053,3.361651074537067
2025-09-19,197.07787361605057,198.1859258044616,196.5918855539198,196.9320831298828,907218,195.14255947536893,195.752009305087,203.2345440673828,196.26238159179687,195.9991521396858,196.7271305114128,48.54720266388599,-1.5930620589945192,-2.6245351588746257,1.0314730998801065,201.0002427228052,189.06931599301512,19.35303213680112,0,198.06929222985275,198.4775192820053,3.231128226582111
2025-09-22,197.019550857698,199.5758527253176,196.11562021121577,197.1070251464844,1481029,195.72574361165368,195.48339011452416,202.95266357421872,196.27391616821288,196.22072674104555,196.7616663873284,48.9294553213923,-1.3764439182716617,-2.374916910754033,0.9984729924823714,200.36030733849915,189.37391812536808,19.541246186196684,0,198.17134663221367,197.9915299118162,3.1769753516030925
2025-09-23,197.0875948930324,199.1578938687221,196.3488835765352,197.47637939453125,1021736,196.1901329888238,195.2399541681463,202.6978637695312,196.30913459777832,196.47185727174272,196.8266402970741,49.77779725081655,-1.161578723635813,-2.132249273330389,0.9706705496945758,199.3400596281529,189.9820473054409,19.716016374921136,0,198.17134663221367,197.9915299118162,3.1422618571473344
2025-09-24,197.48609819076017,198.0401316904057,194.9200818629635,197.0584411621093,1050643,196.5033264160156,195.0853215997869,202.3792572021484,196.28666122436525,196.58917404981605,196.8477131029864,48.79018471936133,-1.0133394845714463,-1.9084673155786005,0.895127831007154,199.5468122106927,189.95608238159244,19.34809741666391,0,198.17134663221367,197.9915299118162,3.167256634455183
2025-09-25,197.0584454346844,197.0584454346844,194.39522550602743,194.6479339599609,601390,196.8186798095703,194.7694292935458,201.9596688842773,196.2397487640381,196.20092603184503,196.6477331808932,43.4372246743943,-1.0779407751103918,-1.7423620074849586,0.6644212323745669,199.4534848248589,189.92402524594183,18.81410387127229,0,198.35602127994932,197.9915299118162,3.1575369163102573
2025-09-26,194.39521762334056,194.6382116453697,189.93385093836767,190.1962738037109,1124619,196.4104478624132,194.53968880393288,201.49100799560543,196.168697052002,194.99999558621823,196.0612368738766,35.656816846352484,-1.471388285574136,-1.6881672631027942,0.2167789775286581,199.6184932605324,189.60836068233877,18.03719267143198,0,197.3889077069585,197.70479869704272,3.311664142207909
2025-09-29,190.507313326586,193.13164579903287,189.6325407794964,190.08937072753903,1184349,195.61882866753476,194.27548841996625,201.016194152832,196.12248039245603,194.0178706144824,195.51833995148223,35.49240669637581,-1.7714048051411737,-1.7048147715104702,-0.0665900336307034,199.82141135954612,189.03997932648903,17.39938928333612,0,197.23825262752288,197.23825262752288,3.490784514572801
2025-09-30,191.1876913064524,194.3952153255597,190.9446972872954,194.04530334472656,1014781,195.0388827853733,194.3819642500444,200.66198974609367,196.1085675811768,194.02335716053125,195.3844275326863,45.5057693903704,-1.6707005612070702,-1.6979919294497905,0.02729136824272,199.7778705484318,188.99992943936115,16.38391611886511,0,194.9298077024737,197.23825262752288,3.6685169506637902
2025-10-01,194.4924164249437,196.8251530471049,192.2082667410617,195.39634704589844,1887376,194.77212863498264,194.4570707841353,200.36673675537105,196.12384353637697,194.2979551376047,195.3855111247965,48.44891733412644,-1.4649863362511724,-1.6513908108100668,0.1864044745588944,199.8738406000137,189.14695255184176,15.731401566740326,0,194.604196752407,197.23825262752288,3.811535587071727
2025-10-03,195.85318070277023,197.4083483678689,194.9881225822433,196.970947265625,878565,194.77644687228727,194.5520588267933,200.09513641357415,196.1407992553711,194.8325535632088,195.52964168305363,51.72157272144136,-1.1615100873616768,-1.553414666120389,0.3919045787587121,200.13081733119824,189.2087838040557,15.294201646192391,0,194.604196752407,197.23825262752288,3.711561798711756
2025-10-06,197.3111554113604,197.6416237377881,195.75598766283872,197.17507934570312,863246,194.7840084499783,194.7433617331765,199.6666268920898,196.17042823791505,195.30105871970767,195.6792269251127,52.14571247224285,-0.8942231727284877,-1.4215763674420088,0.527353194713521,200.36059424662724,189.47374260640007,14.958283945846818,0,194.39521732410924,197.23825262752288,3.654630659279994
2025-10-07,197.1750760536472,197.78742575447032,195.74626997251235,196.611328125,941590,194.6878916422526,194.8719281283292,199.23946197509767,196.2048080444336,195.56311260076612,195.7639633978297,50.817909680268,-0.7195913777559895,-1.2811793695048048,0.5615879917488154,200.45204354126648,189.85370291869444,14.692663660527616,0,193.83633623495103,197.23825262752288,3.4123315862512453
2025-10-08,196.61131854024225,198.04012455172315,194.39521428390003,195.0269927978516,1184544,194.46217515733508,194.9991677024148,198.8907421875,196.2531950378418,195.45588864018325,195.69696607055897,47.18182490182128,-0.7009568479317068,-1.1651348651901852,0.4641780172584784,200.38021487080505,190.24239407694887,13.9099128888716,0,193.83633266560977,197.23825262752288,3.127680820088321
2025-10-09,195.07559490637632,196.572446364421,193.54960018381053,194.22998046875,1104895,194.41573588053384,195.1052017211914,198.5962530517578,196.29250465393068,195.2107070058966,195.5636037431218,45.42115478972372,-0.7419483639472446,-1.080497564941597,0.3385492009943525,200.36560865705783,190.35031083757107,12.97193683727105,0,193.83633266560977,197.23825262752288,3.1283747035064136
2025-10-10,194.20083542296177,196.1642313753044,193.792607224566,194.89093017578125,1145617,194.93736436631943,195.2430454600941,198.24079711914064,196.3464963531494,195.14675163987357,195.50245160063628,47.18141973010439,-0.7128836393079325,-1.0069747798148645,0.2940911405069317,200.3759739424173,190.40506853805147,12.10095907507054,0,193.83633266560977,197.23825262752288,3.183916410663315
2025-10-13,194.2980241814906,195.64907042095183,193.5398839798464,194.3855133056641,929252,195.41471354166663,195.29252901944247,197.91672332763676,196.41874298095703,194.99450397303167,195.4009117556388,45.9607263673628,-0.7223062562032112,-0.9500410750925335,0.2277348188893224,200.24140565505985,190.7972128141784,11.397464812634077,0,194.49241091950927,197.23825262752288,3.0874131197350017
2025-10-14,194.39522146956904,195.01728558502447,192.47071292975028,192.96641540527344,771818,195.29483710394965,195.2346524325284,197.6057583618164,196.4738931274414,194.58888625948003,195.1795939056056,42.626019496939264,-0.8346616289448718,-0.9269651858630013,0.0923035569181294,200.27923653103875,190.6689873459144,11.18676484870054,0,195.1241956463924,197.23825262752288,3.068667574241236
2025-10-15,193.4232512072704,201.3934525621381,193.2385733683049,198.18592834472656,3345221,195.60479058159723,195.52447856556284,197.3934475708008,196.56206817626952,195.30829467652936,195.45289703643476,55.43391027386697,-0.496806126618651,-0.8409333740141312,0.3441272473954802,200.42069149273328,190.624730870548,12.025345075259771,0,196.9320827459442,197.23825262752288,3.4477380977714143
2025-10-16,199.25509388303544,199.53696041695665,194.10361775787263,194.3077392578125,1396825,195.3088785807292,195.54435938054863,197.08158477783203,196.6360821533203,195.108183592786,195.3487917838327,47.03262819793977,-0.5358141231639593,-0.7799095238440967,0.2440954006801374,199.86770482231333,190.68200983833125,12.804026714207634,0,196.9320827459442,197.23825262752288,3.645604007087633
2025-10-17,194.39521750177525,194.78400200430755,192.2568730754913,193.3843688964844,1004025,194.887688530816,195.37028780850497,196.70421905517577,196.71855400085448,194.7634206535257,195.1702078849829,45.27331180011468,-0.633928974088434,-0.7507134138929642,0.1167844398045302,199.56003093571385,190.54840717463776,12.749382821537118,0,196.8251628188147,197.23825262752288,3.489393000460705
2025-10-20,194.395220794055,195.3866405728346,192.94697105991509,194.4535369873047,870631,194.6479339599609,195.15159329501063,196.51553771972652,196.78513092041013,194.70144392028152,195.10505598519396,47.712242502704605,-0.6182855597434411,-0.7242278430630597,0.1059422833196185,199.354231508102,190.50635198799176,12.888304407204808,0,196.8251628188147,197.23825262752288,3.413719035702351
2025-10-21,194.5896076606284,195.9503830672153,194.5896076606284,194.8423309326172,209545,194.6274159749349,195.01728404651988,196.30729064941409,196.8247497558594,194.72962132274867,195.08117188950516,48.60914315476491,-0.5679684325280618,-0.6929759609560602,0.1250075284279983,199.120703742573,190.51341033213404,13.19713514916167,0,196.8251628188147,197.23825262752288,3.213076284408777
2025-10-23,195.7365493090679,195.74626373072184,193.957831288635,194.6868133544922,564208,194.6781751844618,194.9152263294567,196.12786376953125,196.86574714660645,194.7210597290974,195.04532111359487,48.2526019439084,-0.5344795677792433,-0.6612766823206969,0.1267971145414536,198.79512565858403,190.56003181211912,13.195949198883168,0,196.8251628188147,197.23825262752288,3.011043865554752
2025-10-24,194.68681915562,195.0075730538961,193.09277891736144,193.89952087402344,810550,194.5680185953776,194.76943068070844,195.91208526611328,196.9078086090088,194.55675195808263,194.941157455452,46.39725407267847,-0.5649548765429984,-0.6420123211651573,0.0770574446221589,198.49244411922763,190.5468213226669,12.804630875272514,0,196.8251628188147,197.23825262752288,2.9749416049053985
2025-10-27,195.1728097343488,195.1728097343488,191.79033695703384,192.14996337890625,1059578,194.3196241590712,194.5273208618164,195.67647857666012,196.9744285583496,194.07539424224737,194.6874125394024,42.48755647664452,-0.7219591508083738,-0.6580016870938006,-0.0639574637145732,198.50523994029973,190.28422844348933,11.897230284580733,0,196.591894759586,195.51299667081724,3.081858512217224
2025-10-28,193.11220882351384,193.675956754084,192.16940562974327,192.51931762695312,696061,194.2699466281467,194.32099706476384,195.481305847168,197.0386287689209,193.7641789191885,194.490313001907,43.56866862616472,-0.8072765863480527,-0.6878566669446511,-0.1194199194034015,198.2349903499505,190.78678241616277,11.054644021795504,0,196.591894759586,195.51299667081724,3.045061197447209
2025-10-29,192.92754211414064,193.41353016586848,191.0905078718565,192.35406494140625,1390471,193.62196180555557,194.2167302911932,195.3378421020508,197.07814697265624,193.48215612363208,194.2961086327705,43.17759592872218,-0.8781035482379025,-0.7259060432033013,-0.1521975050346011,197.8919273830928,191.35631480440725,10.737386609041202,0,195.31373414440657,195.51299667081724,2.950640627889271
2025-10-30,192.3443493600076,192.9761278909737,190.390682743064,190.7308654785156,1299470,193.22453138563367,194.2410299127752,195.14577941894527,197.12188995361328,192.9318979946088,193.97199561874737,39.43342430517333,-1.0530738766928494,-0.791339609901211,-0.2617342667916383,198.15751103175356,190.7592873691254,10.733305025500105,0,193.17053290513965,195.51299667081724,2.919397696982072
2025-10-31,190.93499277804955,191.770892840592,189.3117944255549,189.5450592041016,1176926,192.79794141981336,194.2162884798917,194.9175595092773,197.19681785583492,192.25453023650732,193.5695468537796,36.9150119562451,-1.2727522826812674,-0.8876221444572223,-0.385130138224045,198.43433805659,189.89733156010925,11.159726131786112,0,192.6310887463851,195.3526234938465,2.9256458587176946
2025-11-03,189.5450578310404,191.041909361372,187.91214506832804,190.71144104003903,1147536,192.3821529812283,194.0647492842241,194.6714553833008,197.3259771728516,191.9459123972137,193.30971905253045,40.91234893519304,-1.337315989546937,-0.9775609134751654,-0.3597550760717717,198.17296376982043,189.5327552243202,12.067947883247912,0,191.93126406777168,194.6527988152331,2.998544276713304
2025-11-04,190.5073128517976,191.96527698076537,187.8246641937208,188.281494140625,2875251,191.65317111545136,193.7413468794389,194.3804458618164,197.4289027404785,191.213028745896,192.85260769690268,35.82007307357952,-1.566501940012614,-1.0953491187826552,-0.4711528212299589,198.10305658690984,188.713303886723,12.401261361171082,0,191.7854639622213,194.60905837792944,3.112404286125474
2025-11-06,188.85496366379223,189.0396415001496,184.67546336868628,185.0253753662109,1631177,190.5796780056424,193.19836633855647,194.07174621582035,197.51582290649412,189.97549806995897,192.14104112138523,30.365869245124188,-1.9879590747750344,-1.273871109981131,-0.7140879647939031,198.5962755110541,187.06148968669984,13.749950428103045,0,189.92413655151756,193.0344579654122,2.8222000700253767
2025-11-07,184.6754644907789,186.5222132032152,182.7315122329812,185.74464416503903,1302338,189.673580593533,192.6788011030717,193.7546878051758,197.60046730041503,189.129327288975,191.5595504889901,32.80003208689419,-2.2381281613658643,-1.4667225202580778,-0.7714056411077865,198.83811207184007,185.89141826263256,15.51308910682329,0,188.952160983665,192.06248239755968,2.7048685208218024
2025-11-10,185.64743621679105,186.9207225424622,185.1808918387144,185.7640686035156,759672,188.9640367296007,192.1857438520952,193.5649578857422,197.6811717224121,188.4562755518831,191.0326884994015,32.8682812250302,-2.407074320595683,-1.654792880325599,-0.7522814402700841,198.9834733187187,184.8994658292305,16.928219967667566,0,188.2037344935326,192.06248239755968,2.648632933316914
2025-11-11,186.13341634851307,186.61940438075464,184.23806598900657,186.2014617919922,990820,188.2620527479384,191.78458335182884,193.37095153808596,197.7579615020752,188.0053127999049,190.5934860714552,34.481887989034874,-2.4771167343520237,-1.819257651130884,-0.6578590832211395,198.84865318810387,184.16533912146645,18.4923018337712,0,188.07252119942484,192.06248239755968,2.6444664246618106
2025-11-12,186.13342026053613,187.0081928044852,184.62685436268785,184.87957763671875,1545460,187.43155415852863,191.359565041282,193.23448638916017,197.84451972961423,187.3801657672677,190.07403985011555,31.98007158649243,-2.6092134670963105,-1.9772488143239693,-0.6319646527723413,198.8067381433417,183.25666059933403,19.71191951069905,0,187.85382006197744,192.06248239755968,2.7076444505108617
2025-11-13,184.8795867141673,189.3798261230644,184.8795867141673,186.86241149902344,1836360,187.00172593858508,190.9946323741566,193.09685455322267,197.96026023864744,187.2766149136189,189.7820736363799,39.11592212405555,-2.52479865083356,-2.086758781625888,-0.4380398692076723,198.65937845154912,182.79361990050165,19.550806405553665,0,187.34839460687328,192.06248239755968,2.901345596529347
2025-11-14,186.2306199302897,187.4844625280432,186.084814621877,187.1053924560547,625514,186.73065185546875,190.66371779008344,192.9413381958008,198.07349960327147,187.24237042210603,189.53873898362303,39.94732689603399,-2.4105059560401685,-2.151508216508744,-0.2589977395314244,197.4308706560512,182.9140741071324,19.401201379347235,0,187.34839460687328,192.06248239755968,2.864549437217314
2025-11-17,187.1053997673364,188.78691427225576,186.8721201634672,188.0482177734375,944308,186.4347381591797,190.44016335227272,192.8429742431641,198.2114093017578,187.40353989237232,189.4032370554244,43.18911070433335,-2.218279107666774,-2.16486239474035,-0.053416712926424,196.90377111921757,182.81522149552853,18.60440242510981,0,187.34839460687328,192.06248239755968,2.7597152466082866
2025-11-18,187.6108324768668,188.0287750842475,185.71548203292696,185.87098693847656,840921,186.16690402560764,189.88039328835228,192.6847366333008,198.36297676086423,187.0970293015932,189.0821234084291,38.07728950478593,-2.2160767248905984,-2.1751052607704,-0.0409714641201985,196.537971508531,182.4296829104143,18.321721880492824,0,186.0556691780228,192.06248239755968,2.8173397012749137
2025-11-19,185.82238260396355,186.28894180771263,185.0448135934048,185.5210723876953,681592,186.22198147243924,189.4809993397106,192.5506036376953,198.51384979248047,186.78183791881364,188.7583914974533,37.31292088416624,-2.217010187166551,-2.1834862460496303,-0.0335239411169205,195.8948617862177,182.17954617276663,18.313729104680096,0,186.0556691780228,192.06248239755968,2.7402758384389023
2025-11-20,185.89042875854528,187.0081953388704,184.8698508893215,185.33639526367188,691357,186.17662048339844,189.1151823564009,192.41938690185543,198.63544776916504,186.4927493877853,188.4473009307459,36.891995847443134,-2.207208537166196,-2.1882307042729434,-0.0189778328932521,195.03222535114887,182.09158904094093,17.917955201035216,0,186.8089460560355,192.06248239755968,2.708340074270274
2025-11-21,184.72406512832265,185.12257889820515,182.74122553209352,183.72293090820312,1249233,185.94982740614148,188.6274275346236,192.2566781616211,198.75154762268068,185.93878569186887,188.0178127468784,33.35203244651325,-2.30308521538376,-2.2112016064951066,-0.0918836088886534,194.1481664407729,181.879259706688,18.34700913274086,0,186.0605258275789,192.06248239755968,2.7180594540232192
2025-11-24,183.4118837180816,189.53533600128165,182.92589567705264,188.5730743408203,2372635,186.21333991156683,188.34246132590556,192.1622021484375,198.8806583404541,186.4656434216592,188.0682910736004,49.14823078798189,-1.9650502567940575,-2.161971336554897,0.1969210797608394,193.23424222589185,182.2605392682488,17.293101607427946,0,186.1382807666876,191.13423632496887,2.9666077419650088
2025-11-25,188.5730793622632,188.80635896739304,184.92816895748723,186.26950073242188,1153660,186.36777581108944,187.95985620672053,192.0027981567383,198.99710441589357,186.4264148838117,187.9047646789478,43.83434315238245,-1.8615751753006575,-2.1018921043040493,0.2403169290033915,192.56421947567156,182.34251575382063,16.314473191065954,0,186.1382807666876,189.34094765009823,2.947863257883668
2025-11-26,186.2792177082884,187.41644282160755,184.9962169404292,186.61941528320312,817981,186.34077623155383,187.6289423162287,191.89899139404295,199.1206216430664,186.46501496369,187.7879147338801,44.81046891159705,-1.731377011386769,-2.0277890857205936,0.2964120743338245,191.68583295958743,182.63091203552972,15.405746804444105,0,186.1382807666876,189.34094765009823,2.8090095257204557
2025-11-27,186.13341667550188,187.59138077478767,185.4044346258589,185.9098663330078,691591,186.20793999565973,187.34530154141515,191.73978149414063,199.188200378418,186.3539852375536,187.61718306107352,43.17198568978621,-1.666241306211873,-1.9554795298188496,0.2892382236069766,190.67096660396297,183.0013585303144,14.63681643655354,0,186.1382807666876,189.34094765009823,2.694455609912944
2025-11-28,185.3947328779693,187.1054055321821,184.34499687498243,186.86241149902344,982132,186.07618374294705,187.08816944469103,191.53275085449215,199.23232788085937,186.45567048984756,187.54856746452356,46.02524403635679,-1.5202340446837184,-1.8684304327918235,0.3481963881081051,190.0124473654802,183.27303237084791,13.754857715581842,0,186.1382807666876,189.23888798185152,2.7673540351595056
2025-12-01,187.5913943401733,187.98017886229283,185.3558462600392,185.7738037109375,915914,186.06538560655383,186.78906666148796,191.2629306030273,199.19733489990236,186.31929713406555,187.3872253051066,43.34666278075771,-1.475356793878689,-1.7898157050091967,0.314458911130508,189.5510816618508,183.35727252516088,13.015185823631708,0,186.1382807666876,188.952160983665,2.784710764481332
2025-12-02,185.77379644111616,187.11511337176432,184.57825516158468,186.1334228515625,921676,186.13342454698352,186.5800919966264,191.02965637207032,199.16551628112796,186.28212227756492,187.2732432638753,44.49584854710463,-1.3946958050342175,-1.7107917250142008,0.3160959199799833,188.5866789561824,183.86387341198167,12.216045304711498,0,186.1382807666876,188.952160983665,2.7958193193657825
2025-12-03,186.4152937720185,188.51476575343744,185.17116552329148,186.61941528320312,1342220,186.27598232693143,186.44710818204013,190.8234030151367,199.133099899292,186.3495808786926,187.21380435654143,46.08742037748079,-1.2768372772897862,-1.624000835469318,0.3471635581795318,188.30775214583005,183.97659233659184,11.862037355763633,0,186.1382807666876,188.2037344935326,2.7132015867800914
2025-12-04,186.6194101562207,186.6194101562207,185.1808896889964,185.91958618164065,824820,186.5200551350912,186.22929659756747,190.59965423583984,199.11108489990235,186.26358193928223,187.0961481588232,44.12525685281203,-1.2257739456797196,-1.5443554575113985,0.3185815118316788,188.29144305261335,184.0823225113515,11.533315688883471,0,186.23061583916717,188.07252119942484,2.715978564497273
2025-12-05,185.91958871010127,186.1334246403077,185.34612636599263,185.87098693847656,572695,186.2198232014974,186.1197280883789,190.36754638671877,199.09015731811525,186.1850629391211,186.98476986606445,43.98520733026179,-1.1756749907882522,-1.4706193641667693,0.2949443733785171,188.29292387470255,184.09347596660604,11.22807414106618,0,186.5756779211877,187.85382006197744,2.6354431477491675
2025-12-08,185.80295812573385,187.3969983647144,182.2552363992028,183.8006896972656,1300261,185.9455108642578,186.0640605579723,190.10239135742188,199.06034622192385,185.70818829075003,186.69530803253724,38.39467388433072,-1.2881775839381646,-1.4341310081210483,0.1459534241828839,188.44759740777997,183.74246454290363,11.420799116837442,0,185.3850010763201,187.11025668998408,2.8360878781063854
2025-12-09,182.3427215407864,184.67545823869867,180.0196992646099,183.421615600586,1345969,185.59019978841147,185.9584683504972,189.8778649902344,199.07552543640136,185.25087375271724,186.39769962963257,37.45593809875302,-1.391880083902521,-1.4256808232773432,0.0338007393748223,188.59336773312933,183.3187095984136,12.419526367325371,0,184.26723250902367,185.99248812268763,3.079775789519309
2025-12-10,183.4216143898117,183.7034809300707,180.69034911991048,181.39990234375,925754,185.08909267849396,185.76009715687144,189.70193756103515,199.02774658203128,184.4806794709238,185.94335442182503,32.84376628524642,-1.6185428712130658,-1.4642532328644875,-0.1542896383485781,189.09178059259727,182.4723292096488,13.346915957064166,0,184.26723250902367,185.99248812268763,3.142260600991546
2025-12-11,182.2455118072204,182.2455118072204,178.35760755533303,178.70751953125,1370381,184.18299357096356,185.4194634177468,189.47430053710937,198.96912071228027,183.32604748298905,185.2855512499546,27.914169054064203,-1.992459719576459,-1.569894530206882,-0.422565189369577,189.9069896984696,180.8416309069992,14.948398115833712,0,183.43618665438524,183.9464717783073,3.2345987810136188
2025-12-12,179.24211514769482,179.3781912076788,178.50340382391474,178.82415771484375,834461,183.41081068250867,185.1442170576616,189.1698776245117,198.91048164367675,182.42566952936,184.6981518376718,28.41543304523553,-2.2534039511462822,-1.7065964143947625,-0.5468075367515199,190.2729647499095,179.64753238143814,16.435488691834006,0,183.43618665438524,183.9464717783073,2.824980713837552
2025-12-15,178.1632243746411,179.1060423901924,176.95796865600374,178.48397827148438,890233,182.56087239583331,184.76337918368253,188.83163024902345,198.8213313293457,181.63733127778488,184.1332269680184,27.8080822016224,-2.45930444200431,-1.857138019916672,-0.6021664220876382,190.3202287619217,178.64384441923065,18.25890853096496,0,182.73636720472055,183.2466523286427,2.701400979857756
2025-12-16,178.4839709308771,178.4839709308771,176.85104341694029,177.54115295410156,808261,181.5521765814887,184.32864102450284,188.44303436279296,198.7207689666748,180.81809561304823,183.53394751220776,26.140428341805944,-2.6678073653794456,-2.019271889009227,-0.6485354763702187,190.62986139590168,177.50122838681318,19.981665232858617,0,182.12402089082732,183.19318970911095,2.645165906526738
2025-12-17,177.77442244497104,178.86304576025827,176.90936431073908,177.7355499267578,877137,180.64283921983508,183.8598833951083,188.0542437744141,198.6255368041992,180.20158647579012,183.00682045898503,27.111026919945417,-2.7852545426793256,-2.1724684197432467,-0.6127861229360789,190.77850342073512,176.57403411588595,21.311649947875196,0,182.12402089082732,183.19318970911095,2.628504142283193
2025-12-18,177.73554304595558,179.07687475564643,176.19981909036784,178.20208740234375,790011,179.79073927137586,183.5112970525568,187.68605895996092,198.5195625305176,179.8016866611009,182.5700265447449,29.505285983877783,-2.808314104703129,-2.299637556735223,-0.5086765479679061,190.77840858922505,175.86069816126323,22.76919618668287,0,181.79840872754116,182.8675775458248,2.636836071431688
2025-12-19,178.37705080846607,178.45481067306167,176.60804725906573,177.69667053222656,888709,179.11251491970486,183.1556424227628,187.33945251464843,198.40578536987303,179.38068343532603,182.12699417997047,28.41629413186804,-2.8346952884666905,-2.4066491030815165,-0.428046185385174,190.8842536256156,175.15222708727504,24.122631979861428,0,180.43763866453327,182.8675775458248,2.5812954151275664
2025-12-22,177.96883718091823,179.81558591459657,177.29817127127515,178.78529357910156,1263592,178.59736802842883,182.85786507346413,187.03055877685543,198.3242431640625,179.26160546408113,181.8232032162552,34.06145874814267,-2.736218362736224,-2.472562955012458,-0.2636554077237663,190.15393330625352,174.90376933046525,24.352696449024315,0,179.95165001021928,182.8675775458248,2.579906588923407
2025-12-23,179.81558226648465,185.2197671226942,178.90192234035823,180.71951293945312,2824376,178.52176920572916,182.7213460748846,186.7471304321289,198.23076431274413,179.55318695915554,181.72286773654588,42.7067352555173,-2.4735853994408785,-2.4727674438981424,-0.0008179555427361,189.70528112054788,174.79742273687398,23.41205666609988,0,180.70979310653104,182.8675775458248,2.8006832541695985
2025-12-24,180.719506270765,196.72795356885425,178.6589217176174,184.08255004882807,46447634,179.1189948187934,182.5172313343395,186.5410711669922,198.13253883361816,180.45905957709004,181.9373843103897,53.99975974566343,-1.9713533607899196,-2.372484627276498,0.4011312664865785,189.3482496676352,174.9007676663492,25.1372548297849,0,186.46388632961103,186.46388632961103,3.9885765582431776
2025-12-26,188.45645139515497,192.5776355287,185.9876385488042,188.0579376220703,16924568,180.1449703640408,182.5985239202326,186.44290161132807,198.0528598022461,181.9788351860861,182.4937982478152,63.2269394032967,-1.238276220838486,-2.145642945988896,0.9073667251504096,189.7504856922039,174.7133387706867,26.739224553206707,0,186.46388632961103,186.46388632961103,4.539132787211524
2025-12-29,187.2025979850632,188.02876875014,183.71319260397647,184.85040283203125,5054408,180.85235087076825,182.5181142633612,186.1761911010742,197.84910423278808,182.55314871527517,182.70803502819848,53.84245690118822,-0.9056883454854868,-1.897652025888214,0.9919636804027272,189.43992327710023,174.82270031909118,27.322072549823115,0,186.46388632961103,186.46388632961103,4.482203005253114
2025-12-30,184.83097462027635,185.0836830614257,182.8287062718448,183.36328125,2094995,181.49925401475696,182.4023603959517,185.957301940918,197.6618147277832,182.71517522222013,182.76760286654405,50.1275778897766,-0.7534233460349355,-1.6688062899175586,0.9153829438826232,189.14387430681495,174.87769704328267,27.528945965844777,0,186.46388632961103,186.46388632961103,4.310718563502552
2025-12-31,184.3255528578027,188.80636341418708,182.67319640162344,187.1540069580078,4479975,182.54574924045136,182.41561473499644,185.83269470214844,197.52036239624024,183.6029415693777,183.1663668748589,58.069266153140845,-0.3231473116837549,-1.399674494270798,1.076527182587043,189.3323616210718,174.79126813967036,28.398429752550527,0,186.46388632961103,186.46388632961103,4.533578220817081
2026-01-01,187.8829831016573,188.02877358419025,184.6851734271052,185.4433135986328,1116643,183.35032992892795,182.4005924571644,185.652490234375,197.34026168823243,183.97101597522868,183.37336203156565,53.89807474248701,-0.118819435242699,-1.1435034824651782,1.0246840472224792,189.1360712700855,174.86994832219966,29.205807554491575,0,186.66800041396,186.46388632961103,4.494699356902629
2026-01-02,185.6474348023417,188.7966427005166,184.7726622462156,186.1334228515625,2680126,184.2877468532986,182.4005924571644,185.4783120727539,197.17026359558105,184.40349735049543,183.62427665156537,55.293214112072896,0.0976720258521766,-0.8952683808017072,0.9929404066538838,189.1720775638904,174.85532569538694,30.091130161056043,0,187.0130624200647,186.46388632961103,4.719641719083839
2026-01-05,187.93158640271807,190.24487945441467,185.939032415205,186.26950073242188,1937214,185.11932542588977,182.38468725031072,185.3099658203125,197.0415005493164,184.77669802688075,183.86475156800685,55.57867356222948,0.2770299869967232,-0.6608087072420212,0.9378386942387444,189.2392739204198,174.8279807182521,31.163957019343652,0,187.69343764323585,186.46388632961103,4.873768383728197
2026-01-06,186.61941707562607,186.61941707562607,184.4810725545369,185.0545349121093,1366909,185.60099453396265,182.3453667380593,185.1330661010742,196.88399978637696,184.83226540392647,183.972913690198,52.363803896074245,0.3174752188998866,-0.4651519220136397,0.7826271409135264,189.38800404085904,174.80463511929725,31.526009315013354,0,187.69343764323585,186.46388632961103,4.909869074195703
2026-01-07,184.68518103037155,185.4822085841728,183.2077879759548,184.79209899902344,1638920,185.6798333062066,182.29632637717503,184.98590881347656,196.6797765350342,184.82423212294583,184.04738508190937,51.668578551715925,0.3246100688467663,-0.3071995238415584,0.6318095926883248,189.5343120833965,174.7953754166035,31.33273605618232,0,187.6254159651617,186.46388632961103,4.932779014102762
2026-01-08,184.8018253445984,185.4627619904623,183.2174995152796,183.43133544921875,2080464,185.165766398112,182.2795375477184,184.80414916992189,196.5511572265625,184.54565278820047,183.99138056984657,48.10238352665437,0.2179498525090935,-0.202169648571428,0.4201195010805215,189.6474805338237,174.8853502767232,31.15326803012493,0,186.45903792801903,186.46388632961103,4.887650929095912
2026-01-09,183.4313266944505,185.0448105440096,181.8956027109016,183.36328125,1699403,185.0005306667752,182.27688598632807,184.62433349609373,196.43362197875976,184.3091784805604,183.9342806316787,47.92423153676959,0.1264715719364062,-0.1364414044698612,0.2629129764062674,189.6991179721596,175.29928901026233,30.420871955998585,0,186.07024108265813,186.46388632961103,4.980682673318201
2026-01-12,183.6354314519961,184.0922613905591,180.3015606569277,181.9247589111328,3302774,184.8406948513455,182.30074310302732,184.4482113647461,196.30373168945312,183.83229456667488,183.7515968389018,44.19797446447495,-0.0613946358513715,-0.1214320507461632,0.0600374148947917,189.6516389236939,175.65682817835688,29.102248780026432,0,185.2732200556712,186.46388632961103,5.071631679768913
2026-01-13,182.2649561396769,182.71205682479967,181.6623208932564,182.2163543701172,1012946,184.2920667860243,182.46023559570312,184.3016372680664,196.16659965515137,183.50910652736337,183.6120293417396,45.1293115445614,-0.1846224300014398,-0.1340701265972186,-0.0505523034042212,189.56365983299625,176.11804487891783,27.877812973766574,0,185.2732200556712,186.46388632961103,4.687007564622529
2026-01-14,182.21636457067345,183.41189104664423,181.7012184130934,182.3135681152344,1021528,183.94431728786893,182.61884515935725,184.1336798095703,196.08157806396488,183.2699988449376,183.4939874120573,45.45615087691046,-0.2713095206225091,-0.1615180054022767,-0.1097915152202324,189.33262531902295,176.82632090900435,26.96900608466099,0,185.2732200556712,186.46388632961103,3.518553334787814
2026-01-15,182.3135681152344,182.3135681152344,182.3135681152344,182.3135681152344,0,183.5198889838325,182.79291742498225,184.0143212890625,196.0099884033203,183.07871269899692,183.3866765668916,45.45615087691046,-0.3361349104752094,-0.1964413864168632,-0.1396935240583461,189.05230019360283,177.56444785327216,26.12511397334866,0,185.2732200556712,186.46388632961103,2.911761514796962
2026-01-16,182.313571703224,182.3913167429885,179.9225038730468,180.08773803710938,2525284,182.83302646213107,182.9086712923917,183.9155685424805,195.91154319763183,182.48051776661944,183.0867730641841,39.24821139506466,-0.5606525308600965,-0.2692836153055099,-0.2913689155545865,188.84780536592703,177.9575077444245,24.307584274992188,0,183.27096047433645,186.46388632961103,2.777766361357524
2026-01-19,179.99052531364308,180.20436124004,177.96882809690928,178.61032104492188,2481135,182.11700269911023,182.9484336159446,183.7728820800781,195.83443893432616,181.70647842227996,182.6798228806148,35.75747227241,-0.8480240729217599,-0.3850317068287599,-0.4629923660929999,188.70395826410487,178.1927198975162,23.238974548059872,0,181.72551834054104,186.46388632961103,2.7763775294682245
2026-01-20,178.64920945910714,178.7852855193366,177.5411573026161,177.62863159179688,2993156,181.32106187608508,182.92236744273796,183.61017333984373,195.7337841033936,180.8909090561833,182.22062367254048,33.61791453363911,-1.1418200343541685,-0.5363893723338417,-0.6054306620203268,188.882325549688,177.8986864132026,22.395231322712743,0,181.5019596465392,186.46388632961103,2.4271604726222864
2026-01-21,177.67724173975438,181.22494872590067,175.5972133889352,180.5931701660156,4252638,181.00571017795136,183.05402651700103,183.49800750732425,195.66740676879883,180.83136127814976,182.07267335376548,44.43116278341236,-1.12250245366576,-0.6536119886002254,-0.4688904650655345,188.88921957584373,177.87915810970313,20.962471491553288,0,180.3210119664724,186.1625834788947,2.59031298547089
2026-01-22,181.26383239441,181.8567384222845,179.80586821089997,180.8264312744141,1938104,180.72383795844183,183.14680550315165,183.4169445800781,195.61103874206543,180.83037527740265,181.959378619279,45.18773938881478,-1.0759678225001608,-0.7380831553802125,-0.3378846671199482,188.8310507983028,177.61171500980268,19.86435327364669,0,179.84473738974714,186.1625834788947,2.4493765395482847
2026-01-23,181.2735419664898,181.2735419664898,177.96882917142187,178.53256225585938,1082808,180.346927218967,183.04739865389735,183.25034759521483,195.53201614379884,180.370812673094,181.6478498589681,39.49324255795008,-1.210234026656792,-0.8325133296355285,-0.3777206970212636,188.2421164707023,177.24811180078208,18.758452899997888,0,179.5045522177897,186.1625834788947,2.3778669506810166
2026-01-27,178.84360249199702,179.71837504997566,176.89965029099704,178.24098205566406,1594944,179.90521918402777,182.78187283602628,183.07305938720705,195.4740495300293,179.94484654960803,181.33813460412227,38.82350663050989,-1.3248964643830732,-0.9309899565850376,-0.3939065077980357,188.16747595214005,176.66181024170763,18.11318995065436,0,179.5045522177897,186.1625834788947,2.4264655391016907
2026-01-28,179.3198794513345,181.1666281441165,178.37706142984237,180.107177734375,1476317,179.66006469726562,182.42047465931284,182.91423858642577,195.4495531463623,179.97731278656144,181.22622943414524,45.22586744577084,-1.2507628618567992,-0.99494453763939,-0.2558183242174092,188.0754925773281,176.428183264957,16.923312943746385,0,178.99426506596183,186.1625834788947,2.4729816448327204
2026-01-29,180.593155187056,180.77783301172343,178.80472279343687,179.3976287841797,1427789,179.33607143825955,182.1726212935014,182.78477142333983,195.40888961791995,179.86137598608508,181.0599930114211,43.36750726237745,-1.2350294671654185,-1.0429615235445957,-0.1920679436208225,187.33553776238537,176.39250026251696,15.81842715161755,0,178.99426506596183,186.1625834788947,2.453542197911568
2026-01-30,179.4559543539385,180.0780184725426,177.9785465105618,178.98939514160156,1213892,179.21403333875867,181.97380828857425,182.654137878418,195.35103233337404,179.6869798171884,180.87175684143756,42.29079429860322,-1.2411939702520272,-1.082608012886082,-0.1585859573659451,186.8837583176557,176.19888786154354,15.126783651711346,0,178.72697590560983,186.1625834788947,2.378561064259624
2026-02-02,177.3856423376455,180.55427915743883,176.91909795162442,179.92250061035156,1553763,179.35983106825086,181.64510345458984,182.5458599853516,195.27599578857425,179.73408397582102,180.7854608204297,45.614519269533886,-1.1574432846190064,-1.097575067232667,-0.0598682173863394,186.15498347048504,176.30657048459307,14.897241408912093,0,178.72697590560983,184.0874244588176,2.367452526558412
2026-02-03,181.7595297452665,182.6731896474559,179.21295712262008,179.62118530273438,2540664,179.5812259250217,181.3804612593217,182.4638250732422,195.1892712402344,179.7115042412037,180.6796175915483,44.71885388176034,-1.1026729624700522,-1.098594646280144,-0.004078316189908,185.2553069955177,176.54141541659166,13.917962503974884,0,179.13520151819554,182.92104642167493,2.539630854650736
2026-02-04,179.86417513153015,184.33525616505983,178.49368531020974,182.1385955810547,6298856,179.75293986002603,181.19887820157135,182.33513549804687,195.1338236999512,180.1969225091739,180.8122519542307,53.01894635121632,-0.8463766142255906,-1.0481510398692335,0.2017744256436429,184.6998059207785,176.80532255822544,13.643759071476175,0,180.61745322802844,182.92104642167493,2.834695013314968
2026-02-05,181.8081256879708,181.85672745739308,179.7183682522327,180.40847778320312,2570246,179.70650058322482,180.932468067516,182.2179150390625,195.0509878540039,180.23923356397972,180.77554521141,47.71645004731952,-0.7739444094270596,-0.9933097137807988,0.2193653043537392,183.9928675606528,177.07389879676913,13.389141598441658,0,180.61745322802844,182.92104642167493,3.0075683939451108
2026-02-06,180.4084791882292,181.24437920279888,178.94080065978218,180.03912353515625,2745718,179.87389628092447,180.70449482310903,182.08630920410155,194.9556456756592,180.19921155821507,180.708597786296,46.64395147064849,-0.737839808253284,-0.942215732675296,0.2043759244220119,183.5465870623437,177.18095810367188,12.786687306616026,0,180.61745322802844,182.92104642167493,2.9957659420218965
2026-02-09,180.3501739970397,184.2866802921613,180.3501739970397,183.7520904541016,2990451,180.48624165852868,180.65722170743075,182.04315368652345,194.87800788879397,180.9097873373924,180.9852789379147,57.0860880459697,-0.4049532034490823,-0.8347632268300533,0.4298100233809709,183.6468903418,177.11953574462578,13.340531363003686,0,180.6271770583421,182.92104642167493,3.139481914441492
2026-02-10,184.1894671950661,184.1894671950661,181.8567305350932,182.56626892089844,1502958,180.7594740125868,180.617900501598,181.9572308349609,194.7933894348145,181.2410836540936,181.1290053000041,53.485878496015545,-0.2341252085623182,-0.7146356231765063,0.4805104146141881,183.75449244242037,177.076084644982,13.854815129649367,0,180.6271770583421,182.92104642167493,3.2172396603880924
2026-02-11,182.73150704706512,182.82871058966788,179.86418051442396,181.6428985595703,1875117,181.00894843207465,180.53970128839663,181.8746127319336,194.7313525390625,181.32144663518892,181.1757228690556,50.79931779348492,-0.1712766920069839,-0.6059638369426019,0.434687144935618,183.6700859450175,177.10314556133017,13.378698949451527,0,180.6271770583421,181.10831523228063,3.027010713122266
2026-02-12,181.64289528731783,182.63430021435,180.31127796730496,181.4776611328125,1487736,181.28542243109808,180.51937866210935,181.7814974975586,194.63727584838867,181.35268953471368,181.2031718021244,50.31229550939036,-0.13326586331317,-0.5114242422167156,0.3781583789035455,183.54524425654364,177.14439655156184,12.936591067839249,0,180.6271770583421,180.539710986554,3.0464501442408727
2026-02-13,180.7972622276838,181.7498094483369,179.81557174279845,180.0099639892578,1622832,181.2951405843099,180.41908819025213,181.6493084716797,194.56597480773925,181.0841444256225,181.0946983645911,46.08588574305541,-0.2190478538416016,-0.4529489645416928,0.2339011107000911,183.29467965448805,177.16460074101974,12.28895955932293,0,181.4144707376348,180.52998768969877,2.948559066417338
2026-02-16,180.0099770635807,181.64290468103167,179.91278834888092,181.0694274902344,891106,181.45605638292105,180.3625363436612,181.5523052978516,194.52616569519043,181.0812010385449,181.09240101237685,49.39080698917831,-0.1992440873248142,-0.4022079890983171,0.2029639017735028,183.36556050234137,177.19188883847897,11.687587444272062,0,181.4144707376348,180.3210119664724,2.870801321643918
2026-02-17,181.6623230828492,182.71205902704503,181.1957787180437,182.4593505859375,878739,181.491695827908,180.36916281960228,181.4840725708008,194.48178634643557,181.3568309480234,181.2166691554278,53.42452375188971,-0.0705806718800943,-0.3358825256546726,0.2653018537745782,183.5997018035452,177.3426504913767,11.622830996926494,0,181.61374047597167,179.9662347769975,2.779157425098075
2026-02-18,182.73150311632224,183.69376477514825,182.4593510003028,182.9647827148437,1119865,181.77572970920136,180.4999375776811,181.46735443115236,194.42167434692385,181.6784213013875,181.37558856992013,54.83427261711419,0.0713477085876945,-0.2544364788061992,0.3257841873938937,183.7539319940484,177.72203541317816,11.985684497497456,0,181.61374047597167,179.9662347769975,2.726393423021232
2026-02-19,182.96478882379023,184.772664986955,182.2455211610504,182.3913116455078,2122989,182.0370839436849,180.67180078679863,181.4467483520508,194.3786278533936,181.82099937021155,181.4679270313372,52.87859307749618,0.1359850984819388,-0.1763521633485716,0.3123372618305104,183.9315928493593,177.7241887058165,12.75597057233666,0,182.29411836487677,180.18493918794508,2.7569414133015044
2026-02-20,182.73151399872347,183.39245065379555,181.0888719520229,182.4788055419922,1059246,181.89560784233944,180.89226323908025,181.46832641601563,194.3410856628418,181.95256060456768,181.5598250777604,53.15311513839142,0.1920568105291238,-0.1026703685730325,0.2947271791021563,184.1008103019672,177.72020867996642,12.791030865386109,0,182.29411836487677,180.18493918794508,2.6618269487270925
2026-02-23,182.4788040725412,183.10086820279105,181.5651441369164,182.05113220214844,960996,181.83837042914496,180.95853424072263,181.5351986694336,194.30030555725097,181.97227492408385,181.60448936179563,51.57154573787936,0.1996825656722194,-0.0421997817239821,0.2418823473962015,184.10821724456616,178.06465873199636,12.823586851789166,0,182.29411836487677,180.18493918794508,2.5243620588012954
2026-02-24,182.05112964666964,182.1483183596445,180.8361595006443,181.7012176513672,1100461,181.84485032823352,180.99829725785688,181.59273986816407,194.25356956481932,181.91806346954053,181.61328284266577,50.25400303241736,0.1754681639052364,0.0013338074018615,0.1741343565033749,183.97608991241373,178.5428096237191,12.41979682776496,0,182.29411836487677,180.18493918794508,2.200832630526303
2026-02-25,181.8858951170957,182.47880114039887,181.03055139005417,181.59429931640625,996108,181.85781012641056,181.13746712424535,181.6549462890625,194.18507553100585,181.85331063891368,181.61155706755127,49.83505097560008,0.1459680313683691,0.030260652195163,0.115707379173206,183.9985642267089,178.66904746762705,12.214109298512108,0,182.29411836487677,180.18493918794508,2.1314056606350675
2026-02-26,181.75953310462089,182.95505957070745,181.61374262016344,182.3913116455078,966283,182.1224043104384,181.32611846923828,181.75194946289065,194.1164557647705,181.9609108402325,181.6824438473655,52.98176668384228,0.1847712696638836,0.0611627756889072,0.1236084939749764,184.02372959111344,178.9432503893553,12.269337788504805,0,182.342726667918,180.18493918794508,2.064061497155389
2026-02-27,182.63430496149232,183.5576941300501,181.27354434126784,181.67205810546875,981088,182.18936326768664,181.3972493951971,181.83067962646484,194.03869483947756,181.90314029327976,181.68149968901128,49.93748092896854,0.1556906609217776,0.0800683527354813,0.0756223081862963,183.8703920374132,179.36485423944228,12.627429954132046,0,182.80441224379965,180.83615763897603,1.9238181422823328
2026-03-02,180.0099745832597,181.70121837246305,178.94080974922147,180.61260986328125,2091159,181.98416985405817,181.45247580788356,181.8788900756836,193.947749710083,181.64503420728005,181.58432788667216,45.76605199337434,0.0466180659672943,0.0733782953818439,-0.0267602294145495,183.81491897182468,179.48933823032377,11.920699132607378,0,181.85673736808823,180.83615763897603,1.954366139658666
2026-03-04,179.91278908469826,180.5445676419563,179.3295974693994,179.98081970214844,1820623,181.65261840820312,181.49754056063568,181.92457305908204,193.83763244628904,181.3121913062537,181.4385544153518,43.43589699754935,-0.0897681459645127,0.0407490071125725,-0.1305171530770853,183.7667728971956,179.57344774489422,11.26444908404876,0,181.85673736808823,180.83615763897603,1.83425773384709
2026-03-05,180.30157215935355,181.93448493918945,180.30157215935355,181.2541046142578,1272727,181.5262620713976,181.55806801535863,181.9739492797852,193.7361282348633,181.30057396785455,181.421786251616,49.06448522584989,-0.0940278558172735,0.0137936345266033,-0.1078214903438769,183.71824970388124,179.53352184152894,11.038722520899874,0,181.24925193963577,180.8458814692897,1.807875090275374
2026-03-06,180.7875519584535,182.50795378304608,180.7875519584535,181.58457946777344,1145757,181.4269036187066,181.64731320467865,181.9912506103516,193.65276748657223,181.35737506783835,181.436585634903,50.442844564119255,-0.0699310264378141,-0.0029512976662801,-0.0669797287715339,183.6975913897659,179.6717903241013,11.123016948045484,0,181.24925193963577,180.8458814692897,1.7926010987792418
2026-03-09,180.3987713742197,181.2541002630957,179.32959172415178,180.2626953125,1891984,181.22818840874567,181.5620450106534,181.914853515625,193.5564398956299,181.1384391167707,181.32986833286637,45.176665879968816,-0.1557042576701803,-0.0335018896670601,-0.1222023680031201,183.67244708018325,179.71929181141832,10.33106064298199,0,181.24925193963577,180.8458814692897,1.8300919138843068
2026-03-10,181.56514413423545,181.633174751154,180.3015721984152,180.74868774414065,1320549,181.12235175238715,181.5775090997869,181.7686685180664,193.45967430114743,181.06048884224472,181.27703373389127,47.3528309605326,-0.1823624726909258,-0.0632740062718333,-0.1190884664190925,183.30940759783027,179.78199102277517,9.80258422615674,0,181.24925193963577,180.8458814692897,1.8106524783016908
2026-03-11,181.51653865046728,181.51653865046728,180.47651709318305,180.5834350585937,952210,181.01003350151908,181.60225053267047,181.6833291625977,193.36757942199708,180.9650780855145,181.21397930886425,46.67439510132286,-0.214352884187349,-0.0934897818549364,-0.1208631023324125,183.19153395787256,179.70158127650242,9.311856124819004,0,181.24925193963577,181.6331751485824,1.7967672903069396
2026-03-12,180.88475538132465,181.0694183793161,179.815575755174,180.3890380859375,1465064,180.78755866156683,181.4493845159357,181.6238442993164,193.2755164337158,180.84987008559915,181.1389846522345,45.842333994134265,-0.2524812797974505,-0.1252880814434392,-0.1271931983540112,183.1882257447356,179.57950344227612,8.853407293246374,0,181.24925193963577,181.6331751485824,1.7058172044667603
2026-03-13,180.20436103755213,181.3804586314136,180.20436103755213,181.0013885498047,2156127,180.7130398220486,181.3782535899769,181.50079193115235,193.19124740600583,180.88017377844028,181.12647591565,48.93071946630921,-0.2306282048268144,-0.1463561061201143,-0.0842720987067001,183.1717564350085,179.54834549370244,8.222762380789057,0,180.72438176613375,181.8567328233686,1.6252828396159629
2026-03-16,181.0013943449163,181.37075001668123,179.86418406367957,181.11802673339844,2607795,180.76919725206164,181.3543957796964,181.4142861938477,193.1095692443848,180.92774436943196,181.12570780817256,49.521200508712575,-0.20157413765628,-0.1573997124273475,-0.0441744252289325,183.11779089300788,179.7131173101171,7.864242219039479,0,180.91877275359892,181.8567328233686,1.623200117267891
2026-03-17,181.8567399002076,181.8567399002076,180.30157215935355,181.2541046142578,1297171,180.9106733534071,181.3442341197621,181.3166998291016,192.97264503479005,180.99301641839716,181.1373802450894,50.24400871652936,-0.1656586228797039,-0.1590514945178188,-0.006607128361885,183.12111510599487,179.72826080953246,7.417517479179386,0,180.91877275359892,181.85673736808823,1.6405578945431665
2026-03-18,181.74981763436327,182.1969183382396,180.99167745720067,181.96365356445312,2314352,180.98951212565103,181.43303819136187,181.2305828857422,192.8489242553711,181.18714384760835,181.2124960013952,53.946990547239295,-0.0790296437898234,-0.1430471243722197,0.0640174805823962,183.0464325011984,179.75337371218052,7.241402036832174,0,180.91877275359892,181.85673736808823,1.6232001181641835
2026-03-19,181.27354649718663,182.7898268723783,180.8847619814068,181.5165405273437,2847636,180.98195224338107,181.45336151123047,181.15982299804688,192.7233024597168,181.2530231835554,181.24013641284503,51.35343615008066,-0.045924450667826,-0.1236225896313409,0.0776981389635149,182.802719172448,179.85226282218088,7.484750715163514,0,181.05970929826503,181.85673736808823,1.6620790207834923
2026-03-20,182.48851009251547,183.2174921567998,181.0305459639468,182.08999633789065,4664754,181.1849856906467,181.43657268177375,181.10578094482423,192.594238357544,181.42041781442245,181.317396406031,54.38262099430763,0.0262817846784173,-0.0936417147693893,0.1199234994478066,182.7475175105376,179.87733295332956,7.994620296320164,0,181.5165339559869,181.85673736808823,1.6551359067885465
2026-03-23,182.5,183.6999969482422,177.10000610351562,177.2899932861328,3759032,180.8006863064236,181.17862770774147,180.9829541015625,192.441604385376,180.59433290876453,180.9512688496766,34.831489638103875,-0.3003521123806365,-0.1349837942916388,-0.1653683180889977,183.26567071613007,178.8402985221512,8.881873408573762,0,180.4000015258789,180.9363355452353,1.92939177975176
2026-03-24,178.00999450683594,179.08999633789062,170.10000610351562,173.77999877929688,5430058,180.04474894205728,180.78720439564097,180.79128845214845,192.26415481567383,179.231466082871,180.2993352069148,27.14605973396397,-0.8328386064920608,-0.2745547567317232,-0.5582838497603375,184.5255800403241,176.75327585567203,11.806752608041798,0,176.9000015258789,177.4363355452353,2.479890196929842
2026-03-25,175.0,178.61000061035156,173.77999877929688,178.0399932861328,1948013,179.7837439643012,180.5854402021928,180.7135931396484,192.1178042602539,178.9931715235234,180.09394048684374,43.45359722183251,-0.900709219777724,-0.3997856493409233,-0.5009235704368007,184.47460884071955,176.43812461875308,14.52271186469069,0,176.9000015258789,177.4363355452353,2.685342810787962
2026-03-27,178.0399932861328,178.1999969482422,175.0,175.0800018310547,2157681,179.12581210666232,180.2685706398704,180.5708660888672,191.9395413208008,178.21053758502964,179.638127881772,37.219519603895726,-1.1797443836428272,-0.5557773962013042,-0.623966987441523,184.76878637752705,175.49251733341046,17.044674031578946,0,176.9000015258789,177.4363355452353,2.791028176762933
2026-03-30,174.99000549316406,175.2100067138672,173.3000030517578,173.52000427246094,2330191,178.2815873887804,179.89669730446556,180.39499481201173,191.74057220458985,177.27243092251592,179.0819348263801,34.41706582863492,-1.5093615465173116,-0.7464942262645057,-0.7628673202528059,185.05440396475043,174.3197690088824,19.7477407263978,0,176.9000015258789,177.4363355452353,2.7663864566549137
2026-04-01,176.10000610351562,178.39999389648438,174.89999389648438,176.32000732421875,1568599,177.73335435655383,179.65695675936612,180.2751235961914,191.5721898651123,177.0819462028565,178.8308505080018,42.74940548196502,-1.5270458432557632,-0.9026045496627572,-0.624441293593006,184.902536261346,173.93643163416186,20.385414986364918,0,176.9000015258789,176.9000015258789,3.017065755609873
2026-04-02,174.97000122070312,178.39999389648438,173.52000427246094,177.9199981689453,1160615,177.28405931260852,179.4537152377042,180.2317687988281,191.43436920166016,177.24955659607426,178.74804574990574,46.90092207147708,-1.3958642323660513,-1.001256486203416,-0.3946077461626354,184.77677562191235,173.79293110416188,21.349861291227995,0,176.9000015258789,176.9000015258789,3.291349188948388
2026-04-06,177.9199981689453,179.5500030517578,175.7899932861328,179.13999938964844,989066,177.0199991861979,179.33862165971237,180.24236236572267,191.31808807373048,177.62764515478912,178.78367789897325,49.885076536205226,-1.1798572975972943,-1.0369766484821916,-0.1428806491151029,184.7251670576438,173.7604576371804,21.656794585423352,0,176.9000015258789,176.9000015258789,3.4703611276257385
2026-04-07,178.25999450683594,179.0,176.94000244140625,178.4499969482422,645351,176.6155548095703,179.24032107266513,180.25878967285155,191.19386375427248,177.79211551347976,178.7533432670886,48.23401676727256,-1.052218357732869,-1.040024990332327,-0.0121933674005418,184.51131575517775,173.69389817304486,21.94180407289047,0,176.9000015258789,176.9000015258789,3.543496795795789
2026-04-08,180.5,182.3000030517578,179.0,179.25,2156614,176.83333333333334,179.20710199529475,180.23192626953124,191.08257804870607,178.0836924107838,178.79849387917147,50.288373341808,-0.8764073396620233,-1.0073014601982664,0.130894120536243,184.2683444276038,173.7034115538415,20.680635123027105,0,176.20000457763672,176.9000015258789,3.710885377975359
2026-04-09,179.25,181.0500030517578,178.1999969482422,179.4199981689453,1737421,177.45999993218317,179.1237335205078,180.20379760742188,190.98533515930177,178.35095356241612,178.8549942691509,50.73577776455597,-0.7151150090107308,-0.9488641699607594,0.2337491609500286,184.196688899631,173.69079736745886,19.800106272396103,0,177.8000030517578,176.9000015258789,3.803373832451186
2026-04-10,180.6000061035156,180.6999969482422,178.64999389648438,179.4199981689453,1308423,177.6133338080512,179.02534346147016,180.2215463256836,190.89985130310055,178.56476248372198,178.9063582600413,50.73577776455597,-0.5805969150929116,-0.8752107189871898,0.2946138038942782,184.0673712102121,173.68724609935825,18.98247233966732,0,177.8000030517578,176.9000015258789,3.863713987502533
2026-04-13,178.0,179.7899932861328,176.11000061035156,178.57000732421875,1150509,178.00111219618054,178.94840309836647,180.22812683105468,190.80189582824707,178.56581145182136,178.87578090223923,48.21924782731316,-0.5363942944791518,-0.8074474340855823,0.2710531396064305,183.9051013154218,173.648173220711,19.10904495584133,0,177.8000030517578,176.9000015258789,3.9904945435603714
2026-04-15,180.0,181.0,179.25,180.00999450683594,1337282,178.72222222222223,178.91482613303444,180.22618316650392,190.70946723937988,178.85464806282428,178.97889122992984,52.51621622294952,-0.3807790837670097,-0.7221137640218679,0.3413346802548581,183.8638131212547,173.65155705696796,18.66667061163289,0,177.91000366210938,176.9000015258789,4.0078550066266745
2026-04-16,180.7400054931641,180.9499969482422,178.0,180.5800018310547,1622721,179.19555494520398,178.91467007723722,180.2498306274414,190.6089900970459,179.19971881647035,179.12444673912302,54.138578391450594,-0.2090483021173099,-0.6195006716409563,0.4104523695236464,183.80711528806123,173.6661162182864,18.674856748069907,0,177.91000366210938,176.9000015258789,3.7471411568777904
2026-04-17,180.8999938964844,183.3999938964844,180.3500061035156,182.2700042724609,1705913,179.67888895670572,179.000168540261,180.31544281005856,190.51031875610352,179.8137759076685,179.410406514881,58.64958949862264,0.0626959329867418,-0.4830613507154167,0.5457572837021585,184.0029057444719,173.58552351578203,17.62638604308511,0,179.5949935913086,176.9000015258789,3.32285526820592
2026-04-20,182.2899932861328,184.0,181.0,182.1699981689453,1519493,180.0155554877387,179.05328715931284,180.3603927612305,190.3973331451416,180.28502035992383,179.66127848343228,58.2842459660804,0.2669087820557649,-0.3330673241611804,0.5999761062169453,184.15478736549147,173.52523125023117,16.416698476084115,0,180.05500030517578,177.0500030517578,3.192140851702013
2026-04-21,182.1999969482422,183.0,180.92999267578125,182.3999938964844,1199677,180.4544440375434,179.1115583939986,180.41596893310543,190.2719699859619,180.708015067236,179.91025261189156,58.91806500919069,0.4422101459784073,-0.1780118301332628,0.6202219761116702,184.2338675858966,173.4897850630292,15.321634977500125,0,180.05500030517578,177.0500030517578,3.1114273071289102
2026-04-22,182.3999938964844,184.13999938964844,180.9199981689453,183.33999633789065,1784986,180.9088880750868,179.20637165416372,180.4399969482422,190.12879287719727,181.2344113213669,180.2220474960733,61.49318060887315,0.6495010373008654,-0.0125092566464372,0.6620102939473026,184.57100923957367,173.3349889904068,14.62052543751353,0,180.125,177.12000274658203,3.204998561314178
2026-04-23,183.33999633789065,185.759994506836,182.509994506836,183.8500061035156,2480767,181.40111117892795,179.2921149513938,180.50882751464843,189.9739212799072,181.75753027779663,180.5518619149317,62.85367237400687,0.8451912492723181,0.1590308445373138,0.6861604047350043,184.9152023220295,173.16679688451345,14.58195601239598,0,180.93499755859375,177.9300003051758,3.0885707310267896
2026-04-24,183.9499969482422,185.2100067138672,182.5,182.7899932861328,943394,181.77555508083768,179.3499991677024,180.563844909668,189.80882621765136,181.9640228794639,180.75532840322268,58.24737535680809,0.9043185552789909,0.3080883866856492,0.5962301685933415,185.35762981236897,173.274369394174,14.541231825484662,0,180.93499755859375,177.9300003051758,2.9335719517299146
2026-04-27,182.7899932861328,185.0,182.4100036621093,184.509994506836,1159841,182.435553656684,179.45999908447266,180.57900299072264,189.67039970397948,182.47321720493832,181.09666168536933,62.98732837211117,1.0775458177018038,0.4619798728888802,0.6155659448129236,185.72759923724036,173.97739954205656,14.45611085224567,0,181.879997253418,177.9300003051758,2.8499995640346065
2026-04-28,184.5,185.1000061035156,182.82000732421875,183.8099975585937,2809325,182.85777621799045,179.75636291503906,180.60387756347657,189.5337313079834,182.74057327566945,181.3433285829352,60.00189556387428,1.1451452460342182,0.5986129475179478,0.5465322985162704,186.20498747747453,174.07701172906846,14.419797882645913,0,181.879997253418,177.9300003051758,2.8557139805385106
2026-04-29,183.8099975585937,185.3000030517578,182.8500061035156,184.63999938964844,1679259,183.3088870578342,180.2499993064187,180.66381958007813,189.39442527771,183.12045849846524,181.643025929,62.28455408487636,1.2512686451134414,0.7291440870370465,0.5221245580763949,186.50787177819984,174.7301271842025,14.476126964625644,0,183.05500030517575,177.9300003051758,2.75571332659041
2026-04-30,184.0,185.38999938964844,182.8500061035156,184.82000732421875,1555390,183.5922207302517,180.5581817626953,180.73066650390624,189.2765734100342,183.46036826361595,181.9318424194744,62.78065220059656,1.3345138939291417,0.8502180484154656,0.4842958455136761,186.32603713481072,176.0419621327674,14.571127795535212,0,183.33999633789065,177.9300003051758,2.733569553920211
2026-05-01,184.82000732421875,184.82000732421875,184.82000732421875,184.82000732421875,0,183.8866661919488,181.00090928511187,180.82686737060547,189.1335307312012,183.7322960757365,182.19440286536025,62.78065220059656,1.384526394922318,0.9570797177168362,0.4274466772054819,186.45488213190592,176.76311713567222,14.65934285280838,0,183.33999633789065,177.9300003051758,2.5871407645089386
2026-05-04,185.19000244140625,188.1999969482422,184.2100067138672,185.7899932861328,1872381,184.2633327907986,181.5586360584606,180.92127868652344,189.0064754486084,184.14383551781577,182.5212747217941,65.60781769638128,1.4853096972784954,1.062725713629168,0.4225839836493272,186.8651903619497,177.1398084173472,16.154033795769948,0,184.55999755859372,179.1500015258789,2.609283447265635
2026-05-05,186.5500030517578,186.5500030517578,183.8500061035156,184.759994506836,1069901,184.42111036512583,181.94227183948863,180.9672915649414,188.87919357299805,184.26706731561984,182.72479470225244,60.36434611956383,1.4651792230292813,1.1432164155091908,0.3219628075200904,187.09900113940705,177.4679971516086,17.28784637425311,0,185.30500030517572,180.75,2.6285694667271327
2026-05-06,185.88999938964844,186.8000030517578,184.8800048828125,186.0500030517578,1367910,184.6655544704861,182.31181751598007,181.02899597167968,188.7444997406006,184.62365446284744,183.02708637038927,64.22117171224674,1.5356169493744858,1.22169652228225,0.3139204270922358,187.40415986089744,177.92283904046974,18.434112536618663,0,185.30500030517572,180.75,2.563570295061392
2026-05-07,186.9900054931641,187.0,185.0,185.5200042724609,1447315,184.96888902452255,182.60181773792613,181.09156982421877,188.59396301269533,184.8029244247701,183.2537152705776,61.57033805089696,1.5310241890528855,1.2835620556363772,0.2474621334165085,187.5948787391471,178.3591205894662,19.576166655025904,0,185.30500030517572,180.75,2.4885711669921915
2026-05-08,185.0,186.8999938964844,184.6000061035156,184.8800048828125,2051302,185.01000128852,182.8940908258612,181.1395938110352,188.45021644592285,184.8183405163786,183.4015597807808,58.43375068417708,1.4589242210904558,1.318634488727193,0.1402897323632628,187.62147258145995,178.87852741854007,20.310794162562697,0,185.51000213623047,180.8600006103516,2.438570295061392
2026-05-11,184.8800048828125,185.2899932861328,182.509994506836,182.75,1835186,184.89222378200955,183.0531817349521,181.15357116699215,188.2948161315918,184.4046724131029,183.34232707343708,49.41176838970471,1.215894805726407,1.298086552127036,-0.0821917464006289,187.4111823431689,179.4218178399366,19.50562347795385,0,185.3549957275391,180.8600006103516,2.489283970424111
2026-05-12,182.5,183.1999969482422,181.1100006103516,181.3000030517578,1484763,184.52111307779947,183.13863650235265,181.145546875,188.1425385284424,183.7837385408339,183.15666125328443,44.38752874237524,0.8959615208295304,1.2176615458675348,-0.3217000250380044,186.99932465188692,180.10667510397244,18.274247439453845,0,184.65499877929688,181.9949951171875,2.408569335937502
2026-05-13,181.0,182.2899932861328,180.8000030517578,181.5500030517578,982840,184.15777926974823,183.23545490611684,181.14466094970703,187.99949356079105,183.3369914430187,183.010601416782,45.41802588575715,0.6550341720262338,1.1051360710992748,-0.450101899073041,186.8008216012803,180.45917900907125,17.299252556666918,0,184.5,182.15499877929688,2.2828543526785734
2026-05-14,182.3999938964844,182.88999938964844,181.22999572753903,181.77999877929688,662070,183.82000054253476,183.3813636086204,181.1324346923828,187.85563873291017,183.0255929102744,182.89872844973783,46.402008792770616,0.477155889297137,0.9795400347388472,-0.5023841454417103,186.6566579160444,180.72334238913132,16.09110774286774,0,184.5,182.15499877929688,2.2078541346958747
2026-05-15,181.77999877929688,182.97999572753903,181.3000030517578,181.44000244140625,535932,183.336668226454,183.44636396928263,181.1277935791016,187.6698359680176,182.70847481650077,182.76611699443495,45.107438505406144,0.3052326734320729,0.8446785624774925,-0.5394458890454196,186.7201594138857,180.5768407081846,15.023868602630047,0,183.9000015258789,182.15499877929688,2.142853873116628
2026-05-18,180.5500030517578,182.72000122070312,180.5,182.22000122070312,1001515,183.054446750217,183.52090939608487,181.15994140625,187.49108810424804,182.61078009734123,182.7164701059139,48.64707302856809,0.229278687003898,0.7215985873827737,-0.4923199003788756,186.71766990329724,180.58433052394884,14.363114535699085,0,183.75,182.15499877929688,2.138568333217076
2026-05-19,182.22000122070312,183.3000030517578,181.92999267578125,183.0200042724609,541535,182.717780219184,183.55500030517575,181.22072509765624,187.34387321472167,182.6926249323652,182.7440641210545,52.06145553650933,0.2309756227116963,0.6234739944485583,-0.392498371736862,186.70768439106536,180.65631707377835,13.36629574060304,0,183.75,182.15499877929688,2.0614264351981006
2026-05-20,182.009994506836,183.0,181.9600067138672,182.32000732421875,836590,182.36222500271268,183.56181890314275,181.24204315185543,187.2107010650635,182.6181014107359,182.7055135031604,48.99200013757727,0.1738327175208667,0.53354573906302,-0.3597130215421533,186.71478425482,180.54721830865657,12.440678288013856,0,183.6999969482422,183.0999984741211,1.955712454659592
2026-05-21,182.33999633789065,183.4900054931641,182.1600036621093,182.2400054931641,524532,182.06889173719617,183.55454670299184,181.25515167236327,187.0585824584961,182.5424822272216,182.6631945931607,48.63904579357588,0.1206997230277409,0.4509765358559642,-0.3302768128282233,186.69369636858576,180.40730613385568,11.862534522840187,0,182.8949966430664,183.0999984741211,2.0507125854492188
2026-05-22,182.8999938964844,182.8999938964844,182.0,182.0800018310547,498340,181.99444749620227,183.4972742254084,181.2914978027344,186.91603645324707,182.4499861479882,182.61017706933288,47.89584548005288,0.0649319882220993,0.3737676263291913,-0.3088356381070919,186.70997307704116,180.32003027989248,11.203615399318808,0,181.99500274658203,184.2750015258789,1.829998561314176
2026-05-25,182.5,183.3300018310547,182.0800018310547,182.75,523846,182.1555582682292,183.44727394797584,181.3315240478516,186.78721313476564,182.50998891839055,182.62288824484807,51.25463320248281,0.0739465002050678,0.3138034011043666,-0.2398569008992987,186.6034809185821,180.25052298766784,10.906496207759687,0,181.99500274658203,184.3499984741211,1.7264273507254464
2026-05-26,182.6499938964844,185.8500061035156,182.2700042724609,184.0200042724609,1060367,182.43000284830728,183.5031835382635,181.4002554321289,186.6633058166504,182.81199198920464,182.74989879281287,56.92316099783924,0.1814773390181869,0.2873381886871307,-0.1058608496689437,186.6206933197245,180.25431125791224,12.105719237377832,0,183.1750030517578,184.3499984741211,1.8364268711635088
2026-05-27,184.4499969482422,185.9499969482422,183.8300018310547,185.3699951171875,1187394,182.82889133029516,183.54227447509768,181.4998745727539,186.5406513977051,183.3235926148012,182.988089367756,61.98390908901847,0.3713486067386213,0.3041402722974289,0.0672083344411924,186.73113138851397,180.21687276187663,13.267851933769522,0,183.2249984741211,184.3499984741211,1.844997950962616
2026-05-28,185.3699951171875,185.3699951171875,185.3699951171875,185.3699951171875,0,183.26555718315973,183.61318345503372,181.5872467041016,186.4062380981445,183.7328731152785,183.20462625406796,61.98390908901847,0.5158762540211512,0.3464874686421734,0.1693887853789778,186.81527397343305,180.1877289562545,14.346975151847522,0,183.2249984741211,184.3499984741211,1.680713108607701
2026-05-29,185.0,185.0500030517578,182.1699981689453,183.22000122070312,2378162,183.37666829427084,183.54863808371803,181.6292861938477,186.3029000854492,183.6302987363634,183.20602397830748,50.93199811802096,0.4517217494201873,0.3675343247977761,0.0841874246224111,186.67800729010324,180.1649950292327,13.66786108273577,0,183.9399948120117,184.3499984741211,1.7107129778180843
2026-06-01,183.0,186.0,183.0,183.97000122070312,696505,183.4822235107422,183.5100014426492,181.68360412597656,186.19647666931152,183.69823923323133,183.2754764548889,54.012403327962666,0.4561394822892737,0.3852553562960756,0.070884125993198,186.4049610861809,180.25604202661205,12.91803785908899,0,183.9800033569336,184.3499984741211,1.7757132393973276
2026-06-02,183.009994506836,183.8999938964844,182.1000061035156,183.7100067138672,473253,183.63666788736975,183.45954686945132,181.71853118896485,186.0967359161377,183.70059272935853,183.31497920570516,52.77551762426789,0.4336621957321256,0.3949367241832857,0.0387254715488399,186.28479734827175,180.27120698522432,12.301742097351626,0,184.0,184.3499984741211,1.802856445312508
2026-06-03,183.75,183.88999938964844,182.6100006103516,183.42999267578125,671415,183.7688886854384,183.35227411443535,181.7568002319336,185.990443649292,183.64647271864308,183.32543497571203,51.41004080425608,0.3887724645282446,0.3937038722522775,-0.0049314077240328,185.85914865111053,180.43485464478792,11.729467461452648,0,184.0,184.3499984741211,1.7757132393973254
2026-06-04,183.42999267578125,185.4900054931641,183.42999267578125,183.72000122070312,690939,183.95111083984372,183.30500169233844,181.78940032958985,185.8893921661377,183.66117841905512,183.3613046343476,52.77292376966317,0.372306576547146,0.3894244131112513,-0.0171178365641052,185.54803628339687,180.5659667073258,11.55174322985008,0,184.04000091552732,184.3499984741211,1.8028575352260128
2026-06-05,183.75,185.4900054931641,183.5,183.5200042724609,728527,184.0366668701172,183.1900017478249,181.9140005493164,185.79560241699215,183.6329435897363,183.37573187417604,51.69604550883931,0.3392089695620086,0.3793813244014028,-0.0401723548393941,185.34086559156495,180.6371373381225,11.386713586219123,0,184.0500030517578,184.3499984741211,1.7864292689732244
2026-06-08,183.009994506836,183.8000030517578,183.0,183.0599975585937,776429,183.92999945746527,183.07818326083097,182.09960052490237,185.7132661437988,183.51835438350776,183.34702875457765,49.20877242638738,0.2727164744411254,0.3580483544093473,-0.0853318799682218,185.3538180163692,180.6551846691777,10.883030514559294,0,184.0500030517578,184.3499984741211,1.7457144601004566
