Date,Open,High,Low,Close,Volume,SMA_9,SMA_22,SMA_50,SMA_200,EMA_9,EMA_21,RSI_14,MACD_Line,MACD_Signal,MACD_Hist,BB_Upper,BB_Lower,ADX_14,ST_Direction,Ichi_Tenkan,Ichi_Kijun,ATR_14
2024-12-16,478.9556749833154,484.3851379452993,478.2285155577335,481.9612731933594,163152,479.8713616265191,466.5410822088068,483.7442633056641,,480.0326889231072,475.4823144152633,53.28364970986029,1.644485017027307,-2.321801566742705,3.966286583770012,498.20483132353945,436.796154394234,20.251865977841483,0,482.7611257917378,472.26580106536994,12.389409950285982
2024-12-17,481.9612644155303,488.16635214984615,470.2297533121656,470.908447265625,96443,480.0491129557292,467.1933233087713,482.45961486816407,,478.2078405916108,475.0665083107508,47.03870428399689,0.9669969463521966,-1.664041864123725,2.6310388104759213,498.1182645954413,439.006030448504,19.103272607240573,0,483.97306167469975,472.26580106536994,12.957285543399768
2024-12-18,474.8835678639151,475.07748887832616,466.3515758172957,468.4845886230469,130262,479.6397501627605,467.7001315030184,481.5928399658203,,476.2631901978981,474.46815197550495,45.771778678039055,0.2318252961719054,-1.2848684320645989,1.516693728236504,497.9572295302149,440.7377289658788,17.789356521849605,0,483.97306167469975,472.26580106536994,12.770302958048967
2024-12-19,461.5038316940565,467.2241463793487,458.7406200614432,462.1825256347656,98994,479.1442057291667,468.2686393044212,480.3886645507813,,473.4470572852716,473.35127685361954,42.56198049897782,-0.8495344435891639,-1.1978016343695117,0.3482671907803478,496.7657785297923,443.59679776415294,17.208218350387163,0,481.98547572921393,472.26580106536994,12.67334983058754
2024-12-20,462.1825554497201,462.9097148953061,444.68223370636827,446.8152465820313,147538,476.6557040744358,467.9976071444425,478.8005493164063,,468.12069514462354,470.9389104652933,35.942973231684576,-2.9129521191916865,-1.5408317313339468,-1.3721203878577397,495.8385361816547,445.0912245605328,17.649304312513387,0,474.9562825516764,472.26580106536994,13.473226498649163
2024-12-23,451.0812318002204,456.1228823358976,443.0824780928549,452.0992431640625,136012,472.1580878363715,468.2972842129794,477.2764221191407,,464.91640474851135,469.2262134379087,39.43093816546902,-4.074878466818632,-2.047641078430884,-2.027237388387748,495.6508252776106,445.4486040436785,18.15894003161249,0,474.15640474491977,472.26580106536994,13.37627238517575
2024-12-24,452.0992465777338,469.5510729801233,449.14214338371727,466.49700927734375,506933,468.6030849880642,469.4497209028765,476.1119970703125,,465.2325256542779,468.9781039687664,47.77538993721391,-3.790242513993121,-2.396161365543332,-1.3940811484497897,495.6248311920433,445.95452061459736,17.368015734209816,0,470.7145342601989,472.26580106536994,14.054953679660928
2024-12-26,467.3211156598721,471.19929919231913,454.7170191794191,455.9774169921875,267956,465.1935119628906,469.7031236128374,474.856435546875,,463.3815039218598,467.79622333453193,43.1029625572871,-4.363213245905968,-2.789571741615859,-1.5736415042901086,495.8606125978327,444.4728712888861,16.492822057634914,0,465.7940979794763,472.26580106536994,14.64360652643774
2024-12-27,456.8985154923505,462.42493908000216,454.038343188739,457.57720947265625,73038,462.50032891167535,469.5158247514205,473.5931188964844,,462.2206450320191,466.8672220743614,43.99992926117799,-4.634779937755752,-3.1586133808438377,-1.4761665569119145,496.0080369571788,443.8891523738759,15.735002196618282,0,465.6244151213505,472.26580106536994,14.560505993206997
2024-12-30,459.5647685007097,459.5647685007097,441.2888218948043,445.8941650390625,240138,458.4928724500868,468.491191517223,471.9768859863281,,458.9553490334278,464.9605805256978,39.14642082029217,-5.726708611967467,-3.672232427068564,-2.0544761848989035,497.1188790993825,440.8004385275706,15.977286372653984,0,464.7275870223252,472.26580106536994,15.190711268389562
2024-12-31,444.0520167338107,458.2558580763258,441.1433790696154,456.4137268066406,138223,456.8823479546441,468.239990234375,470.85027404785154,,458.4470245880704,464.1835938239653,45.02650400938946,-5.677779328400902,-4.073341807335032,-1.6044375210658703,497.0750805936957,439.6468462861872,16.21223348510461,0,458.1104339739708,473.1868552333,13.96146799639787
2025-01-01,452.7779228465416,483.1731918931716,452.7779228465416,471.4416809082031,371560,457.2109137641059,468.5022083629261,469.94083984375,,461.045955852097,464.8434199225324,52.141053049915065,-4.375929228292193,-4.1338592915264645,-0.2420699367657288,497.3697408262768,439.9436106141528,15.735404983460048,0,462.1582854813935,473.1868552333,15.003731077237944
2025-01-02,471.0538844622722,474.5927211023941,462.7157837510063,469.79345703125,178588,458.0565728081597,468.5661093971946,469.0614599609375,,462.7954560879276,465.29342329605214,51.35602273482767,-3.4375753083823497,-3.994602494897642,0.5570271865152923,497.3971151880816,439.9647134251997,15.292635660504386,0,462.1582854813935,473.1868552333,14.882536526717988
2025-01-03,469.7934592162175,477.6952820593438,467.36959443935496,471.6356201171875,240366,460.81439208984375,468.843754161488,468.6038348388672,,464.56348889377966,465.8699866434281,52.221852466094845,-2.5162699077698107,-3.698935977472076,1.182666069702265,497.3578055494423,439.9506996995812,15.09924708620284,0,462.1582854813935,473.1868552333,14.79250810078947
2025-01-06,474.0594676113722,474.0594676113722,454.6200550567171,457.4317321777344,175388,461.4068908691406,468.3038926558061,467.785537109375,,463.1371375505706,465.10287260109226,45.49744162610204,-2.898847678439722,-3.538918317665605,0.640070639225883,497.32554875988313,439.0618871532028,14.165456501225089,0,462.1582854813935,473.1868552333,15.741278827010136
2025-01-07,457.1408787227117,457.5771862004598,451.32360348976096,454.6685485839844,95443,460.09261745876734,467.5084242387251,467.1330328369141,,461.4434197572534,464.15429769044607,44.30231057228176,-3.385977697942508,-3.508330193720986,0.122352495778478,497.2109790983823,437.72213552564114,13.542433720752024,0,462.1582854813935,473.1868552333,14.90677767508287
2025-01-08,453.7474877866795,455.9289660933462,445.1185350690586,446.9122009277344,109635,459.08537122938367,466.61159584738994,466.452412109375,,458.53717599134967,462.5868343483814,41.043179963083496,-4.347785615169016,-3.676221278010592,-0.6715643371584239,493.8009418389233,436.5656139472096,13.40988888331833,0,462.1582854813935,473.1868552333,15.055671815315524
2025-01-09,446.9121862752592,452.2446886278352,443.1794287108175,446.6697998046875,75359,457.8734368218316,465.5869612260298,465.96473022460935,,456.1637007540172,461.1398312080456,40.94181112178004,-5.071128253977918,-3.9552026732040577,-1.11592558077386,487.6777424100824,437.5065898653082,13.42394352380142,0,462.1582854813935,473.1868552333,15.00719262641653
2025-01-10,446.47587634972047,446.9606492882109,441.4342259541428,443.9065856933594,90729,457.652594672309,463.3746337890625,465.4382666015625,,453.7122777418857,459.5731725248922,39.73698873767525,-5.800486395783366,-4.32425941771992,-1.4762269780634467,484.1516155870735,436.7570178357781,13.564334831760467,0,462.1582854813935,473.1868552333,14.09997420821155
2025-01-13,437.2651772539828,446.0880503845063,435.61693747783767,443.1794128417969,427309,456.182115342882,460.8604236949574,464.75182739257815,,451.605704761868,458.0828307355199,39.40832502615624,-6.363826519023064,-4.732172837980549,-1.6316536810425148,481.1633404039362,435.8816486097356,14.11150594127728,0,459.3950646855046,470.4236344374111,13.916453398470546
2025-01-14,443.08247061596114,450.64491670367,438.6225536155362,445.70025634765625,567346,453.3219570583767,458.9984547008168,464.0324243164063,,450.42461507902567,456.957142154805,41.22323624249999,-6.53157469466629,-5.092053209317697,-1.4395214853485925,477.1476839683892,436.2712033607124,14.143520562075889,0,456.65610976859074,470.4236344374111,13.317412933593957
2025-01-15,445.9910963113026,453.6505026998802,441.6766053921449,449.1421203613281,93194,451.02736409505206,457.5132848566229,463.299447631836,,450.16811613548623,456.2466856281253,43.70272588795614,-6.314002777687279,-5.336443122991613,-0.9775596546956652,475.1747886874778,436.0674659511941,13.86569270206634,0,456.65610976859074,470.4236344374111,12.995385597510758
2025-01-16,451.5175139819606,463.9761544784355,451.1296719715779,461.3583984375,128739,449.8854505750868,456.5767905495384,462.86703002929687,,452.406172595889,456.7113867926138,51.51990366371567,-5.097068092750646,-5.28856811694342,0.1915000241927735,474.07719033520425,436.452445284913,13.104283278434869,0,454.83820254460494,470.4236344374111,13.455916899356774
2025-01-17,457.0439498855546,462.4249476017882,457.0439498855546,460.2434692382813,102109,450.1978658040365,456.0920188210228,462.5567755126953,,453.9736319243675,457.03248519676544,50.82624831648912,-4.174483211980089,-5.065751135950754,0.8912679239706653,473.8496588386699,436.4860711417989,12.39726024220564,0,449.7965459781366,466.98176395269024,12.534849121523072
2025-01-20,458.5952247175554,461.019089541644,453.7474950693783,457.0439453125,35659,450.4617987738715,455.5719895796343,461.8945758056641,,454.587694601994,457.0335270254686,48.79588099127075,-3.659320519279333,-4.784465012616471,1.125144493337137,473.9539120594116,437.40468779410406,11.601548253635409,0,449.7965459781366,462.06132767196766,11.831928797634164
2025-01-21,458.5952360648,460.63128848505215,446.9606846212956,450.3540954589844,77879,450.844231499566,455.0343336625533,461.2614630126953,,453.7409747733921,456.42630597397,44.76890767655048,-3.747664602836665,-4.577104930660509,0.8294403278238445,473.955080932558,437.2290041504499,11.479782130759448,0,449.7965459781366,461.89164481384194,10.637309856000346
2025-01-22,452.77793580422673,452.77793580422673,441.1433849912701,447.9302062988281,70650,450.9842766655816,455.0850136496804,460.8852789306641,,452.57882107847934,455.6539332762298,43.37225424599242,-3.967530303837521,-4.455190005295911,0.4876597014583907,472.5772651842112,436.750139600945,11.847670440533872,0,449.7965459781366,461.89164481384194,10.619996531826692
2025-01-23,447.93020390847,455.5896105684871,442.3068495474935,445.1669921875,86571,451.1243218315972,454.769911332564,460.5798724365234,,451.0964553002835,454.70057499543617,41.77237293229359,-4.315003072148272,-4.427152618666383,0.1121495465181112,472.5158176705045,435.7305446341831,11.877368567319984,0,449.7965459781366,459.3950646855046,10.831216060469886
2025-01-24,442.9855261898222,445.2154995650784,438.2347570859539,442.6461791992188,215352,451.06507364908856,453.6857826926491,460.23956176757815,,449.40640008007057,453.6047208321437,40.31149006534868,-4.739156242144702,-4.489553343362047,-0.2496028987826548,472.38088179370186,434.3723774836419,12.25071836122234,0,451.10545578219467,459.3950646855046,9.941311055074843
2025-01-27,442.6461655152509,442.6461655152509,429.3149094894711,438.6710510253906,147694,450.2840508355035,452.8991296941584,459.8817999267578,,447.2593302691346,452.2471144860752,38.05156536575068,-5.334566742565244,-4.658556023202687,-0.6760107193625569,472.8737915480297,433.1571563279469,13.279313146635154,0,446.6455319839533,456.2440506913214,10.446860126435476
2025-01-28,437.3621547151423,439.1073254731607,424.46717668954506,437.3136596679688,140744,448.9697774251302,451.9780592484908,459.481376953125,,445.2701961489015,450.88952768442914,37.2829414170069,-5.848545599127021,-4.896553938387553,-0.951991660739468,473.0363159250733,431.0846252370361,14.565284022552206,0,444.2216655839903,453.8201842913583,10.720411394958909
2025-01-29,439.5920935557254,447.736272983425,436.87737694255617,439.2527465820313,71907,446.51359388563367,451.676176591353,459.2729248046875,,444.0667062355275,449.831638493302,39.17316629154712,-6.029900498170491,-5.123223250344141,-0.9066772478263498,470.0605490644208,430.8414986650714,14.746840600965744,0,443.4460621456666,453.8201842913583,10.848528260948273
2025-01-30,440.12537956963655,455.1533412391653,436.9743553486064,451.5660095214844,1131113,445.5494316948785,451.45582580566406,459.2486859130859,,445.56656689271887,449.9893085867732,49.56754355941581,-5.121016261531111,-5.122781852581535,0.0017655910504243,466.9331499916306,432.146152986885,14.155312502705405,0,442.74313311559456,453.8201842913583,11.75228272926904
2025-01-31,450.9358019418181,454.4746385429675,445.8941514496378,450.30560302734375,209285,444.80072699652777,450.49509499289775,459.3446710205078,,446.5143741196439,450.018062626825,48.651074383149634,-4.45111355986154,-4.988448194037536,0.5373346341759966,462.4403443318909,434.5059569376403,13.606036411463656,0,442.5492325872986,453.8201842913583,11.617238028316264
2025-02-01,450.3055958356794,463.2975047110335,445.9911048340729,448.07562255859375,66681,444.5475633409288,449.50792069868606,459.4833154296875,,446.8266238074339,449.8414771660767,46.99548838906699,-4.053426254808642,-4.801443806191758,0.748017551383116,461.32068557375794,434.69000473385927,13.019507427572732,0,443.8823407002893,453.8201842913583,11.99466922751818
2025-02-03,445.11852908714434,457.33481335794295,445.11852908714434,453.9898681640625,149384,445.2208591037327,448.7058410644531,459.5550616455078,,448.25927267875966,450.218603620439,51.69087600869579,-3.2238633178801592,-4.485927708529438,1.2620643906492788,461.21853662218905,434.7242856434359,12.386600959951094,0,443.8823407002893,453.8201842913583,12.011982582022702
2025-02-04,454.7170190826115,460.4373338741146,444.0520143706526,449.9177551269531,93599,445.7487216525608,448.364296653054,459.3194610595703,,448.5909691683984,450.19125375739486,48.50485265095651,-2.8620225888550976,-4.16114668459457,1.2991240957394723,461.3864006047252,434.8569770808217,12.093060201550784,0,443.8823407002893,453.8201842913583,12.122788681048032
2025-02-05,449.9177730224951,460.5343126978599,446.1365498464039,457.57720947265625,249831,447.40772501627606,448.49650851163,459.1022833251953,,450.38821722925,450.8627042769641,54.220539466049786,-1.9349028950744585,-3.7158979266905474,1.7809950316160892,462.5623448229556,434.7717738293881,11.829949577446223,0,443.8823407002893,451.0812293744444,12.766843333563916
2025-02-06,457.5772143784026,463.927728396833,454.76550750544254,460.29193115234375,84355,449.810045030382,449.10467806729406,459.0693188476562,,452.3689600138688,451.7199067201804,56.08119013919202,-0.9699178967803732,-3.1667019207085128,2.1967840239281395,464.1127382819715,434.85991491627067,11.923328805704752,0,444.197452543189,451.0812293744444,12.901888077787117
2025-02-07,460.2919336324002,462.4734119908477,450.8873262073717,459.3223876953125,62862,452.2554592556424,449.67979569868606,458.94230895996094,,453.75964555015753,452.4110413542833,55.21800973053474,-0.2801648217914589,-2.5893945009251023,2.3092296791336437,465.2327754648504,435.35417521874336,11.527304594660327,0,450.4025526696946,449.2633221504586,12.752993929195648
2025-02-10,455.6865747053485,458.1589049243238,443.7126768778992,445.1185302734375,48407,452.907212999132,449.7348840886896,458.4769268798828,,452.0314224948136,451.7480858014792,44.42913963064768,-0.869638476786804,-2.245443296097443,1.375804819310639,465.2435552313291,435.2852228448428,11.056412291573064,0,450.4510418727197,444.2216655839903,13.036933929513983
2025-02-11,443.2763902488728,448.89974454395207,430.7207592087488,434.0657043457031,85143,450.96273464626734,449.3206246115944,457.8476922607422,,448.4382788649915,450.1405965782268,38.17798888649471,-2.2032733120948933,-2.237009299296933,0.0337359872020397,466.1526596231436,432.86847685146586,11.7855674099303,0,447.3242438027909,444.2216655839903,13.38666423767182
2025-02-12,434.06571056574586,435.5684948730469,415.6443384954334,418.1166687011719,80222,447.38618638780383,448.0668251731179,456.82385192871095,,442.3739568322276,447.2293304075854,31.3282503913004,-4.495323125508605,-2.688672064539268,-1.8066510609693376,468.21028121443976,426.4866822865369,13.456562704949086,0,439.7860334461332,439.8102464869344,14.311193801849608
2025-02-13,420.7829248272381,420.7829248272381,410.651158235176,413.8506774902344,98530,443.5834147135417,446.46266867897725,455.6574884033203,,436.669300963829,444.1949074150989,29.788737759439,-6.5801668864572775,-3.466971028922869,-3.113195857534408,469.8035208610554,420.2541634651165,15.28274484598789,0,437.2894433160045,437.3136563568057,14.082657864872065
2025-02-14,413.0750193149018,416.6623509841319,400.8102695840255,406.9184265136719,140169,438.3532545301649,443.98812450062144,454.46300842285154,,430.7191260737976,440.80613642406007,27.429838616906537,-8.691603906567877,-4.511897604451871,-4.179706302116006,471.8945544623127,413.1505779839764,17.46536746417644,0,432.3689989904293,432.3932120312305,14.16922448033569
2025-02-17,400.6648461562992,410.0694532915548,397.9985949114599,404.54302978515625,88521,433.3116183810764,441.4562863436613,453.1696337890625,,425.4839068160694,437.50949036597785,26.65105250879205,-10.436304400307392,-5.696778963622975,-4.739525436684417,473.8680515487306,406.5959743301757,19.620726767221136,0,430.96316165414646,430.9873746949477,14.255793218851837
2025-02-18,404.7854349859027,406.5791009148563,392.9569625354681,397.2714538574219,68419,426.6109788682726,438.73935491388494,451.2635070800781,,419.8414162243399,433.85148704701817,24.370037160062253,-12.26437147766842,-7.010297466432065,-5.254074011236354,476.17559362192594,399.2225570128397,21.84778784347088,0,428.4423454661505,428.4665585069518,13.930304110911075
2025-02-19,397.271441243785,412.0570165432792,393.6356440389914,409.5846862792969,121069,420.9768405490452,436.8861999511719,449.48536010742185,,417.7900702353313,431.6454142499526,34.58057832358281,-12.57460068721565,-8.123158110588783,-4.451442576626867,476.19126560353743,395.6486544404079,23.20545625964917,0,427.7151872631579,428.4665585069518,14.633224497408078
2025-02-20,410.1179271324747,421.7524782568002,406.3367039347076,417.9227600097656,129801,416.3768819173177,435.5222251198509,448.1105438232422,,417.8166081902182,430.39790022811735,40.44409345876176,-12.00921198471849,-8.900368885414725,-3.108843099303765,475.5984385144765,393.7691396105235,23.34272920010663,0,425.5579337298959,428.4423454661505,14.498179814917506
2025-02-21,408.27580323422393,424.2248162717559,398.774235223168,408.0334167480469,802574,412.2563137478298,433.8343353271485,446.63489501953126,,415.859969901784,428.3647653662928,36.2895840726085,-12.218279990993553,-9.56395110653049,-2.6543288844630606,475.6995930888485,390.60422160841705,23.92879985178204,0,420.9283535397101,428.4423454661505,15.443486727616744
2025-02-24,405.27020320800233,405.27020320800233,386.945790846619,390.823974609375,157623,407.4516771104601,431.4787805730646,444.8121490478516,,410.8527708433022,424.951966206573,30.431314232914065,-13.61567304411176,-10.374295494046743,-3.241377550065014,477.3150458639378,384.3398003274684,25.090109674550824,0,411.2571428598329,425.436759621726,15.77936575604288
2025-02-25,391.5026244245619,395.2838771228858,384.95818956880674,386.8488159179688,119646,403.9774712456597,429.1232244318182,443.1309564208984,,406.05197985823554,421.48804345306354,29.256466416519785,-14.872438972289672,-11.27392418969533,-3.598514782594341,478.450935362791,377.96351776220905,26.263867411317957,0,404.5915029202813,424.4429589828199,15.488503234801671
2025-02-27,385.442948818589,387.769882577356,376.1837975945162,377.7350769042969,92674,399.9646267361111,426.41510703346944,441.3159661865234,,400.38859926744783,417.5105010395393,26.71040872855677,-16.414620074120307,-12.302063366580326,-4.112556707539982,478.2602975241402,370.7710623391411,27.754643169044936,0,400.2043069331361,420.0557629956746,15.661636384190912
2025-02-28,380.4982934289852,380.4982934289852,358.73197653120667,364.59771728515625,256760,395.26232571072046,423.02169661088425,439.36427001953126,,393.2304228709895,412.700247970959,23.531409038182773,-18.483814923245347,-13.538413677913333,-4.945401245332016,478.7705078067021,361.6900634823604,29.78279738073372,0,391.4783964014813,411.32985246401984,16.388795749498236
2025-03-03,361.6406188800128,376.183807306823,360.2347654968108,373.8569030761719,509299,391.8527560763889,419.4894644997337,437.90510314941406,,389.355718912026,409.1690347987056,29.866928171977197,-19.1557127057751,-14.661873483485689,-4.493839222289415,477.0046772660578,356.03402207476256,31.66608343444474,0,391.4783964014813,411.32985246401984,16.413033677541016
2025-03-04,370.36652463587126,377.1533457679422,364.6946753435736,374.4386291503906,166539,389.31577555338544,416.0409656871449,436.3518908691406,,386.372300959699,406.0117251943134,30.25788128079876,-19.417424128266475,-15.612983612441845,-3.804440515824631,473.1146370484416,351.9689383910116,33.293647068859464,0,391.4783964014813,411.32985246401984,16.00443975533854
2025-03-05,378.3168010976074,403.2341115969785,374.2446967074827,387.67291259765625,411519,386.8811340332031,413.29538796164775,434.77540893554686,,386.6324232872904,404.3445604127991,38.63830100891921,-18.345461188518986,-16.159479127657274,-2.185982060861708,468.28862770635885,350.57046348016456,32.16349770201199,0,391.4783964014813,411.32985246401984,16.651958220472984
2025-03-06,390.1452635564419,401.7313488763493,390.1452635564419,397.61077880859375,171435,384.62424723307294,410.7327020818537,433.608076171875,,388.8280943915511,403.7323984487804,44.07293224731165,-16.503774843530664,-16.22833827083195,-0.2754365726987124,460.9097025149694,351.9527456051477,31.11407328993933,0,391.4783964014813,411.32985246401984,16.93243462666091
2025-03-07,400.0831015608924,400.5194090422745,383.1160486567986,386.9942321777344,272751,382.28656005859375,407.8725419477983,432.19641662597655,,388.46132194878777,402.2107469695944,39.99744307939711,-15.71968499002122,-16.12660761466981,0.4069226246485868,451.5531798118898,353.9794984107665,30.55006316648318,0,382.00108986960447,411.32985246401984,17.043240268473017
2025-03-10,387.818359375,395.3808055475354,376.620116083324,381.7586975097656,173500,381.27930704752606,404.42624594948506,430.9137072753906,,387.12079706098336,400.3514697459736,38.12511721638004,-15.343877357622148,-15.970061563260275,0.626184205638129,440.5577023464047,357.2186068576969,30.3817607824648,0,380.9830440640926,411.32985246401984,17.52108534590991
2025-03-11,378.1713695864476,381.0315418503726,373.3721350946831,376.5716247558594,68069,380.1373969184028,400.6207774769176,429.316865234375,,385.0109625999586,398.1896656559632,36.31152485703905,-15.28836575867382,-15.833722402342987,0.5453566436691677,432.09129476240486,358.83032388993894,30.39842403815106,0,380.9830440640926,411.32985246401984,17.14711563417379
2025-03-12,376.66858532516136,382.34043480561127,368.4274451056919,370.511962890625,109025,379.33482869466144,396.5839399857954,427.2982708740234,,382.1111626580919,395.6735108591143,34.26111483876622,-15.554039204488902,-15.777785762772172,0.2237465582832705,425.6981120098145,358.8681324970214,30.673524725956845,0,380.9830440640926,411.32985246401984,16.82508829100462
2025-03-13,372.9358335579236,374.24472647229175,366.7792110260386,373.2267150878906,128143,380.2936062282986,393.3161302046343,425.3669360351562,,380.3342731440516,393.63289306173033,36.00457349012836,-15.368372478727508,-15.69590310596324,0.327530627235733,422.1525220470986,357.9247270984092,31.015662742661952,0,381.7344385468946,411.32985246401984,16.257212657016087
2025-03-17,373.7599301775093,378.1713520187766,366.43987074731206,370.3180541992188,153700,379.9004007975261,390.4185097434304,423.34058471679685,,378.3310293550851,391.51336225604746,34.935508834591175,-15.279798875831489,-15.612682259936893,0.3328833841054042,419.0686695474972,356.6553172689091,30.89586818603651,0,383.964393470276,411.32985246401984,15.27727695865013
2025-03-18,370.3180541992188,370.3180541992188,370.3180541992188,370.3180541992188,0,379.44255913628473,388.2458454478871,421.5983111572266,,376.7284343239119,389.586516069063,34.935508834591175,-15.036274840789533,-15.497400776107424,0.4611259353178916,416.82323061543934,355.2407189695216,30.784630383455735,0,384.8369911721453,410.6026942610272,13.771017965690996
2025-03-19,377.05640705890215,385.3945079922217,376.8625156254072,383.8917236328125,105690,379.02242702907984,386.88407481800425,420.18277465820313,,378.161092185692,389.0688076657675,43.94381936847598,-13.591326256344187,-15.116185872154777,1.5248596158105876,414.5364674318612,355.4623515378654,29.13301479435093,0,384.0856098118306,408.4454407277652,14.11035841132841
2025-03-20,384.9097203589253,395.7686462194415,384.9097203589253,389.708984375,170158,378.1444498697917,386.1018274480646,419.03871032714846,,380.4706706235536,389.127005548425,47.310699750323664,-11.84030213517866,-14.461009124759554,2.620706989580894,413.6867185022436,355.5558535192408,27.35435574138821,0,383.4796398947933,403.8158605375794,14.131132525884782
2025-03-21,389.5635360936623,395.7686536087793,388.8363766587526,392.8600158691406,100176,378.7962036132813,385.570781360973,417.9625146484375,495.1023985290527,382.9485396726711,389.4663701230355,49.09426813630239,-10.082120586183862,-13.585231417044415,3.503110830860555,410.709963963698,356.86014101677074,25.70274434331885,0,381.1042621780457,397.1502357021268,13.071558243902505
2025-03-24,393.6841111527951,399.4529212439007,392.90848624779306,397.9016418457031,133941,380.58986409505206,385.5994262695313,417.0424157714844,494.51348175048827,385.93916010727753,390.2332130069144,51.89980961077049,-8.187550968913058,-12.505695327418149,4.318144358505089,405.5291260156425,360.03886714842,24.466816422426813,0,382.9463959956064,391.4783964014813,12.403262784241637
2025-03-25,400.034647383124,401.3920057360905,385.9277366749905,394.7506103515625,162180,382.6097513834636,384.9251500909979,416.0738397216797,493.8708422851562,387.7014501561345,390.6438854927914,50.043441991827535,-6.861260465240207,-11.37680835498256,4.515547889742352,402.40318784582144,361.8365246785926,22.750725052551484,0,383.91593824170127,391.4783964014813,12.61794840115102
2025-03-26,391.1148008837532,395.8655697636528,388.2061632526076,392.61761474609375,108521,385.0659349229601,383.7749162153765,415.0121868896484,493.17476470947264,388.6846830741264,390.8233154249098,48.77173138667055,-5.914106466898659,-10.28426797736578,4.3701615104671205,402.669999319356,361.74907721873,21.15721163766725,0,383.91593824170127,391.4783964014813,11.094376374118834
2025-03-27,386.4610094989253,433.8233335925445,375.7475093336329,392.8115234375,1737649,387.2420247395833,383.083011973988,413.8855749511719,492.4181396484375,389.5100511468011,391.0040616078726,48.8988659560974,-5.089168521682439,-9.245248086229113,4.156079564546673,403.42151300015627,361.5938342898828,22.051219393106187,0,400.1316021699282,396.2776550618756,14.23847551556302
2025-03-28,385.249063846924,399.45290516387473,363.8705593006507,386.0246887207031,715400,388.9872063530816,382.864862615412,412.378900756836,491.6484867858887,388.8129786615816,390.5513913454026,44.71602061753868,-4.926253316694215,-8.381449132322132,3.455195815627917,403.7661969082245,362.0781115634552,21.90080766425756,0,398.8469464465976,396.2776550618756,15.536974478259314
2025-04-01,391.0178501152143,391.0178501152143,381.5647775785982,388.7394409179688,128911,391.0340270996094,382.950800115412,410.9488201904297,490.7998918151856,388.798271112859,390.3866685792723,46.6807583568883,-4.525912131047448,-7.610341732067195,3.084429601019747,403.2282441925096,365.0302366424513,21.761139630326685,0,398.8469464465976,396.2776550618756,14.872144697716791
2025-04-02,390.6785379180195,390.6785379180195,378.4622534828413,381.6617431640625,201598,390.78625149197046,383.12928494540125,409.44117614746096,489.89627487182617,387.37096552309976,389.593493541526,42.44546861511516,-4.725279830569775,-7.033329351767712,2.308049521197937,403.0450754814655,365.99388936228456,21.37293184975741,0,398.8469464465976,396.2776550618756,15.145696270580771
2025-04-03,382.7282496078293,385.8308083683632,380.4498107919553,383.9886474609375,71843,390.1506585015191,384.0106908624823,408.1138671875,489.0551936340332,386.6945019106673,389.0839620796543,44.23675271993213,-4.642008257162047,-6.555065132846579,1.913056875684532,402.9107336108555,367.0832330639492,21.012453196371663,0,398.8469464465976,396.2776550618756,14.536268261758522
2025-04-04,382.00106680674105,386.8003306234728,378.1228833873832,378.7530822753906,240418,388.5832214355469,384.2332444624468,406.7303247070312,488.1270956420898,385.10621798361205,388.1447911883576,41.134608057094745,-4.941518540579466,-6.232355814393157,1.2908372738136906,402.6276366339849,366.47434700859327,20.465219188451258,0,398.8469464465976,396.2776550618756,14.622834818175413
2025-04-07,347.1459052033093,373.22671415060745,345.8855073411976,368.5728759765625,125013,385.324469672309,383.9666193181818,405.1984423828125,487.19681640625,381.7995495822022,386.3655261691034,35.86765463536486,-5.931960221903296,-6.172276695895185,0.2403164739918892,401.4220263825163,364.7761669768586,20.28592063973808,0,389.85442046687103,389.85442046687103,16.132555794084592
2025-04-08,372.3056346234071,376.3777393373781,369.4454623138093,375.5536193847656,80429,383.1914706759983,383.4157423539595,403.8565911865234,486.3188926696777,380.5503635427149,385.3826255523454,41.40780627524428,-6.083478187848471,-6.154516994285843,0.0710388064373725,401.05121296837046,364.0029191117077,19.881403379847143,0,389.85442046687103,389.85442046687103,16.69004603414285
2025-04-09,378.2198644679399,378.2198644679399,371.4815085749221,375.6505737304688,78412,381.3062438964844,382.4175512140448,402.596181640625,485.4572087097168,379.5704055802656,384.4978935685384,41.483415326442255,-6.125127208372192,-6.148639037103113,0.0235118287309212,400.99882621841095,363.4444934837375,19.36270206486695,0,389.85442046687103,389.85442046687103,16.09446761271534
2025-04-11,378.5106927323853,390.58155036221297,378.12288031124274,388.5939636230469,138068,380.8376261393229,382.4902662797408,401.62178771972657,484.63769989013673,381.3751171888219,384.8702635734937,50.64073100840869,-5.0554350568575614,-5.929998241054003,0.8745631841964414,401.6081065517332,364.037447037134,17.980258378419016,0,372.6692062525361,389.85442046687103,16.312614330223568
2025-04-15,392.6660973365365,403.3795679100708,391.2117784575122,398.8711853027344,188072,382.2650146484375,383.2681066339666,400.8141564941406,483.8557612609864,384.8743308116044,386.1430746397883,56.46616773103533,-3.33991001718465,-5.411980596280133,2.0720705790954828,403.3911339192662,365.0903419108119,17.49024627020512,0,374.6325376256342,389.85442046687103,16.87356628286623
2025-04-16,404.10672720132817,404.10672720132817,396.6897068386645,400.2770385742188,138524,383.5469699435764,384.34562544389206,399.7883770751953,483.0672779846191,387.95487236412737,387.4279804520093,57.21012794858777,-1.8456282007163052,-4.698710117167368,2.853081916451062,405.28173407009984,365.9047741086111,17.078111344813554,0,374.9961172712629,389.85442046687103,16.932431639145058
2025-04-17,403.2826234906057,403.5250099623303,396.6412282477142,400.4709167480469,114831,385.63687811957465,385.7073960737749,398.7916833496094,482.24437561035154,390.45808124091127,388.61370193346727,57.31845490810725,-0.6383957186683347,-3.886647237467561,3.2482515187992265,406.4798088003799,367.7219856332138,16.69154703538023,0,374.9961172712629,389.85442046687103,16.319539685824783
2025-04-21,405.1732443758803,410.1179346115305,399.93770219209534,408.0334167480469,307666,388.3085191514757,387.2895188765093,397.9908392333985,481.510186920166,393.9731483423385,390.3791305529745,61.42112226813073,0.9179932142030792,-2.9257191471334334,3.8437123613365127,408.8239489170016,369.149381771475,16.75077698096359,0,378.001720976364,389.85442046687103,16.499598679281206
2025-04-22,411.2813635684856,416.90471769278616,404.7853945040424,410.9420166015625,317180,391.8850674099392,389.1360626220703,397.1298822021485,480.72364273071287,397.36692199418326,392.24848383011886,62.898268939618575,2.358949851186651,-1.8687853474694167,4.227735198656068,412.289855527896,368.3885044574556,17.209015072391136,0,381.39511251699184,389.85442046687103,13.216991459983502
2025-04-23,417.0048510629312,417.0048510629312,402.4639017646375,410.3012390136719,332266,396.5215521918402,390.9534801136364,396.3375518798828,479.8684503173829,399.953785398081,393.88964339226,62.33203828449872,3.4099057010578804,-0.8130471377639574,4.222952838821838,415.0579523570588,367.67963309216,17.418159021392622,0,393.2251566883703,389.85442046687103,11.71403456248848
2025-04-24,406.16076375011096,412.4700511505773,405.3228047010912,409.7097473144531,153811,400.3166775173611,392.12702664462,395.3802026367188,479.0304182434082,401.90497778135546,395.327834657914,61.77916861052924,4.147260311691014,0.1790143521270367,3.9682459595639767,417.281952227807,367.140606365943,17.612364116894003,0,394.24317981892665,389.85442046687103,11.549332699122052
2025-04-25,411.0898908213539,411.1391701411475,397.1897230283691,403.40045166015625,177819,403.3999972873264,392.74936606667256,394.242373046875,478.143145904541,402.2040725571157,396.0617089308451,56.06658640166706,4.174391930941908,0.9780898678900112,3.196302063051897,417.9373661893063,367.035073385889,17.01311465521284,0,397.56386568708695,389.85442046687103,11.67313003323635
2025-04-28,403.351145444829,405.076342842014,392.9506817415361,403.64691162109375,99516,405.0725470648872,393.2396795099432,393.1288635253906,477.1938426208496,402.49264036991127,396.7512728117768,56.23682163054708,4.167738103239515,1.616019514959912,2.5517185882796025,418.85537992742,367.0066897747285,16.078142217265963,0,404.1083147602217,389.85442046687103,12.154891713527068
2025-04-29,404.1398203658108,408.7239102354758,399.4571417718944,405.1749267578125,92270,405.7729627821181,393.5702833695845,392.3299914550781,476.2633296203613,403.02909764749154,397.5170595341437,57.34048435475726,4.236922344826439,2.1402000809332176,2.0967222638932217,420.0532723421564,367.064528561164,15.505224235257945,0,404.97776640223367,389.85442046687103,12.196986086919338
2025-04-30,404.1891210231112,406.0129072203487,392.7535203625193,400.196533203125,372577,405.76401774088544,393.8178253173828,391.65260803222657,475.26356765747073,402.4625847586183,397.7606480495057,52.67912757090188,3.845705699600956,2.481301204666765,1.36440449493419,420.5840220284799,367.27227985140297,14.42788443614515,0,404.8791857127253,389.85442046687103,10.796401224321938
2025-05-02,396.2038857910848,398.9642195849953,385.01474274490784,390.3875122070313,573122,404.6436394585504,393.7164570201527,391.09802490234375,474.2981416320801,400.0475702483009,397.0903629729171,44.929152025779295,2.712885220609394,2.5276180078552914,0.1852672127541024,420.60047553715793,367.6921086913577,14.059736840735573,0,401.0097969039196,389.85442046687103,11.32332458842205
2025-05-05,388.4158850201607,408.13242740697086,388.2187075622701,406.2100524902344,155116,404.4410434299045,394.32548106800425,390.94521240234377,473.3929220581055,401.2800666966877,397.9194256563096,56.138502385085566,3.0566286830725176,2.633420142898737,0.4232085401737806,421.873038941812,368.1666064439302,13.188075314008977,0,401.0097969039196,389.85442046687103,12.264422013542262
2025-05-06,406.1607452685121,407.3437497644808,396.54893151519167,398.8656311035156,106115,403.0992228190104,394.909160267223,390.78415649414063,472.4909742736816,400.79717957805326,398.0054443333283,50.954043947820765,2.70523021759368,2.6477821578377254,0.0574480597559547,422.02437574250655,369.735658437181,12.378675324905709,0,401.0097969039196,389.85442046687103,11.968982129081189
2025-05-07,391.4226409730898,406.6536818169847,391.4226409730898,404.3862915039063,147748,402.4420064290365,395.620380748402,390.7810217285156,471.6437770080567,401.5150019632239,398.58552134883536,54.36560392873967,2.8394837570064624,2.6861224776714727,0.1533612793349896,422.6799585507801,371.1198400332043,11.812655383935942,0,398.7423969477426,389.85442046687103,12.00079902600054
2025-05-08,406.1607546332432,412.91367610956905,393.9365049282828,404.2876892089844,203106,401.8395555284288,396.648832841353,390.92134643554687,470.69573852539065,402.069539412376,399.10390024521257,54.29296423007575,2.9044436545924555,2.729786713055669,0.174656941536786,422.66970525542246,373.6835540219213,11.212852034999552,0,398.9642094272384,389.85442046687103,12.826524084473586
2025-05-09,388.9087792257086,406.1607529556196,388.5637337340994,397.58404541015625,88335,401.1932881673177,397.2668054754084,390.6813336181641,469.7427835083008,401.1724406119321,398.9657316238438,49.45493951895151,2.387475480377645,2.661324466520065,-0.2738489861424193,419.7921008635428,379.4622753571603,10.648889498744545,0,398.9642094272384,381.4451792020644,13.591755334966738
2025-05-12,401.2316308815539,415.9204486977986,400.49226055437657,414.6388854980469,179374,402.4146185980903,398.8979783491655,390.6156561279297,468.9662403869629,403.8657295891551,400.3905637942258,59.37362294176286,3.315735801261837,2.7922067334684195,0.5235290677934179,419.3572128612505,383.8056899707808,10.485008915195296,0,400.4675957213532,381.4451792020644,14.17433896841011
2025-05-13,414.0473815981019,427.01100193350754,412.0757274000157,424.4478454589844,208897,404.5560540093316,401.4377496892756,390.9439447021484,468.2273495483398,407.98215276312095,402.57758940011297,63.77640195813082,4.787700256943765,3.191305438163489,1.596394818780276,420.12817476125673,387.9144552436261,11.1279228849069,0,406.01287233920766,386.4482546373525,14.375478350177833
2025-05-14,426.86311557815634,433.6653162528066,423.01839607379344,430.5599670410156,106473,407.9297688802083,403.9380382191051,391.73866455078127,467.54131912231446,412.4977156187,405.1214419129223,66.23210837223755,6.373964725837311,3.8278372956982536,2.546127430139057,424.533205880238,387.70602446644176,12.143418125962048,0,409.3400294988572,389.7754117970021,14.097333413086362
2025-05-15,430.8064242894984,438.4465839879964,427.84894311588624,434.35540771484375,80279,412.8150906032986,406.60643976384944,392.6887963867188,466.8454219055176,416.8692540379287,407.7790751676425,67.69660356976101,7.846896944952903,4.631649225549184,3.2152477194037186,429.8617468086828,385.9259057792078,13.370640742874771,0,413.3326457751333,392.166045664597,14.343790157559509
2025-05-16,436.7214111927159,439.4324357542959,430.6585804629207,437.657958984375,89673,416.3093024359809,408.8366213711825,393.8872540283203,466.2036073303223,421.0269950272181,410.4953373328,68.95815113849036,9.174931725647582,5.540305725568864,3.6346260000787183,435.1040049061165,384.42173972278977,14.56926162810834,0,413.9980847441976,392.6589715477468,13.974105027459276
2025-05-19,438.693055754091,448.35414921757473,437.7072286625088,440.7139892578125,128560,420.9591200086805,410.73856700550425,395.4095794677734,465.5518644714355,424.9643938733369,413.2424875078011,70.12097679752448,10.354643080190954,6.503173196493282,3.8514698836976713,440.21139150986966,383.3386603700132,16.192880261852146,0,418.458941475837,408.899805765692,13.871999965510836
2025-05-20,440.6647144583532,449.0935241438364,433.8625134736582,435.3905334472656,83616,424.4040357801649,412.3346349542791,396.6402520751953,464.9122860717773,427.0496217881227,415.2559462295706,65.51691493767652,10.73625358584144,7.349789274362914,3.386464311478525,443.3953272652832,382.8904362845215,17.25584118125399,0,418.8286289389679,410.28751635937925,14.298017265982034
2025-05-21,433.71464685407096,444.1151107772064,431.6936832379026,442.09417724609375,77480,428.60475667317706,414.226601340554,397.99336303710936,464.21872467041015,430.05853287971695,417.69578541289087,68.33631442805331,11.447649315407602,8.169361282571852,3.27828803283575,447.5704425636097,381.8305370506481,17.99189311711107,0,418.8286289389679,413.6082022275396,14.238163028944488
2025-05-22,439.08737364206223,446.5796654368212,437.608633028033,445.3473815917969,65004,433.9117940266927,415.9226906516335,399.1468524169922,463.5930574035645,433.1163026221329,420.20956688370046,69.63386736612989,12.134067976515098,8.962302621360502,3.171765355154596,451.9656633532712,380.9399305187991,18.839724143845302,0,424.7928923491065,417.05413344437216,13.794537453985274
2025-05-23,446.5796566070759,446.9247020938715,440.46751682258207,443.72076416015625,57796,437.1431138780382,417.4126337224787,400.0690521240234,462.9519856262207,435.23719492973765,422.34694845428737,68.13050392762376,12.40382174236288,9.650606445560978,2.753215296801901,455.5157644153151,380.7909311413256,19.65087385532876,0,430.5846257719261,417.05413344437216,12.83335641302732
2025-05-26,443.7207814506064,459.3954262431803,443.2278679031352,447.4176330566406,154446,439.6953125,419.0997425426136,401.2775201416016,462.4016293334961,437.6732825551183,424.6261015999559,69.73002106468576,12.76872011199316,10.274229178847415,2.4944909331457463,459.213299604073,381.49511409221606,21.18432308536246,0,441.2069111584868,422.20508449404406,13.217123562367034
2025-05-27,449.5371507027804,449.5371507027804,442.6856404288804,444.7066040039063,69602,441.2671610514323,420.6905087557706,402.5364782714844,461.9637588500976,439.0799468448759,426.4516018184968,67.07152107818088,12.692832242260463,10.757949791530026,1.93488245073044,461.8833636091184,382.9310193254519,22.534917942882316,0,443.6221846795332,422.20508449404406,12.618585664510258
2025-05-28,447.0725709778733,451.459513421711,444.5094146090599,446.6289367675781,46140,442.6308865017361,422.65543989701706,403.9376245117188,461.5427717590332,440.5897448294164,428.285904995686,68.00306705983273,12.642076755756989,11.13477518437542,1.5073015713815696,464.4958599495041,384.46392398604274,23.904672015109156,0,445.0270033530505,422.20508449404406,11.7595090667506
2025-05-29,448.8963709509442,449.4385638158212,440.6647087415573,442.4884948730469,80539,443.16761271158856,424.42096640846944,405.3771551513672,461.022548828125,440.96949483814245,429.57704952999154,63.81550146374666,12.127950149322883,11.333410177364916,0.7945399719579704,465.6659948349982,387.5229852675409,24.619861545871924,0,445.5445547405415,422.20508449404406,11.129283056232294
2025-05-30,443.6221891936492,445.4459753217897,436.4256634918632,443.375732421875,125786,443.4633619520399,426.1573666659269,406.7801354980469,460.59523345947264,441.450742354889,430.8314752474355,64.32249854303578,11.657710929951122,11.398270327882155,0.259440602068965,465.0255314141451,393.4622707098784,24.697574601624577,0,445.5445547405415,422.20508449404406,10.463847952109736
2025-06-02,444.4108300216112,444.4108300216112,431.1021646095636,441.7491149902344,138003,444.1698710123698,428.0461203835228,408.2087567138672,460.1510591125488,441.5104168819581,431.8239879513263,62.59098893905309,11.026679827008138,11.323952227707355,-0.2972724006992173,465.49194056939575,396.54976780462766,24.082295133874812,0,445.248795426372,422.20508449404406,10.347661586292292
2025-06-03,441.79840691451113,444.6080201542263,434.5525717442105,438.4958801269531,79247,443.7700602213542,430.2328643798828,409.5723132324219,459.7068585205078,440.9075095309572,432.430523603656,59.16085469222351,10.147104759232604,11.088582734012409,-0.9414779747798026,464.0798753176598,401.9248579587074,23.529214428339056,0,445.248795426372,422.20508449404406,10.305413602792482
2025-06-04,441.256196204644,455.4520997915248,436.7213857308344,439.481689453125,165361,443.1183166503906,431.7452115145597,410.6841125488281,459.3276986694336,440.6223455153908,433.0715386808804,59.87838442925703,9.420982532616108,10.755062693733148,-1.33408016111704,462.8514227589011,406.662850312388,23.92856786313191,0,445.248795426372,422.20508449404406,10.886347401976783
2025-06-05,439.58028499655705,445.5938361474159,437.312894766997,443.7700500488281,64173,443.12379286024304,433.7863214666193,411.7653338623047,459.00706573486326,441.2518864220783,434.0441306234211,62.92960453084815,9.086813171447147,10.421412789275948,-1.3345996178288004,461.1142724431938,412.3482367120796,24.299396052582416,0,445.248795426372,422.20508449404406,10.85113926547991
2025-06-06,446.0867575537444,454.6634652578605,434.79902535620766,438.2494201660156,174498,442.1051025390625,435.3255545876243,412.67312194824217,458.62271408081057,440.6513931708658,434.4264296727479,56.92755375589408,8.281054015532618,9.993341034527282,-1.7122870189946635,454.7325315757106,422.7965150551488,25.29715433061349,0,443.2771322005442,422.20508449404406,11.506014241797986
2025-06-09,444.1151178235827,450.9666283456716,436.4749576390483,445.4952697753906,275973,442.1927320692274,437.1986264315519,413.624994506836,458.2799243164063,441.6201684917708,435.4326878638972,62.04443658631763,8.133406736683241,9.621354174958476,-1.4879474382752331,451.7945696907651,428.82011536782863,26.223644160213777,0,443.2771322005442,423.8070669027252,11.45320424440121
2025-06-10,446.1853538862968,454.4170162327568,446.1853538862968,449.6850280761719,164505,442.5322977701823,439.5668529163708,414.72368286132814,457.84440383911135,443.2331404086511,436.72835515592215,64.65883142727427,8.259266006744667,9.348936541315714,-1.089670534571047,451.09881657369056,432.0395867466219,27.32151680053579,0,443.2771322005442,423.97957998863984,11.203227024262809
2025-06-11,447.6640837550616,476.15448039523983,447.6640837550616,471.4718017578125,957308,445.7526652018229,442.1501672918146,416.3007666015625,457.4964872741699,448.8808726784834,439.8868503015485,74.49636871846415,10.001727255536252,9.47949468415982,0.5222325713764313,458.9746025135569,428.2549842784353,29.45770080430115,0,453.6283225024017,432.3591070646696,12.597467326504956
2025-06-12,473.4434618452088,480.09779472903006,449.6850228652211,452.1003112792969,431803,446.7220628526476,443.4070975563743,417.4865423583984,456.9869961547852,449.5247603986461,440.99716493588926,58.81886465005093,9.707619566069354,9.525119660541728,0.1824999055276261,459.6584959928099,429.34558115562766,31.59312708121752,0,455.5999796692968,434.33076423156473,14.308580654542068
2025-06-13,449.537165727597,453.9241084359349,437.2636060766698,447.269775390625,231249,447.33546956380206,444.1666342995384,418.71144409179686,456.4485043334961,449.07376339704194,441.5674022499561,55.672565505048624,8.981223276181879,9.41634038366976,-0.4351171074878799,459.8317728960325,430.13348589303007,31.93397028303814,0,457.3251832366203,434.33076423156473,14.343790941629209
2025-06-16,447.4669184560136,449.6357501283718,439.77747904502695,444.1151123046875,217384,447.95982869466144,444.6102572354403,419.8189575195312,455.8714553833008,448.0820331785711,441.79901225493165,53.65406724914988,8.05810521569748,9.144693350075304,-1.0865881343778234,459.8733403045112,430.4320307892388,32.25046754187157,0,457.4484100426189,440.2950276417033,14.558559570875266
2025-06-17,444.0658331830402,446.530400954985,440.0732153414561,443.6714782714844,200091,448.4253607855903,444.88359902121806,421.0591522216797,455.26479843139646,447.1999221971538,441.9692364382546,53.36106685649219,7.207644701664208,8.757283620393085,-1.5496389187288775,459.5801070191318,431.55335855704,32.54435785364547,0,457.4484100426189,446.0867610645229,14.523351485223682
2025-06-18,444.6080062111482,448.5513144702271,434.99619232964335,438.8409118652344,86585,447.877678765191,444.7984591397372,422.1561975097656,454.6276867675781,445.52812013076993,441.68484329525273,50.14968709973715,6.073846754254475,8.220596247165364,-2.146749492910889,459.66058020658505,431.1475588315009,32.14912915478186,0,457.4484100426189,451.5580954014117,14.864870561389385
2025-06-19,434.7497400830373,442.24203187018674,429.5248686194626,433.0738220214844,338950,447.3026123046875,444.693154074929,423.2426123046875,453.9488929748535,443.0372605089128,440.9020231794556,46.54795727340535,4.656273141206896,7.507731625973671,-2.851458484766775,460.0766305346283,429.5041525464264,31.11317086110597,0,454.81133167424633,453.9733689224581,15.128931377160642
2025-06-20,431.7922750741651,447.5655088668287,429.62344339365154,442.3406372070313,531937,446.95209757486987,444.7043568004261,424.71796752929686,453.3283103942871,442.8979358485366,441.0328062728715,52.45664693295062,4.231808722524363,6.85254704528381,-2.620738322759447,460.04038057919126,429.4023898065509,30.57311040040922,0,454.81133167424633,454.81133167424633,15.45988852438418
2025-06-23,438.2987380941258,441.5026761941047,434.158252207823,440.3196716308594,242491,445.91150241427954,444.4758245294744,426.01328857421873,452.6775045776368,442.3822830050012,440.9679758508704,51.12922442850752,3.689808761952804,6.219999388617609,-2.5301906266648047,459.75121276775457,428.9817614754096,30.071625686905094,0,454.81133167424633,454.81133167424633,15.326098280755073
2025-06-24,442.636377538981,448.0091473850023,437.8551099828516,441.2562255859375,81579,442.5542161729601,444.3638000488281,427.3254016113281,452.04762145996096,442.15707152118847,440.9941803722401,51.73871376444964,3.297826672315182,5.635564845357124,-2.3377381730419424,459.6398960374144,428.7480403639528,30.10987755502548,0,454.81133167424633,454.81133167424633,14.713478519430806
2025-06-25,441.5519319965742,447.5654830501621,440.1225008176007,444.1643676757813,96236,441.6724446614583,444.2159243496981,428.4368096923829,451.4540942382813,442.5585307521071,441.2823792180166,53.67085414304829,3.185124669967649,5.14547681027923,-1.9603521403115804,459.4741389692455,428.667340522942,30.145397146851558,0,441.7244885276988,454.81133167424633,14.653624294583835
2025-06-26,446.33320763569714,447.466902753487,430.90501994868015,438.20013427734375,213749,440.66470675998266,443.9201757257635,429.223388671875,450.8624981689453,441.6868514571545,441.0021751325009,49.31067416611321,2.5847483609029496,4.633331120403974,-2.0485827595010244,459.4704069171676,428.2422365154496,28.95012697852866,0,439.5803093739172,454.81133167424633,14.417727359094837
2025-06-27,440.4182633393741,443.6222014610372,437.5593707247475,441.009765625,68748,440.3196682400173,443.6647588556463,430.0380432128906,450.318157043457,441.5514342907236,441.0028651772735,51.31709392992953,2.30904237599691,4.168473371522561,-1.859430995525651,459.403206995933,428.0728397569968,27.84023325080026,0,439.03809154484486,454.81133167424633,13.815667361213864
2025-06-30,441.0097418164712,447.861221840338,433.8624956232308,436.8199768066406,156199,439.5583902994792,443.40709894353694,430.7650244140625,449.7964967346192,440.605142793907,440.622602598125,48.24998007864079,1.7324913723866189,3.6812769716953726,-1.9487855993087535,459.4410207480808,427.5421121864896,27.21543373374008,0,439.03809154484486,454.81133167424633,14.178308772623934
2025-07-01,436.72140002304246,450.5229792562764,431.5458078105798,438.6930541992188,255989,439.5419616699219,443.1942499334162,431.37821716308594,449.30335037231447,440.2227250749694,440.44718910731535,49.69743888321369,1.41045341087613,3.2271122595315243,-1.8166588486553945,459.4381162387139,427.5647341030829,26.88078392116626,0,440.0239239378696,454.81133167424633,13.49879268730382
2025-07-02,440.5168311557855,443.12926686780617,434.9469142410876,441.7491149902344,102924,440.5058831108941,443.1942499334162,431.9943591308594,448.8286352539063,440.5280030580224,440.56554600576254,52.05379475718552,1.3858592487380292,2.858861657372825,-1.473002408634796,459.46309926379473,427.7664936317131,26.570037666633425,0,440.073211324964,454.81133167424633,11.910905598940218
2025-07-03,438.6930537581642,449.1428268984034,438.6930537581642,443.375732421875,192237,440.6208936903212,443.4160614013672,432.6558489990234,448.3293310546875,441.097548930793,440.8210174981364,53.3075297603658,1.4805557060115575,2.583200467100572,-1.1026447610890142,459.4435512468399,427.7466098859726,26.835767434728943,0,440.7139996024783,454.81133167424633,11.467282083295515
2025-07-04,445.593857663262,449.1921206295935,439.6788949509178,446.3825073242188,108156,441.29454210069446,443.7297349409624,433.3893041992188,447.83827392578127,442.15454060947815,441.3266074823257,55.61778852856724,1.777732344734659,2.422106842627389,-0.6443744978927306,459.68922854381367,428.3142413048191,27.08691548321896,0,440.7139996024783,454.81133167424633,11.442635982962004
2025-07-07,443.6222042632901,448.64992859528536,437.2143279794871,445.4952697753906,227933,441.76554701063367,443.8081540194425,434.23120056152345,447.33066146850587,442.8226864426607,441.7055767816952,54.75684264299896,1.919527202007373,2.3215909145033864,-0.4020637124960133,459.68922854381367,428.3142413048191,26.89733251152387,0,440.7139996024783,454.81133167424633,11.79823705455267
2025-07-08,445.4952455425969,445.79101171371786,435.9327410441094,437.5100402832031,754427,441.0261773003472,443.774545842951,434.9084631347656,446.7775479125976,441.7601572107693,441.3241643727413,47.61317196461131,1.371746720983765,2.131622075799462,-0.7598753548156969,459.0967811078406,427.6891899614953,26.5008814800229,0,440.7139996024783,454.81133167424633,11.534176235197291
2025-07-09,437.6579580724589,440.56612999960623,431.6936859983765,434.3061218261719,142572,440.593509250217,443.2659482088956,435.4910870361328,446.1555744934082,440.2693501338498,440.6861605048714,45.07236257246338,0.6713582994387366,1.839569320527317,-1.1682110210885803,450.6708698181013,432.3985332580705,25.429241375332225,0,441.0343935334281,454.81133167424633,11.25955343166198
2025-07-10,433.3696076846623,436.08063226288346,429.3277104783031,430.31353759765625,235987,439.40503946940106,442.3854259144176,436.0934271240234,445.5083058166504,438.2781876266112,439.74319478603365,42.06023098433743,-0.2035266222737277,1.430950131967108,-1.6344767542408358,449.47198659882616,431.4187391091817,24.063683712310908,0,439.92534486728977,454.71275260366656,10.460328882476492
2025-07-11,430.31351075558143,432.137296829632,423.90563487949606,425.43365478515625,180511,438.139892578125,440.29278287020594,436.79434997558593,444.7864631652832,435.7092810583202,438.4423275132266,38.659589525954736,-1.275936781053872,0.889572749362912,-2.165509530416784,450.03524466212,428.6718689853409,22.676021999736303,0,437.21430706788624,452.0017148042631,10.463848664685612
2025-07-14,422.5255088773937,425.3844015031616,419.81448430234457,422.72265625,257676,436.3654039171007,438.9574349143288,437.1246020507813,444.0355528259277,433.1119560966562,437.0132664892969,36.87583288348042,-2.31786557172245,0.2480850851458395,-2.565950656868289,451.0407711649485,425.5270968770436,21.91345709086962,0,434.503302465969,449.9561395156873,10.139929599018542
2025-07-15,423.8070620319722,431.7429881960417,422.5254988427711,426.66595458984375,80389,434.68949720594617,438.0208976052024,437.6806085205078,443.3312641906738,431.8227557952937,436.0726017711648,41.13066593603652,-2.7932120151166373,-0.3601743349066558,-2.4330376802099813,450.9243381859915,423.94297748783663,20.406679297366857,0,434.503302465969,449.9561395156873,10.26668010764063
2025-07-16,429.4262979090673,431.69368824270265,403.6962041547221,427.8489685058594,999945,432.96430121527777,437.2815274325284,438.14986206054687,442.7225738525391,431.02799833740687,435.3249987470461,42.38535087696431,-3.03943148584176,-0.8960257650936767,-2.1434057207480834,451.01381599938935,422.7543053385013,20.816187619996622,0,426.4441623921578,441.8969994418761,11.083508770724466
2025-07-17,427.8489613099066,435.73557810824593,423.905652910737,428.2432861328125,171223,430.9488321940104,436.5802459716797,438.62897399902346,442.1977813720703,430.471055896488,434.6812066912067,42.82278192497689,-3.166245545532206,-1.3500697211813826,-1.8161758243508237,451.20503650971614,422.08003123930735,20.67192338384695,0,426.1730663750037,441.8969994418761,11.495444089382984
2025-07-18,429.7713235516373,431.8415363322849,421.7861182611026,423.0184020996094,101690,428.45140245225696,435.8610409823331,439.1376611328125,441.6742543029785,428.9805251371123,433.62095172833415,38.63683798157702,-3.6463185858810334,-1.8093194941213129,-1.8369990917597208,451.1805603837332,420.1722838545481,20.72258378656406,0,424.74360793422,428.8101562953285,11.21377922181692
2025-07-21,425.2858127743304,425.2858127743304,418.3850229469326,422.72265625,113971,426.80835978190106,435.3905334472656,439.2993365478516,441.0857432556152,427.72895135968986,432.6301975939401,38.407979674868194,-4.004482960643031,-2.2483521874256565,-1.7561307732173748,451.1644119462169,418.42873075397847,21.062404273580167,0,422.13116707716415,427.10959170549927,10.351180534795573
2025-07-22,420.6031084714895,429.7220087621694,415.0331916082471,416.95556640625,324894,424.8805202907986,434.2366665926847,439.14949096679686,440.4092546081543,425.5742743690019,431.2052311223319,34.15892742898009,-4.699513692386574,-2.73858448841784,-1.9609292039687345,451.4677441915047,415.6953325907218,20.76634903991814,0,419.8884182088028,427.10959170549927,10.815928001024414
2025-07-23,418.5328921899802,419.6666174471845,412.0757365813994,413.3572998046875,129202,422.99649386935766,433.0111042369496,438.8054376220703,439.77512863159177,423.13087945613904,429.5826919116369,31.79542250026813,-5.477538938266036,-3.286375378387479,-2.1911635598785573,451.3403394888711,412.7420305062461,20.76859643643505,0,419.715891131484,427.10959170549927,10.611721409991974
2025-07-24,414.4910051074796,419.6172878388988,413.7516348023182,417.448486328125,112765,422.1092529296875,431.9289342706854,438.467299194336,439.1866667175293,421.9944008305363,428.47958231313584,37.12249053698151,-5.698318323472677,-3.768763967404519,-1.9295543560681576,451.1224868057042,410.88471839449113,20.77068330462933,0,419.715891131484,427.10959170549927,10.379347292530232
2025-07-25,415.033212731349,416.85699889931743,406.2593574815929,407.7380981445313,84215,420.44430202907984,430.2731947465376,437.8689019775391,438.6662405395508,419.1431402933353,426.5939928432626,30.94470221607999,-6.580973385519883,-4.331205851027592,-2.2497675344922907,451.3852614110275,407.29477704112094,21.45523323754897,0,419.715891131484,427.10959170549927,10.361742166154082
2025-07-28,407.7380837283941,409.9068852396558,397.0418539609757,400.0486145019531,201600,417.486819797092,428.5390347567472,437.0555944824219,438.0545271301269,415.32423513505887,424.1807766304164,27.098854214081683,-7.8109215066397155,-5.027148982150017,-2.7837725244896987,452.81171659733866,402.1911856243411,22.776545349504936,0,416.3887160346108,423.782416608626,10.576510781087771
2025-07-29,395.4152565789407,402.7103711158021,395.31666785174207,398.5698852539063,122250,414.2335883246528,426.6099492853338,436.3191815185547,437.41627151489257,411.9733651588284,421.8525137780064,26.418873992982185,-8.803504031502143,-5.782419992020443,-3.0210840394817007,453.3073892335035,397.68319609364494,24.119411214654527,0,415.526122979994,422.9198235540092,10.470886442718507
2025-07-30,399.7528909457249,406.2100464473241,397.2883231840374,401.4780883789063,72394,411.25967746310766,425.0034998113459,435.5068597412109,436.7821339416504,409.874309802844,420.00029328717903,30.132038425015807,-9.248850158884352,-6.475706025393225,-2.773144133491127,452.156824892304,394.8066577737116,24.80249685957135,0,413.5791020920135,422.9198235540092,10.625800834054676
2025-07-31,401.2316151793669,401.42879262625326,394.3308257291076,396.4503479003906,86729,408.3076714409722,423.0833767977628,434.5289190673828,436.1407943725586,407.1895174223534,417.85938916110734,27.54418062474608,-9.89344137766784,-7.159253095848149,-2.7341882818196925,450.6243201157747,391.6466240980925,25.66555700539535,0,412.0264172456385,422.426902492692,10.548343741173444
2025-08-01,398.5698810573446,406.06217296971647,396.30249078092857,399.654296875,125211,405.7445203993056,421.1699759743431,433.6475897216797,435.5452883911133,405.68247331288273,416.2043807714612,31.57702331836134,-10.030131543951995,-7.733428785468918,-2.296702758483077,447.2518463513861,390.3462768175592,25.73031966728655,0,412.0264172456385,422.426902492692,10.844094577314603
2025-08-04,403.59760120337074,403.59760120337074,396.9925778074654,400.2950744628906,73647,403.8933546278212,419.2117642489347,432.7051385498047,434.9430485534668,404.6049935428844,414.7580801979548,32.3875569582824,-9.971805324839124,-8.18110409334296,-1.7907012314961648,443.1867403313104,389.8913633063849,25.790456424756957,0,406.99872158814605,422.426902492692,10.65748986607423
2025-08-05,400.2950772703615,403.597604034004,397.8305095489948,401.4288024902344,64002,402.5679660373264,417.1684140292081,431.8395825195312,434.3166635131836,403.9697553323544,413.5463276790712,33.87996778217919,-9.722029494864728,-8.489289173647315,-1.2327403212174133,440.26687373661895,389.2031061217795,25.846297216939146,0,406.9740567840032,422.426902492692,9.06960489443342
2025-08-06,401.4287918260464,403.0554004619256,396.3517583868612,397.3375854492188,64462,400.3334214952257,414.9794283780184,430.853755493164,433.7396298217773,402.64332135572727,412.0728056581754,31.20332193060432,-9.741908714027204,-8.739813081723293,-1.0020956323039112,437.7978711573438,387.9752550633593,26.051069730040247,0,405.5939123142125,421.76147317935056,8.70344181425881
2025-08-07,397.1404615796837,397.2390503087621,389.9932149548124,393.9365234375,89712,398.79991319444446,412.99881397594106,429.8827160644531,433.1247454833984,400.90196177208185,410.4240527290232,29.142141097011617,-9.91777448822006,-8.975405363022647,-0.9423691251974144,435.93351318963846,386.2019116150491,26.84691961011748,0,399.9500500972341,419.592667792203,8.50979555877482
2025-08-08,394.33084911427073,400.3936799023914,391.3733677459137,393.0492858886719,47193,398.022210015191,411.1235032515093,428.8761871337891,432.5211796569824,399.3314265953999,408.8445284708095,28.611181947530795,-10.013314776873472,-9.182987245792813,-0.830327531080659,434.5914923878032,384.305495527236,27.00032745805292,0,398.10163070106825,419.592667792203,8.661190010851957
2025-08-11,392.3591889098826,395.3166702333239,388.6130579342126,391.6690979003906,71135,397.2554558648004,409.3669378107245,427.8745867919922,432.0069407653809,397.798960856398,407.2831256916805,27.763757652611343,-10.084156896372235,-9.3632211759087,-0.7209357204635367,433.41978464372994,382.37184743634816,27.413148392020545,0,397.4115521907684,418.631493264749,8.090818235508314
2025-08-12,391.66907854600095,395.2673713797556,388.6130387308376,390.6339721679688,57450,396.05055406358514,407.78513405539775,426.9173486328125,431.468377532959,396.3659631187122,405.769566280434,27.11509953213998,-10.107314947040264,-9.512039930135012,-0.5952750169052532,431.1215055536076,381.0669282842831,27.7964840340829,0,397.337605850277,417.2020252222777,8.023921934303521
2025-08-13,390.6339708918318,392.2605795170204,385.7048356124396,387.7257690429688,50440,395.0811564127605,406.1943664550781,425.8822302246094,430.97053756713865,394.6379243035635,404.129221077028,25.32489911618542,-10.242269054292478,-9.658085754966503,-0.5841832993259732,428.1881626102121,379.9879512813894,28.44606718364215,0,395.883504291078,413.1354828060229,8.045047353615631
2025-08-14,390.0918036467449,393.0985643304854,387.4793377091682,389.6974487304688,48716,393.974839952257,404.51397982510656,424.8007781982422,430.5143086242676,393.64982918894464,402.8172417727954,28.75902804223402,-10.073996325025291,-9.741267868978262,-0.3327284560470289,424.2047265144839,380.1168036368832,28.867153830559413,0,394.6512198232218,410.8927339376616,7.647197194671706
2025-08-18,391.7676824242492,394.4294276208064,389.50029213463046,392.7535095214844,70599,393.1368882921008,402.9187316894531,423.89085998535154,430.1228067016602,393.47056525545264,401.9023570226762,33.837825115067275,-9.583567014492472,-9.709727698081103,0.1261606835886315,420.73079114549137,380.5642497480633,28.961949511354984,0,394.6512198232218,410.7202068603427,7.080347495207121
2025-08-19,392.753497818068,408.329583541275,390.48610759601377,398.9149169921875,142807,392.85756768120666,401.5856240012429,422.9592529296875,429.76623245239256,394.5594356027997,401.6307715653591,42.7061510916039,-8.598604799010445,-9.487503118266972,0.8888983192565281,416.6446702221987,382.2695967455747,27.133250760233924,0,397.0172095768573,410.7202068603427,7.826759829578634
2025-08-20,397.97841069798585,401.67526230806726,393.54218876588817,397.4361877441406,73727,392.8685234917535,400.4227960759943,421.9142761230469,429.3659065246582,395.1347860310679,401.2494457634301,41.27618785821702,-7.846882264798808,-9.15937894757334,1.3124966827745332,413.5741604910266,383.388168610536,25.435173348478653,0,397.0172095768573,410.7202068603427,7.770427706642375
2025-08-21,397.4361998251118,400.1965338289125,394.2322616656504,395.5138549804688,78324,393.0437825520833,399.1860323819247,420.3951171875,428.9351237487793,395.2105998209481,400.72802841952455,39.42792819960333,-7.32185118621021,-8.791873395300716,1.470022209090505,410.9946399841577,384.1833446349829,23.858387180420188,0,397.0172095768573,410.7202068603427,7.685928386175472
2025-08-22,395.5138329941889,399.2106845111396,390.9790224497184,392.9013671875,94252,393.0273471408421,398.0926596901634,419.21113830566406,428.4706758117676,394.7487532942585,400.0165137620678,37.002937950113626,-7.0354657356302255,-8.440591863366617,1.4051261277363911,406.1065445958913,386.61672810918685,22.43144132807805,0,397.0172095768573,410.7202068603427,7.576784091363566
2025-08-25,392.90136044228296,398.0769524771609,391.0776044599408,393.2957153320313,124129,393.2080824110243,397.18076948686087,418.13165710449226,428.0222579956055,394.4581457018131,399.4055320866099,37.62655216529343,-6.699455451017968,-8.092364580896888,1.3929091298789196,403.8553202373181,387.42371418651,21.106420179474647,0,397.0172095768573,408.7731859723622,7.604950135743191
2025-08-26,395.3166581483593,395.3166581483593,378.70546587249584,381.3179016113281,151464,392.1729634602864,395.53847018155193,416.8757128906251,427.5500665283203,391.8300968837161,397.7612020434025,28.423118727437146,-7.3153475709816576,-7.936961178913842,0.6216136079321846,404.846673370682,384.5592897640837,21.49674193345914,0,393.5175247068854,404.21373731733263,8.379528549375639
2025-08-28,383.2402752707493,388.1201313242958,381.0714436724942,383.0924072265625,68130,391.6581454806858,394.4182115034624,415.6641314697266,427.0147589111328,390.0825589522854,396.4276752418716,31.11147512631142,-7.572962344427594,-7.8641614120165935,0.291199067588999,405.1364705865062,382.721744745525,21.85918356215903,0,393.5175247068854,404.21373731733263,8.404174661999727
2025-08-29,384.3739871428938,385.2612255317403,375.6987205418633,379.1983947753906,49246,390.4915839301215,393.4704742431641,414.4712811279298,426.5007022094727,387.90572611690646,394.861377017646,28.575137621743508,-7.999129187597816,-7.891154967132838,-0.1079742204649782,405.2274362895433,380.4028096821363,22.753042681112746,0,392.0141520415691,397.6826689945239,8.562612840247628
2025-09-01,378.5576144531378,385.9020385383996,378.5576144531378,381.6629638671875,211765,389.2593010796441,392.7019778164951,413.4430639648438,426.07531997680667,386.6571736669627,393.6615212766952,32.33505677934521,-8.045258619367303,-7.9219756975797315,-0.1232829217875712,405.3107447579524,378.8407628104071,23.45382191192226,0,392.0141520415691,397.658004190381,8.442906549446494
2025-09-02,381.7122505457058,405.37210004023166,381.6629411415596,393.5421752929688,216989,388.6623297797309,392.3412544944071,412.46709472656255,425.7408442687988,388.0341739921639,393.65067164181096,46.85652008789269,-7.042086651667205,-7.745997888397227,0.703911236730022,404.5425015582096,378.99779385194665,22.34838673042339,0,390.5354102910474,396.2778597205904,9.657588449415115
2025-09-03,394.42940981859647,397.0418454913487,390.8804264117188,393.73931884765625,95556,388.2515665690104,392.2180259011009,411.5354876708985,425.4112322998047,389.1752029632624,393.658730478706,47.05957511086762,-6.160147457207188,-7.428827802159219,1.2686803449520312,403.61598301679294,379.2687368318399,21.321911204745863,0,390.5354102910474,392.8028028907596,9.622380337323108
2025-09-04,397.288328269083,397.485505726564,384.4725757442739,387.2328796386719,127651,387.3314581976997,391.6534160267224,410.4550207519532,425.0646009826661,388.7867382983444,393.07456222052105,41.43286900634641,-5.918000532837596,-7.126662348294895,1.2086618154572992,402.0820427780016,379.383084785475,20.03528911583142,0,390.5354102910474,392.0141520415691,10.08360791430234
2025-09-05,387.2328618927288,390.3875205575185,382.8459494728501,388.21868896484375,94512,386.8111606174045,391.1044894131748,409.3361071777345,424.71902038574217,388.6731284316443,392.63311919727767,42.553604795809306,-5.582202619829559,-6.817770402601829,1.2355677827722698,401.2347809314615,379.3184569835776,19.03244541432113,0,390.5354102910474,392.0141520415691,10.22091823311314
2025-09-08,388.9087882031157,403.2032810521529,388.9087882031157,399.210693359375,268861,387.46838039822046,391.003666270863,408.5563183593751,424.46669708251954,390.7806414171904,393.231080484741,53.28737348939157,-4.378643190760101,-6.329944960233484,1.9513017694733827,402.1063228208959,378.97433208633066,18.68899183371665,0,390.5354102910474,392.0141520415691,10.93916513319408
2025-09-09,401.57665889215696,404.9777441979901,395.26737172541687,398.66845703125,110968,389.3962198893229,391.0641604336826,407.7094921875001,424.196149597168,392.3582045400023,393.7253874435146,52.76362775491613,-3.4290397760316864,-5.749763923393125,2.320724147361439,402.9052993363724,378.737272685112,18.53952335792513,0,390.5354102910474,392.0141520415691,10.358229170859223
2025-09-10,401.0344482330021,401.5766711836097,395.0209270512213,396.302490234375,75353,390.864006890191,391.1717043789951,406.89914245605473,423.95013031005857,393.14706167887687,393.959669515411,50.43431897533843,-2.834709212379437,-5.166752981190387,2.3320437688109505,403.38060913081546,378.72530212406735,18.366421828444544,0,390.5354102910474,392.0141520415691,10.2455627844456
2025-09-11,398.224858864006,398.4220062279156,394.330829884871,395.3659362792969,48569,392.660400390625,391.27700666947806,406.0326000976563,423.721242980957,393.5908365989609,394.0875119484915,49.502717228724215,-2.4114720867050323,-4.615696802293317,2.2042247155882846,403.7641100429633,378.8149976230523,18.103911500774416,0,391.9648572466847,392.0141520415691,10.111770225858638
2025-09-12,395.3659365115428,403.6469080120333,395.3659365115428,399.6050109863281,220081,394.6539611816406,391.6377299915661,405.1897180175782,423.4672552490234,394.7936714764344,394.589102770113,53.67384365387999,-1.7142350790009004,-4.035404457634834,2.3211693786339334,404.7681013447376,378.998930515614,18.414361621882808,0,393.5175205908956,392.0141520415691,10.115292345238297
2025-09-15,402.0202765064864,403.6469152780417,398.0769681343381,399.210693359375,52157,395.2837965223524,392.0275809548119,404.3064172363282,423.1548197937012,395.6770758530225,395.0092473691368,53.233360773974056,-1.179886862818762,-3.46430093867162,2.2844140758528577,405.6014002625437,379.11695606069856,18.702637488848325,0,393.9118468354201,392.0141520415691,10.013192282844264
2025-09-16,399.2599676878888,403.2032760107321,397.1404454813714,401.1823425292969,63417,396.1107991536458,392.6392433860086,403.40241394042977,422.8185510253906,396.77812918827743,395.57043783824224,55.212565218671855,-0.5905094164963316,-2.8895426342365624,2.299033217740231,406.5996272426809,378.9616123813425,18.808023435358464,0,393.9118468354201,392.0141520415691,9.259737872379784
2025-09-17,403.3018645036924,421.8354015763671,401.0837535733696,413.8995056152344,751922,399.0737575954861,393.7393368807707,402.77049865722665,422.57834777832034,400.2024044736689,397.2367167270597,65.3875201796289,0.8924575402299411,-2.133142599343262,3.025600139573203,410.100174216104,376.9595242702241,20.527817433015763,0,402.3406755246086,398.7670610591152,10.238520754608055
2025-09-18,421.9340068385051,428.834796669976,416.0190441258158,426.5180969238281,513237,403.3292473687066,395.2740908536045,402.5506597900392,422.3825738525391,405.4655429637007,399.89866038131134,72.14875773423834,3.0507670547012253,-1.0963606685343643,4.14712772323559,417.15510455404336,372.8127848502536,22.545820116660224,0,408.8717924365459,402.2667586059197,10.622291187812673
2025-09-19,426.3702299558329,436.2285011686845,421.7368304517701,429.4263000488281,397857,406.686537000868,396.6609719016336,402.45306335449226,422.1877671813965,410.2576943807262,402.5829912601765,73.43663680433986,4.938977128093825,0.1107068907912732,4.828270237302552,423.6821161685377,369.6770177425951,24.80409512574958,0,415.27966552677776,405.9636108552739,11.132808804359282
2025-09-22,429.42627698790767,442.1434401525418,426.9123999125963,437.0664367675781,446799,410.9529791937934,398.4623468572444,402.5881213378907,422.0454621887207,415.6194428580966,405.7178499426676,76.50975420872128,6.971528950873278,1.4828713028076743,5.488657648065604,431.2759296729256,366.4997111962151,27.17285047838513,0,418.2371350187064,408.9210803472025,10.527228900164529
2025-09-23,439.5802773964333,441.25619542238775,421.2438881735689,423.4127197265625,277261,413.9652269151476,399.7304770729759,402.5477026367189,421.8159823608398,417.17809823178976,407.3264744684762,62.57678204403796,7.395351054327477,2.665367253111635,4.729983801215843,434.4448644452215,366.3424768633722,28.482042405349407,0,418.2371350187064,408.9210803472025,11.516578055106596
2025-09-24,426.66596186663554,438.39732856272514,420.4059837760177,430.5107116699219,546399,417.8702019585504,401.43999273126775,402.7034637451172,421.6076916503906,419.8446209194162,409.43413239588034,66.03916144312434,8.209349483520157,3.7741636991933394,4.435185784326817,438.1854274856706,367.52119482878254,29.568788932406644,0,418.7546883320423,408.9210803472025,11.87217911256498
2025-09-25,430.65857810568497,435.73558169438894,421.68754540673046,424.2507019042969,289511,420.6086120605469,402.8470375754616,402.6551586914063,421.3957330322266,420.7258371163924,410.78109326028186,60.704819062494266,8.25416970191452,4.670164899737576,3.5840048021769446,440.1916285495111,369.6308232327155,30.57791070753122,0,419.6419428169566,408.9210803472025,12.336926627064274
2025-09-26,424.6943068663261,424.6943068663261,409.9069002193781,411.08990478515625,182295,421.9285244411892,404.2003104469993,402.3199774169923,421.1051237487793,418.7986506501452,410.8091670352704,51.31941634343804,7.145356487996708,5.1652032173894025,1.980153270607305,439.7149641224967,373.2966386607064,29.78802233242473,0,419.6419428169566,408.9210803472025,12.322841952752766
2025-09-29,416.4133574304124,416.9062709761598,399.062794603092,399.654296875,254554,421.7587415907118,404.9531236128374,401.748197631836,420.6405062866211,414.9697798951162,409.7950879297913,44.83320265021265,5.282957396077165,5.188754053126955,0.0942033429502107,438.7006424753136,376.1100936086708,27.834204380826403,0,420.60311737781694,408.9210803472025,12.903777945645237
2025-09-30,399.25996408190576,403.79477462922966,391.61980427540016,397.1404418945313,140826,419.8966233995226,405.76867120916194,401.2306384277345,420.1337483215332,411.40391229499926,408.6446655629495,43.53072263483684,3.5630727256632326,4.863617787634211,-1.3005450619709782,438.5849610930295,376.5856016511111,26.37136119231208,0,416.881622213971,408.9210803472025,13.305151247176743
2025-10-01,397.1404499081305,410.5969836928167,397.1404499081305,407.6887817382813,175031,417.8044772677952,406.9516629305753,400.9299609375001,419.7388743591309,410.6608861836557,408.5577670334342,50.08374800706648,3.0164429261148484,4.494182815330339,-1.4777398892154905,438.5907396956412,377.974769337562,24.621598763330987,0,416.881622213971,408.9210803472025,13.974105922551088
2025-10-03,409.1182270108183,409.3154044554476,398.8656316762327,406.45648193359375,163106,415.2522752549913,407.5386768687855,400.71997924804697,419.3620774841309,409.8200053336433,408.3667411152669,49.36305779587514,2.455493179358428,4.086444888135956,-1.6309517087775287,437.91626507312776,380.5716041895676,22.996819364991403,0,416.881622213971,408.9210803472025,14.12902028301384
2025-10-06,402.66108925894815,409.4139807962184,399.7528872927102,405.914306640625,95068,411.79092746310766,408.0920854048296,400.5711193847657,418.9818426513672,409.0388655950396,408.1437925266631,49.028777412315165,1.944769358051872,3.6581097821191393,-1.7133404240672676,437.1115785154536,383.1458525148199,21.498208100869977,0,416.4379998488939,408.9210803472025,14.421245022999878
2025-10-07,407.59021851723946,409.3154159083282,402.7596417541471,404.9777526855469,178714,409.74259779188367,408.8986705433239,400.32170471191415,418.6521891784668,408.22664301314114,407.8559707229253,48.418818213201824,1.4477561414316256,3.216039053981637,-1.7682829125500112,437.02938069397067,383.80475626892,20.10664049847151,0,415.0085664190626,410.3505273028398,14.45645528191562
2025-10-08,404.4355741001328,423.9056596296334,403.20329020586064,412.2236022949219,695266,407.710696750217,409.9898029674183,400.41141479492194,418.37088424682617,409.0260348694973,408.2530281385613,53.26331653107351,1.6198761697114037,2.8968064771275905,-1.2769303074161868,437.1315148842015,385.0581366050563,20.20375580666049,0,413.6776929848945,411.9031906470507,14.452935383399572
2025-10-09,415.6247098933383,417.0048618114004,403.59760728224967,409.7097473144531,108121,406.0950351291233,410.4670326926491,400.6046374511719,418.1085203552246,409.1627773584885,408.3854571545515,51.457627868569006,1.5357324763922406,2.624591676980521,-1.0888592005882805,436.87205969298617,386.6583175042794,20.29393430712168,0,408.1570555708631,412.494694812696,14.343789917285935
2025-10-10,409.80832023247376,425.8772892512179,405.2735097465842,416.95556640625,209784,406.7467753092448,411.2982649369673,400.9723510742188,417.9592219543457,410.72133516804087,409.164557995615,56.07946114959506,2.030320764147177,2.5057374944138524,-0.4754167302666752,436.8134439813867,388.8758962285743,21.0665454659234,0,408.748546763309,412.494694812696,14.780369116408748
2025-10-13,414.0473619947586,414.0473619947586,409.3646834960084,411.13916015625,101935,408.02287122938367,411.9726590243253,401.1655725097657,417.7544215393066,410.8049001656827,409.3440672829455,51.81466838811191,1.930694328466302,2.3907288612243427,-0.4600345327580406,436.5905650701189,390.2521900568341,21.78397011338214,0,408.748546763309,412.494694812696,14.234643592858466
2025-10-14,413.258740461564,413.3080197835085,405.2735347778946,406.2100524902344,96984,409.0306057400173,412.4655733975497,401.36076660156255,417.4529867553711,409.88593063059307,409.0591568472444,48.45185502208406,1.4374320442084354,2.200069497821161,-0.7626374536127258,436.23752383560463,391.3051672044344,21.873025891677568,0,411.5088695796742,415.52611417782873,13.379084861200967
2025-10-15,406.2100424501805,416.6105363531937,402.5131908440265,410.1533508300781,170180,409.304446750217,412.9450433904474,401.5707476806641,417.2238664245605,409.9394146704901,409.158629027502,51.18152572727887,1.3491571073647035,2.0298870197298697,-0.680729912365166,435.97473321101467,392.46505865910257,22.23527666230188,0,412.37146046372527,416.881622213971,13.100942055662385
2025-10-16,412.0757378811519,422.72265878759936,410.2026723623397,420.0609436035156,173555,410.81605360243054,413.8927820379084,401.9660650634767,417.0362850952149,411.9637204570952,410.1497485344123,57.29969378471321,2.0549701033612,2.034903636456136,0.0200664669050638,436.43765571951457,392.6182799494307,23.0518410902675,0,412.8150882719641,416.881622213971,12.99531860350972
2025-10-17,425.9758944943747,451.5088102814916,421.0467590109523,425.7787170410156,3727384,413.0232103135851,415.0107990611683,402.45306335449226,416.9357078552246,414.7267197738793,411.57056385319447,60.38527725415935,3.0406577094454974,2.236054451054008,0.8046032583914893,436.3178405401308,392.66415714053335,25.31777792113575,0,427.011000562759,421.5643072784459,14.185351462868864
2025-10-20,426.3702093475084,434.7004601537533,422.62407850171405,429.7220153808594,227047,415.7725728352864,415.7300040505149,403.1007519531251,416.8022492980957,417.7257788952753,413.2206958102549,62.40306785554286,4.092833818707675,2.607410324584741,1.4854234941229332,436.3755840601319,392.63598515373536,27.421862121227694,0,427.011000562759,421.5643072784459,13.773416125652536
2025-10-21,429.8206131324834,432.77809441550505,425.23652316081086,427.1095886230469,37091,417.4265713161892,415.7568900368431,403.764213256836,416.5805888366699,419.6025408408297,414.4833224295997,60.2148417531369,4.662147623703447,3.018357784408483,1.643789839294964,434.0960875234342,393.91979687597984,29.375654592741643,0,427.011000562759,421.5643072784459,13.442459047142872
2025-10-23,429.2290949749254,431.29933781344073,424.2013709628321,425.43365478515625,99537,419.17367214626734,415.5754061612216,404.4119006347657,416.3587898254394,420.768763629695,415.47880718919566,58.79057482664959,4.921368587857501,3.3989599450982864,1.5224086427592145,434.41546899656777,393.8025089087057,31.034115223147115,0,427.011000562759,421.5643072784459,12.98827512230882
2025-10-24,425.4336534421661,426.3702011781977,417.9906712128458,418.7300415039063,75972,419.370836046007,414.7419336492365,404.953119506836,416.09426193237306,420.3610192045373,415.7743739450784,53.3543837350183,4.533616789897224,3.625891314058074,0.9077254758391496,432.4607262008316,394.57918468784027,31.664589460430957,0,427.011000562759,421.5643072784459,12.840400635604317
2025-10-27,422.1311704909711,438.6930535108415,422.1311704909711,427.3067626953125,392469,421.167236328125,414.9189356023615,405.6865753173829,415.9436370849609,421.75016790269234,416.8227729223724,58.62565280977739,4.862340384657102,3.87318112817788,0.9891592564792226,433.0229166186833,394.32260034909007,32.90005920766703,0,427.011000562759,421.5643072784459,13.576251957277671
2025-10-28,426.7645386998858,433.7639170141709,426.7152593797017,432.43304443359375,101024,424.0809020996094,415.00631436434657,406.5807208251954,415.832459564209,423.88674320887264,418.2418885143016,61.43113232085168,5.473410229934075,4.193226948529119,1.2801832814049554,435.7714039359487,393.70842699666855,34.04728111581481,0,427.011000562759,421.5643072784459,13.61145792015539
2025-10-29,432.43306097415774,438.2987443830747,430.3135386792323,433.22174072265625,201374,426.6440565321181,415.4140888560902,407.4512066650392,415.7640072631836,425.7537427116294,419.6036932605156,61.85963427772011,5.952709553652539,4.545123469553804,1.407586084098735,437.736429039271,395.10014627811177,35.333722832277004,0,430.8557413219156,421.5643072784459,12.703089083017504
2025-10-30,433.2217367043115,436.3270860922643,428.933382747112,433.8625183105469,76332,428.1775648328993,416.4492076526989,408.2733868408204,415.6999708557129,427.3754978314129,420.89995008324576,62.22681655227509,6.311507981769012,4.898400371996846,1.413107609772165,438.89640419523136,397.612378763753,36.31652587515944,0,434.7497407471688,421.5643072784459,12.273549712731905
2025-10-31,433.3202986740319,435.43985105062495,423.9549410316101,426.0744934082031,119856,428.21042887369794,417.6501256769354,408.8165783691407,415.6108103942871,427.115296946771,421.37036311278735,55.26316103382256,5.899424900684551,5.098605277734388,0.8008196229501632,439.46918052057777,398.8781736053989,36.47937667053011,0,428.34186236184365,421.5643072784459,11.622201892330557
2025-11-03,424.8422049563015,432.6795124273288,423.5113323412045,431.39794921875,115400,428.39664374457465,419.2072851007635,409.4958135986329,415.5519030761719,427.9718274011668,422.28196184969306,58.668003947113576,5.934001014058765,5.265684424999264,0.6683165890595015,440.4899065267677,400.3515943277245,36.56416290265839,0,428.34186236184365,421.5643072784459,11.73486597632218
2025-11-04,432.1373065532535,432.6302200932743,424.7436034529414,426.1730346679688,61548,428.2925821940104,420.0474784157493,410.1089971923828,415.45426696777344,427.6120688545273,422.6356957422636,54.29982484616595,5.476664318046801,5.307880403608771,0.1687839144380296,440.43669731413183,402.4306763430948,36.64289297534893,0,428.34186236184365,421.5643072784459,11.724303950230686
2025-11-06,425.877300195993,428.3911472256279,420.9481647770579,424.3985595703125,75015,428.1775716145833,420.8630273992365,410.73894104003904,415.3305491638184,426.9693669976844,422.795956090268,52.860348456691234,4.914386393802147,5.229181601647446,-0.3147952078452993,439.7824367338544,405.0270176118487,36.102109255046,0,428.34186236184365,421.5643072784459,11.248992303045169
2025-11-07,420.455253398656,427.7503678392066,415.8711634524695,425.9758911132813,95219,428.982666015625,421.7749176025391,411.3925445556641,415.1536366271973,426.7706718208037,423.08504109236014,54.02701457904774,4.543677870898023,5.092080855497562,-0.5484029845995391,439.85112178705526,406.3335614404838,34.8392333258501,0,427.2821084816555,421.5643072784459,11.199699190846305
2025-11-10,425.9265814517617,435.73557301404094,423.95492727522753,430.2149353027344,194516,429.30579630533856,422.9220622669567,412.3704852294922,415.00349395751954,427.4595245171899,423.73321329330327,57.09991185577023,4.539614286916446,4.981587541781339,-0.4419732548648927,439.91022927492713,408.3249727514401,34.38108647210439,0,427.08495391777205,424.324630094811,9.794897695191834
2025-11-11,428.6376067567895,431.7429861587597,422.4761874434441,429.3276977539063,93387,428.9607577853733,423.699521151456,413.2951910400391,414.8649127197266,427.8331591645332,424.2418027897217,56.25240526316192,4.413920286603627,4.868054090745797,-0.4541338041421703,440.3154153629199,409.15699979821295,33.736691400117984,0,427.08495391777205,425.1872209788621,9.594213199711575
2025-11-12,431.59508967317487,431.59508967317487,425.9265838832791,427.55322265625,67958,428.33092244466144,424.5105882124468,414.26228759765627,414.7509083557129,427.77717186287657,424.5428409594061,54.50980819016978,4.123587426299309,4.7191607578565,-0.5955733315571905,439.7915271460544,411.3222942650784,33.13832454755918,0,426.0991247723669,425.63084878710094,9.460422809368836
2025-11-13,429.8206010735311,432.2358894209248,424.4478315260901,425.2365112304688,95843,427.3724772135417,424.88699479536575,415.1337585449219,414.6374398803711,427.26903973639503,424.6059018931391,52.234701761276106,3.664317323134753,4.50819207091215,-0.8438747477773969,437.46428821620987,415.5521790689464,32.34147950535658,0,425.8033682332552,427.011000562759,9.509715026813552
2025-11-14,425.2365334524428,426.37022862136126,420.7017226917131,422.72265625,57672,427.0000508626302,425.4135173450817,415.7173681640625,414.5252182006836,426.3597630391161,424.43469774376274,49.80553336447375,3.062196277220494,4.218992912173819,-1.1567966349533254,435.2037326551869,419.0696651719615,31.0050374003685,0,425.8033682332552,427.011000562759,9.316070452834715
2025-11-17,422.7226398878231,427.9475414630766,422.673360567843,426.1730346679688,49110,426.4195048014323,426.3209256258878,416.3660424804688,414.44285247802736,426.3224173648866,424.592728373236,53.03397889468592,2.830796057755606,3.941353541290177,-1.110557483534571,434.8138042253146,420.07080270827913,29.9498038233816,0,425.8033682332552,427.011000562759,8.266868230570319
2025-11-18,425.729433405684,426.17303754366304,418.2864208501135,418.8286437988281,124239,425.60346137152777,426.7152571244673,416.9979577636719,414.34364044189454,424.82366265167497,424.0687206846535,46.21944600400316,2.0313624710894373,3.5593553272500293,-1.527992856160592,435.3934718415339,418.79612776784114,28.28315637938525,0,425.8033682332552,427.011000562759,8.32672244907606
2025-11-19,418.9765022567248,424.89146464152566,416.0190210643244,418.0892639160156,64835,424.9024285210504,426.62563532049006,417.5953692626953,414.2475184631348,423.4767829045432,423.5251337056864,45.58441518977393,1.3228943145757626,3.112063124715176,-1.7891688101394134,435.6271095316664,417.39921493122426,26.40033970586137,0,425.8033682332552,427.011000562759,8.390096582887407
2025-11-20,420.1595064525224,420.1595064525224,408.1324042450945,410.0547790527344,77281,423.1334160698785,425.91091086647725,417.8122509765625,414.1015286254883,420.7923821341814,422.3005560099634,39.2703391708591,0.1118233844576934,2.51201517666368,-2.4001917922059866,437.363174412035,413.95766909382434,25.407671549115665,0,421.9339886295677,427.011000562759,8.721053644478518
2025-11-21,410.0547960028162,413.9981044193931,406.9494165567173,409.9562072753906,52986,420.8824462890625,425.01246504350144,418.0380059814453,413.8934796142578,418.6251471624233,421.1783424886386,39.19860216720908,-0.8461589776104574,1.8403803458088528,-2.68653932341931,438.5372817971897,411.2358169576931,24.62561364303412,0,419.5926529888211,427.011000562759,8.404180633311439
2025-11-24,409.1182287702811,412.864359553915,397.38689280568633,404.2383728027344,170078,418.0947435167101,423.9728643243963,418.1967236328125,413.6631434631348,415.7477922904855,419.6383452444655,35.18362700243097,-2.0431956696123734,1.0636651427246075,-3.106860812336981,440.4687035725134,407.8552283122523,24.89471316936802,0,414.8113911133056,424.44785154358897,8.854843966318892
2025-11-25,406.35792407974907,411.0898819094331,401.3302000825509,405.5692443847656,81361,415.6520792643229,423.069936578924,418.4007897949219,413.4506115722656,413.71208270934153,418.3593360754018,36.806097160125184,-2.851594254584427,0.2806132632628006,-3.1322075178472275,441.2858133041584,404.8643667495526,25.144591300963786,0,414.8113911133056,424.44785154358897,8.988634336786694
2025-11-26,405.8157032020359,411.4349294776428,397.3375844696508,407.5902099609375,116107,413.6913791232639,422.5635805996981,418.56049377441406,413.21861328125,412.4877081596608,417.38032461045054,39.29123695756142,-3.29124154152504,-0.4337576976947673,-2.857483843830272,440.7321071794511,402.9337894269943,25.75057178864166,0,412.6425629663637,418.0153189902461,9.463945948173984
2025-11-27,407.63951045140993,410.7448598344518,404.18911556246206,406.4072265625,37408,411.87855360243054,421.6136016845703,418.70442443847656,413.00106063842776,411.2716118402287,416.382770242455,38.34076173413421,-3.692556564028792,-1.0855174709615725,-2.607039093067219,439.7898574083175,401.19458778211225,26.31326795577112,0,412.6425629663637,418.0153189902461,9.0836987971206
2025-11-28,406.4072305861755,408.13242804773,403.00611498508863,405.7664489746094,57188,409.6111551920573,420.40148370916194,418.7961065673828,412.7420068359375,410.1705792671048,415.4176501271963,37.80726264775416,-4.016012909878896,-1.6716165587450371,-2.3443963511338586,438.3774930152525,399.79734524158346,26.951959836884907,0,411.75531100665694,418.0153189902461,8.608389320251169
2025-12-01,407.93523333317495,416.9555751757714,405.6185637651316,410.1040649414063,181414,408.6417575412327,419.3506802645597,418.72019775390623,412.4910675048829,410.15727640196513,414.9345969284881,43.5349718554436,-3.877645948052475,-2.1128224366065247,-1.7648235114459505,437.6830733437655,398.8947220663907,25.95605602328599,0,411.1145245555882,418.0153189902461,8.756261655631464
2025-12-02,413.2587232268325,420.6031169085916,410.3012419921511,414.7867431640625,156806,408.2748107910156,418.4835995760831,418.4855706787109,412.26838928222656,411.08316975438464,414.9211556771767,48.995988767892,-3.351502106089981,-2.3605583705032163,-0.990943735586765,435.8874789584812,399.0291958462064,24.480545032478865,0,408.9703506891212,418.0153189902461,9.101300668294998
2025-12-03,417.0048606931987,420.94816906854805,409.8576142628779,414.8360290527344,88142,408.8060607910156,417.9727602871981,418.1937652587891,412.1169767761231,411.83374161405465,414.91341689313646,49.05184034398784,-2.897155753249933,-2.46787784705256,-0.4292779061973735,434.88424675129306,398.898727491871,23.17034180543814,0,409.1428767690994,417.8181644263627,9.337193304783243
2025-12-04,415.5261186848565,422.67336509165415,410.399805779752,412.3714599609375,113739,409.0744222005208,417.1079198663885,417.6998657226562,412.0085055541993,411.9412852834312,414.6823298993002,46.3203122708049,-2.704774170703786,-2.515257111782805,-0.1895170589209809,434.0286071139629,398.5516571682637,21.682561746267663,0,410.0054747806524,417.8181644263627,9.808982832087098
2025-12-05,411.5828031592332,412.07571669595086,403.25255235468313,408.9703674316406,95420,409.6001993815104,416.3259804465554,417.4110186767578,411.9627740478516,411.34710171307313,414.1630605840584,42.77991187233256,-2.7945364468783964,-2.571112978801924,-0.223423468076473,432.85074024167056,398.0289716723919,21.261018320792616,0,410.0054747806524,416.8323352809575,10.083606168588584
2025-12-08,410.7448483757615,410.7448483757615,398.2741417849036,399.4078369140625,68209,408.9155985514323,415.1900385076349,416.7889611816406,411.8905598449707,408.959248753271,412.8216766140588,34.74002257574904,-3.5958393946068554,-2.77605826196291,-0.8197811326439455,431.2575177466336,396.5414843285617,21.43247810842984,0,410.0054747806524,416.53657874184586,10.411041161253465
2025-12-09,399.4078509357879,410.1040811856458,395.6617199205184,402.8582458496094,195011,408.38982476128473,414.1392364501953,416.3611120605469,411.8702589416504,407.73904817253873,411.915910180927,39.18150808291346,-3.907416325807958,-3.00232987473192,-0.9050864510760386,428.9918552236939,396.16020166107177,21.86554428464665,0,409.1675425060863,415.6986464672797,10.808892424676758
2025-12-10,404.9777569577278,409.6604356400813,398.32342409333074,400.0979309082031,157809,407.6887919108073,412.7702817049894,416.14127258300783,411.8480334472656,406.2108247196717,410.8415484288612,37.01136116066194,-4.32719640881777,-3.2673031815490896,-1.05989322726868,426.9226713812847,395.48385632867627,22.267677162562254,0,409.1675425060863,415.6986464672797,10.759600234628376
2025-12-11,403.006092505185,403.006092505185,397.1404395141231,399.8021545410156,39813,407.0260925292969,411.4282115589489,416.1442297363281,411.8606869506836,404.9290906839405,409.8379671663298,36.776308247561936,-4.630365854611739,-3.53991571616162,-1.090450138450119,424.97136585651344,394.8917261845022,22.774174191797567,0,409.1675425060863,415.6986464672797,10.675097743798814
2025-12-12,400.19652092842415,402.66108866394825,392.4577722218674,394.5280151367188,189285,405.29542032877606,409.92706576260656,416.0919812011719,411.7854035949707,402.8488755744962,408.4461533454561,32.778741913474974,-5.23585314092287,-3.87910320111387,-1.3567499398090002,423.7971207098535,393.246507219834,23.742671900162048,0,407.5655686567608,414.0966726179541,10.298372721931113
2025-12-15,394.7251621569013,397.48549606929055,389.4017018698686,390.7325744628906,74843,402.62273491753473,408.3587050004439,415.752857055664,411.6494526672364,400.4256153521751,406.8358279924956,30.231974162396327,-5.9533401210911165,-4.29395058510932,-1.6593895359817967,421.6206835445294,391.8788983646503,24.93708331482434,0,406.0375334807613,412.5686374419548,10.178666462826811
2025-12-16,391.86627466005615,392.4084675343685,383.4867442585204,388.7609252929688,126663,399.7255011664497,406.8149899569425,415.3989459228516,411.55309020996094,398.0926773403339,405.19265501981135,28.97265038583984,-6.604912018013408,-4.7561428716901375,-1.8487691463232707,421.0273301402884,389.4654799183053,26.552821650560027,0,403.0800546750872,407.8613168397226,9.808979196245105
2025-12-17,386.44422290537216,391.3240790806739,382.50091450837857,383.831787109375,48554,396.554426405165,404.8903877951882,414.95729553222657,411.51812927246095,395.2404992941422,403.2507579370444,26.05104182772503,-7.433340772207657,-5.291582451793642,-2.141758320414016,420.8108158676109,386.2562465103188,28.131575135707187,0,397.2883156021648,407.3684019646517,9.970937789124076
2025-12-18,383.7824710932074,389.4016974961614,379.5434266734737,387.5779113769531,59989,394.177486843533,403.4698999578303,414.6092987060547,411.5217747497559,393.7079817107044,401.8259537043088,31.688981598283164,-7.698848079394054,-5.773035577313724,-1.9258125020803296,420.7898334934316,384.02954211692,29.82991256774133,0,395.1441375246176,405.8896580471993,10.308934771984529
2025-12-19,387.62723377505176,394.13366866807206,384.6697524291131,392.3591918945313,66664,393.39430406358514,402.30035122958094,414.2120104980469,411.594895324707,393.4382237474698,400.965338994329,38.168529102688126,-7.437717773600582,-6.105972016571096,-1.331745757029486,420.0729367778413,382.9867372944242,30.3390154402244,0,394.82375392955976,403.7454840682751,10.175142259721614
2025-12-22,392.3591910584796,395.020936298175,390.387536832055,393.2464294433594,53854,392.3263244628907,401.53633533824575,413.882744140625,411.7381388854981,393.3998648866478,400.2636199442408,39.31876963787028,-7.077591401649613,-6.300295893586799,-0.7772955080628137,419.834297856916,382.1261818794121,30.621122074703,0,394.6019311567775,403.7454840682751,9.756167081074096
2025-12-23,395.3166633353575,396.7954039712753,390.73257338102337,395.8588562011719,73992,391.85531616210943,400.895546653054,413.46080993652345,411.84814865112304,393.8916631495526,399.863186876689,42.69888157333089,-6.506386082242614,-6.341513931317963,-0.1648721509246504,419.3513187112933,381.63812220667546,30.496718584368352,0,391.2747595893293,402.8582321085684,9.397043922829935
2025-12-24,395.85884030621423,398.76704214076807,389.4016851560034,390.3875122070313,72905,390.80924479166674,400.265962080522,413.0457769775391,411.9278930664062,393.1908329610484,399.00176190672016,37.93314399202357,-6.421174186715575,-6.357445982397486,-0.0637282043180889,418.6966819419353,380.5724892006428,29.95791170413469,0,391.102257668711,402.2174456574997,9.18931518517726
2025-12-26,390.387538243007,396.5489577228525,387.0850113847986,387.676513671875,66657,390.0479668511285,399.452656139027,412.6751062011719,411.9279110717773,392.08796910321377,397.9721938853706,35.800943481510856,-6.497498947307008,-6.385456575379392,-0.1120423719276164,418.1946706757586,379.20142917775695,29.76019044261679,0,389.1552344071209,401.1083958825639,9.213960808877228
2025-12-29,397.2390469072584,407.14659735115146,380.5292653209309,381.8601379394531,187158,389.0621405707465,398.2831074107777,412.1092419433594,411.8491578674317,390.0424028704617,396.5074615266509,31.6858272383834,-6.947236365772142,-6.497812533457942,-0.4494238323141992,418.07629419603626,376.9291745539637,27.64020325435965,0,393.34501201231257,401.1083958825639,10.22443405454599
2025-12-30,381.8601259456878,385.85271359079616,377.1774473096708,383.782470703125,65984,388.5089789496528,397.25470941716975,411.3836724853516,411.8330990600586,388.7904164369944,395.3506441790576,34.370833613137364,-7.067075474695173,-6.611665121705389,-0.4554103529897837,416.73364709066936,375.63966223550256,26.15471373141133,0,392.1620223304111,399.9254062006625,9.812498698545843
2025-12-31,384.5711651803077,444.55875139492616,382.00800865362055,418.4836120605469,1833221,392.3591817220052,397.8327622847124,411.2377703857422,412.0167236328125,394.72905556170497,397.4536412591929,62.79677926083802,-4.312247825257089,-6.15178166241573,1.8395338371586412,417.675599218404,375.0673969974163,28.07723966458349,0,410.8680993522985,410.8680993522985,13.470622355299778
2026-01-01,411.0898845176282,435.1440587937351,404.435551854573,427.8982238769531,404784,396.8392164442274,398.6415876908736,411.2012945556641,412.273356628418,401.36288922475467,400.22133058808015,66.97596361425107,-1.353741484072316,-5.192173626747048,3.838432142674732,421.3050826889328,372.7441330093094,29.862442316814796,0,410.8680993522985,410.8680993522985,15.245111923021218
2026-01-02,419.66659705174953,424.29996624427633,414.9346090498473,421.6875305175781,166705,400.09792073567706,398.9552598433061,411.09285339355466,412.5292344665528,405.4278174833194,402.1728033089436,62.0259460477924,0.4841639167812559,-4.056906118041387,4.541070034822643,423.3186552152072,371.6621675386991,31.52013049388671,0,410.8680993522985,410.8680993522985,15.442276093380144
2026-01-05,422.6240887118272,434.2568364277422,421.6875409352253,429.57415771484375,217341,404.1343349880642,399.6251747824929,411.17566345214846,412.8109716796875,410.2570855296243,404.6638355276618,65.51169079135346,2.5477334070691318,-2.735978213019284,5.283711620088415,427.7026715699765,369.3385302122501,33.41532630251564,0,410.8680993522985,410.8680993522985,15.76266978700458
2026-01-06,425.8773010688836,428.4404575089944,414.0473760391924,415.033203125,102206,406.2648179796007,399.7461631081321,411.1017266845704,413.0345474243164,411.21230904869947,405.606505309238,55.412183811557085,2.9754939417850323,-1.5936837820584202,4.5691777238434526,429.40603633606594,369.1977020672544,34.26452968735841,0,410.8680993522985,410.8680993522985,16.234459672704812
2026-01-07,414.1952396990643,415.13178745468633,405.2735167010013,408.0831298828125,74122,408.2309977213542,399.70583412864,410.7172540283203,413.2233728027344,410.58647321552206,405.8316529977447,51.33834035312548,2.722303401894635,-0.7304863452678093,3.4527897471624445,429.8871074750551,369.2391193315855,34.11164132272095,0,410.8680993522985,410.8680993522985,16.30839582851836
2026-01-08,410.0548005984033,416.2654993900946,401.8724174912708,404.63275146484375,123988,410.1150241427952,399.9433302445845,410.1612481689453,413.3270779418945,409.3957288653865,405.7226619492992,49.39674194858871,2.2176674822918585,-0.1408555797558758,2.3585230620477344,430.19838473930815,369.3813241229965,33.62535068877703,0,410.8680993522985,410.8680993522985,16.63231090538522
2026-01-09,404.63273649984086,406.7029492971356,399.3585556116102,402.069580078125,65152,412.36051771375867,399.9074818004261,409.5382049560547,413.3888809204101,407.9304991079342,405.3905635973742,47.9460797768496,1.5925553835794517,0.2058266129111897,1.386728770668262,430.3288514566708,369.4775999593448,32.91717045902174,0,410.8680993522985,410.8680993522985,16.480916437282822
2026-01-12,398.3234205284731,400.1472066475522,392.3591787151913,396.0560302734375,89279,413.7242465549045,399.7237590443005,408.7820751953125,413.4048609924316,405.55560534103495,404.5419696588344,44.63420623151631,0.6049330382476228,0.2856478979784763,0.3192851402691464,430.35605471526696,369.60319821442056,31.57014590194793,0,413.28338002427336,410.8680993522985,16.84355942991237
2026-01-13,396.056026523654,404.13982055517175,393.9365043340045,400.9358825683594,54969,411.7744988335504,399.7752921364525,408.2793029785156,413.4200321960449,404.6316607864999,404.2141435597003,47.78607024046293,0.2135369902093202,0.2712257164246451,-0.0576887262153248,430.5534303309632,370.4261534092712,30.600096535656757,0,413.7516187544632,410.8680993522985,17.139308403549183
2026-01-14,400.0486121032146,403.006093306792,396.6968060895045,398.9149169921875,52096,408.5541314019097,399.9746967662464,407.6296423339844,413.440853729248,403.4883120276375,403.7323956899264,46.602824094991206,-0.2567624323096424,0.1656280866777876,-0.4223905189874301,430.5660200320043,371.428962878152,29.69933640981494,0,413.3080075714668,410.8680993522985,16.92101770587224
2026-01-16,398.7670662455228,403.2032882433098,392.50705807607886,394.5773010253906,144940,405.54188368055554,400.1494570645419,406.9977276611328,413.45065216064455,401.7061098271881,402.9001143567869,44.07997108164359,-0.9683252201552364,-0.0611625746888171,-0.9071626454664192,430.16562674962495,372.90390755213286,28.418540077320387,0,413.3080075714668,410.8680993522985,17.00903797938489
2026-01-19,393.0985488406432,401.2316222649324,391.8662649884781,396.4996643066406,105345,401.86693996853296,400.5012179287997,406.4397497558594,413.4690928649902,400.6648207230786,402.318255261319,45.48840871204393,-1.3614314705880588,-0.3212163538686655,-1.0402151167193932,429.9668574274968,373.9948521672298,27.160493075334983,0,410.15336124873625,410.8680993522985,15.776754068401583
2026-01-20,395.1687972122675,398.1755578192471,386.0498965797214,389.8453369140625,205854,399.0682881673177,400.77456110174006,405.717138671875,413.48819610595706,398.5009239612754,401.18435359338656,41.58404432384408,-2.184735345171702,-0.693920152129273,-1.4908151930424296,430.0449551029853,373.6653689936943,25.377902042097645,0,401.157697984908,410.8680993522985,16.023210851144466
2026-01-21,386.0005868930111,396.1053146136141,385.5076733456646,394.0843811035156,160409,397.51287163628473,401.0703097256747,404.9945275878906,413.5149208068848,397.6176153897235,400.5389015488528,44.83253121992035,-2.466719353220469,-1.0484799923475123,-1.4182393608729569,430.0354234242828,373.7586958384125,23.666184282025505,0,400.8865863678796,410.8680993522985,12.312275031619029
2026-01-22,396.0560208587941,405.61855536283525,394.823737035338,403.7947692871094,486012,397.41976250542535,401.5901086980646,404.4838690185547,413.6255859375,398.8530461692007,400.834889525058,51.48764280559623,-1.8849183721945335,-1.2157676683169167,-0.669150703877617,430.2971940750401,374.290516496249,22.974478734575847,0,396.1053113214001,410.8680993522985,10.942679840201713
2026-01-23,407.146577692293,418.8286344251724,402.85822394414055,404.928466796875,319651,397.7374165852864,402.1211103959517,404.0313739013672,413.7302850341797,400.0681302947356,401.207032913405,52.21246617394271,-1.3171734333217842,-1.2360488213178902,-0.0811246120038939,430.4722815644351,375.5695244658383,23.31597587443767,0,402.1681538854185,410.8680993522985,11.157450958339288
2026-01-27,404.9284747964091,406.9001289646205,396.746122032354,403.64691162109375,132030,398.5808478461372,402.4751129150391,403.5995819091797,413.8547541809082,400.78388656000726,401.42884006864944,51.27974789003079,-0.9595808207820936,-1.180755221210731,0.2211744004286373,430.30352061249647,377.3353252126988,22.958817369439146,0,402.1681538854185,410.8680993522985,10.984929602775177
2026-01-28,403.5976174789784,409.1182553757589,403.1540133253877,405.3228149414063,107698,399.0682847764757,403.1539903120561,403.2515850830078,414.0385038757324,401.6916722362871,401.78283778435457,52.47536308745025,-0.5347899811802108,-1.051562173204627,0.5167721920244162,429.3763755025248,380.6087380228658,22.790929107838576,0,402.1681538854185,410.8680993522985,10.301891058112306
2026-01-29,406.6536757931248,407.4423254333682,398.86564777676455,403.006103515625,98543,399.52286105685766,403.8507898504084,402.7882464599609,414.1757662963867,401.9545584921547,401.89404375992456,50.62583158729888,-0.3806910612560159,-0.9173879508149048,0.536696889558889,428.2428023751807,383.6646744314599,22.15940256662562,0,402.1681538854185,410.8680993522985,10.210348694035064
2026-01-30,403.844048776562,414.5402783856888,400.34437475049054,412.27288818359375,76357,401.4890374077691,405.2331875887784,402.6571313476563,414.3588778686524,404.01822443044256,402.8375750711672,57.13402955045539,0.4836107562007328,-0.6371882094117773,1.12079896561251,427.363028398797,383.9233760201483,22.12367360709036,0,402.1681538854185,410.8680993522985,10.196264532347527
2026-02-02,405.96359454946383,418.9765245215679,401.3302251528472,415.5754089355469,124830,403.60856458875867,406.6783211447976,402.6068542480469,414.4937850952148,406.32966133146346,403.995559967929,59.19818142435552,1.4187080149769713,-0.2260089645340277,1.644716979510999,424.69047492992,385.3636479948847,22.408753475325764,0,402.24209893361626,410.8680993522985,10.932114938290049
2026-02-03,423.9056517287455,425.8773059228327,411.681401742416,417.3005981445313,124285,406.6591491699219,406.6245477849787,402.7517706298828,414.5859321594238,408.52384869407706,405.2051088930746,60.27433927500188,2.272788390917526,0.2737505065562831,1.999037884361243,423.7741278355901,385.84130185190986,23.132552999168936,0,405.6924896342487,410.8680993522985,11.25250799668169
2026-02-04,417.0048454235122,423.9056348276838,413.5051714025612,421.6382446289063,94334,409.720689561632,406.3400032737038,402.9854113769532,414.69273818969725,411.1467278810429,406.6990303236048,62.92229891582162,3.2620620415798385,0.8714128135609942,2.3906492280188445,421.42753031831904,387.3943080605872,23.80465255702331,0,410.3505214790854,410.8680993522985,11.266589939821358
2026-02-05,422.9198261157949,428.83478871881306,419.3708425369729,424.0042419433594,169239,411.9661865234375,406.44530833851206,403.3807287597657,414.81040481567385,413.7182306935063,408.2722313799461,64.31936696190138,4.1887000204132505,1.5348702549314457,2.653829765481805,423.4547473366089,386.2641949241333,24.752629917243688,0,412.7904553755835,410.8680993522985,11.491922723003691
2026-02-06,422.4269154449141,422.4269154449141,414.63888731486617,420.4552612304688,46410,413.691385904948,406.03081304376775,403.6784490966797,414.8725140380859,415.0656368008988,409.3797795481754,60.62908260158955,4.583854391172736,2.144667082179704,2.439187308993032,425.30712934068015,385.6490260548277,24.99669324716347,0,412.7904553755835,413.28338002427336,11.396860184522422
2026-02-09,421.4410831118239,428.7361975978011,413.5544663518365,422.87054443359375,105905,415.8273451063368,406.387055830522,403.9840557861328,414.9321566772461,416.6266183274378,410.6062127195771,62.21782726865078,5.033882778869781,2.7225102215177195,2.311372557352062,427.6790111858035,385.1009235065793,25.661173470328414,0,413.8502182477888,410.3258660696998,11.812315468058872
2026-02-10,425.877316128252,454.4663026276022,424.8914890075847,449.7343444824219,682215,420.76195949978296,408.280292857777,404.85059814453126,415.1293222045898,423.2481635584346,414.1633156071084,74.5291760259384,7.47208413746921,3.6724250047080176,3.799659132761192,437.4245907116465,380.121820421166,27.5575571644982,0,426.6659752021834,419.9869879866334,13.203036679093357
2026-02-11,453.4804539663119,454.46628104015167,441.65052908023415,446.6782531738281,348795,425.6144205729167,410.1914520263672,405.6688342285156,415.31416473388674,427.93418148151335,417.1192190222647,71.66810785130133,9.053413141527187,4.748622632071852,4.304790509455335,443.89821184578034,378.7104215770712,29.318484880513,0,427.4053386890464,419.9869879866334,13.361473157091073
2026-02-12,443.62219576490907,451.4595332574447,440.8125825080536,443.4250183105469,173225,429.0757683648004,412.0712446732954,406.3352532958984,415.5142875671387,431.0323488473201,419.51065532119947,68.64706000076845,9.929656011549866,5.784829307967455,4.144826703582411,448.6130648856807,378.2444821113896,30.842825442687065,0,427.8982638902247,419.9869879866334,13.298100049239038
2026-02-13,443.6221903005502,457.3744902338893,438.39731875992135,450.079345703125,309188,432.9095391167535,414.5268499200994,407.0411053466797,415.7464497375488,434.84174821848114,422.2896271741018,71.31097792580442,11.033842143180095,6.834631875009983,4.199210268170113,454.05040652978937,377.9235833383746,32.51170334111247,0,434.5279459881526,421.44108178977694,13.512868691591612
2026-02-16,450.0793381505333,452.4946265134396,442.6856351029281,451.3609313964844,173288,436.6940205891927,416.8188975941051,407.7716033935547,415.97737976074217,438.1455848540818,424.93247301250017,71.80779867634777,11.8754382031222,7.842793140632427,4.032645062489774,458.5982429252152,379.05410998005823,34.06137567536464,0,435.4398308182252,421.44108178977694,13.488224725751971
2026-02-17,450.6215678276502,457.7195048084189,445.29810757080986,455.6492919921875,327056,440.47302585177954,419.3977328213778,408.6371600341797,416.2546435546875,441.64632628170295,427.72491110156267,73.4637654142684,12.741567149991909,8.822547942504324,3.919019207487585,463.3229019581773,380.2444137156508,35.72477461252112,0,435.63698558012766,421.61358907704175,13.94945009626896
2026-02-18,458.4095883263169,461.0713334538464,447.6640792621303,451.8045349121094,159643,443.5619472927517,421.9989707253196,409.49384338378906,416.5617286682129,443.6779680077842,429.91396781161234,69.52100012693485,12.968250892291053,9.65168853246167,3.3165623598293834,465.6257911438406,384.1374443297922,37.407228177065775,0,437.3128999028414,423.2895033997555,14.294491277348422
2026-02-19,453.38186006449416,471.225335914241,449.7835973030804,452.8889465332031,487657,447.1656901041667,424.56211991743606,410.5634655761719,416.79512313842775,445.520163712868,432.0026022408479,70.00989520405116,13.084571550278897,10.338265136025116,2.7463064142537803,467.6859790835498,387.95771293305177,39.34369287343155,0,442.38990113303873,428.3665046299528,14.81205091848859
2026-02-20,458.4095832801516,472.9998117462293,446.1360243389517,462.6979370117188,1976820,451.5909559461805,427.8736017400568,411.76025939941405,417.1142846679688,448.9557183726382,434.793087220018,74.06269083365851,13.809077613367151,11.032427631493524,2.7766499818736285,471.84208430862464,389.6919244804378,40.58472774935978,0,448.945650376907,429.2537425459469,15.470442921242652
2026-02-23,471.5703815315547,518.5450350593709,465.2610943463223,486.8013916015625,5287308,455.70951673719617,432.0880113081499,413.49432861328125,417.526360168457,456.5248530184231,439.5211148910675,80.89495265872115,16.14212486525156,12.05436707824513,4.08775778700643,481.0891088007887,388.6321924687426,42.94070166675014,0,478.47117690964615,452.0263542025177,18.445528197473752
2026-02-24,485.519827312136,493.3571644773892,477.633210827878,488.5758972167969,519657,460.3648105197483,435.9416989413175,415.2698034667969,417.9478012084961,462.93506185809787,443.9806405570429,81.28578806086249,17.927611053381952,13.229015873272497,4.698595180109455,488.7404242851701,389.4737755439315,45.12839173289832,0,478.47117690964615,452.0263542025177,18.8257774992158
2026-02-25,491.927712035335,506.7151182087418,480.0977870966095,490.2025146484375,891824,465.5623101128472,439.8177920254794,417.18329345703125,418.4108935546875,468.3885524161658,448.182629110806,81.65623581284599,19.25195163916049,14.433603026450095,4.818348612710398,495.28343571970834,391.4187340800963,47.38059462284132,0,478.47117690964615,452.0263542025177,20.051019279950943
2026-02-26,492.5192187634001,502.37748963502514,480.9357504892406,484.8790588378906,667000,469.4289449055989,443.5101623535156,419.0662231445313,418.76209442138673,471.6866537005108,451.51866817690455,76.33088030225628,19.64548181533468,15.475978784227014,4.169503031107663,498.8917909907493,395.99767434128194,49.47192587778839,0,480.6153350811495,452.0263542025177,20.913618174043183
2026-02-27,486.89998436152416,487.0478524051668,460.3812421680014,464.96533203125,512535,470.9405449761285,446.2211858575994,420.5903112792969,418.96468185424806,470.3423893666587,452.7410921636632,60.44928882577014,18.14136364040769,16.009055755463148,2.1323078849445416,499.2907937825156,400.8679159342813,49.23522374827205,0,481.9215713150904,456.6843860473545,21.733966673414667
2026-03-02,450.7201689782107,467.5777885754013,446.1853582325397,460.4305419921875,328330,471.4717949761285,448.83138760653407,422.1222863769531,419.1140347290039,468.36001989176447,453.4401330571654,57.51460567513586,16.394434655335658,16.08613153543765,0.3083031198980066,498.9322816628417,405.7119413596192,47.82735010491543,0,482.34052969916127,457.64557854586246,21.00515754118989
2026-03-04,453.5297369476767,457.2265885044235,439.6788784824206,442.2420349121094,238038,470.4092949761285,450.1936215487394,423.2155688476562,419.1534678649903,463.1364228958335,452.4221241348876,47.54459301622947,13.38799189818934,15.54650360798799,-2.158511709798649,497.4911490801588,409.6472176190599,46.027988354186576,0,479.1119567708957,457.64557854586246,21.57200836617913
2026-03-05,446.283921706663,466.6905237798268,445.3473739664584,463.5851745605469,321973,471.59776475694446,452.375883622603,424.64008850097656,419.2831039428711,463.22617322877625,453.4369469008566,56.970618377279465,12.582533733939384,14.95370963317827,-2.371175899238885,497.1042918909907,414.2287678013921,44.78211555635909,0,479.1119567708957,458.70534141806775,22.55783251748815
2026-03-06,464.225961287248,468.5635943786226,455.55069510449886,457.3744812011719,316873,471.00626966688367,454.1974237615412,425.9226495361328,419.3664064025879,462.0558348232554,453.7949045645216,53.93348879376525,11.31264614372003,14.225496935286625,-2.9128507915665924,495.9993366797536,418.6707469384105,43.70749673744391,0,479.1119567708957,458.70534141806775,22.13181307464214
2026-03-09,450.1286560334559,450.4737015325208,434.7497473877621,440.7139892578125,217434,465.8854471842448,455.0645030628551,426.8197521972656,419.3930236816406,457.7874657101669,452.6057304457298,46.73577958410011,8.859758832326065,13.152349314694511,-4.292590482368446,493.8786230535487,422.81733336734976,41.21130979557508,0,470.7324327982519,459.4447049049308,23.047223246277728
2026-03-10,446.57966058064255,458.21240791715405,444.2136816409348,455.7971496582031,202452,462.2433641221788,456.5096352317116,428.12794494628906,419.4615385437012,457.3894024997742,452.8958594650456,52.86828871188574,8.040230186309827,12.129925489017577,-4.089695302707748,491.41732144799727,428.5712954953621,39.28991204644836,0,470.7324327982519,459.93763010610905,23.409867633544337
2026-03-11,458.4095984507267,469.3522852049487,456.043619443476,464.3738403320313,241826,459.3735114203559,458.5059342817827,429.66189147949217,419.5566708374024,458.7862900662256,453.9393122711352,55.97241628001165,7.990703236074808,11.302081038429025,-3.3113778023542157,491.82332994315857,429.6292365851617,38.033262963854895,0,468.56361851139366,465.1132184008935,23.42043058747501
2026-03-12,464.22596019808645,464.22596019808645,446.13602748741016,450.2272338867188,145990,455.5233086480035,459.7494201660156,431.0292333984375,419.5892031860352,457.07447883032427,453.60185059982456,50.11010502666094,6.732333706936117,10.388131572130442,-3.655797865194325,491.7023245709361,430.1051400286733,36.20353173341487,0,460.8987998964644,466.025103230966,23.191578747007917
2026-03-13,450.0300531039257,450.2272305500412,429.9684664063784,432.5809020996094,150526,451.925038655599,458.9697182395241,432.0052020263672,419.51501953125,452.1757634841813,451.6908552816232,43.92941342344901,4.2620253155402,9.162910320812395,-4.900885005272196,492.7942118640855,427.92884111443016,33.67951099967884,0,449.66037580566353,466.0497507056037,22.71979160936954
2026-03-16,433.7639324177222,444.60803072816526,421.04676859794114,442.5870971679688,276017,449.9424336751302,458.7837566028942,432.4872717285156,419.5044219970703,450.2580302209389,450.8632409076546,47.85684203007456,3.076243415306692,7.945576939711255,-4.869333524404564,493.0858917523266,426.8879363726733,31.80040737019178,0,445.1995269014449,466.0497507056037,20.4136604724104
2026-03-17,443.6714809442108,458.40960834324727,438.8902435058798,452.8396911621094,235454,451.1199510362413,459.2116962779652,432.9861010742188,419.535475769043,450.774362409173,451.0429182035141,51.59783958329216,2.930025852943345,6.942466722357674,-4.012440869414329,493.08521919876057,427.03648490280193,29.75814783707655,0,445.1995269014449,466.0497507056037,20.68476127154299
2026-03-18,456.33935119351503,477.14030868415335,455.0577880182614,474.3800048828125,348050,452.3193766276042,460.31627169522375,434.0399505615234,419.6949333190918,455.495490903901,453.1644715379957,58.35756638855454,4.500392950145681,6.454051967915276,-1.9536590177695947,494.55307971116633,427.4416956794587,28.732148063210527,0,449.0935386410473,469.795901828656,20.51928172939383
2026-03-19,471.2253368677362,471.5210729530874,458.7053211135884,460.4798278808594,155480,452.6644151475695,460.73076698996806,434.6580639648437,419.7804537963867,456.4923582992927,453.8295039328015,53.194755641177245,4.570604983978626,6.077362571127947,-1.5067575871493206,494.7096344292996,428.1526702582004,27.77943398747779,0,449.0935386410473,469.795901828656,20.107349202496653
2026-03-20,461.31780866617606,478.1261488761504,450.9666239997852,454.6141662597656,507711,454.2088792588976,460.6837158203125,435.4496832275391,419.8447790527344,456.1167198913873,453.9008368716164,51.13876730524565,4.105611718957277,5.683012400693813,-1.5774006817365356,494.711501919578,428.32332474057824,26.425845713287256,0,449.58645873704575,469.795901828656,20.14255739101092
2026-03-23,453.2339996195318,454.219826698639,433.6160467623096,439.3338317871094,143029,452.3796217176649,460.1168656782671,436.074697265625,419.8489688110352,452.7601422705317,452.5765636821157,46.13618703900956,2.47556909790012,5.041523740135075,-2.5659546422349546,494.9817126984864,425.7167034392089,24.846477431137583,0,449.58645873704575,469.795901828656,20.11439233062481
2026-03-24,443.9179225203084,452.4946301586445,424.8421925718605,429.9684753417969,763617,448.5568033854167,459.0750260786577,436.581411743164,419.8014027404785,448.2018088847847,450.5212829239049,43.33792695405148,0.4231646031677769,4.117851912741616,-3.694687309573839,492.3273121846264,422.6878123270925,23.801707599291987,0,449.58645873704575,469.795901828656,20.60730476469746
2026-03-25,432.1865850712192,450.3751066982563,430.70784445390086,444.0165100097656,277096,447.8667229546441,458.2258703058416,437.4203503417969,419.8026350402832,447.3647491097809,449.9299399317104,48.39409733186378,-0.0690260628178407,3.2804763176297245,-3.349502380447565,487.3205577383376,423.238628052678,22.831564184006787,0,449.58645873704575,469.795901828656,20.31860065675046
2026-03-27,444.2136870500504,448.6499088979169,437.953679092161,440.2210693359375,182996,448.7156304253472,456.1085829301314,438.3036511230469,419.8124932861328,445.9360131550123,449.0473153320947,47.16942160087145,-0.7566291048747189,2.473055233128836,-3.2296843380035547,480.91067941304834,424.65036184671726,21.930716726956245,0,449.58645873704575,469.795901828656,20.153124266152755
2026-03-30,436.72140002304246,448.058411536056,425.877302054073,438.6930541992188,284912,448.282958984375,453.8411809747869,439.05879455566406,419.778482208252,444.4874213638536,448.1060188654696,46.65750366118623,-1.4086198284481384,1.6967202208134409,-3.1053400492615792,474.8376594037405,426.10478139215786,21.70930472220553,0,451.4841707240055,469.795901828656,20.121436813907984
2026-04-01,448.5513239979978,453.3818707009653,445.1502085182767,448.5020446777344,104242,447.8009982638889,451.9457050670277,440.050537109375,419.77256729125975,445.2903460266298,448.1420212120391,50.38034779804164,-1.1209025528654024,1.1331956660776723,-2.2540982189430747,473.045907038717,426.25020502182986,21.134057797666248,0,451.4841707240055,469.795901828656,19.92075094550833
2026-04-02,448.0584128250104,452.98754827963097,434.7497470975349,449.6357421875,122902,445.0516357421875,450.3437361283736,441.1517059326172,419.6633869934082,446.1594252588039,448.2778140279901,50.80767099203096,-0.7922718085060296,0.7481021711609319,-1.5403739796669615,471.95030905882606,426.2663230212521,21.1175812382462,0,451.4841707240055,469.795901828656,20.255227062319083
2026-04-06,452.49463536012735,462.993687875982,445.5938457141123,461.0220336914063,285647,445.1118808322483,450.1644952947443,442.4421533203125,419.7079956054688,449.1319469453244,449.436379451937,54.99937920716654,0.382539314121459,0.6749895997530373,-0.2924502856315782,473.2421452490904,426.85248670891735,20.41132596692864,0,451.4841707240055,463.8809434033415,20.19537201355112
2026-04-07,460.3812595386146,461.12062986977946,450.52298845641735,452.1495971679688,140788,444.8380398220486,449.7880887118253,443.6882385253906,419.73239471435545,449.7354769898533,449.6830356079399,51.32907246299043,0.5908432423545378,0.6581603282733375,-0.0673170859187997,471.8131751498697,427.1378990688803,19.755517500705185,0,443.9179402239213,463.8809434033415,19.50529158019553
2026-04-08,462.3529188394421,472.9998396912746,455.9943218874785,462.4515075683594,669723,447.4066704644097,450.7067011052912,445.0555810546875,419.82407669067385,452.2786831055545,450.8438057861598,55.07765074728564,1.5691158876697386,0.8403514401526178,0.7287644475171209,472.5550504845841,426.9037263708846,18.358168452657868,0,448.9210161315675,461.7121291164832,19.311647322558507
2026-04-09,467.2820356776954,485.3226591983187,460.3812461212738,472.80267333984375,434336,452.16602579752606,451.125678322532,446.4357391357422,419.9697326660156,456.38348115241234,452.8400664728583,58.533468644311725,3.1434211740302658,1.3009653869281474,1.8424557871021183,475.9334221224596,426.7342231412123,17.747281849321375,0,455.5999806261959,454.047310501554,19.698936482535466
2026-04-10,481.0836199860074,482.0694470761427,474.7743326261528,478.8655090332031,198186,456.0381368001302,452.102543223988,447.9144799804688,420.1698556518554,460.8798867285705,455.206015796526,60.4524855521415,4.824673790745578,2.0057070676916338,2.8189667230539444,479.9630918520582,425.0113893491137,17.18003000336606,0,455.5999806261959,453.1847138981299,18.62509049783939
2026-04-13,476.20374874628425,481.0836047216423,464.4724127629108,476.7459716796875,260329,460.0964592827691,453.7403606068005,449.3764611816407,420.38821640014646,464.0531037187939,457.1641936040861,59.41723964094521,5.917832561501427,2.7881321664535923,3.129700395047835,482.21696896434094,423.9947253715966,15.961370848186778,0,455.5999806261959,453.1847138981299,18.691983939947068
2026-04-15,485.02692834654846,487.9351302964696,475.2672461712205,478.8655090332031,1210927,464.560065375434,454.7889223965731,450.8473150634766,420.57084075927736,467.0155847816758,459.13704046127856,60.15212436296288,6.875936201416778,3.6056929734462297,3.270243227970548,485.7911866170225,423.2843352335634,15.25375568348684,0,461.3424386970023,454.49094944720537,17.656866743438773
2026-04-16,483.0552800781745,485.61843656090656,470.48598452512,476.0066223144531,300831,467.6161295572917,455.317685213956,452.3073254394531,420.7492755126953,468.8137922882313,460.67063881156713,58.61044793769492,7.320169614653423,4.348588301687669,2.9715813129657542,487.5710748191364,425.847019052934,14.27281287485874,0,461.3424386970023,454.49094944720537,17.23789049617667
2026-04-17,478.1261286118537,495.82173653986064,476.5487992839583,483.25244140625,511177,471.351318359375,456.8188310102983,453.72691650390624,420.9592565917969,471.7015221118351,462.7235299565383,61.31654133595874,8.162809058390678,5.111432453028272,3.0513766053624067,491.01303233241566,426.4715959634828,13.991252304543467,0,470.7077911269865,458.4342525689009,16.67808168464978
2026-04-20,484.0903666764992,488.67448658204177,477.1402979246352,479.2105407714844,537297,473.3722635904948,458.93836004083806,454.999619140625,421.1344874572754,473.2033258437649,464.2223491215334,58.99924621135433,8.407542371840066,5.770654436790631,2.636887935049435,493.4516297164066,426.67008354042935,13.729803203536427,0,473.172362498139,458.4342525689009,16.044335777574577
2026-04-21,483.05527426121233,488.5759119840658,480.8371633079721,486.8999938964844,337123,477.23341878255206,460.9525826194069,456.39160705566405,421.3779867553711,475.94265945430885,466.2839531919834,61.94571452141469,9.116876215746686,6.439898792581842,2.676977423164844,495.6408001575359,425.7329120006672,13.487029038315608,0,475.9080292136696,458.4342525689009,15.949274449490686
2026-04-22,484.0,490.0,466.1000061035156,471.7000122070313,533842,478.2610304090712,461.8098699396307,457.39284240722657,421.53143798828125,475.0941300048534,466.77632219335146,53.7264924253329,8.356191927731459,6.823157419611766,1.5330345081196928,496.5462881077671,425.9494424830533,12.880881477807218,0,478.1014913305672,458.4342525689009,16.07205190766936
2026-04-23,474.0,476.8999938964844,465.1000061035156,468.6000061035156,2040832,477.7940673828125,461.54714272238994,458.2847576904297,421.6903381347656,473.7953052245859,466.94211163973,52.20511600180633,7.417693016581779,6.942064539005769,0.4756284775760102,497.24637877207846,426.6479358031168,12.386244179857622,0,480.1470746513857,458.4342525689009,15.86570699989952
2026-04-24,490.0,504.0,452.5,457.2000122070313,4529137,475.3867899576823,461.3980601917614,459.01965270996095,421.7828729248047,470.476246621075,466.0564662367574,46.94098002084704,5.6884685102169215,6.691345333248,-1.0028768230310785,496.60085824877495,429.08007436841257,12.79283392508497,0,478.25,462.52338429897054,18.241578344035517
2026-04-27,465.2000122070313,485.7999877929688,463.1000061035156,483.7999877929688,2873636,476.1705695258247,462.7246884432706,460.2382415771484,421.9931272888184,473.14099485545376,467.6695136509584,57.66731098063681,6.390772507695658,6.631230768137532,-0.2404582604418736,496.74513455479786,434.3189493075068,13.17038154565322,0,478.25,464.4210962859303,19.041587874326076
2026-04-28,484.7999877929688,489.8999938964844,467.0,469.6000061035156,487690,475.14106920030383,464.1004236394709,460.6355548095703,422.1242486572266,472.4327971050661,467.8450129648272,51.66300442840439,5.735419293938378,6.452068473297702,-0.7166491793593242,496.3644725825019,437.25796088917775,13.74494347321786,0,478.25,464.4210962859303,19.920327337406235
2026-04-29,473.3500061035156,481.0499877929688,469.6000061035156,475.2999877929688,538978,475.0625542534722,466.16094693270594,461.20798950195314,422.26883605957033,473.00623524264665,468.5227379492037,53.744919261052864,5.611304411732306,6.283915660984624,-0.6726112492523182,495.523698821562,441.6066264958208,14.278465263099312,0,478.25,464.4210962859303,19.24888013498819
2026-04-30,472.75,475.3500061035156,465.1000061035156,473.75,243294,474.00672743055554,467.5124692049894,461.8144891357422,422.41010971069335,473.1549881941173,468.9979435901851,53.07547153866397,5.3264711682658685,6.092426762440874,-0.7659555941750051,493.374977815346,447.261042082115,14.371619913303846,0,478.25,464.4210962859303,18.19949348662784
2026-05-04,479.0,485.3500061035156,475.0499877929688,477.8999938964844,641010,473.8611111111111,469.2251475941051,462.3709020996094,422.61205947875976,474.1039893345908,469.8072208907578,54.702363305194105,5.373664337710977,5.948674277494895,-0.5750099397839179,492.6309350873776,450.9448797319584,15.061469604340486,0,478.25,464.4210962859303,18.366152941429032
2026-05-05,480.0,489.25,473.1000061035156,482.8500061035156,365701,473.411112467448,471.2322817715731,463.00068359375,422.85477890014647,475.85319268837577,470.9929286373721,56.6336855981305,5.74427347173787,5.90779411634349,-0.1635206446056205,492.0301241437695,454.867117067168,15.92089700323455,0,478.25,464.4210962859303,18.33321022269709
2026-05-06,489.0,489.0,473.3999938964844,477.6000061035156,244585,474.0666673448351,472.554916381836,463.43969787597655,423.0912112426758,476.2025553714038,471.5935720433852,54.00377465317604,5.5503715286336615,5.836309598801526,-0.2859380701678642,491.9833956281661,456.5716428239823,16.71893673077904,0,478.25,464.9386510270365,18.54264750685899
2026-05-07,485.0,487.6499938964844,479.5499877929688,481.3500061035156,333951,475.4833340115017,473.996473832564,464.0306072998047,423.3707929992676,477.2320455178262,472.4805205943061,55.59013666499287,5.634347253795568,5.795917129800334,-0.1615698760047665,490.2967308227461,461.178348522957,17.45997362064178,0,478.25,464.9386510270365,18.17961434665772
2026-05-08,484.5499877929688,484.5499877929688,474.1000061035156,474.8500061035156,252582,477.44444444444446,474.6250180331144,464.4698284912109,423.6314297485352,476.7556376349641,472.6959283678706,52.22774605294932,5.117412596827876,5.660216223205842,-0.5428036263779665,489.5239343851935,463.19099481402526,17.551081571957887,0,476.5,464.9386510270365,17.510676308375263
2026-05-11,477.6000061035156,484.7999877929688,467.6499938964844,477.4500122070313,1769782,476.7388916015625,475.7750368985263,464.7648699951172,423.8853500366211,476.8945125493776,473.12811780779424,53.44085855964166,4.861496613480313,5.500472301260737,-0.638975687780424,489.65580086360006,463.5238622223374,16.979801507428718,0,477.5,469.3748735487675,17.911805254023683
2026-05-12,473.0,479.2000122070313,459.0,462.7000122070313,462207,475.9722256130642,475.7863325639205,464.28284240722655,424.0596052551269,474.05561248090834,472.18010820772486,46.26347815515543,3.428952790476046,5.086168399103799,-1.6572156086277523,490.18623497410505,461.3768784292153,15.87077617704551,0,474.125,469.3748735487675,18.68570818219868
2026-05-13,462.75,475.0,450.0,457.8999938964844,785250,474.0388929578993,475.10893804376775,463.6693243408203,424.2078887939453,470.8244887640236,470.8819159976121,44.18382273233448,1.8846055677313416,4.445855832829308,-2.561250265097966,491.2975735145551,458.38094211044495,15.5532035123923,0,469.625,474.7969228570562,18.764280046735507
2026-05-14,461.7999877929688,465.0,446.25,455.75,470893,472.0388929578993,474.05823308771306,462.98027404785154,424.3715467834473,467.8095910112189,469.50628727055647,43.24609023088964,0.4816604462861278,3.653016755520672,-3.171356309234544,492.08333628962,455.2836284320596,15.533094460828398,0,467.75,475.125,19.26070949009488
2026-05-15,456.0,464.75,454.7000122070313,460.75,648496,470.13333808051215,473.33114346590907,462.49769287109376,424.5616835021973,466.39767280897513,468.7102611550513,46.11051346179487,-0.2241416909861868,2.8775850662193005,-3.1017267572054874,492.1608188084752,453.68048368175926,15.514421770090488,0,467.75,475.125,16.29999433244979
2026-05-18,459.7999877929688,468.3999938964844,451.6499938964844,454.5499877929688,660575,466.9888916015625,472.225892500444,462.2893859863281,424.74965560913085,464.0281358057739,467.42296357668016,43.19897791321145,-1.2691541205668957,2.0482372288620616,-3.317391349428957,491.7361585633927,451.2348985655137,15.112279414234951,0,467.625,475.125,15.453567504882823
2026-05-19,460.0499877929688,471.5,452.5499877929688,464.5499877929688,435580,465.5388895670573,471.7051363858311,462.37177490234376,425.00561904907227,464.1325062032129,467.1617839599791,48.81299810689953,-1.2757119600325382,1.3834473910831415,-2.65915935111568,490.88677331723153,450.61822851382334,14.41710386623794,0,466.9499969482422,475.125,15.171425955636169
2026-05-20,466.3999938964844,471.8999938964844,457.0,462.8999938964844,373331,463.48888821072046,470.7800251353872,462.78493408203127,425.2328765869141,463.8860037418672,466.7743484996614,47.97051877348977,-1.3979352851450244,0.8271708558375086,-2.225106140982533,488.45790382668486,450.6470980043701,13.728949446796726,0,465.5249938964844,475.125,15.41785539899554
2026-05-21,464.9500122070313,471.6499938964844,460.1499938964844,462.7999877929688,413299,462.1499972873264,470.034090909091,462.7692303466797,425.50818603515626,463.66880055208753,466.4130429808712,47.91653812980895,-1.485741108973457,0.3645884628753155,-1.8503295718487724,488.217936845088,449.9970625445606,13.089948914458455,0,465.5249938964844,475.125,15.507141113281254
2026-05-22,467.8999938964844,467.8999938964844,449.7000122070313,451.1499938964844,295149,459.2277730305989,468.409090909091,462.6447406005859,425.7636929321289,461.1650392209669,465.02549306410873,41.98889601764926,-2.466947565436385,-0.2017187427870246,-2.2652288226493607,488.9675372376843,447.5024609312612,13.492826482567525,0,462.7250061035156,475.125,15.978567940848214
2026-05-25,456.0,465.0,453.9500122070313,461.4500122070313,331778,459.0888841417101,467.9431818181819,463.0594610595703,426.07809356689455,461.2220338181798,464.70044934982894,48.10177789491751,-2.3859318177733257,-0.6385613577842848,-1.747370459989041,488.7872094966586,448.10778867228686,13.866927081525944,0,460.625,475.125,15.814283098493304
2026-05-26,463.3500061035156,468.0,455.5,457.2000122070313,374800,459.0111083984375,467.4250002774326,463.0875183105469,426.35670318603513,460.4176294959501,464.0185914277564,45.950196108479645,-2.6342991742449726,-1.0377089210764223,-1.59659025316855,486.6947279988114,447.5402726115404,13.819936631217542,0,459.0749969482422,475.125,15.59285409109933
2026-05-27,458.8999938964844,461.0,455.0,457.75,163980,459.2333306206597,467.4499997225676,462.9550415039063,426.6632014465332,459.8841035967601,463.44871947977856,46.285038781947456,-2.754994809941877,-1.3811660988495134,-1.3738287110923637,486.4991325060092,446.55086749399095,13.82761714284743,0,460.8000030517578,475.125,15.30356924874442
2026-05-28,457.75,457.75,457.75,457.75,0,458.8999972873264,466.2659093683417,463.1054968261719,426.9536799621582,459.4572828774081,462.930654072526,46.285038781947456,-2.8181609654315025,-1.668565072165911,-1.1495958932655914,485.5403105526544,445.75469066804885,13.834749046503754,0,460.8000030517578,475.125,14.55714198521205
2026-05-29,457.75,457.75,442.1499938964844,446.4500122070313,294695,458.0,465.2136369185015,463.3828790283203,427.1844546508789,456.8558287433328,461.43241390293554,40.33137867839323,-3.736957851759257,-2.0822436280845804,-1.6547142236746768,485.5344587187257,443.0305437226808,15.258382835937798,0,457.0249938964844,473.0749969482422,14.446428571428564
2026-06-01,445.7999877929688,454.5499877929688,436.2999877929688,437.3999938964844,289824,454.98333401150177,463.49090992320674,463.2791369628906,427.36431060791017,452.9646617739631,459.2476484478036,36.30373634893374,-5.136165330472636,-2.693027968562192,-2.4431373619104444,485.6558262006809,438.8591762407255,16.983190912863293,0,454.09999084472656,470.1499938964844,14.30714198521204
2026-06-02,436.0,447.0,433.8999938964844,445.2000122070313,190635,453.0166693793403,462.19318320534455,463.12634338378905,427.6036227416992,451.4117318605768,457.97059060773336,41.70698774007839,-5.551655024572369,-3.264753379764227,-2.2869016448081423,482.8369845121499,437.91301853960806,18.74172787895504,0,452.7749938964844,461.8999938964844,13.457142421177442
2026-06-03,442.0499877929688,453.0,437.6000061035156,452.0,230830,451.8166707356771,461.0159107555044,462.6787432861328,427.8939401245117,451.5293854884615,457.427809643394,46.00705663231019,-5.271465245586626,-3.666095752928707,-1.605369492657919,480.3069148577568,437.88308758364974,19.475117854154878,0,450.9499969482422,461.8999938964844,13.217856270926328
2026-06-04,451.0,460.0,448.0,455.8999938964844,227962,452.3444485134549,459.7909102006393,462.5871466064453,428.2081936645508,452.40350717006606,457.2889173027658,48.35986606869941,-4.68075903674054,-3.8690284096910736,-0.811730627049466,476.2888441294965,439.3561570912068,19.22994024218476,0,450.9499969482422,461.5749969482422,13.357142857142849
2026-06-05,459.6000061035156,459.8500061035156,448.2000122070313,452.0499877929688,245515,451.3000013563368,458.62954573197806,462.5358630371094,428.51009811401366,452.3328032946466,456.81265098369335,46.21870330997992,-4.471736037648725,-3.989569935282604,-0.4821661023661208,473.4607542508835,439.9042451387651,19.00227531678394,0,450.9499969482422,461.5749969482422,12.992856706891727
2026-06-08,447.8999938964844,451.0,435.0499877929688,437.8999938964844,90473,449.1555548773872,456.654545177113,462.5071862792969,428.7464282226563,449.4462414150142,455.0933185212198,39.32688718452399,-5.385786066710693,-4.268813161568222,-1.1169729051424715,470.46941189341294,438.94058566518095,19.868171915541676,0,447.4499969482422,461.5749969482422,12.853570120675217
