Date,Open,High,Low,Close,Volume,SMA_9,SMA_22,SMA_50,SMA_200,EMA_9,EMA_21,RSI_14,MACD_Line,MACD_Signal,MACD_Hist,BB_Upper,BB_Lower,ADX_14,ST_Direction,Ichi_Tenkan,Ichi_Kijun,ATR_14
2024-12-18,500.2652538681227,501.25012490236975,494.84846317976417,497.7538146972656,2300294,501.86291164822046,507.7233997691761,524.4119079589843,,502.4014801714608,508.5249083811171,34.40947724189388,-7.760391066035311,-8.113018500836915,0.3526274348016045,525.5409100198673,491.3187304830624,35.35951369656167,0,504.91873402978456,508.8582325631709,8.797001173962482
2024-12-19,495.3901051713411,497.7537895228122,491.94305672581487,496.3257446289063,1583630,499.6907246907552,507.5197101939808,523.2205883789062,,501.1863330629499,507.4158934945525,33.39009641083629,-7.790068485058384,-8.04842849768121,0.2583600126228251,525.6942655338252,490.9880983577765,36.39529915664727,0,502.4073213602237,508.8582325631709,8.410087160623476
2024-12-20,496.3750049643062,500.6099384208167,492.4355207979228,494.9469299316406,3228278,499.2201741536458,507.2667763449929,522.0467645263672,,499.93845243668807,506.2823513524695,32.39230154407076,-7.834535230968754,-8.00564984433872,0.1711146133699657,526.150286922897,489.502886905228,36.752534761944425,0,500.06824984332025,508.8582325631709,8.480435056050599
2024-12-23,495.0946677325584,503.2690850764191,493.3218818846725,501.7917785644531,1777848,499.4992201063368,507.4346521550959,520.8795227050781,,500.3091176622411,505.87411746264985,41.70540651971752,-7.23406358562039,-7.851332592595054,0.6172690069746638,525.536282797225,488.93504593812656,36.54297730657783,0,500.06824984332025,508.8582325631709,8.624649582450473
2024-12-24,504.2539589068657,508.1442114325024,500.0682570995333,502.2349853515625,3207041,499.674309624566,507.2981137362394,519.737802734375,,500.6942912001053,505.5432872707328,42.26003491547375,-6.645813594588105,-7.610228792993665,0.9644151984055592,524.253620693399,488.7010088232026,35.433761821186266,0,500.06824984332025,508.8582325631709,8.691480964209287
2024-12-26,502.7274054264617,503.7615079365319,496.424207088908,497.9507751464844,2088931,499.5594075520833,506.5863203568892,518.5799639892579,,500.1455879893812,504.8530588958011,38.45167378288951,-6.45095856276464,-7.37837474694786,0.9274161841832198,522.4457480843747,488.35201192539085,34.8072672209386,0,500.06824984332025,509.104440644546,8.46637101471014
2024-12-27,498.8371957742225,501.9887952131144,496.42424963608215,499.4773559570313,1299653,498.9411315917969,505.7715648304333,517.3801519775391,,500.0119415829112,504.3643586286402,40.50895463461775,-6.103000640548601,-7.123299925668008,1.0202992851194077,520.6167386761235,488.3245394000483,34.22552223499434,0,500.06824984332025,509.104440644546,8.469891866174907
2024-12-30,499.329603373562,502.0872301864099,495.4886124357102,497.6060791015625,4298784,498.4268086751302,504.7755015980114,515.9998626708984,,499.5307690866415,503.749969580724,38.797052248670205,-5.910109816564386,-6.880661903847284,0.970552087282898,518.2313950600706,488.5530104575076,33.79456213855285,0,500.04363407915866,509.104440644546,7.492056297751906
2024-12-31,497.6552971453944,501.2993318155202,494.7006841877391,499.32958984375,812765,498.6018948025173,503.9249295321378,514.7667205810546,,499.4905332380632,503.3481168773628,41.2592780229182,-5.554144811882907,-6.61535848545441,1.061213673571503,516.2506179187325,488.8693466808768,33.48958216071294,0,500.04363407915866,509.104440644546,7.446330567294434
2025-01-01,499.2311333316226,504.74641726806914,498.8371909195649,503.2198791503906,1065540,499.209235297309,503.1997056440874,513.6339196777344,,500.2364024205288,503.3364589021835,46.49199099275985,-4.901623284472976,-6.272611445258123,1.3709881607851475,514.4550230837722,489.5224946164231,32.462428665237034,0,500.04363407915866,509.104440644546,7.4357788315575055
2025-01-02,503.21987217176087,507.7010234015471,500.0682728072464,505.5835266113281,1720007,500.2378777398004,502.72741144353694,512.6110992431641,,501.3058272586886,503.54073778483297,49.43904687434858,-4.1459764409349305,-5.847284444393486,1.7013080034585553,512.5765943441723,490.4702196206714,30.92077774618244,0,500.2898661152126,509.104440644546,7.54130074225804
2025-01-03,507.2086144101567,520.9968097533454,506.2729748466595,516.9588623046875,3814344,502.6836480034722,502.8326166326349,511.9941107177734,,504.4364342678884,504.7605672866379,60.66684441422785,-2.599263657029553,-5.197680286920699,2.5984166298911457,513.1299155394152,490.089255603163,29.92182336163126,0,507.1593458190089,509.104440644546,7.601101048181135
2025-01-06,514.398108509538,514.595094730829,493.5188614554213,497.2121276855469,5026479,502.174797905816,502.0290513472124,510.9900244140625,,502.9915729514201,504.0743455047205,42.86983924094636,-2.9330684978667705,-4.744757929109913,1.8116894312431429,510.17786615497903,491.1749750315444,28.293921922394976,0,507.2578356043833,506.79001953489137,8.786467854121108
2025-01-07,500.314464972016,504.9926021937032,495.4886031123984,501.151611328125,2248836,502.0544230143229,501.38888411088425,510.4115783691406,,502.62358062676105,503.8086423977573,46.25707566237909,-2.846910421646214,-4.3651884276171735,1.5182780059709593,510.2519278793469,491.29788596342655,26.78229915738985,0,507.2578356043833,506.4945333040705,9.029169047156866
2025-01-08,502.0872255413274,507.0608120864471,497.6553060257594,505.97747802734375,1666424,502.94627888997394,500.93897732821375,509.9747216796875,,503.2943601068776,504.00580927317424,50.15574062486555,-2.3619948084685234,-3.964549703787444,1.6025548953189204,510.83446442504487,491.38506072143946,25.093496494961297,0,507.2578356043833,506.4945333040705,9.243729357019872
2025-01-09,506.2237120194807,522.868056556653,503.8107659612386,513.2655639648438,4084746,504.4783020019531,501.5791445645419,509.3896850585937,,505.2886008784709,504.8476051542351,55.41588449609287,-1.3737720759679064,-3.446394178223537,2.07262210225563,512.8739193561306,490.6062442180881,24.80610483149537,0,508.19345900603713,507.40555664123394,10.18991025873156
2025-01-10,511.14806186576885,515.038314436039,506.2729382707093,510.0647277832031,2316135,505.8625962999132,502.0693428733132,509.0904217529297,,506.24382625941735,505.3218890295959,52.78138624984293,-0.8392053333593026,-2.92495640925069,2.0857510758913875,513.9414508226248,490.64669615003146,24.539241143991312,0,508.19345900603713,507.40555664123394,10.232121583191256
2025-01-13,508.1441988315154,511.6897103474551,501.7917689296817,503.0228576660156,2857732,506.27295939127606,502.1767827814276,508.4386828613281,,505.599632540737,505.1128861783613,47.43819137941057,-0.9725662670642236,-2.534478380813397,1.5619121137491732,513.7750407635,490.611208015797,23.671879557111744,0,508.19345900603713,507.40555664123394,10.228602885050307
2025-01-14,504.4509496414443,512.9700479172352,502.4319460122142,504.7463989257813,2539143,506.4425726996528,502.4386693781073,507.951728515625,,505.42898581774585,505.0795691553994,48.80425965632076,-0.9284774819564064,-2.213278201041999,1.2848007190855926,513.9568431968784,490.6805469398403,23.00143630249269,0,508.19345900603713,507.40555664123394,10.404470568768302
2025-01-15,505.23881132642,508.6366282202643,502.4811846124863,507.7009887695313,1959656,506.6778462727864,502.5595397949219,507.4738977050781,,505.883386408103,505.3178800294114,51.148181055382274,-0.6476602698268721,-1.9001546147989736,1.2524943449721015,514.4829613171668,491.14914622677856,22.378881851774995,0,508.19345900603713,507.40555664123394,10.320052194493597
2025-01-16,510.163186549086,515.7769633655103,507.0608188023957,514.4966430664062,2718298,506.4042663574219,503.1168878728693,507.280908203125,,507.6060377397637,506.15231303277454,56.12390157660212,0.12183743594926,-1.495756204649327,1.617593640598587,516.1629662106686,491.1434241701908,22.550337224069565,0,508.19345900603713,507.40555664123394,10.545166407785189
2025-01-17,513.6102791768184,523.8036710275693,508.1934881212623,518.0914306640625,2943339,508.7241889105903,504.0413249622692,507.1617749023437,,509.70311632462347,507.2376873628916,58.53011796398112,1.0100954760604282,-0.994585868507376,2.004681344567804,518.3094923364963,491.17346664787874,23.40307161861428,0,509.6461370699839,507.8733638766921,11.18884963318571
2025-01-20,520.6521295587678,520.9968103980696,513.0686100882773,513.708740234375,1536752,510.1194254557292,504.7665488503196,506.8619067382813,,510.5042411065738,507.8259648966628,54.598767497127845,1.3448967498355842,-0.5266893448387839,1.871586094674368,518.9881379433602,492.3710020712882,24.19489641354865,0,510.72948852666434,507.8733638766921,11.283817681900794
2025-01-21,514.1518984570778,520.8983009388121,511.6404894053507,513.364013671875,2258554,510.9401516384549,505.541015625,506.6550842285157,,511.07619561963406,508.3294238762275,54.289880317711294,1.564379426584367,-0.1084755905541537,1.6728550171385206,519.8581069039346,492.658256621456,24.680937414986666,0,512.7977199786255,507.8733638766921,11.52300233796916
2025-01-22,513.3640194763711,516.6633133506053,509.86773937566994,512.6253662109375,1532395,510.8690185546875,506.34458091042256,506.4384118652344,,511.3860297378948,508.7199640884738,53.59027965669558,1.659587658759108,0.2451370593084985,1.4144505994506094,520.5235691302877,493.0318324810404,24.818617997294695,0,512.7977199786255,507.8733638766921,11.463204008014497
2025-01-23,510.2616079581997,518.7315340758681,507.35628678605184,516.6632690429688,698448,511.6021898057726,507.0205577503551,506.4748498535157,,512.4414775989096,509.4420827207007,56.86282984981659,2.0373802300123884,0.6035856934492766,1.433794536563112,521.4768105807204,493.94984042025607,24.50648631981688,0,512.7977199786255,507.8733638766921,11.174772875714426
2025-01-24,516.7126086883449,519.0270315585616,510.7540908818058,513.7579956054688,1031251,512.7949829101562,507.5443309437145,506.6944769287109,,512.7047812002215,509.83443843749774,53.91692758649671,2.078393848031112,0.8985473243656438,1.1798465236654685,521.8697823604882,494.9849326053321,24.2514642047139,0,513.1178085198917,507.8733638766921,10.091411434820827
2025-01-27,509.2768029379515,524.8870453629168,509.2768029379515,515.9246826171875,3023866,514.0370144314236,508.3613267378374,506.9505432128906,,513.3487614836147,510.38809699928765,55.75778673337706,2.2596827537039417,1.1707744102333035,1.088908343470638,522.1630954651466,496.52347985223616,24.668112423566523,0,513.6841149877015,508.66128308041976,10.527571673653714
2025-01-28,517.0572967192861,520.3073591334557,514.7921053464866,517.4019775390625,2683319,515.1149020724827,509.1760822642933,507.2903234863281,,514.1594046947043,511.02572250290353,57.01850024431356,2.493813739053508,1.4353822759973442,1.058431463056163,522.6352570183939,497.8585570685202,25.05500005535824,0,515.9739320826562,509.1044636237946,10.24969651124525
2025-01-29,517.0572918814167,519.5194694618044,507.7010170759435,510.26165771484375,2201858,514.6443481445312,509.7513358376243,507.47941833496094,,513.3798552987322,510.9562620676254,49.65362100017808,2.0792320038306684,1.5641522215640091,0.5150797822666593,522.5385810481082,498.6594108952512,24.11618806697968,0,516.1216660744843,509.202953409169,9.732636639134288
2025-01-30,513.364015258903,531.8303467430362,511.1480554808071,525.6256713867188,3384404,515.4814860026041,510.9466122713956,507.9817022705078,,515.8290185163296,512.2898447329975,61.25145613394296,2.956341626653739,1.842590102581955,1.1137515240717837,525.0386131520975,498.163593268801,24.54750756792348,0,519.593316764544,512.6746040992288,10.647158986481632
2025-01-31,529.8606467734018,534.5880159862025,515.0875804135485,521.8339233398438,4302619,516.3842841254341,511.792705189098,508.45641052246094,,517.0299994810324,513.1574882427108,57.71769538913093,3.3073696450504717,2.1355460110756583,1.171823633974813,525.8561931238182,497.8335194005959,25.1854034782291,0,520.9721513861272,514.053438720812,11.333051426115968
2025-02-01,525.3794842488072,543.3533812740819,514.792120247618,530.9439697265625,4921220,518.3376125759548,512.9454526034268,508.970513305664,,519.8127935301384,514.7744411048791,63.20957852921661,4.271428121708595,2.562722433202246,1.7087056885063494,528.2303630698977,498.8325336586178,26.4432536056335,0,525.3548340300669,518.4361213647517,12.620419934790464
2025-02-03,532.2242998352385,538.133525695237,522.2770669038553,526.4627685546875,3792769,519.8751017252604,513.3774483420632,509.2275640869141,,521.1427885350482,515.8370163275889,59.140411519034544,4.6205926111150575,2.9742964687848086,1.646296142330249,529.3659124595475,500.2280999916245,27.61125729536616,0,525.3548340300669,518.4361213647517,13.313349590762162
2025-02-04,528.4325214313567,534.5387336352621,526.5613026040626,532.8644409179688,3275638,521.6752319335938,514.998008034446,509.5368133544922,,523.4871190116323,517.3849640176235,62.82244035329425,5.352172925400396,3.4498717601079263,1.9023011652924693,532.1722755906911,500.1104331495431,28.695832150117912,0,525.5271991750127,518.4361213647517,13.267622484866454
2025-02-05,533.8001308207903,534.7850019108655,522.6218679931404,523.458984375,2811816,522.7531195746528,516.0119795365767,509.6156036376953,,523.4814920843058,517.9371476864759,54.98287850435943,5.114062132020877,3.782709834490516,1.3313522975303602,532.9430112445517,500.3590395366984,28.959477067104856,0,525.5271991750127,518.4361213647517,13.021404699967746
2025-02-06,523.458940055289,528.5802813124237,516.7125977041704,518.2391357421875,1225984,523.0102810329861,516.5693276145241,509.6195428466797,,522.4330208158822,517.964601146086,51.16671286474446,4.452829999752453,3.916733867542904,0.5360961322095492,533.063617330685,501.0558742464634,28.20813004959424,0,525.5271991750127,518.4361213647517,13.302796364143534
2025-02-07,521.6369574604505,521.8338835741666,512.2806828121929,519.12548828125,2097013,523.2017822265625,516.8356878107244,509.6185565185546,,521.7715143089557,518.0701363401918,51.77874123541363,3.954732320894664,3.924333558213256,0.0303987626814077,532.4529537326417,503.2768009060302,26.84706924965015,0,525.5271991750127,518.4361213647517,13.323895594751557
2025-02-10,519.1254805615396,527.3491894866124,515.7277236976304,520.1103515625,1678247,524.2960815429688,517.2923070734197,509.701283569336,,521.4392817596646,518.2556104513106,52.49123888646223,3.5979812693435638,3.8590631004393177,-0.2610818310957543,531.8678139363343,505.3983359660096,26.200301963978955,0,527.2507183774445,519.4209921932402,13.668602152897746
2025-02-11,521.8831752295002,524.1483665431086,507.897994785137,509.8677368164063,1177152,522.5451999240452,517.603437943892,509.60575134277343,,519.124972771013,517.4930764845011,45.038021722843695,2.460398143575503,3.579330109066555,-1.118931965491052,531.6303133764853,505.852511330546,24.53176966778883,0,525.6256880296095,520.5043436499207,14.01682532919456
2025-02-12,510.4586580578721,519.3717291229717,507.8487858175523,517.7959594726562,2113562,522.0965372721354,518.1965997869319,509.6638592529297,,518.8591701113417,517.5206113016061,50.85486267402853,2.17354139774784,3.298172366802812,-1.124630969054972,531.650164654977,506.16259169267926,22.97611283029675,0,525.6010835458171,522.5725751018819,14.248968374099102
2025-02-13,517.5989452139402,520.7997759836442,509.4737594139223,511.9851684570313,1484585,519.990003797743,518.3913352272727,509.5988568115234,,517.4843697804796,517.0173892248265,46.934209365351904,1.4604874970895023,2.9306353928601503,-1.4701478957706478,531.7142896338697,505.4878404930833,21.713047495806656,0,522.9911557563946,522.5725751018819,13.942952241581716
2025-02-14,512.674614981131,516.9095484896889,509.4737840566064,512.0344848632812,1191521,518.3868611653646,518.2794189453125,509.5220379638672,,516.3943927970399,516.5643979192315,46.97157527241822,0.8891173737434883,2.522331789036818,-1.6332144152933297,531.7825747740545,505.2521298157893,20.54020111378014,0,521.3168938642089,522.5725751018819,14.080131573446948
2025-02-17,510.261675447047,514.3981459481971,506.9623814193761,512.6746215820312,974964,516.1435479058159,518.0332003506747,509.7918927001953,,515.6504385540381,516.2107818885769,47.488445793845486,0.4823953643699497,2.1143445041034443,-1.6319491397334946,531.8079358286359,505.1578295522235,19.075438387044613,0,520.8736916651208,522.8926636431481,13.767082440801245
2025-02-18,512.1328927759923,512.5268651997516,506.2236670901154,507.3562927246094,1603493,514.3543599446615,517.7444527365944,509.9534112548829,,513.9916093881524,515.4058283282162,43.67923348906516,-0.2660130175188442,1.6382729997789869,-1.9042860172978309,532.2231750832486,504.2156829489779,17.82792437870007,0,517.4019742012696,522.9172829432841,12.68724425963863
2025-02-19,507.2085842082472,507.2085842082472,496.0795535091362,496.8182067871094,2715980,511.97425672743054,516.9923706054688,509.876591796875,,510.55692886794384,513.7160445517519,37.29549824798227,-1.689986405551167,0.972621118712956,-2.662607524264123,534.1940020359584,500.26034977068224,17.9987263196195,0,511.7143714978743,519.7164673916091,12.099837376982853
2025-02-20,497.3598707396556,503.2198653974544,492.5832402273168,502.6289367675781,2052520,510.1413065592448,516.5379874489524,509.94947265625,,508.97133044787074,512.7081256622815,42.30284746799455,-2.322841951515784,0.3135285046672081,-2.636370456182992,534.8063420239895,498.5351038988621,18.531143051781097,0,509.9662148569646,517.9683107506994,10.81950624438811
2025-02-21,503.2198416596864,503.86000178857216,495.8825408012495,500.9546203613281,2057493,508.0128919813368,515.8239579634233,509.8677282714844,,507.3679884305623,511.6396251803767,41.279932210462775,-2.9257615147898264,-0.3343294992241987,-2.591432015565628,535.375334283417,496.46910541384864,18.911109677507746,0,508.3658033852128,517.9683107506994,10.256720686955315
2025-02-24,495.9810507394316,499.3296061898844,494.9961797213056,498.0492858886719,736767,506.6997307671441,515.1099257035689,509.78401428222656,,505.5042479221842,510.4041397902217,39.49526055518583,-3.5965569537516444,-0.9867749901296878,-2.6097819636219564,535.9610411287626,493.948129403464,19.36556566643344,0,506.69150810548047,517.9683107506994,10.105468941201591
2025-02-25,497.50760897997554,504.6479542069643,496.5227379218915,503.2198791503906,1483864,505.08016628689234,514.5324346368963,509.8933355712891,,505.0473741678255,509.7510251866007,44.125091149250665,-3.66865355367014,-1.5231507028377784,-2.145502850832361,536.1687397895307,493.0362528862507,18.82359365827788,0,506.69150810548047,517.9683107506994,9.817046253155
2025-02-27,502.4319567266339,507.2085872977987,493.9128282132933,495.6363525390625,1181893,503.2636311848958,513.5430880459872,509.850986328125,,503.16516984207294,508.4678731277335,39.36709001510346,-4.288285165864068,-2.0761775954430366,-2.212107570421031,535.5926763364926,490.6133844545231,18.65977623556556,0,504.7463943585028,517.9683107506994,9.919051644315866
2025-02-28,492.73098098860913,496.818219946356,483.4239674731591,485.8368835449219,5530947,500.35278659396704,512.4328710382634,509.6412091064453,,499.69951258264274,506.41051043838695,34.23056914280963,-5.506606204399134,-2.762263317234256,-2.7443428871648776,536.4549273577737,486.1514294537498,19.63484703444183,0,498.9110567106781,513.3886743736205,10.193412480831809
2025-03-03,485.5413914551029,489.0376713996195,477.6624236424441,484.310302734375,2166131,497.2011956108941,510.55489973588425,509.4284765625,,496.6216706129892,504.4014006471131,33.497326309340224,-6.520156413729239,-3.513841936533253,-3.0063144771959864,535.0846877950349,482.8583023172697,21.026609502905657,0,495.0946444210978,510.507902458263,10.175825478559906
2025-03-04,478.6473325164187,481.8481634437405,472.73810618905554,476.3821411132813,2477085,493.7596232096354,508.4889096346769,508.9202838134765,,492.5737647130477,501.8541952349466,29.91356364592484,-7.872390622565376,-4.385551673739678,-3.4868389488256986,535.0100905166948,477.92483685146914,22.687458054337757,0,489.9733467434271,508.04574373156873,9.841670106227609
2025-03-05,475.6926885591436,483.571656485589,475.2987461739968,480.3215942382813,1767699,491.9266662597656,506.1878925670277,508.4820159912109,,490.1233306180944,499.8966860534316,33.70875268415276,-8.527861156581594,-5.214013570308062,-3.313847586273532,531.8196591814434,475.860983518752,23.910702915130244,0,489.9733467434271,508.04574373156873,9.609524892382808
2025-03-06,482.4882908675236,490.21953413221576,481.3064637157991,487.5111389160156,1219415,490.24691094292535,504.41736394708806,508.2732232666016,,489.60089227767867,498.7707272227573,40.08526510237579,-8.370697912284015,-5.845350438703252,-2.525347473580763,529.32563526896,474.7602228853368,23.90887329106308,0,489.9733467434271,508.04574373156873,9.507519415540852
2025-03-07,487.51115695108336,491.5491341612478,484.35955765147247,488.2990417480469,1913893,488.8407355414497,502.3916639848189,508.0496569824219,,489.3405221717523,497.8187558159655,40.75779897483349,-8.089319099953968,-6.2941441709533965,-1.795174929000572,527.3685410660568,473.723307688826,23.695243428316527,0,489.9733467434271,508.04574373156873,9.48993456387606
2025-03-10,487.511139518992,493.81430783695095,484.55652655221024,485.8861083984375,2526521,487.489271375868,500.68380598588425,507.81525756835936,,488.64963941708936,496.73396968709926,39.302804288872096,-7.969164353510905,-6.629148207464899,-1.3400161460460058,524.9683037031919,472.79960706340967,23.133329885555373,0,489.9733467434271,508.04574373156873,9.62007861787032
2025-03-11,482.5867884859147,492.92793395347,482.14358451495417,490.0225524902344,1830398,486.0229017469618,499.4012340198864,507.6291168212891,,488.9242220317184,496.1238408510207,43.05570780770951,-7.454236583550255,-6.794165882681972,-0.6600707008682836,521.7217255785015,473.0374052808735,22.888489461035576,0,489.9733467434271,505.4358159421463,9.929606828341749
2025-03-12,488.6929947924789,493.3218703885769,484.31030688676026,492.3862609863281,1450825,485.6617804633247,498.18581459738994,507.4124444580078,,489.61662982264033,495.7840608633213,45.1429954559822,-6.77729663778382,-6.790792033702342,0.0134953959185217,520.206556141015,472.80442713535217,22.592448180198893,0,484.7781630677058,503.7615540499605,9.767808563080564
2025-03-13,492.92792030888575,496.3749687026542,491.3521207462734,493.3711242675781,1288721,486.4989183213976,496.97039517489344,507.1681964111328,,490.3675287116279,495.564702990981,46.0306540698468,-6.09113184145366,-6.650859995252605,0.5597281537989458,516.7807797700257,473.7877199858337,21.784584398642284,0,484.5565374458549,503.7615540499605,9.366824476383654
2025-03-17,490.8596962038795,494.8976732806283,482.6852789959236,487.2649230957031,1646821,486.82720947265625,495.9429945512251,506.57431762695313,,489.747007588443,494.81017754595575,41.54232652261716,-5.971228099162715,-6.514933616034628,0.5437055168719125,514.308716025665,473.7877591940615,22.055582929544272,0,484.5565374458549,500.6591937507396,9.66931971191094
2025-03-18,487.2649230957031,487.2649230957031,487.2649230957031,487.2649230957031,0,488.0364074707031,494.55522017045456,506.37537353515626,,489.2505906898951,494.1242453232055,41.54232652261715,-5.8092382372634574,-6.373794540280394,0.5645563030169365,511.4003337478048,474.2191852951639,22.307224422524687,0,485.8368574383255,500.043647837834,9.243716809052188
2025-03-19,494.0113271977599,494.6514873723322,485.3937054665346,487.9543762207031,2652053,488.8844943576389,493.4629114324396,506.11142883300784,,488.9913477960568,493.5633481320689,42.27933373101085,-5.561121848456139,-6.211260001915544,0.6501381534594044,507.7312116427028,475.4162828641332,21.308465377441745,0,488.8407162092267,500.043647837834,9.324614353389675
2025-03-20,489.4809109796742,492.1893063623585,485.5414267866788,491.4506530761719,3651974,489.3222181532118,492.52728271484375,505.8208923339844,,489.48320885207977,493.3712849451691,45.99750818280772,-5.024448782162835,-5.973897757965002,0.9494489758021664,505.12991343249,476.4270171095022,20.38104626415044,0,489.25927660880416,498.4432363660821,8.849765817044982
2025-03-21,492.4355183670903,500.2159935461146,490.3672831787728,499.1326293945313,2013377,490.5259501139323,491.911737615412,505.5382336425781,556.2700939941407,491.4130929605701,493.8950435314748,53.14003984159311,-3.933912527822713,-5.5659007119365445,1.6319881841138315,505.4860014004717,476.3023714022626,19.47267983122726,0,491.1797890305344,496.76894108634986,8.596512809483901
2025-03-24,499.7727985593581,501.3485681070479,494.60222583432255,499.5265808105469,2299229,492.04155815972223,491.5558416193182,505.327470703125,555.8396308898925,493.0357905305655,494.40700146593593,53.4798480644463,-3.003246545762181,-5.053369878701671,2.0501233329394903,504.8641317709763,476.614005436055,18.77387612257544,0,491.74607631100105,496.76894108634986,8.265876703451754
2025-03-25,499.5265891923623,504.2539580265096,497.4090924723532,501.5455627441406,2782397,493.3218926323785,491.7707214355469,505.2979248046875,555.4341412353516,494.7377449732805,495.0559615821364,55.27006113575512,-2.078808866587451,-4.458457676278827,2.379648809691376,504.9858258442874,476.55140560102507,18.49357718268618,0,493.4696185112166,494.8238273393722,7.928210204082965
2025-03-26,501.2993359660554,503.2198464267833,497.4090835172488,501.151611328125,2517374,494.29582044813367,491.7035702792081,505.2260290527344,554.9491195678711,496.0205182442495,495.61011155904447,54.82670708728087,-1.362270525872418,-3.839220246197545,2.476949720325127,505.53757021535705,476.3098937739008,18.23329803973114,0,493.4696185112166,493.5681260686263,7.752342532507413
2025-03-27,499.92055200361096,507.1593602469468,496.2272855586314,505.0910949707031,1649107,495.5980394151476,491.8915918523615,505.1738311767578,554.4508680725098,497.83463358954026,496.47201914192254,58.41873536040641,-0.4710948341564744,-3.165595163789331,2.6945003296328567,505.982333712383,476.05225185890606,18.4930635053908,0,494.9223196214352,492.6324856944036,7.826209303534621
2025-03-28,505.2388196608157,511.5912495911828,496.1779944983487,498.837158203125,1759182,496.8838433159722,491.9274042302912,504.8606414794922,553.9525666809081,498.0351385122573,496.68703178385,51.42752332166594,-0.2664012014888612,-2.585756371329237,2.3193551698403763,506.416316744774,475.9383493929213,19.24108440974793,0,498.4924775288586,492.1646778901192,8.413614916610246
2025-04-01,498.19700658410864,504.7956243197598,489.03768815455874,489.9733276367188,1974802,497.18477715386285,491.325288252397,504.2982794189453,553.3804335021973,496.4227763371496,496.07669504320165,43.48447511065127,-0.8100789851636137,-2.2306208940961127,1.420541908932499,506.4290017838839,476.3393087629911,18.681764350020984,0,498.4924775288586,492.1646778901192,8.877911693785986
2025-04-02,488.64375929839895,490.0718343252832,477.120786191904,488.2498168945313,2835760,497.2176038953993,490.9895366321911,503.7891009521484,552.8477323913575,494.788184448626,495.3651606660498,42.12215428590534,-1.3642937297538538,-2.0573554612276608,0.693061731473807,506.3363896673792,476.8258722955115,18.096546674260427,0,494.3560178915434,492.1646778901192,9.032675886276223
2025-04-03,466.77961266042655,476.4313362351918,451.2678947364901,458.3589477539063,12356973,493.5407477484809,489.7405395507813,502.6889996337891,552.1704551696778,487.5023371096821,492.00095949221856,26.57326629798048,-4.167416851636403,-2.4793677393094096,-1.6880491123269938,510.6305485121973,470.7293941147559,19.565274898077032,0,481.4295721638365,481.4295721638365,11.03055864743512
2025-04-04,459.83627038429887,460.1809812503437,451.5633598786144,454.7641906738281,3850303,488.6109212239583,488.39753445712,501.5317761230469,551.5164242553711,480.95470782251135,488.6157986905467,25.36080607021411,-6.602865254352537,-3.304067242318035,-3.298798012034502,514.7028585595127,464.1013437109952,20.929093963049592,0,481.4295721638365,481.4295721638365,11.287328177102868
2025-04-07,428.4188916250746,447.2791655555545,426.7445988768322,444.5707702636719,4571485,482.5047200520833,486.95156305486506,500.0899261474609,550.8194749450684,473.6779203107435,484.6117051971944,22.259321933242376,-9.248884118209787,-4.493030617496386,-4.7558535007134015,519.5520217013075,454.9581437039661,23.332380234714147,0,469.1679242340075,469.1679242340075,12.416413713695103
2025-04-08,448.01783929222864,457.0294034822533,446.1465902889476,452.0558166503906,1640063,477.005859375,485.6667549826882,498.8558825683594,550.1492190551758,469.35349957867294,481.6520789656668,29.11456363197873,-10.61947771439145,-5.718320036875399,-4.901157677516052,521.3577569342434,449.5280859612644,24.471842095543757,0,469.1679242340075,469.1679242340075,13.30631608645092
2025-04-09,452.843683587158,461.3628419664023,451.1201592998229,458.2112426757813,2429984,472.2347073025173,484.334941517223,497.70161376953126,549.5624240112305,467.12504819809465,479.52109384840446,34.24935462688951,-11.081253781005271,-6.790906785701374,-4.290346995303899,521.9787084511029,446.13964787213934,25.080172045574223,0,469.1679242340075,469.1679242340075,13.376666140792477
2025-04-11,455.9952766223702,458.1620048619335,449.0026864556464,454.3209838867188,2170343,466.5935838487413,482.7904843417081,496.4399938964844,548.9083724975586,464.5642353358195,477.2301747609785,32.64010873167359,-11.627096086670631,-7.758144645895226,-3.8689514407754073,522.3136839814609,442.2345154814297,25.75626625538744,0,469.1679242340075,469.1679242340075,13.55957161539642
2025-04-15,460.574952546114,467.2720938944919,455.60136563611417,466.5826721191406,2374405,463.009752061632,481.9130554199219,495.5664141845703,548.3468492126465,464.9679226924837,476.26221997535686,41.90545827575944,-10.944107423432683,-8.395337201402718,-2.5487702220299653,521.3134139834424,440.6544265927295,25.45001165412653,0,465.770111598296,469.1679242340075,13.781171589712942
2025-04-16,467.6167645492274,474.4123988684547,466.6318934949486,474.0676879882813,1382224,461.2424587673611,481.1878343061968,494.5352545166016,547.7815306091309,466.7878757516432,476.0627170674409,46.72301879168432,-9.687187889472227,-8.65370733901662,-1.0334805504556073,520.0226525135333,440.0148444347088,24.50781557987749,0,458.4082166010577,469.1679242340075,13.858556195183564
2025-04-17,473.1813012732236,473.2797643321216,468.9955993701823,472.0486755371094,844403,459.4423319498698,480.2633986039595,493.5395495605469,547.2183123779297,467.8400357087365,475.6978042010471,45.62397270917547,-8.753087391568556,-8.673583349527007,-0.0795040420415489,519.2603621117286,439.2555100806543,23.632919225217677,0,451.587967556012,469.1679242340075,13.731929271179467
2025-04-21,474.0184161545217,474.5601132561921,467.6167544401032,468.35540771484375,2586539,460.5530497233073,479.1263205788353,492.2877783203125,546.6297985839843,467.943110109958,475.0303136113923,43.60345616703842,-8.216111643801185,-8.582089008381843,0.3659773645806581,518.4118019927229,438.213118661574,22.92515540418488,0,450.65235606651214,469.1679242340075,13.812828978790495
2025-04-22,468.798592360941,478.4010845364015,468.3061568647636,477.0715026855469,1525955,463.0316399468316,478.6629832874645,491.29995300292967,546.0348643493652,469.76878862507584,475.2158762544972,49.3089877076313,-7.006472223884089,-8.266965651482293,1.2604934275982045,517.6112934375894,437.92533986319177,21.880479983222543,0,452.5728417066168,469.1679242340075,13.753032763313538
2025-04-23,478.6473130911368,479.97689497201,474.75706056115183,478.8442993164063,1107728,466.83980984157984,478.2802276611328,490.21955017089846,545.4885508728028,471.583890763342,475.54573289648897,50.40793647879519,-5.837483520075466,-7.781069225200928,1.9435857051254617,516.4651121418375,437.8108857829672,20.75076346384214,0,463.0617426304788,469.1679242340075,13.02493128602954
2025-04-24,478.8442874350148,487.0187046309384,477.12076320224605,484.2610778808594,3251494,470.4181722005208,478.1123504638672,489.4355920410157,544.9356619262695,474.1193281868455,476.3380369859772,53.7101070872557,-4.422977459014646,-7.109450871963672,2.686473412949025,514.5143706620894,438.2744721113482,19.51990023812696,0,468.0106955432924,469.1679242340075,12.606360233421771
2025-04-25,481.6019508452884,485.59066663668585,472.7381112591788,477.2685241699219,1369564,472.535647922092,477.4677082408558,488.6161798095703,544.3661030578613,474.7491673834608,476.42262672997214,49.15945340721549,-3.822152465506008,-6.451991190672139,2.629838725166131,511.8249785711788,438.7380585381963,18.29649976516287,0,468.0106955432924,469.1679242340075,12.599325036573765
2025-04-28,475.69270046383934,480.4693308999624,472.935073642922,474.9048156738281,1312796,474.822740342882,476.3664439808239,487.73176635742186,543.7822866821289,474.7802970415343,476.2846439066863,47.6885811480774,-3.496421282639062,-5.860877209065524,2.364455926426462,508.34079482307936,439.5581675792644,17.160485040267645,0,471.3100351335263,469.1679242340075,10.495920400787991
2025-04-29,474.9540418297473,479.5829475723676,474.0184023532992,476.3328552246094,1470658,475.90609402126734,475.3121837269176,486.85621643066406,543.1226823425293,475.0908086781493,476.2890267537703,48.68748167955358,-3.0874558471951445,-5.306192936691449,2.2187370894963045,504.6724958082386,440.7445909837536,16.105614224293507,0,476.8252990629435,469.1679242340075,10.277843532740784
2025-04-30,476.2836408058324,483.0300134388928,475.0525520062184,480.370849609375,2195362,476.6064453125,474.3496967662464,486.2662786865234,542.4503410339355,476.14681686439445,476.66010155882526,51.50724563904436,-2.409737440046115,-4.726901837362383,2.317164397316268,499.8777733019788,443.0672889538806,15.172793028272698,0,477.3177295355208,469.1679242340075,8.846262792432103
2025-05-02,477.9578887043606,480.3708346990597,469.3895289585295,472.1471557617188,1697677,476.6173875596788,473.0313124223189,485.3533026123047,541.7295637512207,475.3468846438593,476.2498337590883,45.96708569512881,-2.5073212463373125,-4.282985719157368,1.775664472820056,495.4719648164046,444.80409719531417,14.50368882517647,0,477.3177295355208,469.1679242340075,8.74074046616525
2025-05-05,473.7229732284494,478.0563998206108,471.9994488975767,474.5601196289063,3248925,477.30679999457465,471.6435408158736,484.6048016357422,541.0323152160645,475.1895316408688,476.0962233836172,47.74317802517482,-2.3627151878286554,-3.8989316128916256,1.5362164250629702,493.0442591248554,445.6904820860821,13.882377779444257,0,477.662430747851,469.1679242340075,8.441759627340584
2025-05-06,474.7078234026642,478.8935251650321,472.1471527839224,473.3290100097656,702529,476.8909674750434,470.4840795343573,483.8306921386719,540.3257400512696,474.81742731464817,475.8446585314489,46.89619378076516,-2.320702488383517,-3.583285787990004,1.2625832996064863,490.6779214580546,446.5647390644063,13.195766711540896,0,478.204116794734,469.1679242340075,8.265889353124496
2025-05-07,466.1394522444514,478.4011087420232,466.1394522444514,474.8063354492188,1520898,476.44230482313367,469.79467079856187,483.0733264160156,539.6148440551758,474.81520894156233,475.75026552397344,48.08636536901307,-2.143490480960054,-3.2953267265840145,1.1518362456239606,491.11227858884615,447.7751207031462,13.247804435374269,0,476.5790784376949,469.1679242340075,8.216642673824408
2025-05-08,462.8401586278295,471.3592871376397,454.12404388709,461.6090698242188,7843512,473.9254150390625,468.5837277499113,482.1583819580078,538.7962539672851,472.1739811180937,474.4647022785412,39.557274292972494,-3.032995248865177,-3.242860431040248,0.2098651821750703,490.6806952029668,448.8911920040646,14.39330802699553,0,469.857355261888,469.1679242340075,9.134683017596888
2025-05-09,459.2945955561797,460.2302049699947,451.6618453278667,455.7490539550781,2037837,471.5343627929688,468.4650962136009,481.3369989013672,537.9293388366699,468.88899568549056,472.7632797036809,36.464484549717376,-4.162802298763779,-3.426848804584954,-0.7359534941788253,488.8624861689327,451.8272294072393,15.648373642580584,0,467.3459293833797,469.1679242340075,9.48290700890068
2025-05-12,460.9688787861944,469.3402826359383,459.9347762153423,467.8629760742188,2902701,470.7519361707899,469.0604955499823,480.6416796875,537.1680644226075,468.6837917632362,472.317797555548,45.88384909831328,-4.034186658282579,-3.5483163753244797,-0.4858702829580994,487.601861860736,454.668569657819,15.577369929500705,0,467.3459293833797,465.770111598296,9.957754856384344
2025-05-13,467.7645294323485,471.9502315041297,464.5636984362805,466.5826721191406,2449180,469.6685824924045,470.0610365434128,479.95424072265627,536.3820172119141,468.26356783441713,471.79642251587455,45.12245283590319,-3.989578290694908,-3.636568758398565,-0.3530095322963427,487.03319353368687,456.074380929204,15.192896494307831,0,467.3459293833797,458.4082166010577,9.76429809897086
2025-05-14,466.5826546081835,467.37053941683257,459.9347750966157,461.8552856445313,3541267,467.6112976074219,470.5064669522373,479.2303607177735,535.4956631469727,466.98191139644,470.8926828002979,42.32936040001288,-4.286276886249539,-3.76651038396876,-0.5197665022807785,485.9411015344894,457.91990310418265,15.27948181284762,0,466.0163400134632,456.8816517538853,9.9225788067822
2025-05-15,462.2984528966777,465.3515590838532,460.033261562642,461.9045104980469,2739793,466.4732259114583,470.6743427623403,478.40405334472655,534.6984727478027,465.9664312167614,470.075576227366,42.36936353543361,-4.465959821674346,-3.906400271509877,-0.5595595501644688,486.2295853354125,457.1636031411503,15.359882465777424,0,465.2776852464494,456.8816517538853,9.595461384819265
2025-05-16,464.0712525291055,470.1774350285616,460.2302313749447,469.4387817382813,2431240,465.90418836805554,471.3615153919568,477.8801019287109,533.9534056091309,466.6609013210654,470.01768581926734,48.28250473734563,-3.954818434861068,-3.916083904180116,-0.0387345306809518,485.9865776408286,456.9437202107341,14.792962822113315,0,465.2776852464494,456.8816517538853,9.387936261684256
2025-05-19,470.37442358909846,477.1700278821262,467.9122459426478,476.1359252929688,1640651,466.21606784396704,471.7957541725853,477.6860827636719,533.2357002258301,468.5559061154461,470.57388940778566,52.907871689116206,-2.975037310518246,-3.727874585447742,0.752837274929496,486.3397954110209,456.9992274161277,14.030711593049649,0,465.03147703494494,466.582647459943,9.51104516757268
2025-05-20,477.5147443238224,479.0412824600445,467.8137582726762,468.4539184570313,1843098,465.510243733724,471.5405828302557,477.368955078125,532.4372087097167,468.5355085837632,470.38116477589887,47.6442030563563,-2.7863086295208177,-3.5395613942623574,0.7532527647415397,486.3401012847322,457.0087726166352,13.528639123303044,0,465.3515638939556,468.0106955432924,9.915543665308393
2025-05-21,470.5713563763498,477.5639465558611,470.07892087153743,474.4616088867188,1927887,466.9383036295573,471.6502616188744,477.3305444335937,531.7040284729004,469.7207286443544,470.7521142405189,51.69188071176567,-2.127445513214184,-3.257138218052723,1.129692704838539,486.0530142378678,457.0348702836167,13.062428972824057,0,465.3515638939556,468.0106955432924,9.99644128431949
2025-05-22,474.7078261517068,475.7911902723572,467.81372909141226,469.8327026367188,1958254,468.503153483073,471.7174113880505,477.1207666015625,530.9388856506348,469.74312344282725,470.6685313674461,48.57574652521411,-1.9562553022820448,-2.996961634898588,1.0407063326165424,485.2020401592179,456.9846846942978,12.320224791582056,0,469.4880287783301,469.3402749794025,9.78187989361231
2025-05-23,470.7191157756556,477.1207774021781,470.7191157756556,474.6585998535156,1495455,469.2582227918838,471.60773398659455,476.8637158203125,530.1596600341796,470.72621872496495,471.0312648661797,51.83564400010183,-1.414866552180115,-2.680542618354893,1.265676066174778,483.4295279002707,457.7969491505107,11.80443492822988,0,469.4880287783301,469.3402749794025,9.869817310928394
2025-05-26,474.7078315744796,478.2041116726457,472.4918717797855,473.0335388183594,2584471,469.9749857584636,471.3436085094106,476.5584057617188,529.4504484558106,471.1876827436439,471.2132897709233,50.670794147007065,-1.1042122402075734,-2.365276542725429,1.2610643025178558,482.89056085804384,457.9124176575814,11.47066714507982,0,469.4880287783301,469.3402749794025,9.795950704624858
2025-05-27,474.0184051498475,478.2533685269032,473.13202725191246,476.7760620117188,1713846,471.6328497992623,471.00338051535874,476.3762048339844,528.7283506774902,472.3053585972589,471.7189963382683,53.27497135553154,-0.5496896357421974,-2.002159161328783,1.4524695255865856,483.1530673056467,457.8370358437676,11.16768916625604,0,469.5372720113433,469.3402749794025,9.292963076837143
2025-05-28,476.6775521717094,479.4351788809305,475.2494772347946,477.3669738769531,1568432,473.35090128580737,471.007855502042,476.12309326171874,528.0329672241211,473.3176816531977,472.23244884178513,53.69066923405954,-0.0618320659486357,-1.6140937422527537,1.552261676304118,483.3131637960868,457.7803512185618,11.060994601968195,0,469.8327051279376,469.3402749794025,8.114635225694794
2025-05-29,477.36700617007904,477.5147308152312,472.68886871969386,474.8063354492188,1599536,473.9472961425781,471.0033791281961,475.77149475097656,527.2753005981446,473.615412412402,472.46643853337,51.55039009048654,0.1168297117734482,-1.267909051447513,1.3847387632209616,482.3580522110999,458.1790113875332,10.508081830760643,0,473.6244539861714,469.3402749794025,7.748823625636594
2025-05-30,474.7078541166913,478.79506303203874,471.4577916191572,475.64349365234375,6304976,473.8925815158421,470.9720445112749,475.4169421386719,526.5306381225586,474.0210286603904,472.755261726004,52.220973585343,0.3222573462862215,-0.9498757719007664,1.272133118186988,482.7464776153865,458.14021977230897,10.203571937966018,0,473.6244539861714,469.3402749794025,7.302112392209547
2025-06-02,477.1207580566406,482.7837661889498,474.2646081712961,477.1207580566406,1851827,474.8555636935764,470.8243130770597,475.2140588378906,525.8594987487793,474.6409745396404,473.152125028789,53.44547654783639,0.5973769286969173,-0.6404252317812297,1.237802160478147,483.1060089484282,458.0367522820405,10.537873200323608,0,475.298747640181,468.6262559822762,7.38301417433844
2025-06-03,477.12078509579936,479.43520798415983,475.2495060839387,478.3026123046875,1460542,475.2823418511285,471.1041065562856,475.0348126220703,525.2119050598144,475.37330209264985,473.6203511447798,54.451225551474906,0.9003977161427201,-0.3322606421964397,1.23265835833916,483.7753351930402,457.8647862669208,10.848295801084229,0,475.298747640181,467.3459293833797,7.150866858624458
2025-06-04,479.6321830550847,485.9353515234831,477.07151241158215,484.4088134765625,2318406,476.90190972222223,471.5517744584517,474.9639013671875,524.6658784484863,477.1804043694324,474.60112044766913,59.33886432159484,1.6146505893493668,0.0571216041127216,1.5575289852366452,485.5268411074285,457.0735281552668,12.03828793611935,0,478.3272336495694,468.79859842567487,7.404119829388013
2025-06-05,486.8217418022746,486.8710033876757,479.6321952510478,481.3064880371094,1792668,477.64056396484375,471.9143870960583,474.7610180664062,524.1114434814453,478.0056211029678,475.21069931943646,56.04818982736692,1.908370889832895,0.4273714612567563,1.4809994285761388,486.4137744934978,458.1563365904865,13.259656547205305,0,479.16439750341647,469.2664243577712,7.210663006745944
2025-06-06,480.0261279934916,480.2723457479052,473.2797555113845,473.96917724609375,3468649,477.7445237901476,471.8763344504616,474.2577490234375,523.4556555175782,477.198332331593,475.0978336764053,49.11134797075793,1.531433274235212,0.6481838238524475,0.8832494503827646,484.9925517647661,461.3995716483199,13.09193220552964,0,479.16439750341647,469.2664243577712,7.122730905763551
2025-06-09,476.3328768830871,478.6473298596336,474.06768549252286,478.2533874511719,1389266,477.90867106119794,472.6328943425959,473.83228515625,522.8031617736816,477.4093433555088,475.384702201384,52.7857905480036,1.5604199077277483,0.8306310406275078,0.7297888671002407,485.4381049331395,461.9930596176417,12.936188173973663,0,479.16439750341647,469.2664243577712,6.654918650490089
2025-06-10,478.7950298219665,483.9656025631451,477.1699986859145,482.1435852050781,1496169,478.4394056532118,473.8326457630504,473.4442456054687,522.1613009643555,478.3561917254227,475.9991461108108,55.89964422972657,1.8756768356163889,1.0396401996252842,0.8360366359911047,486.2881764315579,462.6990794278171,13.558499231869725,0,479.16439750341647,469.2664243577712,6.489602634661578
2025-06-11,482.5868192165018,486.230854159468,478.0071748004191,479.1397705078125,2168242,478.9208984375,474.34522732821375,473.0040087890625,521.4493069458008,478.5129074819007,476.2846574196291,52.99339176571998,1.861677223945435,1.2040476044893142,0.6576296194561206,485.69633727529833,465.0193670704048,14.429545369809055,0,479.16439750341647,469.2664243577712,6.5071896473832895
2025-06-12,479.73065702830536,480.4200486759781,464.3174323098193,465.7947387695313,3727720,477.8265923394097,474.3094121759588,472.2180816650391,520.6127792358399,475.96927373942685,475.3310284514384,42.43729924139171,0.7649322359762323,1.116224530786698,-0.3512922948104657,484.9265088185855,466.1782183542661,13.84319782381161,0,475.5942178487475,469.2664243577712,7.136799761718968
2025-06-13,460.9196282782355,462.9386018071032,457.2263620260061,459.44232177734375,3850751,475.8623216417101,474.1997320001776,471.43018493652346,519.7586965942382,472.6638833470103,473.8866005719752,38.505360555383184,-0.6098035942707156,0.7710189057752153,-1.3808225000459309,486.6107725415762,463.49430863518165,14.130789918057072,0,472.0486827068409,469.2664243577712,7.340809536766471
2025-06-16,460.52568258334185,466.7796194033994,458.26046126470845,464.5636596679688,1942798,474.3357713487413,474.3206024169922,470.9219915771485,518.8748620605469,471.043838611202,473.03906048979286,43.0838637833276,-1.2713867224853177,0.3625377801231088,-1.6339245026084264,486.9277365481704,462.0201180660874,13.829004928128429,0,472.0486827068409,472.0486827068409,7.576475853205551
2025-06-17,464.5636748985587,467.17357710578864,462.0522357492073,464.9083557128906,1521179,472.16905381944446,474.1146739612926,470.4551623535156,518.0473747253418,469.8167420315397,472.2999055100744,43.38937122768947,-1.747735224226858,-0.0595168207468845,-1.6882184034799734,487.203959089978,461.38933924986577,13.49062405111476,0,472.0486827068409,472.0486827068409,7.643307261094512
2025-06-18,464.8591205563727,466.976587234172,460.9688680124161,463.08636474609375,2812394,470.1445956759983,473.5215121182528,470.5497106933594,517.2058784484864,468.47066657445055,471.4623108951671,42.1029203425794,-2.246369538051056,-0.4968873642077188,-1.749482173843337,487.5730232223999,459.88275070338136,13.315804045960531,0,471.728608092737,472.0486827068409,7.727725627252978
2025-06-19,461.90449796025655,463.5787906788388,456.9801429713412,458.0635070800781,1349010,468.37729899088544,473.0492206920277,470.6156970214844,516.340492553711,466.38923467557606,470.24423782106805,38.696697251606906,-3.012121597304315,-0.9999342108270382,-2.012187386477277,488.5891192527545,457.6897351173627,13.651870439851614,0,471.60549856540456,471.9255731795084,7.674966791154126
2025-06-20,458.0635173798397,461.51056594958885,456.8816601335744,459.8362731933594,2804520,466.3309529622396,472.38443270596593,470.9210070800781,515.5182637023926,465.0786423791328,469.2980592185491,40.525541080621096,-3.4363263800210007,-1.4872126446658307,-1.94911373535517,488.9256256008997,455.8709961032019,13.976119413485554,0,471.5562571465212,471.8763317606251,7.397091633894178
2025-06-23,458.6051677268656,461.26433140623936,456.09375873980593,460.42718505859375,1567027,463.9180196126302,471.9569091796875,471.0884344482422,514.7014390563965,464.148350915025,468.4916161130986,41.15570432668893,-3.682381871475286,-1.9262464900277216,-1.7561353814475642,489.1336032282001,454.40238309992486,14.38014692410926,0,471.16230644963696,471.4823810637408,7.467439545766483
2025-06-24,460.91964113486847,468.3061738453632,460.91964113486847,467.9122314453125,2587207,462.6705152723524,471.65025607022375,471.2824542236328,513.9144459533692,464.9011270210825,468.4389447796635,48.58681228469318,-3.236098207190139,-2.188216833460205,-1.0478813737299335,488.6044747046943,454.0451285667901,13.516491792385562,0,468.256903707892,471.4823810637408,7.397093093971376
2025-06-25,468.7986120713496,474.2154027570479,468.1584519105791,472.98431396484375,2954897,463.46935696072046,471.6480185768821,471.6557208251953,513.0947602844238,466.5177644098348,468.8521601601344,52.92507031706624,-2.4449565802554503,-2.2395647828192544,-0.2053917974361958,488.1725616875706,454.0387755927029,13.233880496271144,0,465.15458074842695,471.4823810637408,7.330261892193339
2025-06-26,474.70782189217226,475.9881421695304,471.55622267053707,474.2646179199219,1414934,465.1162787543402,471.533862027255,471.8093597412109,512.3071960449219,468.0671351118522,469.3442017746605,53.98065419418897,-1.695121011964147,-2.130676028648233,0.4355550166840856,488.1224508366054,454.0347146907383,13.20449273766864,0,466.0409504546682,471.4823810637408,7.073489533141087
2025-06-27,475.397261637815,480.9125154009565,474.3138974858126,478.9920349121094,2780971,466.7194315592448,471.6077284379439,471.9078466796875,511.5452281188965,470.2521150719036,470.22127751442855,57.74808252473438,-0.7112094988324316,-1.8467827226850728,1.135573223852641,488.5426022003444,453.9494174529759,13.783734952929622,0,468.5031370703812,471.4823810637408,7.214185595105001
2025-06-30,480.02612756355626,480.3708384306022,472.1471594293793,477.9086608886719,3254231,468.1639099121094,471.7487432306463,472.0250463867188,510.6899063110352,471.78342423525726,470.9201305484507,56.60442980213882,-0.0186567026777879,-1.481157518683616,1.462500816005828,488.64182179854726,453.9289881379762,13.939303909652672,0,468.5031370703812,471.4823810637408,7.316190961104447
2025-07-01,479.6321888461161,481.7989171219817,473.427513415222,475.1017761230469,1617894,469.4989556206597,471.7241197065874,472.1599737548828,509.8063423156738,472.4470946128152,471.3002801461412,53.64042011267888,0.3002432184496797,-1.1248773712569569,1.4251205897066366,488.2670387329449,453.9836875854145,14.266028125047557,0,468.9463379308938,471.4823810637408,7.326742700226646
2025-07-02,477.4654633101434,481.0110050292337,472.14716575944726,480.1738586425781,2358163,471.9556613498264,471.8628970059481,472.2220208740234,508.9547525024414,473.9924474187678,472.1069691003628,57.92761066025378,0.9512825802249268,-0.7096453809605802,1.6609279611855068,487.4586380308699,454.368592804091,14.328307531292468,0,468.9463379308938,471.4823810637408,6.8096871933429055
2025-07-03,482.0943625107077,485.4921795395185,480.1246204779776,484.16259765625,2976302,474.6585862901476,472.12925997647375,472.3283868408203,508.1189422607422,476.0264774662643,473.20293533271615,60.98335627050719,1.768705333929006,-0.2139752379826629,1.982680571911669,488.0230772637356,454.0897645331394,14.973788026641456,0,470.7929691396622,471.4823810637408,6.581057358915452
2025-07-04,485.54141449805,489.8748409894938,484.162601076574,487.6096496582031,2857925,477.6788601345486,472.2747525301847,472.3953582763672,507.3192286682129,478.34311190465206,474.5126366350331,63.45371569633272,2.6639585874548857,0.3616115271048468,2.302347060350039,490.2265197226471,453.2503693154388,16.08031470801844,0,475.39724106218114,472.9842998646498,6.380563444240656
2025-07-07,494.30675818397685,509.8677383101187,488.5452567144597,504.99261474609375,10017201,481.7989027235243,473.3513946533203,472.9498400878906,506.6042256164551,483.6730124729404,477.28354373603867,72.80481968379154,4.721684606915687,1.233626143067015,3.488058463848672,496.7007198488493,449.4500919187289,18.661356791490498,0,489.0130951103489,482.9807485249624,7.604616822478813
2025-07-08,504.7464122067939,506.61769124309313,502.7766701103772,505.3373107910156,1995221,485.39368014865454,474.7772189053622,473.5584899902344,505.89682434082033,488.00587213655547,479.83388619558207,72.9526087033174,6.3075518609950905,2.2484112866526305,4.05914057434246,501.699670772685,446.77051355348686,21.05803872614312,0,490.7119804903279,482.9807485249624,7.449852673261676
2025-07-09,503.2690913260765,515.5307475500123,503.2690913260765,514.2504272460938,3433335,489.8365478515625,476.4134479869496,474.31684143066406,505.2621585083008,493.2547831584631,482.9626626547195,76.50772111100153,8.189177354356957,3.436564500193496,4.752612854163461,508.75283970174087,443.2284102982592,23.75868241152367,0,493.83895348969577,485.8122531449091,7.85435328157869
2025-07-10,515.7769633655103,516.4663850994143,510.0154318519078,514.4966430664062,2272923,493.7815043131511,477.8840415261009,474.9993572998047,504.5782635498047,497.5031551400517,485.829388146691,76.59922283801967,9.58970255158158,4.667192110471113,4.922510441110468,515.0134272098463,441.8380132198411,26.311944349976496,0,494.3067722643968,486.2800719196101,7.984499526685267
2025-07-11,513.610266105705,527.7924336440278,510.7541159407584,522.8187866210938,4512466,498.77151828342016,479.8694513494318,476.0127899169922,503.92201721191407,502.56628143626017,489.19206073527306,79.5049630324382,11.241570467711767,5.982067781919245,5.259502685792523,522.0347073222861,441.1543795917764,29.168892798686016,0,499.9697997017376,491.9430961919169,8.83219560074498
2025-07-14,525.4286820686673,528.3832950887347,516.6140745364481,518.2391357421875,1428794,503.5645582411024,482.2532875754616,476.8863702392578,503.27471618652345,505.7008522974456,491.8327039177198,74.05536021605035,12.042331637100972,7.194120552955591,4.848211084145381,527.018425031954,441.5382094895304,31.844279886796546,0,500.265230424091,492.2385269142703,9.110069298281916
2025-07-15,518.5346030537498,520.8983175967037,515.2353091113114,519.0270385742188,1243559,507.88157823350696,484.96168379350144,477.8003308105469,502.6568298339844,508.36608955280025,494.3049161592197,74.38071898888988,12.595326720663593,8.274361786497192,4.320964934166401,531.3813624744142,442.5871403332029,34.05527166366009,0,504.25395778335616,492.2385269142703,9.064343382114552
2025-07-16,519.0270070299966,522.3263007719182,517.1557281212399,519.962646484375,2301562,511.859361436632,487.4798195578835,478.70345703125,502.18495788574216,510.6854009391152,496.6374370978702,74.78508834244491,12.9596838790153,9.211426205000814,3.748257674014488,535.0583801349869,444.5977508464584,36.17469356644443,0,506.2729480826544,492.2385269142703,9.11710432152062
2025-07-17,521.9816753694,523.6559682372766,518.5838581017188,520.7013549804688,1537940,515.5362175835503,490.01586497913706,479.885302734375,501.7229034423828,512.688591747386,498.8250659962882,75.11900867832424,13.156388497024636,10.00041866340558,3.155969833619057,537.5999430461006,448.31997272538376,38.20602387810556,0,508.4642759015972,492.2385269142703,9.004548082557992
2025-07-18,519.7065980129534,520.6516216528253,515.6280909131531,519.8557739257812,1616139,517.1876797146267,492.5962926691229,481.16743713378906,501.2211032104492,514.122028183065,500.73694853533306,73.91239149577345,13.093117689142105,10.618958468552885,2.47415922058922,539.2750821026477,452.6467837420788,39.44260001774207,0,515.5799825995559,492.2385269142703,8.779518444421765
2025-07-21,517.3688665847476,519.4081503540951,510.7040976813056,511.8480224609375,1172175,517.9110921223959,495.0410433682528,482.0471380615234,500.7174765014648,513.6672270386396,501.7470461649334,63.50858802695996,12.2555422363219,10.946275222106689,1.3092670142152123,538.9745161438832,458.0894334410778,39.58903651542617,0,515.8261932074056,492.2385269142703,8.835252197115762
2025-07-22,512.7433217866514,513.7877959665958,508.3166771324888,512.3453979492188,1471884,517.6994222005209,497.4278217662464,482.962392578125,500.24671051025393,513.4028612207554,502.7105326907775,63.84896028342138,11.499334530342026,11.056887083753756,0.4424474465882682,538.9322235067025,462.5750427286491,39.27049449698991,0,518.3499861106118,492.2385269142703,8.592915023138662
2025-07-23,515.0312479139243,515.7773095960787,508.1674865095693,511.1517028808594,1898497,517.3277621799045,499.7334816672585,483.9483209228516,499.9600581359864,512.9526295527762,503.4779117989668,62.34593822225722,10.680594019857892,10.981628470974584,-0.301034451116692,538.7547775197124,466.5692276072407,39.15446192725656,0,518.275390799152,492.2385269142703,8.753076739207842
2025-07-24,514.1857145154369,514.1857145154369,508.3166719042624,509.8585205078125,3715595,515.8877326117622,501.6401311700994,484.9074011230469,499.7049070739746,512.3338077437835,504.05796713613455,60.67944263317102,9.81425463835393,10.748153704450454,-0.933899066096524,538.0643781334825,470.8190172522598,39.046717398218455,0,518.275390799152,492.2385269142703,8.76427668763146
2025-07-25,509.3114366704013,511.300934469895,505.68060925779065,508.6648559570313,2132786,514.8239237467448,503.2619739879261,485.6919226074219,499.4587297058105,511.6000173864331,504.4767752107615,59.10887761478554,8.92843425120617,10.384209813801595,-1.4557755625954272,537.3676098385487,474.4830676516857,38.3935336013191,0,514.6682887475337,492.2385269142703,7.575865013359232
2025-07-28,504.3376780542834,521.1986835759518,504.3376780542834,519.2589111328125,2759206,514.8496873643663,505.3071691339666,486.5543823242188,499.2755656433105,513.131796135709,505.8206057491298,67.21860694715168,8.977776705483677,10.102923192138013,-1.1251464866543357,537.0238173359589,478.9618851786896,38.71494613143597,0,513.99682314578,492.2385269142703,8.505863898284408
2025-07-29,521.8949996250893,522.8399624449105,511.9475112930731,515.5783081054688,2646055,514.362538655599,506.97018155184657,487.4968701171875,499.08526657104494,513.6210985296609,506.7076695997061,62.57535666460555,8.62051511955417,9.806441577621245,-1.1859264580670743,534.7130852639152,485.32027044897546,39.14407556322006,0,513.99682314578,494.6514681118016,8.408063535991667
2025-07-30,516.3243898177711,520.5023472226899,514.8819918105828,519.2589111328125,1616247,514.2022671169705,508.8497383811257,488.3928161621094,498.88079177856446,514.7486610502913,507.8486915572612,65.16662742408062,8.535979188376928,9.552349099772382,-1.0163699113954543,532.569997962992,491.371862998922,39.542552892733866,0,513.5888202495969,498.2708734996569,8.348735119177421
2025-07-31,515.5783425984739,528.9577274430677,514.4344177925519,526.22216796875,3024718,514.909644232856,511.1733925559304,489.52060546875,498.7152976989746,517.043362433983,509.5190075946692,69.47305012715685,8.927944697149087,9.427468219247723,-0.4995235220986362,530.9753043489133,497.1725136442509,40.54689332781636,0,516.6477027486756,500.2569750568024,8.169091686837877
2025-08-01,530.2011806108428,544.8240020501706,529.106981071805,531.5440673828125,8042006,517.0980936686198,513.5084020441228,490.658314819336,498.59380447387696,519.9435034237489,511.5212857572277,72.29245891113312,9.5578362063157,9.453541816661318,0.104294389654381,529.766900648325,502.7743591173,42.29172139662344,0,524.580840052227,508.48558073977495,8.657135510347453
2025-08-04,531.5440456301285,536.0204156397139,525.4263763791541,526.8687744140625,2602888,518.7118021647135,515.4495918967507,491.73501953125,498.4308085632324,521.3285576218117,512.9165119987581,66.48329018404847,9.56946189597545,9.476725832524146,0.092736063451305,530.5546097714507,504.1742659609711,43.232046738023925,0,524.580840052227,508.48558073977495,9.009351994287982
2025-08-05,526.868782411814,526.868782411814,518.2641800880223,521.9447631835938,2027038,519.9110310872396,517.0102788751775,492.6383935546875,498.2074296569824,521.4517987341682,513.7372621064704,60.93003876623728,9.076718028794232,9.396724271778163,-0.320006242983931,530.2381116271649,506.1515093445148,42.90747025560741,0,524.580840052227,508.48558390480895,9.254639828081796
2025-08-06,521.397659443703,521.397659443703,509.3114360408561,511.3009338378906,931299,520.071299235026,517.2970206520774,493.3170727539063,497.95900085449216,519.4216257549127,513.5157777184177,51.01114086084796,7.738146355661172,9.065008688554766,-1.3268623328935938,530.3631590721823,505.7315125586772,41.35003704983261,0,524.580840052227,508.48558390480895,9.794726757166066
2025-08-07,511.0522350939159,516.971003049613,509.4108751624976,514.484130859375,957305,520.7178853352865,517.7127852006392,494.1106286621094,497.73212188720703,518.4341267758052,513.603809822141,53.45168267181912,6.855154107989733,8.62303777244176,-1.767883664452027,530.3632941433731,505.7301262667832,39.90384907304173,0,524.580840052227,512.4743112640741,9.972359887151766
2025-08-08,515.2799151078888,517.0704509325145,503.3429286575129,504.58636474609375,510393,519.0876024034288,517.2735096324574,494.6894860839844,497.4714309692383,515.664574369863,512.7840420879548,45.80971995984828,5.295664262652167,7.957563070483842,-2.661898807831675,530.6090700082588,503.6611082143976,37.77696153698725,0,524.0834653538418,514.4933015633724,10.299206032189334
2025-08-11,505.0340379120812,508.8637969612815,496.6781227133553,507.3716735839844,1123741,518.1757541232639,516.9496473832564,495.29450439453126,497.2692478942871,514.0059942126873,512.2920085875938,48.06014781923837,4.23568216277323,7.21318688894172,-2.9775047261684904,530.7379748940966,502.4454571127394,35.1168718395371,0,520.751062381763,516.6846293823152,10.778817133176416
2025-08-12,507.3219395781074,508.2669631771152,498.6178866931888,500.25921630859375,839972,516.0646769205729,515.9242123690518,495.7336364746094,497.0334617614746,511.2566386318686,511.198118380412,43.13413242881487,2.7895664652555183,6.32846280420448,-3.5388963389489616,531.5063487457253,499.8003010345481,32.64678854904768,0,520.751062381763,520.751062381763,10.924478090134777
2025-08-13,500.7565981385177,502.2984771723928,496.0315407885029,500.8560791015625,864573,513.2462226019966,515.1340734308416,496.06258178710937,496.88737258911135,509.1765267258074,510.2579329914256,43.65604470535136,1.6723928912518886,5.397248821613962,-3.7248559303620734,531.7174740314067,497.6785190105855,30.64980888397496,0,520.4277714193368,520.4277714193368,10.95289907390016
2025-08-14,501.3534419947591,502.8455653340292,496.7775910161986,498.2697143554688,1202134,509.549072265625,514.1905586936257,496.4018463134765,496.7396195983887,506.9951642517397,509.1680949336113,41.86305929977826,0.5717361467885667,4.432146286648884,-3.860410139860317,531.8410575670188,495.3117714124734,28.725009393539025,0,516.0259782141084,520.4277714193368,10.984874010023464
2025-08-18,511.20149964122686,527.0179712064986,509.31145238752,516.3741455078125,4810046,508.3830023871528,514.0274450128728,497.24994567871096,496.6089033508301,508.8709605029543,509.8231904403569,55.607371816735984,1.1471108560508585,3.775139200529279,-2.6280283444784205,531.4803947611529,495.3242713765424,28.701782562479316,0,511.52475599750073,520.4277714193368,11.833963390692134
2025-08-19,517.1201950467041,520.0049911630258,511.3009382262941,519.3086547851562,645927,508.090101453993,513.9641404585404,498.0710510253906,496.5803071594239,510.9584993593948,510.6855053807932,57.36673199532199,1.818922426958352,3.3838958458150934,-1.5649734188567417,532.0254588283375,495.5252705417796,28.68021479078101,0,511.52475599750073,520.4277714193368,11.6776492324703
2025-08-20,519.258937828563,533.5833466062479,518.3636395119618,532.190673828125,12345218,510.4111836751302,514.5248177268288,499.0719927978516,496.563211517334,515.2049342531408,512.640520694187,64.09406954404824,3.3521675138382534,3.3775501794197256,-0.0253826655814721,534.7647348716099,494.7705220863978,29.51849972136709,0,514.8074436973754,520.4277714193368,12.363317209768804
2025-08-21,533.1356690117407,533.6330434467335,512.0469808251144,512.9920043945312,6041694,510.2453918457031,514.5768169056286,499.749037475586,496.482700958252,514.7623482814189,512.6724737578546,51.14188071441082,2.983708780778443,3.2987818996914693,-0.3150731189130265,534.8035588216857,494.9157282876894,29.519026978010302,0,514.8322921176182,520.4277714193368,12.867799564847616
2025-08-22,513.2904479598265,517.1202070550595,511.8480498681709,513.24072265625,1596318,511.2069871690538,514.6175134832209,500.6979571533203,496.3909419250488,514.4580231563851,512.7241327486178,51.27924081284944,2.680868679962373,3.1751992557456505,-0.4943305757832776,534.8511044198218,495.2064029043968,29.49524428046429,0,514.8322921176182,520.4277714193368,11.915679786666756
2025-08-25,513.1909964843828,517.7170919659976,510.75384946669607,515.8767700195312,1204983,512.1519978841146,514.8322892622514,501.826646118164,496.3495951843262,514.7417725290144,513.0107361368825,52.79402593227653,2.623332565226235,3.064825917641768,-0.4414933524155326,534.9853527329353,495.7933459975334,29.331954746725845,0,514.8322921176182,520.4277714193368,11.6563371608626
2025-08-26,515.8767658819634,524.0337191729395,514.3846425012234,519.6568603515625,3045617,514.3072916666666,515.2776683460582,502.928510131836,496.32763900756834,515.724790093524,513.6149292473079,54.9567463924407,2.849904552358794,3.021841644585173,-0.1719370922263792,535.0225941961017,495.795899456242,29.63199583904601,0,514.8322921176182,520.4277714193368,11.730942471428628
2025-08-28,523.7850261749384,523.7850261749384,509.56012891145866,511.1517028808594,2068611,515.4512498643663,515.3907068425959,503.85337707519534,496.23988677978514,514.8101726509911,513.3909995776307,49.46550271126909,2.3164665725079203,2.8807666301697226,-0.5643000576618022,534.8929225201144,495.4829106097683,29.27452993786214,0,515.2053172314661,520.4277714193368,11.844626051481631
2025-08-29,512.743352388351,525.7745391941849,507.0235459931407,518.3636474609375,3745766,517.6839090983073,515.3500130393288,504.9589227294922,496.2131793212891,515.5208676129805,513.8430584761131,53.69092853020381,2.447444172203518,2.794102138576482,-0.3466579663729638,534.8132572188373,495.4730495438581,28.61869150722442,0,520.328294719937,520.4277714193368,12.64397357390511
2025-09-01,518.8112595049382,521.7955061063064,517.319136204254,520.9002685546875,4327053,518.1868116590712,515.5919203324752,506.2156579589844,496.2003857421875,516.596747801322,514.4846230287108,55.112586155268815,2.7245223883073777,2.780186188522661,-0.0556638002152833,534.0539104593557,495.7002063619333,28.009698678775106,0,520.328294719937,520.4277714193368,11.983176975837308
2025-09-02,522.2431799429905,544.8737177405201,520.9002931947135,541.740234375,8973936,520.679209391276,516.6137986616654,507.8537371826172,496.334880065918,521.6254451160576,516.9624058783734,64.70049067101729,4.573005188432944,3.138749988504718,1.4342551999282265,536.83675108144,493.936982439068,29.02763324180606,0,525.9486318668304,520.4526292645115,12.82516089997348
2025-09-03,543.0334176024714,546.365801940188,538.4078111973178,540.64599609375,2220814,521.6186896430122,517.2694272128018,509.45811340332034,496.5242268371582,525.4295553115961,519.1154595343166,63.928357434830986,5.881843015799973,3.687368593963769,2.194474421836204,539.8384236069066,492.3130320815699,30.05101202403121,0,526.6946739666644,521.1986713643455,12.704369061326611
2025-09-04,562.0331288263615,573.9701156332931,548.4547820476149,549.7977294921875,8712233,525.7082146538628,518.0991391268643,511.0958233642578,496.7576086425781,530.3031901477144,521.904756803214,67.4293212417227,7.570309014714439,4.463956678113903,3.106352336600536,545.5513380472,489.3854142721359,32.11021698180852,0,540.4968308132169,535.000828210898,14.637025001016127
2025-09-05,550.8919163792873,552.931139435834,539.5020295856175,543.8292236328125,1489345,529.106936984592,518.8700686368076,512.5127215576172,496.9746899414063,533.0083968447341,523.8978901513593,63.12624902979943,8.33078978274898,5.237323299040918,3.093466483708061,549.3569887386045,488.83259256022376,33.030885436873064,0,540.4968308132169,535.000828210898,15.162820396186548
2025-09-08,545.0726586773083,548.7532416609674,539.8502270789772,543.3318481445312,782235,532.1575012207031,519.8422088623047,513.8940661621094,497.1873146057129,535.0730871046935,525.6646136052841,62.7667786391471,8.79199359587335,5.948257358407405,2.8437362374659454,552.5720924659939,488.5022605613498,33.885791859433,0,540.4968308132169,535.000828210898,13.745303091255147
2025-09-09,543.3815876474937,544.5255731705081,536.4183453343908,541.39208984375,1937685,534.5725267198351,521.2099886807529,515.1420672607422,497.3917176818848,536.3368876525049,527.0943841724173,61.30066956594072,8.898403401582186,6.538286567042361,2.3601168345398253,554.7807965291606,489.9741290079487,34.292406725667426,0,540.4968308132169,535.000828210898,13.702672726925549
2025-09-10,544.0281749707923,546.0673979876793,540.84496648083,544.625,874891,538.2917819552952,522.5800281871449,516.4763940429688,497.6243501281738,537.9945101220039,528.6880765203794,62.85783362902865,9.13826256778907,7.058281767191703,2.079980800597367,557.2880205633512,491.1922376153597,34.74665952163642,0,540.4968308132169,535.000828210898,12.988581613537209
2025-09-11,544.3763422462689,545.5203277812551,540.1486593690707,541.2428588867188,891836,540.8339165581597,524.2462324662642,517.7992156982422,497.8043702697754,538.6441798749469,529.8294203718648,60.13187993326317,8.952246240905424,7.437074661934448,1.5151715789709763,558.1369768072757,494.4416456292477,35.08239409737456,0,545.6446259187735,535.000828210898,11.83041059857758
2025-09-12,541.2428171287464,541.2428171287464,530.8974656679725,536.0203857421875,2746427,542.513929578993,525.5484466552734,518.9161462402344,497.9164210510254,538.119421048395,530.3922354055305,56.08713189919092,8.287879508986634,7.607235631344886,0.6806438776417485,557.7967190520045,498.2983340485815,34.306503139314266,0,547.4352044140032,535.000828210898,12.192784600853129
2025-09-15,533.682773033859,539.7507169036483,533.682773033859,538.0596923828125,837561,542.10498046875,527.2666501131924,519.9940881347657,498.01970962524416,538.1074753152785,531.0892769489197,57.295099826177385,7.835595225863813,7.652907550248671,0.1826876756151412,556.5469318696108,503.5271190337096,33.58603296397256,0,552.4337906506328,535.000828210898,12.128834698745107
2025-09-16,537.7611957518546,539.4522809137712,531.6932521460574,532.886962890625,1405923,541.2428656684028,528.7225993763317,520.899634399414,498.08654708862304,537.0633728303478,531.2527029436202,53.29070421333985,6.979307520611769,7.518187544321291,-0.5388800237095221,556.5981470716631,505.12718556993855,32.68178041377338,0,552.4337906506328,535.000828210898,11.993831277030662
2025-09-17,534.7272657462506,536.6670382684653,529.4053833504885,532.3399047851562,822210,539.3031073676216,530.2712443958629,521.4465802001953,498.158035736084,536.1186792213095,531.3515394746689,52.869855510524765,6.185250608988099,7.251600157254654,-1.0663495482665546,556.6713874006571,506.3570702409445,31.567526182203675,0,541.1682613931612,535.000828210898,11.496456823780452
2025-09-18,533.1854131549828,536.1696598704025,529.6043413823411,533.4838256835938,2012300,538.1536187065972,531.0489571311257,522.0095104980469,498.2295808410644,535.5917085137664,531.5453836754803,53.693358235248645,5.583892010765339,6.918058527956791,-1.334166517191452,556.750008563978,506.4077642631704,30.532861538603232,0,539.079312505728,535.000828210898,10.626051487138827
2025-09-19,534.1304290001008,539.9496857247884,529.9027462146589,532.6383056640625,2411369,536.9654473198784,531.6548503528942,522.3772680664063,498.3129023742676,535.0010279438256,531.6447402198968,52.956810875987486,4.981659124437215,6.530778647252877,-1.549119522815662,556.1626373488696,508.959765605232,29.912168947703822,0,537.7363906690839,535.000828210898,11.023949316287192
2025-09-22,533.1854141815052,533.9314758617965,515.2799338545143,519.3086547851562,2892697,534.511732313368,531.0693040327592,522.4735083007813,498.3362239074707,531.8625533120918,530.5232779076476,42.95322977052327,3.389719224587111,5.902566762719724,-2.512847538132613,555.5588590514833,510.1703371155088,27.89531183756911,0,530.6736659210968,535.3738533247458,10.643813089247876
2025-09-23,519.2588961999393,519.2588961999393,509.9580188009924,512.295654296875,3466804,530.9195827907986,531.0376517555931,522.2630456542969,498.3232493591309,527.9491735090485,528.8662212157592,38.80043865010456,1.544401951000168,5.030933800375813,-3.4865318493756448,555.9923922544045,509.37869234032206,26.5164884466215,0,527.7391732911237,540.4968308132169,10.743287749340274
2025-09-24,512.2957087380587,518.2144771275755,508.7146064501715,515.0809936523438,1781081,528.012708875868,531.1213004372337,522.1998828125,498.3224778747559,525.3755375377076,527.6130187099941,41.23070392108765,0.3032328453384707,4.085393609368345,-3.782160764029874,556.383701889649,508.5297960351557,25.349690786921737,0,524.978711789459,540.4968308132169,9.041555687758912
2025-09-25,515.0809698058277,519.109690719854,502.4974022549452,503.641357421875,2356326,524.4150390625,530.5651453191584,521.8921691894532,498.2613075256348,521.0287015145411,525.4337767747105,35.07084960810094,-1.585212311047485,2.951272425285179,-4.536484736332664,557.5989124513723,506.5635509275341,24.81554293015001,0,521.2235439898668,538.2337589441191,9.268925588808363
2025-09-26,505.332441367168,505.332441367168,490.4112078622319,497.1257629394531,3168298,519.8668246799045,529.5410045276989,521.4354315185547,498.2510269165039,516.2481137995235,522.8603209715053,32.126808985920164,-3.566460784750461,1.647725783278051,-5.214186568028512,560.4136886607295,501.62498626602826,25.211241944219587,0,515.1804467935101,532.1906617477625,9.698798369018784
2025-09-29,495.1362568669194,499.0655271005067,487.9740527612728,490.2619934082031,17685374,515.1307169596354,528.5914722789418,520.8266442871094,498.20593505859375,511.0508897212594,519.8968366475688,29.333290066385302,-5.625614727782704,0.1930576810659001,-5.818672408848604,563.8721289492541,495.1027184628552,25.73763551778589,0,513.9618692430306,530.9720841972829,9.911958833527112
2025-09-30,492.40070637045295,497.52365714304375,486.92958741078127,488.7201232910156,2645097,510.2840745713976,527.2440393621272,520.2039312744141,498.1462397766113,506.5847364352106,517.0625899787912,28.728960666091723,-7.297800593036186,-1.3051139737545172,-5.992686619281669,565.1900293577082,488.4828069460027,26.29641665970641,0,513.4396365677849,530.4498515220372,10.295647278199478
2025-10-01,488.7201310125933,493.3954630676575,481.11030786537424,492.450439453125,2443402,505.7248094346788,525.9508653120561,519.8159796142578,498.1135675048829,503.7578770387935,514.8251217491851,32.35974708816889,-8.227176826749883,-2.6895265443535905,-5.537650282396292,565.1123370012647,483.7409436383836,27.195920999043828,0,510.5299967950813,527.5402117493336,10.789467763206542
2025-10-03,492.450417385144,495.185976785613,488.1730093746138,493.5446472167969,3035129,501.3810696072048,523.760156804865,519.4399645996094,498.0560815429688,501.7152310743942,512.8905331553316,33.43101568604108,-8.774276369716972,-3.906476509426267,-4.867799860290705,562.6905077689457,480.5374646431637,27.774339514620685,0,507.52089186358535,527.5402117493336,10.551437348367465
2025-10-06,492.8980729295569,495.13625792267806,489.2174899090493,490.7593688964844,2681852,498.2089267306858,521.4925828413529,519.0321179199219,497.9987034606934,499.5240586388122,510.8786091318,32.039978137456075,-9.325111303636731,-4.99020346826836,-4.334907835368371,560.8431695108028,477.0778174276738,28.31144242194205,0,500.1846020326568,527.5402117493336,10.540781930070288
2025-10-07,490.7593604422644,500.15971903703866,487.3274647023353,489.6651306152344,4534081,495.69442409939234,518.7592828924006,518.6282501220703,497.9582600402832,497.5522730340967,508.9501110848395,31.485696394380128,-9.73769772383156,-5.939702319381,-3.797995404450559,558.4609725270217,474.0933426585251,28.05936459110281,0,500.1099992926141,527.5402117493336,10.903155184855253
2025-10-08,482.4532001826669,490.6101530297168,476.633913243019,477.628662109375,3627391,491.5330539279514,515.750166459517,518.0075262451172,497.8576342773438,493.5675508491523,506.1027066325245,26.13067864196725,-10.910152404237069,-6.933792336352214,-3.976360067884853,556.8879535016667,469.29001891044254,28.637549314534787,0,497.8718019814365,525.302014438156,11.382768389763896
2025-10-09,477.9271159492851,483.9453345858912,476.63392417895545,482.8511047363281,3052079,489.22302585177954,513.0010417591442,517.2793701171875,497.79026107788087,491.4242616265875,503.9889246419612,31.568940932373,-11.287804922584314,-7.804594853598635,-3.483210068985679,553.1430627462219,466.8575201395204,29.1744351291502,0,490.9831773050935,525.302014438156,11.436060669683494
2025-10-10,482.85110162872326,488.2724951827912,482.85110162872326,487.1285400390625,1613675,488.1122233072917,510.534516768022,516.7103747558593,497.751169128418,490.5651173090825,502.456162405334,35.74166768556826,-11.11383066155463,-8.466442015189834,-2.647388646364796,548.9492205723791,465.6399304285975,29.02867630581126,0,488.3968161400288,525.302014438156,11.10566452996481
2025-10-13,486.0343243847904,487.0290732966064,480.0160752539067,485.1887817382813,1990140,487.5485331217448,507.8328704833984,516.0289721679687,497.6681541442871,489.4898501949223,500.886400526511,34.70808277033916,-11.005611254125824,-8.974275862977033,-2.031335391148792,545.2136877569535,464.2923028436325,29.125752029744287,0,488.3968161400288,514.7825263394265,10.281444728384356
2025-10-14,485.1887565096808,487.178254229864,482.0055480144573,484.7908630371094,1611549,487.11194864908856,505.26687067205256,515.200346069336,497.5809335327148,488.55005276335976,499.4231698456563,34.48775578155626,-10.827146700203798,-9.344850030422386,-1.4822966697814124,540.2673746381687,463.9117330278469,29.192384812152007,0,488.3968161400288,512.6935774519932,9.983021173473134
2025-10-15,483.4976713089305,491.80383036223503,483.4976713089305,490.5603942871094,2084672,486.9019436306424,503.2005074240944,514.3806726074218,497.543981628418,488.9521210681097,498.6174629766975,40.39581316550762,-10.103690249692818,-9.496618074276473,-0.6070721754163451,535.5680437764224,464.3784070292416,28.532106060284573,0,488.3968161400288,511.3506556153492,9.897756057466031
2025-10-16,491.3064778488942,499.3639500466098,491.3064778488942,498.1205139160156,1236003,487.4103732638889,501.3850902210583,513.805707397461,497.5371974182129,490.7857996376909,498.5722857893628,47.12476417241288,-8.81865140496734,-9.361024740414646,0.542373335447305,530.431184874889,466.0933268438609,26.88780114434115,0,488.3968161400288,511.3506556153492,9.339989435651145
2025-10-17,497.9712991492911,508.96326221313217,496.97655026180047,505.68060302734375,3436032,489.0682881673177,500.1484375,513.4804241943359,497.5775700378418,493.7647603156215,499.218496447361,52.8563727436383,-7.108273105717785,-8.910474413475274,1.802201307757489,524.7489362974251,468.9952531557,25.638598136809613,0,492.7985877280756,511.077120512137,9.130380753250831
2025-10-20,508.4161666945164,508.4161666945164,500.8560690152733,501.9005432128906,824259,490.42777845594617,498.7648301558061,513.2924163818359,497.5904248046875,495.3919168950754,499.462318880591,49.941356486356106,-5.988770399416353,-8.32613361066349,2.337363211247137,517.76702072766,472.9033924803478,24.478623915530324,0,492.7985877280756,508.93836518588273,8.878139563251485
2025-10-21,503.492157497693,505.1832427969366,500.8063536402993,503.7408447265625,128942,493.3291320800781,497.41287647594106,513.0775506591797,497.5930296325684,497.0617024613728,499.8512757756793,51.34811102944192,-4.896614364620461,-7.640229761454885,2.7436153968344232,514.4192140705975,474.69441813155095,23.39487770094405,0,492.79859319604384,508.2917994839037,8.434055236421118
2025-10-23,504.3376801090613,512.2956711166993,502.64659487700754,508.7145690917969,3693389,496.2028503417969,496.3254339044744,513.1601147460938,497.6086848449707,499.39227578745766,500.65702971350817,55.0266229144675,-3.588370349651996,-6.829857879094307,3.241487529442312,513.6217899390773,475.1337337425634,23.137191014802152,0,496.155873185303,508.2917994839037,8.245763881950296
2025-10-24,509.7093606298386,509.7093606298386,495.7828456729492,505.7800903320313,3786598,498.2752448187934,495.7104991566051,513.1282830810546,497.5527909851074,500.6698386963725,501.1227624970103,52.50429676393248,-2.756589209362801,-6.015204145148006,3.258614935785205,511.4214746656953,476.4039586839141,21.980463184101144,0,496.155873185303,508.2917994839037,8.739588706656743
2025-10-27,505.82981871095626,507.5209039941205,502.0497850110128,504.3874206542969,3258720,500.40842692057294,495.3510339910334,513.2108471679687,497.5886674499512,501.41335508795737,501.4195496022182,51.30239802084019,-2.1845908633787303,-5.249081488794151,3.064490625415421,511.5489972138764,476.3510424589752,20.906358769878786,0,497.1506095655783,508.2917994839037,8.707613775905239
2025-10-28,505.43192378482223,505.5314047466072,498.36920050067255,500.756591796875,2826407,502.1823967827691,494.6999248157848,513.208857421875,497.5866923522949,501.28200242974094,501.3592807108233,48.204259760343774,-2.001187157990387,-4.599502622633398,2.598315464643012,511.9421078542241,476.3210147043697,19.431433919645063,0,497.8966712128149,508.2917994839037,8.302610198136048
2025-10-29,500.7565952703829,506.22771427590567,499.1649909427653,505.3821716308594,1880484,503.82926093207465,494.779052734375,513.3511065673828,497.5837158203125,502.10203626996463,501.7249980671902,52.16733901028676,-1.4656971210521306,-3.9727415223171447,2.507044401265014,513.280621752956,476.4945186279034,18.151462013709672,0,501.8010744827967,505.28269455240775,7.808787594310514
2025-10-30,508.8140538151081,508.8140538151081,496.9765481751369,498.9162902832031,1744704,503.9176805284288,494.86044034090907,513.0019494628906,497.5119694519043,501.4648870726124,501.4696609959187,46.77921173931978,-1.5452473463859064,-3.487242687130897,1.9419953407449908,513.6352266109603,477.1595304691178,17.299869199579028,0,504.0392583948242,497.9464047214791,8.132080110955902
2025-10-31,500.2592085974031,500.3089642560892,484.1442948618376,484.9898071289063,4980727,501.6187032063802,494.620795510032,512.3155725097656,497.3865948486328,498.1698710838712,499.9714924625539,37.738171108112816,-2.7009078902650003,-3.329975727757718,0.6290678374927179,513.8128696056622,476.2358242419942,17.16542647694104,0,498.2199829892684,497.8718019814365,8.89945695668331
2025-11-03,485.5369395695803,501.80109000223024,483.0500673430995,500.6571044921875,4523334,501.4805433485243,495.1633855646307,511.68490112304687,497.3747660827637,498.6673177655345,500.0338208288842,49.551032661898766,-2.3257474681390704,-3.129130075833989,0.8033826076949184,514.3192070915527,476.44073248364265,16.835452163291887,0,497.6728692298994,497.8718019814365,9.730782519110091
2025-11-04,499.6623538184683,517.2196959606282,499.3142159938649,514.3348999023438,5322219,502.65766059027777,496.1581337668679,511.7117590332031,497.42270858764647,501.80083419289633,501.33391892647137,57.18776906386557,-0.9142079312685496,-2.686145646920901,1.7719377156523517,517.1497459599192,475.96774671586206,16.480060688405075,0,500.1348816518639,496.9268046018236,10.640266358492706
2025-11-06,514.3349077217684,521.7457991858328,508.3664143087752,520.9500122070312,3911239,504.0171542697483,497.4038321755149,511.86594482421873,497.488953704834,505.63066979572335,503.1172001337949,60.3165205246686,0.7298187037619641,-2.002952776784328,2.732771480546292,521.1214971560548,475.1244836789061,16.553956432782584,0,502.3979332644661,499.1898562144258,11.002639631617924
2025-11-07,522.0,522.0,512.5,518.6500244140625,1754801,505.4471469455296,498.67158924449575,511.92140991210937,497.5097206115723,508.2345407193913,504.5292750683647,58.70999279603172,1.8260819277369933,-1.2371458358800638,3.063227763617057,522.7904371185286,477.5576799469011,16.645347696044986,0,502.52503367154975,499.3169566215095,11.052385648796465
2025-11-10,520.0,521.0,512.7999877929688,515.4500122070312,1005698,506.67632378472223,499.8436293168501,511.83727294921874,497.49651351928713,509.6776350169192,505.522069353698,56.45689660005338,2.408895936527017,-0.5079374813986477,2.9168334179256648,523.8554430554377,479.7525647570623,16.7302110119315,0,502.52503367154975,499.3169566215095,10.781907095632148
2025-11-11,515.7000122070312,521.6500244140625,512.6500244140625,519.9500122070312,1478112,508.8089260525173,501.7673270485618,512.0132391357422,497.5277198791504,511.7321104549417,506.8337005221828,58.84855088598589,3.197039152114314,0.2330578453039447,2.963981306810369,525.7813085324619,481.108846496835,16.875528533514164,0,502.52503367154975,499.3169566215095,10.884757261400498
2025-11-12,519.9500122070312,524.9000244140625,516.0499877929688,522.2999877929688,2517903,510.68868340386285,503.5604580965909,512.0919659423828,497.5723997497559,513.8456859225471,508.2397266377088,60.081620088420166,3.965559220730597,0.9795581203892753,2.986001100341322,527.4159456940222,483.1853299407435,17.344191103204853,0,503.975045878581,500.7669688285407,11.204267794575957
2025-11-13,522.0,528.5999755859375,517.0,522.2000122070312,1859578,513.2757636176216,505.1546159224077,512.1179608154297,497.62027297973634,515.5165511794439,509.5088435076472,59.99925115568379,4.514509265118932,1.6865483493352067,2.827960915783725,528.2879544567936,486.0542360949642,18.139598745184426,0,505.8250214645185,502.6169444144782,11.343617747879224
2025-11-14,522.0,527.0,517.5499877929688,525.0,1789377,517.7213406032986,506.9642167524858,511.7831561279297,497.6619566345215,517.4132409435551,510.91713046149744,61.587579695002525,5.116511781784084,2.372541035824982,2.7439707459591016,529.9232714319572,487.86287969108974,18.87819155559402,0,505.8250214645185,502.6169444144782,11.023867551460784
2025-11-17,529.0,529.9000244140625,523.3499755859375,524.25,1856462,520.3427734375,508.7578138871626,511.4552362060547,497.71441665649417,518.7805927548442,512.1292095104521,60.89013628891025,5.470029288780552,2.9920386864160964,2.477990602364456,531.6541675691893,488.744932162256,19.852628236455917,0,514.6071202039636,503.266974296509,11.10093396896202
2025-11-18,524.2000122070312,524.25,512.5,520.8499755859375,1958068,521.0666707356771,510.1346130371094,510.8762811279297,497.7390431213379,519.1944693210628,512.9220064264053,57.70008445562218,5.413438159649957,3.4763185810628685,1.937119578587088,532.8088676550957,489.10716933220897,19.00237177818656,0,519.1332193614188,504.9580498339846,11.428633665680971
2025-11-19,520.8499755859375,523.5499877929688,516.5999755859375,517.5499877929688,2419687,520.6888902452257,511.0177709406073,510.3506964111328,497.7397831726074,518.865573015444,513.3427320051838,54.704452526814805,5.044161887989958,3.789887242448287,1.2542746455416711,533.345091052021,490.1358903932916,18.21284792407929,0,521.2000122070312,504.9580498339846,11.420582870958892
2025-11-20,519.0499877929688,527.0,516.7000122070312,525.0499877929688,2956054,521.3999972873264,511.8981975208629,509.9850592041016,497.8137248229981,520.102455970949,514.4070279858915,59.81126543075512,5.295650143663806,4.091039822691391,1.2046103209724155,534.846811768687,490.7650839832662,17.900525062013973,0,521.2000122070312,505.9527862142599,11.310760167601574
2025-11-21,525.0499877929688,525.0499877929688,514.2999877929688,515.6500244140625,2659623,521.4222208658854,512.523173939098,509.4702178955078,497.7638465881348,519.2119696595717,514.5200276611798,51.91160423160961,4.682481183909658,4.209328094935045,0.4731530889746134,535.140721433781,491.1647198503988,17.23847019211478,0,521.2000122070312,506.475045878581,10.923998068012173
2025-11-24,516.9500122070312,517.8499755859375,511.3999938964844,512.4000244140625,5926288,520.5833333333334,512.9167730158025,508.8257183837891,497.7166770935058,517.8495806104698,514.3273000932601,49.47837628133298,3.88945728457054,4.145353932862144,-0.2558966482916043,535.2020702300086,491.7653644623741,16.187690281331164,0,520.6500091552734,506.475045878581,10.045352284463773
2025-11-25,511.3999938964844,515.4500122070312,509.0,514.4000244140625,2050235,519.7055596245659,513.1752028031783,508.288861694336,497.6339573669434,517.1596693711883,514.3339113951512,51.00047062894337,3.3833621237256466,3.992955571034845,-0.609593447309198,535.2772766316734,492.6914184366861,15.20015623924539,0,519.4500122070312,506.475045878581,9.227104587340053
2025-11-26,514.1500244140625,520.0499877929688,513.8499755859375,517.2000122070312,914828,519.1500040690104,513.6942901611328,507.9124542236328,497.58764358520506,517.1677379383569,514.594466014413,53.12946732817784,3.1716528373322035,3.828695024294317,-0.657042186962113,535.1997300880951,494.41330702128,14.60095912618866,0,519.4500122070312,506.475045878581,8.714292253766741
2025-11-27,517.25,520.5,514.75,519.1500244140625,1262843,518.5000067816841,514.3653176047585,507.5342608642578,497.5190715026856,517.5641952334981,515.0086076871085,54.60865080383601,3.1251960757633697,3.687995234588128,-0.5627991588247578,535.4739246765091,495.5158977111863,14.106821583914572,0,519.4500122070312,506.475045878581,8.446435110909599
2025-11-28,520.4500122070312,520.4500122070312,513.4500122070312,517.4000244140625,999605,517.7388983832466,515.1218372691761,507.2245220947266,497.4887767028808,517.5313610696111,515.2260092077406,52.9923552380102,2.9135824184000967,3.533112671350522,-0.6195302529504252,534.8165291711944,498.02166662958695,13.430491878182629,0,518.0,506.475045878581,8.360719953264509
2025-12-01,517.4500122070312,519.3499755859375,514.1500244140625,515.25,1619957,517.1166788736979,515.5703749223189,506.8827239990234,497.4738310241699,517.0750888556888,515.2281901888551,50.99534675303682,2.5430731048894586,3.3351047580583097,-0.7920316531688512,528.9392203194594,506.9249947684313,12.802471437145824,0,518.0,506.475045878581,8.089287894112724
2025-12-02,513.0999755859375,517.8499755859375,507.0,507.9500122070313,2434279,516.0500149197048,515.9809986461293,506.3720477294922,497.41795364379885,515.2500735259573,514.5665376450529,44.819492373496615,1.6414719315615685,2.9963781927589617,-1.3549062611973932,527.1707325992056,509.4227732601694,12.698794966802586,0,517.0,506.475045878581,8.232140677315849
2025-12-03,505.1499938964844,509.0499877929688,500.7999877929688,506.0,1388012,513.933349609375,516.9360074129971,505.839281616211,497.3474018859863,513.4000588207659,513.7877614955027,43.31059222992622,0.7608264837316483,2.549267850953499,-1.7884413672218509,528.202094856014,507.5579210131266,13.39324283922968,0,512.9249877929688,506.475045878581,7.992856706891741
2025-12-04,505.1499938964844,510.25,502.5499877929688,508.1000061035156,1371715,513.094458685981,517.2743211226029,505.6151086425782,497.33856323242185,512.3400482773159,513.2706928235039,45.4408354333948,0.2297135686611682,2.085356994495033,-1.8556434258338648,528.3262254538577,506.1487898049313,13.816256066732338,0,510.6499938964844,506.475045878581,7.867856706891737
2025-12-05,503.25,510.7999877929688,502.3500061035156,510.1000061035156,1205977,512.8389010959202,517.081825949929,505.57119567871104,497.30008346557617,511.8920398425559,512.9824485762322,47.46555795884032,-0.0294741974898897,1.6623907560980486,-1.6918649535879384,528.3206606613113,505.2993527664231,14.103661234187568,0,510.6499938964844,506.475045878581,8.003566196986608
2025-12-08,508.1000061035156,510.8999938964844,500.75,504.4500122070313,1140189,511.73334418402777,516.331825949929,505.3585760498048,497.26240768432615,510.403634315451,512.2067725426684,42.650270093124654,-0.6829174111740031,1.1933291226436384,-1.8762465338176413,529.0269200535982,503.493093374136,14.589424647039804,0,510.625,506.475045878581,7.889280046735491
2025-12-09,500.3500061035156,505.9500122070313,498.0,503.6000061035156,1423785,510.2222323947483,515.6477342085404,505.3577490234376,497.22023529052734,509.042908673064,511.4243392300182,41.9605957667333,-1.254898565068288,0.7036835851012532,-1.958582150169541,529.2648011530543,501.6202116643285,15.405341256646045,0,509.25,506.475045878581,7.960708618164067
2025-12-10,505.0,505.9500122070313,498.1000061035156,502.5499877929688,1311806,508.3777838812934,515.0613694624467,505.4662335205079,497.169612121582,507.744324497045,510.61758000846817,41.076946467699415,-1.7724932538316691,0.2084482173146686,-1.980941471146338,529.0167013817594,499.8933114356233,16.162978108423264,0,509.2250061035156,513.9500122070312,7.785709926060276
2025-12-11,500.1000061035156,503.3500061035156,496.6499938964844,501.75,1116224,506.6388922797309,514.2340961803089,505.6959936523438,497.14158065795897,506.54545959763607,509.8114363713347,40.37924812639701,-2.221633494850892,-0.2775681251184434,-1.944065369732448,528.5650847025406,498.2999268941392,17.06727311433963,0,507.9999847412109,513.2750091552734,7.496425083705366
2025-12-12,502.5,503.7000122070313,494.0,495.0,1506050,504.3888922797309,512.9931876442649,505.8215911865235,497.1324896240234,504.2363676781089,508.4649421557588,34.98041835888199,-3.086667774910381,-0.8393880550768311,-2.2472797198335503,528.146056552581,495.7189550440987,18.26067214941889,0,505.9249877929688,511.9500122070313,7.7285701206752355
2025-12-15,493.5,499.8999938964844,493.1000061035156,497.2000122070313,993514,503.1944478352864,511.85682400790125,505.9165826416016,497.1053450012207,502.8290965838934,507.4408576149654,37.89498556453777,-3.553725934795977,-1.3822556310206604,-2.171470303775317,526.979088188613,494.1809246287698,19.48620505707765,0,502.0,511.50001525878906,7.753568376813628
2025-12-16,497.0,504.5,494.6000061035156,497.2000122070313,1484940,502.2166714138455,510.59318819913,505.9896899414063,497.0865719604492,501.703279708521,506.5098716687896,37.89498556453777,-3.8791563912898814,-1.881635783074505,-1.9975206082153771,526.0866341344262,492.708382345066,19.461844860203097,0,502.0,511.50001525878906,8.017852783203137
2025-12-17,497.0,498.6000061035156,492.2999877929688,494.1499938964844,551891,500.6666700575087,509.2250061035156,506.0575024414063,497.0670755004883,500.1926225461137,505.38624641676176,35.34737088435895,-4.333222666691427,-2.3719531597978896,-1.961269506893537,525.7693302706674,490.6856868191764,19.79021542987905,0,501.59999084472656,511.1000061035156,8.057139805385052
2025-12-18,494.0499877929688,494.0499877929688,489.5499877929688,492.5499877929688,683973,498.7166680230035,507.93864302201706,506.115199584961,497.0137260437012,498.6640955954847,504.2193138145988,34.05399734752818,-4.767226957196044,-2.851007919277521,-1.9162190379185235,523.595541289343,489.6094758005007,20.48879975740786,0,500.22499084472656,509.7250061035156,7.885711669921879
2025-12-19,493.0,495.0,491.3999938964844,493.9500122070313,1241449,497.5500013563368,506.8659168590199,506.4416265869141,497.005294342041,497.72127891779405,503.2857409411835,36.25201887945797,-4.941248576757971,-3.269056050773611,-1.67219252598436,522.8459671091875,488.1890487599531,20.89416880545268,0,497.75000000000006,509.7250061035156,7.7714298793247805
2025-12-22,495.3999938964844,497.5,493.0499877929688,493.7000122070313,998215,496.4500020345052,505.44091796875,506.6586047363282,497.04460998535154,496.9170255756415,502.4143110562606,36.021136937802545,-5.041222796337706,-3.62348939988643,-1.4177333964512764,522.359537221447,486.8054774269904,20.645715710594825,0,497.75000000000006,509.7250061035156,7.314289637974331
2025-12-23,494.1499938964844,495.5,491.4500122070313,493.1499938964844,993407,495.4055582682292,504.41818930886006,506.77903381347664,497.0888084411621,496.16361923981015,501.5721004053718,35.48567007305064,-5.105976448458421,-3.919986809600829,-1.185989638857592,521.3664195230488,485.67359207363097,20.68405923651435,0,497.0249938964844,508.2749938964844,7.0142887660435225
2025-12-24,493.1499938964844,495.0499877929688,489.0499877929688,490.5499877929688,850597,494.161112467448,503.4250058260831,506.8862579345704,497.1596476745606,495.0408929504419,500.5700901678806,32.989186598515744,-5.305929495289831,-4.1971753467386295,-1.1087541485512018,519.7099196666067,484.6650894886668,21.10600480981488,0,496.7749938964844,508.0249938964844,6.892859322684152
2025-12-26,490.7000122070313,492.9500122070313,487.7999877929688,488.2000122070313,518698,493.4055582682293,502.23409618030894,506.9544409179688,497.1990397644043,493.6727168017599,499.4455376259852,30.87494075992592,-5.5895838722235,-4.475657051835604,-1.1139268203878956,517.3003514454903,483.97965648908,21.69215585954836,0,496.1499938964844,507.3999938964844,6.657148088727674
2025-12-29,488.3500061035156,491.25,485.9500122070313,489.2999877929688,982019,492.5277777777779,500.965913252397,506.929232788086,497.2079840087891,492.7981710000017,498.5232149138928,33.038232850465164,-5.660373905732399,-4.712600422614964,-0.9477734831174356,514.6360354200962,483.8339688523648,22.51807232503362,0,495.2250061035156,505.5,6.310719081333697
2025-12-30,489.3999938964844,497.3500061035156,487.0,495.6499938964844,2216264,492.3555535210504,499.89773004705256,506.8798223876954,497.2447387695312,493.3685355792983,498.2620130032193,43.944447972004006,-5.14477730371982,-4.799035798835935,-0.3457415048838852,511.7404738583149,484.7695298037945,21.711411311841253,0,492.27500915527344,503.2250061035156,6.482147216796863
2025-12-31,495.0,509.8999938964844,494.8999938964844,503.6000061035156,2391679,493.4055548773872,499.2704564874823,506.8382104492188,497.3333082580567,495.41482968414175,498.7472851032462,54.03762615742488,-4.04800090324909,-4.648828819718567,0.600827916469477,510.9945561527516,485.0804468990062,21.488732079190225,0,497.9250030517578,503.2250061035156,6.992861066545743
2026-01-01,505.0,505.8999938964844,497.8500061035156,499.9500122070313,698247,494.22777981228296,498.5750024968928,506.7991998291016,497.3829455566406,496.3218661887197,498.856623930863,49.62012953289745,-3.433739693446057,-4.405810994464065,0.9720713010180076,510.1817831989306,485.2882210735304,21.28195850601427,0,497.9250030517578,503.2250061035156,7.089287894112707
2026-01-02,501.4500122070313,526.3499755859375,499.0,522.5999755859375,5340608,497.4111090766059,499.2409099232067,507.1763824462892,497.53401412963865,501.5774880681632,501.0151104449607,67.41931753793793,-1.1065152886625356,-3.745951853303759,2.6394365646412234,514.5923632856927,482.3276379350104,23.045299505658804,0,506.1499938964844,506.1499938964844,8.349999564034578
2026-01-05,524.0,534.0,519.9000244140625,521.2000122070312,3290459,500.46666463216144,499.9318195689808,507.4260913085938,497.673158569336,505.5019928959369,502.85010151423984,65.87026408934955,0.6177405456984957,-2.8732133735033085,3.490953919201804,517.4350142810456,480.5949875500092,25.14314536871285,0,509.9750061035156,509.9750061035156,8.871427263532345
2026-01-06,517.4000244140625,522.6500244140625,501.25,520.3499755859375,2899294,503.4888848198785,500.4886363636364,507.7174890136719,497.8385838317871,508.471589433937,504.44099915712144,64.89527275126653,1.8938042689915733,-1.9198098450043324,3.8136141139959054,520.4556898213267,479.16430834761866,24.49439161741785,0,509.9750061035156,509.9750061035156,9.692858014787928
2026-01-07,523.7999877929688,527.0,518.75,520.9000244140625,2870097,506.8611111111111,500.9795462868431,508.04774108886727,498.0067593383789,510.9572764299622,505.9372741804797,65.25367319907005,2.915866018328188,-0.9526746723378284,3.868540690666016,523.340169554928,478.009830445072,24.2308920296909,0,509.9750061035156,509.9750061035156,9.83214242117744
2026-01-08,520.0,526.5999755859375,515.0,519.4500122070312,3203359,510.3333333333333,501.6613644686613,508.4216094970704,498.1642375183105,512.6558235853761,507.1657049101662,63.41563561198063,3.5677269163263645,-0.0485943546049897,3.6163212709313535,525.6896953368365,477.35030710456977,23.555958150608863,0,509.9750061035156,509.9750061035156,10.332140241350434
2026-01-09,518.7000122070312,525.5499877929688,516.0999755859375,522.4000244140625,1522552,514.0111151801216,502.51591075550425,508.76196655273446,498.318984375,514.6046637511134,508.550643046884,65.54217819416084,4.273114896614231,0.8157474956388546,3.457367400975377,528.465020585192,476.6399842976206,22.929233834318403,0,510.5,509.9750061035156,10.74999782017298
2026-01-12,522.2999877929688,525.9500122070312,519.5,524.0,1894623,517.1611158582899,503.4909113103693,509.2636407470704,498.44332122802734,516.4837310008908,509.9551300426218,66.67364196193708,4.904706211141161,1.633539238739316,3.2711669724018444,531.3418251605443,476.6631797222681,22.38459422708533,0,514.4499969482422,509.9750061035156,10.892854963030128
2026-01-13,525.0,529.1500244140625,516.75,522.0499877929688,1288670,519.2111138237847,504.4136380282316,510.0048443603516,498.5559382629394,517.5969823593064,511.0546625653806,63.91884006461252,5.188092093914577,2.3444498097743685,2.8436422841402083,533.5251597173024,476.9648427241039,22.18235316974375,0,515.9250030517578,509.9750061035156,11.489286150251113
2026-01-14,518.0999755859375,523.7000122070312,511.1000061035156,513.75,798936,520.7444458007812,505.26591075550425,510.2667022705079,498.6169604492188,516.8275858874451,511.2996932412551,53.7407808293118,4.688887225492806,2.813337292918056,1.8755499325747504,534.3300120775855,477.8149891431176,21.250914261128592,0,516.5,509.9750061035156,11.960715157645083
2026-01-15,513.75,513.75,513.75,513.75,0,519.7611151801216,506.018182927912,510.25500427246095,498.6799523925781,516.2120687099562,511.5224484011409,53.74078082931179,4.244337687834786,3.0995373719014023,1.144800315933384,534.9259096795392,479.1790921515154,20.386006703128807,0,517.625,509.9750061035156,11.592856270926337
2026-01-16,513.75,520.2999877929688,512.0,514.5499877929688,660633,519.0222235785591,506.8068181818182,510.1270037841797,498.7272468566895,515.8796525265587,511.7976792549434,54.54977867387595,3.911492059902685,3.261928309501659,0.6495637504010254,535.3441880128914,480.9608138181633,20.26308704736179,0,515.2000122070312,509.9750061035156,11.807141985212054
2026-01-19,510.7999877929688,517.7999877929688,510.2000122070313,512.75,581267,518.1777818467882,507.6522730047053,510.0090032958984,498.7968110656738,515.2537220212471,511.8842538681304,52.33215147498517,3.462551392882574,3.302052926177842,0.1604984667047317,535.5056015578359,482.6793990525157,19.89394133612576,0,519.6750183105469,509.9750061035156,11.610711233956469
2026-01-20,512.75,516.5,503.8500061035156,505.1000061035156,807821,516.4222242567274,508.2227283824574,509.8020031738281,498.8724444580078,513.2229788377008,511.2675040713472,44.12238603901897,2.461102053555976,3.1338627516534694,-0.6727606980974934,535.1528900840559,484.1721099159441,18.707884221619658,0,516.5000152587891,509.9750061035156,11.442853655133923
2026-01-21,501.1000061035156,518.4000244140625,501.1000061035156,516.2000122070312,4341920,516.0611131456163,509.234092018821,509.7270031738281,499.0121954345703,513.8183855115669,511.7159139018639,55.12332272496855,2.5339145731269355,3.013873115948163,-0.4799585428212274,535.2232436016193,486.40675822943535,17.47350353618377,0,515.1250152587891,509.9750061035156,12.10357012067522
2026-01-22,521.0,529.5499877929688,519.1500244140625,525.3499755859375,4249013,516.3888854980469,510.6727267178622,509.7880029296875,499.34715057373046,516.1247035264411,512.9553740549615,61.79968085864356,3.2919965081664486,3.06949779439182,0.2224987137746286,535.8151480697992,489.2948525405524,17.32768721264031,0,515.3249969482422,509.9750061035156,11.10357012067522
2026-01-23,525.3499755859375,533.0,517.9000244140625,519.0,2352107,515.8333299424913,511.8477269952948,509.7240026855469,499.6683296203613,516.699762821153,513.5048855045104,55.61588470892059,3.341868957445513,3.1239720270025586,0.2178969304429543,534.4645040685883,493.72549532106007,17.509293194082925,0,517.0500030517578,509.9750061035156,11.17499869210379
2026-01-27,520.5,521.0,512.0999755859375,513.4000244140625,1475952,514.8722229003906,512.8863650235263,509.49200317382815,500.0124758911133,516.0398151397349,513.495352678106,50.78930011970451,2.8961371378320564,3.0784050491684587,-0.1822679113364023,532.0174941118951,498.5825089398628,16.93499336433537,0,517.0500030517578,509.9750061035156,10.282141549246647
2026-01-28,513.9500122070312,518.0,502.2000122070313,515.75,2775407,515.0944451226128,514.1386371959339,509.32200317382814,500.3309468078613,515.9818521117879,513.70032061646,52.646485223398834,2.701375079317131,3.002999055198193,-0.3016239758810624,530.2325084182676,502.3774952438419,16.1245786999141,0,517.0500030517578,509.9750061035156,10.821426391601554
2026-01-29,515.7999877929688,517.2000122070312,499.3500061035156,510.4500122070313,1887628,514.727779812283,515.1000019420277,509.11400390625,500.5921406555176,514.8754841308366,513.4048380337847,48.225970621518144,2.095207772730191,2.821440798704593,-0.7262330259744023,529.5593587570171,503.73564551544393,15.647878283060075,0,516.1750030517578,509.9750061035156,11.267857142857135
2026-01-30,512.1500244140625,519.9000244140625,501.3500061035156,506.6000061035156,2737132,513.8444485134548,515.5977297696201,508.89500427246094,500.8535357666016,513.2203885253724,512.7862169492148,45.253440382757056,1.2892903616169633,2.515010711287068,-1.2257203496701043,528.329345260062,505.6306584020473,14.892055058446834,0,516.1750030517578,509.9750061035156,11.917857578822536
2026-02-02,501.0,503.0,493.8500061035156,499.0,2469560,512.3166707356771,515.3886385830966,508.3740045166016,501.0156224060058,510.376310820298,511.5329244992862,40.01069671511064,0.0369125257165592,2.019391074172966,-1.982478548456407,529.3777286246964,502.2222774788193,14.915844963185164,0,513.4250030517578,509.9750061035156,12.367856706891732
2026-02-03,509.0,510.0,495.6000061035156,500.5,1860653,511.8055589463976,515.4136380282315,508.0710040283203,501.1477839660645,508.40104865623846,510.5299313629874,41.45240723416812,-0.8250577163789217,1.4505013160625886,-2.2755590324415103,529.6977638102877,499.83224107252494,14.138663366733358,0,513.4250030517578,509.9750061035156,12.510711669921866
2026-02-04,500.0,506.2000122070313,496.7999877929688,501.2000122070313,1059709,510.1388922797309,514.4409124200994,507.84700378417966,501.29354064941407,506.96084136639706,509.68175689426414,42.15111930666976,-1.4351467303784489,0.8733717067743811,-2.30851843715283,529.6599219870367,497.9550865578852,13.416994741456682,0,513.4250030517578,510.5,12.282141549246644
2026-02-05,501.5499877929688,507.8999938964844,499.3500061035156,504.2999877929688,1537272,507.8000047471788,513.6727294921875,507.6450030517578,501.4732635498047,506.42867065171146,509.1925051577827,45.266287187330754,-1.6494902503844742,0.3687993153426101,-2.018289565727084,529.0036778527389,496.95132703007374,12.549029114766086,0,513.4250030517578,513.9250030517578,12.892854963030128
2026-02-06,502.0,509.0,498.5499877929688,508.2999877929688,950728,506.6111145019531,513.1250027743253,507.46700256347657,501.6294059753418,506.8029340799629,509.1113672155269,49.07684210392711,-1.4795372788748296,-0.0008680035008777,-1.4786692753739517,528.2729539617297,496.5670484796766,11.694030762512847,0,507.4250030517578,513.9250030517578,13.046428135463158
2026-02-09,510.5,516.0,507.5499877929688,514.4000244140625,1265939,506.7222256130642,512.8295482288707,507.3720025634765,501.80718460083006,508.32235214678286,509.5921542335756,54.30187286608807,-0.8429098097259384,-0.1692763647458899,-0.6736334449800485,527.2022010079195,496.8378014334867,11.688192799214807,0,506.87501525878906,513.9250030517578,13.107145036969854
2026-02-10,516.0,520.6500244140625,510.0,519.7000122070312,1143420,507.1611158582899,512.8409118652344,507.4180023193359,501.98437927246096,510.5978841588326,510.51105041298064,58.30487578172754,0.0882692542568861,-0.1177672409453347,0.2060364952022209,526.3826260512311,497.2273776108783,12.147129500317464,0,507.25001525878906,513.9250030517578,12.96429007393972
2026-02-11,519.7000122070312,523.0,517.0,522.3499755859375,1282937,508.4833340115017,512.8386369185014,507.5600018310547,502.209786529541,512.9483024442536,511.5873163377949,60.182923243546426,1.028212673594851,0.1114287419627024,0.9167839316321484,526.442558359336,497.1974440820704,12.798408701869972,0,508.4250030517578,513.4250030517578,12.157145908900658
2026-02-12,520.6500244140625,522.8499755859375,516.0999755859375,519.5499877929688,911264,509.92222086588544,512.6363636363636,507.7920013427735,502.4330123901367,514.2686395139966,512.3111955609926,57.24873395498271,1.529557207556195,0.3950544350814009,1.134502772474794,527.118678074049,497.1013231466542,13.267811538998618,0,508.4250030517578,513.4250030517578,11.685719081333692
2026-02-13,517.25,518.9500122070312,510.1000061035156,512.4500122070312,1746636,511.4166666666667,512.2000011097301,507.9210015869141,502.6135981750488,513.9049140526035,512.3238152560871,50.52232077085228,1.3385378389035054,0.5837511158458218,0.7547867230576836,527.0350218149019,497.0549806265044,12.8436044718741,0,509.3000030517578,513.4250030517578,11.282148088727666
2026-02-16,512.9000244140625,515.9500122070312,508.0499877929688,514.25,667469,512.9444444444445,512.2227283824574,508.04400146484375,502.78299392700194,513.9739312420828,512.4989229600792,52.06016235821054,1.317213566732562,0.7304436060231699,0.586769960709392,527.0100655648421,497.0499380972674,12.17533419588923,0,509.8999938964844,513.4250030517578,11.210719517299092
2026-02-17,511.1000061035156,519.0499877929688,511.1000061035156,516.7999877929688,963143,514.6777750651041,512.3613641912287,508.1780010986328,503.0062580871582,514.53914255226,512.8899288539783,54.23052085388126,1.4889133647074004,0.882137557760016,0.6067758069473844,527.3622921096605,497.1027103317458,11.93444146948101,0,510.7749938964844,513.4250030517578,10.650004795619408
2026-02-18,525.0,525.2999877929688,503.5,510.6000061035156,4359136,515.3777770996094,512.1818195689808,508.3010009765625,503.1864575195313,513.7513152625112,512.6817540584816,48.48322674854489,1.1118828908601015,0.9280866243800332,0.1837962664800685,527.2873258214923,497.727676619914,11.439754787967274,0,511.9249877929688,513.4250030517578,10.93214634486606
2026-02-19,510.6000061035156,514.2999877929688,500.0499877929688,501.6499938964844,923005,514.6388888888889,511.6772738370028,508.2620007324219,503.3280624389648,511.3310509893059,511.6788667710273,41.62527173450737,0.0898565271326674,0.7604406049305601,-0.6705840777978926,527.2125083635252,496.34749224682633,11.376867248324874,0,512.6749877929688,513.4250030517578,10.625002179826993
2026-02-20,501.1499938964844,511.1499938964844,500.3999938964844,509.7000122070313,1277646,514.1166653103298,511.8863650235264,508.4050012207031,503.5025308227539,511.004843232851,511.4989709015731,48.659566615120944,-0.0697336820931013,0.5944057475258278,-0.6641394296189291,525.0590735262371,496.935930746224,11.31847167579979,0,512.6749877929688,513.4250030517578,10.48214503696985
2026-02-23,509.0,515.9500122070312,507.2999877929688,514.3499755859375,1044529,513.522216796875,511.8022724498402,508.65700073242186,503.7662353515625,511.6738697034683,511.75815314560623,52.23970678402747,0.1769631891338576,0.5109172358474338,-0.3339540467135761,524.4172609721971,497.1127408588576,10.583826262963884,0,512.6749877929688,513.4250030517578,10.071432931082567
2026-02-24,514.4500122070312,519.75,512.75,518.0499877929688,1517098,513.0444403754341,511.4704548228871,509.11800048828127,504.077740020752,512.9490933213684,512.3301381135483,54.932729773338224,0.6633852080162796,0.541410830281203,0.1219743777350766,524.9927730921052,497.00222507684026,10.247862282053848,0,512.6749877929688,513.4250030517578,9.90000261579239
2026-02-25,521.25,523.75,516.5,518.6500244140625,3015805,512.9444444444445,511.4545468417081,509.54700073242185,504.3316752624512,514.0892795399072,512.9046732317769,55.372208397376646,1.0847913041736774,0.6500869250596979,0.4347043791139795,525.4026835253334,496.8823170850181,10.41986479597083,0,512.6749877929688,513.4250030517578,9.807146344866052
2026-02-26,518.6500244140625,525.0,517.4000244140625,524.4500122070312,714000,514.2777777777778,511.95681901411575,510.09200073242187,504.6210119628906,516.1614260733321,513.9542495022546,59.48491100259549,1.865267570355172,0.8931230541187928,0.9721445162363794,527.2849997909333,496.4000008194183,10.72715522127318,0,512.6749877929688,513.4250030517578,9.603572300502217
2026-02-27,523.0499877929688,525.5,512.0,518.5,2414657,514.75,512.0818190141158,510.57900085449216,504.904235534668,516.6291408586658,514.3674995475042,53.98827679554764,1.98085036557336,1.1106685164097063,0.8701818491636539,527.946372287494,496.92862771250594,10.200130649094742,0,512.7749938964844,513.4250030517578,9.964285714285705
2026-03-02,500.7999877929688,513.75,500.7999877929688,507.6000061035156,2107282,513.727779812283,511.9522732821378,510.8800012207032,505.1327130126953,514.8233139076358,513.7522728707779,45.66382912124288,1.1793177106479789,1.1243983552573609,0.0549193553906179,527.2431467725878,498.49185383776376,10.570634446816287,0,512.7749938964844,513.4250030517578,10.467856270926324
2026-03-04,499.0,504.9500122070313,486.0,487.3999938964844,1732747,511.1500006781684,511.07954545454544,510.7490008544922,505.2225190734864,509.33864990540553,511.3566111458421,34.91846443655464,-1.0735002173974522,0.6848186407263983,-1.7583188581238505,529.796521244322,494.628478755678,12.154128156884578,0,505.75,505.75,11.58214242117744
2026-03-05,494.0,494.0,482.0,487.8999938964844,972511,509.6222229003906,510.5749997225675,510.63300048828125,505.2813394165039,505.0509187036213,509.2241913959005,35.32415415958127,-2.786408848004044,-0.0094268570196901,-2.7769819909843534,531.7030421701,491.3919559988452,13.895134285317273,0,503.75,503.75,11.95714242117744
2026-03-06,486.0,486.1499938964844,477.5,478.6000061035156,1190560,506.1666666666667,509.57954545454544,510.34200073242187,505.3320698547364,499.7607361836002,506.44017455113817,31.403076293309997,-4.838556700505308,-0.9752528257168136,-3.8633038747884942,535.0973419383207,485.42765806167927,15.80141458505562,0,501.5,501.5,12.025000435965383
2026-03-09,472.5499877929688,473.0499877929688,464.2000122070313,466.7000122070313,858312,500.8722262912327,508.0113636363637,509.8650012207031,505.2932618713379,493.1485913882865,502.8274325198557,27.236876937415545,-7.340511862150208,-2.2483046330034924,-5.092207229146716,539.7618599592132,476.6031424821932,18.288684980305447,0,494.8500061035156,494.8500061035156,12.489283970424092
2026-03-10,472.5499877929688,483.4500122070313,471.2000122070313,480.8999938964844,1029742,496.7444491916233,506.9477275501599,509.7190008544922,505.3485983276367,490.69887188992607,500.8340290086401,37.83522020802075,-8.08431851371455,-3.415507409145704,-4.668811104568846,540.1825115960318,472.8324877936167,19.258055149147705,0,494.8500061035156,494.8500061035156,13.117856706891724
2026-03-11,485.0,485.0,470.0,471.8500061035156,861166,491.5444471571181,505.2909102006392,509.3700012207031,505.3345553588868,486.929098732644,498.199117835447,34.396579499811324,-9.29688037504917,-4.591782002326397,-4.705098372722773,540.5311578839419,467.69884089535503,19.973562463340244,0,494.8500061035156,494.8500061035156,12.632143293108244
2026-03-12,471.2999877929688,471.2999877929688,456.5,459.3500061035156,1756738,484.31111314561633,502.7886366410689,508.64400146484377,505.2661376953125,481.4132802068183,494.6673804052714,30.3003450031091,-11.13809687182072,-5.901044976225262,-5.237051895595459,541.4153325303959,460.51466930065885,21.42253376474342,0,491.0,491.0,12.710715157645078
2026-03-13,454.7999877929688,462.4500122070313,452.0499877929688,453.5,1711951,477.0888909233941,499.77954517711294,507.6420013427734,505.1497573852539,475.83062416545465,490.92489127751946,28.58467483691128,-12.920382683853065,-7.304912517750823,-5.61547016610224,542.2931113596301,453.03189169212766,22.990972489129664,0,482.8999938964844,488.7749938964844,12.685716901506684
2026-03-16,455.0,461.4500122070313,449.2000122070313,458.8500061035156,2534686,471.6722242567274,496.893182927912,506.8200012207032,505.0571725463867,472.43450055306687,488.00899262533727,32.35685691002034,-13.742738514836049,-8.592477717167869,-5.15026079766818,542.2345134489343,447.730488992472,24.58805580287252,0,477.0750122070313,487.3500061035156,12.94285801478794
2026-03-17,460.2999877929688,460.7000122070313,451.8999938964844,452.6000061035156,1315801,467.8055589463976,493.8500019420277,505.42000183105466,504.9461408996582,468.46760166315664,484.7899938506262,30.340643758026744,-14.728997487659342,-9.819781671266163,-4.9092158163931785,541.8274824703901,441.9725205813677,26.07106173706231,0,471.6000061035156,487.3500061035156,13.071430751255576
2026-03-18,452.2000122070313,455.7999877929688,450.0,451.8500061035156,2602680,463.8000047471788,491.0954562100497,504.0330017089844,504.8271734619141,465.1440825512285,481.7954495099798,30.098274439218383,-15.393684745709947,-10.93456228615492,-4.459122459555028,540.1840895662252,437.1209153165872,27.55037348017348,0,467.6750030517578,487.3500061035156,12.967858450753347
2026-03-19,448.7000122070313,448.7000122070313,428.7999877929688,430.2000122070313,3248941,458.4222276475695,487.27500221946025,502.2300024414063,504.592569732666,458.1552684823891,477.10495520971176,24.11077794077453,-17.466089549364142,-12.240867738796766,-5.225221810567376,541.2483625048303,428.0166429883337,29.833959707214756,0,456.8999938964844,477.1499938964844,14.071432931082583
2026-03-20,433.7000122070313,434.7999877929688,429.0,430.7000122070313,1933160,454.4222276475695,483.361366965554,500.4260021972656,504.35455673217774,452.6642172273175,472.8863240276499,24.48440406778508,-18.85083873115184,-13.56286193726778,-5.287976793884059,541.943532489584,420.2264748346348,31.954432632324504,0,456.8999938964844,477.1499938964844,13.521432059151786
2026-03-23,428.9500122070313,428.9500122070313,416.0499877929688,417.3500061035156,3382496,447.3611178927952,479.1227306019176,498.3840020751953,504.0192626953125,445.6013750025572,467.83756785272857,21.448119322952397,-20.78588956011322,-15.007467461836868,-5.778422098276352,542.017432163131,410.91757455073616,34.3426769350517,0,450.5249938964844,470.7749938964844,13.30357578822545
2026-03-24,422.1000061035156,426.2000122070313,417.0,421.3999938964844,2473037,441.7555609809028,475.4750033291903,496.3640014648437,503.71973022460935,440.7610987813426,463.6159702203427,24.506688914692774,-21.742002840799277,-16.354374537629347,-5.387628303169926,539.2153523581452,404.4246561867768,36.56033235901267,0,443.6749877929688,470.7749938964844,12.417861938476571
2026-03-25,425.0,439.1499938964844,421.1000061035156,431.0,2329148,438.6055603027344,471.89773004705256,494.5040014648437,503.5048843383789,438.8088790250741,460.65088201849335,31.33194575663967,-21.477509877628396,-17.379001605629156,-4.098508271999236,533.5221996612814,401.4128101043435,36.9190023424164,0,439.25000000000006,470.7749938964844,12.850003923688623
2026-03-27,430.0,430.0,418.5,419.6000061035156,1692776,434.8388943142361,467.590913252397,492.4550018310547,503.2116174316406,434.96710444076245,456.91898420804085,28.084814272718305,-21.93492932127242,-18.29018714875781,-3.6447421725146114,527.2515708132621,397.7784371213083,37.37800823348194,0,438.75000000000006,470.7749938964844,13.000004359654026
2026-03-30,417.5,417.5,408.0,410.4500122070313,2504445,429.4611172146267,462.70000527121806,490.3890020751953,502.8531495666504,430.0636859940163,452.69453220794907,25.775805302277234,-22.77324971676694,-19.18679966235964,-3.586450054407305,518.5980331217039,395.0319748128665,38.27383522027477,0,434.3500061035156,466.75,12.800005231584834
2026-04-01,420.0,420.9500122070313,412.2000122070313,414.9500122070313,979365,425.27778455946185,457.9863683527166,488.41300231933593,502.53220077514646,427.0409512366193,449.2632122078656,28.872975678033285,-22.81155487315993,-19.911750704519697,-2.8998041686402374,508.84062665941497,394.4343824958585,38.68330274731003,0,431.8999938964844,466.75,12.353576660156262
2026-04-02,412.4500122070313,420.0,403.3500061035156,417.25,1150474,421.433339436849,453.1136405251243,486.46700256347657,502.28947708129886,425.0827609892955,446.3529201889687,30.469920925139448,-22.398130486585277,-20.409026660932813,-1.98910382565246,499.8067234607783,394.4332850841436,39.45649887327388,0,426.02500915527344,464.4250030517578,12.471433367048004
2026-04-06,423.5,423.8500061035156,408.3500061035156,413.7000122070313,2859076,419.6000061035157,448.350004716353,484.4860028076172,502.0607655334472,422.80621123284266,443.3844740087926,29.373695217277916,-22.102163050541836,-20.74765393885462,-1.3545091116872143,494.54543926522376,392.3245711107528,39.70451850054738,0,421.25,464.4250030517578,12.482147216796887
2026-04-07,413.5,416.2000122070313,408.5,414.25,2064376,417.7722269694011,444.1068226207386,482.6690026855469,501.8091972351074,421.0949689862742,440.7358854625388,29.795107228534405,-21.57452955960952,-20.9130290630056,-0.6615004966039173,487.9007993730967,391.6042116132314,39.93482244015848,0,421.25,464.4250030517578,12.289289202008945
2026-04-08,425.0,430.6499938964844,422.8999938964844,427.25,1650777,418.8722262912327,441.37273198908025,480.89000244140624,501.62090545654297,422.32597518901935,439.5098958750352,39.05217832278935,-19.87824087515139,-20.70607142543476,0.8278305502833696,481.97003476014106,392.3999756158355,38.507455303633385,0,421.25,464.4250030517578,12.585717337472117
2026-04-09,427.1000061035156,433.3999938964844,422.9500122070313,429.3999938964844,1797506,419.7611151801216,438.7136410799894,478.9710028076172,501.4524736022949,423.7407789305124,438.5908138769851,40.45067556968818,-18.15119762492867,-20.195096665333544,2.043899040404874,477.9863372186945,392.65367132622737,36.90875190347042,0,421.25,464.4250030517578,12.70357186453684
2026-04-10,425.0,437.7999877929688,424.75,435.7000122070313,2166631,420.2833387586806,436.7636413574219,477.3050030517578,501.34065612792966,426.1326255858162,438.3280137251711,44.471444122701136,-16.088684243144428,-19.37381418089572,3.285129937751293,469.9593929401258,396.1606174358507,34.992111105755896,0,420.5749969482422,458.5500030517578,13.22142900739398
2026-04-13,430.0499877929688,432.3999938964844,422.6499938964844,424.75,1187970,420.8555603027344,434.8568226207386,475.53200256347657,501.1652247619629,425.856100468653,437.09364884106463,39.48162574611897,-15.16291337372462,-18.5316340194615,3.368720645736879,462.89164599774654,398.5183637678784,33.379883117239764,0,420.5749969482422,454.15000915527344,12.507143293108276
2026-04-15,430.2000122070313,437.3999938964844,428.25,433.25,4079260,423.3888922797309,432.69091380726206,473.8820025634766,501.0293388366699,427.3348803749224,436.74422621914965,44.67133144922025,-13.586734904820505,-17.542654196533302,3.9559192917128,458.681882407932,400.1181267473414,31.379506208905312,0,420.5749969482422,448.6750030517578,12.996429443359387
2026-04-16,435.5,441.3999938964844,426.3999938964844,427.5499877929688,3639152,424.7888895670573,430.6772766113281,472.2240020751953,500.8275276184082,427.3779018585317,435.90838636222406,42.066196261233074,-12.651704486669304,-16.5644642545605,3.912759767891199,455.0985168506445,401.1064910839258,29.13983018649786,0,422.375,444.75,13.02142769949778
2026-04-17,427.0,444.1000061035156,424.2000122070313,442.8500061035156,4983325,427.63333468967016,429.9272766113281,470.9490020751953,500.6768560791016,430.4723227075285,436.5394427023415,50.42369584738864,-10.554437547542364,-15.362458913156877,4.808021365614511,451.2366562308492,403.368351703721,27.3165361480045,0,426.2250061035156,444.1750030517578,13.78571210588728
2026-04-20,443.9500122070313,447.2999877929688,436.5499877929688,441.7000122070313,1662485,430.7444458007813,429.3909135298296,469.8030023193359,500.51403305053714,432.7178606074292,437.008585384586,49.84169264948928,-8.882738603529504,-14.066514851231402,5.183776247701898,448.6778934716914,404.8371150732305,25.92516175429561,0,427.8999938964844,444.1750030517578,13.264284406389512
2026-04-21,441.6499938964844,455.4500122070313,439.0499877929688,452.0,3053842,434.9388902452257,429.0795496160334,468.833002319336,500.3790728759766,436.5742884859434,438.3714412587145,54.86645994012185,-6.650123725407582,-12.583236626066638,5.933112900659056,448.7216131632337,404.8083947713366,25.3394853525926,0,439.0500030517578,444.1750030517578,13.542857578822549
2026-04-22,452.0,465.0,450.75,460.0,2380888,438.57777913411456,429.4159129749645,468.0090020751953,500.2895295715332,441.25943078875474,440.33767387155865,58.35596508730095,-4.186962510635055,-10.903981802980322,6.717019292345267,454.7653944919966,401.74461222187057,25.496434621528664,0,443.8249969482422,437.3249969482422,13.73214285714286
2026-04-23,458.8999938964844,461.2999877929688,452.7000122070313,460.0,1370343,441.97777981228296,429.7863672429865,467.1230023193359,500.214020690918,445.00754463100384,442.1251580650533,58.35596508730095,-2.2094206755781443,-9.165069577499889,6.955648901921743,459.7976085460873,399.64239694707686,25.64217322839787,0,443.8249969482422,434.1750030517578,13.596426827566969
2026-04-24,460.0,462.5,448.1000061035156,451.1000061035156,1509926,443.6888902452257,430.736366965554,465.9790026855469,500.06865142822267,446.2260369255062,442.9410533412771,53.06270849559618,-1.3448569768847278,-7.601027057376855,6.256170080492128,462.3379199407928,400.47708555237136,25.208548103233067,0,443.8249969482422,434.1750030517578,13.435712541852682
2026-04-27,452.4500122070313,457.3999938964844,451.0,452.0,677273,446.7166680230035,431.7045482288708,464.7310021972656,499.90783843994143,447.380829540405,443.7645939466155,53.52182331635572,-0.5803718653468195,-6.196896018970849,5.616524153624029,464.7969428762124,401.0780632273032,24.805896201294324,0,444.6000061035156,434.1750030517578,12.78571210588728
2026-04-28,452.1499938964844,453.1000061035156,449.0,450.1499938964844,533943,448.59444512261285,433.1954567649148,463.3400018310547,499.7205401611328,447.9346624116209,444.34508485114907,52.387468343868605,-0.1223812037061407,-4.981993055917907,4.859611852211766,466.647803712705,401.142201780459,24.17124347448148,0,444.6000061035156,434.1750030517578,12.528568812779016
2026-04-29,449.0499877929688,458.25,449.0499877929688,456.0,1078626,451.7555575900608,434.76818431507456,462.013002319336,499.4755770874024,449.5477299292968,445.4046225919537,55.59256829130058,0.704505199896289,-3.844693404755068,4.549198604651357,469.1612023187456,402.2688025640669,24.050704931484795,0,444.6000061035156,434.1750030517578,12.014284406389503
2026-04-30,456.0,456.0,440.3500061035156,441.5,1448773,451.60555691189234,435.2454570423473,460.4520025634766,499.1563905334473,447.9381839434374,445.0496569017761,47.12484589047974,0.1876269668223926,-3.0382293304395764,3.225856297261969,468.5910115414059,405.94399212070346,22.850878044254397,0,450.7749938964844,434.1750030517578,12.385713849748884
2026-05-01,441.5,441.5,441.5,441.5,0,451.5833333333333,436.2409113103693,459.033002319336,498.7926383972168,446.65054715475,444.7269608197964,47.12484589047974,-0.2194728108488561,-2.474478026521433,2.2550052156725764,468.13576464586015,409.0542377955461,21.73675307754045,0,452.0249938964844,434.1750030517578,11.453571864536826
2026-05-04,445.0,450.8999938964844,443.0,445.6499938964844,1046716,450.8777770996094,437.84091047807175,457.6610021972657,498.4484051513672,446.4504365030969,444.8108729176772,49.66950659978237,-0.2048708692951208,-2.0205565950761706,1.8156857257810497,467.9206887139815,412.1093131170732,21.59530523215058,0,452.6750030517578,434.1750030517578,11.192855834960929
2026-05-05,446.7999877929688,462.2000122070313,445.8500061035156,460.5499877929688,2742900,450.93888685438367,439.9136366410689,456.5360021972657,498.1370611572266,449.2703467610713,446.24170154270365,57.5657125606619,0.9975076107790528,-1.416943753905126,2.4144513646841785,468.7888058909409,415.9261934987076,22.315652317036413,0,451.4250030517578,434.1750030517578,11.471429007393969
2026-05-06,465.0,468.0,458.6000061035156,466.25,2906897,451.6333312988281,442.1409093683416,455.6490020751953,497.8771154785156,452.666277408857,448.0606377660942,60.14190441541603,2.3828762528706875,-0.6569797525499633,3.039856005420651,469.9376445728103,419.9773548168381,23.35494519518629,0,454.1750030517578,435.6750030517578,11.071428571428568
2026-05-07,469.3500061035156,474.5,461.1000061035156,470.0,2831472,453.7333306206597,444.6999997225675,455.0160021972656,497.6319802856445,456.1330219270857,450.0551252419039,61.785625803327385,3.740269049348513,0.2224700078297318,3.5177990415187805,472.9945198374516,421.1954795521968,24.69843968142808,0,457.4250030517578,438.9250030517578,10.607142857142858
2026-05-08,485.0,490.5,469.1000061035156,487.7000122070313,11860370,457.6999986436632,448.0386366410689,454.5760021972656,497.4706671142578,462.44641998307486,453.4773876932791,68.4080258075977,6.173096071088878,1.412595220481561,4.7605008506073165,480.27875690545966,419.7412443152434,26.697740342241524,0,465.4250030517578,446.9250030517578,11.36785670689174
2026-05-11,485.0,485.0,471.2000122070313,473.4500122070313,2033029,460.2888895670573,450.13863719593394,453.7580029296875,497.2344104003906,464.6471384278661,455.2930808308929,59.47230823278902,6.872056318081036,2.5044874400014563,4.367568878079579,483.1025740402975,420.6924271804057,28.554233812996863,0,465.4250030517578,446.9250030517578,11.374997820172991
2026-05-12,472.75,476.25,469.5499877929688,473.25,2195129,462.205556233724,452.1318192915483,452.8620031738281,497.0013815307617,466.36771074229296,456.9255280280844,59.355113838168016,7.325405323362133,3.468671016673592,3.8567343066885416,484.1524531578922,424.4925480628109,30.04580339807924,0,465.4250030517578,449.4250030517578,10.835712977818076
2026-05-13,480.7999877929688,480.7999877929688,461.6000061035156,463.1000061035156,2495630,464.60555691189234,453.3772735595703,451.7510028076172,496.7576414489746,465.7141698145375,457.48684421676,53.58446188398258,6.787426765120756,4.132422166363025,2.6550045987577318,484.1554759893074,427.47452584174727,30.36849528560141,0,466.0,449.5,11.59285627092634
2026-05-14,467.0,469.8999938964844,457.8500061035156,464.75,1901251,467.1888902452257,455.1954553777521,450.5570025634765,496.5196644592285,465.52133585163,458.14713110614537,54.36124850065959,6.420207444678283,4.589979222026077,1.830228222652206,482.9184402840234,432.4315627677344,30.205582335111245,0,466.75,456.5749969482422,11.424998692103795
2026-05-15,465.2999877929688,471.5,460.5,467.7000122070313,932763,469.6388922797309,456.7613650235263,449.5410028076172,496.3024060058594,465.9570711227103,459.0155748425895,55.78595292416031,6.294663851790858,4.930916147979033,1.3637477038118249,483.52683857574254,434.3081650863668,30.165432090400685,0,468.1750030517578,456.5749969482422,11.753570556640623
2026-05-18,466.7999877929688,466.7999877929688,453.8999938964844,456.3500061035156,1177536,469.1722276475695,458.0704567649148,448.5160028076172,496.0348634338378,464.0356581188714,458.7732504117646,49.396754207147936,5.219155833700597,4.988564085123347,0.2305917485772504,482.9381796002543,436.36182345150354,29.316219799657567,0,472.1999969482422,456.5749969482422,12.446428571428577
2026-05-19,456.3500061035156,462.25,451.5,452.7999877929688,1222771,467.6777818467882,458.52272865988994,447.8240026855469,495.7555390930176,461.7885240536909,458.2302265373286,47.56190669339504,4.03385144337318,4.797621556773314,-0.7637701134001338,482.9255433197375,436.4544585113171,28.24721572619705,0,471.0,456.5749969482422,12.55714198521206
2026-05-20,449.7999877929688,453.0,445.5499877929688,450.8999938964844,854233,465.5555589463976,458.9409096457741,447.08400268554686,495.413744506836,459.6108180222497,457.56384175179727,46.56497088236917,2.907657875808752,4.419628820580402,-1.51197094477165,482.799055148402,435.6709460723012,26.58959304550322,0,468.0249938964844,457.3500061035156,11.971429007393978
2026-05-21,453.0,454.1000061035156,443.6000061035156,446.8500061035156,2589322,461.0166693793402,458.70681901411575,446.4490026855469,495.07010299682617,457.0586556385029,456.58985669286255,44.42728492239365,1.669100836530788,3.86952322377048,-2.2004223872396915,482.7769524651512,434.3780493659036,24.840806241856207,0,464.3000030517578,457.3500061035156,12.721429007393978
2026-05-22,448.0,454.6499938964844,445.7000122070313,451.0499877929688,970954,458.52777777777777,458.3000002774325,446.1360021972656,494.72905838012696,455.8569220693961,456.0862322474177,47.13754081989871,1.014741572021194,3.2985668934206225,-2.2838253213994286,482.77771543156985,434.3722845684301,23.2757568735389,0,462.1999969482422,457.3500061035156,12.689285278320312
2026-05-25,453.3999938964844,455.75,446.25,447.2000122070313,879387,455.63333468967016,457.7181826504794,445.4620025634766,494.3339476013184,454.1255400969232,455.278394061928,44.97238163313303,0.1833823685041693,2.675529988437332,-2.4921476199331627,482.9046525835177,433.7653486371855,21.94589642393433,0,462.1999969482422,463.5249938964844,12.185712541852675
2026-05-26,447.2000122070313,449.1000061035156,445.2000122070313,447.6000061035156,1154362,453.911112467448,457.5590917413885,444.97700256347656,493.9142272949219,452.82043329824165,454.5803587929814,45.25373845571355,-0.4381489173637192,2.052794207277122,-2.4909431246408413,482.9816077844881,433.43339465691815,20.57671828292869,0,457.5500030517578,464.7749938964844,11.792855398995528
2026-05-27,440.75,447.0,440.2999877929688,445.4500122070313,1295057,451.7666693793402,457.2613650235263,444.6990026855469,493.5071334838867,451.3463490799997,453.7503272851677,43.95287251412823,-1.0916199630781875,1.4239113732060602,-2.515531336284248,483.093044662737,432.2669589993725,19.516537503416316,0,455.8999938964844,465.3999938964844,11.357142857142843
2026-05-28,445.4500122070313,445.4500122070313,445.4500122070313,445.4500122070313,0,449.2944471571181,457.0477294921875,444.5380029296875,493.1246597290039,450.167081705406,452.99575318715534,43.95287251412823,-1.5911585890586937,0.8208973807531095,-2.412055969811803,482.8180975487383,432.9369073340745,18.532083922440528,0,453.5499877929688,465.3999938964844,9.828571864536816
2026-05-29,445.4500122070313,455.0,440.1000061035156,443.3999938964844,13072946,447.85555691189234,456.4750019420277,444.2290026855469,492.7851550292969,448.81366414362174,452.123411433458,42.59872927724148,-2.127936368214648,0.2311306309595579,-2.359066999174206,482.663660873816,433.2813433986451,17.989618983133315,0,451.1750030517578,465.3000030517578,9.714285714285705
2026-06-01,441.0,442.0,423.5,424.6000061035156,3233902,444.7222256130642,455.7068204012784,443.6690026855469,492.3357344055176,443.9709325356005,449.6212836761905,32.66092687128952,-4.023952898123923,-0.6198860748571384,-3.404066823266785,485.3363710907999,428.5036344023643,17.729249268815607,0,439.625,457.0,10.657141549246644
2026-06-02,421.5499877929688,426.8500061035156,419.7000122070313,425.5,2753289,441.9000040690104,454.9795476740057,443.1420025634766,491.9403025817872,440.2767460284805,447.4284397056277,33.46119476182179,-5.391784536388855,-1.5742657671634817,-3.817518769225373,486.7842615743445,423.5507451395229,17.812924741639808,0,437.7250061035156,455.1000061035156,9.796428135463154
2026-06-03,424.7999877929688,424.7999877929688,416.0,417.8500061035156,3353591,438.6777818467882,453.7159118652344,442.89500244140623,491.4926942443848,435.7913980434876,444.7394911963448,30.17821630805113,-7.012258586186135,-2.661864330968013,-4.350394255218123,487.9935203830852,417.50148694113375,18.19666150847161,0,435.875,453.25,9.6142861502511
2026-06-04,417.5,428.9500122070313,414.6000061035156,424.6499938964844,2919945,435.7444491916233,452.0840939608488,442.7740020751953,491.1146481323242,433.5631172140869,442.9131732599938,36.172864120203975,-7.659499814523427,-3.661391427679096,-3.998108386844332,486.8692103232093,414.09079639065817,18.025171438531277,0,435.1750030517578,452.5500030517578,9.85357230050222
2026-06-05,425.2000122070313,426.9500122070313,420.6000061035156,424.1499938964844,1864100,433.18333604600696,450.1704573197798,442.9100018310547,490.7311177062989,431.6804925505664,441.20742968149295,35.92860005312808,-8.119195935704852,-4.552952329284247,-3.5662436064206045,481.0065968991732,413.59840798363945,17.865930659300957,0,434.8000030517578,452.5500030517578,9.32142857142856
2026-06-08,421.0,424.1499938964844,418.1499938964844,419.75,647231,430.0888909233941,447.88636641068894,442.877001953125,490.3385191345215,429.29439404045314,439.2567542559027,33.767652110020805,-8.737826929105495,-5.3899272492484975,-3.3478996798569973,478.1062335685218,411.1287700935877,17.955346304633423,0,434.8000030517578,452.5500030517578,8.982142857142845
