Date,Open,High,Low,Close,Volume,SMA_9,SMA_22,SMA_50,SMA_200,EMA_9,EMA_21,RSI_14,MACD_Line,MACD_Signal,MACD_Hist,BB_Upper,BB_Lower,ADX_14,ST_Direction,Ichi_Tenkan,Ichi_Kijun,ATR_14
2024-12-17,318.2763542448031,322.663011500857,312.9636130017906,314.18212890625,49498,320.19350179036456,306.4545496160334,309.97205505371096,,317.1071895665675,312.34785759330214,51.90861677844117,4.301606062557539,3.28312115734418,1.018484905213359,336.5670248129504,280.00692843412,18.94556877318856,0,321.88318547505486,308.6500963526963,10.87264556768363
2024-12-18,314.81577648365953,314.81577648365953,308.0408162519664,309.4055480957031,72104,319.1482849121094,307.5157651034269,309.23191345214843,,315.56686127239465,312.0803749117022,48.82223312986228,3.479120592774393,3.3223210444302227,0.1567995483441704,336.0504107468445,282.599891377179,17.68948980422718,0,321.5663510874384,308.6500963526963,10.855238168274363
2024-12-19,304.2878152253046,310.7703145159946,303.2642736658527,308.3332824707031,35635,317.49110243055554,308.3399255925959,308.4895098876953,,314.12014551205635,311.73973014433864,48.130402345934925,2.709538188040824,3.199764473152343,-0.4902262851115191,334.5819571779536,286.44688803689013,16.871080533378898,0,319.1780797943816,308.6500963526963,10.88308951062379
2024-12-20,308.38202244055424,312.232514991511,297.5615948595143,300.729736328125,98546,315.9043240017361,308.889365456321,307.6746484375,,311.4420636752701,310.7388216155919,43.43062964927112,1.4691603930377823,2.8536436571294312,-1.384483264091649,333.4156259604979,288.8219869545412,16.69949365541383,0,316.32674039121235,308.6500963526963,11.30782977220505
2024-12-23,300.3398294292663,304.239080626663,290.1042950360999,291.6640014648437,103826,311.34437052408856,309.21282681551844,306.76192260742187,,307.4864512331848,309.00474705643296,38.59196261108728,-0.2425806649960122,2.2343987927043427,-2.476979457700355,333.1480912624157,289.27473893777966,17.212749226800813,0,311.40394297700834,308.6500963526963,11.126792676260022
2024-12-24,293.2236683890755,303.1667705111992,291.66399176114805,299.4624938964844,50587,308.7827792697483,309.7046647505327,306.03106506347655,,305.88165976584474,308.1372694964376,44.33694828501231,-0.9588219191651888,1.5957546503304365,-2.5545765694956253,332.5605928553731,290.4714933262675,17.68934368594587,0,307.7971353607781,308.6500963526963,11.252124904012122
2024-12-26,300.19361517807613,300.2910726594285,294.2472511182118,296.24560546875,21517,306.6111111111111,309.997109153054,305.4584020996094,,303.9544489064258,307.0562091302842,42.56783625919454,-1.7656707316905909,0.9234695739262312,-2.6891403056168217,332.59977918898045,290.3933177348477,18.131895683723425,0,307.7971353607781,308.6500963526963,11.192939440434529
2024-12-27,293.0287273985424,299.07254878066533,292.54132100890706,296.927978515625,27276,303.9141269259983,310.15883844549006,305.2859411621094,,302.5491548282656,306.1354608925879,43.086605923808186,-2.3232613163208384,0.2741233958768171,-2.5973847121976554,332.8914283486067,289.70199511330736,18.708633992578022,0,307.7971353607781,308.6500963526963,10.92834612256846
2024-12-30,295.85566786646893,299.023809285138,289.51938502913106,290.8353881835937,50579,300.8651292588976,309.89519708806813,304.70770751953125,,300.20640149933126,304.7445451917702,39.64345771685486,-3.219662726021397,-0.4246338285028257,-2.795028897518572,333.89812416001723,287.4475362403733,19.533962937709347,0,306.09119826499403,309.6249003393965,10.910938532399753
2024-12-31,291.371561534666,297.17171002350614,288.54461015522804,294.5397033691406,31929,298.68263753255206,309.6049693714488,304.19492797851564,,299.0730618732932,303.8168322988039,42.64454613901623,-3.589779283195924,-1.0576629194414453,-2.5321163637544783,334.3592697525553,285.889729270882,20.393688368913725,0,301.6801933194438,311.37957213100367,10.0927925418903
2025-01-01,298.9750875568003,302.5818769455666,294.1984811990676,300.193603515625,53086,297.6590881347656,309.4631777676669,303.8873083496094,,299.2971702017596,303.48744786396946,46.97801156272087,-3.3878241036764507,-1.5236951562884469,-1.864128947388004,334.006899674451,284.8822360677364,20.24536537871477,0,300.38856257336954,311.8182480390692,9.90827482320615
2025-01-02,301.8020567310353,303.6541951497396,297.8053181966146,300.4860534667969,32816,296.7871738009983,309.2349839643998,303.4915368652344,,299.53494685476704,303.21459382786287,47.20023033576061,-3.167660088248056,-1.8524881426803683,-1.3151719455676871,332.98623348947933,284.0702575993878,19.929754022359276,0,300.38856257336954,311.8182480390692,9.553164030946805
2025-01-03,299.26753508373974,304.62900558198265,297.31790944801503,298.0977478027344,51687,296.49473063151044,308.5215981223366,303.3232879638672,,299.24750704436053,302.74942600739666,45.52230728791593,-3.1495883332564745,-2.1119081807955897,-1.0376801524608847,331.87106591413,283.1139499550106,19.469647113236785,0,296.5868078686053,311.8182480390692,8.992645342924877
2025-01-06,299.2188168881807,299.2188168881807,284.3529208918416,285.91259765625,79125,295.8556857638889,307.0261480158025,302.9688879394531,,296.5805251667384,301.21880524820153,38.08368444704108,-4.071571575837197,-2.503840859803911,-1.567730716033286,330.6341820795835,280.6173010747133,20.428542203193185,0,294.49096323691214,309.722403407376,9.386051594335928
2025-01-07,286.20503894179103,290.4942092357554,283.6705197570632,284.6940612792969,88174,294.2147488064236,305.4753098921342,302.67644470214844,,294.20323238925016,299.7165557964829,37.42508201351951,-4.844728624159302,-2.9720184126749896,-1.8727102114843124,330.36716479139454,277.852650272082,21.379125380333974,0,294.14976266952294,309.3812028399868,9.180643807166344
2025-01-08,284.6940430074042,287.6672396530817,281.3309569723924,282.2082824707031,29077,292.6550462510851,303.6098716042258,302.52144897460937,,291.8042424055408,298.1248945850484,36.05526750700813,-5.593563611146635,-3.496327452369319,-2.0972361587773163,325.90516265974054,277.2651223744391,22.47149581602053,0,292.9799812771876,308.21142144765145,9.149309696380357
2025-01-09,280.74607744197164,292.6388051220695,280.74607744197164,282.8419189453125,89044,291.08992852105035,302.14765236594457,302.5175494384766,,290.0117777134951,296.73553316325416,36.69136592417502,-6.065966875214599,-4.010255336938375,-2.055711538276224,323.19408030544776,276.0087151047084,22.58720834638301,0,292.68754151197714,307.91898168244103,9.462644469948644
2025-01-10,282.8419313729056,283.08563457583745,268.9508488057909,276.7006225585937,96183,289.51939900716144,299.6020632657137,302.32551147460936,,287.34954668251487,294.9141776537396,33.24004233252941,-6.856859550274294,-4.579576179605559,-2.2772833706687345,322.05514896151504,273.2386468148521,23.727070476538668,0,286.7899271938868,302.0213673643507,9.424349158380778
2025-01-13,271.6803359777883,274.0198807197424,262.0296655752236,265.88018798828125,84147,286.3350084092882,297.0276711203835,301.79033935546875,,283.0556749436682,292.2747240477888,28.20584490839164,-8.261532528647763,-5.315967449414,-2.945565079233763,320.5557152042488,269.20601575278243,25.25696224350267,0,283.32933557860315,298.56077574906703,9.462647115009853
2025-01-14,269.8281595721271,272.3626786932502,252.6714788268236,260.71368408203125,234304,281.94835069444446,294.5241740833629,300.69952392578125,,278.58727677134084,289.4055385963562,26.167979018885447,-9.680054033813292,-6.188784766293859,-3.491269267519433,319.47736546240986,264.5280971840744,27.207462982051677,0,278.6502422044031,293.881682374867,10.047534337608097
2025-01-15,263.1994754190368,267.29370138068185,261.44482414914773,262.90704345703125,57621,277.77290513780383,291.87445623224426,299.635029296875,,275.4512301084789,286.9965844927812,28.528811686128407,-10.50614843633548,-7.052257500302183,-3.453890936033297,317.755757945014,261.1221961565484,29.018642239275746,0,278.6502422044031,293.881682374867,10.085834034567664
2025-01-16,266.8062822446227,268.3659589663148,255.74215072517595,258.0816955566406,305728,273.3266771104601,289.13833479447794,298.25469482421875,,271.97732319811126,284.3679582258593,26.51974947277931,-11.418573245905804,-7.925520649422908,-3.4930525964828965,316.8259008856914,256.9196679619648,30.99604361869237,0,275.9451478575021,292.6875348723702,10.521018353809133
2025-01-17,259.00778192439924,268.07352938211454,257.448075440027,265.5877685546875,131627,271.06836276584204,286.92950023304326,297.1775268554687,,270.6994122694265,282.66066825575274,34.273615334517814,-11.404534743634883,-8.621323468265302,-2.783211275369581,314.33916642727536,255.13185102877924,32.832202042436386,0,272.65514197444656,289.08072725613994,10.601091902814888
2025-01-20,279.18638485400066,279.18638485400066,264.12554467989804,269.58447265625,68437,269.3895195855035,285.11945134943176,296.2797241210937,,270.4764243467912,281.4719232012525,38.023749858988594,-10.9447443107494,-9.086007636762124,-1.858736673987277,312.514861119487,253.84162996938005,32.69379441915399,0,272.65514197444656,289.08072725613994,11.060644781802354
2025-01-21,265.8314655023854,273.43499352984816,264.1742718238462,265.7339782714844,58062,267.5590413411458,283.1831193403764,295.4092163085937,,269.5279351317298,280.0412009349099,35.898626629841715,-10.766945155441531,-9.422195140498005,-1.3447500149435283,311.9227756784782,251.84071309105303,32.56527305467748,0,272.65514197444656,289.08072725613994,11.123310921766851
2025-01-22,267.09869957680985,267.09869957680985,255.79086546975844,257.44805908203125,69601,264.7375013563368,281.2157703746448,294.4675469970703,,267.1119599217901,277.9872789482846,31.78218628977619,-11.165928599809774,-9.77094183236036,-1.3949867674494154,310.5137019870212,249.0483433010648,33.06760634152625,0,267.8785567013305,287.66724516384033,11.513236432761596
2025-01-23,258.3253948381137,263.0044844299506,255.59593086769647,257.6917724609375,48758,262.6254069010417,279.6715781471946,293.60288818359373,,265.22792242961964,276.1422329039803,32.02906894019745,-11.331833893805936,-10.083120244649477,-1.2487136491564603,309.07038465675026,246.6362773305544,33.547622679673935,0,265.92893184041213,283.74362765524154,11.520197677639205
2025-01-24,255.4009408977821,259.251463165849,251.11177074088667,252.5739898681641,61831,261.14694044325086,277.54028250954366,292.841559753418,,262.6971359173285,273.9996653552697,29.606031542616748,-11.740935127057696,-10.41468322113112,-1.3262519059265774,307.4433935447186,243.82786957784,34.30411251487192,0,265.1490777974437,281.67214286619884,11.039754565398004
2025-01-27,251.8428942138316,254.03622302588545,241.85106295891973,245.8965301513672,74852,259.50059000651044,275.2516881769354,292.06755798339844,,259.33701476413626,271.44483488218765,26.7613245800828,-12.460331054995947,-10.823812787904084,-1.636518267091862,306.97484396714793,239.80253335218805,35.5590030544206,0,260.5187239064602,277.0417889752153,11.422716750274684
2025-01-28,249.5520806229165,254.8160638737709,239.07284286238388,252.67149353027344,41768,258.3633066813151,273.2400297685103,291.39981170654295,,258.0039105173637,269.73816748655906,33.719907441871385,-12.34150934945086,-11.12735210021344,-1.2141572492374184,304.54815643061,238.04239990483927,36.87144385103831,0,259.1296138581923,271.85092422218327,12.094640916753091
2025-01-29,250.331909492744,253.30510631502176,242.1434881072664,248.8697052001953,79304,257.3397521972656,271.3324987238104,290.5731707763672,,256.17706945393,267.8410345514351,31.888918277867877,-12.41104800135821,-11.384091280442394,-1.026956720915816,300.4794817533365,236.97868475056976,38.09013887646904,0,259.1296138581923,271.85092422218327,12.042418811585769
2025-01-30,249.79577756793068,258.76406714018367,247.60244878928543,250.62437438964844,68166,255.6771528455946,269.3363474065607,289.81281707763674,,255.06653044107367,266.2758836276363,33.678878028045446,-12.184119796128584,-11.544096983579632,-0.6400228125489527,295.1947105498682,237.2772880463232,38.24435604835213,0,259.1296138581923,271.85092422218327,11.83004971021803
2025-01-31,251.9891142435565,257.0093943222212,246.4814277543628,255.79087829589844,50960,254.14453125,267.318041714755,289.2376776123047,,255.21140001203867,265.32270132475105,38.78042612117392,-11.455333912944354,-11.526344369452575,0.0710104565082225,289.20081792279706,239.0404937227108,38.469844452408914,0,256.25391819611605,271.85092422218327,11.534121823395768
2025-02-01,258.27665228598283,263.004470365968,251.06301407333328,262.1759033203125,51256,253.74918958875867,265.5766712535511,288.7083544921875,,256.60430067369344,265.036628778893,44.46582536169944,-10.24445598071918,-11.269966691705898,1.0255107109867172,285.8227557922679,240.0448864196461,37.66979938695857,0,253.0857712195969,271.85092422218327,10.980568710982064
2025-02-03,259.8850721194644,266.61127380873006,254.1824118670068,257.8866882324219,130716,253.7979261610243,263.74889581853694,288.0698516845703,,256.8607781854392,264.38663418375927,41.66647456138827,-9.521176115124147,-10.92020857638955,1.399032461265401,282.13647307894314,241.05043182828345,36.37404862580825,0,252.84205833555697,271.85092422218327,11.398343328344396
2025-02-04,260.762402136393,261.4935116750932,254.03620033013613,256.08331298828125,88086,253.61920844184027,262.3930192427202,287.3241192626953,,256.70528514600755,263.63178680235217,40.511681413907645,-8.98985941807797,-10.534138744727231,1.5442793266492636,278.5013643281503,242.07304363083404,35.18607152123688,0,252.84205833555697,271.85092422218327,11.029307835759983
2025-02-05,254.42613097748333,259.00776286017265,251.50169269038588,253.5975341796875,107567,253.7329355875651,260.9795407381925,286.4633599853516,,256.08373495274355,262.71958201847355,38.91083717256573,-8.669432857623917,-10.16119756730657,1.491764709682652,273.82753953807645,243.82242994434537,34.35297658309274,0,252.84205833555697,271.85092422218327,10.806494709167072
2025-02-06,253.59753646849555,254.91353965935176,237.17195019906185,238.53668212890625,398482,252.91517469618051,258.9944679953835,285.2155993652344,,252.5743243879761,260.52113657396745,30.93478982436065,-9.521024942713725,-10.033163042388,0.5121380996742779,272.0538218977787,241.77975354167447,34.79689502786623,0,251.89161200389597,270.90047789052227,10.997976801037591
2025-02-07,235.9047058185029,239.17033476205685,224.8893178198537,226.1078338623047,263867,249.96365695529516,256.4156459461559,283.6714956665039,,247.28102628284185,257.3926545092708,26.16774277890136,-11.071200085430805,-10.24077045099656,-0.8304296344342426,274.81269800242114,235.0436420244344,35.93345261987796,0,245.75029581429183,262.0540673540172,11.356569317909107
2025-02-10,228.7885600196684,231.03063242314,223.32961729215373,225.23049926757807,118752,247.33707851833768,254.07609488747335,282.065979309082,,242.87092087978908,254.46882221457147,25.864751843339548,-12.229544052831956,-10.63852517136364,-1.5910188814683153,276.8345615657798,229.4734599796304,37.06910853378525,0,244.9704455504419,257.9842112071116,11.098939391047312
2025-02-11,225.66915095202285,230.3482551129616,221.18500636561035,228.5448455810547,510900,244.88379753960504,252.37903386896303,280.3610314941406,,240.0057058200422,252.11209706606996,29.1998958055668,-12.733318178320957,-11.057483772755104,-1.675834405565853,277.04470545281106,225.82709630500145,38.23602013892865,0,243.8981400871702,256.91190574383995,11.224274761411392
2025-02-12,226.15657414285693,226.7901965257995,184.2883665167336,192.1843414306641,2186161,237.81640455457895,249.2640637484464,277.8284683227539,,230.4414329421666,246.66411928103304,19.06615712019159,-15.88345700455207,-12.022678419114497,-3.860778585437574,284.7457762840387,211.53629006117612,40.57431325346107,0,225.44982016273184,238.46358581940157,13.804045235651303
2025-02-13,194.96256321089777,203.73587855538813,193.939006779148,201.5912933349609,397158,231.0847812228733,246.4769841974432,275.4840441894532,,224.6714050207255,242.56658964957197,26.20187150288756,-17.420094314737355,-13.10216159823907,-4.3179327164982855,286.0374291075051,203.8449897157371,42.74558543124117,0,225.44982016273184,233.6870005462855,13.758786454062614
2025-02-14,201.7862477892201,206.6603117454815,195.93737104170648,200.37277221679688,782736,224.694346110026,243.85385131835935,273.0265411376953,,219.8116784599398,238.7307880647742,25.883525394978804,-18.522696805764724,-14.1862686397442,-4.336428166020523,285.3987629392575,197.56248584003936,44.35271929579534,0,222.89093909591335,231.7373756853671,13.4001950035189
2025-02-17,200.8114390272196,211.9242991206882,192.81797695345583,207.3426818847656,448576,219.27872043185764,241.20634737881747,270.8731799316406,,217.31787914490496,235.8773238665916,31.04431419981485,-18.619470102363977,-15.072908932268156,-3.5465611700958206,283.4433864500442,193.6787326905808,45.12541779433161,0,221.64806468845316,231.7373756853671,13.967673857767256
2025-02-18,207.39142750305209,218.8942217566099,205.00313906839136,215.5798492431641,457666,215.0545332166884,238.75159176913172,268.5307052612305,,216.9702731645568,234.03209890082545,36.65776760486094,-17.82600597165225,-15.623528340144976,-2.202477631507275,281.54601462560856,191.3892835311297,44.956404971519646,0,219.60095308804267,231.7373756853671,14.16263559614728
2025-02-19,213.5327535562467,225.1817639091202,209.82846182440747,217.237045288086,386274,212.68790690104169,236.5471857244318,266.42510986328125,,217.02362758926265,232.50527584512184,37.75561233255559,-16.869002697891176,-15.872623211694217,-0.9963794861969592,279.14226670522606,189.74755873422708,44.06423829239984,0,211.7293506393952,231.7373756853671,14.50730241877973
2025-02-20,214.458804595422,218.69924599970724,209.63348446691745,216.944580078125,630385,211.6697675916884,234.70611849698156,264.44818908691406,,217.00781808703516,231.0906671390312,37.6316511141019,-15.950305019267375,-15.88815957320885,-0.0621454460585262,277.1581003730254,188.16878408742383,43.24738510472483,0,207.6594994699368,231.7373756853671,14.301895650219375
2025-02-21,214.0688954914263,218.79672861719013,212.5579326859803,217.18829345703125,381409,210.77618916829428,232.86505126953125,262.36793823242186,,217.0439131610344,229.8268149861221,37.81487440364128,-15.029316254857122,-15.716390909538504,0.6870746546813837,275.7774395978784,186.6786211931372,42.47664191662043,0,207.3183108148476,231.7373756853671,13.859748078039846
2025-02-24,217.1882972466989,217.1882972466989,207.1477223193844,208.80490112304688,273815,208.5828620062934,230.87554723566228,260.17850891113284,,215.3961107534369,227.91573190766076,34.10345593857035,-14.805230243801049,-15.534158776391015,0.7289285325899666,273.4581359251889,184.6112656251041,42.10671737149657,0,205.53928152126656,228.8616800232909,14.044266905351092
2025-02-25,209.5847446168303,219.8690222694324,209.3410414254154,216.6033935546875,381589,211.2960900200738,229.5440410267223,258.22693420410155,,215.637567313687,226.8873375119359,40.002553468370806,-13.83884174778521,-15.195095370669854,1.356253622884644,271.1499782963004,183.6927920894418,41.40198227620909,0,208.999870431288,225.69353304677173,14.298413403679575
2025-02-27,216.55465927440943,217.62695931263315,211.63186649523945,213.8251953125,254033,212.65541246202255,227.7783001986417,256.3153271484375,,215.2750929134496,225.6998700392599,38.67429496900199,-13.14561481726028,-14.78519925998794,1.63958444272766,268.2839973507712,182.8788551272562,40.74758540201357,0,208.999870431288,225.44982016273184,13.459377929186989
2025-02-28,211.63186618003385,212.1680013238841,194.47515484078585,197.74078369140625,1297426,212.36296929253476,225.45425831187856,254.1034771728516,,211.76823106904092,223.15813491672776,32.04102187650729,-13.735767695400568,-14.575312947070469,0.8395452516699002,264.6204101067012,180.73743291087695,41.179087248362286,0,208.999870431288,225.44982016273184,13.821451038437774
2025-03-03,199.6416605980665,200.09982379526423,192.81797112852448,198.7155914306641,273706,211.40440368652347,223.09476817737925,252.06319427490237,,209.1577031413656,220.93608550890377,32.793365241067264,-13.963842778043729,-14.45301891326512,0.4891761352213937,258.35389379026003,180.65791803835324,41.66279912337358,0,208.99986751882236,225.44982016273184,13.791510862420166
2025-03-04,196.0445961879697,200.8406732172032,193.60756427020087,198.46212768554688,279634,209.502434624566,220.48891587690875,250.1991567993164,,207.01858805020183,218.89299843405317,32.69202250930442,-14.003621300773004,-14.363139390766698,0.359518089993692,251.9620877348841,181.10726803904168,42.0019691956262,0,208.99986751882236,225.44982016273184,13.653643733823817
2025-03-05,199.47594682329435,212.4896887002942,199.47594682329435,211.3784027099609,370682,208.85147433810764,218.17993857643825,248.43747497558596,,207.89055098215368,218.20985336822656,42.45188777268852,-12.844843260499118,-14.059480164713182,1.214636904214064,244.471910894842,184.12695385125173,40.7499445595481,0,206.34349669897844,225.44982016273184,11.494435301711404
2025-03-06,210.6083014484537,217.43199082274168,210.55955783517345,215.1996612548828,264211,208.6575944688585,216.23961916836825,246.8165560913086,,209.35237303669956,217.9361995397408,44.99314104038735,-11.485759005869111,-13.54473593294437,2.058976927075257,236.25221617186935,188.50686128174388,39.0176719743805,0,206.34349669897844,225.44982016273184,11.160213577628848
2025-03-07,214.283346224936,226.1370579813764,210.5595543735872,224.294662475586,329651,209.4471910264757,214.79468050870028,245.36388977050785,,212.34083092447685,218.5142416248176,50.58616235461514,-9.564530401235489,-12.748694826602597,3.184164425367108,232.9657190026019,190.36915648567933,36.50738500253395,0,209.47751455495043,225.44982016273184,11.506968070772716
2025-03-10,224.60661055704549,228.97376753668868,214.50754981542784,215.63833618164065,192050,210.20646158854169,213.06926241788,243.85994873046877,,213.00033197590963,218.25279567543785,45.81172884309916,-8.640829969187848,-11.927121855119646,3.2862918859317976,231.4388530749201,190.84907264529477,33.90457923484099,0,210.8958693326066,225.44982016273184,11.175532038917607
2025-03-11,214.94621692725016,221.0777827383706,208.46371792208635,218.2410888671875,133416,210.388427734375,212.14673545143825,242.3339764404297,,214.0484833541652,218.25173142014236,47.41869038406064,-7.611035057834073,-11.063904495662532,3.4528694378284595,230.29314707728932,191.2958376028864,32.04118688117523,0,210.8958693326066,225.44982016273184,11.084316476636586
2025-03-12,218.55303163517613,220.6488881263646,213.78619753237044,215.599349975586,97028,210.58555603027344,211.66907709295103,240.6420913696289,,214.35865667844936,218.0106058342736,45.92988737401379,-6.928217246185142,-10.236767045767056,3.308549799581913,227.95065083342504,192.3437842862039,30.310893981342737,0,210.8958693326066,222.89093909591335,10.477844227299544
2025-03-13,216.40843899297943,218.7967273493157,212.72364784332623,214.89747619628903,73068,212.49185519748264,211.19939422607425,238.93031982421877,,214.4664205820173,217.72759404900225,45.52095372574812,-6.370281914652708,-9.463470019544186,3.093188104891478,227.04209105859337,195.523657537598,28.806677520844325,0,210.8958693326066,221.64806468845316,10.264081225385237
2025-03-17,214.45879922295785,217.36373697485587,209.59447837668543,210.62779235839844,115116,213.815433078342,210.38498271595347,237.18092071533204,,213.69869493729357,217.0821575316746,43.01213190591693,-6.201158848074101,-8.811007785250169,2.609848937176068,226.8280635029517,196.64133499558343,27.71482279820632,0,211.2906659034448,219.60095308804267,10.373399987310991
2025-03-18,210.62779235839844,210.62779235839844,210.62779235839844,210.62779235839844,0,215.16717359754773,211.22332139448687,235.675224609375,,213.0845144215145,216.4953970613768,43.01213190591693,-5.997986544081442,-8.248403537016424,2.2504169929349818,226.3819127797204,198.11298773297491,26.70095769861389,0,214.22485717999152,211.7293506393952,9.656216063931383
2025-03-19,217.5782030318475,227.1216281931143,217.5782030318475,224.98678588867188,177868,216.67921617296008,212.286752874201,234.4810791015625,,215.464968714946,217.26734150022176,53.0948312555014,-4.625006063677006,-7.52372404234854,2.8987179786715345,228.1499056169524,198.10940529613356,25.63895888732213,0,218.71874272938751,207.6594994699368,10.04405282738355
2025-03-20,225.8251250091064,233.01923298228,221.2629936089469,226.39051818847656,156832,217.92264472113715,213.46937769109556,233.364723815918,,217.65007860965213,218.096721199154,53.952550130757935,-3.384623839288224,-6.695904001736477,3.311280162448253,229.7988890396208,197.5414887679964,25.15153223247395,0,220.7414754521832,208.6537997495068,10.455563295664934
2025-03-21,233.9550653388911,233.9550653388911,226.74145677406028,231.9956970214844,170374,218.77831522623697,214.58996928821915,232.34779937744145,293.56457443237304,220.51920229201855,219.36026445572944,57.30950368234507,-1.9271064193785603,-5.742144485264895,3.815038065886334,232.45981329976277,196.3564296811943,24.77634860947941,0,221.2093916304887,209.12171592781235,9.613742344143532
2025-03-24,235.3100639040765,236.87951312511024,231.0306362578236,234.37423706054688,111581,220.8600819905599,215.44425964355472,231.50127166748047,293.4569915008545,223.29020924572424,220.72517105616743,58.68590067267255,-0.5734744044315221,-4.7084104690982205,4.134936064666698,235.41009701669225,195.14911166250695,24.67399802652657,0,222.6716155235983,214.8487421268173,9.511386929896885
2025-03-25,235.9046895728117,235.9046895728117,225.24023552377977,226.0883178710937,127650,221.73199632432727,215.8465902155096,230.70543426513672,293.2440062713623,223.8498309707981,221.21272985752435,52.353438145010216,-0.1673861867008099,-3.800205612618739,3.632819425917929,236.4183583200489,195.03085280055657,23.838974027233707,0,223.23699575089785,214.8487421268173,9.756483008613282
2025-03-26,228.3499031666706,228.3499031666706,219.3231418050489,220.69761657714844,120223,222.29847039116757,216.01718278364703,229.90511291503907,292.9516194152832,223.2193880920682,221.16590137749017,48.67365621648577,-0.2773458209108526,-3.0956336542771616,2.818287833366309,236.8586814966397,195.779801169376,22.380764892353486,0,223.23699575089785,214.8487421268173,9.399283033390022
2025-03-27,220.11273254437413,233.95507128731435,217.8706601363115,230.3677673339844,212118,224.01739162868924,216.616249778054,229.2543273925781,292.6603094482422,224.64906394045147,222.0024346462624,54.809778488121694,0.4110721422437962,-2.3942924949729703,2.8053646372167664,238.48784667759497,195.52707336635035,21.574832227026704,0,223.23699575089785,214.8487421268173,10.057281473635353
2025-03-28,230.3970056754697,238.2442366267216,224.450641789037,225.57167053222656,173708,225.6778225368924,217.3783756602894,228.60412689208985,292.3537210845947,224.8335852588065,222.32691063589547,51.51998395709469,0.5631517458031681,-1.8028036468177429,2.365955392620911,239.34941165423865,195.8401559116793,21.2167157746101,0,224.43601449256,215.53110387762305,9.92985941862788
2025-04-01,225.57167020391668,232.19065727641447,224.5188854963564,228.4181365966797,105811,227.65452745225696,217.91540943492544,227.8607342529297,292.0601890563965,225.5504955263812,222.8806584505122,53.311113501714935,0.9029532666017132,-1.2616522641338517,2.1646055307355647,239.25410981759387,199.00319303885144,20.884179068794683,0,227.91121982928456,215.53110387762305,9.44454185139911
2025-04-02,231.03064224198943,231.03064224198943,224.6943588049729,229.8023834228516,63253,228.1895938449436,218.64164525812328,227.06509246826167,291.6776192474365,226.4008731056753,223.50990617527037,54.19734484687444,1.2693137118610591,-0.7554590689348695,2.024772780795929,238.87974008668684,202.48624196897725,20.575394984823223,0,228.05744838151656,215.53110387762305,8.996128895737131
2025-04-03,229.03226339972545,232.5415954144121,225.24024221901865,231.07937622070312,64708,228.7105780707465,220.15703582763675,226.3720004272461,291.32330726623536,227.33657372868083,224.19803981576425,55.045099583438855,1.6437515065582602,-0.2756169538362435,1.919368460394504,237.76463626411456,206.86307064506508,20.44557411429204,0,228.05744838151656,215.53110387762305,9.027461938694222
2025-04-04,230.2020232093065,230.88440402867863,215.4336161090797,219.7520294189453,187753,227.3501705593533,221.1132375543768,225.6180798339844,290.92999801635744,225.81966486673372,223.79385705241705,46.77488575399634,1.0147762275447576,-0.0175383175600432,1.0323145451048008,237.36792630633184,208.0971432737463,19.006669237969803,0,226.83892636790063,215.53110387762305,9.711224839096648
2025-04-07,208.60993951674163,219.1379207476193,204.85690428125807,215.88204956054688,248591,225.2954830593533,221.90505218505865,224.78188537597657,290.5354487609864,223.8321418054964,223.0746018258834,44.3246462051786,0.2017085845988049,0.0263110628717263,0.1753975217270785,237.3311129967192,208.2021954139253,18.723074488406105,0,221.55057045398985,215.53110387762305,10.220215306204992
2025-04-08,217.1395445107169,224.8113162505493,215.75531216229567,222.49127197265625,110351,224.89581129286023,222.41018260609025,224.1802310180664,290.1904093933106,223.5639678389284,223.0215718392264,49.21723276728004,0.0896225201843208,0.0389733543342452,0.0506491658500755,237.22343118338756,208.129538176964,17.79282966287907,0,221.55057045398985,215.53110387762305,10.867072741080252
2025-04-09,222.4912731143526,224.14845185691203,218.64075075364428,223.33935546875,42997,225.18933783637152,222.78016870672056,223.72908752441407,289.8806561279297,223.51904536489272,223.05046126009216,49.82652084219495,0.0684378480929126,0.0448662530859787,0.0235715950069339,237.2267519613561,208.8963193277065,16.92903089631825,0,221.55057045398985,215.53110387762305,10.0823488316911
2025-04-11,230.05581186782865,232.71704654365368,225.83487082277583,231.06961059570312,101366,225.26732042100696,223.08812089399865,223.29704986572267,289.5942663574219,225.0291584110548,223.7794748360568,55.113002948840446,0.6677187806774612,0.1694367586042752,0.4982820220731859,238.10886283900092,209.29706062291316,16.252442871014363,0,221.55057045398985,215.9259004484612,9.912452524660427
2025-04-15,234.53997403531616,236.87951888937647,231.6642642726851,234.9006500244141,94718,226.30387369791663,223.96368061412468,223.01766876220705,289.34561210632324,227.0034567337267,224.79049076227108,57.50279647242469,1.4352415309394075,0.4225977130713017,1.012643817868106,239.37112434793212,209.96492911886477,16.028303007167946,0,220.86821158531728,218.860091725008,9.787121177750343
2025-04-16,238.43921622379807,241.46112697144025,232.2296485889448,236.9672393798828,132765,227.25377400716147,224.81486927379265,222.7445260620117,289.0433181762695,228.9962132629579,225.89746790932668,58.7777483356704,2.1850771211143183,0.775093594679905,1.4099835264344134,240.69809576819893,210.8449340169573,16.239526994417375,0,223.1590156263492,223.1590156263492,10.028735571693831
2025-04-17,238.5366776140728,242.2214686293724,234.93961617664644,238.8388671875,117372,228.25782775878903,225.87121096524325,222.40548583984372,288.746383972168,230.96474404786636,227.07395875279693,59.94964623575553,2.896957626604149,1.1994664010647538,1.6974912255393948,241.39802338975787,212.96611387830856,16.504712744492533,0,223.53918645531525,223.53918645531525,9.787121171957692
2025-04-21,242.72838624463984,255.1962502372665,238.2442414325039,244.2198486328125,471053,229.71788024902344,227.2040460759943,222.04636474609376,288.4772955322265,233.6157649648556,228.63267601461652,63.18971299137903,3.850937082364936,1.7297605373247902,2.121176545040146,242.77693438733843,214.94640850816936,17.77925164612964,0,230.0265772592623,230.0265772592623,10.353210275039183
2025-04-22,245.262910583747,251.0922721871651,241.3636593177063,245.43836975097656,208401,232.5719180636936,228.78634504838425,221.79739837646488,288.10187690734864,235.9802859220798,230.16046635428563,63.90189058801097,4.65167552485309,2.31414353483045,2.33753199002264,245.50220860521037,214.26629267652797,18.96275205479267,0,230.0265772592623,230.0265772592623,9.89922468350032
2025-04-23,246.04273322058108,249.23037509179773,243.70318856018807,243.9566345214844,111491,235.69131639268664,230.3012924194336,221.5548648071289,287.7117586517334,237.57555564196076,231.41466346039465,62.32286650417926,5.10782305522082,2.8728794389085244,2.2349436163122958,247.4895928868828,214.03552002815627,20.061716719979767,0,235.47578119978107,230.0265772592623,9.308766947352112
2025-04-24,243.75193728019377,247.91439199286825,242.50417811857795,244.4440460205078,77431,238.1305135091146,231.18571333451703,221.37179504394533,287.34195236206057,238.94925371767016,232.59915278404125,62.6498137371938,5.445876618191988,3.3874788747652174,2.058397743426771,249.19647080363893,213.5734770113025,20.88704027591072,0,236.9185004954554,230.0265772592623,9.147227096940128
2025-04-25,244.4830497664373,245.45786255268743,235.9046942725432,238.8876190185547,168637,239.85809834798175,231.75376337224787,221.37881378173827,286.8589884185791,238.93692677784708,233.17083153263337,56.61811371609463,5.205424388247877,3.7510679774617497,1.4543564107861275,249.6939019781866,213.5273840325556,20.64211879183262,0,240.5155605300212,230.0265772592623,9.377004585734964
2025-04-28,240.0963898803162,251.50169639301384,236.294611126442,242.2897186279297,215563,241.1047770182292,232.22167344526807,221.7024514770508,286.3554040527344,239.60748514786363,233.9998212685694,59.20772159922522,5.229107374786025,4.046675856926605,1.1824315178594205,250.90935834133865,213.93206774508715,20.98019853409672,0,243.4302572549758,230.0265772592623,9.94169973367628
2025-04-29,242.82587850853588,243.508244505105,239.2385596095589,241.78282165527344,50276,241.86946275499133,232.55842729048297,222.0334979248047,285.8015409088135,240.0425524493456,234.70736675826976,58.64599973730625,5.147635228246031,4.26686773119049,0.8807674970555412,251.54898090217736,215.4009656920609,21.29412972334196,0,243.7129494131057,230.0265772592623,9.1291229325279
2025-04-30,241.7535735639167,241.7535735639167,234.9298839875158,237.65936279296875,74216,241.9463653564453,233.08438387784096,222.21578826904295,285.2526966094971,239.56591451807023,234.97573003415152,54.14577498749159,4.696204375379892,4.352735060028371,0.3434693153515216,251.94379703399397,215.73530910614275,20.92762734572591,0,245.06306711239117,230.0265772592623,8.55468097039007
2025-05-02,236.8795061063132,241.1686763987823,235.90469332398263,236.6163024902344,37908,241.6994137234158,233.80796051025396,223.1044274902344,284.62549156188965,238.97599211250312,235.12487298470447,53.03709058841996,4.205794145988847,4.323346877220466,-0.1175527312316191,252.1036932166724,216.67987611926512,20.587303709368157,0,245.06306711239117,230.0265772592623,8.283822326571931
2025-05-05,241.1101936351368,244.66826926879108,234.97862768689683,240.58380126953125,62822,241.29540846082895,234.2723256891424,223.88427764892575,283.9741428375244,239.29755394390875,235.621139192416,56.67130880536616,4.090135958392864,4.2767046934549455,-0.1865687350620817,252.6837625890708,217.31637321415187,20.65893418064652,0,243.21579019026484,230.0265772592623,8.582532360759538
2025-05-06,240.97373160840093,243.6544669243559,232.70732287168792,233.5944061279297,78665,239.97941250271268,234.6369954889471,224.54871032714843,283.3287710571289,238.15692438071292,235.43689073200815,49.41636171615885,3.3953507464632366,4.1004339040566045,-0.7050831575933678,252.71936122390093,217.65997684982955,20.34950510165228,0,242.10450963235087,230.0265772592623,8.694636144885559
2025-05-07,229.0810056393186,235.49527558215505,228.99327605809376,231.67401123046875,65439,238.6146765814887,234.78498979048297,225.0353369140625,282.6869679260254,236.8603417506641,235.0948107773228,47.61280258557485,2.6591160074449363,3.812170324734271,-1.1530543172893348,252.72173553119111,217.71706604351596,19.473664077543624,0,240.2474862255538,230.0265772592623,8.74407123277041
2025-05-08,230.05581698198745,232.00544254963137,216.4084380084797,217.70494079589844,959215,235.64366488986545,234.23510603471237,225.0778387451172,282.0432904815674,233.02926155971096,233.5139135062842,37.026696693852855,0.9376488010980212,3.2372660200070213,-2.2996172189090003,253.0196064801369,217.21448623226544,19.09061356312577,0,233.9550672007468,230.0265772592623,9.198751672674428
2025-05-09,216.4084422360019,220.99005943457425,206.718800595611,218.8454742431641,218577,233.41675991482205,233.67901958118784,225.11000732421877,281.4311871337891,230.1925040964016,232.18041902781871,38.23419299870391,-0.3307817984072585,2.523656456324165,-2.854438254731424,252.53534844173248,217.9950867389316,19.62763460674345,0,229.11024849431243,230.0265772592623,9.697994985977092
2025-05-12,221.86739648454625,227.5018132088727,218.8454708921524,219.24514770507807,247310,230.8562520345052,233.6559795032848,225.1560186767578,280.8775285339356,228.0030328181369,231.0044852712059,38.67793250303264,-1.2889140797084906,1.761142349117634,-3.0500564288261245,252.93053529728883,217.27528745661743,19.264653351266617,0,225.69353493220103,230.0265772592623,9.105447379688355
2025-05-13,219.2451553147452,224.8893150080447,216.4181892069268,223.6415557861328,186345,228.8405558268229,234.00868433172053,225.28508392333984,280.35126136779786,227.1307374117361,230.33512804529016,43.48745752810579,-1.6741884237810891,1.0740761945378896,-2.748264618318979,252.90412884948992,217.33191393615465,19.152454313324704,0,225.69353493220103,230.0265772592623,9.015626874806864
2025-05-14,224.29467189237192,229.5684126705125,223.64154910622787,227.38482666015625,179555,227.6989407009549,234.2311186356978,225.65668243408203,279.87428581237793,227.18155526142016,230.06691882845985,47.27892714711211,-1.658353969228898,0.527590161784532,-2.18594413101343,252.9710271533935,216.89653723869637,18.4510337924137,0,225.69353493220103,230.0265772592623,9.044175234283646
2025-05-15,227.38482217204864,228.652081752381,224.78207385196524,226.93641662597656,81091,226.62339782714844,234.3946214155717,225.8633428955078,279.35931869506834,227.13252753433144,229.78232771914315,46.87323517494973,-1.6628200378279416,0.0895081218620372,-1.752328159689979,252.92412980962388,216.14701124262223,17.799714737282052,0,225.69353493220103,230.0265772592623,8.934160521864039
2025-05-16,229.0712695121181,232.1906675555812,228.1061994672576,230.1435546875,162108,225.46337042914496,234.35252796519887,226.1897100830078,278.834515838623,227.7347329649652,229.8151665344483,50.16685959862917,-1.3915295050381076,-0.2066994035179917,-1.184830101520116,252.64608392018744,215.7426886628204,16.736853336070446,0,225.18663375998344,230.0265772592623,8.627094996825495
2025-05-19,229.1784892120253,233.7308630835537,227.32633601598133,231.3230743408203,197535,225.21100023057727,234.18991088867188,226.8613558959961,278.27633354187014,228.45240124013625,229.9522490623003,51.36116682785703,-1.0690293203363126,-0.3791653868816559,-0.6898639334546567,252.17792419663,215.4592691017099,15.55320009449511,0,221.10703808888303,230.95752541643876,7.9983408397541025
2025-05-20,231.3230746154113,233.95506613453225,229.2759618369491,230.6114654541016,164485,225.09293958875867,233.90101207386363,227.49927337646488,277.76686920166014,228.8842140829293,230.0121778251913,50.57368012942344,-0.860942086016621,-0.475520726708649,-0.385421359307972,250.8724651601936,215.4038898202752,14.460307836561592,0,220.3369333650716,230.95752541643876,8.027585082756747
2025-05-21,232.7365469637461,232.7365469637461,229.1784863316769,231.06961059570312,80455,226.57790289984808,233.54786404696375,228.151423034668,277.2337973022461,229.32129338548407,230.108308077056,51.09358108377886,-0.6515522804700993,-0.5107270374609391,-0.1408252430091602,249.1941544701193,215.6453245948221,13.43150122107937,0,220.3369333650716,230.95752541643876,7.7922367230647165
2025-05-22,233.3701847911329,234.92989126383165,229.2759738933779,233.24346923828125,95550,228.17768012152777,233.04893771084872,228.5887243652344,276.7044007873535,230.10572855604352,230.39332272807647,53.58819693775268,-0.3066621162554099,-0.4699140532198332,0.1632519369644233,247.76786792076567,216.00029461585535,12.798605471425676,0,225.6740402353792,230.95752541643876,7.820089172754292
2025-05-23,234.10127887828227,236.8405152344457,230.59196185925347,234.6861724853516,79924,229.89334954155817,232.56020147150213,228.97845458984372,276.23928977966307,231.02181734190515,230.78358179691963,55.22066918240409,0.0821331388501107,-0.3595046148058445,0.4416377536559552,246.21962506713365,216.57275011597184,12.487985447668397,0,226.62935222068623,230.95752541643876,7.574297157989861
2025-05-26,235.85595224748576,245.65282379020184,235.4757758532652,244.8729705810547,175061,232.2523956298828,232.6018531105735,229.39002075195316,275.83878143310545,233.79204798973507,232.06443532275009,64.67009135416512,1.1984308860817237,-0.0479175146283308,1.2463484007100545,247.37278598148487,216.01812435787053,13.298044965398818,0,234.64718644821485,230.95752541643876,7.575690533145738
2025-05-27,245.99400783800863,248.7039861418073,240.4863067767413,242.07525634765625,173927,233.88466559516056,232.49418085271665,229.91875915527345,275.5082138061524,235.4486896613193,232.97450996137792,60.87092844668453,1.8361863231450288,0.328903252926341,1.5072830702186877,247.3318161030716,216.03764800825653,14.370947301870684,0,236.74302999688624,230.95752541643876,7.698239093217503
2025-05-28,242.09475566255688,245.6528162980412,240.37907567986704,241.95828247070312,70814,235.55376180013025,232.6337564641779,230.39310302734376,275.19744430541994,236.75060822319608,233.79121655313477,60.71033888437248,2.305595814156817,0.7242417651724362,1.5813540489843807,247.36460670269585,216.0224034901753,15.346811596112708,0,238.01516107889432,229.11024849431243,6.960863098719108
2025-05-29,241.95828022167908,243.9273912751998,240.22309983500668,243.2255249023437,67029,237.007314046224,232.6762931130149,230.9456265258789,274.8368980407715,238.0455915590256,234.6488809485174,61.88354782527583,2.7481827510729038,1.1290299623525295,1.6191527887203736,248.2740131573989,215.66961324640965,16.22119392676505,0,238.01516107889432,229.11024849431243,6.206079713092669
2025-05-30,243.2255393932594,247.50496704341737,241.2564282224228,244.5902862548828,114331,238.481448703342,232.80390514026988,231.5394827270508,274.4464864349365,239.35453049819708,235.5526450672779,63.15941451058053,3.172490427764444,1.5377220554349127,1.6347683723295314,249.5190495177588,215.22197526251463,17.44196633065192,0,238.9412362367421,229.11024849431243,6.034093749112259
2025-06-02,243.8006771531579,249.9419856397586,241.31490164100595,243.36199951171875,193574,239.89817470974396,233.06311590021303,232.1941668701172,274.03266792297364,240.15602430090144,236.2625863804089,61.1747249518218,3.3707884920679305,1.9043353427615164,1.466453149306414,249.980073194448,215.0387714100442,18.836619755172244,0,239.56023598571772,229.11024849431243,6.045233620371884
2025-06-03,245.7990367731476,250.33191025489788,241.5586101005824,248.236068725586,339805,241.8055589463976,233.59128709272903,232.9463323974609,273.6297911071777,241.77203318583835,237.3510847754249,65.7711801001318,3.876551317433922,2.298778537695997,1.5777727797379244,252.07732576399573,214.4056851002621,20.17377773937533,0,239.8039420741379,229.11024849431243,6.248550519659803
2025-06-04,245.7503192635874,268.9021238697072,245.7503192635874,258.0816955566406,987119,244.56536187065973,234.38664592396128,233.6082305908203,273.3130711364746,245.0339656599988,239.23568575553543,72.7811303252229,5.014033149272819,2.841829460011362,2.1722036892614573,256.39837926295945,212.72540003391555,22.861661034793773,0,249.7470428644804,237.81046223265912,7.625821712924379
2025-06-05,259.64138197580786,270.02313181606297,258.4228660380097,263.4431457519531,479078,247.76058112250436,235.74340681596237,234.34928314208983,273.0025358581543,248.71580167838968,241.43636393702795,75.69962899915345,6.275776672427696,3.528618902494629,2.747157769933067,260.73592209793566,212.9616776945448,25.41977426478482,0,252.74945383466408,238.37096620583696,8.103477807911359
2025-06-06,263.44313921117424,265.63646784475475,259.3001851255221,260.6649169921875,98204,249.5152418348524,237.06117525967684,234.9226675415039,272.6910585021973,251.10562474114928,243.1844142147697,71.42582046404813,6.971178259050021,4.217130773805708,2.754047485244313,263.5031971034087,214.37634696397413,27.79516512120508,0,255.1231158255348,238.37096620583696,8.09860321160138
2025-06-09,260.71368418243884,265.10034159605976,259.30019378292457,262.1759033203125,100879,251.74864705403647,239.08258264715025,235.47870086669923,272.34397232055665,253.31968045698196,244.9109132243645,72.3404467681744,7.557099456977198,4.885124510440006,2.6719749465371923,265.905045834808,216.26757379409824,30.00088520216675,0,255.1231158255348,238.37096620583696,8.178677748426527
2025-06-10,262.3221248385071,265.1490759484667,259.25147053374184,263.49188232421875,161608,254.14126925998264,241.1119648326527,236.2267721557617,272.0334408569336,255.3541208304293,246.60009223344213,73.14664452960609,8.035012117123756,5.515102031776756,2.519910085347,268.3942829714421,217.76336931127275,32.05235888064249,0,255.1231158255348,238.37096620583696,8.34578809004479
2025-06-11,264.1742477674248,267.0011987125683,261.493512780855,266.31884765625,127105,256.7071940104167,243.25167846679688,237.13919677734376,271.7485546875,257.54706619559346,248.3927063627883,74.84298030903622,8.543390927290915,6.120759810879588,2.422631116411327,271.23178504044984,218.8192693418744,34.086494673966854,0,255.6397800192429,238.37096620583696,8.335342987277615
2025-06-12,267.4886356998344,277.2367640398351,266.12390368201966,269.2433166503906,435658,259.44641960991754,245.3244857788086,237.91670776367187,271.46869903564453,259.88631628655287,250.28821638893396,76.49702529353571,9.077623807412692,6.712132610186209,2.365491197226484,274.020484816742,220.2612595680236,36.55847889782549,0,259.2758328404205,241.97778231772304,8.682793486036418
2025-06-13,263.29692249459896,271.7777753373585,260.6649162423046,268.5121765136719,157015,262.24088372124567,247.19391077215025,238.7755178833008,271.1830293273926,261.61148833197666,251.94494003663735,75.16641688637768,9.334409058055767,7.236587899760121,2.0978211582956483,276.30537791920347,221.81322864817932,37.5743836255893,0,259.39768707020875,241.97778231772304,8.693236899622391
2025-06-16,269.14581026889863,270.3643262247077,261.49352411663256,263.1019592285156,124808,263.8926493326823,248.8377990722656,239.4691943359375,270.9007629394531,261.9095825112845,252.9592145086263,66.01576301086618,8.997634766631933,7.5887972731344835,1.4088374934974492,277.2378508072923,224.05864424886005,38.51772372994141,0,261.49354165171127,246.82747662338096,8.739888524123046
2025-06-17,263.3944334530176,267.58611664108525,262.32213341104585,264.2717590332031,80050,264.58043416341144,250.3890810879794,240.1585818481445,270.6480854797363,262.38201781566823,253.9876276472242,66.95256448239758,8.724560479803358,7.815949914468259,0.9086105653350992,277.81917440396256,226.84335001009995,39.39368239826837,0,267.82981503892245,246.82747662338096,8.739191567827707
2025-06-18,262.5170882925869,264.5642012249328,259.543921003201,261.5910339355469,67608,264.37464396158856,251.76489743319425,240.7688150024414,270.40478515625,262.223821039644,254.67884640070807,62.68795229553915,8.19734118199301,7.89222816797321,0.3051130140198008,277.5788208699449,230.135845878102,39.52609750518623,0,268.2441172867885,250.43915657303148,8.833190766509043
2025-06-19,260.0800337083241,265.83145281888284,257.3018411282191,263.1019592285156,96378,264.6454264322917,253.241738059304,241.6358135986328,270.19325942993163,262.3994486774184,255.44458393050877,64.07682497776881,7.81139028905082,7.876060592188732,-0.0646703031379116,277.3015093386332,233.39900640843717,39.12351822930027,0,267.2693025840271,251.00941894590017,8.996124542913984
2025-06-20,264.27175508456463,266.7575158161035,260.8111518075867,263.1507263183594,88375,264.75374009874133,254.699970592152,242.58118713378903,269.90068572998047,262.5497042056066,256.1451423294043,64.12324389993306,7.423878670248314,7.785624207800648,-0.3617455375523342,276.67933863714603,236.867632493225,38.8566285325096,0,267.2693025840271,252.28155002790825,8.804644543611419
2025-06-23,262.22464230521985,268.0735190852619,260.85991033966184,264.6129455566406,123401,264.8783026801215,256.1258558793501,243.4236206054688,269.64635726928714,262.9623524758134,256.9149426227894,65.5602247589405,7.15231436489276,7.658962239219071,-0.506647874326311,277.132225704862,238.38874292306767,38.76338935933272,0,267.2693025840271,252.28155002790825,8.693238014417462
2025-06-24,268.6096479193639,268.80462237369267,263.19944892437724,265.4902648925781,81861,264.7862379286024,257.52604189786047,244.2666387939453,269.3777110290528,263.4679349591664,257.6945173745884,66.42904787009614,6.928028040032075,7.512775399381672,-0.5847473593495973,277.104759334221,240.75771014820083,38.76444286749453,0,267.2693025840271,253.207625185756,7.439907217502862
2025-06-25,267.4886132734656,271.87527065868653,264.02803990247213,270.7542419433594,192283,264.9541185167101,258.7024633234197,245.06033142089845,269.1456959533691,264.925196356005,258.8817650626585,71.13440451844596,7.093271646656206,7.4288746488365796,-0.335603002180374,277.41004527616496,243.3320201535225,39.12229381230092,0,264.58855589345285,253.207625185756,7.147463967273723
2025-06-26,270.705516827952,271.9727615232935,265.34404661871145,266.0263977050781,79534,264.6779208713108,259.79115156693894,245.6828463745117,268.8758934020996,265.1454366258196,259.53127712106027,62.64203983377161,6.764751038573934,7.29604992678405,-0.5312988882101166,276.66695749975503,246.3551952102059,39.465759029003415,0,264.6373013257563,253.2563689666065,7.168351980512966
2025-06-27,265.3927613976884,268.4146867610004,265.24654544036684,266.85498046875,55308,265.0949232313368,260.92281965775925,246.28060119628907,268.6327751159668,265.48734539440574,260.1970683344866,63.46525327798658,6.496369688163384,7.136113879059917,-0.6397441908965336,275.6710838160337,249.57753831531403,39.75397251842193,0,264.6373013257563,253.91436294954428,6.980351516762847
2025-06-30,268.56093722041413,279.96625933950884,268.51220847802114,277.48046875,244865,266.5625576443142,262.47986255992544,247.05343322753907,268.45717208862305,267.8859700655246,261.7682865540787,71.98937713126156,7.059683995170303,7.120827902281995,-0.0611439071116919,275.56928397025143,253.09118508492432,41.13547823501485,0,268.63405023386395,257.721017596387,7.49561390647956
2025-07-01,279.2351417659719,284.4991249985172,270.2668520002088,273.0450744628906,184361,267.8352288140191,263.7732620239258,247.62993774414065,268.180977935791,268.9177909449978,262.7934490912434,65.15556287011128,7.066754247042525,7.110013171234101,-0.0432589241915764,274.58709123750043,256.5542783914058,42.72349839510624,0,270.90048306336814,262.3611124167619,8.118798696950636
2025-07-02,272.9475871131741,274.0686158961752,263.5893781766515,265.0028686523437,126716,268.04644097222223,264.7569378939542,248.021227722168,267.9060577392578,268.134806486467,262.9943054149798,54.96677252589466,6.350217322773005,6.958054001541883,-0.6078366787688774,274.2264885533104,257.6069983851661,42.5392702595499,0,272.655138403052,262.3611124167619,8.07353993707265
2025-07-03,267.0987061099304,267.0987061099304,257.35057814971395,258.7640686035156,127942,267.5590345594618,265.235483342951,248.3173764038086,267.59227005004885,266.2606589098767,262.6097384321194,48.61555561111859,5.218778790486965,6.6101989593309,-1.3914201688439345,274.5317411987259,256.8338380249069,41.11557080668968,0,270.9248515741156,262.3611124167619,7.97605914172712
2025-07-04,259.2027183475308,270.9979592126884,257.30185123118576,269.9256591796875,134189,268.14933607313367,265.77384532581675,248.82700866699216,267.35707122802734,266.9936589638389,263.27482213644373,57.9718994818884,5.163234131205513,6.320805993705823,-1.1575718625003093,274.8573262493764,257.4343271930064,40.22299397197276,0,270.90048811485144,262.87777661047,8.320723846971939
2025-07-07,270.0231403570194,279.283861777206,266.8549988185345,274.4585266113281,144499,269.1458095974392,266.2745444557884,249.53842681884765,267.07091873168946,268.4866324933368,264.2915225432514,61.07195001057993,5.422472223110731,6.1411392395868045,-0.7186670164760738,276.0082989608771,257.51161681060734,40.16375392673673,0,270.90048811485144,262.9070133197616,8.832500970445661
2025-07-08,274.4585246418997,274.4585246418997,264.174261774954,266.9524841308594,85539,268.72339206271704,266.5603429620916,250.03168212890623,266.78680282592774,268.17980282084136,264.5334281421249,53.97250688724064,4.965011815499224,5.905913754769289,-0.9409019392700646,276.05247630758487,257.8134996445636,39.61128581749716,0,270.90048811485144,263.0288675495498,9.20849987149154
2025-07-09,266.95251110489795,270.5105721400171,257.74051755947755,259.2514953613281,134269,267.97062513563367,266.4274153275923,250.3810556030273,266.50254959106445,266.3941413289387,264.0532524347797,47.82928074677544,3.935697442558933,5.511870492327217,-1.5761730497682844,276.32549514122286,256.8337455814334,38.01647786464719,0,270.90048811485144,265.1247221310523,9.51138864933981
2025-07-10,259.7876203503193,263.8818461540977,254.42614976147595,259.0077819824219,186208,267.0987141927083,266.2235925847834,250.8080239868164,266.17463348388674,264.91686945963534,263.5945733027472,47.64445865840325,3.0649617817663284,5.02248875021504,-1.957526968448711,276.2881949180046,255.8474923378548,36.0357709781355,0,269.4626373799966,269.4626373799966,9.762055248204453
2025-07-11,258.32538645977286,267.8785397953189,257.4967896477584,262.7607727050781,83759,265.4631924099392,266.0618619051847,251.33091339111328,265.88034973144534,264.4856501087239,263.5187732484136,50.79750226099437,2.64721701364482,4.547434402900995,-1.9002173892561756,276.03463866852564,255.52590820647436,34.65733321673495,0,269.4626373799966,269.4626373799966,9.988351062630192
2025-07-14,262.0296833947437,265.00288045037865,260.908654561834,263.2481994628906,64200,264.3746507432726,265.7893565784801,251.78420135498047,265.58658477783206,264.2381599795573,263.4941756315479,51.20848931897392,2.3286394351000013,4.103675409340797,-1.7750359742407955,276.03411494830243,255.54105595013505,33.377355295434434,0,266.855005769341,269.4626373799966,9.880426236860853
2025-07-15,265.0028647471325,268.9996031636056,263.5893742922701,265.34405517578125,80698,264.41256035698785,265.64535106312144,252.4191943359375,265.2543803405762,264.4593390188021,263.66234649920546,53.025429025776326,2.21969518473162,3.7268793644189615,-1.5071841796873415,276.06553130499054,255.61686920770472,32.64660840785896,0,266.855005769341,269.4626373799966,9.73072430432518
2025-07-16,264.27176294848323,277.8216552734375,254.5236346932749,274.1661071777344,883253,266.12389797634546,266.148266878995,253.2690362548828,264.86461151123046,266.4006926505885,264.61723383361715,59.80979661860968,2.812797767251425,3.5440630449854544,-0.7312652777340296,277.13108873270653,255.80881910420743,30.575836000643378,0,266.855005769341,269.4626373799966,10.921388995438075
2025-07-17,276.35943603515625,279.38136174405616,269.53574625651044,276.35943603515625,347039,266.8387620713976,266.6977067427202,254.442126159668,264.53856506347654,268.39244132750207,265.68470676102976,61.306060921202594,3.420391006943021,3.519328637376968,-0.0989376304339471,278.5350848067988,255.7305707107793,28.849032903646656,0,266.9037557527661,269.4626373799966,11.398351435931804
2025-07-18,275.8720272578708,276.35943366645364,271.5828568121274,273.2400207519531,73937,266.70337253146704,267.22720614346593,255.5300170898437,264.2866061401367,269.3619572123923,266.37155348747734,57.99885197228437,3.6086045367371193,3.5371838172489984,0.07142071948812,279.18951207820214,256.0850728827354,27.24557288500684,0,266.9037557527661,269.4626373799966,10.803015746808237
2025-07-21,273.2400269697904,278.7964720536471,271.9727821782082,276.01824951171875,97227,267.71067979600696,267.8143102472479,256.66547912597656,264.03079330444336,270.6932156722576,267.24852585331746,60.06513556412151,3.936566667278044,3.617060387254808,0.3195062800232358,280.2469243540933,256.168191002352,26.08485975159503,0,266.9037557527661,269.4626373799966,10.273831238031846
2025-07-22,277.13923999944234,279.77124620125323,275.8232666474598,277.43170166015625,174225,269.73070271809894,268.4634454900568,257.74128204345703,263.8129817199707,272.04091286983737,268.1742691084846,61.11329583157925,4.261409913391731,3.7459302924821927,0.515479620909538,281.44596870951705,256.16329032368606,25.13870863098824,0,267.0986979813646,269.4626373799966,9.807312797622544
2025-07-23,279.36660053281446,281.7480130379552,274.05811338247605,279.912353515625,136987,272.05343288845484,269.1588731245561,258.7918325805664,263.6291552734375,273.6152009989949,269.2413676909519,62.95118448736984,4.665240411912578,3.92979231636827,0.7354480955443075,282.83071313098765,255.69435705944204,24.529523722559308,0,268.13582386561507,269.4626373799966,9.660296490141311
2025-07-24,277.9278563674421,280.80536107849406,275.89373575998394,278.7712707519531,100409,273.83237711588544,269.7625552090731,259.828529663086,263.47271545410155,274.6464149495866,270.10772251467927,61.51103651599297,4.837440149983138,4.111321883091244,0.726118266891894,284.01416328310734,255.78539421200975,23.963852021875297,0,268.13582386561507,269.4626373799966,9.032833442784703
2025-07-25,278.22552156214374,281.69837943184467,273.8100490106459,276.3898620605469,174231,275.2925618489583,270.0187197598544,260.7534558105469,263.1226016235352,274.99510437177867,270.6788261097581,58.50300186972535,4.727257027504777,4.234508911973951,0.4927481155308264,284.7004445033608,256.0526011509361,23.020133658230822,0,268.13582386561507,269.4626373799966,8.708509690108079
2025-07-28,275.844125810936,277.530954519988,258.0829453490769,270.73406982421875,359175,275.8914523654514,270.232704856179,261.54167572021487,262.74900466918945,274.1428974622667,270.68384826561817,51.99915547795819,4.135885034887281,4.2147841365566165,-0.0788991016693358,283.97111305435976,256.10729270735897,22.90161697450232,0,268.13582386561507,269.4626373799966,9.36306285686072
2025-07-29,269.6921965281492,269.6921965281492,262.94494219917834,267.8565673828125,76008,275.19039238823785,270.27823153409093,262.28657775878906,262.38092346191405,272.8856314463759,270.42682273081766,49.01366144198581,3.395882452355238,4.051003799716341,-0.6551213473611028,283.6691803680637,255.8903746856473,22.791565768183,0,269.91547919351603,269.4626373799966,9.007282360039351
2025-07-30,268.84882355042566,271.82555886806426,264.03642873072647,265.7728576660156,57200,274.01410590277777,269.7460673939098,262.9806427001953,262.0232862854004,271.46307669030386,270.00373499765385,46.91317008938946,2.6111869763551567,3.763040435044105,-1.1518534586889475,283.6561014401619,255.98045251491632,22.311202799637133,0,269.91547919351603,269.4626373799966,8.888241913233358
2025-07-31,260.36510414423367,271.130969368384,260.2162734377263,267.6581115722656,70436,273.3938937717014,269.50120544433594,263.668935546875,261.68154998779295,270.70208366669624,269.7904965044368,49.04102377288268,2.117030581966389,3.433838464428562,-1.3168078824621725,283.1435738704384,257.3823843815148,22.330380897404503,0,269.91547919351603,269.4626373799966,8.926309469168876
2025-08-01,267.90616980108086,273.76040967758786,262.9945445756944,264.1356506347656,67000,272.07360500759546,269.46178644353694,264.25792510986327,261.3778344726563,269.38879706031014,269.276419607194,45.38095208214273,1.424751274175037,3.032021026377857,-1.6072697522028203,283.1430235844291,256.8039338130318,21.87194650526106,0,269.91547919351603,269.4626373799966,9.402855127265218
2025-08-04,264.4333165979484,271.8255546339726,262.9449489623126,269.841064453125,108397,271.2302008734809,269.9652862548828,264.75728698730467,261.19928466796875,269.47925053887315,269.32775095682405,51.67240428064832,1.321263445612999,2.689869510224886,-1.3686060646118872,282.7418862613892,256.7433249202514,21.452886110120154,0,269.91547919351603,269.4626373799966,9.626369553761291
2025-08-05,269.8906718289184,271.8255619194708,265.72323022507527,268.451904296875,89050,269.9568176269531,269.8982973965731,265.2848199462891,260.94280883789065,269.27378129047355,269.2481285331923,50.157475225206085,1.1143099099663232,2.3747575901731737,-1.2604476802068505,282.76630044845706,256.8688527497851,21.063757153666465,0,269.8906623904608,269.4626373799966,8.398106061920783
2025-08-06,266.96352946616224,271.27980166568926,265.9216842335841,269.841064453125,77761,268.9645724826389,269.68841275301844,265.8424755859375,260.6911207580566,269.38723792300385,269.3020317986407,51.68299661254532,1.0502843328502536,2.1098629387085897,-1.059578605858336,282.3047120551417,258.3893980522802,20.70242312267376,0,269.8906623904608,268.0870813997156,8.077570486532172
2025-08-07,266.96351523517205,272.6193240614612,266.0209006180675,270.089111328125,43099,268.2644890679253,269.83098671653056,266.37974731445314,260.46369338989257,269.5276126040281,269.37358448313927,51.965703136031394,1.0079400065303048,1.8894783522729328,-0.881538345742628,281.6080208486089,260.19422219338327,20.0694871618753,0,267.80694993453244,268.0870813997156,8.207702216558232
2025-08-08,267.21159448563446,271.87515858838617,266.3185799479145,267.45965576171875,43921,267.9006652832031,270.2040849165483,266.83713470458986,260.1996185302734,269.1140212355662,269.1995909630101,48.71192532330331,0.7535206172896096,1.6622868052762685,-0.9087661879866586,281.28239999124463,260.9897313564116,19.48176091256245,0,266.98834155765707,268.0870813997156,8.11719427120343
2025-08-11,267.4596395191314,272.7185564212995,266.4177943352147,269.7418212890625,78302,268.1101379394531,270.6919957941229,267.3647311401367,260.0157766723633,269.2395812462655,269.24888462901487,51.54757509495592,0.7276551479313866,1.475360473807292,-0.7477053258759054,280.93781718973145,261.983676340542,18.731982857526614,0,266.98834155765707,268.0870813997156,8.285250166367101
2025-08-12,270.6844394991789,274.05809691848384,268.501518541829,269.0472412109375,39057,268.4739583333333,270.977744362571,267.78095458984376,259.8428498840332,269.2011132391999,269.23055340918967,50.63007808691974,0.6436897153025711,1.3090263221063478,-0.6653366068037767,280.7574489707959,262.5343631629932,17.70992267136588,0,267.137185178105,268.0870813997156,8.132870075022506
2025-08-13,271.2797942860616,272.3712699120198,269.0472428933401,270.38677978515625,42002,268.7771436903212,271.3022252863104,268.02705627441406,259.6982026672364,269.4382465483912,269.3356648979139,52.39007340902672,0.6774271148580624,1.1827064806566907,-0.5052793657986283,280.50495008051433,262.4089293140169,16.760866784216628,0,268.5015229403982,268.0870813997156,8.019470316634804
2025-08-14,269.8906595818192,270.4860126811977,263.3914664726383,265.82244873046875,141587,268.96456570095484,271.32397044788706,268.0746423339844,259.5775245666504,268.7150869848067,269.0162816099643,46.32950535537634,0.3320334022856173,1.012571864982476,-0.6805384626968587,280.0032137371561,261.85696692690635,17.040838092301133,0,268.5015229403982,268.0870813997156,7.96277144430342
2025-08-18,269.2456956153493,269.6425875721519,263.93717863548267,265.3759460449219,75075,268.4684414333767,270.9244176691229,268.1688629150391,259.48921981811526,268.04725879682974,268.68534201314225,45.77168691636594,0.0220234884341721,0.8144621896728153,-0.7924387012386431,279.8664999604656,261.2072732328937,17.300811449808172,0,268.7247816955611,268.13582386561507,6.981157141857575
2025-08-19,266.36820906403364,267.4100543061061,264.43331900770784,265.2767333984375,41168,268.11564466688367,270.42065845836294,268.2308795166016,259.3840908813477,267.4931537171513,268.37546850271457,45.64019159401599,-0.2290271507807801,0.6057643215820963,-0.8347914723628764,279.23706796026187,260.7625536217694,17.542215281778997,0,268.7247816955611,268.13582386561507,6.637414832811706
2025-08-20,264.08602545337254,269.9402654460577,263.93719474560163,264.7806091308594,61757,267.5533718532986,270.0361397483132,268.25665405273435,259.2447999572754,266.9506447998929,268.0486631052732,44.94484490488802,-0.4626861156615973,0.3920742341333575,-0.8547603497949549,278.18479164813874,260.5497206809628,17.018218322390076,0,268.7247816955611,268.13582386561507,6.509839158748727
2025-08-21,267.60849913075054,268.25345234991767,264.73096429291724,265.8720703125,24306,267.0848117404514,269.5749497847124,268.2477185058594,258.99788803100586,266.7349299024144,267.8507910332029,46.86287105747866,-0.5534113515410013,0.2029771169984857,-0.756388468539487,276.07033549179096,261.26014851699813,16.53164971724322,0,268.7247816955611,268.13582386561507,5.981824310630349
2025-08-22,264.7309699713304,267.5588744493222,261.20851211968966,263.1434020996094,60229,266.60522800021704,268.9254816228693,268.12572021484374,258.7329461669922,266.0166243418534,267.42284658469435,42.84425724192037,-0.8358572330839706,-0.0047897530180055,-0.8310674800659651,273.9815717077301,261.7861254358245,16.86815907807519,0,267.6333045190868,269.91547919351603,5.666431255468857
2025-08-25,263.937198342935,266.91393366259217,262.99455337934324,264.0860290527344,58934,265.976806640625,268.2061032381925,268.037197265625,258.4178842163086,265.6305052840296,267.1194995363344,44.611281467394186,-0.972425990361728,-0.19831700048675,-0.774108989874978,272.1053050135849,262.43200882918853,17.18063205599059,0,267.6333045190868,269.91547919351603,5.312058013439493
2025-08-26,264.08603631863696,266.56664915326803,262.30000719007,264.3837280273437,83760,265.45863850911456,267.5521240234375,268.0628326416016,258.1425720214844,265.3811498326924,266.8707930355169,45.18762762045129,-1.044594460449673,-0.3675724924793346,-0.6770219679703384,271.6620436164723,262.2402360466136,17.624578225723653,0,266.7898910158547,269.91547919351603,5.180937318353959
2025-08-28,264.38371209070976,267.60850858134444,257.14030488165724,261.6054077148437,144264,264.48293050130206,266.88010337136006,268.0095056152344,257.8782260131836,264.6260014091227,266.39212164272845,40.909302230495214,-1.3108648883197702,-0.5562309716474217,-0.7546339166723485,271.89451827509697,261.38264542119214,19.01879467554082,0,263.81315878142743,269.44415895980626,5.545943480324103
2025-08-29,262.1511726542515,266.3185839871236,261.4565889583139,265.0782775878906,39656,264.4002448187934,266.6230219060724,268.0792504882813,257.6573205566406,264.7164566448763,266.27268127410684,47.58914711818583,-1.2275046366550555,-0.6904857046489485,-0.537018932006107,271.89294928762934,261.3147564008473,20.31342423608533,0,263.54028516385745,269.44415895980626,5.421912879282388
2025-09-01,265.62402312346865,267.906174721694,262.94494926388484,266.4674072265625,82358,264.52151828342016,266.5598782626065,268.1465594482422,257.4669999694824,265.0666467612136,266.290383633421,50.0227973111243,-1.037391480993449,-0.7598668599178487,-0.2775246210756003,271.810202622591,261.2784326313152,20.925988953820404,0,263.54028516385745,269.419342156751,5.379387651949352
2025-09-02,266.4673913832358,269.4441264809338,263.49065628553774,264.53253173828125,20412,264.43882921006946,266.5034998113458,268.1741955566406,257.2850390625,264.95982375662715,266.13057891568104,46.76549974209944,-1.0309693440730712,-0.8140873567488932,-0.2168819873241779,271.7947009074597,261.3336224567981,20.95088067088412,0,263.54028516385745,269.419342156751,5.354581088328724
2025-09-03,266.5666433549074,268.8984254249233,263.93719986357786,266.2689819335937,49204,264.60420396592883,266.44035755504257,268.2073162841797,257.1631819152832,265.22165539202047,266.14316100821856,49.91738534811949,-0.87566857342307,-0.8264036000837286,-0.0492649733393414,271.3837491960569,261.3873659162477,20.97399440815757,0,263.2922156812955,267.3356297008226,5.312055887235196
2025-09-04,269.74183930313114,269.98990058071706,264.7806137514124,268.7991943359375,40575,264.92943996853296,266.65233681418675,268.2734948730469,257.0841947937012,265.9371631808039,266.38461858346574,54.17493469299875,-0.5421747458217965,-0.7695578292313423,0.2273830834095458,271.43364747533764,261.37219664087326,20.593753982735752,0,263.56510273118715,265.5992009000705,5.446717182108224
2025-09-05,269.8906731302327,277.1836808316634,267.3108297573631,272.3216857910156,94520,265.9492492675781,266.76509232954544,268.30484375,257.015509185791,267.21406770284625,266.9243519659703,59.35523529212514,0.0062846909754625,-0.6143893251899814,0.6206740161654439,272.0160276026091,261.03787864739087,20.050552617690176,0,267.16199285666033,267.16199285666033,5.645167529661149
2025-09-08,273.8596373995464,275.9433580881174,269.7418264441059,272.0736083984375,38672,266.83675808376734,266.9297152432528,268.4257879638672,256.9248684692383,268.18597584196453,267.39246618710365,58.85066097915457,0.4161281079645391,-0.4082858385590773,0.8244139465236164,272.4480371620388,260.80431879499247,19.546151350147856,0,267.16199285666033,267.16199285666033,5.6806048658998805
2025-09-09,272.0735996645747,273.760398049048,266.6162519930315,268.74957275390625,38655,267.3218519422743,266.8801019841974,268.4636798095703,256.82540603637693,268.29869522435285,267.5158395113584,52.42038675155701,0.4673230629310865,-0.2331640582610445,0.7004871211921311,272.5796043277622,260.8017433284878,18.18241599783896,0,267.16199285666033,267.16199285666033,5.978277062872613
2025-09-10,269.6922116580892,275.84414351797966,264.9294471917287,273.1650695800781,305840,268.6062588161892,267.01991826837707,268.3773718261719,256.7684921264648,269.2719700954979,268.029405881242,58.8520710504252,0.8543408164834432,-0.015663083312147,0.8700038997955902,273.29775526054686,260.4259172248047,17.44066061798004,0,269.32013489498866,267.16199285666033,6.329107464715106
2025-09-11,273.1650687467005,285.6673632839021,271.1309783681084,278.2255249023437,253658,270.0670640733507,267.5092759565873,268.4809808349609,256.7164094543457,271.06268105686706,268.9563257922512,64.73556652644115,1.5515068221370711,0.2977708977776966,1.2537359243593746,275.4886643543711,259.15283650012105,18.546439727266844,0,274.30615627389346,271.40383408277967,7.115814383200338
2025-09-12,277.8286111302313,282.7898363289854,277.7293805700731,281.5495300292969,69150,271.7428554958767,268.0459899902343,268.8119140625,256.67509796142576,273.16005085135305,270.1011625410736,67.97475810583782,2.3452013173532578,0.7072569816928089,1.6379443356604488,278.1767944044013,257.580981474505,19.57323461446173,0,274.5790097847199,271.40383408277967,7.023678199577465
2025-09-15,280.6565282517055,283.78209421219486,277.92785426889594,279.9619445800781,53526,273.4572347005208,268.5421128706498,269.2358715820312,256.60805801391604,274.5204295970981,270.9975972718922,64.90814471690788,2.813670799794579,1.1285397453131631,1.685131054481416,280.1525819304303,257.01914353343693,20.674901702484597,0,274.80228157373995,271.40383408277967,7.161882461009607
2025-09-16,280.8053532808681,283.7820884746582,279.21775512133013,281.8471984863281,77626,275.18814765082465,269.0630409934304,269.47430236816405,256.5341165161133,275.9857833749441,271.9839246550227,66.8222912035379,3.2990312950856837,1.5626380552676673,1.736393239818016,282.2852866524012,256.53356405560663,21.697878284220103,0,275.22398851765723,271.40383408277967,7.183146131733183
2025-09-17,281.79760632903424,282.8394515640107,275.1991825187104,277.0844421386719,36531,276.10873074001734,269.5749497847123,269.5268206787109,256.4149151611328,276.2055151276897,272.4476080626272,58.1871555082577,3.261768711867319,1.9024641865875975,1.3593045252797211,283.15753984155,256.8420817404813,21.424493299919693,0,275.29840523781536,271.40383408277967,6.981150799276975
2025-09-18,277.08442949567524,281.49993206911853,275.844123186384,277.82861328125,43572,276.7206115722656,270.1409801136363,269.7443432617188,256.2874931335449,276.53013475840174,272.9367903552293,59.07700059152818,3.254767306624217,2.172924810594922,1.081842496029295,284.0126811465883,257.29174085048203,21.17063581449788,0,275.29840523781536,271.40383408277967,7.0378517888430325
2025-09-19,279.61464801482435,279.61464801482435,273.26428563660727,275.0999450683594,33909,277.05687120225696,270.5874897349964,270.0613122558594,256.13546127319336,276.2440968203933,273.1334407836956,54.49724958793136,2.994518971498053,2.3372436427755483,0.6572753287225046,284.4162374950831,257.8109719775731,20.20829597836579,0,275.29840523781536,271.40383408277967,7.137075854586454
2025-09-22,276.43949317838803,276.43949317838803,269.8906694086132,272.1728210449219,51201,277.4372321234809,270.9234993674538,270.3246130371094,255.92736419677732,275.429841665299,273.0461117165344,50.01781479647386,2.52299235981161,2.374393386182761,0.1485989736288493,284.33083144522305,258.79931992196447,19.048640805952694,0,275.29840523781536,271.40383408277967,7.179601109899226
2025-09-23,272.2224553260093,276.5387276636718,269.9402733764466,271.478271484375,36039,277.24981011284723,271.1783266934481,270.4989630126953,255.6906930541992,274.63952762911424,272.90358078633807,48.98886818721538,2.0694049656568154,2.313395702077572,-0.2439907364207565,284.20721257300346,259.6621630373481,17.94641091342045,0,277.77901634625766,271.40383408277967,7.296546018890638
2025-09-24,269.394549913405,276.4890964608341,263.93720175677987,265.0782775878906,77711,275.7890048556858,271.26627557927907,270.53556457519534,255.42202194213868,272.7272776208696,272.19218958647923,40.6836818955142,1.179906440423906,2.0866978497468387,-0.9067914093229326,284.1556011843924,259.7832293820139,18.17763684961741,0,273.85964798448737,271.40383408277967,7.821018009944177
2025-09-25,264.9294219815904,268.8984020861835,260.9604418769973,262.3495788574219,58821,273.65567694769965,271.1873460249467,270.4756750488281,255.1175302124024,270.65173786818,271.29740679292854,37.74550508867534,0.2518856864242593,1.719735417082323,-1.4678497306580636,284.0634259199134,259.9498217607507,18.89167441304172,0,272.3712680445961,271.40383408277967,7.682811519578881
2025-09-26,260.315508067196,267.856576884133,258.4798485758291,263.58990478515625,163388,271.83656141493054,271.1512631503019,270.26415100097654,254.86042602539064,269.2393712515753,270.59672479222195,39.87121984063278,-0.379123214199808,1.299963690825897,-1.679086905025705,284.1858334750283,259.67857692536234,19.93296430580429,0,271.1309685252437,271.40383408277967,7.909611281314052
2025-09-29,264.73096963322763,271.5774847651742,262.1511567045177,264.8302001953125,114103,269.9457838270399,271.2978446266868,270.0335662841797,254.52105911254884,268.3575370403228,270.072495283412,42.0038115785659,-0.7702419701270173,0.885922558635314,-1.6561645287623312,284.27832358820166,259.42236610906394,19.88527343382819,0,270.6596500699199,271.40383408277967,8.07262428164548
2025-09-30,263.4410682614468,268.6503549219838,263.04417628635105,267.1619873046875,42687,268.8432888454861,271.392558704723,269.9120056152344,254.24428497314452,268.1184270931957,269.8079036489825,45.88939437526608,-0.881884850289282,0.5323610768503948,-1.4142459271396768,284.1364720941554,259.8271631597508,19.84098905270752,0,269.9898903224738,271.40383408277967,7.693444446601323
2025-10-01,267.16199082569534,270.8829099179752,264.13565540967454,267.3108215332031,41582,267.6746453179253,271.43089571866125,269.73785705566405,254.0018859863281,267.9569059811972,269.58089618391165,46.13744610739513,-0.9474315575400852,0.2364025499722988,-1.183834107512384,284.09403670011113,259.9737825137561,19.21248288004448,0,269.0472482953268,271.40383408277967,7.1370779889232505
2025-10-03,267.31081633845673,270.7836740904287,264.92943422185925,265.82244873046875,39690,266.64381239149304,271.4895283092152,269.5056719970703,253.72499404907228,267.5300145310515,269.23921914268954,43.96685100283945,-1.1067194684813444,-0.0322218537184298,-1.0744976147629146,284.1843874445847,259.5857572087357,18.628870005428794,0,267.50928811975047,271.40383408277967,7.193776853898759
2025-10-06,268.79917510911235,268.79917510911235,261.7542292734032,263.3418273925781,32499,265.662590874566,271.3564758300781,269.1742614746093,253.45032135009765,266.6923771033569,268.70309261995214,40.54329277431716,-1.4167898248797997,-0.3091354479507038,-1.107654376929096,284.31046837415965,258.56169043931686,18.735807057293957,0,267.50928811975047,272.0736059298656,7.278827274785202
2025-10-07,263.9371926468174,268.89841807250946,263.0441781263762,265.9712829589844,31778,265.05070326063367,271.227934403853,268.91826171875,253.2092671203613,266.5481582744824,268.4547462871369,45.39684943212061,-1.4338195481010416,-0.5340722679807713,-0.8997472801202703,284.22903548641443,258.03289078311684,18.805713884247837,0,267.4844725183316,272.0736059298656,7.37096345998557
2025-10-08,263.93719729778167,265.9216875030281,258.97597178466543,259.37286376953125,74897,264.41676839192706,270.6393515846946,268.5779217529297,252.95910369873047,265.11309937349216,267.6291206037182,37.19204772324842,-1.9571917218849533,-0.8186961587616077,-1.1384955631233458,284.75276189323523,256.5714934778585,19.62390881494226,0,265.02866667050165,272.0736059298656,7.3248950406297615
2025-10-09,251.98064893111936,264.6317895391113,251.98064893111936,262.6968994140625,61542,264.45535956488715,270.2131375399503,268.4171783447265,252.7309217834473,264.62985938160625,267.18073685920405,42.80052391028273,-2.0797717300221734,-1.070911273013721,-1.0088604570084525,284.61042938599763,255.6670089684946,21.358276783787858,0,261.7790668481468,268.82400610751074,7.824561592433865
2025-10-10,263.2426145664427,266.6162721523073,260.76200180090547,264.929443359375,60835,264.6041971842448,270.0394952947443,268.3586358642578,252.55192031860352,264.68977617716,266.976073813765,46.27076712157042,-1.9740144218993687,-1.2515319027908507,-0.7224825191085185,283.5988853095136,255.3489448906817,22.38901033239839,0,261.7790668481468,268.82400610751074,7.7891264476613475
2025-10-13,264.9294456951785,265.4255682526601,260.36511211016415,262.05194091796875,24984,264.2955017089844,269.53435308283025,268.2842175292969,252.40386001586916,264.1622091253218,266.52842536869264,42.67690702295293,-2.098204595511902,-1.4208664413350611,-0.6773381541768408,281.78101906501405,255.21705222404847,23.40116800836553,0,261.4317794245473,268.82400610751074,7.682814474284285
2025-10-14,262.051937658981,266.9139326056514,257.93412653927805,259.37286376953125,45963,263.43004353841144,268.6774139404297,268.1185125732422,252.2034118652344,263.2043400541637,265.8779197687689,39.59348875658479,-2.3853089816020656,-1.613754949388462,-0.7715540322136036,280.1904378016913,254.7487254063165,24.673462427788458,0,261.4317794245473,268.82400610751074,7.852911029937723
2025-10-15,259.4720951860368,259.57132575280764,226.2318841392596,237.54347229003903,1125642,260.122560289171,266.6771385886452,267.5866690063477,251.9099011993408,258.0721665013388,263.30206090706616,24.231208766388438,-4.324441265574023,-2.155892212625574,-2.168549052948449,282.1712881912059,248.337502397173,27.98572062172054,0,248.5077791148441,255.94962371158084,9.33773580918728
2025-10-16,230.10162249334445,249.05350912432704,228.46442420667847,240.2225341796875,1002344,257.2781253390842,264.87080175226384,266.9942984008789,251.62637397766116,254.50224003700856,261.2039221136681,27.92718516734149,-5.580708730302945,-2.8408555161610485,-2.7398532141418963,282.7588962910468,244.0637035014336,31.061388944657477,0,247.56515110588447,255.94962371158084,10.24138757407745
2025-10-17,245.87832598371327,246.17600252627904,240.1233016757888,241.4132232666016,191888,254.84161376953125,263.0328937877308,266.4535247802734,251.37926315307615,251.8844366829272,259.4047676730257,29.57150963875316,-6.406382301373128,-3.5539608732034647,-2.852421428169664,282.0475069606311,241.13355383038453,33.91736667309891,0,247.56515110588447,255.94962371158084,10.003957041376475
2025-10-20,242.65353000354284,247.069017447914,240.9171011660575,245.8783264160156,140213,252.60906304253476,261.6144339821556,265.9742700195313,251.1359562683105,250.6832146295449,258.17509119511567,35.51313302401074,-6.624079779023361,-4.167984654367444,-2.456095124655917,280.69764871697924,239.56125020880205,36.35504697593338,0,246.5729083724555,255.00698917572723,9.770070485747905
2025-10-21,246.77134851872628,250.0457603128192,244.3899663814542,248.95428466796875,84058,251.45144314236111,260.3019644997337,265.5515734863281,250.87975967407223,250.3374286372297,257.33683605628414,39.31149874008295,-6.4737768051858495,-4.629143084531126,-1.8446337206547236,279.29417604946235,238.64286923862363,37.90758548863316,0,246.5729083724555,255.00698917572723,9.773614435443063
2025-10-23,249.946528985029,262.6472841465426,249.946528985029,255.7015686035156,254077,250.67418416341147,259.42022011496806,265.31641174316405,250.65583724975585,251.41025663048688,257.1881753787597,46.72438301883898,-5.74399795840128,-4.8521140593051575,-0.8918838990961229,277.6684796375719,238.69089536242808,36.94814342024145,0,246.5729083724555,255.0069863069589,10.26973907617686
2025-10-24,255.70156651681705,258.77750200746533,251.3852944084049,256.8922424316406,132111,249.78116183810764,258.7256483598189,265.0594201660156,250.4498097229004,252.5066537907176,257.16127238356705,47.93300863841265,-5.011792710860362,-4.884049789616198,-0.1277429212441641,276.9911434422771,238.54962804209785,36.05723292816344,0,246.5729083724555,254.53566785163517,10.379593914069076
2025-10-27,255.8999978943488,278.37434270857864,253.51861577883267,267.50927734375,588437,250.38753255208331,258.545239535245,265.0286608886719,250.3577931213379,255.5071785013241,258.10200010722,57.24680969402118,-3.5340702280790595,-4.614053877308771,1.0799836492297112,277.6424049910609,238.41433634194692,34.198032542296794,0,252.30311342391911,253.86590810418903,11.651792563643133
2025-10-28,264.03640605271534,264.9294205151227,254.56044793690265,258.4798278808594,427220,250.2883063422309,258.24531000310725,264.79052185058595,250.2267219543457,256.10170837723115,258.13634808664176,49.18807258133204,-3.056334106380348,-4.302509923123086,1.2461758167427384,277.21423148190433,238.33150216067384,32.47163218399206,0,252.30311342391911,252.923266077042,12.15854895369414
2025-10-29,258.4798362175348,264.7805983580993,256.0984541473376,263.4906616210937,234105,253.1713273790148,258.29717740145594,264.74388610839844,250.1331338500977,257.5794990260037,258.623103862501,53.13113407174974,-2.247484776980798,-3.891504893894629,1.6440201169138309,277.0538893224624,238.3578904626938,30.8685461369948,0,253.41938345762856,252.30311342391911,12.279037027725767
2025-10-30,264.8302036584768,272.8673947977952,262.8457135144928,265.82244873046875,214314,256.0157623291016,258.39865667169744,264.7528161621093,250.04803649902345,259.22808896689673,259.277589759589,54.88560667017458,-1.4021470454842415,-3.393633324212552,1.9914862787283096,276.8579286028878,238.4198973248466,30.183326335844512,0,259.2488221921837,252.30311342391911,12.09121850453366
2025-10-31,265.4255676269531,268.2038418299336,264.4829226575931,265.4255676269531,63949,258.68380059136285,258.4257188276811,264.7557928466797,249.99166122436523,260.467584698908,259.83649683844027,54.51157610671628,-0.7555265513387894,-2.8660119696377997,2.11048541829901,276.5815597727417,238.50774076436767,29.547050806204965,0,259.64572193731806,252.30311342391911,11.938836277457847
2025-11-03,265.8720689402217,266.3681914571612,259.4720763593366,261.1589050292969,72216,260.3816426595052,258.152851451527,264.68335876464846,249.9680548095703,260.6058487649858,259.9567157648818,50.52527694944289,-0.5806656129884118,-2.408942698307922,1.82827708531951,276.03310197457296,238.5898441924192,28.2421847333661,0,261.3821545450164,252.30311342391911,12.069954774267034
2025-11-04,262.64727225970483,269.89064888581845,262.05191918392075,263.6891174316406,111219,262.0188462999132,257.9882285378196,264.63969970703124,249.98293197631835,261.2225024983168,260.2960250073144,52.73274726655516,-0.2352087247721215,-1.974195903600762,1.7389871788286404,276.0746454728116,238.5830296980868,27.402748986674546,0,264.1604358468038,252.30311342391911,12.05223604499191
2025-11-06,263.4906822715356,265.17751110562256,257.98373391005373,259.6705627441406,60440,262.4598456488715,257.7085973566229,264.5702429199219,249.9667495727539,260.9121145474816,260.2391648015713,48.99379302628953,-0.2824396424115321,-1.635844651362916,1.3534050089513838,275.35548317892574,238.67211997048835,26.056790725447836,0,264.87981855849176,252.30311342391911,10.18468858656482
2025-11-07,260.16666938900875,261.85346783895733,255.15581361844883,256.048828125,49682,262.36613294813367,257.37709738991475,264.4094989013672,249.9565852355957,259.9394572629853,259.8582251037012,45.83923487830448,-0.6051385401810876,-1.4297034291265502,0.8245648889454626,275.15949203427283,238.53570755068813,24.430938318121456,0,265.94647924370565,252.30311342391911,9.192443536769105
2025-11-10,252.62559179284432,259.86896843097946,252.62559179284432,257.7852478027344,89100,261.2856852213542,257.0050048828125,264.277529296875,249.91757263183592,259.5086153709351,259.66977262179506,47.58185171893367,-0.7125513371877332,-1.286273010738787,0.5737216735510537,274.7142654646812,238.48976895914691,22.7798924613674,0,262.74649329531974,252.30311342391911,9.277491807315169
2025-11-11,257.4875828432247,260.96044041529126,254.6100783396953,259.3232421875,42323,261.37939792209204,257.00274935635656,264.2318859863281,249.8662664794922,259.4715407342481,259.63826985504096,49.14268068119485,-0.6658974085685259,-1.1621978903047347,0.4963004817362089,274.0609996343412,238.58241467229936,21.20576629568698,0,262.74649329531974,252.30311342391911,9.291666506867989
2025-11-12,259.9682168005988,261.95270700518347,256.59458950898824,260.2162780761719,47962,261.0155775282118,256.8899938409979,264.1346459960937,249.8386779785156,259.6204882026329,259.6908160569619,50.07231871436697,-0.5505172806842893,-1.0398617683806457,0.4893444876963564,273.8630595951629,238.596788427298,19.88235118225414,0,262.74649329531974,252.30311342391911,9.27040390435586
2025-11-13,261.6550387608058,261.6550387608058,255.10621520033845,256.5449523925781,63359,259.98474460177954,256.5088806152344,263.9361968994141,249.8341624450684,259.005381040622,259.40482845110887,46.32345186246325,-0.7467153286892199,-0.9812324804423606,0.2345171517531407,273.6607960874107,238.51626079735496,18.494901019704454,0,261.2581203393314,252.30311342391911,8.760105624491112
2025-11-14,255.9992368843164,260.3651092866251,255.6023448988188,257.6860656738281,58362,259.1247999403212,256.3104317405007,263.799267578125,249.8341339111328,258.7415179672632,259.2485772895379,47.63573590704632,-0.8008931919700899,-0.9451646227479064,0.1442714307778165,272.348430887945,241.8428853351995,17.206554440194033,0,261.2581203393314,252.30311342391911,8.572288252258673
2025-11-17,256.0984742184331,260.4147465919581,253.0225082579373,259.6705627441406,148550,258.95942857530383,256.3239635120739,263.66729919433595,249.8696167755127,258.9273269226387,259.28693960359266,49.92840350633904,-0.6759057893080467,-0.8913128560599346,0.2154070667518879,271.11122794233034,245.02489113725957,16.421523344015057,0,261.2581203393314,252.30311342391911,7.324896209706874
2025-11-18,260.9604404324991,267.65809432192634,256.89222979162696,258.4798278808594,88344,258.38061862521704,257.27561603892934,263.4609118652344,249.93253326416016,258.83782711428285,259.2135658106169,48.55471953891594,-0.6652659525062745,-0.8461034753492027,0.1808375228429282,269.3471946150383,248.49558492597728,15.933986375758252,0,260.14184305738536,252.30311342391911,7.168970147096305
2025-11-19,262.84572345834323,262.84572345834323,257.0907139354356,259.02557373046875,44757,258.3089531792535,258.1302996548739,263.19498962402344,249.96430366516117,258.87537643752,259.1964756215125,49.24398532261812,-0.6058132382054282,-0.7980454279204479,0.1922321897150196,268.0087677901832,251.1487364822778,15.481273476662649,0,260.14184305738536,252.30311342391911,6.959889097963869
2025-11-20,257.9837250528616,259.96821524557583,255.00698976379005,258.0333251953125,68525,258.52945285373266,258.8857588334517,262.9141839599609,250.01012176513672,258.7069661890785,259.09073467367614,47.98516744078964,-0.6314833510226094,-0.7647330125408802,0.1332496615182707,266.8837066286017,253.1817016965936,14.690485156763756,0,260.14184305738536,252.30311342391911,6.598427969284109
2025-11-21,257.38836713297536,257.9837202358568,253.12172541067213,254.858154296875,32225,258.20422024197046,259.29393282803625,262.6363555908203,250.03129066467284,257.9372038106378,258.70595463942146,44.1002476138854,-0.8976888575094222,-0.7913241815345886,-0.1063646759748335,266.96309287987066,253.01797401466064,13.654829517867626,0,260.3403012899318,252.30311342391911,6.683476584448387
2025-11-24,254.80852559940192,257.98372198232033,251.03800639048865,255.35427856445312,93858,257.7632242838542,259.5848416415128,262.2801397705078,250.0291076660156,257.4206187614009,258.4012568144244,44.8515527944274,-1.0564474881694537,-0.8443488428615616,-0.212098645307892,267.0617813429474,252.76548916486507,13.048492110486464,0,259.3480503562075,253.41938345762856,6.687019476877467
2025-11-25,254.0147538260396,258.2317956376048,253.1217392633036,256.2969055175781,56035,257.32773844401044,259.6119024103338,261.8415673828125,249.99971267700195,257.1958761126363,258.2099521510747,46.32757133589623,-1.0935964305948571,-0.8941983604082209,-0.1993980701866364,265.70757665902664,252.99845666616864,12.437764929683617,0,259.3480503562075,259.2488221921837,6.428327513861727
2025-11-26,255.3542802097188,257.6364318065151,254.957388229526,256.6938171386719,55413,257.3442789713542,259.60288307883525,261.344453125,249.9937483215332,257.09546431784344,258.0721216954017,46.97116133216738,-1.0785766244808883,-0.9310740132227544,-0.1475026112581339,265.71933705114526,252.80809519983129,11.870661118938116,0,259.3480503562075,259.64572193731806,6.105846541106031
2025-11-27,257.98370886487214,260.3650908905186,254.16355942742075,259.4720764160156,57066,257.542724609375,259.2375557639382,260.9346557617188,250.01069213867189,257.5707867374779,258.1993903063666,51.36710206458806,-0.8328899779142489,-0.9114372061610534,0.0785472282468044,265.20710973453134,252.91846399593743,11.260766954135413,0,259.3480503562075,261.3821545450164,6.070409201290985
2025-11-28,259.4720912809384,259.4720912809384,255.6519416246341,256.6938171386719,17999,257.21197509765625,259.1563734574751,260.4315881347656,250.0261735534668,257.3953928177167,258.0625200183943,47.15719632154104,-0.8525363370257537,-0.8996570323339935,0.0471206953082398,263.9390298397776,253.2736807315115,10.694436658247186,0,259.3480503562075,264.1604358468038,5.825892988303068
2025-12-01,256.9418710642993,259.96820639276456,254.5108585486417,257.2395324707031,42875,257.07416449652777,258.8722312233665,260.03468994140627,250.11968780517577,257.364220748314,257.9877029686042,48.05770215625095,-0.8146804228111932,-0.8826617104294335,0.0679812876182403,262.4790531615261,253.91505389413803,9.951370814482951,0,256.94186492441594,264.70617454953367,5.76210625748356
2025-12-02,256.19768732005787,259.7697453213036,253.8659053663608,256.3961181640625,56675,256.78200276692706,258.4437616521662,259.6060400390625,250.27112922668456,257.1706002314637,257.8430134409186,46.73221199410154,-0.8430180367305411,-0.8747329756896551,0.031714938959114,262.0738502915272,253.84397807761331,9.410227633148311,0,255.70154864050363,264.70617454953367,5.801086433108387
2025-12-03,256.49535780811146,258.5790785698927,254.61009817827787,256.3465270996094,32653,256.5945807562934,258.0310779918324,259.2309716796875,250.42670936584472,257.00578560509285,257.7069692280723,46.65073796841418,-0.8595688101937071,-0.8717001425904656,0.0121313323967584,260.754035773229,254.42953356270849,8.907737536194718,0,255.70154864050363,261.9527005941419,5.616811921047495
2025-12-04,256.3465184225116,257.1899327833644,253.568229214332,253.86590576171875,23338,256.48433091905383,257.6995780251243,258.8648333740234,250.55331466674804,256.377809636418,257.357781640222,42.645588926706125,-1.0606246076937964,-0.9094850356111318,-0.1511395720826646,260.715928711999,253.8871749256963,8.703887879361927,0,255.70154864050363,261.9527005941419,5.535307576849358
2025-12-05,253.51861049622065,253.6178410574904,251.1372284303258,252.03024291992188,26439,256.11499362521704,257.1696291836825,258.4758728027344,250.85254417419435,255.5082962931188,256.87345993837647,39.91466397052648,-1.3524947086968382,-0.9980869702282732,-0.3544077384685651,261.2246289129855,252.976616204202,9.095000244236507,0,255.75115966042225,261.9527005941419,5.202196076661656
2025-12-08,254.0147381954553,254.0147381954553,238.68455487542283,239.5279541015625,70178,254.25177680121527,256.2540560635653,257.9648663330078,251.0422274780273,252.3122278548076,255.29659577139336,27.15844743200812,-2.563088400591738,-1.311087256300966,-1.252001144290772,265.04271558408044,247.33280016298983,11.438257919408748,0,249.52482288297077,254.28760188062063,5.528218847356876
2025-12-09,239.52795551751,246.07677908150765,231.39154891468087,242.55430603027344,163839,252.6807200113932,255.6406686956232,257.56896087646487,251.25313514709472,250.36064348990075,254.13820579492796,32.760277182870325,-3.2409318697222886,-1.6970561789852308,-1.543875690737058,265.9564456809967,244.74217645035097,14.316507133150385,0,245.8783199025997,250.6410989002497,6.166091750493957
2025-12-10,242.10780404169068,252.42714701023505,242.10780404169068,249.3511962890625,47139,251.5561777750651,255.25730271772903,257.284186706543,251.4631777191162,250.15875404973312,253.7030231125765,43.30573323501786,-3.1928700443260425,-1.9962189520533933,-1.1966510922726492,265.476391755569,244.1357221970677,15.504674954452796,0,245.6798776537227,250.6410989002497,6.54881442811957
2025-12-11,246.07677264510068,252.97287272137785,242.2566231426125,243.3480987548828,54932,250.07332017686636,254.53115983442828,256.8545446777344,251.6020189666748,248.79662299076307,252.76166635278616,37.6842699021888,-3.5977083599834714,-2.316516833639409,-1.2811915263440623,265.9371065196783,242.3553220691889,16.49089067261769,0,245.6798776537227,249.5248216183036,6.963432270557068
2025-12-12,242.4550855563,245.2333596014957,238.13881350533265,240.2225341796875,55013,248.1825425889757,253.62235329367897,256.3157556152344,251.7169464111328,247.081805228548,251.6217452461408,35.12751458092822,-4.123222637679561,-2.6778579944474394,-1.4453646432321214,266.4636163831202,240.0824590563329,17.872827534998976,0,245.58064711799224,249.5248216183036,6.974063020866451
2025-12-15,240.2225402775534,260.464333883146,238.63494209103467,254.26280212402344,315217,247.9455074734158,253.51861919056284,256.0547952270508,251.9035375213623,248.5180046076431,251.86184132594832,51.15820654055858,-3.3679406814810022,-2.8158745318541523,-0.55206614962685,265.85851543490725,240.14678394253417,16.64519000798524,0,245.92794139891345,249.5248216183036,8.168301264995746
2025-12-16,253.02249405041468,256.2968906845828,245.53104070828127,253.7666778564453,58394,247.65885755750867,253.34046519886363,255.81367980957032,252.08642944335935,249.56773925740356,252.03500828326625,50.68161977687108,-2.7773913333660403,-2.8081778921565297,0.0307865587904894,265.37043088563547,240.16355348936452,15.5052408757582,0,245.92794139891345,249.5248216183036,8.745930293518066
2025-12-17,253.76667606562768,256.99147253566986,250.88917142546563,254.1139678955078,110191,247.68642001681857,253.087892705744,255.6291226196289,252.31297477722168,250.4769849850244,252.22400461165185,51.0255597760728,-2.255354988184223,-2.6976133113620686,0.4422583231778456,264.79856204824813,240.24426174325575,14.546181949919866,0,245.92794139891345,249.5248216183036,8.73884241116852
2025-12-18,251.1372381938191,259.96821343366474,251.1372381938191,258.380615234375,76649,248.3920169406467,253.0833830399947,255.4773092651367,252.52186088562013,252.0577110348945,252.7836964864448,55.16263194459929,-1.4802907706172164,-2.4541488032130983,0.973858032595882,264.8496874366412,240.22786535876887,14.0807445115166,0,245.92794139891345,249.5248216183036,9.096758524278616
2025-12-19,257.78524428836613,261.4565629776479,254.6596785290668,256.7929992675781,44988,250.3103552924262,252.98190238259056,255.42571197509767,252.7366999053955,253.00476868143124,253.14817855745693,53.35648041105301,-0.9828247425742234,-2.159883991085324,1.1770592485111,265.05311852896364,240.2179187635168,13.85673273286228,0,246.4240559461644,249.5248216183036,9.192439710311346
2025-12-22,256.9914729947717,259.2240244010969,254.46126017996968,256.8922424316406,63913,251.90345933702255,252.93003498424184,255.3096188354492,253.03245719909668,253.78226343147315,253.48854800056452,53.45906547459552,-0.5739550409335834,-1.8426982010549755,1.268743160121392,265.2196317071086,240.2052019720906,13.612830462004704,0,249.79768824149028,249.5248216183036,9.11093430075309
2025-12-23,256.79302436016025,260.1170515607912,255.60234838741644,257.8348999023437,30208,252.8460930718316,253.06534160267225,255.1677279663086,253.32805374145508,254.5927907256473,253.8836709007263,54.48307438067867,-0.1718769859632516,-1.5085339580366308,1.3366569720733792,265.40774514633057,240.17088797134525,13.523761673176535,0,249.79768824149028,249.5248216183036,9.149914499450228
2025-12-24,256.9914638591197,262.99453420369434,255.8007577057074,258.628662109375,87594,254.54393344455292,253.2141772183505,255.09926239013672,253.6288864135742,255.3999650023928,254.31503373787612,55.37346985029262,0.20842020736319,-1.1651431249566666,1.3735633323198566,265.6592475491866,240.1128700655595,13.875269541993385,0,250.5666738545135,247.1930415591876,9.405062565804124
2025-12-26,257.8348890316783,266.4674030235547,255.0069845091484,258.2317810058594,136284,256.5449608696832,253.30212610418147,255.07644073486327,253.8631533050537,255.9663282030861,254.67110167132915,54.79628381475944,0.4723386587503171,-0.83764676821527,1.309985426965587,265.4740481288828,240.17403994484772,14.683453345618238,0,252.5511725572947,248.9294759691178,10.028758364590791
2025-12-29,259.7697360579824,263.3418242127645,256.3465088820406,258.9759521484375,45988,257.0686442057292,253.40585951371625,255.50509033203124,254.0820347595215,256.56825299215643,255.06245171470263,55.72811906936955,0.7330936772364964,-0.5234986791249167,1.2565923563614132,265.77492189556494,240.1013796791421,15.433909734698462,0,255.999221865918,248.9294759691178,9.433410651068751
2025-12-30,258.0829536699265,260.8612278063813,257.2891394302845,260.06744384765625,34326,257.7687293158637,253.43292166969997,255.90198852539064,254.26089866638185,257.2680911632564,255.51745099951657,57.124196684035766,1.016105138640711,-0.2155779155717911,1.231683054212502,266.1754908495242,239.9836018628782,16.13076209598724,0,258.6782872245102,248.9294759691178,8.639614808873754
2025-12-31,258.57906014838443,263.9371772391618,258.57906014838443,260.66278076171875,37217,258.49637518988715,253.6133291071112,256.28697967529297,254.48602088928223,257.94702908294886,255.98520825062585,57.90393724462887,1.2737494831573315,0.0822875641740333,1.1914619189832982,266.75032465946504,239.83543431270292,17.225744833464837,0,258.8023206086869,248.9294759691178,8.285241531890398
2026-01-01,260.9604422032148,261.70462597375627,258.3805990758213,258.9759521484375,13742,258.5625237358941,253.6922572742809,256.5489321899414,254.68969520568848,258.1528136960466,256.2570940595178,54.85966267735526,1.3265300975094192,0.3311360708411106,0.9953940266683086,267.05763279043424,239.7910686866165,18.18814193424272,0,260.4643316017622,248.9294759691178,7.7572256261168
2026-01-02,258.97597744453884,259.76976143161846,256.7434259148445,258.3310241699219,22032,258.7334153917101,253.7802075472745,256.7364669799805,254.90335357666012,258.18845579082165,256.4456331604636,53.69726997988608,1.3013180324334712,0.5251724631595828,0.7761455692738884,267.45644373685644,239.83876958101467,18.62504843601746,0,260.4643316017622,248.9294759691178,7.4666391561604355
2026-01-05,255.9992327518333,259.42249041843974,253.5186200313698,254.7589263916016,31781,258.49638027615015,253.7080438787287,256.71761413574217,255.10266082763675,257.5025499109776,256.29229618147616,47.67220440337642,0.9817814859417808,0.6164942677160223,0.3652872182257585,267.5795076109956,239.98857405404345,18.195910882376708,0,259.9930115274623,248.9294759691178,6.329101912943192
2026-01-06,254.01474465132108,254.7589284735417,251.7821931846591,252.72482299804688,20892,257.9285939534505,253.65617648038,256.6342657470703,255.31314598083495,256.5470045283915,255.96798043752804,44.60311769989947,0.5579792886525468,0.6047912719033273,-0.0468119832507805,266.5240886881092,242.3636798665783,17.381515981867402,0,259.1247981041069,248.9294759691178,5.772736578127551
2026-01-07,250.1449911600441,255.35427783912093,250.1449911600441,253.4193878173828,18246,257.3497856987848,253.71931943026456,256.35246795654297,255.52710395812989,255.92148118618977,255.736290199333,45.8842444240397,0.2749886719353753,0.538830751909737,-0.2638420799743616,265.7178996618009,244.25637707159757,16.24479445504136,0,258.3061970917994,248.9294759691178,5.708949833047023
2026-01-08,252.12947526928207,257.4875925257739,250.64110768242787,251.6829528808593,68489,256.62213812934027,254.2718193747781,256.21653045654296,255.66058479309083,255.0737755251237,255.36780498856265,43.19476457376593,-0.0883804235279797,0.4133885168221936,-0.5017689403501733,265.62529126449505,244.5821611280831,15.649671178811095,0,257.0410841996029,248.9294759691178,5.567200519011335
2026-01-09,249.152747456828,251.0380070663604,243.1000463686098,244.14190673828125,64988,254.97391086154516,254.34398304332387,255.82955535888672,255.74934173583983,252.8874017677552,254.3472687839916,33.901280161660665,-0.973629060423974,0.1359850013729601,-1.1096140617969343,265.482672674617,244.80416051630095,15.50343812089466,0,253.51861180388585,248.9294759691178,5.694773523559078
2026-01-12,244.1419024655712,254.0147378825229,240.1233069045724,242.0581817626953,107648,252.97288174099396,254.01248238303444,255.35427001953124,255.7996541595459,250.72155776674325,253.2300790547829,31.86139493882565,-1.8223275168943476,-0.2556775022805014,-1.5666500146138458,265.0352868984391,245.43511105077965,15.8498328984309,0,252.03024207186712,248.9294759691178,6.346821149046455
2026-01-13,241.11555731446816,248.0116576745886,240.8674960415109,242.70315551757807,22518,250.9773678249783,253.9831667813388,254.89982177734376,255.84129875183103,249.1178773169102,252.27308600594608,33.20120910153588,-2.415044042036982,-0.6875508102317975,-1.7274932318051843,265.948792188968,243.3656410996062,16.17148519185741,0,250.9139664391643,248.9294759691178,6.534639610453809
2026-01-14,242.20702391429947,244.19151402374737,240.3217492260492,242.75274658203125,23570,249.1747894287109,254.0981764359908,254.53169860839844,255.92462089538571,247.84485116993443,251.407600603772,33.30979151035223,-2.847945234177672,-1.1196296950209723,-1.7283155391566996,266.59214538042727,241.6208947807056,16.56313245647651,0,249.9465341680954,248.9294759691178,6.297210203290326
2026-01-15,242.75274658203125,242.75274658203125,242.75274658203125,242.75274658203125,0,247.44386969672308,253.5749920931729,254.11297119140625,256.03489654541016,246.82643025235384,250.62079569270463,33.30979151035221,-3.154657618513795,-1.526635279719537,-1.628022338794258,267.0169856840247,240.05993234576044,16.92680491647996,0,249.77289866150608,252.3031082644437,5.478608880832732
2026-01-16,238.1388218798981,242.1078022445631,232.68147387848376,237.39463806152344,171526,245.5145043267144,252.83080846613103,253.6674526977539,256.0700308990479,244.94007181418772,249.41841772623363,27.67307997068141,-3.786436290287554,-1.9785954818331404,-1.8078408084544135,267.5545729794617,237.42374733303828,18.714591221132284,0,245.0845332021288,249.57443845101923,5.698320121748703
2026-01-19,237.14657278919228,252.0302489056688,234.0706070022705,247.61476135253903,273649,244.9467196994357,252.5353899869052,253.49877136230464,256.1802463531494,245.475009721858,249.25444896498863,46.3291984182428,-3.422988818573032,-2.267474149181119,-1.1555146693919127,267.102819248018,236.9576772729781,18.188095948416468,0,245.0845332021288,249.57443845101923,6.726002516555953
2026-01-20,244.6380197062155,250.4426441549646,242.8519755910397,249.251953125,154496,244.48367140028208,252.1204508001154,253.32810546874995,256.284415435791,246.2303984024864,249.25422207044423,48.61574213570618,-2.9686259136593947,-2.4077045020767742,-0.5609214115826204,266.58866017766,236.70780741267197,17.69920748089464,0,245.0845332021288,249.57443845101923,6.885470478923632
2026-01-21,250.5418766500526,259.86897412064366,245.08452884183365,255.8999938964844,353177,244.95223151312933,252.07985964688388,253.2596405029297,256.41490348815915,248.164317501286,249.8583831455388,56.68539088393029,-2.0484850472564062,-2.3358606111127007,0.2873755638562945,266.3475978747125,236.7553791150336,17.151557049088648,0,246.2752239995637,249.57443845101923,7.704071791843278
2026-01-22,257.5,258.3999938964844,250.0,256.6000061035156,155356,246.3364647759332,252.06657617742368,253.18731506347655,256.54250663757324,249.85145522173192,250.47125795990036,57.44325195554058,-1.248390972479399,-2.1183666833860406,0.8699757109066417,266.0686337960832,236.83147759307695,16.6430245052688,0,246.2752239995637,249.57443845101923,8.087904533251166
2026-01-23,255.9499969482422,258.3500061035156,248.3000030517578,250.5,122463,247.27444458007807,251.73317163640803,253.066416015625,256.69624649047853,249.98116417738555,250.47387087263667,49.341532929215454,-1.0939201361399,-1.9134773739368125,0.8195572377969125,265.33165140597816,236.79528188259604,15.867409427902874,0,246.2752239995637,249.57443845101923,8.384056866443158
2026-01-27,251.0,251.0,238.0500030517578,240.3500061035156,93640,247.0129835340712,250.9023236361417,252.71969482421872,256.8185862731934,248.0549325626116,249.5535195299893,39.38717620139701,-1.7701157730733996,-1.88480505376413,0.1146892806907304,264.6549987348657,235.60933994921623,15.83527045072485,0,246.2752239995637,249.57443845101923,9.096432699254558
2026-01-28,245.0,248.5,240.5500030517578,241.4499969482422,67252,246.8682335747613,250.1395152698864,252.35528350830077,256.9133798980713,246.7339454397377,248.81683565892135,40.78150720688071,-2.1919778625664605,-1.9462396155245965,-0.2457382470418641,263.4263652773119,234.97622871682864,15.805427114773828,0,246.2752239995637,249.57443845101923,9.30648321478367
2026-01-29,243.0,243.0,235.5,236.1999969482422,97121,246.14015028211804,249.1042445789684,251.9096868896484,256.9776831054688,244.6271557414386,247.6698503215869,36.46944126542681,-2.9163202077525625,-2.1402557339701898,-0.7760644737823728,262.260436109616,233.69587950317688,16.398518305320255,0,246.2752239995637,249.57443845101923,9.353162868830385
2026-01-30,232.1999969482422,242.75,232.0500030517578,241.6000061035156,56350,246.60741339789496,248.2648155905984,251.5611755371093,257.0303350830078,244.021725813854,247.1180463017622,43.13019993438476,-3.019820514725552,-2.3161686901212626,-0.7036518246042895,260.6705641689223,233.5481568393784,17.330247236866928,0,245.95948858620076,249.25870303765623,9.504383614258431
2026-02-02,241.3999938964844,243.75,234.0,241.0800018310547,38569,245.88132900661893,247.3746892755682,251.22210906982417,257.061231842041,243.43338101729412,246.5691331680615,42.66630127375237,-3.107978412126073,-2.4745306345222247,-0.6334477776038483,258.9714411570594,233.5221776173545,17.996927541394385,0,245.95948858620076,249.25870303765623,9.208567115833398
2026-02-03,247.1000061035156,248.3000030517578,242.5,245.67999267578125,68310,245.4844445122613,246.77032748135653,251.0385458374023,257.10479560852053,243.8827033489916,246.48830221421784,47.9950035608004,-2.774678595842033,-2.534560226786186,-0.2401183690558466,257.8702099039413,233.7155154988906,17.75482598516859,0,245.95948858620076,247.99359014545985,9.213984229235212
2026-02-04,244.4499969482422,244.4499969482422,240.6000061035156,241.4100036621093,47130,243.87444559733072,246.00119018554688,250.75966033935543,257.11765129089355,243.38816341161515,246.0266387094807,43.914842556909086,-2.822551896472561,-2.5921585607234614,-0.2303933357490994,256.99328304007264,233.4609604291655,17.780382919561415,0,245.2249984741211,247.99359014545985,9.300428641704318
2026-02-05,240.3999938964844,242.38999938964844,238.3500061035156,238.9199981689453,29026,241.91000027126736,245.28123890269887,250.4121221923828,257.0911520385742,242.4945303630812,245.3805804785229,41.68916279320963,-3.0265265514472333,-2.679032158868216,-0.3474943925790175,255.9247253834216,233.07957912097285,18.09507048751892,0,245.20000457763672,247.99359014545985,9.588999590713808
2026-02-06,239.1499938964844,239.1499938964844,235.25,237.4499969482422,16561,240.4599999321832,244.58692862770772,250.0272457885742,257.05121017456054,241.4856236801134,244.6596183394065,40.38778481222212,-3.2691104776350244,-2.7970478226215776,-0.4720626550134468,255.1023262688156,232.47868264231712,18.769318166940003,0,241.5250015258789,246.87731451275704,9.148193961637872
2026-02-09,239.83999633789065,239.83999633789065,236.0,236.08999633789065,86430,239.9866655137804,243.7992290150036,249.55960418701167,257.0118769836426,240.4064982116689,243.88056179381417,39.16953925855072,-3.53040436618474,-2.9437191313342104,-0.5866852348505298,255.20876395975705,231.5670539113366,19.24774894984985,0,240.2750015258789,245.95948858620076,8.139647849815898
2026-02-10,236.1999969482422,247.0,236.1999969482422,244.17999267578125,177888,240.28999837239584,243.4581853693182,249.30932769775387,257.0105567169189,241.16119710449132,243.9077827830839,49.02041806567907,-3.049533438622092,-2.9648819927917867,-0.0846514458303051,255.3026852439946,231.68531371840763,18.317637544738407,0,240.1750030517578,245.95948858620076,8.37674321397193
2026-02-11,242.94000244140625,244.3800048828125,239.02999877929688,240.22999572753903,24592,240.73777601453992,243.28037123246625,248.9691369628906,257.01726860046386,240.9749568291009,243.57343850530708,45.17384451248906,-2.9531296657347923,-2.962531527380388,0.0094018616455957,255.26537798616928,231.4753049972292,17.453962668563495,0,240.1750030517578,245.95948858620076,7.702854701450901
2026-02-12,240.1999969482422,242.25,236.75,238.47000122070312,84790,240.38999769422745,243.1172721169212,248.6106146240234,256.99817001342774,240.47396570742137,243.10948966125216,43.53464697397046,-2.984344167115012,-2.966894055327313,-0.0174501117876988,255.2505814176696,231.061827029596,17.01099952940204,0,241.1500015258789,245.95948858620076,7.495712280273445
2026-02-13,236.3099975585937,237.8800048828125,233.8999938964844,235.1600036621093,85529,239.73222011990015,242.77440157803625,248.1868841552734,256.96505592346193,239.41117329835896,242.38680911587556,40.55420176382507,-3.2388357421911564,-3.021282392700082,-0.2175533494910744,255.3898037900785,230.16333036519487,17.026288274878624,0,241.0999984741211,245.95948858620076,7.104284014020654
2026-02-16,235.8999938964844,235.8999938964844,232.5,234.07000732421875,35372,238.44222174750436,242.37973161177203,247.7909661865234,256.9471091461182,238.3429401035309,241.6307362257249,39.5929308196996,-3.4882651941515803,-3.1146789529903818,-0.3735862411611985,255.6041124404044,229.61655864113857,17.243743029005568,0,239.75,245.95948858620076,6.422140938895097
2026-02-17,234.0,238.0,232.0,237.1699981689453,32084,237.97111002604169,242.12597032026807,247.49376129150383,256.9498776245117,238.1083517166138,241.22521458419948,43.68158550848121,-3.396642102585133,-3.171071582909332,-0.2255705196758013,255.0745678325411,229.1016269306425,16.994440751642404,0,239.5,245.93448706032183,6.268569946289069
2026-02-18,237.1499938964844,237.1499938964844,234.0200042724609,235.0800018310547,42091,237.54444376627603,242.02075958251956,247.4048022460937,256.92235862731934,237.502681739502,240.66655887936813,41.63548890632922,-3.452872811615947,-3.227431828650656,-0.2254409829652917,254.26629709270935,228.4927025410797,16.762945779805182,0,239.5,245.93448706032183,5.957855224609383
2026-02-19,235.0800018310547,235.0800018310547,225.0500030517578,227.9199981689453,121371,236.48555501302084,241.1255430741744,247.11211608886717,256.8939865875244,235.58614502539064,239.50778063296605,35.500489986264924,-4.028747615821288,-3.387694986084782,-0.6410526297365062,252.2922382239556,227.6687618370796,17.821638145405363,0,236.0250015258789,242.45948858620076,5.90999821254186
2026-02-20,227.8500061035156,230.0,225.83999633789065,227.0500030517578,28024,235.48111131456164,240.11636352539065,246.66609222412103,256.87086654663085,233.8789166306641,238.37525539831077,34.82893850030854,-4.503421245378092,-3.610840237943444,-0.8925810074346483,249.43175863994676,227.57424111591263,18.804709627748387,0,236.0250015258789,242.45948858620076,5.5107127598353856
2026-02-23,228.3999938964844,228.509994506836,222.2100067138672,226.13999938964844,33704,233.4766676161024,238.76363650235265,246.3219302368164,256.9130418395996,232.33113318246097,237.26295939752325,34.10226520120382,-4.896588384083714,-3.8679898671714974,-1.0285985169122154,248.0119917348717,226.55800795995248,20.149802277726486,0,233.29500579833984,241.03949041725545,5.44499751499722
2026-02-24,223.0200042724609,224.5500030517578,218.0,219.7100067138672,38914,231.19666883680557,237.0868183482777,245.9116796875,256.9173645019531,229.80690788874224,235.6672364262818,29.429872224895878,-5.661757627757737,-4.226743419288747,-1.4350142084689903,249.43001597321904,223.07598378264032,21.841975611781294,0,230.125,238.93448706032183,5.663569859095991
2026-02-25,223.38999938964844,228.5,220.259994506836,227.8600006103516,39685,230.01777988009985,236.05772746693003,245.3836236572265,256.9604387664795,229.4175264330641,234.95748771574267,40.54848380046791,-5.546585782737139,-4.4907118919784255,-1.055873890758714,249.02093836701383,222.12606175505647,22.47483942178621,0,228.0,238.93448706032183,6.002855573381702
2026-02-26,227.0,229.5,223.6000061035156,226.5200042724609,47349,229.05777994791663,235.4290910200639,244.83869018554685,256.9748310089111,228.83802200094348,234.1904437663534,39.447995065375785,-5.500036771196761,-4.692576867822092,-0.807459903374669,249.12590242874236,221.05309842574985,22.835661619650832,0,228.0,238.93448706032183,6.145712716238846
2026-02-27,225.0,226.0,221.25,224.6300048828125,17789,228.0088907877604,234.66454592618075,244.2490109252929,256.9610569000244,227.9964185773173,233.3213129587588,37.88616297898391,-5.551657448267321,-4.864392983911138,-0.6872644643561827,248.6665849207293,219.81541581169256,23.47059178870005,0,228.0,238.1999969482422,6.2478561401367205
2026-03-02,220.0,222.0,215.88999938964844,219.1100006103516,39003,226.00222439236111,233.8877279108221,243.46359863281248,256.9219248199463,226.21913498392416,232.02937547253995,33.69068298880397,-5.969176468296467,-5.085349680788204,-0.883826787508263,248.67856524864612,217.60643536170545,24.667655840413204,0,226.5199966430664,237.12000274658203,6.092856270926343
2026-03-04,218.8699951171875,219.63999938964844,211.52999877929688,213.1300048828125,64196,223.56333584255643,232.5936369462447,242.59033874511715,256.83685707092286,223.60130896370185,230.3112508734738,29.83600703196558,-6.7053044027862825,-5.40934062518782,-1.2959637775984625,248.2911770934651,214.7388247375896,26.199251932493254,0,223.30500030517575,231.26499938964844,6.289998735700339
2026-03-05,214.0,217.0,213.0,216.5399932861328,21516,222.29889085557727,231.4781820123846,241.783293762207,256.7629416656494,222.18904582818803,229.05931836553373,34.442170414062176,-6.933607220679676,-5.714193944286192,-1.2194132763934835,247.63603968513405,212.906961108323,27.621448303710448,0,220.76499938964844,230.01499938964844,6.182855878557482
2026-03-06,215.4499969482422,215.72000122070312,210.3500061035156,212.3999938964844,42942,220.67111206054688,229.9654547951438,240.87459564208984,256.6718843078613,220.23123544184733,227.54483432289285,31.71956719667453,-7.36371784446348,-6.04409872432165,-1.31961912014183,247.536290301701,210.35471006451,29.1917000148832,0,219.9250030517578,229.32500457763672,6.2985687255859455
2026-03-09,207.009994506836,211.33999633789065,204.0,205.1999969482422,51034,218.34444512261285,228.3195453990589,239.80602233886717,256.54253623962404,217.22498774312632,225.5134854706519,27.629064026028644,-8.19114082085514,-6.473507143628348,-1.7176336772267913,248.2649820115176,206.40101835469332,31.165856054734444,0,216.75,226.1500015258789,6.655711582728803
2026-03-10,206.0,212.1999969482422,204.9900054931641,210.75,55484,217.34888882107205,227.03909093683416,238.85638671875,256.43006889343263,215.92999019450107,224.17135042786532,34.6273424115663,-8.303325065228563,-6.839470727948392,-1.4638543372801711,247.81774557486943,204.31425515755245,32.76956180257513,0,216.75,226.1500015258789,6.74213954380581
2026-03-11,211.8999938964844,216.4100036621093,208.009994506836,210.69000244140625,40041,215.4411112467448,225.8227275501598,237.89066772460933,256.3100880432129,214.8819926438821,222.9457733381872,34.58840360981391,-8.301380046944843,-7.131852591747682,-1.1695274551971604,245.4159633769615,203.36703833202287,33.1893726986326,0,216.75,226.1500015258789,7.117140633719302
2026-03-12,210.8999938964844,210.8999938964844,206.0,206.82000732421875,50879,213.2522226969401,224.4922735040838,236.8257189941406,256.1198232269287,213.26959557994945,221.4797946096446,32.08234593963053,-8.513971109809347,-7.408276295360015,-1.1056948144493317,243.7559158411646,201.68608702748776,33.788307558336314,0,215.0,225.5,6.750711713518411
2026-03-13,207.0500030517578,207.0500030517578,201.5,203.0599975585937,68084,210.85555521647132,222.6231828169389,235.67366333007809,255.9247469329834,211.22767597567832,219.8052676050036,29.821585661921148,-8.883449546521604,-7.703310945592333,-1.1801386009292705,242.361525837202,199.53947666523945,34.77503932061913,0,211.75,224.25,6.849997384207588
2026-03-16,201.6000061035156,209.0,198.1499938964844,206.0500030517578,86837,209.4044443766276,221.0695467862216,234.6151443481445,255.74520553588863,210.19214139089425,218.554789009254,33.81561829677028,-8.833172105214487,-7.929283177516765,-0.9038889276977224,240.7963338041851,198.19366863722115,35.977221746437465,0,208.8949966430664,222.5749969482422,7.174998692103786
2026-03-17,205.6499938964844,209.1000061035156,202.0,204.6300048828125,74960,208.4599999321832,219.53136513449928,233.5411239624023,255.55222793579105,209.0797140892779,217.28889954321383,32.85916223046206,-8.806394224730553,-8.104705386959523,-0.7016888377710302,239.1516734744056,196.89432872286005,37.06700216146432,0,207.5749969482422,222.5749969482422,7.100713457380012
2026-03-18,204.6000061035156,214.8999938964844,203.9199981689453,212.1199951171875,70094,207.96888902452255,218.48409201882103,232.68834533691404,255.38987648010252,209.68777029485983,216.8189991408478,42.153213832304345,-8.087564536427152,-8.101277216853049,0.0137126804258969,236.00512779662392,197.53587409546597,36.645274738914765,0,207.27999877929685,222.5749969482422,7.257142203194746
2026-03-19,207.8999938964844,212.1199951171875,204.8500061035156,206.1499938964844,46096,207.27444458007807,217.21500049937856,231.7568487548828,255.2038164520264,208.9802150151848,215.8490895731784,37.6764318819492,-7.908452319192207,-8.06271223732088,0.1542599181286732,233.05337974859856,197.59462135003423,36.253670703690176,0,207.27999877929685,221.26499938964844,7.354998997279567
2026-03-20,207.83999633789065,212.0,206.1499938964844,207.6100006103516,39031,207.54222276475696,215.8713642467152,230.8406610107421,255.0006861114502,208.70617213421812,215.10008148564867,39.372221688988205,-7.561529649663299,-7.962475719789365,0.4009460701260661,231.31186598067256,197.30513536210088,35.890038385267346,0,207.27999877929685,220.1999969482422,7.396427699497759
2026-03-23,204.0,204.0,194.6999969482422,200.1499938964844,99823,206.3644443088108,214.28363661332563,229.81000183105465,254.7110276031494,206.9949364866714,213.74098261390645,34.24496062297585,-7.798653111968633,-7.9297111982252195,0.1310580862565862,229.9788521536438,195.94814827360227,36.76466866519071,0,205.55500030517567,216.3499984741211,7.694284711565284
2026-03-24,202.1000061035156,206.0,197.0,204.4499969482422,179623,205.67111036512583,213.2168183760209,229.01616363525383,254.41606185913085,206.4859485789856,212.89634755339156,39.16284835921371,-7.552539876176269,-7.85427693381543,0.3017370576391611,228.10482262246157,195.65317756064397,37.10783852192798,0,204.79999542236328,216.3499984741211,7.757856096540173
2026-03-25,204.6600036621093,212.0,200.1000061035156,201.5500030517578,125813,205.0855543348524,212.05772746693003,228.20600006103516,254.12048728942872,205.49875947354,211.86486168960667,37.14511277535596,-7.504985829891211,-7.784418713030587,0.2794328831393757,227.38307173827695,194.55892807861756,36.159847752064096,0,204.79999542236328,216.3499984741211,8.322141374860488
2026-03-27,201.8999938964844,203.0,193.4199981689453,194.72999572753903,136684,204.15999857584637,210.63000002774325,227.2465368652344,253.78325775146484,203.34500672433984,210.307146602146,32.85766258039119,-7.926247650489984,-7.812784500522467,-0.1134631499675169,225.2293619285002,193.3996374001131,35.98993385608032,0,204.15999603271484,215.28499603271484,8.564285278320307
2026-03-30,194.009994506836,195.6300048828125,184.509994506836,185.9600067138672,109372,201.9277767605252,209.09590911865237,226.1106820678711,253.3955983734131,199.86800672224533,208.0937702486661,28.329381367137174,-8.865568740078373,-8.023341348433648,-0.8422273916447249,224.27095569091364,190.3020438818403,36.57919386323179,0,199.7049942016602,209.7949981689453,8.758572169712599
2026-04-01,185.9600067138672,198.5,185.9600067138672,192.63999938964844,94633,200.59555392795136,207.49499997225675,225.10842712402345,253.02720413208007,198.42240525572595,206.6888819887554,35.608621807896185,-8.967595035675572,-8.212192085882034,-0.7554029497935382,221.79711766961228,189.5768813538252,36.59122356702357,0,199.7049942016602,207.254997253418,9.139286586216508
2026-04-02,193.0,199.5,188.72000122070312,199.17999267578125,58639,199.15777587890625,206.2522721724077,224.3441342163086,252.67688751220703,198.573922739737,206.00625568757596,41.83703542713154,-8.423626486202068,-8.25447896594604,-0.1691475202560273,219.73499086584,189.6460073641405,36.41565997548098,0,198.31499481201172,207.004997253418,9.309285845075337
2026-04-06,196.0,200.5500030517578,193.0500030517578,199.6100006103516,46770,198.4311099582248,205.1149992509322,223.38403900146488,252.33237663269043,198.78113831385997,205.4247779532828,42.2326895750689,-7.867141930025468,-8.177011558761926,0.3098696287364575,218.67232353260624,189.3566742701281,36.04990229297014,0,198.254997253418,207.004997253418,9.49500056675502
2026-04-07,199.94000244140625,209.77999877929688,196.5,206.4600067138672,124141,198.30333285861545,204.5399995283647,222.52820007324215,252.0491668701172,200.3169119938614,205.51888965879047,48.26959335102454,-6.79505648396534,-7.900620543802609,1.1055640598372696,217.00169242145577,190.01930672405203,34.14518046371771,0,198.254997253418,207.004997253418,10.047143118722095
2026-04-08,212.6000061035156,214.3500061035156,206.1499938964844,212.2100067138672,183118,199.6433342827691,204.49818142977628,221.65440032958983,251.7888581085205,202.69553093786257,206.1271730274338,52.73473999614405,-5.4189774993431,-7.404291934910708,1.985314435567608,216.9660806788723,190.03591974837383,31.738067578016636,0,199.43000030517575,207.004997253418,9.85785784040178
2026-04-09,212.19000244140625,214.0,208.1000061035156,212.1499938964844,38790,200.49888949924045,204.2986360029741,220.7654000854492,251.5416529083252,204.5864235295869,206.6747021973475,52.68362758602724,-4.28388555666001,-6.780210659260569,2.496325102600559,217.84638140927512,189.8506187127952,29.50289132700849,0,199.43000030517575,205.254997253418,9.772142682756696
2026-04-10,213.1000061035156,215.27999877929688,206.75,210.5500030517578,155731,201.49888949924045,204.214545510032,219.9664001464844,251.2788931274414,205.77913943402112,207.0270022750212,51.25722279917369,-3.473383896226551,-6.118845306653766,2.645461410427215,217.81589310075057,189.8611073264955,27.621024493802214,0,199.89499664306643,203.254997253418,9.597142900739396
2026-04-13,206.1000061035156,211.0,205.57000732421875,208.9100036621093,90249,203.0744459364149,204.3831821788441,219.33760009765624,251.00768951416012,206.4053122796388,207.1981842193019,49.769768572856336,-2.929618912483108,-5.4810000278196345,2.551381115336527,217.56493273102691,189.93406781828944,26.046467162620523,0,199.89499664306643,202.07499694824224,9.465714590890062
2026-04-15,212.5,212.9900054931641,204.8099975585937,207.72999572753903,377329,205.4933336046007,204.2459092573686,218.6632000732422,250.72327476501465,206.6702489692188,207.2465307200507,48.67525118778004,-2.564337932393613,-4.89766760873443,2.333329676340817,217.65891918966756,189.9310801999809,24.25692298688961,0,200.62000274658203,200.754997253418,9.632143293108262
2026-04-16,209.0,214.6300048828125,206.8099975585937,210.1499938964844,378252,207.4388885498047,204.2213634144176,218.14220001220704,250.44657341003415,207.36619795467195,207.51048191790832,51.052644668888966,-2.0558776190470383,-4.329309610796952,2.2734319917499137,218.29402847909063,190.00497054434683,22.721052979011187,0,202.0,200.45999908447263,9.268572126116078
2026-04-17,212.0,217.0,210.1499938964844,214.6699981689453,102659,209.16000027126736,204.578181180087,217.6035998535156,250.1661521911621,208.82695799752665,208.16134703163897,55.22444666717365,-1.273512330513114,-3.718150154740184,2.4446378242270703,219.47433646794136,189.68666206721483,21.67412221335951,0,205.0250015258789,200.754997253418,9.115001133510049
2026-04-20,214.6699981689453,214.6699981689453,210.0,212.8300018310547,93349,210.62888929578992,205.0222722833807,217.0385998535156,249.900170211792,209.62756676423223,208.5857701952222,53.23534347873584,-0.7928154467297759,-3.133083213138103,2.340267766408327,220.3347260791628,189.64627215081765,20.67335561992015,0,206.75,200.754997253418,8.598572867257257
2026-04-21,213.6000061035156,216.0,212.47999572753903,214.0399932861328,70700,211.47111002604169,205.38545365767047,216.40579986572263,249.6360952758789,210.5100520686124,209.08160865803225,54.398544234588485,-0.3106426103494186,-2.5685950925803662,2.257952482230948,220.64111920163504,189.53187884524,19.969581989987905,0,210.90499877929685,200.754997253418,8.165715898786276
2026-04-22,214.0399932861328,215.1600036621093,212.0500030517578,213.1600036621093,40587,211.57666524251303,205.7731808749112,215.84079986572263,249.31449295043944,211.04004238731176,209.45237184022108,53.35904328017127,0.0004696146458798,-2.054782151135117,2.055251765780997,221.40300244675737,189.4709965766801,19.22295310872565,0,210.90499877929685,200.754997253418,7.593572344098774
2026-04-23,211.0,219.8999938964844,211.0,217.6100006103516,106463,212.1833326551649,206.02272657914597,215.4145999145508,249.03731758117675,212.35403403191972,210.19397445568748,57.75524173420584,0.5991986686798043,-1.5239859871721328,2.1231846558519374,222.79116006725204,189.08283895618544,19.32167949409099,0,212.35499572753903,202.2049942016602,7.333572387695317
2026-04-24,217.9600067138672,219.8999938964844,214.0500030517578,215.5200042724609,80375,212.73555501302084,206.44863614169037,214.9760000610352,248.7899032592773,212.987228080028,210.6781589844851,55.12711907152956,0.8947365539324323,-1.0402414789512198,1.934978032883652,223.847818509443,189.56318155159215,19.41335399478737,0,212.35499572753903,202.2049942016602,6.981428963797439
2026-04-27,215.0,227.9900054931641,215.0,223.5,179095,214.3566657172309,207.1709088412198,214.7242001342773,248.61358291625976,215.0897824640224,211.8437808949864,62.199883326689815,1.7526677579205625,-0.4816596315768633,2.234327389497426,226.322085862706,188.9939145035049,20.605569983624665,0,216.4000015258789,206.25000000000009,7.37357221330916
2026-04-28,223.5,225.9499969482422,218.0399932861328,218.7400054931641,39697,215.58000013563367,208.0159093683416,214.215400390625,248.3576546478272,215.81982706985076,212.47071040391165,56.48118119294459,2.025147996876825,0.0197018941138742,2.0054461027629507,227.5763115082433,189.45868910210828,21.71262768754501,0,217.4000015258789,206.25000000000009,6.990001133510053
2026-04-29,222.0200042724609,222.0200042724609,215.3500061035156,216.1600036621093,46355,216.2477789984809,208.54818240079013,213.7340005493164,248.06616203308104,215.88786238830244,212.80610070011144,53.60440150425221,2.0097389440447277,0.4177093041000449,1.5920296399446825,227.77362210705348,191.4043792967551,22.059980555226744,0,218.99500274658203,206.25000000000009,6.880714416503919
2026-04-30,217.9900054931641,220.0,214.1600036621093,216.6199951171875,53629,216.46444532606336,209.23318204012784,213.2970004272461,247.8144995880127,216.03428893407943,213.15281837439107,54.05373365285744,2.011457791444116,0.736459001568859,1.2749987898752566,225.738760116336,196.50524012780463,22.09069811111548,0,218.99500274658203,206.25000000000009,6.876428876604369
2026-05-04,218.8999938964844,224.08999633789065,216.6300048828125,221.7100067138672,74706,217.4511125352648,210.45954617587003,213.02800048828124,247.62679214477535,217.16943249003705,213.9307445870707,58.80774259844115,2.3959226819742696,1.0683517376499412,1.3275709443243284,225.0832177834092,200.0677831931533,22.710070574791537,0,219.49500274658203,206.25000000000009,6.800714765276246
2026-05-05,221.7100067138672,223.7899932861328,219.009994506836,220.1699981689453,57457,218.13222418891056,212.0145457874645,212.75000030517575,247.432603225708,217.7695456258187,214.4979494581502,56.88981019877362,2.54698796661836,1.364078983443625,1.182908983174735,224.85758457430765,202.39241695157128,23.28520214820502,0,219.49500274658203,206.25000000000009,6.754286629813072
2026-05-06,222.3999938964844,226.8999938964844,219.0399932861328,225.63999938964844,80370,219.51889038085935,213.5145457874645,212.51940032958984,247.24699935913085,219.34363637858465,215.5108630882864,61.67138436582159,3.0726718286991,1.7057975524947202,1.36687427620438,225.32259188563853,204.53040951817007,24.24466355500933,0,219.49500274658203,206.25000000000009,6.731428963797443
2026-05-07,225.6999969482422,231.8999938964844,224.6499938964844,231.0399932861328,75382,221.0111117892795,214.9627276333896,212.4386001586914,247.08595832824707,221.6829077600943,216.92260219718156,65.71429860631514,3.880284945106439,2.140695031017064,1.739589914089375,228.04205340061048,204.2689466604247,25.72152240324419,0,222.9749984741211,208.2049942016602,6.690714154924671
2026-05-08,230.4499969482422,237.0,229.13999938964844,231.47000122070312,82220,222.78333367241757,216.41090947931465,212.50960021972656,246.9165880584717,223.64032645221607,218.2450930175017,66.02165447332347,4.503113120033987,2.613178648820449,1.8899344712135384,230.66411763042325,203.5728818812955,27.583260694326096,0,225.58000183105463,210.754997253418,6.762856619698669
2026-05-11,229.509994506836,245.0,223.0,230.8099975585937,2433871,223.5955556233724,217.51772724498403,212.5848001098633,246.699807510376,225.0742606734916,219.38735706669183,65.05764485742368,4.887116519139028,3.0679662228841647,1.819150296254863,232.68318259135867,203.419817286571,29.91101996796545,0,229.58000183105463,215.4800033569336,8.000713893345432
2026-05-12,231.1000061035156,232.8000030517578,213.8600006103516,217.08999633789065,265693,223.41222127278644,217.7395449551669,212.4038000488281,246.4034603118897,223.47740780637145,219.17850609134624,49.03056645539393,4.037807215713514,3.2619344214500345,0.7758727942634791,232.59059682181024,204.16640238473272,30.05571967203924,0,229.43000030517575,216.8600006103516,9.10214233398438
2026-05-13,214.0,218.3999938964844,208.1000061035156,209.75,202347,222.6999986436632,217.63045432350853,212.2045999145508,246.0860102081299,220.7319262450972,218.32136917395115,42.93647721201423,2.7408522733607867,3.157717991832185,-0.4168657184713984,232.5192930992993,204.3217057410327,29.18309592489575,0,226.5500030517578,219.0250015258789,9.615712847028474
2026-05-14,210.6999969482422,211.63999938964844,205.1499938964844,207.6499938964844,94852,221.70333184136285,217.4986357255416,211.80039978027344,245.7441689300537,218.1155397753746,217.3512441487269,41.35283670176437,1.525962845614714,2.831366962588691,-1.305404116973977,232.5281035139793,204.30489514324725,27.90435124833792,0,225.0749969482422,220.75,9.443570818219875
2026-05-15,207.9900054931641,219.0,204.58999633789065,208.72999572753903,213463,220.2611083984375,217.49045354669744,211.444599609375,245.40066040039065,216.23843096580748,216.56749429225525,42.52687860075803,0.6428905016172735,2.3936716703944074,-1.750781168777134,232.64525974546928,204.0457390948628,27.54129278141904,0,224.7949981689453,224.7949981689453,10.055000305175788
2026-05-18,206.0,210.3999938964844,202.6000061035156,209.32000732421875,92289,219.05555386013452,217.562726801092,211.13839965820316,245.0476986694336,214.8547462374897,215.9086318406156,43.19589543084615,-0.0092352302879703,1.913090290257932,-1.9223255205459024,232.85931111162265,203.29668864423675,26.88399878926027,0,223.8000030517578,223.8000030517578,9.68428475516184
2026-05-19,209.75,209.9199981689453,206.1199951171875,207.38999938964844,38319,217.0277760823568,217.43727250532672,210.90399963378903,244.69079231262208,213.3617968679215,215.13421070870947,41.49434659240051,-0.6740154511448395,1.3956691419773777,-2.069684593122217,233.18216865861643,202.42983085310232,26.27365436796999,0,223.8000030517578,223.8000030517578,9.39071328299387
2026-05-20,207.0500030517578,208.0,204.42999267578125,206.6999969482422,26612,214.32333204481336,217.07499972256747,210.7753994750977,244.34234298706053,212.0294368839856,214.36746400321243,40.87443477674415,-1.2422164975563137,0.8680920140706396,-2.110308511626953,233.52752428606792,201.3504755918618,25.41361317011006,0,223.8000030517578,223.8000030517578,9.1692853655134
2026-05-21,209.44000244140625,209.88999938964844,206.2100067138672,208.759994506836,49486,211.7999979654948,216.88999938964844,210.6197994995117,244.03247261047363,211.3755484085557,213.8576940489964,43.58426448821321,-1.5089016546284313,0.3926932803308254,-1.901594934959257,233.6701408368708,200.76785812553152,24.860741319391654,0,223.8000030517578,223.8000030517578,9.01499938964844
2026-05-22,208.13999938964844,209.8000030517578,205.009994506836,206.1300048828125,46391,209.05777655707467,216.5304544622248,210.4943997192383,243.7238397979736,210.32643970340703,213.15517685207055,41.00064027324354,-1.9104472986425949,-0.0679348354638585,-1.842512463178736,233.8237114336072,199.4662879560412,24.12297834749672,0,217.70000457763672,223.8000030517578,8.823571341378344
2026-05-25,208.8999938964844,209.27999877929688,206.0,206.8699951171875,38808,207.92222086588544,216.24454498291016,210.5277996826172,243.4293254852295,209.6351507861632,212.58379669435396,42.041691178648286,-2.1442465474939354,-0.4831971778698739,-1.6610493696240614,233.9373412608128,198.4876572133083,23.43791273073713,0,210.8000030517578,223.8000030517578,8.716428484235491
2026-05-26,206.5,210.8000030517578,206.3999938964844,207.83999633789065,53342,207.70999823676215,215.80045387961647,210.469599609375,243.1302349090576,209.27611989650867,212.15254211649363,43.45028590126181,-2.2256077243157506,-0.8316792871590493,-1.3939284371567011,233.18240523166992,197.67659287624025,23.03215542082186,0,210.8000030517578,223.8000030517578,8.469286237444193
2026-05-27,207.83999633789065,210.3500061035156,207.0,207.42999267578125,36849,207.685553656684,215.4327260797674,210.4043994140625,242.8467066192627,208.9068944523632,211.72321944006524,42.97485770155875,-2.2966960299220034,-1.1246826357116402,-1.1720133942103632,232.8913098525832,196.8366869735887,22.655380775900536,0,210.8000030517578,223.8000030517578,8.190715244838163
2026-05-28,207.42999267578125,207.42999267578125,207.42999267578125,207.42999267578125,0,207.5411088731554,214.7022712013938,210.41659912109372,242.534651260376,208.61151409704684,211.3329260978576,42.97485770155875,-2.326218821722648,-1.3649898729138417,-0.9612289488088064,232.7431394756165,196.11185625192252,22.30551860561645,0,206.70000457763672,223.8000030517578,7.629286629813052
2026-05-29,207.0,209.8300018310547,205.0,205.4199981689453,52514,207.10777452256943,214.09681632302025,210.4637991333008,242.21949172973632,207.97321091142652,210.7953871952292,40.45792062085988,-2.483181040097861,-1.5886281063506458,-0.8945529337472153,232.5814329668228,195.15356306589203,21.39128061014418,0,207.61499786376956,223.8000030517578,6.402858189174101
2026-06-01,207.9900054931641,207.9900054931641,202.25,204.69000244140625,75719,206.80777486165368,213.5754526311701,210.43659912109376,241.8937364196777,207.3165692174225,210.2403522176089,39.55190548276928,-2.636092055094707,-1.798120896099458,-0.837971158995249,231.7767100190445,194.25628558642427,19.926941733209745,0,206.5250015258789,223.625,5.460001264299663
2026-06-02,204.0500030517578,207.9900054931641,203.83999633789065,205.25,32848,206.6466640896268,213.05863467129797,210.4489990234375,241.5695408630371,206.90325537393804,209.78668383418992,40.64990913086396,-2.6811810273542847,-1.9747329223504235,-0.7064481050038611,231.0195723964544,193.5214233921198,18.567198490342054,0,206.5250015258789,223.625,5.020717075892851
2026-06-03,204.1100006103516,208.0,204.1100006103516,205.3000030517578,38707,206.26222059461804,212.31272541392931,210.3125991821289,241.2587425994873,206.582604909502,209.3788037630597,40.753394677887165,-2.681963528245348,-2.1161790435294083,-0.5657844847159392,229.1356590225836,193.37133713220155,17.306926642977302,0,206.5250015258789,223.625,4.835002354213164
2026-06-04,205.0,208.47999572753903,203.6100006103516,204.1300048828125,52446,206.03999837239584,211.58363481001425,210.27219940185543,240.9306835174561,206.0920849041641,208.9016402284918,39.03816961935661,-2.745346099078745,-2.2420124546392755,-0.5033336444394694,225.41315480597137,194.4028425084817,16.131255660534197,0,206.5250015258789,223.625,4.153573172433028
2026-06-05,203.5,207.4499969482422,201.0,201.8000030517578,115159,205.47666592068143,210.49999861283732,210.1559994506836,240.59444732666012,205.23366853368285,208.25603684878868,35.80617235937268,-2.9495879049260623,-2.383527544696633,-0.5660603602294292,220.55320387174447,196.2957936258141,15.67545245076323,0,205.9000015258789,223.0,4.057145254952554
2026-06-08,201.8000030517578,204.8000030517578,200.0,201.8099975585937,55613,204.8066660563151,209.17136244340372,210.1891995239258,240.25156341552736,204.54893433866505,207.6700332769528,35.83071371430593,-3.0751955938061144,-2.521861154518529,-0.553334439287585,213.45267485402175,200.4963226435368,15.48249508158164,0,205.1750030517578,222.5,4.128573826381127
