Date,Open,High,Low,Close,Volume,SMA_9,SMA_22,SMA_50,SMA_200,EMA_9,EMA_21,RSI_14,MACD_Line,MACD_Signal,MACD_Hist,BB_Upper,BB_Lower,ADX_14,ST_Direction,Ichi_Tenkan,Ichi_Kijun,ATR_14
2024-12-18,1884.5536092660743,1907.3229380042887,1845.0634875955948,1869.50732421875,152884,1877.188747829861,1777.7189331054688,1635.8182861328123,,1867.856626353992,1798.0728262139633,64.83983408784533,79.69772990650517,80.24823488888443,-0.5505049823792518,1982.1660683721177,1611.2525229364762,46.67232478705005,0,1870.0321961536788,1747.1254496426384,53.784749252327664
2024-12-19,1899.0249428223945,1899.0249428223945,1851.2119524751167,1868.9324951171875,254372,1884.017591688368,1791.5779640891335,1641.79279296875,,1868.0718001066311,1804.5146142960743,64.73285034405927,75.22237602819769,79.24306311674708,-4.020687088549394,1983.1207346047445,1631.490056410881,46.32279478927919,0,1872.7440112661172,1747.1254496426384,54.57026696686345
2024-12-20,1873.9312424173283,1882.4040984365108,1786.7779958154747,1804.023681640625,116402,1880.138007269965,1800.3246404474432,1646.6815698242187,,1855.26217641343,1804.46998405467,53.91512148932833,65.68089854104323,76.53063020160631,-10.84973166056308,1971.5216258849252,1660.1548877869495,44.25645588135554,0,1862.396589898241,1747.1254496426384,57.36599805107598
2024-12-23,1818.495039772684,1845.9132297164688,1797.650278674127,1805.498291015625,214224,1873.8312445746528,1807.0740855823865,1652.1052124023438,,1845.309399333869,1804.563466505666,54.102774612504575,57.57451437969985,72.73940703722502,-15.164892657525172,1959.482768372667,1687.3249586781142,42.33771260971215,0,1862.396589898241,1747.1254496426384,58.11403218719516
2024-12-24,1833.541347856909,1833.541347856909,1761.0594788712897,1812.421630859375,147672,1864.330837673611,1815.2129572088068,1657.4558740234374,,1838.7318456389703,1805.277845083276,55.02865851939125,51.119528094049656,68.41543124858995,-17.295903154540298,1950.286785283364,1708.880353388511,39.70282306922376,0,1849.5373314261485,1747.1254496426384,60.17601653842348
2024-12-26,1808.59756846882,1814.321112121456,1750.9869816580635,1775.5557861328125,122088,1848.6208631727432,1820.7297585227277,1662.455622558594,,1826.0966337377388,1802.5758397241427,49.3229171644159,42.5387788254634,63.24010076396465,-20.70132193850125,1946.3391003663944,1717.284410375793,37.03559771245657,0,1844.5010828195357,1751.0244670777292,60.73658873174278
2024-12-27,1774.4311272181908,1830.842064887284,1765.1584223651612,1824.5936279296875,139102,1839.4315049913196,1826.9009454900568,1668.2626708984376,,1825.7960325761287,1804.5774568337376,55.87658091611555,39.24304778885198,58.44069016894212,-19.197642380090137,1940.2872420448373,1733.0463394981314,34.901854408934724,0,1844.5010828195357,1761.9716838702548,55.83603766094321
2024-12-30,1814.5460548466,1824.118611251159,1719.5948332165092,1750.761962890625,316032,1821.04443359375,1827.7995771928267,1673.3393994140624,,1810.789218639028,1799.6851392025455,46.1909956373984,30.3240026397998,52.81735266311366,-22.49335002331386,1939.2772100504287,1734.8111688558213,32.87273037825259,0,1822.8190081247817,1780.6795608358725,60.33134963300339
2024-12-31,1755.8108145945553,1758.5851450583132,1726.0932723327198,1741.264404296875,251434,1805.8399115668403,1828.4255537553267,1678.0742138671876,,1796.8842557705975,1794.3741633020302,45.10781268551484,22.2329340723536,46.70046894496165,-24.46753487260805,1942.5545745202144,1728.6020416907231,30.98854377833347,0,1813.458885610399,1784.3786274548304,59.17806495084489
2025-01-01,1778.4300631971455,1839.289836985144,1695.1508495920705,1733.0914306640625,546680,1790.682590060764,1827.9654374556108,1682.7000561523437,,1784.1256907492907,1788.8030057894878,44.1483852875456,14.988435912650402,40.3580623384994,-25.369626425849,1947.103398673067,1719.4968576745894,29.88946435458797,0,1797.0878962072325,1803.798756549595,64.66954897181645
2025-01-02,1749.462393358417,1774.0562167567243,1734.6910640180397,1758.210205078125,272796,1778.3801133897568,1827.4030817205253,1688.5805859375,,1778.9425936150576,1786.0218420884548,47.82166180516564,11.145515530954754,34.51555297699047,-23.37003744603572,1949.0553008017496,1712.8411469521566,28.868890603967152,0,1788.7774740142906,1809.6848205742356,64.36248351783262
2025-01-03,1773.9562803424262,1784.0287119585116,1740.2896530106232,1753.3863525390625,118926,1772.7537434895833,1826.2545055042613,1695.2104272460938,,1773.8313453998585,1783.0549794021465,47.179927261892864,7.622857302510511,29.13701384209448,-21.51415653958397,1948.7677063355168,1703.4761535277644,28.095289653539968,0,1770.5320396542695,1816.5830167865388,65.2301254571566
2025-01-06,1753.386284697615,1763.183882338771,1680.129709863142,1694.076171875,130726,1760.373508029514,1821.2012273615055,1700.6925561523435,,1757.880310694887,1774.9659968996784,40.06158608181088,0.0447732551431272,23.318565724704207,-23.27379246956108,1956.4821139906192,1684.4220730210998,26.13183809144165,0,1759.709773424143,1809.0724469220745,68.96847117552245
2025-01-07,1682.5791257251456,1714.571123362225,1667.3079211951135,1694.8760986328125,165786,1747.3128933376736,1814.154130415483,1706.757041015625,,1745.2794682824722,1767.685097057236,40.19264958026214,-5.829170496503139,17.48901848046274,-23.31818897696588,1959.9922155165336,1666.5055872178414,24.5570241821364,0,1753.2988790901286,1802.66155258806,68.00800077897286
2025-01-08,1678.0801971028402,1699.0749448771385,1659.609842218884,1667.3328857421875,118694,1735.2881266276042,1807.784129749645,1712.3826318359374,,1729.6901517744154,1758.562168755868,37.17816210055636,-12.562013261899663,11.47881213199026,-24.040825393889925,1961.9651136123648,1645.040062168885,23.24625278078451,0,1749.449839602014,1798.8125130999456,66.37983308251289
2025-01-09,1657.0854719191989,1665.30839050161,1625.093474874605,1634.2412109375,90224,1714.1378580729167,1798.4796420010653,1717.868759765625,,1710.6003636070325,1747.2602634996526,33.88948903909103,-20.333667398559783,5.116316225880253,-25.44998362444004,1959.2354104550693,1621.4013571230553,22.67566852588461,0,1732.1916559298743,1781.554329427806,65.98172026253467
2025-01-10,1634.0911832527422,1681.179378319368,1619.5948099537732,1634.5660400390625,139256,1701.2271999782986,1788.1299549449575,1721.9582373046876,,1695.3934988934386,1737.0153340941442,33.95125059802973,-26.164935213783565,-1.139934062052511,-25.02500115173105,1947.7367361804377,1604.6620797375313,21.77035203084096,0,1729.4423234694586,1778.8049969673905,63.55018210143172
2025-01-13,1621.5943922005483,1653.786291244595,1574.6061453242069,1601.2244873046875,165512,1685.667209201389,1774.6435546875,1724.1426928710937,,1676.5596965756886,1724.670711658739,30.773364743065727,-33.09514143855267,-7.530975537352543,-25.56416590120013,1937.718212032338,1584.0732674598496,21.715358866365275,0,1706.9479911546755,1756.310664652607,65.75855316414933
2025-01-14,1582.104244313378,1657.1604205475917,1576.555583455796,1593.80126953125,189576,1670.1905246310764,1759.9551780007102,1726.920498046875,,1660.008011166801,1712.773489647149,30.097889213247456,-38.73980310155412,-13.77274105019286,-24.967062051361257,1920.753695611199,1568.7933502872384,21.57981235918764,0,1679.3174286413591,1756.310664652607,66.33876517173336
2025-01-15,1614.5961281516304,1623.7937786415953,1562.5590957627796,1607.0230712890625,348156,1653.3919542100691,1746.3063243519175,1729.4503662109375,,1649.4110231912534,1703.1598152509591,32.92210068416249,-41.666048958250485,-19.351402631804383,-22.314646326446105,1905.7120416447808,1556.7268011286567,21.693573327210597,0,1673.2939038606455,1750.2871398718935,66.18880462997787
2025-01-16,1634.591055485609,1644.5885542959186,1606.6230769717242,1633.0914306640625,67540,1640.025851779514,1733.4356800426135,1732.138193359375,,1646.1471046858153,1696.7899621066956,38.22178521435986,-41.40433771112384,-23.76198964766828,-17.642348063455568,1886.3132842273903,1552.4839691905786,21.24719825478368,0,1662.8714890507754,1750.2871398718935,64.20893568726868
2025-01-17,1629.5923280347456,1634.3911763442577,1594.9259516270506,1600.9744873046875,60908,1629.6812201605903,1720.8388338955965,1733.7662866210935,,1637.1125812095895,1688.079464397422,34.595247511013255,-43.28948435003599,-27.667488588141826,-15.62199576189417,1865.2167087505636,1546.7847438861552,21.053856286934806,0,1638.5651095625024,1750.2871398718935,59.52796640184216
2025-01-20,1600.974444279722,1632.3415963766863,1587.4277847573924,1621.2943115234375,60340,1621.5054660373264,1709.5564242276278,1733.3518872070313,,1633.9489272723592,1682.0080868634236,38.56675262714751,-42.65216899441111,-30.66442466939568,-11.987744325015434,1853.34421371466,1540.38430191034,21.01777561241062,0,1630.817020319959,1750.2871398718935,60.41524775139221
2025-01-21,1622.419023891225,1632.7164963041866,1595.5757644563837,1621.2694091796875,115812,1616.3873019748264,1698.2990112304688,1732.8320166015626,,1631.4130236538251,1676.4863888921748,38.56366212500157,-41.66876975466903,-32.86529368645035,-8.803476068218679,1838.8059969283968,1536.499630513009,20.972856673329503,0,1621.8692370410738,1750.2871398718935,52.77251521244432
2025-01-22,1614.5961220386655,1622.3942202365622,1532.0667172634378,1577.23046875,153002,1610.0527750651042,1687.9902288263495,1731.9822290039062,,1620.5765126730605,1667.4631234247042,33.45753891580145,-43.93652035889568,-35.07953902093942,-8.856981337956256,1822.7083524816971,1529.0781587487716,22.038627946059016,0,1606.6230477914028,1729.054950148246,56.29842356104879
2025-01-23,1571.6068131003285,1620.094682334022,1559.5098639468888,1588.20263671875,207898,1604.9012858072915,1678.113153631037,1729.9462353515626,,1614.101737482198,1660.2576246332535,35.740460017920654,-44.33727429508258,-36.93108607576806,-7.406188219314522,1810.4456488277087,1522.6055474613531,23.02827269930785,0,1594.6135689055147,1719.6948276338633,57.50169209242342
2025-01-24,1591.9517212446328,1612.1217241965967,1525.6183401047829,1533.641357421875,270994,1597.3920491536458,1665.4413230202415,1727.41037109375,,1598.0096614701336,1648.7470548867643,30.19320599446084,-48.49845394062004,-39.24455964873846,-9.25389429188158,1787.1789795568332,1516.7769896814482,24.439793104191107,0,1591.3893803261872,1712.3216414635883,57.74806435072234
2025-01-27,1519.5948207190554,1519.6198388743617,1461.3094751229407,1497.525390625,150172,1586.6947292751736,1652.8035777698865,1724.1451904296875,,1577.9128073011068,1634.9996308629677,27.18538000453545,-54.086994274160816,-42.213046573822936,-11.87394770033788,1782.746028292236,1495.8862837194824,26.486881492636343,0,1552.9490147094298,1671.8567867797258,59.53868436013824
2025-01-28,1492.126678254306,1497.525351950418,1439.4898232868263,1490.05224609375,97056,1573.697970920139,1637.5971513227985,1720.5595874023438,,1560.3406950596354,1621.8225958839478,26.594999132670395,-58.44525256903853,-45.459487772866055,-12.985764796172475,1776.4559515727117,1477.0551446186944,28.594707424844003,0,1542.0391887913725,1642.7015265016475,60.86514612298962
2025-01-29,1487.127921370987,1574.6060343928098,1487.1029032164538,1566.1331787109375,96796,1566.2581651475691,1629.2049338600852,1720.6015747070312,,1561.4991917898958,1616.7599215954924,40.71143182081144,-55.12466541101571,-47.39252330049599,-7.7321421105197246,1761.6207635048345,1475.1945074912594,28.43155079914454,0,1536.940499815542,1639.389830135985,64.09826900218772
2025-01-30,1489.6273905300743,1529.317413797411,1465.1585354862036,1501.6243896484375,370988,1555.219265407986,1618.31220592152,1718.4021264648438,,1549.5242313616045,1606.293055054851,34.63031316307132,-57.04086473765278,-49.32219158792735,-7.718673149725433,1741.863073125419,1469.293616327706,28.57021566555184,0,1536.1031597955066,1639.389830135985,66.91184577784051
2025-01-31,1501.8492449085045,1536.6155715284992,1473.0315033214831,1528.6925048828125,156640,1544.93017578125,1609.0213456587358,1715.8357666015625,,1545.357886065846,1599.2384595846656,38.763644734973646,-55.73284231404045,-50.60432173314997,-5.128520580890481,1715.5343355980535,1473.1529690894463,28.51866837801754,0,1536.1031597955066,1639.389830135985,65.79784022688536
2025-02-01,1531.1170235328436,1609.5973933319478,1531.1170235328436,1600.249755859375,78326,1542.5946587456597,1601.8413252397015,1715.1734326171877,,1556.3362600245518,1599.3303956096393,48.10536060439237,-48.36463558158107,-50.1563845028362,1.7917489212551274,1701.4907957867003,1477.8138672992372,26.895166816157367,0,1530.9420217616944,1639.389830135985,65.81927246669534
2025-02-03,1572.1066893396808,1615.7708142490178,1539.6398363318615,1605.7733154296875,237824,1545.766086154514,1595.13164173473,1714.20517578125,,1566.2236711055791,1599.91611559328,48.75521649559318,-41.60003426613548,-48.44511445549606,6.84508018936058,1685.9346098424262,1484.459774923199,25.270699575659552,0,1529.792252810424,1639.389830135985,66.88329354086252
2025-02-04,1607.0979721520575,1628.292621320358,1588.9274688143007,1597.6253662109375,116812,1546.8130560980903,1590.7475142045455,1712.3811328125,,1572.5040101266509,1599.7078656494307,47.804228939011566,-36.47603734110112,-46.05129903261708,9.575261691515962,1675.0345276152825,1488.3891051972175,23.519021841014684,0,1533.8912223035925,1639.389830135985,66.98327033956703
2025-02-05,1596.6255525849956,1658.2351380166012,1584.2036116962615,1649.08740234375,97214,1559.6403944227432,1588.66620982777,1710.7430395507813,,1587.8206885700708,1604.196914439823,53.91799040399562,-27.94059484689137,-42.42915819547194,14.48856334858057,1677.7514135624272,1487.1568383906977,22.34457787443355,0,1548.8624806517137,1611.759267622669,69.45229188264793
2025-02-06,1648.3376646769009,1648.3376646769009,1569.0824661265565,1589.852294921875,276728,1569.8989393446182,1585.144364790483,1707.9902270507812,,1588.2270098404315,1602.8928581200098,47.0819514859531,-25.660178728707024,-39.07536230211896,13.415183573411936,1672.415695463972,1488.021181977434,20.94408152325284,0,1548.8624806517137,1611.759267622669,71.95880078249789
2025-02-07,1578.105209599347,1632.416573841074,1574.6060849660892,1597.075439453125,110566,1581.7904052734375,1583.4550115411932,1705.0674560546877,,1589.9966957629706,1602.3640018775657,47.94858440658636,-23.004898972893443,-35.86126963627386,12.856370663380416,1672.027724947107,1487.994247709143,19.64362062572789,0,1561.6968367514023,1601.3368528127985,73.43521199872518
2025-02-10,1610.49709931973,1611.9216696688643,1555.1109317929509,1573.5313720703125,81498,1582.6124267578125,1580.6807084517045,1701.1264428710938,,1586.7036310244391,1599.7428537132698,45.34199936097978,-22.54054671642166,-33.19712505230342,10.65657833588176,1670.8210074624662,1487.1739754476898,18.464212781159063,0,1561.6968367514023,1577.0304733245257,71.04115734892439
2025-02-11,1557.185347363413,1573.556251404911,1503.3738596887208,1518.8199462890625,75624,1584.5230441623264,1576.9350474964488,1695.9297412109374,,1573.126894077364,1592.3862257656149,39.91220860112997,-26.284309863087174,-31.81456201446017,5.530252151372999,1669.1743212811032,1480.000349129053,18.34023483673031,0,1565.6333206690422,1569.2823840819824,71.7266983009999
2025-02-12,1519.6198370301688,1622.5940759868186,1464.6335929271036,1546.3131103515625,74348,1586.4808892144097,1574.776494806463,1690.7510375976562,,1567.7641373322035,1588.1977607279734,43.56924800463033,-26.724734456052147,-30.79659650277857,4.071862046726423,1661.4358998084329,1479.0609385704736,17.180240644540703,0,1561.4343654718523,1560.3346008030971,76.83077679870712
2025-02-13,1544.8634987514108,1561.884264829804,1499.62481677859,1539.389892578125,111474,1579.7186821831597,1571.7022594105113,1684.5405908203124,,1562.089288381388,1583.76068180526,42.86182046304843,-27.31752056117284,-30.10078131445743,2.783260753284587,1658.146940625935,1476.191438280315,16.10310318036464,0,1561.4343654718523,1560.3346008030971,76.11131720958424
2025-02-14,1539.3898990694188,1564.6085654366314,1475.1309509915334,1549.662353515625,115828,1573.484130859375,1567.910028631037,1679.3843798828125,,1559.6039014082355,1580.6608337789296,44.306779127602624,-26.651187770328303,-29.410862605631607,2.7596748353033007,1651.1702404414248,1476.0049426640442,15.576193598102378,0,1561.4343654718523,1548.8624806517137,78.35717771722169
2025-02-17,1549.7122856692804,1574.6060824280034,1475.3558873324023,1499.474853515625,169380,1562.5785183376736,1563.2964089133525,1672.595078125,,1547.5780918297137,1573.2802901186292,39.10378254256148,-29.82897617897902,-29.494485320301088,-0.3344908586779311,1645.1304427145117,1469.8652848245508,14.862548765488228,0,1561.4343654718523,1548.8624806517137,79.19625371145348
2025-02-18,1499.6248269874293,1526.9929800799498,1474.631079870972,1513.5712890625,109330,1547.521172417535,1558.3999078924005,1665.6213208007812,,1540.7767312762712,1567.8521991135265,41.19266168993276,-30.854263108752548,-29.766440877991386,-1.0878222307611658,1643.5396605520066,1465.0901490183055,14.215056404592143,0,1556.4856288020023,1548.8624806517137,75.72391492461377
2025-02-19,1500.7496185167856,1566.083252245274,1500.7496185167856,1555.8358154296875,63214,1543.7415635850691,1555.425653631037,1658.77953125,,1543.7885481069543,1566.7598005968136,47.05656124942056,-27.934405886448985,-29.400033879682905,1.4656279932339196,1640.4960663993388,1464.8970610420674,13.659197868026212,0,1548.5250833840887,1548.8624806517137,75.84888389043321
2025-02-20,1574.60606449174,1579.1049389617162,1541.1644797474942,1559.9097900390625,52430,1539.6120469835068,1554.638350053267,1651.6388159179687,,1547.0127964933763,1566.1370723642908,47.59896398104675,-25.00343822621585,-28.520714748989494,3.517276522773649,1641.3941985526178,1466.6257721505074,13.409180360240978,0,1543.613834456961,1548.8624806517137,72.77999608793941
2025-02-21,1525.6183572273792,1612.0967241344356,1525.6183572273792,1559.0849609375,175914,1538.0068901909722,1553.3148193359375,1644.6745581054688,,1549.4272293822012,1565.4959713254916,47.49287542770029,-22.487954908195437,-27.314162780830685,4.826207872635251,1640.3336627357728,1473.842264998602,13.805927161373146,0,1543.613834456961,1548.8624806517137,73.51909530150371
2025-02-24,1546.4881779132425,1548.5626102087103,1509.6223991266238,1537.29052734375,104620,1540.0591769748264,1553.4806906960227,1637.0954565429688,,1546.9998889745111,1562.931840054424,44.66043814996216,-21.999448949610496,-26.25122001458665,4.251771064976154,1637.185392512342,1481.714363347033,13.760677640922054,0,1543.613834456961,1548.8624806517137,74.24033882327649
2025-02-25,1517.1204669532608,1544.5386566628758,1500.2496874607823,1509.2474365234375,77800,1535.9407687717014,1554.0135109641335,1629.7183032226562,,1539.4493984842966,1558.0514397334252,41.25137358632677,-23.60306606801305,-25.72158922527193,2.1185231572588847,1637.413573504278,1475.797608136347,13.47774354920746,0,1543.3639020027038,1548.8624806517137,72.11587045768748
2025-02-27,1509.122471734514,1518.5950776145237,1466.1332261004736,1475.10595703125,80836,1528.7981092664932,1553.3341341885653,1621.830275878906,,1526.5807101936873,1550.5109413059547,37.49847369589923,-27.314017261944628,-26.040074832606475,-1.2739424293381525,1640.6288149908987,1469.9305233880075,12.6354750021334,0,1539.1149751174546,1548.8624806517137,70.1485072646058
2025-02-28,1475.1059687345853,1499.1249846437531,1405.7233008226096,1416.5955810546875,138118,1514.012912326389,1546.5369706587358,1612.7835375976565,,1504.5836843658876,1538.3368176467486,32.107467273852336,-34.577681183959385,-27.747596102877058,-6.830085081082327,1654.8056960761098,1444.543949919984,13.021196063409077,0,1508.9100124785227,1531.9792194196054,72.6907354750457
2025-03-03,1414.6460512578471,1425.5183309804115,1304.6735667077671,1310.947021484375,237912,1493.0653754340278,1537.8698175603693,1602.9220043945313,,1465.856351789585,1517.6650179956237,25.09262728818669,-48.30234363919294,-31.85854561014024,-16.4437980290527,1682.2848285691598,1388.134543989434,14.728948439880655,0,1458.3851454211012,1481.4543523621842,77.26459450338362
2025-03-04,1253.0364859354286,1340.4146497330298,1249.6873482500746,1333.4913330078125,405856,1473.0564914279514,1528.9970370205965,1593.481865234375,,1439.3833480332305,1500.9219557240044,28.67374991369512,-56.70642363342722,-36.82812121479763,-19.878302418629588,1690.026055347135,1353.1651189692714,16.8508532827243,0,1430.892036192255,1453.961243133338,78.73208805815254
2025-03-05,1301.1745453178846,1405.5983776071969,1301.1745453178846,1346.0133056640625,309592,1449.7428792317708,1517.4408347389915,1584.1536987304687,,1420.709339559397,1486.8393511731006,30.656734659881774,-61.64568593971103,-41.79163415978032,-19.854051779930717,1690.6074058596928,1327.422562402026,17.460478977453697,0,1430.892036192255,1453.961243133338,74.90804157455236
2025-03-06,1364.508565699508,1409.1474211499208,1334.1912001511964,1393.3763427734375,152156,1431.2391628689236,1507.78642689098,1576.5101098632813,,1415.2427402022051,1478.3427140458584,37.7107231403217,-61.03471543089836,-45.64025041400392,-15.394465016894436,1672.2184810336137,1320.2403812710738,17.957829157974725,0,1430.892036192255,1453.961243133338,75.81495392794595
2025-03-07,1393.151519578887,1425.1685353140876,1378.755096260319,1396.2008056640625,80318,1413.1409233940972,1498.6307650479405,1567.9422534179687,,1411.4343532945768,1470.8752678293315,38.1150166312491,-59.63516924119858,-48.439234179442856,-11.195935061755726,1662.1559514683854,1310.9377619105207,18.100011973744586,0,1399.1249792293925,1453.961243133338,72.73894139999386
2025-03-10,1382.2291225979088,1407.1479368316018,1342.5641198759188,1348.062744140625,97336,1392.1156141493057,1484.9478260387075,1559.888269042969,,1398.7600314637864,1459.71049294854,34.057722683798886,-61.69912890935825,-51.09121312542594,-10.607915783932311,1652.0045649739343,1296.187878873722,18.69208083360375,0,1397.1130024564752,1453.961243133338,70.26277153285685
2025-03-11,1329.1675514668923,1337.5654754102557,1276.830666270268,1295.77587890625,127240,1368.3965521918403,1471.5807162198153,1550.9784985351562,,1378.163200952279,1444.807346217423,30.286531190145723,-66.78409933576563,-54.22979036749389,-12.554308968271748,1648.4957070591176,1271.9211874721325,19.95679685271953,0,1384.1412129322991,1453.961243133338,71.6106413658125
2025-03-12,1299.025018734989,1338.965100789091,1276.555663957478,1307.2979736328125,215714,1349.751220703125,1458.409013227983,1542.4626293945312,,1363.990155488386,1432.3064941642765,32.07153161020402,-69.08783670777484,-57.20139963555008,-11.88643707222476,1647.5726191747872,1251.6920780908376,21.10089350885649,0,1374.406166446914,1453.961243133338,71.40177015889283
2025-03-13,1285.1784578802572,1309.6723296951668,1248.76252004973,1260.2596435546875,194860,1332.3805609809028,1444.1693892045455,1532.5036181640626,,1343.2440531016464,1416.6658713815864,28.82650167475312,-73.85777879512216,-60.5326754674645,-13.325103327657658,1644.855550235399,1225.8038003505385,22.448305779390104,0,1337.1404255150708,1453.4988290331655,73.04243804683674
2025-03-17,1260.2597139226827,1297.3255156462735,1249.687407273067,1255.660888671875,101224,1326.2376573350691,1432.2076138583095,1522.5491088867188,,1325.7274202156923,1402.0290547716124,28.522649795600344,-77.12008106167104,-63.850156586305815,-13.26992447536523,1639.248667953527,1203.0377822417856,23.699474316314173,0,1336.965527681909,1448.5500923633151,70.26813386584745
2025-03-18,1255.660888671875,1255.660888671875,1255.660888671875,1255.660888671875,0,1317.5898301866318,1418.9961492365055,1513.7808032226562,,1311.714113906929,1388.7228578534543,28.522649795600344,-78.79715456325039,-66.83955618169473,-11.957598381555655,1627.6850148394924,1185.2012888714453,24.86127367202938,0,1336.965527681909,1440.5895469454022,66.73509373649915
2025-03-19,1300.4995640542345,1318.2202279713931,1280.1796969463387,1291.9267578125,96706,1311.5802137586809,1407.7478249289773,1505.72181640625,,1307.7566426880433,1379.9232123951858,34.80749849076294,-76.32012396138111,-68.73566973763201,-7.5844542237491055,1618.4017259227871,1173.7297682178378,24.449513232768695,0,1336.965527681909,1435.6782980182743,68.04012017202948
2025-03-20,1305.9232792199052,1324.768540027869,1295.6758429619117,1310.072265625,75870,1302.3242051866318,1396.8573663884945,1498.576604003906,,1308.2197672754346,1373.573126325169,37.756507216761065,-72.06218057075534,-69.40097190425668,-2.6612086664986663,1604.1734949807228,1167.6080968161525,23.92655364536232,0,1336.965527681909,1435.6782980182743,66.63868665069512
2025-03-21,1297.1755424165578,1385.9533855805191,1292.2018108911648,1374.3062744140625,235134,1299.8914794921875,1391.1678855202415,1493.3779052734376,1465.1432458496097,1321.4370687031603,1373.639776151432,46.91152595786341,-62.78088313258195,-68.07695414992173,5.296071017339784,1579.9114396000346,1173.717198095278,22.24789209303029,0,1327.955228440666,1435.6782980182743,66.66367885556733
2025-03-24,1367.1579309369338,1394.6010157255705,1357.0854999325963,1378.7550048828125,84886,1303.301730685764,1385.039872602983,1488.2616845703126,1466.717308959961,1332.900655939091,1374.1047969451938,47.487606028556186,-54.43887520906924,-65.34933836175124,10.910463152682,1551.729720682884,1183.7834384968037,20.78076852782258,0,1321.6817678876505,1430.4296220920828,60.71158967844802
2025-03-25,1379.4049494494232,1407.1480096757116,1362.159263362811,1384.4537353515625,292204,1313.1548258463542,1377.2497780539773,1483.92626953125,1468.0902514648435,1343.2112718215851,1375.045609527591,48.262100123259934,-46.82812839161261,-61.64509636772352,14.81696797611091,1519.888802669091,1198.1612339520022,19.644006083500955,0,1327.955264862721,1430.4296220920828,57.44455002344411
2025-03-26,1389.6523111220383,1399.549859184748,1360.959538837804,1370.98193359375,105556,1320.2308213975691,1368.662148215554,1479.4698828125,1469.152105102539,1348.7654041760184,1374.6761844426965,46.515528100984326,-41.406312325663066,-57.59733955931143,16.191027233648363,1488.2809634038963,1213.1382138421973,18.563741665039085,0,1327.955264862721,1430.4296220920828,52.74215631327494
2025-03-27,1370.9819340069046,1396.1506856595354,1346.88798668239,1381.2293701171875,91084,1333.671902126736,1360.577803178267,1474.9540087890623,1470.0452026367188,1355.2581973642525,1375.2719285949229,48.055435580471,-35.86912460459462,-53.25169656836807,17.38257196377345,1461.1763311653085,1227.4410394401605,17.262119220319434,0,1328.4177084743892,1430.4296220920828,50.906904740305016
2025-03-28,1397.1504588911848,1397.1504588911848,1361.9593118910184,1388.1527099609375,108408,1348.3932156032986,1353.7988114790485,1470.055234375,1470.982410888672,1361.8370998835894,1376.442908719106,49.12126647693046,-30.569817945514387,-48.715320843797336,18.14550289828295,1441.850592099495,1238.0714537989422,16.075182133049594,0,1331.4044491737932,1430.4296220920828,50.10531245076201
2025-04-01,1379.6549141592818,1397.150538070722,1352.1617908698756,1368.457763671875,43916,1360.9262017144097,1347.3992808948865,1465.4048999023437,1471.8609954833985,1363.1612326412464,1375.716986442085,46.21613587013948,-27.640672341709887,-44.50039114337984,16.859718801669956,1433.9474018772592,1241.160862282897,15.105076380135651,0,1343.6638533110252,1430.4296220920828,48.705664611130814
2025-04-02,1368.6076271900602,1379.5799803784594,1337.8653166329298,1372.356689453125,55946,1369.8628607855903,1342.7288596413352,1460.4261474609375,1472.695987548828,1365.0003240036222,1375.411504897634,46.885837407353335,-24.7197388594077,-40.54426068658542,15.82452182717772,1437.360957090095,1243.888273866936,14.529636984457838,0,1349.6749102834383,1430.4296220920828,46.59727788792885
2025-04-03,1350.0372998667533,1400.3247697200072,1347.2629694274124,1390.3272705078125,55934,1378.7800835503472,1341.5348455255682,1455.8073046875,1473.7007849121094,1370.06571330446,1376.7674835894686,49.97752970863251,-20.71600115968681,-36.5786087812057,15.86260762151889,1442.629301213413,1244.3035234936178,13.508540703821929,0,1349.6749102834383,1398.6625651292202,45.92958956371327
2025-04-04,1390.47712901477,1399.1249902017864,1292.1767672756523,1321.494384765625,96186,1372.9120958116318,1342.0142711292613,1450.6925830078126,1474.3885266113282,1360.351447596693,1371.7426564236648,40.30098823164425,-22.83403229563919,-33.8296934840924,10.995661188453212,1441.8759043711718,1242.6050282460158,13.693017605990024,0,1349.6623884756818,1396.650588356303,49.21804765519165
2025-04-07,1083.7288592357563,1274.6810844332006,1083.7288592357563,1248.062744140625,183070,1358.3907335069443,1338.13115345348,1443.88978515625,1474.6768798828125,1337.8937069054796,1360.4990280342977,32.96760042885427,-30.09103620077985,-33.081962027429896,2.9909258266500416,1439.9590567312532,1229.9905160226529,16.255358228491264,0,1245.4384344557338,1301.16196842514,62.7985774520961
2025-04-08,1255.2360634941117,1287.1780246889248,1221.1945298310848,1250.7620849609375,99596,1343.536105685764,1333.801552512429,1438.2321997070312,1474.9964685058594,1320.4673825165712,1350.5229423003557,33.44701986594325,-35.21847319833478,-33.50926426161087,-1.709208936723904,1434.954245544811,1220.4514551387824,18.3664131964914,0,1242.0268144778818,1291.4269219397547,67.5116842276561
2025-04-09,1239.1899980471178,1239.1899980471178,1192.2267710163785,1206.72314453125,113522,1325.285129123264,1325.3173162286932,1432.4161547851563,1475.0174090576172,1297.718534919507,1337.450233412255,29.71327058639501,-42.34742366433329,-35.27689614215536,-7.070527522177933,1440.1624040756271,1201.1093366470293,20.55499438761897,0,1242.0268144778818,1254.623595108084,67.22425384515903
2025-04-11,1249.6873542532169,1260.9595585965371,1185.2535230838334,1200.799560546875,255182,1305.2373725043403,1316.4354414506392,1426.6311010742188,1475.1187915039063,1278.334740044981,1325.0274449699475,29.240441674579458,-47.92272860750927,-37.80606263522614,-10.11666597228313,1446.596060427671,1185.1780484590477,22.10230610601856,0,1242.0268144778818,1254.448697274922,70.28598622354006
2025-04-15,1209.697411180103,1279.1800310784645,1209.697411180103,1252.7366943359375,118454,1290.1911485460068,1312.1024391867898,1420.3631713867187,1475.471240234375,1273.2151309031722,1318.455558548674,38.483640678463104,-47.60158387488718,-39.76516688315835,-7.836416991728832,1446.8659435538564,1179.4520374031747,23.13836480291776,0,1242.0268144778818,1254.448697274922,69.18805021227115
2025-04-16,1269.7822797026986,1278.6800779131777,1247.187957151438,1258.28515625,42582,1277.9497477213542,1310.3983154296875,1415.49638671875,1475.7444946289063,1270.2291359725375,1312.9855219760673,39.39445296262087,-46.36489421515967,-41.08511234955861,-5.279781865601052,1446.934489115596,1179.1860431109662,24.100419307181298,0,1242.0268144778818,1254.448697274922,68.75780771004011
2025-04-17,1257.1855362964611,1257.1855362964611,1238.7401989138311,1251.2869873046875,47340,1264.49755859375,1307.8523615056818,1409.9482763671874,1476.0149884033203,1266.4407062389678,1307.376564278669,38.61780827978595,-45.42586144360144,-41.95326216836718,-3.472599275234252,1447.1242688524278,1178.558873237416,25.08780932361514,0,1242.0268144778818,1254.448697274922,66.94039421170214
2025-04-21,1274.1812941478345,1298.4752664221974,1252.1867955434775,1289.8773193359375,68318,1253.336452907986,1309.1986194957387,1403.740827636719,1476.420218505859,1271.1280288583616,1305.7857238293298,45.05099169773343,-41.0940473272824,-41.78141920015023,0.6873718728678284,1446.621307708969,1182.4834774472808,25.033717938709565,0,1241.4269247187713,1245.4384344557338,67.55453412388543
2025-04-22,1299.6248301566582,1303.673866056566,1270.6821194462386,1281.37939453125,38366,1248.8792317708333,1310.3676424893465,1397.25294921875,1476.7186224365234,1273.1783019929394,1303.5669666204133,43.95843295506627,-37.90976477239474,-41.00708831459913,3.0973235422043928,1446.5577677291767,1181.4922810989483,24.86637844475898,0,1193.7013626461612,1245.4384344557338,66.39232324054129
2025-04-23,1292.176715177483,1346.6630834383516,1282.1792164140209,1321.769287109375,180610,1257.06884765625,1313.3725696910512,1391.7358276367188,1477.1881188964844,1282.8964990162267,1305.2217230285007,50.14682426568598,-31.76095065880145,-39.1578607834396,7.396910124638147,1447.172406137474,1182.0473448390885,23.789970230081007,0,1265.9583032610926,1245.4384344557338,68.54179051960809
2025-04-24,1319.6698446327684,1335.3159546986813,1302.4741954731628,1327.16796875,85798,1265.5583902994792,1314.974442915483,1385.2974389648436,1477.5314501953126,1291.7507929629814,1307.2168362759096,50.92685389915121,-26.150891485551256,-36.556466923861926,10.40557543831067,1441.9926682006455,1182.5132522095107,22.79044831645146,0,1265.9583032610926,1245.4384344557338,67.67414852137038
2025-04-25,1318.1702653186428,1323.7189261728718,1265.1835197275257,1281.4794921875,59544,1273.8646511501736,1313.6747713955965,1379.1299829101563,1477.6507110595703,1289.6965328078852,1304.8770777224177,44.57099502842207,-25.10219491906696,-34.265612522902934,9.163417603835974,1433.8846343034818,1180.893734837143,22.47840644842059,0,1265.9583032610926,1245.4384344557338,69.12199032686644
2025-04-28,1265.6833948092926,1300.4747407337086,1265.0335329553436,1271.2320556640625,51370,1281.6904839409722,1308.989579634233,1372.613115234375,1477.7564630126951,1286.0036373791206,1301.8184393534762,43.26670415698752,-24.81196097945667,-32.374882214213685,7.562921234757013,1423.7571349750829,1179.699066196792,22.191065687983667,0,1278.1802473092273,1245.4384344557338,67.86337657585001
2025-04-29,1277.580372669931,1303.6237833432583,1269.6823243545728,1300.2247314453125,39860,1286.9669325086809,1305.4200217507102,1367.146982421875,1478.0081774902344,1288.847856192359,1301.6735568163704,47.91105904787734,-21.989006280921785,-30.297707027555308,8.308700746633523,1415.7876737757426,1180.5928071812884,21.8457807284354,0,1292.7016411760917,1245.4384344557338,62.64860772317512
2025-04-30,1300.224717215276,1300.224717215276,1249.687313443702,1257.2354736328125,108348,1286.8503011067708,1299.637373490767,1361.91529296875,1478.041072998047,1282.5253796804495,1297.6337310724105,42.37215019010778,-22.95604517416791,-28.82937465687783,5.87332948270992,1404.1009837512906,1179.8801075573033,21.877181383472085,0,1292.7016411760917,1245.4384344557338,49.27517147115668
2025-05-02,1265.0835108801004,1270.5320988598844,1240.189714689976,1245.138427734375,57682,1286.1671278211809,1293.9172141335227,1355.891799316406,1477.9212884521485,1275.047989291235,1292.8614307689527,40.93792183278609,-24.41709588670983,-27.946918902844235,3.5298230161344044,1389.0934382530947,1180.5862248328428,22.07066052451508,0,1293.426399064164,1245.4384344557338,46.72937785059014
2025-05-05,1255.1860005752671,1270.3821502529772,1237.1905023591344,1245.2884521484375,45402,1281.2128092447915,1287.7380814985795,1350.0097705078124,1477.8513494873048,1269.0960818626752,1288.536614530724,40.96460992523709,-25.271568475907543,-27.4118488174569,2.1402803415493565,1376.489651059592,1180.8730808740015,22.30400707622846,0,1291.9267928987429,1245.4384344557338,44.919115989824704
2025-05-06,1257.7353921939923,1257.7353921939923,1184.7536505568555,1203.2490234375,80398,1272.5316569010415,1279.333368474787,1343.08150390625,1477.4861389160155,1255.92667017764,1280.783197158613,36.04895847958895,-29.006604635543,-27.73079998107412,-1.275804654468878,1363.0481555385468,1177.4038097934845,23.36333242631845,0,1265.7083669976037,1245.4384344557338,44.72452357014135
2025-05-07,1187.752927791504,1222.044276434443,1181.704392028238,1214.0963134765625,82700,1260.5679931640625,1272.3169389204545,1337.3739331054687,1477.2402508544922,1247.5605988374243,1274.7207531875172,38.1125511093336,-30.73704453373034,-28.332048891605368,-2.404995642124973,1338.3274312536264,1184.50143837528,24.390988469555836,0,1258.5101733634597,1242.0268144778818,42.00733884689959
2025-05-08,1222.19419089416,1254.63602469135,1212.2966429771232,1226.4931640625,46060,1249.3819037543403,1265.6867786754262,1331.6323706054689,1477.1326770019532,1243.3471118824398,1270.3364269034246,40.4765079629219,-30.75360002507045,-28.816359118298383,-1.937240906772068,1329.585060352544,1183.7436872060498,24.34802104064993,0,1252.711659100555,1242.0268144778818,42.78214320064868
2025-05-09,1176.3557663825836,1241.5894485853155,1176.3557663825836,1224.3936767578125,59788,1243.039035373264,1258.1443425958807,1325.0035278320313,1477.0678240966795,1239.5564248575145,1266.1598132538234,40.19647349621414,-30.58358294401478,-29.169803883441663,-1.4137790605731126,1329.7452770023694,1181.2165638179429,24.892939408682075,0,1239.989774862921,1242.0268144778818,46.04562354826032
2025-05-12,1257.0856019924709,1299.4249876455156,1242.6891784138302,1295.2760009765625,74842,1245.7105848524309,1256.952597878196,1319.710852050781,1477.4669421386718,1250.7003400813242,1268.806739410436,52.21628687237688,-24.447417396461105,-28.225326586045558,3.7779091895844488,1334.0155192282489,1181.397713193626,23.919335476286957,0,1239.989774862921,1242.0268144778818,48.03441153184555
2025-05-13,1311.6719177425532,1364.7087007324333,1282.229330904872,1351.86181640625,114104,1251.4480387369792,1261.6707375266335,1315.5663891601562,1478.143493041992,1270.932635346309,1276.3572009555098,59.2564691736185,-14.847309056876156,-25.54972308021168,10.70241402333552,1348.1527531327818,1181.774346476593,22.67971213057832,0,1270.5322335575083,1242.0268144778818,51.56924176164796
2025-05-14,1352.2117513874848,1385.6032998063724,1340.4646902768302,1374.0062255859375,91754,1264.4225667317708,1267.272743918679,1312.300703125,1479.0619372558594,1291.547353394235,1285.2343850128211,61.63846599938934,-5.390150975267488,-21.51780865922284,16.127657683955352,1364.4045522806257,1182.8432138326557,21.8779211258063,0,1280.979533094478,1242.0268144778818,50.13030752039372
2025-05-15,1440.0397844570198,1604.0987191049169,1439.040034554181,1577.6053466796875,3659274,1301.3633355034722,1284.131025834517,1313.667861328125,1480.875825805664,1348.7589520513254,1311.8135633461727,75.70312937141186,18.322254913531424,-13.549795944671988,31.87205085820341,1452.630844860098,1127.1037864875584,23.47873086971452,0,1390.22724274375,1343.9137891703367,64.21964568421235
2025-05-16,1587.1030126943806,1661.5843824239753,1562.1092644629732,1650.4871826171875,614530,1346.3854166666667,1304.5713722922585,1317.1754858398438,1483.1486920166017,1409.104598164498,1342.6020741889922,78.71195636775448,42.505485699900646,-2.3387396157574614,44.84422531565811,1537.6024864392612,1081.3523475451138,25.34354397791368,0,1418.970074403279,1372.656620829866,66.8975506083929
2025-05-19,1642.339092816121,1647.0879046809064,1601.4492988776951,1641.289306640625,120242,1395.0565592447915,1322.2328546697445,1321.6693603515623,1485.3824395751951,1455.5415398597231,1369.7554589573224,77.40911391799827,60.23433469166184,10.1758752457264,50.05845944593544,1598.9884053615529,1058.9666605564155,27.07515614981289,0,1418.970074403279,1418.970074403279,67.86874174847344
2025-05-20,1641.0394596086144,1697.075491517035,1619.6449089232324,1681.179443359375,190154,1446.9546847873264,1341.455322265625,1329.0740087890624,1487.8779754638672,1500.6691205596535,1398.0667302665995,79.03020715083814,76.62014654947552,23.464729506476225,53.1554170429993,1660.130889612622,1036.954388707691,28.99815270134879,0,1436.7156289498091,1436.7156289498091,70.97510772026752
2025-05-21,1689.577347237586,1746.563092085244,1667.082974271405,1704.5235595703125,220582,1500.0691731770833,1362.0569846413352,1336.4946533203124,1490.4050329589843,1541.4400083617857,1425.926442021483,79.93751775715612,90.44707797000888,36.86119919918276,53.58587877082612,1717.451526719957,1021.948168104262,31.064160995112488,0,1461.459429233914,1461.459429233914,73.04244342114099
2025-05-22,1690.4771889649523,1702.3242012829992,1680.1298015489317,1689.0775146484375,56102,1551.700710720486,1380.2024480646307,1343.3559375,1492.8651043701173,1570.967509619116,1449.8492668057513,77.54668271728856,99.0172448388239,49.29240832711099,49.72483651171291,1762.9006145638268,1013.229903014298,32.98259726789306,0,1494.6261352495371,1461.459429233914,72.61754155338902
2025-05-23,1682.0791747133503,1693.5262620344176,1659.884776171975,1677.980224609375,53708,1594.2234022352432,1398.2297585227273,1349.0480151367187,1495.1507604980468,1592.370052617168,1470.5884447878989,75.79275783057065,103.7181074840521,60.177548158499214,43.54055932555288,1800.7263939649474,1010.4853491991151,34.32512385356924,0,1514.3962114950582,1461.459429233914,72.64967283686042
2025-05-26,1688.0777422247504,1697.6254027896998,1663.333931670967,1681.179443359375,67392,1630.8142496744792,1414.5665838068182,1354.747587890625,1497.4604077148438,1610.1319307656097,1489.7330810216697,75.9615552546963,106.47435512650644,69.43690955210067,37.03744557440578,1834.4703423330104,1016.7113959482398,35.60073156958333,0,1543.5138911810373,1461.459429233914,69.88608208554584
2025-05-27,1672.7814326936991,1712.0716513777245,1664.6335688897686,1703.2738037109375,56132,1667.3995361328125,1431.66230357777,1361.8518090820312,1499.930621948242,1628.7603053546754,1509.1458739934212,77.14675242100228,109.18293851970498,77.38611534562153,31.796823174083443,1867.2342270320305,1027.151686053907,36.89089781286928,0,1592.8015633197124,1461.459429233914,70.39309623424234
2025-05-28,1724.5685887060242,1768.3576834264732,1668.282620154372,1681.0794677734375,219972,1678.896660698785,1449.8259388316762,1369.557880859375,1502.1250872802734,1639.224137838428,1524.7762007006952,73.24032374280391,108.29030966728578,83.56695420995439,24.723355457331397,1892.7060049761292,1039.7653817426208,38.46921835444563,0,1665.2334739447233,1472.3567249045284,74.51707348837623
2025-05-29,1694.5761121037845,1759.6598073996363,1694.5761121037845,1754.3612060546875,158606,1690.4382188585068,1471.7863547585227,1378.4991455078125,1504.6852117919923,1662.2515514816798,1545.6475648237854,77.32332821566246,112.20271564674611,89.29410649731274,22.90860914943339,1924.170050323746,1058.0139096371915,39.93480171448081,0,1684.903491152084,1472.3567249045284,75.47040616148101
2025-05-30,1766.058144940718,1779.7546693405934,1739.2148853454707,1770.6070556640625,387798,1704.806857638889,1493.1673694957387,1388.70609375,1507.223876342773,1683.9226523181565,1566.0984276274469,78.12035093654121,115.28529277160963,94.49234375217212,20.79294901943753,1951.373314538862,1083.3575082150442,41.4287444009702,0,1699.699789131913,1478.0552178615883,73.00672566915384
2025-06-02,1762.5090360139036,1784.553570107617,1718.0201654986156,1732.2666015625,74016,1710.4832085503472,1514.7596934925425,1398.2382080078123,1509.6852709960938,1693.5914421670252,1581.2046252579062,71.71421508389899,113.32812702633125,98.25950040700394,15.06862661932729,1965.984056516618,1117.4445811786943,42.25236400683304,0,1722.219173139796,1480.4546682451005,71.86772815354242
2025-06-03,1715.070906535148,1778.0551485122476,1715.070906535148,1763.308837890625,52098,1717.0149061414932,1538.3128939541905,1408.3911669921874,1512.1156127929687,1707.5349213117452,1597.7595536790625,73.60171971729582,112.97955018624748,101.20351036285264,11.776039823394823,1973.3546856023304,1166.0799335382942,42.93742303142599,0,1722.219173139796,1480.4546682451005,73.1424161855108
2025-06-04,1767.057909715092,1780.2046450213527,1740.8144754123923,1750.6619873046875,70114,1723.8576253255208,1561.2844182794745,1417.5658715820311,1514.6609887695313,1716.1603345103338,1611.6597749177554,71.50814074280896,110.4100668581159,103.0448216619053,7.365245196210594,1970.9263229836129,1222.1648635398249,43.59313927795853,0,1722.219173139796,1480.4546682451005,59.52082162050944
2025-06-05,1750.662002247558,1808.547545097268,1750.662002247558,1785.853271484375,174132,1735.8435194227432,1587.7664295543325,1427.0814916992188,1517.5884490966796,1730.098921905142,1627.4955473329026,73.7460071624711,109.94598644319444,104.42505461816314,5.5209318250312975,1964.488468115148,1284.5387291504771,44.457919798585046,0,1735.9407383841176,1492.451655739926,56.55013875133648
2025-06-06,1792.0517355999648,1807.1479350177035,1787.902749014747,1802.6990966796875,32890,1749.345703125,1614.5211015181108,1435.6493481445314,1520.387264404297,1744.6189568600512,1643.4231427280647,74.76768127459101,109.67327147337257,105.47469798920504,4.198573484167511,1945.0490600082408,1361.808679249572,45.26093028202396,0,1736.5905569935185,1492.451655739926,54.56848016518192
2025-06-09,1783.3539014998898,1833.8911851844048,1783.3539014998898,1823.44384765625,72610,1762.697930230035,1641.655223499645,1444.543125,1522.7617431640624,1760.3839350192911,1659.7886613578996,76.00596708495881,109.86461997693164,106.35268238675036,3.511937590181276,1927.1957893303315,1432.47873459545,46.24605744049023,0,1751.0869026693883,1505.123475783494,52.64753024308993
2025-06-10,1838.540034410148,1864.533531362113,1817.1453625109589,1843.888671875,54322,1780.787841796875,1669.8140869140625,1453.7318237304687,1525.2633056640625,1777.084882390433,1676.5250259503632,77.19385497410761,110.39344458290316,107.16083482598091,3.23260975692223,1908.5413115558667,1500.3358979167897,47.41062324445222,0,1779.5548217329488,1520.4446488723484,50.355248174326725
2025-06-11,1842.0391702207555,1879.4797547425728,1814.645998858092,1837.59033203125,90504,1790.0355224609375,1694.4647383256392,1463.0639916992188,1527.5684747314451,1789.1859723185964,1691.1673265031711,75.94645111910046,109.04728923442894,107.53812570767056,1.5091635267583996,1869.539515698484,1585.6961044187035,48.60686402468266,0,1797.2753306388604,1527.9177605625782,53.24381945026244
2025-06-12,1829.592292043344,1889.527247725388,1713.571271217627,1838.889892578125,249380,1797.6225043402778,1716.6023781516335,1472.2172021484375,1530.061033935547,1799.1267563705023,1704.5966506918032,76.03251124866128,106.8535736148974,107.40121528911592,-0.5476416742185108,1872.1816203095896,1609.1824543974417,46.92446555893245,0,1801.5492594715076,1532.9415070539858,63.40914021064231
2025-06-13,1824.393594097613,1824.393594097613,1772.6066221185413,1787.9527587890625,86800,1803.8098551432288,1735.4181296608665,1480.213203125,1532.207711181641,1796.8919568542146,1712.1744787006448,66.05641754669998,99.85378490855987,105.89172921300472,-6.037944304444849,1873.4560594910613,1621.654572833157,45.3622384121644,0,1801.5492594715076,1532.9415070539858,65.69426873498881
2025-06-16,1774.6060586163126,1812.046642496396,1737.2153890059485,1803.7987060546875,43198,1808.3087293836809,1745.6996459960938,1488.9200219726563,1534.338800048828,1798.2733066943094,1720.5039539146487,67.48565560490408,94.49574926628156,103.61253322366012,-9.116783957378544,1873.416105202692,1637.9454670629332,43.12372930743251,0,1801.5492594715076,1566.108213069609,67.65092380659537
2025-06-17,1819.5448427354445,1827.042967087376,1787.05297054374,1812.3966064453125,64384,1815.1681315104167,1753.0591652610085,1497.7208203125,1536.381831665039,1801.09796664451,1728.8578314174365,68.2664285126077,89.906855853877,100.87139774970348,-10.964541895826486,1877.0852106101904,1647.3980779640287,41.28273056959322,0,1801.5492594715076,1585.87828931513,63.3591333259907
2025-06-18,1823.043953074617,1824.5435779331924,1747.212947133953,1807.94775390625,76386,1817.623074001736,1760.6345492276278,1506.0732299804688,1538.276444091797,1802.467924096858,1736.0478243709647,67.36501425164437,84.93209521877566,97.68353724351792,-12.751442024742277,1880.615797430403,1654.2099105774091,38.73781955248352,0,1801.5492594715076,1614.9959690011092,63.269868409779306
2025-06-19,1797.0504913605887,1817.4953285242705,1720.8195595295765,1735.8658447265625,71864,1810.197157118056,1763.1202947443182,1514.3606591796874,1539.8693615722657,1789.147508222799,1736.031280766928,54.75055303533341,74.31647979837908,93.01012575449016,-18.693645956111084,1877.9627247287576,1661.541816286867,36.06797065414911,0,1801.5492594715076,1664.2836411397843,67.2795816240344
2025-06-20,1734.1162320370383,1744.5635696410388,1684.1786514758796,1694.676025390625,88990,1795.889621310764,1762.6726795543325,1523.2929248046876,1541.0875555419923,1770.2532116563643,1732.271712096355,49.093309214341694,61.86669318524832,86.7814392406418,-24.91474605539348,1876.0390033027209,1665.135117791029,34.22497456867776,0,1786.8529496006338,1725.8182560941805,66.84040402090282
2025-06-23,1694.0761683419648,1752.4615856275666,1691.0769187078392,1740.41455078125,74512,1784.3924967447915,1765.006181196733,1533.0859741210938,1542.6574938964843,1764.2854794813416,1733.0119701586182,54.691790622912414,55.056210619964986,80.43639351650644,-25.380182896541456,1871.487305243519,1675.610326592419,32.35193387309,0,1786.8529496006338,1745.4882733015415,66.72614865966194
2025-06-24,1749.512268437882,1776.905439788753,1740.5145194420338,1753.6612548828125,63888,1775.0670437282986,1768.4462280273438,1544.024736328125,1544.1809826660156,1762.1606345616358,1734.8891778608177,56.19436411455482,50.14965838894227,74.37904649099362,-24.229388102051345,1868.851744773162,1683.284632179963,30.11864341989807,0,1786.8529496006338,1754.5860783243102,66.51905718812928
2025-06-25,1773.5562701760855,1819.4448136376388,1746.46307309488,1754.510986328125,136662,1765.6916097005208,1771.7794799804688,1555.09896484375,1545.7826763916016,1760.630704914934,1736.6729786305727,56.29449165266667,45.80177230171057,68.66359165313702,-22.861819351426448,1861.9000583401853,1697.5794704684083,28.66349358939126,0,1755.6108092816278,1774.7060119486814,67.59735595599916
2025-06-26,1754.5110827796032,1773.8063051559002,1739.5648702106616,1756.3607177734375,55218,1762.1813829210068,1774.1925215287642,1565.1714453125,1547.3065460205078,1759.776707486635,1738.4627730981058,56.527435093675614,42.02090824835818,63.33505497218125,-21.31414672382307,1861.874777072739,1697.8047029077295,27.16827890991025,0,1755.6108092816278,1774.7060119486814,68.52212534256417
2025-06-27,1773.5563556767634,1782.8040424242322,1720.319672508901,1754.3612060546875,159446,1756.6883273654514,1777.5235096324575,1575.0929663085938,1548.998623046875,1758.6936072002454,1739.9080851850676,56.1788673086354,38.42031686433984,58.352107350612975,-19.931790486273137,1861.7661186293556,1696.2887763901758,25.37736894393017,0,1755.6108092816278,1774.7060119486814,69.37548864476533
2025-06-30,1771.1069425113285,1774.655981348999,1717.0704128711452,1750.162109375,84224,1749.7733832465278,1777.3326416015625,1585.07046875,1550.8106695556642,1756.9873076351964,1740.8402692023342,55.40618175506964,34.826531664642744,53.64699221341893,-18.82046054877619,1860.8999783130653,1698.9444674877157,23.64567965270177,0,1754.361114704536,1776.4305896981775,70.10387433238671
2025-07-01,1750.1621954395234,1753.7113564915046,1722.2691481058582,1735.8658447265625,60916,1741.7642822265625,1775.753495649858,1593.9902392578124,1552.6032220458983,1752.7630150534696,1740.388048795446,52.74623660595495,30.47356167395492,49.012306105526136,-18.538744431571217,1861.616234752255,1695.48391173212,22.03768245370396,0,1751.8117325567591,1777.0804083075782,67.71876379675568
2025-07-02,1735.565832211341,1739.5147955136508,1706.5730850142625,1719.1199951171875,49544,1739.903632269965,1775.1559226296165,1602.7450512695314,1554.22556640625,1746.0344110662131,1738.4545893701495,49.73433967608384,25.37998679305042,44.285842243031,-18.905855449980574,1863.398339217603,1690.547608048022,20.744736616637223,0,1751.8117325567591,1778.9049339398798,57.50345908187194
2025-07-03,1709.5722977034163,1742.064168858598,1697.6253354330386,1706.77294921875,84750,1741.247734917535,1772.5861095081675,1610.4451245117189,1555.7731787109376,1738.1821186967206,1735.5744402654768,47.57715343795658,20.11511407345733,39.45169660911627,-19.33658253565893,1864.8034671603525,1681.2344478787104,19.749023846996288,0,1755.260866172739,1786.8529496006338,55.943142150870194
2025-07-04,1718.4200482515623,1739.0649075784577,1693.57628826554,1702.823974609375,53038,1737.0710042317708,1770.4116543856535,1617.9582446289062,1557.2545574951173,1731.1104898792516,1732.5971252058312,46.87683505082892,15.445963807803537,34.650550048853724,-19.204586241050187,1863.7919739882573,1672.2584288437738,18.919907176419585,0,1756.5105509515893,1786.8529496006338,53.84723970961807
2025-07-07,1694.5760837731982,1721.7692322898106,1675.5808356365071,1706.423095703125,68992,1731.8223198784722,1766.801191850142,1626.457116699219,1558.8695281982425,1726.1730110440265,1730.2176679783124,47.633403496163766,11.898884640678034,30.100216967218586,-18.20133232654055,1857.9836845188447,1666.3646431178736,18.571487379151623,0,1747.512824637073,1782.5540416809476,54.28998257459432
2025-07-08,1697.075459077204,1741.3644285629964,1677.3303985076752,1683.978759765625,55128,1723.9854058159722,1761.4048128995028,1634.71205078125,1560.5149920654296,1717.7341607883463,1726.0141308680682,43.47524267265285,7.193802829361175,25.518934139647108,-18.325131310285933,1847.9433867583407,1660.4139496674406,17.67733457327766,0,1729.1924390303698,1782.5540416809476,53.34022537860017
2025-07-09,1694.5260821300542,1705.5733675883191,1660.084746119815,1685.578369140625,69530,1716.1207004123264,1755.1382002397015,1642.4191235351564,1562.1883233642577,1711.3030024588022,1722.3381525292095,43.85144382838394,3.5531086785647403,21.12576904743064,-17.572660368865897,1836.4367546058331,1656.7193855308856,17.26484239092693,0,1721.4443942720236,1774.8059969226017,49.68400055530089
2025-07-10,1689.7771770012416,1710.2720492821857,1668.8825024051753,1704.7235107421875,58884,1710.6054009331597,1748.8125110973012,1651.3688842773438,1563.9423846435548,1709.9871041154793,1720.736821457662,48.287586938921685,2.187469472469047,17.33810913243832,-15.150639659969272,1820.243314053369,1659.496187899756,16.73841761720229,0,1717.370363734407,1774.8059969226017,48.32718832043312
2025-07-11,1696.22571302416,1786.653043771112,1684.3787009719738,1740.1646728515625,261826,1709.4945746527778,1744.384072043679,1661.2694091796875,1565.881399536133,1716.022617862696,1722.5029897661984,55.32433546228069,3.919811009495561,14.654449507849767,-10.734638498354206,1814.6111270446704,1660.3495663147044,16.712124595645584,0,1723.3688949454636,1774.8059969226017,51.24787945467675
2025-07-14,1737.065413375209,1809.047404605721,1719.069915567581,1795.55078125,115406,1716.1262342664932,1742.414112437855,1672.2746557617188,1568.0559802246094,1731.928250540157,1729.1436980829076,63.64906907271327,9.650653498955762,13.653690306070969,-4.003036807115205,1812.780907331628,1661.354993547278,17.10686773627144,0,1734.566075362768,1774.8059969226017,55.068350885436544
2025-07-15,1795.550842087153,1817.6452907360592,1774.4061070388043,1781.1544189453125,88496,1723.0189480251736,1742.105096990412,1683.832763671875,1570.150581665039,1741.7734842211885,1733.8719454340353,60.49372826064723,12.882223088912042,13.499396862639182,-0.6171737737271403,1805.7678362151185,1665.2438459137877,17.63001753892506,0,1738.8650184279372,1774.8059969226017,52.94388253932912
2025-07-16,1794.5510939441097,1812.496556067637,1773.306408291568,1785.5533447265625,66784,1731.7723253038191,1741.275762384588,1695.261904296875,1571.8811486816403,1750.529456322263,1738.5702544606288,61.127848116019,15.618185102465532,13.923154510604451,1.6950305918610784,1800.3708065969568,1668.4014346139809,18.081416293688648,0,1738.8650184279372,1774.8059969226017,53.297362027245576
2025-07-17,1785.553281156491,1854.5360227017304,1785.553281156491,1834.0911865234373,347966,1746.3575710720486,1742.2618796608665,1707.413864746094,1573.6409582519532,1767.241802362498,1747.2539755572477,67.35441034909996,21.45572465696614,15.429668539876792,6.0260561170893485,1818.951771297292,1659.643004093333,19.24685893566169,0,1757.3103844107727,1774.8059969226017,53.76153142938188
2025-07-18,1847.5378636114824,1884.878498946972,1830.1421904877027,1857.3853759765625,166928,1763.1311577690972,1744.5090443004262,1720.0736987304688,1575.4365087890626,1785.270517085311,1757.2659210499123,69.85040185442409,27.64301178957976,17.872337189817387,9.770674599762373,1840.075790925168,1654.789919524051,20.78116036336016,0,1772.4816225333934,1772.4816225333934,53.55801285662585
2025-07-21,1857.3853044910088,1874.4810031630493,1820.5445455365152,1855.6357421875,55376,1782.2041558159722,1749.9531305486505,1731.2808935546875,1577.1964428710935,1799.3435621057488,1766.2086320624203,69.42106900383739,32.03600941982677,20.705071635819262,11.330937784007508,1857.5845791231031,1648.8032504667408,21.8860150866584,0,1772.4816225333934,1772.4816225333934,55.164744945260686
2025-07-22,1849.5373384855543,1882.829059394208,1844.938513295115,1867.5328369140625,69906,1802.4213189019097,1757.8102583451705,1741.5943139648436,1578.8380322265623,1812.981417067412,1775.4199234125697,70.73812954901223,36.06178994114384,23.77641529688418,12.285374644259662,1875.133634875619,1642.6413529173496,23.04374990006644,0,1776.8805006760736,1772.4816225333934,55.51823320238244
2025-07-23,1872.0316469386305,1892.026644502728,1831.941701230571,1840.4395751953125,74962,1817.500881618924,1762.3568503639915,1750.9229809570313,1580.5388568115234,1818.473048692992,1781.330800847364,63.979912453395535,36.64364508494077,26.3498612544955,10.293783830445271,1884.96883915112,1641.3990075285674,23.662273672556523,0,1788.202672737351,1776.0556953112714,56.635812477139424
2025-07-24,1840.4396539761024,1878.28016407798,1812.5466067722568,1829.04248046875,56568,1827.376193576389,1765.7832697088068,1755.9517236328124,1582.1322082519532,1820.586935048144,1785.66822626749,61.325682735350085,35.77275315291968,28.23443963418034,7.538313518739336,1892.0349589129887,1641.6010640362297,23.585351323418287,0,1805.5482800351544,1776.0556953112714,58.08187947662553
2025-07-25,1868.882428252643,1959.959618618475,1807.0979584137224,1822.9439697265625,1240016,1830.419881184896,1768.8938598632812,1759.400859375,1583.5562268066406,1821.058341983828,1789.0569302183148,59.89385280818762,34.19627282614283,29.42680627257284,4.769466553569991,1897.7629856714689,1642.7313136449377,24.83523045810144,0,1866.6330134550212,1810.022182369145,65.70139830172903
2025-07-28,1841.1894544730967,1914.521086294759,1829.2924060824205,1886.578125,551024,1842.1336263020837,1774.812832919034,1764.3066357421876,1585.138081665039,1834.1622985870624,1797.922493380286,68.2292710584876,37.64766646286057,31.070978310630387,6.576688152230183,1914.2849438454912,1639.8509570334152,25.995832511735795,0,1866.6330134550212,1810.022182369145,67.66876162407728
2025-07-29,1883.528793375957,1906.722942015629,1852.536546775822,1860.5345458984373,171536,1850.464870876736,1779.6388938210227,1767.8937377929688,1586.6428302001952,1839.4367480493372,1803.614498154664,62.50371885247901,37.845166090787416,32.42581586666179,5.419350224125623,1923.9220662911189,1642.680704704975,27.07353441868198,0,1872.756449887483,1810.022182369145,68.29003117917034
2025-07-30,1860.5346201474947,1935.815838709302,1860.5346201474947,1891.576904296875,299230,1856.8521728515625,1786.0668390447445,1771.6348046875,1588.4291339111328,1849.864779298845,1811.6110805312285,66.14995371030092,40.04493181293242,33.949639055915924,6.095292757016495,1937.0518359270625,1646.7966259870004,28.478620556729837,0,1883.5287885160988,1810.022182369145,70.71087017444565
2025-07-31,1860.5345826897733,1912.0217030597485,1853.736234485203,1883.12890625,120788,1859.7125651041667,1792.760614568537,1775.5158325195312,1590.1203356933593,1856.517604689076,1818.1127010511168,64.31694048571939,40.63812811215075,35.28733686716289,5.35079124498786,1945.5155972199912,1655.9684603971962,29.535871955154576,0,1883.5287885160988,1810.022182369145,67.56880772983187
2025-08-01,1907.0229265156115,1971.006919856109,1874.53105489739,1899.1248779296875,490926,1864.5446912977432,1800.9426546963778,1779.9387255859374,1591.9881182861327,1865.0390593371983,1825.477444403714,66.2253368690807,41.91580240522126,36.61302997477457,5.302772430446687,1953.9898907848053,1667.1242571644136,31.24983133073372,0,1889.052439134916,1815.545832987962,68.03297743844465
2025-08-04,1914.021191487232,2099.474798706287,1890.5771050509247,2043.138916015625,894174,1884.0564778645837,1816.2320168235085,1787.1779150390626,1594.5326068115237,1900.659030672884,1845.264850913888,77.75851790308084,53.927455645619375,40.07591510894353,13.851540536675842,1996.1675027020715,1658.6182272783974,33.82951725883703,0,1953.2863785600048,1879.779772413051,79.86572814973803
2025-08-05,2016.9954454831195,2024.0437311717249,1977.855212058724,1988.052734375,235822,1900.45793999566,1829.1969604492188,1792.8734936523438,1596.9882427978516,1918.1377714133075,1858.2455675921703,68.16956605637837,58.32939790370915,43.726611667896655,14.602786235812497,2011.758031923648,1673.4350955177586,36.224939906361534,0,1953.2863785600048,1879.779772413051,81.72955359122604
2025-08-06,1984.5035584996533,1995.250869962561,1929.5173138057085,1975.305908203125,158398,1916.7094319661455,1841.418906471946,1798.7580224609376,1599.3421539306642,1929.571398771271,1868.887416738621,66.13714954856634,60.09664974572456,47.00061928346224,13.096030462262329,2019.09922665244,1695.066654695216,37.07475524471515,0,1953.2863785600048,1879.779772413051,81.49746892062697
2025-08-07,1969.507412096321,2073.731344944565,1948.9125874234744,2056.735595703125,421976,1942.686279296875,1858.36239901456,1804.8055102539065,1602.1168353271485,1955.004238157642,1885.9645239172123,71.90062263122473,67.29220218894761,51.05893586455932,16.233266324388296,2043.3540282562317,1706.0130615875185,38.48411643034189,0,1964.3836023943536,1879.779772413051,86.5033581393285
2025-08-08,2053.486246540157,2074.930832577355,2009.497251969677,2054.135986328125,325962,1961.3038194444443,1875.115017977628,1810.4760888671876,1605.0665966796876,1974.8305877917387,1901.2528386818408,71.48234029122162,71.95550432749656,55.238249557146766,16.71725477034979,2064.686852357728,1716.077368833678,39.80128579358116,0,1976.0056727410545,1879.779772413051,87.3245812094102
2025-08-11,2056.185472323831,2099.4746897425284,2033.591150070748,2053.93603515625,249806,1982.792873806424,1890.9883145419035,1816.9094775390624,1608.226805419922,1990.6516772646407,1915.1331292704235,71.44791108925712,74.77313235592464,59.14522611690234,15.627906239022302,2086.106381569364,1720.4963650126674,41.200019144182185,0,1976.605516595745,1879.779772413051,89.32408075031644
2025-08-12,2050.487074285641,2056.98544872877,2022.494076684472,2046.6380615234373,93862,2000.0218912760415,1904.9189231178975,1822.5760620117187,1611.3601470947265,2001.8489541164004,1927.0881231116064,70.12040767843409,75.546385679786,62.425458029479074,13.120927650306925,2100.586646051925,1732.5644647879185,42.19095107705216,0,1976.605516595745,1879.779772413051,87.49596851975507
2025-08-13,2048.9873795705835,2072.4314654465134,1972.306612571388,1994.151123046875,183078,2012.357693142361,1913.946211381392,1827.4458447265624,1614.3726434326172,2000.3093879024957,1933.184759469358,61.29908450457509,71.1042912182445,64.16122466723216,6.943066551012336,2103.229514829137,1750.7813738427385,41.8218931980848,0,1987.0029268018384,1879.779772413051,89.95248963185522
2025-08-14,1994.1511344226508,2044.1386287202645,1979.754711656982,1998.10009765625,129938,2023.3549397786455,1923.8073785955253,1831.69078125,1617.4328771972655,1999.8675298532469,1939.0861538499844,61.68958709278797,67.12873038424345,64.75472581063443,2.374004573609028,2108.464035371332,1761.9477444138242,41.479196596186526,0,1995.0259518786056,1884.178650555731,83.63265083603594
2025-08-18,2041.989171076278,2049.487295327476,1939.5648426208247,1955.7607421875,129692,2013.6462537977432,1931.5440784801135,1834.752014160156,1620.4120068359375,1991.0461723200972,1940.602025517031,55.25236975940441,59.87147652665863,63.77807595383926,-3.9065994271806375,2109.625418991889,1770.6238974143605,40.20621059438103,0,2014.4960017741184,1891.9267498391305,84.94303198878272
2025-08-19,1944.7634746451567,2041.4892765584943,1944.713438334716,2020.0946044921875,137002,2017.2064615885415,1939.998779296875,1838.685029296875,1623.3620190429688,1996.855858754516,1947.8286236056813,61.77873572523911,58.63534384172658,62.749529531416734,-4.114185689690153,2116.541970129102,1780.1532325076168,39.02415216413306,0,2014.4960017741184,1909.2723571369336,87.98513505906637
2025-08-20,2029.4923332413448,2035.9907077073883,1980.5045872665537,1994.4510498046875,81368,2019.3336995442708,1946.2290371981533,1841.6962768554688,1625.8742657470702,1996.37489696455,1952.0670259874091,58.13882353700989,54.95301508111902,61.1902266413572,-6.23721156023818,2119.59442782754,1789.7925960982411,37.926526478902815,0,2019.5197661816765,1936.3906034989277,86.57119417549279
2025-08-21,2010.497061398024,2010.497061398024,1979.5548506165885,1998.75,44806,2012.8908555772568,1952.7342307350848,1844.919470214844,1628.5934606933597,1996.84991757164,1956.3109327158268,58.57941591458121,51.78469068219352,59.30911944952446,-7.524428767330946,2119.4175888188875,1805.8004775873624,36.8819447584811,0,2019.5197661816765,1936.3906034989277,84.6181043331278
2025-08-22,2016.449951171875,2016.449951171875,1936.5,1948.75,80964,2001.1813015407984,1956.425919966264,1847.1166723632807,1630.9345623779298,1987.229934057312,1955.6235751962065,51.75632365239588,44.72364232768291,56.39202402515616,-11.668381697473244,2112.5483046303875,1824.640513728988,34.82929156996394,0,2017.987344871264,1942.514039931389,83.4376819197818
2025-08-25,1955.0,2140.0,1955.0,2119.39990234375,2283556,2008.455064561632,1969.105934836648,1853.745615234375,1634.0380615234376,2013.6639277146,1970.5123322096192,66.21855145432505,52.29490842119799,55.57260090436452,-3.2776924831665326,2125.259875754299,1841.5745358667943,34.729571690121105,0,2038.25,1973.548979206861,82.1771323729702
2025-08-26,2124.39990234375,2320.0,2093.0,2227.449951171875,1435512,2028.5452745225691,1987.2153653231533,1862.2186401367187,1637.5774621582032,2056.421132406055,1993.870297569824,71.95182888773066,66.25023579789149,57.70812788306992,8.542107914821571,2172.0977287799087,1828.8238654583724,36.07125557122866,0,2128.25,2063.548979206861,93.7282963760487
2025-08-28,2220.199951171875,2220.199951171875,2109.5,2122.550048828125,358000,2042.8118218315967,2000.8338234641333,1868.421708984375,1639.9801409912109,2069.646915690469,2005.568456775124,61.10853218129501,68.060825028017,59.77866731205934,8.282157715957666,2180.152907028297,1846.9702375029533,37.31710488939997,0,2128.25,2063.548979206861,97.45803887712177
2025-08-29,2087.75,2166.5,2070.0,2110.64990234375,273456,2055.317355685764,2011.0189042524855,1874.475751953125,1642.297075805664,2077.847513021126,2015.121315463181,60.00379210586485,67.75445647135075,61.37382514391763,6.380631327433122,2186.0678413161586,1862.9626030197787,37.692170305026735,0,2128.25,2063.548979206861,95.43527048275811
2025-09-01,2106.949951171875,2264.35009765625,2094.300048828125,2248.39990234375,695146,2087.832817925347,2028.6491477272727,1884.7264331054687,1645.4404760742189,2111.957990885651,2036.3284597250508,67.35970137111691,77.7308975569099,64.64523962651609,13.085657930393808,2218.9572378525286,1866.600306092784,38.69602830095685,0,2128.25,2063.548979206861,102.9078753556472
2025-09-02,2247.5,2300.0,2210.800048828125,2267.25,339358,2115.294528537326,2045.72519753196,1896.1779125976564,1648.326714477539,2143.0163927085205,2057.3213270227734,68.22102065675205,86.1650868522836,68.94920907166959,17.215877780614008,2250.593876812061,1871.7761793402824,39.831546909944215,0,2128.25,2063.548979206861,104.57333331993968
2025-09-03,2237.5,2255.0,2187.550048828125,2204.0,192544,2138.5777452256943,2060.310247247869,1905.4496215820316,1651.0445416259763,2155.2131141668165,2070.655751838885,62.28213269585731,86.74554756116822,72.50847676956931,14.23707079159891,2268.799344593539,1869.656819957242,40.44656759742957,0,2128.25,2074.6462030412104,107.80251754333804
2025-09-04,2210.0,2263.800048828125,2170.800048828125,2219.5,146330,2163.105523003472,2074.87275279652,1914.766396484375,1653.838119506836,2168.070491333453,2084.187047126259,63.12921413463671,87.4482384577459,75.49642910720463,11.951809350541268,2287.2746528624134,1874.326238250868,40.70012650057322,0,2128.25,2086.268273387911,107.2935994808291
2025-09-05,2210.0,2215.800048828125,2129.5,2145.300048828125,112264,2184.9444173177085,2079.5164406516337,1922.582177734375,1656.2179577636718,2163.516402832388,2089.7427745537016,56.57853482894231,81.08313421249022,76.61377012826176,4.469364084228459,2291.439392175752,1887.1609130000295,40.17791824277587,0,2137.5,2086.8681172426013,109.12331969059464
2025-09-08,2137.5,2157.199951171875,2107.0,2117.25,94136,2184.7055392795137,2085.389043634588,1929.7999633789063,1658.984038696289,2154.26312226591,2092.243431412456,54.28527793964215,72.93459412279572,75.87793492716855,-2.9433408043728377,2294.224198861014,1890.4275467444552,39.29829651143491,0,2195.0,2086.8681172426013,104.85742672382489
2025-09-09,2115.89990234375,2202.0,2110.0,2169.10009765625,283798,2178.222222222222,2094.197870427912,1938.0947412109372,1661.7715551757813,2157.230517343978,2099.230401070982,57.69844817972854,69.85543695247634,74.67343533223011,-4.817998379753774,2301.9310528119486,1894.217103926333,38.90188134458243,0,2185.0,2097.265527448695,104.51629542212645
2025-09-10,2192.5,2289.199951171875,2149.60009765625,2237.5,508902,2190.994439019097,2102.414434259588,1947.8414990234376,1664.6740026855468,2173.2844138751825,2111.800364609984,61.7550852093628,72.10332098659956,74.159412463104,-2.0560914765044487,2319.1139732771767,1895.3905799454792,39.22487645497546,0,2185.0,2105.2885525254624,110.5244192131829
2025-09-11,2229.0,2300.0,2203.0,2254.550048828125,270974,2206.983344184028,2111.5241643732243,1958.215183105469,1667.7799206542968,2189.537540865771,2124.7776086298145,62.7149270489475,74.40291127897854,74.20811222627891,0.1947990526996221,2337.248819723067,1898.0469322300576,39.60201367243058,0,2197.1500244140625,2124.7586569028545,115.24283272879464
2025-09-12,2242.5,2249.5,2205.0,2214.64990234375,106490,2203.233344184028,2118.8293401544743,1968.12578125,1670.5822393798828,2194.560013161367,2132.9478171492638,58.98418591581608,72.17377049187235,73.8012438793976,-1.6274733875252565,2344.271705867068,1913.073924015745,39.952212517210334,0,2203.5,2124.7586569028545,113.0714111328125
2025-09-15,2212.699951171875,2222.800048828125,2168.550048828125,2185.10009765625,77266,2194.1055772569443,2125.1230690696025,1977.69232421875,1673.0636022949218,2192.668030060344,2137.688933558989,56.31245061040806,67.24755017941743,72.49050513940158,-5.2429549599841465,2345.858803991038,1930.1868258917743,39.55917593131801,0,2203.5,2128.25,103.2856968470982
2025-09-16,2185.10009765625,2242.800048828125,2172.89990234375,2187.39990234375,108042,2192.2611219618057,2133.9071044921875,1987.3838427734372,1675.345641479492,2191.614404517025,2142.208112539422,56.47768136541157,62.80508221533546,70.55342055458836,-7.748338339252896,2339.738155884256,1959.471390014182,39.37912697732836,0,2203.5,2128.25,92.06427873883928
2025-09-17,2197.5,2206.89990234375,2168.199951171875,2197.199951171875,52812,2189.7833387586807,2142.957097833807,1997.1993798828123,1677.6941766357422,2192.7315138479958,2147.207370596918,57.22017742027763,59.39055899084451,68.3208482418396,-8.930289250995088,2339.474690908753,1977.4453896576529,39.115073937942185,0,2203.5,2128.25,86.403564453125
2025-09-18,2214.25,2266.050048828125,2190.0,2204.5,173080,2196.3611111111118,2154.263427734375,2007.6098046875,1680.0006066894532,2195.085211078396,2152.415791451743,57.797741307126216,56.62088732272196,65.98085605801607,-9.359968735294116,2333.538270131883,2004.3867054540544,39.41318296379083,0,2203.5,2128.25,84.94285365513393
2025-09-19,2215.449951171875,2243.5,2102.0,2135.14990234375,245170,2198.3499891493057,2159.4932140003552,2016.6012353515623,1681.823446044922,2183.098149331467,2150.8461651691982,50.783372661657786,48.27346284295163,62.43937741500319,-14.165914572051555,2320.801826008591,2030.7631398117217,38.05965619368167,0,2201.0,2128.25,82.903564453125
2025-09-22,2144.949951171875,2168.0,2116.300048828125,2132.050048828125,97788,2194.2333170572915,2165.747713955966,2025.1477661132808,1683.5904211425782,2172.8885292307987,2149.137427320009,50.488422728937785,40.936051214045165,58.13871217481159,-17.202660960766423,2286.082339559825,2083.8126311433,36.802809907151726,0,2201.0,2128.25,80.22499302455357
2025-09-23,2132.5,2167.5,2115.75,2125.449951171875,61632,2181.7833116319443,2171.5068026455965,2032.853471679688,1685.1914294433593,2163.400813619014,2146.984020397452,49.82488301352552,34.19435566652237,53.34984087315375,-19.155485206631376,2285.592422302273,2084.907553283664,35.62581381335659,0,2201.0,2128.25,78.22856794084821
2025-09-24,2116.5,2118.199951171875,2023.9000244140625,2049.75,222588,2159.027750651041,2176.097711736505,2037.937456054688,1686.1906182861328,2140.670650895211,2138.1445639976832,42.866296878391374,22.48397865499146,47.17666842952129,-24.692689774529832,2291.3720068860803,2061.3579735826697,33.105772208127895,0,2144.9750366210938,2128.25,78.83927699497768
2025-09-25,2040.3499755859373,2183.5,2033.5999755859373,2123.5,609552,2148.8999837239585,2176.28407981179,2044.784367675781,1687.7707537841798,2137.2365207161693,2136.813239997894,50.16814627834076,18.93614505729647,41.528563755076334,-22.592418697779863,2291.3266709489294,2061.4983046370085,31.549541492587664,0,2144.9750366210938,2128.25,83.11785016741074
2025-09-26,2118.89990234375,2138.0,2050.5,2078.449951171875,313756,2137.0499674479165,2169.5113525390625,2050.642299804688,1688.968303833008,2125.47920680731,2131.507486468256,46.27744575974936,12.34697073597772,35.692245151256614,-23.34527441527889,2294.4028151528805,2055.202165315869,30.104470113871734,0,2144.9750366210938,2128.25,85.78213936941965
2025-09-29,2056.0,2067.949951171875,2015.0,2024.5999755859373,168050,2118.961086697049,2165.0590764825997,2054.452475585937,1689.7800079345702,2105.303360563036,2121.7886218425906,42.0767883781051,2.7480814547443515,29.10341241195416,-26.35533095720981,2295.4696934880244,2031.7552943049448,28.219680185386224,0,2140.5250244140625,2128.25,83.74285016741074
2025-09-30,2025.949951171875,2070.5,1991.4000244140625,2007.8499755859373,143210,2097.922200520833,2160.3863525390625,2057.461767578125,1690.3296313476562,2085.812683567616,2111.4305630919857,40.83514752632479,-6.139915349124749,22.05474685973838,-28.19466220886313,2290.372936900497,2010.912048451066,26.2837415973408,0,2128.7250366210938,2137.5,79.4214303152902
2025-10-01,2010.0,2024.0,1969.5,1986.75,92130,2073.7277560763887,2148.493175159801,2060.084052734375,1690.678653564453,2066.000146854093,2100.09596644726,39.263363973160565,-14.716663998907734,14.700464688009156,-29.41712868691689,2294.96794893528,1984.5920364162828,24.800419441969566,0,2106.5,2144.75,76.3857160295759
2025-10-03,1994.9000244140625,2019.449951171875,1953.0,1964.0,141144,2054.7111002604165,2134.70908425071,2062.013395996093,1690.9621643066407,2045.6001174832743,2087.723605861145,37.583626443422894,-23.083442411143096,7.143683268178705,-30.2271256793218,2296.0113750873866,1957.9986102641756,23.65825044166607,0,2068.25,2126.5,77.59285191127233
2025-10-06,1978.0,2022.5,1958.6500244140625,2009.4000244140625,126974,2041.083319769965,2125.8636308149858,2065.3926049804686,1691.427936401367,2038.360098869432,2080.603280275047,42.8391054449843,-25.75389714084804,0.5641671863733562,-26.3180643272214,2296.8736777744507,1943.5463051357056,22.544114690346504,0,2068.25,2126.5,78.27856445312501
2025-10-07,2024.9000244140625,2024.9000244140625,1990.5,2004.949951171875,44360,2027.6944308810764,2116.1113558682528,2068.910754394531,1692.062160644531,2031.6780693299208,2073.725704902032,42.46170108106856,-27.907633644798807,-5.130192979861077,-22.77744066493773,2298.639220592069,1930.5507574352744,21.464755312011185,0,2068.25,2126.5,75.7428414481027
2025-10-08,2021.699951171875,2055.0,1993.25,2030.5,84780,2025.5555419921875,2110.8931718306108,2073.061875,1692.8671240234376,2031.4424554639368,2069.796095365483,45.43403516656312,-27.23881779528256,-9.551917942945373,-17.686899852337184,2293.4968192867323,1921.833148974987,19.95851668412242,0,2068.25,2126.5,77.38927350725449
2025-10-09,2040.5,2040.5,1967.5,1984.5,55516,2010.1110975477432,2104.85908092152,2075.0203125,1693.4449615478516,2022.0539643711493,2062.041904877712,41.29768677977124,-30.073918565088437,-13.656318067373986,-16.417600497714446,2278.0571242417973,1911.9728440199212,18.956029107198606,0,2045.5,2126.5,77.17141287667413
2025-10-10,2002.0,2048.85009765625,1976.5999755859373,2042.050048828125,95750,2006.0666639539927,2099.08407870206,2078.6506225585936,1694.6350933837891,2026.0531812625447,2060.224463418658,47.71147663183212,-27.361541557250348,-16.39736276534926,-10.964178791901087,2252.501509783217,1916.2784584785015,17.862844596303333,0,2011.75,2126.5,72.2249930245536
2025-10-13,2026.449951171875,2089.5,2005.5,2072.199951171875,99668,2011.3555501302085,2091.5704401189632,2082.2630834960937,1695.9686016845703,2035.2825352444108,2061.313144123496,50.7475498947472,-22.51952700166794,-17.621795612613,-4.89773138905494,2233.814708439256,1920.720264705276,17.07458210100821,0,2021.25,2126.5,74.53213936941968
2025-10-14,2087.5,2087.5,2012.5,2015.5,72320,2012.2055528428816,2080.7045288085938,2084.9105053710937,1696.9839935302734,2031.3260281955288,2057.1483128395416,45.40783439856316,-22.99236609574359,-18.69590970923912,-4.296456386504474,2218.9856286615604,1918.589334717346,16.34262406966274,0,2021.25,2126.5,76.19285365513396
2025-10-15,2018.9000244140625,2079.050048828125,1996.800048828125,2042.699951171875,63426,2018.4222140842012,2072.8886219371448,2087.7820068359374,1698.3197143554687,2033.6008127907976,2055.8348254152083,48.22242275687852,-20.931006134704603,-19.142928994332216,-1.788077140372387,2201.268206828498,1921.8367614332203,15.332384081271709,0,2021.25,2126.5,74.81428745814735
2025-10-16,2050.0,2065.25,2029.4000244140625,2056.0,51544,2028.644436306424,2067.0204356800427,2088.039228515625,1699.4767462158204,2038.0806502326384,2055.849841286553,49.59097891304348,-18.016477983672985,-18.91763879220037,0.9011608085273864,2178.7638522093644,1930.2211209351667,14.394304092051463,0,2024.0750122070312,2126.5,66.66785539899556
2025-10-17,2050.5,2086.300048828125,2028.800048828125,2034.8499755859373,52524,2031.4722086588545,2060.086348100142,2088.975173339844,1700.8971862792969,2037.4345153032984,2053.940762586497,47.443447817522575,-17.21488120340382,-18.577087274441062,1.3622060710372423,2148.4029704331506,1943.6170002699744,13.96411806265966,0,2028.5,2126.5,64.5249982561384
2025-10-20,2087.0,2196.5,2076.949951171875,2157.199951171875,867156,2048.388875325521,2058.26816628196,2092.613054199219,1702.976864013672,2061.3876024770134,2063.327961548804,58.60981378634943,-6.630556543022067,-16.187781128157265,9.5572245851352,2153.9261569223595,1940.298818663578,15.282282198914658,0,2082.0,2109.5250244140625,71.53928920200896
2025-10-21,2179.5,2263.5,2167.949951171875,2219.89990234375,103852,2069.433308919271,2058.96816184304,2095.8763403320318,1705.4109063720705,2093.090062450361,2077.5617743483444,62.95369452327604,6.73927291734708,-11.602370319056396,18.34164323640348,2178.368961587859,1924.640999349641,17.214138407426393,0,2115.5,2109.5250244140625,73.48215157645093
2025-10-23,2219.89990234375,2227.5,2152.699951171875,2171.89990234375,256094,2090.255520290799,2060.6386163884945,2098.231618652344,1707.4793548583984,2108.852030429039,2086.1379678024723,57.94042655583961,13.308349868720596,-6.620226281500997,19.928576150221595,2187.887896239596,1919.767059815092,18.6552722046312,0,2120.0499877929688,2109.5250244140625,74.93215506417414
2025-10-24,2194.5,2260.0,2150.5,2223.300048828125,211992,2110.3944091796875,2064.786343661221,2101.618898925781,1709.8289233398436,2131.7416341088565,2098.607247895713,61.478081029809175,22.40369705879266,-0.8154416134422666,23.219138672234926,2216.4470578722903,1908.5629030652096,20.32332138677221,0,2130.1500244140625,2109.5250244140625,78.00715855189735
2025-10-27,2278.89990234375,2415.0,2254.5,2393.64990234375,4640842,2146.111070421007,2076.9772505326705,2108.559135742188,1713.3267919921875,2184.123287755835,2125.4293073909894,70.37234349110852,42.86353064133437,7.920352837513059,34.94317780382131,2288.691523902965,1863.3334272689096,23.01029627084897,0,2205.9000244140625,2184.0,87.1392996651786
2025-10-28,2349.550048828125,2393.5,2342.0,2358.699951171875,262534,2184.244398328993,2091.020430131392,2115.850112304688,1716.6459112548828,2219.038620439044,2146.6357295528883,66.95660252339033,55.616811210625656,17.45964451213558,38.15716669849007,2337.467922974173,1842.5820281977024,25.50534437749167,0,2205.9000244140625,2184.0,88.37143380301343
2025-10-29,2357.300048828125,2357.300048828125,2246.25,2319.800048828125,363638,2215.033298068576,2099.9431596235795,2122.284111328125,1719.9082470703124,2239.19090611686,2162.377940396092,63.27528205464914,61.8717617692796,26.342067963564386,35.52969380571522,2370.3497428841347,1839.220215611959,25.96677382230239,0,2221.9000244140625,2184.0,91.99285888671878
2025-10-30,2315.0,2374.949951171875,2314.949951171875,2360.64990234375,256706,2248.883287217882,2112.770430131392,2130.38189453125,1723.5402905273438,2263.482705362238,2180.402664209515,65.42508201816176,69.3259505299352,34.93884447683855,34.38710605309665,2407.062929198283,1837.7870219735917,26.54888564921337,0,2221.9000244140625,2184.0,91.06428745814736
2025-10-31,2353.949951171875,2414.300048828125,2347.64990234375,2363.800048828125,236012,2285.433295355903,2128.188615278764,2137.2560034179687,1727.186460571289,2283.546174055416,2197.0751537202977,65.59235257041472,74.62738132373352,42.876551846217545,31.75082947751597,2437.778129323452,1844.7768267312365,27.42144172315316,0,2245.974975585937,2184.0,90.66428920200894
2025-11-03,2370.0,2412.0,2349.300048828125,2366.5,227486,2308.6888563368057,2144.490889115767,2144.696982421875,1731.0128381347656,2300.136939244333,2212.477412472998,65.74531618567514,78.1458502006908,49.9304115171122,28.215438683578604,2461.8521724691445,1860.952783585544,28.2316723632401,0,2282.75,2184.0,89.14285714285715
2025-11-04,2378.949951171875,2433.949951171875,2352.5,2369.199951171875,421990,2325.277750651041,2161.874977805397,2152.1059814453124,1734.8898315429688,2313.949541629841,2226.724915991077,65.90853248994766,80.22731508152538,55.98979222999483,24.237522851530542,2484.570536039454,1874.2144126910143,29.174956210983108,0,2292.224975585937,2193.474975585937,89.60356794084824
2025-11-06,2384.0,2392.5,2277.10009765625,2284.949951171875,164812,2337.8388671875,2176.463611949574,2158.82998046875,1738.2794659423828,2308.149623538248,2232.018101007513,56.81188331409267,74.2230232920765,59.63643844241117,14.586584849665336,2490.457776885202,1896.3271718452663,28.646301568170603,0,2292.224975585937,2193.474975585937,91.97141810825894
2025-11-07,2290.0,2290.0,2126.0,2139.75,308016,2328.55552842882,2182.388610839844,2159.236982421875,1740.8127587890624,2274.469698830598,2223.630091825012,45.226423112383145,57.09005757105297,59.12716226813953,-2.037104697086562,2487.1982639359803,1910.511684794488,27.05234366487621,0,2279.974975585937,2193.474975585937,101.124991280692
2025-11-10,2139.75,2192.25,2128.75,2181.699951171875,172574,2305.0055338541665,2190.4227017489347,2158.321982421875,1743.7163861083984,2255.915749298854,2219.818260856545,48.49439469564597,46.36262973414932,56.57425576134149,-10.211626027192167,2479.124271355482,1938.3056724921744,25.572239897531425,0,2279.974975585937,2193.474975585937,101.5535627092634
2025-11-11,2177.5,2240.0,2158.0,2170.85009765625,217822,2284.1333279079863,2196.8022516424007,2159.287983398437,1746.4641650390624,2238.902618970333,2215.366609656518,47.70167814601698,36.5640853679879,52.57222168267077,-16.008136314682872,2474.771180280085,1955.5387684503837,23.88578329772453,0,2279.974975585937,2193.474975585937,95.86427525111608
2025-11-12,2188.050048828125,2275.5,2180.35009765625,2243.75,393480,2275.6833224826387,2208.5863425514917,2161.949985351562,1749.576567993164,2239.8720951762666,2217.9469178695617,53.23328154249943,34.28585523539141,48.9149483932149,-14.62909315782349,2474.651962382098,1972.8129912311829,22.731354315854883,0,2279.974975585937,2196.2999877929688,95.74640764508928
2025-11-13,2254.5,2285.60009765625,2213.699951171875,2223.39990234375,163384,2260.4333224826387,2216.8295177112927,2161.449985351562,1752.807415161133,2236.5776566097634,2218.442643730852,51.59278072347782,30.486825486728776,45.22932381191768,-14.742498325188905,2465.1622252384327,2003.0927186092235,21.77597568375217,0,2279.974975585937,2200.724975585937,95.53927176339286
2025-11-14,2234.5,2238.0,2187.10009765625,2200.300048828125,85180,2242.266655815972,2222.6522494229403,2160.110986328125,1755.8679022216795,2229.322135053436,2216.7933169215125,49.7197306347092,25.32022610990134,41.247504271514416,-15.927278161613074,2455.647080467577,2028.3678731457044,20.51567639251784,0,2279.974975585937,2200.724975585937,91.35355050223214
2025-11-17,2200.300048828125,2292.35009765625,2200.300048828125,2282.550048828125,184536,2232.938883463541,2234.7908880060368,2161.6819873046875,1759.6124456787109,2239.967717808374,2222.771201640295,55.86393223763744,27.54502459119112,38.50700833544976,-10.96198374425864,2448.6903120115185,2057.979646484575,19.996764727691392,0,2279.974975585937,2200.724975585937,84.23570033482143
2025-11-18,2285.0,2288.949951171875,2222.5,2225.949951171875,84700,2217.022216796875,2243.1204334605823,2161.810986328125,1763.2545684814454,2237.1641644810743,2223.060178870439,51.22502196644029,24.45908940490881,35.69742454934158,-11.238335144432767,2429.885651838251,2095.8943042164365,19.514918181781123,0,2259.25,2205.2749633789062,85.2928466796875
2025-11-19,2229.5,2270.199951171875,2205.14990234375,2212.699951171875,136976,2208.994439019097,2250.2431585138493,2163.158984375,1766.8678070068358,2232.271321819235,2222.118339988752,50.17462848826258,20.70561779850641,32.699063199174546,-11.993445400668136,2427.014895978784,2104.315060075904,18.79229966670713,0,2209.175048828125,2215.375,81.90713936941964
2025-11-20,2234.699951171875,2310.0,2213.10009765625,2297.85009765625,169486,2226.5611165364585,2262.197709517045,2166.770986328125,1770.5263916015624,2245.387076986638,2229.0030452312512,56.36677696978125,24.321506512488668,31.02355186183737,-6.702045349348705,2430.0211456818874,2109.1038299040497,18.62300124000773,0,2219.375,2215.375,84.57142857142857
2025-11-21,2279.10009765625,2289.0,2219.050048828125,2228.550048828125,282046,2231.7666829427085,2265.4408957741475,2167.9599853515624,1774.1610198974608,2242.019671354936,2228.961863740058,50.83015266591911,21.349090566926407,29.08865960285518,-7.739569035928774,2427.505642777136,2117.284347457239,18.465795558072585,0,2234.0,2215.375,85.43927873883929
2025-11-24,2231.85009765625,2277.300048828125,2200.0,2259.5,118896,2241.6166720920137,2267.240900213068,2168.3999853515625,1777.8150573730468,2245.515737083949,2231.738057945507,53.04827022588796,21.245922149591024,27.52011211220235,-6.274189962611327,2427.7403012552227,2120.66968409634,17.976711568907756,0,2245.175048828125,2231.375,86.48214285714286
2025-11-25,2250.800048828125,2257.550048828125,2202.0,2214.10009765625,81656,2238.322238498264,2269.159090909091,2167.590986328125,1780.8843090820312,2239.232609198409,2230.13460701012,49.51936191993619,17.301328790642856,25.47635544789045,-8.1750266572476,2410.109151055445,2120.345853827367,17.522562150397555,0,2248.550048828125,2231.375,84.77143205915179
2025-11-26,2239.14990234375,2239.14990234375,2193.64990234375,2214.39990234375,90520,2237.322238498264,2268.754538796165,2167.585986328125,1783.9274420166016,2234.2660678274774,2228.704179313177,49.54323215838287,14.03758532163056,23.18860142263848,-9.15101610100792,2397.568946647947,2118.4560533520525,16.937064346146084,0,2248.550048828125,2255.449951171875,79.77858189174107
2025-11-27,2229.5,2256.0,2216.35009765625,2245.199951171875,63876,2242.3111165364585,2262.006813742897,2168.787983398437,1787.1653149414062,2236.452844496357,2230.203794936695,52.05166853404793,13.777532819985936,21.30638770210797,-7.528854882122033,2390.8411079763014,2117.723882258073,16.670181513616175,0,2251.824951171875,2279.974975585937,71.03573172433036
2025-11-28,2245.199951171875,2307.0,2228.64990234375,2275.35009765625,151876,2241.5111219618057,2258.218184037642,2170.546987304688,1790.2966284179688,2244.232295128336,2234.308004274836,54.43945391366657,15.821918951980932,20.209493952082564,-4.387575000101631,2377.623168646061,2122.411841119564,17.180418830320065,0,2251.824951171875,2279.974975585937,72.09645298549107
2025-12-01,2280.0,2355.5,2261.85009765625,2344.89990234375,291514,2254.727783203125,2259.3590864701705,2173.500986328125,1794.0718664550782,2264.3658165714187,2244.361813190192,59.45532930424985,22.791471777453356,20.725889517156723,2.0655822602966296,2373.367195781972,2124.777799335215,18.25980652934001,0,2274.574951171875,2279.974975585937,72.9285888671875
2025-12-02,2328.5,2407.5,2328.5,2397.39990234375,434778,2275.25,2261.029541015625,2177.358984375,1798.0734887695312,2290.9726337258853,2258.274366749606,62.7858630717682,32.180249953792554,23.016761604483893,9.16348834930866,2381.6439082632087,2119.591077088354,19.81276754822598,0,2300.574951171875,2279.974975585937,71.09645298549107
2025-12-03,2397.39990234375,2479.5,2343.39990234375,2455.699951171875,633506,2292.788872612847,2265.206809303977,2183.7699853515624,1802.484331665039,2323.9180972150834,2276.2221471516305,66.1146523778422,43.82011994201321,27.17743327198976,16.64268667002345,2406.544832841616,2103.340152509946,21.876820879440988,0,2336.574951171875,2302.75,75.68216378348214
2025-12-04,2452.5,2462.199951171875,2414.5,2448.300048828125,167930,2317.2055392795137,2268.9249933416195,2190.0949853515626,1807.1317321777344,2348.794487537692,2291.865592758584,65.31603288082607,51.84999601428581,32.111945820448966,19.73805019383684,2437.419501221019,2088.800493896169,23.793441829854924,0,2336.574951171875,2302.75,75.45359584263393
2025-12-05,2440.10009765625,2440.10009765625,2399.85009765625,2416.10009765625,89902,2334.6055501302085,2271.056818181818,2195.90798828125,1811.4806671142576,2362.255609561404,2303.159638658372,61.81687800194026,54.98166924222187,36.685890504803545,18.295778737418324,2453.8561990367766,2099.998805846036,25.22140187375657,0,2336.574951171875,2302.75,72.33930315290179
2025-12-08,2408.5,2408.5,2333.0,2380.14990234375,195452,2353.05552842882,2275.3840886896305,2202.515986328125,1815.6844671630856,2365.8344681178733,2310.1587535388608,58.07602231547408,53.940865800521806,40.1368855639472,13.803980236574604,2463.550957993263,2110.1490420067366,25.10992186080092,0,2336.574951171875,2302.75,73.52859933035714
2025-12-09,2384.300048828125,2384.300048828125,2237.5,2249.449951171875,451632,2356.9499782986118,2280.370450106534,2205.0349853515627,1819.1834051513672,2342.5575647286737,2304.639771505498,46.951689661331855,42.08450385612832,40.52640922238343,1.5580946337448935,2459.953976677741,2121.606008673821,23.441445109841197,0,2347.925048828125,2302.75,79.36788504464286
2025-12-10,2252.5,2270.0,2195.0,2206.949951171875,201054,2352.6999782986118,2281.518177379261,2207.6049853515624,1822.7207806396484,2315.436042017314,2295.758878747896,44.000272119153976,28.92542251671921,38.20621188125058,-9.280789364531373,2461.0428778015007,2116.837102667249,22.21080286154109,0,2337.25,2302.75,77.7750244140625
2025-12-11,2200.0,2251.449951171875,2162.5,2220.949951171875,188500,2346.655517578125,2283.795443448153,2211.531984863281,1826.2576739501956,2296.5388238482265,2288.958067150076,45.22182088440187,19.40277562667825,34.44552463033612,-15.042749003657867,2461.120170509052,2116.5148148425105,21.473706913572887,0,2321.0,2302.75,78.50001743861607
2025-12-12,2220.0,2285.949951171875,2206.64990234375,2246.25,122250,2335.6944173177085,2283.90907981179,2216.2999853515626,1829.709744873047,2286.481059078581,2285.075515590978,47.45258798622361,13.739135654938764,30.30424683525665,-16.565111180317885,2459.6317983369904,2122.59818213176,20.271834538607436,0,2321.0,2302.75,78.64287458147321
2025-12-15,2255.449951171875,2337.0,2231.64990234375,2325.199951171875,129798,2327.672200520833,2288.5363547585225,2223.068984375,1833.536195678711,2294.22483749724,2288.7231915528773,53.778278570469055,15.443241347145433,27.33204573763441,-11.888804390488977,2462.386213864745,2124.10875683838,19.190920396258317,0,2321.0,2304.125,82.06073869977679
2025-12-16,2320.5,2320.5,2225.5,2233.949951171875,133950,2303.0333116319443,2290.0658957741475,2228.4679833984374,1836.9105206298827,2282.169860232167,2283.743806063695,46.77030428703118,9.32317325588656,23.73027124128484,-14.40709798539828,2462.152746551725,2125.1422241514,18.09719105871302,0,2312.349975585937,2318.75,85.93216378348214
2025-12-17,2256.0,2320.10009765625,2211.5,2229.199951171875,285068,2278.6888563368057,2287.6408913352275,2232.863981933593,1840.3700677490235,2271.575878420109,2278.7852738008023,46.43111654384575,4.043083745574222,19.792833742142715,-15.749749996568491,2461.463804615209,2127.4811660879163,16.86975728033668,0,2301.300048828125,2321.0,90.71787806919644
2025-12-18,2233.25,2256.89990234375,2215.0,2234.10009765625,53460,2258.4666341145835,2288.0113525390625,2237.446984863281,1843.994331054688,2264.080722267337,2274.7229850603885,46.85926819420988,0.2510813274666361,15.8844832592075,-15.633401931740863,2460.424723392014,2122.1452473111112,15.72999734327294,0,2285.5,2321.0,88.11429268973214
2025-12-19,2248.449951171875,2277.5,2225.0,2262.25,91122,2245.366644965278,2290.2636274857955,2242.0819848632814,1847.9300512695315,2263.71457781387,2273.589077327626,49.3630972492769,-0.4771458083291691,12.612157445700168,-13.089303254029335,2460.138203230559,2125.8017625897537,15.000443312995085,0,2273.4000244140625,2321.0,85.17501395089286
2025-12-22,2272.5,2335.0,2262.75,2329.39990234375,143258,2254.249972873264,2291.697709517045,2248.979982910156,1852.4940728759768,2276.851642719846,2278.662788692728,54.83043864536417,4.31443079142673,10.95261211484548,-6.638181323418751,2463.60964616387,2129.320309890818,15.149951494101046,0,2249.75,2321.0,84.72858537946429
2025-12-23,2331.949951171875,2415.0,2290.5,2392.949951171875,163972,2274.9166395399307,2299.1704323508525,2255.997980957032,1857.904087524414,2300.071304410252,2289.052530736287,59.30829477388015,13.088867284175194,11.379863148711424,1.7090041354637702,2473.134302771636,2137.680638634614,16.20735676752493,0,2288.75,2321.0,83.90000697544643
2025-12-24,2392.949951171875,2412.5,2368.199951171875,2393.35009765625,107688,2294.072211371528,2305.2545276988635,2262.4209838867187,1863.203381347656,2318.727063059452,2298.5341277290104,59.33563021641254,19.84618542643057,13.073127604255252,6.773057822175312,2480.7272630453917,2147.9826978921087,17.18923309284711,0,2310.824951171875,2321.0,83.65715680803571
2025-12-26,2391.5,2391.5,2334.949951171875,2340.699951171875,42918,2304.566650390625,2311.0090664950285,2268.9249829101564,1868.1768145751955,2323.121640681936,2302.3673844056343,54.17845272186671,20.71420151147913,14.601342385700027,6.112859125779103,2482.601770953685,2155.6581899838147,17.45521571803279,0,2313.25,2321.0,84.36788504464286
2025-12-29,2340.5,2345.0,2276.800048828125,2296.39990234375,117086,2301.366644965278,2314.736339222301,2273.9989819335938,1872.691932373047,2317.777293014299,2301.824886036372,50.22306520366741,17.624304788273548,15.205934866214731,2.4183699220588157,2482.735910304279,2157.629031101971,16.701680248419738,0,2313.25,2321.0,83.3035888671875
2025-12-30,2306.949951171875,2319.25,2217.5,2236.35009765625,165386,2301.6333279079863,2314.334073153409,2277.6059838867186,1876.892678833008,2301.491853942689,2295.87263254727,45.38605550283818,10.21230094415796,14.20720808180338,-3.99490713764542,2481.03942971361,2148.4705312238902,15.877291486913714,0,2313.25,2321.0,80.08572823660714
2025-12-31,2253.25,2359.699951171875,2240.050048828125,2347.64990234375,138356,2314.79443359375,2317.620427911932,2283.861982421875,1881.8906146240236,2310.723463622902,2300.5796570742227,54.192112530898505,13.167412825473091,13.999249030537325,-0.8318362050642296,2474.7923614378547,2149.742599499645,14.949705715912712,0,2315.0,2321.0,83.53928920200893
2026-01-01,2344.0,2427.699951171875,2321.949951171875,2410.85009765625,220104,2334.4333224826387,2320.6181640625,2288.9349853515623,1887.4659857177733,2330.748790429572,2310.6042425816795,58.30348142623309,20.37422645740935,15.274244515911729,5.099981941497621,2465.292623440595,2154.7573521453423,14.932775599022836,0,2322.599975585937,2321.0,84.73929268973214
2026-01-02,2407.5,2407.5,2353.10009765625,2360.75,59332,2345.3777669270835,2318.9522594105115,2291.751987304688,1892.7332458496091,2336.7490323436573,2315.162947801527,54.15410886150041,21.791816510337867,16.57775891479696,5.214057595540908,2448.978510042297,2162.316460660828,14.917054776196522,0,2322.599975585937,2321.0,83.20000348772321
2026-01-05,2360.75,2413.300048828125,2345.949951171875,2387.5,114812,2351.833333333333,2315.8522616299715,2296.0639892578124,1898.369447631836,2346.899225874926,2321.7390434559334,55.95646260406917,24.788027332315323,18.219812598300635,6.568214734014688,2443.419812455268,2165.0151484822327,14.782596435133224,0,2322.599975585937,2321.0,80.4857177734375
2026-01-06,2405.35009765625,2472.949951171875,2382.35009765625,2401.300048828125,211266,2352.7611219618057,2313.715897993608,2299.6239892578124,1904.097643432617,2357.779390465565,2328.9718621261327,56.89787479519321,27.95385990753448,20.166622060147404,7.787237847387075,2447.200876383077,2163.3490992028605,15.379290097603873,0,2345.224975585937,2321.0,79.83571079799107
2026-01-07,2391.300048828125,2420.0,2370.14990234375,2386.050048828125,54014,2351.950005425347,2312.3499866832385,2299.4719921875,1909.7495892333984,2363.433522138077,2334.1607881899504,55.4864476968825,28.89912634216444,21.91312291655081,6.9860034256136245,2455.8549555938084,2168.3550297577544,15.713943427673293,0,2345.224975585937,2321.0,75.6392822265625
2026-01-08,2389.64990234375,2395.0,2358.64990234375,2375.699951171875,67158,2355.8388943142363,2312.147716175426,2299.8119921875,1915.1684552001952,2365.886807944837,2337.937075733762,54.49833846925056,28.48473611361669,23.22744555596399,5.257290557652702,2457.97546512522,2183.109520226343,15.812877413877652,0,2345.224975585937,2321.0,75.24286760602679
2026-01-09,2393.60009765625,2394.449951171875,2275.60009765625,2299.25,98544,2356.155571831597,2314.4113547585225,2299.4009912109377,1920.1143438720703,2352.5594463558696,2334.4200688488745,47.73621000579299,21.736887423822736,22.929333929535737,-1.1924465057130007,2454.190261047923,2194.7247291864524,14.809793215814732,0,2345.224975585937,2317.724975585937,79.98214285714286
2026-01-12,2302.449951171875,2325.25,2262.050048828125,2298.199951171875,95748,2363.027777777778,2318.55908203125,2298.1519921875,1924.7338122558597,2341.6875473190707,2331.1273308782384,47.64875821490183,16.118632989132948,21.56719374145518,-5.4485607523222335,2452.193578244684,2201.9164071068785,14.071540684642438,0,2356.5,2317.724975585937,79.29999651227679
2026-01-13,2284.199951171875,2325.0,2277.5,2297.10009765625,44934,2357.4111328125,2322.0204523259945,2296.8179931640625,1929.3255377197263,2332.770057386507,2328.0339460398754,47.55049615566846,11.445440966529532,19.54284318647005,-8.097402219940523,2451.5052100919747,2199.794789908025,13.386020477125308,0,2367.5,2317.724975585937,73.79999651227679
2026-01-14,2295.14990234375,2333.949951171875,2285.75,2301.300048828125,76536,2345.2389051649307,2324.5227272727275,2295.513994140625,1933.9097692871092,2326.4760556748306,2325.603591747898,47.99156072557635,7.98871464952208,17.23201747908046,-9.24330282955838,2447.9557953344743,2210.0792144311504,12.59532544076576,0,2367.5,2317.724975585937,74.07856096540179
2026-01-15,2301.300048828125,2301.300048828125,2301.300048828125,2301.300048828125,0,2338.633355034722,2323.436368075284,2294.15599609375,1938.5613598632813,2321.4408543054897,2323.394178755191,47.99156072557635,5.189413806858283,14.823496744636026,-9.634082937777745,2442.8756133917186,2222.369406139532,11.861108621289036,0,2367.5,2317.724975585937,69.90712193080357
2026-01-16,2301.300048828125,2359.89990234375,2286.300048828125,2315.550048828125,91366,2330.638916015625,2327.1454634232955,2294.767998046875,1943.232963256836,2320.262693210017,2322.681076034549,49.65741233733527,4.07384290383834,12.673565976476487,-8.599723072638149,2437.212506286184,2236.1775083622533,11.839317351078076,0,2367.5,2317.724975585937,70.29282924107143
2026-01-19,2315.550048828125,2326.449951171875,2222.0,2229.64990234375,114778,2311.5666775173613,2327.16591574929,2296.56599609375,1947.44044921875,2302.140135036764,2314.2236966081123,41.1093639319266,-3.6990387813707457,9.399045024907045,-13.098083806277788,2441.5458909216927,2228.58411396112,11.268569540942558,0,2321.0,2339.7999267578125,70.48568289620536
2026-01-20,2231.5,2262.5,2148.5,2172.5,98064,2287.8388943142363,2324.365911310369,2296.3819970703125,1951.460660400391,2276.212108029411,2301.339724189193,36.59579253498704,-14.305715630179748,4.658092893889685,-18.96380852406943,2456.2004308463484,2198.2395838020893,11.736450054003038,0,2271.75,2310.724975585937,69.81783621651786
2026-01-21,2150.0,2166.10009765625,2075.5,2100.050048828125,116194,2257.211127387153,2316.9931862571025,2294.96599609375,1955.0991271972655,2240.979696189154,2283.0406627927323,31.825336940174125,-28.232245270391104,-1.9199747389664736,-26.31227053142463,2472.8491245941377,2152.300899819925,12.96044937960151,0,2234.974975585937,2274.224975585937,69.19283621651786
2026-01-22,2171.5,2245.0,2160.0,2173.949951171875,464712,2243.2888997395835,2309.927279385653,2293.569995117188,1959.0172406005856,2227.5737471856983,2273.123325372654,40.36464980142686,-32.92646009760347,-8.121271810693873,-24.805188286909598,2468.497645845615,2134.71236392001,12.850975935064824,0,2217.699951171875,2274.224975585937,75.42140415736607
2026-01-23,2197.5,2199.5,2142.550048828125,2161.949951171875,77624,2228.1500108506943,2299.427279385653,2292.34099609375,1963.2195184326167,2214.448987982934,2263.016654990765,39.49945657463545,-37.18629837991966,-13.934277124539031,-23.252021255380637,2469.588552223424,2115.746457542201,12.946924421097028,0,2217.699951171875,2274.224975585937,74.67853655133929
2026-01-27,2164.949951171875,2232.5,2102.39990234375,2204.85009765625,147268,2217.9000108506943,2290.8590975674715,2292.4319970703127,1968.0034552001955,2212.529209917597,2257.7287861421723,44.111531394606914,-36.67776912793943,-18.48297552521911,-18.19479360272032,2469.290060307049,2106.889968989826,13.476285078053492,0,2217.699951171875,2274.224975585937,77.49998256138393
2026-01-28,2205.0,2258.5,2189.75,2211.35009765625,101632,2207.905571831597,2284.979558771307,2291.007998046875,1972.806395263672,2212.293387465328,2253.512541734361,44.79817248497043,-35.34284998034309,-21.85495041624391,-13.48789956409918,2469.87850036077,2103.8015289361047,13.557710007343882,0,2217.699951171875,2274.224975585937,78.8499755859375
2026-01-29,2211.0,2409.5,2187.5,2341.300048828125,952360,2212.350016276041,2287.0204745205965,2293.315,1978.479279785156,2238.0947197378878,2261.4932241974307,56.3455538575144,-23.52782776289905,-22.189525885574938,-1.338301877324113,2469.138426794314,2103.9066171509985,13.426663717662285,0,2242.5,2274.224975585937,92.11068289620536
2026-01-30,2350.0,2400.0,2277.699951171875,2325.60009765625,330912,2213.466688368056,2291.077292702415,2295.5730029296874,1984.103282470703,2255.59579532156,2267.321121784596,54.85264099266402,-15.255338338294225,-20.802688376118795,5.547350037824572,2456.4420405120377,2108.078003433275,13.304977877243656,0,2242.5,2274.224975585937,92.3571254185268
2026-02-02,2312.5,2429.0,2282.949951171875,2421.199951171875,314898,2234.7500271267363,2294.420476740057,2298.04,1989.945598754883,2288.716626491623,2281.310106274348,61.53571251140716,-0.973994054656032,-16.836949511826244,15.862955457170212,2467.1285802019925,2103.436458860507,13.499019131254723,0,2252.25,2274.224975585937,98.27498953683036
2026-02-03,2494.0,2497.5,2424.0,2473.5,267256,2268.1944715711807,2297.2681995738635,2302.9389990234376,1996.0216729736328,2325.6733011932984,2298.781914794862,64.62115175903764,14.398276661602267,-10.589904277140542,24.988180938742808,2485.154855376366,2094.010183686134,14.3403079274573,0,2286.5,2286.5,100.33213588169644
2026-02-04,2473.5,2473.5,2229.75,2265.550048828125,544974,2286.5833604600693,2292.940929066051,2303.06,2001.09298828125,2313.648650720264,2295.760836070613,48.0998449662906,9.689395486423107,-6.534044324427812,16.22343981085092,2471.338415777589,2094.251623284911,13.763885362476838,0,2299.949951171875,2286.5,114.2999965122768
2026-02-05,2250.0,2272.449951171875,2226.5,2248.60009765625,148328,2294.877821180556,2286.627297141335,2303.75,2005.886602172852,2300.638940107461,2291.4734962147622,47.04407584636631,4.537547800005996,-4.319725899541051,8.857273699547047,2458.546078086593,2093.29896585872,13.258875884951406,0,2299.949951171875,2286.5,117.58213588169644
2026-02-06,2225.0,2233.60009765625,2062.10009765625,2092.949951171875,327450,2287.2111545138887,2272.611383611505,2301.3210009765626,2009.9444549560544,2259.101142320344,2273.4259012108632,38.65368888014258,-11.967045950783811,-5.849189909789604,-6.1178560409942095,2455.3363335914382,2068.233710353874,14.106015168752204,0,2279.800048828125,2279.800048828125,125.6464320591518
2026-02-09,2112.5,2174.800048828125,2070.0,2083.75,493080,2273.7555881076387,2258.8704723011365,2298.092001953125,2013.754358520508,2224.030913856275,2256.182637464421,38.21979248077469,-25.495518117383654,-9.778455551308417,-15.71706256607524,2459.2183465747403,2042.8016973705728,14.892644503710082,0,2279.800048828125,2279.800048828125,125.6714390345982
2026-02-10,2063.0,2086.0,1984.550048828125,1992.5,685906,2249.438910590278,2241.452292702415,2292.435,2017.0810186767576,2177.7247310850203,2232.211488604019,34.127794955247424,-43.08340351153038,-16.439445143352806,-26.64395836817757,2472.298713654872,1999.1513351732528,16.192042054862384,0,2241.0250244140625,2241.0250244140625,124.77500697544644
2026-02-11,1992.5,2009.949951171875,1932.5,1945.949951171875,326312,2205.5111219618057,2225.3931995738635,2284.4560009765623,2020.40337097168,2131.369775102391,2206.187712473824,32.231938652788216,-60.085501051506526,-25.16865632498355,-34.916844726522974,2485.663172453683,1950.671861726005,17.710395537939842,0,2215.0,2215.0,123.37857491629464
2026-02-12,1945.0,1969.199951171875,1859.25,1864.300048828125,414466,2154.255560980903,2205.670476740057,2273.79400390625,2023.3687109375,2077.955829847538,2175.1070157787603,29.170910111642783,-79.2348802108013,-35.9819011021471,-43.2529791086542,2503.646884054158,1888.98815012553,19.522243603628898,0,2178.375,2178.375,120.87857491629464
2026-02-13,1801.3499755859375,1914.949951171875,1777.199951171875,1833.050048828125,480392,2088.905571831597,2184.577292702415,2261.341005859375,2026.0328375244144,2028.9746736436557,2144.010927874157,28.07207019377357,-95.82787094573814,-47.95109507086531,-47.876775874872834,2515.8406048567344,1829.969429322953,21.602726785091956,0,2137.349975585937,2137.349975585937,126.65000697544644
2026-02-16,1806.0,1866.699951171875,1785.5,1814.5999755859373,303080,2015.6944580078125,2162.454562100497,2248.6670043945314,2028.81966003418,1986.099734032112,2114.064477666137,27.415452437967687,-109.20782256712256,-60.20244057011677,-49.00538199700578,2518.947013581082,1776.7680132743867,23.53460402502193,0,2125.349975585937,2137.349975585937,123.15713936941964
2026-02-17,1815.0,1916.5,1792.550048828125,1804.8499755859373,549840,1964.5055609809028,2139.888649680397,2236.442001953125,2031.6182177734372,1949.849782342877,2085.9540683861187,27.055303780301188,-119.2239348338244,-72.00673942285829,-47.2171954109661,2525.5771268598774,1727.65790731981,24.64396764003456,0,2024.824951171875,2137.349975585937,127.09999302455356
2026-02-18,1819.5,1840.0,1771.0,1823.199951171875,249982,1917.2388780381943,2117.509099786932,2225.3030029296874,2034.5077752685547,1924.5198161086769,2062.067330457551,28.947139869506984,-124.24882320305916,-82.45515617889846,-41.79366702416068,2529.655509054533,1688.6495202423416,25.80104164775803,0,2002.300048828125,2134.25,116.17142159598214
2026-02-19,1840.8499755859373,1847.949951171875,1777.5,1790.4000244140625,143896,1883.6222195095488,2097.5431962446733,2216.122004394532,2037.443530273437,1897.6958577697544,2037.370302635416,27.57069275103028,-129.38627892370323,-91.84138072785942,-37.54489819584381,2537.726502890616,1649.6135239648531,26.76022687839427,0,1972.9000244140625,2134.25,112.46784319196428
2026-02-20,1790.4000244140625,1805.0,1762.5,1776.75,144824,1849.5111083984373,2079.5545598810368,2207.5180053710938,2040.2567987060547,1873.5066862158037,2013.677547850378,26.995400033528483,-133.02575439685438,-100.07825546165842,-32.947498935195966,2537.828918423824,1609.7911133144569,27.74963609091212,0,1924.25,2130.0,105.0714111328125
2026-02-23,1787.5,1797.449951171875,1728.550048828125,1736.25,148390,1821.0388861762156,2063.018194025213,2197.8240063476565,2042.8055828857423,1846.0553489726424,1988.4568616821616,25.30804644598477,-137.592001512322,-107.58100467179112,-30.01099684053085,2538.0754748691493,1566.9745617519443,28.891209384809493,0,1869.25,2113.0250244140625,104.54282924107144
2026-02-24,1725.0,1729.6500244140625,1666.3499755859375,1672.800048828125,149690,1790.6888970269097,2040.238653009588,2186.3550073242186,2045.0476147460936,1811.4042889437392,1959.76078778634,22.89373177035752,-144.66308009783984,-114.99741975700088,-29.665660340838954,2534.106211993852,1517.7388197444293,30.32869006120888,0,1817.7749633789065,2081.9249877929688,92.12497384207587
2026-02-25,1680.5,1713.449951171875,1637.0,1648.949951171875,211362,1766.7611083984375,2016.9204711914065,2172.830007324219,2046.8159844970703,1778.9134213893665,1931.505257185025,22.042515419094823,-150.45708871607644,-122.089353548816,-28.367735167260435,2524.6802848424054,1470.9247322474384,31.829369380971887,0,1776.75,2067.25,94.30354527064732
2026-02-26,1657.5,1696.0,1646.199951171875,1651.050048828125,518602,1746.538886176215,1991.7477416992188,2161.172009277344,2048.31192565918,1753.3407468771184,1906.0093291525795,22.31641202807539,-153.11441430233208,-128.29436569951923,-24.820048602812847,2485.83950013317,1440.740516956674,33.22285732075182,0,1776.75,2067.25,84.53926304408482
2026-02-27,1663.3499755859375,1667.550048828125,1580.0,1586.199951171875,298424,1721.161105685764,1963.331825949929,2148.312009277344,2049.3728942871094,1719.9125877360698,1876.9357493361515,19.981778077679152,-158.6246981011525,-134.36043217984587,-24.264265921306617,2445.5538588615022,1407.0861435799038,34.88686657063214,0,1748.25,2038.75,83.30712018694196
2026-03-02,1513.0,1629.5,1500.5999755859375,1541.8499755859375,326288,1691.9388834635415,1926.9931862571025,2134.4670068359374,2049.1941174316407,1684.3000653060435,1846.4734062679504,18.5523546449607,-164.67207294068908,-140.42276033201452,-24.24931260867456,2373.294939123381,1391.4100657594308,36.80748264993843,0,1674.2749633789062,1999.0499877929688,85.26783970424107
2026-03-04,1511.5,1637.949951171875,1497.4000244140625,1610.1500244140625,759420,1668.2666693793403,1894.4727283824573,2121.4250073242188,2048.992431640625,1669.4700571276476,1824.9894624630515,27.19061769714834,-162.0850029176754,-144.7552088491467,-17.329794068528713,2257.7631552783178,1420.6068520459012,38.43299650358184,0,1672.6749877929688,1997.4500122070312,89.77498081752232
2026-03-05,1604.550048828125,1643.0,1519.300048828125,1548.300048828125,262278,1641.366672092014,1854.795460094105,2105.8030102539065,2048.5274853515625,1645.2360554677432,1799.8358794053306,24.641881120757503,-163.14487485045834,-148.43314204940904,-14.711732801049294,2189.7612929551938,1416.8837143690248,39.84302856380045,0,1651.2000122070312,1997.4500122070312,90.75712367466518
2026-03-06,1547.5,1599.25,1504.199951171875,1510.9000244140625,190700,1611.8277859157986,1811.0409157492895,2088.16201171875,2047.676088256836,1618.368849257007,1773.5689834970335,23.22424577420199,-165.09953572141922,-151.76642078381107,-13.333114937608144,2112.6560666939727,1420.218933306027,41.23393281547472,0,1647.4249877929688,1997.4500122070312,87.70712716238839
2026-03-09,1497.5,1525.0,1470.0,1499.3499755859375,215498,1585.5055609809028,1776.2136396928267,2070.282009277344,2046.650220336914,1594.565074522793,1748.639982777843,22.7882342501794,-165.67086040465574,-154.54730870798,-11.123551696675747,2066.5028492231063,1407.0121532182998,42.70696735458758,0,1599.8250122070312,1983.75,85.83570207868304
2026-03-10,1538.75,1584.0,1526.1500244140625,1570.0999755859375,221164,1574.0944417317708,1745.372725053267,2054.870009765625,2046.0553326416016,1589.672054735422,1732.4090730331243,31.296874317634803,-158.58661780144052,-155.3551705266721,-3.231447274768413,2005.1054650439792,1417.044534956021,42.87287675710448,0,1591.7249755859375,1983.75,83.028564453125
2026-03-11,1590.0,1642.5,1549.25,1557.199951171875,257610,1563.8999972873264,1721.0204523259945,2040.0860107421877,2045.451431274414,1583.1776340227127,1716.480971045738,30.634003056015587,-152.25809215045433,-154.73575485142857,2.477662700974236,1959.0698465774724,1419.550148539715,41.991866331025534,0,1583.0,1983.75,84.76070731026786
2026-03-12,1559.0,1604.5,1516.25,1575.9000244140625,171146,1555.5499945746528,1697.9363625266335,2026.877009277344,2044.925034179688,1581.7221121009827,1703.7008849883127,32.854165536945786,-144.07296687010012,-152.60319725516288,8.530230385062765,1916.1043977964807,1425.5106046449253,41.4577115311432,0,1568.7750244140625,1971.75,86.03213936941964
2026-03-13,1571.0999755859375,1608.0,1480.0,1576.5999755859375,372789,1554.4833306206597,1679.031815962358,2011.456010742188,2044.2916650390623,1580.6976847979738,1692.146256860824,32.94068351672638,-135.96242569519882,-149.2750429431701,13.312617247971277,1887.2595650830135,1425.5854300341737,41.2582921721837,0,1556.5,1871.2249755859373,92.1392822265625
2026-03-16,1555.0,1567.4000244140625,1493.0999755859375,1528.5999755859375,182306,1553.0111083984375,1660.0613625266335,1993.8110083007807,2043.529267578125,1570.2781429555666,1677.2784131085614,30.07847491522557,-131.8876435701884,-145.79756306857377,13.909919498385364,1862.969971306304,1419.430016486665,41.07311705314987,0,1556.5,1851.800048828125,93.18214634486608
2026-03-17,1525.0,1539.5,1464.0,1474.699951171875,225228,1537.9611002604167,1642.3522671786222,1976.0900073242187,2042.130961303711,1551.1625045988285,1658.8621892961353,27.2184818381604,-131.4918744104598,-142.93642533695098,11.444550926491187,1842.085811342768,1406.324174008795,41.145366453015406,0,1553.5,1819.4000244140625,93.58214460100446
2026-03-18,1465.4000244140625,1522.699951171875,1461.0999755859375,1486.0,171836,1531.0388726128472,1626.577264959162,1958.0600073242188,2040.7079260253904,1538.1300036790628,1643.1474448146682,28.74809527410912,-128.7818875621556,-140.10551778199192,11.323630219836332,1816.9561690497187,1399.56881874325,41.23705526639881,0,1551.7999877929688,1773.5499877929688,92.5214320591518
2026-03-19,1475.0,1498.5,1451.199951171875,1456.800048828125,173783,1525.0277642144097,1610.313631924716,1939.170007324219,2039.3305932617188,1521.8640127088752,1626.206772452255,27.159653524645226,-127.52041946893678,-137.58849811938092,10.068078650444136,1782.9286204710847,1396.9563770875088,41.41017273088534,0,1546.8499755859375,1730.574951171875,92.34286063058036
2026-03-20,1475.0,1497.9000244140625,1450.0,1469.0,157266,1521.655544704861,1595.047723943537,1920.8290063476563,2037.8590490722656,1511.2912101671002,1611.9152476838683,28.92662606647886,-124.10565013468204,-134.89192852244113,10.786278387759095,1749.303560450143,1398.4414346670444,41.58213147126786,0,1546.25,1709.5999755859375,89.51071602957589
2026-03-23,1455.0,1471.0999755859375,1400.0,1403.699951171875,189724,1503.1666531032986,1575.979542125355,1901.3890063476565,2036.1242388916016,1489.7729583680552,1592.9865843645962,25.37803548836449,-125.22507235613148,-132.95855728917925,7.733484933047748,1718.7516577715164,1391.6883324628584,42.18758973399511,0,1521.25,1658.25,85.38214111328125
2026-03-24,1457.199951171875,1472.300048828125,1401.5,1461.4000244140625,195605,1492.522216796875,1561.0249966708095,1884.632006835937,2034.50197265625,1484.0983715772568,1581.0241698236389,33.17852268473378,-120.0721913609541,-130.3812841035342,10.309092742580106,1686.049875632437,1396.9051170433445,42.71911355161386,0,1504.0,1658.25,80.40000697544643
2026-03-25,1461.4000244140625,1517.0,1453.9000244140625,1495.5999755859375,123060,1483.5999891493057,1548.245450106534,1868.5800073242187,2032.9664770507811,1486.398692378993,1573.2583339838477,37.358293195365846,-111.9384885919228,-126.69272500121193,14.75423640928912,1664.4624669373447,1400.7725184142178,42.1116777550615,0,1504.0,1658.25,76.07143729073661
2026-03-27,1475.9000244140625,1485.699951171875,1419.5999755859375,1462.800048828125,381117,1470.9555528428818,1535.8159068714488,1851.894006347656,2031.1632580566409,1481.6789636688195,1563.2166716969637,35.09121332549013,-106.90679552459346,-122.73553910588824,15.828743581294788,1646.5797976243543,1400.0401974928332,41.91625767962464,0,1483.7000122070312,1623.9749755859375,74.71071951729911
2026-03-30,1450.0999755859375,1450.0999755859375,1375.0,1387.199951171875,305001,1455.2444390190972,1522.8340842507102,1833.6120043945311,2028.879814453125,1462.7831611694307,1547.2151516492283,30.497368438867056,-107.77705181735972,-119.74384164818257,11.96678983082282,1632.2959105016823,1387.9390748498802,42.16340970577404,0,1457.25,1611.4749755859375,77.05358014787946
2026-04-01,1416.9000244140625,1493.5,1412.0999755859375,1484.199951171875,246271,1456.2999945746528,1515.3454478870738,1817.2700024414064,2027.112862548828,1467.0665191699195,1541.486497060378,41.14380322737191,-99.49275629952876,-115.6936245784518,16.20086827892304,1622.238755282142,1387.7962300694207,41.417036969384085,0,1448.8499755859375,1590.0,78.60001046316964
2026-04-02,1431.0,1455.5,1405.300048828125,1446.9000244140625,301587,1451.9555528428818,1506.0659013227985,1799.897001953125,2025.152913208008,1463.033220218748,1532.887726819804,38.68955964161511,-94.84388352635824,-111.5236763680331,16.679792841674853,1618.892926770688,1381.6470634636871,40.80011349362485,0,1446.0,1586.2249755859375,77.57500348772321
2026-04-06,1461.4000244140625,1508.0,1432.0,1503.4000244140625,103604,1457.133327907986,1502.3022682883525,1785.3720043945314,2023.7301495361328,1471.106581057811,1530.2070266011,44.12638238317624,-85.61363980348824,-106.34166905512411,20.72802925163589,1601.758026967717,1388.1069632666583,39.137721720404286,0,1446.0,1552.3250122070312,76.70000348772321
2026-04-07,1503.4000244140625,1532.9000244140625,1488.0999755859375,1495.199951171875,177905,1460.04443359375,1500.1818126331675,1771.8260034179686,2022.1871557617187,1475.9252550806236,1527.0245651984433,43.52314948243054,-78.06045025299841,-100.685425294699,22.624975041700598,1596.1159705138343,1388.4390099549155,37.12880098035085,0,1453.9500122070312,1544.2249755859375,70.75714983258929
2026-04-08,1565.0,1572.9000244140625,1511.4000244140625,1544.5,137383,1475.6888834635415,1497.1977206143465,1760.7150024414063,2020.847672729492,1489.6402040644991,1528.6132410894938,48.115535016191046,-67.32036394364172,-94.01241302448756,26.692049080845837,1600.125663713834,1387.7893143135095,34.56959149209968,0,1473.9500122070312,1535.5,70.34286934988839
2026-04-09,1544.300048828125,1544.300048828125,1485.0,1495.9000244140625,225507,1479.522216796875,1494.8159013227985,1747.15400390625,2019.2874340820315,1490.8921681344118,1525.639312300818,44.291988047749165,-62.01550390249827,-87.61303120008971,25.59752729759144,1599.9274832590827,1387.6424996510736,32.60594099891767,0,1473.9500122070312,1521.2750244140625,69.20001220703125
2026-04-10,1499.5999755859375,1510.0,1477.5999755859375,1498.5,365816,1479.8444417317708,1494.2522638494318,1733.8850048828126,2018.1006048583984,1492.4137345075296,1523.1721020916527,44.545870628098896,-56.94513967648459,-81.4794528953687,24.534313218884108,1590.1592057385265,1390.2507796130362,30.89781679194947,0,1473.9500122070312,1509.0,67.11430140904018
2026-04-13,1481.800048828125,1481.800048828125,1441.699951171875,1450.5,227929,1478.4777696397568,1492.0318104137075,1718.7980029296875,2016.879724731445,1484.0309876060237,1516.5655473560478,40.84494615532438,-56.15274446036005,-76.41411120836696,20.261366748006907,1581.0884202792847,1388.6515699550905,29.854226174770535,0,1473.9500122070312,1509.0,67.79287283761161
2026-04-15,1470.0,1513.5999755859375,1462.800048828125,1489.0999755859375,428487,1489.7999945746528,1488.3499922318892,1704.3530004882812,2015.623151855469,1485.0447852020066,1514.0686771951289,44.81549376457239,-51.812804350155375,-71.49384983672465,19.681045486569275,1566.7733990694844,1394.286586282078,28.27451983139065,0,1489.1000366210938,1509.0,68.87858363560268
2026-04-16,1520.0,1603.4000244140625,1512.300048828125,1551.300048828125,1037418,1497.2555609809028,1488.0818148526278,1688.5530004882812,2014.6113458251957,1498.2958379272302,1517.453347343583,50.57272616550039,-42.860277858736254,-65.76713544112698,22.906857582390728,1560.1510101729564,1398.3789825028248,27.10834579500451,0,1504.3500366210938,1508.75,71.96430315290179
2026-04-17,1563.699951171875,1650.0,1555.800048828125,1631.0999755859375,613573,1517.7222222222222,1490.5909035422585,1674.662998046875,2013.9942907714844,1524.8566654589715,1527.7848590019787,56.79973260486196,-28.99194781373899,-58.41209791564939,29.4201501019104,1588.1830166974405,1380.5969759783409,26.60820890836991,0,1541.0,1512.5,73.9571533203125
2026-04-20,1630.0,1667.800048828125,1590.0,1619.800048828125,494699,1530.6555582682292,1492.5545432350852,1658.635,2013.3114874267576,1543.8453421328024,1536.149876258901,55.72907087610689,-18.697473157298877,-50.46917296397929,31.771699806680417,1611.6107779467482,1371.679224494658,26.35331453989419,0,1554.75,1521.4000244140625,75.00715855189732
2026-04-21,1630.0,1636.800048828125,1560.0,1564.0999755859375,254895,1538.3111165364585,1494.1681795987215,1640.4469995117188,2012.360181274414,1547.8962688234296,1538.6907943795409,50.65991903603776,-14.862235629182123,-43.347785497019856,28.485549867837733,1619.7517611479543,1371.3482388520454,25.567562513859603,0,1554.75,1521.4000244140625,75.06430489676339
2026-04-22,1564.0,1576.5999755859375,1475.199951171875,1499.5,606629,1533.3111165364585,1495.2954545454545,1625.1259985351562,2011.106870727539,1538.217015058744,1535.1279948904917,45.49163562811767,-16.8413241011408,-38.04649321784405,21.205169116703253,1620.5428507967567,1374.8271443204308,23.96127761278856,0,1554.75,1521.4000244140625,76.03573172433036
2026-04-23,1502.0,1522.699951171875,1473.199951171875,1484.5,333962,1532.0444471571182,1495.2272727272727,1609.8439965820312,2009.850041503906,1527.4736120469954,1530.525449900447,44.35997371933605,-19.39654926747721,-34.31650442777068,14.919955160293467,1620.750204647315,1376.1697904698726,22.49771069541803,0,1554.75,1521.4000244140625,71.97858537946429
2026-04-24,1493.0999755859375,1508.0,1434.0,1468.0,257800,1528.6555582682292,1495.7363614169035,1597.3449975585938,2008.59444152832,1515.5788896375966,1524.8413180913155,43.09015827805492,-22.493702326373292,-31.951944007491207,9.458241681117912,1616.63711761194,1386.7128823880598,21.68071374304966,0,1550.9000244140625,1521.4000244140625,71.62859235491071
2026-04-27,1492.4000244140625,1509.0,1457.4000244140625,1479.300048828125,125896,1531.8555636935764,1496.2045454545455,1585.2559985351563,2007.4570770263672,1508.3231214757025,1520.7012027037526,44.2668003147373,-23.76247986114072,-30.31405117822111,6.551571317080391,1616.4858654136722,1388.654137027734,20.904978068398968,0,1550.9000244140625,1521.4000244140625,69.88573346819196
2026-04-28,1479.300048828125,1487.9000244140625,1441.9000244140625,1449.0999755859375,140386,1527.4111192491318,1498.268182927912,1574.387998046875,2006.18845703125,1496.4784922977497,1514.1920002384968,41.78055733057859,-26.89486149475283,-29.630213241527457,2.735351746774626,1616.6311682676965,1383.85883417371,20.405840492122174,0,1550.9000244140625,1521.4000244140625,69.97144426618304
2026-04-29,1456.0999755859375,1484.4000244140625,1406.5,1416.199951171875,192357,1512.3999972873264,1496.2136341441762,1563.792998046875,2004.7373413085936,1480.4227840725748,1505.2836321415311,39.19770829408766,-31.66701587326565,-30.0375737678751,-1.629442105390556,1619.2194258595043,1376.610566816277,20.426170136840664,0,1537.1500244140625,1521.4000244140625,69.98572649274554
2026-04-30,1416.199951171875,1453.9000244140625,1393.4000244140625,1429.0,192014,1489.9444444444443,1493.1863625266335,1555.0869970703125,2003.4624475097653,1470.13822725806,1498.3487564923012,40.73281711867734,-34.0239190738655,-30.834842829073175,-3.189076244792321,1614.528473957249,1385.4815236013446,20.61728591814128,0,1530.6000366210938,1521.4000244140625,70.05715506417411
2026-05-01,1429.0,1429.0,1429.0,1429.0,0,1468.7444390190972,1491.6499966708095,1547.00599609375,2002.1795556640625,1461.910581806448,1492.0443240839102,40.73281711867734,-35.48275868602923,-31.76442600046439,-3.718332685564839,1615.9563129982762,1378.5336894431302,20.79475057220614,0,1515.1000366210938,1521.4000244140625,67.74286760602679
2026-05-04,1442.699951171875,1445.0,1385.199951171875,1419.300048828125,436752,1452.6555582682292,1493.109092018821,1539.0999975585937,2000.752438354492,1453.388475210783,1485.431208151566,39.84859869069589,-36.99514755045493,-32.810570310462495,-4.184577239992436,1617.6426210012226,1374.08738388159,21.53882348258828,0,1480.8999633789062,1521.4000244140625,67.9571533203125
2026-05-05,1419.0,1477.9000244140625,1409.5,1448.800048828125,391208,1447.0222303602432,1491.5000055486505,1531.9789990234376,1999.295615234375,1452.4707899342518,1482.101102758526,43.84132136737942,-35.40519412457252,-33.329495073284505,-2.075699051288012,1616.6372050068785,1369.6328023173403,21.493032403460287,0,1453.949951171875,1521.4000244140625,68.33572823660714
2026-05-06,1460.9000244140625,1594.9000244140625,1458.9000244140625,1581.5,722545,1457.8000081380208,1497.6181862571025,1527.145,1998.225361328125,1478.2766319474017,1491.1373661441144,57.50564332684937,-23.170275032183557,-31.297651065064315,8.127376032880761,1627.1317979504165,1367.7682142566148,20.463268604441783,0,1490.0499877929688,1521.4000244140625,70.60715157645089
2026-05-07,1594.199951171875,1625.0,1560.0,1593.699951171875,342449,1471.7666693793403,1501.7227283824575,1523.2109985351562,1997.2880889892576,1501.3612957922962,1500.4612375102745,58.505266236638974,-12.347248014097431,-27.50757045487094,15.160322440773507,1635.099392952367,1364.7206143718518,19.906926602179045,0,1505.0999755859375,1521.4000244140625,68.20001220703125
2026-05-08,1590.0,1692.4000244140625,1589.199951171875,1668.699951171875,661747,1492.8111029730903,1509.609092018821,1521.0499975585938,1996.7038220214845,1534.829026868212,1515.7556660249654,64.09674433446023,2.2559469204609286,-21.55486697980457,23.810813900265497,1663.3284752147742,1353.7715247852257,20.181546194748574,0,1538.7999877929688,1538.7999877929688,70.01429966517857
2026-05-11,1665.0,1714.0,1612.9000244140625,1688.0,413708,1519.3555501302085,1516.1318192915485,1520.0849975585938,1995.9733660888671,1565.4632214945696,1531.4142418408776,65.38923286751239,15.211092750971602,-14.201675033649334,29.412767784620936,1692.1988848946196,1343.8511151053806,20.664982563357263,0,1549.5999755859375,1549.5999755859375,71.75000871930804
2026-05-12,1695.0,1695.0,1618.0,1638.4000244140625,266780,1544.0444471571182,1522.609092018821,1519.3969970703124,1994.8784393310548,1580.050582078468,1541.1402220748034,59.46462898373093,21.231096785103546,-7.115120669898759,28.346217455002304,1706.460587781137,1348.3794146602693,21.113887762779616,0,1549.5999755859375,1549.5999755859375,70.00714983258929
2026-05-13,1632.0,1632.0,1513.5999755859375,1531.699951171875,664313,1555.4555528428818,1524.1181807084515,1517.0519970703126,1993.2587603759769,1570.3804558971497,1540.2820156290825,49.148214946112965,17.193987586997082,-2.2532990185195905,19.447286605516677,1707.6823759582269,1351.4176240417733,19.804614026050068,0,1549.5999755859375,1549.5999755859375,75.38572474888393
2026-05-14,1555.5,1580.0,1465.199951171875,1518.5,563850,1565.3999972873264,1527.2090897993608,1514.40099609375,1991.5135961914064,1560.00436471772,1538.3018323900749,48.03789957888559,12.782079858678344,0.7537767569199967,12.028303101758349,1705.8030326563012,1350.016962460886,18.82832092504425,0,1549.5999755859375,1549.5999755859375,78.30001395089286
2026-05-15,1536.0,1577.5999755859375,1466.199951171875,1483.0999755859375,254332,1572.4888780381943,1526.9363625266335,1512.3389965820313,1989.7268981933596,1544.6234868913634,1533.2834817715168,45.095588539841486,6.355858695384768,1.874193144612951,4.481665550771817,1692.545944353815,1348.4740507633726,17.921763045538846,0,1561.75,1549.5999755859375,82.57144601004464
2026-05-18,1460.0,1498.0,1436.5,1474.4000244140625,195399,1575.333319769965,1523.4409068714488,1510.9899975585938,1987.953685913086,1530.5787943959033,1527.9304401935665,44.37621776158703,0.5546253976647222,1.610279595223305,-1.0556541975585831,1679.81117612126,1346.6688165545213,17.469978711686647,0,1575.25,1549.5999755859375,83.6785888671875
2026-05-19,1492.9000244140625,1617.5999755859375,1490.0,1553.800048828125,1682493,1572.255547417535,1519.9272738370028,1509.862998046875,1986.6079663085936,1535.2230452823476,1530.2822227967083,51.91523498082254,2.337084158719108,1.755640507922466,0.5814436507966421,1678.696700906066,1346.753299093934,16.999616221920718,0,1575.25,1549.5999755859375,88.34286934988839
2026-05-20,1553.9000244140625,1575.800048828125,1513.0,1518.0999755859375,181636,1563.8555501302085,1515.3045432350852,1509.2589965820312,1984.7655755615235,1531.7984313430657,1529.1747457775473,48.71798432619186,0.8590949047982122,1.5763313872976152,-0.7172364824994031,1679.5230934339982,1347.7869041245956,16.562851052852352,0,1575.25,1549.5999755859375,88.50715855189732
2026-05-21,1531.0,1562.5999755859375,1519.0999755859375,1537.0,187361,1549.2222222222222,1514.0727261629972,1509.78099609375,1983.1479028320311,1532.8387450744526,1529.886132525043,50.457536273542615,1.1990301160415129,1.5008711330463949,-0.301841017004882,1681.866821636662,1350.6931759219317,16.1572833958603,0,1575.25,1549.5999755859375,91.68572998046876
2026-05-22,1544.9000244140625,1585.9000244140625,1529.0999755859375,1577.699951171875,211283,1536.9666612413191,1517.6272693980825,1511.347995605469,1981.5785180664063,1541.810986293937,1534.2328433111186,54.07062832189516,4.698416712737071,2.1403802489845303,2.558036463752541,1687.8847875156048,1355.6452051601764,16.078123395071845,0,1565.75,1549.5999755859375,91.47144426618304
2026-05-25,1580.5,1621.0,1570.5999755859375,1588.0999755859375,242118,1531.3777669270833,1522.3363591974432,1511.7079956054688,1980.103373413086,1551.0687841523372,1539.129855336102,54.97425182412715,8.216189735056332,3.355542146198891,4.860647588857441,1694.5905641794277,1359.819421172135,16.432194918397244,0,1534.25,1549.5999755859375,90.18572998046876
2026-05-26,1587.4000244140625,1604.0,1554.5,1567.300048828125,165942,1535.3333333333333,1526.8499977805398,1511.9099975585937,1978.444249267578,1554.3150370874948,1541.690782017195,52.73942174675011,9.21939450137802,4.528312617234716,4.691081884143303,1697.203433544713,1369.026559131068,16.470171140205906,0,1528.75,1549.5999755859375,83.28573172433036
2026-05-27,1565.0999755859375,1575.0,1529.800048828125,1540.9000244140625,133040,1537.8222249348958,1529.6499966708095,1511.2099975585938,1975.9330548095704,1551.6320345528084,1541.618894962365,49.96314864231266,7.79433196331297,5.181516486450367,2.612815476862603,1693.934533699909,1384.7654663000908,16.06558116581014,0,1528.75,1549.5999755859375,81.87144252232143
2026-05-28,1540.9000244140625,1540.9000244140625,1540.9000244140625,1540.9000244140625,0,1544.244452582465,1533.8227261629972,1510.4959985351563,1973.6972912597655,1549.4856325250591,1541.5535430943376,49.96314864231266,6.589005678922376,5.463014324944769,1.1259913539776072,1690.5522560166658,1399.3377464247403,15.689890475299787,0,1528.75,1549.5999755859375,74.50000871930804
2026-05-29,1547.300048828125,1556.4000244140625,1489.0,1507.800048828125,186077,1547.95556640625,1537.986366965554,1510.08,1971.3597619628904,1541.1485157856723,1538.485043615591,46.41062519830518,2.9291194472148163,4.956235349398779,-2.0271159021839624,1685.2537196911471,1412.5162876330714,14.69731926120149,0,1555.0,1549.5999755859375,72.09286934988839
2026-06-01,1516.5999755859375,1539.300048828125,1467.199951171875,1474.0999755859375,177318,1539.1000027126736,1540.0363658558238,1510.0680004882813,1968.4465838623048,1527.7388077457256,1532.6318556128952,43.0541027882278,-2.66001799520609,3.432984680477805,-6.093002675683895,1678.9318528238468,1424.3181471761532,14.118810755741272,0,1544.0999755859375,1549.5999755859375,71.74287632533482
2026-06-02,1465.0999755859375,1551.0,1447.0,1517.199951171875,298335,1539.0,1544.0454545454545,1510.691999511719,1965.7619036865235,1525.6310364309556,1531.228955209166,48.21264215592405,-3.5704835458573143,2.032291035210781,-5.602774581068095,1674.1306354702083,1435.9593547641664,13.892149822941304,0,1534.0,1549.5999755859375,70.25715855189732
2026-06-03,1519.0,1524.199951171875,1423.699951171875,1439.4000244140625,436344,1528.1555582682292,1544.9590897993608,1510.3439990234374,1962.6892236328124,1508.384834027577,1522.8808705914294,40.99377471781624,-10.449383948889816,-0.4640439616093386,-9.98533998728048,1676.9245919659809,1418.9554007098002,14.029357590498488,0,1522.3499755859375,1549.5999755859375,69.23572649274554
2026-06-04,1431.699951171875,1432.0,1403.0,1407.5999755859375,246205,1509.2555609809028,1543.0863591974432,1509.1159985351562,1959.494033203125,1488.2278623392492,1512.400789227294,38.45899979534446,-18.256510564918017,-4.022537282271075,-14.233973282646945,1679.978596063477,1397.2913990537106,14.455597033072534,0,1512.0,1549.5999755859375,63.87858363560268
2026-06-05,1410.0,1431.0,1371.199951171875,1380.0999755859375,186264,1486.1444498697915,1533.9318126331675,1508.6439990234376,1956.4237774658204,1466.602284988587,1500.3734425326252,36.36491775665832,-26.35888599838836,-8.489807025494532,-17.869078972893828,1668.5346833067388,1379.875314251855,15.285520940115688,0,1487.5999755859375,1542.5999755859375,63.75715855189732
2026-06-08,1375.0,1408.0,1341.199951171875,1384.800048828125,207300,1465.866672092014,1524.4363625266335,1507.1119995117188,1953.35727722168,1450.2418377564943,1489.8667703776705,36.996337443446464,-32.03158015630743,-13.198161651657111,-18.833418504650314,1644.346576149472,1373.7434262919344,16.434515733318467,0,1458.0999755859375,1527.5999755859375,58.300022670200896
