Date,Open,High,Low,Close,Volume,SMA_9,SMA_22,SMA_50,SMA_200,EMA_9,EMA_21,RSI_14,MACD_Line,MACD_Signal,MACD_Hist,BB_Upper,BB_Lower,ADX_14,ST_Direction,Ichi_Tenkan,Ichi_Kijun,ATR_14
2024-12-18,1614.5421651034137,1624.3929409734774,1599.470429922725,1618.2362060546875,71615,1594.0799696180557,1541.97333873402,1553.3895825195314,,1591.3141467940218,1567.5061958439003,60.94228704416697,20.11516561653684,12.007765812842823,8.107399803694019,1664.8433006899986,1432.9647559506266,16.04291523037397,0,1590.3831371327117,1532.386732715817,46.55896886037093
2024-12-19,1630.303404391941,1635.2287923206177,1562.8255897690722,1578.291259765625,47335,1594.085422092014,1546.5875244140625,1552.8024731445312,,1588.7095693883423,1568.4866562004206,52.67161137139855,18.22463911617024,13.251140473508306,4.973498642661932,1659.4352933129562,1452.681015280794,15.304039037939242,0,1590.3831371327117,1532.386732715817,49.20109096448529
2024-12-20,1580.0645055138186,1584.9898936232755,1536.7210901505966,1544.2569580078125,49951,1587.2281901041667,1550.0285810990767,1551.396767578125,,1579.8190471122366,1566.283956364729,46.83892232967995,13.820782155246206,13.365068809855888,0.4557133453903184,1655.4152336765085,1463.9512458156792,14.401557547684776,0,1590.3831371327117,1532.386732715817,47.03040380917014
2024-12-23,1571.1987873339774,1575.1390977724327,1492.2940948536602,1497.6627197265625,128557,1575.7137179904514,1552.8673983487215,1549.324162597656,,1563.387781635102,1560.0456621248957,40.2650597528019,6.496045788436732,11.991264205572058,-5.495218417135327,1652.8418478365318,1468.7558328275306,14.4444749890955,0,1572.109974329262,1532.386732715817,48.7437335415648
2024-12-24,1505.5926934025122,1545.488337938489,1504.213560652756,1526.3778076171875,50708,1567.8276231553818,1555.3502419211648,1546.8526049804686,,1555.9857868315191,1556.9849480787402,45.35515106742795,2.973925494736477,10.187796463404942,-7.213870968668465,1644.860826500742,1483.4206066047268,14.484326898976889,0,1572.109974329262,1532.386732715817,47.66719333407229
2024-12-26,1521.944875360427,1536.721039198878,1476.6313062558447,1481.3104248046875,47273,1558.8798285590278,1555.6211381392045,1542.9132788085938,,1541.0507144261528,1550.1054459629172,39.64528920240566,-3.414580207532481,7.467321129217456,-10.881901336749936,1647.5182116370995,1478.7930676597755,15.02894664312485,0,1564.278580030354,1537.6814990168525,49.66901673617459
2024-12-27,1482.5418075515877,1498.4508350511398,1468.1103964715217,1494.165771484375,28003,1551.9678819444443,1557.1950239701705,1539.5157470703125,,1531.6737258377975,1545.0200210103224,41.892467620096944,-7.355409382069865,4.502775026959992,-11.858184409029857,1648.5755462202796,1476.755581709408,15.685235519504287,0,1560.0181251381928,1537.6814990168525,49.34183701065529
2024-12-30,1494.4120711375945,1501.6523676898912,1462.8402849026595,1465.7462158203125,33434,1535.5116102430557,1555.5920354669745,1535.3271948242189,,1518.4882238343005,1537.813311447594,38.48136327168957,-12.626218339515162,1.0769763536649617,-13.703194693180125,1653.6866060868,1467.689431510856,16.390494884114986,0,1557.3830693537616,1537.6814990168525,48.24418095651458
2024-12-31,1451.0685989655697,1471.0656019886487,1451.0685989655697,1459.835693359375,43346,1518.4314507378472,1553.586054021662,1532.0961401367188,,1506.7577177393157,1530.724437075938,37.79214952896668,-17.08337565816373,-2.555094048700777,-14.528281609462956,1659.2364568892167,1452.471038227971,17.262605621793874,0,1543.1486956430936,1539.159094996156,47.913471141722376
2025-01-01,1467.1746563507884,1490.4224645303314,1457.9149025147988,1472.78955078125,28491,1502.2707112630208,1552.108437278054,1529.647236328125,,1499.9640843477025,1525.4576292309662,40.31519558490165,-19.34741198917004,-5.91355763679463,-13.43385435237541,1661.7610623748471,1442.0214815704655,17.45271289934901,0,1543.1486956430936,1539.159094996156,47.94513954654016
2025-01-02,1487.0731415905636,1539.2822551166212,1487.0731415905636,1524.4569091796875,63501,1496.2891167534722,1550.6509732333095,1528.6532934570312,,1504.8626493140996,1525.36665468085,49.17039848894667,-16.779133664138044,-8.086672842263313,-8.69246082187473,1658.1760380154549,1439.5088863009512,16.301763991297502,0,1518.0292462944226,1539.159094996156,48.53618530960934
2025-01-03,1529.0374028272602,1546.473348498856,1501.356746313263,1507.2672119140625,25932,1492.1791449652778,1548.615889115767,1528.7291430664063,,1505.3435618340925,1523.72125079296,46.68851463961414,-15.946992494329606,-9.658736772676573,-6.288255721653034,1654.3738601854302,1435.5141647169137,15.21521438247019,0,1513.1038483690013,1551.497226385217,48.84226989237634
2025-01-06,1508.301631822508,1517.6598692739929,1462.8402753110736,1476.6806640625,57957,1489.8478054470486,1543.6725963245738,1527.7893798828125,,1499.610982279774,1519.4448338174636,42.57097109813923,-17.553250466321288,-11.237639511405517,-6.315610954915773,1652.1776398466293,1427.5542327119645,14.92776175050292,0,1498.770973732213,1551.497226385217,48.25122201319713
2025-01-07,1477.0253635921397,1498.0074441254772,1453.0387483075804,1476.9268798828125,30231,1484.3532579210068,1538.7494451349432,1527.5500073242188,,1495.0741618003815,1515.5795652779498,42.614844153811895,-18.592036498981315,-12.708518908920675,-5.88351759006064,1644.555870875187,1422.2714850818438,14.865232218084715,0,1498.770973732213,1551.497226385217,47.81496813256791
2025-01-08,1476.9268764012704,1490.717962638998,1452.693871527423,1461.1163330078125,31448,1482.1094699435764,1533.4255426580255,1527.0564819335937,,1488.282596041868,1510.628362344301,40.47646548638449,-20.455265346518672,-14.257868196440276,-6.197397150078396,1637.2025489632483,1415.607143419564,14.814655302750412,0,1498.770973732213,1551.497226385217,48.75079527976953
2025-01-09,1474.6612036800043,1482.5418246749543,1434.7655598930703,1450.7730712890625,40217,1477.288058810764,1526.371043812145,1526.69298828125,,1480.7806910913068,1505.1869722483702,39.09438480259204,-22.50705508957185,-15.907705575066592,-6.599349514505256,1629.5046158970983,1408.6471175013392,15.159534576804305,0,1490.619454195963,1543.345706848967,46.99172829622228
2025-01-10,1458.407364476849,1464.8596707575784,1398.8101705890747,1434.322265625,37697,1473.7965087890625,1518.7814663973722,1526.2191674804687,,1471.4890059980455,1498.7447261917,36.93428013271774,-25.170406991495383,-17.760245858352352,-7.410161133143031,1627.3758997603993,1398.0240025833507,16.175911341275643,0,1472.6417595439652,1525.3680121969692,48.26177806020977
2025-01-13,1413.586395334352,1429.3969393537875,1361.8698198952904,1382.3101806640625,64872,1465.1825629340278,1509.0068081942472,1523.6756982421875,,1453.653240931249,1488.1597675073697,31.086012891191643,-31.119348655225167,-20.432066417726915,-10.687282237498252,1630.5248919291262,1377.4686993794676,17.71641896338464,0,1454.1715841970731,1506.897836850077,47.51945254670528
2025-01-14,1371.228015054419,1425.6042503105334,1371.228015054419,1416.393798828125,31933,1458.9163682725691,1502.3955910422585,1521.561721191406,,1446.2013525106242,1481.6355885365292,38.01271193996788,-32.70664282705161,-22.886981699591853,-9.819661127459757,1615.259643856244,1372.9880612218808,19.146890326771565,0,1454.1715841970731,1506.897836850077,47.98735376414727
2025-01-15,1413.5863747254366,1434.223702619322,1380.0937358817678,1394.9683837890625,42264,1444.5287543402778,1495.059004350142,1518.4567578125,,1435.954758766312,1473.756751741305,35.59097449737233,-35.28667401519374,-25.366920162712237,-9.919753852481506,1598.2498959141851,1368.138934652221,20.16995001318996,0,1454.1715841970731,1506.897836850077,47.561656178041616
2025-01-16,1398.810225834593,1428.3132525687236,1390.0430109327845,1400.7310791015625,32828,1432.69140625,1485.371659712358,1515.4768969726565,,1428.910022833362,1467.118054228601,36.75801200235771,-36.44623644233957,-27.582783418637703,-8.863453023701865,1573.9665057124432,1370.6718121586507,21.119934007721326,0,1439.7648445846417,1506.897836850077,48.12807068206454
2025-01-17,1398.4655051666284,1412.6013453468163,1379.1087053595138,1392.5057373046875,23162,1423.3386366102432,1475.3238691850142,1511.7996020507812,,1421.6291657276272,1460.3351163264272,35.76198150089385,-37.59553641957109,-29.585334018824383,-8.010202400746707,1557.611680168293,1368.4480854567068,22.209496863498693,0,1429.9386320103838,1506.897836850077,47.74811048206959
2025-01-20,1408.6609511397587,1417.6251331427206,1380.0937010816797,1411.5177001953125,20513,1416.0709499782986,1465.9275734641335,1507.6888720703123,,1419.6068726211645,1455.897169405417,39.82101966962586,-36.550922137869975,-30.9784516426335,-5.572470495236473,1545.4426807507386,1367.3431590930115,23.015295032201728,0,1426.2938912671443,1506.897836850077,49.00056969906687
2025-01-21,1410.2371161161675,1425.0132806191634,1381.0788422133362,1390.2401123046875,27966,1408.1958143446182,1457.379794034091,1503.1053076171877,,1413.733520557869,1449.928346032623,37.002975681666015,-37.0133148584348,-32.185424285793765,-4.827890572641032,1542.5156504813567,1359.5279286202058,23.45461786787387,0,1422.2058222851224,1506.897836850077,49.81677515551649
2025-01-22,1380.093783189681,1387.3340798440338,1339.7549016520468,1367.4847412109375,49123,1398.9415554470486,1449.3446932705965,1498.1454418945314,,1404.4837646884828,1442.433472867015,34.21435192910934,-38.76902747765576,-33.50214492416617,-5.266882553489587,1534.614197981815,1351.5400744791225,24.68871940547029,0,1402.3072862048125,1495.8403777284552,48.67338274960717
2025-01-23,1364.726615427123,1406.198360900248,1360.5400353684006,1399.598388671875,35460,1395.0833468967014,1444.8872236772015,1495.3685107421877,,1403.5066894851614,1438.5393743038203,40.97487897588034,-37.14100107158424,-34.22991615364978,-2.91108491793446,1530.6375171863874,1347.345551661269,25.0877008041726,0,1386.9893021356845,1487.4918469863323,48.71207727433963
2025-01-24,1389.1072555625385,1403.7356344401148,1359.5056244350264,1363.0518798828125,32098,1392.943535698785,1437.4633178710938,1492.1827685546875,,1395.4157275646917,1431.6768748110017,36.39145754167774,-38.35761355060913,-35.05545563304165,-3.3021579175674773,1526.1973248233437,1338.6743548641566,25.4799424878615,0,1386.9893021356845,1487.4918469863323,47.955678420208855
2025-01-27,1370.8832968543677,1377.089213724399,1302.2726164248977,1309.857666015625,75931,1381.1061876085068,1429.670010653409,1489.5102514648438,,1378.3041152548783,1420.6024012841492,30.96255457550619,-43.11708923667948,-36.66778235376922,-6.449306882910257,1531.7164395317818,1317.5663851752493,26.86838592312437,0,1368.2481595221095,1443.6312550240866,50.08767138318061
2025-01-28,1306.212904645327,1314.0935254878327,1244.2514992213792,1286.5113525390625,68460,1369.0554063585068,1420.2311734286222,1485.8112841796874,,1359.9455627117154,1408.4123059436868,28.92317881685915,-48.21704431948956,-38.97763474691329,-9.239409572576273,1538.0608007553171,1293.889589869683,28.881624522327648,0,1336.2823758950512,1409.695298496906,52.36038103710051
2025-01-29,1267.3023523171655,1349.1130963824112,1267.3023523171655,1340.9862060546875,22712,1362.4170871310764,1414.560263893821,1483.0954248046876,,1356.15369138031,1402.2826604992322,39.016523174059934,-47.31768127691794,-40.64564405291422,-6.6720372240037165,1532.7800914902962,1285.9899646620477,29.567913465300865,0,1334.6323899202712,1395.3624238601176,54.79141527162634
2025-01-30,1340.6906950395514,1352.2653575426484,1313.8966307914525,1328.4757080078125,25260,1355.3026394314236,1408.58935546875,1480.2938647460935,,1350.6180947058106,1395.5729375454669,37.6927071427864,-47.07180772562901,-41.93087678745718,-5.140930938171834,1515.3984040816674,1283.7735319534888,30.10379166081404,0,1334.6323899202712,1395.3624238601176,52.81421717039007
2025-01-31,1329.8547997950911,1386.5460654710348,1320.64434800922,1378.369873046875,22324,1351.6195475260415,1404.2975519353693,1479.1570874023437,,1356.1684503740237,1394.0090225910494,45.61766185521946,-42.362579581467344,-42.017217346259216,-0.3453622352081282,1497.5024347578544,1288.7797673905832,29.55209006296652,0,1334.6323899202712,1395.3624238601176,52.34630800839758
2025-02-01,1369.1594213189587,1407.331179462841,1352.5608873113013,1393.2938232421875,18714,1351.9588487413191,1398.3355934836648,1477.5878588867188,,1363.5935249476563,1393.9440044684256,47.75806640145576,-36.99973438648431,-41.01372075430424,4.013986367819932,1485.6612940112284,1292.282224055178,28.468080444568663,0,1325.79133934211,1395.3624238601176,52.37445492949939
2025-02-03,1392.9490551382385,1408.6116930801356,1355.614589331292,1397.628173828125,29154,1355.3081190321182,1393.352000843395,1476.033408203125,,1370.40045472375,1394.278928955671,48.393351362244886,-32.0306654902663,-39.21710970149665,7.186444211230352,1472.5841944222443,1297.4294530386933,27.426202886376256,0,1326.4315961507573,1395.3624238601176,52.293536144591485
2025-02-04,1392.7519456694984,1427.3774474825373,1382.2608451423962,1419.9400634765625,37591,1357.5683051215278,1390.7728826349432,1475.2414038085938,,1380.3083764743126,1396.611759366661,51.65261379971693,-25.992632673807066,-36.57221429595874,10.579581622151672,1464.7364792651265,1301.159541242686,25.939492024957715,0,1335.8144733519582,1395.3624238601176,52.78256190917734
2025-02-05,1409.6460424117731,1450.822334098136,1409.6460424117731,1446.24169921875,16611,1366.8116183810764,1389.3781016956675,1474.1459985351562,,1393.4950410232002,1401.1235720804875,55.24119858764527,-18.86763165955381,-33.03129776867775,14.163666109123945,1463.7402898692958,1301.7025934314856,24.216670091171785,0,1347.5369166597577,1395.3624238601176,53.33139417339594
2025-02-06,1437.5237805244965,1475.646235299566,1437.5237805244965,1448.8521728515625,29483,1382.2554524739585,1388.8206398703835,1473.0436962890626,,1404.5664673888728,1405.4625357869488,55.59350290368323,-12.86210725135834,-28.997459665213874,16.135352413855536,1466.64627714705,1300.2495968763876,23.197051678846695,0,1359.9488672604723,1395.3624238601176,53.37361008154083
2025-02-07,1445.1088532852114,1453.678980389251,1417.0341414115724,1427.8699951171875,14136,1397.9619683159722,1387.77959095348,1471.4951538085938,,1409.2271729345357,1407.499577544243,52.0473758836237,-9.68413954566995,-25.13479564130509,15.45065609563514,1471.255323085326,1300.1965323834245,21.712352667950636,0,1371.4742938083657,1380.955684247686,52.85292440810164
2025-02-10,1428.3625749910325,1435.0118490470252,1396.0519803676032,1412.650634765625,26854,1405.9246826171875,1386.7945168235085,1468.617744140625,,1409.9118653007538,1407.9678554734596,49.57711933790188,-8.297998271016922,-21.767436167247457,13.469437896230534,1470.8015693984314,1300.2759696640685,20.503006473827536,0,1394.7714330455092,1371.1294716734285,52.02968569572887
2025-02-11,1418.314818611733,1425.4073294424295,1330.3473382252946,1358.17578125,38931,1409.2246907552085,1385.6974986683238,1464.740478515625,,1399.5646484906033,1403.441303271327,41.90980579582863,-11.462998427210325,-19.706548619240028,8.243550192029705,1469.6898606518537,1297.7084181567402,20.682471596444767,0,1398.145291654393,1367.4847309301886,55.55837610182084
2025-02-12,1357.8801763191634,1403.735586924868,1292.4218175757385,1350.5906982421875,33272,1406.1381157769097,1382.7064486416905,1460.0436303710935,,1389.7698584409202,1398.6367028141324,40.959923011555134,-14.41714479035295,-18.64866785346261,4.231523063109663,1468.0117139355943,1294.3725267870618,21.434058581231085,0,1384.0340264376523,1363.3966619481666,60.35007319782377
2025-02-13,1350.5907405956434,1372.0161791732237,1306.2129450055754,1366.5489501953125,39654,1403.1664632161458,1381.4146562056108,1455.6698852539062,,1385.1256767917987,1395.7196343942396,43.843705335092366,-15.294326032561456,-17.977799489282383,2.6834734567209253,1466.7777909781162,1293.0107710336024,22.131960781389807,0,1384.0340264376523,1359.9488672604723,59.70626154554855
2025-02-14,1364.529429483302,1365.760776470725,1323.944280877328,1353.15185546875,75154,1398.2246500651042,1379.2519642223012,1451.1680786132813,,1378.730912527189,1391.8498363101044,41.98946552556449,-16.875996089031332,-17.757438809232173,0.881442720200841,1463.306228077442,1290.6457494616209,22.780012824394337,0,1384.0340264376523,1359.9488672604723,57.76073604922932
2025-02-17,1349.5563849612397,1372.2131709861364,1315.0786670972666,1365.7608642578125,35044,1392.2047390407986,1378.036288174716,1446.363854980469,,1376.1369028733138,1389.4781115780777,44.37393618566458,-16.917030377006313,-17.589357122787,0.672326745780687,1461.984519822199,1289.519532912176,23.529793913240063,0,1384.0340264376523,1359.9488672604723,55.99814746520248
2025-02-18,1364.332519678653,1370.046018041061,1325.9144920487124,1359.505615234375,38451,1382.5673963758682,1375.6721024946733,1441.5281079101562,,1372.8106453455262,1386.7533391831955,43.42042127523757,-17.25538730105609,-17.522563158440818,0.2671758573847285,1461.8201230620923,1288.886017074626,24.226019210025385,0,1384.0340264376523,1359.9488672604723,56.40977598242767
2025-02-19,1359.5055970005533,1366.302656616742,1344.877218418174,1362.5101318359375,45859,1372.9738362630208,1374.4116488370028,1436.8312573242188,,1370.7505426436085,1384.5494112425358,44.042396843867074,-17.084162628878858,-17.434883052528427,0.3507204236495695,1459.3650738002757,1287.6322406528495,24.872514128468897,0,1373.0503989824947,1359.9488672604723,53.23289889219576
2025-02-20,1358.3235791898646,1373.1982274750335,1350.9354969043102,1367.8787841796875,18057,1366.3081461588542,1374.429559881037,1432.952021484375,,1370.1761909508243,1383.033899691368,45.20159293284407,-16.32705236965012,-17.213316915952767,0.8862645463026482,1459.509865837514,1287.9701390452983,25.202184745691618,0,1363.7168333113818,1359.9488672604723,50.910930207851735
2025-02-21,1363.64293822058,1387.3832837814089,1342.069715230105,1361.426513671875,44650,1360.6165771484375,1372.6944746537642,1429.0530859375,,1368.4262554950346,1381.069591871414,44.02129251302864,-16.062522578915605,-16.983158048545334,0.9206354696297296,1456.94876661737,1295.688123031067,24.96028885560189,0,1358.914573509084,1359.9488672604723,50.36210626517033
2025-02-24,1347.78309098495,1378.3204958319152,1334.6323293989865,1370.636962890625,28709,1362.001152886285,1373.0392511541193,1424.1887719726562,,1368.8683969741528,1380.1211710549785,46.18163329624248,-14.937484513694471,-16.574023341575163,1.6365388278806918,1449.340331375702,1311.7091193078918,24.91645862394065,0,1348.0787022503032,1359.9488672604723,50.26007512894088
2025-02-25,1363.593647518016,1408.6609470476888,1361.377222950983,1390.43701171875,42548,1366.4285210503472,1376.7019486860795,1419.7263696289062,,1373.1821199230724,1381.058974751685,50.59565697310804,-12.30632561575112,-15.720483796410356,3.414158180659236,1449.3404421120715,1316.6540891379282,23.76985168298808,0,1357.436946026632,1359.9488672604723,50.69632030110823
2025-02-27,1385.0191350471378,1397.4310890212846,1352.0190347455168,1393.6878662109375,52200,1369.4439561631943,1381.5736083984375,1415.2354028320312,,1377.2832691806457,1382.207055793435,51.30186464369863,-9.84530588589746,-14.545448214307775,4.700142328410317,1447.5351355366238,1324.9806115336887,22.96368589468469,0,1361.8698070724777,1359.9488672604723,51.21700597972954
2025-02-28,1370.932485784922,1376.153445308995,1331.1846275739542,1352.4622802734375,60438,1369.3673366970486,1382.0952481356535,1410.7188232421877,,1372.319071399204,1379.502985291617,42.92257731324538,-11.093610036884684,-13.85508057882316,2.7614705419384755,1448.0115973776117,1321.913390415357,22.758604045408138,0,1361.8698070724777,1359.9488672604723,53.06403452682274
2025-03-03,1359.2593211598137,1427.6730335777809,1311.3845731856557,1355.0235595703125,96653,1368.1743028428818,1383.3019686612215,1406.9341552734377,,1368.8599690334256,1377.2775829533166,43.53958810486336,-11.740884626803563,-13.43224138841924,1.691356761615678,1447.3441028529437,1318.7538585728375,21.310516769682483,0,1369.5288033817185,1359.9488672604723,58.58750536344439
2025-03-04,1342.660736878156,1379.6504479782154,1320.9890301934022,1346.5025634765625,32929,1366.729519314236,1381.8534545898438,1403.9109521484374,,1364.3884879220532,1374.4798539099752,41.916178190329205,-12.793946918386156,-13.304582494412625,0.5106355760264698,1446.392535370412,1314.592865020213,19.965864299365805,0,1369.5288033817185,1359.9488672604723,55.9876072611357
2025-03-05,1341.675667797983,1378.123538362245,1341.675667797983,1374.62646484375,20103,1368.0757785373264,1381.0049382990055,1400.8759252929688,,1366.436083306393,1374.493182176682,48.71320967478748,-11.229693654085397,-12.889604726347178,1.6599110722617834,1441.4790582134565,1314.9749823138875,18.717258434071745,0,1369.5288033817185,1371.4742938083657,50.640043062216606
2025-03-06,1373.986279885686,1411.6161959776427,1373.9369779063622,1401.4698486328125,25017,1371.8081190321182,1381.179559881037,1399.2791137695312,,1373.4428363716763,1376.945606399967,54.21986104231969,-7.734812832453372,-11.858646347568415,4.123833515115045,1431.8414360118263,1320.1354194569233,18.480289331466174,0,1369.5288033817185,1384.0340264376523,48.63118476961891
2025-03-07,1404.7206914679964,1417.526700576751,1389.0087514686718,1405.5579833984375,14960,1376.7116156684028,1380.525828968395,1397.5069580078125,,1379.8658657770288,1379.5467315816456,55.01208962825929,-4.58239331474374,-10.403395741003482,5.821002426259742,1420.3660972804664,1327.2813392429712,18.408604140968997,0,1369.5288033817185,1384.0340264376523,47.62499046891139
2025-03-10,1407.7743573270104,1418.7579964858114,1344.8278753877014,1352.70849609375,20721,1374.7195638020833,1376.2743197354405,1395.2462036132813,,1374.434391840373,1377.106891991837,44.33168117888425,-6.276241474009112,-9.577964887604608,3.3017234135954965,1409.885783628402,1330.245502992692,17.230082095710625,0,1369.5288033817185,1384.0340264376523,48.82467741242855
2025-03-11,1340.395041818603,1365.9578776801766,1316.2114588950926,1328.18017578125,28576,1367.8021375868057,1370.789228959517,1392.6130932617189,,1365.1835486285486,1372.6590086999654,40.41034569551512,-9.488481492960544,-9.560068208675796,0.0715867157152505,1404.547362633232,1327.1368780894245,16.858984750886123,0,1369.5288033817185,1384.0340264376523,49.22574118333822
2025-03-12,1333.7951123924752,1343.7936743970106,1315.078637403216,1319.117431640625,25934,1359.5165337456597,1365.8459306196733,1389.5396508789063,,1355.970325230964,1367.7915926036617,39.0364104416926,-12.620016863835872,-10.17205793970781,-2.447958924128061,1407.8128231869473,1319.9655825747714,16.54192349291248,0,1369.5288033817185,1384.0340264376523,49.74642681156869
2025-03-13,1319.2651866545073,1321.974150076796,1298.48007317324,1302.76513671875,21637,1353.99462890625,1360.8511352539062,1385.1058154296877,,1345.3292875285213,1361.880096614124,36.6172582039795,-16.234137710980804,-11.38447389396241,-4.849663817018394,1413.0200978966927,1309.9757517126825,16.652035444165858,0,1363.0765533755105,1384.0340264376523,49.834380121056725
2025-03-17,1302.765148599911,1310.941340921241,1281.5859798325023,1287.4471435546875,25423,1346.4861382378472,1357.6361971768465,1380.7094140625,,1333.7528587337547,1355.1134645178115,34.462736250858555,-20.10265762754693,-13.128110640679314,-6.974546986867619,1418.6797620268298,1296.4059069184827,17.141559592094175,0,1350.1719881591569,1378.616107566034,48.69450815944492
2025-03-18,1287.4471435546875,1287.4471435546875,1287.4471435546875,1287.4471435546875,0,1339.9244249131943,1354.766035600142,1376.9247436523438,,1324.4917156979411,1348.9619807938914,34.462736250858555,-22.904459184656616,-15.083380349474774,-7.821078835181842,1422.9789405500264,1285.5362572038798,17.596117729456186,0,1350.1719881591569,1367.6324801108767,45.57392484280716
2025-03-19,1329.854801250404,1335.7159650527176,1304.390568550282,1323.5010986328125,74643,1334.243828667535,1352.8093150745738,1373.8562280273438,,1324.2935922849156,1346.6473551428842,43.53228579938597,-21.962484396277887,-16.4592011588354,-5.5032832374424885,1421.9666416682596,1282.3225795231467,16.431416593150438,0,1350.1719881591569,1358.2989144397638,45.64428894290175
2025-03-20,1324.584616720906,1354.284730362022,1293.9487274608146,1342.6607666015625,70623,1327.7094862196182,1352.3324473987925,1371.4871166992189,,1327.967027148245,1346.2849380027642,47.67625025067952,-19.445778676864165,-17.056516662441155,-2.389262014423011,1421.1569126359827,1281.4478236921425,15.66733131608462,0,1350.1719881591569,1354.6295067051417,46.710285273290296
2025-03-21,1349.3593903633662,1383.492234162512,1335.6667872090288,1350.295166015625,47144,1321.5691731770833,1351.6294611150568,1369.47755859375,1443.36736328125,1332.432654921721,1346.6495041857515,49.27367637842388,-16.643384457091997,-16.973890221371324,0.3305057642793265,1420.346880438652,1281.0363593074417,15.665660783345746,0,1350.1719881591569,1354.6295067051417,45.66187158161171
2025-03-24,1357.0922008318853,1408.6609899455293,1352.0683290433644,1396.2982177734375,49603,1326.4124755859375,1353.3018521395595,1368.7170776367188,1444.3064178466798,1345.2057674920643,1351.1630236028138,57.66157335216244,-10.588349136623265,-15.696782004421712,5.108432867798447,1424.355591921812,1279.869591183657,16.19968474366233,0,1345.1234848890158,1354.6295067051417,41.52454040573879
2025-03-25,1403.5877779973157,1423.4371154563664,1369.307150064974,1411.9609375,52561,1335.7214491102432,1355.5496160333807,1369.3100927734374,1445.3737432861328,1358.5568014936516,1356.690106684376,60.08179909532301,-4.474262920044566,-13.452278187546282,8.978015267501716,1431.6326572327887,1277.6459682554926,16.987664237099313,0,1352.5115476444344,1354.6295067051417,41.20086523478017
2025-03-26,1417.9698989768117,1462.840231622016,1402.3072613826712,1426.047607421875,92187,1347.6025797526042,1358.19365345348,1369.5031689453126,1446.194780883789,1372.0549626792963,1362.9953340241486,62.17598226363619,1.4906872766841843,-10.463685094700187,11.954372371384371,1440.5680131817826,1274.2516767596237,18.408308511708817,0,1372.213105727259,1372.213105727259,42.921229497286085
2025-03-27,1428.362603057931,1433.1895076283572,1401.913292009675,1408.365478515625,32346,1359.3359510633682,1360.3272427645595,1369.7711108398437,1447.031688232422,1379.3170658465622,1367.119892614283,58.058600245300674,4.736553218617701,-7.423637432036612,12.160190650654313,1443.3291083583613,1273.2834282627323,19.713544390420527,0,1372.213105727259,1372.213105727259,42.46387217924335
2025-03-28,1415.408777148246,1427.3281924933528,1384.0340784933571,1386.7430419921875,22356,1370.368828667535,1361.0593372691762,1369.4913500976563,1447.6967034912109,1380.8022610756873,1368.9038152850014,53.401587385781234,5.500766034860135,-4.838756738657263,10.339522773517398,1442.4283636908704,1273.4896905083483,20.289811217040643,0,1375.143687588352,1372.213105727259,43.51931252866597
2025-04-01,1386.7430632879589,1405.1639672633958,1369.25793498154,1389.895263671875,31775,1381.751953125,1361.0347123579545,1369.439140625,1448.4783642578125,1382.620861594925,1370.8121287747172,53.981114522136416,6.288280756678887,-2.613349239590033,8.90162999626892,1445.4383794192634,1274.2229731197992,20.324921543292117,0,1378.3944795414154,1372.213105727259,40.8033061846478
2025-04-02,1386.004263260084,1437.1298177030071,1374.1833313772686,1418.019287109375,24416,1392.2539740668403,1362.1406860351562,1369.5691723632813,1449.366693725586,1389.700546697815,1375.1036886233223,58.89315747959304,9.077129992358095,-0.2752533932004077,9.352383385558504,1452.3944700965385,1273.5664551964303,20.997952414659697,0,1378.3944795414154,1372.213105727259,41.74616815183741
2025-04-03,1421.565530213593,1429.2983657030095,1382.1624242815485,1392.9490966796875,21745,1397.8415662977432,1363.980995871804,1369.6233520507812,1450.2502001953126,1390.3502566941895,1376.7259984466282,53.41934993804204,9.158781524583674,1.6115535903564089,7.547227934227265,1455.3254078699824,1275.2801707432986,21.622909652358167,0,1399.2535094155223,1372.213105727259,43.06194703952786
2025-04-04,1397.677308644695,1397.677308644695,1332.415918581611,1351.378662109375,24600,1397.9619547526042,1363.8153187144887,1369.30123046875,1450.6050115966798,1382.555937777227,1374.421695143241,45.8152718588439,5.802219921435153,2.449686856572158,3.352533064862995,1454.256428093854,1274.02437024599,20.631194917357792,0,1397.6280751018137,1372.213105727259,46.04532655092271
2025-04-07,1320.989059113078,1320.989059113078,1236.370869382636,1278.13818359375,87135,1384.8330620659722,1360.7078469016335,1366.8720263671876,1450.7733215332032,1361.6723869405316,1365.668648638742,36.07262417451661,-2.73623226941686,1.4125030313743543,-4.148735300791214,1454.0183527193185,1261.929279116619,20.61124289892812,0,1349.605550502326,1349.605550502326,52.163357382208446
2025-04-08,1280.6008747236294,1337.7353752882225,1280.6008747236294,1331.6771240234375,41483,1375.9126383463542,1358.7556041370738,1366.24453125,1451.2694702148438,1355.673334357113,1362.5785100373507,45.23979053591307,-5.123808028320809,0.1052408194353216,-5.229048847756131,1448.2797403907248,1260.2798055077128,20.191491988054587,0,1349.605550502326,1349.605550502326,56.42029964609934
2025-04-09,1336.7503079947217,1336.7503079947217,1279.4680212995129,1295.7218017578125,25586,1361.4319932725691,1353.9488747336648,1365.9618139648437,1451.533217163086,1343.683027837253,1356.5006274664836,40.98878759796654,-9.804255677958508,-1.8766584800434445,-7.927597197915064,1449.0172835903147,1253.8435928745291,19.82236145718321,0,1336.7503435428216,1349.605550502326,57.06411858875496
2025-04-11,1324.9294019699569,1368.2728173503865,1321.678597716931,1344.532470703125,37821,1354.3394368489585,1351.1749877929688,1367.122236328125,1452.066723022461,1343.8529164104273,1355.4126132152692,48.116300503402414,-9.465815081006212,-3.3944898002359984,-6.071325280770214,1449.2871674062085,1255.2089385508232,18.72221408121817,0,1336.7503435428216,1349.605550502326,57.93661949528114
2025-04-15,1381.9654065548143,1398.022099488498,1350.7383740909336,1384.4281005859375,36285,1354.0822211371528,1352.616787997159,1367.99107421875,1452.779093017578,1351.967953245529,1358.0503847944208,53.10227964669173,-5.910225163044515,-3.897636872797702,-2.0125882902468133,1452.2535465274057,1258.773626324157,17.708116335437044,0,1336.7503435428216,1349.605550502326,58.34120391184471
2025-04-16,1398.416188058526,1401.2729372527604,1377.532590274183,1396.840087890625,20370,1354.8538682725691,1355.7376930930398,1369.3583618164062,1453.3461755371093,1360.9423801745486,1361.57672143953,54.56516129798544,-2.0670235316401886,-3.5315142045662,1.464490672926011,1455.292285455785,1265.142382512965,16.834517285479762,0,1336.7503435428216,1349.605550502326,55.8679555581785
2025-04-17,1393.8848009976473,1409.941613942554,1384.1325087289072,1386.9892578125,21798,1351.4060872395833,1358.8227761008525,1369.5307495117188,1453.9840472412109,1366.1517557021389,1363.8869520188907,53.14818658677155,0.1817664984887415,-2.788858063955211,2.9706245624439527,1454.4748660920598,1275.9140133024714,16.211434141981872,0,1332.8346175428228,1349.605550502326,53.84503697405382
2025-04-21,1408.6609979497916,1408.6609979497916,1373.1982035958108,1393.6878662109375,29491,1351.4881727430557,1362.9556274414062,1369.538630371094,1454.7546002197266,1371.6589778038988,1366.5961260363497,54.02254210771229,2.4759295396504517,-1.7359005432340788,4.21183008288453,1452.6681941426511,1288.3447575175053,15.35124428658854,0,1323.1562416625952,1349.605550502326,52.05431012509924
2025-04-22,1408.3654165282342,1452.989480538503,1391.028074572911,1449.8372802734375,46204,1362.4280192057292,1370.3369972922585,1370.5828125,1455.7067120361328,1387.2946382978066,1374.1635036942664,60.6513679983012,8.724290542245626,0.356137673861862,8.368152868383763,1463.092059893743,1290.5545099304757,15.492652914265122,0,1344.6801749605695,1349.605550502326,54.24610943559279
2025-04-23,1455.9446628953067,1465.7954386929744,1421.4669476034692,1451.413330078125,37547,1381.6808132595486,1377.7900057705965,1371.2122778320313,1456.595405883789,1400.1183766538702,1381.186215183708,60.82211067448886,13.646032730496016,3.0141166851886934,10.631916045307324,1473.054111854364,1291.467714317511,15.865940027031758,0,1372.6317299962436,1351.0831540378051,54.31999351341489
2025-04-24,1467.568708658668,1520.4673295563734,1451.4134113956236,1501.7508544921875,67110,1400.5778944227432,1385.8922674005682,1372.3224609375,1457.6327197265623,1420.4448722215336,1392.1466369390243,65.91008553307435,21.36211721608197,6.683716791367349,14.67840042471462,1493.7215614585796,1285.9458335609518,17.110358349339258,0,1399.967675427943,1378.4190994695048,56.68770545601438
2025-04-25,1506.1836796945884,1521.8464378889678,1457.5208212583716,1492.8851318359375,67361,1422.4849310980903,1392.7206476384945,1373.2031201171876,1458.5844775390624,1434.9329241444143,1401.3046819296528,64.32557699586789,26.456802487582763,10.638333930610433,15.81846855697233,1508.335356933478,1280.9907294923032,18.286324144296195,0,1421.762517802949,1379.108653635802,56.78621476350421
2025-04-28,1494.2642967576448,1502.2434015950585,1466.288067720816,1479.3896484375,43115,1437.469061957465,1398.5885786576705,1374.2335131835937,1459.4755487060547,1443.8242690030318,1408.403315248548,61.886650706455576,29.070300221360867,14.32472718876052,14.745573032600348,1517.708311576076,1278.3606459434552,19.37829238247049,0,1436.2924059899506,1379.108653635802,55.98759993870289
2025-04-29,1476.63133844726,1496.923913178043,1451.019320568922,1463.4312744140625,42250,1446.2471923828125,1401.6400812322445,1375.2491259765625,1460.2848876953126,1447.745670085238,1413.4058569908675,59.03617043156392,29.51359424770635,17.362500600549687,12.151093647156664,1522.5506122643587,1277.2567119543914,19.894323926588733,0,1447.5223207423892,1379.108653635802,54.60497154913412
2025-04-30,1470.6223749359042,1470.8193423566593,1410.6311249708474,1413.7833251953125,37019,1448.1297743055557,1401.7229170365767,1376.3612768554688,1460.8646600341797,1440.9532011072529,1413.4401722821806,51.14373780203528,25.564046960325182,19.002809872504788,6.561237087820398,1522.9240883675418,1277.4250205191768,19.203084104056597,0,1447.5223207423892,1379.108653635802,50.68928759621076
2025-05-02,1416.4431536176855,1437.2282676400462,1408.5625325476922,1410.4342041015625,21366,1450.7347683376736,1401.0132168856535,1377.5581469726562,1461.210396118164,1434.8494017061148,1413.1669024475789,50.651809409335,21.911177779424637,19.58448345388876,2.3266943255358754,1524.0201085368271,1278.698116560829,18.505415248076268,0,1447.5223207423892,1379.108653635802,48.479897838916585
2025-05-05,1421.9595128446128,1457.4223063758952,1416.3446186349852,1441.8580322265625,28752,1456.0870090060764,1402.535605690696,1379.0643286132813,1461.8349926757812,1436.2511278102045,1415.775186972941,55.02312007868272,21.30628732824107,19.92884422875922,1.377443099481848,1527.791525543182,1280.1229764099432,18.30620840300648,0,1456.4372562309395,1379.108653635802,47.744598951711154
2025-05-06,1457.8164451444477,1469.1448381727532,1418.2162512788686,1426.7864990234375,53210,1453.5258110894097,1404.35576282848,1380.537021484375,1462.4317633056642,1434.3582020528509,1416.776215341168,52.61576922094492,19.387276065916467,19.82053059619067,-0.4332545302742048,1528.5012511267169,1280.2899720178143,18.37139366022968,0,1465.20448521833,1379.108653635802,46.20013975894762
2025-05-07,1409.0550285627403,1436.3416300892338,1397.3325810274623,1430.037109375,29094,1451.1506754557292,1406.1803921786222,1381.8225463867188,1462.9875549316407,1433.4939835172809,1417.981751162425,53.09245157545494,17.922147542956054,19.44085398554375,-1.5187064425876962,1530.74324523039,1281.7567791836725,17.80316481171062,0,1459.5895094582152,1379.108653635802,45.16581263583323
2025-05-08,1428.3625637239852,1466.4850199114696,1418.5117874224404,1428.8551025390625,22061,1443.0511474609375,1406.672929243608,1383.2095361328124,1463.6084924316406,1432.5662073216372,1418.9702376512105,52.88411752370252,16.47572268428894,18.847827725292788,-2.3721050410038487,1532.226620249738,1288.021048207293,17.934321510567884,0,1459.5895094582152,1379.108653635802,46.89673302943692
2025-05-09,1379.1086764113409,1455.8462475271183,1359.899662704183,1446.3895263671875,54675,1437.8849690755208,1409.1020396839488,1384.8871240234375,1464.1306103515626,1435.3308711307473,1421.4629002617537,55.66348052846718,16.553483767812622,18.38895893379676,-1.8354751659841355,1524.463627545548,1312.6091751888268,16.76610342176196,0,1431.071532149621,1379.108653635802,51.90655300152896
2025-05-12,1448.753567246509,1497.3179406581362,1448.753567246509,1468.15966796875,39196,1436.6371934678818,1414.4102672230113,1386.8927416992187,1465.142322998047,1441.896630498348,1425.7080609623897,58.90481134757576,18.16241347647815,18.34364984233304,-0.1812363658548861,1525.1332199079995,1325.5878372209063,16.319530901355147,0,1428.6088016811595,1379.108653635802,53.0112401398838
2025-05-13,1475.449283007999,1594.840640483958,1459.9834924797622,1568.736083984375,135249,1448.3377278645833,1427.6192626953125,1391.0389331054687,1466.6709832763672,1467.2645211955537,1438.7106085098428,69.86563871483021,27.23918175116341,20.122756224099117,7.116425527064301,1538.8087352021644,1339.213750149398,17.38554751776856,0,1477.3701515940704,1415.605754933297,58.21807885692694
2025-05-14,1600.2585691509291,1613.3601493955168,1568.2435469918616,1604.29736328125,72553,1469.5059543185764,1440.0110917524858,1395.7121411132812,1468.334040527344,1494.671089612693,1453.763949852698,72.64389627428702,36.87698906981405,23.4736027932421,13.403386276571943,1566.548659494641,1337.4503151147342,18.597560852765017,0,1486.62990604985,1424.8655093890766,58.274372522223366
2025-05-15,1604.691456866489,1609.6168450091118,1589.5212373374643,1593.4615478515625,22908,1489.8423258463542,1453.544716574929,1399.7726318359375,1469.6872912597655,1514.429181260467,1466.4637314889585,70.51068269421074,43.14333158923955,27.40754855244159,15.735783036797962,1588.5989920768675,1336.30332725907,19.7230018066903,0,1486.62990604985,1424.8655093890766,54.77734453603758
2025-05-16,1593.4615590502783,1612.5720892277088,1577.2077780653933,1592.1810302734375,46355,1506.5448811848958,1464.8014692826705,1403.7424951171874,1471.0651684570312,1529.979551063061,1477.892576833002,70.24815280942164,47.45904775532927,31.417848393019128,16.041199362310138,1606.9344243869543,1337.5019891872646,20.444612203505148,0,1486.62990604985,1424.8655093890766,52.708679859731824
2025-05-19,1594.742191213246,1630.1065020016235,1584.9898986756873,1596.5152587890625,32028,1525.403632269965,1474.4417946555398,1408.6235546875,1472.504859008789,1543.286692608261,1488.6764570108255,70.64652977932171,50.64521343365095,35.26332140114549,15.381892032505462,1622.0130798522932,1343.375933819582,21.361019295054017,0,1495.0030823529032,1454.7872616505683,53.36305624913852
2025-05-20,1596.515196871843,1625.3780182653804,1561.8405139150063,1573.4644775390625,40775,1541.3400065104167,1482.470176003196,1412.992373046875,1473.6992651367189,1549.3222495944217,1496.384458877029,65.61454909339194,50.72553489463053,38.3557640998425,12.369770794788025,1630.0169781309187,1353.349696673769,21.59023700715072,0,1495.0030823529032,1454.7872616505683,54.62254994494231
2025-05-21,1577.207711807696,1620.4526422368947,1566.2733745633209,1612.572021484375,48039,1561.7529975043403,1492.7239379882812,1418.3137622070312,1475.0101568603516,1561.9722039724122,1506.9469645686058,69.57414203427133,53.330086155769095,41.35062851102782,11.979457644741274,1646.671795875525,1352.9683530502564,21.80308202552623,0,1495.0030823529032,1475.892549859277,54.193339251211015
2025-05-22,1604.6913940202278,1615.6257312188702,1586.95999740122,1595.431640625,18007,1578.313232421875,1501.8941095525568,1422.7298657226563,1476.3060260009763,1568.66409130293,1514.9910260282782,65.9875464661483,53.39561489687321,43.7596257881969,9.635989108676313,1657.9459126868878,1356.0960672935807,22.00072382830349,0,1539.430034624066,1490.4224380462786,54.19333916016074
2025-05-23,1610.6019133882637,1610.6019133882637,1556.4226441305543,1585.08837890625,45468,1591.3053114149309,1508.0418867631392,1426.402236328125,1477.511760864258,1571.9489488235945,1521.3635126535482,63.84856310805478,52.01335454385617,45.41037153932876,6.60298300452741,1666.0504974395135,1356.3252349823615,21.31981494736285,0,1545.0449972406927,1495.0030823529032,54.706993944687646
2025-05-26,1585.482433796518,1619.9601505923415,1576.7152189044043,1594.7421875,65170,1594.1948784722222,1514.55683482777,1430.1859204101563,1478.8406311035155,1576.5075965588755,1528.0343012759529,64.98926587624018,51.10774663892721,46.54984655924845,4.55790007967876,1675.253841944946,1357.3075960433357,20.88177682491164,0,1593.2645730660888,1495.0030823529032,54.15816142997711
2025-05-27,1610.404893876722,1613.458610359096,1578.094300792221,1585.7779541015625,209891,1592.1371663411458,1518.3762484463778,1434.8473095703123,1480.4268524169922,1578.361668067413,1533.2837242600992,63.00135913882247,49.100704771213714,47.06001820164151,2.040686569572209,1682.4839738178375,1360.7162947368502,20.47502713977836,0,1593.2645730660888,1495.0030823529032,53.89782289462736
2025-05-28,1594.1511622061137,1600.7511341674956,1567.3569787649624,1593.8555908203125,39463,1592.1809488932292,1522.9658147638495,1440.1608178710935,1482.108133544922,1581.4604526179928,1538.790257583755,64.06793654042002,47.61305376101154,47.17062531351552,0.4424284474960274,1689.6494843895014,1366.593215805811,19.77071078993613,0,1593.2645730660888,1495.0030823529032,52.856460245591926
2025-05-29,1605.676463749776,1608.6316965051435,1571.494319645515,1577.40478515625,53843,1590.5391438802085,1527.4210482510653,1445.3265649414063,1483.5488092041016,1580.6493191256443,1542.3006691812543,60.258073300410246,44.59260133524663,46.655020517861736,-2.062419182615109,1689.8231607462776,1382.7816854451285,19.31094046849703,0,1593.2645730660888,1495.0030823529032,48.65580253392716
2025-05-30,1585.3838950476393,1598.1899036986724,1556.422589894788,1569.524169921875,209822,1587.5401340060764,1532.2434525923295,1450.6617456054687,1485.0520379638672,1578.4242892848906,1544.775532884947,58.46450242621332,41.089319144395176,45.54188024316842,-4.452561098773245,1686.3809037845035,1402.1329389889336,18.406675721663447,0,1590.9003040800842,1495.0030823529032,48.00143821342257
2025-06-02,1617.3989538691872,1743.48888810202,1617.3989538691872,1717.581298828125,620045,1603.5531141493057,1546.052451393821,1459.2644287109374,1487.192119140625,1606.2556911935376,1560.4851479706908,74.07632826432135,49.68715313389157,46.37093482131306,3.3162183125785134,1711.3923363215963,1404.693833111997,20.09888655325953,0,1649.9557389984038,1551.6942754031015,50.79483608313323
2025-06-03,1733.7366473807265,1854.113086957325,1712.163423002776,1816.9757080078125,627342,1626.2646348741318,1564.531610662287,1469.855,1489.8599560546877,1648.399694556393,1583.8024716104292,79.6155684994245,63.78601122963892,49.85395010297823,13.932061126660685,1757.5562865148045,1397.5488038172266,22.65217329962708,0,1705.2678384260566,1607.006374830754,57.7114833367685
2025-06-04,1815.4980384360829,1859.8265309643648,1807.6174175421656,1822.4920654296875,165120,1651.4935709635415,1581.8331576260653,1479.8348193359377,1492.4792767333984,1683.2181687310515,1605.501525593998,79.87261761232654,74.54527031574844,54.79221414553228,19.75305617021616,1794.2272059453255,1400.1233799921745,25.06418868967554,0,1708.1245604295764,1609.8630968342738,60.00530517609362
2025-06-05,1825.6444163334584,1873.617648724438,1825.6444163334584,1838.8443603515625,104763,1679.6886800130208,1600.5630604137075,1489.7584912109376,1495.2631060791016,1714.343407055154,1626.7145105719585,80.65150675936428,83.42982708278441,60.51973673298271,22.910090349801703,1825.980002519436,1409.3695091993145,27.405923484833856,0,1715.020119309613,1616.7586557143104,61.1311103284104
2025-06-06,1843.080186285064,1877.557902223053,1837.268204405772,1853.1279296875,96532,1708.3982069227432,1619.7944613370028,1499.815146484375,1498.0232928466796,1742.1003115816234,1647.2975486733712,81.33110113706934,90.5793249289668,66.53165437217953,24.047670556787267,1855.1390317024748,1420.8843203483066,29.61044597301484,0,1716.9902460589203,1618.7287824636178,60.786331363506456
2025-06-09,1871.4504598795509,1897.259444724915,1850.468259042447,1864.0623779296875,72702,1739.3186984592014,1639.576610218395,1509.1704296875,1500.3571881103517,1766.4927248512363,1667.0034422421272,81.85647575346268,96.02080401376884,72.42948430049739,23.59131971327145,1881.8122805232224,1433.8013425236527,31.80954852469342,0,1726.8410173098514,1628.579553714549,59.59016574437031
2025-06-10,1871.6474283139976,1886.5220759313784,1848.9906436554595,1869.7757568359373,47064,1769.9764946831597,1658.8214388760653,1518.3267260742186,1502.664732055664,1787.1493312481766,1685.4372890233826,82.13930837076467,99.64558504408387,77.8727044492147,21.77288059486918,1911.6335770552264,1434.0840132768049,33.8045637083685,0,1726.8410173098514,1628.579553714549,58.40103464453781
2025-06-11,1869.874338342749,1896.2744673381724,1842.3907682359013,1870.56396484375,38311,1802.54973687066,1677.1125432794745,1527.2170532226562,1504.8814031982422,1803.8322579672915,1702.2669868252342,82.18057832119314,101.41282797108964,82.58072915358969,18.83209881749997,1938.176888037257,1434.1673624510245,35.73856796351644,0,1726.8410173098514,1628.579553714549,60.2023178791536
2025-06-12,1853.522076164956,1881.399821668828,1846.429565207506,1851.2564697265625,47410,1833.8533257378472,1689.9543789950285,1536.074873046875,1506.7530511474608,1813.3171003191453,1715.8114852708095,77.45910106726222,100.10151922396994,86.08488716766574,14.016632056304204,1957.3925776978087,1440.731164977972,37.53442905758239,0,1757.3291992970512,1628.579553714549,58.83024553655451
2025-06-13,1802.691995766664,1871.4504598795509,1795.1069463976294,1864.0623779296875,32440,1850.1290011935764,1701.7618796608665,1545.621259765625,1508.3680859375,1823.466155841254,1729.288839148889,78.3476530103282,98.95493645284093,88.65889702470078,10.296039428140134,1975.87318355998,1449.4386938814262,37.50760007276478,0,1804.7114338638453,1628.579553714549,61.19442995041053
2025-06-16,1861.7966690907044,1930.752101279249,1832.3428247204229,1915.4833984375,88065,1861.0743001302085,1716.3992365056818,1556.1330224609376,1510.096650390625,1841.8696043605032,1746.2156172660357,81.50101904167566,101.03088678431344,91.13329497662332,9.897591807690134,2000.6952931853184,1456.5133982209318,38.178579993394976,0,1862.9295238384395,1689.7528342628789,65.69764187840704
2025-06-17,1920.9013784152887,1940.6029310144208,1876.7698524937416,1884.946044921875,50768,1868.013631184896,1729.70673717152,1565.4715576171875,1511.681640625,1850.4848924727776,1758.8274743256572,74.5566735646005,99.06996625890088,92.72062923307884,6.349337025822038,2014.531938241761,1473.8249099027703,38.90398365090417,0,1867.8549387060248,1700.2932117470914,67.87185067256033
2025-06-18,1901.199792778948,1944.543207743857,1885.044495878645,1897.5550537109373,62199,1874.53704155816,1743.3903642134233,1575.5636767578126,1513.5806243896484,1859.8989247204092,1771.4390724515918,75.48548142593869,97.41047690439837,93.65859876734274,3.751878137055627,2029.6143384203767,1487.24081294681,39.619979021516826,0,1869.8250770707432,1750.4828988193226,69.47612109844272
2025-06-19,1899.229595309808,1918.340124623564,1863.9637694550825,1872.8294677734373,40954,1876.726101345486,1756.9978637695312,1585.9926928710938,1515.3860247802734,1862.485033331015,1780.656381117214,70.0827491144115,93.02780486349889,93.53243998657398,-0.5046351230750901,2036.6729483032957,1507.9219857787357,39.624282125429104,0,1869.8250770707432,1750.4828988193226,70.37676691019965
2025-06-20,1853.226542003409,1871.6474450738544,1843.277162017453,1860.6146240234373,31552,1876.343017578125,1768.2725275213068,1597.6422216796875,1517.186254272461,1862.1109514695,1787.9253122905072,67.5120153554559,87.55953803813895,92.33785959688696,-4.778321558748019,2037.7859451739184,1534.361613419832,39.01387992068452,0,1869.8250770707432,1750.4828988193226,60.06159459418817
2025-06-23,1835.1995596250515,1869.972846830697,1807.8143543824697,1815.7935791015625,37475,1870.344997829861,1778.2889792702415,1607.32455078125,1518.693176879883,1852.8474769959123,1790.4587910915122,58.964922056694334,78.70198593859755,89.61068486522909,-10.908698926631544,2032.3362758221297,1561.9164219317768,37.49131068799929,0,1869.8250770707432,1750.4828988193226,54.36222520087948
2025-06-24,1837.1697270795587,1852.536913615572,1810.474148124556,1815.3995361328125,23933,1864.2156168619792,1788.7576682350852,1617.71810546875,1519.790307006836,1845.3578888232928,1792.7261315498122,58.89432978716549,70.83398601194995,85.85534509457327,-15.02135908262332,2021.762712657384,1595.4521432996478,36.07749640050585,0,1869.8250770707432,1750.4828988193226,53.63748606293783
2025-06-25,1824.2652364528087,1871.6474450919704,1823.6742139409475,1846.1339111328125,36665,1863.646443684896,1800.1845647638495,1627.7501342773437,1521.0292877197269,1845.5130932851969,1797.5813842391758,62.65025191705847,66.31411870746047,81.94709981715071,-15.632981109690247,2009.2441594720472,1633.198528516234,35.11723470321472,0,1869.8250770707432,1750.4828988193226,54.00336646753836
2025-06-26,1849.8773214710025,1850.3698602902743,1783.9756034026805,1790.181640625,51091,1855.437472873264,1809.4756414240055,1635.865205078125,1521.997373046875,1834.4468027531573,1796.9086802742509,53.13215190819688,57.55376669098382,77.06843319191734,-19.514666500933515,1982.0726680113287,1681.6477055238277,33.18934774624618,0,1864.2594055732689,1750.4828988193226,55.86797782970358
2025-06-27,1806.63229718566,1831.2592368964783,1787.4232842112217,1806.5338134765625,39459,1843.33196343316,1819.1428333629265,1644.0590795898438,1523.0196374511718,1828.8642048978384,1797.783692383552,55.27090190227112,51.33880648741911,71.92250785101768,-20.58370136359858,1930.9979274588936,1756.423410431731,31.39916700048968,0,1864.2594055732689,1750.4828988193226,55.656889758474186
2025-06-30,1815.596575894442,1930.752176165488,1807.2234159467853,1897.7520751953125,157160,1844.754855685764,1833.7040738192472,1654.2743359375,1524.2199542236328,1842.6417789573331,1806.8717271846208,64.8947382519752,53.16114849937048,68.17023598068825,-15.009087481317763,1920.121130694012,1785.317284833332,31.41592259816388,0,1864.2594055732689,1750.4828988193226,61.84881335940323
2025-07-01,1924.8416178278333,1928.880411911708,1873.125044165622,1909.27734375,54864,1846.0573323567708,1849.147399902344,1664.5861254882811,1525.5072039794925,1855.9688919158668,1816.1813286905644,65.893248195684,54.90247892336038,65.51668456922268,-10.6142056458623,1927.0322645168744,1787.6363145846883,31.431481367432784,0,1857.363889784084,1750.4828988193226,61.982503976818585
2025-07-02,1918.8327391592368,1969.170181992849,1865.342975760988,1894.599853515625,127425,1848.4762641059028,1857.1936978426847,1673.481376953125,1526.8626715087892,1863.6950842358185,1823.3102854928427,63.41931945708546,54.4702459442758,63.30739684423331,-8.837150899957507,1930.5088065061889,1791.3705514039675,31.969783267781512,0,1876.5728926977647,1762.7963859438184,66.90085753185706
2025-07-03,1904.154982990039,1970.056697863392,1891.841513105209,1926.811767578125,122895,1855.8315022786455,1862.1862460049715,1682.989345703125,1528.2536010742188,1876.31842090428,1832.7195111369592,66.40075360125648,56.08046970702412,61.86201141679148,-5.781541709767353,1939.9646529863423,1790.7114456464703,32.48068859781792,0,1877.016150633036,1763.23964387909,67.0345483373043
2025-07-04,1936.465612507496,1947.39994992124,1907.5043067436409,1940.1103515625,37464,1869.644476996528,1867.5325317382808,1691.7565356445311,1529.4588433837891,1889.076807035924,1842.4823148120083,67.57569881590993,57.76380306169676,61.04236974577254,-3.278566684075777,1951.143494462779,1788.2308463575337,32.95510068999458,0,1877.016150633036,1763.23964387909,62.85500309578809
2025-07-07,1940.208809238122,1969.170114613347,1916.9610020197963,1945.7252197265625,39968,1884.1251085069443,1872.390752618963,1700.8133374023437,1530.66482421875,1900.406489574052,1851.868033440604,68.08318758763465,58.87228673372533,60.608353143363104,-1.7360664096377718,1961.9490617309216,1785.5915632690785,33.688488403378564,0,1877.016150633036,1793.7278258662895,62.024719815278914
2025-07-08,1945.823826156864,1960.304418738505,1876.868394341942,1896.5699462890625,53485,1889.7291124131943,1874.365389737216,1709.156943359375,1531.80923828125,1899.639180917054,1855.931843699555,59.32860953377378,55.14862920273663,59.51640835523781,-4.3677791525011855,1963.8456512283944,1786.3743927169185,33.16402520611295,0,1877.016150633036,1841.110060433084,63.72749564203472
2025-07-09,1902.0863968479623,1924.8416657764328,1892.432588091044,1906.814697265625,21983,1902.6883409288196,1876.3086769797585,1718.024611816406,1532.9846813964843,1901.074284186768,1860.5575576601068,60.46949915293492,52.42000438652849,58.09712756149595,-5.677123174967463,1966.741523350248,1787.1035938372518,32.67702366579489,0,1878.739991037307,1877.016150633036,62.15840439324239
2025-07-10,1911.7401123046875,1954.394021869375,1876.6713726555688,1911.7401123046875,52975,1914.3779296875,1878.2161476828835,1727.9837475585937,1534.4566339111327,1903.207449810352,1865.2105171732503,61.03541360913217,50.07772455487702,56.49324696017217,-6.41552240529515,1970.1989848059827,1789.6944966393296,32.70626264204698,0,1888.6400569050888,1877.016150633036,65.59914321165823
2025-07-11,1910.0654555741744,1914.8923598365627,1861.8951371574472,1885.1429443359373,30263,1912.9769151475691,1878.878828568892,1737.477922363281,1535.5456365966795,1899.594548715469,1867.022556006222,56.344601574296455,45.55020730402612,54.30463902894296,-8.754431724916842,1970.963847968673,1791.037690117265,32.28697739277465,0,1915.9759175104195,1877.016150633036,64.94476679957882
2025-07-14,1885.142956467508,1924.9401155878013,1861.79666542908,1899.2296142578125,38754,1911.8605007595488,1881.0594260475848,1746.6253540039063,1536.6595129394532,1899.5215618239376,1869.9504703927305,58.177885583565725,42.60763945391909,51.96523911393818,-9.35759966001909,1969.127407171472,1791.248752496497,32.07139175375584,0,1915.926681646236,1877.016150633036,66.4505299901292
2025-07-15,1917.2566487321951,1957.34926036951,1913.119250516748,1943.3612060546875,45061,1917.2784288194443,1884.6639182350848,1756.9568481445312,1538.0866442871093,1908.289490670088,1876.6241736347265,63.36801496977636,43.33712051864086,50.23961539487872,-6.90249487623786,1976.43459204086,1789.78308374039,32.39427477723283,0,1915.926681646236,1877.016150633036,66.58422550102487
2025-07-16,1949.2716926755445,1994.6837480754407,1912.0357095826323,1915.779052734375,129018,1916.0525716145837,1884.6773570667613,1766.6716870117189,1539.3500067138673,1909.7874030829453,1880.183708098331,58.48300828854752,41.21449521310024,48.43459135852302,-7.220096145422786,1978.290758776116,1789.7493169074778,33.209611238111336,0,1928.2402067522603,1889.3296757390608,67.74520990139733
2025-07-17,1931.146133765208,2024.334449839458,1916.4684536071368,1986.5074462890625,333455,1921.2078043619792,1889.2937844016333,1777.8247338867188,1540.9303173828123,1925.131411724169,1889.8495024793065,65.77005522522182,44.723939884482434,47.69246106371491,-2.968521179232475,1994.2786723829051,1785.129201152251,34.32277345213359,0,1943.065557634269,1904.1550266210693,72.36802735995637
2025-07-18,1986.606012420249,1996.456788740573,1950.55219513761,1971.4359130859373,41568,1924.0645480685764,1892.6520052823157,1788.3256616210938,1542.3283892822265,1934.3923119965227,1897.2664488980909,63.22350310606649,45.76154272039298,47.30627739505053,-1.5447346746575477,2004.9482063212488,1785.541796120158,35.356424079439975,0,1943.065557634269,1904.1550266210693,66.77418671095906
2025-07-21,1996.653903852843,2001.3822044023311,1955.3791264537688,1991.728515625,52305,1934.637722439236,1898.0565074573865,1798.7970385742187,1543.669818725586,1945.8595527222185,1905.853909509628,65.17846063399651,47.671763461383534,47.37937460831713,0.2923888530664058,2015.126497793613,1792.956998300137,36.3777036588854,0,1943.065557634269,1904.1550266210693,66.07759458256452
2025-07-22,2000.692624209198,2002.170240622942,1968.2835468180028,1994.9791259765625,38037,1944.433770073785,1904.163984818892,1807.3218994140625,1545.115419921875,1955.6834673730875,1913.9562019157129,65.49487949634609,48.88441514164174,47.68038271498205,1.204032426659687,2022.9622203452864,1803.0792347328388,37.33641650965189,0,1943.065557634269,1904.1550266210693,61.08184369492725
2025-07-23,2005.026964331048,2005.026964331048,1956.9551295136,1980.4000244140625,47888,1952.0626491970488,1911.64609596946,1814.8439526367188,1546.812954711914,1960.6267787812824,1919.9965494155624,62.74117352175253,48.11440576202449,47.76718732439054,0.3472184376339484,2028.87289233686,1810.5951740693904,37.76888678037241,0,1943.065557634269,1904.1550266210693,58.92874727058904
2025-07-24,1991.0,2018.800048828125,1982.0,2011.5999755859373,47999,1966.1134304470488,1920.564297762784,1823.2067211914064,1548.7625341796877,1970.8214181422136,1928.3241336128692,66.03257376355356,49.45169473743658,48.10408880699975,1.3476059304368349,2028.9807913530956,1832.6291085492485,38.3849488430111,0,1943.065557634269,1904.1550266210693,58.821917358907854
2025-07-25,2011.5999755859373,2019.9000244140625,1972.4000244140625,1986.699951171875,54079,1975.8323567708333,1926.953663219105,1831.097099609375,1550.8661450195314,1973.9971247481456,1933.6310261182336,61.37286808785841,47.94954945451627,48.07318093650306,-0.1236314819867843,2021.6870996588443,1857.9394140130305,38.55660462398191,0,1968.185079711045,1904.1550266210693,58.48555217365423
2025-07-28,1973.199951171875,2004.0,1904.199951171875,1952.800048828125,68844,1976.8811170789927,1934.34540904652,1838.2227954101563,1552.5919116210937,1969.7577095641416,1935.3736645464053,55.61843694189424,43.521955676036896,47.16293588440983,-3.6409802083729295,2022.1551271216083,1862.976183913548,36.43746514662328,0,1964.2672005056663,1904.1550266210693,59.65441106162292
2025-07-29,1935.0999755859373,1962.5999755859373,1911.0,1944.4000244140625,31170,1980.0612250434028,1940.6120549982245,1845.6415063476563,1554.241200561523,1964.686172534126,1936.1942427161923,54.2608143066119,38.886979051023445,45.50774451773255,-6.620765466709102,2022.3533243739107,1866.290254727652,34.46969277479027,0,1964.2672005056663,1904.1550266210693,61.02518948309067
2025-07-30,1959.0,1985.0,1942.0,1975.0,30064,1978.7826199001736,1944.1233243075285,1852.8900659179687,1556.1097357177734,1966.748938027301,1939.722038832902,58.25803725277997,37.25345434539213,43.85688648326447,-6.603432137872339,2023.830442968791,1872.853150781209,33.15953689210948,0,1962.0499877929688,1904.1550266210693,58.54500025353309
2025-07-31,1915.0,1973.5999755859373,1881.0,1923.699951171875,74535,1973.4786241319443,1944.778897372159,1859.4554321289063,1557.47845703125,1958.139140656216,1938.265485409172,50.31875546819358,31.45677491913102,41.37686417043778,-9.920089251306756,2023.8742621953395,1872.498149914036,31.20652858763636,0,1950.4500122070312,1904.1550266210693,61.473770062167695
2025-08-01,1906.300048828125,1939.0,1905.5999755859373,1913.699951171875,24112,1964.8087836371528,1945.6470836292613,1866.0276635742184,1558.6555731201172,1949.251302759348,1936.0322550239632,48.91925794876506,25.759014400902288,38.25329421653068,-12.494279815628389,2024.0536938831008,1869.677678187211,29.393020876339893,0,1950.4500122070312,1905.87886702534,59.34923965183493
2025-08-04,1913.699951171875,1958.0,1896.199951171875,1932.9000244140625,32950,1957.911105685764,1945.9238225763493,1872.7908203125,1559.999861450195,1945.9810470902908,1935.7475067866997,51.69707259022126,22.53303676746873,35.10924272671829,-12.576205959249563,2023.6650118455063,1868.783840693556,27.36098446565736,0,1950.4500122070312,1915.7789328931217,59.61212556015119
2025-08-05,1932.9000244140625,1934.699951171875,1867.5999755859373,1876.4000244140625,24438,1946.3555501302085,1943.0278986150568,1878.60326171875,1561.0059924316406,1932.0648425550453,1930.35228111646,44.09748340125029,15.241652162727632,31.13572461392016,-15.894072451192528,2025.8391589339128,1864.59270141765,26.01595965183173,0,1943.75,1943.065557634269,58.50154963823185
2025-08-06,1876.4000244140625,1900.300048828125,1829.0,1889.199951171875,35717,1932.755547417535,1940.4585682262075,1884.510148925781,1562.3450500488282,1923.4918642784116,1926.6111602124065,46.03299682245554,10.376411633565112,26.98386201784915,-16.60745038428404,2027.081628728613,1861.5887570135749,25.551366065445364,0,1924.4500122070312,1926.667224919729,55.840453332734846
2025-08-07,1875.0,1891.0,1839.800048828125,1849.699951171875,29065,1917.5333251953125,1938.3281139026988,1889.9560522460936,1563.6173760986328,1908.733481657104,1919.6192321178128,41.28283273186808,3.295366641958253,22.24616294267097,-18.95079630071272,2033.2561346848115,1849.2102349440947,25.11995773522945,0,1916.5,1926.667224919729,56.218693159085696
2025-08-08,1859.0,1859.0,1800.0,1807.199951171875,22368,1901.3555365668403,1933.8001708984373,1894.7095678710937,1564.7826055908204,1888.4267755600583,1909.399297486364,36.87388656368701,-5.680328056787175,16.660864742779342,-22.34119279956652,2044.686026280297,1829.9860440322032,25.441101006596345,0,1892.5,1912.167224919729,57.147044734188384
2025-08-11,1816.199951171875,1828.5999755859373,1794.0,1813.800048828125,25288,1886.8444281684028,1929.348349831321,1896.6339428710935,1566.3342321777343,1873.501430213672,1900.7084566992512,37.98161141491788,-12.121330893120104,10.904425615599454,-23.02575650871956,2052.874255020452,1813.2548587490796,25.8397230866071,0,1889.5,1909.167224919729,57.19799343283111
2025-08-12,1823.300048828125,1834.0,1802.5,1809.4000244140625,17997,1868.4444308810764,1925.905489834872,1896.4824291992188,1567.7628881835938,1860.6811490537505,1892.4076901278704,37.50906067865796,-17.38056491025054,5.247427510429454,-22.627992420679995,2058.134111100757,1794.5988845047116,26.032133817902587,0,1883.7999877929688,1909.167224919729,56.014290945870535
2025-08-13,1837.699951171875,1870.0,1829.5999755859373,1851.5,47493,1860.4222140842012,1923.7359619140625,1897.062587890625,1569.5759106445312,1858.8449192430005,1888.6888092071547,44.61002989293812,-17.944575675674287,0.6090268732087059,-18.553602548882992,2059.077564947141,1787.2275253848902,25.10917818170161,0,1876.0,1909.167224919729,57.6000017438616
2025-08-14,1851.5,1895.0,1815.0,1831.5999755859373,41437,1851.2999945746528,1918.6559059836648,1896.9177001953128,1571.3049475097655,1853.395930511588,1883.4989152415892,42.17071434776938,-19.76943419813165,-3.466665341059365,-16.302768857072284,2053.763968613226,1777.0503746484928,23.586841963493416,0,1876.0,1909.167224919729,59.92143031529018
2025-08-18,1881.0,2005.0,1861.0,1981.0,140874,1856.644436306424,1921.6204944957387,1899.4751416015624,1573.8652087402345,1878.9167444092704,1892.3626502196264,59.899160605983255,-9.055923295822367,-4.584516932011966,-4.471406363810401,2055.120875998188,1776.6498759549368,23.71183990894898,0,1899.5,1909.167224919729,65.17857142857144
2025-08-19,1985.0,2157.199951171875,1950.0999755859373,2092.0,286084,1880.5999891493057,1926.4156105735085,1904.0338940429688,1577.035142211914,1921.5333955274168,1910.5115001996603,67.79799128764134,8.295755311921994,-2.0084624832251743,10.304217795147167,2077.7411113161693,1764.0567890744558,25.40060883866741,0,1975.5999755859373,1975.5999755859373,76.28571428571433
2025-08-20,2108.699951171875,2135.89990234375,2070.0,2082.699951171875,62896,1902.0999891493057,1931.473066850142,1908.2923779296875,1579.9012237548827,1953.7667066563083,1926.164995742589,66.61407156977326,21.053952544669983,2.6040205223538573,18.449932022316126,2095.210297623857,1755.3596852862993,26.968751416263093,0,1975.5999755859373,1975.5999755859373,77.9214215959822
2025-08-21,2093.199951171875,2129.0,2026.199951171875,2046.5999755859373,81670,1923.9777696397568,1933.9672241210935,1911.8130981445315,1582.5237603759765,1972.3333604422344,1937.1136302738023,62.08218741078813,27.92998990199408,7.669214398281902,20.26077550371217,2105.477306599164,1751.71267142818,27.481772971633845,0,1975.5999755859373,1975.5999755859373,78.54999651227683
2025-08-22,2057.699951171875,2073.199951171875,2026.0999755859373,2056.699951171875,45905,1951.6999918619792,1936.7727161754265,1915.9219677734372,1585.056177368164,1989.2066785881625,1947.985113991809,62.8438139157051,33.8046042326564,12.896292365156803,20.9083118674996,2113.251676351214,1748.4482992347234,27.956040037610983,0,1975.5999755859373,1975.5999755859373,79.52856445312504
2025-08-25,2012.0,2035.0,1956.0,2000.0,111671,1972.3888753255208,1937.663624156605,1918.640720214844,1587.3075567626954,1991.3653428705304,1952.7137399925532,56.03872137644221,33.49891161496089,17.016816215117622,16.482095399843267,2114.8685154031546,1748.1614650655958,27.03055558035549,0,1979.8499755859373,1975.5999755859373,82.30712890625004
2025-08-26,1990.0,2075.0,1972.0999755859373,2041.199951171875,222824,1998.144422743056,1939.0090775923293,1921.1550512695312,1589.6317041015625,2001.3322645307992,1960.7579410088556,59.47284786843014,36.16426066477993,20.846305105050085,15.317955559729846,2125.6022602032654,1746.26771049986,26.660266090509584,0,1986.0999755859373,1975.5999755859373,84.86427525111613
2025-08-28,2050.0,2200.0,2044.0,2100.5,387794,2025.8110894097224,1944.181807084517,1925.4661303710936,1592.048933105469,2021.1658116246397,1973.461764553505,63.85005093743419,42.570856998764384,25.191215483792945,17.37964151497144,2147.2184630145784,1740.26150524714,27.507034067213084,0,2007.5,1997.0,91.11427525111613
2025-08-29,2106.0,2141.0,2082.800048828125,2100.699951171875,99297,2055.711086697049,1950.904529918324,1929.5290283203128,1594.4553411865234,2037.0726395340864,1985.028872427902,63.86422327828297,47.12108263028358,29.57718891309107,17.54389371719251,2165.008850252997,1735.0411131259089,28.29331861700919,0,2030.5,1997.0,91.61427525111613
2025-09-01,2140.0,2198.60009765625,2110.800048828125,2192.39990234375,168201,2079.199964735243,1962.1772516424005,1935.9204370117188,1597.3399505615234,2068.138092096019,2003.8807842384335,69.72604825828591,57.46417764726107,35.15458665992507,22.309590987335994,2203.625893179727,1723.2940653163669,29.47280001809563,0,2075.0499877929688,1997.0,94.3928571428572
2025-09-02,2214.0,2214.89990234375,2166.0,2191.60009765625,68973,2090.266642252604,1972.0227106267755,1942.540146484375,1600.6057263183593,2092.830493208065,2020.946176367326,69.61996940768093,64.84907761258819,41.0934848504577,23.75559276213049,2236.7830389376268,1717.926934206905,30.687246276820005,0,2085.449951171875,2004.449951171875,95.41428048270096
2025-09-03,2191.60009765625,2205.0,2168.300048828125,2180.0,115726,2101.0777587890625,1983.672712846236,1949.824274902344,1603.8940313720702,2110.264394566452,2035.4056148793877,68.0040092289045,68.97058315572076,46.66890451151032,22.30167864421044,2263.3692745153776,1716.0506961877472,31.81494637420693,0,2085.449951171875,2004.449951171875,95.78570556640632
2025-09-04,2238.89990234375,2239.0,2150.199951171875,2175.60009765625,103006,2115.411105685764,1995.577264959162,1957.0282861328128,1607.5546142578123,2123.331535184412,2048.150567859102,67.36530588794454,71.06270402783957,51.54766441477618,19.515039613063397,2284.882176849359,1724.457801177985,33.12270878393054,0,2097.5,2016.5,97.79999651227683
2025-09-05,2160.0,2180.0,2006.0999755859373,2042.9000244140625,356617,2113.877780490451,2000.577264959162,1960.9636083984376,1610.4118157958983,2107.245233030342,2047.6732457277344,51.61876713208533,61.30623785387934,53.49937910259682,7.806858751282519,2287.620091251946,1737.0898940996162,31.79249833222512,0,2097.5,2016.5,104.50714111328134
2025-09-08,2064.89990234375,2210.699951171875,2057.300048828125,2169.60009765625,209305,2132.7222357855903,2013.904541015625,1968.5519775390624,1613.875920410156,2119.716205955524,2058.7575049939637,60.9938008919512,63.07076463885551,55.41365620984856,7.657108429006946,2300.984016943416,1755.7159830565845,30.872633519554636,0,2105.5499877929688,2016.5,104.10713413783488
2025-09-09,2150.0,2249.699951171875,2126.10009765625,2183.10009765625,132097,2148.488918728299,2027.2636385830965,1976.083303222656,1617.44865234375,2132.392984295669,2070.0613770541718,61.842239404898,64.81139656852247,57.29320428158334,7.518192286939126,2307.120476529913,1787.1695381185243,30.400603690536727,0,2127.8999633789062,2021.8499755859373,98.14283970424113
2025-09-10,2189.0,2200.0,2110.0,2130.199951171875,93038,2151.788913302951,2040.0136385830965,1980.7322607421877,1620.9236083984374,2131.9543776709106,2075.528520155781,56.64298945367036,61.21659341416853,58.07788210810038,3.1387113060681457,2300.709766478393,1825.22023840442,29.70935647548125,0,2127.8999633789062,2021.8499755859373,99.86427525111613
2025-09-11,2122.10009765625,2180.699951171875,2106.10009765625,2163.60009765625,72835,2158.777818467882,2056.213645241477,1985.8187158203125,1624.3828326416017,2138.2835216679787,2083.535027201278,58.98747815297765,60.36692634994779,58.53569095646986,1.8312353934779253,2289.955256707399,1871.394755499632,29.003856570414595,0,2127.8999633789062,2021.8499755859373,97.84997558593754
2025-09-12,2155.0,2275.0,2128.5,2148.10009765625,213528,2153.855617947049,2071.409102006392,1990.888720703125,1627.7465795898438,2140.246836865633,2089.4045790608207,57.435320353886446,57.7768233640204,58.38391743797997,-0.6070940739595727,2276.5359413431265,1914.47408062953,29.271677459746492,0,2140.5499877929688,2034.5,104.94997732979914
2025-09-15,2145.0,2164.39990234375,2074.89990234375,2089.300048828125,108414,2142.4889458550347,2084.1318303888493,1994.138486328125,1630.8953784179687,2130.0574792581315,2089.395076312394,51.86035469401923,50.39851287463671,56.78683652531133,-6.3883236506746215,2240.370959645516,1976.4090696513592,28.66885829608371,0,2140.5499877929688,2034.5,104.14998081752236
2025-09-16,2098.0,2140.0,2062.300048828125,2098.39990234375,119076,2133.422268337674,2095.354553222656,1997.30427734375,1633.8823181152345,2123.7259638752557,2090.2136968606987,52.62672376200372,44.76935749674067,54.3833407195972,-9.613983222856533,2232.0667707272173,1996.4532488040325,27.917253166170745,0,2140.5499877929688,2034.5,102.34997558593751
2025-09-17,2099.89990234375,2105.10009765625,1989.9000244140625,2024.4000244140625,1396770,2116.622260199653,2104.1181918057528,1998.8777734375,1636.4844818115234,2103.8607759830165,2084.2306357291864,46.18740493470639,33.945734303180416,50.29581943631385,-16.350085133133433,2235.081356437893,1986.6786655347637,26.198922459142324,0,2132.4500122070312,2034.5,99.2356916155134
2025-09-18,2027.0,2060.0,2020.4000244140625,2053.0,150223,2117.744479709201,2107.39091907848,2002.0063745117188,1639.2229962158203,2093.688620786413,2081.391487026533,48.79514373189207,27.3603212005155,45.70871978915418,-18.34839858863868,2235.7072856594,1983.0827411960684,24.60332965975879,0,2132.4500122070312,2038.75,97.90712193080358
2025-09-19,2053.0,2059.0,2025.800048828125,2042.0,53989,2103.566691080729,2105.1181918057528,2004.7100805664063,1641.650390625,2083.3508966291306,2077.8104427513936,47.83499699673832,21.01151810070087,40.76927945146352,-19.75776135076265,2235.9744997005823,1982.3555295962929,23.121707774616933,0,2132.4500122070312,2045.0,93.28567940848215
2025-09-22,2048.10009765625,2064.0,1989.9000244140625,1994.5,95029,2082.611124674479,2101.1091031161222,2006.3652783203124,1643.8626953125,2065.5807173033045,2070.23676613763,43.82479279964508,12.008763329042722,35.01717622697936,-23.00841289793664,2241.067770579899,1971.0422635997884,21.711236005658275,0,2132.4500122070312,2045.0,95.085684640067
2025-09-23,2001.9000244140625,2035.0,1983.199951171875,2019.5999755859373,98959,2070.322238498264,2099.8818303888493,2009.0544189453128,1646.033529663086,2056.384568959831,2065.633421542022,46.38272959796974,6.820748231846665,29.377890627952823,-22.55714239610616,2239.05790600802,1975.0121257302617,20.49681876927722,0,2129.099975585937,2068.0,96.16426304408483
2025-09-24,2019.5999755859373,2068.0,1994.199951171875,2055.800048828125,137289,2058.3444552951387,2099.8409257368608,2012.1858276367188,1648.3863488769532,2056.26766493349,2064.7394785680312,49.92427798755059,5.566089844738144,24.61553047130989,-19.049440626571744,2238.409427391446,1977.1206141124603,19.20680866935509,0,2129.099975585937,2112.5499877929688,95.09283447265626
2025-09-25,2062.0,2064.0,2003.0999755859373,2009.0,64233,2042.888888888889,2100.250016645952,2013.498603515625,1650.5401379394532,2046.814131946792,2059.6722532436647,45.719779976066526,0.7863269301474247,19.8496897630774,-19.063362832929972,2241.111394983404,1965.2686465205015,18.008942147998827,0,2073.7999267578125,2115.5,87.0214059012277
2025-09-26,2009.699951171875,2026.300048828125,1955.0,1962.4000244140625,87256,2028.7888861762156,2096.668201793324,2014.4310229492187,1652.3222778320312,2029.9313104402463,2050.8293233500644,41.9329017361214,-6.684839524665222,14.542783905528877,-21.227623430194097,2247.908398130673,1944.641650697452,17.305359076677913,0,2047.5,2115.0,80.12855747767858
2025-09-29,1966.0999755859373,1978.0999755859373,1921.0999755859373,1939.5,90841,2011.1333414713545,2089.350019975142,2013.4908740234373,1654.0133129882813,2011.8450483521967,2040.7084757727855,40.17199812913228,-14.288919583264942,8.77644320777011,-23.065362791035053,2243.469243384028,1923.7908152097211,17.129551305744165,0,2013.1000366210935,2098.0499877929688,75.37142508370538
2025-09-30,1957.699951171875,1963.300048828125,1868.5,1907.0,128791,1998.088894314236,2080.545476740057,2012.2021557617188,1655.5615496826172,1990.876038681758,2028.5531597934412,37.74918276190504,-22.67628806697394,2.4858969528213013,-25.16218501979524,2239.1344913530743,1899.665557475051,17.625912030435412,0,1968.25,2071.75,75.71428571428574
2025-10-01,1919.0,1974.800048828125,1912.5,1963.800048828125,107260,1988.177788628472,2070.1545743075285,2011.6435864257808,1657.5713470458984,1985.460840711032,2022.666513342049,44.09513134149744,-24.458110897642428,-2.902904617271445,-21.55520628037098,2226.191294479358,1890.9887592315797,17.866161731390296,0,1968.25,2071.75,75.2285853794643
2025-10-03,1980.0,1981.300048828125,1921.0999755859373,1936.9000244140625,56421,1976.500013563368,2058.5772982510653,2010.4820043945315,1659.4739807128906,1975.7486774516376,2014.869559803141,41.91582559226051,-27.721271918830325,-7.866578077583222,-19.854693841247105,2213.165077952498,1880.1449684342208,17.960237135564252,0,1968.25,2071.75,69.06430489676343
2025-10-06,1954.300048828125,1961.9000244140625,1904.5999755859373,1910.4000244140625,55005,1967.1555718315967,2046.32275390625,2009.0820043945312,1660.9567175292968,1962.678946844123,2005.3723293132248,39.82754458029271,-32.07592773977467,-12.708448010021511,-19.36747972975316,2217.361175959796,1862.698870426923,18.27393913506333,0,1968.25,2071.75,66.76430838448665
2025-10-07,1911.699951171875,1930.0,1884.5,1917.199951171875,76246,1955.7777913411455,2034.5772927024148,2007.19400390625,1662.474931640625,1953.5831477096733,1997.356658573102,40.64471632988581,-34.57971318302771,-17.082701044622752,-17.497012138404955,2201.816458876161,1853.00357286212,18.836573774765384,0,1968.25,2071.75,64.46431187220988
2025-10-08,1933.300048828125,1957.199951171875,1900.5,1907.300048828125,58607,1939.2777913411455,2028.4136574485085,2005.606005859375,1663.9202508544922,1944.326527933364,1989.1696940508316,39.79733104686096,-36.93703343883226,-21.05356752346465,-15.883465915367603,2179.6050186098787,1847.6350082455904,18.75933766915974,0,1966.25,2071.75,60.2857317243304
2025-10-09,1916.800048828125,1977.0,1898.0,1971.0,114156,1935.055569118924,2019.3863802823157,2005.9700048828124,1665.883794555664,1949.6612223466911,1987.517903682574,47.396778773986185,-33.281524332788194,-23.499158885329365,-9.78236544745883,2163.1573553138364,1848.1626764244447,18.27054980541224,0,1947.4000244140625,2071.75,63.10001918247773
2025-10-10,1972.800048828125,1973.9000244140625,1927.0,1942.4000244140625,42000,1932.8333468967012,2008.445467862216,2005.9300048828125,1667.8745098876952,1948.208982760165,1983.4162782945275,44.67033383592909,-32.3197243752752,-25.263271983318536,-7.056452391956665,2135.600938028262,1853.5990863858008,17.816675360503847,0,1924.9000244140625,2071.75,64.07859584263397
2025-10-13,1942.199951171875,1970.0,1928.0,1962.5,48300,1935.3889024522568,2000.8227428089488,2005.6800048828125,1670.1986962890626,1951.0671862081324,1981.5147984495704,46.97874139696012,-29.594444596860967,-26.129506506027024,-3.464938090833943,2106.8729023555666,1863.7671122928712,17.3952205188032,0,1924.9000244140625,2071.75,61.78574044363844
2025-10-14,1977.0999755859373,1986.9000244140625,1922.0,1961.5999755859373,68033,1941.45556640625,1991.64091907848,2006.4380053710936,1672.3748071289062,1953.1737440836932,1979.7043600074217,46.884416487447375,-27.19379207874817,-26.342363620571252,-0.8514284581769189,2090.495400633617,1867.3746066906017,16.602518103855747,0,1935.7000122070312,2071.75,62.72145298549112
2025-10-15,1959.9000244140625,1985.0,1936.199951171875,1975.5,45023,1942.7555609809028,1983.795460094105,2007.6740063476564,1674.845755004883,1957.638995266955,1979.3221454612924,48.600849723220605,-23.894204345443768,-25.85273176554576,1.9585274201019909,2069.146690505264,1876.43332658458,15.866437289975968,0,1935.7000122070312,2071.75,60.935738699776834
2025-10-16,1975.5,1991.0999755859373,1962.699951171875,1981.0,45009,1947.6555582682288,1978.8727306019173,2008.636005859375,1677.2799261474609,1962.311196213564,1979.474677692084,49.29900694377088,-20.5980121971802,-24.80178785187265,4.203775654692453,2063.991399729019,1877.2486149194183,15.026643647044947,0,1937.7999877929688,2071.75,58.61431012834823
2025-10-17,1985.0,1989.800048828125,1922.5999755859373,1933.699951171875,67702,1950.2444390190967,1971.3863691850145,2009.7820043945312,1679.6196948242186,1956.588947205226,1975.3133389175196,43.790197143813295,-21.55401355793901,-24.152232993085924,2.598219435146909,2050.83295130906,1878.4770584565656,15.118009324546826,0,1937.7999877929688,2071.75,58.32145472935271
2025-10-20,1935.0,1994.699951171875,1931.300048828125,1986.4000244140625,78317,1957.9333360460068,1969.6590964577413,2011.726005859375,1682.2525164794922,1962.5511626469936,1976.3212194172047,50.43563318292769,-17.853393242257198,-22.892465042920183,5.039071800662985,2040.832106219762,1882.9179059872693,15.066092042162277,0,1946.3499755859373,2071.75,58.77859061104914
2025-10-21,2002.800048828125,2051.0,2000.0,2026.699951171875,45233,1971.1999918619792,1968.4636396928267,2015.266005859375,1685.022068481445,1975.38092035197,1980.901104122175,54.83316325062915,-11.53578039610261,-20.62112811355667,9.08534771745406,2046.45437507202,1880.5156322521989,14.344707394610854,0,1974.5,2016.449951171875,56.62144252232146
2025-10-23,2039.9000244140625,2057.89990234375,2012.5,2025.800048828125,93886,1977.2888861762156,1967.7272782759237,2019.6380078125,1687.5287841796876,1985.464746047201,1984.9828263681704,54.71641974320447,-6.526408918461584,-17.80218427453765,11.275775356076068,2047.6883688925432,1879.9016457558944,13.823149345982149,0,1989.949951171875,2004.25,55.02143205915182
2025-10-24,2041.9000244140625,2041.9000244140625,1996.0,2016.5999755859373,41282,1985.5333251953125,1968.7318226207387,2023.6940063476563,1690.075447998047,1991.6917919549485,1987.8571126606944,53.46320636293335,-3.261221621470668,-14.893991743924255,11.63277012245359,2038.1688428454668,1885.501164478752,12.931582770356997,0,1989.949951171875,1986.800048828125,54.000000000000014
2025-10-27,2034.0,2105.0,2010.0,2085.699951171875,129482,1999.2222086588545,1971.736366965554,2029.2200048828124,1693.1205444335938,2010.4934237983337,1996.7519161617108,60.73701621524965,4.846387237688077,-10.94591594760179,15.792303185289867,2058.0096551167417,1873.3303473246644,13.371489722668072,0,2013.5,1986.75,56.69285365513393
2025-10-28,2107.0,2115.0,2075.89990234375,2102.800048828125,71560,2014.911105685764,1973.8727306019173,2034.246005859375,1696.2499102783204,2028.954748804292,2006.392655495021,62.307126344210445,12.50738331088678,-6.255256095904075,18.762639406790854,2083.4859308802925,1861.89407400252,13.952135386544809,0,2018.7999877929688,1991.75,56.2357177734375
2025-10-29,2112.0,2113.89990234375,2084.39990234375,2106.300048828125,40402,2029.4444444444443,1978.295460094105,2039.7400073242188,1699.475828857422,2044.4238088090588,2015.4751457980303,62.63646966187628,18.64625620799848,-1.2749536351235653,19.921209843122043,2105.565951730944,1856.4940580346813,14.491306360144636,0,2018.7999877929688,1991.75,54.29286411830357
2025-10-30,2114.0,2125.0,2083.10009765625,2095.0,42266,2042.111111111111,1984.322731711648,2042.0200073242188,1702.6969635009766,2054.539047047247,2022.7046779982093,60.78968417267538,22.341993115936248,3.4484357150883973,18.89355740084785,2119.727888560307,1861.1321212053176,15.199052002416554,0,2023.7999877929688,1996.75,51.642857142857146
2025-10-31,2092.89990234375,2104.699951171875,2072.0,2088.199951171875,41129,2059.277777777778,1991.0818204012785,2041.9440063476563,1705.966351928711,2061.271227872173,2028.65879374127,59.64991886593264,24.440449839672965,7.646838540005312,16.793611299667653,2132.3635287746797,1860.936471225321,15.516344431166557,0,2028.1500244140625,1996.75,50.62856619698661
2025-11-03,2088.89990234375,2119.89990234375,2077.800048828125,2115.199951171875,46136,2073.588880750868,2000.5454545454545,2042.594006347656,1709.63080078125,2072.0569725321134,2036.526171689507,62.6447581112524,27.959862374342265,11.709443306872704,16.25041906746956,2148.010374334992,1863.1196183407887,16.117474702036418,0,2060.5,1996.75,50.63569859095982
2025-11-04,2125.0,2125.0,2081.0,2116.199951171875,54176,2083.5333251953125,2007.4727228338068,2043.986005859375,1713.1298315429688,2080.885568260066,2043.7692425515404,62.75501806108152,30.47837803684024,15.463230252866213,15.01514778397403,2159.085978732849,1872.6240066187136,16.778521066067004,0,2060.5,1996.75,49.14283970424107
2025-11-06,2110.0,2122.199951171875,2057.39990234375,2076.699951171875,78495,2089.188869900174,2013.827264959162,2044.386005859375,1716.5384893798828,2080.048444842428,2046.7629433352072,55.75453205610583,28.953244974274867,18.161233197147943,10.792011777126923,2161.5895675673355,1886.070417784227,16.620396369814895,0,2060.5,1996.75,50.285696847098215
2025-11-07,2076.699951171875,2116.39990234375,2045.0999755859373,2106.5,48411,2099.1777615017363,2022.740900213068,2046.516005859375,1720.067333984375,2085.338755873943,2052.193584850188,59.43137115876714,29.805600515827564,20.490106660883868,9.315493854943696,2164.7099324436967,1902.8700480250527,16.09591172935841,0,2067.5,1996.75,53.349975585937536
2025-11-10,2108.0,2134.800048828125,2065.0,2127.39990234375,88724,2103.811089409722,2032.2954434481533,2048.2400048828126,1723.7418048095703,2093.750985167904,2059.030522804148,61.82728318846908,31.800964155396287,22.75227815978635,9.048685995609937,2175.390901953275,1907.8290687498504,16.057342482610895,0,2089.9500122070312,2009.6500244140625,53.5356881277902
2025-11-11,2130.0,2146.60009765625,2074.800048828125,2132.800048828125,86287,2107.144422743056,2042.5454434481533,2048.886005859375,1727.3482165527344,2101.5607978999487,2065.736843351782,62.44444730000521,33.43266001244001,24.88835453031708,8.54430548212293,2182.256873842869,1920.0030993016624,16.29666069815676,0,2095.8500366210938,2015.550048828125,54.13569859095984
2025-11-12,2130.0,2149.0,2108.39990234375,2139.800048828125,51739,2110.866644965278,2050.218172940341,2049.6680078125,1731.0960162353515,2109.208648085584,2072.46986203145,63.27335473693323,34.88845978633526,26.88837558152072,8.000084204814545,2189.859758953712,1930.1302190736317,16.57582809461415,0,2097.0499877929688,2016.75,52.42142159598216
2025-11-13,2240.0,2294.5,2150.10009765625,2163.39990234375,386315,2118.4666341145835,2060.2636219371448,2049.0880078125,1735.0755920410156,2120.046898937217,2080.736229332568,65.99812967284899,37.51406376671503,29.013513218559577,8.500550548155449,2199.11612369983,1941.0538470032943,19.07165983161418,0,2169.7999877929688,2089.5,60.22856794084823
2025-11-14,2172.0,2269.0,2166.10009765625,2235.89990234375,186566,2134.877739800347,2072.690890225497,2049.97400390625,1739.257099609375,2143.217499618524,2094.84201778813,72.6991251186702,44.92712598762,32.196235772371665,12.730890215248335,2223.960095606723,1942.2498653307769,21.38921787311421,0,2169.7999877929688,2096.25,64.49285888671876
2025-11-17,2254.199951171875,2365.39990234375,2225.699951171875,2345.199951171875,246377,2160.433295355903,2090.1272527521305,2053.278002929688,1744.1678399658203,2183.6139899291943,2117.601829913925,79.316983014505,58.94218289356286,37.54542519660991,21.396757696952957,2276.5603956247314,1926.069560429956,24.34352169276478,0,2205.249938964844,2131.699951171875,67.6857125418527
2025-11-18,2350.699951171875,2378.10009765625,2303.699951171875,2315.300048828125,81373,2182.55552842882,2105.572709517045,2056.072001953125,1749.1950518798828,2209.9512017089805,2135.574395269761,74.03028627340548,66.86575740050012,43.40949163738794,23.45626576311217,2301.7877956375487,1939.002170182764,27.17147766564885,0,2211.6000366210938,2150.050048828125,70.20714460100449
2025-11-19,2315.800048828125,2354.300048828125,2268.699951171875,2315.5,80920,2209.0888671875,2120.777254971591,2061.524001464844,1754.3399951171875,2231.0609613671845,2151.931268427056,74.04274620973011,72.32763373274565,49.193120056459485,23.13451367628617,2326.57937541875,1947.1205879601569,28.786937532343607,0,2211.6000366210938,2150.050048828125,74.21429443359376
2025-11-20,2315.0,2341.10009765625,2271.0,2280.800048828125,53007,2228.4555392795137,2136.554532137784,2063.7480004882814,1759.0390643310548,2241.008778859373,2163.64661209988,67.94981168268701,73.01454776016499,53.95740559720059,19.0571421629644,2342.235334428757,1956.8746387157737,30.287007408560164,0,2221.550048828125,2150.050048828125,76.22859409877233
2025-11-21,2272.0,2307.5,2243.10009765625,2255.39990234375,55009,2242.6777615017363,2148.7817993164062,2065.193996582031,1763.6736853027344,2243.887003556248,2171.987820303868,63.81049952975075,70.69443113605439,57.30481070497136,13.389620431083031,2349.9929027625662,1972.077055733528,30.889414871364423,0,2226.4500732421875,2150.3500366210938,78.49287632533483
2025-11-24,2261.89990234375,2274.0,2211.0,2219.89990234375,37683,2252.355523003472,2157.563615278764,2066.9879956054688,1767.8813354492188,2239.0895833137483,2176.3434641256754,58.45117583683536,65.23913257145387,58.891675078267866,6.347457493185999,2348.985343497904,1993.4146076739712,30.617757167329657,0,2243.25,2150.3500366210938,79.98574393136163
2025-11-25,2210.0,2254.699951171875,2200.0,2244.199951171875,30402,2263.955512152778,2167.4908835671163,2068.5999926757813,1772.1358660888673,2240.1116568853736,2182.51223567533,60.8736053641294,62.16003778979166,59.54534762057263,2.614690169219031,2354.9831156144155,2003.26683555746,30.092976367471785,0,2264.10009765625,2150.3500366210938,80.75002615792413
2025-11-26,2250.699951171875,2289.0,2240.0,2282.60009765625,45843,2277.1999782986118,2179.581798206676,2071.2899926757814,1776.5607257080078,2248.609345039549,2191.61113221905,64.40533716194422,62.10252464291489,60.056783025041085,2.045741617873801,2365.916824730654,2010.3131313240333,30.107611218788392,0,2272.10009765625,2154.7000732421875,79.62145124162949
2025-11-27,2300.0,2300.0,2201.199951171875,2216.199951171875,50821,2275.0110948350693,2185.5136163884945,2073.827990722656,1780.5420251464843,2242.1274662660144,2193.8464793965795,55.1373647968238,56.05286562432411,59.25599954489769,-3.2031339205735776,2367.5157509806054,2019.7041953084567,29.18706967619593,0,2289.050048828125,2187.050048828125,81.58574567522321
2025-11-28,2219.89990234375,2290.0,2219.89990234375,2265.300048828125,55217,2266.1333279079863,2192.899980024858,2077.165993652344,1784.6373168945313,2246.7619827784365,2200.342258435811,59.749787026200174,54.59114209658992,58.323028055236136,-3.7318859586462167,2372.3389138791267,2031.9110372927485,28.332281100931496,0,2289.050048828125,2187.050048828125,81.8714599609375
2025-12-01,2286.300048828125,2297.0,2232.0,2254.300048828125,46530,2259.3555501302085,2199.6272527521305,2081.763994140625,1788.664556274414,2248.2695959883745,2205.24751210784,58.30356685843709,51.94630295552679,57.04768303529427,-5.10138007976748,2373.2890365536327,2047.570924383867,27.66016881713132,0,2277.1500244140625,2187.050048828125,81.3857421875
2025-12-02,2250.0,2320.0,2241.199951171875,2264.5,61639,2253.688883463541,2207.331798206676,2085.993994140625,1792.847706298828,2251.5156767907,2210.634101916218,59.28761133241537,50.09582619540697,55.65731166731681,-5.56148547190984,2375.99213892193,2059.7978268983825,27.42896449388637,0,2270.550048828125,2194.050048828125,84.11431012834821
2025-12-03,2264.5,2317.0,2260.0,2290.60009765625,107940,2254.777777777778,2216.531804865057,2090.96599609375,1797.237453613281,2259.33256096381,2217.903737892585,61.77364729551877,50.15718893204621,54.55728712026269,-4.400098188216482,2380.270969401513,2072.959011067237,27.214274765158912,0,2260.0,2211.6000366210938,77.1357421875
2025-12-04,2290.60009765625,2302.300048828125,2250.300048828125,2274.699951171875,52136,2256.9222276475693,2223.781804865057,2096.569995117188,1801.8200744628907,2262.406039005423,2223.067030008884,59.39423978887214,48.3652854998104,53.31888679617224,-4.953601296361839,2374.184085659339,2098.845894809411,26.72947786520701,0,2260.0,2211.6000366210938,73.30716378348214
2025-12-05,2282.699951171875,2288.0,2237.300048828125,2253.39990234375,48005,2260.6444498697915,2230.01816628196,2101.245993652344,1806.3341204833985,2260.604811673088,2225.824563857508,56.2675298763286,44.711052015332825,51.59731984000436,-6.886267824671535,2367.2574413713373,2120.462529331788,25.89822610908808,0,2260.0,2211.6000366210938,66.95002092633929
2025-12-08,2253.39990234375,2309.800048828125,2228.5,2266.300048828125,65485,2263.100016276041,2238.6363525390625,2105.455993652344,1810.8328759765625,2261.7438591040955,2229.5041534002908,57.71925573351667,42.36759242920698,49.75137435784489,-7.383781928637909,2361.5953311322783,2140.014654219284,25.57562940116565,0,2260.599975585937,2211.6000366210938,67.44287109375
2025-12-09,2271.39990234375,2294.0,2200.60009765625,2273.699951171875,103256,2262.1111111111118,2246.2363503196025,2110.7499926757814,1815.4356164550784,2264.135077517652,2233.521953197708,58.56887309826385,40.6390326278497,47.928906011845854,-7.289873383996152,2353.99707240895,2161.702903176988,24.47286207665499,0,2260.300048828125,2211.6000366210938,68.0
2025-12-10,2274.89990234375,2319.89990234375,2225.0,2243.0,76286,2265.0888943142363,2251.490900213068,2116.3619921875,1819.821812133789,2259.908062014121,2234.383593816098,53.743783592423874,36.37262605036449,45.61765001954959,-9.245023969185098,2342.0335880648345,2183.9863826382907,23.99295432708563,0,2260.300048828125,2211.6000366210938,69.77141462053571
2025-12-11,2248.0,2283.699951171875,2214.0,2272.699951171875,44022,2265.911105685764,2257.8499866832385,2123.0259912109377,1824.3877838134763,2262.466439845672,2237.8668990302594,57.40014689493584,34.98472382758018,43.491064781155714,-8.506340953575531,2332.1135531437685,2204.8364224421694,23.233400846802738,0,2260.300048828125,2211.6000366210938,70.14998953683036
2025-12-12,2288.0,2315.89990234375,2261.300048828125,2297.5,59040,2270.7111002604165,2265.01816628196,2130.8359912109377,1829.062733154297,2269.473151876537,2243.2880900275086,60.22727851652131,35.47700120823947,41.88825206657247,-6.411250858332998,2334.5143860882176,2208.595599263345,23.17959430326076,0,2260.300048828125,2211.6000366210938,69.54997907366071
2025-12-15,2289.89990234375,2345.0,2270.89990234375,2331.5,63198,2278.1555447048613,2272.65907981179,2138.189990234375,1833.8808392333983,2281.8785215012304,2251.3073545704624,63.7765468926465,38.17064301692472,41.14473025664292,-2.9740872397182088,2330.674755265168,2211.0652349692077,23.6442230803545,0,2272.800048828125,2221.550048828125,70.93570382254464
2025-12-16,2345.0,2346.0,2278.300048828125,2289.0,83608,2277.9777560763887,2275.0727206143465,2145.231989746094,1838.518706665039,2283.3028172009845,2254.7339587004203,56.93678240886769,36.455739670259845,40.20693213936631,-3.751192469106464,2326.3259584270468,2212.784026924516,24.09287883751169,0,2273.300048828125,2226.4500732421875,72.27141462053571
2025-12-17,2289.0,2317.0,2229.39990234375,2290.89990234375,52018,2279.777750651041,2272.6045365767045,2152.841987304688,1843.120021362305,2284.8222342295376,2258.021771758905,57.15797834046681,34.84826356373878,39.135198424240805,-4.286934860502022,2321.879446753329,2214.7705288326088,23.09051926430477,0,2273.300048828125,2243.25,71.47141810825893
2025-12-18,2287.0,2338.89990234375,2252.699951171875,2336.199951171875,77513,2288.9777560763887,2273.554532137784,2161.2219873046874,1847.8488360595704,2295.097777618005,2265.1288789782657,62.15012345205942,36.805392861856944,38.66923731176404,-1.8638444499070916,2332.5189734246164,2209.6709923956964,22.600969992247464,0,2273.300048828125,2264.10009765625,72.35712541852679
2025-12-19,2350.0,2427.0,2325.39990234375,2408.60009765625,146572,2304.788872612847,2277.7863547585225,2171.24798828125,1852.923397216797,2317.7982416256546,2278.1717170399006,68.4731291149476,43.69483185643594,39.67435622069842,4.020475635737519,2365.094728525179,2192.415256826383,23.51836580891472,0,2313.800048828125,2296.550048828125,74.97141810825893
2025-12-22,2428.0,2445.0,2370.0,2398.5,77533,2318.6555447048613,2283.1363525390625,2179.79798828125,1858.1535858154296,2333.938593300524,2289.1106518544548,66.79670102651028,47.78888787269989,41.29726255109872,6.49162532160117,2384.681099284958,2190.6888958322297,24.59171125783324,0,2329.5,2322.5,74.69998604910714
2025-12-23,2405.0,2444.0,2375.0,2408.39990234375,70106,2337.0333116319443,2290.090897993608,2189.117985839844,1863.420467529297,2348.830855109169,2299.9551291716634,67.63317958490643,51.24161470633726,43.28613298214643,7.955481724190832,2404.495872881228,2187.294117353148,25.588389174686142,0,2329.5,2322.5,75.55712890625
2025-12-24,2408.39990234375,2408.39990234375,2362.60009765625,2393.699951171875,47223,2350.4777560763887,2297.990900213068,2197.741984863281,1868.6564544677733,2357.80467432171,2308.477385717137,65.0140878163467,52.19014686477704,45.06693575867255,7.123211106104485,2418.2441043090103,2184.6558712769274,26.148154791153395,0,2337.199951171875,2322.5,75.1142578125
2025-12-26,2393.699951171875,2409.699951171875,2300.0,2306.199951171875,68351,2351.4444173177085,2300.80908203125,2204.633984375,1873.3143218994144,2347.483729691743,2308.2703462130225,52.08470096468097,45.35848235227559,45.12524507739316,0.2332372748824269,2415.6328850432988,2196.267090542639,25.07344437473618,0,2337.199951171875,2322.5,79.32854352678571
2025-12-29,2299.0,2318.0,2211.0,2220.60009765625,90394,2339.1222059461807,2297.990900213068,2209.535986328125,1877.4099731445312,2322.1070032846446,2300.300323616952,43.06238232977979,32.66065452098064,42.63232696611066,-9.971672445130018,2418.584607110106,2188.845373358644,24.107780643031877,0,2328.0,2322.5,81.16425432477679
2025-12-30,2215.0,2256.699951171875,2184.60009765625,2220.199951171875,59683,2331.4777560763887,2298.1727183948865,2214.3199853515625,1881.4831829833984,2301.7255928620907,2293.0184715764904,43.02486273436895,22.308092204021705,38.56748001369287,-16.259387809671168,2420.9094755616256,2183.1104951414995,23.59746534842747,0,2314.800048828125,2314.800048828125,79.642822265625
2025-12-31,2237.0,2268.0,2183.10009765625,2260.39990234375,54139,2328.0888671875,2297.9499844637785,2220.853984375,1886.0216400146485,2293.4604547584227,2290.053147100786,47.93297059105601,17.14972077049697,34.283928165053695,-17.134207394556725,2420.9905775629363,2182.6193833745638,22.894531677367816,0,2314.050048828125,2314.050048828125,78.92853655133929
2026-01-01,2262.0,2291.89990234375,2222.0,2228.300048828125,30349,2316.0999891493057,2296.76816628196,2225.691984863281,1890.5222393798829,2280.4283735723634,2284.439229075999,44.62707347268094,10.352151181497447,29.497572768342447,-19.145421586845,2422.283617709776,2175.096338344912,21.76418550798827,0,2314.050048828125,2314.050048828125,78.94281877790179
2026-01-02,2228.300048828125,2346.5,2202.699951171875,2334.300048828125,69083,2307.844428168403,2299.9408957741475,2231.8439868164064,1895.59815246582,2291.202708623516,2288.972030871647,55.53335795338617,13.364287245027754,26.27091566367951,-12.906628418651756,2425.7014212670206,2177.638544553292,20.670889886330382,0,2314.050048828125,2314.050048828125,85.31426130022321
2026-01-05,2369.300048828125,2369.300048828125,2302.300048828125,2349.10009765625,41665,2302.3555501302085,2302.5999866832385,2238.309987792969,1900.829827270508,2302.7821864300627,2294.4382187611563,56.81238729909131,16.752554013341978,24.36724333361201,-7.614689320270028,2430.028731852409,2182.881253499154,20.0149094728198,0,2313.550048828125,2314.050048828125,84.80711146763393
2026-01-06,2350.0,2367.5,2310.699951171875,2317.60009765625,43529,2292.2666829427085,2304.5499933416195,2244.329990234375,1905.980592041016,2305.7457686753005,2296.5438441152555,53.298458844372526,16.703446165002788,22.834483899890163,-6.131037734887375,2431.206166197975,2186.8338240364,19.4057848031314,0,2296.4000244140625,2314.050048828125,84.02854701450893
2026-01-07,2317.300048828125,2398.800048828125,2316.10009765625,2375.39990234375,67401,2290.233344184028,2310.095447887074,2250.1239892578124,1911.420355834961,2319.6765954089906,2303.712576681482,58.38476739947798,21.085429322543405,22.48467298442081,-1.39924366187741,2438.54612607819,2189.663859273373,19.338678144330192,0,2296.4000244140625,2314.050048828125,83.67853655133929
2026-01-08,2351.60009765625,2390.0,2312.60009765625,2326.89990234375,36708,2292.5333387586807,2312.8499866832385,2254.605986328125,1916.437349853516,2321.1212567959424,2305.820515378052,53.15353851182424,20.409371348280278,22.069612657192707,-1.6602413089124326,2438.223129443721,2198.3768461422164,19.19677360914193,0,2290.9500732421875,2314.050048828125,83.04996163504464
2026-01-09,2335.89990234375,2344.60009765625,2212.5,2230.89990234375,53143,2293.6777615017363,2310.904529918324,2257.097983398437,1920.8785455322263,2303.076985905504,2299.009550556751,44.62958298889016,11.988991210628685,20.053488367879904,-8.064497157251221,2440.8437299868942,2191.5762407162306,18.469027759540992,0,2290.9500732421875,2314.050048828125,85.22853306361607
2026-01-12,2244.699951171875,2244.699951171875,2154.10009765625,2221.699951171875,65873,2293.844428168403,2309.936345880682,2259.631982421875,1925.235569458008,2286.8015789587785,2291.981405158126,43.90297212304218,4.521301365873114,16.947050967478546,-12.425749601605432,2443.872803802266,2180.9671620180466,18.59708762671977,0,2276.4500732421875,2299.550048828125,86.34280831473214
2026-01-13,2244.699951171875,2315.300048828125,2231.10009765625,2255.699951171875,76355,2293.322211371528,2309.1636186079545,2262.981982421875,1929.532578125,2280.581253401398,2288.683091159376,47.31670892679659,1.3312731243595408,13.823895398854749,-12.492622274495206,2442.121625900584,2175.138335036916,17.524683182435847,0,2276.4500732421875,2299.550048828125,88.09995814732143
2026-01-14,2255.699951171875,2260.39990234375,2188.89990234375,2251.800048828125,64033,2295.9333224826387,2307.086348100142,2265.713984375,1933.7317736816408,2274.825012486744,2285.3300873110807,46.963678783007744,-1.4943112760356598,10.760254063876667,-12.254565339912329,2442.432261210029,2171.1077046102832,17.093306559994446,0,2276.4500732421875,2299.550048828125,89.93568638392857
2026-01-15,2251.800048828125,2251.800048828125,2251.800048828125,2251.800048828125,0,2286.766655815972,2303.463623046875,2268.425986328125,1937.860535888672,2270.22001975502,2282.281901994448,46.963678783007744,-3.691059039581432,7.869991443185048,-11.56105048276648,2442.551274944827,2167.0787055239225,16.692742553441715,0,2276.4500732421875,2299.550048828125,82.0999755859375
2026-01-16,2269.0,2272.39990234375,2160.10009765625,2180.60009765625,50513,2268.04443359375,2298.5363547585225,2270.5039892578125,1941.721708984375,2252.296035335266,2273.0381016000665,40.55667560990391,-11.049862548496549,4.0860206448487295,-15.13588319334528,2444.538687176801,2149.531307940386,17.40310325519207,0,2276.4500732421875,2299.550048828125,82.47853306361607
2026-01-19,2180.0,2184.199951171875,2127.10009765625,2173.5,71724,2252.0333116319443,2293.1999955610795,2271.8439892578126,1945.655493774414,2236.536828268213,2263.989183272788,39.971066431033286,-17.25577209018502,-0.1823379021580202,-17.073434188026997,2432.8197314142185,2137.740253937344,18.388742952677223,0,2262.9500732421875,2286.050048828125,81.4071044921875
2026-01-20,2175.0,2184.0,2087.89990234375,2116.89990234375,85685,2223.311089409722,2283.231811523437,2271.6339892578126,1949.290516967773,2212.6094430833205,2250.6174304610568,35.562699029961166,-26.436412460494463,-5.43315281382531,-21.00325964666916,2426.7743280666155,2115.6256475193222,19.666261358352333,0,2238.949951171875,2266.449951171875,82.20711844308036
2026-01-21,2102.0,2216.0,2088.0,2181.39990234375,75174,2207.144422743056,2272.904529918324,2272.605986328125,1953.1074200439448,2206.367534935406,2244.324927904938,43.2445649289574,-28.182653064463462,-9.983052863952942,-18.199600200510524,2406.1228558846947,2113.577119701243,20.2600700117638,0,2216.25,2266.449951171875,86.35712541852679
2026-01-22,2200.0,2260.0,2170.300048828125,2204.5,59159,2204.2111002604165,2264.086348100142,2273.8999853515625,1957.1651745605468,2205.9940279483253,2240.70447991358,45.7394599529125,-27.38687762132531,-13.463817815427417,-13.923059805897894,2384.151599934088,2116.628380534662,20.05568373156684,0,2201.599975585937,2266.449951171875,82.49283272879464
2026-01-23,2204.5,2206.699951171875,2133.800048828125,2145.60009765625,51214,2195.755560980903,2252.1409024325285,2273.5439892578124,1961.1362817382808,2193.9152418899102,2232.058626981095,40.81306250936513,-31.149873371401554,-17.001028926622244,-14.14884444477931,2381.200575040869,2103.519420076319,20.27170308960437,0,2201.599975585937,2266.449951171875,82.91425432477679
2026-01-27,2124.0,2126.699951171875,2070.0,2112.89990234375,69853,2179.8888888888887,2239.377263849432,2271.0839892578124,1965.3100903320312,2177.7121739806785,2221.226015650428,38.34387073897064,-36.351667692015326,-20.87115667970086,-15.480511012314466,2387.252492286569,2086.6974832993687,21.10210208991437,0,2171.199951171875,2257.5,84.25711495535714
2026-01-28,2100.89990234375,2182.699951171875,2100.89990234375,2176.89990234375,30471,2171.566650390625,2233.499988902699,2267.71798828125,1969.536204223633,2177.549719653293,2217.196368986184,45.31692259081448,-34.9074704481427,-23.67841943338923,-11.229051014753471,2387.33586168706,2082.2841090160646,20.95214712190837,0,2171.199951171875,2257.5,84.19283621651786
2026-01-29,2179.89990234375,2180.0,2049.89990234375,2072.60009765625,92346,2151.6555447048613,2226.772716175426,2262.8639892578126,1973.420595703125,2156.5597952538847,2204.051253410735,37.81173649354991,-41.69838328971673,-27.282412204654733,-14.415971085061996,2393.629416283971,2057.2105739504045,21.319095934178435,0,2161.14990234375,2246.949951171875,87.95713588169643
2026-01-30,2050.0,2179.0,2039.0,2170.300048828125,69040,2150.5110948350693,2224.504538796165,2259.959990234375,1977.54943359375,2159.307845968733,2200.9829620850437,46.7141627419149,-38.74997549900854,-29.575924863525497,-9.174050635483043,2392.510804945271,2052.529185289104,21.764049149691942,0,2149.5,2224.349975585937,88.52141462053571
2026-02-02,2130.0,2148.0,2090.800048828125,2141.699951171875,32254,2146.9777560763887,2219.1090864701705,2257.17798828125,1981.33579284668,2155.7862670093614,2195.593597456573,44.69702113577433,-38.27986350451874,-31.316712591724148,-6.963150912794596,2377.968929876423,2047.811050592327,22.17721999266877,0,2149.5,2224.349975585937,87.72856794084821
2026-02-03,2200.0,2220.0,2165.699951171875,2197.39990234375,91077,2155.922200520833,2217.7045343572445,2256.01798828125,1985.3385919189448,2164.1089940762395,2195.757806991771,49.28960206735334,-33.03200343239587,-31.659770759858493,-1.3722326725373757,2357.4673725887387,2053.142588348761,21.364091169053072,0,2149.5,2218.9000244140625,86.63570731026786
2026-02-04,2207.0,2349.800048828125,2203.10009765625,2328.300048828125,131382,2172.244439019097,2217.431807084517,2258.1859912109376,1990.0451458740235,2196.9472050266168,2207.8071017041666,58.09659435296752,-18.10182213574126,-28.94818103503505,10.84635889929379,2359.730224996639,2051.9497310580487,20.675280251321126,0,2194.4000244140625,2218.9000244140625,92.41428920200892
2026-02-05,2340.0,2347.800048828125,2261.0,2280.89990234375,32996,2180.7333170572915,2214.331798206676,2258.919990234375,1994.4812060546876,2213.7377444900435,2214.4519017623106,54.41152448787091,-9.979306342121165,-25.154406096452277,15.17509975433111,2337.941722364064,2064.288233690623,20.035670113427177,0,2194.4000244140625,2218.9000244140625,98.61429268973214
2026-02-06,2280.89990234375,2307.39990234375,2236.0,2296.699951171875,37656,2197.5221896701387,2213.3817915482955,2259.2019873046875,1998.71551940918,2230.33018582641,2221.92899716318,55.42645350705662,-2.2413848726014294,-20.571801851682107,18.33041697908068,2331.151600894404,2068.0583600430964,19.09524665526781,0,2194.4000244140625,2218.9000244140625,95.69287109375
2026-02-09,2324.0,2349.89990234375,2290.699951171875,2337.39990234375,42723,2222.4666341145835,2211.6545188210225,2261.625986328125,2003.145452270508,2251.7441291298783,2232.426352179596,58.01915163347826,7.093351812358378,-15.03877111887401,22.132122931232388,2349.7619297283386,2060.098031209161,18.711858110023503,0,2194.449951171875,2218.9000244140625,95.84287806919644
2026-02-10,2355.0,2490.89990234375,2349.89990234375,2481.89990234375,148418,2256.355523003472,2218.699973366477,2265.9579833984376,2008.0461975097653,2297.7752837726525,2255.1057658308823,65.65700868649549,25.853121559122883,-6.860392583274631,32.713514142397514,2408.608220754225,2027.2717353004628,19.639454545640948,0,2264.949951171875,2264.949951171875,99.94287109375
2026-02-11,2508.0,2555.300048828125,2478.0,2545.699951171875,194456,2308.922173394097,2233.0090664950285,2271.7859814453127,2013.3102716064448,2347.360217252497,2281.5234190437,68.39141597968649,45.34578697596408,3.5808433285731107,41.764943647390965,2472.82523182259,1992.054724232098,20.95419457166055,0,2297.1500244140625,2297.1500244140625,96.32144601004464
2026-02-12,2501.0,2501.0,2330.0,2399.199951171875,305207,2334.3554958767363,2241.07724831321,2274.47998046875,2017.9093231201173,2357.7281640363726,2292.221285600807,57.140878003416304,48.41444749370612,12.547564161599714,35.866883332106404,2491.468398036886,1988.1515482521768,20.331173883803817,0,2323.050048828125,2297.1500244140625,105.32144601004464
2026-02-13,2399.0,2399.0,2291.10009765625,2298.800048828125,76440,2351.8110622829863,2243.036343661221,2274.643979492188,2022.086166992188,2345.9425409947235,2292.8193549851085,50.95452369101,42.25782808282111,18.489616945843995,23.76821113697711,2495.1640049434595,1989.155941345603,19.34966787669908,0,2360.5,2297.1500244140625,107.83572823660714
2026-02-16,2291.10009765625,2344.39990234375,2206.0,2232.5,94145,2355.7110731336807,2242.1590687144885,2273.79998046875,2026.179750366211,2323.2540327957786,2287.3357772591894,47.311828326427744,31.663802391902664,21.12445403505573,10.539348356846933,2496.160054390311,1993.3498821331264,18.303037691321133,0,2379.2000732421875,2297.1500244140625,112.32142857142856
2026-02-17,2232.5,2259.0,2219.300048828125,2243.89990234375,36914,2346.3332790798613,2241.799971147017,2273.60998046875,2030.3470788574216,2307.383206705373,2283.3870613577856,48.00018553852785,23.91219267980796,21.682001764006177,2.2301909158017814,2497.440776125121,1999.109150632692,17.331166804898753,0,2380.6500244140625,2297.1500244140625,109.31427873883928
2026-02-18,2268.0,2338.89990234375,2243.89990234375,2289.699951171875,76404,2347.3110622829863,2246.7590553977275,2274.077978515625,2034.5862884521484,2303.8465555986736,2283.9609604317934,50.78227909966237,21.220055715826675,21.58961255437028,-0.3695568385436019,2498.776492429388,2015.0534392112368,16.530875364105945,0,2380.6500244140625,2297.1500244140625,106.80712890625
2026-02-19,2309.699951171875,2331.199951171875,2240.300048828125,2249.699951171875,37161,2342.088840060764,2250.2226895419035,2273.597978515625,2038.7008557128904,2293.017234713314,2280.846323226346,48.34929742194241,15.678124411102544,20.40731492571673,-4.729190514614185,2499.6170794662767,2021.0428570571607,15.749912063922247,0,2380.6500244140625,2297.1500244140625,103.29997907366072
2026-02-20,2265.0,2298.5,2236.199951171875,2282.60009765625,31652,2335.999972873264,2257.7545166015625,2274.38998046875,2042.963670654297,2290.933807301901,2281.005757265428,50.4519881829952,13.78200046557231,19.082252033687844,-5.300251568115534,2502.231443525437,2026.238502763625,14.978836346786968,0,2380.6500244140625,2297.1500244140625,102.0714111328125
2026-02-23,2337.0,2390.0,2235.300048828125,2247.60009765625,106231,2309.96666124132,2260.7636163884945,2273.8879833984374,2047.0573956298829,2282.267065372771,2277.9688791191397,48.20378672322968,9.347350645392453,17.135271756028768,-7.787921110636315,2500.912312728068,2037.757633560995,15.128969705236418,0,2380.6500244140625,2297.1500244140625,107.52854701450892
2026-02-24,2245.0,2280.0,2191.5,2243.199951171875,58449,2276.3555501302085,2262.522705078125,2272.801982421875,2051.041447753906,2274.453642532592,2274.80806748757,47.91471234572273,5.4153785522480575,14.791293115272628,-9.375914563024567,2495.943500133372,2055.756451038504,14.7523019924388,0,2346.25,2297.1500244140625,102.96425083705356
2026-02-25,2237.60009765625,2268.0,2215.5,2262.300048828125,62426,2261.1444498697915,2267.82724831321,2271.4179833984376,2055.0121496582037,2272.0229237916983,2273.670974882166,49.33504235522124,3.796714434160549,12.592377379050212,-8.795662944889663,2495.391332910036,2064.848632910276,14.402539116269589,0,2295.25,2297.1500244140625,100.51424734933036
2026-02-26,2265.89990234375,2289.10009765625,2202.0,2210.60009765625,46141,2251.3444552951387,2272.26816628196,2269.8499853515623,2058.221469726562,2259.738358564609,2267.937258770719,45.70216916775061,-1.6389497339964691,9.746111956440876,-11.385061690437343,2482.1931280597805,2091.846837760532,14.292357567490653,0,2290.75,2297.1500244140625,101.6356898716518
2026-02-27,2211.0,2231.199951171875,2146.0,2176.5,49708,2245.1222330729165,2272.249988902699,2267.561987304688,2061.082482910156,2243.090686851687,2259.624780700653,43.43052658479666,-8.599219197478305,6.077045725657039,-14.676264923135346,2481.740747677448,2092.919213260052,13.488915082823295,0,2268.0,2297.1500244140625,103.49283272879464
2026-03-02,2080.0,2204.800048828125,2076.0,2175.5,65285,2237.5222439236118,2276.927257191051,2264.34798828125,2063.9926751708986,2229.57254948135,2251.9770733642304,43.36245809090527,-14.034197048383705,2.0547971708488912,-16.088994219232596,2478.628755950189,2099.4112098701235,13.079404802229664,0,2233.0,2297.1500244140625,101.72855050223214
2026-03-04,2127.0,2164.699951171875,2101.5,2131.300048828125,61563,2219.9222547743057,2275.154529918324,2258.8019873046874,2066.688270263672,2209.918049350705,2241.006434770039,40.35206451567651,-21.65835873960259,-2.6878340112414056,-18.970524728361184,2484.146970507825,2087.283009960925,12.699145255964144,0,2233.0,2297.1500244140625,101.49283272879464
2026-03-05,2135.0,2173.89990234375,2090.10009765625,2141.800048828125,58129,2207.9333767361118,2275.15907981179,2253.66798828125,2069.4146942138677,2196.2944492461893,2231.987672411683,41.3929699878672,-26.547279053354032,-7.459723019663931,-19.0875560336901,2483.724630456883,2069.055350011867,12.473946405900112,0,2233.0,2297.1500244140625,92.07139369419644
2026-03-06,2145.0,2148.89990234375,2080.10009765625,2094.699951171875,36484,2187.0555826822915,2270.490900213068,2247.3939892578123,2072.0208715820318,2175.9755496313264,2219.506970480792,38.174794142872464,-33.83236937940319,-12.734252291611783,-21.098117087791405,2489.719073662978,2044.4409116885845,12.381177943891712,0,2233.0,2297.1500244140625,89.26424734933036
2026-03-09,2080.0,2080.0,1947.300048828125,2040.0,163816,2163.9889051649307,2257.3863525390625,2240.319990234375,2074.1580114746093,2148.7804397050613,2203.188154982537,34.79173859818988,-43.51803603170629,-18.89100903963069,-24.6270269920756,2498.264838876343,2010.225151358032,13.594363909520595,0,2118.2000732421875,2251.300048828125,89.9071044921875
2026-03-10,2080.0,2168.39990234375,2064.10009765625,2139.89990234375,104908,2152.5111219618057,2250.9772616299715,2236.9939892578127,2076.8803527832038,2147.0043322327992,2197.43467746992,44.47048504559604,-42.64136628706683,-23.64108048911792,-19.000285797948912,2490.199096580469,1998.5408936539056,13.537984740028223,0,2118.2000732421875,2251.300048828125,96.24281529017856
2026-03-11,2130.0,2153.0,2082.0,2111.10009765625,51581,2135.711127387153,2242.5409046519885,2234.8039892578126,2079.510411376953,2139.823485317489,2189.586079305041,42.51149585022414,-43.76599559283841,-27.666063509862017,-16.09993208297639,2451.3201296912234,2000.3398800744008,13.485632654071024,0,2118.2000732421875,2251.300048828125,94.52852957589286
2026-03-12,2105.10009765625,2148.199951171875,2045.0,2101.60009765625,42983,2123.600016276041,2231.8227317116475,2232.4319921875,2082.0447009277345,2132.1788077852416,2181.587353700605,41.856495126081136,-44.90619239259832,-31.114089286409275,-13.79210310618904,2378.205764838772,2029.0442595752909,13.801404838990504,0,2089.25,2251.300048828125,95.4071044921875
2026-03-13,2080.0,2102.699951171875,2025.300048828125,2047.800048828125,63226,2109.3000217013887,2212.09092018821,2228.1799951171874,2084.354811401367,2115.3030559938184,2169.4248714394707,38.26117591944421,-49.57949928020844,-34.80717128516911,-14.772327995039326,2348.0364026627312,2024.073631516956,14.284947034290436,0,2076.050048828125,2251.300048828125,96.48566545758928
2026-03-16,1997.0,2021.5,1945.5,2005.0,146860,2090.3555772569443,2187.513649680397,2223.713994140625,2086.4105334472656,2093.242444795055,2154.477155854064,35.63852440648293,-56.09016242596226,-39.06376951332774,-17.02639291263452,2343.279257431041,1999.4507718658333,15.437635258848829,0,2059.699951171875,2250.4000244140625,92.74281529017856
2026-03-17,2044.0,2048.699951171875,1991.0,2003.199951171875,42192,2076.1222330729165,2169.513649680397,2217.0919921875,2088.539509277344,2075.233946070419,2140.7246827011377,35.52822314828714,-60.69549884352864,-43.39011537936792,-17.30538346416072,2344.745315471659,1975.054708942403,16.102325157378743,0,2059.699951171875,2250.4000244140625,90.54281180245536
2026-03-18,2026.9000244140625,2087.0,2005.300048828125,2074.300048828125,81349,2068.6222330729165,2159.3091042258525,2211.5959912109374,2091.063388671875,2075.04716662196,2134.686079621773,43.0286786578431,-57.9401791429068,-46.3001281320757,-11.6400510108311,2335.5996520025938,1967.2403870599064,16.167617650088662,0,2056.949951171875,2250.4000244140625,92.77852957589286
2026-03-19,2042.0,2063.0,1999.0,2001.5,34229,2058.2666829427085,2148.8091042258525,2205.2739892578124,2092.4829821777344,2060.3377332975683,2122.578254201612,38.13647323651897,-60.9285772424646,-49.22581795415349,-11.702759288311114,2320.732846959828,1953.287196985485,16.292580393928038,0,2056.949951171875,2250.4000244140625,91.9356689453125
2026-03-20,2029.699951171875,2056.699951171875,2005.0,2026.800048828125,38839,2056.8000217013887,2138.940929066051,2198.3019921875,2093.532103881836,2053.63019640368,2113.871144622204,40.6614532943953,-60.55733451090055,-51.4921212655029,-9.065213245397644,2307.8394974277926,1943.890556283145,16.40861722749317,0,2056.949951171875,2223.25,89.79281180245536
2026-03-23,2001.0,2020.0,1933.800048828125,1944.699951171875,66011,2035.1111382378472,2123.259110884233,2190.657993164062,2094.1431433105467,2031.844147357319,2098.491945217628,35.585645960877585,-66.12565828626066,-54.41882866965446,-11.7068296166062,2292.411356486793,1925.5286825757064,17.246565056096337,0,2043.4000244140625,2166.4000244140625,87.23566545758929
2026-03-24,2012.0,2025.0,1946.5,2011.4000244140625,46030,2024.0333523220488,2112.427296031605,2186.267995605469,2095.00592163086,2027.755322768668,2090.5744978718494,41.92807708152103,-64.41393279992963,-56.4178494957095,-7.996083304220129,2273.289765381387,1921.0302663568948,17.939255766005104,0,2041.0,2161.9000244140625,87.6856689453125
2026-03-25,2010.0,2105.0,2010.0,2083.60009765625,45594,2022.0333523220488,2103.3818414861507,2183.5059985351563,2096.158282470703,2038.9242777461843,2089.940461488613,47.907315274804034,-56.57922541895505,-56.45012468035861,-0.1291007385964349,2251.359666388003,1927.000379998716,17.326551222891613,0,2019.4000244140625,2161.9000244140625,88.48568289620536
2026-03-27,2082.0,2082.0,1960.300048828125,1966.0999755859373,64230,2012.95556640625,2090.586381392045,2177.7139990234373,2096.6684704589843,2024.359417314135,2078.6822354974606,40.58382674044616,-59.16937352871264,-56.99397445002943,-2.1753990786832134,2223.5622691118388,1925.1777699506613,17.3066765827311,0,2019.4000244140625,2161.9000244140625,92.37855747767856
2026-03-30,1967.9000244140625,1975.0,1870.0999755859373,1910.9000244140625,80259,2002.500013563368,2075.4818392666903,2170.895998535156,2096.874091796875,2001.6675387341209,2063.429307217152,37.67041643158168,-64.92781190159326,-58.5807419403422,-6.347069961251059,2211.146499966603,1907.6235317716785,18.130708627091533,0,1987.5499877929688,2130.0499877929688,89.34285191127233
2026-04-01,1970.0999755859373,2015.699951171875,1952.0,1974.699951171875,51954,1999.3333468967012,2062.4091075550427,2165.3539965820314,2097.3947717285155,1996.2740212216715,2055.3630021221265,42.782994495056855,-63.61003798625711,-59.58660114952518,-4.023436836731932,2194.983456023145,1903.6065708323235,18.30110283082251,0,1987.5499877929688,2130.0499877929688,87.65713936941965
2026-04-02,1965.0,1995.0,1903.199951171875,1985.300048828125,38863,1989.4444580078125,2052.1681962446733,2161.447995605469,2098.0649896240234,1994.0792267429624,2048.9936427317625,43.610589105976864,-61.007101481876816,-59.87070121599551,-1.1364002658813064,2175.25937680723,1904.310654931051,18.896620583842537,0,1987.5499877929688,2130.0499877929688,89.14285714285715
2026-04-06,1994.0999755859373,2038.0999755859373,1960.9000244140625,2024.4000244140625,45773,1991.9889051649309,2045.254560990767,2158.46599609375,2098.866677856445,2000.1433862771823,2046.757859248335,46.67451759806355,-55.15343976951681,-58.92724892669977,3.77380915718296,2162.96894048033,1905.9110888165449,18.83215748002617,0,1987.5499877929688,2079.6000366210938,87.28571428571429
2026-04-07,2030.0,2036.699951171875,1978.5,2031.0,32237,1992.45556640625,2038.6863791725848,2156.747998046875,2099.444260864258,2006.314709021746,2045.325326589396,47.19606987010322,-49.412214566145394,-57.024242054588896,7.612027488443502,2147.0794715535585,1910.7205528605043,18.77229888362526,0,1987.5499877929688,2079.6000366210938,85.91428920200893
2026-04-08,2101.0,2169.0,2085.0,2161.300048828125,88391,2016.522243923611,2040.0500155362213,2156.3460009765627,2100.826030883789,2037.311776983022,2055.868483156553,56.28617300459887,-33.95669560210217,-52.41073276409155,18.454037161989376,2161.453353733629,1903.0066804460591,17.793804026834845,0,2019.5499877929688,2079.6000366210938,88.46428571428571
2026-04-09,2162.39990234375,2196.89990234375,2117.10009765625,2158.199951171875,40103,2032.8333468967012,2040.795465642756,2155.42,2102.1292553710937,2061.4894118207926,2065.1713438852184,56.038995816696605,-21.70800112020652,-46.27018643531454,24.562185315108024,2179.1351069249395,1897.1449223719355,17.173446423629063,0,2033.499938964844,2050.6499633789062,90.0428466796875
2026-04-10,2145.10009765625,2219.800048828125,2145.10009765625,2216.60009765625,56172,2047.6111246744792,2046.3363813920453,2156.84,2103.848108520508,2092.5115489878845,2078.9375942280394,59.63511160594841,-7.205359842244889,-38.457221116700616,31.251861274455727,2197.995911480085,1885.95413734804,16.83252310078141,0,2044.9500122070312,2044.9500122070312,89.39283970424107
2026-04-13,2166.800048828125,2200.0,2144.39990234375,2164.89990234375,49172,2069.700005425347,2052.013649680397,2157.88,2105.369534912109,2106.9892196590577,2086.752349511285,55.320745298429294,0.1149886536477424,-30.742779162630946,30.857767816278688,2207.4140857061443,1881.9159435907309,16.50638854301706,0,2044.9500122070312,2044.9500122070312,89.17142159598214
2026-04-15,2220.0,2263.5,2196.0,2241.300048828125,73498,2106.411119249132,2056.622747247869,2159.168002929688,2107.4970672607424,2133.8513854928715,2100.8021403582707,59.93371637186348,11.943592594726397,-22.20550481115948,34.149097405885875,2235.3330428475256,1867.9669815665368,16.856579170596852,0,2083.349975585937,2066.7999877929688,92.2714320591518
2026-04-16,2262.10009765625,2268.39990234375,2211.199951171875,2233.39990234375,52958,2135.155558268229,2062.1818292791195,2162.3839990234374,2109.587069091797,2153.761088863047,2112.8564823569504,59.25246580638971,20.444696902005944,-13.675464468526393,34.12016137053234,2261.748461706778,1860.111548058848,17.22995035748227,0,2085.7999267578125,2069.249938964844,89.71428571428571
2026-04-17,2250.0,2264.699951171875,2233.39990234375,2259.10009765625,39436,2165.577785915799,2069.34092018821,2164.16,2111.651900024414,2174.828890621688,2126.1513564750685,60.81296668239622,28.92227629130457,-5.1559163165602,34.07819260786477,2291.02291292866,1856.2471066025903,17.57665217387587,0,2114.6499633789062,2069.249938964844,86.21428571428571
2026-04-20,2269.0,2269.60009765625,2212.300048828125,2250.5,38650,2190.700005425347,2078.5545543323865,2166.3360009765624,2113.953491821289,2189.9631124973503,2137.4557786136984,59.985105060290586,34.548608178817176,2.7849885825152763,31.7636195963019,2314.3743073232454,1857.6257170908175,17.540073334043598,0,2124.050048828125,2069.8500366210938,83.52143205915179
2026-04-21,2250.0,2292.699951171875,2240.10009765625,2267.800048828125,30406,2217.0111219618057,2090.500011097301,2167.74400390625,2116.2598229980467,2205.5304997635053,2149.305257724101,61.13138131511151,39.94304750513675,10.216600367039572,29.72644713809717,2337.935263895623,1853.41476051844,17.779979886982147,0,2188.849975585937,2081.3999633789062,78.47141810825893
2026-04-22,2264.89990234375,2305.0,2252.39990234375,2275.199951171875,43794,2229.6666666666665,2102.863647460937,2166.682001953125,2118.1470623779296,2219.4643900451792,2160.7502298557165,61.6375983388815,44.30457425824898,17.03419514528145,27.270379112967525,2359.998070460243,1858.7219490710067,18.148668819227147,0,2211.050048828125,2087.5499877929688,74.73570905412944
2026-04-23,2279.0,2279.0,2192.0,2221.199951171875,32974,2236.6666666666665,2109.54091574929,2165.488002929688,2119.706675415039,2219.8115022705188,2166.2456590662764,55.91469925996605,42.90913710745963,22.209183537717088,20.69995356974254,2371.30996980363,1866.8500399619948,17.435804250576872,0,2224.699951171875,2087.5499877929688,73.4642857142857
2026-04-24,2233.0,2238.0,2140.0,2175.0,33973,2232.04443359375,2117.427279385653,2163.05400390625,2121.1086761474608,2210.849201816415,2167.041508242069,51.508335611185686,37.64138668663463,25.2956241675006,12.345762519134034,2370.007236847828,1891.18277780061,16.381421995740443,0,2222.5,2087.5499877929688,73.90713936941962
2026-04-27,2183.89990234375,2221.800048828125,2183.300048828125,2211.39990234375,17385,2237.2111002604165,2125.818181818182,2160.53400390625,2122.531616821289,2210.9593419218822,2171.07408952404,54.5475086023031,35.98896604034326,27.434292542069134,8.554673498274123,2375.713566547145,1905.4764358942612,15.402352759106616,0,2222.5,2087.5499877929688,71.7357177734375
2026-04-28,2215.800048828125,2227.0,2176.5,2188.800048828125,21719,2231.3777669270835,2136.913640802557,2154.6720068359373,2123.7750653076173,2206.527483303131,2172.685540369866,52.35356878106335,32.48136649524622,28.443707332704555,4.037659162541665,2380.310906411241,1911.399091147352,14.597322403061195,0,2222.5,2087.5499877929688,71.18572126116071
2026-04-29,2199.10009765625,2245.800048828125,2185.5,2193.199951171875,23327,2226.911105685764,2145.1772738370028,2147.6220068359376,2125.012438964844,2203.86197687688,2174.550486806412,52.75200178087978,29.71407853154915,28.697781572473477,1.0162969590756743,2376.518204700947,1937.9017904162408,13.57699947707126,0,2222.5,2087.5499877929688,65.63572474888393
2026-04-30,2193.199951171875,2199.699951171875,2134.0,2182.699951171875,32712,2218.422200520833,2149.681812633168,2143.2920068359376,2126.443088989258,2199.629571735879,2175.2913472032724,51.64216200614455,26.369746610914262,28.232174580161637,-1.8624279692473704,2357.033464247653,1984.566523545316,13.386207786377668,0,2219.5,2087.5499877929688,64.62859235491071
2026-05-01,2182.699951171875,2182.699951171875,2182.699951171875,2182.699951171875,0,2210.888861762153,2159.527266068892,2140.9700048828126,2127.8225152587893,2196.2436476230782,2175.964856654964,51.64216200614455,23.449033606304056,27.27554638539012,-3.8265127790860634,2342.945071590725,2019.454916202244,13.20904407359076,0,2219.5,2087.5499877929688,59.292881556919646
2026-05-04,2183.89990234375,2275.0,2183.89990234375,2270.300048828125,110913,2211.1666395399307,2175.8636308149858,2141.726005859375,2129.6153149414063,2211.054927864088,2184.54078321616,59.821211497699935,27.881542220782197,27.39674555246853,0.4847966683136597,2332.9217246272524,2057.9782631657167,12.980731519448064,0,2219.5,2087.5499877929688,60.728585379464285
2026-05-05,2270.300048828125,2270.300048828125,2225.0,2244.10009765625,37563,2207.7111002604165,2188.109092018821,2141.730009765625,2131.410100708008,2217.6639618225204,2189.955266347077,56.73067088772045,28.946542412480085,27.70670492447085,1.2398374880092362,2319.2581931858117,2093.611801931376,12.76872700488699,0,2206.5,2087.5499877929688,56.921439034598215
2026-05-06,2281.800048828125,2282.0,2226.0,2256.39990234375,77748,2211.6222059461807,2200.431812633168,2141.0640087890624,2133.1959521484373,2225.4111499267665,2195.9956878013204,57.83206809030212,30.432250145576745,28.251813968692023,2.1804361768847187,2296.701190496049,2138.7087948555136,12.745287563884574,0,2208.0,2087.5499877929688,56.835728236607146
2026-05-07,2274.699951171875,2287.89990234375,2257.0,2261.39990234375,44364,2221.2221950954863,2211.2045343572445,2141.2980078125,2134.786145629883,2232.608900410163,2201.941525486996,58.2967864197965,31.64832030517573,28.93111523598877,2.71720506918696,2299.3068451738563,2146.1131255292685,12.813836104317394,0,2210.949951171875,2087.5499877929688,56.850010463169646
2026-05-08,2273.60009765625,2325.0,2260.0,2267.0,136339,2227.3999837239585,2221.931807084517,2140.986005859375,2136.5422503662107,2239.4871203281305,2207.8559322609053,58.84386829668619,32.68714864433241,29.6823219176575,3.00482672667491,2300.8089797687744,2155.490995817163,13.426564241213091,0,2229.5,2114.099975585937,57.40000697544643
2026-05-11,2235.0,2289.800048828125,2209.0,2221.300048828125,64007,2231.0110948350693,2224.65907981179,2140.4600048828124,2137.716213378906,2235.8497060281297,2209.078124676107,52.76109758112357,29.4829622223333,29.642449978592666,-0.159487756259363,2300.916982676252,2155.852988026873,12.985298903015698,0,2229.5,2114.099975585937,59.414306640625
2026-05-12,2221.300048828125,2275.0,2176.0,2196.0,47554,2231.322211371528,2226.377263849432,2139.516005859375,2138.8390338134764,2227.879764822504,2207.8892042510065,49.69820848373007,24.618334068126387,28.637626796499408,-4.019292728373021,2297.932716205331,2161.9472642634187,12.11524279522634,0,2229.5,2142.9500122070312,62.728585379464285
2026-05-13,2196.0,2255.0,2180.0,2212.199951171875,55210,2234.5999891493057,2226.177257191051,2138.51400390625,2139.941390991211,2224.7438020923782,2208.2810903347217,51.63432604351486,21.818768695286053,27.27385517625674,-5.455086480970685,2296.6992275734774,2160.270743129648,11.30733355227908,0,2250.5,2151.75,61.87144252232143
2026-05-14,2249.0,2249.0,2151.699951171875,2159.699951171875,40718,2232.04443359375,2225.9408957741475,2137.4960009765623,2140.7649951171875,2211.735031908278,2203.864623138099,45.519600185579286,15.188695896676109,24.856823320340613,-9.668127423664505,2299.5462376577043,2150.053737928233,11.049523395318404,0,2238.349975585937,2205.0,61.821446010044646
2026-05-15,2179.699951171875,2221.89990234375,2159.699951171875,2168.199951171875,49160,2220.6999782986118,2222.6181640625,2137.33,2141.703994750977,2203.0280157609973,2200.6223802320783,46.6217661209935,10.499166542816964,21.985291964835884,-11.48612542201892,2297.240534348517,2143.2694265889827,10.8101282495692,0,2238.349975585937,2221.050048828125,62.921439034598215
2026-05-18,2168.199951171875,2169.89990234375,2115.0,2153.199951171875,32253,2210.5999620225693,2218.972711736505,2136.8839990234374,2142.411994628906,2193.062402843173,2196.3112503175144,44.89565777017032,5.5088040400178215,18.689994379872275,-13.181190339854451,2296.514228962873,2134.2657270918144,11.332356400974714,0,2220.0,2220.0,63.2357177734375
2026-05-19,2160.0,2205.0,2146.199951171875,2169.699951171875,40413,2200.9666341145835,2214.9090687144885,2137.6519970703125,2143.326994628906,2188.3899125089138,2193.8920413042742,47.210923100518514,2.8524367909299144,15.522482862083802,-12.670046071153887,2290.115720976725,2130.8542253123373,11.081802078744484,0,2220.0,2220.0,63.128574916294646
2026-05-20,2130.0,2190.0,2080.0,2151.199951171875,61397,2188.7221950954863,2210.395430131392,2137.8399951171878,2144.318994140625,2180.951920241506,2190.010942201329,44.93143313615394,-0.737052498707726,12.270575789925497,-13.007628288633224,2281.98602163805,2126.5839246510127,11.83951034518427,0,2202.5,2202.5,66.29286411830357
2026-05-21,2174.699951171875,2232.0,2154.0,2219.300048828125,49084,2183.422200520833,2208.1908846768465,2140.3319970703124,2145.693494262696,2188.6215459588298,2192.6735882583102,53.7785103918097,1.891555449210955,10.194771721782589,-8.303216272571634,2281.80855554504,2126.5714005096474,11.73302366208554,0,2184.9000244140625,2202.5,72.06429617745536
2026-05-22,2242.0,2254.699951171875,2211.0,2222.39990234375,32346,2183.5444064670137,2205.7908824573865,2143.979995117188,2146.930493774414,2195.377217235814,2195.3759804478955,54.13968003997119,4.176731695131821,8.991163716452435,-4.814432021320615,2283.315588025238,2129.8043582638247,11.228582092918309,0,2177.5,2202.5,68.59286063058036
2026-05-25,2249.699951171875,2286.0,2230.0,2273.60009765625,39161,2192.1666395399307,2208.172707297585,2146.6539990234373,2148.679994506836,2211.021793319901,2202.487263830473,59.735964008327386,10.003859927604026,9.193702958682756,0.8101569689212713,2292.0832880951493,2127.256677725163,10.623602551546236,0,2183.0,2202.5,69.90000697544643
2026-05-26,2275.0,2305.0,2245.39990234375,2251.199951171875,37048,2196.499972873264,2211.636341441761,2149.45599609375,2150.367494506836,2219.057424890296,2206.9156899524187,56.48820099966671,12.668363410957229,9.88863504913765,2.7797283618195774,2296.58957966476,2128.990376389928,10.369844342778014,0,2192.5,2202.5,70.15715680803571
2026-05-27,2251.199951171875,2321.0,2251.199951171875,2315.199951171875,50358,2213.777750651041,2216.3545254794035,2153.7279931640624,2152.278994140625,2238.285930146612,2216.759713699642,62.7239932138396,19.716981656764347,11.85430437066299,7.862677286101357,2313.720692917854,2124.0592631368327,10.390832511674226,0,2200.5,2202.5,72.89287458147321
2026-05-28,2315.199951171875,2315.199951171875,2315.199951171875,2315.199951171875,0,2230.111083984375,2222.099975585937,2159.075991210937,2154.472993774414,2253.6687343516646,2225.7088261971176,62.7239932138396,25.014708411664287,14.486385178863248,10.52832323280104,2327.911715942969,2123.1182401117185,10.410321525649278,0,2200.5,2202.5,68.25001743861607
2026-05-29,2325.0,2325.0,2221.10009765625,2243.0,54610,2240.0888671875,2224.363614169034,2163.8359912109377,2156.2419940185546,2251.534987481332,2227.2807510882885,52.82002006439096,23.12074086504981,16.213256316100562,6.907484548949249,2329.154327600134,2127.9056333373665,10.55449145001912,0,2202.5,2202.5,69.90000697544643
2026-06-01,2269.89990234375,2297.89990234375,2207.0,2235.5,79653,2247.3999837239585,2226.7636163884945,2168.4819921875,2158.170994262696,2248.3279899850654,2228.0279555348075,51.90321073879846,20.7750883329154,17.125622719463532,3.64946561345187,2325.5595362618938,2128.0204197927937,10.892129669036729,0,2202.5,2202.5,69.32142857142857
2026-06-02,2235.5,2284.0,2219.10009765625,2273.39990234375,56044,2260.9777560763887,2230.886341441761,2172.4639892578125,2160.501994018555,2253.3423724568024,2232.152677971984,56.05426756244072,21.72392726726457,18.045283629023743,3.678643638240828,2328.955872597026,2127.554063926412,11.20565087241022,0,2239.5,2202.5,68.59999302455357
2026-06-03,2277.89990234375,2379.0,2257.699951171875,2347.0,187989,2275.1666395399307,2234.372702858665,2179.3739892578124,2163.167993774414,2272.073897965442,2242.5933436108944,62.77350153538006,28.090986333509136,20.05442416992082,8.036562163588314,2346.1692930476897,2119.4006532413728,10.98447367203073,0,2293.0,2229.5,70.31427873883929
2026-06-04,2358.800048828125,2372.800048828125,2304.39990234375,2333.800048828125,58528,2287.54443359375,2238.449973366477,2185.5139892578127,2165.789993896484,2284.419128137979,2250.884862267006,60.97289633643481,31.706310165619925,22.384801369060643,9.321508796559282,2357.964289174004,2114.8456717634963,10.779094843106916,0,2293.0,2229.5,70.75714983258929
2026-06-05,2343.5,2345.10009765625,2252.300048828125,2311.199951171875,95607,2291.7221950954863,2240.9408846768465,2192.8439892578126,2168.088493652344,2289.775292744758,2256.3680521674487,57.9100931970422,32.37464657243754,24.382770409736025,7.991876162701519,2364.061307015989,2113.1686490386983,10.312575559497866,0,2293.0,2229.5,73.46430315290179
2026-06-08,2271.0,2311.0,2260.0,2277.89990234375,50997,2294.6888563368057,2241.6908846768465,2198.1739868164063,2170.319993286133,2287.4002146645566,2258.3254930925677,53.63496176019662,29.8729159695813,25.48079952170508,4.392116447876219,2367.7970546039846,2115.092886802265,9.87937908186089,0,2293.0,2229.5,72.92143903459821
