Date,Open,High,Low,Close,Volume,SMA_9,SMA_22,SMA_50,SMA_200,EMA_9,EMA_21,RSI_14,MACD_Line,MACD_Signal,MACD_Hist,BB_Upper,BB_Lower,ADX_14,ST_Direction,Ichi_Tenkan,Ichi_Kijun,ATR_14
2024-12-18,4146.064629585321,4175.709734598002,4121.320869466677,4137.5810546875,738092,4287.876410590277,4406.741632634943,4614.20888671875,,4274.099885393808,4378.261232213472,27.327619820867422,-115.27357810666126,-104.74640843219848,-10.527169674462767,4657.313033865778,4141.200589181096,38.690494829629614,0,4285.242374507978,4374.767649697846,83.62039172397382
2024-12-19,4081.118031650239,4202.292043331703,4076.8292970731377,4154.0771484375,691740,4264.557074652777,4392.771595348011,4593.039541015625,,4250.095338002547,4357.880860961111,29.158669070991092,-118.66214359381956,-107.52955546452272,-11.132588129296847,4658.163377280972,4106.331105140903,39.7098559782734,0,4234.788653883191,4352.521863501075,87.71068778392149
2024-12-20,4154.077136552417,4205.543792384069,4076.8292854090655,4090.921630859375,800108,4237.744818793402,4374.0970458984375,4570.140493164063,,4218.260596573913,4333.61184004277,26.41463144167308,-125.0027744393501,-111.0241992594882,-13.978575179861906,4657.710304294175,4063.975169338638,40.59567708972759,0,4234.788648051155,4352.52185766904,91.22193911416188
2024-12-23,4114.533732615566,4124.431236439727,4014.00346439712,4027.435791015625,931177,4204.679850260417,4352.877374822443,4547.82869140625,,4180.095635462256,4305.777653767575,23.97241369253001,-133.61036959715148,-115.54143332702088,-18.068936270130607,4646.696237228164,4019.7800323030847,41.77281082418988,0,4203.375737545182,4321.108947163067,92.7806203382344
2024-12-24,4027.436056257086,4067.403029897954,4006.132764094161,4014.710693359375,561434,4163.691650390625,4329.954600941052,4524.881567382812,,4147.018647041679,4279.317021003193,23.50334288845069,-139.846694168039,-120.40248549522452,-19.444208672814483,4630.802119411206,3981.039946018482,42.90815198936071,0,4199.440387393703,4317.173597011587,89.78443750817357
2024-12-26,4024.984900973136,4060.6631378740176,4011.4112734534447,4029.697998046875,375676,4134.182400173611,4304.962335759943,4500.74390625,,4123.554517242719,4256.624382552618,25.35589007335321,-141.94344046169135,-124.71067648851788,-17.232763973173462,4595.762256049977,3959.876122856273,43.96239735701934,0,4166.3778341626,4317.173597011587,87.26630375540243
2024-12-27,4034.882688878233,4099.122114462986,3985.91342272936,3994.7744140625,744900,4098.834201388889,4279.222412109375,4476.844736328125,,4097.798496606675,4232.819839962607,23.90323200292653,-144.75452826929904,-128.71944684467414,-16.035081424624906,4574.468299546301,3929.7455188130734,44.1248914519481,0,4156.268163480199,4307.063926329187,88.28299288418641
2024-12-30,4008.72454853283,4028.755210259083,3929.073211315495,3947.31298828125,1819173,4062.030164930556,4249.930508700284,4454.02203125,,4067.7013949415914,4206.864671627938,22.0540504102046,-149.0934198815212,-132.79424145204356,-16.29917842947762,4554.640164416864,3895.457882458137,44.67304734530357,0,4113.025739212973,4278.643820622254,90.71696394583356
2024-12-31,3923.558835474893,3975.450308769278,3911.870447155344,3921.8623046875,492605,4035.374891493056,4223.241521661932,4434.097880859375,,4038.533576890773,4180.955365542443,21.11091646394192,-152.82402003667676,-136.8001971689702,-16.023822867706542,4531.250310376583,3863.435822435917,45.294350303759856,0,4058.707119769707,4270.042438542178,91.67306233270246
2025-01-01,3935.247707609817,3956.1740446317535,3893.018538081759,3944.25,329310,4013.893663194444,4198.504216974432,4414.645048828125,,4019.676861512618,4159.436695947676,24.182410019445257,-152.21935762576868,-139.8840292603299,-12.335328365438784,4506.904320387905,3839.45842375272,45.99473254688307,0,4049.2811652329137,4260.616484005386,91.59899337115296
2025-01-02,3944.8626362861314,4074.1428096018185,3908.1004755178737,4064.10400390625,1062633,4003.896647135417,4179.78251509233,4397.098193359375,,4028.5622899913446,4150.770087580273,38.08135887513444,-140.44992257483457,-139.99720792323083,-0.4527146516037135,4481.544965512825,3834.2439505028,44.43080372558136,0,4049.2811652329137,4260.616484005386,95.504131676345
2025-01-03,4020.696053346877,4053.07466111959,3923.606256366047,3999.62841796875,1269643,3993.752956814236,4160.334539240057,4379.514580078125,,4022.775515586826,4137.029935797407,34.425269799589955,-134.771637893763,-138.9520939173373,4.180456023574266,4452.561421844585,3825.4048867491647,42.9785841058012,0,4008.7248872607433,4260.616484005386,99.95129851870384
2025-01-06,4014.616266720915,4053.263664451734,3947.4546304204064,3961.640869140625,813031,3986.442409939236,4141.7799294211645,4361.738657226562,,4010.5485862975856,4121.085475192245,32.44861362100754,-131.8173260086287,-137.52514033559555,5.707814326966854,4423.160024560034,3814.5752537602793,41.62680364224992,0,3996.0703262723728,4210.893109030631,102.50648416238518
2025-01-07,3959.096195651304,3982.426027932456,3916.8665665156514,3923.229248046875,396158,3976.2778049045137,4121.115145596591,4343.799658203125,,3993.084718647444,4103.098545451757,30.539127711148737,-131.06467734247053,-136.23304773697055,5.168370394500016,4397.259731592445,3799.575278173181,40.701248009544486,0,3996.0703262723728,4201.255161532097,96.21790403894929
2025-01-08,3956.17375695722,3956.17375695722,3864.739672033501,3900.653564453125,438731,3961.939534505209,4100.056163441052,4328.054145507813,,3974.598487808581,4084.694456270063,29.44250307601483,-130.7822900150104,-135.14289619257852,4.360606177568116,4368.462830364095,3785.935485065592,40.35304093501867,0,3981.930893248244,4187.115728507968,98.86399116697746
2025-01-09,3911.2578677245074,3925.444105474113,3876.380950207341,3903.62255859375,340998,3951.811550564236,4080.5739191228695,4313.225795898437,,3960.4033019656144,4068.233374663125,29.799524712581487,-128.8338070775485,-133.88107836957252,5.047271292024021,4315.854317351299,3790.545804719013,40.02970579438755,0,3969.44124081766,4159.308192781355,93.40687752470647
2025-01-10,3907.1575546186295,3925.0673238677855,3851.9199637238153,3885.666015625,355269,3944.961886935764,4060.603260387074,4300.684243164063,,3945.455844697492,4051.636342023296,28.848752499538666,-127.2714571260185,-132.5591541208617,5.28769699484323,4279.280746562718,3786.157852070094,39.966817409864845,0,3963.0313866628167,4150.541921636546,89.4377956082041
2025-01-13,3864.7397449342775,3885.430425966787,3768.12125131092,3811.623046875,801718,3932.713080512153,4034.60410378196,4284.364672851562,,3918.6892851329935,4029.8169515552686,25.26865360865064,-130.50356840757104,-132.1480369782036,1.6444685706325686,4235.495239498841,3779.814843508972,40.60556853287248,0,3921.132030456369,4108.642565430099,89.94615219902357
2025-01-14,3833.633257885082,3897.0244151491024,3824.9140280755328,3867.237548828125,242769,3924.156141493056,4015.147571910512,4267.6444921875,,3908.39893787202,4015.037005852801,32.08601207753969,-127.11214468708476,-131.14085851997984,4.028713832895079,4184.148079572925,3790.030826677075,40.950436045042736,0,3921.132030456369,4080.434631002082,91.66980237547422
2025-01-15,3886.6089077614993,3918.657970771857,3848.856720616241,3875.95703125,281045,3903.250922309028,3995.2861550071034,4250.51521484375,,3901.910556547616,4002.3933717980008,33.116212023692285,-122.31090363382371,-129.37486754274863,7.063963908924904,4157.594521799433,3788.004111013067,40.80527583665639,0,3910.692457881327,4080.434631002082,93.137615642263
2025-01-16,3930.723039393405,3935.4361365629416,3825.1024857977536,3840.325927734375,349664,3885.5506456163193,3975.366910067472,4236.716206054687,,3889.593630784968,3987.659967792216,31.04387017086765,-119.99775831831266,-127.49944569786145,7.501687379548784,4134.5641311362015,3781.3089889809858,40.889990561716296,0,3910.692457881327,4080.434631002082,92.93225557308882
2025-01-17,3842.116621532226,3888.304971496672,3817.608517469459,3862.854248046875,211342,3874.5743543836807,3961.7802956321034,4223.09158203125,,3884.2457542373495,3976.3139932699128,33.861969051731464,-115.02083819355812,-125.00372419700078,9.982886003442658,4098.645059186506,3788.105770891618,41.03828854768256,0,3875.273639621688,4080.434631002082,90.86185950763344
2025-01-20,3881.235655299292,3881.235655299292,3813.4142306762615,3857.293212890625,254936,3867.248128255209,3949.03993918679,4207.996489257813,,3878.855245968005,3965.493922326341,33.498042046381144,-110.25437835678667,-122.05385502895795,11.79947667217128,4074.9106457817456,3788.477342499504,41.216846120039314,0,3862.14750413407,4047.37207777098,91.16482829399752
2025-01-21,3858.0472298463737,3882.649690659977,3779.904165949626,3793.85498046875,287082,3855.3816189236113,3932.66620427912,4193.080493164062,,3861.8551928681536,3949.890382157469,29.591049678258216,-110.32411208690974,-119.70790644054831,9.383794353638578,4068.361912837816,3771.667994388747,41.702980749214575,0,3851.7786939369303,4047.37207777098,93.99268673402295
2025-01-22,3795.928557037209,3838.346432643535,3795.928557037209,3822.981689453125,272889,3846.421522352431,3920.487116033381,4179.63498046875,,3854.080492185148,3938.353228275256,33.43011893473934,-106.79799378455571,-117.1259239093498,10.32793012479408,4057.785975793716,3763.071031042222,42.15439147630589,0,3851.7786939369303,4032.549759210686,85.31048088336868
2025-01-23,3822.9814854489778,3878.8788623470487,3794.043115661451,3865.069580078125,282745,3844.1330295138887,3913.10683371804,4167.246127929688,,3856.278309763744,3931.691078439153,38.63675057388632,-99.4608557623742,-113.5929102799547,14.1320545175805,4039.555362354245,3764.8388026848174,41.51359710392776,0,3851.7786939369303,3986.832521847495,81.33462367946832
2025-01-24,3869.499789928449,3888.3052320652528,3809.219552246352,3819.399658203125,216273,3844.997097439236,3904.229059392756,4154.57166015625,,3848.90257945162,3921.482767508605,35.40115457073085,-96.22211340724743,-110.11875090541324,13.896637498165816,4028.27070636972,3758.5859830834056,40.685567205217566,0,3857.670151256284,3986.832521847495,79.42581266429498
2025-01-27,3812.895591620109,3840.9856966403368,3770.477717300479,3785.512451171875,328160,3835.9165310329854,3893.129716352983,4145.076655273438,,3836.224553795672,3909.1218296598113,33.18075971650168,-95.29134188470108,-107.15326910127082,11.861927216569754,4025.863656604671,3744.812979137516,40.40626431328977,0,3852.9569269317103,3986.832521847495,79.77927823022735
2025-01-28,3789.329948647611,3829.202794879868,3770.477560843394,3795.315673828125,444089,3826.9563802083335,3884.063409978693,4134.186572265625,,3828.042777802162,3898.775815493294,34.461401623158324,-92.69414025902006,-104.26144333282068,11.567303073800616,4023.938833176725,3734.0831394795255,40.14691354891692,0,3852.956848703168,3946.2762438753234,77.4429317382813
2025-01-29,3804.412075112907,3878.69030317774,3801.631393780084,3838.7705078125,479893,3826.783555772569,3879.1296608664775,4121.733623046875,,3830.18832380423,3893.320787522313,39.95500035396314,-86.13646971867593,-100.63644860999172,14.499978891315806,4016.3267838517663,3731.147239585734,38.669668745160855,0,3829.391396454324,3933.621682886953,79.89375131562724
2025-01-30,3845.133059369159,3946.747478008175,3827.0819896822,3938.0751953125,807120,3835.141438802084,3879.866610440341,4110.459892578125,,3851.765698105885,3897.389370048693,50.22337232110857,-72.09534001078646,-94.92822689015068,22.832886879364224,3983.222946229727,3751.648196348398,35.95098433641395,0,3858.6125194257847,3933.621682886953,83.21647475719904
2025-01-31,3947.689922297433,4121.885797800627,3936.37848985532,4090.166748046875,1056018,3861.0162760416665,3886.499189897017,4102.377856445312,,3899.445908094083,3914.914586230346,61.174558783539744,-48.1401961182637,-85.5706207357733,37.4304246175096,4013.685918129599,3730.2390574563374,35.526590573219224,0,3946.1816793220105,3945.0035245557738,88.07094215942955
2025-02-01,4081.542342758438,4263.4209552784105,3992.9830586294784,4149.55224609375,1141242,3900.538194444444,3890.38320090554,4094.988666992188,,3949.467175694016,3936.245282581564,64.46221260124801,-24.08601007772449,-73.27369860416354,49.18768852643905,4066.406897083101,3696.309216198149,36.17934160971196,0,4016.949258060902,4015.7711032946654,101.28783704334596
2025-02-03,4166.377583292241,4175.803776919599,3985.583373624858,4040.67919921875,846135,3924.726806640625,3892.249145507813,4084.2116943359374,,3967.709580398963,3945.7392750031263,55.22884184168456,-13.650682758752737,-61.34909543508138,47.69841267632864,4084.898486086783,3689.562622311655,36.66506259280607,0,4016.949258060902,4015.7711032946654,109.88920512471203
2025-02-04,4075.886188097812,4100.394291911536,3977.853772842916,3993.97265625,554233,3939.049370659722,3893.7187721946025,4072.8700927734376,,3972.962195569171,3950.124127843751,51.80089291638335,-9.04517124699396,-50.8883105974639,41.84313935046994,4095.22314781867,3688.569869759455,36.98395144233599,0,4016.949258060902,4015.7711032946654,110.76112428924291
2025-02-05,3994.821039726707,4043.837248803108,3970.878598884372,4025.36181640625,408928,3961.9340549045137,3898.361161665483,4061.542631835937,,3983.442119736587,3956.963917713069,53.87299121750912,-2.829807044439804,-41.27660988685908,38.44680284241928,4109.895889491887,3686.071053867489,37.15488473545035,0,4016.949258060902,4015.7711032946654,110.922709710066
2025-02-06,4042.894748117946,4085.925233181514,3974.931794946288,3987.3271484375,576470,3984.35791015625,3902.300870028409,4051.1087744140623,,3984.21912547677,3959.72421141529,51.01130249890232,-0.9620757602369848,-33.21370306153466,32.251627301297674,4118.581319345756,3687.551737294869,37.63692878960641,0,4016.949258060902,4015.7711032946654,114.00642496807998
2025-02-07,4072.0691015617103,4072.0691015617103,3973.706669311441,4029.3681640625,1344288,4010.3637424045137,3908.0165793678975,4041.926723632813,,3993.248933193917,3966.0554798377634,53.9246872744602,3.8659095494404023,-25.797780539339648,29.66369008878005,4132.003037696018,3695.904530663357,38.06053849373508,0,4032.5261745292473,4015.7711032946654,113.69334693521702
2025-02-10,4059.201894445267,4073.01163739782,3930.8174033788673,3955.655517578125,779450,4023.3509657118057,3911.197920365767,4031.520205078125,,3985.7302500707583,3965.1100287232503,48.480618606251234,1.7242520577055984,-20.2933740199306,22.0176260776362,4136.02082546983,3700.7285397645446,37.62413073767389,0,4045.251472480305,4015.7711032946654,120.67211706694329
2025-02-11,3959.0016452922487,3995.763803427106,3837.403737615416,3851.118896484375,593081,4013.689154730903,3912.9931862571034,4019.992905273437,,3958.8079793534816,3954.7471985197167,42.0041366493261,-8.312437996661629,-17.897186815276807,9.58474881861518,4136.077610840356,3698.187940917456,35.71545888161009,0,4050.412346446913,4015.7711032946654,125.9238541473784
2025-02-12,3871.845427112192,3929.435236337495,3821.647727864992,3880.30029296875,619474,3990.370659722222,3913.586947354404,4010.202065429688,,3943.106442076536,3947.9792980150833,44.24332274240805,-13.753352274159624,-17.06841990705337,3.315067632893747,4135.842524619874,3702.420463661376,33.72005605283303,0,4042.534341571701,4015.7711032946654,127.97398476549289
2025-02-13,3869.912674165892,3889.334802173856,3812.033175723601,3823.096923828125,557075,3954.097846137153,3911.184215198864,3999.1069140625,,3919.1045384268537,3936.626354907178,40.90896720515937,-22.4226752176146,-18.13927096916561,-4.283404248448981,4136.738428941773,3697.5488269176026,31.72731010077083,0,3993.9184763216,4015.7711032946654,128.45924527337843
2025-02-14,3826.479001157653,3846.819039495804,3720.140900445565,3732.12255859375,475952,3919.813774956597,3906.265880237926,3986.470341796875,,3881.7081424602334,3918.035100696866,36.2322454778804,-36.21656506132422,-21.75472978759733,-14.461835273726884,4144.358300386707,3677.41189004298,30.23607230776561,0,3910.267596178551,3991.780927861988,133.31302420293306
2025-02-17,3715.357935197997,3755.0715058812425,3630.905763274472,3745.69873046875,913565,3892.227783203125,3900.940629438921,3974.739677734375,,3854.506260061937,3902.368157948856,37.38267625815779,-45.52801985982842,-26.50938780204355,-19.01863205778487,4147.948537732028,3669.0060276976583,29.7520974730705,0,3858.415498227993,3947.163359276441,136.22667514987273
2025-02-18,3749.129106114113,3760.627629371038,3681.490178941951,3710.96142578125,482022,3857.2944064670137,3894.289184570313,3962.45849609375,,3825.7972932058,3884.967545933619,35.612310528323334,-55.07554841082356,-32.22261992379956,-22.852928487024,4155.638433464495,3650.114105598004,29.219835206313977,0,3858.415498227993,3947.163359276441,133.331815300095
2025-02-19,3711.34801721146,3767.391702407972,3686.321707322262,3748.307861328125,453662,3830.7367078993057,3892.218860973012,3949.7525634765625,,3810.299406830265,3872.54393824221,38.95926702569441,-58.94896140959281,-37.56788822095821,-21.3810731886346,4158.713660312447,3635.362706875053,28.619291558734943,0,3851.9587003361457,3947.163359276441,125.8720072386952
2025-02-20,3734.151806175919,3805.1726776350806,3725.455372936022,3777.24755859375,438563,3802.7233072916665,3890.14003684304,3939.391889648437,,3803.689037182962,3863.880631001441,41.49705012554452,-59.00332381866838,-41.854975340500246,-17.14834847816813,4159.897299478486,3629.963857748076,27.47308837884722,0,3851.9587003361457,3947.163359276441,112.24910781370424
2025-02-21,3768.4544414695583,3784.736191559786,3699.510956235717,3722.6533203125,426337,3776.834174262153,3883.666570490057,3927.586791992188,,3787.4818938088697,3851.0417845751736,38.2650281247577,-62.728608830338544,-46.0297020384679,-16.69890679187064,4163.621371044711,3619.953873095914,26.708610804304293,0,3813.3347833507887,3947.163359276441,104.74945295865624
2025-02-24,3710.3332643298586,3759.8546193205057,3671.9240182639423,3753.8154296875,272543,3766.0226779513887,3880.685469193892,3917.0921142578127,,3780.748600984596,3842.20302503993,41.0856377512893,-62.44655720751143,-49.31307307227661,-13.133484135234823,4165.255295140746,3614.169924585816,26.30857898036082,0,3780.170499805984,3947.163359276441,102.27731595779504
2025-02-25,3746.230439095357,3752.317989956256,3688.35093497903,3699.124755859375,661184,3745.8920627170137,3876.758755770597,3907.8394140625,,3764.423831959552,3829.19590965988,37.8197483458062,-65.87672370916471,-52.62580319965424,-13.250920509510472,4170.513683668876,3594.946960862374,25.9371208581276,0,3760.120282724164,3947.163359276441,101.74201915706172
2025-02-27,3679.702543435005,3681.780166346447,3599.5988213317687,3632.741943359375,877741,3724.741509331597,3869.36904074929,3897.7426318359376,,3738.087454239517,3811.336458178015,34.25995128556329,-73.10893921662318,-56.72243040304803,-16.386508813575155,4174.627670240004,3560.299649095934,26.509607899298768,0,3723.208930413786,3931.5098883050896,100.9229117493746
2025-02-28,3619.2624277579744,3620.566751226765,3538.626975865343,3556.93798828125,995134,3705.276557074653,3856.558471679688,3885.799848632813,,3701.8575610478633,3788.209324551037,30.705711889848672,-83.98909377466316,-62.17576307737106,-21.813330697292105,4158.946212949582,3522.6582304097933,27.548353261383628,0,3671.899826750212,3901.023965571877,100.61952140964338
2025-03-03,3521.137575866811,3589.6944111818325,3494.9999152744786,3508.2861328125,691809,3678.897379557292,3837.022605202415,3874.147138671875,,3663.143275400791,3762.761761665715,28.651260392549503,-95.4373504170776,-68.82808054531237,-26.60926987176522,4125.117555419707,3492.3602766115423,28.83500509666099,0,3650.08629645478,3879.210435276445,97.22668297310062
2025-03-04,3502.7299940973103,3517.127327848641,3377.1148494814065,3396.29541015625,946922,3643.934488932292,3805.482998934659,3861.524331054688,,3609.773702351883,3729.446638801218,24.5751960117812,-112.25290998793388,-77.51304643383668,-34.73986355409721,4123.235197248246,3429.8042558767547,30.73775117505801,0,3591.143763558244,3820.267902379908,95.9161410127824
2025-03-05,3396.4404392116207,3487.8497129621346,3394.991033618785,3467.702880859375,611959,3612.756157769097,3774.48984596946,3850.5841748046873,,3581.3595380533816,3705.651751715596,31.28760874571788,-118.45193580658452,-85.70082430838625,-32.75111149819827,4107.163925805025,3393.2485497809125,32.504586819283816,0,3591.143763558244,3820.267902379908,94.84979607498568
2025-03-06,3507.078250758768,3534.616955854959,3461.85675099859,3525.678955078125,654829,3584.8040907118057,3751.080743963068,3840.503793945312,,3570.2234214583304,3689.2905883849166,36.24834103209866,-117.33397078885672,-92.02745360448034,-25.30651718437639,4070.858660026277,3379.585529426848,33.286807920571704,0,3580.9255205205964,3820.267902379908,94.52540881827952
2025-03-07,3540.4148442847363,3607.763845860836,3502.730297634326,3529.302734375,621576,3563.3206922743057,3729.959383877841,3831.1943603515615,,3562.039284041665,3674.7462380203783,36.55665586081902,-114.83185659129822,-96.58833420184392,-18.2435223894543,4035.29883628734,3369.342911759536,32.83272317553436,0,3568.484734400956,3820.267902379908,92.9793666165846
2025-03-10,3529.785726463566,3542.105673907424,3455.0929783090487,3462.001953125,675889,3530.89697265625,3704.352117365057,3821.4881396484375,,3542.031817858332,3655.4058484844354,33.33251467755498,-116.93160885427868,-100.65698913233088,-16.2746197219478,3985.603876352769,3362.301250600356,32.80124628995113,0,3564.7164197188317,3820.267902379908,90.32557754455638
2025-03-11,3458.281713738631,3539.9315614086263,3432.917116089668,3527.514892578125,618870,3511.8292100694443,3683.45156028054,3813.60119140625,,3539.128432802291,3643.779397947498,38.97472176887312,-112.0180565244068,-102.92920261074607,-9.088853913660714,3940.651246104311,3364.439818348814,32.94646069906723,0,3529.4475079139265,3776.459313200503,92.31679146526146
2025-03-12,3527.514766929404,3545.6806967321027,3475.6744568957306,3488.4775390625,385877,3495.7998318142363,3658.86562278054,3804.4857421875,,3528.9982540543333,3629.6610471397703,36.96707193977932,-110.0059390931392,-104.34454990722472,-5.661389185914487,3915.4584219635294,3353.3685067474084,32.98514043174143,0,3498.840800354086,3738.754570696471,91.52652323316588
2025-03-13,3502.730147935048,3503.26164382832,3405.4751279830007,3410.113037109375,359751,3479.4859483506943,3634.068237304688,3791.4059228515625,,3505.221210665342,3609.702137137008,33.26291835107742,-113.4271641778014,-106.16107276134004,-7.266091416461336,3883.891982663859,3337.9162204611407,33.57242811118627,0,3492.439347671121,3731.520041331461,92.81718117218448
2025-03-17,3368.418438889502,3429.293470917625,3344.8415367203133,3375.279052734375,673556,3464.7073838975693,3612.4391534978695,3778.918935546875,,3479.2327790791487,3588.390947645859,31.740425921674174,-117.59377330620828,-108.4476128703137,-9.146160435894572,3861.680844167714,3315.345571847911,34.52694390530766,0,3476.302691290575,3715.3833849509138,92.7619453774161
2025-03-18,3375.279052734375,3375.279052734375,3375.279052734375,3375.279052734375,0,3462.3722330729165,3589.483642578125,3767.19169921875,,3458.442033810194,3569.017139017542,31.740425921674174,-119.51811067682638,-110.66171243161624,-8.85639824521013,3850.868685840144,3290.473379589544,35.413279999848946,0,3476.302691290575,3708.9265870590666,86.48118815909015
2025-03-19,3464.0794666345287,3467.7997021256174,3395.6191127990846,3417.698486328125,674188,3456.8161892361118,3571.0564408735795,3757.081083984375,,3450.2933243137804,3555.2608978639587,35.88505030085712,-116.27986621411355,-111.78534318811572,-4.494523025997836,3829.6894160405113,3278.852624975113,34.69274991600159,0,3476.302691290575,3708.9265870590666,88.41377063643105
2025-03-20,3458.2816232414903,3511.426493115277,3441.130324327677,3475.8193359375,771668,3451.27623155382,3559.4062943892045,3748.5843994140623,,3455.3985266385243,3548.0389376888256,41.156965728681016,-107.7812323646408,-110.98452102342074,3.20328865877994,3809.7220286508737,3275.3058033803763,33.401593902695254,0,3476.302691290575,3670.3026700737096,87.99963294068432
2025-03-21,3506.59521484375,3586.6989351164443,3489.927050761068,3506.59521484375,1195882,3448.753173828125,3548.5379527698865,3740.643852539063,4609.367724609375,3465.63786427957,3544.2713265210914,43.79248796406405,-97.43942653148224,-108.27550212503304,10.836075593550802,3779.708759173605,3281.147808209208,31.25008672696581,0,3465.7702359183786,3637.138386528904,89.19710663246376
2025-03-24,3534.617277239821,3562.977409078109,3462.002147877573,3504.034912109375,663262,3453.4235026041665,3539.132202148437,3733.01123046875,4600.413201904297,3473.317273845531,3540.6134706654807,43.61746397600902,-88.43069196258784,-104.306540092544,15.875848129956154,3737.3950755866713,3296.140227147704,29.554108994448093,0,3465.7702359183786,3617.088169447085,89.6457327248339
2025-03-25,3529.302551338374,3551.7199768994487,3493.06741220759,3505.58056640625,544164,3450.9863552517363,3528.0991432883525,3726.890380859375,4592.047745361328,3479.769932357675,3537.428661187369,43.76358788776933,-80.24150935686521,-99.49353394540825,19.25202458854304,3704.112956617501,3307.715070726249,27.979272528538782,0,3465.7702359183786,3595.830288108059,83.8343103194499
2025-03-26,3526.887075241544,3545.536141752077,3483.791319631041,3522.9736328125,755658,3454.8192545572915,3516.5412375710225,3720.005102539063,4583.546544189453,3488.41067244864,3536.1145676987444,45.476017489032,-71.52356886291591,-93.8995409289098,22.37597206599388,3655.1364927585423,3333.607354897708,26.626290467511225,0,3465.7702359183786,3575.007107177697,81.6118919464275
2025-03-27,3511.4266364890764,3661.198548612304,3488.5744358726183,3644.8203125,1525094,3480.8978407118057,3513.003373579545,3715.3823681640624,4574.997911376953,3519.692600458912,3545.996908135222,55.66181923187899,-54.158227146283934,-85.95127817238463,31.7930510261007,3639.1469106210334,3344.166492699279,25.49527604330044,0,3503.0200426663087,3575.007107177697,88.74502822380727
2025-03-28,3651.5357220308497,3680.282265489547,3582.3025445002263,3597.376220703125,509889,3505.5753038194443,3505.892500443892,3710.5233740234376,4565.910749511719,3535.229324507755,3550.6677547323043,51.61825721755227,-43.72042854130859,-77.50510824616943,33.784679704860835,3630.965104508669,3348.8117265460182,24.644508949757437,0,3527.780659111961,3575.007107177697,88.24118342115086
2025-04-01,3582.3025289642515,3687.8675662497135,3582.3025289642515,3635.157470703125,506307,3534.45068359375,3502.984896573153,3705.9694384765626,4556.995650634765,3555.214953746829,3558.3486380023787,54.45565386551463,-32.03053871072825,-68.41019433908119,36.379655628352936,3646.5558464091055,3341.042932887769,23.936123904311643,0,3541.743339524399,3575.007107177697,89.56635068451422
2025-04-02,3642.839422703017,3661.971623881409,3606.990696355983,3656.31884765625,321687,3560.964057074653,3504.056574041193,3701.949951171875,4548.0656457519535,3575.4357325287133,3567.255020698185,56.01171915968898,-20.818685682409523,-58.89189260774686,38.07320692533734,3670.3761547748513,3332.025896006399,23.278337790683405,0,3564.4989452886957,3564.7888641400496,85.84967084211907
2025-04-03,3652.501987482277,3678.688008791911,3609.647802340878,3626.7509765625,339509,3577.73423936632,3507.229891690341,3698.60787109375,4539.04301147461,3585.698781335471,3572.663743958577,53.27291713765054,-14.155910939126445,-49.94469627402278,35.78878533489634,3683.201880484825,3342.2457269370493,22.86664211967116,0,3574.934857063643,3552.348078020409,85.780668457452
2025-04-04,3618.6342983819,3618.6342983819,3510.025599451599,3535.776611328125,330498,3580.976616753472,3508.4794588955965,3692.86376953125,4529.796401367187,3575.714347334002,3569.3103682649,45.8451423988988,-16.03168167531794,-43.162093354281815,27.130411678963878,3685.5357647126593,3346.7192157560903,21.43789637381768,0,3574.934857063643,3548.5797633382845,87.13344426213641
2025-04-07,3361.6063465427897,3425.428553371403,3231.2082038008384,3407.93896484375,605866,3570.2992892795137,3509.008711381392,3683.7211572265614,4520.411931152344,3542.159270835952,3554.640240681158,37.85734843781428,-27.51648032863386,-40.03297074915223,12.516490420518366,3686.303528311402,3334.177453133911,22.492854595386213,0,3459.537885025276,3459.537885025276,102.85604949999174
2025-04-08,3478.573398749894,3500.7008962851546,3391.850631378282,3453.59521484375,450859,3564.523139105903,3508.3674538352275,3676.405068359375,4511.925268554687,3524.446459637512,3545.4543292413937,41.76017914090243,-32.55886981110507,-38.5381505615428,5.979280750437731,3684.0413603279258,3328.868869164262,22.589610475819075,0,3459.537885025276,3459.537885025276,110.63106842191122
2025-04-09,3468.9105130502903,3554.6670055386503,3418.6644554796453,3489.10546875,584571,3560.760009765625,3506.7050226384945,3670.4769287109375,4503.862263183593,3517.378261460009,3540.331705560358,44.67078032255385,-33.30569180272869,-37.49165880977998,4.185967007051289,3684.378959771983,3331.2416212827043,22.10024802523934,0,3459.537885025276,3459.537885025276,113.73691846960855
2025-04-11,3498.333746646264,3579.1624100181944,3498.333746646264,3542.347412109375,436704,3549.3741319444443,3507.2979625355115,3665.4175634765625,4495.726490478515,3522.372091589883,3540.5149516102683,48.802195259886105,-29.264036151512755,-35.846134278126534,6.582098126613779,3685.593031144616,3331.5108018631963,21.3894559076913,0,3459.537885025276,3459.537885025276,113.47469950396872
2025-04-15,3622.547795700008,3687.28791368131,3562.155894598048,3675.595947265625,604277,3558.0652126736118,3517.0067804509945,3662.154072265625,4488.3245703125,3553.0168627250314,3552.795042124392,57.37958545927042,-15.134490758164702,-31.70380557413417,16.56931481596947,3709.6488656326874,3326.1668081954385,20.02307263827276,0,3459.537885025276,3459.537885025276,115.90762110346805
2025-04-16,3680.5239125351777,3687.8676618555846,3615.7837964575046,3654.337890625,491227,3560.1963704427085,3522.771462180397,3656.479326171875,4481.083046875,3573.281068305025,3562.0262101699013,55.774186877639856,-5.587660671936646,-26.480576593694668,20.89291592175802,3724.049673079678,3336.1884861000094,18.759463801892107,0,3459.5379328282115,3459.5379328282115,113.8439499747212
2025-04-17,3654.3378024333256,3669.50843590263,3540.7045489470443,3644.57861328125,970749,3558.891899956597,3529.866965553977,3647.5675634765626,4473.6420703125,3587.5405773002703,3569.530974089115,55.01321038371459,1.1772087034919425,-20.94901953425735,22.12622823774929,3729.477374478167,3357.6907407562085,17.93781254405774,0,3459.5379328282115,3459.5379328282115,118.85475870784455
2025-04-21,3666.029845988839,3799.858294504773,3629.3115713057664,3784.881103515625,1031160,3576.4619140625,3546.9018776633525,3640.274140625,4466.460936279297,3627.008682543341,3589.108258582434,62.85881104918297,17.656125996914852,-13.22799042802291,30.88411642493776,3761.76225143101,3366.3660688814903,17.28035543383054,0,3515.5332491528056,3515.5332491528056,126.62632307055674
2025-04-22,3769.420718110692,3771.25653745366,3692.312295306545,3704.294189453125,927543,3595.186089409722,3561.857111150568,3633.546440429688,4458.7669140625,3642.465783925298,3599.579706843406,56.738126234519854,23.937163483962195,-5.79495964562589,29.73212312958809,3772.944027314921,3383.843863310078,16.669859545762424,0,3515.5332491528056,3515.5332491528056,120.90808703265634
2025-04-23,3731.832876540701,3820.826235745132,3693.665197066827,3807.58837890625,800615,3639.5915798611113,3581.5075350674715,3629.818754882812,4451.757797851563,3675.490302921489,3618.489586121846,61.86397020219679,36.82540838336308,2.729113960171905,34.09629442319118,3808.3717088108097,3381.593086111065,16.505152427908342,0,3606.338433561707,3526.0172197729853,122.99246686758376
2025-04-24,3807.685147041647,3853.486268610128,3792.514513377852,3821.1162109375,1227984,3680.42724609375,3599.844704367897,3625.7338427734376,4444.757133789062,3704.615484524692,3636.9101883778144,62.49077901545801,47.582516675889565,11.699794503315438,35.88272217257413,3842.256680794686,3379.1602137365644,16.60874446555267,0,3636.075362044887,3542.347236205483,119.80723243521334
2025-04-25,3826.430639620235,3859.3805533793047,3710.381474596685,3764.106201171875,652719,3710.9828830295137,3612.948652787642,3621.269423828125,4437.571546630859,3716.513627854129,3648.473462268184,58.15288926858248,50.92039257419083,19.54391411749052,31.376478456700312,3859.213291264077,3388.210732173423,15.84558452328728,0,3678.8571500127846,3545.294378590072,126.52281466787
2025-04-28,3763.62334069785,3802.2741580606007,3716.759224645514,3779.760009765625,521342,3737.362060546875,3625.365234375,3616.277260742188,4430.465632324219,3729.162904236428,3660.408602949769,58.99458926359634,54.20398500256988,26.47592829450639,27.72805670806349,3875.870480309509,3398.9714874639285,15.13693600546942,0,3700.042551163175,3545.294378590072,127.69958087958813
2025-04-29,3802.756988570629,3820.536268770531,3716.662205431351,3722.749755859375,428581,3742.601372612847,3635.306818181818,3611.619145507813,4423.337376708984,3727.880274561018,3666.075980487006,54.68093422569436,51.61106439977539,31.502955515560192,20.108108884215195,3882.3850627927,3412.434517285425,14.651114815460623,0,3700.042551163175,3545.294378590072,126.78162989589376
2025-04-30,3722.7499108784864,3737.0507599334815,3678.1082657238007,3698.30322265625,892342,3747.486409505209,3644.0669389204554,3608.56283203125,4415.67866821289,3721.964864180064,3669.005729775119,52.89487517046634,47.04126282411926,34.61061697727201,12.430645846847248,3886.149922901667,3414.017948192083,13.773946497885804,0,3700.042551163175,3545.294378590072,109.23692180177906
2025-05-02,3675.306155835822,3781.982312705647,3599.357208694056,3611.3388671875,881303,3743.7931043836807,3648.0835404829545,3603.183603515625,4407.961312255859,3699.839664781552,3663.7632877216993,47.01214845470196,35.987523685295855,34.88599831887678,1.1015253664190752,3886.273622608837,3415.290513133351,13.410681589437296,0,3729.36888103668,3545.294378590072,114.50655316640176
2025-05-05,3641.872947799034,3666.512841714894,3616.073576644774,3640.520263671875,640182,3727.753011067709,3647.88808371804,3599.5320703125,4400.3079833984375,3687.975784559617,3661.650285535352,49.05943352463032,29.24493321134969,33.75778529737136,-4.512852086021674,3886.479058001789,3415.621357037274,13.073364174449395,0,3729.36888103668,3545.294378590072,108.7330834855724
2025-05-06,3657.333380300425,3776.1846367804656,3653.46829878888,3741.978759765625,1210118,3731.940185546875,3654.460926402699,3599.7291943359373,4393.065328369141,3698.7763796008185,3668.95287410174,55.4974740108418,31.72255650891202,33.350739539679495,-1.6281830307674738,3894.256399022405,3416.410007227596,12.672301216098628,0,3729.36888103668,3545.294378590072,111.99075718845786
2025-05-07,3691.152955995104,3763.4300296444526,3684.968919750546,3737.533935546875,448141,3724.156358506944,3659.114402077415,3599.5658984375,4385.522299804688,3706.52789079003,3675.187516051297,55.16852230861117,32.94763087549063,33.270117806841725,-0.3224869313510936,3902.1307920348345,3419.613910113603,12.299885611915771,0,3729.36888103668,3545.294378590072,107.24222921145584
2025-05-08,3738.500067322556,3744.2976895515394,3648.3469944807,3672.310546875,739365,3707.6223958333335,3659.841297496449,3598.792880859375,4377.785327148437,3699.684422007024,3674.9259733989065,50.443562450183926,28.3289700335954,32.28188825219246,-3.952918218597063,3901.6700673267865,3433.728028376339,11.536494583990915,0,3729.36888103668,3545.294378590072,108.94700275951011
2025-05-09,3609.019966901425,3764.686223691566,3609.019966901425,3723.909423828125,859973,3703.156087239584,3664.2575905539775,3598.304912109375,4370.661466064453,3704.529422371245,3679.379014347017,53.81365581943823,28.503673574996355,31.52624531675324,-3.0225717417568845,3883.8756447029223,3483.11949689864,11.026900617976889,0,3709.946738732294,3545.294378590072,110.86574346197833
2025-05-12,3797.345852035652,3864.598364492423,3778.117165937085,3850.49072265625,547435,3711.0150553385415,3678.562777432529,3599.769775390625,4364.5190783691405,3733.721682428246,3694.934624193311,60.84781016935898,38.41337484785345,32.90367122297328,5.509703624880167,3885.651705401703,3521.0329869811094,10.964184875716542,0,3731.97778659324,3547.9032841466305,108.73304470949915
2025-05-13,3864.115216576569,3960.162397164893,3824.01499614948,3926.536376953125,1197629,3733.658013237847,3702.135387073864,3603.847436523437,4358.591057128906,3772.284621333222,3715.989328989657,64.35961395320436,51.805946559981294,36.68412629037488,15.12182026960641,3904.231786857396,3546.195996345729,11.71166275287419,0,3779.7598029294745,3595.6853004828654,111.84580133852292
2025-05-14,3932.720252549169,3969.2450823862537,3800.341217021101,3930.0146484375,1199813,3759.4037272135415,3723.79081587358,3607.3714208984375,4352.444621582032,3803.8306267540775,3735.446176212188,64.51638857373578,61.98578996783772,41.74445902586746,20.24133094197026,3924.1956878129063,3564.9988190230306,12.124669339967568,0,3784.3011455401543,3600.226643093546,114.82743181615491
2025-05-15,3945.281722814306,4200.377087698699,3930.014604552936,4179.119140625,2629014,3822.490424262153,3755.15507368608,3616.97130859375,4347.991931152344,3878.888329528262,3775.780082067898,73.50511501792548,89.12664341096979,51.22089590288793,37.90574750808186,4031.1806971124206,3508.3661290594546,14.005893103670571,0,3904.698527300062,3715.792645749769,129.783912381404
2025-05-16,4183.951113889896,4215.838039238248,4149.455069561069,4198.73486328125,765257,3884.5142686631934,3784.990866921165,3628.2911669921873,4343.705395507813,3942.85763627886,3814.230516723657,74.06231236644356,110.93994357505062,63.16470543732048,47.77523813773014,4115.029857226735,3478.956666210765,15.831769690275538,0,3912.4290030698367,3723.523121519543,123.8827617310154
2025-05-19,4177.28343107129,4304.347981689417,4177.28343107129,4239.70458984375,753807,3939.817138671875,3810.632168856534,3641.946499023437,4339.269528808593,4002.227026991838,3852.909977916393,75.23383118142135,130.034103445626,76.53858503898158,53.49551840664441,4192.523120059741,3460.9760010340087,17.957931644034623,0,3956.6839742954207,3848.09930653385,126.8505915312326
2025-05-20,4260.286289066039,4287.535303681332,4088.6765678182014,4098.53271484375,842529,3979.9281141493057,3830.822842684659,3653.7514306640624,4334.383024902344,4021.488164562221,3875.2393176370615,64.43429946604807,132.2504711112265,87.68096225343056,44.56950885779592,4227.057224069285,3457.807058157278,18.92214086172595,0,3956.6839742954207,3861.506218584531,133.63521099722908
2025-05-21,4097.952622814111,4144.236878990039,4069.930782195953,4119.9833984375,396931,4029.6695421006943,3852.432151100853,3668.225190429688,4329.510434570312,4041.187211337277,3897.48877952801,65.25053868832762,134.1909792713982,96.9829656570241,37.208013614374096,4261.1086497138685,3465.324553411131,19.614195147499025,0,3956.6839742954207,3901.3408641678407,134.7326111818295
2025-05-22,4106.648803098291,4139.501993523077,4061.137377294561,4132.0615234375,394809,4075.019775390625,3868.21307927912,3681.51236328125,4324.491667480469,4059.362073757322,3918.813574428873,65.72749110828384,135.14557564450797,104.61548765452088,30.53008798998709,4293.8973776936855,3464.9831398844403,20.157434596270623,0,4041.232573813251,3922.526265318231,127.28543348303845
2025-05-23,4144.237133209046,4188.782294183121,4132.158752891332,4163.4658203125,461297,4109.794786241319,3889.0845170454554,3694.2681005859376,4319.990942382812,4080.1828230683577,3941.0546876910207,66.995927659534,136.85854434116663,111.06409899185005,25.794445349316604,4328.770772376747,3464.3447061388774,20.980495350741567,0,4052.344599355258,3922.526265318231,127.3959189271975
2025-05-26,4164.5289869343405,4269.272611083455,4154.963003683559,4212.359375,765160,4141.552897135417,3907.48319868608,3707.9292333984376,4316.194921875,4106.618133454686,3965.7187501736553,68.92430041338665,140.54131284676942,116.95954176283392,23.581771083935507,4368.409632479879,3469.5311634185587,22.21966457414624,0,4052.344599355258,3922.526265318231,125.8705785194336
2025-05-27,4223.084857462896,4227.336352935315,4154.96279306497,4191.87451171875,411809,4170.6484375,3924.335848721591,3722.5266845703127,4312.7220703125,4123.6694091075,3986.278364859573,67.153942362582,140.19094223645197,121.60582185755752,18.585120378894445,4399.801337089274,3479.3509090044768,23.370319000564688,0,4117.181293121176,3951.852595191736,125.43575351775056
2025-05-28,4220.669121019912,4235.549590866292,4165.1085728379885,4215.06494140625,424160,4174.642415364583,3944.833973277699,3736.277685546875,4309.4127734375,4141.94851556725,4007.077144545634,68.15127761040355,140.1687665796626,125.31841080197854,14.850355777684044,4428.235013198265,3500.1487514501723,24.488937643439904,0,4182.742679491988,3951.852595191736,123.613633728998
2025-05-29,4236.129523754872,4236.129523754872,4185.980183289919,4209.65380859375,369150,4175.855631510417,3964.374600497159,3750.7012109375,4305.758994140625,4155.48957417255,4025.493204913644,67.6352238694635,138.1223703099031,127.87920270356346,10.243167606339624,4448.436442026009,3531.0823812161784,25.53142202034409,0,4182.742679491988,3951.852595191736,116.07671113434172
2025-05-30,4195.159546609853,4232.26423457806,4144.623323004924,4163.94873046875,914311,4167.438313802083,3984.42909934304,3765.777924804688,4302.264340820312,4157.18140543179,4038.0800708732,63.27682893590978,131.29903514487796,128.56316919182638,2.7358659530515865,4445.653931526042,3589.125878044271,25.8805843029878,0,4174.3363404879465,3951.852595191736,112.28756619925868
2025-06-02,4164.722016314405,4173.032035859174,4054.47047272937,4089.5458984375,771163,4166.439778645833,4002.212857333097,3780.06326171875,4298.170029296875,4143.6543040329325,4042.758782469954,56.85402639717865,118.52156332768072,126.55484801899726,-8.033284691316538,4430.331411172239,3649.350961874636,25.01630322235645,0,4161.871541906412,3951.852595191736,111.03143492171522
2025-06-03,4106.649006121556,4136.120251930193,4059.301758756861,4066.6455078125,417447,4160.513346354167,4022.908613725142,3793.890590820312,4293.467990722656,4128.252544788846,4044.93030295564,55.0034463607704,105.33323871075844,122.3105261573495,-16.97728744659105,4420.5549602922965,3691.594087559266,24.213756504627348,0,4161.871541906412,3951.852595191736,104.45390833658516
2025-06-04,4070.896941052763,4097.662818186449,4049.928685957129,4058.915283203125,353642,4152.385986328125,4041.926569158381,3806.714926757813,4289.040015869141,4114.385092471702,4046.20166479632,54.360223039954704,93.18347086585982,116.48511509905155,-23.30164423319175,4404.406679929194,3739.880502687994,23.34540356863917,0,4159.600648520292,3951.852595191736,88.55188327112494
2025-06-05,4085.197793652133,4085.197793652133,4032.0529218439287,4037.947265625,394746,4138.439480251736,4055.37968306108,3817.9574853515614,4285.322801513672,4099.097527102362,4045.451264871655,52.56459993225738,80.92983971771719,109.3740600227847,-28.44422030506752,4365.346478132725,3815.504376359463,22.2975316038282,0,4150.662766463692,3951.852595191736,87.60630485191245
2025-06-06,4047.706631975969,4151.967111877224,4017.848971521397,4124.0419921875,551467,4128.626437717014,4072.948231090199,3830.306420898437,4281.773775634766,4104.08642011939,4052.5958764458223,58.61009957290669,77.27509447310194,102.95426691284815,-25.679172439746225,4324.565960701758,3896.298150626367,22.030642132235933,0,4126.989247638135,3951.852595191736,88.11013269031959
2025-06-09,4159.697257227671,4212.938849434936,4130.805867278521,4202.6962890625,495256,4129.828857421875,4097.056673916904,3844.2796484375,4278.331468505859,4123.8083939080125,4066.241368501884,63.22170186451311,79.80547906665788,98.32450934361012,-18.51903027695224,4307.247637136723,3948.837030832026,22.34248814289411,0,4126.989247638135,3956.6839742954207,80.25571278919854
2025-06-10,4222.698139832373,4243.859366079584,4183.660912157004,4231.2978515625,469185,4131.632514105902,4120.119784268466,3858.793994140625,4274.770592041015,4145.30628543891,4081.2465033255767,64.7593377818229,83.16011609503767,95.29163069389564,-12.131514598857976,4300.865567042207,3985.6952483874807,22.894518883764366,0,4130.854168800491,3956.6839742954207,79.2480240126624
2025-06-11,4227.433321479571,4335.365922092105,4218.640165808542,4261.54248046875,1241569,4137.397922092014,4138.803955078125,3873.56537109375,4271.170997314453,4168.553524444878,4097.637046702229,66.36091979492153,87.25337628819807,93.68397981275614,-6.430603524558066,4290.414501979731,4029.2990966530815,24.09274777684646,0,4176.607446806751,3972.192944496765,81.98810544516576
2025-06-12,4261.541884035367,4275.7462467322375,4193.613267981449,4215.64404296875,813687,4143.141845703125,4151.9452126242895,3884.981845703125,4267.128643798828,4177.971628149653,4108.3649554537305,61.77278048003394,85.8045922368201,92.10810229756892,-6.303510060748835,4294.379544629001,4028.986544238186,24.817720498031388,0,4176.607446806751,3972.192944496765,83.80326315982059
2025-06-13,4122.206334229253,4200.37751686586,4108.001970326754,4187.62255859375,521000,4154.039252387152,4163.6546630859375,3896.786772460937,4262.687198486328,4179.901814238472,4115.570192102823,59.0868607131213,81.45634281922366,89.97775040189988,-8.521407582676218,4293.2625773012105,4028.992281097226,24.290158895486243,0,4176.607446806751,3972.192944496765,83.32701067711342
2025-06-16,4170.422995546454,4265.214214992928,4167.041049187694,4217.287109375,360242,4170.777208116319,4165.3895707563925,3908.429365234375,4258.588021240234,4187.378873265778,4124.817184582112,61.01917698822762,79.48772020030401,87.87974436158072,-8.392024161276709,4289.692795820496,4030.320314531068,24.3468130652744,0,4176.607446806751,4056.741544014595,85.16983967246269
2025-06-17,4221.635330315396,4241.927008488117,4187.622423891671,4223.56787109375,331648,4189.071940104167,4166.5183438387785,3919.774345703125,4254.459920654297,4194.616672831372,4133.794519719533,61.43448827161176,77.54053851118988,85.81190319150255,-8.271364680312672,4295.521238133152,4036.9953878434103,24.399420508649115,0,4176.607446806751,4067.8535695566034,84.01723728447284
2025-06-18,4205.208766989816,4282.510398735953,4203.2762261961625,4210.90966796875,370443,4208.289984809027,4165.209483753552,3931.45751953125,4250.48132446289,4197.875271858848,4140.804987742189,60.04597181692531,74.12154476175601,83.47383150555325,-9.352286743797237,4299.609897353364,4041.999355576324,24.785560932412373,0,4176.607446806751,4067.8535695566034,86.09472528981837
2025-06-19,4227.3365855366055,4255.455150580585,4203.566237608342,4236.41943359375,425692,4220.7763671875,4171.477061878552,3945.4703759765625,4246.332882080078,4205.584104205828,4149.4972100923305,61.91416325958613,72.63312304482861,81.30568981340832,-8.672566768579713,4306.661466599625,4045.383577345688,25.1441198973354,0,4221.68394620943,4132.690263322521,83.54101110404031
2025-06-20,4232.747418642676,4234.583238010598,4063.070244788574,4192.1640625,1159015,4219.606119791667,4174.75800115412,3961.154877929688,4241.581873779297,4202.900095864663,4153.376014856664,56.93997434160906,67.10890978283715,78.46633380729409,-11.357424024456948,4308.146083709352,4046.76878445471,23.604538684181986,0,4199.21808344034,4176.607446806751,87.45441293799543
2025-06-23,4174.288419442206,4178.8300793639855,4101.818134382445,4109.64501953125,580717,4206.089138454861,4173.7390691583805,3974.2758740234376,4235.839500732422,4184.2490805979805,4149.40046982708,49.03012601075356,55.43333289023303,73.85973362388188,-18.426400733648848,4305.288353254309,4039.3550793628783,22.174927557682377,0,4199.21808344034,4176.607446806751,88.42065829115417
2025-06-24,4138.63297263386,4183.95096143346,4118.244572200786,4147.7158203125,469217,4193.441731770833,4173.023160067472,3987.448081054688,4229.965577392578,4176.942428540885,4149.24731987121,52.32092406248825,48.69106920034028,68.82600073917357,-20.134931538833285,4303.179843587423,4037.04771988914,20.90572449071551,0,4172.790321762263,4176.607446806751,90.3186446963606
2025-06-25,4156.411929535272,4210.90948316219,4145.299820459449,4155.7353515625,412213,4186.785210503473,4170.4493408203125,3999.71583984375,4223.956187744141,4172.701013145208,4149.837140934054,53.00916810491152,43.49351958062016,63.759504507462886,-20.265984926842727,4298.629838499681,4035.664765992508,20.039860761816943,0,4172.790321762263,4176.607446806751,91.20898690311324
2025-06-26,4160.663438458652,4179.02257525319,4104.813200513633,4133.70458984375,795726,4180.794325086806,4167.8052534623575,4008.878012695313,4217.598868408203,4164.901728484917,4148.370545380391,50.8381205801738,37.16827299409488,58.441258204789285,-21.272985210694408,4294.048023233663,4032.651659383524,18.70003968509488,0,4172.790321762263,4176.607446806751,86.9297893590939
2025-06-27,4153.996266828994,4203.179333662652,4140.4684818242,4174.57763671875,543489,4176.048828125,4165.964921431108,4019.282807617188,4211.400904541016,4166.836910131684,4150.753008229332,54.55672631758883,35.04955336226885,53.762917236285205,-18.713363874016352,4294.676124876002,4033.086448366185,17.755092104824573,0,4172.790321762263,4176.607446806751,85.54249554277008
2025-06-30,4197.478535550403,4197.478535550403,4068.964574862511,4094.184326171875,871009,4161.672878689236,4160.71630859375,4028.274921875,4204.793671875,4152.3063933397225,4145.610400769564,47.02270493163848,26.577021147129926,48.32573801845415,-21.748716871324227,4294.368396207114,4033.858019808511,16.993620338129073,0,4172.790321762263,4176.607446806751,90.42217459743516
2025-07-01,4114.669085657715,4120.177015702644,4048.769726983275,4083.458740234375,480538,4147.511664496527,4157.0576726740055,4034.246474609375,4198.489119873047,4138.536862718653,4139.960249811819,46.10787688990238,18.780522998977176,42.41669501455876,-23.636172015581582,4292.754308720648,4037.1534305371656,16.518593828068614,0,4152.11243878193,4176.607446806751,87.18514119999271
2025-07-02,4139.888935125067,4178.733195128211,4087.420639510957,4100.56201171875,808159,4132.416395399306,4157.5584050958805,4042.171831054688,4192.341959228515,4130.941892518673,4136.378591803358,47.8501947840418,13.82249598708131,36.69785520906328,-22.875359221981967,4288.775297347104,4045.297114762271,15.37578760230326,0,4141.676482496936,4176.607446806751,88.12381806735327
2025-07-03,4100.851378250994,4203.2760356719655,4095.0537561328256,4165.205078125,650625,4129.420952690973,4162.038385564631,4049.3241650390623,4185.8171740722655,4137.794529639938,4138.999181468962,53.91465794699795,14.937192417723054,32.34572265079523,-17.408530233072177,4278.956864453362,4067.841328906012,14.616920364928465,0,4129.839605072732,4176.607446806751,88.1652614171493
2025-07-04,4179.119416512334,4227.143243387462,4161.823270977436,4198.44482421875,437195,4139.28759765625,4168.380637428977,4056.8707373046873,4179.493231201172,4149.924588555701,4144.403330809852,56.702830268064766,18.29190933903556,29.534959988443298,-11.243050649407742,4280.5762995353725,4073.662177027127,14.202460343199991,0,4137.956485185368,4176.607446806751,85.818604746063
2025-07-07,4193.613485314604,4212.552479288045,4148.198777063501,4161.7265625,353771,4140.844346788194,4174.006969105114,4064.82314453125,4173.062752685547,4152.284983344562,4145.97817005441,52.895793825153696,17.782701897097468,27.184508370174136,-9.401806473076668,4278.016624038432,4072.1248798678175,13.618998717848472,0,4137.956485185368,4176.607446806751,86.53639886235568
2025-07-08,4159.890780684553,4182.984548811605,4096.986483474522,4155.34912109375,467771,4140.801432291667,4175.430020419034,4072.334926757813,4165.743782958984,4152.897810894399,4146.83007469435,52.23975062285431,16.67235655950026,25.082078008039364,-8.409721448539106,4271.040249370167,4071.506381489208,12.925186417948968,0,4137.956485185368,4176.607446806751,87.01953406216232
2025-07-09,4154.962645037197,4197.478541870136,4145.493384012727,4186.9462890625,276485,4146.717176649306,4174.714111328125,4081.618857421875,4158.566065673828,4159.70750652802,4150.477003273272,55.20414189611714,18.13300131462347,23.692262669356182,-5.559261354732715,4258.268928072111,4076.818083646639,12.07477416226034,0,4137.956485185368,4176.607446806751,87.02640869681704
2025-07-10,4184.047407623257,4202.213101785646,4164.625278897612,4175.5439453125,368728,4146.824544270833,4172.179842862216,4091.163671875,4151.1366906738285,4162.874794284916,4152.755816185929,53.903912784572086,18.16114854368425,22.5860398442218,-4.424891300537553,4253.518977386307,4077.5580245668175,11.21527933913909,0,4137.956485185368,4176.607446806751,77.3291682741641
2025-07-11,4155.059592495311,4193.613688494934,4048.673123224371,4076.4052734375,556464,4144.849093967014,4163.764515269886,4100.465,4143.177684326172,4145.580890115433,4145.814857754253,44.16408809964995,10.0677385189465,20.08237957916674,-10.014641060220242,4255.791318319435,4064.163955118064,11.868934674542176,0,4137.908183305916,4176.607446806751,81.22878521366468
2025-07-14,4076.694761815184,4115.345577286293,4055.630256108114,4108.2919921875,293675,4147.608344184027,4158.884876598011,4109.8204345703125,4134.54248413086,4138.123110529847,4142.403688157276,47.452842876172966,6.155685567724504,17.297040776878294,-11.14135520915379,4249.006255917657,4060.049505801093,12.475900343130755,0,4137.908183305916,4192.019522658238,80.18659801909101
2025-07-15,4131.578504211976,4314.397040077212,4116.408343059523,4303.76806640625,1756329,4170.186794704861,4164.164217862216,4121.056220703125,4127.187476806641,4171.252101705128,4157.073177089001,62.1650908086652,18.614069539998127,17.56044652950226,1.0536230104958657,4270.537688645448,4046.538092604552,12.607538123399394,0,4181.535081650792,4192.019522658238,90.22198267530324
2025-07-16,4303.768159052223,4319.228484724616,4223.567719626688,4275.26318359375,791606,4182.415473090277,4166.799493963068,4131.810805664062,4119.869044189453,4192.054318082853,4167.817723134887,59.54691150272538,25.888891749301365,19.226135573462084,6.662756175839281,4283.3750829337205,4040.13604987878,12.775527768178009,0,4183.950803974493,4192.019522658238,91.75422484375834
2025-07-17,4287.3417592871065,4313.334338651341,4263.184999318169,4293.71923828125,414759,4193.001519097223,4169.988192471591,4144.238979492187,4112.81656616211,4212.387302122533,4179.26331542092,60.70099868950565,32.765786540786394,21.934065766926945,10.831720773859448,4295.957216494336,4033.2838967869143,12.93151815261529,0,4183.950803974493,4183.950803974493,90.3738388090633
2025-07-18,4299.903392125797,4332.756586582489,4239.22179814813,4248.4013671875,370997,4202.632052951389,4171.692360617898,4154.728818359375,4105.981002197265,4219.590115135527,4185.548592854246,56.44293787050414,34.165166970615246,24.380286007664605,9.78488096295064,4303.572217929377,4031.292625820623,12.737799480827674,0,4190.71485490343,4190.71485490343,87.87532650523956
2025-07-21,4261.252281514587,4272.847525818028,4199.604421359305,4259.51318359375,269975,4214.205837673611,4172.742076526989,4162.909267578125,4100.3554724121095,4227.574728827171,4192.272646557837,57.235081463302166,35.75861372188501,26.65595155050869,9.102662171376323,4314.136513886443,4035.715146269807,12.019501405903052,0,4190.71485490343,4190.71485490343,88.0064562009077
2025-07-22,4268.982259211636,4282.220351275194,4173.128055069628,4195.93212890625,463290,4215.204264322917,4172.913352272727,4168.297182617188,4094.234354248047,4221.246208842988,4192.60532677133,51.46735640555696,31.527542127758352,27.630269665958625,3.8972724617997274,4316.232902248396,4038.440388767228,11.313488148254908,0,4190.71485490343,4190.71485490343,88.99344486603124
2025-07-23,4212.938771098299,4229.365367224141,4179.988857448241,4216.51416015625,376802,4219.756510416667,4177.771040482955,4174.027172851563,4088.62783569336,4220.29979910564,4194.77885707905,53.11447993437342,29.495183204978275,28.00325237376256,1.4919308312157185,4319.939845216766,4040.8113266582336,10.6579044090102,0,4190.71485490343,4190.71485490343,84.79017559722836
2025-07-24,4227.598065716558,4237.406877933998,4173.747782431995,4219.65283203125,584473,4235.672905815973,4181.040904651989,4174.837846679688,4083.7057971191407,4220.170405690762,4197.04012752925,53.37435192319936,27.817130144909243,27.96602792799189,-0.1488977830826527,4323.47731459691,4045.868681496841,9.93055553291139,0,4194.193421345301,4190.71485490343,84.67154153236957
2025-07-25,4196.209944192804,4208.765032484859,4114.796801283032,4149.814453125,630896,4240.286512586806,4180.77177290483,4173.859438476563,4078.525531005859,4206.09921517761,4192.746884401591,47.11648232653612,20.61425914355914,26.495674171105343,-5.881415027546208,4323.05769400278,4043.811983731595,10.063722088778697,0,4223.776693932761,4190.71485490343,87.56456499834628
2025-07-28,4134.90485303373,4224.655486185809,4134.90485303373,4209.0595703125,462891,4229.763346354167,4184.196999289773,4173.246538085938,4073.508106689453,4206.691286204588,4194.229855848037,52.232898675252216,19.462170024768056,25.08897334183789,-5.626803317069832,4322.658526410122,4055.698675738316,9.932150366068983,0,4223.776693932761,4190.71485490343,87.83260555656027
2025-07-29,4207.98060060894,4251.531632714169,4184.047193681376,4242.5078125,422393,4226.123860677083,4187.284734552557,4176.126040039063,4068.5412756347655,4213.854591463671,4198.618760998215,54.8866258539935,21.005980832413115,24.27237483995294,-3.266394007539823,4322.814629938455,4071.4474794365447,9.38471239807536,0,4223.776693932761,4190.71485490343,88.93969706908774
2025-07-30,4228.578818265829,4243.09566832754,4135.101032256451,4170.02001953125,547169,4212.379503038194,4190.7318115234375,4177.126772460938,4063.6762463378905,4205.0876770771865,4196.018875410309,48.58688477056671,16.193632814315606,22.656626434825476,-6.462993620509867,4318.659180863373,4082.548729292877,9.556234999103474,0,4223.776693932761,4190.71485490343,93.96875515359164
2025-07-31,4129.509854211261,4220.731805860108,4120.681923406533,4179.24072265625,446590,4204.694986979167,4195.085537997159,4178.070356445312,4058.762115478516,4199.918286192999,4194.493588796304,49.38274824674198,12.97428652162671,20.72015845218572,-7.745871930559012,4318.6396107610735,4083.971863848302,9.904352100067332,0,4198.508576279113,4190.71485490343,90.76227780952104
2025-08-01,4173.747692632588,4239.368549166226,4158.936290713744,4229.16748046875,473918,4201.3232421875,4200.931241122159,4179.384389648438,4053.725047607422,4205.768125048149,4197.645760766526,53.573435144948334,14.286912852607202,19.43350933227002,-5.1465964796628185,4320.820706456975,4084.8630337774007,9.900280666933524,0,4198.508576279113,4190.71485490343,92.24205904339988
2025-08-04,4233.385322611738,4463.00972073593,4227.696402897742,4449.17919921875,1454995,4229.461805555556,4213.83915571733,4184.120786132812,4050.022279052735,4254.45033988227,4220.512436989456,66.66917087783588,32.70330235291749,22.087467936399516,10.615834416517975,4376.80307688718,4057.6259270190703,11.165557386789434,0,4288.903261009482,4255.841421980151,94.32836403971962
2025-08-05,4449.277279714463,4493.907375884438,4429.5614711117305,4459.87060546875,803505,4256.501410590277,4225.722145774148,4189.480708007813,4046.879390869141,4295.534392999566,4242.272270487573,67.15403393241068,47.61228605141787,27.192431559403182,20.41985449201469,4422.395379902857,4042.4857724408935,12.590137493275822,0,4304.352088583735,4271.290249554404,92.09158830220387
2025-08-06,4462.617232542087,4462.911305325653,4376.790126979866,4389.34521484375,574216,4275.356119791667,4236.068448153409,4192.966313476562,4044.2357678222656,4314.296557368403,4255.642538156317,60.86431726313875,53.1245664941016,32.37885854634287,20.74570794775873,4443.555154312036,4041.565890609837,13.149009694372658,0,4304.352088583735,4271.290249554404,94.66100537453356
2025-08-07,4345.30377426608,4585.521487577974,4337.750797346443,4571.59326171875,2121194,4322.220431857639,4254.988636363636,4200.205102539063,4042.509276123047,4365.755898238473,4284.365331207447,68.95599809029949,71.37620230111497,40.178327297297294,31.19787500381768,4508.522144539352,4016.203832023148,14.631595542585124,0,4353.101705492254,4317.097305401172,105.677855502903
2025-08-08,4570.906665222989,4621.91249067183,4500.381398516567,4511.857421875,972461,4355.864637586806,4269.75732421875,4207.163276367188,4040.3613293457033,4394.976202965779,4305.0464303590425,64.26568589733685,80.09726076863353,48.16211399156454,31.935146777068997,4537.952496347955,4030.318695058294,16.25093257853069,0,4371.297207039182,4335.2928069481,109.12699748122726
2025-08-11,4514.996325315041,4536.281639695783,4452.219926266559,4474.9765625,455558,4381.694498697917,4283.367897727273,4214.871889648438,4038.342166748047,4410.976274872623,4320.494624190039,61.48501417150225,83.07514673157766,55.14472053956717,27.930426192010486,4555.778773717538,4049.1608747199616,17.0852128477398,0,4371.297207039182,4335.2928069481,107.3390987114886
2025-08-12,4501.263932129204,4580.32305448836,4483.608070116058,4556.3896484375,723767,4424.624457465277,4305.185369318182,4224.666772460938,4036.871929931641,4440.058949585598,4341.939626394354,65.07719027674986,90.95601413651548,62.30697925895685,28.649034877558638,4592.710425385109,4037.491381255516,18.184125030513744,0,4371.297207039182,4335.2928069481,111.33695458380718
2025-08-13,4579.04746572229,4701.853982235643,4561.293899347667,4677.5283203125,1342794,4479.98974609375,4331.059747869318,4237.039033203125,4036.1586755371095,4487.552823730979,4372.447689477821,69.61785634998597,105.75743092372886,70.99706959191126,34.760361331817606,4655.656025705293,4014.772294607206,19.96502663879508,0,4430.395136474694,4375.263552730007,117.18018589067437
2025-08-14,4678.803365086496,4682.236449316643,4600.823309001721,4618.0869140625,373862,4523.203016493056,4345.34696821733,4248.641826171875,4035.809464111328,4513.659641797283,4394.778528076427,65.14213224737499,111.40700504848336,79.07905668322569,32.32794836525768,4695.029200258353,4007.835887632272,21.61872098934204,0,4464.775192566693,4375.263552730007,115.50569371686755
2025-08-18,4806.317893038974,5021.1308764217365,4806.317893038974,4888.7119140625,3698091,4572.039984809027,4373.231001420455,4263.935224609375,4037.027823486328,4588.670096250326,4439.68156316607,73.49643891887723,136.15203315137023,90.4936519768546,45.658381174515625,4798.514955927798,3968.381186650327,24.52638173914804,0,4679.44083688409,4534.901999823054,137.88378866023595
2025-08-19,4888.711746930999,5040.748328145747,4888.711746930999,5020.34619140625,1509894,4634.315049913194,4406.259499289773,4280.28822265625,4039.56583618164,4675.005315281512,4492.46925664245,76.45266183653699,164.48831338303262,105.29258425809022,59.1957291249424,4919.838253209373,3923.1411901500014,27.281834743458443,0,4689.249562746095,4548.18929212693,143.92322738751844
2025-08-20,5022.112052180685,5066.251708889305,5013.382304754166,5037.80615234375,916240,4706.366265190973,4442.141534978693,4296.418388671875,4041.616859130859,4747.56548269396,4542.045338069841,76.82195285746666,186.2074094412237,121.47554929471691,64.73186014650679,5020.492297784643,3906.674547918482,29.91441112725671,0,4702.001253117874,4590.5242550861685,139.9857108206648
2025-08-21,5037.806087081723,5060.26817185994,4943.641487323186,4999.64990234375,819430,4753.928114149306,4475.784113103693,4311.180537109375,4043.0988757324217,4797.982366623918,4583.645753003832,74.08744821284934,198.0579700629833,136.7920334483702,61.265936614613054,5095.478649033637,3910.001770888237,31.464200550437063,0,4759.235817577932,4590.5242550861685,141.16976811232047
2025-08-22,4999.649800758037,5025.348601552422,4886.750275677314,4902.34619140625,1357460,4797.315755208333,4507.89384321733,4324.914580078125,4043.9485021972655,4818.855131580385,4612.618520131325,67.48992856621908,197.3234070558092,148.898308169858,48.42509888595117,5139.518621376696,3934.231134482679,32.22286110214104,0,4759.235817577932,4590.5242550861685,145.3244872139366
2025-08-25,4914.215107965143,4982.778612185291,4880.865145156597,4966.986328125,693190,4851.983506944444,4542.006214488636,4340.50185546875,4046.132052001953,4848.481370889308,4644.8337754034765,69.43703244543505,199.6556730755501,159.04978115099644,40.60589192455368,5180.690069694357,3974.776873665019,32.856786479521766,0,4774.929889502681,4590.5242550861685,135.7959264418299
2025-08-26,4966.986276253286,5044.672262739089,4944.622375358303,4976.40283203125,1662083,4898.651638454861,4576.403941761364,4355.684169921875,4048.293638916016,4874.065663117696,4674.976416915092,69.72152915278653,199.95884279777687,167.23159348035256,32.727249317424366,5217.934701762997,4014.266567768253,33.7524837003067,0,4813.7728041184855,4590.5242550861685,138.34621091383556
2025-08-28,5130.008706532786,5145.702805826195,4981.307019938564,4994.35302734375,1584393,4933.854383680556,4614.792058771307,4371.099873046875,4050.205164794922,4898.123135962907,4704.010654226788,70.28928164252139,199.34956009455985,173.65518680319403,25.694373291365796,5251.180596192828,4056.205194822798,35.027679094178424,0,4873.263057413958,4630.249803554614,144.28755344591823
2025-08-29,5002.003894579548,5049.870707620356,4964.632223462689,4990.4296875,783364,4975.225802951389,4650.30888227983,4386.6902734375,4052.459039306641,4916.584446270326,4730.048748160716,69.98041354892452,196.28743901368307,178.18163724529185,18.105801768391217,5264.387060050076,4125.039697762424,35.99726920938089,0,4976.010349432585,4630.249803554614,132.67811015492796
2025-09-01,5015.736209406733,5158.944870123147,5011.812684455598,5143.7412109375,659443,5003.562391493056,4691.274036754261,4404.836708984375,4055.7014587402346,4962.015799203761,4767.657153867696,74.66533817448249,203.8814264864868,183.32159509353085,20.55983139295597,5291.7954672929845,4194.08133934764,37.34718919170711,0,5019.905007639872,4636.87083570309,136.03411661691968
2025-09-02,5188.861531636801,5245.752641057394,5108.429273490446,5210.44091796875,962257,5024.684027777777,4738.565895774148,4425.20224609375,4059.331102294922,5011.700822956759,4807.910223331428,76.39156889248594,212.82847106184363,189.22297028719345,23.60550077465021,5322.614933625235,4261.38921676539,38.90671038544636,0,5063.308893106995,4680.2747211702135,139.83852048389994
2025-09-03,5223.192250267281,5260.956175457008,5156.001889864782,5246.7333984375,659989,5047.898166232639,4787.088290127841,4447.944013671875,4063.299154052735,5058.707338052907,4847.803239250162,77.29798084456056,220.3079947857777,195.4399751869103,24.86801959886745,5373.76945022864,4289.990120083861,40.406155063284416,0,5070.910660306802,4690.8190494317705,139.8105057413189
2025-09-04,5399.75101762521,5413.483354454775,5238.886500478882,5248.6953125,1187848,5075.569878472223,4833.43046431108,4469.963603515625,4068.241317138672,5096.704932942326,4884.247973181965,77.34861007943454,223.81389404130093,201.1147589577884,22.699135083512544,5414.032163299788,4328.609877715837,42.25615245382065,0,5147.174249805686,4767.082638930654,141.89140003972958
2025-09-05,5257.523176743427,5315.885607530038,5246.243043061982,5260.4658203125,517415,5115.360948350694,4870.30712890625,4492.058212890625,4072.8445471191408,5129.4571104163615,4918.449595648377,77.67036003993168,224.94905340840612,205.881617847912,19.06743556049417,5434.032948456279,4395.72115310622,43.974007173604285,0,5147.174249805686,4767.082638930654,141.0506446220963
2025-09-08,5267.332193801098,5418.878343511017,5233.00135082474,5338.9365234375,726543,5156.688747829861,4910.264670632102,4516.1628515625,4077.2321398925774,5171.35299302059,4956.675679992843,79.7368255322743,229.5346724962119,210.61222877757197,18.922443718639958,5478.956845270812,4427.531582463564,45.83680513751101,0,5181.75035943466,4769.780133458775,125.53871821688492
2025-09-09,5361.006091609071,5383.075918168618,5287.930443667459,5319.80908203125,608443,5194.844997829861,4952.558482776989,4539.06748046875,4081.322376708984,5201.044210822723,4989.68780745088,77.84572241859624,228.98577847851172,214.2869387177599,14.698839760751838,5500.372000092664,4486.911593657336,47.56654610399582,0,5191.755283486853,4788.90731711238,121.4750677373428
2025-09-10,5345.80276157018,5353.649811495421,5215.835997183383,5248.205078125,536616,5223.05078125,4983.313565340909,4562.147895507813,4085.092059326172,5210.476384283179,5013.1893775121625,71.05214438212145,220.2342084552738,215.4763926652627,4.757815790011108,5487.814119514653,4576.792325797847,48.16691052851812,0,5191.755283486853,4823.287373204379,127.54252560712132
2025-09-11,5248.205064264886,5260.466079740693,5184.938224409716,5200.63232421875,765635,5246.406629774306,5014.621515447443,4584.4913671875,4088.5001623535154,5208.507572270293,5030.229645394579,66.876323393256,207.072796205739,213.795673373358,-6.722877167618975,5466.26596422315,4662.764748667474,48.3142783772321,0,5215.345513983308,4878.31457042873,124.60689494956588
2025-09-12,5204.555566894393,5286.459145830632,5184.937943197091,5200.1416015625,537933,5252.67333984375,5047.583562677557,4606.482958984375,4091.603231201172,5206.834378128735,5045.67618686439,66.83269028747844,194.36219851964236,209.90897840261488,-15.546779882972544,5452.409580012067,4728.882461003559,48.56585413006559,0,5263.653808500731,4878.31457042873,121.95852900373964
2025-09-15,5222.211418718091,5253.599616576652,5167.282072465609,5187.39013671875,588879,5250.112141927083,5076.265403053977,4626.92666015625,4094.7349182128905,5202.945529846738,5058.559273214786,65.63434073835478,181.1715883390716,204.16150038990625,-22.98991205083462,5406.1975077922425,4832.024855489007,48.54931980158865,0,5287.4401166879,4878.31457042873,120.84453450962162
2025-09-16,5205.536814808038,5246.733827474693,5182.976545966774,5214.36474609375,925160,5246.515625,5100.667058771307,4647.24505859375,4097.848067626953,5205.229373096141,5072.723407112873,66.98302898108939,170.92425189886308,197.5140506916976,-26.58979879283453,5403.790656049744,4866.996990434632,48.53396649657435,0,5293.080207988313,4935.549134888788,118.25220551870248
2025-09-17,5241.8290683411215,5284.987840610397,5208.969548545196,5247.71435546875,616629,5246.406629774306,5129.286487926136,4668.964814453125,4101.5415393066405,5213.726369570663,5088.631675145226,68.62257805482659,163.60822492976604,190.73288553931133,-27.124660609545288,5413.899182172248,4879.625280718378,48.72187193248334,0,5293.080207988313,4935.549134888788,111.58922825229222
2025-09-18,5257.523219273743,5284.007011609637,5237.905595321229,5267.33203125,420977,5247.169542100694,5146.496493252841,4691.20447265625,4105.435845947266,5224.44750190653,5104.877162063842,69.57953954163945,157.576756569807,184.10165974541047,-26.52490317560347,5425.3879050917785,4891.089145689472,48.89635555154169,0,5293.080207988313,4951.243206813538,108.79372340448792
2025-09-19,5286.949607352533,5331.0892608462,5269.293745955067,5304.60546875,579031,5243.35498046875,5159.417369495739,4713.55765625,4109.578966064453,5240.479095275225,5123.034280853492,71.36639649456978,154.02888028699272,178.08710385372694,-24.058223566734227,5437.314315263615,4909.658292158259,49.31135528042639,0,5275.178995317114,4990.086121429342,101.31101247399172
2025-09-22,5305.586271864065,5393.865577552318,5296.758341295239,5325.6943359375,672445,5244.008897569444,5172.503196022727,4736.5606640625,4114.070018310547,5257.52214340768,5141.457922224766,72.35578476388923,151.17619305715743,172.70492169441306,-21.528728637255625,5433.648947833015,4955.658474041986,50.00184465513834,0,5280.573825008964,5009.850826256369,98.43843166614396
2025-09-23,5345.802813292815,5408.579213302125,5248.695569528413,5267.82275390625,507377,5246.188639322917,5184.69287109375,4760.389013671875,4118.559920654297,5259.582265507395,5152.945634195809,65.65178381486413,142.6018396175332,166.68430527903712,-24.08246566150393,5425.058178343813,4994.332886109311,49.82367582121445,0,5287.930642883867,5112.598118274996,102.36195725053584
2025-09-24,5267.332307729889,5273.217595224559,5164.339776573159,5176.1103515625,410267,5243.463975694444,5197.136696555398,4781.745380859375,4122.551199951172,5242.887882718417,5155.051517592781,56.68785799025907,126.94286007339724,158.73601623790915,-31.793156164511917,5406.069526053838,5033.292290352412,48.39376691253159,0,5286.459494937642,5149.871744333806,97.66774044164356
2025-09-25,5169.243956054779,5271.255601487359,5130.989589017561,5252.12841796875,640474,5249.240288628473,5210.097700639205,4800.712587890625,4126.992086181641,5244.735989768485,5163.876690354233,61.39317842367194,119.2919057840636,150.84719414714004,-31.555288363076443,5386.107730279729,5079.03162518902,46.61527100010288,0,5269.784401159843,5149.871744333806,102.71227244176792
2025-09-26,5252.128606801993,5349.726290316195,5207.008069699949,5226.13525390625,689941,5253.545301649306,5221.449174360795,4819.730029296875,4131.461602783204,5241.015842596038,5169.536559768052,59.03165888934169,109.86458770300123,142.6506728583123,-32.78608515531107,5347.574656071387,5141.135256037987,45.56312402581285,0,5269.784401159843,5149.871744333806,99.62950300819428
2025-09-29,5226.134876721536,5325.203874947676,5168.2628876587405,5199.16064453125,8318930,5251.85595703125,5230.758611505682,4837.838857421875,4135.8323034667965,5232.644802983081,5172.229658382888,56.598572110693176,99.07467349900072,133.93547298644998,-34.86079948744927,5341.575903518143,5152.675951950608,44.067044777104506,0,5269.784401159843,5149.871744333806,104.04346820732118
2025-09-30,5221.2308139597135,5378.662252178863,5221.2308139597135,5367.87255859375,1141788,5265.206868489583,5247.915105646307,4860.22828125,4140.753643798828,5259.690354105214,5190.015376583876,66.02942177457095,102.95048117322858,127.7384746238057,-24.78799345057712,5361.983502941592,5148.011516589659,43.08531739420408,0,5269.784401159843,5149.871744333806,107.02116773129084
2025-10-01,5367.872455679432,5413.483432232944,5306.567379666648,5328.63720703125,701001,5272.0185546875,5256.319469105114,4881.61076171875,4145.920423583984,5273.479724690422,5202.617361170001,62.621521343512406,101.68397217599068,122.52757413424273,-20.84360195825204,5370.907971517917,5147.277428872708,42.424605390748205,0,5272.236510625253,5181.75035943466,109.26318181952794
2025-10-03,5360.516001250591,5477.240869347356,5267.822723644336,5444.38134765625,1634394,5287.549207899306,5266.953125,4906.57974609375,4151.577789306641,5307.660049283588,5224.595905396023,67.88698516339677,108.76605216047938,119.77526973949006,-11.00921757901068,5407.817910838323,5129.936093067927,42.23839204445735,0,5304.115229182458,5220.936546405022,116.97010632449071
2025-10-06,5421.330547291415,5488.030470797081,5421.330547291415,5474.78857421875,844413,5304.115234375,5277.319269353693,4931.745234375,4157.558985595703,5341.085754270621,5247.340693470816,69.11778091939668,115.50083885803632,118.92038356319932,-3.4195447051629912,5446.123587152461,5113.062692144414,42.13516518021522,0,5309.510029907321,5226.331347129884,115.56884770982091
2025-10-07,5474.788428951817,5540.997910086682,5465.960498133835,5507.64794921875,858678,5330.762478298611,5289.08984375,4957.50513671875,4164.288426513672,5374.398193260246,5271.004989447902,70.43642919401147,122.08239295033307,119.55278544062608,2.529607509707006,5482.040666050495,5094.016755824506,42.373139413851504,0,5335.993749552122,5276.40529727114,116.3745713130301
2025-10-08,5504.705594883787,5550.807013800311,5387.490285085388,5407.10791015625,789561,5356.428873697917,5295.755393288352,4982.651005859375,4170.636060791016,5380.940136639448,5283.377982239569,61.748586897605385,117.827340841588,119.20769652081847,-1.380355679230462,5493.224475823175,5091.562828864324,41.43191616986973,0,5340.898301408936,5329.618143645379,122.6101739308674
2025-10-09,5409.55983110713,5431.139217559416,5361.4966521906745,5406.6171875,872880,5373.594292534723,5298.831787109375,5006.602158203125,4176.898760986328,5386.075546811559,5294.581546354154,61.70857935381515,113.11170287108416,117.98849779087162,-4.876794919787457,5506.237856038199,5094.3906595868,40.20382768823952,0,5359.534950729526,5340.898301408936,124.29168457946264
2025-10-10,5406.617254261364,5461.056161665483,5371.795971147018,5394.8466796875,835407,5392.340006510417,5302.242587002841,5029.648935546875,4183.418386230469,5387.829773386748,5303.696558475367,60.69280820756117,107.18913457443796,115.8286251475849,-8.639490573146944,5514.4679618793,5105.581989292576,39.30914285064143,0,5359.534950729526,5340.898301408936,126.11332464533878
2025-10-13,5394.846757510344,5474.298137030041,5379.643098466451,5452.71875,417645,5420.513129340277,5311.538662997159,5055.30291015625,4190.54480102539,5400.807568709398,5317.244030432152,63.844095893089126,105.94399254844028,113.85169862775598,-7.907706079315687,5529.704722321081,5115.602943694545,38.58778957772543,0,5386.018913880012,5340.898301408936,125.9381676672324
2025-10-14,5475.769185163191,5484.106675189862,5434.081735029839,5464.9794921875,375269,5431.302788628473,5323.554443359375,5081.017685546875,4197.796145019532,5413.641953405018,5330.674526955365,64.49356063936861,104.7391798815088,112.02919487850654,-7.290014996997755,5542.619828009833,5130.446773552666,38.00198091111743,0,5409.314868722324,5340.898301408936,118.0911174091117
2025-10-15,5473.317335637697,5501.762891683126,5342.860130325903,5431.6298828125,484777,5442.746419270833,5334.076637961648,5105.06693359375,4204.805804443359,5417.239539286515,5339.85228657874,61.26966809286122,99.94126174637312,109.61160825207988,-9.670346505706746,5549.229404835573,5145.563710398802,36.1292051782787,0,5409.314868722324,5340.898301408936,121.6643276023848
2025-10-16,5470.374457154118,5504.705299183955,5445.361986532381,5472.82666015625,294066,5445.907009548611,5347.051025390625,5125.5398828125,4212.196065673828,5428.356963460462,5351.940865994877,63.68463817761257,98.3296299272206,107.35521258710804,-9.025582659887434,5562.179363968647,5155.124981734479,34.42127512518833,0,5446.833572063108,5340.898301408936,116.864999309646
2025-10-17,5475.278872373715,5517.456764081359,5444.38111449486,5485.578125,435204,5447.105848524306,5359.37890625,5146.054033203125,4219.887391357422,5439.80119576837,5364.089707722615,64.42407029754091,96.96360071254549,105.27689021219553,-8.31328949965004,5575.860136311077,5163.268818767048,32.97641082839812,0,5446.833572063108,5340.898301408936,111.89052995037837
2025-10-20,5512.552373595661,5585.137582785355,5499.310477324569,5533.15087890625,368799,5449.939507378473,5372.353293678977,5168.930146484375,4227.943834228516,5458.471132395946,5379.458905102945,67.11434902545567,98.5833291241952,103.93817799459546,-5.354848870400275,5597.21736466944,5164.76613142431,32.333149648385245,0,5463.998856555629,5358.063585901458,107.7918492715512
2025-10-21,5558.653963773189,5559.634845009076,5523.342239281247,5538.5458984375,40575,5464.543728298611,5384.681196732955,5188.26919921875,4235.915313720703,5474.486085604258,5393.92135904245,67.41528517217955,99.15926229679462,102.98239485503532,-3.823132558240687,5617.15334123408,5166.11531110967,31.735835695516144,0,5463.998856555629,5358.063585901458,97.5626348487095
2025-10-23,5605.736261459778,5607.6980239309805,5455.170991795023,5481.65478515625,489097,5472.881239149306,5392.728892933239,5207.665146484375,4243.003067626953,5475.919825514657,5401.897125052796,61.06893073814842,93.9421494802773,101.17434578008373,-7.232196299806418,5623.360621350286,5181.291234118464,30.14094784934405,0,5475.279077128442,5369.343806474271,100.82056196082814
2025-10-24,5507.647914716068,5517.456726674601,5379.642918657218,5434.572265625,546761,5477.295193142361,5397.677889737216,5226.857060546875,4250.177786865234,5467.650313536726,5404.867592377541,56.34181006951161,85.0282316189141,97.9451229478498,-12.91689132893569,5609.152855444081,5221.345191430919,28.27676044042317,0,5475.279077128442,5369.343806474271,95.70596641185408
2025-10-27,5463.508483892123,5553.749557593753,5443.8908591743775,5538.5458984375,424721,5486.83154296875,5409.983487215909,5246.500185546875,4258.062312011719,5481.829430516881,5417.020165655718,63.12925728500923,85.36960307304435,95.4300189728887,-10.060415899844358,5614.863885841764,5244.275909080112,26.41274364669943,0,5475.279077128442,5369.343806474271,99.45434987350316
2025-10-28,5532.169805408236,5556.691834687528,5468.412529282077,5502.2529296875,539756,5490.973036024306,5424.808149857955,5262.994677734375,4265.957430419922,5485.914130351005,5424.768598749517,59.64357070255759,81.76902077274099,92.69781933285915,-10.928798560118182,5604.40599453103,5282.34556796897,24.718167181323,0,5475.279077128442,5369.343806474271,100.40019940583204
2025-10-29,5529.717597044085,5530.698478214292,5421.330227736169,5445.36181640625,432099,5492.498806423611,5433.591486150568,5279.54017578125,4273.680971679688,5477.803667562055,5426.640709445584,54.558181870005896,73.47788861447953,88.85383318918325,-15.375944574703723,5568.546374208112,5342.825305479388,23.36320984650043,0,5493.670471294099,5369.343806474271,96.54673667463196
2025-10-30,5463.998967614956,5480.673948756587,5387.980671233992,5409.56005859375,402078,5485.469184027777,5441.928977272727,5289.957138671875,4281.210659179687,5464.154945768395,5425.087923004508,51.57782574533207,63.28865181468064,83.74079691428273,-20.45214509960209,5565.211899374195,5350.328530313305,22.50210146396775,0,5493.670471294099,5369.343806474271,98.19321611419296
2025-10-31,5409.069375702829,5517.456748268821,5395.827479506984,5438.00537109375,424188,5480.183322482639,5452.785555752841,5298.310322265625,4288.972355957031,5458.925030833466,5426.262236467165,53.74006778277416,56.85353507051059,78.3633445455283,-21.50980947501772,5552.622354707211,5373.854891386538,21.181984729563336,0,5493.670471294099,5369.343806474271,100.50529313157664
2025-11-03,5472.826763604173,5472.826763604173,5377.190844713339,5433.10107421875,223771,5469.066677517361,5455.75048828125,5306.216220703125,4297.07974609375,5453.760239510522,5426.8839489900365,53.29816876756379,50.77264744250897,72.84520512492443,-22.072557682415464,5552.699409866774,5372.649808883226,20.19261868670548,0,5492.44443432216,5369.343806474271,100.57535601209403
2025-11-04,5370.324821996698,5370.324821996698,5152.078744755736,5207.49853515625,2003141,5432.283637152777,5450.244185014205,5310.373193359375,4303.78105102539,5404.507898639668,5406.939820459692,37.87106862722083,27.433029832193824,63.76277006637832,-36.32974023418449,5594.32705002723,5304.29316481652,21.32393975970413,0,5379.888384343358,5379.888384343358,117.07516953373631
2025-11-06,5250.166691985293,5305.0960399070445,5203.574834373093,5224.17333984375,815323,5403.674587673611,5440.234730113636,5316.809736328125,4310.52213256836,5368.440986880485,5390.324685858242,39.2702529773151,10.164561368047544,53.04312832671216,-42.87856695866462,5608.740559187712,5261.532194718538,22.374452184631444,0,5354.385289721632,5379.888384343358,112.97648697493118
2025-11-07,5203.575001512049,5222.211745155541,5157.473583025514,5194.7470703125,436406,5377.02734375,5427.50557084517,5321.364951171875,4317.29423828125,5333.702203566889,5372.544902626812,37.65848317481713,-5.82809566895412,41.26888352757891,-47.09697919653303,5628.635960959478,5220.400708962397,23.66300331483509,0,5354.385289721632,5379.888384343358,112.52108272112984
2025-11-10,5208.479096150819,5306.567214722398,5199.160724886518,5257.03271484375,347961,5345.748101128473,5416.11396928267,5326.977548828125,4324.265130615235,5318.368305822261,5362.043794646534,42.99198752278687,-13.322882722015493,30.350530277660027,-43.67341299967552,5634.447885202403,5199.630337453847,23.66642500288071,0,5354.385289721632,5379.888384343358,115.28854663708692
2025-11-11,5272.726818289974,5326.184842956853,5229.077605488578,5313.923828125,348232,5324.822645399306,5411.878329190341,5333.36896484375,4331.548283691406,5317.479410282809,5357.669252235485,47.41706862564312,-14.504716730073596,21.379480876113305,-35.8841976061869,5635.102028382231,5190.883909117769,23.413956599864942,0,5341.388611485014,5379.888384343358,115.11338804300968
2025-11-12,5335.993940865558,5450.757045843733,5317.847637941659,5428.19677734375,534031,5322.915418836806,5412.859219637784,5342.124306640625,4339.719992675781,5339.622883694998,5364.0808454271455,54.97678535123213,-6.149568317456215,15.8736710373994,-22.023239354855612,5633.222349783953,5190.311390450423,21.762264680794765,0,5334.767746512278,5379.888384343358,122.29486032807426
2025-11-13,5447.8141765637765,5487.539865103718,5380.623814465358,5403.18408203125,585663,5322.206976996527,5413.238192471591,5347.3131640625,4347.621004638672,5352.335123362249,5367.635685118427,53.17473146122653,-1.5287460439813003,12.39318762112326,-13.92193366510456,5628.726454107518,5188.627745111231,20.544543491575386,0,5334.767746512278,5379.888384343358,119.03693307824584
2025-11-14,5415.935858481044,5521.871034197055,5358.063864339891,5432.61083984375,938647,5321.607584635417,5412.324196555398,5351.7565625,4355.4587109375,5368.390266658549,5373.542517366183,55.04181523958553,4.456411586023933,10.805832414103396,-6.349420828079463,5628.797479448157,5188.654815473718,19.738868085542563,0,5336.974889476396,5379.888384343358,120.89360178108738
2025-11-17,5482.145036667619,5698.919782257804,5464.489175035839,5687.6396484375,1770568,5349.8896484375,5422.44511274858,5360.5746875,4364.799910888672,5432.24014301434,5402.0968020090295,67.23516486096929,29.439030795517283,14.532472090386172,14.90655870513111,5671.375611758053,5167.557981991947,20.34945763641129,0,5425.49926350677,5425.49926350677,131.40300538432322
2025-11-18,5708.728670372984,5769.543305693109,5678.811793320343,5688.62060546875,1182455,5403.34765625,5434.126509232955,5369.373193359375,4374.315451660156,5483.516235505223,5428.144420505368,67.27193370960201,48.75507340606964,21.37699235352287,27.37808105254677,5707.747060565751,5151.490781231125,21.339631180210095,0,5463.508444359311,5460.811025224422,131.5781630248457
2025-11-19,5739.1359666149065,5803.383685947205,5723.441867236024,5764.1484375,935374,5463.344889322917,5447.368408203125,5379.446845703125,4384.159615478516,5539.642675904179,5458.690240232152,70.05801832186374,69.35812389368311,30.97321866155492,38.38490523212819,5754.373165403936,5127.964432252314,22.451224563910493,0,5480.428634486359,5477.73121535147,131.96350802486944
2025-11-20,5836.2432546462205,5926.4843268189015,5808.288139897075,5884.796875,1276202,5540.01708984375,5465.514715021307,5390.364052734375,4394.389747314453,5608.673515723343,5497.427207029229,73.88274842698686,94.33408582678568,43.64539209460107,50.6886937321846,5827.631072208666,5089.331623103834,24.105695044316818,0,5562.82252585271,5539.281535787319,136.93798029603417
2025-11-21,5855.860619598605,5922.560539553831,5843.599604900953,5887.7392578125,703572,5610.095594618056,5481.632368607955,5401.72265625,4404.138067626953,5664.486664141175,5532.910120736799,73.97007678563241,113.06183484970823,57.52868064562252,55.53315420408573,5894.976274334234,5062.59486824389,25.641989061836977,0,5577.780966153739,5539.281535787319,133.8902421453943
2025-11-24,5888.229852888744,5933.350388159923,5857.822535640777,5867.63134765625,1349305,5671.61865234375,5496.590798117898,5414.111181640625,4413.025390625,5705.11560084419,5563.339323184023,72.19352242167123,124.84206891674512,70.99135829984704,53.85071061689808,5950.617213692396,5050.259837088854,27.12231623415522,0,5625.599013050791,5542.714566457829,132.45395169027375
2025-11-25,5885.287186292444,5971.114291092543,5855.370309762125,5965.22900390625,707293,5731.288899739583,5518.571444424716,5429.403115234375,4422.103774414062,5757.138281456603,5599.874748704225,75.29497322709832,140.4344634118106,84.87997932223975,55.55448408957086,6017.674652634303,5025.870708693821,28.686853905261707,0,5664.589077716217,5561.596517924139,120.64835539508832
2025-11-26,5967.191028610822,6028.496106162918,5936.293269524566,6019.177734375,452071,5799.732638888889,5545.144420276989,5445.783837890625,4431.996267089844,5809.546172040284,5637.993201947023,76.83317052939708,155.35393659021793,98.97477077583538,56.37916581438255,6090.861493771409,5004.3763480254665,30.41288349849591,0,5693.2799852514045,5590.287425459327,119.98275761683122
2025-11-27,6019.668053530421,6081.463570456023,5980.4328046887695,6033.400390625,352120,5866.487033420139,5567.637806285511,5462.70404296875,4442.193405761719,5854.317015757228,5673.939310008657,77.23557934511311,166.4071381648664,112.46124425364158,53.94589391122483,6159.216691923072,4994.825007295677,32.24942477895036,0,5772.976372745931,5616.771157605879,122.43497254176108
2025-11-28,6034.381344137177,6119.718011390092,6010.8401945501655,6056.451171875,504441,5907.466091579861,5592.828635475852,5479.545771484375,4452.348852539062,5894.743846980782,5708.713115632871,77.90542711249357,175.0094850462583,124.97089241216491,50.038592634093376,6223.395904446166,4995.334906100708,34.11533611880341,0,5899.264902355218,5635.898378072914,122.22480628676314
2025-12-01,6110.8899756646615,6212.411181520407,6091.762791952709,6175.1376953125,912454,5961.523546006944,5626.000266335227,5498.09423828125,4463.287905273438,5950.822616647126,5751.1153501492,81.00473861955884,189.22267623841617,137.82124917741518,51.40142706100099,6303.885305317381,4988.558737651369,36.19858697697268,0,5967.926524378216,5682.244963138071,126.42857572798688
2025-12-02,6208.978155556027,6218.78696780809,6111.8709142606,6150.61572265625,809216,6004.46435546875,5659.684614701705,5515.759912109375,4473.894143066406,5990.781237848951,5787.433565831659,78.55296220235982,196.2458148096839,149.50616230386893,46.73965250581497,6368.4651298127865,4995.730377999713,38.15574529619021,0,6013.537553852582,5685.432856281913,124.2916354300409
2025-12-03,6173.666352386954,6173.666352386954,6072.63558748453,6092.74365234375,543787,6027.569552951389,5689.445445667614,5531.52267578125,4484.579583740235,6011.173720747911,5815.189028241848,72.94189129588372,194.8952788527331,158.58398561364177,36.31129323909133,6397.874953669122,5054.845065862129,39.33891509441899,0,6031.193286354521,5685.432856281913,123.87125787747404
2025-12-04,6128.546034601735,6229.576803097891,6120.208543997684,6218.787109375,883433,6064.352647569444,5725.158447265625,5549.38453125,4496.417924804688,6052.696398473328,5851.879762890317,76.82468874951404,201.67088652595885,167.2013657961052,34.469520729853656,6438.265534260048,5113.915862224327,40.68623112136407,0,6042.473556430008,5690.827773926813,121.94454222725804
2025-12-05,6213.882279200457,6266.359422363396,6184.455843781985,6229.0859375,651633,6104.514268663194,5771.59423828125,5568.609794921875,4508.161853027344,6087.974306278663,5886.171233309378,77.11367392704875,205.5027262739177,174.86163789166773,30.64108838224996,6459.68206572806,5195.933217475066,42.09153719628452,0,6060.8648660627605,5709.219083559567,108.77273052492636
2025-12-08,6189.360247049568,6229.576375437688,6027.024411726794,6049.09423828125,707514,6113.832628038194,5809.090642755682,5586.06947265625,4519.291839599609,6080.198292679181,5900.982415579548,62.45576895195934,191.804656323684,178.25024157807098,13.554414745612974,6445.670500109308,5289.150935437568,41.19367474072734,0,6101.326345943981,5709.219083559567,116.75990562050694
2025-12-09,6046.15170160442,6046.15170160442,5851.937224492533,5886.26806640625,1186776,6099.064887152777,5840.523415305398,5598.752265625,4530.062567138672,6041.412247424595,5899.644747472885,52.69723163977454,165.89775981625098,175.779745225707,-9.881985409456007,6412.280571143505,5379.775288231494,38.62796417849669,0,6059.148323427964,5709.219083559567,122.64518657123998
2025-12-10,5912.751799549029,5928.936339146335,5802.402665931035,5831.8291015625,820197,6076.668077256944,5866.650523792614,5610.866142578125,4540.493218994141,5999.495618252176,5893.479688753759,49.89050328761645,139.3670515699996,168.49720649456552,-29.130154924565915,6384.81650754014,5447.602584256735,35.89788909815262,0,6034.381044147216,5709.219083559567,120.08788542098272
2025-12-11,5831.829238055871,5904.414447645667,5792.593989628954,5865.17919921875,695094,6055.415635850694,5891.707586115057,5624.186513671875,4551.264307861328,5972.632334445491,5890.906916977849,51.59151009154698,119.65306228332248,158.72837765231694,-39.07531536899447,6342.40294287321,5536.215660642414,33.44374691266512,0,6029.476705996175,5711.916502694456,122.43499423268518
2025-12-12,5888.72058044024,5922.070542917956,5836.733874224977,5846.05224609375,679186,6018.8505859375,5910.701016512784,5633.750107421875,4561.753029785156,5947.316316775144,5886.8292196247485,50.532045957070224,101.31826458967588,147.24635503978874,-45.92809045011285,6289.321431157026,5630.641312983598,31.10140972458194,0,6029.476705996175,5711.916502694456,123.13562395938756
2025-12-15,5825.943899397103,5862.236503871838,5764.14838366985,5845.5615234375,652031,5984.955674913194,5930.80908203125,5644.08859375,4572.094599609375,5926.965358107615,5883.077610880453,50.50339074968421,85.75962453700686,134.94900893923236,-49.1893844022255,6276.655388185608,5659.099543455018,29.460277149457788,0,6015.253903016623,5732.760073624957,121.87449102164256
2025-12-16,5846.542395400327,5871.554866012308,5819.077721787173,5832.81005859375,388048,5956.074164496527,5948.999955610795,5651.85716796875,4582.645383300781,5908.134298204843,5878.507833399844,49.71447936941172,71.57527830265735,122.27426281191735,-50.698984509260015,6262.3983799429,5687.775497010226,27.8443705003283,0,6015.253903016623,5747.718513925987,119.03694156355564
2025-12-17,5855.860961473375,5856.8418427064535,5671.455289654783,5705.7861328125,538205,5899.074055989583,5949.824795809659,5656.477119140625,4592.405236816407,5867.664665126375,5862.805860619176,42.5791389903647,49.51355109601354,107.72212046873662,-58.20856937272308,6269.511411653392,5674.826234830983,27.467820230482605,0,5968.907356009089,5792.103530152528,125.06235494101396
2025-12-18,5674.3978677182085,5674.3978677182085,5407.598175407171,5638.595703125,1016539,5833.464029947917,5947.550936612216,5659.09607421875,4602.102591552734,5821.8508727261005,5842.4231190287965,39.361002076682574,26.30454477846069,91.43860533068144,-65.13406055222075,6290.906968792423,5628.810560504452,28.475054337061948,0,5818.587275422429,5812.211643351644,138.58450783854272
2025-12-19,5615.5447748247225,5686.658660619446,5615.5447748247225,5670.47412109375,769295,5791.395128038194,5943.293013139205,5664.3633984375,4612.291252441406,5791.575522399631,5826.791391943792,41.61564691552943,10.364091179270872,75.22370250039933,-64.85961132112845,6303.4404796072895,5594.550536017711,29.28769727065112,0,5726.874938505795,5812.211643351644,132.52407042063675
2025-12-22,5682.735552846261,5682.735552846261,5572.386411619852,5590.53271484375,1213460,5758.53564453125,5929.917369495739,5668.041708984375,4622.459226074218,5751.366960888456,5805.313330389243,37.8182399440421,-8.62006973096959,58.454948054125545,-67.07501778509513,6323.059353729914,5547.221798613837,30.231143030557668,0,5668.267257276753,5836.978798885284,132.76929096913105
2025-12-23,5600.831679660298,5642.519130866176,5586.118461587636,5634.181640625,351302,5736.574815538194,5918.392023259943,5672.828408203125,4633.088703613281,5727.929896835765,5789.755904047039,40.984752301446335,-19.91350007147412,42.78125842900562,-62.694758500479736,6328.716812993406,5508.459603022219,31.10719980761375,0,5664.834359162564,5836.978798885284,129.58142699599648
2025-12-24,5634.1818543257,5640.0671417779895,5581.214267255089,5589.5517578125,313655,5705.949544270833,5905.752041903409,5675.565068359375,4644.054985351562,5700.254269031113,5771.555527116627,38.80862972225783,-32.0949133538179,27.80602407244092,-59.90093742625882,6329.455161532804,5464.758656826571,31.944337866369622,0,5664.834359162564,5836.978798885284,124.0114072651936
2025-12-26,5589.551735204481,5610.640681823222,5503.724626872395,5529.2275390625,249826,5670.746799045139,5885.93379350142,5676.850029296875,4654.362608642578,5666.048923037391,5749.525710020797,36.024379919225574,-46.08519006102506,13.027781245747722,-59.11297130677278,6328.877733696775,5414.91879950635,33.08618527372502,0,5639.576520709739,5836.978798885284,125.79801272015187
2025-12-29,5529.227528710867,5542.959866018292,5444.381301775708,5459.5849609375,572147,5627.860514322917,5860.49775834517,5677.409130859375,4664.032138671875,5624.756130617413,5723.167460104134,33.07427139814759,-62.07657901184575,-1.993090805770972,-60.083488206074776,6325.479936767425,5358.629975341951,34.401486423213,0,5639.576520709739,5836.978798885284,118.37134132955828
2025-12-30,5463.508251619681,5632.71025761688,5460.075167440028,5601.8125,2980473,5602.194118923611,5840.880126953125,5679.98884765625,4674.3946875,5620.167404493931,5712.135191003758,43.28851151326837,-62.552233005230846,-14.104919245662948,-48.4473137595679,6281.399238098351,5345.378154479775,34.53575197373341,0,5632.220009056812,5836.978798885284,116.65479010746276
2025-12-31,5600.3413322420965,5674.888305050644,5575.81930171297,5660.66552734375,473265,5597.180718315973,5822.889870383523,5683.490595703125,4685.388005371094,5628.267029063894,5707.45613067103,46.89993021048525,-57.51722203809368,-22.787379804149097,-34.72984223394458,6233.273811778997,5344.508561267879,34.18946742859755,0,5547.128418013308,5836.978798885284,114.69302797334662
2026-01-01,5660.665259986466,5744.040159847642,5620.4491318181335,5729.8173828125,384697,5607.316460503473,5802.648037997159,5687.42392578125,4696.399517822266,5648.577099813616,5709.4889717748,50.85965253733868,-47.40055862715417,-27.710015568750112,-19.690543058404057,6191.918228574864,5349.571517518886,33.13888046660584,0,5594.210730811676,5836.978798885284,115.53378297426056
2026-01-02,5787.199278663829,5914.223398424332,5762.677247822034,5819.568359375,1069537,5623.882486979167,5787.600430575284,5693.044375,4708.054971923828,5682.775351725893,5719.496188829364,55.49805725510441,-31.774598466849056,-28.522932148369904,-3.251666318479153,6116.775403652087,5384.792467441663,30.85319523943776,0,5679.302350100021,5836.978798885284,122.61016489703576
2026-01-05,5846.051982394954,5929.426884828439,5811.72114021646,5871.064453125,653817,5655.052680121527,5777.524103338068,5700.832568359375,4720.359729003906,5720.433172005715,5733.275121947149,57.95056490056332,-15.061982902884663,-25.830742299272856,10.768759396388193,6028.659079588655,5437.106643067595,28.84610667559078,0,5686.904093302073,5836.978798885284,124.01142378346368
2026-01-06,5895.095921223959,5921.579713216146,5846.051861979167,5885.287109375,453152,5682.953287760417,5762.365012428977,5709.846865234375,4732.909769287109,5753.403959479572,5747.094393531499,58.62870837868785,-0.6618359322246761,-20.796961025863222,20.135125093638543,5991.226888861786,5458.158120903839,26.98238158059001,0,5686.904093302073,5836.978798885284,125.65790285573824
2026-01-07,5918.146653040619,5933.350311468087,5830.3577866368505,5866.650390625,609748,5713.742024739583,5745.890669389205,5716.408955078125,4745.366625976562,5776.053245708658,5757.963120539999,57.32412371368709,9.141182972790377,-14.809332226132504,23.95051519892288,5987.876195529388,5459.547046658113,25.11101882482374,0,5688.865806621898,5836.978798885284,119.77261512570723
2026-01-08,5866.650716312767,5870.574241286058,5718.537648571047,5738.1552734375,562060,5736.956217447917,5731.757080078125,5721.127001953125,4756.96890991211,5768.473651254427,5756.162407167045,49.19594719981753,6.467115125890814,-10.554042755727842,17.021157881618656,5978.3993851406485,5459.656474234351,24.18488463533451,0,5688.865806621898,5836.978798885284,109.33323193354168
2026-01-09,5738.155297458265,5778.371428602844,5641.048053962818,5662.62744140625,500234,5759.516493055556,5721.59159712358,5725.472314453125,4767.902950439453,5747.304409284792,5747.659228461518,45.1440253521348,-1.7266638350092762,-8.788566971584128,7.061903136574852,5959.92721488402,5457.87346870973,23.87317777358231,0,5696.712739454058,5836.978798885284,114.0624811367776
2026-01-12,5662.627088443666,5681.263830983149,5519.418435245541,5617.01611328125,314329,5761.205783420139,5711.827370383523,5729.621435546875,4778.455054931641,5721.246750084084,5735.782581626949,42.84882283417534,-11.765124650985854,-9.383878507464471,-2.3812461435213805,5942.96754348781,5451.92952682469,24.320706978809845,0,5726.384373356814,5836.978798885284,117.74078503043464
2026-01-13,5669.493376166188,5669.493376166188,5571.8956960747455,5624.86328125,336437,5757.227756076389,5700.903919566761,5733.35859375,4789.059196777344,5701.970056317267,5725.699008865408,43.38215646263527,-18.869955199887958,-11.28109384594917,-7.588861353938784,5923.600556866165,5449.226689227585,24.736269812235413,0,5726.384373356814,5818.587275422429,120.68342865992769
2026-01-14,5610.6405004459175,5631.239005779722,5532.170003936184,5567.97216796875,368182,5739.244954427083,5688.263916015625,5736.056015625,4799.371154785156,5675.170478647564,5711.36020514753,40.43598523183247,-28.75969808314585,-14.776814693388506,-13.982883389757344,5905.466144246582,5440.877312784667,25.354080867390124,0,5726.384373356814,5726.874938505795,123.55600918283037
2026-01-15,5567.97216796875,5567.97216796875,5567.97216796875,5567.97216796875,0,5711.289822048611,5675.646218039773,5743.26548828125,4809.596147460938,5653.730816511801,5698.324929040368,40.43598523183247,-36.1803262898793,-19.057517012686667,-17.122809277192637,5902.642447434042,5429.919613112834,25.927762561462355,0,5726.384373356814,5670.474243437629,115.91914811491417
2026-01-16,5514.514199424379,5622.411133244493,5510.100233949919,5543.4501953125,588398,5674.888237847223,5662.493496981534,5749.651025390625,4819.089296875,5631.674692271941,5684.24540779238,39.10829704433306,-43.53806613622419,-23.95362683739417,-19.584439298830016,5903.982745891859,5419.064763873766,26.806904587221887,0,5721.725272709004,5670.474243437629,116.9000291900563
2026-01-19,5517.456954989154,5676.850155911063,5483.1261117136655,5652.328125,581040,5649.00390625,5660.063587535511,5758.802646484375,4829.364056396485,5635.805378817553,5681.343836629436,47.3710028570738,-40.121097936650585,-27.187121057245456,-12.93397687940513,5903.0702304751385,5418.162679681112,26.94498822932773,0,5708.238211590877,5670.474243437629,118.3713682984861
2026-01-20,5668.512538254021,5733.2506984071215,5448.795146219257,5473.8076171875,394664,5605.354709201389,5652.573219992898,5763.13814453125,4838.557307128906,5603.405826491542,5662.47690758926,38.21457382735776,-51.22771780024141,-31.995240405844648,-19.23247739439676,5909.6394106865055,5399.920989704119,26.41860604767063,0,5659.684693752657,5670.474243437629,131.61326464492828
2026-01-21,5473.807852622199,5534.132049904927,5398.770436490025,5432.61083984375,406596,5571.405327690973,5641.761252663352,5765.511884765625,4847.438767089844,5569.246829161984,5641.579992339668,36.46301031724976,-62.63204645241149,-38.12260161515802,-24.50944483725347,5918.248025399374,5371.155294913126,26.295559135307837,0,5588.570932546434,5666.060373979056,132.454020743885
2026-01-22,5486.068490508564,5556.691936122119,5361.006138901225,5383.56640625,401574,5540.398546006944,5632.353693181818,5764.61927734375,4856.222844238281,5532.110744579588,5618.124211786062,34.43923838052939,-74.76568273207613,-45.45121783854164,-29.31446489353449,5931.213435448103,5337.5913497081465,26.44600749824736,0,5547.128418654173,5647.178225184656,133.25971943024655
2026-01-23,5408.579010871332,5418.8782636123815,5265.370353710066,5281.064453125,460330,5503.070583767361,5616.302911931818,5762.176884765625,4864.949283447266,5481.901486288671,5587.482415544147,30.61480071635856,-91.59685633173284,-54.68034553717988,-36.91651079455297,5955.765821329257,5288.222655233242,27.19087817932581,0,5499.310526058594,5599.360332589076,135.81701695098485
2026-01-27,5314.414600698478,5320.790328809319,5197.199291583774,5277.14111328125,400942,5464.434787326389,5602.102428089489,5759.067490234375,4874.295294189453,5440.9494116871865,5559.269569883883,30.47530189569933,-104.05280741493516,-64.55483791273093,-39.49796950220423,5974.170609537645,5251.573482259229,28.25802272588981,0,5465.224994995448,5565.27480152593,139.25010166445392
2026-01-28,5303.624937907454,5418.388044571995,5226.625759504323,5407.10791015625,547414,5446.560980902777,5596.551535866477,5753.45685546875,4884.062857666016,5434.181111381,5545.436691726825,40.19663627526711,-102.25823478166058,-72.09551728651687,-30.16271749514371,5975.997780913698,5230.275851898801,28.093809038835957,0,5465.224994995448,5565.27480152593,145.59079882419934
2026-01-29,5416.426270231295,5488.030601583501,5367.3822076612905,5473.3173828125,337842,5436.043782552083,5597.175736860795,5749.150791015625,4893.983917236328,5442.0083656673005,5538.880390916432,44.45738105211372,-94.40522723849244,-76.55745927691198,-17.84776796158046,5969.943706952261,5217.595111407114,27.217907484847306,0,5465.224994995448,5565.27480152593,143.34878462471357
2026-01-30,5434.572505398093,5488.030532930662,5360.515971843801,5428.19677734375,466102,5423.237847222223,5589.284113103693,5742.4317578125,4903.4131640625,5439.246048002591,5528.818244228006,42.24831465061458,-90.7761074943328,-79.40118892039615,-11.37491857393664,5956.079766348375,5201.296991464126,26.455462103941287,0,5465.224994995448,5565.27480152593,142.64815508520178
2026-02-02,5443.890787905144,5542.469350821264,5314.414466463076,5515.4951171875,449861,5408.0341796875,5582.685458096591,5735.04572265625,4912.612659912109,5454.495861839573,5527.607050860686,47.66657425111088,-79.93432437397314,-79.50781601111156,-0.4265083628615826,5924.145638834499,5202.823794759251,25.186360865627787,0,5465.224994995448,5565.27480152593,147.3774042723861
2026-02-03,5624.372804556004,5680.283032993341,5567.972135518339,5652.818359375,592655,5427.924262152777,5579.185502485795,5730.3473046875,4922.60506225586,5494.160361346659,5538.98989708926,54.8434959175157,-59.57455674763332,-75.52116415841591,15.94660741078259,5886.246083729331,5218.89874048942,23.971932680992524,0,5438.7411622885575,5565.27480152593,152.1767068234146
2026-02-04,5637.124377246352,5765.6198172009845,5607.207500005006,5739.62646484375,490202,5462.037109375,5575.551780007102,5727.78720703125,4933.080301513672,5543.253582046077,5557.229585066942,58.69931955468081,-36.01939641327772,-67.62081060938829,31.601414196110568,5853.795240469698,5236.783519295927,23.45947214736909,0,5481.40955439238,5565.27480152593,156.41551506287462
2026-02-05,5768.072132461236,5777.390504242272,5635.16272442646,5655.76123046875,331312,5492.280978732639,5565.765269886364,5721.5978515625,4942.434702148437,5565.755111730612,5566.187007376197,53.91001280335757,-23.844125430084205,-58.865473573527474,35.02134814344327,5809.581823645841,5259.908020104159,23.065291571041623,0,5487.294897913023,5565.27480152593,166.57464219257548
2026-02-06,5661.646302250804,5729.327105240289,5606.226514295647,5643.5,770475,5532.551595052083,5554.774946732955,5714.084296875,4952.130731201172,5581.30408938449,5573.215461251088,53.22625503750073,-15.011471387424535,-50.09467313630689,35.08320174888235,5793.10977750338,5266.914538902871,22.403516893373823,0,5487.294897913023,5565.27480152593,167.34533445329467
2026-02-09,5689.111205132242,5704.805305008468,5558.6539999111055,5646.44287109375,543956,5573.585123697917,5544.765514026989,5706.345146484375,4961.325003662109,5594.331845726342,5579.872498509511,53.37909446717964,-7.685470994530078,-41.61283270795153,33.927361713421455,5790.677653286795,5267.728206088204,21.31333226126645,0,5502.008131873297,5565.27480152593,163.94728166043504
2026-02-10,5674.397757886504,5733.250630051273,5608.678717302511,5643.5,816528,5599.850911458333,5540.463001598011,5698.086123046875,4970.436922607422,5604.165476581074,5585.656816826828,53.191912694604376,-2.0929023295748266,-33.70884663227619,31.615944302701365,5794.133885733963,5266.920362312912,20.541880856441885,0,5545.9024853526735,5565.27480152593,152.52702170049912
2026-02-11,5695.0,5750.0,5546.0,5682.5,684908,5623.093424479167,5541.366299715909,5688.233369140625,4980.0288916015625,5619.832381264859,5594.460742569843,55.42282719252884,5.423701636752412,-25.882336978470477,31.306038615222885,5802.559998676366,5264.257921245509,19.19927384042436,0,5545.9024853526735,5565.27480152593,157.42976359943466
2026-02-12,5704.0,5805.0,5683.5,5733.0,560676,5656.96044921875,5546.638294566761,5679.8810546875,4989.795091552734,5642.465905011887,5607.055220518039,58.20088076105808,15.279460281176398,-17.6499775265411,32.9294378077175,5825.0165887386265,5258.304114386374,18.442035049114136,0,5559.707233231538,5565.27480152593,152.20220665508512
2026-02-13,5702.0,5724.5,5560.0,5584.0,394003,5664.572102864583,5544.780872691761,5669.706181640625,4999.101342773438,5630.77272400951,5604.959291380036,48.58091809689192,10.94104371733647,-11.931773277765586,22.872816995102056,5826.221681000198,5258.701805327927,17.63003875736166,0,5675.5,5533.886766434916,153.59449880491977
2026-02-16,5578.0,5623.5,5459.0,5492.0,285719,5646.703396267361,5541.327592329545,5655.170439453125,5008.069826660157,5603.018179207609,5594.690264890942,43.77021302920426,0.078283803019076,-9.529761861608655,9.608045664627731,5824.542906770232,5255.235560026644,17.624537648037773,0,5632.0,5501.099645791886,156.51656757452363
2026-02-17,5490.0,5588.0,5446.5,5577.0,288723,5628.6337890625,5541.737948330966,5642.128720703125,5017.898132324219,5597.814543366088,5593.082058991765,48.81350581115211,-1.6526908740443105,-7.954347664095787,6.301656790051476,5816.473220204448,5255.772434092428,17.70663049893961,0,5625.75,5501.099645791886,152.92640435540417
2026-02-18,5595.0,5628.0,5546.5,5592.0,197770,5621.549207899306,5543.944757634943,5632.9868359375,5027.655531005859,5596.651634692871,5592.983689992513,49.67137258247398,-1.793452334718495,-6.722168598220328,4.928716263501833,5821.834342297572,5262.230550280552,17.370963204695915,0,5625.75,5501.099645791886,150.13009050381768
2026-02-19,5600.0,5644.5,5387.5,5414.5,307768,5596.104763454861,5533.134388316761,5623.551474609375,5036.018137207031,5560.2213077542965,5576.757899993194,40.9296955563164,-16.042841486701946,-8.586303175916651,-7.4565383107852945,5822.532499038215,5259.721309555535,18.128485897214578,0,5596.25,5501.099645791886,159.37905042618473
2026-02-20,5400.0,5472.0,5375.0,5465.0,560735,5575.944444444444,5532.734042080966,5616.214892578125,5044.655467529297,5541.177046203437,5566.598090902903,43.951922151348015,-22.99557838370765,-11.468158217474851,-11.5274201662328,5819.266070899627,5271.131097069122,18.9057707475517,0,5590.0,5501.099645791886,150.01798725774273
2026-02-23,5504.5,5549.0,5437.0,5488.5,310190,5558.722222222223,5535.274458451705,5608.68130859375,5053.736414794922,5530.6416369627495,5559.498264457185,45.35307247187807,-26.30617762342717,-14.435762098665316,-11.870415524761858,5801.84068995089,5309.30003270536,18.82609199340212,0,5590.0,5501.099645791886,146.24742184303977
2026-02-24,5480.0,5523.0,5436.5,5511.0,396015,5539.666666666667,5541.06689453125,5601.980263671875,5062.671867675781,5526.713309570199,5555.089331324713,46.72628060003154,-26.80529466168628,-16.90966861126951,-9.895626050416766,5777.432298873132,5357.094312454993,18.755673779374423,0,5590.0,5501.099645791886,141.11082775761275
2026-02-25,5511.0,5840.0,5500.5,5737.5,898486,5540.166666666667,5561.81396484375,5599.819033203125,5072.1069140625,5568.870647656159,5571.672119386103,58.13201073940414,-8.822491262468247,-15.292233141509255,6.46974187904101,5792.883798343115,5374.6820219693855,18.6103235439254,0,5607.5,5518.599645791886,155.2017006279119
2026-02-26,5760.0,5829.0,5718.5,5787.0,489797,5562.722222222223,5584.989368785511,5598.90283203125,5081.409232177734,5612.496518124928,5591.247381260094,60.14047394259401,9.315858879510415,-10.370614737305322,19.68647361681574,5820.402766605671,5378.531315425579,18.475355468151303,0,5607.5,5518.599645791886,154.3016584175803
2026-02-27,5775.0,5800.0,5689.0,5710.0,584546,5586.944444444444,5598.757191051136,5598.987109375,5090.309158935547,5631.997214499943,5602.043073872812,55.66695337669329,17.278203191552166,-4.840851151533826,22.119054343085992,5824.206926116995,5402.90747817988,18.094221770509066,0,5607.5,5518.599645791886,151.79085091062584
2026-03-02,5565.0,5725.0,5503.0,5591.5,432301,5588.555555555556,5604.129128196023,5598.0451953125,5097.371063232422,5623.8977715999545,5601.084612611648,49.55747576362682,13.866613086267536,-1.099358303973554,14.965971390241087,5823.246897994688,5411.467994583438,17.25660692194263,0,5607.5,5518.599645791886,158.75
2026-03-04,5520.0,5529.0,5427.5,5500.0,455955,5578.333333333333,5607.392911044034,5594.635712890625,5103.877388916016,5599.118217279964,5591.895102374225,45.41295942481139,3.736545475729145,-0.1321775480330141,3.868723023762159,5821.328057372364,5398.10499926826,16.94756750489757,0,5607.5,5518.599645791886,155.89285714285714
2026-03-05,5513.5,5622.5,5480.0,5588.5,545405,5597.666666666667,5610.711314808239,5594.59505859375,5110.6213659667965,5596.994573823971,5591.586456703841,49.78704540334381,2.817130162906324,0.4576839941548534,2.3594461687514703,5804.8442606811,5399.476149475149,15.971058459712095,0,5607.5,5533.312879752161,157.32142857142858
2026-03-06,5571.0,5571.5,5490.0,5512.5,431008,5602.944444444444,5604.33320756392,5592.16142578125,5117.691202392578,5580.095659059177,5584.396778821673,46.35208271868526,-3.997991579764857,-0.4334511206290887,-3.564540459135769,5799.819849339284,5390.174437770092,15.064300060611297,0,5633.75,5577.207233231538,152.0
2026-03-09,5447.0,5510.0,5337.5,5480.0,306358,5602.0,5592.532004616477,5589.970390625,5124.491285400391,5560.076527247342,5574.9061625651575,44.924684477813486,-11.884505861576145,-2.7236620688185,-9.160843792757644,5796.487953967236,5377.156333142139,15.183963413085142,0,5588.75,5577.207233231538,152.75
2026-03-10,5546.5,5733.5,5527.5,5711.5,493375,5624.277777777777,5595.065585049716,5593.61583984375,5132.388477783203,5590.361221797873,5587.323784150143,55.44883963143057,0.539273614060221,-2.071074932242756,2.6103485463029767,5805.573021727493,5374.5769782725065,14.405633841343407,0,5588.75,5577.207233231538,160.75
2026-03-11,5729.5,5766.0,5554.0,5575.0,511965,5606.222222222223,5591.95194868608,5595.924140625,5139.446148681641,5587.288977438299,5586.203440136494,49.4488218636675,-0.6220304846756335,-1.7812660427293312,1.1592355580536975,5800.745674628842,5372.554325371158,13.870445906313345,0,5583.25,5588.75,170.07142857142858
2026-03-12,5589.0,5589.0,5376.0,5394.5,476478,5562.611111111111,5580.5,5591.777890625,5145.35685180664,5548.731181950639,5568.77585466954,42.84639499204147,-15.923655855654031,-4.609744005314272,-11.31391185033976,5797.644507942336,5346.855492057664,13.449466466199995,0,5568.75,5588.75,166.92857142857142
2026-03-13,5338.0,5377.5,5168.0,5206.0,496250,5506.611111111111,5560.613636363636,5582.684580078125,5150.427479248046,5480.184945560512,5535.796231517763,37.25241492997685,-42.76767965507406,-12.241331135266227,-30.526348519807836,5811.755045585367,5280.044954414632,14.03876872980564,0,5467.0,5504.0,176.17857142857142
2026-03-16,5198.5,5329.0,5124.5,5278.5,466610,5471.833333333333,5542.25,5573.658232421875,5155.744654541016,5439.84795644841,5512.405665016147,40.47157346982428,-57.52846548476191,-21.298758005165368,-36.22970747959654,5821.217656661008,5240.032343338992,14.767717586331644,0,5445.25,5482.25,182.78571428571428
2026-03-17,5276.5,5384.0,5232.0,5355.0,403766,5455.722222222223,5525.068181818182,5564.366865234375,5161.471385498047,5422.878365158728,5498.096059105588,43.75078853313405,-62.33502457657141,-29.50601131944658,-32.829013257124835,5824.484069927864,5223.065930072135,15.068573306591516,0,5445.25,5482.25,187.4642857142857
2026-03-18,5370.0,5488.0,5365.0,5426.0,390261,5437.666666666667,5517.886363636364,5555.465576171875,5167.781641845703,5423.502692126983,5491.541871914171,46.686185559639405,-59.72665891258657,-35.55014083807458,-24.17651807451199,5818.883479582511,5213.56652041749,14.672903595094194,0,5445.25,5482.25,172.71428571428572
2026-03-19,5349.0,5366.5,5151.0,5172.5,397483,5399.888888888889,5503.363636363636,5541.209833984375,5173.196412353515,5373.302153701587,5462.538065376519,38.88385980952655,-77.22464411701276,-43.88504149386222,-33.33960262315054,5832.019873011911,5158.480126988089,15.272693130450287,0,5445.25,5482.25,184.4642857142857
2026-03-20,5218.0,5367.5,5216.0,5275.5,1043098,5377.166666666667,5489.659090909091,5529.386826171875,5179.240684814453,5353.74172296127,5445.534604887744,43.04856534078712,-81.83731464336415,-51.47549612376261,-30.36181851960154,5837.590920821682,5139.009079178319,15.823024449010124,0,5445.25,5482.25,190.4642857142857
2026-03-23,5191.0,5200.0,5051.0,5065.0,340775,5305.333333333333,5465.704545454545,5515.923720703125,5184.271108398438,5295.993378369017,5410.940549897949,37.4342469153769,-101.31063411964078,-61.44252372293825,-39.86811039670253,5865.702010431218,5070.897989568783,16.983018254443945,0,5408.5,5445.5,190.64285714285717
2026-03-24,5185.0,5317.0,5124.5,5253.0,435050,5269.555555555556,5458.363636363636,5507.731171875,5190.346372070312,5287.394702695214,5396.582318089045,44.40763650463816,-100.41582021507566,-69.23718302136572,-31.17863719370993,5865.202646099084,5047.847353900916,17.280653735163895,0,5320.0,5445.5,196.92857142857144
2026-03-25,5305.0,5364.0,5278.0,5289.5,531702,5257.888888888889,5450.386363636364,5501.180849609375,5196.173662109375,5287.815762156171,5386.847561899132,45.67364755951655,-95.65873444693987,-74.52149330648056,-21.137241140459324,5859.876541011519,5031.02345898848,17.258352766908786,0,5269.5,5445.5,194.67857142857144
2026-03-27,5212.0,5244.0,5125.5,5143.0,535331,5250.888888888889,5434.681818181818,5491.543583984375,5200.875180664062,5258.852609724938,5364.679601726483,41.58063634420704,-102.5281546064116,-80.12282556646677,-22.405329039944817,5827.223094259235,5004.226905740766,17.875946260815375,0,5269.5,5445.5,199.3571428571429
2026-03-30,5068.0,5140.0,5037.5,5063.0,704213,5226.944444444444,5414.318181818182,5481.444140625,5205.03369140625,5219.682087779951,5337.254183387711,39.499020385143226,-113.12353331133907,-86.72296711544124,-26.40056619589785,5780.755144614535,4978.294855385464,18.78120941938189,0,5262.75,5438.75,194.39285714285717
2026-04-01,5152.0,5244.0,5077.5,5122.0,546972,5201.055555555556,5386.340909090909,5472.524697265625,5209.335979003907,5200.145670223961,5317.685621261556,41.81260352673436,-115.42904616207852,-92.46418292476868,-22.964863237309828,5735.242873274951,4965.007126725049,18.93278249200875,0,5262.75,5438.75,189.2142857142857
2026-04-02,5076.0,5077.0,4904.0,5011.5,753867,5155.0,5351.090909090909,5461.885693359375,5213.315258789063,5162.416536179169,5289.850564783233,38.818566622483424,-124.734743738446,-98.91829508750416,-25.81644865094185,5716.914667028267,4925.335332971733,19.735648298881628,0,5135.75,5372.0,189.64285714285717
2026-04-06,5019.5,5122.5,4985.5,5103.5,348536,5147.333333333333,5323.522727272727,5450.909130859375,5217.8946459960935,5150.633228943336,5272.909604348392,42.50966013052415,-123.2650225377256,-103.78764057754846,-19.47738196017714,5699.080341394632,4903.519658605368,20.18327840030745,0,5135.75,5372.0,184.2142857142857
2026-04-07,5075.0,5084.0,4932.0,5051.0,429282,5122.388888888889,5298.954545454545,5442.452978515625,5222.063210449219,5130.706583154669,5252.736003953084,40.989922367325626,-124.89683615496506,-108.00947969303178,-16.88735646193328,5663.028339233192,4885.821660766808,20.805000902493557,0,5134.0,5372.0,180.28571428571428
2026-04-08,5250.0,5349.5,5243.0,5287.5,790692,5147.111111111111,5289.295454545455,5439.55076171875,5227.38287109375,5162.065266523735,5255.896367230076,49.71169130771612,-105.88589997297458,-107.58476374902035,1.6988637760457692,5635.4424865993215,4890.907513400679,19.794868831951145,0,5134.0,5366.5,187.0
2026-04-09,5287.5,5380.0,5204.0,5284.0,760419,5150.555555555556,5275.454545454545,5437.55943359375,5232.748322753906,5186.452213218989,5258.451242936432,49.59486606407213,-90.06381720961326,-104.08057444113896,14.016757231525688,5611.666101142525,4895.083898857475,19.03391571353837,0,5142.0,5352.0,188.7142857142857
2026-04-10,5297.0,5484.5,5295.5,5466.5,855903,5170.222222222223,5273.363636363636,5441.26814453125,5238.898725585937,5242.461770575192,5277.364766305847,55.471106622748096,-62.08282567467813,-95.6810246878468,33.59819901316865,5546.277916800097,4935.972083199903,17.772500443478236,0,5194.25,5335.0,193.53571428571428
2026-04-13,5325.0,5375.0,5202.5,5247.0,743470,5181.777777777777,5262.772727272727,5440.665322265625,5244.172905273437,5243.369416460153,5274.604333005315,48.193776275467286,-56.962871330501,-87.93739401637762,30.97452268587662,5486.498199343944,4962.951800656057,17.051012945656417,0,5194.25,5335.0,192.75
2026-04-15,5361.5,5361.5,5275.0,5287.5,651858,5206.722222222223,5243.5,5438.2731640625,5250.062180175782,5252.195533168123,5275.776666368468,49.50995893789566,-49.07159232773665,-80.16423367864944,31.092641350912785,5470.70386298324,4968.04613701676,16.381060269107586,0,5194.25,5335.0,187.0
2026-04-16,5315.0,5349.0,5129.5,5159.5,920301,5210.888888888889,5224.613636363636,5431.99681640625,5255.121101074219,5233.656426534499,5265.206060334971,45.56948901008506,-52.540572113858616,-74.63950136569127,22.098929251832654,5469.756382565816,4964.343617434184,16.443706699480728,0,5194.25,5335.0,186.64285714285717
2026-04-17,5136.5,5250.0,5130.5,5230.5,545014,5235.222222222223,5217.159090909091,5428.042880859375,5260.494924316407,5233.025141227599,5262.050963940883,48.03984179662688,-48.99586314727185,-69.5107737220074,20.514910574735552,5465.80608483052,4963.49391516948,16.501878384827215,0,5208.25,5335.0,177.17857142857142
2026-04-20,5230.5,5318.0,5210.0,5282.5,654258,5255.111111111111,5220.636363636364,5423.382978515625,5266.238901367187,5242.920112982079,5263.909967218984,49.83557608185474,-41.512163949549176,-63.91105176751576,22.398887817966585,5455.659953607089,4966.39004639291,16.10964915138748,0,5208.25,5335.0,176.96428571428572
2026-04-21,5260.0,5310.0,5252.0,5259.0,321063,5278.222222222223,5219.75,5415.506611328125,5271.661013183594,5246.136090385664,5263.463606562713,49.01121723966571,-37.050437638518815,-58.53892894171638,21.488491303197563,5426.969279205327,4978.380720794673,15.745436291764868,0,5307.0,5335.0,169.39285714285714
2026-04-22,5255.5,5291.0,5178.0,5189.0,293830,5267.277777777777,5212.204545454545,5404.49408203125,5277.135091552735,5234.708872308532,5256.694187784285,46.54158196431897,-38.716601495819305,-54.57446345253697,15.857861956717665,5427.448067288226,4979.551932711774,15.807734258822212,0,5307.0,5246.5,169.92857142857142
2026-04-23,5150.0,5160.0,4995.0,5032.0,628266,5239.277777777777,5194.295454545455,5392.018857421875,5281.877797851563,5194.167097846826,5236.267443440258,41.49166238225402,-52.10500222167229,-54.080571206364034,1.9755689846917408,5425.054099825608,4957.595900174391,16.72137742112562,0,5239.75,5196.0,170.85714285714286
2026-04-24,5035.5,5060.5,4941.5,4961.5,520325,5183.166666666667,5184.704545454545,5378.378857421875,5286.1824877929685,5147.6336782774615,5211.288584945689,39.42310172783277,-67.62463239467161,-56.789383444025546,-10.83524895064606,5435.703306192495,4936.596693807504,17.790496357341205,0,5158.25,5196.0,163.78571428571428
2026-04-27,5012.5,5098.0,5005.5,5043.0,448144,5160.5,5174.136363636364,5366.31,5290.571462402344,5126.70694262197,5195.989622677898,42.963203325429006,-72.5118112208711,-59.93386899939466,-12.577942221476434,5430.965305579559,4920.33469442044,18.485660385588112,0,5151.5,5196.0,163.75
2026-04-28,5042.5,5105.5,5019.0,5068.0,667998,5136.111111111111,5174.272727272727,5354.8,5294.91923828125,5114.965554097576,5184.354202434453,44.043459197840406,-73.52015005939393,-62.65112521139452,-10.869024847999412,5418.307821560135,4910.842178439864,19.06952158081508,0,5145.25,5196.0,157.67857142857142
2026-04-29,5094.0,5208.5,5081.5,5114.5,474261,5131.111111111111,5167.977272727273,5343.44,5299.68310546875,5114.872443278062,5178.003820394957,46.08872038638068,-69.76292094359997,-64.07348435783561,-5.689436585764355,5417.71176998298,4908.58823001702,18.788486433012444,0,5129.75,5194.25,146.39285714285714
2026-04-30,5080.0,5114.5,5020.0,5099.0,478138,5116.5,5159.318181818182,5330.76,5304.401359863281,5111.697954622449,5170.821654904506,45.49182976888177,-67.26067111278007,-64.7109217088245,-2.5497494039555733,5417.027035009088,4912.872964990912,18.86258293682029,0,5129.75,5194.25,140.57142857142858
2026-05-01,5099.0,5099.0,5099.0,5099.0,0,5096.111111111111,5157.318181818182,5321.06,5308.961628417968,5109.158363697959,5164.292413549551,45.49182976888177,-64.53371559162133,-64.67548048538387,0.1417648937625415,5416.90979518991,4910.69020481009,18.931386833213285,0,5125.75,5194.25,126.25
2026-05-04,5186.0,5237.0,5006.0,5066.5,617748,5074.722222222223,5157.477272727273,5312.55,5313.416408691406,5100.626690958367,5155.402194135955,44.1028752185149,-64.25437761246212,-64.59125991079952,0.3368822983374002,5413.820340018081,4919.279659981919,17.918939663286555,0,5116.25,5194.25,123.89285714285714
2026-05-05,5060.0,5135.0,5018.0,5109.0,573411,5065.833333333333,5156.886363636364,5303.19,5318.579382324218,5102.301352766694,5151.183812850868,46.40723886279641,-59.91296606055676,-63.655601140750974,3.742635080194219,5413.812166723985,4919.837833276015,16.978810148354594,0,5089.25,5194.25,124.07142857142856
2026-05-06,5240.0,5281.0,4950.0,5170.0,2717300,5081.166666666667,5164.090909090909,5294.75,5323.887922363281,5115.841082213356,5152.894375318971,49.6176840592477,-50.96270953344447,-61.11702281928968,10.154313285845213,5413.672111691025,4931.877888308974,16.426485586615282,0,5111.25,5194.25,132.03571428571428
2026-05-07,5235.0,5458.5,5189.5,5343.0,1775531,5123.555555555556,5174.977272727273,5293.32,5329.08408203125,5161.272865770685,5170.176704835428,57.41001769664168,-29.569058869371474,-54.80743002930604,25.23837115993457,5423.1957359341,4927.904264065901,16.879157172548535,0,5204.25,5194.25,144.10714285714286
2026-05-08,5341.0,5398.5,5265.0,5322.0,558660,5154.555555555556,5187.295454545455,5290.46,5334.317766113281,5193.418292616549,5183.978822577662,56.27228089562482,-14.145895997299704,-46.67512322290478,32.52922722560508,5429.1490475276805,4925.750952472319,17.29949507377227,0,5204.25,5194.25,145.92857142857142
2026-05-11,5262.5,5283.5,5146.0,5228.5,447686,5172.388888888889,5184.613636363636,5285.26,5338.991669921875,5200.434634093239,5188.026202343329,51.389106945504345,-9.359704049125869,-39.212039388149,29.85233533902313,5379.361500847738,4951.738499152262,16.77967491649302,0,5204.25,5194.25,154.35714285714286
2026-05-12,5230.0,5270.0,5070.0,5082.5,391060,5168.833333333333,5175.454545454545,5276.69,5343.162163085937,5176.847707274591,5178.432911221208,44.84503622871633,-17.149898915381527,-34.799611293595504,17.649712378213977,5370.599292131602,4944.050707868398,15.77336077895556,0,5204.25,5208.25,160.57142857142858
2026-05-13,5117.5,5128.0,4977.0,4995.0,494571,5157.277777777777,5154.022727272727,5261.84,5346.839597167968,5140.4781658196725,5161.75719201928,41.43916814615756,-30.037944478226564,-33.84727793052171,3.809333452295149,5358.489468549479,4926.9105314505205,15.04653246242582,0,5204.25,5208.25,157.5
2026-05-14,5020.0,5091.0,4880.0,5077.0,594448,5154.833333333333,5146.295454545455,5247.64,5351.244936523438,5127.782532655738,5154.0519927448,45.60821911688122,-33.251792774151,-33.72818089924757,0.4763881250965696,5356.158928150721,4920.991071849278,14.932160582701789,0,5169.25,5182.25,164.07142857142858
2026-05-15,5082.0,5139.5,5044.0,5064.5,425856,5154.611111111111,5136.159090909091,5234.73,5355.484865722657,5115.12602612459,5145.910902495272,45.08134402592418,-36.38797827353028,-34.26014037410411,-2.1278378994261686,5345.748645964622,4914.801354035378,14.478783112920736,0,5169.25,5182.25,161.14285714285714
2026-05-18,5034.5,5034.5,4924.0,4957.0,434446,5137.722222222223,5126.954545454545,5222.04,5359.1716015625,5083.500820899671,5128.737184086612,40.72421510922183,-47.00592442519883,-36.80929718432306,-10.19662724087577,5330.231600981867,4897.768399018133,14.726836578899452,0,5169.25,5182.25,165.0
2026-05-19,4944.5,5040.0,4932.5,5007.5,560327,5119.666666666667,5116.818181818182,5212.19,5363.460029296875,5068.300656719737,5117.715621896919,43.48743939676333,-50.76065802636185,-39.59956935273082,-11.161088673631037,5311.310250603933,4891.539749396067,14.914776681988457,0,5169.25,5169.25,162.64285714285714
2026-05-20,4967.0,5015.0,4902.0,4968.0,416572,5078.0,5102.522727272727,5199.78,5367.254731445312,5048.24052537579,5104.1051108153815,41.84433231475054,-56.27492898993478,-42.93464128017161,-13.340287709763167,5304.082590437375,4876.667409562625,15.261510078538622,0,5139.25,5169.25,163.96428571428572
2026-05-21,5020.0,5039.5,4955.5,4969.5,335986,5038.833333333333,5089.363636363636,5188.92,5370.889692382812,5032.492420300632,5091.868282559437,41.93405502338732,-59.83425890168019,-46.31456480447333,-13.51969409720686,5306.312476068073,4868.187523931927,15.372882088100129,0,5081.75,5169.25,169.96428571428572
2026-05-22,4970.0,5014.5,4950.0,4966.0,284550,5009.666666666667,5079.227272727273,5178.64,5374.869592285157,5019.1939362405055,5080.425711417669,41.7721134898065,-62.220238075821726,-49.495699458743005,-12.72453861707872,5306.002241467009,4868.947758532991,15.511448715587417,0,5075.0,5169.25,158.07142857142858
2026-05-25,5026.0,5065.5,4948.0,4979.0,445788,4998.166666666667,5076.818181818182,5163.99,5378.868388671875,5011.155148992405,5071.205192197881,42.65789178507544,-62.34349539942741,-52.06525864687989,-10.27823675254752,5307.371031954193,4861.178968045806,15.172687488544913,0,5009.75,5169.25,158.10714285714286
2026-05-26,4979.0,5029.0,4953.0,4983.0,413024,4996.833333333333,5077.795454545455,5152.15,5382.637551269531,5005.524119193924,5063.18653836171,42.94548942253997,-61.41050902448114,-53.93430872240015,-7.476200302080997,5307.61962462439,4852.430375375609,14.858123492005449,0,5009.75,5169.25,139.89285714285714
2026-05-27,4993.0,5102.0,4980.0,5075.0,460843,4996.611111111111,5079.25,5145.76,5385.766655273437,5019.419295355139,5064.260489419736,49.25011423079097,-52.64067059368881,-53.67558109665788,1.034910502969069,5305.069799739376,4851.030200260624,13.895451226874368,0,5020.75,5169.25,128.0
2026-05-28,5075.0,5075.0,5075.0,5075.0,0,4997.777777777777,5079.568181818182,5143.14,5388.842302246094,5030.535436284112,5065.236808563395,49.25011423079097,-45.16982087618817,-51.97442905256394,6.804608176375773,5303.65715202689,4850.042847973111,13.001541266395508,0,5002.0,5169.25,118.46428571428572
2026-05-29,5115.0,5140.0,4875.5,4903.0,1648645,4991.777777777777,5069.954545454545,5135.63,5391.410576171875,5005.02834902729,5050.488007784905,39.73078416630055,-52.52263296787624,-52.08406983562641,-0.4385631322498255,5306.417345968099,4827.682654031902,13.663069837613158,0,5007.75,5167.0,124.78571428571428
2026-06-01,4915.5,4969.0,4761.0,4819.89990234375,856536,4970.933322482639,5057.268177379261,5124.927998046875,5392.652109375,4968.002659690582,5029.5254527448,36.10027586198729,-64.31390227761403,-54.53003632402394,-9.783865953590094,5318.379160214216,4791.06083002016,14.919955792719742,0,4950.5,5109.75,125.35714285714286
2026-06-02,4838.39990234375,4892.10009765625,4747.10009765625,4875.0,703263,4960.599989149306,5047.086359197443,5113.907998046875,5394.467822265625,4949.402127752466,5015.477684313454,40.0143003977641,-68.42370488927372,-57.3087700370739,-11.114934852199823,5317.099083041682,4768.940907192692,16.160245651401166,0,4943.550048828125,5102.800048828125,124.92857142857144
2026-06-03,4856.0,4873.7998046875,4815.0,4840.89990234375,571637,4946.311089409723,5036.831809303977,5107.27599609375,5396.297438964843,4927.701682670723,4999.606976861663,38.44483932560452,-73.58411410016834,-60.56383884969279,-13.020275250475542,5307.963812708651,4745.166167760099,17.311943377319633,0,4943.550048828125,5102.800048828125,114.14285714285714
2026-06-04,4850.39990234375,4980.0,4850.39990234375,4882.2998046875,783946,4937.011067708333,5026.527254971591,5099.4119921875,5397.926989746094,4918.621307074079,4988.942688482193,41.44751896732792,-73.48604803455692,-63.14828068666562,-10.337767347891294,5248.993776484856,4758.066184452645,17.279061582951368,0,4943.550048828125,5102.800048828125,117.25714983258928
2026-06-05,4898.0,4904.5,4791.10009765625,4835.0,654540,4921.011067708333,5011.299982244318,5094.8119921875,5398.714348144531,4901.897045659263,4974.947898620176,39.10072963256155,-76.34497159885359,-65.78761886910323,-10.557352729750365,5185.051687050188,4773.308273887312,17.637860072032076,0,4943.550048828125,5102.800048828125,115.32142857142856
2026-06-08,4795.0,4836.60009765625,4760.60009765625,4775.5,296366,4897.955512152777,4985.504527698864,5085.2619921875,5399.5014135742185,4876.617636527411,4956.816271472887,36.31520878056112,-82.46127955835982,-69.12235100695455,-13.338928551405274,5145.924928584428,4767.135032353072,18.165483631621026,0,4943.550048828125,5102.800048828125,113.07142857142856
