Date,Open,High,Low,Close,Volume,SMA_9,SMA_22,SMA_50,SMA_200,EMA_9,EMA_21,RSI_14,MACD_Line,MACD_Signal,MACD_Hist,BB_Upper,BB_Lower,ADX_14,ST_Direction,Ichi_Tenkan,Ichi_Kijun,ATR_14
2025-02-19,719.2130736498367,760.2144896526779,683.0353536473299,735.661865234375,18950189,,,,,735.661865234375,735.661865234375,,0.0,0.0,0.0,,,,0,,,
2025-02-20,723.2650295227598,778.2551669264293,719.4542976980086,769.9583740234375,6156715,,,,,742.5211669921875,738.7797296697443,,2.735903835024942,0.5471807670049884,2.1887230680199536,,,,0,,,
2025-02-21,772.8525242724781,794.9450747826248,747.6728555297746,788.5778198242188,3183388,,,,,751.7324975585939,743.3068287746964,,6.333551760134924,1.7044549656309758,4.629096794503948,,,,0,,,
2025-02-24,780.136357996606,810.863277189984,769.3794926341609,776.7114868164062,2340220,,,,,756.7282954101563,746.3436158693974,,8.133442495593613,2.990252471623504,5.143190023970109,,,,0,,,
2025-02-25,776.711518663831,799.4311742899389,760.0697672003558,793.7874145507812,2093802,,,,,764.1401192382813,750.6566884767959,,10.813106765768223,4.554823330452448,6.258283435315777,,,,0,,,
2025-02-27,800.7335058503226,817.134071632799,756.7896487215235,797.453369140625,1028455,,,,,770.80276921875,754.9109321735076,,13.081773363348134,6.260213337031586,6.821560026316548,,,,0,,,
2025-02-28,789.0602176547361,797.4534016140876,765.2311475650059,779.9434204101562,1227827,,,,,772.6308994570312,757.1866129222939,,13.313333638071526,7.670837397239574,5.642496240831952,,,,0,,,
2025-03-03,774.6855811707654,788.1919300330204,762.385156314069,781.1975708007812,1226156,,,,,774.3442337257814,759.3694272748836,,13.443082788881156,8.825286475567891,4.617796313313265,,,,0,,,
2025-03-04,770.8266050801909,780.3775465186175,765.2793547933185,772.9008178710938,728757,777.3546820746528,,,,774.0555505548439,760.5995536927209,,12.729691345251013,9.606167449504516,3.123523895746496,,,,0,750.0847126400645,,
2025-03-05,777.6762499098994,787.9989711841505,769.8618858994615,772.756103515625,1277701,781.4762641059028,,,,773.7956611470001,761.7046945857122,,12.014154552281298,10.087764870059871,1.9263896822214248,,,,0,768.2941846654038,,
2025-03-06,781.390486507562,798.7075660308396,776.7114662991306,790.362548828125,1495937,783.743394639757,,,,777.1090386832252,764.3099540622952,,12.721138120583872,10.614439520164677,2.1066986004191985,,,,0,782.4034635812868,,
2025-03-07,797.8393246291124,797.8393246291124,731.851139280708,754.1848754882812,2085354,779.9219563802084,,,,772.5242060442365,763.3894923737485,,10.244104147037431,10.540372445539226,-0.2962682985017935,,,,0,774.4926054567535,,
2025-03-10,752.5447710672979,772.0325139040192,740.9196759491243,751.4835815429688,665402,777.1188557942709,,,,768.3160811439831,762.3071368436775,,7.971178250222124,10.026533606475809,-2.055355356253683,,,,0,774.4926054567535,,
2025-03-11,742.8491954349187,773.3832151381418,738.0254993606659,771.0195922851562,704708,774.589097764757,,,,768.8567833722177,763.0991782474483,54.84883732263629,7.657984421607239,9.552823769502094,-1.8948393478948555,,,,0,774.4926054567535,,41.066883549962526
2025-03-12,771.0195214594053,775.1196627458817,735.6135837501732,741.5467529296875,757600,768.3772515190972,,,,763.3947772837117,761.1398668549245,43.61125135839896,4.974224471440266,8.63710390988973,-3.662879438449464,,,,0,765.2793526557739,,38.37595090641684
2025-03-13,751.5318523572502,751.5318523572502,726.4486326380095,732.1888427734375,343761,763.0711873372396,,,,757.153590381657,758.5079555747893,40.756034495195216,2.068377267575101,7.323358581426804,-5.254981313851703,,,,0,762.5780993344246,,35.96754737004684
2025-03-17,730.3075551087326,730.3075551087326,694.4192460401302,725.6768188476562,3446456,756.9022148980034,,,,750.8582360748569,755.5233067814136,38.84990537313897,-0.7513325901317103,5.708420347115101,-6.459752937246812,,,,0,746.563406035485,,35.28878861865091
2025-03-18,725.6768188476562,725.6768188476562,725.6768188476562,725.6768188476562,0,751.6551038953993,,,,745.8219526294168,752.8099896965265,38.84990537313897,-2.9519447853136853,3.976347320629345,-6.928292105943029,,,,0,746.563406035485,,32.325661150377826
2025-03-19,709.2763012635137,715.8365163211214,697.120551505613,710.14453125,3273807,744.6982625325521,,,,738.6864683535334,748.9313116559332,34.39948405858988,-5.881473637929616,2.004783128917553,-7.886256766847169,,,,0,746.563406035485,,31.553865454124985
2025-03-20,717.7659558245304,721.5766873934798,702.8124984115193,706.6232299804688,1253141,735.3938937717014,,,,732.2738206789205,745.0851224127091,33.463570199352475,-8.390564736119018,-0.0742864440897612,-8.316278292029256,815.902457493478,701.8831260026158,,0,746.1292853346213,,28.5838487448882
2025-03-21,706.0443378486527,718.7306814844327,689.595546780543,702.908935546875,2575480,729.6965671115452,,,,726.4008436525114,741.2509236067242,32.4603528961122,-10.55705487058708,-2.170840129389225,-8.386214741197856,818.7776921503157,695.7325983770281,,0,732.3576047632123,,28.363340220231628
2025-03-24,706.1891029272317,713.9070166204256,694.4674979524902,707.3468017578125,1202986,724.79248046875,754.0050714666194,,,722.5900352735716,738.1687307113687,34.968923034155125,-11.780121291071625,-4.0926963617257055,-7.687424929345918,819.1950923003811,689.0540410004002,,0,732.3576047632123,,27.908536288016197
2025-03-25,706.1890874191811,711.0127833714979,695.8663663046216,699.4359130859375,1357784,716.8387383355034,752.358437278054,,,717.9592108360448,734.647565472693,32.641510046127024,-13.235185858824934,-5.921194261145551,-7.313991597679383,816.9748282466644,682.3601143802887,,0,732.3576047632123,,27.85340779226002
2025-03-26,699.4359282326761,704.2596242894532,689.7885361191219,695.962890625,515076,711.7738647460938,748.9950062144886,,,713.5599467938359,731.1307768501755,31.645707997643346,-14.50141560698205,-7.637238530312851,-6.864177076669199,815.736153311025,675.5239296967875,,0,720.5636995688966,,27.591550855520182
2025-03-27,693.74398216823,700.4007066524289,684.4825087739646,686.4119873046875,567501,706.6875474717882,744.3511047363281,,,708.1303548960063,727.0654323460402,29.023461458586095,-16.090113075027716,-9.327813439255824,-6.762299635771891,811.2791167954863,669.2434234877169,,0,707.3950319413486,,26.874889095752305
2025-03-28,690.6568385170818,698.278243106559,673.3879827417053,676.041015625,478671,701.1724582248264,739.7751742276279,,,701.7124870418052,722.4268490077637,26.459561744963462,-17.978769936690696,-11.0580047387428,-6.9207651979478975,805.3806074105241,663.0006975211165,,0,699.5324007946808,745.2610271872521,23.939323025498684
2025-04-01,670.4937795237138,684.8684179185057,659.3992781359113,677.6328735351562,656700,695.834242078993,734.4954223632812,,,696.8965643404754,718.3546694193449,27.517966376381978,-19.126614767819436,-12.671726744558129,-6.454888023261306,801.1206373265038,657.0296129176368,30.066005191940057,0,690.4879827646955,738.2666748843551,23.536201727477216
2025-04-02,680.1411720348464,682.9389394162791,660.8463870125812,677.6328735351562,1310123,692.2218356662327,729.0490361993963,,,693.0438261794116,714.6526879753277,27.51796637638199,-19.80795627633552,-14.098972650913606,-5.708983625421912,795.0504140693143,652.7433664482638,32.49944480611862,0,690.4879827646955,738.2666748843551,22.58869005792164
2025-04-03,677.246885211771,681.8293961872067,656.1190742139282,659.5439453125,324364,686.9908040364584,723.5763327858665,,,686.3438500060292,709.6428022787069,23.130715348269845,-21.559030578247075,-15.5909842363803,-5.968046341866774,790.9879727819379,645.4701204797808,34.872984611145895,0,687.4248778491805,736.6265729233636,21.60327884203379
2025-04-04,656.0709264852023,656.1191516719307,622.3532773403916,632.434814453125,1073767,679.1603461371528,716.8143893155185,,,675.5620428954485,702.623894294563,18.39692665905288,-24.847819680170574,-17.442351325138354,-7.40546835503222,788.7389214345852,633.6870429208835,37.70088660349599,0,668.1301469804087,719.7436744865953,22.468096574381484
2025-04-07,569.678550293778,640.1527435958552,569.4855906593282,632.33837890625,1557796,670.8260769314236,710.4251875443892,,,666.9173100976088,696.2343019865345,18.38251443661852,-27.14903312638376,-19.38368768538744,-7.76534544099632,779.0631060655246,627.5604412977566,40.875055428417575,0,640.2491870154131,693.3098311460635,24.81792201746861
2025-04-08,647.2917319601959,656.070834502338,636.8725611181472,644.4457397460938,2018750,664.7160576714409,704.5928982821378,,,662.4229960273059,691.5262508737673,26.199543867532057,-27.676758088456268,-21.0423017660012,-6.6344563224550654,773.957331932298,621.6923018567646,42.667115022734535,0,636.8726074743906,684.0965783450839,26.513097417189183
2025-04-09,641.5997493703021,641.5997493703021,598.3794479383001,611.9340209960938,1389775,655.3795166015625,696.4825106534091,,,652.3252010210635,684.2905936121605,20.51695159440133,-30.36834058764748,-22.907509530330454,-7.460831057317023,771.7059172584482,609.9887604759269,44.78782121278864,0,634.9431486558785,684.0965783450839,27.763813450457064
2025-04-11,640.5868309160944,640.5868309160944,607.7856980077402,609.522216796875,1676178,646.8362087673611,689.9069352583451,,,643.7646041762259,677.4934684471345,20.167496356570524,-32.323446976551054,-24.79069701957458,-7.532749956976474,762.1624286512053,603.3825115343416,46.75704838926744,0,633.8819168829436,684.0965783450839,28.766452302342334
2025-04-15,621.1080619409616,626.2194613653601,614.3415308181841,620.913330078125,3129024,640.7109103732639,683.971923828125,,,639.1943493566058,672.3498195044973,26.53228599440156,-32.57817431890794,-26.348192479441256,-6.229981839466685,755.658013354691,597.8235845456996,48.58561648171205,0,627.1770042889169,684.0965783450839,27.87803157838486
2025-04-16,618.235965811403,623.1039655422014,607.3803026421925,613.6600341796875,1297564,633.6028171115452,676.8192166415128,,,634.0874863212222,667.0143844749691,25.15692781088444,-32.98509627625481,-27.67557323880397,-5.3095230374508375,750.0008743335048,591.6278427075107,50.36393281416393,0,626.2122650378037,684.0965783450839,27.61261330924726
2025-04-17,616.1913908190951,661.5611216782754,612.0048637756723,650.4133911132812,1170454,630.5784301757812,672.6767911044034,,,637.352667279634,665.5052032602702,41.6596763102393,-29.99611952133955,-28.13968249531109,-1.8564370260284624,742.3162990650867,591.7860752024915,49.59966933791599,0,625.6574934232674,683.6624576442202,30.070459083227743
2025-04-21,645.4967326228066,663.4596626325947,637.3184697069255,660.0520629882812,523453,630.6348876953125,669.3978465687145,,,641.8925464213635,665.0094632355439,45.079798808719424,-26.543595594880685,-27.82046511522501,1.2768695203443272,733.8145497450893,593.7253489365513,48.78766734139428,0,616.4726266459614,672.3026267026049,30.904037994323307
2025-04-22,662.0479286024129,662.0479286024129,640.0445947448613,647.0057983398438,1063898,632.2538859049479,665.8218910910866,,,642.9151968050595,663.3727664268438,41.53086819379456,-24.576863253001875,-27.171744742780387,2.594881489778512,727.476233093183,593.7497922974419,48.03366548748126,0,616.4726266459614,672.3026267026049,31.33869056425811
2025-04-23,652.3119163011438,652.3605844101336,623.2986519086331,647.6873168945312,8658353,633.9593234592014,662.276913729581,,,643.869620822954,661.9468164693608,41.78867785394964,-22.701531724341063,-26.27770213909253,3.5761704147514592,721.098302686126,594.2341313959054,47.752510101529126,0,630.9195552854474,672.3026267026049,31.63666714544716
2025-04-24,653.2368855427509,672.2707523076822,651.2896856808893,669.0092163085938,935084,636.6885986328125,660.4071266867898,,,648.897539920082,662.588852818382,49.31804975343095,-19.272655710458253,-24.876692853365675,5.604037142907423,716.0353031503981,595.907159007805,46.37558365855722,0,635.3251001229912,660.5087215082892,31.573402547629776
2025-04-25,671.2970875617474,695.539747270778,666.1370203107934,686.2418212890625,1642445,644.9450208875868,659.4806990189986,,,656.366396193878,664.7391226793529,54.44646407705443,-14.991902245749657,-22.89973473184247,7.907832486092815,711.83906763159,597.9928964797381,43.9951928353385,0,651.4600249564853,649.8965728840303,32.09555787307882
2025-04-28,691.2559476448987,695.5884792015223,663.31361787646,683.3698120117188,572597,653.1503092447916,658.5925570401279,,,661.7670793574462,666.432821709568,53.47527804723057,-11.696293835458505,-20.65904655256568,8.962752717107172,708.7999585784747,599.4253954254315,41.88076487250147,0,651.4843909218574,647.5812047534922,32.56445354106338
2025-04-29,689.1140020031221,714.135531487376,665.6015999131482,708.9754638671875,1896688,662.9349907769097,658.6665871360085,,,671.2087562593945,670.3003346329879,60.278211490732815,-6.938357253905565,-17.914908692833656,10.976551438928093,711.8059264586517,597.7206848694733,39.112442496118746,0,660.7579170647844,645.5311390264039,33.37468665550049
2025-04-30,708.9754715985948,711.117403301226,664.4819434972386,681.0331420898438,1167076,670.4208916558159,657.830097545277,,,673.1736334254844,671.2760444017929,51.438951988378,-5.36057668644969,-15.404042291556864,10.043465605107174,710.9564726285214,598.0322541781193,36.58589185439249,0,663.0701976315243,645.5311390264039,31.65813714603337
2025-05-02,686.0958385750671,689.3573743619638,671.6865724195069,682.1527709960938,536264,673.9474894205729,657.2023648348721,,,674.9694609396063,672.2648377285475,51.74430373509792,-3.974019500776876,-13.118037733400868,9.144018232623992,711.8165102756693,597.7833920680807,34.239809115646686,0,668.7170916980047,644.1081360718804,31.22516188505972
2025-05-05,691.2559682487722,695.9292361493509,674.3153052573707,679.2807006835938,478341,676.0840047200521,656.8782154430043,,,675.8317088884038,672.9026434517334,50.860814389491125,-3.071508573958795,-11.108731901512456,8.03722332755366,712.0424078002728,597.722277258321,31.834581299016264,0,668.7170916980047,641.8105610733521,29.47856467678733
2025-05-06,683.369817590522,688.0917535019039,659.27321921886,664.0438232421875,576350,677.9771185980903,656.3328885165128,,,673.4741317591606,672.0972961599565,46.34034415772933,-3.544887574495988,-9.59596303610916,6.051075461613173,710.5414530381489,597.864326991148,30.18713002208764,0,668.7170916980047,641.8105610733521,29.194093346408017
2025-05-07,658.153550176885,670.8103492187482,656.3524140827647,668.2302856445312,175287,680.2596706814236,655.905498157848,,,672.4253625362347,671.7457497494632,47.71536810820145,-3.541408165903817,-8.385052062068093,4.843643896164275,711.2822297194946,597.9921843430054,28.781457563899757,0,682.7126085841327,641.8105610733521,29.03414267265791
2025-05-08,670.3235385768469,690.5257367256771,667.1593388667892,676.2138061523438,459564,681.0601806640625,655.8409950949929,702.5946203613281,,673.1830512594565,672.1519366951796,50.32930186570428,-2.86146217090311,-7.280334083835097,4.418871912931987,713.2417231795554,600.4105900528665,26.934970391399347,0,685.2439727850704,641.8105610733521,29.58005231257784
2025-05-09,663.0215371582962,687.8483348051927,655.3300741177678,681.568603515625,736951,680.5409342447916,656.8421159224076,701.5127551269532,,674.8601617106902,673.0079973152201,52.060502025462014,-1.868968371812912,-6.19806094143066,4.329092569617749,715.5001564128213,603.0751792805381,25.337332210342243,0,684.732802802572,641.8105610733521,28.363052511493688
2025-05-12,699.0446932612773,734.8731559057823,691.4992944134013,729.4210205078125,1338493,685.6577351888021,661.2505798339844,700.7020080566406,,685.7723334701147,678.1364539690921,64.10163202931466,2.7472120954756747,-4.409006334049394,7.156218429525069,727.3562816182385,599.7165821512928,24.976932637111776,0,695.101615011775,652.1793732825552,30.303292473242838
2025-05-13,729.0802665548879,738.2807975603918,720.1231949499455,724.50439453125,666698,687.3831719292534,665.4399441805753,699.4205395507812,,693.5187456823418,682.3517212929246,62.36828491740195,5.940360963791136,-2.3391328744812885,8.279493838272424,733.6749285818382,604.6549725412087,24.74598130419904,0,696.8054358390798,653.8831941098599,30.028597384163884
2025-05-14,729.1776446486879,746.605046909442,711.8475786067576,739.5464477539062,917003,693.8846503363716,669.7627036354759,698.6772387695313,,702.7242860966547,687.5512418802865,65.44672238923923,9.574355223523185,0.0435647451196061,9.530790478403578,741.0690212601143,610.2633029586358,24.78712968674669,0,700.9675605136049,658.045318784385,30.43542136996274
2025-05-15,742.8080360339867,749.3311670770178,727.8632423081425,745.826171875,1013257,700.95947265625,675.848710493608,697.7180139160156,,711.3446632523239,692.8489627888968,66.6724605394057,12.813338915611098,2.597519579217905,10.215819336393192,749.1312874051843,614.6923209932532,24.909998329270355,0,702.3306205973928,659.408378868173,30.21288489537162
2025-05-16,749.6719309933424,763.5943978270255,734.4837961609284,750.5968627929688,1828975,708.8834906684028,682.2611944025213,696.7808837890625,,719.195103160453,698.098771880176,67.61242679028055,15.585551181607798,5.195125899695884,10.390425281911911,754.5884553763412,622.9288358834244,25.45500079165048,0,709.4622359723967,666.5399942431768,30.192018802951093
2025-05-19,747.6760604200724,747.6760604200724,718.7114631885789,724.893798828125,1775153,715.6445990668403,686.9875793457031,695.6798913574219,,720.3348422939874,700.5346834208985,58.10410021963062,15.529512370801626,7.262003193917033,8.267509176884595,757.6019128907311,627.3634191405189,25.11803613445799,0,709.4622359723967,680.9869228826628,30.16420010861734
2025-05-20,733.0233868546674,774.0119187842811,721.9243242497414,768.7544555664062,2702690,726.813951280382,694.0373257723721,695.4310290527344,,730.0187649484712,706.736480888672,66.70795316226916,18.80748862783014,9.571100280699651,9.236388347130486,769.467965092555,626.3676061965075,25.58658598909976,0,714.6709964510244,686.1956833612905,30.418033177211043
2025-05-21,769.1439506222642,784.8188858464287,754.5399515598161,768.94921875,997666,737.1178860134548,699.4253179376775,695.3519970703124,,737.804855708777,712.3921843306109,66.74061586196771,21.176909953505746,11.892262215260873,9.284647738244873,778.038008549817,629.9919047802612,26.30222466051085,0,720.0744799820982,696.0995942443105,29.249709925969984
2025-05-22,767.5374189574459,789.1026794319935,762.2800154150282,784.2346801757812,594519,748.5252278645834,705.0699823552912,695.5815686035156,,747.0908206021779,718.9233203165354,69.287358846083,24.011314924071712,14.31607275702304,9.695242167048672,788.1078954502008,633.5767542080024,27.076922253991555,0,740.3009869226973,698.241491037093,29.90341435986344
2025-05-23,779.3667161334707,799.0821140119251,770.9450532701825,774.1092529296875,1934906,753.4905870225695,710.847412109375,695.2565026855468,,752.4945070676799,723.9402232813674,65.69858243463312,25.15064297056381,16.482986799731194,8.667656170832615,795.6457154480706,636.5489378722418,28.050776997157374,0,755.4648463093413,703.2312083270588,30.36935220627504
2025-05-26,775.9591194656367,788.6645862622106,774.4500515070238,778.1497192382812,1424511,759.4511786566841,716.7775213068181,695.7357995605469,,757.6255495018003,728.8683592774504,66.4454550970773,26.07897829120111,18.40218509802518,7.676793193175932,803.5299613303208,637.8554817849136,28.955070687239928,0,755.4648463093413,705.5434888937987,29.3505521383807
2025-05-27,783.7478846826239,801.2726821040986,775.959085828635,798.44921875,701165,765.9959309895834,722.6611577814275,696.6751123046874,,765.7902833514403,735.1938919567731,69.9818222202805,28.12844349444481,20.347436777309102,7.781006717135703,814.2088695511575,638.684514237905,30.11955334160695,0,759.9920726463388,712.2856670063659,30.125956505486418
2025-05-28,802.1976188668131,803.2198868380249,787.9343571067676,797.1348876953125,976005,771.6968994140625,727.7017517089844,697.1974182128906,,772.0592042202147,740.8248915693675,69.47129896104886,29.308750865906404,22.139699595028567,7.169051270877837,823.634450125446,638.074876046429,31.25010574128971,0,760.965675013302,713.2592693733291,29.548751639227085
2025-05-29,795.4311397235651,801.8568754671024,788.6159402400094,789.97900390625,288967,776.0726928710938,732.5476240678267,698.1660632324218,,775.6431641574218,745.2934472363569,66.62166573070448,29.328650517172942,23.577489779457444,5.751160737715502,829.5570854302823,643.0468269232333,32.29990439813799,0,760.965675013302,713.2592693733291,28.17179982063195
2025-05-30,797.0376050334804,867.477536073023,792.5590097092244,834.8619384765625,8325209,788.2913750542534,738.269736550071,700.2195251464843,,787.48691902125,753.4360373491029,73.86330472242078,32.59041681346457,25.38007518625887,7.2103416272057,843.3296701434199,644.5451589581426,34.548317273216234,0,794.7009301613822,759.3836108769561,29.89994123324736
2025-06-02,831.4542692332232,831.4542692332232,782.7742768893577,791.6827392578125,811330,790.8389621310764,743.2992636940696,701.5396435546875,,788.3260830685625,756.9130102498947,60.30759543439655,31.33003643198685,26.57006743540447,4.759968996582384,846.2303904961125,652.8846424628719,36.047628574005806,0,811.0087438164196,761.4038050953955,32.3235168744444
2025-06-03,798.1571476234036,799.325479331795,774.0605512610871,791.147216796875,622383,793.305406358507,748.2535566850142,702.8490515136718,,788.890309814225,760.0252108450748,60.16013005628726,29.94280173244113,27.244614294811804,2.698187437629322,845.3567698593783,666.4686024550747,36.92850939087206,0,814.8787757440256,761.4038050953955,31.64547828644608
2025-06-04,788.6159628316778,802.7331621663191,783.4072268467024,793.581298828125,930464,794.3439195421007,753.4490384188565,704.5177868652344,,789.828507617005,763.0757642980793,60.63133618864689,28.708880215547083,27.537467478958863,1.17141273658822,842.8957694177745,681.464704215038,37.8165816544921,0,819.2112946716027,761.4038050953955,31.492479040070464
2025-06-05,794.5062310108093,808.720826001267,791.3906992715429,802.9765625,644372,797.5513983832466,759.7641629305753,706.444853515625,,792.458118593604,766.7031095891631,62.47617557833736,28.16444558536034,27.66286310023916,0.5015824851211796,840.2149720472202,696.8217772203581,38.76684702619956,0,820.769043667055,761.4038050953955,30.65101654461525
2025-06-06,810.3758369755049,810.3758369755049,795.9179025158462,799.7149658203125,234108,799.9475368923611,765.7407393022017,708.3809741210938,,793.9094880389457,769.7041874283585,61.400489158515526,27.15674754355382,27.56163998890209,-0.404892445348274,834.4817128092772,714.3696726887698,39.68496289207335,0,820.769043667055,761.4038050953955,29.40619760570588
2025-06-09,798.3519480669869,824.6391463569975,794.9930164007208,815.9254150390625,568872,801.8893364800347,772.0912669788707,710.5525463867187,,798.3126734389691,773.9061172111498,64.65749168206605,27.35090317447691,27.51949262601706,-0.1685894515401464,837.6077454715033,719.8940794796684,40.83722601717585,0,820.769043667055,761.4038050953955,27.803235850115662
2025-06-10,812.9559235776205,826.0508542313898,811.9823236691443,821.7183227539062,195933,804.6208292643229,778.461708762429,712.9981945800781,,802.9938033019565,778.2526813514004,65.76907289716758,27.65344050160388,27.546282201134424,0.1071583004694574,839.592034975027,727.6311827984105,41.93609379502833,0,820.769043667055,761.4038050953955,26.645349869803734
2025-06-11,819.7711097074284,826.0021727906477,808.1852472140063,822.7892456054688,751273,808.2664116753472,782.7057189941406,715.5347216796876,,806.9528917626591,782.301459919952,65.98208183230821,27.66076199105487,27.569178159118515,0.0915838319363544,842.3192761127154,733.2282214458783,42.668045716872086,0,820.769043667055,761.4038050953955,26.002082838352035
2025-06-12,826.4890040580931,828.4362039174135,790.9038790899529,794.7982788085938,414929,803.8148939344618,785.9008955522017,717.7024475097656,,804.5219691718461,783.437534364374,56.147536963104855,25.11837820564824,27.07901816842446,-1.96063996277622,841.1135705607422,739.331137691211,42.12543690580747,0,802.7574102471551,761.4038050953955,26.67317313018904
2025-06-13,788.4212175331604,812.323084114943,773.4278141493764,809.791748046875,446255,805.8270060221354,789.0938637473366,720.3774621582031,,805.5759249468518,785.833371971874,59.6194541268747,24.036292977336075,26.470473130206784,-2.434180152870709,841.1726247926813,745.1915719846625,40.56902459513714,0,800.9320090333949,761.4038050953955,28.41174003254928
2025-06-16,803.317248415996,816.8016425962489,793.5325813703707,813.39404296875,417848,808.2988755967882,792.1651306152344,723.092685546875,,807.1395485512315,788.3388875170446,60.430046878069135,23.201950094479457,25.81676852306132,-2.614818428581863,834.0063490282389,761.2078721631674,39.29010432928017,0,800.9320090333949,779.4884152432121,28.26570181472175
2025-06-17,805.2644697824425,820.160596092321,804.290869862781,810.0838012695312,234834,810.1324869791666,794.869082364169,725.7417041015625,,807.7283990948915,790.3156978581796,59.25296748069932,22.019788098064623,25.057372438061986,-3.037584339997359,833.7974482723245,765.5497074893943,38.22993789067258,0,800.9320090333949,789.6625573398903,28.30743013602766
2025-06-18,812.9072377967556,822.8866366417138,808.5260383038471,817.5805053710938,659057,811.7551472981771,799.0821144797585,728.9024353027344,,809.6988203501321,792.79431672299,61.10090657972924,21.44068272324239,24.334034495098063,-2.8933517718556736,833.8591464386884,770.3511379851398,37.352130139748574,0,800.9320090333949,789.6625573398903,28.38740607251149
2025-06-19,817.5805064214655,818.8461743918343,794.5061771777389,802.4410400390625,320038,812.0580444335938,800.6133228648793,732.3025598144532,,808.2472642879183,793.6712915699056,55.61545926428398,19.53492278516285,23.37421215311102,-3.839289367948172,833.6360262662399,772.3948941439164,35.64965966696863,0,800.9320090333949,793.094499630801,24.590367861605955
2025-06-20,806.1406796328672,819.5763457419845,795.479749339915,800.54248046875,432034,810.3488294813368,802.0493802157315,735.6666418457031,,806.7063075240847,794.2959451061643,54.949228978611,17.667733776384125,22.23291647776564,-4.5651827013815165,831.8260728433547,776.8481703207078,34.10278282299803,0,800.9320090333949,793.094499630801,22.59100606266772
2025-06-23,800.5425351987298,818.0673337801553,800.0070671268397,813.7348022460938,313358,809.4617716471354,803.3902948552912,739.0524230957031,,808.1120064684865,796.0631139370669,58.65543032870298,17.055873654577795,21.19750791312807,-4.141634258550276,830.9464214139273,781.2863300509164,32.66639718216818,0,800.9320090333949,793.094499630801,22.076387389996835
2025-06-24,814.903146990327,833.2068139149027,812.1284109403555,815.9254150390625,638210,808.6991238064236,805.2910294966264,743.1322509765625,,809.6746881826017,797.8687776736119,59.25485105930748,16.556876874201862,20.26938170534283,-3.712504831140969,831.914002668915,782.0663684248349,32.050450607449115,0,803.3173140321396,794.7009301613822,22.201563651063307
2025-06-25,817.7266145382246,835.7382134538345,815.0492146994176,824.0062866210938,477763,811.9444580078125,807.3754189231179,747.4219323730468,,812.5410078703002,800.2449148506557,61.473797186048,16.621870555674036,19.539879475409077,-2.918008919735037,833.9092426498964,782.7582683364317,31.59030341438445,0,804.5830138016055,811.0087438164196,22.441483081398506
2025-06-26,824.6391395524888,835.3487387674562,817.823940052055,831.9898071289062,496706,814.4109090169271,808.8999911221591,751.6434619140625,,816.4307677220215,803.1308141486785,63.58381544440669,17.120230539722115,19.05594968827168,-1.9357191485495664,836.5573559429015,784.3112353656923,31.16302387796727,0,814.6353974121026,814.8787757440256,22.660544813951542
2025-06-27,837.2958766440245,857.0599418474859,824.7851422567201,847.1292114257812,1586719,818.1592610677084,811.172460382635,756.3128454589844,,822.5704564627736,807.1306684465969,67.24716172510642,18.523282943616096,18.94941633934057,-0.4261333957244702,840.0077066804754,782.0876119230402,31.670172975489667,0,825.7830595126125,819.2112946716027,22.84830693070077
2025-06-30,857.0599954949962,857.0599954949962,826.3915980935848,828.0953979492188,285114,820.1605495876736,812.9050237482244,759.8664855957031,,823.6754447600626,809.0365529468353,59.18589230252668,17.89308209447836,18.738149490368123,-0.8450673958897639,841.2754144488199,784.4611700238363,32.14109913363545,0,825.7830863363675,820.4526751111997,24.034011704926904
2025-07-01,832.3792549674708,832.8173868117502,815.3899246526306,825.3693237304688,439619,821.0259738498264,812.4735412597656,763.1728308105469,,824.014220554144,810.521350290802,58.11143872795764,16.97796061295196,18.38611171488489,-1.4081511019329298,841.5647536660109,787.5940415000047,31.68081440871326,0,825.7830863363675,820.4526751111997,24.00619288938963
2025-07-02,824.6390831187866,859.5426144021613,820.7446836707641,851.9485473632812,1177394,826.5268079969618,815.2128961736506,767.2716857910157,,829.6010859159715,814.2874591155729,64.81773259033076,18.18778400852796,18.346446173613504,-0.1586621650855484,847.3894637445665,787.6060562749649,32.27289038741581,0,827.5111818710382,820.4526751111997,24.096593311099387
2025-07-03,853.6037558811654,868.451155113772,839.5838928362562,845.5228881835938,412070,831.5246310763889,817.6845176003196,771.2283972167969,,832.785446369496,817.127043576302,62.22411500032342,18.41579495074461,18.360315929039725,0.0554790217048868,851.1752849458082,788.0748676420824,33.09927614292361,0,834.2291111203058,820.9394846315743,23.380307047667195
2025-07-04,845.5715202034294,857.4494509672749,829.555789830068,843.3809204101562,408537,834.8186442057291,819.9481367631392,774.7158312988281,,834.9045411776281,819.5137596521068,61.34295108791967,18.21370016912158,18.330992777056096,-0.117292607934516,853.5998533998721,790.0168946470029,33.121442025258546,0,840.2897830270638,820.9394846315743,23.7106356127621
2025-07-07,842.163899463014,848.9790986494198,824.6877696645375,838.0747680664062,594505,837.2796834309896,821.5435097434304,777.752490234375,,835.5385865553837,821.2011240534068,59.10984547190084,17.424517459013828,18.149697713447644,-0.7251802544338162,855.3804716304594,790.45121171915,32.793908047938615,0,841.7501849065948,820.9394846315743,24.31217866671512
2025-07-08,837.2959662159171,865.4330288501451,834.813298200856,859.2019653320312,799294,841.1903143988716,824.2474642666904,781.2691333007813,,840.2712623107133,824.6557459878272,64.6308277227902,18.29300238300766,18.178358647359648,0.1146437356480127,861.0675229535871,788.5125246538348,33.088880053908724,0,841.9205398832013,820.9394846315743,25.473545260388143
2025-07-09,861.6845698930614,876.2399001186861,852.4353709473642,867.4288330078125,875938,845.1279839409722,826.5885287198154,784.4382006835938,,845.7027764501332,828.5442084441895,66.52613969744286,19.421246370153312,18.426936191918383,0.9943101782349296,867.9730671288429,786.0709392188134,33.70813870867816,0,845.8149123856583,824.8338571340313,25.435297543047188
2025-07-10,867.4288546352391,869.0352588378827,845.2794566077703,848.2002563476562,997329,845.2469889322916,827.7922529740767,787.78154296875,,846.2022724296379,830.3311218899591,58.61944737171466,18.54996991573762,18.45154293668223,0.0984269790553895,868.7150702422686,790.669133859294,33.758374427464695,0,845.8149123856583,824.8338571340313,25.410955102193107
2025-07-11,848.2003043475454,855.5996403377912,832.6227048532795,836.2250366210938,531155,846.1502821180555,828.4029707475142,790.86298828125,,844.2068252679292,830.8669323200622,54.291745302811954,16.70066206111926,18.10136676156964,-1.400704700450376,868.9749140083941,793.0526189505904,32.94238607705629,0,845.8149123856583,824.8338571340313,25.76214573299283
2025-07-14,837.2959492472811,842.894148907946,819.6250865488697,826.489013671875,670679,846.2746921115452,829.8434586958451,793.8071545410156,,840.6632629487183,830.4689397156816,50.995423382218966,14.284790406296906,17.33805149051509,-3.0532610842181853,868.7925638144188,794.544466214878,31.39487095230076,0,847.932493333778,824.8338571340313,25.91862140331634
2025-07-15,826.5863353374261,838.6589981625316,820.014535851528,823.908935546875,1477996,843.1591796875,830.4851490367543,797.0044567871093,,837.3123974683497,829.8725757003356,50.12685852283225,12.023405636492498,16.275122319710572,-4.251716683218074,868.287127486271,796.4324159707603,29.95789262217061,0,847.932493333778,824.8338571340313,25.772583085929675
2025-07-16,822.691924737262,839.4378550900512,816.1201253384731,834.7645874023438,879553,841.9638129340278,831.4565374200994,800.3351428222657,,836.8028354551485,830.3173040368818,53.70007305953121,10.980624490369904,15.21622275384244,-4.235598263472534,868.4737553534103,797.9641963067459,28.381510066964072,0,846.1800127285796,824.8338571340313,26.186363874228025
2025-07-17,851.8999320646619,858.7637996325326,834.375133462189,835.786865234375,867277,841.1200290256077,832.6248585094105,803.5266040039063,,836.5996414109939,830.8145368730175,54.034057516625126,10.120044621856096,14.196987127445173,-4.076942505589077,867.0290015489736,802.7435326307138,27.83860949101684,0,846.1800127285796,824.8338571340313,25.623068629912154
2025-07-18,841.0929732226307,855.3075079228499,836.3223099666798,839.0970458984375,1042544,841.2336154513889,833.6028830788352,806.6771728515625,,837.0991223084827,831.5674922389646,55.16193075325483,9.594532987283516,13.27649629941284,-3.6819633121293274,864.615548899326,809.0124418233303,27.334487527637265,0,846.1800127285796,824.8338571340313,24.826800436130977
2025-07-21,842.1639114188738,845.7175748146209,826.6836492775992,833.7422485351562,397604,838.4047580295139,835.0256652832031,808.7635974121093,,836.4277475538174,831.7651973568002,52.90061668972462,8.646304617971623,12.350457963124596,-3.7041533451529753,863.4768402941176,812.1518950574449,26.2202362146406,0,846.1800127285796,834.8862407445284,24.94154782026684
2025-07-22,834.5211477355538,844.6952187818622,833.4014841217034,837.1985473632812,767934,835.0458374023438,836.6918501420455,811.01748046875,,836.5819075157103,832.2591382664802,54.20554673298568,8.080573413284583,11.496481053156597,-3.415907639872014,862.3941892066484,815.361859377336,25.18557428114369,0,842.5776920881779,835.3730386482125,22.976962386606942
2025-07-23,839.2431080529618,846.2043710598207,835.3000403697279,838.3181762695312,430528,833.9478285047743,837.8092762340199,812.9929150390625,,836.9291612664746,832.8099599031212,54.64393095865038,7.63456553417609,10.724097949360496,-3.089532415184406,862.0515368369125,817.1357007119155,24.309409852619435,0,837.4419624855029,835.3730386482125,21.69389584464816
2025-07-24,839.2431089563963,841.5797724724392,801.8081811326837,804.7776489257812,599423,830.4536743164062,837.3025595925071,814.1719445800782,,830.498858798336,830.2615679960903,41.750144107993016,4.5225279429610055,9.483783948080598,-4.961256005119592,865.4282489336464,811.0377727948693,23.608653276254422,0,830.2859903826081,835.3730386482125,22.54231943054449
2025-07-25,775.9591778931127,775.9591778931127,712.7238478099063,719.8311157226562,2635653,818.602796766493,832.567324551669,813.5566296386719,,808.3653101832,820.2224359712326,25.40203519941332,-4.7435785500405245,6.638311448456374,-11.3818899984969,891.0602744000627,772.6759377581405,25.46322043758907,0,785.7438237212194,794.4818739642963,27.382496011329685
2025-07-28,718.0785555054845,729.2262856420526,688.4324282698522,719.2468872070312,1786959,806.9736802842882,827.442646373402,813.44369140625,,790.5416255879663,811.0428406290324,25.32857669130513,-11.995895842954267,2.9114699901742456,-14.907365833128514,904.183119115395,748.6682419685893,27.57256588687692,0,773.5981139511923,782.3361641942691,28.1092193486805
2025-07-29,723.579510996796,728.3501152047835,693.3005162165796,700.2617797851562,1372456,792.0289238823784,820.7668540261009,812.073837890625,,772.4856564274044,800.971835097771,23.00084765823503,-19.05568695404247,-1.4819613986690978,-17.57372555537337,916.254871951843,724.0857347376101,29.53124380407278,0,773.5981139511923,782.3361641942691,28.912438621314923
2025-07-30,699.4341814124084,699.4828495219123,686.5339829313838,693.3491821289062,1254289,776.2025146484375,814.6420260342685,810.5618371582032,,756.6583615677048,791.1879575551469,22.20082256734373,-24.921135791957227,-6.169796277326724,-18.7513395146305,922.426027727525,702.0546424384906,31.45792236466022,0,770.9207454271168,781.3869415250349,28.19615252300493
2025-07-31,691.9861673658544,691.9861673658544,678.6965042230652,685.4143676757812,751500,759.1266615125868,808.2804371226918,808.5854309082031,,742.4095627893201,781.5721766570227,21.285601774146883,-29.865548019724315,-10.908946625806244,-18.95660139391807,926.8078290108112,681.6619891044232,33.37183429323167,0,762.4504376414429,777.4682021708757,27.601562695957025
2025-08-01,691.0125215011705,695.4910572228788,670.8103237961344,676.116455078125,364366,741.6126844618055,800.2880692915483,806.6255749511719,,729.1509412470812,771.9852928771229,20.23303141608031,-34.14074096357456,-15.555305493359906,-18.58543547021465,929.5229455207898,662.2204260612414,35.27347518895169,0,758.5073474279775,773.5251119574102,27.7023963436476
2025-08-04,679.2319531665723,693.9332870031446,666.9645595098406,690.2822875976562,470975,725.2886555989584,793.2316783558239,804.8682263183593,,721.3772105171962,764.557746942626,26.21921206198336,-35.97114490989259,-19.638473376666443,-16.332671533226144,928.4997458560164,648.46437767914,37.10056518482128,0,756.5844652848307,771.6022298142634,28.29698671381192
2025-08-05,695.4424431836644,714.2816381625772,685.5117116549148,710.9713745117188,310854,711.1390109592014,787.2130626331676,803.1186694335937,,719.2960433161007,759.6862585398162,34.00851407159769,-35.34488300677049,-22.779755302687253,-12.565127704083237,921.01902485607,641.1220395970548,37.546035577137935,0,754.2721659911399,771.6022298142634,28.68642933924651
2025-08-06,715.4985503294896,720.1718177037922,695.539753493894,703.7179565429688,906692,699.91015625,781.1059348366477,801.2503308105469,,716.1804259614744,754.5982310855572,32.7048852700172,-35.03005151884838,-25.22981454591948,-9.8002369729289,910.7003569577024,635.0696198489384,37.62355197235383,0,721.4618687014766,771.6022298142634,28.703814913500405
2025-08-07,697.0975399236938,710.2411387909701,696.6594080766866,705.957275390625,441443,698.3686184353298,774.1402671120384,799.5698962402344,,714.1357958473046,750.1763260223817,33.55173788328581,-34.20555068412364,-27.024961773560317,-7.180588910563323,901.8938273334328,629.6518513775045,37.69553148219716,0,698.0954225759466,771.6022298142634,28.279606915343876
2025-08-08,705.9572310433867,711.6528258490445,690.6717608599726,700.3103637695312,599894,696.2645602756077,766.5439730557529,796.8788647460938,,711.37070943175,745.643056726668,32.44300949757533,-33.62023328556188,-28.34401607596063,-5.276217209601249,893.8537118495085,624.1004995762728,37.92571468598461,0,697.657337357312,771.6022298142634,28.418688304776037
2025-08-11,700.0183132451688,700.9919131245083,678.8911839787354,682.7855834960938,685560,694.3227606879341,759.0251242897727,794.7009216308594,,705.6536842446188,739.928740978434,29.21628816891597,-34.176502886443814,-29.51051343805727,-4.665989448386544,886.83604102863,616.7478273795732,38.44827587857411,0,693.5681886068164,771.6022298142634,29.190616482319903
2025-08-12,688.1890489678898,693.6412439308467,680.8870498937855,687.7509765625,413811,693.7007378472222,752.2763033780185,792.6329968261718,,702.0731427081951,735.1853078497127,31.301141846931287,-33.82675109965567,-30.37376097037695,-3.4529901292787173,878.4391413623424,611.5289311474231,38.93351127169293,0,693.5681886068164,771.6022298142634,29.32274957853193
2025-08-13,689.3574362210209,707.515099150459,689.3574362210209,704.9837036132812,540531,695.8751085069445,746.7533347389915,790.861044921875,,702.6552548892123,732.4397074645825,38.11386395187192,-31.79254852647273,-30.657518481596107,-1.135030044876622,866.060112264073,610.9298718667862,38.44139721443728,0,693.5681886068164,771.6022298142634,27.893644667689323
2025-08-14,710.7278891357165,720.4638876170277,692.4242238756152,698.3631591796875,247442,698.3469645182291,741.046708540483,788.7687768554688,,701.7968357473073,729.3418394386829,36.61170633445962,-30.364626425074903,-30.598940070291867,0.2343136452169645,851.7085804680852,611.5390330573053,37.19510880131112,0,693.7142235634342,767.9999091738616,23.321206283799143
2025-08-18,698.5092518108459,720.1718493275444,696.4646563909321,710.04638671875,497823,700.5429755316841,735.3776994185014,786.9754052734374,,703.4467459415959,727.5877073732345,41.0287024978297,-27.967853049922724,-30.07272266621804,2.1048696162953178,834.3105478906785,616.0319997167434,36.03784098912254,0,699.6775357978815,762.8641795711866,22.1007302526857
2025-08-19,710.0464366092077,736.8204354211977,707.2230323887841,730.686767578125,397035,702.7335747612847,730.6004222523082,785.2706323242187,,708.8947502689017,727.8694401191335,47.93160454129223,-24.124791071492496,-28.88313634727293,4.758345275780435,816.5813268236277,623.455672688091,34.00439779238495,0,707.8558096999666,762.8641795711866,21.71128768441496
2025-08-20,726.3055170087189,758.2395814750082,718.6140541180524,753.37158203125,619781,708.2506442599827,726.7038102583451,783.9036975097656,,717.7901166213713,730.1878166565986,54.267630385945566,-19.029303854849218,-26.912369848788188,7.88306599393897,797.0295879291386,634.6247150493771,32.05854922640616,0,718.5653827268718,762.8641795711866,23.561125577499485
2025-08-21,786.0358621401986,803.2199242899923,770.3122592765728,787.39892578125,890993,717.2997165256077,724.5972955877131,783.1958911132813,,731.7118784533471,735.3888265770213,61.7804912578107,-12.105822871953706,-23.95106045342129,11.845237581467586,780.2604453263064,646.3019326033811,31.793765445356325,0,741.0555541343638,762.8641795711866,26.075101602706717
2025-08-22,787.5936434382746,792.2669110287027,774.0119130787326,778.2957763671875,1084822,725.9647623697916,721.9198969060725,782.8658410644531,,741.0286580361152,739.2894583761273,58.98860283759821,-7.269662250328906,-20.614780812802817,13.34511856247391,772.0093158208476,651.9048748529806,31.547894791524342,0,741.0555541343638,762.8641795711866,25.61612049722283
2025-08-25,783.7479343738386,807.5037961542022,777.56559866104,803.5606689453125,1716241,739.3842163085938,720.340010209517,782.7412194824219,,753.5350602179547,745.1322957005987,63.86882164190055,-1.3823693382616966,-16.768298517894593,15.385929179632896,788.8483997771369,643.4387462189569,31.746315938142963,0,744.1954230239938,761.1360337163453,25.828225497212696
2025-08-26,803.6093516355915,806.9682236278392,764.5679614290472,772.9896240234375,842219,748.8551771375868,718.8950999866832,781.9331311035156,,757.4259729790513,747.6647800935839,55.29459564813702,0.8072197510804244,-13.253194864099587,14.060414615180012,795.8623371038984,641.7990825738359,31.247904560984683,0,748.4306161876116,756.5844652848307,26.80182090372196
2025-08-28,773.0383165940336,782.2388474861199,753.2255825012342,755.3187866210938,601677,754.4479641384548,720.5081759366122,780.8378308105468,,757.0045357074598,748.3605988688121,51.03013355427942,1.1038712419610874,-10.381781642887454,11.48565288484854,799.7478958083501,643.4192245529781,30.22654021811061,0,749.9640100149087,756.5844652848307,27.114763816221064
2025-08-29,759.6999654410077,774.5473634343667,730.3946331711845,737.7453002929688,731273,758.8237575954861,721.3490128950639,779.2411267089843,,753.1526886245616,747.3955717255535,47.13675416054533,-0.0781627812957594,-8.321057870569115,8.242895089273356,801.1084649247812,646.4982672529532,28.27897003204162,0,751.9842262725672,756.5844652848307,29.298406641142403
2025-09-01,733.8509359862978,735.944199573234,719.0035372814341,730.4920043945312,2054774,761.0954928927952,722.7231140136719,777.8021459960937,,748.6205517785556,745.8588837863697,45.590652731548566,-1.581977568836237,-6.97324181022254,5.391264241386303,801.2493457322644,650.8651501173449,26.491680150787506,0,757.3634142714932,754.2721659911399,29.13845649988974
2025-09-02,737.0151271541439,741.9317947834196,724.7964602465906,733.1207275390625,653923,761.3659328884548,724.5309115323154,776.4537109375,,745.520586930657,744.700869582069,46.27838828884212,-2.532453090920057,-6.085084066362044,3.5526309754419865,800.3573049352935,657.4576181604095,24.610566269118884,0,763.0589251361273,737.2341778320214,28.783785456393748
2025-09-03,735.8467790486304,739.6925104679102,723.3847124417996,729.7617797851562,721650,758.7426215277778,726.5467029918324,774.7742504882813,,742.3688255015569,743.3427705096224,45.48719928322649,-3.5162180291500817,-5.571310858919652,2.0550928297695705,799.9809446515194,661.7819276629336,22.901062017132315,0,763.2536667178181,737.2341778320214,29.037614312754418
2025-09-04,737.9887495732428,739.5464856972715,707.4176878926316,711.02001953125,913659,750.2560763888889,728.1332286487926,772.676142578125,,736.0990643074956,740.4043386024975,41.2496558706043,-5.741972368198503,-5.605443160775423,-0.1365292074230808,799.9804294462048,661.7873073702016,21.96666442690077,0,757.460742023417,737.2341778320214,29.92080539966019
2025-09-05,720.4639213469454,722.8979210812257,691.4019882891682,702.2089233398438,763158,741.8019816080729,728.6753484552556,770.2401953125,,729.3210361139652,736.9320281240745,39.39170596477762,-8.123240878525962,-6.109002704325531,-2.014238174200432,800.0330577787865,661.5837757173072,21.68153957050525,0,749.4528922216853,737.2341778320214,30.167681760420543
2025-09-08,703.7180238773586,715.5959550154411,700.9919559334933,706.0546875,507948,730.9679836697048,728.4518626819957,767.7214929199218,,724.6677663911722,734.1249971582495,40.6482694794354,-9.589549939328094,-6.805112151326044,-2.78443778800205,800.0305795467519,661.5959951602794,21.416780775280834,0,749.1851059585038,737.2341778320214,29.517453627944512
2025-09-09,715.5959243622274,739.643853705151,708.0018570496783,734.045654296875,835310,726.6408759223091,729.8303943980824,765.4598217773438,,726.5433439723129,734.1177841708518,48.94505942958751,-8.396187322948549,-7.123327185650545,-1.2728601372980035,800.2154402665805,664.7846634931851,20.024414384798536,0,736.820417887644,737.2341778320214,29.802579568854323
2025-09-10,737.0151586561806,767.5862207107886,736.0415587107959,759.0184936523438,1188080,727.0519544813368,732.2422679554332,764.0782836914062,,733.0383739083192,736.3814850328056,54.99034843222442,-5.373398232494878,-6.773341395019412,1.3999431625245338,800.7471440292816,671.876250746109,19.515847070831228,0,732.9746758617675,737.2341778320214,29.367939501494163
2025-09-11,762.3286714684822,762.3286714684822,732.0984084501853,734.1429443359375,411380,726.6516927083334,733.7801125266335,762.2537561035156,,733.2592879938428,736.1779813330902,48.792742461294985,-4.928255178519294,-6.404324151719388,1.4760689732000944,798.912394101448,678.3501974512865,18.86915968697469,0,729.4941044999784,743.1974900664688,27.96664812717664
2025-09-12,735.3112792314884,748.0654133672009,730.6866799910387,738.1834106445312,567770,727.5062934027778,736.2981955788352,759.9784533691407,,734.2441125239806,736.3602930886758,49.78273973379942,-4.201017522684538,-5.963662825912419,1.762645303227881,798.4625898235051,682.1199724323542,18.203403833080174,0,729.4941044999784,743.1974900664688,27.90405780047608
2025-09-15,739.741205287006,756.6331995066199,731.2708741216486,746.7998046875,630959,729.0261908637153,738.9822332208806,758.0039916992188,,736.7552509566844,737.3093395976598,51.91759015812403,-2.8960219139996752,-5.35013464352987,2.4541127295301948,797.467336552834,687.9588902538067,17.916553377599797,0,729.4941044999784,743.1974900664688,27.57720979274816
2025-09-16,748.990367036425,752.3492984678915,732.6825692372181,734.4837646484375,485866,729.5508558485243,740.323145086115,755.8260485839844,,736.3009536950351,737.0524691477304,48.728769426275726,-2.8230624867899223,-4.844720212181881,2.0216577253919583,796.6733961473742,691.1965684522352,17.65019224036802,0,729.4941044999784,743.1974900664688,25.953386009311117
2025-09-17,740.3253861585722,753.6149891110787,737.9887226340018,747.0918579101562,793434,733.558837890625,742.5380859375,754.0063903808593,,738.4591345380593,737.9651408534055,51.98037140895868,-1.727955068676124,-4.22136718348073,2.493412114804606,797.1351460280911,692.3753276047215,17.456246038634863,0,729.4941044999784,743.1974900664688,25.24752597200793
2025-09-18,752.5927275273273,762.3287265897766,742.856728464878,749.4285278320312,500827,738.8054606119791,744.328183260831,751.8109216308594,,740.6530131968537,739.0072669423714,52.58059406787783,-0.6638721112159374,-3.509868169027772,2.8459960578118344,796.8310147747429,692.2851534381477,17.64473774310609,0,734.289088322141,744.1954230239938,23.4846165335591
2025-09-19,754.5399557564409,781.8007541579639,739.9359566127679,761.1117553710938,7619777,744.9229125976562,745.7111372514205,749.684580078125,,744.7447616317017,741.016765890437,55.57087182910866,1.10937197094961,-2.586020141032296,3.6953921119819055,792.1976612561674,694.2897899157075,18.54682879638804,0,744.9013056038211,748.4306161876116,25.136261857392054
2025-09-22,749.6232636097625,749.6232636097625,704.2534720877048,707.6610717773438,2325468,741.9912923177084,743.6333867853338,746.8737963867187,,737.3280236608302,737.984430061974,42.39810555482652,-1.7778488436180169,-2.42438588154944,0.6465370379314233,788.2079653323239,691.2160153805668,17.515133037115945,0,743.0271131228344,749.4528922216853,27.973615339289196
2025-09-23,709.4622534294004,713.9894572744661,667.4027261957569,671.1510620117188,2167268,732.2282443576389,738.3493929776279,743.5723168945312,,724.092631331008,731.9086693301325,36.10283436738896,-6.932135459199685,-3.325935797079489,-3.606199662120196,781.0359185737652,685.1471014457661,17.328957572027644,0,724.6017401768604,737.4532611749796,30.13639627161766
2025-09-24,673.7311374436641,690.331004017591,662.2426703951407,685.2196044921875,3229757,726.7923177083334,734.1186578924006,740.7469287109375,,716.3180259632438,727.6642088903193,39.81138475281651,-9.76911861588053,-4.614572360839697,-5.154546255040833,777.333400233142,680.0726178332642,17.31897636650249,0,722.0217122765523,734.8732332746715,29.847791687175548
2025-09-25,681.9094397859225,683.2724440836871,650.3647771258566,663.605712890625,1635411,718.5059068467882,727.7570689808239,737.5408642578125,,705.7755633487202,721.8407092539834,36.32337764013574,-13.604682315218156,-6.41259435171539,-7.192087963502766,779.0662118704703,669.1684988228891,17.678215103462218,0,716.0827656419102,728.9342866400293,30.08771272819508
2025-09-26,662.0479506027876,671.7839498763581,633.8622208210367,646.5676879882812,1474682,707.3690049913195,722.0106173428622,733.7769262695313,,693.9339882766325,714.9977073207377,33.80876902338797,-17.81387315659299,-8.69285011269091,-9.12102304390208,784.0477266024722,655.0692228604186,18.48472826515927,0,707.8314874895002,720.6830084876194,31.75326486915034
2025-09-29,646.4703424026735,662.9728728171449,637.1238070049351,658.2022094726562,1671664,698.8932766384548,717.5962274724787,730.2252331542969,,686.7876325158372,709.8344802436394,37.0152842588728,-19.980555171376977,-10.950391124428124,-9.030164046948853,785.7382097891476,646.1497601815555,19.23363334387796,0,707.8314874895002,720.6830084876194,31.200400555368827
2025-09-30,655.7682350553755,655.7682350553755,645.6914993329148,652.7987670898438,958698,688.4162665473091,713.7350214177912,726.499267578125,,679.9898594306386,704.6494154114762,36.13964856355492,-21.881443262826792,-13.13660155210786,-8.744841710718934,786.6315933707887,637.2241805549926,19.929045202688176,0,707.8314874895002,720.6830084876194,29.69826796435654
2025-10-01,657.7641186861041,661.2204461329769,646.9571827438858,659.0298461914062,260424,678.3719685872396,710.4867414994674,723.00501953125,,675.7978567827921,700.5021818460152,37.96218526562968,-22.62431573363483,-15.034144388413257,-7.590171345221575,786.1737974228148,630.6087831435915,20.261676678331657,0,707.8314874895002,720.4152222244379,28.557767990841835
2025-10-03,651.3383244947865,663.4109868648163,647.3465887270526,651.1922607421875,462867,666.15869140625,706.7627202814275,719.2848937988281,,670.8767375746712,696.0194617456673,36.54923468001196,-23.57373185647191,-16.742061882024984,-6.831669974446925,787.2520324414561,623.5477722460439,20.441575542761804,0,691.7427422153996,708.0505341535783,28.463886902384804
2025-10-06,652.3119177846887,683.4184457488868,651.3383179073982,678.7451782226562,605570,662.945814344618,704.4437838467685,716.0934338378906,,672.4504257042684,694.4490723344845,44.3858900241002,-21.85097634906799,-17.763844775433586,-4.087131573634405,786.9395064508486,621.5139237249326,19.51439800133376,0,673.9258390477514,707.8314874895002,28.954162589651087
2025-10-07,682.2987723432203,686.3879036540081,667.0619701362566,674.8507690429688,284422,663.3568929036459,702.799727006392,713.4948962402344,,672.9304943720084,692.6674083988921,43.56684335506439,-20.56289027242656,-18.323653874832186,-2.239236397594375,786.4049569316178,618.9280813984603,18.50336694867512,0,662.0966124193138,707.8314874895002,28.929820038728103
2025-10-08,674.850778198249,690.3309805810578,669.739378846376,687.7509765625,663203,663.6381564670139,702.1425476074219,712.8532934570312,,675.8945908101068,692.2204600501292,47.05223170429414,-18.29029470914179,-18.316982041694104,0.0266873325523135,782.9902008872963,617.7133696693444,17.359853767868795,0,662.0966007010472,707.8314874895002,29.03413270101672
2025-10-09,691.255910073621,702.9391085537385,682.4448431046297,699.6288452148438,435817,667.6407267252604,701.8504638671875,712.4609326171875,,680.6414416910543,692.8939496105578,50.10769390092342,-15.353812427074786,-17.72434811877024,2.370535691695455,775.2764891026262,619.4881166102645,16.568690398936205,0,668.4006646873876,707.8314874895002,29.10715179560316
2025-10-10,706.6953516299807,715.3321276498696,701.1010565126514,703.309326171875,892280,673.9453531901041,700.4533580433239,712.5218835449218,,685.1750185872185,693.8408020252231,51.05029954012163,-12.584577828574425,-16.696394060731077,4.111816232156652,771.8695561010798,619.8116877954046,16.39044902214865,0,676.2279673274023,707.8314874895002,27.23847214487672
2025-10-13,698.6965667831585,701.4936844808989,685.7413723818948,694.525390625,620094,677.9812622070312,697.5218533602628,712.5454077148438,,687.0450929947748,693.9030373524755,48.68616976192089,-10.972248396695932,-15.551564927924048,4.579316531228116,767.0283179237142,620.287123970817,15.41124387577564,0,680.5118134913921,707.8314874895002,24.432020038204666
2025-10-14,696.2919514668436,710.964688086727,694.427166514643,707.5296020507812,461656,684.0624660915798,696.3121559836648,712.9877124023437,,691.1419948059761,695.1418159614124,52.21434484118883,-8.546614472834676,-14.150574836906172,5.603960364071497,761.0698503418463,622.318571289013,14.934282888691298,0,681.1446551968777,707.8314874895002,22.28564793058859
2025-10-15,703.5056391077948,730.201178027048,703.5056391077948,727.94384765625,1070826,691.7195773654514,695.8467213023793,714.0242602539063,,698.5023653760309,698.1238188427612,57.19045826506123,-4.920304889056069,-12.304520847336152,7.384215958280084,759.950784713318,622.7836452183226,15.271985898486012,0,688.7738833770502,707.8314874895002,22.18616259464594
2025-10-16,729.6613706234385,732.311306160912,705.9101919481343,707.5786743164062,318795,697.9847344292534,694.0639426491477,714.3701879882813,,700.317627164106,698.9833511585472,51.43606044117889,-3.6476795284301033,-10.573152583554943,6.92547305512484,753.335799073939,625.4473124983266,15.66560665894934,0,691.824812034155,707.8314874895002,21.582325940820706
2025-10-17,701.7390117091926,706.4009142345334,694.868839566585,701.984375,405691,700.5668674045139,692.5866976651279,714.1904479980469,,700.6509767312849,699.2561715077702,49.94927677143027,-3.055308270804744,-9.069583721004904,6.014275450200159,744.8097286721514,629.2289676169111,15.40243583394971,0,699.6866381485843,707.8314874895002,19.78147634757069
2025-10-20,698.8437400355702,709.3943619500063,696.0466223730028,707.6768188476562,125319,704.2142062717014,690.7951049804688,714.2696252441406,,702.0561451545592,700.0216849023053,51.4859631363907,-2.102283323042684,-7.67612364141246,5.573840318369776,731.7162341829003,636.9789684538184,15.28903797046432,0,701.025342503644,707.8314874895002,18.88852447362738
2025-10-21,708.1184969081188,708.3638602126607,702.4751409036535,704.6834106445312,23292,706.0955878363716,688.7612360174006,714.2441479492187,,702.5815982525536,700.4454781515985,50.60607112540991,-1.570444108685706,-6.454987734867109,4.884543626181404,731.2766468599635,637.120789663474,15.18373995437074,0,707.3780746327709,707.8314874895002,18.41552512857493
2025-10-23,704.6833773678296,720.3866281169735,688.9801266186857,716.4608154296875,514230,707.965806749132,686.7316478382457,714.5671569824219,,705.3574416879804,701.901417904152,53.94126353421581,-0.1963560905453505,-5.203261406002758,5.006905315457408,735.2290052680077,637.6994065972268,14.287449203349176,0,709.0263392714035,707.8314874895002,19.640042136374696
2025-10-24,716.4608413441974,717.6385971736124,707.2351572341219,711.7498779296875,106295,708.9036458333334,686.9175026633523,715.1464428710938,,706.6359289363219,702.7967324519279,52.41665260570533,0.5066449902260501,-4.061280126756997,4.567925116983047,737.8394332694675,637.742005939517,13.455179220257724,0,709.0263392714035,707.8314874895002,19.235687979355184
2025-10-27,711.6516540457934,726.2753299203122,707.922144061967,723.2328491210938,176363,712.0933634440104,689.2848566228694,715.8560803222656,,709.9553129732762,704.6545612400339,55.70321397576432,1.967676074586848,-2.855488886488228,4.823164961075076,741.8480991950336,639.6960536369976,13.15492876400939,0,710.6457163897988,707.8314874895002,18.244759468758463
2025-10-28,731.1826066060818,732.6057256733942,699.1381368653751,701.984375,177435,711.4772271050347,690.0468916459517,715.79609375,,708.3611253786211,704.4118170363945,48.9638287368555,1.3948999164963425,-2.0054111258913143,3.400311042387657,740.3566462952213,646.729175237982,12.33556049567598,0,710.7929261460399,707.8314874895002,19.25487770377757
2025-10-29,703.8000330582015,704.1926382812197,694.0346220944496,696.6354370117188,264020,707.9985148111979,691.548242742365,715.7615393066407,,706.0159877052406,703.7048733977877,47.40885175925391,0.5035514640384235,-1.5036186079053668,2.0071700719437904,739.2258638926438,651.7032803944657,11.63590057002771,0,710.7929261460399,691.7427422153996,18.50962159321245
2025-10-30,693.9855331837665,700.7575842194155,684.2201217743768,691.1884155273438,261517,706.1773749457466,693.5764576305043,715.3843798828125,,703.0504732696613,702.5670135913836,45.81328054307021,-0.6350571736954862,-1.3299063210633908,0.6948491473679046,736.3731676289358,658.3949415019235,11.537683141695984,0,708.4129237238856,683.2339732472154,18.22699280720745
2025-10-31,691.1884020643272,691.237462742701,670.5288246044825,674.6509399414062,248070,703.1403266059028,694.3241271972656,714.2636633300781,,697.3705666040103,700.0291887141129,41.27172915838405,-2.8391211710978723,-1.631749291070287,-1.2073718800275852,734.451296925342,661.8789215805174,12.128197140793077,0,701.5672751389384,683.2339732472154,18.584518214578363
2025-11-03,674.6509238970947,682.1099439269799,662.08827556844,679.6563110351562,275793,700.0269368489584,695.5449246493253,712.7893579101562,,693.8277154902395,698.1771089251168,43.10996319924543,-4.1343084188936245,-2.1322611166349548,-2.00204730225867,729.8499158275341,669.3267077076222,13.054320582428169,0,697.3470006209171,683.2339732472154,18.759783540904056
2025-11-04,680.1470789188961,686.8209488093318,672.6389378526871,682.1099853515625,345147,697.5187784830729,696.5940218838779,710.6835791015625,,691.4841694625042,696.716461327521,44.03474106579208,-4.906206933448743,-2.6870502799977123,-2.219156653451031,729.5642579921372,669.9488462559096,13.573585182323283,0,697.3470006209171,683.2339732472154,18.59153278265838
2025-11-06,682.1099500131232,690.9430285025018,675.0434752409909,686.5264892578125,227581,694.1927422417534,698.2001231800426,708.848193359375,,690.4926334215659,695.7901002302747,45.74433393184954,-5.102745834855909,-3.170189390969352,-1.9325564438865577,728.5063580645601,672.1743182049711,13.757664663486416,0,697.3470006209171,684.8647663391646,17.820390949962498
2025-11-07,689.2745642473277,689.2745642473277,652.8626748125212,659.9782104492188,600927,688.4403347439236,697.3470791903409,705.9765441894531,,684.3897488270965,692.5344738865423,38.191886299873374,-7.316389769864941,-3.9994294667484698,-3.316960303116471,732.0395739743133,665.8638256838899,14.930917972134605,0,692.7342002429577,689.1486125031545,18.53544632296456
2025-11-10,661.5975400529162,686.8699584973086,638.9259963999816,660.8614501953125,720638,681.5101793077257,696.711201060902,703.7339807128906,,679.6840891007397,689.6551080964305,38.55535030216039,-8.896890653504215,-4.978921704099619,-3.917968949404596,734.2200025664257,659.8066575898243,16.527644844473997,0,685.765861036688,685.765861036688,21.052169704929263
2025-11-11,657.6717577776186,659.8309667733588,647.1702565811912,651.0960693359375,741102,675.8559231228298,695.04506891424,701.6495263671875,,673.9664851477793,686.1497409363857,36.03242348598893,-10.812790495239938,-6.145695462327684,-4.667095032912254,736.7248458854233,652.080488587233,18.010319797360573,0,671.5593173406007,685.765861036688,21.07670213615196
2025-11-12,654.6783102392536,684.8579945331768,649.4766205367026,683.4348754882812,442937,674.3891940646702,694.3089793812145,700.5633178710938,,675.8601632158798,685.902934986558,48.13581400627529,-9.610895116980032,-6.838735393258154,-2.7721597237218782,736.4532307359763,651.243052223008,17.672821446993996,0,669.8417903096986,685.765861036688,23.183320328113886
2025-11-13,683.434913351142,686.8209388791659,670.8723243443393,683.3367919921875,327973,673.5167914496528,693.4011369185014,699.6202136230469,,677.3554889711413,685.6696492597971,48.10608339856445,-8.567537648037728,-7.184495844214069,-1.3830418038236587,734.9809923804779,650.296009572647,17.241684037348815,0,665.0817295713414,685.765861036688,22.07918554500952
2025-11-14,683.3367783957707,683.3367783957707,670.4797656647721,675.9268188476562,225656,673.6585557725695,692.5557472922585,698.4763354492187,,677.0697549464443,684.783937404148,45.80438758939631,-8.243565549734512,-7.396309785318158,-0.8472557644163548,729.5444390871417,650.5308599851239,16.861060303423486,0,664.9345124512417,685.765861036688,22.25444171557557
2025-11-17,675.9268457469545,696.586424082545,673.1296681232955,695.310546875,300832,675.3979153103298,692.0003356933594,697.7873107910157,,680.7179133321554,685.7409019014982,52.24166808859653,-6.349517190765937,-7.186951266407714,0.8374340756417773,728.1576804976057,650.6908058305194,15.692454246314004,0,667.7562102412633,685.765861036688,22.61898243706874
2025-11-18,697.8132248684686,697.8132248684686,685.4959991949505,689.6671752929688,297783,676.2376030815972,690.2604869495739,697.36025390625,,682.5077657243181,686.0978358461773,50.365975851676005,-5.243400486542214,-6.798241110434615,1.5548406238924013,727.0900057596548,650.5267605977672,14.608069097184144,0,668.3696106342252,685.765861036688,21.108242213175817
2025-11-19,693.8383204065013,721.3680694434061,689.4217812058274,717.9329833984375,426604,679.7272135416666,690.7311373623935,697.6747351074218,,689.5928092591421,688.99194016911,58.418812291243576,-2.062208684374582,-5.851034625222608,3.788825940848026,728.919191111426,649.723191701074,14.82541292441382,0,680.1470329216938,685.765861036688,22.664547359662134
2025-11-20,721.3681093818683,724.0671057094875,704.1926782061095,711.5045166015625,206151,685.4523586697048,691.1638710715554,697.7837316894531,,693.9751507276262,691.0385380266057,56.186118801722856,-0.0591331572491071,-4.692654331627908,4.633521174378801,729.9292065714797,649.3952868367235,15.149676786257372,0,681.4965510547345,685.765861036688,22.902902006686368
2025-11-21,711.5044669499969,711.5044669499969,694.5744002581953,702.426025390625,322635,690.0706448025173,690.9251986416904,697.1513391113281,,695.665325660226,692.0737641506074,53.09966943974304,0.7866917677716856,-3.5967851117479896,4.383476879519675,727.7220868359518,650.198927568345,14.820035715706648,0,685.6186811453393,685.765861036688,22.63300759276841
2025-11-24,702.4260300911989,721.760669089822,700.757547758763,715.6265869140625,1751451,697.2407023111979,691.4226157448509,696.2835009765626,,699.6575779109933,694.2149298563761,56.81444074753682,2.493446212118897,-2.3787388469746125,4.87218505909351,728.4311155116964,649.877569791038,15.01431237539293,0,686.771863123095,685.765861036688,22.703111376519782
2025-11-25,721.2208554558074,721.2208554558074,705.7139069754048,712.9766845703125,304719,700.5231255425347,691.2642461603338,695.86017578125,,702.3213992428572,695.9205439212793,55.85798779384906,3.590843425002163,-1.1848223925792576,4.77566581758142,726.27846515545,651.0046036922063,15.194712130815905,0,697.2734356871298,685.765861036688,22.79774977107392
2025-11-26,712.7803567664582,744.4812818234283,711.946145542517,742.0276489257812,462856,707.0443318684896,692.6405084783381,695.937060546875,,710.262649179442,700.1120989216886,63.17681640928624,6.727162119577656,0.3975745098521251,6.329587609725531,734.9403791729313,646.347017067303,16.36812071997636,0,707.4805237441002,691.7036391117049,23.986005701031097
2025-11-27,745.9044068364611,748.7506449817013,729.0724610630373,732.1640625,370136,713.2929144965278,693.0464727228338,695.644345703125,,714.6429318435537,703.025913792444,59.56567494306069,8.320890246666181,1.9822376572149365,6.338652589451245,740.4231037217625,644.4171550673001,17.617204548487074,0,710.9401565524984,693.8383206908414,22.790741021306623
2025-11-28,735.5991858591685,744.9229914170899,728.3855286782474,742.7147216796875,610811,718.560045030382,694.897852117365,695.80896484375,,720.2572898107804,706.6339872367389,62.06356168386379,10.316360705338298,3.649062266839609,6.667298438498689,747.9922483454224,642.0006410588745,18.723273230420897,0,717.123322088326,693.8383206908414,20.54741963855773
2025-12-01,745.8553320442886,745.8553320442886,715.7737690871079,724.7540893554688,1232730,722.4585910373264,696.1759726784446,695.3622094726562,,721.1566497197182,708.2812692475326,55.74974273942432,10.329441127661312,4.9851380390039495,5.344303088657362,751.1803714549953,643.8228328907078,18.798577795285457,0,719.0862130937644,693.8383206908414,21.71816030591912
2025-12-02,724.7541285527959,731.2807564002012,715.6756864398667,721.3681030273438,463927,722.8402709960938,697.5477766557174,694.8010009765625,,721.1989403812433,709.4709814093336,54.62158968030267,9.951867721509302,5.97848397550502,3.9733837460042825,753.5869199550227,645.5874635898992,18.861336179766116,0,721.6625226199483,693.8383206908414,20.30556716048057
2025-12-03,719.4051851223952,745.9044211364534,717.5404001082946,744.1378173828125,384493,726.4661933051216,700.7062710848721,694.4615222167969,,725.7867157815573,712.6225119523772,60.42173617269939,11.35902397329096,7.054591975062208,4.304431998228751,759.5129544589269,645.86421228912,19.59984572019676,0,721.6625226199483,693.8383206908414,21.192381910004297
2025-12-04,742.3711830440878,792.7687780924847,736.0898589530963,773.9248657226562,2507604,734.4105088975695,704.9912053888494,695.7867980957031,,735.4143457697771,718.1954532042207,66.46112211980295,14.70822404982198,8.585318390014162,6.122905659807817,771.5716820581506,642.5453223363807,21.75403449704021,0,746.7631629256239,715.8473872462332,24.322517110859515
2025-12-05,779.273806420017,783.199619046818,737.4148053254916,740.7517700195312,586531,737.2021959092882,707.6567410555753,697.1788122558594,,736.481830619728,720.2460274601581,56.17959022999823,14.518339278195754,9.77192256765048,4.746416710545272,773.2713469453065,648.9230134062559,23.754352646966275,0,749.2413425339448,715.8473872462332,25.917378379579297
2025-12-08,738.1509388300453,748.1127129207188,726.9133474440156,739.9176025390625,938777,740.1956312391493,710.0836098410866,698.2727722167969,,737.1689850035949,722.0343524673312,55.9452185844817,14.137574723315195,10.645052998783424,3.4925217245317715,773.7306090565154,656.3693665294221,24.861213318949492,0,752.3574618175008,715.8473872462332,26.551816936949656
2025-12-09,736.089871808115,750.5172452761835,728.8762150256543,746.3460693359375,242095,740.6754557291666,714.0094216086648,699.9275793457032,,739.0044018700635,724.2445085462954,57.41948589568752,14.190955118833926,11.354233422793529,2.8367216960404,771.7069873297986,667.917988256139,25.96281370240701,0,754.2222322661758,715.8473872462332,25.81572708073184
2025-12-10,741.9785833331534,750.8607223831657,717.9820417725034,721.2208251953125,369142,739.4595404730903,716.7530295632102,701.4206420898438,,735.4476865351133,723.9696282416605,50.33024407876799,12.066764099901777,11.496739558215175,0.5700245416865979,770.6898600416453,672.7137105149955,26.21791960475393,0,754.2222322661758,715.8473872462332,26.744602302680715
2025-12-11,721.2208222198631,740.702703159635,716.2644958005268,733.881591796875,417512,738.4780815972222,720.5160078568892,702.9342297363281,734.8201718139649,735.1344675874657,724.8707158375892,53.4491515280611,11.274974579211744,11.45238656241449,-0.1774119832027469,769.9925722774107,678.4654782596987,26.33597643032712,0,754.2222322661758,715.8473872462332,27.280894518090783
2025-12-12,738.543529359926,750.7626336203314,734.6177165792752,747.7200927734375,243145,741.0298597547743,723.4380631880326,704.83265625,734.8804629516602,737.65159262466,726.9479319226662,56.65307741414576,11.630062929175097,11.487921835766612,0.1421410934084832,768.6236138837893,687.0137640458983,26.831687471327232,0,754.2222322661758,715.8473872462332,26.986460267547745
2025-12-15,747.3765756008713,762.0983728878222,746.6895464135176,754.9337768554688,332303,744.7593790690104,726.6924715909091,706.7507348632812,734.8053399658203,741.1080294708217,729.49209964383,58.26558563443689,12.35118030473086,11.660573529559464,0.6906067751713962,770.295756248515,691.3039446792194,27.68926971391263,0,754.5166369465057,715.8473872462332,26.97945155282645
2025-12-16,752.7745676619725,755.7189271182774,734.0778970950652,747.3275146484375,748360,745.1137898763021,729.9379577636719,708.6734399414063,734.5990884399414,742.351926506345,731.1135010078851,55.90409542766843,12.168636758468892,11.76218617534135,0.4064505831275422,768.7007041055276,698.6650307577536,27.58509286907056,0,754.5166369465057,719.969517336838,26.201301105847957
2025-12-17,743.9414850710183,759.4484328055897,738.5925534417914,750.8607177734375,275790,742.5511067708334,732.4629655317826,710.1157507324219,734.4698345947265,744.0536847597635,732.9087025320262,56.78036379956932,12.168795348907793,11.84350801005464,0.325287338853153,770.3254648205029,700.3330434802783,27.63645066077886,0,749.7320574236724,721.1226993145937,26.285422209071832
2025-12-18,743.5488913080045,762.5891066053558,735.4028420469036,741.7822875976562,354882,742.6656087239584,734.8318342729049,711.4543811035156,734.2098089599609,743.5994053273421,733.715392083447,53.820876491885855,11.306038614016645,11.73601413084704,-0.4299755168303978,770.0749488553776,703.6113365450132,27.45288739148771,0,739.4268012029413,731.6242718786284,27.046050910472527
2025-12-19,746.2479035426356,790.0698121136785,737.5130061580504,777.8507080078125,3116703,746.8803982204861,737.5553672096946,713.2563757324219,734.1117956542969,750.4496658634362,737.7276935311166,62.241338971708,13.378498770521787,12.06451105878199,1.313987711739797,774.5130331551684,706.7157205069409,28.29781013845501,0,753.1671539571026,731.6242718786284,28.65142541036162
2025-12-22,765.5334822894962,773.9248950185784,720.4847572550473,732.213134765625,1086697,745.310072157118,738.4966680353338,713.9080615234375,733.8731442260743,746.802359643874,737.226370006981,49.85417477274844,11.209155457631596,11.89343993855191,-0.684284480920315,773.5315780525303,709.3558303947353,27.9644755670112,0,753.1671539571026,732.94922310789,31.63434546696382
2025-12-23,732.2131327344679,734.715826362073,716.5589425376252,724.8522338867188,555091,745.7135620117188,739.5160411487926,714.3389196777343,733.5914175415039,742.4123344924429,736.1014485415027,48.18835438456567,8.79459347049567,11.273670644940662,-2.479077174444992,772.2946411519193,711.7803222269869,27.415270054883724,0,753.1671539571026,739.1323886437176,30.905264238127327
2025-12-24,726.1772401596176,737.3657705978624,718.4237359875633,734.5195922851562,654104,745.7844509548611,740.374814120206,715.1388037109375,733.3995114135743,740.8337860509856,735.9576434272893,50.52644476477489,7.573804623805813,10.533697440713691,-2.95989281690788,772.1054848072972,711.2186729075465,27.01547349362217,0,753.3143773256518,741.095279649156,28.209772486049516
2025-12-26,734.5195822428856,740.2119986936208,723.330992054461,737.2676391601562,421837,744.6230672200521,741.4789484197444,715.733564453125,733.2220690917969,740.1205566728197,736.076733948459,51.20058389232639,6.7502523764128455,9.777008427853524,-3.026756051440678,772.1099756987876,711.7245396820717,26.766476529208592,0,753.3143773256518,743.6715891753399,26.14521483732332
2025-12-29,726.2753429486794,739.2795974001253,723.8217100333122,727.6002807617188,137737,741.5860120985243,740.8231589577415,715.7266931152344,732.9082577514648,737.6165014905995,735.306147295119,48.68719586078663,5.256907895800396,8.872988321442898,-3.616080425642503,772.0195077845693,710.3035635044931,26.535265062253124,0,753.3143773256518,743.6715891753399,25.73510925804546
2025-12-30,725.3919931575637,755.6207978481222,721.9569071611953,748.3089599609375,271549,741.6950615776909,741.5570179332386,716.541298828125,732.8788781738281,739.7549931846671,736.4882211738297,53.90694236160395,5.678975285619572,8.234185714278233,-2.555210428658661,772.3468515384117,712.3317068111977,27.015436002503147,0,753.3143773256518,746.7631629256239,26.593885003502432
2025-12-31,743.8924205161912,754.492102462845,734.7157977020727,751.3514404296875,165711,741.7495863172743,741.9495960582386,717.5286401367188,732.8782174682617,742.0742826336713,737.8394229243622,54.63704692669028,6.187642192123121,7.824877009847212,-1.6372348177240903,772.3954516058524,715.2814404839913,27.4613090184496,0,753.3143773256518,749.2413425339448,25.65800101422457
2026-01-01,750.8607614249836,751.1061247258808,738.445414341475,743.9415283203125,194545,741.989501953125,742.8217523748225,718.2539343261719,732.7428271484375,742.4477317709996,738.3941597785395,52.4576886233327,5.924551854395304,7.444811978756831,-1.5202601243615268,772.3853388605984,715.2719243229955,27.87533396182845,0,753.3143773256518,752.3574618175008,24.834273780589164
2026-01-02,740.9971751362133,744.9229879846171,736.2371510187837,740.1629638671875,125453,737.8019748263889,743.676064231179,718.963525390625,732.735908203125,741.9907781902372,738.5549601502348,51.333242685673234,5.349486740491443,7.025746931103754,-1.676260190612311,766.9523196837754,717.3287533142716,28.05970968172769,0,745.2419187781018,754.2222322661758,24.248902005044663
2026-01-05,740.1629237779423,742.7637387072525,721.6134351126653,723.7726440429688,442255,736.8641425238716,742.7503745339134,719.1097619628906,732.6938272094726,738.3471513607835,737.2111132313925,46.66096719271373,3.5304844374612685,6.326694432375257,-2.7962099949139887,767.4298886173749,715.1532717830157,27.01613562756192,0,736.0898701928736,754.2222322661758,24.65900751363628
2026-01-06,724.0180344564404,732.1640840002096,719.1107684778867,723.3800659179688,207444,736.7005683051216,740.4528836337003,719.3423657226563,732.6823434448243,735.3537342722207,735.9537452938084,46.55167518382626,2.033789968563383,5.468113539612882,-3.4343235710494997,767.8047186397039,713.1246880985773,25.856971265173563,0,737.0222669178427,754.2222322661758,24.045599335001327
2026-01-07,727.3058403357336,741.9295161416904,721.8097266909308,740.4573364257812,228088,737.3603176540798,740.4395002885299,719.68685546875,732.7562460327149,736.3744547029328,736.3631626694423,51.83649079289384,2.200278388499441,4.814546509390194,-2.614268120890753,767.3700685653902,712.9704648818755,25.35249146156732,0,737.3657831630044,754.2222322661758,23.993021484069995
2026-01-08,734.6176854893478,741.3406156304299,718.6200110658671,724.2633666992188,77599,735.9153984917534,739.7279441139915,720.1324353027344,732.8268402099609,733.9522371021901,735.2631812176038,47.08233625913167,1.0138169913046795,4.054400605773092,-3.040583614468412,767.1068121966007,713.5379754010555,24.624371850833988,0,737.1204044569946,754.5166369465057,23.67404577022075
2026-01-09,718.9144503314759,725.5883199375413,685.4959817199051,716.2154541015625,759128,734.6504177517361,738.3583706942471,720.5240356445313,732.8748013305664,730.4048805020647,733.5315696616,44.879412457125305,-0.569298977151675,3.1296606891881384,-3.698959666339813,768.2094300779369,710.6687437501881,23.88008261121208,0,720.5583897840136,739.132379906195,22.783726646078478
2026-01-12,711.5535725840201,718.4237450089693,697.2734404527914,716.5589599609375,213126,731.1226399739584,738.1464677290483,721.0314465332032,732.9430514526367,727.6356963938392,731.9886051433579,44.99770513471972,-1.775742086423293,2.148580134065852,-3.924322220489145,768.1016381214255,707.6604224254496,23.188956888706027,0,719.994042091375,737.7828969167917,20.19689477489366
2026-01-13,716.6080452489526,728.2382411771127,706.646271762158,720.9754638671875,503974,727.7475314670139,737.5598255504261,721.9579370117187,733.0111947631835,726.303649888509,730.9874104818878,46.584924748294696,-2.3484109677025344,1.249181913712175,-3.5975928814147093,766.1846867488252,706.1815424992217,21.890028195537955,0,718.301053222893,737.7828969167917,20.44225803135844
2026-01-14,716.4608292594704,717.0496772126706,687.3607181919872,699.53076171875,1934000,722.813001844618,735.3694014115767,722.3554260253907,733.0116690063477,720.9490722545572,728.1277151397843,40.47703747135231,-4.481009140458127,0.1031437028781144,-4.584152843336241,767.4491794374766,700.1373745176016,21.672171927291995,0,715.2094848522611,737.7828969167917,21.49030882170853
2026-01-16,699.5307426478464,731.1826071871561,695.653990669379,724.8031616210938,483705,721.1063571506077,733.9998279918324,723.2092895507812,733.1558703613281,721.7198901278646,727.8254830017215,48.96871124186456,-4.084750632424971,-0.7344351641825027,-3.350315468242468,765.3729452889577,699.607853050886,20.594744849882787,0,714.1298602135788,737.7828969167917,22.822280955895483
2026-01-19,712.6331101788404,718.5709496748979,708.5601155372254,710.5720825195312,122413,719.6396280924479,732.3291265314275,723.6902014160156,733.2766708374023,719.4903286061979,726.2569920487952,45.069576271432254,-4.862984599960328,-1.5601450513380677,-3.30283954862226,764.9000408476201,696.9597369844113,19.594276849431377,0,713.7127489307977,737.7828969167917,22.878363721399428
2026-01-20,710.5721156300021,712.9276272673835,696.8808315319158,701.837158203125,473906,717.2459716796875,730.1007829145951,724.5273803710937,733.405651550293,715.9596945255834,724.0370071537342,42.8160521443195,-6.11409651885424,-2.470935344841302,-3.6431611740129375,755.5519007837366,698.7065220678259,19.265260961814285,0,713.7127489307977,737.7828969167917,21.619999796295208
2026-01-21,688.1949739349934,699.481685376059,678.282260988343,692.3661499023438,422812,711.9025065104166,727.8545948375355,725.1574743652344,733.4793179321289,711.2409856009355,721.1578383126987,40.45414141166197,-7.78015812581225,-3.532779901035492,-4.247378224776758,757.3875874912511,692.8861368739832,19.771052215856194,0,709.8114383093864,734.1760365510107,21.8898992572959
2026-01-22,698.7946797395329,714.9395968911113,697.2734392572467,712.2406005859375,147898,710.5666436089409,724.8723172274503,726.3803649902344,733.6523565673829,711.4409085979358,720.3471803375386,47.05452678564206,-7.41138801262025,-4.308501523352444,-3.1028864892678065,757.2695429317969,691.7430181033594,19.27674228341725,0,704.7324340877495,734.1760365510107,22.580429321621263
2026-01-23,713.1238826327252,718.5218753195776,698.0095390514289,703.4075317382812,174623,709.143541124132,723.5629716352983,726.7798181152343,733.8716744995118,709.834233226005,718.8072122830606,44.683864852347966,-7.742637569760177,-4.995328732633991,-2.7473088371261865,756.653064571185,689.2482904092838,18.60843783725364,0,704.7324340877495,734.1760365510107,23.425179271786646
2026-01-27,706.646283609022,711.3572468524527,679.901684680764,682.9932861328125,435475,705.4140218098959,721.6602921919389,726.7729479980469,734.1244668579102,704.4660438073665,715.5514008148563,39.70510714606596,-9.542415219012469,-5.904746029909687,-3.637669189102782,757.6243323590893,682.849587318645,18.78470750790205,0,704.7324340877495,734.1760365510107,24.16126917015104
2026-01-28,688.931075768055,688.931075768055,675.2397918452149,681.7664794921875,846744,701.0574679904514,719.2624234286221,726.8897412109375,734.3716073608398,699.9261309443308,712.4800443309773,39.42084199320975,-10.94161686746213,-6.912120197420176,-4.029496670041954,758.8825689689222,677.0079705818591,19.135528025147543,0,703.2111995161855,732.6548019794467,24.20683834161656
2026-01-29,682.1099602101544,691.8754313333611,677.7915422561978,682.2572021484375,301749,699.13818359375,716.7619490189986,726.6286743164062,734.5606646728515,696.3923451851522,709.7325132234737,39.60709694723597,-11.874020717829126,-7.904500301501966,-3.96952041632716,755.9219348965311,673.3634288730001,19.26620018996906,0,703.2111995161855,724.5823434318966,23.7757026006454
2026-01-30,677.2517718638263,687.0663039099745,676.2703186592115,684.6126708984375,1398797,694.6725735134548,714.8079667524858,726.5275842285156,734.9240579223633,694.0364103278093,707.448891193925,40.55191544419557,-12.281319438568744,-8.779864128915323,-3.501455309653421,750.8437461843376,671.7677406320687,19.45605310655487,0,696.9053707600564,715.4302948466685,22.923944078231127
2026-02-02,688.9801615969318,695.8503341484682,677.3008442980597,689.2255249023438,412502,692.3007337782118,712.1223560680043,725.9534350585938,735.3225744628907,693.0742332427162,705.792221531054,42.45071642812945,-12.09249310905227,-9.442389924942711,-2.650103184109557,746.1218846481358,671.0180018264734,19.02120709421136,0,696.8808335823962,715.4302948466685,21.38516919485772
2026-02-03,723.330971339461,731.0844751834627,701.2482754708886,712.3386840820312,1070538,693.4675699869791,710.3490489612926,725.9701184082031,735.7797012329102,696.9271234105793,706.3873544902337,50.91125143690777,-9.962961285449865,-9.546504197044143,-0.4164570884057212,741.7454591314058,672.611999364688,18.591356496791743,0,703.1621335143388,715.4302948466685,22.86435817521065
2026-02-04,702.3278753325019,706.2536880731043,672.9824610383885,677.2026977539062,684934,691.7827419704861,707.3154657537287,725.4656518554688,736.0974145507812,692.9822382792447,703.7342038778403,41.03504165010736,-10.983857355407167,-9.833974828716748,-1.1498825266904191,740.9505186549699,668.7499452122175,17.68529244167099,0,702.0334681109256,714.3016294432553,24.13323343440265
2026-02-05,659.5365689117895,659.5365689117895,608.7463643862163,629.6513061523438,5996633,682.6061537000868,702.2922085848721,723.7461462402343,735.9936041259766,680.3160518538646,696.9993949937042,31.99039018014743,-15.451805944183208,-10.95754105181004,-4.494264892373167,748.423214628667,651.904373261958,18.7967181833445,0,669.9154197848395,682.1835811171693,26.621918269580483
2026-02-06,581.0203001584964,606.5380836114034,561.8819625688162,602.2196655273438,5876888,671.3630574544271,696.7670731977983,721.531005859375,735.7044421386719,664.6967745885604,688.3830559513078,28.137429224683373,-20.96452553289157,-12.958937948026346,-8.005587584865225,754.9414822316687,631.5623385691126,20.71494226900439,0,646.4832188761395,658.1870325158307,28.92482734570552
2026-02-09,609.4333523536858,611.4453193532718,586.9089903262544,590.6875610351562,2648921,661.1068657769097,690.735595703125,718.5042041015626,735.4228509521485,649.8949318778796,679.5016473225668,26.682496215661544,-25.96463581934313,-15.560077522289705,-10.404558297053423,761.6060617831123,611.5401784512627,22.282585701167417,0,646.4832188761395,656.4940436473485,29.51720469878759
2026-02-10,598.6864692766105,601.6308289615774,569.2428724269412,575.131591796875,1674473,649.258544921875,683.2207891290838,715.3635546875,735.0600723266601,634.9422638616786,670.0134604565948,24.81825137146149,-30.827139876803813,-18.613489993192527,-12.213649883611286,768.1191997253484,590.9186542785578,24.04017216256621,0,646.4832188761395,653.4024752767166,30.68443047015677
2026-02-11,575.0334201363031,575.131541489292,549.9081837471017,561.4893188476562,2634732,635.8398912217882,675.8219687721946,711.7390466308593,734.5224728393555,620.2516748588741,660.1476294012367,23.281970673019487,-35.37376010151206,-21.965544014856437,-13.408216086655628,772.9627345202891,570.5681553722891,25.975485717343656,0,640.4963294652822,646.3359612271771,30.803609815513287
2026-02-12,561.832873085436,561.832873085436,529.9847060819208,532.8800048828125,2131157,618.9807061089409,667.4885392622514,707.9015649414063,733.7556637573242,602.7773408636618,648.5778453541072,20.426378614956462,-40.81503164682363,-25.73544154124987,-15.079590105573756,778.203377190696,546.5179668034447,28.05697154726497,0,630.5345906326918,635.9571111118056,31.466089816566694
2026-02-13,520.1701854986288,578.7629523363681,511.87689414542666,551.18408203125,4782118,603.6427680121528,659.9714993563565,704.4978845214844,733.0947351074219,592.4586890971796,639.7238668702112,26.62703379970162,-43.15285326567584,-29.218923886135062,-13.933929379540778,779.4390030093334,530.4476730160573,30.226584753162104,0,621.4806846644447,626.9032051435586,34.778498525337604
2026-02-16,549.6628287243444,568.9484072251134,532.0457325714907,565.0716552734375,1744974,587.2797648111979,652.8849626020951,700.9165612792968,732.3752160644531,586.9812823324312,632.9373021795953,31.0190205632301,-43.38486888203022,-32.0521128853141,-11.332755996716116,773.0660528592279,520.8474725313971,32.24122558720945,0,609.0652911092654,626.6087548879283,35.167577988332894
2026-02-17,567.9669429001896,586.6145525208422,556.8274138428071,583.277587890625,1127040,576.8436414930555,647.6007274280895,697.1036157226563,731.886438293457,586.24054344407,628.4227826987799,36.394199439189045,-41.61990792957465,-33.96567189416621,-7.654236035408438,766.0300587517809,515.1540171759534,33.239132893967955,0,585.7067315286081,621.5297506662914,36.31728189941824
2026-02-18,588.8719272655226,589.6080171746045,554.5701255216758,561.1458740234375,3025462,569.2319268120659,640.1617598100142,693.5114978027344,731.2814038085937,581.2216095599435,622.3067000919306,33.02523602938187,-41.52829566358514,-35.47819664805,-6.050099015535139,760.306988335637,506.8079591741287,34.02081110182228,0,561.6611067493492,621.5297506662914,37.81399636911577
2026-02-19,564.3355700254959,568.5067459778583,526.0588965802883,529.3467407226562,2124706,561.1349351671007,631.9242442737926,689.3000805664062,730.531734008789,570.8466357924862,613.8557946947237,28.88753149456059,-43.5199457394267,-37.08654646632535,-6.433399273101358,757.1027147037419,493.7102918880551,35.24350832979262,0,561.6611067493492,621.5297506662914,40.074843808173405
2026-02-20,527.0403672653802,529.9356661797771,504.66324633418384,511.2880554199219,1722264,552.312767876519,623.2629214200107,684.598920288086,729.7679551696777,558.9349197179733,604.5314547606508,26.83156919143542,-46.02498042995455,-38.87423325905119,-7.150747170903365,749.7951265483589,480.9226255268363,36.698204214740265,0,553.1470376478807,617.92292676067,40.55505309354374
2026-02-23,512.2695034593344,512.6620487926468,486.310054655998,494.4070434570313,1074420,543.3433736165365,614.2647802179509,680.0626446533203,728.8988389587403,546.029344465785,594.5201446421399,25.037679159922988,-48.809746678206125,-40.86133594288218,-7.948410735323947,742.9706003738086,466.84710287326175,38.29611074957092,0,537.9590359153012,608.746330921577,39.44741336893873
2026-02-24,484.9360090893964,487.63500526126944,466.2883991746371,468.3494567871094,1346623,532.9945000542534,603.1788191361861,674.752001953125,727.8595172119141,530.4933669300499,583.0500821098643,22.53332668271655,-52.51397504947158,-43.19186376420007,-9.322111285271518,739.842219033657,448.5111012788431,40.025120030866304,0,527.9482081746207,598.6864371790499,38.644729171706686
2026-02-25,472.3734086530933,480.5194881059825,450.2416511857895,458.5349426269531,3237577,524.7339375813802,592.0482469038529,668.9682989501953,726.7443489074707,516.1016820694306,571.7305239750542,21.65476130757605,-55.60062262321662,-45.673615536003375,-9.927007087213248,734.5147755725361,431.5153910534404,41.81145277838228,0,519.924834180197,590.6630631846261,35.9176937111712
2026-02-26,460.74321108912267,479.292670352084,459.8598792586596,463.9819946289063,1779500,515.0448167588976,582.0931881991299,663.149263305664,725.4171537780762,505.6777445813257,561.9352031254044,23.438922971546305,-56.95078825350822,-47.92905007950435,-9.021738174003872,724.9413971286783,419.261248745345,43.47019032964712,0,519.924834180197,590.6630631846261,32.55972114985715
2026-02-27,467.5642868320024,470.9993729463561,463.2458988499868,464.7180786132813,723405,503.8944193522136,572.2273517955433,657.497074584961,724.1182221984864,497.48581138771686,553.0972827152113,23.69181970689526,-57.30087954625356,-49.8034159728542,-7.497463573399358,711.4851300614382,410.7280565840696,45.01044662725019,0,519.924834180197,590.6630631846261,31.360945797668
2026-03-02,431.8393851904984,472.2752668753289,431.8393851904984,457.946044921875,1441958,489.9686923556858,562.0313901034268,651.6387811279296,722.7102201843262,489.57785809454856,544.4471701885444,22.94101959345828,-57.462385331664734,-51.33520984461631,-6.127175487048426,693.887399335956,405.19783931150494,46.79447741793364,0,510.7237011825514,581.4619301869806,31.935797594110447
2026-03-04,451.517527389188,460.4487573948606,443.6168412023858,447.2482299804688,738667,477.31339857313367,551.2420973344283,645.7480999755859,721.2173304748535,481.11193247173264,535.6109028969012,21.76748776315695,-57.78746615223679,-52.625661106140406,-5.161805046096383,665.5908092960441,406.9853839412607,48.45107743785399,0,500.1730655841783,581.4619301869806,31.33640531858913
2026-03-05,451.4684711568095,456.3757371476443,439.2003061797223,453.4804382324219,655612,468.88380940755206,540.5264115767045,639.2606945800782,719.7317483520508,475.58563362387054,528.1444970183121,24.200151357514784,-56.88645626617898,-53.477820138148125,-3.4086361280308566,641.09995155242,409.1040157327364,50.03775760714398,0,480.8875256851377,581.4619301869806,30.288352744618184
2026-03-06,453.6767211990601,462.2644363109948,447.88615357104175,451.3703002929688,294525,462.22628106011285,528.6642123135654,633.643837890625,718.364130859375,470.7425669576902,521.1650245887354,23.928838750461352,-55.70058822792845,-53.92237375610419,-1.7782144718242563,625.5693087449755,406.8065579542432,51.128260852599695,0,472.25071699157263,581.4619301869806,26.53779735526187
2026-03-09,446.0704648923711,449.7509142726712,435.8633579346536,447.5917053222656,291730,457.0245768229167,518.2273490212181,628.098627319336,716.7583171081543,466.1123946306053,514.4765410190563,23.42244504292873,-54.43815117878046,-54.02552924063945,-0.4126219381410081,614.0265154725485,402.88655520616254,52.30094404664671,0,459.7371952258839,581.4619301869806,25.009530762739903
2026-03-10,448.5241127835383,453.4313787877346,429.43483604658496,434.3421020507813,834222,453.2459818522136,509.3496579256925,622.0950775146484,715.0852815246582,459.7583361146405,507.1915920219404,21.689172431381863,-53.885632940520566,-53.99754998061567,0.1119170400951077,603.695364492708,397.58316028756536,53.47299265618533,0,454.9771620762837,580.2596556150238,24.59591676724809
2026-03-11,437.7281063767793,439.5928613777559,417.3138927685364,420.94525146484375,637661,449.0693495008681,501.1099118319425,615.7686297607422,713.2688343811035,451.9957191846812,499.3510156076589,20.071815669925627,-53.90736162747976,-53.97951230998849,0.0721506825087345,595.590364351428,390.2695263956423,54.71301999680441,0,448.3032815603102,574.1991839759995,23.684565121268864
2026-03-12,416.136137986388,422.0248569201577,392.77756486306447,410.9344482421875,2149881,443.1751776801216,492.9393157958984,609.4353131103516,711.452960357666,443.7834649961825,491.3131458471614,18.935520923846468,-54.10863921334368,-54.00533769065953,-0.1033015226841485,588.9706924009644,381.8337112855591,56.13299677046075,0,432.5264158691967,549.5156264680844,22.741668168377668
2026-03-13,410.934450890834,414.46765831261007,400.5310413838053,403.72076416015625,732924,436.397698296441,485.147914539684,602.5435491943359,709.5808155822754,435.7709248289773,483.3502020574337,18.13866020084214,-54.225163240568975,-54.04930280064142,-0.175860439927554,586.0930916370343,371.7953879772235,57.451546631713065,0,432.5264158691967,526.1570668874269,21.93196796003564
2026-03-16,399.8440230237438,412.3575511777184,394.5932424747023,409.2169189453125,835282,430.9833509657119,478.2264418168501,595.7008587646484,707.6346540832519,430.4601236522444,476.6108126836045,20.87095531825236,-53.26006671789179,-53.8914555840915,0.631388866199714,577.6458257683137,366.0459375373504,58.73927299405264,0,427.5210005870297,502.11144210816815,21.31856185763329
2026-03-17,412.2103379458116,413.1917911313968,396.5070869764473,399.4514465332031,706820,425.67259724934894,472.1615073464134,588.8110571289062,705.6462368774414,424.25838822843616,469.5963248517498,19.618035552094582,-52.6759966806589,-53.64836380340499,0.9723671227460926,564.4537006245544,362.6760418070862,59.8691566981324,0,427.5210005870297,502.11144210816815,20.501851848530105
2026-03-18,417.1176135232944,445.3834539414194,406.8614155160328,428.6496887207031,3076776,422.9136250813802,466.59176219593394,582.5807916259765,703.8395903015137,425.1366483268896,465.873903385291,32.63886024412541,-49.288891187178365,-52.77646928015967,3.487578092981302,540.4883005950918,371.1786519195566,58.68368481342371,0,427.5210005870297,497.204196912321,21.62000688338892
2026-03-19,419.2277070951287,424.871062708476,412.2103230618897,414.2222900390625,790994,418.7860683865017,459.7349728670988,576.3897845458985,701.7363920593261,422.95377666932416,461.1783021719975,30.048727779656275,-47.22438288982818,-51.66605200209337,4.441669112265196,518.9773849258016,377.9972091904093,57.582889491908496,0,423.1044718253995,491.1927910188344,21.31155245008053
2026-03-20,419.1295779164652,436.1087362813212,417.1176108330768,431.2996215820313,2222981,416.975836859809,452.8268834894354,570.5481756591797,699.9344764709473,424.6229456518656,458.4620584820005,36.47485495612507,-43.70642677434739,-50.07412695654418,6.367700182196785,503.1951733488669,383.9747088532815,55.86839093113973,0,423.1044718253995,491.1927910188344,22.3210504605012
2026-03-23,422.1230066129853,437.58089375506165,413.4371402285514,427.91357421875,1623018,416.2615559895833,446.7708698619496,564.2973004150391,698.1183082580567,425.28107136524255,455.68492354897774,35.773127750602924,-40.72222645331391,-48.203746855898125,7.481520402584216,490.08099530120256,388.7514387808287,54.3869224320488,0,419.08050940224194,491.1927910188344,21.15732702062118
2026-03-24,441.6539466457924,452.4499320082451,419.3258860098107,429.0422668457031,616055,417.1612243652344,442.2115755948153,558.3928784179687,696.2956130981445,426.0333104613347,453.26286384868,36.21365200148254,-37.83006865373528,-46.12901121546556,8.298942561730279,479.8283218407656,392.4676345801328,52.122710941563824,0,422.6137484356548,491.1927910188344,22.321050578189727
2026-03-25,431.3486611959544,437.6790460200738,427.1774852913291,433.1152648925781,1519776,419.6257595486111,438.6582669344816,552.7308746337891,694.4463066101074,427.4497013475834,451.43126394357984,37.869725167253065,-34.80810963717806,-43.86483089980806,9.05672126263,475.3562414636748,393.4162957677705,50.02022884325635,0,423.52158724147375,491.1927910188344,21.844345561105637
2026-03-27,431.8393929440604,442.4881657831093,428.89503344671454,434.7837524414063,416656,423.0772026909722,435.9481173428622,547.0953704833985,692.6216505432129,428.9165115663481,449.9178538070186,38.57328738231772,-31.9107055931064,-41.47400583846773,9.563300245361331,472.5670166704282,393.8304015424625,47.77540572023944,0,423.52158724147375,491.1927910188344,21.788263389422895
2026-03-30,431.839412913603,433.7532586560092,413.4862258841448,417.11761474609375,412874,423.955057779948,433.6193972500888,541.0182135009766,690.627611541748,426.5567322022972,446.9360138923891,34.16217546876952,-30.686269470532693,-39.31645856488073,8.63018909434804,468.0265873033318,393.6843929212776,46.29149014688033,0,424.47850949234623,480.6421554204613,22.20187654649049
2026-04-01,422.0248589814737,427.4228513637949,416.67592727654426,424.3803405761719,1297752,426.7249348958333,432.0669153386896,535.515205078125,688.6409216308593,426.12145387707216,444.8854981363693,37.334882727115854,-28.797889599216205,-37.21274477174783,8.414855172531624,462.48357850233134,395.1936279185671,44.913568543046864,0,429.655673762139,461.3566155214208,21.255475214069133
2026-04-02,419.620299716604,438.7095762569605,414.860275702816,435.7161560058594,3176631,427.5100979275173,430.7821044921875,529.7334649658203,686.7055561828613,428.0403943028296,444.0519215790503,42.03049192602313,-26.08592704924428,-34.98738122724712,8.901454178002844,458.6847194869779,396.769498042319,42.90235033883173,0,432.3301275350674,452.7198068278557,21.367641781563773
2026-04-06,437.7281112317908,446.0214024498835,434.2439644795214,441.7520751953125,368558,430.5689629448785,429.7381952459162,524.357064819336,684.9403251647949,430.7827304813262,443.8428446350741,44.418689244381085,-23.182396716640422,-32.626384325125784,9.443987608485358,457.77127204235234,397.1333300084289,40.590480690754006,0,432.94353611839824,440.20628506216696,20.11979506108298
2026-04-07,436.7466506318306,451.7628718077564,435.7651974843433,450.33978271484375,326774,432.68453640407984,429.3924560546875,519.3271173095703,683.1430653381348,434.69414092802975,444.4334753695986,47.71884384788335,-19.958304867980928,-30.09276843369681,10.134463565715889,457.0743485877837,397.5161879112397,38.10337305119511,0,432.94353611839824,436.6485264845235,20.267013446412147
2026-04-08,461.9209429318377,461.9209429318377,448.0333861318659,455.6396484375,897291,435.7652113172743,429.7738841663708,514.5925872802734,681.3542933654785,438.8832424299238,445.4522183757715,49.70363319877392,-16.782080599924882,-27.43063086694243,10.648550267017548,458.0655165432221,396.9519547702545,35.54295375805492,0,437.7035844079912,436.0351176075742,19.990102596194703
2026-04-09,458.5349267929979,468.6438823264255,451.6156640672868,466.5828247070313,320522,439.9363844129774,430.3694471879439,509.6794317626953,679.636788482666,444.4231588853453,447.3731825877042,53.61900086212538,-13.22937709091633,-24.59038011173721,11.36100302082088,462.6114473249321,394.305135927021,33.52374296510185,0,441.0650541052852,432.5264158691967,20.0146393179225
2026-04-10,468.1531591742717,473.9928174800309,459.7126559745256,471.5391845703125,389811,444.20570882161456,431.2862146550959,505.042064819336,677.9065818786621,449.8463640223388,449.5700918588504,55.315663019775,-9.89977865925573,-21.652259821240914,11.752481161985184,469.5012346775123,391.135056826394,31.92775456008094,0,443.7395216820879,433.3851911715477,17.753793182014572
2026-04-13,460.35059523438736,469.870702919069,454.4128155645513,464.5708618164063,184451,447.515387641059,432.0579944957386,500.6736163330078,676.2172309875489,452.7912635811523,450.93379821862817,52.41269738791373,-7.734178527534027,-18.868643562499532,11.134465034965508,474.2580847246205,390.74076781444194,30.10417617316213,0,443.7395216820879,433.3851911715477,17.8028648496537
2026-04-15,468.8892557203155,478.9491507933312,466.77913737824167,476.0047912597656,242379,454.0584072536892,433.951753096147,496.5583825683594,674.5945425415039,457.433969116875,453.2129794041861,56.45121301812803,-5.03723614933557,-16.102362079866744,11.065125930531174,480.4718136147919,391.0340732260284,28.902367792250427,0,446.9047132480736,435.8633578281979,17.266567902129857
2026-04-16,483.2184677077058,494.0144524317666,479.6361696759458,487.242431640625,330566,461.0430840386285,436.9652612859553,492.6580871582031,672.9620806884766,463.395661621625,456.3065659711351,60.04055192204288,-1.9703927611134304,-13.275968216116082,11.305575455002652,487.5575363051904,392.3005172836768,28.5057143954584,0,454.4373640672913,443.3960086474156,16.828418448236338
2026-04-17,487.7822355398551,496.6153142518445,483.85642277897097,485.91748046875,296986,466.6210089789497,440.3735809326172,488.6841833496094,671.312041015625,467.90002539105006,458.99846728910006,59.41872267870073,0.3491652730548367,-10.5509415182819,10.900106791336736,493.29408054870026,394.2340291925107,28.253099493443106,0,465.429639365683,444.6964395574545,15.373764553553416
2026-04-20,482.8749513988563,486.0156134698847,469.62533382998527,478.9981994628906,533219,470.7594672309028,443.7952825372869,484.4796368408203,669.587000579834,470.1196602054182,460.8166247594447,56.1482646296204,1.610538293396644,-8.118645555946191,9.729183849342837,495.0127586132769,400.47002642090274,27.03002789719864,0,466.1902558680939,444.6964395574545,15.794387332921612
2026-04-21,472.0789846174485,485.8193292840687,467.7605965696828,481.3537292480469,1011958,474.2054612901476,447.0742284601385,479.8599377441406,667.8338201904297,472.366474013944,462.68363425840846,57.01564188930236,2.7683453059459,-5.941247383567773,8.709592689513673,499.0228471326605,401.7303419542536,25.772184699508024,0,472.3243501918552,444.6964395574545,16.11335878849241
2026-04-22,472.0789774442042,475.9066388385722,446.5611948796527,447.98431396484375,1053394,473.3548685709636,449.28026788884944,475.2755700683594,665.838095703125,467.490042004124,461.3473324135389,43.798789608575554,0.9819633096426514,-4.556605244925688,5.538568554568339,497.6769529596781,406.45243851981405,24.497349529840065,0,471.58825456574857,444.6964395574545,17.077287917859028
2026-04-23,450.4379595528343,458.24049454669824,443.2242725195828,454.75634765625,476763,472.0408155653212,450.4669342041016,471.7776708984375,663.9714004516602,464.9433031345492,460.7481519810581,46.50880355980172,0.1114050222848845,-3.6230031914835736,3.734408213768458,497.79575256606176,408.67931152085225,23.485672539714955,0,469.91979338571366,445.6042783632734,17.382237770706514
2026-04-24,457.6516168106174,457.6516168106174,434.9309811399472,436.5013122558594,616432,468.147718641493,451.4796170321378,468.4633038330078,662.0270603942871,459.25490495881127,458.54389382422187,40.79781817754286,-2.0281680270697398,-3.3040361586008067,1.2758681315310674,497.3546314833071,409.97920640731786,22.96546489329308,0,465.7731476958959,445.6042783632734,17.301618850458347
2026-04-27,441.65391801090783,446.5611837665846,436.5012889674472,442.4881591796875,219663,465.694085015191,451.9881869229403,465.4993157958984,659.9797584533692,455.90155580298654,457.0842815838096,43.25861616162383,-3.203775441876189,-3.2839840152558835,0.0802085733796942,496.8287878997232,411.8496392243002,22.48241493590134,0,465.7731476958959,446.5612006141459,17.17893719537087
2026-04-28,444.6473451305713,448.1315218428129,442.6353781197474,445.4325256347656,172635,462.2971666124132,452.7845028963956,462.90533447265625,657.979306640625,453.8077497693424,456.02503104298745,44.48086416979759,-3.8534468850729695,-3.397876589219301,-0.4555702958536685,496.49583908420607,413.4143141140361,21.91625591769124,0,465.7731476958959,451.7383648839386,16.439343505350315
2026-04-29,451.517535913072,453.3823209676871,440.6724899560313,445.3834533691406,240435,457.6461690266927,453.5272841020064,460.5832171630859,655.9893193054199,452.1228904893021,455.05761489081954,44.46367346484649,-4.322449400105256,-3.5827911513964925,-0.7396582487087637,496.2045952284117,414.7655280626039,20.993290440649385,0,465.7731476958959,454.4128186568671,16.355220234756313
2026-04-30,445.3343739635596,446.3158271293195,437.8753239134695,439.3475036621094,203479,452.4717271592882,453.8105676824396,458.7125671386719,653.9956829833984,449.5678131238636,453.6294229609368,42.29827742545584,-5.122143091929559,-3.890661539503106,-1.2314815524264526,493.9836728429981,419.2094393396191,20.31238989481758,0,460.473297304916,455.026227240198,15.741812017378546
2026-05-01,439.3475036621094,439.3475036621094,439.3475036621094,439.3475036621094,0,448.06609429253473,454.0180109197443,456.47583557128905,651.8964106750489,447.5237512315128,452.3310666610434,42.29827742545585,-5.690311732624593,-4.250591578127404,-1.4397201544971896,492.55250266005686,422.1373258311541,19.68012510225948,0,460.375155212008,455.026227240198,14.721800481271025
2026-05-04,446.5612042264616,451.3703188970471,440.7706363597741,449.7999877929688,419083,444.5601230197483,455.50357333096593,454.1704022216797,649.8082664489746,447.978998543804,452.1009685821275,47.43915873221498,-5.236794848284319,-4.447832232158787,-0.7889626161255316,491.975288413298,424.12292325662384,18.403203006880503,0,455.41880998925967,455.0507700679947,14.357260926212206
2026-05-05,449.0,456.0,447.9500122070313,452.2000122070313,258246,445.0285339355469,456.7681038596413,451.5488507080078,647.8282652282714,448.8232012764495,452.1099725480278,48.57215365140492,-4.630341839223149,-4.48433415357166,-0.1460076856514893,491.754705712371,425.3882996587228,17.547348621619143,0,446.5857378433227,455.0507700679947,13.905239413072476
2026-05-06,453.9500122070313,465.0,452.2999877929688,459.3500061035156,357971,445.5389404296875,457.8423697731712,449.5129333496094,645.9438900756836,450.9285622418628,452.7681574167085,51.89872568032712,-3.5320632809602444,-4.293879979049377,0.7618166980891328,491.9785377596877,426.0654899502732,17.35173095842013,0,449.9654905699736,455.0507700679947,13.533119885998742
2026-05-07,475.0,477.3500061035156,453.1499938964844,460.5499877929688,1743239,448.2110154893664,458.6968203457919,448.1369982910156,644.1141949462891,452.852847352084,453.4755965418231,52.45457990946319,-2.53561215859321,-3.942226414958144,1.406614256364934,492.1911040743278,426.34395757118,17.881806440795255,0,456.9256475354814,455.0507700679947,14.350342795581437
2026-05-08,467.6000061035156,487.5,461.1000061035156,485.7000122070313,1694671,453.0123324924045,460.3041035045277,447.6252374267578,642.4231503295898,459.42228032307344,456.40508887502375,62.290295040342095,0.2802487840820618,-3.097731375150103,3.3779801592321648,495.0936977718044,425.3530826237035,18.878090886844504,0,462.6876619567348,455.7377949773303,15.104609407519415
2026-05-11,488.0,507.0,477.0499877929688,502.25,1066200,459.3253851996528,462.4227558482777,447.7820965576172,640.7605773925782,467.9878242584588,460.5728080682034,67.11178731663212,3.803440870414022,-1.7174969260372783,5.5209377964513004,501.140300285833,422.3775616526436,20.594672188061573,0,472.4376619567348,460.930137851408,15.953986514136934
2026-05-12,503.0499877929688,504.9500122070313,485.2999877929688,494.75,970200,464.81055704752606,463.7030819979581,448.310107421875,639.0553930664063,473.340259406767,463.6798255165486,63.17004870447225,5.922141896794756,-0.1895691614708716,6.111711058265628,505.3247487507523,421.21102700608367,22.188640539191702,0,472.4376619567348,470.6219822397607,14.872378660256102
2026-05-13,491.75,493.3999938964844,485.0,488.0499877929688,414674,470.22194417317706,464.4535730535334,448.9004083251953,637.3001577758789,476.2822050840074,465.89529481440496,59.79151991595241,6.9801301385914485,1.2443706985415923,5.735759440049856,507.0256127514929,420.7146826586634,23.639236590371453,0,473.1737518310547,470.9654905699736,14.496219944033571
2026-05-14,496.0,497.0,469.9500122070313,483.0499877929688,359946,475.0777757432726,465.2935333251953,449.2817681884766,635.5466964721679,477.6357616257997,467.4548123579107,57.327422236066816,7.33063226377584,2.461623011588442,4.869009252187398,506.3764686873608,420.94458233802976,23.61092861868153,0,473.885318179887,470.9654905699736,14.80545938134061
2026-05-15,483.0499877929688,496.0,481.0499877929688,484.1499938964844,604676,478.89444308810766,465.6637698086825,449.6704064941407,633.781453704834,478.9386080799367,468.9725561341447,57.74004871354156,7.609451996736084,3.4911888086179705,4.118263188118114,506.1011162400512,421.0431861281129,23.58464264496946,0,477.4750061035156,470.9654905699736,15.154753481904452
2026-05-18,476.8999938964844,489.8999938964844,471.1000061035156,486.9500122070313,309124,482.75555419921886,465.65047801624655,450.25048583984375,632.0246128845215,480.5408889053556,470.6068703225889,58.83130259076479,7.964546387825635,4.385860324459504,3.5786860633661317,507.247999351853,420.6914842907253,22.73382862989044,0,479.6499938964844,470.9654905699736,16.094512419750405
2026-05-19,493.0499877929688,516.4000244140625,491.8999938964844,510.5499877929688,2248604,488.4444410536025,466.7701374400747,451.5165209960937,630.5534745788574,486.54270868287824,474.2380628198962,66.6484484561339,10.034609317753224,5.515610123118248,4.518999194634975,512.9395120449656,417.9195974521048,23.28217651205358,0,484.77500915527344,475.66550277700486,17.290239647991505
2026-05-20,510.6000061035156,520.5,503.25,512.2000122070312,869424,494.1833326551649,468.2793107466265,452.690912475586,629.5153190612793,491.6741693877088,477.6891491278176,67.11855413317446,11.67372485066727,6.747233068628052,4.926491782039218,519.7308427864044,417.5498365348848,23.96105083753926,0,490.8000030517578,477.7154905699736,17.919489418287935
2026-05-21,517.0999755859375,520.7000122070312,500.6000061035156,502.8999938964844,286205,496.0944417317708,469.25868641246456,453.72150634765626,628.4335845947265,493.919334289464,479.9810441067873,61.82865524477977,12.083016473041482,7.814389749510738,4.268626723530744,523.8902993241078,418.2047446212048,24.37127996941511,0,495.3250122070313,477.8154966734893,19.355204139967626
2026-05-22,505.3999938964844,517.25,496.1499938964844,514.0499877929688,567941,497.4055514865452,472.26167158647024,455.0506719970703,627.5025256347657,497.94546499016496,483.07822080553103,65.35423426023198,13.155446556694812,8.882601110947554,4.272845445747258,528.470386373715,421.3795251253086,24.37898200452603,0,495.3250122070313,477.8154966734893,20.00357491629461
2026-05-25,516.5499877929688,519.0,502.1000061035156,506.1499938964844,277501,498.6722174750434,474.5977464155718,456.4868298339844,626.5665296936036,499.5863707714289,485.1756547228904,61.05167014291704,13.215550994519106,9.749191087661863,3.4663599068572406,531.1006054416422,425.1154895290612,24.476623379868432,0,495.3250122070313,477.8154966734893,20.63571820940288
2026-05-26,506.0,510.0,503.6499938964844,507.8999938964844,169538,500.87777370876734,477.8431410356002,458.2259246826172,625.678957824707,501.24909539644,487.24150373867167,61.65391162419459,13.251637935896897,10.449680457308872,2.8019574785880224,533.4732962320506,428.9895455648245,24.567290371257805,0,495.3250122070313,477.8154966734893,20.1750052315848
2026-05-27,511.0,511.0,504.0,508.2000122070313,126775,503.67222086588544,480.83004344593405,460.1712359619141,624.8393756103516,502.6392787585583,489.1468226903408,61.76307054460288,13.152828448234857,10.990310055494067,2.162518392740788,535.0699004941316,433.6745971865327,24.709796241210245,0,495.90000915527344,477.8154966734893,18.94643293108257
2026-05-28,508.2000122070313,508.2000122070313,508.2000122070313,508.2000122070313,0,506.34444512261285,483.6831110174007,462.2608209228516,623.9289642333985,503.7514254482529,490.8789308282217,61.76307054460288,12.92552382458814,11.377352809312884,1.5481710152752548,534.8584099324487,440.7713386027078,24.842123120451795,0,495.90000915527344,477.8154966734893,17.02143205915177
2026-05-29,508.9500122070313,517.3499755859375,498.7999877929688,508.0,511956,508.6833326551649,486.5293176824397,464.2364825439453,622.9141073608398,504.6011403586024,492.43539166201975,61.62742974978736,12.584181349949688,11.618718517440248,0.9654628325094414,533.1368086164221,449.3581895525234,23.9973917095616,0,506.3000030517578,477.8154966734893,16.207144601004448
2026-06-01,508.0,529.0,505.0499877929688,514.2000122070312,892193,509.0888909233941,489.9317044344816,466.53145385742187,621.9665176391602,506.5209147282882,494.4139935297481,64.24848751600696,12.667926181492476,11.828560050250694,0.8393661312417819,532.6814305599563,456.25357005039547,23.98964641792105,0,512.5749969482422,482.7506444837236,16.514286586216496
2026-06-02,509.7999877929688,552.5,509.7999877929688,549.6500244140625,1708944,513.250003390842,494.9454553777522,468.9514605712891,621.1849813842773,515.1467366654431,499.4354508828676,74.83342582846004,15.417095599569848,12.546267160114525,2.870828439455323,539.6550533065989,459.0249485244559,25.143439866219897,0,524.3249969482422,495.1876619567348,18.867858886718725
2026-06-03,546.7999877929688,547.5,526.4000244140625,537.5,682593,517.0944485134548,498.9318195689809,471.4170147705078,620.3709295654297,519.6173893323545,502.8958644389705,67.4612797480697,16.42607714936821,13.322229157965264,3.1038479914029478,542.3743016334001,464.1206995873033,26.214819496783107,0,524.3249969482422,495.1876619567348,18.59643118722096
2026-06-04,534.8499755859375,535.1500244140625,520.2000122070312,528.6500244140625,332710,518.7166748046875,502.406820123846,473.36402282714846,619.6002517700196,521.4239163486961,505.2371517094334,62.62206086455184,16.323417038800812,13.922466734132374,2.400950304668438,541.7827443760302,471.52226050678246,26.595691991028065,0,525.6499938964844,495.1876619567348,18.764286586216503
2026-06-05,536.25,539.8499755859375,524.6500244140625,526.0,212752,520.9222310384115,505.43636530095887,475.3257513427735,618.791496887207,522.3391330789569,507.1246833722122,61.20623818638414,15.845565522689752,14.307086491843853,1.5384790308459024,543.3578626377911,473.9771410243185,27.182512925368947,0,525.6499938964844,495.9237518310547,18.507141113281232
2026-06-08,520.0,522.6500244140625,510.6499938964844,520.25,185154,522.2944539388021,508.1500022194603,477.14990600585935,617.8678283691406,521.9213064631656,508.3178939747384,58.13494398455706,14.831914727757294,14.41205213902654,0.4198625887307532,544.4900335876047,474.6449700745048,26.449864288756395,0,525.6499938964844,496.635318179887,17.49999782017298
