Date,Open,High,Low,Close,Volume,SMA_9,SMA_22,SMA_50,SMA_200,EMA_9,EMA_21,RSI_14,MACD_Line,MACD_Signal,MACD_Hist,BB_Upper,BB_Lower,ADX_14,ST_Direction,Ichi_Tenkan,Ichi_Kijun,ATR_14
2024-12-18,1910.266971091808,1927.8951783904936,1905.216367108079,1922.261962890625,3064095,1909.193142361111,1859.1876442649148,1825.8902099609372,,1907.13421254784,1873.4601763572184,63.32126443263377,33.03516683834346,26.89210439570748,6.143062442635976,1962.7611533251825,1774.283451167005,14.7910747282825,0,1895.7222746622533,1846.091127347956,33.88295539936475
2024-12-19,1878.4097533316565,1903.419603977101,1864.8121646312209,1890.259033203125,5323592,1911.7615695529516,1865.136591131037,1826.27068359375,,1903.7591766788971,1874.9873451613917,55.399032869934686,30.02979842730292,27.51964320202657,2.5101552252763497,1959.145546809136,1788.791696843207,14.163323835260345,0,1895.7222746622533,1846.091127347956,35.766498026400605
2024-12-20,1918.3768510152893,1923.038809987995,1856.313551468404,1866.9002685546875,11056720,1911.5996907552085,1869.4366066672585,1826.1033154296877,,1896.387395054056,1874.252156378964,50.43874332031293,25.469567894819875,27.109628140585237,-1.6400602457653584,1959.2855200809263,1790.5845238643858,13.306264330433724,0,1902.54536147636,1846.091127347956,37.23030961713289
2024-12-23,1874.5732490554924,1884.2372017118128,1854.1282567360065,1868.988525390625,2781793,1908.982693142361,1873.4209650213068,1826.625927734375,,1890.9076211213696,1873.7736444709328,50.86232597179689,21.77307081047252,26.04231667456269,-4.269245864090173,1958.9634874860085,1794.2671033343042,12.443598365491056,0,1901.4527141101607,1846.091127347956,37.39681240254299
2024-12-24,1871.6594932162752,1886.1797274213889,1787.111585198432,1854.1768798828125,2360544,1901.957275390625,1873.7211747602985,1826.5430859375,,1883.5614728736584,1871.9921204174675,47.745366421172086,17.44727293111032,24.323307925872214,-6.876034994761898,1958.7809671130533,1792.98303435179,13.145973627460677,0,1867.944378341374,1846.091127347956,41.7709379473216
2024-12-26,1854.1769374713,1864.5693327398988,1847.6209572676305,1852.5743408203125,3623321,1893.3670654296875,1874.502596768466,1825.9710791015625,,1877.364046462989,1870.2268677268169,47.40686059798741,13.731447853335112,22.2049359113648,-8.473488058029687,1958.5635823930256,1791.5395792280683,13.79817922786104,0,1867.944378341374,1858.4989346110488,38.75309743404456
2024-12-27,1854.5168074679773,1868.842837928016,1849.1748978049127,1861.655517578125,3937500,1884.4153238932288,1874.1759033203125,1825.5730102539064,,1874.2223406860169,1869.447654076936,49.58801735735935,11.38812950979468,20.04157463105077,-8.653445121256095,1954.728284044457,1801.2121334360115,14.256342717624465,0,1864.617841681732,1858.523172440713,38.38541258276406
2024-12-30,1860.635616070436,1860.927040380296,1832.2749799986573,1851.2144775390625,7789055,1876.4240315755208,1873.3591641512785,1825.719013671875,,1869.620768056626,1867.7900925734923,47.16602177566446,8.58951360208357,17.751162425257334,-9.161648823173763,1950.1762520515515,1810.4407645500116,15.06406222641533,0,1857.5033817944627,1865.0305978741728,38.19463259353285
2024-12-31,1837.9082915665465,1842.473148621904,1792.0164326986576,1825.9617919921875,3613063,1865.999199761285,1874.390020197088,1824.438056640625,,1860.8889728437384,1863.9875197933736,41.84289488979166,4.284520370341852,15.057834014274238,-10.773313643932386,1950.1541056695023,1810.482320111748,16.59468947689821,0,1857.5033817944627,1865.613372213047,39.5127661614397
2025-01-01,1820.134335963438,1838.5395957247829,1820.134335963438,1828.3900146484373,1838368,1855.5689832899309,1875.478271484375,1824.9054345703123,,1854.3891812046784,1860.751382962016,42.51472551962426,1.056540353716855,12.257575282162762,-11.201034928445909,1950.997628660142,1808.7063996601703,18.01598620948945,0,1855.0751975932133,1865.613372213047,38.78432408954357
2025-01-02,1832.7607301511275,1906.2362966487788,1831.109641782825,1901.57421875,7083645,1856.826226128472,1878.92402232777,1827.3521875,,1863.8261887137428,1864.4625498518328,58.19093361384324,4.353512002882326,10.676762626306676,-6.32325062342435,1951.6653102963169,1814.7015476138397,17.16562172465407,0,1855.0751975932133,1865.613372213047,42.38491637956934
2025-01-03,1896.8149857004253,1896.8149857004253,1866.7546499738075,1883.023193359375,6218003,1858.6176622178816,1880.9835316051135,1829.450009765625,,1867.6655896428688,1866.149881079791,54.15919938881997,5.407142899096925,9.622838680864726,-4.215695781767801,1951.8296799523105,1814.9159743445643,16.37599756016407,0,1846.6739409236052,1865.613372213047,41.21941773789268
2025-01-06,1895.8923485784164,1916.288731426852,1872.5821967516329,1882.1490478515625,7164403,1860.0799424913196,1883.1291281960227,1831.1116455078125,,1870.562281284608,1867.6043507863155,53.96944796656141,6.101284923723597,8.9185279294365,-2.8172430057129034,1952.158646407612,1816.0875938267627,15.293729411505469,0,1851.700158312642,1865.613372213047,42.8081179211482
2025-01-07,1889.093520205408,1902.254090611412,1868.357221729347,1875.3502197265625,4294832,1862.432535807292,1882.95253684304,1832.83033203125,,1871.5198689729991,1868.3085206899743,52.43081708282944,6.033241418246234,8.341470627198447,-2.3082292089522127,1952.2384826716648,1816.7070617619283,14.228796732732718,0,1854.1525820627548,1865.613372213047,43.56431195504143
2025-01-08,1874.5246254427705,1882.8774057609287,1834.460303784991,1877.5841064453125,5482050,1865.211398654514,1883.4271240234373,1834.618662109375,,1872.732716467462,1869.1517557586412,52.90589493581986,6.089377881054588,7.891052077969675,-1.8016741969150871,1951.445804484346,1816.0040002031544,14.099103577543264,0,1854.1525820627548,1867.944378341374,45.40276129029308
2025-01-09,1878.4583629543145,1895.74665458795,1855.633839071816,1862.1898193359373,6833503,1865.2707655164927,1883.1467895507808,1836.0357250976565,,1870.6241370411567,1868.5188524474863,49.25520973404768,4.835930521184537,7.280027766612648,-2.444097245428111,1947.3933394880305,1814.5348831682195,13.600910308842286,0,1854.1525820627548,1867.944378341374,44.164405380059485
2025-01-10,1881.3233976824297,1920.950700979764,1876.709930393327,1910.4124755859373,8036913,1871.848320855035,1883.9591064453125,1838.5153393554688,,1878.5818047501132,1872.327363641891,58.83712365279926,7.645596130731292,7.353141439436377,0.2924546912949148,1943.9243899142427,1816.0564572537264,12.811257493850636,0,1856.4835668392109,1867.944378341374,43.5955213175049
2025-01-13,1899.777330605508,1925.8070469770787,1892.9785364775744,1905.799072265625,5804152,1880.7191297743057,1883.4315352006392,1841.6253002929689,,1884.025258253216,1875.3702462440483,57.71433129125657,9.391751017152274,7.760863354979556,1.630887662172717,1936.466129105712,1819.8725061481944,12.20600040381772,0,1872.9706914702583,1867.944378341374,43.78977599776905
2025-01-14,1912.2579998126723,1915.12327712042,1875.5930733895989,1884.285888671875,5792162,1886.9297824435764,1881.3587923916905,1845.176213378906,,1884.077384336948,1876.1807591920328,52.66707711683166,8.936641185448707,7.996018921073387,0.94062226437532,1930.6769669056705,1821.7766463755795,11.51764379309444,0,1878.458344379952,1867.944378341374,39.53706610547364
2025-01-15,1891.036010381721,1901.768439888892,1881.420549328485,1893.60986328125,2985439,1886.04485405816,1879.1491865678267,1848.8436791992187,,1885.9838801258084,1877.7652232001435,54.52334685720661,9.222024435027834,8.241220023864276,0.9808044111635574,1926.1213815065453,1823.7146902707989,10.87845551170854,0,1880.133675381035,1867.944378341374,39.77988861176927
2025-01-16,1909.4412763032324,1910.41253260361,1861.7526156669912,1873.0191650390625,7533579,1884.9332953559028,1876.871143687855,1852.044938964844,,1883.3909371084592,1877.3337633673175,49.87189718532895,7.697958181788181,8.132567655449057,-0.4346094736608759,1918.5550636817552,1826.356728310432,10.841043827193866,0,1880.133675381035,1867.944378341374,41.85074409844895
2025-01-17,1797.795420989787,1804.594215126432,1759.9164250856263,1763.2672119140625,16409953,1871.7242024739585,1869.7566861239347,1853.2347290039063,,1859.36619206958,1866.9640768715672,33.477772334192,-2.338978399032157,6.038258444552814,-8.37723684358497,1932.4280944679435,1799.7845153953376,12.780019712617936,0,1842.8617360313524,1854.346798284971,47.83090141087526
2025-01-20,1770.5517282126625,1775.4080099966866,1741.60835991682,1761.17919921875,4333011,1859.0385335286455,1862.4347423206675,1853.0327099609376,,1839.728793499414,1857.34726981222,33.25380777935952,-10.342585241192635,2.762089707403724,-13.104674948596362,1942.05217908037,1779.5883238493177,14.829952804473136,0,1833.7077034469492,1845.192765700568,46.01673035655109
2025-01-21,1766.7638099629812,1779.0016155615642,1741.5111463055791,1748.941162109375,7169109,1844.744873046875,1856.0112027254968,1852.9870581054688,,1821.5712672214063,1847.4921691119612,31.906504753125414,-17.471606835756347,-1.2846496012282902,-16.18695723452806,1950.0440575765333,1759.591709025029,16.61457530538533,0,1833.659096641329,1841.8176222353056,47.37995960616825
2025-01-22,1755.448693830049,1812.1700865447272,1753.2633671133483,1803.0887451171875,8373913,1838.1780870225691,1853.1106789328835,1853.5018237304687,,1817.8747628005624,1843.4554942033456,42.924989963901616,-18.53845067320117,-4.735409815622866,-13.803040857578305,1950.262518711766,1754.264434413234,17.226173163920464,0,1833.659096641329,1834.7031623480364,46.33586263724044
2025-01-23,1804.5941442893445,1825.524764270176,1799.446438649042,1811.8299560546875,5907471,1827.2244737413196,1850.5125621448865,1853.6057470703124,,1816.665801451388,1840.58044528074,44.48666543612754,-18.465728013242824,-7.481473455146858,-10.984254558095966,1949.8781524337735,1750.5743622146638,17.405819714032305,0,1833.659096641329,1834.7031623480364,45.711488126164845
2025-01-24,1811.8786496612856,1840.4336089404928,1810.6645792715367,1821.5426025390625,4887027,1817.8626437717012,1849.0291859019887,1853.7349243164065,,1817.641161668923,1838.849732304224,46.24661913401533,-17.423517913231308,-9.469882346763749,-7.953635566467559,1948.516539714553,1747.9246834299786,17.14826645795558,0,1828.317211713,1833.659096641329,44.715952054288906
2025-01-27,1795.6101350752897,1809.450537739156,1759.9164650474238,1769.6290283203125,7652371,1805.122992621528,1845.258944424716,1852.8335986328125,,1808.038734999201,1832.5569410329592,39.10962122880925,-20.549666713712668,-11.685839220153532,-8.863827493559135,1950.3847658133016,1737.8979124093544,17.856638971586563,0,1825.9618394545944,1833.659096641329,46.69661409782988
2025-01-28,1777.3990640797924,1809.936150771964,1772.4456805643415,1777.15625,6999495,1792.1837022569443,1841.4180686257105,1852.1576049804687,,1801.862237999361,1827.520514575417,40.54240733190324,-22.1642822300837,-13.781527822139566,-8.382754407944134,1951.872048106188,1731.5300759172492,18.500042674095653,0,1825.9618394545944,1833.659096641329,46.11732984609517
2025-01-29,1791.9678626583263,1834.36322360914,1787.5972093347696,1827.1759033203125,5145155,1787.0900065104167,1840.3254061612213,1853.5134790039065,,1806.9249710635515,1827.4891862794989,49.11163762643248,-19.186538199066263,-14.862529897524906,-4.324008301541356,1951.843558128356,1731.4371547622693,18.38164387540111,0,1790.972377623036,1833.659096641329,47.33834113845275
2025-01-30,1819.3086909049005,1832.954770249272,1790.9965471548646,1806.488037109375,7336056,1791.8923204210068,1839.44023548473,1854.1972412109376,,1806.837584272716,1825.5799909003963,46.14914128704635,-18.28521196710085,-15.547066311440096,-2.738145655660753,1944.3732221161283,1729.3988726104342,18.271702133756172,0,1790.972377623036,1833.659096641329,46.13815124206566
2025-01-31,1817.2205970496625,1842.910279604707,1817.2205970496625,1825.7677001953125,5820470,1799.068820529514,1839.3210393732245,1855.0859423828124,,1810.623607457236,1825.597055381752,49.223166635113415,-15.832687385718827,-15.604190526295843,-0.2284968594229841,1939.364984667292,1728.681560742864,17.869198913288223,0,1792.2107129551432,1833.659096641329,46.39484638462479
2025-02-01,1826.2533177597816,1836.2571867836969,1792.9391783431893,1798.1353759765625,1701402,1804.534844292535,1834.6192737926135,1854.097204589844,,1808.1259611611013,1823.1005390721896,45.23737268007629,-15.935052253815911,-15.670362871799858,-0.2646893820160532,1933.7751069876404,1725.870071235016,18.034473024766115,0,1798.0868233590277,1833.659096641329,46.66540386388811
2025-02-03,1783.2265984737835,1822.6110895629577,1779.7300994439906,1809.741943359375,4823228,1805.2740885416667,1831.2883078835227,1853.5843823242187,,1808.4491576007565,1821.8861212801155,47.17235761662007,-14.907776592826394,-15.517845616005166,0.610069023178772,1928.568325974679,1724.5160246112584,18.46255434030075,0,1801.4133723260654,1833.659096641329,48.27491097521382
2025-02-04,1834.703198206104,1856.2650411997824,1821.1056096540208,1844.2215576171875,7334787,1808.8731553819443,1829.5643310546875,1853.0919580078123,,1815.603637604043,1823.9166154925767,52.53756610073507,-11.182531258461267,-14.650782744496388,3.46825148603512,1924.447847089053,1725.3002486140715,17.825907955166866,0,1808.090753123603,1833.659096641329,48.12228103977015
2025-02-05,1851.214424585252,1864.5205878724964,1839.850773810688,1842.521728515625,4996744,1811.2041693793403,1828.072126908736,1852.5587377929687,,1820.9872557863591,1825.6079894037628,52.25580085345502,-8.272054400511024,-13.375037075699316,5.102982675188292,1922.294327709706,1725.4869589113878,17.000647985857206,0,1812.21852645996,1833.659096641329,41.80564347608246
2025-02-06,1861.898330498206,1868.6971246106148,1845.3869733680704,1860.587158203125,4765255,1821.3106282552085,1827.2995383522727,1853.704821777344,,1828.9072362697125,1828.7879138400683,55.0169753293888,-4.456380939575638,-11.59130584847458,7.134924908898944,1912.857832632441,1729.9409222503714,16.112598022249266,0,1820.571402587478,1833.659096641329,41.26105390573412
2025-02-07,1864.13219104828,1868.40562375176,1835.140096778848,1848.9320068359373,4126260,1829.2857123480903,1826.696910511364,1854.5944921875,,1832.9121903829573,1830.619195021511,52.89170062075796,-2.345863881927926,-9.742217455165251,7.396353573237326,1902.165551342489,1734.9464969973546,15.565078613463932,0,1824.2136120273024,1833.659096641329,40.95927231408604
2025-02-10,1850.2432794461592,1850.2432794461592,1824.602089026561,1826.2532958984373,3828734,1829.1832004123264,1822.871493252841,1854.6042041015623,,1831.5804114860537,1830.2222951012316,48.930868640317584,-2.474719323151021,-8.288717828762406,5.813998505611385,1893.487645070313,1737.8211439921872,15.338400460369192,0,1824.2136120273024,1833.659096641329,38.27443417010362
2025-02-11,1828.9727506286144,1848.3007750893653,1816.249316561804,1821.7369384765625,4411601,1830.8775227864585,1819.05048717152,1854.2846630859376,,1829.611716884156,1829.450899044443,48.15744586601096,-2.90775173584666,-7.212524610179257,4.304772874332597,1880.8506298783984,1743.2708667036331,15.349878579652833,0,1824.2136120273024,1833.659096641329,38.70108652056269
2025-02-12,1830.8182412610952,1840.142278618334,1793.9104995274497,1809.5963134765625,5633947,1829.0807020399309,1815.655506480824,1853.7776708984372,,1825.608636202637,1827.64593672009,46.05025676909854,-4.182368278718286,-6.606493343887063,2.424125065168777,1871.409074770372,1746.3701366554094,15.919997489401094,0,1824.2136120273024,1833.659096641329,39.87699719355757
2025-02-13,1814.792533979024,1819.648815846776,1782.8867858202054,1790.268310546875,5237744,1828.2065836588545,1810.958163174716,1851.9983325195312,,1818.5405710714847,1824.2479707043435,42.83669506369031,-6.675172148251477,-6.620229104759946,-0.054943043491531,1869.702423702281,1750.7768975867816,16.70648913325502,0,1824.2136120273024,1833.659096641329,38.10098951748127
2025-02-14,1800.7092442878504,1805.856950285683,1775.7964955938853,1803.040283203125,5292961,1827.461954752604,1807.777304909446,1850.7162744140624,,1815.4405134978128,1822.3199991133235,45.54114397788231,-7.533306453532305,-6.802844574514418,-0.730461879017887,1867.3014725680207,1757.3639571194788,17.601177400056645,0,1822.24681010225,1833.659096641329,37.369084677491706
2025-02-17,1785.703248001718,1799.4950394980904,1769.77462159192,1789.345458984375,4428956,1821.3646104600691,1808.9626797762785,1849.1360400390624,,1810.2215025951248,1819.3223136470556,43.182036444536216,-9.212248864538424,-7.2847254325192194,-1.9275234320192045,1861.9935363407628,1766.712323034237,18.57349176501868,0,1819.2358731012675,1828.317211713,35.65899096335348
2025-02-18,1789.3456107739096,1808.139397326379,1784.780634818134,1798.7181396484375,4365260,1816.4975450303816,1810.668995250355,1847.2595727539065,,1807.920830005788,1817.449206919908,45.27156760498774,-9.674998462757005,-7.762780038566777,-1.9122184241902265,1862.0319652390497,1766.236833589075,19.08750568156912,0,1819.2358731012675,1825.9618394545944,34.33045806434187
2025-02-19,1794.2989338566194,1796.0471240806544,1753.9917969230971,1758.7509765625,4611411,1805.182413736979,1811.1148959073157,1844.0864794921877,,1798.0868593171303,1812.113004160144,38.73060514859196,-13.115558895991398,-8.8333358100517,-4.282223085939698,1865.417029222057,1757.5438716568492,20.29274131101329,0,1811.1987103374288,1825.9618394545944,34.92360808077103
2025-02-20,1753.65187661327,1778.3703022593725,1753.65187661327,1772.6884765625,2218020,1796.710910373264,1809.733065518466,1840.9425244140623,,1793.0071827662046,1808.5289561967215,41.8839981091324,-14.54986625654874,-9.976641899351108,-4.573224357197631,1865.4249731395005,1752.6505151417496,21.419343181363985,0,1801.9475780297144,1805.104135458097,33.59506645259925
2025-02-21,1769.4347905187403,1777.2533326664163,1754.2830972545896,1762.8302001953125,3379879,1789.6638997395833,1807.5058038884945,1837.354704589844,,1786.9717862520265,1804.374523832957,40.303905902304486,-16.294216106714657,-11.24015674082382,-5.054059365890838,1866.1571652236908,1751.238440245059,22.465473489546767,0,1800.9763258513176,1805.104135458097,32.172869687803505
2025-02-24,1748.309923055587,1756.0313630959042,1699.9413126430345,1713.3931884765625,7594720,1777.625705295139,1802.589921431108,1833.1598461914064,,1772.2560666969337,1796.103493346012,33.4823148345008,-21.4188761423095,-13.275900621120956,-8.142975521188545,1875.947843025702,1735.0714562907044,24.496559236468944,0,1770.0417956306842,1784.3192186268247,33.34185466722283
2025-02-25,1694.9880113599872,1727.330776075937,1694.9880113599872,1716.8897705078125,5092963,1767.324978298611,1800.1926824396307,1829.1019360351563,,1761.1828074591094,1788.9022458152667,34.32893536418128,-24.91090380141009,-15.602901257178782,-9.308002544231304,1879.9205916881608,1720.0700943469951,26.46067202954237,0,1757.3184136033815,1781.842567985301,33.88992257109006
2025-02-27,1704.748997302386,1724.805463456364,1700.7668702151418,1713.5875244140625,5757079,1758.8048909505208,1797.3031949129972,1824.928447265625,,1751.6637508501003,1782.0554529606118,33.89022637315057,-27.626365002755165,-18.00759400629406,-9.618770996461103,1884.0079632463487,1706.6926715192765,28.28449105168197,0,1751.563704343183,1781.842567985301,33.737293795820946
2025-02-28,1704.603415594686,1704.6519072727174,1634.0901134127998,1639.189208984375,12182167,1740.5992160373264,1788.7583451704545,1819.90705078125,,1729.1688424769552,1769.0676125991358,25.869092790610395,-35.373941077940344,-21.48086342062332,-13.893077657317026,1897.5243729455212,1674.5184126990098,30.862659911235447,0,1721.1147553695894,1751.3936190117074,37.039571226417415
2025-03-03,1643.6571185043986,1678.9136517994152,1643.6571185043986,1659.488525390625,7504969,1726.1706678602432,1782.0765491832387,1815.7588159179688,,1715.2327790596892,1759.105877398362,30.68928807261165,-39.42153879016018,-25.068998494530693,-14.352540295629492,1903.8701341592305,1654.3079664267073,33.256673852249385,0,1721.1147553695894,1751.3936190117074,38.045517826091846
2025-03-04,1646.2794646548505,1650.1644899401715,1621.9980566215932,1639.7720947265625,6759673,1708.5099962022568,1773.6222034801135,1811.1744873046875,,1700.140642193064,1748.2573517009257,28.734917818838767,-43.71630595339002,-28.79845998630256,-14.91784596708746,1908.9905438015649,1632.1905719210915,35.70507123528552,0,1709.0225903511237,1745.3475906161038,38.43401855762546
2025-03-05,1643.8026956375877,1683.1385762213686,1643.8026956375877,1662.30517578125,8180782,1697.7937961154514,1767.4481034712358,1807.3370532226563,,1692.5735489107014,1740.4435175264098,33.91459343888863,-44.785449761205655,-31.995857941283184,-12.789591819922473,1903.3869609237845,1619.6025166152783,36.46102957863044,0,1700.1841794404827,1745.3475906161038,38.22935444361987
2025-03-06,1665.7046071983816,1672.794825837321,1642.4915571816716,1666.5301513671875,10610547,1685.9984266493057,1760.9384765625,1803.6161694335935,,1687.3648694019987,1733.724120602844,34.87044876905561,-44.77568745835151,-34.551823844696855,-10.223863613654656,1895.256622848528,1610.133696975691,37.18371216371696,0,1699.6256946440049,1745.3475906161038,37.76801434569693
2025-03-07,1654.1465445914585,1655.9919552333556,1627.339895010843,1637.5380859375,8019331,1672.0770806206597,1751.5437733043325,1799.1338208007812,,1677.399512709099,1724.9799356332674,31.503160049177893,-46.57053204214935,-36.95556548418735,-9.614966557962,1883.462501923684,1599.6229106739722,38.09510475411842,0,1689.0147098587486,1745.3475906161038,38.42014303602169
2025-03-10,1637.5380832553346,1669.5895404009018,1628.0197243147556,1652.5439453125,7558981,1665.3160536024309,1742.9084195223722,1795.16041015625,,1672.4283992297794,1718.3948456041066,35.001733472432434,-46.24898238367564,-38.814248864085016,-7.434733519590623,1869.4726858024248,1593.973920642888,38.326867221338965,0,1674.664416348765,1745.3475906161038,39.01329692708892
2025-03-11,1631.7104941166235,1631.7104941166235,1589.9950857541564,1613.83935546875,12671234,1653.8660074869792,1731.6926103071733,1790.9179614257812,,1660.7105904775738,1708.889801046347,30.652851522956556,-48.557547711339566,-40.76290863353593,-7.794639077803637,1860.90356277013,1581.301649632214,39.15941760580447,0,1657.4002746052602,1729.3461051823856,41.81258957352456
2025-03-12,1589.84944650162,1589.84944650162,1518.850635339536,1545.123046875,14870008,1635.147732204861,1717.8831121271307,1785.2526220703126,,1637.593081757059,1694.0019143034972,24.7688153261617,-55.294533223838926,-43.66923355159653,-11.625299672242392,1859.34615570522,1555.1976675369676,40.75033726207098,0,1611.751271306127,1693.7738799750755,45.40275938808696
2025-03-13,1553.281604513198,1559.886194636392,1525.163782654934,1534.439208984375,7822888,1623.5088433159722,1704.6188354492188,1777.909921875,,1616.9623072025224,1679.4962138199403,23.997516096666477,-60.79493306423615,-47.09437345412446,-13.70055961011169,1856.037915644651,1530.9901971483175,42.227619800032734,0,1600.9946057804525,1693.7738799750755,46.11732984061234
2025-03-17,1500.736758011993,1548.1826065260266,1500.736758011993,1544.34619140625,7526032,1610.7152506510415,1692.010165127841,1771.1363818359375,,1602.4390840432682,1667.2098481459686,26.28967527064933,-63.62124279654336,-50.39974732260824,-13.22149547393512,1850.0107569298373,1512.4251439490688,43.82951703517511,0,1591.9376671166808,1684.7169413113038,47.8655879193414
2025-03-18,1544.34619140625,1544.34619140625,1544.34619140625,1544.34619140625,0,1600.1123725043403,1679.9533413973722,1764.3803247070311,,1590.8205055158646,1656.040424805994,26.28967527064934,-65.11055962046999,-53.341909782180586,-11.7686498382894,1837.4168714634584,1499.14962023576,45.31699303923588,0,1591.9376671166808,1684.5711908818766,43.37352452275012
2025-03-19,1556.9238965430377,1556.9238965430377,1527.5920028100838,1540.94677734375,7387068,1586.628106011285,1668.6205444335938,1757.692255859375,,1580.8457598814416,1645.57736594579,25.977891910424617,-65.8065809362763,-55.83484401299973,-9.971736923276572,1824.044161950084,1487.6824615850726,46.8555384266388,0,1586.7657919246572,1675.4900187290762,43.15846230967899
2025-03-20,1546.240146235024,1584.9932992405395,1546.240146235024,1569.11328125,7186750,1575.8040093315972,1657.98749889027,1751.5228393554687,,1578.4992641551537,1638.6260855189,33.06154017708508,-63.35506363920104,-57.33888793823999,-6.016175700961043,1802.5534890275485,1486.212648667764,47.07968792129968,0,1585.1631492064475,1674.5187665506792,44.58760007079094
2025-03-21,1532.59385494289,1557.7980274559395,1518.7049607743006,1546.7742919921875,10074677,1565.7191433376736,1646.9615367542613,1745.2145288085935,1755.6102703857423,1572.1542697225605,1630.275922471017,30.56342308654679,-62.494391810045045,-58.36998871260101,-4.124403097444038,1788.0469550933717,1479.5215141449094,47.63239280096337,0,1585.1631492064475,1670.4395183151637,42.50980789039357
2025-03-24,1552.0189913058653,1560.9060103586978,1527.4947691913153,1546.968505859375,8857726,1553.9885389539932,1635.5183715820312,1737.9456494140625,1756.4783312988282,1567.1171169499237,1622.7025209608678,30.612510741181453,-61.09239662902132,-58.914470295885074,-2.1779263331362486,1766.669767677829,1478.32670449014,48.01745071239677,0,1566.2236260643083,1660.1927869293845,42.05886491556088
2025-03-25,1558.8663000022038,1589.1209562659596,1558.8663000022038,1581.6422119140625,9890140,1550.4110785590278,1627.4679731889205,1731.4625122070313,1757.317371826172,1570.0221359427512,1618.9697655929765,38.91525153817776,-56.53176406255716,-58.4379290492195,1.90616498666234,1742.4557634947676,1484.421909845076,47.26254154117631,0,1545.2931022568064,1654.438077669186,42.3918636039575
2025-03-26,1579.2628561729366,1590.6751185099797,1549.153908730525,1553.4759521484375,6651302,1551.339179144965,1617.5037675337358,1724.8463134765625,1757.7210034179689,1566.7128991838886,1613.015782552564,35.22769924913207,-54.56126338281274,-57.66259591593816,3.101332533125415,1728.0390116539863,1482.8469380530448,46.72400144342981,0,1545.7059382609864,1654.438077669186,42.2600584814324
2025-03-27,1549.688079270318,1573.3866387891755,1540.4125339270274,1557.4581298828125,9426573,1553.8968370225691,1608.1686734286222,1718.1232788085938,1758.3070794677735,1564.8619453236736,1607.9650868553138,36.14891795825889,-52.07797643972594,-56.54567202069571,4.467695580969767,1709.8642459568698,1485.0785396876615,46.37049146864445,0,1545.7059382609864,1654.438077669186,42.45083249618232
2025-03-28,1544.2975705237486,1552.504639118573,1515.1598805138667,1525.5037841796875,6799047,1551.8032362196182,1599.6282459605825,1711.1729711914063,1758.7525909423828,1556.9903130948765,1600.4686047938933,32.1923382362435,-52.08796465790169,-55.65413054813691,3.5661658902352187,1690.59354114944,1485.540870471654,46.44050215772974,0,1552.917499511923,1648.3919410463236,42.67283199708241
2025-04-01,1495.0061979771754,1502.92196020728,1474.2212903040318,1482.6226806640625,12680733,1544.945068359375,1588.9797418767755,1705.5600805664062,1759.0343536376954,1542.1167866087137,1589.7553389639086,27.79568069124909,-54.92290995648909,-55.50788642980736,0.5849764733182639,1689.9847769233793,1470.4929818656833,47.0441907339225,0,1532.4482044070055,1626.2957962817022,43.366594696333095
2025-04-02,1491.0726643663595,1510.9349273715395,1491.0726643663595,1505.593017578125,6193478,1541.016872829861,1579.5254461115055,1700.4483569335937,1759.388953857422,1534.812032802596,1582.104218837928,33.068993894034435,-54.68572728894469,-55.343454601634825,0.6577273126901346,1680.4593500323217,1464.6288579754912,47.28049933400666,0,1532.4482044070055,1625.737311485224,40.92112234984263
2025-04-03,1490.538435185599,1490.538435185599,1442.3641486583924,1453.4849853515625,10459504,1528.1692843967014,1571.084345037287,1694.5392333984375,1759.5072619628909,1518.546623312389,1570.4115612482583,28.06215713734524,-58.03346734482284,-55.881457150272425,-2.1520101945504138,1678.6123187661071,1447.8471783042053,48.07079046983529,0,1516.519633584186,1599.1977558771482,38.65256154916538
2025-04-04,1418.5197886514006,1429.689235806136,1406.3790852223406,1409.9241943359375,9590254,1512.9637179904514,1559.7405118075285,1686.6759423828123,1759.3631115722656,1496.822137517099,1555.8218006198654,24.69592872879264,-63.469925448597,-57.39915080993734,-6.070774638659657,1675.206253883707,1426.0151450420742,49.142439795755,0,1498.52710186616,1566.8549306491386,39.53709641686281
2025-04-07,1313.1385736419368,1365.489314158466,1269.4320382766357,1356.602294921875,21715252,1491.8119167751736,1546.8691572709515,1677.5713891601563,1758.889210205078,1468.7781689980543,1537.7109364655023,21.323950703720968,-71.25955354072607,-60.17123135609509,-11.088322184630982,1675.14319520484,1395.0854180764102,50.97510576330681,0,1430.0535783933078,1497.1187508664998,46.183261241524825
2025-04-08,1389.8677955834949,1414.634831773138,1374.327694444895,1387.7310791015625,12805001,1470.2662353515625,1534.388516512784,1668.8951586914063,1758.5515063476562,1452.5687510187558,1524.0764039778717,27.543751126657117,-74.06725597417699,-62.95043627971147,-11.11681969446552,1668.6228271781492,1376.6250854195068,51.31207090689705,0,1430.0535783933078,1487.0419727746769,50.32844244518648
2025-04-09,1364.663707842691,1368.9371407012395,1342.179100849586,1363.3524169921875,8546854,1449.1413981119792,1520.6077104048295,1660.7696264648437,1758.008840942383,1434.725484213442,1509.4651324337185,25.8220527770234,-77.36768812336459,-65.83388664844209,-11.533801474922498,1657.235939245109,1359.092820520516,51.85124813967041,0,1421.4093385329056,1476.285307249002,51.48701991083096
2025-04-11,1370.6855647660782,1397.4437254302495,1356.893771609889,1368.937255859375,12567440,1428.1946343315972,1508.3985817649148,1652.6052465820312,1757.5207489013671,1421.5678385426288,1496.68987092696,26.948596378655026,-78.62629952009343,-68.39236922277236,-10.233930297321066,1648.6310476398166,1343.207502164871,51.62668807967272,0,1410.9683386976044,1476.285307249002,51.23726504822889
2025-04-15,1404.0480742507405,1406.087688754894,1368.5001176189407,1385.011474609375,10178530,1412.5843777126736,1496.2380149147727,1643.7619580078126,1757.041964111328,1414.2565657559785,1486.5372894435432,30.232787886672327,-77.43409100448093,-70.20071357911408,-7.233377425366854,1646.4410968698437,1329.3862957082815,51.20101256393606,0,1390.1834828240876,1476.285307249002,50.32149723824704
2025-04-16,1384.0402738742662,1386.4684147056246,1356.6508927211694,1372.4822998046875,12022740,1400.3465576171875,1485.2672396573153,1635.0818432617189,1756.5065362548828,1405.90171256572,1476.168654021829,29.13335752792287,-76.61706305211624,-71.48398347371452,-5.13307957840172,1644.7529880940683,1314.8787135660878,50.91943926634961,0,1390.1834828240876,1471.1134320569784,50.06480301089508
2025-04-17,1357.8162328834976,1388.7022289531085,1338.6825322481727,1378.6982421875,14264227,1386.2471381293403,1477.7024758078835,1626.1404541015625,1755.8454150390626,1400.4610184900762,1467.3077074914354,30.48400944283668,-74.60795386172435,-72.10877755131648,-2.499176310407876,1639.4362292470687,1303.6306774912127,50.829983704258346,0,1379.9852367311173,1469.5107893387687,50.62674917506302
2025-04-21,1369.4714582615436,1429.4951483248678,1369.4714582615436,1409.29296875,15648970,1381.3369140625,1472.0140103426847,1618.3636059570313,1755.368958129883,1402.2274085420609,1462.033640333123,36.862437642364846,-69.7430274043038,-71.63562752191395,1.892600117610144,1631.2102238809448,1298.3513605917117,49.67337263845712,0,1349.5606370413857,1469.5107893387687,51.94835490962513
2025-04-22,1398.6091260339042,1398.6091260339042,1378.5041672717928,1381.903564453125,9399738,1378.2235107421875,1464.630254572088,1609.806838378906,1754.6400744628909,1398.1626397242735,1454.749087980396,33.866581148468725,-67.32159274591231,-70.77282056671362,3.451227820801307,1623.133190555594,1290.524072628,48.59937664878456,0,1349.4635933007517,1450.5712661966295,51.79226181077221
2025-04-23,1404.4365301839098,1445.0350886470426,1398.2204665039803,1432.505859375,11136642,1386.6572401258682,1459.5466031161222,1601.5725244140624,1754.0189538574218,1405.031283654419,1452.7269762889962,43.071847426824974,-60.62060938450554,-68.742378330272,8.121768945766462,1607.8938991775626,1292.1026218185311,46.47658445726741,0,1391.8588104476075,1430.0535783933078,53.28035286969877
2025-04-24,1427.6496829084983,1440.2760150192205,1419.4911061400271,1429.1065673828125,7114292,1391.2545166015625,1454.4629572088068,1593.3042211914062,1753.3503466796874,1409.8463404000977,1450.579666388434,42.642448988378405,-54.95088663195975,-65.98407999060956,11.033193358649813,1595.4604066310285,1292.769341904128,44.50542027943006,0,1391.8588104476075,1430.0535783933078,51.101953941380025
2025-04-25,1433.08870715148,1458.535575435,1421.4336312546193,1437.653564453125,8329979,1399.5101996527778,1448.4875155362215,1584.8455493164065,1752.6128369140624,1415.4077852107032,1449.404566212497,44.150094269146415,-49.2007634939348,-62.62741669127461,13.42665319733981,1582.041393348879,1295.2568610456524,42.24471965017326,0,1398.6090538415865,1430.0535783933078,51.72978947515886
2025-04-28,1437.6534907325015,1446.7833234291916,1423.1818670852326,1439.4989013671875,5886253,1407.3503824869792,1443.6113614169035,1576.656887207031,1751.8999194335938,1420.2260084420002,1448.5040512265596,44.48935348640449,-43.98778243830407,-58.8994898406805,14.911707402376436,1558.207570565408,1304.8763527744356,40.145497637291946,0,1398.6090538415865,1430.0535783933078,48.89926000546075
2025-04-29,1439.4019470928108,1466.4029217301106,1431.7289980215005,1454.4564208984375,8056743,1415.0664876302085,1439.4062666459515,1569.2209497070312,1751.1936065673829,1427.0720909332877,1449.0451757421847,47.28457063510376,-38.20906031030791,-54.76140393460599,16.552343624298082,1540.263431701158,1312.9185385136857,37.71737795677616,0,1402.5427269891416,1430.0535783933078,48.01126168970276
2025-04-30,1453.7764926957282,1465.431568419441,1439.984581952398,1456.9815673828125,7704183,1424.455295138889,1433.739873712713,1561.9258422851562,1750.521526489258,1433.0539862231926,1449.7666658913329,47.76279410587853,-33.04470439007241,-50.41806402569928,17.37335963562687,1518.54178222902,1324.592531735824,35.46269539629721,0,1402.5427269891416,1430.0535783933078,39.79374957596998
2025-05-02,1456.5930649551544,1479.417588620504,1453.1936678135066,1463.586181640625,7402310,1433.8872884114585,1429.653975053267,1555.0056396484374,1749.9252038574218,1439.1604253066791,1451.022985504905,49.064343374431616,-28.095114946072957,-45.95347420977402,17.858359263701068,1504.8492183720327,1332.0933353389046,33.01412647519064,0,1424.4445234410236,1430.0535783933078,37.52170557280814
2025-05-05,1471.453369034679,1479.2234198282615,1459.6040889990925,1465.2373046875,4282493,1440.1033257378472,1425.462119362571,1548.50501953125,1749.3157702636718,1444.3758011828434,1452.315196339686,49.40374639205108,-23.765345709045505,-41.51584850962832,17.750502800582815,1501.5781987822402,1333.6258173310412,30.740455334163105,0,1428.9608779461482,1430.0535783933078,35.66937361403617
2025-05-06,1462.7119235923028,1472.0359599506996,1456.0102317041706,1468.0538330078125,4270530,1449.6755777994792,1422.8507579456675,1541.8052905273437,1748.4368841552734,1449.1114075478372,1453.745981491334,50.01560015938911,-19.87756589141759,-37.18819198598618,17.31062609456859,1492.816262413208,1338.633835243042,28.726301456400243,0,1438.819027562242,1430.0535783933078,33.91764321590535
2025-05-07,1456.8844481471906,1475.1441139885928,1453.5821530190783,1464.9459228515625,5691799,1453.280029296875,1422.0472689541905,1535.3172998046875,1747.5650256347656,1452.2783106085824,1454.7641579786273,49.30703920113307,-16.852984042305252,-33.12115039725,16.268166354944746,1494.7298645566054,1337.8663268496446,26.76334543168373,0,1449.4543473802655,1430.0535783933078,32.77295677544544
2025-05-08,1464.654613791716,1472.9102929808605,1458.0500230157727,1467.9569091796875,8424409,1457.5967339409722,1420.3365367542613,1528.7020751953123,1746.616990966797,1455.4140303228037,1455.9634989969054,50.04540603229812,-14.051047968622695,-29.30712991152454,15.256081942901844,1500.865858969285,1337.5336039213398,24.940600551589835,0,1450.4256099375616,1421.4093385329056,31.70458163120491
2025-05-09,1457.5642989506216,1467.9568126185206,1451.1540310083217,1464.2659912109375,4478653,1460.5536702473958,1420.826582475142,1522.8123754882813,1745.4968505859374,1457.1844225004304,1456.718271016363,49.101285000484566,-11.990105207904207,-25.843724970800476,13.853619762896264,1503.004715005085,1346.1611175144462,23.47045794468189,0,1451.2997278528685,1410.9683386976044,29.33195173594991
2025-05-12,1492.8209942326298,1585.0903465111594,1487.96471253376,1580.136962890625,11372857,1476.1801215277778,1428.563526500355,1518.9613452148435,1744.7884893798828,1481.7749305784694,1467.9381520958414,68.92261696373966,-0.995498692062256,-20.87407971505283,19.878581022990574,1537.0064463988126,1331.3999744996247,24.209278455792735,0,1508.4096722663298,1427.2611923938975,33.67485639572832
2025-05-13,1562.7513505672505,1565.859323230766,1519.627548132014,1523.5125732421875,12846210,1483.85302734375,1436.1503573330965,1514.1749926757811,1743.7110577392575,1490.122459111213,1472.9903722000545,57.19975270308686,3.112808648303826,-16.0767020423815,19.189510690685324,1546.7142162994046,1337.708220224033,24.89532607325281,0,1512.5374642317788,1427.2611923938975,35.79775734432859
2025-05-14,1528.75740058924,1549.1537826809642,1524.3867472838704,1546.6285400390625,4870057,1493.8138020833333,1443.372969193892,1510.8396997070313,1742.6241235351563,1501.4236752967831,1479.6847510945097,60.17753745191116,8.140103105055914,-11.233341012894016,19.37344411794993,1559.5095684866196,1342.6819964547867,25.53237028946574,0,1518.1221887597403,1427.2611923938975,33.11987771896138
2025-05-15,1544.103254657481,1572.0753639006623,1525.8435894847285,1566.6363525390625,11151167,1505.2638210720486,1452.6131480823865,1507.8346313476563,1741.6513928222655,1514.466210745239,1487.5894421349235,62.602797796551336,13.58216667538818,-6.2702394752375765,19.85240615062576,1575.4912109276495,1344.862841806725,26.511875091211117,0,1518.1221887597403,1427.2611923938975,34.9375109715857
2025-05-16,1566.2479103864578,1566.2479103864578,1536.0418626920532,1544.200439453125,4576751,1514.0375027126736,1460.5796564275568,1504.4468896484375,1740.6101776123046,1520.4130564868162,1492.735896436578,58.31403368491777,15.90134972021292,-1.8359216361474773,17.7372713563604,1582.1395098031371,1355.3863568960812,27.42141526426039,0,1518.1221887597403,1427.2611923938975,34.47269280491631
2025-05-19,1531.185508443418,1539.4411867318856,1510.9833306187809,1514.965576171875,8855798,1519.2499186197915,1466.486661044034,1501.9624169921874,1739.1632604980468,1519.323560423828,1494.756776412514,53.19969417767681,15.205035664859452,1.5722698240539086,13.632765840805543,1582.349325139791,1368.8032749578654,27.32864613663198,0,1518.1221887597403,1461.8864393796662,35.15952512565811
2025-05-20,1524.8723866170074,1537.9843466293191,1513.2173110505078,1515.7425537109375,7143998,1524.8939887152778,1472.9984907670455,1499.0874975585937,1737.7576812744142,1518.6073590812498,1496.6645743487345,53.31687821111514,14.548194819310083,4.167454823105144,10.38073999620494,1584.3197859504344,1377.4777726433158,27.242503375262743,0,1518.1221887597403,1461.8864393796662,34.45189025924391
2025-05-21,1522.832797268108,1525.843668126893,1507.4869000940212,1523.41552734375,4157309,1531.0560574001736,1479.5765491832387,1496.7603662109375,1736.3614172363282,1519.5689927337498,1499.0964791664628,54.527771615101685,14.479873593997809,6.2299385772836775,8.249935016714131,1581.79602958534,1394.1527252974724,26.94283483344666,0,1518.1221887597403,1461.8864393796662,33.94544608537454
2025-05-22,1510.789092948556,1515.936798484799,1495.7346211126817,1503.01904296875,6158990,1535.3619520399309,1483.836825284091,1493.5746435546876,1734.9059051513673,1516.25900278075,1499.4530758757617,50.75871277324192,12.634262785345982,7.510803418896138,5.123459366449843,1581.7778143420956,1401.222258900092,26.21540620125517,0,1536.5275295224596,1461.8864393796662,34.049516472808186
2025-05-23,1505.447258808557,1541.5779455953386,1505.447258808557,1519.8218994140625,5038421,1528.6602783203125,1490.105840509588,1490.640478515625,1733.6095526123047,1516.9715821074128,1501.3047871065162,53.60388936293226,12.384690013118416,8.485580737740595,3.899109275377821,1582.1331603541107,1409.938446091202,26.17735486207241,0,1533.904992506672,1461.8864393796662,35.402343029766726
2025-05-26,1521.5700705826605,1538.275749801986,1517.782147363295,1535.070556640625,3170102,1529.9444986979167,1494.76787220348,1488.5911279296874,1732.5402136230468,1520.5913770140553,1504.374402518708,56.08380929918848,13.264436822031712,9.44135195459882,3.823084867432893,1584.069534799215,1417.7437708648476,26.14202147568841,0,1533.904992506672,1461.8864393796662,35.72147690063543
2025-05-27,1534.487964353223,1537.401733466409,1511.6634396332652,1524.9696044921875,7775714,1527.5379503038191,1499.125282981179,1486.0396411132813,1731.753120727539,1521.467022509682,1506.246693607206,54.023857443757805,12.996761508661166,10.15243386541129,2.8443276432498763,1583.7116568388249,1426.6487191377375,25.850536222432854,0,1533.904992506672,1477.2809023863515,36.01978639089467
2025-05-28,1535.556238237006,1542.063608140773,1524.8724187426308,1526.6207275390625,3623370,1523.091769748264,1503.1692449396307,1484.2952685546877,1730.9781256103515,1522.4977635155583,1508.0988785101022,54.31921962724873,12.770646659945667,10.676076424318168,2.0945702356275024,1584.071129276273,1433.505677364352,25.70845061333099,0,1530.9912657495695,1481.797256891476,36.18628063611285
2025-05-29,1543.3263431603168,1562.6543682753302,1531.2827406845122,1540.0240478515625,8609500,1522.6277262369792,1507.7385697798295,1484.1932885742187,1730.0754412841798,1526.0030203827591,1511.001166632053,56.74830686714921,13.517167454001084,11.24429463025475,2.272872823746333,1585.2956260856583,1440.5854286018418,26.1148465716367,0,1529.194494694006,1491.6554065075698,37.55990653360584
2025-05-30,1547.3124739974685,1548.297396005105,1531.652190030095,1539.1375732421875,13148092,1525.313503689236,1511.5877130681818,1484.287255859375,1729.4012030029296,1528.6299309546448,1513.5590217784286,56.53418583500001,13.877290700402227,11.770893844284243,2.106396856117982,1586.0495200823646,1447.3866737652918,26.49221424720629,0,1529.194494694006,1502.2907263255934,30.11853872466213
2025-06-02,1536.4782943781508,1536.4782943781508,1515.7949327230604,1530.371826171875,4374509,1526.9389784071182,1514.92363392223,1484.0077685546876,1728.5506115722656,1528.978309998091,1515.0874585414692,54.35036888076303,13.302030905501624,12.077121256527722,1.2249096489739024,1585.1168487010682,1454.8327972950256,26.080255085939083,0,1529.194494694006,1503.2619888828897,27.46376913612757
2025-06-03,1535.4933708621093,1543.6682714095227,1512.4461724234918,1519.734619140625,6853403,1526.5299886067708,1517.4758356267755,1483.515537109375,1727.5188708496094,1527.1295718265978,1515.509927686847,51.73855201817779,11.851186563351575,12.031934317892494,-0.1807477545409188,1582.9562655232712,1462.1614590861036,25.91374804892462,0,1529.194494694006,1504.136106798196,27.86240410378858
2025-06-04,1519.7346010168856,1533.8190332918905,1518.158749909477,1527.8109130859375,4548307,1529.284640842014,1520.3200905539773,1483.2528198242187,1726.527272338867,1527.2658400784658,1516.6281990867644,53.56317011523381,11.22369166342014,11.870285786998023,-0.6465941235778825,1579.6767703808898,1471.7274532519225,25.759134371696906,0,1534.0508135419436,1508.4096722663298,25.67872617282285
2025-06-05,1524.5607331925255,1544.0621159555858,1518.3556767230737,1530.8642578125,6948539,1530.5115695529514,1523.1751098632812,1482.4878393554689,1725.4270581054689,1527.985523625273,1517.9223862436495,54.26713092749544,10.847730946066804,11.66577481881178,-0.8180438727449761,1575.4866890727687,1482.2082694233252,25.938517931512475,0,1537.1589039542978,1512.5374642317788,25.329579700358767
2025-06-06,1531.2581829658582,1545.2441474823067,1519.8331118292815,1540.2210693359375,3960020,1531.0838487413191,1526.5967074307528,1482.3567749023437,1724.202211303711,1530.4326327674055,1519.9495392520394,56.446093447543866,11.175966278260148,11.567813110701454,-0.3918468324413062,1568.193293288963,1497.0971730196306,26.142567336476738,0,1537.1589039542978,1518.1221887597403,24.772003044550274
2025-06-09,1554.2069160448225,1564.0561360451063,1547.3124620446238,1549.183837890625,2903202,1533.7743191189236,1530.2888405539773,1482.4010815429688,1722.9940881347657,1534.1828737920498,1522.607202764638,58.48646836962431,12.020747961369352,11.658400080835037,0.3623478805343172,1560.016931223971,1502.1782225846227,26.89866232097783,0,1538.251154234299,1518.1221887597403,24.705433839575807
2025-06-10,1560.116482612782,1583.2621501262925,1553.7144894707471,1571.935546875,8591925,1538.809299045139,1535.18291126598,1482.2069482421875,1721.8641918945314,1541.73340840864,1527.0915976837618,63.19943028001649,14.360576515705588,12.198835367809147,2.161741147896441,1567.4397834758745,1499.5976676960006,28.09392472918,0,1547.8541612748922,1518.1221887597403,25.828401282632644
2025-06-11,1566.1244242034918,1609.9534525332194,1566.1244242034918,1606.5062255859375,10597410,1546.1962076822915,1536.381514115767,1483.2675537109376,1720.9047491455078,1554.6879718440998,1534.3111093112325,68.96491419005713,18.787897171790743,13.516647728605468,5.271249443185278,1583.3978501840593,1489.6273695425034,29.769056582478083,0,1561.1998124783556,1530.5537417707706,26.981838575394026
2025-06-12,1592.6188275892266,1603.452969273507,1574.0037782857437,1584.345458984375,10483574,1551.2193060980903,1539.1466452858665,1483.8053002929687,1719.7982495117187,1560.619469272155,1538.8596865542452,62.23404977421084,20.27467816008857,14.86825381490209,5.40642434518648,1587.2535053034069,1487.542625067687,31.324536160540596,0,1561.1998124783556,1530.5537417707706,26.54923462350868
2025-06-13,1552.2369998927122,1584.7394243828517,1546.5244044661897,1577.844970703125,6968315,1556.4940999348958,1540.5655739524148,1484.8521240234377,1718.7463970947265,1564.064569558349,1542.4038032950525,60.372695287298136,20.689927126659995,16.03258847725367,4.657338649406324,1592.0738672583934,1486.0867162377003,31.214901379091994,0,1561.1998124783556,1530.5537417707706,27.815050157649463
2025-06-16,1575.875214344727,1610.15054834862,1573.01891647278,1599.31640625,5591842,1565.3365207248264,1542.0510309392755,1487.1859985351562,1717.7344384765624,1571.1149368966792,1547.5776762909566,64.18324037916469,22.49230306003051,17.32453139380904,5.167771666221469,1601.391464249436,1485.20420225447,31.740402074693737,0,1564.1546491290485,1549.05763044119,28.62886001784206
2025-06-17,1596.2630097727383,1622.5604988569514,1591.2399317053334,1615.173583984375,7622083,1575.043484157986,1545.2770829634233,1489.3776098632814,1716.686768188477,1579.9266663142184,1553.72275880854,66.727859617144,24.91305846173759,18.842236807394748,6.070821654342844,1613.0656418788492,1483.473127652401,32.49920207328445,0,1570.4580877900123,1559.1475599848166,29.638101285947464
2025-06-18,1596.558578835151,1619.9011823893957,1596.558578835151,1608.2791748046875,5629707,1583.6451416015625,1549.5186101740055,1492.4734936523437,1715.4173620605468,1585.5971680123123,1558.6824329900078,64.5795954787687,25.97577083949068,20.26894361381393,5.706827225676744,1621.4389270557083,1483.5862072216353,33.20380207197583,0,1571.1968053431165,1559.1475599848166,28.731598630088683
2025-06-19,1599.4148737815738,1605.4228739879738,1587.2018168292147,1593.997802734375,5147760,1589.620334201389,1553.0756669477985,1496.1549658203126,1714.1041589355468,1587.277294956725,1561.8929211485863,60.25234531623489,25.37310531970525,21.2897759549922,4.083329364713048,1624.2204897678137,1489.9025204860925,33.337320784298,0,1584.5424516615706,1559.1475599848166,29.048180915836024
2025-06-20,1594.58871180959,1606.1122510729597,1584.6410236941556,1598.429931640625,9202821,1595.0921223958333,1556.4854125976562,1500.9915185546874,1712.7634197998048,1589.5078222935051,1565.2144675569537,61.1229816057301,24.965339422711395,22.02488864853604,2.9404507741753534,1628.175333779084,1493.8084796974783,33.3178431105971,0,1584.5424516615706,1559.1475599848166,28.91450854867009
2025-06-23,1576.8601291540897,1576.8601291540897,1551.6461498856431,1560.116455078125,7943676,1593.7788899739585,1559.0807495117188,1504.4392260742188,1711.1312396240237,1583.6295488504293,1564.75101187706,50.77018137440332,21.30501371583364,21.88091366199556,-0.5758999461619219,1628.3177592357372,1496.170644084575,31.67414712805159,0,1584.5424516615706,1559.1475599848166,30.02605731788088
2025-06-24,1576.860073737694,1584.739449496533,1552.827953627288,1557.7525634765625,8083992,1588.36181640625,1560.8048706054688,1508.3272290039065,1709.598876953125,1578.454151775656,1564.1147892951967,50.20516326721177,18.0058724363505,21.10590541686655,-3.100032980516048,1627.649681924434,1500.1170172943162,30.41778669855874,0,1584.5424516615706,1559.1475599848166,31.18685820979741
2025-06-25,1566.025955644839,1595.4751470327865,1561.199813873949,1590.550537109375,7813533,1589.05126953125,1563.3266878995028,1512.7594946289062,1708.3207751464845,1580.8734288424,1566.5180390964856,57.30481000296017,17.832242579130025,20.45117284931924,-2.618930270189217,1629.373667201801,1504.7860129739804,29.608463209649656,0,1584.5424516615706,1559.1475599848166,32.045154232919685
2025-06-26,1584.5425210067874,1599.5132869304996,1582.3756205245834,1591.6339111328125,6519233,1590.5833740234375,1566.356883655895,1516.891943359375,1706.9967126464844,1583.0255253004825,1568.801300190697,57.52026191190181,17.579414350081606,19.87682114947172,-2.29740679939011,1631.5093546377566,1507.8113118661497,28.99011345769404,0,1587.1033243712973,1559.1475599848166,31.45419928669761
2025-06-27,1594.5886581952298,1605.0288069577266,1578.238977654369,1583.7545166015625,8912268,1588.854275173611,1568.9538740678267,1521.1173876953126,1705.7835437011718,1583.1713235606987,1570.1606835007756,55.33322316931056,16.552438659871996,19.21194465155177,-2.6595059916797794,1632.3066810699245,1511.4756797699197,28.60102070909397,0,1587.1033243712973,1564.0038788327545,31.665253757711103
2025-06-30,1590.648993297183,1590.648993297183,1570.064099926214,1577.6480712890625,6294505,1584.6847737630208,1570.6640569513495,1525.0963842773438,1704.5744140625,1582.0666731063716,1570.8413551178924,53.63132163543133,15.072072454182036,18.383970212077827,-3.3118977578957924,1631.4438547896762,1517.0661305618864,27.80095172997786,0,1585.7736661375193,1567.1119692451084,30.701438124518354
2025-07-01,1584.7395342639384,1593.308307768125,1576.367697072364,1582.57275390625,4178937,1581.8285047743057,1572.6383833451705,1528.5619799804688,1703.3051593017578,1582.1678892663472,1571.907845916834,54.837741747958766,14.13333204648916,17.533842578960094,-3.4005105324709355,1628.5611770928715,1526.2326217352536,27.15904210382532,0,1578.8792004793013,1567.1119692451084,28.780836864949297
2025-07-02,1593.6038341220217,1624.1364168524187,1579.2239966239758,1586.2169189453125,8653641,1580.9639621310764,1575.176796653054,1532.6482470703124,1702.0644494628907,1582.9776952021405,1573.2086707376047,55.75510532107694,13.52749068122489,16.732572199413056,-3.205081518188166,1625.930979602675,1534.7034198113874,27.584177388779967,0,1587.891283369031,1568.2912946379552,29.667263502681376
2025-07-03,1594.0962765801005,1607.786716594206,1590.6490495377586,1594.293212890625,5259695,1580.5043267144097,1578.5658236416905,1535.883994140625,1700.6706158447266,1585.2407987398374,1575.1254472969702,57.80092582663544,13.542931969818028,16.094644153494052,-2.551712183676024,1623.0427522266166,1543.9345426952584,27.97894586766642,0,1587.891283369031,1568.2912946379552,28.478319054983626
2025-07-04,1600.4981989662078,1618.6207872342948,1587.9897380569496,1615.96142578125,4411273,1586.7093234592014,1582.572665127841,1539.6210913085938,1699.4156134033203,1591.3849241481198,1578.8378089773591,62.77421676090685,15.129212845662323,15.901557891927707,-0.772345046265384,1623.7724485688054,1550.7788819976008,28.665475488371552,0,1588.4821852398534,1568.2912946379552,28.01399171937684
2025-07-07,1615.272126013176,1619.2118141254034,1598.5284515362102,1602.4681396484375,3294523,1591.6777208116318,1585.8273870294745,1542.9173828125,1698.0636138916016,1593.6015672481835,1580.986020856548,58.17624844419855,15.123225317901188,15.745891377122405,-0.622666059221217,1622.2701994506183,1557.609561291569,29.32043698948184,0,1592.668115363184,1568.2912946379552,27.25419139348935
2025-07-08,1603.4529602070286,1621.378491891406,1597.0509674297891,1613.9915771484375,4590681,1594.2822808159722,1589.1805919300425,1546.407236328125,1696.7581884765625,1597.6795692282344,1583.9865259739925,60.81588263089908,15.865438362328632,15.76980077416365,0.0956375881649815,1624.9086869903012,1559.17667677923,29.99626811551926,0,1597.1002583893164,1568.2912946379552,27.32454288687307
2025-07-09,1613.1052929685202,1613.3022292758048,1599.1193284889714,1609.0670166015625,4580828,1596.2192925347222,1591.9025545987215,1549.4994482421876,1695.7181573486328,1599.9570587029002,1586.266570576499,59.099267368268855,15.873299155649876,15.790500450460897,0.0827987051889778,1625.2929317568744,1559.0485111142195,30.623825589696867,0,1597.1002583893164,1571.1475833809477,26.881320792872597
2025-07-10,1614.1886858160017,1614.1886858160017,1582.868118202301,1591.43701171875,5330179,1597.0729031032986,1592.788984818892,1552.1885571289065,1694.5801336669922,1598.2530493060704,1586.7366106803397,53.2990404990083,14.292183442891885,15.490837048947096,-1.198653606055213,1625.4460107427028,1559.6045874018284,30.046496151540715,0,1597.1002583893164,1571.2460467877463,27.584845095365203
2025-07-11,1555.2902357933656,1582.868050545757,1539.433016356687,1570.85205078125,11391755,1596.3177897135415,1591.168340509588,1554.3338745117187,1693.2837255859374,1592.7728496011064,1585.2925597804224,47.44404109609513,11.248438539672406,14.642357347092158,-3.393918807419752,1625.8917918768452,1558.4595142754983,28.495655852605964,0,1581.7847166045528,1571.9847643408502,27.957717495871
2025-07-14,1567.7988696310574,1567.7988696310574,1536.2813659941348,1546.623046875,9173426,1592.3233778211809,1589.4536854137075,1555.9615893554687,1691.9108282470704,1583.542889055885,1581.777149516293,41.6451835393782,6.802752750729269,13.07443642781958,-6.271683677090312,1628.703038824719,1550.3789313901248,27.182013728569878,0,1580.2088914232768,1580.2088914232768,28.14765956143315
2025-07-15,1541.5013602388092,1579.4208563061295,1540.4179701114035,1561.6922607421875,7614807,1589.598415798611,1588.7194713245738,1557.8343579101563,1690.6029534912109,1579.1727633931455,1579.9512505368289,46.06092823444567,4.444243876994278,11.348397917654522,-6.904154040660243,1625.96308747677,1547.7707504138552,25.40209675035776,0,1578.8299289427705,1580.2088914232768,28.23910974989758
2025-07-16,1555.1918577227598,1587.6942841349517,1554.6993967165145,1583.6561279296875,6223491,1588.4165174696182,1588.0076404918325,1560.2085620117186,1689.4207427978515,1580.069436300454,1580.288057572543,51.78744211141112,4.297866000825707,9.93829153428876,-5.640425533463052,1623.4216846881743,1547.8498485149505,23.80417547426804,0,1578.8299289427705,1580.2088914232768,29.37176839364908
2025-07-17,1573.9053927711557,1585.7244570472844,1556.2752645133155,1559.6240234375,7374814,1582.1568060980903,1585.4826604669745,1562.041904296875,1688.0946038818358,1575.9803537278633,1578.4095090148116,46.02922318444842,2.217112993045476,8.394055826040102,-6.1769428329946265,1623.1989026179542,1544.635252655483,22.32039143218473,0,1578.8299289427705,1580.2088914232768,29.56172291012131
2025-07-18,1568.0942241264431,1575.1857343566385,1556.176692489401,1562.1846923828125,5161833,1577.6808675130208,1583.3874567205255,1564.0002783203124,1686.750057373047,1573.2212214588533,1576.9345256846298,46.70915077899453,0.7658970424954532,6.868424069331172,-6.102527026835719,1621.90836271191,1542.3012686357465,20.937331027315544,0,1578.8299289427705,1580.2088914232768,29.44916208842621
2025-07-21,1556.1767745731315,1565.041072656143,1543.1758521432762,1560.4119873046875,3682661,1571.7275797526042,1581.8608287464488,1563.6057788085936,1685.5462176513672,1570.6593746280205,1575.4324767409985,46.27452676167274,-0.521236053683424,5.390492044728253,-5.911728098411677,1621.8889738662094,1542.350210704103,19.908438835540093,0,1575.235025905068,1580.2088914232768,29.8009199325052
2025-07-22,1541.4029254290974,1561.889351060241,1541.4029254290974,1547.2139892578125,8473741,1564.8550211588542,1579.532831365412,1564.0798071289062,1684.138341674805,1565.9702975539788,1572.8671596970726,43.06189366713453,-2.576565405669044,3.797080554648794,-6.3736459603178375,1622.968256637299,1540.2170705111384,19.042209411297765,0,1575.235025905068,1580.2088914232768,28.05620603269811
2025-07-23,1552.5325511946266,1567.897309898412,1526.629055261839,1550.7596435546875,8035026,1560.3353135850691,1579.1075217507102,1564.1624291992186,1682.8007720947269,1562.9281667541206,1570.8573855023103,44.18302996484764,-3.8746593938763,2.262732564943775,-6.137391958820075,1622.9450384275724,1536.2611993653964,18.942879892881884,0,1557.1616696983954,1575.382736057129,29.463238674675218
2025-07-24,1556.1767861186595,1558.1466301517212,1524.8562179010848,1529.0914306640625,14169664,1555.6952446831597,1577.8047429865055,1563.4115307617187,1681.236021118164,1556.160819536109,1567.060480517015,39.114267043675554,-6.576047342933634,0.4949765833682931,-7.071023926301928,1624.891068730882,1528.0609210152115,18.93089342454085,0,1556.2752510180185,1574.496317376752,29.6531931799103
2025-07-25,1520.12860228797,1526.1366022975346,1488.512630894258,1492.84619140625,10851259,1549.720038519965,1573.3636363636365,1562.3844458007814,1679.4124981689454,1543.4978939101377,1560.313726961491,32.41528405047308,-11.508936789764675,-1.9058060912583008,-9.603130698506376,1632.9083019123166,1510.952855314246,20.26274223589106,0,1538.103457514605,1556.3245238733384,31.074295835668245
2025-07-28,1491.0734115180542,1496.392014262957,1460.14683725966,1493.1417236328125,6439855,1542.1033121744792,1568.88671875,1561.94796875,1677.522030029297,1533.4266598546726,1554.2071812043384,32.51677050841832,-15.219005018755295,-4.5684458767577,-10.650559141997595,1638.012512957833,1497.3980095031045,22.2256802319216,0,1523.920560697306,1542.1416270560394,31.925556731502542
2025-07-29,1490.0884773327002,1494.3235696797126,1473.5417400906863,1490.8763427734375,7070448,1531.7944471571182,1564.6649835759945,1561.45064453125,1675.600068359375,1524.9165964384258,1548.4498322560748,32.11862881163066,-18.133031819211052,-7.281363065248371,-10.851668753962684,1640.9069225165752,1485.3339588310812,24.04840837109281,0,1522.9356471534722,1542.1416270560394,32.34766965504256
2025-07-30,1496.9830114866083,1498.7557989957106,1483.2925712781332,1496.0965576171875,5719051,1524.73583984375,1560.958096590909,1560.9042651367188,1673.8662615966796,1519.152588674178,1543.6904436525397,34.12039378385019,-19.79302961756844,-9.783696375712385,-10.009333241856051,1641.068453453504,1476.1603917613395,25.438392394230664,0,1517.6662858081493,1542.1416270560394,31.215002519605186
2025-07-31,1486.936711768862,1504.0743788045277,1474.428250322285,1486.247314453125,6851407,1516.2983534071182,1556.579667524858,1560.5688305664062,1672.0059033203124,1512.5715338299674,1538.4683409980476,32.19152285808653,-21.653730713499044,-12.157703243269715,-9.496027470229327,1639.874200578785,1466.5500547923089,26.96376241425228,0,1514.022073579036,1542.1416270560394,29.61801202818944
2025-08-01,1471.374935830292,1476.1024890867666,1443.4031282013243,1447.4412841796875,8702978,1503.7460530598958,1550.2716841264205,1559.1212182617187,1669.837236328125,1499.5454838999117,1530.1931540145602,25.96369415625404,-25.96041654308124,-14.91824590323202,-11.042170639849216,1638.2617472506772,1451.3104939602604,29.06347922872901,0,1505.6502190498682,1533.7697725268715,30.20897641852412
2025-08-04,1439.4634841975633,1460.4423706154291,1429.1218033326477,1458.177001953125,8610216,1493.853054470486,1544.0845836292613,1557.583347167969,1667.7203265380858,1491.271787510554,1523.646231099884,29.998468315360256,-28.182344860193552,-17.571065694624327,-10.611279165569226,1634.5110111053416,1440.6321163360649,31.26830766736842,0,1498.5095566155298,1526.6291100925332,29.66023935338522
2025-08-05,1456.404084468286,1456.404084468286,1433.0614816224124,1438.2816162109375,10213323,1481.355495876736,1536.0082286487925,1555.8495874023438,1665.6921630859374,1480.6737532506309,1515.8858115645253,27.0558029457909,-31.18910186459948,-20.29467292861936,-10.89442893598012,1628.3765364576172,1429.1955948900388,33.31564836039073,0,1493.6342167421844,1526.6291100925332,29.097427418547746
2025-08-06,1430.1067078263495,1434.14486387826,1408.7339490588547,1415.037353515625,10566934,1468.6828206380208,1527.4886474609375,1553.617919921875,1663.3173016357423,1467.5464733036297,1506.7177699237163,24.083399951790355,-35.043634982040885,-23.244465339303662,-11.79916964273722,1623.4353138007318,1414.7338512383308,35.6150702948858,0,1467.4352756781946,1516.4351829556367,29.104461319841597
2025-08-07,1408.4383894942564,1420.2574529026,1392.876574581379,1415.234375,9892020,1460.0592854817708,1518.454229181463,1551.122126464844,1661.368367919922,1457.084053642904,1498.401097657924,24.15945555236783,-37.64849385897992,-26.12527104323892,-11.523222815741,1618.5827143974427,1401.966186969745,37.969520562340726,0,1448.4754766929532,1507.1275332363923,29.70244963798328
2025-08-08,1403.5138318764698,1411.590144080286,1395.7329241309972,1401.6424560546875,10048009,1449.8927001953125,1509.025840065696,1548.3722241210935,1659.480397338867,1445.9957341252607,1489.604857512175,22.485840946882007,-40.34455068573516,-28.969126971738167,-11.375423713996993,1616.44876884449,1387.1791730500413,40.15579581069173,0,1448.4754766929532,1507.1275332363923,29.533608949135864
2025-08-11,1398.4907470266712,1411.7871937906966,1392.6796832838538,1406.66552734375,6625368,1440.5359429253472,1500.6271362304688,1545.898098144531,1657.6230645751953,1438.1296927689586,1482.0649184059544,24.56559058811773,-41.596378117419135,-31.49457720087436,-10.101800916544777,1614.891832380109,1374.740357561297,42.22964622254479,0,1448.3770310441907,1507.02908758763,29.4351150116858
2025-08-12,1406.6655976905836,1419.2726477892124,1399.5742071536924,1402.62744140625,9899184,1430.1504855685764,1492.9805630770595,1543.555954589844,1655.6408654785157,1431.029242496417,1474.8433295877994,24.00792287107022,-42.42524830970774,-33.68071142264104,-8.744536887066701,1609.3352898747653,1364.3904181330472,43.56402010608937,0,1448.3770310441907,1507.02908758763,27.894414011610596
2025-08-13,1403.5138705026145,1412.3781686321047,1400.953097311154,1405.0897216796875,10318063,1421.1329752604167,1486.5472301136365,1541.1015307617188,1653.7192346191407,1425.8413383330712,1468.5020925052438,25.1241097313021,-42.39474820140117,-35.42351877839307,-6.971229423008104,1596.674605918598,1359.1944614642143,44.80308156938077,0,1434.39108618531,1503.4341845499275,26.33260394520448
2025-08-14,1404.6956380205245,1447.835267553816,1404.6956380205245,1425.8714599609375,12902347,1418.736328125,1480.3735573508525,1539.0016748046876,1651.90775390625,1425.847362658645,1464.626580455761,33.94304597544141,-40.22991858754085,-36.38479874022263,-3.845119847318223,1585.6001220041553,1356.893689031001,43.51858229763387,0,1426.5610269496417,1503.4341845499275,26.51552035688214
2025-08-18,1442.6151494914589,1442.6151494914589,1408.0444126749926,1414.1510009765625,7254561,1413.844550238715,1472.668778852983,1536.4802734375,1650.0218255615234,1423.5080903222283,1460.0378914121975,31.677014788247234,-39.01033178811304,-36.90990534980071,-2.1004264383123257,1572.432986682265,1355.2574552122664,42.32583297386889,0,1424.54188387607,1490.1869837094027,26.395917486394232
2025-08-19,1411.0977408332749,1427.5460108318366,1411.0977408332749,1418.2877197265625,3986094,1411.6230061848958,1466.2444014115767,1533.8623510742189,1648.1811053466795,1422.464016203095,1456.242421258958,33.36782597463396,-37.280258221175245,-36.98397592407562,-0.2962822970996228,1557.000842465823,1356.4771726708952,41.21828003037284,0,1420.257475418835,1490.1869837094027,26.086377515646763
2025-08-20,1418.9770874002822,1476.3980885005717,1418.9770874002822,1473.6402587890625,10413061,1418.1344401041667,1462.2196544300425,1531.8964453125,1646.797801513672,1432.6992647202887,1457.8240428526035,50.88335349837458,-31.084354068632365,-35.80405155298698,4.719697484354612,1544.34166068538,1361.7789814044638,38.778581014149005,0,1434.5388858922129,1490.1869837094027,29.132601876820463
2025-08-21,1485.262351237006,1485.262351237006,1461.9197483180794,1473.8372802734375,6565539,1424.6458740234375,1458.2844404740767,1529.24306640625,1645.633286743164,1440.9268678309186,1459.2797917090431,50.932794957800624,-25.860058741605823,-33.815252990710746,7.95519424910492,1528.909697052404,1369.5187087093148,36.84252402426172,0,1438.97101726043,1490.1869837094027,28.682350050869317
2025-08-22,1475.5115598317454,1481.6181481033814,1463.6924963469764,1465.0714111328125,5543397,1431.693535698785,1454.5506869229405,1526.8575854492187,1644.4074609375,1445.7557764912974,1459.8063025657495,48.589272853081,-22.17151995539143,-31.486506383646887,9.314986428255455,1516.850550659402,1375.175853149192,35.044756819366384,0,1438.97101726043,1489.2020701655692,26.90245472976962
2025-08-25,1483.981859694785,1515.7948868943363,1483.981859694785,1508.9989013671875,10694531,1443.0639105902778,1452.652471368963,1525.4806640625,1643.3876745605469,1458.4044014664755,1464.278357002244,58.81580179579444,-15.524784990738908,-28.294162105065293,12.769377114326383,1520.228124187906,1373.4135506167818,34.52098600049746,0,1457.6845470240144,1483.9327088202465,28.2883767639655
2025-08-26,1500.03616013844,1515.2039825206518,1495.7024794249892,1506.53662109375,15994798,1454.609375,1451.6272527521307,1523.625068359375,1642.401469116211,1468.0308453919304,1468.120017374199,58.11793829764241,-10.336729698470664,-24.70267562374637,14.365945925275708,1522.8945755866312,1372.08658896415,34.03462738297632,0,1458.373992102745,1480.288496591133,27.887375532890506
2025-08-28,1506.5366438633127,1506.5366438633127,1475.413133190423,1477.4814453125,5443364,1462.6528998480903,1450.9288552024148,1520.8712255859375,1640.9324755859377,1469.9209653760445,1468.9710562776809,50.50303116745529,-8.472008324417402,-21.456542163880577,12.984533839463175,1520.827276627739,1372.8143981769488,32.56929238506852,0,1460.2452624574305,1480.288496591133,27.99993578437672
2025-08-29,1479.254311487481,1479.254311487481,1445.5699084151588,1447.4412841796875,8169075,1465.0495469835068,1448.8515625,1517.6544677734375,1639.413563232422,1465.425029136773,1467.0138042687724,44.07329224580342,-9.310863311757885,-19.02740639345604,9.716543081698152,1514.6798693769815,1374.0962780839557,30.49088027505971,0,1461.9196497846644,1480.288496591133,28.450187552312496
2025-09-01,1454.4343120627393,1480.7318023736236,1453.941851048263,1476.7921142578125,4546057,1472.0096706814236,1448.2113702947445,1515.3103540039062,1637.910771484375,1467.698446160981,1467.9027415405033,50.68022375970147,-7.5206024174106,-16.726045598246948,9.205443180836347,1513.1408099521636,1374.6898174892426,28.502411734471387,0,1463.4463138638057,1475.4131567177874,29.43512093266488
2025-09-02,1476.7920565936874,1489.9900353122632,1463.8896025641538,1476.1025390625,5218763,1478.4335394965278,1447.3025512695312,1512.8638061523438,1636.258115234375,1469.3792647412847,1468.648177678867,50.52919180996962,-6.0872803372215,-14.598292546041858,8.511012208820357,1516.0520813350754,1374.6446715946122,26.6489466916696,0,1467.3859871473092,1459.4081427906942,29.93461537846963
2025-09-03,1477.3829894013984,1479.2543652339205,1450.7900955921732,1456.798095703125,4623483,1476.562188042535,1445.9639504172585,1510.7974389648436,1634.4666870117187,1466.863030933653,1467.5708974992538,46.36367850033877,-6.43489207699804,-12.965612452233094,6.530720375235054,1515.9331356566809,1374.6257266480063,25.088514931143184,0,1480.6823976547475,1454.2372850890952,30.56074602177157
2025-09-04,1461.6242804276317,1461.6242804276317,1438.0846200594328,1440.94091796875,5787724,1472.9070366753472,1445.6684792258525,1508.4612060546874,1632.5979150390624,1461.6786083406723,1465.1499902692078,43.2123927665601,-7.898865400909699,-11.952263041968417,4.053397641058718,1516.0206453472206,1374.804147133248,24.113536717278603,0,1476.9397534768846,1454.2372850890952,31.42607381086072
2025-09-05,1447.835279098319,1450.4945202945664,1411.3931666312185,1422.8182373046875,5466487,1468.2122395833333,1444.0612626509233,1505.1065600585937,1630.6572265625,1453.9065341334754,1461.301649090615,39.87652781242417,-10.40152141534236,-11.642114716643205,1.240593301300846,1515.7880085983666,1375.8148722610083,24.06990958967013,0,1463.5940267627775,1454.2372850890952,31.13762553443618
2025-09-08,1429.1218644887508,1436.0163186937275,1406.7641825159365,1411.2947998046875,3811567,1457.356228298611,1442.834589177912,1501.4997778320312,1628.9167895507812,1445.3841872677178,1456.7555718828032,37.87440698399618,-13.163004515934064,-11.946292676501375,-1.2167118394326852,1515.9743945954676,1375.234528744376,24.164964643451235,0,1460.984082518294,1454.2372850890952,30.75772548881652
2025-09-09,1458.6694341238242,1484.474341584966,1450.297597398603,1481.6181640625,13072640,1454.5875108506943,1445.8609896573153,1499.45705078125,1627.4633807373048,1452.6309826266745,1459.015807535503,53.287994514377424,-9.56671287884069,-11.47037671696924,1.9036638381285516,1518.529108939551,1380.6773852010742,22.582324589540395,0,1456.6504131896245,1454.2372850890952,34.80995918751057
2025-09-10,1487.330709756259,1511.756823802922,1486.5428442826578,1509.491455078125,7281071,1458.1441786024309,1450.1454023881392,1498.0939184570314,1626.1041748046875,1464.0030771169645,1463.6045027666505,57.76119256529969,-4.416572707463047,-10.059615915068004,5.643043207604956,1525.5005655936377,1383.988521320425,21.931773279947727,0,1459.2605031594294,1454.2372850890952,32.81197997082578
2025-09-11,1500.922609577238,1504.4683046125388,1483.7849433052634,1486.9366455078125,8003662,1462.5325520833333,1454.022410999645,1496.1811962890624,1624.3009967041016,1468.589790795134,1465.725606652211,53.3122932519586,-2.1304753570641424,-8.47378780346723,6.343312446403088,1526.620466639966,1391.2995406842526,21.225737655515253,0,1459.2605031594294,1454.2372850890952,32.980830603249714
2025-09-12,1513.8250582606502,1519.636121892633,1498.1647749913177,1502.596923828125,12856963,1465.3997531467014,1458.382929021662,1494.5087963867188,1622.6370660400391,1475.3912174017323,1469.0775445772938,55.85470476329021,0.9341584485102884,-6.592198553071727,7.526357001582015,1529.163680329188,1398.5070472098748,21.00571546973492,0,1463.200152204285,1456.1579025882434,34.03610379099367
2025-09-15,1502.5969824151846,1504.4683582651935,1478.5648615170796,1485.6563720703125,6167414,1466.4612901475691,1462.1569713245738,1492.3360595703125,1620.721134033203,1477.4442483354487,1470.5847107130228,52.5227180924992,1.973196093866818,-4.879119623684018,6.8523157175508365,1530.283148034078,1403.3660707159218,20.05881678603369,0,1463.200152204285,1456.1579025882434,32.26324814717868
2025-09-16,1485.656397411633,1491.1719366717366,1480.8302554728905,1488.5126953125,8923112,1469.985134548611,1465.94892467152,1489.7870849609376,1618.8177838134766,1479.657937730859,1472.2145274947934,53.03148031211645,2.9926252074819786,-3.304770657450819,6.297395864932797,1529.565553324893,1411.5198348587007,19.179553722596847,0,1463.200152204285,1456.1579025882434,31.60897515454893
2025-09-17,1494.028241371192,1503.680405062861,1491.1719434573272,1499.4453125,4795698,1476.485622829861,1469.2931906960227,1487.7266284179686,1617.2985955810548,1483.6154126846873,1474.6900534043575,55.01833455413896,4.62933685040025,-1.7179491558806057,6.347286006280855,1529.5129754433922,1419.6881720175454,18.766016955281863,0,1463.200152204285,1456.1579025882434,30.46927508865401
2025-09-18,1526.6291407021615,1531.5537508334592,1515.302537400178,1517.370849609375,9331945,1486.9914686414932,1473.9850019975142,1485.7942138671874,1615.8632073974609,1490.3665000696249,1478.570125786632,58.1447172273693,7.288862187902396,0.0834131128759945,7.205449075026401,1534.9262691794177,1418.647937363551,19.173649729590924,0,1469.1589666746977,1465.5639789935758,30.35670617873523
2025-09-19,1521.3104874589542,1527.9095369547413,1497.179898612735,1516.976806640625,12988129,1498.733913845486,1478.470869584517,1483.9524096679688,1614.3192529296875,1495.6885613838251,1482.061642227904,58.0492050009636,9.258038301681609,1.918338150637117,7.339700151044491,1539.7617229330535,1418.126436246634,18.821059867508783,0,1490.9256741160311,1466.2534240723066,30.173786189311663
2025-09-22,1460.3437656419162,1491.8612688721596,1459.6543683506482,1476.8905029296875,15655204,1498.2086181640625,1478.6186079545455,1481.6614794921877,1612.515135498047,1491.9289496929978,1481.5915386553388,49.195739271241926,7.497567572839216,3.034184035077537,4.463383537761679,1540.0138499124698,1419.0562184469052,17.724140898463066,0,1495.6040595920535,1468.124694426992,32.40392944230219
2025-09-23,1470.4885054191882,1490.186944875574,1470.4885054191882,1474.920654296875,9832164,1494.3674180772568,1478.667852228338,1479.7428515625,1610.7150091552735,1488.5272906137732,1480.9850946227511,48.801849375186485,5.87570010149534,3.6024872483610983,2.273212853134242,1536.7139147018324,1418.9483289505115,16.705573284349185,0,1495.6040595920535,1469.1589666746977,31.777798714776377
2025-09-24,1464.7758845360097,1474.1326431158675,1460.3437357350242,1472.0643310546875,4937004,1492.7149386935764,1478.985712224787,1478.2516772460938,1608.679154663086,1485.234698701956,1480.1741161165637,48.19922514771022,4.310191822843535,3.744028163257586,0.5661636595859489,1533.4503431701512,1418.764671478286,16.079242208992532,0,1495.6040595920535,1469.1589666746977,31.13760287146581
2025-09-25,1466.5488557470633,1480.04223903444,1454.2373307659764,1462.4122314453125,9491867,1488.249972873264,1476.8681363192472,1476.2660766601562,1606.6554998779295,1480.6702052506275,1478.559399328268,46.126416789354295,2.2645669425496635,3.448135919116002,-1.1835689765663386,1533.015988332889,1417.6921049288296,15.689392062487874,0,1492.8955407997178,1469.1589666746977,30.187856771831207
2025-09-26,1452.7599061754568,1456.404069373631,1419.4694954878144,1427.053466796875,8597058,1481.7385389539932,1473.2552656693892,1473.1340234375,1604.4489813232422,1469.9468575598771,1473.8770418254142,39.43575303632284,-2.184579838097761,2.3215927676732493,-4.5061726057710105,1534.7303915362374,1413.9389199872,16.295686013630537,0,1475.5116231606366,1469.1589666746977,31.165756756096
2025-09-29,1437.9860786678707,1442.9106885263222,1414.8404123331482,1420.060546875,10513117,1474.1327446831597,1470.645224831321,1470.34275390625,1602.086576538086,1459.969595422902,1468.9846331935582,38.25395838079136,-6.20332286698158,0.6166096407422836,-6.819932507723864,1536.5568031394678,1406.4393516456885,16.97394732251888,0,1473.1970815833038,1469.1589666746977,27.94366635701712
2025-09-30,1421.2424051491353,1430.303639196793,1416.416263441906,1420.060546875,7556305,1465.3122151692708,1469.4006458629262,1467.5002709960938,1599.5998510742188,1451.9877857133215,1464.5369889827805,38.25395838079136,-9.281217572038711,-1.3629558018139158,-7.918261770224797,1537.6316652243208,1399.7602903420852,17.603761395058058,0,1473.1970815833038,1469.1589666746977,26.782860358050325
2025-10-01,1424.197180444367,1427.6444073679877,1405.877655696216,1424.000244140625,6250692,1454.9377034505208,1467.001015403054,1464.7720361328124,1597.0704211425782,1446.3902773987822,1460.851830360766,39.439762931657725,-11.27262683176832,-3.344890007804797,-7.9277368239635235,1538.6910910826862,1395.42107932747,18.470622119571548,0,1466.8935963254785,1468.7157032648374,26.50144892225819
2025-10-03,1417.3027030735375,1426.4625254104503,1411.5901076030302,1424.7880859375,6877533,1444.694512261285,1464.6685402610085,1462.3235180664062,1594.4832556152344,1442.069839106526,1457.5733081404692,39.68919939191937,-12.641536999250093,-5.2042194060938565,-7.437317593156236,1539.469828058037,1393.0270591489946,19.275564220905505,0,1448.8694622841876,1468.7157032648374,25.228087595301027
2025-10-06,1424.7881421800753,1456.5027027407557,1420.5530497148677,1453.744873046875,4630590,1442.122775607639,1464.5297574129972,1460.38322265625,1592.1362994384765,1444.4048458945958,1457.225268586506,48.143398278627146,-11.260038734286807,-6.415383271732447,-4.844655462554362,1538.4143589864316,1397.1751917948186,18.63677209896501,0,1448.032300285895,1468.7157032648374,25.94567018657061
2025-10-07,1455.4191203786977,1460.5407866669368,1432.0765182081868,1436.5086669921875,5570320,1437.8547770182292,1464.328291459517,1458.5315673828125,1589.719916381836,1442.8256101141144,1455.3419411688403,44.17403854190682,-11.424316773401188,-7.417169972066195,-4.007146801334993,1536.2451185199557,1401.8658189800444,17.876567615316457,0,1442.959947365328,1468.7157032648374,27.24014070513517
2025-10-08,1435.0313384295307,1475.4131399913774,1433.061494450904,1472.4583740234375,4657192,1437.8985595703125,1466.5846613103693,1458.1238110351562,1587.4708984375,1448.7521628959792,1456.8979805192585,52.89711344336628,-8.555050097583262,-7.644745997169609,-0.9103041004136534,1535.5510315457743,1401.6439269503196,16.626880685133408,0,1442.959947365328,1468.7157032648374,29.18185040442891
2025-10-09,1479.352867871771,1491.171932062491,1464.5790376333712,1486.5428466796875,7028753,1440.5797390407986,1470.0050270774148,1457.9918334960937,1585.4523175048828,1456.310299652721,1459.5929683520246,55.8104010991425,-5.086008016058486,-7.132998400947384,2.0469903848888986,1532.2031561411632,1402.696941515087,16.044946154733573,0,1448.5247938793534,1468.7157032648374,28.78788298269038
2025-10-10,1487.2322078030077,1498.755747016607,1476.2011295853697,1492.058349609375,3738353,1447.8025037977432,1470.479580965909,1458.0154736328125,1583.5781079101562,1463.4599096440518,1462.5443666481474,56.93371836557985,-1.870154208323584,-6.080429562422625,4.210275354099041,1532.823215196507,1402.5890528698997,15.768877510273802,0,1452.3167013564116,1468.7157032648374,28.203952917635466
2025-10-13,1474.4281763502415,1482.0120273618204,1461.0332617199265,1470.6854248046875,5859355,1453.427490234375,1468.7156704989347,1457.5072509765623,1581.5865924072266,1464.905012676179,1463.2844628441965,51.473277380464296,-1.0342609905769675,-5.0711958480534935,4.036934857476526,1529.158918973593,1403.0621991904693,14.870648799394608,0,1452.3167013564116,1468.7157032648374,26.32557074616916
2025-10-14,1476.3980688327763,1491.5658915845438,1464.0865439092208,1467.435302734375,5600789,1458.6913519965278,1467.8292458274148,1457.1310107421875,1579.6528845214843,1465.4110706878182,1463.6618119251216,50.67731568180957,-0.6268414439277876,-4.182324967228352,3.5554835233005644,1527.5817235198328,1402.8172877106358,14.392949140812236,0,1452.3167013564116,1468.7157032648374,26.881349904664667
2025-10-15,1461.5258266826634,1466.154912139115,1445.373081319078,1452.1690673828125,6986098,1461.8212212456597,1465.537070534446,1457.22556640625,1577.6508581542969,1462.7626700268172,1462.6170169667298,47.00083030468711,-1.518313947459319,-3.649522763274546,2.131208815815227,1525.0180363854774,1401.7466120520226,13.538089469574604,0,1455.1729273098183,1468.7157032648374,27.41601439419654
2025-10-16,1451.6765810210527,1452.267510183725,1438.478601982591,1449.312744140625,8005748,1464.5461832682292,1463.885087446733,1457.04828125,1575.589144287109,1460.0726848495788,1461.407537618902,46.32368415126036,-2.427313188093194,-3.405080848238276,0.9777676601450818,1520.3768060198956,1401.374585581667,13.005286645376875,0,1459.6543983657375,1468.7157032648374,26.557728675101576
2025-10-17,1432.9630656678503,1436.410292725158,1412.3781714796953,1419.37109375,16959378,1460.726874457465,1460.7422873757102,1456.670070800781,1573.429927368164,1451.932366629663,1457.586042721729,39.84349892071478,-5.500338115043178,-3.824132301599256,-1.6762058134439215,1511.9221994312609,1400.0292165843643,13.399094248470892,0,1455.5669592481513,1468.7157032648374,26.12857415391812
2025-10-20,1431.781048131079,1444.8805586841174,1428.136884861602,1438.87255859375,6994246,1460.989529079861,1457.9889803799715,1457.146774902344,1571.4944812011718,1449.3204050224806,1455.8848168919128,45.21867892087006,-6.289624402297022,-4.3172307217388095,-1.9723936805582127,1500.4851889920242,1403.655802218913,13.39024095702392,0,1455.5669592481513,1468.7157032648374,25.94565906398549
2025-10-21,1455.7147580634262,1463.5941342911035,1447.8353818357486,1450.19921875,1698704,1458.516289605035,1454.9357244318182,1457.8460717773437,1569.6035272216798,1449.4961677679846,1455.3679443335573,48.118317154942496,-5.932783225689036,-4.640341222528855,-1.2924420031601809,1497.7202842803067,1403.751578512662,12.611443628499702,0,1455.5669592481513,1468.7157032648374,26.71953048844739
2025-10-23,1487.232190432563,1522.6893817276436,1483.292502510887,1505.4532470703125,20358624,1460.6174452039932,1454.4119262695312,1459.9222875976564,1567.6229223632813,1460.6875836284505,1459.9211536732623,59.40630757739996,-1.1778679851231573,-3.947846575047716,2.7699785899245586,1504.2711363954545,1400.253985674858,13.323916370330906,0,1467.5337766036696,1468.7157032648374,30.342631296009667
2025-10-24,1516.2874003977408,1519.7346273554492,1495.111577657532,1502.4000244140625,8652257,1461.7665201822915,1455.5714499733665,1461.8369775390624,1565.7198065185546,1469.030071785573,1463.7828691951534,58.64698298293936,2.3173540340253567,-2.694806453233101,5.012160487258458,1509.8317253434357,1397.7269660628144,13.985498202031309,0,1467.5337766036696,1468.7157032648374,31.039105002473743
2025-10-27,1510.0,1515.300048828125,1498.0999755859375,1504.5,7273211,1465.5236952039932,1456.915965687145,1463.8744287109375,1563.831561279297,1476.1240574284586,1467.4844265410484,59.03482085782222,5.196886670880303,-1.1164678284104206,6.313354499290724,1516.2917643461633,1395.4757039155556,14.599824188610254,0,1467.5337766036696,1468.7157032648374,29.699849303637997
2025-10-28,1499.699951171875,1506.5,1490.5,1500.199951171875,8211019,1469.1642116970486,1458.1948575106535,1465.7766333007812,1561.955809936523,1480.939236177142,1470.4585651438508,57.83861822976634,7.050683141717855,0.5169623656152345,6.53372077610262,1521.4384104114977,1397.643706287721,14.839194337324043,0,1467.5337766036696,1466.8935963254785,28.80954441372728
2025-10-29,1500.199951171875,1520.199951171875,1496.9000244140625,1510.4000244140625,4884976,1475.6343180338542,1460.3761208274148,1467.4672045898435,1560.1198895263672,1486.8313938245262,1474.089606895688,59.91357210441178,9.23641917503619,2.2608537274994256,6.9755654475367646,1527.0007012048864,1401.1153632482387,15.462230310232185,0,1467.5337766036696,1464.28351871193,27.448707357822936
2025-10-30,1507.0,1508.199951171875,1489.0999755859375,1493.800048828125,5608867,1480.5773518880208,1463.4100563742898,1469.060185546875,1558.2779406738282,1488.225124825246,1475.8814652531823,55.156102485578224,9.51941751137838,3.712566484275216,5.806851027103162,1528.4347031857726,1407.0553114626648,15.68560361016196,0,1467.5337766036696,1464.28351871193,27.070646957751883
2025-10-31,1490.0,1497.0999755859375,1480.699951171875,1482.300048828125,4819814,1487.5694580078125,1466.2391246448865,1470.3404321289063,1556.137378540039,1487.040109625822,1476.4649728509044,52.07132050133653,8.715277546844618,4.713108696789097,4.002168850055521,1528.0115224568897,1413.3084726602976,15.515323759013764,0,1475.4131332946229,1464.28351871193,26.63103317081082
2025-11-03,1482.300048828125,1491.4000244140625,1474.199951171875,1485.5,5470600,1492.7502848307292,1469.2136452414773,1470.577626953125,1554.035883178711,1486.7320877006578,1477.2863389553677,52.86134093547545,8.241200716013736,5.418727100634024,2.822473615379712,1527.1162363443923,1420.2749501790454,15.067267012658728,0,1485.262381781696,1464.28351871193,25.64353212457789
2025-11-04,1479.699951171875,1481.9000244140625,1462.9000244140625,1467.9000244140625,8691330,1494.717041015625,1471.2090897993608,1470.4588818359375,1551.9539538574218,1482.9656750433387,1476.4330376334306,48.15939845745919,6.371869525846023,5.609355585676424,0.7625139401695993,1527.0809666208602,1421.725735039296,14.16074027134782,0,1492.794703070853,1464.28351871193,25.29500554676465
2025-11-06,1478.5999755859375,1483.0,1461.9000244140625,1466.699951171875,7944752,1490.4111192491318,1473.1141745827415,1470.4914526367188,1549.819404296875,1479.712530269046,1475.548211591471,47.84688181728018,4.738947570915116,5.435273982724163,-0.6963264118090473,1525.6674342133474,1426.1583958647775,13.364613373440529,0,1491.0499877929688,1464.28351871193,25.226273701810392
2025-11-07,1470.0,1480.9000244140625,1449.0999755859375,1476.800048828125,8765759,1487.566677517361,1474.1621371182528,1469.8474755859374,1547.8383087158204,1479.1300339808618,1475.6620149766215,50.74392140831954,4.211293458338105,5.190477877846952,-0.9791844195088472,1525.8589345315188,1426.4010630270748,12.752517228004493,0,1484.6499633789062,1464.28351871193,26.51278374659546
2025-11-10,1490.0999755859375,1520.0,1490.0,1513.5,9787975,1488.566677517361,1477.6617431640625,1469.9867431640623,1546.58947265625,1486.0040271846894,1479.1018317969283,59.53892739107034,6.677528723353362,5.487888046948234,1.1896406764051282,1529.7893700749505,1425.1663428156746,12.993349409263637,0,1484.6499633789062,1464.28351871193,26.960310783091558
2025-11-11,1525.0,1533.4000244140625,1511.0999755859375,1530.300048828125,13692989,1491.9111328125,1480.2909102006392,1471.043115234375,1545.435076904297,1494.8632315133766,1483.7562151634008,62.81236873044442,9.87384197171059,6.365078831900705,3.5087631398098846,1536.5191956430028,1422.2606871694973,13.628089161796096,0,1491.25,1472.4950660085465,26.731066775520667
2025-11-12,1540.0,1559.199951171875,1538.0999755859375,1551.699951171875,14635417,1496.5000135633682,1483.252596768466,1473.1282885742187,1544.4488708496094,1506.2305754450765,1489.9329184368985,66.52724659658051,13.972668299449197,7.886596725410405,6.086071574038792,1548.858549964767,1418.0227854844516,14.912530001321844,0,1504.1499633789062,1485.789061325785,27.0295186788347
2025-11-13,1557.0999755859375,1557.5,1530.300048828125,1541.800048828125,19655689,1501.8333468967014,1485.513583096591,1474.428447265625,1543.142427368164,1513.3444701216863,1494.6481121088282,63.37328745495013,16.235030981230693,9.556283576574463,6.67874740465623,1557.0471792298483,1417.2706308287454,15.738848496221912,0,1504.1499633789062,1485.789061325785,23.794503549851225
2025-11-14,1520.0,1530.0,1488.800048828125,1502.800048828125,9739549,1504.1111246744792,1486.97333873402,1474.9623974609376,1541.5972778320313,1511.235585862974,1495.389197265128,52.7614291160417,14.711411646658236,10.587309190591215,4.124102456067018,1557.8897648909135,1421.491143312211,14.856960997719584,0,1504.1499633789062,1485.789061325785,25.821428571428573
2025-11-17,1496.0,1510.199951171875,1492.5,1507.5999755859375,7910354,1506.566677517361,1488.7990056818182,1475.9784350585935,1540.0275646972657,1510.5084638075668,1496.499268021565,53.787088655018586,13.732941520232773,11.216435656519527,2.516505863713244,1558.4810391512256,1426.7285921964308,14.038065463395997,0,1504.1499633789062,1485.789061325785,25.857134137834823
2025-11-18,1506.0,1506.0,1483.199951171875,1486.4000244140625,7525119,1508.6222330729167,1490.3549582741475,1476.8876171875,1538.6114196777344,1505.6867759288662,1495.5811549663376,48.75224461248055,11.118668917211608,11.196882308657944,-0.0782133914463365,1552.2714324989206,1439.6410919151415,13.12753984059606,0,1504.1499633789062,1485.789061325785,26.457135881696427
2025-11-19,1490.5,1543.0,1490.5,1541.0999755859375,10981126,1516.8889024522568,1494.5271051580255,1479.253251953125,1537.431138305664,1512.7694158602803,1499.719229568119,59.33049094283716,13.307270032063116,11.618959853338978,1.6883101787241372,1554.0244691522164,1448.110796961065,13.27354252130796,0,1504.1499633789062,1485.789061325785,28.835710797991077
2025-11-20,1555.0,1555.0,1534.0,1536.5,7387584,1523.5222303602432,1499.8511463512075,1481.7573559570312,1535.9777587890626,1517.5155326882243,1503.0629359710176,58.241745177353074,14.50338658491114,12.195845199653412,2.3075413852577285,1554.8354494555983,1455.9298947826828,13.734592771559258,0,1521.199951171875,1485.789061325785,28.814278738839285
2025-11-21,1531.0,1551.5,1526.300048828125,1545.0,9186302,1527.0222303602432,1504.6751209605825,1483.0249926757813,1534.6703186035156,1523.0124261505796,1506.8753963372887,59.71291387658059,15.953296857542227,12.947335531231175,3.005961326311052,1559.8913478593477,1454.8286716719022,13.856629123969922,0,1521.199951171875,1485.789061325785,29.44284493582589
2025-11-24,1563.5999755859375,1585.0,1541.0,1548.0,19270381,1528.9888916015625,1509.1206110174005,1483.7951635742188,1533.281480102539,1528.0099409204636,1510.6139966702624,60.24526238293198,17.146778730885217,13.787224171161984,3.3595545597232324,1565.139390242751,1454.1406268470926,14.83731648616167,0,1534.0999755859375,1498.6890857398475,31.357125418526785
2025-11-25,1549.0,1550.5999755859375,1525.9000244140625,1530.5999755859375,8107952,1526.6444498697915,1510.2636441317472,1484.6684301757812,1531.943803100586,1528.5279478535583,1512.4309038444146,55.65197077635819,16.498401855249995,14.329459707979588,2.168942147270407,1567.1583258364262,1454.7316888120113,15.154062000522906,0,1534.0999755859375,1498.6890857398475,31.507123674665177
2025-11-26,1532.0999755859375,1560.300048828125,1532.0999755859375,1557.9000244140625,7575038,1528.4333360460068,1512.7863714044745,1485.7744921875,1530.6845935058593,1534.4023631656592,1516.5644602598372,60.71309692645832,17.98017997196439,15.059603760776548,2.920576211187841,1573.535523509428,1454.124498463228,15.696932330783255,0,1534.0999755859375,1506.568442430801,32.12141636439732
2025-11-27,1564.0,1574.300048828125,1552.199951171875,1566.4000244140625,7552252,1535.5,1515.600008877841,1487.389365234375,1529.2954858398436,1540.80189541534,1521.0949660920396,62.16104233199027,19.61427758509444,15.970538525640128,3.6437390594543135,1580.7476587346996,1452.5123632379568,16.547734326133508,0,1534.0999755859375,1516.4176909178743,31.428562709263392
2025-11-28,1565.0,1568.4000244140625,1557.0,1560.0999755859375,4453221,1541.3333333333333,1518.3227372602985,1488.8211108398436,1527.8833770751953,1544.6615114494596,1524.6408760460304,60.38464313207779,20.16846096424797,16.810123013361697,3.3583379508862734,1585.921465982978,1453.9685486654596,17.337764750387315,0,1534.0999755859375,1517.0499877929688,29.15713936941964
2025-12-01,1562.5,1574.0,1556.0,1564.0,5341800,1549.9555528428818,1520.7590997869318,1490.1122045898437,1526.4004412841796,1548.5292091595677,1528.218978223664,61.125267150094494,20.68392326910225,17.58488306450981,3.099040204592441,1590.3088378774676,1457.7511718881576,18.21782732598778,0,1537.75,1517.0499877929688,28.849993024553573
2025-12-02,1567.0,1579.9000244140625,1556.0999755859375,1561.0,6335969,1552.1666666666667,1523.813643022017,1490.9847875976564,1524.96078125,1551.0233673276543,1531.1990711124215,60.193045575889,20.61274503764548,18.190455459136945,2.4222895785085363,1593.4410096885497,1462.1690000770757,19.191473892883604,0,1555.4500122070312,1517.0499877929688,28.4857177734375
2025-12-03,1555.0999755859375,1586.0,1554.0999755859375,1578.699951171875,12895312,1556.8555501302085,1528.1954567649148,1492.2192504882812,1523.7230145263673,1556.5586840964986,1535.5173329360082,63.70966118234016,21.73403745648102,18.89917185860576,2.834865597875257,1596.342515017774,1470.3474874236322,20.258685258036707,0,1555.9500122070312,1517.5499877929688,28.821437290736608
2025-12-04,1568.0,1599.0,1568.0,1597.5999755859375,12609619,1562.6999918619792,1533.2909102006392,1494.6334399414063,1522.602329711914,1564.766942394387,1541.1612095405474,67.05633118578754,23.872555829550947,19.8938486527948,3.9787071767561457,1600.901925783434,1478.8780790993787,21.58564113775673,0,1562.4500122070312,1524.0499877929688,27.250008719308035
2025-12-05,1610.0,1631.800048828125,1600.0,1616.199951171875,10344725,1570.2777642144097,1540.031815962358,1497.4590258789062,1521.6353479003906,1575.0535441498844,1547.9829133252135,69.98945528897457,26.75974000528413,21.26702692329267,5.492713081991461,1609.3570031991046,1484.3629919180828,23.527765583418983,0,1578.8500366210938,1540.4500122070312,28.4285888671875
2025-12-08,1617.0999755859375,1630.0,1600.199951171875,1610.800048828125,7550413,1579.1888834635415,1546.5818204012785,1500.233740234375,1520.7380065917969,1582.2028450855328,1553.6935620072964,68.09394907694829,28.286063146823835,22.670834167998905,5.6152289788249306,1618.3029881212308,1485.147011878769,25.33116685439107,0,1581.9500122070312,1540.4500122070312,28.814304896763392
2025-12-09,1601.199951171875,1606.9000244140625,1582.4000244140625,1599.0,6957599,1583.755547417535,1552.1363636363635,1502.9654956054687,1519.7178051757812,1585.5622760684262,1557.8123290975425,64.01404059404726,28.21823763157795,23.780314860714714,4.437922770863235,1624.129706109397,1486.1902890077904,26.01973123565115,0,1592.0,1540.4500122070312,26.80002267020089
2025-12-10,1608.0,1608.0,1582.800048828125,1584.800048828125,5116140,1585.7999945746528,1555.377274946733,1506.1204272460936,1518.695078125,1585.4098306203662,1560.265758163959,59.40162969268691,26.710762987613634,24.3664044860945,2.3443585015191357,1627.0127355110233,1486.6172693717892,26.68761858508748,0,1592.9500122070312,1540.4500122070312,27.10001918247768
2025-12-11,1598.0,1607.4000244140625,1580.5,1598.0,5159319,1590.0111083984375,1558.4545454545455,1509.6792163085938,1517.6914874267577,1587.9278644962928,1563.6961437854172,62.1330188995551,26.2782845083309,24.748780490541783,1.5295040177891153,1631.7645018073997,1487.4854981926003,27.17599446040691,0,1592.9500122070312,1540.4500122070312,27.221452985491077
2025-12-12,1601.4000244140625,1601.800048828125,1582.5999755859375,1598.199951171875,4633912,1593.8111029730903,1560.5681818181818,1513.2420043945312,1516.8887322998046,1589.9822818314094,1566.8328535478229,62.17453299691451,25.655930984047476,24.93021058924292,0.7257203948045508,1633.2555045986346,1495.5344856357406,27.62948634463209,0,1592.9500122070312,1540.4500122070312,25.450029645647323
2025-12-15,1585.0,1610.800048828125,1585.0,1606.800048828125,4190558,1598.8999972873264,1563.5227272727273,1516.8980004882812,1516.0592901611328,1593.3458352307523,1570.466234936941,64.0025120866911,25.562004463423136,25.056569364078968,0.5054350993441687,1635.2159176259904,1503.4940799326034,28.32720129323342,0,1592.9500122070312,1557.5,25.528608049665177
2025-12-16,1600.0,1603.0,1585.5999755859375,1592.9000244140625,5499258,1600.477783203125,1567.6181807084515,1520.2602392578126,1515.2096392822266,1593.2566730674146,1572.505670343952,59.03653566542098,24.088276558525195,24.862910802968216,-0.7746342444430212,1628.403689444984,1520.95630811361,28.97507945979179,0,1599.9000244140625,1557.5,24.921465192522323
2025-12-17,1587.199951171875,1606.9000244140625,1586.0,1602.0,4817628,1600.9666748046875,1571.909090909091,1523.225341796875,1514.6526733398437,1595.005338453932,1575.1869730399565,61.16116500626896,23.385060137799428,24.56734066993446,-1.1822805321350316,1630.326660608923,1525.1233393910768,29.70387571923476,0,1606.1500244140625,1557.5,24.83574567522321
2025-12-18,1610.5,1630.0,1606.699951171875,1626.800048828125,6577293,1602.1444634331597,1578.2909102006392,1527.0311694335935,1514.2022247314453,1601.3642805287705,1579.8790708388808,66.29229146798124,24.54596216326036,24.56306496859964,-0.0171028053392845,1635.440902059725,1529.0391028230874,31.04781286235397,0,1605.25,1557.5,26.02145821707589
2025-12-19,1650.0,1654.9000244140625,1629.800048828125,1638.699951171875,13149023,1605.244452582465,1582.7272727272727,1530.3560009765624,1513.8277868652344,1608.8314146573914,1585.2264235964255,68.4464158038194,26.125054681703887,24.87546291122049,1.249591770483395,1642.7556059381943,1531.0943940618054,32.852129837100726,0,1617.7000122070312,1569.0499877929688,26.742885044642858
2025-12-22,1664.0,1693.199951171875,1664.0,1689.5999755859375,23098923,1615.3111165364585,1589.6863625266335,1534.4171435546875,1514.0798406982422,1624.9851268431007,1594.7149283227448,75.62253131829081,31.124914816857427,26.12535329234788,4.999561524509549,1663.3333342783053,1524.6766632802885,35.152991068460295,0,1636.8499755859375,1588.199951171875,28.935738699776785
2025-12-23,1679.0,1679.0,1656.4000244140625,1668.300048828125,6593060,1624.588894314236,1595.2909102006392,1537.9419775390625,1514.1238983154296,1633.6481112401057,1601.4044847323246,68.59242808959344,32.9883448130995,27.497951596498204,5.490393216601298,1671.050687153621,1530.7293177291915,36.80531564190042,0,1636.8499755859375,1588.199951171875,29.028590611049108
2025-12-24,1661.0,1667.5999755859375,1652.5,1663.4000244140625,4271167,1631.8555636935764,1600.5363658558238,1541.79626953125,1514.2420379638672,1639.598493874897,1607.0404428852098,67.04823133632522,33.68147639748827,28.73465655669622,4.946819840792049,1678.5453285162714,1533.784676366541,38.088718944462094,0,1637.8999633789062,1591.8499755859375,27.942879813058035
2025-12-26,1663.4000244140625,1668.800048828125,1651.699951171875,1656.0999755859375,2006491,1638.2888997395833,1606.2409113103693,1545.5695629882812,1514.2110119628906,1642.8987902171052,1611.5004004034577,64.71092170545707,33.25835364230147,29.639395973817276,3.6189576684842,1683.768179921292,1537.5318200787085,39.30403349117544,0,1639.0999755859375,1609.5499877929688,26.721452985491077
2025-12-29,1658.0,1673.0999755859375,1637.0999755859375,1644.699951171875,4062817,1642.5,1610.1863625266335,1549.4201806640624,1514.101860961914,1643.2590224080593,1614.5185413824047,61.1272479529604,31.638430976092422,30.039202974272307,1.5992280018201157,1685.4282436071028,1544.3317539514908,39.46542182262537,0,1639.3999633789062,1609.5499877929688,27.164306640625
2025-12-30,1647.0,1647.9000244140625,1616.800048828125,1621.5999755859375,9395937,1645.6888834635415,1612.6954512162642,1552.8659252929688,1514.022170410156,1638.927213043635,1615.1623081281805,54.536583101516,28.165975780884764,29.6645575355948,-1.4985817547100346,1684.1424722313486,1551.377522885839,38.44636095496554,0,1639.5999755859375,1609.5499877929688,27.357160295758927
2025-12-31,1621.0,1628.5999755859375,1609.199951171875,1615.4000244140625,6538656,1647.1777750651042,1615.2090897993608,1556.78650390625,1513.836450805664,1634.2217753177206,1615.1839186996242,52.88836029838557,24.629828445790054,28.65761171763385,-4.027783271843799,1681.294488915593,1559.6655086430007,37.101837804887765,0,1649.949951171875,1609.5499877929688,26.942879813058035
2026-01-01,1615.4000244140625,1639.5999755859375,1614.0999755859375,1629.800048828125,3658165,1647.5111083984375,1618.20000110973,1560.6050537109377,1513.916254272461,1633.3374300198016,1616.512657802215,56.19942344658567,22.727380732569145,27.471565520620917,-4.7441847880517685,1680.6693144516205,1565.4006928725985,36.22600364715265,0,1651.199951171875,1612.6499633789062,26.842878069196427
2026-01-02,1635.9000244140625,1643.5,1627.5,1640.4000244140625,2524526,1647.7000054253472,1621.8090931285512,1564.4090698242187,1514.3926391601562,1634.749948898654,1618.6842365851105,58.510950844857376,21.82343962812547,26.341940342121827,-4.518500713996357,1682.0055974566724,1568.344414750359,35.54256191523309,0,1651.199951171875,1622.699951171875,26.614301409040177
2026-01-05,1637.0,1637.0,1583.0999755859375,1606.4000244140625,5917885,1638.45556640625,1623.0681873668325,1566.4280053710938,1514.7524432373048,1629.0799640017358,1617.567490024106,49.48924290426717,18.15427278415245,24.704406830527954,-6.550134046375501,1682.0082813098848,1567.3617382213652,33.16866648301456,0,1631.0499877929688,1623.6499633789062,28.864301409040177
2026-01-06,1600.0999755859375,1619.9000244140625,1599.0,1612.199951171875,4466729,1632.2222222222222,1623.7318226207387,1568.62400390625,1515.0917120361328,1625.703961435764,1617.0795319466306,50.880582333605,15.53535533682907,22.87059653178818,-7.33524119495911,1682.010268026912,1567.499741738713,30.96433501024021,0,1628.0999755859375,1623.6499633789062,28.842869349888392
2026-01-07,1615.0,1642.0,1615.0,1639.0,4508079,1629.5111083984375,1624.7681884765625,1571.31400390625,1515.5649810791017,1628.3631691486112,1619.072301769664,56.80181916950786,15.444351484482468,21.38534752232704,-5.940996037844574,1683.0079750658226,1570.5020346998024,29.43997523440359,0,1628.0999755859375,1623.6499633789062,29.478585379464285
2026-01-08,1638.9000244140625,1644.300048828125,1608.5999755859375,1613.300048828125,3942131,1624.7555609809028,1624.8818248401988,1573.576005859375,1515.926747436523,1625.350545084514,1618.5475515022513,50.5133261195458,13.14690960942312,19.73765993974626,-6.590750330323139,1681.3155596625866,1575.0444501030383,27.749700598973856,0,1628.0999755859375,1623.6499633789062,30.028590611049108
2026-01-09,1610.0,1631.300048828125,1607.0,1614.0999755859375,6816681,1621.3555636935764,1625.5681873668325,1575.6500048828125,1516.1516809082032,1623.100431184799,1618.14322641895,50.69629049843963,11.260909025775844,18.04230975695217,-6.78140073117633,1680.6632454093594,1577.3067619148594,26.10944182475666,0,1615.5,1630.5999755859375,29.75716727120536
2026-01-12,1610.0999755859375,1613.300048828125,1592.5999755859375,1595.9000244140625,6985362,1618.5000135633682,1626.0727317116475,1577.6920043945313,1516.3973095703125,1617.6603498306515,1616.1211171457785,46.48517251009656,8.203095836548982,16.074466972871537,-7.871371136322555,1680.8460647571253,1576.893949891312,24.525158963702918,0,1613.7000122070312,1636.8499755859375,27.4000244140625
2026-01-13,1618.0,1618.0,1586.4000244140625,1599.0,8080618,1616.6777886284722,1626.1181862571025,1580.0260034179687,1516.6574670410157,1613.9282798645215,1614.5646519507077,47.28833004198567,5.961182178494028,14.051810013996036,-8.090627835502008,1681.2641080045116,1575.6959017611132,23.308856827116355,0,1613.7000122070312,1636.8499755859375,27.285740443638392
2026-01-14,1588.0,1617.0,1583.0999755859375,1599.800048828125,7557157,1613.344455295139,1626.19091796875,1582.3120043945312,1516.748256225586,1611.1026336572424,1613.2224153032,47.50729190948815,4.200584977663084,12.081565006729448,-7.880980029066363,1680.7125194143546,1576.9374927926765,22.317143311240542,0,1613.7000122070312,1636.8499755859375,28.578595842633927
2026-01-15,1599.800048828125,1599.800048828125,1599.800048828125,1599.800048828125,0,1608.8333468967014,1625.8727361505682,1584.9500048828124,1516.9798767089844,1608.842116691419,1612.0022001691025,47.50729190948815,2.773329792081768,10.219917963799912,-7.446588171718144,1680.8506956490512,1576.5793214407925,21.396266475070146,0,1613.7000122070312,1636.8499755859375,27.357160295758927
2026-01-16,1663.699951171875,1694.0,1653.4000244140625,1689.800048828125,19335957,1618.1000162760415,1630.2772827148438,1589.4120068359375,1517.641586303711,1625.0337031187605,1619.074731865377,65.9568738599392,8.802992198910033,9.936532810821936,-1.1335406119119025,1690.6964035959304,1573.0336134939134,22.38587632442158,0,1638.5499877929688,1637.25,31.514299665178573
2026-01-19,1685.0,1685.0,1666.5,1681.199951171875,5104958,1625.7666829427085,1633.8772804953835,1593.5000048828124,1518.4200671386718,1636.266952729383,1624.7224790750588,63.65456971741665,12.740720001494536,10.497370248956456,2.24334975253808,1696.7967959431646,1571.1832211466792,23.3047997559622,0,1638.5499877929688,1638.2999877929688,30.95716203962053
2026-01-20,1673.0,1680.199951171875,1652.9000244140625,1658.9000244140625,6406503,1627.9777967664932,1635.3363702947445,1596.408005371094,1519.3014538574218,1640.7935670663194,1627.829528651332,58.00099883654714,13.901729450172525,11.17824208919967,2.723487360972854,1690.8875284056708,1574.0224935669853,23.539919316151884,0,1638.5499877929688,1638.5499877929688,31.592869349888392
2026-01-21,1651.0,1657.0,1631.199951171875,1654.4000244140625,6224582,1632.544460720486,1636.050009987571,1598.8900048828125,1520.0454888916015,1643.514858535868,1630.2450282661257,56.90270157422219,14.293953611385632,11.801384393636862,2.4925692177487697,1688.709224499542,1574.810795031708,22.862486127886555,0,1638.5499877929688,1638.5499877929688,31.750017438616077
2026-01-22,1666.0,1671.199951171875,1653.800048828125,1663.5,6228892,1638.0333523220486,1634.8636474609375,1601.126005859375,1521.0955639648437,1647.5118868286947,1633.2682075146597,58.60955761462043,15.164281663506245,12.473963847610738,2.690317815895506,1688.725933254143,1574.8040838357006,22.634021662622864,0,1638.5499877929688,1638.5499877929688,31.85001046316964
2026-01-23,1667.199951171875,1675.699951171875,1662.199951171875,1670.800048828125,5869137,1646.3555772569443,1634.9772838245738,1603.706005859375,1522.3999432373048,1652.169519228581,1636.6801930886108,59.97888182279009,16.255690366830095,13.230309151454607,3.0253812153754858,1691.1377710571337,1573.8622533569287,22.546881511853584,0,1638.5499877929688,1638.5499877929688,28.721435546875
2026-01-27,1685.800048828125,1689.4000244140625,1661.0999755859375,1682.699951171875,10673087,1655.6555718315972,1635.8545532226562,1607.30400390625,1524.030431518555,1658.27560561724,1640.8638074598166,62.17562981870702,17.874812582133927,14.159209837590472,3.715602744543455,1697.0289654666883,1571.7710589473745,22.8401600504477,0,1638.5499877929688,1638.5499877929688,29.250008719308035
2026-01-28,1680.0,1688.800048828125,1650.0,1666.5,8588664,1663.066677517361,1636.3272816051135,1610.4820043945313,1525.4242761230469,1659.920484493792,1643.194370418015,57.5448663592691,17.647350263238195,14.856837922720018,2.790512340518177,1700.5480652527074,1572.7419616027612,22.615214193640742,0,1646.9000244140625,1638.5499877929688,29.892865862165177
2026-01-29,1658.0,1666.5,1642.0999755859375,1659.5,4749582,1669.7000054253472,1637.0000110973012,1613.94400390625,1526.905014038086,1659.8363875950338,1644.6767003800137,55.61729148116578,16.709625081616196,15.227395354499254,1.4822297271169411,1702.7098267934125,1574.9901976206502,22.06070490428751,0,1662.5999755859375,1638.5499877929688,29.085719517299108
2026-01-30,1655.0,1655.0,1618.0999755859375,1641.0,9207926,1664.2777777777778,1637.8818303888495,1615.9420043945313,1528.265327758789,1656.069110076027,1644.3424548909215,50.77640404070124,14.308733556623338,15.043662994924071,-0.7349294383007354,1703.1319539001074,1575.6880656311428,20.58748567844371,0,1653.75,1638.5499877929688,30.307146344866077
2026-02-02,1662.0,1662.0,1618.0,1629.4000244140625,6784887,1658.5222303602432,1638.518194025213,1617.8000048828126,1529.4872705078126,1650.7352929436342,1642.984052120298,47.95773648504745,11.339276519569694,14.302785699853198,-2.963509180283504,1702.7356767545089,1574.984342776741,19.468675920952013,0,1653.7000122070312,1638.5499877929688,31.914289202008927
2026-02-03,1727.199951171875,1728.0,1653.0,1656.0,8805868,1658.2000054253472,1639.709100896662,1620.0200048828126,1530.9048590087891,1651.7882343549074,1644.1673201093618,54.23187220616205,11.005491690903682,13.643326898063297,-2.637835207159613,1703.7437865941124,1578.9362304957313,20.22514760390018,0,1673.0,1655.5499877929688,36.700003487723215
2026-02-04,1574.0,1584.9000244140625,1510.0999755859375,1535.800048828125,28828622,1645.0222303602432,1634.9545565518465,1619.776005859375,1531.690368041992,1628.5905972495511,1634.3157499928857,34.17934238668835,1.0299605585412337,11.120653630158882,-10.090693071617649,1714.973282999266,1560.0667438562025,20.176151125515705,0,1619.0499877929688,1619.0499877929688,44.700003487723215
2026-02-05,1534.0,1551.0,1515.699951171875,1520.199951171875,10628127,1629.1000027126736,1631.0363714044745,1619.5680053710937,1532.2449029541017,1606.912468034016,1623.9415864637028,32.49975586413734,-8.041816187922905,7.288159666542525,-15.329975854465433,1725.1089838823275,1538.0510380903286,20.130654395587264,0,1619.0499877929688,1619.0499877929688,47.221435546875
2026-02-06,1522.0999755859375,1525.0,1480.0,1507.0999755859375,13900866,1610.911105685764,1626.2590997869318,1618.5520043945312,1532.8708850097655,1586.9499695444003,1613.3196218384514,31.1169428648315,-16.10270125040779,2.6099874831524628,-18.712688733560253,1734.9933414595148,1517.5466731889228,20.660244740988908,0,1604.0,1604.0,43.7071533203125
2026-02-09,1522.0999755859375,1528.0,1493.0,1497.199951171875,8294615,1590.2999945746528,1619.813643022017,1617.1680029296874,1533.19435546875,1568.9999658698955,1602.76328814149,30.07547398316053,-23.02444846059393,-2.516899705596816,-20.507548754997117,1743.522156456064,1497.3278557509673,21.070706081345666,0,1604.0,1604.0,44.54286411830357
2026-02-10,1500.0,1515.9000244140625,1491.0,1497.800048828125,8657000,1571.5555555555557,1614.563643022017,1615.9220043945313,1533.5378228759766,1554.7599824615415,1593.2211754766386,30.22791485576181,-28.13721186396674,-7.640962137270801,-20.49624972669594,1750.0214572696689,1481.0185573787687,21.48531379960327,0,1604.0,1604.0,44.30001395089285
2026-02-11,1501.199951171875,1505.9000244140625,1469.0,1471.9000244140625,7934411,1550.711113823785,1608.100008877841,1614.0800048828123,1533.7090551757813,1538.187990852046,1582.1919799254952,27.44675572794553,-33.88838500375414,-12.890446710567469,-20.99793829318667,1758.1804502295506,1460.1495668602931,22.236591555644186,0,1598.5,1598.5,44.9571533203125
2026-02-12,1428.9000244140625,1435.699951171875,1380.5,1386.0,26048896,1522.3777804904514,1598.5590986772015,1610.5800048828123,1533.4415606689454,1507.7503926816369,1564.3563453868137,20.65807604937501,-44.86052106364127,-19.284461581182228,-25.576059482459044,1777.892780474789,1419.057231732242,24.065921826855224,0,1554.25,1554.25,50.24287632533482
2026-02-13,1293.9000244140625,1377.300048828125,1281.5,1369.0999755859375,45785709,1493.4555528428818,1588.1090975674715,1606.3880053710936,1533.0147784423827,1480.020309262497,1546.6057663140068,19.629396793336824,-54.293843046000575,-26.2863378741459,-28.007505171854675,1793.5955903463678,1380.2844145364447,26.581079653394237,0,1504.75,1504.75,56.74287632533482
2026-02-16,1373.699951171875,1376.0,1338.300048828125,1365.5999755859375,14621891,1461.1888834635415,1577.4636396928267,1601.7480053710938,1532.5578704833983,1457.1362425271852,1530.1506944296368,19.41378833403316,-61.34509140202567,-33.298088579721856,-28.047002822303817,1793.6351997905313,1347.8247977680626,28.916583349466173,0,1433.2000122070312,1504.75,57.414297921316965
2026-02-17,1370.0,1431.0,1367.0,1391.199951171875,25347684,1445.1222059461809,1567.981817072088,1597.2480053710938,1532.195939331055,1443.9489842561231,1517.518808678931,25.83087885048297,-64.12832107693316,-39.46413507916412,-24.66418599776905,1786.4858695620474,1325.9741279965465,29.67740811255056,0,1416.25,1504.75,59.31429617745536
2026-02-18,1390.9000244140625,1401.0,1345.300048828125,1373.699951171875,20241373,1428.8444281684028,1553.6136308149858,1592.5060034179687,1531.7382525634766,1429.8991776392736,1504.4443670873804,24.40047432720145,-66.97411844528597,-44.96613175238849,-22.007986692897475,1780.6256680983736,1303.3143221360012,30.59951101051309,0,1404.75,1504.75,61.55000523158482
2026-02-19,1385.0,1402.0,1363.199951171875,1370.5,14574228,1413.6666531032986,1539.4909057617188,1587.9360034179688,1531.2504833984376,1418.019342111419,1492.267606443073,24.13726712118732,-68.69576071117876,-49.71205754414655,-18.983703167032218,1771.9815523728626,1283.5684354201062,31.43056344654168,0,1404.75,1504.75,61.36429268973215
2026-02-20,1359.199951171875,1365.0,1338.199951171875,1353.199951171875,12633552,1397.6666531032986,1525.5954478870738,1583.304001464844,1530.6917535400391,1405.0554639235104,1479.6250923275093,22.71092721660192,-70.64182893756993,-53.89801182283122,-16.743817114738704,1759.567967983398,1264.9520149267582,32.45981691056688,0,1398.7000122070312,1504.75,60.52858189174107
2026-02-23,1352.0,1352.0,1318.0,1327.5,12887826,1378.7444254557292,1510.7363558682528,1577.8940014648438,1529.989468994141,1389.5443711388084,1465.795538479554,20.74933482895017,-73.41162973335258,-57.80073540493549,-15.61089432841709,1743.7225591211627,1246.4674189061811,33.61485480268331,0,1393.7000122070312,1504.75,56.00000871930804
2026-02-24,1301.0,1303.5999755859375,1264.0999755859375,1275.5,27839061,1356.9222005208333,1493.0999922318892,1571.4400024414062,1529.045639038086,1366.735496911047,1448.4959440723217,17.46276642413619,-78.89324996100754,-62.01923831614991,-16.87401164485763,1725.3595474390193,1224.1104354711372,35.16054892452861,0,1349.8999633789062,1496.0499877929688,50.107151576450896
2026-02-25,1286.199951171875,1323.5999755859375,1286.199951171875,1290.0999755859375,16669618,1346.2666422526042,1475.7954434481535,1565.1060009765624,1527.5954541015626,1351.4083926460253,1434.0963105735595,21.235055265108382,-81.12422787085029,-65.84023622708999,-15.283991643760302,1702.402993554711,1209.426986914039,36.05239937851807,0,1347.5499877929688,1496.0499877929688,51.021432059151785
2026-02-26,1305.5,1314.0,1286.300048828125,1289.0999755859375,11493914,1337.377753363715,1457.9045354669745,1559.03,1526.4233911132812,1338.9467092340078,1420.914825574685,21.16370767011217,-82.02742449114476,-69.07767387990094,-12.949750611243816,1674.9763009517817,1199.813677075562,36.880546228651134,0,1347.5499877929688,1496.0499877929688,49.785714285714285
2026-02-27,1326.300048828125,1335.0,1294.199951171875,1300.0999755859375,23141724,1330.0999755859375,1441.2499889026988,1552.9919995117189,1525.1907482910156,1331.1773625043938,1409.9316573938895,24.18142748639295,-80.9227788290832,-71.4466948697374,-9.4760839593458,1644.9888595506652,1195.7111160352722,37.05563906018331,0,1347.5499877929688,1496.0499877929688,50.56428745814732
2026-03-02,1291.0,1298.800048828125,1273.0,1288.9000244140625,9700361,1318.7333170572915,1424.4045354669745,1546.2339990234375,1523.8020666503903,1322.7218948863276,1398.9287816684507,23.2073652886167,-80.02856219212936,-73.1630683342158,-6.865493857913563,1612.321396932479,1194.3285786534586,37.46822808285732,0,1333.0499877929688,1496.0499877929688,50.721426827566965
2026-03-04,1292.0,1317.0,1292.0,1307.4000244140625,15154950,1311.3666585286458,1409.2409002130682,1539.6080004882813,1522.6180645751954,1319.6575207918745,1390.607985554415,28.34200184523772,-76.9401752293636,-73.91848971324536,-3.0216855161182394,1561.6690425831932,1210.1209354441503,37.33473763621206,0,1333.0499877929688,1496.0499877929688,50.09285191127232
2026-03-05,1320.0,1320.0,1290.0999755859375,1305.800048828125,10362147,1304.1777750651042,1394.5318104137075,1531.932001953125,1521.5722369384766,1316.8860263991248,1382.8981731247527,28.166593289041472,-73.77132110038428,-73.88905599067316,0.1177348902888724,1538.58815673459,1210.2018212927535,37.12449555744644,0,1314.5499877929688,1496.0499877929688,45.69999476841518
2026-03-06,1303.0,1327.199951171875,1303.0,1308.4000244140625,8724291,1299.2000054253472,1378.7318115234375,1524.7340014648437,1520.5355242919925,1315.1888260021124,1376.1256141510537,28.936270881237636,-70.240496353156,-73.15934406316973,2.918847710013722,1515.2266211548188,1212.3833641967435,36.71321597402708,0,1308.0499877929688,1496.0499877929688,39.96427699497768
2026-03-09,1290.0,1318.0,1282.5,1315.0,10068514,1297.8111165364585,1368.6954456676135,1517.7660009765625,1519.4934466552734,1315.15106080169,1370.5687401373214,30.958590392037763,-66.14722539216837,-71.75692032896946,5.609694936801091,1491.0162560995318,1217.3837316934369,36.647799370115486,0,1299.5499877929688,1496.0499877929688,39.80713762555804
2026-03-10,1320.0,1321.0,1284.0999755859375,1295.5999755859375,9600171,1300.0444471571182,1358.4863558682528,1510.5560009765625,1518.456351318359,1311.2408437585395,1363.7533979053774,28.400194639111177,-63.73401247978495,-70.15233875913256,6.41832627934761,1465.3996827232647,1222.8403075111105,36.48936182650292,0,1304.0,1496.0499877929688,37.77142333984375
2026-03-11,1288.0,1299.5,1271.300048828125,1276.300048828125,7868891,1298.5111219618057,1347.995450106534,1503.1880029296874,1517.2387420654295,1304.2526847724566,1355.803093443809,26.090243725562445,-62.65660036694794,-68.65319108069565,5.996590713747708,1433.983221331604,1232.106768902771,36.54940116425578,0,1303.1500244140625,1496.0499877929688,35.807137625558035
2026-03-12,1272.5,1278.5999755859375,1258.0,1265.800048828125,7599940,1295.9222412109375,1337.4772727272727,1496.0720043945312,1515.8923895263672,1296.5621575835903,1347.620998478747,24.90349165268809,-61.93604557350659,-67.30976197925784,5.373716405751253,1404.191046956027,1241.2889457197543,36.81626204792362,0,1296.5,1421.4500122070312,34.507132393973215
2026-03-13,1251.0,1269.5999755859375,1242.5999755859375,1248.300048828125,7366098,1290.1666937934028,1326.1363636363635,1488.7300048828124,1514.509041748047,1286.9097358324975,1338.5918212377817,23.02377724340741,-62.06169585700968,-66.26014875480821,4.198452897798532,1398.0668095796293,1233.6431879789643,37.30096130425059,0,1284.8999633789062,1396.7999877929688,34.12855747767857
2026-03-16,1240.199951171875,1254.300048828125,1224.199951171875,1249.800048828125,12314450,1285.8222520616318,1316.0409102006392,1481.1300048828125,1513.124938354492,1279.487798431623,1330.5198419278126,23.55638895971002,-61.33322589842078,-65.27476418353073,3.941538285109957,1393.1408206112712,1226.6391842715414,38.019729243644726,0,1275.699951171875,1376.0999755859375,33.7642822265625
2026-03-17,1245.0,1245.0,1215.0999755859375,1232.9000244140625,11223276,1277.5444742838542,1309.0818204012785,1472.9800048828124,1511.5893182373047,1270.170243628111,1321.6453130629263,21.73193358638437,-61.41168328129311,-64.50214800308322,3.090464721790113,1388.9278350721677,1217.5821746934575,38.81613586734963,0,1271.1499633789062,1371.5499877929688,31.714285714285715
2026-03-18,1238.0,1290.800048828125,1234.9000244140625,1267.0999755859375,12365381,1273.2444661458333,1304.4454567649148,1466.19400390625,1510.2291302490237,1269.5561900196765,1316.6866460195636,33.03497682598113,-58.04510326520244,-63.21073905550707,5.165635790304627,1373.369339480496,1220.7306727265352,37.8850963923335,0,1271.1499633789062,1365.5,32.41428920200893
2026-03-19,1244.199951171875,1255.0,1215.0999755859375,1220.800048828125,9156461,1263.5111355251736,1297.863641912287,1458.366005859375,1508.6812713623046,1259.804961781366,1307.969682638524,27.28928375544008,-58.43942814193474,-62.25647687279261,3.81704873085787,1364.0084763671578,1214.8015456054984,37.381205713743526,0,1268.0499877929688,1360.5,34.15000697544643
2026-03-20,1242.0,1264.800048828125,1229.199951171875,1255.9000244140625,27299975,1256.9444715711809,1291.7136452414773,1450.7040063476563,1507.362098388672,1259.0239743079053,1303.2360773453909,36.33021184274018,-55.28239769215497,-60.86166103666508,5.57926334451011,1349.0910815901505,1218.258942823912,36.5863008773856,0,1268.0499877929688,1325.3999633789062,34.014290945870535
2026-03-23,1238.199951171875,1261.0999755859375,1227.4000244140625,1256.800048828125,12420293,1252.6333685980903,1286.4000133167613,1443.5740063476562,1506.0070440673828,1258.5791892119491,1299.0146202074577,36.548078879737474,-52.10714513360267,-59.1107578560526,7.00361272244993,1336.438630611051,1221.2714035686367,35.88438338018498,0,1257.2999877929688,1323.0499877929688,34.4857177734375
2026-03-24,1269.0,1297.0,1251.0,1278.300048828125,13613495,1252.8555908203125,1282.2091064453125,1436.8580078125,1504.744223022461,1262.5233611351844,1297.131477354791,41.68178710788412,-47.31049831270184,-56.75070594738245,9.440207634680611,1329.2370611307886,1223.5529779317114,34.06777866966776,0,1256.0499877929688,1323.0499877929688,35.764290945870535
2026-03-25,1270.0,1290.5999755859375,1257.0999755859375,1279.0999755859375,10824030,1254.3333604600691,1278.8409257368608,1430.5220068359374,1503.4386175537109,1265.838684025335,1295.492249921259,41.87023073435089,-42.949478887581336,-53.99046053542223,11.040981647840894,1329.4287473489742,1223.7212892721195,32.3809314384732,0,1256.0499877929688,1323.0499877929688,36.021432059151785
2026-03-27,1285.199951171875,1294.800048828125,1263.199951171875,1269.699951171875,13092541,1256.7111273871528,1276.2136507901278,1423.936005859375,1502.041198120117,1266.610937454643,1293.1474954894966,40.22532778710593,-39.79313252329439,-51.15099493299667,11.357862409702278,1328.096205398237,1223.01382878145,30.67921988313979,0,1256.0499877929688,1308.5499877929688,36.55001395089285
2026-03-30,1250.0,1265.5,1243.0,1250.5999755859375,14108486,1256.8000081380208,1275.0818314985795,1416.9520043945313,1500.434520263672,1263.408745080902,1289.2795391346274,37.041078489793065,-38.39037336698152,-48.59887061979364,10.208497252812116,1326.8977893608037,1220.362244818884,29.632090800869296,0,1256.0499877929688,1308.5499877929688,35.921439034598215
2026-04-01,1290.0,1303.0,1269.5,1275.699951171875,8137156,1261.5555555555557,1274.427284934304,1410.4700024414062,1498.7804888916016,1265.8669862990969,1288.0450311380134,43.38376997348676,-34.851571150855534,-45.84941072600602,10.997839575150486,1324.222982723364,1220.5970490149173,27.533685432339293,0,1259.0499877929688,1290.0499877929688,37.02858189174107
2026-04-02,1260.0,1305.4000244140625,1259.800048828125,1300.800048828125,12873492,1265.3000081380208,1274.9591064453125,1402.6900024414062,1497.3627618408202,1272.8535988049025,1289.2045782007508,48.92506099702531,-29.67954941748485,-42.61543846430179,12.93588904681694,1325.8777836310474,1220.13225054864,25.81810550309368,0,1260.25,1283.5499877929688,38.27144077845982
2026-04-06,1301.4000244140625,1320.0,1299.0,1306.199951171875,10208682,1274.788886176215,1275.236378062855,1395.1900024414062,1496.004536743164,1279.522869278297,1290.7496121072163,50.057552652729456,-24.85840571386143,-39.064031914213714,14.205626200352285,1325.6559030631809,1220.234123792288,24.147642788345937,0,1273.7000122070312,1275.0499877929688,38.30001395089285
2026-04-07,1302.0,1345.0999755859375,1293.5,1339.4000244140625,15355792,1284.0666639539932,1277.5318326083095,1388.800002441406,1494.7049548339844,1291.4983003054504,1295.1723768623842,56.45110356249905,-18.14943080749936,-34.881111692870846,16.73168088537149,1333.5235818891092,1215.7264425249532,23.266527814394667,0,1286.25,1280.0999755859375,40.0571550641741
2026-04-08,1349.0,1376.9000244140625,1331.0,1346.199951171875,16030133,1293.9999864366318,1279.2954656427555,1382.6360009765624,1493.360086669922,1302.4386304787354,1299.811247254156,57.64703425213799,-12.143836016335854,-30.33365655756385,18.189820541227995,1342.031138965992,1210.9988781238517,23.178820912447847,0,1309.9500122070312,1296.0,41.18572126116072
2026-04-09,1329.9000244140625,1337.5,1314.0,1331.5999755859375,14894607,1299.9222005208333,1280.4681895862925,1375.9980004882811,1491.9766906738282,1308.2708995001758,1302.7011316479543,54.20510734459208,-8.46487705556956,-25.959900657164997,17.495023601595435,1345.2895775461525,1209.4004371022854,22.55183510395688,0,1309.9500122070312,1296.0,41.00714111328125
2026-04-10,1318.0,1318.9000244140625,1283.300048828125,1292.5,19233369,1301.4110921223958,1279.7454612038352,1368.4319995117187,1490.4692016601562,1305.1167196001406,1301.7737560435949,46.2421915589757,-8.605122337544344,-22.488944993240864,13.88382265569652,1344.9731867125413,1209.4068303773026,21.08298005292539,0,1309.9500122070312,1296.0,40.321419852120535
2026-04-13,1272.0,1289.0,1265.699951171875,1276.800048828125,10366082,1302.1999918619792,1278.0090997869318,1360.3140014648438,1488.8610522460938,1299.4533854457377,1299.5034190240067,43.48015455932018,-9.869354804796105,-19.965026955551917,10.09567215075581,1344.9971734746646,1209.432843615179,19.892439468945646,0,1309.9500122070312,1296.0,38.52142333984375
2026-04-15,1306.300048828125,1322.5,1300.5,1305.300048828125,12098912,1308.2777777777778,1278.4500122070312,1353.0900024414063,1487.586970214844,1300.6227181222152,1300.0303853698356,49.38978724676075,-8.473874774240812,-17.666796519289694,9.19292174504888,1347.8676838029849,1210.512333286859,19.006572466469677,0,1318.3500366210938,1296.0,38.642848423549104
2026-04-16,1322.0999755859375,1331.0,1309.0,1319.199951171875,18527029,1313.111111111111,1280.4000077681108,1346.2840014648436,1486.3942071533204,1304.338164732147,1301.773073170021,52.02448465143869,-6.175157471891453,-15.368468709810044,9.193311237918593,1352.0158595499734,1213.4541477742457,18.383638537381117,0,1318.3500366210938,1296.0,38.071419852120535
2026-04-17,1313.0,1328.300048828125,1306.0999755859375,1318.699951171875,12064048,1315.0999891493057,1282.8045487837358,1339.8380004882813,1485.034954223633,1307.2105220200926,1303.3118802610986,51.91977942555115,-4.343682007408006,-13.16351136932964,8.819829361921633,1355.417396776791,1216.9426007818029,17.718705504163566,0,1321.2999877929688,1296.0,36.37142508370536
2026-04-20,1320.0,1324.9000244140625,1308.0999755859375,1312.5999755859375,7172300,1315.8111029730903,1285.7272727272727,1333.5019995117189,1483.6397845458985,1308.2884127332618,1304.1562525633567,50.58225556406928,-3.345872422347384,-11.199983579933187,7.854111157585804,1355.5581997223965,1224.7717929533849,17.101267687604416,0,1321.2999877929688,1296.0,35.17857142857143
2026-04-21,1310.0,1325.0,1299.300048828125,1313.199951171875,10057440,1312.8999837239585,1288.6090864701705,1326.6459985351562,1482.28701171875,1309.2707204209846,1304.978406982313,50.716735759080585,-2.4781218753746543,-9.45561123902148,6.977489363646827,1357.6896903289214,1227.2502999054534,16.238081774730592,0,1321.2999877929688,1296.0,34.757132393973215
2026-04-22,1295.0,1297.699951171875,1255.9000244140625,1268.5999755859375,20088378,1304.2777642144097,1290.2318115234375,1321.3019970703126,1480.7417712402344,1301.1365714539752,1301.6712768553696,41.64442347385109,-5.327852440865627,-8.630059479390312,3.302207038524685,1352.0275126687006,1237.6924702414558,15.95752757493625,0,1296.7000122070312,1296.0,36.942844935825896
2026-04-23,1254.0,1265.699951171875,1226.0,1240.5999755859375,14792854,1294.1666531032986,1289.027266068892,1315.7099975585938,1479.0319073486328,1289.0292522803677,1296.1193403763302,37.15129582007142,-9.733449294844604,-8.85073744248117,-0.8827118523634336,1353.810387281222,1234.379590746122,16.38013525741444,0,1278.5,1296.0,36.24284144810268
2026-04-24,1200.0,1223.9000244140625,1152.199951171875,1154.5999755859375,42078914,1278.8444281684028,1286.0181718306108,1308.6599975585937,1476.873822631836,1262.1433969414816,1283.2539435772037,27.38002837171402,-19.93460410300645,-11.067510774586228,-8.867093328420223,1374.189217039063,1203.780753664062,18.02673479947149,0,1241.5999755859375,1264.5499877929688,39.29998779296875
2026-04-27,1154.5999755859375,1179.9000244140625,1154.5,1170.300048828125,19579883,1267.0110948350691,1282.1272638494318,1302.1219995117187,1474.7538568115235,1243.7747273188104,1272.9854076909237,30.95049840826985,-26.44735938805252,-14.143480497279484,-12.303878890773031,1383.976441794496,1183.1935289086289,19.555720088524467,0,1241.5999755859375,1264.5499877929688,39.61427525111607
2026-04-28,1162.699951171875,1169.4000244140625,1149.800048828125,1152.0999755859375,12720276,1249.9888644748264,1277.3681696111505,1295.207998046875,1472.4345495605469,1225.439776972236,1261.9958229541069,29.1606251138857,-32.70040872314303,-17.854866142452195,-14.845542580690832,1393.6139977318944,1160.8559729712306,21.046133558014294,0,1240.4000244140625,1263.3500366210938,37.392848423549104
2026-04-29,1158.5,1178.199951171875,1156.800048828125,1167.5,8303109,1233.1333143446182,1272.3318037553267,1289.1199975585937,1470.2597088623047,1213.8518215777888,1253.405293594643,32.70678936746786,-35.99837524355212,-21.483567962672183,-14.514807280879936,1398.4471346627402,1145.8028409231974,22.110379506179736,0,1239.050048828125,1263.3500366210938,35.97855922154018
2026-04-30,1167.5,1189.800048828125,1159.5999755859375,1181.800048828125,12205669,1217.9222140842014,1267.9090798117898,1285.0359985351563,1468.0987512207032,1207.441467027856,1246.8957258885955,35.914848306294346,-37.03126961663133,-24.593108293464017,-12.438161323167318,1401.0765158330928,1136.2934670770633,22.678235641667257,0,1237.4000244140625,1263.3500366210938,35.83571079799107
2026-05-01,1181.800048828125,1181.800048828125,1181.800048828125,1181.800048828125,0,1203.388888888889,1263.9136297052555,1281.29,1465.962416381836,1202.31318338791,1240.9779370649162,35.91484830629433,-37.41850857426721,-27.158188349624652,-10.260320224642552,1401.8798255237805,1126.100167152001,23.205530624619957,0,1237.4000244140625,1263.3500366210938,32.385716029575896
2026-05-04,1195.0,1195.0,1165.199951171875,1168.4000244140625,7735811,1187.3000081380208,1260.1772682883525,1277.3460009765624,1463.8472314453124,1195.5305515931404,1234.3799450057477,34.14577627825183,-38.36442698636574,-29.39943607697288,-8.964990909392867,1400.434646061152,1114.3053441732231,24.03003259518716,0,1223.75,1263.3500366210938,32.600001743861604
2026-05-05,1169.5,1185.199951171875,1160.0999755859375,1178.0999755859375,8164108,1177.244452582465,1255.7409057617188,1273.0840014648438,1461.883471069336,1192.0444363917,1229.2635841494011,36.5810034837881,-37.894544429582766,-31.09845774749485,-6.7960866820879104,1396.2773563454475,1105.6526363303335,24.89676685075164,0,1207.75,1263.3500366210938,31.12857491629464
2026-05-06,1187.0,1191.5,1164.0999755859375,1167.199951171875,9856963,1169.088894314236,1249.668174050071,1268.9540014648437,1459.9863555908205,1187.075539347735,1223.6214356968987,35.01410283268345,-37.96407378217555,-32.471580954431,-5.492492827744549,1386.0012502170705,1098.708735134492,25.42873431701691,0,1186.8500366210938,1263.3500366210938,31.250008719308035
2026-05-07,1173.0,1175.4000244140625,1159.199951171875,1162.699951171875,12013987,1169.9888916015625,1243.1454467773438,1264.798000488281,1457.9913940429688,1182.200421712563,1218.0831189218966,34.35975949049657,-37.94488368768657,-33.56624150108211,-4.378642186604459,1372.2674036113583,1094.0925817402042,26.03365435156308,0,1172.4000244140625,1263.3500366210938,30.821437290736608
2026-05-08,1161.0,1183.5,1158.800048828125,1179.199951171875,7582770,1170.9777696397568,1235.8636252663352,1261.3180004882813,1455.9691131591796,1181.6003276044253,1214.5482854900763,38.87071085166339,-36.18118907020721,-34.089231014907135,-2.091958055300076,1358.507369969861,1092.612612940295,26.21981409130916,0,1172.4000244140625,1263.3500366210938,31.38571602957589
2026-05-11,1176.0,1187.0,1172.0999755859375,1177.0,7336288,1173.7444390190972,1228.1727183948865,1258.308000488281,1454.0559930419922,1180.6802620835404,1211.1348049909784,38.49089787079681,-34.56255048537764,-34.18389490900124,-0.3786555763764028,1350.5047571512534,1089.065225758903,26.22779303407247,0,1175.9000244140625,1263.3500366210938,30.614292689732142
2026-05-12,1162.0,1162.0,1123.0,1140.300048828125,16891948,1170.7222222222222,1219.4772671786222,1255.6040014648438,1451.9465698242188,1172.6042194324573,1204.6952817034462,32.7430689713341,-35.82814256527172,-34.51274444025533,-1.3153981250163866,1345.3882427497294,1080.5317401604268,27.357484669471685,0,1159.0,1249.9500122070312,30.37858363560268
2026-05-13,1136.5999755859375,1142.5999755859375,1121.0,1123.0999755859375,6664111,1164.1999918619792,1211.777266068892,1252.2640014648437,1449.760009765625,1162.7033706631532,1197.2775266018543,30.448204851992656,-37.78349100541709,-35.16689375328769,-2.6165972521294023,1334.5889331374,1073.1110424485375,28.444855826816163,0,1158.0,1248.9500122070312,28.87858363560268
2026-05-14,1119.800048828125,1121.9000244140625,1089.0,1095.0,16914842,1154.5555419921875,1203.5136274857955,1248.382001953125,1447.498939819336,1149.162696530523,1187.9795696380493,27.10579247041659,-41.12647155648415,-36.35880931392698,-4.767662242557165,1320.1419952358792,1065.137985232871,30.019392521487227,0,1142.0,1232.9500122070312,25.000008719308035
2026-05-15,1102.0,1133.199951171875,1101.5999755859375,1119.0,17482450,1149.066650390625,1195.0454434481535,1244.7600024414062,1445.3401416015624,1143.130157224418,1181.7086996709538,33.79086656052175,-41.36240820981061,-37.35952909310371,-4.0028791167069,1299.4159693601964,1065.894015991366,30.946519516536384,0,1140.25,1213.25,25.914289202008927
2026-05-18,1119.0,1146.0999755859375,1118.0,1142.5,12096377,1145.1110975477432,1187.0136274857955,1241.832001953125,1443.407184448242,1143.004125779535,1178.1442724281396,39.62910863092127,-39.20124851415676,-37.72787297731432,-1.4733755368424395,1274.7140575113308,1073.585930281638,31.218515563776812,0,1140.25,1210.0,26.457144601004465
2026-05-19,1162.0,1198.4000244140625,1162.0,1196.9000244140625,32175705,1148.411105685764,1181.4772671786222,1239.622001953125,1441.9274536132812,1153.7833055064402,1179.8493407904964,50.50862582006385,-32.7216912664212,-36.7266366351357,4.004945368714495,1245.8541107915862,1090.8158843256017,29.535366656556764,0,1143.7000122070312,1210.0,28.585719517299108
2026-05-20,1187.0,1206.9000244140625,1184.9000244140625,1193.699951171875,15121010,1151.8555501302085,1176.0727206143465,1237.38,1440.4302447509765,1161.7666346395272,1181.108487188803,49.93850996156772,-27.52749480655893,-34.88680826942034,7.359313462861408,1227.5913759771845,1101.588616698597,27.71098085071188,0,1147.9500122070312,1210.0,28.0
2026-05-21,1196.0999755859375,1201.800048828125,1177.0,1181.199951171875,10021033,1152.0777723524309,1170.0727206143465,1234.8359985351562,1438.8818627929688,1165.6532979459969,1181.1168020963553,47.674797788001605,-24.14141501827271,-32.737729619190816,8.596314600918106,1214.2868352439136,1108.9531549904614,26.242609974862496,0,1147.9500122070312,1210.0,29.771432059151785
2026-05-22,1182.5,1191.800048828125,1172.5,1174.5,8803066,1151.7999945746528,1165.795448996804,1232.0259985351563,1437.2738800048828,1167.4226383567975,1180.5152746330502,46.45916246560032,-21.74785670192159,-30.53975503573697,8.791898333815382,1215.474979282738,1109.7550133930436,25.010369366165023,0,1147.9500122070312,1208.6500244140625,29.021432059151785
2026-05-25,1183.0,1185.0,1166.0999755859375,1168.5,5856136,1154.933322482639,1162.5181773792613,1229.4839990234375,1435.6851434326172,1167.638110685438,1179.4229769391366,45.344099157032325,-20.103355380542094,-28.452475104698003,8.349119724155905,1215.335989089275,1109.7139987036935,24.057391994153765,0,1147.9500122070312,1207.0,28.578578404017858
2026-05-26,1166.300048828125,1180.699951171875,1162.9000244140625,1167.699951171875,8005767,1159.8888753255208,1163.1136308149858,1227.3119970703126,1434.2864367675782,1167.6504787827257,1178.357247323931,45.18835755705544,-18.64965191127135,-26.491910466012676,7.842258554741324,1215.9281554306874,1110.681829920875,23.270872998895207,0,1147.9500122070312,1207.0,27.892857142857142
2026-05-27,1161.0,1167.300048828125,1155.0,1159.9000244140625,6371871,1167.0999891493057,1162.6409024325285,1225.193996582031,1432.7950518798827,1166.100387908993,1176.6793179684882,43.615520866665534,-17.92039518057095,-24.77760740892433,6.857212228353379,1215.5303662817855,1110.3196215111832,22.78778951239527,0,1154.25,1193.3499755859375,27.642848423549108
2026-05-28,1159.9000244140625,1159.9000244140625,1159.9000244140625,1159.9000244140625,0,1171.6444363064236,1162.995450106534,1223.42599609375,1431.4031439208984,1164.860315210007,1175.1539276453586,43.61552086666554,-17.144819164431738,-23.25104976002581,6.106230595594077,1213.687483443141,1109.9725019084217,22.33921198921676,0,1162.4500122070312,1177.3499755859375,25.878566196986608
2026-05-29,1182.0,1210.0,1153.5999755859375,1160.9000244140625,69085430,1173.6888834635415,1162.6954512162642,1221.6479956054689,1430.1324572753906,1164.068257050818,1173.8581182606952,43.905825307871446,-16.262019503189777,-21.853243708658606,5.59122420546883,1211.7832743022832,1109.7867086078732,21.44921196681344,0,1181.7999877929688,1156.4500122070312,28.842851911272323
2026-06-01,1175.0,1217.0,1173.699951171875,1202.5,19439331,1174.3111029730903,1163.636358087713,1221.0399951171876,1429.0687854003909,1171.7546056406543,1176.461925691541,54.41942949565095,-12.066528616407368,-19.89590069020836,7.829372073800993,1216.7368545098243,1108.2431259589257,20.83492342937608,0,1185.2999877929688,1153.0,28.992850167410715
2026-06-02,1232.5,1278.9000244140625,1232.5,1270.800048828125,36032600,1182.8777804904514,1167.6818126331675,1221.1139965820312,1428.414573364258,1191.563694278149,1185.0381187039577,65.76481310944652,-3.1935158656431213,-16.555423725295313,13.361907859652192,1239.7243455227265,1094.525642270242,21.751493620742774,0,1216.25,1183.9500122070312,32.907139369419646
2026-06-03,1242.0999755859375,1249.9000244140625,1216.0,1222.5999755859375,18534303,1187.477783203125,1170.1454467773438,1221.1499951171877,1427.494245605469,1197.7709505397063,1188.4528329659558,55.30315133750596,-0.0503519934452469,-13.2544093789253,13.204057385480052,1246.616875147682,1093.173115086693,21.98991654357872,0,1216.25,1183.9500122070312,34.385716029575896
2026-06-04,1208.0,1215.199951171875,1196.199951171875,1201.300048828125,12755957,1190.45556640625,1171.1999955610795,1220.0579956054687,1426.4876086425782,1198.47677019739,1189.6207616806985,51.41109569997289,0.7136751393454688,-10.460792475271148,11.174467614616615,1249.7178859970004,1093.9321140029997,21.527088609205208,0,1216.25,1183.9500122070312,33.54286411830357
2026-06-05,1220.0,1223.800048828125,1194.300048828125,1197.5,8692290,1193.6777886284722,1172.5772705078125,1218.8719946289064,1425.4496600341795,1198.2814161579122,1190.337056073362,50.72521464943125,1.0010010475293711,-8.168433770711044,9.169434818240417,1251.4235848302576,1094.0564200525548,21.306017084148724,0,1216.25,1183.9500122070312,33.64286586216518
2026-06-08,1177.5,1200.699951171875,1176.5,1187.5999755859375,8631711,1195.8889024522568,1173.7090897993608,1217.0579931640625,1424.2583026123048,1196.1451280435174,1190.0882305745054,48.8950563022196,0.4249609819073612,-6.449754820187363,6.874715802094724,1252.216761964712,1094.323240476694,20.49534405961955,0,1216.25,1183.9500122070312,31.37857491629464
