Date,Open,High,Low,Close,Volume,SMA_9,SMA_22,SMA_50,SMA_200,EMA_9,EMA_21,RSI_14,MACD_Line,MACD_Signal,MACD_Hist,BB_Upper,BB_Lower,ADX_14,ST_Direction,Ichi_Tenkan,Ichi_Kijun,ATR_14
2024-12-18,1067.7760800270444,1154.2183780019452,1056.9583599071984,1119.9788818359375,4694728,1040.0702175564236,986.1922524192116,946.7002758789064,,1050.3969451303562,1005.749321411312,75.17487300274081,41.65891058304146,29.549353016956157,12.109557566085307,1107.384029446119,880.5909583468497,41.24312208307482,0,1062.2928017710317,1009.5193266959882,43.30269670122795
2024-12-19,1100.1299211557764,1143.3014606869233,1082.2658358325434,1136.652099609375,980862,1057.245110405816,997.3392639160156,950.761378173828,,1067.64797602616,1017.6495739747722,76.70648665476602,46.60581363922188,32.9606451414093,13.645168497812575,1129.945831448459,878.9549498015407,43.961961659623455,0,1062.2928017710317,1009.5193266959882,44.47236898432818
2024-12-20,1136.3542290787325,1184.9842353886522,1120.5742640260032,1141.6142578125,1260907,1073.372402615017,1007.1825561523438,954.8492749023436,,1082.441232383428,1028.919090687293,77.15816024464934,50.34631368360988,36.437778849849416,13.908534833760465,1147.9772061911326,883.6159212502737,46.72571758858438,0,1087.749067522924,1024.9022553893417,46.80462588664744
2024-12-23,1140.82030376816,1140.82030376816,1054.080223384171,1065.9400634765625,709491,1079.1175808376736,1013.480096990412,957.5437744140625,,1079.1409986020549,1032.2846336681357,58.52153437205205,46.666469854738125,38.48351705082716,8.182952803910965,1150.4297429571288,894.4225092401368,46.45463762957832,0,1090.9993558738045,1028.698379467014,50.41643309788199
2024-12-24,1075.6165117181042,1081.6704277226347,1036.16665527362,1044.8505859375,558243,1082.9715983072915,1019.3964510830966,959.7827416992188,,1072.282916069144,1033.4269929653506,54.565956881129495,41.56923822097042,39.10066128485582,2.468576936114601,1150.575266157925,904.062539017856,45.59697942608753,0,1092.2399188500106,1034.1319934250644,50.68935060173484
2024-12-26,1051.6487998208063,1056.8591580257355,1016.2183519124296,1024.9022216796875,203101,1084.5484754774309,1023.5579695268112,961.7209936523436,,1062.8067771912529,1032.652013757563,51.050965193032944,35.51063465576044,38.38265595903674,-2.8720213032762985,1147.7368988938988,915.450851350242,44.1624588594399,0,1093.2820068361102,1039.7145159749564,51.54002123039893
2024-12-27,1026.5398052807511,1032.8418334679063,1003.862365301724,1007.3359375,190991,1077.3421902126736,1026.3007368607955,962.7263439941406,,1051.7126092530025,1030.3505522796029,48.11188014392297,28.957886860640656,36.49770213935753,-7.539815278716873,1143.2027736625223,926.9966281929462,42.449895460501466,0,1094.4233003451882,1046.686471376701,52.54664484594209
2024-12-30,1002.4729192931424,1006.0953831267188,973.691892303574,991.0597534179688,291930,1066.3866577148438,1028.6487815163352,963.6016833496094,,1039.582038085996,1026.7786614739996,45.49815819680027,22.19557818429473,33.637277348344966,-11.441699164050236,1142.0847471014574,930.0797060235424,39.99773699878211,0,1079.338063846113,1046.686471376701,51.97598686545444
2024-12-31,992.9454109230828,997.9076568547324,969.672465388788,986.6929931640624,232993,1057.6696438259548,1030.8975802334871,964.7429992675782,,1029.004229101609,1023.1345098094598,44.79503986314475,16.296186486740226,30.16905917602402,-13.872872689283795,1141.4712956312917,931.7253047105056,37.61106679322941,0,1077.32835038872,1050.507400755771,52.08586862700521
2025-01-01,993.7393505844256,1023.3143239968208,976.5699919066166,981.5818481445312,367998,1042.2921956380208,1031.359971479936,965.9359216308594,,1019.5197529101938,1019.356995112648,43.93912697178588,11.080717759328763,26.35139089268497,-15.270673133356208,1141.9684368463215,930.2208209661784,35.98301390067761,0,1077.32835038872,1054.2291164770131,53.63124848470104
2025-01-02,988.677851495549,1014.2830273510004,986.742563545726,1007.6336059570312,245585,1027.956807454427,1032.7809753417969,967.7828686523436,,1017.1425235195612,1018.2912324621376,49.26078425576544,8.946451228487149,22.870402959845407,-13.923951731358258,1141.799453664851,931.3772858371024,34.47125050045094,0,1077.32835038872,1056.4621402767204,54.68040572226899
2025-01-03,1014.2830591339252,1029.963804593667,1006.6411883543597,1015.5236206054688,236347,1013.946736653646,1033.8659002130682,969.8729663085936,,1016.8187429367428,1018.0396313842584,50.78453557356255,7.801754103874259,19.856673188651172,-12.054919084776916,1140.9054354002178,935.5364591310322,33.42856898846143,0,1055.246384578474,1056.4621402767204,49.98045480875013
2025-01-06,1014.28307370765,1015.5236351970184,975.1805513330396,996.0716552734376,243617,1006.183580186632,1033.7892123135653,971.821143798828,,1012.669325404082,1016.0425426469112,47.034325267671946,5.264279018458637,16.93819435461267,-11.673915336154032,1140.1751190580355,937.6661346040738,31.48719084065885,0,1025.671446555711,1058.9432301111956,47.50641899972186
2025-01-07,998.3543167583484,1019.245360971086,996.0716956402632,1009.6185913085938,116677,1002.2689141167534,1035.0049632679331,974.4729675292969,,1012.0591785849844,1015.4585470707004,49.81384849629191,4.296904216239909,14.409936326938118,-10.113032110698208,1139.837823499108,939.318426500892,29.78006087515866,0,1013.2658117072616,1069.3639632521758,46.6805606591847
2025-01-08,1000.3887925966563,1016.664983690049,973.1956603142132,981.13525390625,140808,997.4059176974828,1034.96210826527,976.1760107421876,,1005.8743936492376,1012.338247692114,44.52333350723679,1.2178468523061383,11.77151843201172,-10.553671579705584,1140.997512380958,934.8489170624013,27.774334632789568,0,1001.2571494283472,1074.599131822051,42.83836817926248
2025-01-09,990.4642780444824,994.0867417680486,956.6217853590514,960.988525390625,137965,992.2562052408854,1033.3493763316762,977.538642578125,,996.8972199975152,1007.6700911192514,41.19099948703047,-2.8155450591709723,8.854105733775182,-11.669650792946154,1143.551089680383,927.3777494309452,26.354944755272896,0,993.2927949763592,1070.8030103738515,41.15474900459229
2025-01-10,958.7555340648862,965.0079518873316,933.4976899017132,954.3887939453124,151808,988.181654188368,1030.6291642622514,978.9499060058594,,988.3955347870746,1002.8263368307114,40.13137661431508,-6.469998266829975,5.78928493365415,-12.259283200484123,1146.2449008962476,919.051784894768,25.6066444396306,0,981.73074724769,1059.240962645183,38.804769763375816
2025-01-13,938.8569114216956,953.4955366262092,913.946461574578,935.2841186523438,295442,982.4695570203992,1027.2255138050425,979.5910278320312,,977.7732515601284,996.6861351781324,37.151975434062365,-10.78346136438563,2.474735674046193,-13.258197038431824,1145.6920842852508,905.9137628827184,25.35097213511815,0,971.9551330841224,1049.4653484816151,35.44107675926191
2025-01-14,944.712410380226,944.712410380226,906.7512287747454,934.5894165039062,234329,977.2481757269966,1023.7654724121094,979.7359240722656,,969.136484548884,991.040978935021,37.04427691916037,-14.095484630842977,-0.8393083869316404,-13.256176243911334,1140.5785543268294,895.5202799016864,25.27035683540527,0,968.3575166842062,1045.8677320816987,34.90232027043805
2025-01-15,939.8493572058492,970.8137832011954,932.9518234092798,953.4459228515624,237116,971.2273220486112,1018.367900501598,980.420712890625,,965.9983722094196,987.6232465637976,41.9622447489832,-15.025519622347248,-3.676550634014762,-11.348968988332484,1136.1322694064804,888.7965452907853,24.31632416076799,0,968.3575166842062,1045.8677320816987,34.7038312474816
2025-01-16,962.7749779914836,978.55494504701,945.010173041596,964.7102661132812,348533,965.5813937717014,1012.6883877840908,981.1928381347656,,965.740750990192,985.5402483410232,44.739370972650455,-14.684368433874852,-5.8781141939867805,-8.806254239888071,1119.097281372832,890.304671752168,23.1852164512626,0,962.9982948729156,1045.8677320816987,35.0299243788553
2025-01-17,965.7027046050056,974.585137268287,938.9561859225498,961.1870727539062,141365,961.7053290473092,1007.9629766290838,982.5624182128906,,964.830015342935,983.326323287649,44.029717716989865,-14.53079397090346,-7.608650149370117,-6.922143821533343,1093.3728852913653,898.4825651480878,22.29953883565321,0,962.9982948729156,1045.8677320816987,35.17170338952038
2025-01-20,972.6002799281875,998.5031815210464,960.2442744611795,990.5139770507812,384106,959.5825941297744,1002.0782082297584,984.3250085449218,,969.9668076845044,983.9797463570244,50.99742158670315,-11.905410855481136,-8.468002290592322,-3.4374085648888144,1057.604715416992,919.1407069462894,20.711247247096452,0,961.7081062323972,1045.8677320816987,35.88768307480056
2025-01-21,1000.43840344021,1010.0155624450932,945.555974822768,956.2744140625,343027,956.8202785915798,993.8792225230824,985.0991186523438,,967.2283289601036,981.4610797847952,44.09545723138571,-12.444173714480598,-9.263236575369978,-3.18093713911062,1043.0285013105836,922.7503561112916,19.66582778333032,0,958.3833956099191,1045.8677320816987,37.15305846995206
2025-01-22,951.2625737215212,956.324040494391,935.6314985664728,947.7890014648438,147466,955.3536648220486,985.0689835981888,985.5397668457032,,963.3404634610516,978.3999817557086,42.55823199451845,-13.401366432718078,-10.0908625468396,-3.3105038858784788,1032.5218293133964,923.550869661213,18.97643620232216,0,958.3833956099191,1045.8677320816987,36.29529866434128
2025-01-23,947.789021576959,968.6800659062834,934.8871814926651,942.529052734375,171412,954.0359157986112,979.4593922008168,985.9268225097657,,959.1781813157164,975.1389882083146,41.59033464567972,-14.418178672711065,-10.956325772013892,-3.4618529006971723,1025.8817715079738,921.9536105721044,17.91795357395645,0,958.3833956099191,1045.8677320816987,37.04317496250634
2025-01-24,952.6520318134598,952.6520318134598,920.0004282009888,926.1536254882812,135755,953.0214165581596,974.0640758167614,986.0022485351562,,952.5732701502292,970.6857734155842,38.64373816611488,-16.35681859920055,-12.036424337451225,-4.320394261749327,1023.4876332583278,916.2295176205783,17.37738917506929,0,958.3833956099191,1045.8677320816987,36.49378351597007
2025-01-27,922.97778059273,924.4168440859322,867.450234258341,881.7911376953125,191457,947.1549411349828,967.5590265447444,986.1898217773436,,938.416843659246,962.6044428955596,32.024366905143324,-21.22818145843405,-13.87477576164779,-7.353405696786261,1029.882407177152,898.9078821294886,18.138124900230597,0,938.732898351717,1026.2172348234967,39.03161819684806
2025-01-28,887.7953860735435,938.3606830106014,843.5817880053,876.7296142578125,215668,938.6309068467882,961.6223754882812,985.4643395996094,,926.0793977789592,954.797640292128,31.364247463414785,-25.206627944774368,-16.141146198273105,-9.065481746501264,1034.2267298244449,883.5672215915708,19.29674957745997,0,926.7986752251966,992.20104588673,42.696587598952746
2025-01-29,870.4275820959524,928.8332554273665,870.4275820959524,922.4319458007812,171945,933.9333157009548,958.5029296875,986.0846215820312,,925.3499073833236,951.855304429278,42.82448993135258,-24.390619365747057,-17.791040831767898,-6.599578533979159,1032.15852191075,879.7204392708908,20.37261534917296,0,926.7986752251966,962.6261078639674,44.19235309341109
2025-01-30,906.3542853590318,920.2981853266192,893.2043326834148,913.2022094726562,330428,928.6016642252604,955.1624395197088,985.8474291992188,,922.9203678011904,948.3413867059488,41.32383897833479,-24.209615891365274,-19.07475584368737,-5.1348600476779005,1025.6316942194053,876.8041273137977,21.37163356576359,0,926.7986752251966,950.2204730155178,44.02930674567881
2025-01-31,916.9238927675884,932.902301575493,909.1827401035894,924.9627075195312,115936,921.3181898328992,952.5888422185724,985.798800048828,,923.3288357448586,946.2160522344564,44.015831356266105,-22.85375160551632,-19.830554996053163,-3.0231966094631595,1015.4330951752756,877.9466350493338,21.77302540988697,0,926.7986752251966,938.2118107366032,42.83482311004804
2025-02-01,933.6465798008152,954.7361251856332,909.976690739807,922.034912109375,182399,917.5138007269966,948.6979924982244,985.9456823730468,,923.070051017762,944.01776676854,43.48100670130871,-21.764579487151195,-20.21735989427277,-1.5472195928784238,1008.429016266548,877.547039641655,21.30393143689312,0,906.1309269557916,936.7727962994836,43.32041259864416
2025-02-03,919.0079473523722,979.5473477719128,901.1438619826716,921.7371826171876,999109,914.619154188368,944.4349725896662,985.7134497070311,,922.8034773376472,941.992259118417,43.423224990033866,-20.686960613311385,-20.311280038080493,-0.3756805752308914,996.5736152473902,880.6142997916724,20.02907411831616,0,911.5645678886063,936.7727962994836,46.21623588416741
2025-02-04,930.669266703858,956.6218383335284,903.1288005337358,922.183837890625,223152,912.3585747612848,941.076435435902,985.2172253417968,,922.6795494482428,940.191493552254,43.54443343289247,-19.571292862840096,-20.16328260303241,0.591989740192318,990.4254838253124,880.8672896121877,18.84527803678041,0,911.5645678886063,936.7727962994836,47.64111201233731
2025-02-05,930.917411492628,936.7232154689136,913.5991596863548,923.126708984375,116260,912.0222507052952,937.1449862393466,984.8917041015624,,922.7689813554692,938.6401495006288,43.81805855323452,-18.398944733335952,-19.81041502909312,1.4114702957571694,987.4510906392536,880.0555011576215,17.7460388182115,0,911.5645678886063,936.7727962994836,46.747905186396
2025-02-06,932.2571449437888,932.2571449437888,904.6174585635284,917.5689086914062,99993,915.99755859375,934.2556069113992,984.4986938476562,,921.7289668226568,936.7245821543356,42.51015072421511,-17.71412106853859,-19.391156236982216,1.677035168443627,985.1540104980444,878.6705927734399,17.029292729366926,0,911.5645678886063,936.7727962994836,45.98938942356697
2025-02-07,916.1259102561174,919.4596658831882,870.7475480475645,889.8045043945312,616350,917.4503241644966,931.0199695933948,982.8665991210936,,915.3440743370317,932.459120539808,36.628336429962886,-19.190532260045984,-19.35103144159497,0.1604991815489853,986.0634097717106,873.2132320739926,17.364624695897348,0,924.9874649339326,931.413574488193,44.86457015308829
2025-02-10,890.6503749033247,898.8105357372959,877.663808958865,886.02294921875,132031,913.4048800998264,927.912431196733,981.0596276855468,,909.4798493133752,928.2376504197118,35.899756947450825,-20.43023167185845,-19.566871487647667,-0.8633601842107836,986.8278292416766,867.5921658755109,17.676004379104167,0,925.1474479097386,931.413574488193,44.89701192812491
2025-02-11,887.7644762034952,890.0533470688953,860.1493378906998,868.75732421875,80700,908.4665595160592,924.888485995206,978.601668701172,,901.3353442944504,922.8303480378062,32.701428822922736,-22.545997801662,-20.162696750450536,-2.383301051211461,986.6402171867908,859.3109180671153,18.43176907468104,0,919.8483428313064,930.1233858476744,44.61923512559471
2025-02-12,868.7075835007364,883.6844302210785,836.9128443873052,876.5194091796875,133124,903.083970811632,922.2489402077416,976.1768811035156,,896.3721572714978,918.620262687068,35.48420534806637,-23.327517219277524,-20.79566084421593,-2.53185637506159,982.2761402368668,854.8559093236802,19.67950474049174,0,908.230096079609,923.4642034161992,45.62780528425917
2025-02-13,871.1456942407191,884.3810458241896,863.234318058211,870.9963989257812,162237,897.4130249023438,918.5012345747514,973.9393676757812,,891.2970056023546,914.290820526951,34.39441597751265,-24.114560119780663,-21.45944069932888,-2.6551194204517827,977.8319971045224,850.2809850732122,20.80484200093373,0,908.230096079609,923.4642034161992,42.94518646540477
2025-02-14,870.9963678881916,871.294897768896,823.9759984135077,835.2210693359375,138928,887.8001234266493,912.6153619939632,971.0022277832032,,880.0818183490712,907.102661327768,28.325886432036384,-27.31025181685993,-22.62960292283509,-4.680648894024841,968.6713788680396,843.9123125382102,22.64400918179623,0,890.2989183735181,916.9957804293005,39.55518677612526
2025-02-17,834.9225240012619,849.9989204523581,817.0597474842797,830.5936889648438,133071,877.6234402126736,906.6792990944602,967.6847290039062,,870.1841924722258,900.1473002038657,27.64641592805316,-29.87190668814173,-24.07806367589642,-5.793843012245315,966.3806016079586,833.6350172885257,24.472593246147586,0,876.8914814765967,913.5376549646865,37.736151035887005
2025-02-18,830.643444342016,830.643444342016,807.0586120876785,824.8218383789062,218921,866.7006768120659,899.1478382457386,963.8964965820312,,861.111721653562,893.2995309470512,26.783402774769627,-31.99891318174923,-25.662233577066985,-6.336679604682246,964.2556871171416,823.4632154707489,26.34415612494521,0,869.6578785157337,908.537087266386,37.33309525995636
2025-02-19,822.334027331297,837.9577396188226,813.8753361727963,825.7672729492188,133520,856.5004950629341,893.2156954678622,960.2085534667968,,854.0428319126934,887.16023476543,27.18436577198997,-33.22529199954499,-27.174845261562588,-6.050446737982405,960.7506969674037,815.2920276419715,27.69819947762371,0,863.2591389854333,908.537087266386,37.35901254382227
2025-02-20,823.7769534332806,830.8922293642379,811.2382126087118,824.8218383789062,121372,849.2801988389757,887.626278963956,956.4907836914062,,848.198633205936,881.4931078212005,27.02498172607764,-33.88291358035519,-28.51645892532111,-5.366454655034083,958.5605306626989,807.3490152357388,29.008890602742014,0,852.9345739124872,908.537087266386,35.565768423086546
2025-02-21,831.0912552980499,835.0718155854361,803.1277828360442,806.8595581054688,105214,840.4842664930555,881.4594837535511,951.1841247558592,,839.9308181858426,874.7082396652249,24.130286804043703,-35.44490254918037,-29.902147650092964,-5.542754899087406,962.1291911727214,796.2871967667318,30.39275015184116,0,846.5905649524698,906.5716726405687,32.24723606309732
2025-02-24,806.0634266786373,826.6130926541888,790.3899711598859,810.8898315429688,148222,834.0545450846354,876.2202203924006,945.60873046875,,834.1226208572679,868.9065661995652,26.044393834292435,-35.9432492727708,-31.11036797462853,-4.832881298142265,964.2993389470148,787.5330707209539,31.92924462943989,0,837.3855084920378,900.2027668024896,31.01367061270519
2025-02-25,806.0634651160549,809.7952404175181,797.1072043925432,806.56103515625,89626,826.2813924153646,872.8006702769886,940.4370288085936,,828.6103037170644,863.2387906501729,25.30591649008707,-36.26939927483454,-32.14217423466974,-4.127225040164802,960.827640173473,779.4176784300427,33.35598950149585,0,837.3855084920378,884.9686594658993,30.34642571040996
2025-02-27,804.0732155947043,822.2345227538668,799.9931654050451,813.1787719726562,397734,819.8572116427952,869.9119956276634,934.301026611328,,825.5239973681828,858.6878798613077,28.63727493666255,-35.58369278654061,-32.83047794504392,-2.7532148414966926,956.8495106311866,773.3934642223289,33.90272605061891,0,830.842434464391,884.9686594658993,29.960830779592907
2025-02-28,807.8049810392027,809.048906171693,790.3402843267453,797.7042846679688,131334,815.6886800130209,864.2425564852628,927.5220703125,,819.9600548281401,853.1439166619133,25.745718706112957,-35.875378225584086,-33.439458001151955,-2.435920224432131,950.663569802982,766.8535627653774,34.64864826642759,0,820.1696023895518,884.943816049329,28.112714337470567
2025-03-03,802.4809818393385,809.3971567789339,772.2286992238181,782.8269653320312,212512,810.3812662760416,858.3164090243253,920.3463244628906,,812.5334369289184,846.7514665410149,23.30894261299377,-36.8818651892334,-34.127939438768244,-2.75392575046515,944.6067273084695,758.9896105821554,35.74889298158689,0,805.0932194213203,875.8880234978654,29.257123678662342
2025-03-04,776.2092852691708,820.293979964316,751.8283525908442,810.8401489257812,450540,808.8277452256945,853.1290199973366,915.244326171875,,812.194779328291,843.4868013032664,35.657852538654154,-35.015447279323325,-34.30544100687926,-0.7100062724440619,934.6125976744372,757.894036847047,37.16519687618111,0,794.8930461048335,865.6878501813785,32.011524978324935
2025-03-05,810.0440300362089,852.6360135709964,793.3256887384503,848.8047485351562,473525,811.387464735243,849.8003761985085,911.323409423828,,819.5167731696641,843.97025105162,47.90148493770144,-30.12560254027767,-33.46947331355895,3.3438707732812816,923.443971951474,761.7247536344635,36.71501848639211,0,802.2321830809203,865.6878501813785,32.90714919252299
2025-03-06,857.8107733041429,888.1625466055076,839.2016411323211,874.4793701171875,465326,816.9049682617188,847.6522938121449,908.314952392578,,830.5092925591689,846.743807330308,54.24286092363743,-23.903097931458436,-31.55619823713885,7.653100305680418,913.3765339445278,766.9274577546911,34.81831099158303,0,819.9954495981759,865.6878501813785,34.89387617160927
2025-03-07,870.7475315140273,872.7378115860594,857.0643560188068,861.293701171875,390382,822.9532063802084,844.884560324929,905.3941076660157,,836.6661742817103,848.0665249522685,50.82157715582207,-19.80736451640905,-29.20643149299289,9.39906697658384,901.8427518592528,772.8337190880128,33.05708260354604,0,819.9954495981759,865.6878501813785,32.757884367537294
2025-03-10,855.820505412574,871.7427473737382,848.2076591794793,860.6967163085938,88716,828.4873046875,842.0468333851207,902.786846923828,,841.472282687087,849.2147241664799,50.66576299247368,-16.420354342527617,-26.64921606289984,10.228861720372224,896.6056868222664,775.1600053164055,31.702322073967377,0,819.9954495981759,865.6878501813785,32.086164026550186
2025-03-11,852.835080382004,889.6055198577328,836.5147581656286,882.0922241210938,416262,836.8796590169271,840.4342568137429,900.6948315429687,,849.5962709738885,852.2035877987175,55.885881489593714,-11.872823191708562,-23.693937488661582,11.821114296953024,895.7476911266426,775.6249285022636,29.73732461023973,0,820.7169362242885,865.6878501813785,34.1937304149621
2025-03-12,885.5751826169164,898.9100232628061,872.9866362934483,894.0836181640625,185430,845.8690863715278,840.6287619850852,898.9448669433593,,858.4937404119235,856.0108632864763,58.53410563934349,-7.2180613898704,-20.398762268903347,13.180700879032948,900.892543374514,773.0127056489235,27.659158951380817,0,825.3691879268251,854.2250954621863,34.325229238057204
2025-03-13,891.147963215565,896.6212337880783,880.6989921225852,893.18798828125,115892,856.4783867730034,840.9544455788352,896.6559545898438,,865.4325899857888,859.3906019223648,58.25282637188702,-3.560357388883972,-17.031081292899476,13.470723904015504,904.280978366491,771.2911285671026,25.72943369672611,0,825.3691879268251,844.2757840298789,34.05867387448342
2025-03-17,893.188016326392,902.5921027530584,859.4029965839043,870.79736328125,232109,866.2528754340278,841.0471746271306,893.7614294433594,,866.5055446448812,860.4275802277181,51.579692895792505,-2.4402077312578285,-14.112906580571147,11.67269884931332,904.2501551540132,771.3020482151273,24.634131506366995,0,827.2102276719513,842.0427487673165,34.86189340446644
2025-03-18,870.79736328125,870.79736328125,870.79736328125,870.79736328125,0,872.9147881401909,840.7870816317471,891.2559436035157,,867.363908372155,861.3702877780391,51.579692895792505,-1.5347889655249674,-11.597283057561912,10.062494092036944,907.6259178121798,771.4839149514921,23.61706518674781,0,847.9588957457543,835.6440092370162,32.2745275834448
2025-03-19,897.9149002428885,911.8468616453804,883.8834491257916,901.2984008789062,270682,878.7474161783854,842.1644453568892,889.0895397949218,,874.1508068735053,865.0001162417543,58.99989222936117,1.6252063882443508,-8.95278516840066,10.57799155664501,916.3480056415092,769.832298313569,22.74029932146734,0,874.1808099055045,831.8376071181124,34.222161241566575
2025-03-20,905.2789458475468,917.4196670104644,894.2826600757373,915.2303466796876,150330,883.2753024631077,845.801230690696,887.7714416503907,,882.3667148347419,869.566500827021,61.873926603930485,5.193845645097554,-6.123459005701017,11.31730465079857,927.0211412233996,768.2000135617565,22.103363521747703,0,876.9672125880466,834.6240098006543,34.286136211988385
2025-03-21,924.4851049596314,932.4462253467972,910.254614415278,929.9086303710938,193888,890.899183485243,850.3155462091619,887.14984375,905.6203833007812,891.8750979420123,875.0521489673912,64.68285538396503,9.101516176190444,-3.0784639693227254,12.17998014551317,939.5200974677216,766.1151930596224,21.97450571792798,0,884.4804917562128,842.1372889688207,34.23993073238898
2025-03-24,921.4997526304174,950.3588161577198,921.4997526304174,934.8843994140624,169337,899.1422593858507,855.3183898925781,886.759755859375,906.2606533813477,900.4769582364223,880.4914444625431,65.60786740100399,12.456287870061942,0.0284863985542083,12.427801471507737,951.286806561307,765.3547400695525,22.35574618451664,0,893.4367871616741,851.093584374282,33.64640258754516
2025-03-25,939.8102979223694,943.0445031206832,922.4450917098708,940.00927734375,123949,905.5774875217014,860.5112082741477,886.8542590332031,906.8941397094728,908.383422057888,885.9021565426528,66.57880595839636,15.351540423810206,3.0930972036054083,12.258443220204798,961.4322935831228,768.5242249715648,22.70975518920611,0,904.880906370812,851.093584374282,30.227387161640927
2025-03-26,931.5506156511036,947.3236225494646,923.6890453688966,941.4025268554688,157499,910.8351440429688,865.8103304776279,886.9905212402343,907.4536965942384,914.9872430174042,890.9476447529089,66.85278024607474,17.556096768293628,5.985697116543053,11.570399651750575,970.1841229207638,772.8236651651738,23.162030812396782,0,904.880906370812,851.093584374282,27.67911947221392
2025-03-27,932.8443268960336,945.3830674958294,915.5288653643822,926.3261108398438,105350,914.5171576605904,871.2406283291904,886.448125,907.8972998046876,917.2550165818922,894.1638689426302,61.0232069325707,17.880566737587856,8.364671040752015,9.51589569683584,974.0924723667528,780.8918232875441,23.15253619680797,0,904.880906370812,851.093584374282,26.31435494780397
2025-03-28,920.7036140635568,937.3224655454552,899.1090621821998,902.094482421875,102465,917.994615342882,875.3862942782315,885.1958093261719,908.2464627075196,914.2229097498888,894.8848338043797,53.02060610807602,15.998006563520676,9.891338145305747,6.1066684182149285,974.1607438695904,789.7151228296284,22.337813844265,0,910.578089719485,851.093584374282,27.79995418100932
2025-04-01,902.094492164255,915.031313342562,879.7038401248775,888.4113159179688,240017,919.9517211914062,879.1067615855824,883.7402941894532,908.5274569702148,909.0605909835048,894.2963321783424,49.10456961191351,13.249218141207509,10.5629141444861,2.6863039967214064,969.7409965310552,803.2055732931638,20.74702534276447,0,915.0313281412988,851.093584374282,28.64226739696829
2025-04-02,884.6297749015339,979.0685308374458,881.5946098442237,955.6827392578124,1038297,925.9944254557292,885.5842146439986,883.0436694335938,909.0540170288086,918.3850206383662,899.8769146401123,63.4121837742429,16.311002086548342,11.712531732898553,4.598470353649791,968.3677868933032,821.8643603234938,21.203159436250846,0,929.3861854811616,865.448441714145,31.812493061333846
2025-04-03,950.3588318391634,1029.9700428832818,942.3977107347516,981.8550415039062,2249195,933.3971693250868,893.9547035910866,883.5552819824219,909.7480520629884,931.0790248114744,907.32947162773,67.26752853348424,20.611774278893563,13.492380242097552,7.11939403679601,975.406884877581,831.9267515970284,22.606306809397,0,954.8369415040796,890.8991977370631,36.21598914556045
2025-04-04,975.2372961809376,977.8246361406992,939.6112928150956,951.7520141601562,230189,935.824211968316,901.633114901456,883.6345422363281,910.1978121948242,935.2136226812108,911.3678845852232,59.50136407835202,21.34505202862113,15.06291459940227,6.2821374292188565,978.7298584253168,838.8985046117925,23.79882883467501,0,954.8369415040796,890.8991977370631,38.09609679008314
2025-04-07,859.3034437902347,922.9426629215948,855.8204535722083,902.7910766601562,197109,932.258287217882,905.8127025257456,882.8397827148438,910.3812451171876,928.729113477,910.5881747738536,49.49288440564176,17.770593119961973,15.604450303514213,2.1661428164477616,978.3415631794865,842.1179705119198,22.2972865397708,0,942.895248227745,890.8991977370631,41.86341496285412
2025-04-08,915.528839826866,944.437645936737,907.6174643350045,922.1465454101562,399110,930.2735392252604,909.1464205655184,882.7596411132813,910.5847647094728,927.4125998636312,911.63893574079,52.86805119051189,16.31160324144014,15.745880891099398,0.5657223503407405,977.506188421908,849.0386296933264,21.372048888988008,0,942.895248227745,890.8991977370631,44.83816991118132
2025-04-09,925.4802710929304,928.4656913222624,893.3372587714948,920.8031005859376,132922,927.9847140842014,911.2520446777344,883.5398803710938,910.8275814819336,926.0907000080928,912.4720416358034,52.605282959899256,14.87546339916844,15.571797392713208,-0.6963339935447692,975.5900442545516,856.9654122884174,20.152873536986007,0,942.895248227745,890.8991977370631,44.41523663879826
2025-04-11,940.3576520640046,984.6413866280294,926.3261401747563,970.1123046875,319762,932.8498467339408,916.1983448375356,885.4075341796874,911.2647451782228,934.895020943974,917.712065549594,60.38751961663239,17.514259423733506,15.96028979891727,1.5539696248162365,982.3269748995684,859.0304897000408,20.13754900637448,0,942.895248227745,890.8991977370631,47.32247086075289
2025-04-15,985.1886834921112,1020.0185864438524,971.804037210093,1015.98828125,302787,945.5047132703992,923.257052334872,887.2786608886719,911.9362368774414,951.1136730051794,926.6462669769036,65.98383145578387,23.04172156849256,17.376576152832328,5.665145415660234,1000.3101725122632,853.2377583959401,20.693764201219665,0,942.895248227745,911.647865810866,49.30209020538383
2025-04-16,1019.4215362292808,1042.906818143981,1006.7832448922344,1028.8255615234375,1433474,961.1062961154514,929.926749489524,889.5911279296874,912.672409362793,966.656050708831,935.9352937538612,67.37289095262253,28.13382712744135,19.52802634775413,8.605800779687218,1018.2256151952884,848.8860730371334,21.54480572938713,0,949.3636358580944,939.7107881548048,49.82098375712984
2025-04-17,1034.8461982998451,1066.7901707209846,1026.835272027767,1061.068115234375,394868,972.8157823350696,937.5169539018112,892.3132360839844,913.5935440063477,985.5384636139398,947.3110047975442,70.61819248473073,34.37481067190697,22.4973832125847,11.87742745932227,1039.9287073316016,846.2100560961327,22.66265951647196,0,961.3053121465964,951.6524644433066,51.203518563015926
2025-04-21,1072.7610674778275,1079.6772428378083,1043.1556484078226,1063.9541015625,329012,981.9379001193576,945.2790499600496,895.1516198730469,914.5486520385742,1001.221591203652,957.9149226852676,70.89722854400253,39.1029555415023,25.81849767836822,13.284457863134076,1057.4449918373537,848.0094454185058,23.871327704039807,0,967.7488482050082,958.0960005017184,52.12401979511719
2025-04-22,1068.78045724144,1068.78045724144,1036.935974344116,1055.495361328125,246555,993.4649386935764,953.674413507635,897.8267834472656,915.3127862548828,1012.0763452285466,966.7858716528,68.83384504765448,41.6869535198789,28.99218884667036,12.69476467320854,1071.712107452912,849.1620258478692,24.800345902998203,0,967.7488482050082,958.0960005017184,52.26618270696554
2025-04-23,1065.297421578955,1081.2196623498687,1047.8824707357678,1068.0838623046875,353230,1011.8308037651908,962.641981645064,900.7447839355468,916.2551458740236,1023.2778486437747,975.9947798938804,70.22279818082723,44.24059926722305,32.041870930780895,12.198728336442151,1087.0145897652662,849.1448950980151,25.843747437963973,0,987.2784605606818,968.5200579610384,51.91788186774021
2025-04-24,1067.6858154526362,1070.6214300959568,1020.2175607803998,1029.472412109375,148010,1023.755900065104,968.4680730646306,902.8716979980468,917.0279501342774,1024.516761336895,980.8563828225616,61.211919481808806,42.65703681133118,34.16490410689096,8.492132704440223,1093.5896428613555,852.5262201757539,25.940314736369405,0,987.2784605606818,968.5200579610384,52.99476730330253
2025-04-25,1029.820707397934,1034.5476228693003,992.7019938441744,1017.9785766601562,232886,1034.553175184462,973.138447154652,904.879891357422,917.6517517089844,1023.2091244015472,984.2311277168884,58.79339174330229,40.01334673955444,35.334592633423654,4.678754106130782,1097.9323309461129,856.492949815606,25.250625670656287,0,1003.7729012623124,968.5200579610384,49.02131787700995
2025-04-28,1024.7953138450928,1032.4080383561943,1008.1266565897536,1021.0137329101562,90150,1040.2088894314236,977.2795881791548,907.5040759277344,918.3664297485352,1022.770046103269,987.5750009162764,59.25124903732403,37.7282077603611,35.81331565881114,1.91489210154996,1102.16235767096,860.3633686473996,24.610200109636963,0,1026.5118497799808,968.5200579610384,44.5005357068607
2025-04-29,1028.7758217990304,1030.616806577362,1014.0477006182666,1020.6156005859376,83549,1040.7230360243057,981.1764609596946,910.195928955078,919.1367587280272,1022.3391569998028,990.5786917953365,59.15839288054873,35.476145779170906,35.745881682883095,-0.2697359037121885,1105.8144503470603,864.6325833443457,24.015519231547596,0,1036.9608280970217,968.5200579610384,42.66663265473818
2025-04-30,1027.2831506933835,1027.2831506933835,983.0989069527,992.4034423828124,308810,1036.6761338975691,983.5580139160156,912.6688513183594,919.8085775756836,1016.3520140764048,990.7445782123796,52.83918217389984,31.05688065771369,34.808081477849214,-3.751200820135523,1105.901871023118,871.152895822585,22.570026161563504,0,1032.1592846512845,968.5200579610384,38.97039573707644
2025-05-02,995.1401100604318,1028.8753840868933,988.5722096294458,1022.8050537109376,248280,1032.4246826171875,987.2581287730824,915.5945642089844,920.6009857177736,1017.6426220033112,993.6591668940667,58.04058904861956,29.66576865245986,33.77961891277135,-4.113850260311487,1105.4591834031094,883.6666405715,21.268493326746075,0,1032.1592846512845,968.5200579610384,38.8744389642812
2025-05-05,1025.3923439218347,1036.4383743118397,1002.2553374861648,1024.9444580078125,227910,1028.0902777777778,991.740780917081,918.673525390625,921.495871887207,1019.1029892042116,996.5032842680436,58.388393334188166,28.40845937684128,32.70538700558534,-4.296927628744058,1101.0080321472174,901.7711060363764,20.26085340224494,0,1032.1592846512845,968.5200579610384,38.80691069820316
2025-05-06,1024.9444622157712,1047.1361342747118,1006.1860962701962,1014.147216796875,215616,1023.4960394965278,996.8340870250356,922.2520483398438,922.3308349609376,1018.1118347227442,998.1072781343008,55.871302071132,26.23832649305564,31.4119749030794,-5.1736484100237625,1101.689943522167,906.9356424153334,19.60951922845913,0,1032.1592846512845,968.5200579610384,37.17203583837629
2025-05-07,1053.8532841593476,1115.551965573776,1051.863004113721,1095.84814453125,4668547,1026.5809597439236,1006.2630337801846,927.557137451172,923.6713143920898,1033.659096684445,1006.9928114431144,67.34338878261633,30.7565205886375,31.28088404019102,-0.5243634515535192,1114.909007187622,905.1158890526124,20.45170865806709,0,1049.325436263238,985.686209572992,40.85049776841547
2025-05-08,1094.6540933780152,1211.0854833100404,1082.712412359346,1183.072265625,7143767,1043.6476101345486,1016.5989213423296,934.7221459960938,925.2643115234376,1063.5417304725563,1023.0000345505586,74.8581187024698,40.90396413437964,33.20550005902874,7.698464075350891,1148.190664169124,894.966257217595,22.484741165028392,0,1097.0921951313703,1033.4529684411243,47.43974760405461
2025-05-09,1144.4110954321172,1382.2495752654008,1127.841988755014,1299.9017333984375,8501085,1074.972405327691,1031.0555891557174,944.204835205078,927.5191146850586,1110.8137310577326,1048.1729162640022,81.12368095566784,57.70782799819108,38.105965646861215,19.601862351329864,1207.8919197248551,874.9760673356919,25.57684315041245,0,1182.6742411090504,1119.0350144188046,62.7577967338524
2025-05-12,1295.672435278718,1299.6529957557648,1160.3333790591284,1176.0068359375,3264045,1092.1938612196182,1041.2489901455965,951.22853515625,929.275770263672,1123.8523520336862,1059.7941816888656,63.150505473091314,60.33225569519709,42.55122365652839,17.781032038668698,1221.0005800842612,887.2534360290198,28.44808070826908,0,1182.6742411090504,1119.0350144188046,70.11827958451836
2025-05-13,1174.2652780492756,1174.5638686599425,1132.4693952712505,1141.574951171875,733970,1105.6337890625,1052.102802623402,957.922843017578,930.7734274291992,1127.396871861324,1067.228797096412,59.22348483384769,58.9541811096085,45.83181514714442,13.12236596246408,1223.915397699605,906.41580347227,30.41969396108396,0,1182.6742411090504,1119.0350144188046,70.95349085372732
2025-05-14,1144.4111197931215,1162.5724266941863,1117.8409276026632,1150.282470703125,750494,1123.1759033203125,1062.472617409446,964.7106958007812,932.2870819091796,1131.9739916296842,1074.7791310606583,59.90256537355378,57.89726746687256,48.24490561109005,9.652361855782509,1230.6442533256609,917.7039644477768,31.892698418536018,0,1185.4108924474233,1119.0350144188046,71.76736995925748
2025-05-15,1143.4160395248632,1153.3674410873075,1127.443991426312,1137.096923828125,311248,1135.875,1072.3041548295455,971.3214135742188,933.7888970947264,1132.9985780693723,1080.44438494861,58.31873862650079,55.35756480556233,49.66743744998451,5.690127355577822,1236.5922293335602,923.86685269769,33.26048827188436,0,1192.252456375783,1119.0350144188046,70.01876855536021
2025-05-16,1136.4500280443017,1181.7289039427392,1133.3153123405348,1170.185302734375,1058501,1152.012871636285,1081.3983820134945,978.4615441894532,935.3894122314454,1140.4359230023729,1088.6026502018617,61.09839910205565,55.376442635455305,50.80923848707867,4.567204148376632,1246.6281476282693,927.9669085240744,34.765980521431544,0,1194.2178357677983,1119.0350144188046,70.48790873943724
2025-05-19,1177.2507644294035,1219.0466495570745,1177.2507644294035,1207.65234375,995647,1173.5134412977432,1090.1103848544035,986.6605053710938,937.134338684082,1153.8792071518983,1099.4253496153283,64.02404536126357,57.74898617139911,52.197188023942765,5.551798147456346,1262.1521486087777,927.1013303951288,36.44795761889702,0,1217.0562896895608,1137.7934170184478,72.24362052917002
2025-05-20,1221.0367901630957,1250.244125110788,1196.2080955472586,1224.32080078125,737640,1187.7881808810764,1098.996532093395,995.490382080078,938.896361694336,1167.9675258777688,1110.7794815395032,65.2752383474805,60.27938595650994,53.8136276104562,6.46575834605374,1279.1023081127587,926.1878408130224,38.22626041888522,0,1232.4809938123735,1137.7934170184478,74.91982935805815
2025-05-21,1149.3867791641342,1193.670512214181,1137.4450983416498,1189.2421875,2530664,1188.4737277560764,1104.822626287287,1003.0584228515625,940.41873046875,1172.2224582022152,1117.9124548086393,60.50607033640806,58.776654404386136,54.80623296924219,3.970421435143948,1288.384329191557,930.2805023514117,38.39645628096471,0,1250.045251434032,1154.2878577200786,77.96921926512364
2025-05-22,1191.1825966783776,1222.9772715327315,1163.4679715857408,1176.106201171875,802195,1174.7186686197915,1109.920448996804,1009.6044519042968,941.9826034545898,1172.9992067961473,1123.2027953871152,58.774314410633366,55.881596251568,55.02130562570736,0.8602906258606424,1295.058908540104,934.4081568895836,38.82840550895484,0,1208.746961679214,1177.026806237747,79.34108537151958
2025-05-23,1179.0419741497735,1179.0419741497735,1130.9766613755469,1137.2957763671875,927386,1170.4174397786458,1113.6386496803975,1014.8607800292968,943.3906338500976,1165.8585207103554,1124.483975476213,53.86868744723482,49.880572685862944,53.99315903773848,-4.112586351875535,1296.1122589800077,944.1371428754614,38.49105590145754,0,1184.0425263567256,1182.6742411090504,80.33267651070184
2025-05-26,1134.4098815823477,1161.6270598554788,1115.552025724045,1146.3515625,639793,1170.9481743706597,1117.1962724165485,1020.5619372558592,944.8330258178712,1161.9571290682843,1126.4719379329206,54.81634355410832,45.33287536508328,52.26110230320744,-6.928226938124162,1296.0908807014127,956.9958197380404,37.83966704323966,0,1182.8980754174163,1182.6742411090504,80.69874766262457
2025-05-27,1146.0531138491433,1165.9559157343294,1139.4354079269065,1150.780029296875,230136,1171.0034586588542,1122.71025501598,1026.363603515625,946.484637145996,1159.7217091140024,1128.6817644205528,55.29993105343455,41.6065186859887,50.130185579763705,-8.523666893775001,1295.3531044819615,970.7102255961636,37.28806062753896,0,1182.8980754174163,1182.6742411090504,75.34987330766185
2025-05-28,1150.779986170244,1169.9861163834423,1136.8977094893414,1142.022705078125,292328,1171.5507676866318,1128.348624489524,1031.5622131347657,947.5026989746094,1156.181908306827,1129.894577207605,54.06758304323886,37.51427014006299,47.607002491823565,-10.092732351760574,1292.5608569121644,985.6431836151794,36.82813215417991,0,1182.8980754174163,1182.6742411090504,68.54382587504803
2025-05-29,1146.1027164136938,1151.824771548517,1140.4304668708642,1143.7144775390625,471450,1168.6095648871528,1133.9259310635653,1036.5548303222656,948.5522940063476,1153.688422153274,1131.150931783192,54.27955306834821,34.015535662047114,44.888709125868274,-10.87317346382116,1283.716713905558,1009.6184301374108,36.40105571463223,0,1182.8980754174163,1182.6742411090504,51.18573431556703
2025-05-30,1137.0469990961428,1147.9438555515503,1113.561718164843,1121.0252685546875,286143,1158.9843343098958,1138.4900068803267,1041.1115759277343,949.6199423217772,1147.155791433557,1130.230416944237,50.88775102115203,29.076755104596717,41.72631832161397,-12.649563217017253,1276.4363657663807,1026.720799760963,35.3043389408495,0,1181.902921637815,1182.6742411090504,43.67243310466692
2025-06-02,1117.542292174457,1131.3747633632129,1100.127341049744,1120.42822265625,400399,1147.4407145182292,1144.3093150745738,1046.1041931152345,950.7806253051758,1141.8102776780956,1129.339308372602,50.797798741264685,24.82835351236463,38.3467253597641,-13.518371847399472,1267.35608939527,1045.3494525969174,33.95072140349477,0,1161.5523062912378,1182.6742411090504,42.79457465089687
2025-06-03,1126.2995795523125,1139.3358901708389,1110.2777272474275,1114.85546875,161100,1139.1755235460068,1148.4934248490767,1050.9853552246093,951.9367669677736,1136.4193158924766,1128.022595679638,49.91096599282852,20.772339377640265,34.83184816333934,-14.059508785699071,1252.6030809830431,1070.1732862044569,32.83805943605241,0,1161.5523062912378,1182.6742411090504,41.67505063888888
2025-06-04,1104.60553117702,1134.4597347223448,1104.506041460615,1128.389404296875,163321,1133.8736572265625,1153.195467862216,1055.5271752929686,953.2575903320312,1134.8133335733564,1128.0559419175686,52.09816308174495,18.437458895454256,31.552970309762323,-13.115511414308068,1250.387678929124,1075.6428142349384,31.648421388455773,0,1139.5846575997589,1182.6742411090504,41.96292518179848
2025-06-05,1128.4889290877215,1146.7000424072137,1120.229217259303,1137.4451904296875,237874,1133.8902587890625,1158.799921209162,1059.9714721679688,954.6941564941408,1135.3397049446226,1128.909509964125,53.559429964215504,17.12042198245058,28.66646064429997,-11.546038661849394,1248.283790110221,1073.1839955343105,30.78650587966223,0,1135.0567287165932,1182.6742411090504,40.39558472077751
2025-06-06,1144.411088467508,1147.5954881228542,1119.5325865443012,1125.1053466796875,214922,1131.529568142361,1160.129794034091,1063.8754064941406,956.0635647583008,1133.2928332916356,1128.563676938267,51.26453616379894,14.909075931152074,25.914983701670398,-11.00590777051832,1211.4347879680736,1092.5533590045825,30.004446317498715,0,1135.0567287165932,1185.4108924474233,38.90998148905276
2025-06-09,1132.2704640806571,1137.5446337696485,1110.5763611237933,1112.9647216796875,265910,1127.3278672960068,1156.9430874911222,1067.437012939453,957.3623455810548,1129.227210969246,1127.145590096578,49.03826622922254,12.038152945876618,23.13961755051164,-11.101464604635025,1209.5928052194863,1088.0911303273888,28.99439775109402,0,1135.0567287165932,1192.252456375783,36.976570280647465
2025-06-10,1114.258347400919,1126.2000288797983,1109.8798280403164,1117.5423583984375,179917,1124.6078287760415,1148.6540249911222,1070.9876745605468,958.6157833862304,1126.8902404550845,1126.2725690331106,49.92134292870689,10.016834984026673,20.515061037214647,-10.498226053187974,1209.927673893036,1085.3530023764954,28.033574133781386,0,1125.9760562991305,1194.2178357677983,31.936891594924727
2025-06-11,1122.5179876750285,1126.4985479150107,1107.5908867750943,1120.627197265625,995328,1122.0425754123264,1146.136768687855,1074.57216796875,959.9159075927736,1125.6376318171924,1125.7593534178843,50.54329264454093,8.56511335678033,18.12507150112778,-9.559958144347451,1209.5816112202192,1082.733537705562,27.061272437920923,0,1124.035598300647,1217.0562896895608,29.03677453727656
2025-06-12,1125.5034401434852,1127.0956399897436,1097.73900737769,1103.311767578125,589153,1120.0744086371528,1144.3975330699575,1078.1118811035155,961.0108572387696,1121.172458969379,1123.718663796088,47.01379133455061,5.948828649743518,15.68982293085093,-9.740994281107412,1210.6482723085735,1078.2883609922076,25.806538132174715,0,1122.667247750272,1232.4809938123735,27.700440239978484
2025-06-13,1084.7026493092235,1106.0981602818365,1076.044979506477,1089.4793701171875,267021,1116.6356472439236,1141.6337557705965,1081.859578857422,962.036644897461,1114.8338411989407,1120.60600073437,44.34946700096724,2.727800906323637,13.097418525945471,-10.369617619621836,1209.7769143911758,1071.089125647887,24.009553031348563,0,1111.8202338146657,1229.1472773859389,26.55602214311604
2025-06-16,1074.2537243340798,1105.5011473734385,1055.9431224307498,1092.7633056640625,613408,1114.1809624565972,1139.6185913085938,1085.9466186523437,963.1877734375,1110.4197340919652,1118.0748466370692,45.14428112357474,0.4350839896478646,10.564951618685951,-10.129867629038088,1199.471158599516,1069.9059776309527,22.941447663732056,0,1101.769305276802,1177.7980590932573,28.201559081349306
2025-06-17,1092.7632563222276,1116.0495576110388,1085.6977863162224,1100.226806640625,300274,1111.051784939236,1136.4386596679688,1088.8375,964.3712573242188,1108.3811486016973,1116.4522975464834,46.997081719356,-0.7707834197558441,8.297804610997595,-9.06858803075344,1179.4088577117832,1077.558879104623,21.594122948129773,0,1101.769305276802,1153.0936237707688,28.00608510997185
2025-06-18,1104.6054926051224,1114.6563831523335,1083.2099808114197,1108.8846435546875,262809,1107.878390842014,1131.94921875,1091.3780920410156,965.6734561157226,1108.4818475922957,1115.7643290017745,49.14298018087892,-1.0161138195085186,6.435020924896373,-7.451134744404891,1167.233720256164,1081.698262165711,20.421546274841663,0,1101.769305276802,1153.0936237707688,29.43837780020478
2025-06-19,1113.3627830096,1113.760741864568,1090.6735403315854,1108.486572265625,176971,1106.0318603515625,1126.6840265447445,1094.512783203125,967.072661743164,1108.4827925269617,1115.1027147530338,49.04466122380736,-1.228499576624699,4.902316824592159,-6.130816401216858,1156.7682165216183,1085.4018030096315,19.332725078216992,0,1096.7438781001993,1153.0936237707688,28.63159666779586
2025-06-20,1094.6541396670627,1114.556942206464,1055.9431644325143,1090.87255859375,999012,1103.577175564236,1122.2126797762785,1098.274412841797,968.3249948120116,1104.9607457403192,1112.899973284008,44.775896486380056,-2.7860051826444305,3.364652423144841,-6.150657605789272,1156.012320143182,1081.515377610724,19.38159961970916,0,1091.5193812102466,1153.0936237707688,30.5863363435445
2025-06-23,1072.7610553055797,1127.493762208925,1069.8751246461716,1122.717041015625,290476,1104.1521402994792,1119.7858997691762,1102.2858227539064,969.8085028076172,1108.5120047953803,1113.7924339868823,52.77817712724333,-1.4342231687194271,2.404877304771988,-3.839100473491415,1152.5768507072746,1082.587394898194,18.920612092164923,0,1091.718442319837,1153.0936237707688,32.626370246354654
2025-06-24,1140.928172926659,1142.4208831398207,1108.6856080269508,1121.9210205078125,392213,1104.2958984375,1119.0870472301135,1106.3081811523436,971.2877825927734,1111.1938079378667,1114.531396397876,52.57309707893906,-0.4222904841453783,1.8394437469885143,-2.261734231133893,1147.5685588086308,1084.7097859179316,17.9409841147887,0,1099.1820027852852,1153.0936237707688,32.8964832357218
2025-06-25,1128.4887935315292,1133.2655142642832,1114.059263102775,1122.119873046875,190222,1106.3856879340278,1117.9856068004262,1109.3483325195311,972.7350576782228,1113.3790209596684,1115.2212579114214,52.62262289108273,0.391209576504707,1.5497969128917533,-1.1585873363870465,1144.3009039508584,1085.9871575725792,17.031329564367926,0,1099.1820027852852,1139.4601969817406,32.3775850938359
2025-06-26,1123.214624217022,1128.6878949713794,1106.79481195395,1111.571533203125,105424,1108.8403727213542,1116.2034024325285,1111.2599975585938,974.087163696289,1113.01752340836,1114.8894647561217,49.66016198027434,0.1826459376093225,1.2763667178352671,-1.0937207802259443,1139.422946950448,1087.6508201393958,16.43826171894612,0,1099.1820027852852,1139.4601969817406,31.936883768041348
2025-06-27,1121.5229796619692,1148.3917644453527,1114.5569984218328,1136.052001953125,1089015,1113.6502278645833,1115.9320068359375,1113.4045263671876,975.4711111450196,1117.624419117313,1116.813331774031,55.869424580515165,1.97001784801796,1.4150969438718055,0.5549209041461545,1141.9039435567731,1086.6724968729145,15.40109606306516,0,1102.1674644389336,1117.4925482902618,32.640595096353664
2025-06-30,1144.4110947257066,1148.8892250963725,1114.656381967426,1135.454833984375,521044,1117.564453125,1115.5565684925425,1114.8922607421875,976.9088906860352,1121.1905020907254,1118.5080137931532,55.68897374929927,3.300292779200845,1.7921361109376135,1.5081566682632312,1144.1365565619255,1085.9425450005745,14.456615489087053,0,1102.4161947644434,1112.964619407096,33.920069545601145
2025-07-01,1138.1416924460204,1139.4354231766974,1087.5886478673017,1102.416259765625,542449,1116.8457438151042,1114.7107044566762,1115.66150390625,978.1866876220704,1117.4356536257055,1117.0451270633778,46.70171937556585,1.669365020891746,1.7675818929284404,-0.0982168720366942,1144.0578782932585,1084.777302370804,14.251055551513485,0,1102.4161947644434,1112.964619407096,36.27286341484967
2025-07-02,1101.6201841837856,1112.566726212712,1068.282988004782,1104.008544921875,594598,1116.3481852213542,1113.96435546875,1116.631767578125,979.5037078857422,1114.7502318849397,1115.859983232332,47.14444300891567,0.4995684133600662,1.5139791970147656,-1.0144107836546994,1142.421869016788,1083.9752257097746,14.652116253607808,0,1102.4161947644434,1112.964619407096,37.33908524312655
2025-07-03,1099.5303332664032,1167.7969206058983,1090.2754816405245,1144.610107421875,1288880,1122.319023980035,1115.3168390447445,1118.1622924804688,981.0331643676758,1120.7222069923266,1118.473630885927,56.96153507018318,2.816239095056289,1.7744311766230705,1.0418079184332192,1144.174062552974,1082.9395238728073,14.104870324143054,0,1118.0399543053402,1111.870021518324,40.72967511384185
2025-07-04,1144.61006044436,1189.1923841914838,1137.644079951188,1183.818603515625,919480,1129.108086480035,1117.836348100142,1121.2492163085938,982.7733020019532,1133.3414862969864,1124.4140829431722,63.92896936624814,7.726943857766628,2.964933712851782,4.762010144914846,1160.2230239188573,1072.7618881905175,14.164617934825852,0,1128.737686098133,1122.5677533111168,40.8718379208138
2025-07-07,1184.0176881559776,1194.1680681443816,1137.5445746177909,1152.6707763671875,433975,1132.524726019965,1118.5284201882102,1123.9430603027345,984.2214868164062,1137.2073443110266,1126.9828732544463,56.15194958770715,9.001578826877676,4.172262735656961,4.829316091220715,1165.0470497752776,1071.9084678028476,14.34744334750891,0,1131.2255280745817,1125.0555952875657,42.74838950879767
2025-07-08,1176.2555931990607,1216.956847411429,1158.1440920468883,1203.721435546875,2459478,1141.5915662977432,1122.1018787730825,1127.5972143554689,985.9695852661132,1150.5101625581965,1133.9591061901217,63.9027697703741,13.970059619553696,6.131822112436309,7.838237507117386,1182.9541761138262,1062.6192491791426,15.074537881594306,0,1142.6199177081055,1136.4499849210893,45.09408013046392
2025-07-09,1199.1437940127205,1207.303894061651,1175.6585124668875,1199.3427734375,601531,1151.343926323785,1126.028153852983,1131.1717578125,987.7032333374024,1160.2766847340572,1139.9030759398831,62.876153597839874,17.354246059568595,8.376306901862767,8.977939157705828,1195.9162654767952,1057.5287174333612,15.749697091816458,0,1142.6199177081055,1136.4499849210893,45.70537870630541
2025-07-10,1193.9690861277245,1210.1897961318475,1184.9132144490077,1195.2626953125,256299,1157.9228922526042,1129.5608964399858,1135.2289428710938,989.0400946044922,1167.2738868497458,1144.935768610121,61.878590079985,19.482428678559245,10.597531257202064,8.88489742135718,1205.968542071622,1056.6715336119717,16.449808426670746,0,1142.6199177081055,1136.4499849210893,43.32415041408327
2025-07-11,1184.316296044275,1204.0201200680303,1161.428072056532,1194.3671875,536890,1164.4687093098958,1132.912714177912,1138.660185546875,990.2434603881836,1172.6925469797966,1149.4295339637465,61.64740756004595,20.856349723454517,12.649294950452552,8.20705477300196,1213.537595621888,1059.5912617999873,16.146483477018617,0,1142.6199177081055,1136.4499849210893,42.250822588993614
2025-07-14,1184.6146720337656,1189.1922917064303,1170.284631838295,1182.52490234375,153486,1173.3696695963542,1136.513311212713,1141.8117944335938,991.513903503418,1174.6590180525873,1152.4382038164738,58.53306304160096,20.750420675241912,14.269520095410426,6.480900579831486,1217.7392871485931,1064.3657299412505,15.86482459519878,0,1142.6199177081055,1136.4499849210893,41.56134262819613
2025-07-15,1184.2167294656433,1221.9325638843736,1172.5736387835714,1176.55419921875,825667,1181.4302978515625,1140.4712579900568,1145.0599340820313,992.3885278320312,1175.03805428582,1154.6305670348625,56.97036354126293,19.95466039473081,15.406548155274503,4.548112239456305,1220.5919652765265,1069.1457910711297,16.523133271586854,0,1156.104022762449,1138.9378431575617,43.71510505243142
2025-07-16,1178.2458458627125,1207.5029882901886,1178.1463561508726,1199.641357421875,389717,1187.5448811848958,1145.3293512517755,1147.135798339844,993.3971963500976,1179.958714913031,1158.7224570700455,61.275525012343465,20.94550857412673,16.51434023904495,4.431168335081782,1226.906803385611,1071.906624348764,17.134419899661495,0,1179.7385692510825,1138.9378431575617,44.36194119914637
2025-07-17,1206.8063699698123,1218.0515018703893,1188.197298393174,1192.078369140625,308142,1188.4626329210068,1149.5044222745028,1147.3159204101562,994.5516528320312,1182.3826457585496,1161.7548127128257,59.18646088501876,20.879803568891475,17.387432905014258,3.4923706638772174,1230.8102244088814,1076.3623830129936,17.980100434639105,0,1179.7385692510825,1138.9378431575617,43.864367787359775
2025-07-18,1197.8501471167408,1207.303978519268,1171.3794434850786,1174.56396484375,283007,1190.8952094184028,1152.4898459694602,1144.8091650390625,995.5981924438476,1180.8189095755895,1162.919281088364,54.5484302350342,19.19321835228789,17.748589994468986,1.4446283578188996,1229.565349729105,1085.97639831777,18.010811878705667,0,1190.038327965631,1138.9378431575617,43.98520292344855
2025-07-21,1183.9180980423644,1189.789448777329,1166.4036570265682,1183.61962890625,154837,1188.6616753472222,1155.9049849076705,1144.9614208984376,996.7823077392578,1181.379053441722,1164.80113088999,56.44872818843082,18.375482699224904,17.87396853542017,0.5015141638047353,1231.508149462273,1090.1238573736644,17.82421522389809,0,1191.680317970453,1138.9378431575617,41.95227552640319
2025-07-22,1183.6197219496275,1208.9957958441814,1165.3091188440258,1195.4619140625,215894,1188.23046875,1160.6590465198865,1146.03916015625,997.9921395874024,1184.1956255658777,1167.5884748147637,58.87046270623185,18.470083123685757,17.993191453073287,0.476891670612467,1234.3118496069617,1094.6742465844447,18.22875003616595,0,1191.680317970453,1138.937864158444,41.90962829727646
2025-07-23,1201.3453328925036,1242.4306800415463,1193.6668230736611,1236.4473876953125,466017,1192.8065456814236,1165.8286077325995,1147.7624584960938,999.5014294433594,1194.6459779917648,1173.848375985723,65.93135622589479,21.603211459727845,18.7151954544042,2.888016005323646,1244.0272093820977,1096.3916382741522,19.435129569701267,0,1201.929376049039,1149.1869222370303,39.855515297455845
2025-07-24,1244.5247731043846,1253.4997113719642,1194.0657000794035,1239.5386962890625,532614,1197.8256022135415,1171.1748657226562,1149.8112939453124,1001.0229504394532,1203.6245216512243,1179.8202232860262,66.39989289596497,24.05835130929381,19.78382662538212,4.2745246839116895,1251.2048427627287,1102.0107212021148,20.79358830060677,0,1209.404415107995,1154.7214379022394,40.418780086903325
2025-07-25,1243.5276279196387,1245.5220587583228,1171.8278149228595,1180.503662109375,380141,1197.6010199652778,1173.8286743164062,1150.0176611328125,1002.370126953125,1199.0003497428545,1179.882354088149,51.7600722422327,20.99837722485563,20.026736745276825,0.9716404795788058,1250.9472819043465,1106.7134480761224,21.065144511543345,0,1209.404415107995,1154.7214379022394,41.63811939467995
2025-07-28,1182.7971926225223,1197.6557268183892,1135.828370396457,1175.9163818359375,415922,1197.5301513671875,1176.7534401633525,1149.3829418945313,1003.5817239379884,1194.3835561614712,1179.5218111561296,50.82239442977901,17.995726997573,19.620534795736063,-1.6248077981630615,1250.0583005401495,1111.6485842254754,19.99506226679624,0,1194.6640408842106,1160.891349688373,41.46249692165785
2025-07-29,1175.916331720363,1175.916331720363,1137.1247506802824,1147.39599609375,212515,1191.7251112196182,1177.2690762606535,1147.8444458007812,1004.6326068115236,1184.986044147927,1176.6012825140951,45.32472359765882,13.163013261749256,18.329030488938702,-5.166017227189446,1243.99938120314,1122.2054771952974,19.00141446810249,0,1194.6640408842106,1160.891349688373,41.9729433188644
2025-07-30,1143.9057616146542,1183.7943776362995,1143.8060644206794,1175.11865234375,327233,1189.8406982421875,1179.0719770951705,1147.5619750976562,1005.8521246337892,1183.0125657870915,1176.4664979531544,50.88621354650683,11.43818717799286,16.950861826749534,-5.512674648756676,1235.1513414361627,1138.1645277044624,18.32250327470216,0,1194.6640408842106,1160.891349688373,43.02378128549156
2025-07-31,1133.833915308902,1149.5899673976137,1111.9948735967148,1136.8255615234375,634954,1185.6475423177085,1180.63603626598,1146.7763623046876,1006.8717413330078,1173.7751649343609,1172.8627764595435,44.1984959542061,6.901758503594465,14.941041162118522,-8.039282658524057,1236.2842113932054,1136.253203157576,17.40265150986887,0,1182.7472924843396,1160.891349688373,44.49033348088705
2025-08-01,1136.825604386479,1136.9253015846432,1062.0344462031578,1064.228271484375,520379,1172.3818359375,1178.827842018821,1145.3150122070313,1007.5529345703123,1151.8657862443638,1162.986912370892,34.84790371883271,-2.52231283705396,11.448370362284026,-13.970683199337984,1254.3519495257726,1106.2264318218838,17.814962315216217,0,1157.7670787875609,1157.7670787875609,48.11949774658565
2025-08-04,1048.871227305095,1063.829458603055,1019.5530696150146,1046.7769775390625,637614,1155.8612874348958,1174.3808815696025,1143.3235205078124,1008.001477355957,1130.8480245033036,1152.4223728407255,33.03846690573734,-11.269226221096687,6.904851045607883,-18.17407726670457,1269.6486608127493,1080.3403406520945,19.00198711213776,0,1136.526390493489,1136.526390493489,47.78494608719694
2025-08-05,1042.0901346947862,1064.1285715704812,1022.3452202926196,1058.544189453125,501209,1136.094265407986,1168.6865900213068,1141.4788037109374,1008.557734375,1116.387257493268,1143.8879925327617,35.47150508292954,-17.055101839710915,2.112860468544123,-19.16796230825504,1274.593945172277,1060.8773316831916,20.093566112278303,0,1136.526390493489,1136.526390493489,48.55884338765573
2025-08-06,1053.1591010556626,1053.258798244042,1022.8437302346176,1035.9073486328125,430584,1113.4685601128472,1163.3791614879262,1139.3564965820312,1009.089135131836,1100.2912757211768,1134.071570360039,32.988311657157155,-23.199623009878223,-2.9496362271403465,-20.24998678273788,1280.3358962550128,1038.791838119987,21.107175183837377,0,1132.5375641866688,1136.526390493489,48.976433083462304
2025-08-07,1007.1875602379866,1018.1569297059252,972.2850210218188,1013.5697631835938,750835,1094.9203491210938,1154.7359036532316,1136.7536022949218,1009.5473052978516,1082.9469732136604,1123.1168606167255,30.70411931212915,-29.53123902792572,-8.265956787297423,-21.2652822406283,1286.336886245703,1014.6215549164064,22.88722705767652,0,1084.970373920104,1112.8923661968915,50.95484683894832
2025-08-08,979.3651845670132,1022.046050835262,977.3707538391584,982.0576782226562,280587,1073.3804931640625,1144.8593084161932,1133.9742504882813,1009.8811624145508,1062.7691142154597,1110.2932985809011,27.781611919127982,-36.66915306712099,-13.946596043262137,-22.72255702385885,1293.3208168946232,986.406673339752,24.38797104881407,0,1078.0396993290592,1112.8923661968915,52.47552578504424
2025-08-11,972.284986605457,995.6198506300664,960.6175545931522,990.23486328125,351909,1055.918145073785,1135.5398615056818,1131.3703833007812,1010.2772430419922,1048.262264028618,1099.378895371842,29.65279881716519,-41.1913427163222,-19.39554537787415,-21.795797338448047,1296.0507422115234,964.4477441166018,26.03552358023274,0,1072.205966114726,1107.0586329825585,51.855212859098415
2025-08-12,991.2321221469608,998.9106930126884,946.8560361957136,952.9390258789062,459066,1031.2315199110244,1124.5658541592684,1128.1320544433593,1010.548624267578,1029.1976163986756,1086.066179963393,26.30507144935052,-47.24011830017025,-24.96445996233337,-22.27565833783688,1301.0879907226808,937.04897827146,27.764673205851924,0,1048.2230017966635,1100.177873783839,52.09026999117624
2025-08-13,951.3435112368082,969.9914517747624,949.1496251384845,965.90283203125,236144,1012.2401055230034,1114.7193964177911,1124.882322998047,1010.9930014038086,1016.5386595251904,1075.1422392422894,29.29322076947888,-50.40668878476254,-30.052905726819205,-20.35378305794333,1297.4556559134323,917.3074605416456,29.37031214392688,0,1041.8906688901784,1100.177873783839,49.333685372870335
2025-08-14,973.9802614504964,974.9774768178328,943.864345183898,946.9556884765624,192660,999.2098185221354,1104.2831004749644,1121.0725329589843,1011.2478643798828,1002.622065315465,1063.488916445405,27.535866421106547,-53.82463792338103,-34.807252166131576,-19.017385757249457,1293.6289974780796,896.6218509105922,30.943371241301826,0,1003.9964583771896,1098.682028277931,46.29217735847544
2025-08-18,972.285012275242,1003.4978420347308,957.526236569642,994.9218139648438,419167,993.4481336805557,1094.977666681463,1118.4688623046875,1011.7581887817382,1001.0820150453408,1057.2555434926269,37.721860566640856,-52.06277452667064,-38.25835663823939,-13.804417888431246,1285.766194004225,886.5204392965561,31.124079828424566,0,1003.9964583771896,1098.682028277931,45.914662868206605
2025-08-19,997.4148256099492,1004.1958779553772,977.3707601465386,995.021484375,309074,986.3900553385416,1086.0205355557528,1116.1099975585937,1012.3141680908204,999.8699089112728,1051.5979017546606,37.74144430729986,-50.08113833383186,-40.622912977357885,-9.458225356473974,1274.760313163723,878.6665056839336,31.262228999795948,0,998.56157171397,1098.682028277931,45.059911914862575
2025-08-20,999.9078616956324,1025.7357032084635,999.9078616956324,1018.9546508789062,394224,984.5064222547744,1078.9473849209871,1114.1382434082032,1012.892801208496,1003.6868573047994,1048.6303334932284,42.42337343951103,-46.04865067435799,-41.70806051675791,-4.340590157600076,1259.2732255409512,876.5028669883457,30.50022350071528,0,984.8000241961807,1098.682028277931,44.39747660185139
2025-08-21,1023.8409927811956,1025.8354235622871,1009.6805829276032,1017.9574584960938,189030,984.9939439561632,1071.41728626598,1112.0848486328125,1013.3458654785156,1006.5409775430584,1045.8418903116706,42.28070382885711,-42.44407140844896,-41.85526269509612,-0.5888087133528401,1232.0895387833036,881.8375608260715,29.788625927500977,0,984.8498843730926,1098.682028277931,41.042552450969154
2025-08-22,1018.1568788363874,1029.12624775627,1004.8939267699318,1024.2398681640625,173610,989.6808539496528,1063.6344659978693,1110.5034106445312,1013.871032409668,1010.0807556672592,1043.8780701164335,43.568304976384375,-38.63511683733259,-41.21123352354341,2.576116686210824,1199.1332404829936,893.2639763138812,29.261593230579205,0,986.495296470084,1098.682028277931,37.42408570845864
2025-08-25,1012.7719453436408,1032.8159507245832,1008.4839312566708,1017.6583251953124,160711,992.7279052734376,1053.6895086115055,1109.0669897460937,1014.3288040161132,1011.59626957287,1041.494456941786,42.49870309738073,-35.73563030946548,-40.11611288072783,4.380482571262348,1177.6410852197362,898.4715978857328,28.60446507850988,0,988.3401479542406,1098.682028277931,35.971001251212364
2025-08-26,1008.3841886717636,1026.034912794988,970.8888544505576,977.2710571289062,835271,995.4314643012152,1041.768252286044,1106.7571447753903,1014.7516189575196,1004.7312270840772,1035.655966049706,36.56626124376728,-36.27848555008666,-39.34858741459959,3.070101864512935,1154.0020362670084,902.2461143677574,28.987232922465545,0,988.3401479542406,1098.682028277931,36.92548032739585
2025-08-28,959.420926082136,986.2460450821176,952.1412657282806,979.365234375,350210,996.927286783854,1032.625596479936,1104.3399133300782,1015.1365228271484,999.658028542262,1030.5386268065508,37.056897459419794,-36.123312575955424,-38.70353244687076,2.580219870915336,1133.9751720195736,905.469902443317,29.745550018267885,0,988.3401479542406,1098.682028277931,36.81150319420511
2025-08-29,979.2654873301932,990.633766824504,960.717305908103,983.6532592773438,327351,1001.0047946506076,1023.8863636363636,1101.8352856445313,1015.466944580078,996.4570746892784,1026.276320667532,38.11242914527374,-35.24801196212184,-38.012428349920974,2.764416387799137,1098.7940311592386,921.5045039970114,30.239553631923147,0,992.478608226432,1098.682028277931,34.4039412874485
2025-09-01,986.9440655332568,998.412042307676,976.2738488831496,982.2571411132812,553586,999.5976087782118,1016.3800520463424,1099.3106970214844,1015.7494473266602,993.6170879740788,1022.2745770716908,37.88964043731759,-34.271919631469586,-37.264326606230696,2.99240697476111,1068.6922414597077,936.1494516555272,30.3207225057834,0,992.478608226432,1098.682028277931,32.79414817519297
2025-09-02,990.8831076352534,1019.4532923572506,979.2655238665214,994.2237548828124,233020,999.5089721679688,1008.1575567072088,1097.3777209472655,1016.104684753418,993.7384213558256,1019.7245023272474,41.06944797287748,-32.16201007305904,-36.24386329959637,4.0818532265373335,1058.5042945500572,939.3369469050208,29.44582387406456,0,992.478608226432,1094.6932019711105,33.16453906475119
2025-09-03,996.1184828606408,1010.37865084253,985.1491135106958,993.67529296875,127352,996.700154622396,1001.6507263183594,1094.796885986328,1016.461149597168,993.7257956784106,1017.3563923855658,40.965929112049935,-30.186180342969465,-35.03232670827099,4.846146365301529,1051.4395397503815,941.0915332476654,28.63341800175421,0,992.478608226432,1070.7600360011436,31.248459101526866
2025-09-04,1004.6945211975128,1009.5309915688608,976.2738821363424,988.7390747070312,250250,993.4536675347222,998.2193991921164,1092.1332470703126,1017.0427825927734,992.7284514841348,1014.7548180511536,39.98897656180094,-28.687935938928604,-33.763448554402515,5.075512615473912,1039.554020481252,945.9965410421854,28.155252879495364,0,992.478608226432,1063.8293614100987,32.13526501554404
2025-09-05,984.2516095307394,992.2293328096108,962.3128705138436,986.4454956054688,138084,989.2542928059896,995.477059104226,1089.4197595214844,1017.4099914550782,991.4718603084016,1012.181243283364,39.51740980237254,-27.370133260799776,-32.48478549568197,5.114652234882193,1032.483643208272,948.1207330124312,28.12406096399916,0,992.478608226432,1063.8293614100987,32.049788634246354
2025-09-08,985.9967169579984,1011.1265569614716,982.6560697472536,1005.5421142578124,113456,987.9080471462672,993.0678738680753,1087.2991711425782,1017.9806127929688,994.2859110982836,1011.5776860992228,45.30114699275275,-24.50237943802404,-30.888304284150387,6.385924846126351,1031.2954661999138,948.5061451282112,27.20643748300739,0,989.0880892616344,1046.7271562907558,30.044669609678472
2025-09-09,1004.8939390845794,1011.5752942270612,991.531228799616,993.7749633789062,207687,989.7418145073784,991.1527654474432,1084.4536303710938,1018.3241784667968,994.1837215544084,1009.9592567610124,42.59801612256232,-22.915024468206298,-29.29364832096157,6.378623852755272,1031.7453910683134,949.2279487754364,26.3338976903012,0,985.7972790427656,1040.3948233842707,29.560308725293236
2025-09-10,1010.1293218128624,1026.034919146823,988.240432255358,993.4259643554688,841699,991.3041178385416,990.237138227983,1081.6130529785155,1018.6543374633789,994.0321701146204,1008.45623017869,42.516983873023634,-21.438070787532524,-27.72253281427576,6.284462026743235,1031.9255220024893,949.3669279486826,24.871647123984307,0,993.376112527463,1003.9964583771896,30.066042158007637
2025-09-11,997.0159420532268,1009.4811345195484,988.7390664286288,993.3262329101562,474861,992.378892686632,990.749345259233,1079.4312524414063,1019.0475146484376,993.8909826737276,1007.0807758815508,42.49210851223748,-20.044560631217223,-26.186938377664053,6.142377746446829,1029.9347343540262,955.3964363002706,23.513843026690047,0,994.1738948303332,1003.9964583771896,30.39370126202446
2025-09-12,997.2154106852638,1024.6388344791085,995.7195875692358,1008.0850830078124,481617,995.2486640082466,991.5607188831676,1077.512783203125,1019.4211959838868,996.7298027405446,1007.1720765293926,47.39692914739874,-17.54700696100099,-24.458952094331444,6.911945133330455,1030.4051071488248,959.1442886031284,22.08109192565332,0,994.1738948303332,998.56157171397,30.899435589354034
2025-09-15,1007.1875046636222,1049.0705494120105,1007.0878074745848,1044.08447265625,480653,1000.7887437608508,995.7036937366832,1075.5022705078125,1019.9066430664062,1006.2007367236856,1010.5277489045612,57.02499262251478,-12.518522068380662,-22.07086608914129,9.552344020760628,1034.2823161539698,964.979958015952,21.664637961380777,0,1005.691709962927,996.4674472979542,32.16020148003355
2025-09-16,1047.07620538345,1118.676322215164,1047.07620538345,1087.613037109375,1684249,1011.2262708875868,1001.2359757856888,1073.5781591796874,1020.6476943969726,1022.4831968008236,1017.5355023777262,65.2961978354883,-4.963800591367431,-18.64945298958652,13.68565239821909,1056.565238074921,951.9661584094542,23.007246182588688,0,1040.4945963645036,1031.270333699531,33.549186566782375
2025-09-17,1090.9536269503742,1108.5045933120896,1084.5714241650978,1104.1168212890625,599795,1024.0460205078125,1008.3796636408024,1072.607080078125,1021.4821813964844,1038.8099216984715,1025.4065313696658,67.82473231082805,2.32824945300672,-14.453912501067872,16.782161954074592,1078.2111106631953,941.2298195125858,24.25395381656746,0,1040.4945963645036,1031.270333699531,32.82264298057914
2025-09-18,1109.6513704683805,1118.8756123707235,1091.950798169289,1115.33544921875,195079,1038.3671264648438,1013.8530106977984,1070.8393603515624,1022.2018124389648,1054.1150272025272,1033.5818875377645,69.45398082251039,8.909794599508587,-9.781171080952582,18.69096568046117,1097.7474149212478,931.3315950885178,25.61394500534661,0,1050.7658410589886,1031.3699787773107,32.60895392951009
2025-09-19,1116.8812032711764,1140.8143719127015,1091.6516059694125,1130.293701171875,625451,1052.2284138997395,1020.001747824929,1069.45837890625,1022.9714233398438,1069.3507619963968,1042.3738705954106,71.52442466055344,15.157990586908682,-4.793338747380329,19.95132933428901,1118.1823848299914,922.1302494473524,27.27287438888952,0,1064.5274020840295,1042.3393585482995,34.53928053799314
2025-09-22,1128.399079657203,1141.8115774424275,1099.8786232206176,1135.22998046875,251165,1067.9456380208333,1025.2869900790129,1068.257724609375,1023.689296875,1082.5266056908677,1050.8153351293504,72.1942280705809,20.274337465825734,0.2201964952608843,20.05414097056485,1136.4474419925805,914.9642035152318,28.830717898217525,0,1065.0260048488926,1042.8379613131629,34.66393666164178
2025-09-23,1123.9116467618476,1128.548600911204,1100.826086285772,1116.1832275390625,196376,1081.5853339301216,1029.751797762784,1066.694045410156,1024.2814190673828,1089.2579300605066,1056.7578708029605,65.7661226301438,22.532425670405928,4.682642330289894,17.849783340116034,1148.4085245844044,912.8556111577832,30.277286871164964,0,1065.2753219355282,1046.976421585354,35.31924786529491
2025-09-24,1107.507420692388,1114.8369296805718,1094.9425307511592,1099.62939453125,127398,1093.396796332465,1033.178594415838,1065.0361352539062,1024.8652056884766,1091.3322229546554,1060.655282050987,60.70693134531269,22.724269628694174,8.29096778997075,14.433301838723423,1155.5627971133606,917.9371723690612,31.28436100339705,0,1068.7655825058316,1046.976421585354,34.46093267639383
2025-09-25,1099.878623931181,1103.2691804744748,1070.610377692468,1078.4884033203125,84003,1101.2193874782986,1035.9435979669745,1063.0748193359375,1025.347257385254,1088.763459027787,1062.276474893653,54.89859749133059,20.92914785122457,10.818603802221515,10.110544049003057,1158.695676415988,924.716609960965,30.948289108967785,0,1074.4496924585062,1046.976421585354,34.65681413969664
2025-09-26,1070.9594026035677,1080.4828581208787,1053.3087391695228,1067.91796875,79008,1103.8675537109375,1040.0639121315696,1060.4403515625,1025.7045040893554,1084.5943609722297,1062.7893379715026,52.208861269666286,18.440979052997363,12.343078852376683,6.097900200620678,1160.1426246218482,931.6961327023708,29.856387104905185,0,1094.443891412939,1046.976421585354,34.56421640663507
2025-09-29,1076.9926495618513,1117.3299644574486,1038.6995532313504,1100.3275146484375,237506,1105.2802734375,1045.562197598544,1058.6053344726563,1026.1349743652345,1087.7409917074713,1066.2018994875875,58.86371213513689,18.86678232773193,13.647819547447734,5.218962780284192,1164.3847832177937,939.261011459941,29.8373668612508,0,1090.255565336889,1046.976421585354,38.74895539225314
2025-09-30,1099.9285564521758,1107.058670715419,1037.3532917945386,1061.884765625,436978,1100.5878228081597,1049.1181751598012,1056.3517504882811,1026.3935760498048,1082.5697464909772,1065.8094327728068,49.974459865851465,15.91872477384254,14.102000592726696,1.8167241811158448,1164.4984338583156,945.9134618936374,29.759944042310405,0,1089.5824346184831,1046.976421585354,41.02830482292567
2025-10-01,1061.934705147033,1065.0260485448573,1041.0928789146358,1050.2672119140625,228529,1093.3580186631943,1052.209542014382,1053.6847021484375,1026.591360473633,1076.1092395755943,1064.39650360383,47.63339186683579,12.500826681759465,13.781765810533251,-1.280939128773788,1163.4832239834377,952.5878636630468,29.688051424722897,0,1089.5824346184831,1046.976421585354,41.25624064716152
2025-10-03,1050.1674527064602,1072.8043140165505,1041.890638403001,1067.8182373046875,95735,1086.4163004557292,1055.5547457608309,1051.1318286132812,1026.5694891357423,1074.451039121413,1064.707570303908,51.34185492683219,11.080608530442078,13.241534354515018,-2.1609258240729403,1162.3019482659104,961.6770556403396,29.83232232194614,0,1089.5824346184831,1046.976421585354,41.22774593606132
2025-10-06,1067.6187175675232,1067.6187175675232,1051.064967286508,1062.134033203125,89580,1078.2945285373264,1058.6665066805754,1047.6455615234374,1026.4318615722657,1071.9876379377554,1064.4736123856549,50.10429477032615,9.388186477513727,12.47086477911476,-3.082678301601033,1159.5867031432851,971.9611545227306,29.966288155082008,0,1082.9509463528711,1051.2644416752653,39.42564079897232
2025-10-07,1062.5330435398228,1066.4222080734253,1023.2427311454378,1035.109619140625,333900,1069.286349826389,1060.774258700284,1043.556979980469,1026.2816790771485,1064.6120341783294,1061.8041584542884,44.60000851949345,5.799433189150932,11.136578461121996,-5.337145271971064,1157.9486633119714,976.5559448423254,28.709882775577373,0,1070.2863478014433,1052.0622239781355,37.18189989676328
2025-10-08,1027.1318531425825,1032.4171434091631,1006.9880900632515,1011.5753173828124,143795,1059.5025634765625,1061.9165233265269,1040.1784130859376,1025.7396612548828,1054.0046908192262,1057.2379001750633,40.43415370704018,1.0442612909312174,9.11811502708384,-8.073853736152623,1156.1110424369174,980.1736011177704,26.864633531610615,0,1062.15902726035,1052.0622239781355,37.48106846321912
2025-10-09,1016.162469578132,1018.0572031412844,998.2125927847987,1001.6031494140624,86240,1050.9597574869792,1061.7374794699929,1036.6921484375,1025.0644165039062,1043.5243825381935,1052.180195560427,38.78119017498999,-3.488701729864033,6.596751675694266,-10.0854534055583,1155.1226473315935,981.9797147289536,25.084534200145654,0,1057.7712786211237,1052.0622239781355,36.97533961715135
2025-10-10,1001.6031760282592,1006.3897977939636,993.4259975431988,1001.50341796875,198210,1043.5803629557292,1062.0887728604405,1033.774296875,1024.3638623046877,1035.1201896243049,1047.5732157793652,38.76412258960996,-7.008366984189024,3.875727943717608,-10.884094927906633,1154.1010447992642,983.8190357671422,23.6191696299024,0,1055.3779810003236,1052.0622239781355,34.38969921054247
2025-10-13,1001.5034119897774,1001.7028672424073,982.7557746813264,988.5396118164062,262780,1031.1594848632812,1061.8666659268465,1030.042716064453,1023.9768600463868,1025.8040740627252,1042.2065245100052,36.51454028573098,-10.720221825408998,0.9565379898922868,-11.676759815301285,1156.4495778740254,979.51595557324,22.67026505693793,0,1044.9072226983728,1052.0622239781355,32.74785194906182
2025-10-14,988.5395831866944,1039.3976278744933,988.5395831866944,1007.7858276367188,557204,1025.1484917534722,1062.5239202325995,1027.4619213867188,1023.7915362548828,1022.200424777524,1039.0773702487977,41.904799947582624,-11.970891771463585,-1.6289479623788876,-10.341943809084697,1158.119712781403,974.2159561639096,21.785593534451497,0,1027.7800443489384,1062.2338235948405,33.92314841369188
2025-10-15,1011.0767017239932,1022.6443758270552,1003.896738789418,1014.5669555664062,107387,1021.1817966037328,1062.8185508034446,1026.4686950683597,1023.7398599243164,1020.6737309353005,1036.8491507322165,43.718001967154,-12.2733962901184,-3.75783762792679,-8.515558662191609,1156.657550911808,968.3735098792076,20.96411283499981,0,1027.7800443489384,1062.283676061877,33.7450727172443
2025-10-16,1014.5670155294628,1048.871251096998,1014.5670155294628,1042.5887451171875,258227,1018.3785196940104,1062.7505631880326,1026.3849304199218,1023.9161239624024,1025.056733771678,1037.3709320399412,50.5818968923641,-10.13517705948516,-5.033305514238464,-5.101871545246695,1151.8626873645494,967.0155658092784,21.041034356828423,0,1025.1872461244247,1062.283676061877,33.862607913571814
2025-10-17,1041.9903261727916,1062.034330027228,1023.7412368801688,1034.810302734375,154087,1015.3425496419272,1060.35043889826,1025.9102526855468,1024.1348767089844,1027.0074475642173,1037.138147557617,48.80269045880324,-8.964936005515483,-5.819631612493868,-3.1453043930216147,1144.5408191669733,966.2849193584173,21.480771996863396,0,1024.5889913773758,1062.283676061877,34.65682035612205
2025-10-20,1035.0098813959755,1039.5970478606002,1015.06557352335,1023.6416015625,169077,1014.0683254665798,1056.6924743652344,1025.6649377441406,1024.3196197509765,1026.334278363874,1035.9111888307882,46.28519859716083,-8.836866486851022,-6.4230785873653,-2.4137878994857225,1132.8819301102124,967.278598454241,21.48169014943723,0,1022.3950523542773,1062.283676061877,30.792610578347187
2025-10-21,1018.156890704371,1031.3200848695087,1014.1680292324636,1020.5502319335938,17199,1015.0655381944443,1052.3840553977273,1025.8045471191406,1024.514461669922,1025.177469077818,1034.5147382037703,45.58427241047312,-8.882427073828921,-6.914948284658025,-1.9674787891708965,1117.6596299310615,971.0329237798758,21.439402706453738,0,1022.3950523542773,1062.283676061877,27.03880177235894
2025-10-23,1056.1507661285584,1090.9536066275634,1055.5524612571078,1079.5853271484375,1410574,1023.730224609375,1050.0791293057528,1027.7551000976562,1024.874220275879,1036.0590406919418,1038.6120644714674,58.50688238168527,-4.107546125418821,-6.353467852810185,2.245921727391364,1109.8643386720885,975.1684249997865,22.882716095311416,0,1036.854690654445,1062.283676061877,30.35810213405524
2025-10-24,1081.9786920129486,1082.9759073972923,1032.8159248726452,1040.9931640625,276521,1028.1179741753472,1045.7956376509233,1028.7702661132812,1025.001567993164,1037.0458653660537,1038.8285280706525,50.126452392861935,-3.3983100031730373,-5.7624362828827564,2.364126279709719,1101.3367289785238,977.8324116464764,23.238983956403423,0,1036.854690654445,1062.283676061877,31.73283834199079
2025-10-27,1041.7908876621025,1062.7324112223969,1027.231567056739,1058.4444580078125,142490,1035.8851793077256,1043.1711481267755,1030.8803747558593,1025.313432006836,1041.325583894405,1040.611794428576,53.378513222417794,-1.4117874843723257,-4.892306523180671,3.480519038808345,1098.292924664149,978.8718214296013,23.340747080538225,0,1039.7465949071288,1062.283676061877,33.07195078109637
2025-10-28,1052.0622275532155,1074.5992708305516,1052.0622275532155,1066.5218505859375,119946,1042.411404079861,1041.666259765625,1032.892755126953,1025.597948303223,1046.3648372327118,1042.967254079245,54.84612656316301,0.8050439537905731,-3.752836427786422,4.557880381576995,1098.0818141519069,978.9433201254368,23.727312943451484,0,1047.425172708491,1062.283676061877,31.59749123462128
2025-10-29,1063.031606742368,1089.0589040998311,1032.5168401256735,1077.1920166015625,321744,1049.3697441948784,1041.607333096591,1035.497481689453,1026.0782321166992,1052.530273106482,1046.0785961267286,56.78156446837995,3.383884746146805,-2.3254921929997767,5.709376939146582,1092.6132788218558,982.0983056508004,23.278631616399352,0,1052.5608179300134,1062.283676061877,33.62752944153443
2025-10-30,1077.1920651230532,1089.7570769992003,1057.746364123797,1084.0728759765625,125848,1053.9790920681423,1042.3416470614347,1037.2805029296876,1026.6936538696289,1058.838793680498,1049.5326215676223,58.03087481501277,5.914681730230541,-0.6774574083537133,6.592139138584254,1096.6116578958845,980.318737611928,22.881852456068223,0,1052.5608179300134,1055.6521877962653,34.49653676431426
2025-10-31,1081.0811360866587,1091.0532895820256,1062.0343472565855,1066.422119140625,93418,1057.4915161132812,1040.8004927201705,1038.708515625,1027.2538204956054,1060.3554587725234,1051.0680304378957,53.73946521499565,6.422058517398227,0.742445776796675,5.679612740601552,1098.5476013948137,979.9982848356548,22.55271141171458,0,1052.6106594072446,1050.0428695693874,35.643332626791064
2025-11-03,1069.9124367104296,1085.9675804499743,1064.028841450985,1073.7017822265625,171532,1063.053758409288,1041.3376298384233,1039.803458251953,1027.9459088134763,1063.0247234633312,1053.1256442368651,55.21058774161548,7.327103955597295,2.059377412556799,5.267726543040496,1099.4931003689717,979.6411403536848,22.247080441957625,0,1052.6106594072446,1050.0428695693874,35.857021658070245
2025-11-04,1066.9207122022651,1078.1891724594575,1045.8794929613107,1053.2587890625,158820,1066.6880425347222,1041.4736106178975,1040.5094848632812,1028.5392556762697,1061.071536583165,1053.137748311923,50.36664392755037,6.321905297729927,2.9118829895914247,3.4100223081385024,1098.474396575752,979.772319732842,21.13580209479532,0,1059.1424283193824,1050.0428695693874,34.53213843023794
2025-11-06,1059.0427601944134,1081.9787145112416,1037.303415671522,1077.5909423828125,133278,1066.4664442274309,1041.9178244850852,1041.5765063476565,1029.1599807739258,1064.3754177430949,1055.360765954731,55.38413686796996,7.403338462585452,3.810174084190231,3.5931643783952216,1102.9862701658246,979.508578466988,19.74209467275999,0,1059.1424283193824,1050.0428695693874,36.384114273243824
2025-11-07,1079.9842504336978,1079.9842504336978,1048.571966141305,1067.91796875,117001,1069.4580891927085,1042.1807306463068,1042.58169921875,1029.6760192871093,1065.0839279444758,1056.50232984521,53.08660155554588,7.394613404939264,4.527061948340037,2.8675514565992266,1105.2418892103187,982.8872245592124,18.44793778087005,0,1059.1424283193824,1044.9072226983728,36.17754204194389
2025-11-10,1068.915214310112,1074.998203919421,1037.5029291306482,1040.6939697265625,166594,1067.485812717014,1042.4345647638495,1043.8501574707032,1030.073553771973,1060.2059363008932,1055.0652061980602,47.15731459945627,5.131793413119794,4.648008241295989,0.4837851718238051,1103.8930963825755,988.1450994182056,17.495877733228326,0,1061.7850648538497,1036.904532131676,36.12055501635201
2025-11-11,1050.1675462939447,1120.8701447150202,1014.9658537441732,1091.153076171875,662269,1070.2226155598958,1046.0517356178975,1046.0859143066407,1030.5767492675782,1066.3953642750896,1058.3459216502251,56.7904852291863,7.325674635529594,5.183541520142711,2.1421331153868834,1107.7420261185694,993.261135502524,17.595998896383286,0,1067.9179992295967,1051.8129596981732,41.93289906160892
2025-11-12,1100.5268300232503,1105.9118172305043,1056.1507471857774,1086.2667236328125,1497039,1071.2309163411458,1049.9000799005682,1048.13818359375,1031.2267108154297,1070.3696361466343,1060.8841763759149,55.73096115007908,8.571249468939186,5.861083109902006,2.71016635903718,1106.739267385616,1004.0366054171184,17.688968547884322,0,1067.9179992295967,1051.8129596981732,44.262114376443336
2025-11-13,1096.9368942273072,1105.1140114739364,1077.2918003592108,1086.66552734375,570830,1071.5189887152778,1053.771084872159,1050.226351318359,1031.9210934448242,1073.6288143860577,1063.227935554809,55.80343525213013,9.481262532239043,6.585118994369414,2.896143537869629,1107.2941494106212,1011.369693362816,17.775297509992427,0,1067.9179992295967,1051.8129596981732,41.22060269221162
2025-11-14,1086.8650716454938,1088.6599862989165,1068.416587036778,1075.3970947265625,320212,1072.5162082248264,1057.719152277166,1051.8498181152345,1032.5854336547852,1073.9824704541586,1064.334222752241,53.155426814645885,9.187280848470436,7.105551365189619,2.0817294832808173,1105.8922206409125,1018.8546360485406,17.4111123250138,0,1067.9179992295967,1051.8129596981732,39.08370388774671
2025-11-17,1072.0065636809654,1095.7403390853165,1063.0316250082876,1083.275146484375,291793,1073.5799153645833,1061.1504849520595,1053.6418151855469,1033.3710412597657,1075.841005660202,1066.0561249097077,54.77131890215465,9.48070353447747,7.58058179904719,1.9001217354302808,1107.836174858707,1020.979321967465,17.34125541250593,0,1067.9179992295967,1051.8129596981732,38.88426602427321
2025-11-18,1086.9648232663235,1126.4545301141393,1069.712947562689,1118.476806640625,826654,1080.8263617621528,1065.873660000888,1056.2365698242188,1034.5544696044922,1084.3681658562866,1070.8216414307,61.210062707336014,12.410660539859464,8.546597547209645,3.864062992649819,1115.955470930353,1021.2266762864436,18.275212531579715,0,1070.7101919291565,1054.6051523977328,41.32744740099566
2025-11-19,1123.7620409296894,1134.831107349498,1096.0394045535988,1106.60986328125,382035,1084.0506863064236,1068.7837108265269,1058.6398571777345,1035.7038708496093,1088.8165053412793,1074.0751161443864,58.202008880592814,13.618128118942424,9.560903661556202,4.057224457386221,1118.0149496511806,1027.4640237374913,19.37528691453172,0,1074.8984805468356,1058.7934410154123,40.05956445969149
2025-11-20,1102.6209803426707,1115.0861724046542,1087.0644449953932,1091.651611328125,208975,1086.6877577039932,1071.3674066716974,1060.3620471191407,1036.549969177246,1089.3835265386483,1075.672979342908,54.56217855232759,13.215706515194595,10.29186423228388,2.923842282910716,1115.0054970831875,1037.5836142449373,19.90714809570376,0,1074.8984805468356,1061.6853452680962,39.77463692639562
2025-11-21,1085.9675180095503,1101.424355961018,1076.9925798441825,1084.87060546875,236363,1091.5962727864585,1074.1505432128906,1062.1839599609375,1037.4083111572263,1088.4809423246688,1076.50912717253,52.9456932414566,12.208877651508146,10.675266916128736,1.5336107353794102,1115.436152784943,1037.6814863752131,19.87237918260505,0,1074.8984805468356,1069.363923069458,39.44698219720958
2025-11-24,1083.3748107836363,1110.897930864727,1079.8845569613504,1104.81494140625,395817,1093.1142578125,1077.9807572798295,1064.4117395019532,1038.3075723266602,1091.747742140985,1079.082383011959,56.98247800445987,12.871920267263704,11.11459758635573,1.7573226809079738,1116.7682681351844,1042.7315487593469,20.161340833015064,0,1095.4909272676375,1074.4995682909807,40.09517040466581
2025-11-25,1104.8149092537976,1104.8149092537976,1072.0064999330257,1075.995361328125,190951,1091.9729953342014,1077.81757701527,1066.0651220703126,1039.0773745727538,1088.5972659784131,1078.801744677065,50.271159254140194,10.94571170907625,11.080820410899834,-0.1351087018235848,1116.3278965611407,1044.9270106654217,20.00830071548681,0,1098.9313661788929,1074.4995682909807,40.13079626002849
2025-11-26,1075.8956589702425,1096.8371811939028,1050.1674544033035,1092.6488037109375,258875,1092.6378038194443,1080.1655606356535,1067.756396484375,1039.931932678223,1089.407573524918,1080.060568225599,53.66707790998638,10.640316228679922,10.992719574455853,-0.3524033457759294,1117.3720846547249,1046.4955178843377,18.81722798234717,0,1092.499280876401,1074.4995682909807,40.27325539937704
2025-11-27,1093.9453303591254,1098.4327998090944,1073.2032006537752,1078.3887939453125,150234,1092.97021484375,1081.0721213600852,1068.4424829101563,1040.712957458496,1087.2038176089968,1079.9085887455728,50.4877491381991,9.142238463833335,10.622623352331347,-1.480384888498012,1117.402240357019,1046.5850399164185,17.778179498626255,0,1092.499280876401,1074.4995682909807,39.83163503244322
2025-11-28,1076.9926262520264,1082.9759186200931,1069.014903094604,1076.4940185546875,84243,1092.2167561848958,1081.5254017223012,1068.2201025390625,1041.4797940063477,1085.061857798135,1079.598173273674,50.06335435976556,7.713195585982476,10.040737799061574,-2.3275422130790986,1117.0917566206854,1046.1376379105643,16.614661518204713,0,1092.499280876401,1074.8984805468356,38.15061651363724
2025-12-01,1076.9925834471903,1085.9675216425835,1033.1151078252678,1040.1953125,255705,1083.5188123914932,1079.8437333540485,1066.9416723632812,1042.0929260253906,1076.088548738508,1076.0160950215218,42.66443762534427,3.610052157822338,8.754600670813726,-5.144548512991388,1119.8502964046156,1040.7564174625718,16.753937387363468,0,1083.9731075873829,1074.8984805468356,34.36119671695643
2025-12-02,1030.1235514402158,1035.0099314514043,1019.253878777874,1024.1402587890625,148832,1074.3555230034722,1077.1195234818892,1065.1177685546877,1042.7646047973633,1065.698890748619,1071.30010990948,39.85852151626814,-0.926546575173461,6.81837122161629,-7.744917796789751,1124.6546632981913,1030.995898225246,17.324895120924417,0,1067.1700255912642,1074.8984805468356,32.30265126534208
2025-12-03,1024.738505039085,1025.0377183466724,997.2153847656324,1003.3981323242188,129776,1064.549580891927,1074.254796808416,1062.5798571777343,1043.3514807128906,1053.238739063739,1065.1272028562744,36.51710090672531,-6.1249454534893175,4.229707886595169,-10.354653340084486,1131.9534104780053,1018.7110853716042,18.473448005735733,0,1054.0566578151795,1066.0232460575653,32.30266001293596
2025-12-04,1002.7997497772518,1007.7858266175627,973.2821992286896,979.7640991210938,224285,1052.8710801866318,1069.984902121804,1059.4705395507813,1043.9065145874024,1038.5438110752102,1057.3669206985307,33.11104269647316,-12.013301121325185,0.9811060850110982,-12.994407206336284,1141.3418092288252,999.5400022946123,20.10406405240403,0,1042.0900650467083,1054.056653289094,33.32124773627415
2025-12-05,979.7640953222918,987.2432105537596,967.0994480239672,978.8665771484376,207790,1038.8768174913191,1066.603437943892,1056.724206542969,1044.418250427246,1026.6083642898557,1050.2305258303404,32.98521766140479,-16.561378669484384,-2.5273908658879987,-14.033987803596386,1147.8880707312342,984.0886016320468,21.75211533625836,0,1035.9571786388824,1050.9652776867326,32.42375119718584
2025-12-08,989.536802268112,996.2181574389904,959.8197963313596,971.0883178710938,224899,1027.220479329427,1061.7624095569956,1054.1533850097655,1044.9187100219726,1015.5043550061034,1043.0357796522271,31.855422823151656,-20.55644154934612,-6.133201002579623,-14.423240546766497,1154.2570270569386,970.7590801207956,22.796118805976523,0,1029.126298070227,1047.3254518404287,30.970663951198723
2025-12-09,962.3128569411072,978.36800046731,937.38247204626,974.8777465820312,191780,1014.134806315104,1057.5333085493608,1052.081171875,1045.6169934082031,1007.3790333212892,1036.839594827664,33.05838623560146,-23.14992451760349,-9.536545705584398,-13.613378812019096,1155.2816119089316,958.1069623098184,24.28141573811783,0,1017.9076359276772,1036.106789697879,31.127365781566635
2025-12-10,975.2766378732772,984.1518790670776,965.404181303328,976.7724609375,447443,1002.8441026475696,1054.6277854225852,1050.25826171875,1046.3478872680664,1001.2577188445312,1031.3789462921943,33.68870942591259,-24.76689350976096,-12.582615266419712,-12.18427824334125,1154.920518010751,947.5186299384678,25.347329774860317,0,1011.6749968444216,1036.106789697879,30.464935092601536
2025-12-11,977.1713568596596,977.1713568596596,955.332316101654,968.3958129882812,190252,990.8331909179688,1049.0479098233309,1047.619627685547,1047.0657571411132,994.6853376732812,1025.6532069009295,32.24321427680191,-26.41972838549418,-15.350037890234606,-11.069690495259575,1153.8708213387265,936.7413551749456,26.572384132480696,0,1011.6749968444216,1036.106789697879,30.27973970982797
2025-12-12,976.8721894859068,986.2460386686752,960.3184380565564,971.1881103515624,261436,983.1657240125868,1043.8170637650924,1045.805694580078,1047.792861328125,989.9858922089376,1020.7018344873508,33.271047515471395,-27.19085759094378,-17.718201830376444,-9.472655760567337,1152.5139943342572,927.6772837419146,27.20157599990917,0,986.1962017488322,1036.106789697879,29.91647018902385
2025-12-15,975.2766734958924,976.2738889084648,962.2131759372722,967.2989501953124,85311,976.8500230577256,1038.3913102583451,1044.1463293457032,1048.505246887207,985.4485038062126,1015.8470268244382,32.53085583992328,-27.7953977206015,-19.733641008421458,-8.061756712180042,1149.2726395156842,919.3210189315816,27.785825591092756,0,981.2100951964662,1036.106789697879,28.57734672459301
2025-12-16,963.3100580318098,969.2933503177215,955.3323349839274,968.0966796875,130555,972.9276394314236,1033.5140186656606,1042.151898193359,1049.3114324951173,981.97813898247,1011.5060861756256,32.86079844418353,-27.88864706245965,-21.364642219229097,-6.524004843230557,1138.187741734265,915.3679040176884,28.522535765238555,0,972.5841493319114,1036.106789697879,26.24101019196408
2025-12-17,962.3128738458604,974.17976161035,955.332365952678,962.5123291015624,133758,971.0107760959202,1028.0247996937144,1040.159464111328,1050.0695449829102,978.0849770062886,1007.0521082598016,31.692402423312856,-28.08936158430413,-22.709586092244106,-5.379775492060023,1127.8382165298387,911.3076758041456,28.89912356068104,0,966.8003147426252,1036.106789697879,25.785138513560717
2025-12-18,963.3100433048744,966.89999427546,951.4431561064896,962.9111328125,89553,969.2379489474828,1020.953632701527,1038.7154943847656,1050.8512954711914,975.0502081675309,1003.0392923100468,31.878682408946943,-27.894696465397487,-23.746608166874783,-4.148088298522705,1118.6302705286437,907.6415739537784,29.37188127407612,0,966.8003147426252,1036.106789697879,25.89198298809509
2025-12-19,960.318434058044,975.8749700144624,958.7229137577132,971.8861083984376,118639,969.3265923394096,1014.8298256613992,1037.9217102050782,1051.6448321533203,974.4173882137122,1000.2071846817188,36.10190401055476,-26.70834031164486,-24.3389545958288,-2.3693857158160583,1108.825556519557,906.1478382558336,29.2228508813232,0,961.8142553574676,1036.106789697879,23.34195744805464
2025-12-22,969.2933473136676,973.2822088252466,957.326762778931,960.8170166015624,110560,967.7642890082466,1008.8827986283736,1037.105987548828,1052.4603958129885,971.6973138912824,996.6262603107954,33.35534073350739,-26.35749491786692,-24.742662660236427,-1.6148322576304892,1092.5666189349536,908.0069833599682,29.13678982176864,0,968.8445973875824,1036.106789697879,22.985815471211037
2025-12-23,966.0025846321348,969.9914462919224,948.8504673220076,951.343505859375,130594,964.9388495551216,1002.8133850097656,1036.1027893066407,1053.302978515625,967.6265522849008,992.5096462697572,31.169714134825995,-26.5379673902911,-25.10172360624736,-1.4362437840437394,1081.5163066039106,906.5921101441364,29.37460833472436,0,967.5482529953414,1036.106789697879,22.50857585613067
2025-12-24,953.0387706330878,953.0387706330878,934.3908304667418,938.1802368164062,116225,961.581563313802,995.239080255682,1035.0956018066406,1053.939678955078,961.737289191202,987.5706090467252,28.386422363607764,-27.426997571369725,-25.566778399271836,-1.860219172097892,1063.849766548699,908.8117935098944,30.08724529763241,0,960.3184345677084,1034.61096890812,21.376026768807296
2025-12-26,938.0805284637206,956.22986071382,928.2080717680324,935.4877319335938,204247,957.6148546006943,988.8523698286576,1033.649639892578,1054.3730938720705,956.4873777396804,982.8358020364406,27.838833787266694,-28.025759526440535,-26.05857462470557,-1.967184901734964,1046.671351089127,911.7001027682948,30.94323684143964,0,952.2409803382486,1021.6471220863432,21.938742941378383
2025-12-29,944.06383781105,956.329575141916,935.5875068530664,952.7396240234376,132996,955.9971516927084,982.492861661044,1032.4130932617188,1054.7643951416017,955.737826996432,980.0997858534404,36.31579795435233,-26.79927383134975,-26.206714466034413,-0.5925593653153385,1023.4646824098012,922.5313319944958,31.730188709221167,0,952.0415208912474,1019.5530013163796,20.82756309142778
2025-12-30,948.9501495111396,950.5457306689422,902.7790887022654,919.7317504882812,727761,950.6232706705728,975.2811778675426,1029.9559533691406,1055.0565853881835,948.5366116948018,974.6117826384258,29.23863238366724,-28.16605388123287,-26.598582349074107,-1.567471532158763,1012.1503883584794,921.7992698446456,33.35701281295535,0,939.327029358364,1006.8385097834962,21.468635012865075
2025-12-31,919.7317517999242,944.3629843677726,913.0503964428676,939.7758178710938,355286,948.0969916449652,969.0667142001064,1028.055263671875,1055.451980895996,946.7844529300602,971.4448767504864,37.2373118237498,-27.31695533842424,-26.74225694694413,-0.5746983914801049,1000.6205738129104,924.8926402984176,34.86763519499423,0,939.327029358364,1003.7969989780316,22.366127167233312
2026-01-01,939.7758376475424,939.8256862455818,902.9785642449856,909.859375,222223,942.2023518880208,963.142353404652,1025.779619140625,1055.5908166503907,939.3994373440482,965.8461947731694,31.511914322498995,-28.72689972521789,-27.139185502598885,-1.587714222619006,997.8656453625752,918.2936930163312,36.5025634519515,0,939.327029358364,1000.60594425568,23.438132970275497
2026-01-02,909.8593198578088,913.349573621828,904.125331531206,907.2166748046876,138894,935.016859266493,957.827645041726,1023.5129479980468,1055.6564819335938,932.9628848361764,960.5162384123984,31.057639782196706,-29.71499862247174,-27.65434812657346,-2.06065049589828,998.8726863290202,910.0319096182452,38.02071111912611,0,938.030648763756,1000.60594425568,22.24503593302572
2026-01-05,910.4576445883704,912.1030743162352,891.5105523132564,900.5353393554688,205683,928.3188951280382,953.1520635431464,1019.9319482421874,1055.6932186889649,926.4773757400347,955.0634294072228,29.884656188310984,-30.68350174165425,-28.26017884958962,-2.4233228920646326,999.4755574354854,901.5959147324834,39.7141651988791,0,930.7509993025894,988.73903697792,22.71159372101045
2026-01-06,906.4687995260532,911.8537870376337,890.0147454092436,906.9674072265624,131873,923.3882175021702,949.8431230024858,1017.2514331054688,1055.8740689086917,922.5753820373404,950.6910637544356,32.52662653212293,-30.57953151492484,-28.724049382656663,-1.855482132268172,998.9293032457824,895.7300778577332,41.31909492598788,0,923.1721602755798,987.9911335259136,23.27430988491016
2026-01-07,905.4715951538212,912.1529505950664,881.0398175312786,883.2337036132812,197453,917.2830471462672,945.4961742054332,1013.747218017578,1055.9362506103516,914.7070463525286,944.558576468876,28.29061750520914,-32.042875568376644,-29.387814619800665,-2.6550609485759797,1000.0122268202568,885.4827499863839,43.001744174262726,0,918.6846963365972,958.0248744913416,24.150433985347
2026-01-08,883.2337048805597,891.5105806486653,840.5528973088982,847.2341918945312,257697,907.4770982530382,939.8664412064986,1009.36146484375,1055.6659295654297,901.2124754609292,935.7109051439356,23.327996831839243,-35.69596514259524,-30.649444724359583,-5.046520418235659,1005.404345600624,867.1368043017197,45.20906092831997,0,898.4412362254071,932.7953078277852,26.686208640403898
2026-01-09,847.6330801048961,849.6275108816135,818.2152261483144,826.2427978515625,700425,893.4218953450521,933.1103071732956,1004.34248046875,1055.220991821289,886.2185399390559,925.7592590264472,21.01330887548985,-39.82580789342956,-32.48471735817358,-7.341090535255972,1012.2180466497774,846.1078017388944,47.50566635021714,0,884.3804784086283,913.0005263829386,27.704796388728887
2026-01-12,817.7166222803652,832.5751559825142,805.3012784641666,825.5447387695312,427560,882.9566718207466,926.236319802024,999.1719177246092,1054.6991723632811,874.083779705151,916.6488480940002,20.93890346397248,-42.6632699424398,-34.520427875026826,-8.142842067412971,1014.4194996875764,829.3420115428926,49.76144702396677,0,874.8321314159696,900.7597179515784,28.51325577958832
2026-01-13,834.868739782706,861.394644909175,831.4283345013849,851.970947265625,337169,873.2005750868055,920.9442804509944,994.8828942871094,1054.284605102539,869.6612132172459,910.7690389277842,30.912201379518866,-42.2920880216916,-36.07475990435978,-6.217328117331817,1011.0778193298728,821.1508916076273,49.87607833924882,0,872.5634823548742,900.7597179515784,29.56389343456895
2026-01-14,852.0706972746276,861.0954843293597,840.8520242014309,856.5581665039062,226156,867.2782185872396,915.733828457919,990.5400219726564,1053.86734954834,867.040603874578,905.8407777983408,32.50387537141019,-41.15338283945698,-37.09048449137922,-4.062898348077759,1005.7474669762258,815.3273926429148,49.9825217034393,0,859.3254260429973,895.7736585664209,29.67785914611058
2026-01-15,856.5581665039062,856.5581665039062,856.5581665039062,856.5581665039062,0,861.6494954427084,910.700156471946,986.6060095214845,1053.443127746582,864.9441164004437,901.3605404079376,32.50387537141019,-39.79225048483488,-37.63083769007036,-2.161412794764523,1000.063185991097,810.4162573682779,50.08136197018761,0,858.7271145296165,895.7736585664209,27.676302792840037
2026-01-16,863.4888143514735,872.5634498841906,831.7773168520969,835.0681762695312,177566,854.3753662109375,904.6534063165838,981.7555541992188,1052.9868380737305,858.9689283742613,895.3339618499008,28.88790472639356,-39.98666452216287,-38.10200305648886,-1.8846614656740075,994.5339449003246,803.1612028047535,50.66829908644921,0,858.7271145296165,895.7736585664209,29.100894923109426
2026-01-19,835.0681958719572,835.0681958719572,813.528306827213,829.9823608398438,148227,845.8214721679688,898.629316850142,976.9968420410156,1052.6262774658203,853.1716148673779,889.3929072126228,28.091428821989425,-40.08900080195701,-38.49940260558249,-1.5895981963745245,985.663199681398,797.8415732678208,51.51583160171927,0,858.7271145296165,895.7736585664209,27.070848760507424
2026-01-20,829.9823378799052,829.9823378799052,803.8552830883546,810.5864868164062,132014,837.7495591905382,891.705469304865,972.3946923828124,1052.2371533203125,844.6545892571837,882.2286871766031,25.23399574843954,-41.25957329879986,-39.05143674422597,-2.2081365545738976,978.9213904191132,789.5603295515899,52.44947338037798,0,847.68293186851,890.0645859984097,26.70045517669201
2026-01-21,816.5199771268907,896.4966663173394,801.8110496205717,856.6578979492188,1018076,838.7966376410591,886.4678233753551,967.7047888183594,1051.7420291137696,847.0552509955908,879.9040699741136,40.671369094591626,-38.03128165127225,-38.84740572563523,0.8161240743629747,969.407929031638,789.6052301480496,49.92293593089151,0,849.1538579689555,888.843009817517,30.83177622641855
2026-01-22,872.9124485268894,915.4437083422451,849.6274940169858,857.40576171875,1172156,842.2591891818577,881.7673117897727,963.127569580078,1051.1197827148435,849.1253531402226,877.858769223626,40.88474455440163,-35.008929756052794,-38.07971053171874,3.070780775665945,961.4425428150372,789.4931688548846,46.89658332851267,0,858.6273789814084,888.843009817517,34.87405995746408
2026-01-23,862.5913377534031,862.5913377534031,840.7522957231622,846.5361938476562,469272,844.5915730794271,877.0033430619674,958.3249829101562,1050.5937036132811,848.6075212817094,875.0112623712652,38.7058737146452,-33.10911610984488,-37.08559164734397,3.976475537499091,953.0335757195188,789.0069821418093,44.346688912508384,0,858.6273789814084,888.843009817517,34.96309710226852
2026-01-27,867.5275404411148,930.8507176869596,849.9266644668601,897.8927612304688,3656306,849.6939968532986,875.1720941716975,954.7748962402344,1050.5692120361327,858.4645692714613,877.0913986311928,51.78125811904783,-27.146526070342706,-35.09777853194372,7.951252461601015,942.0386143228152,794.517257259216,42.33414299059585,0,866.3308836537656,888.843009817517,39.425631545905176
2026-01-28,933.6927847630324,943.8643942112489,910.5573748660612,924.21923828125,1103014,857.2118937174479,874.6598899147727,951.593778076172,1050.5795755004883,871.6155030734191,881.3757476902888,56.861475909290256,-20.065501219726457,-32.09132306950026,12.025821849773806,942.946151908306,794.0584684530222,40.75338289873561,0,872.8377219159103,887.5466292229091,40.486952968547484
2026-01-29,933.3935824961898,933.3935824961898,853.6163532230112,860.9458618164062,769527,857.6994154188368,870.4874461780895,946.4431591796877,1050.2802893066407,869.4815748220166,879.5184853381176,44.6779577147532,-19.33647188131397,-29.540352831863007,10.203880950549038,931.0366653391256,798.0849594167338,37.98585015383281,0,872.8377219159103,885.9012479562471,42.54549196379117
2026-01-30,859.3004848717476,876.7019050157654,839.6553301755978,867.1286010742188,544907,861.2616848415798,868.0963939319957,941.6535339355468,1049.7653707885745,869.0109800724571,878.3921322232177,45.89782866165364,-18.05172642602201,-27.24262755069481,9.190901124672797,925.4259832474368,799.4225641158446,35.74161762045067,0,872.8377219159103,879.0703123812439,42.94794125713892
2026-02-02,884.5300635447741,884.5300635447741,845.7383599744652,856.6080322265625,406148,864.2200927734375,864.3160400390625,936.9526623535156,1048.968469543457,866.5303905032781,876.4117594962489,44.11525513040646,-17.678689451164587,-25.329839930788765,7.651150479624178,919.2822701972848,800.5054129081838,33.44970070691263,0,872.8377219159103,879.0703123812439,43.770643117993295
2026-02-03,1027.9296673660822,1027.9296673660822,971.7863925084786,986.1961669921876,4445582,883.7322794596354,867.7858942205256,934.9791735839844,1048.755322570801,890.46354580106,886.3921601776979,63.11696444078259,-6.847442444532135,-21.63336043353744,14.785917989005306,944.553415406916,783.8003504622246,33.392537806722245,0,914.8703584933268,914.8703584933268,53.447195189413
2026-02-04,986.1463289061452,1012.0739291878338,965.7034132994294,993.67529296875,1528776,898.9564344618055,871.7158314098011,932.7563806152344,1048.4183584594728,911.1058952345982,896.1451722496116,63.88029712684982,2.313236256168011,-16.844041095596353,19.157277351764364,966.114838100533,770.9097163428264,33.19024581305159,0,933.79249877084,914.8703584933268,55.31341345801841
2026-02-05,987.2432215437104,993.5256662350404,972.3846881057116,984.7501831054688,340454,913.1058146158854,875.543778852983,930.9314770507812,1048.0223388671875,925.8347528087724,904.2001732365076,62.22528380540629,8.75206993564393,-11.724818889348295,20.47688882499223,984.1169591254524,763.0592432671256,33.00240324750027,0,933.79249877084,914.8703584933268,56.83417094823544
2026-02-06,984.700374093472,984.700374093472,943.3657829527864,974.57861328125,417806,927.332750108507,878.6170154918324,928.5700732421876,1047.6177551269532,935.583524903268,910.5982132405752,60.30764832149743,12.885594229191383,-6.8027362656403625,19.688330494831742,998.4748831469424,761.4357613843077,32.0805599053499,0,933.79249877084,914.8703584933268,56.876904313991766
2026-02-09,996.3178793791824,1010.7775026441371,969.29336645076,976.124267578125,1078295,936.0251397026908,882.8393138538707,926.5247827148436,1047.1579571533202,943.6916734382394,916.5551272712614,60.50682125790341,16.100566092784675,-2.2220757939553555,18.32264188674003,1010.5350894735004,764.3637020304059,31.635370442157928,0,933.79249877084,914.8703584933268,58.301493396036975
2026-02-10,945.4598939133544,960.9167325728008,933.443460547921,948.1025390625,1041234,938.6788397894966,887.424238725142,923.956953125,1046.7511077880858,944.5738465630916,919.4230737977376,55.10792714132526,16.20058489529049,1.4624563438938136,14.738128551396676,1015.887086132678,771.2674854005251,30.35630388656504,0,933.79249877084,914.8703584933268,59.483902630230894
2026-02-11,949.0498756317232,954.3351048964596,894.4024857688939,904.923095703125,702315,943.565199110243,891.0006159002131,921.2515087890624,1046.1858303833008,936.6436963910984,918.1048939709548,48.00049117842278,12.649811154679128,3.699927306050877,8.94988384862825,1017.0256931248316,775.4240932521216,28.34422678034984,0,933.79249877084,914.8703584933268,57.001545661002176
2026-02-12,903.6766216285944,925.3162083162948,889.7156058126841,895.2999877929688,745816,946.695353190104,894.171309037642,918.6747033691406,1045.557261657715,928.3749546714724,916.0317206820469,46.55927834730745,8.956053192367904,4.751152483314282,4.2049007090536215,1017.5184321137568,778.8055363921025,26.381346355269752,0,936.8340136702736,914.8703584933268,54.84328767374156
2026-02-13,897.0,988.7000122070312,869.0499877929688,930.5,3875768,954.9055718315972,897.7408114346591,917.2167407226564,1045.1066836547852,928.799963737178,917.3470188018608,52.21148597248728,8.767998176390279,5.5545216219294815,3.2134765544607973,1020.367185969918,783.3509658855507,25.682281597037992,0,948.4898275795256,914.8703584933268,61.8297864154431
2026-02-16,929.9500122070312,929.9500122070312,903.2000122070312,908.8499755859376,348401,946.311550564236,900.1177118474787,915.7984582519532,1044.688916320801,924.80996610693,916.574560327686,48.79322235560687,6.79367394364624,5.802352086272833,0.9913218573734072,1019.8197522663796,791.2765795207297,25.033150035822786,0,940.5619584904013,914.8703584933268,57.75731955499064
2026-02-17,910.0,920.0,898.6500244140625,914.0999755859376,230182,937.4698486328124,902.7332486239346,914.5031262207032,1044.1453909301758,922.6679680027316,916.349598078436,49.65399822166333,5.588221351682705,5.759525939354808,-0.1713045876721031,1018.3669588203508,801.1411344413681,24.321801654476403,0,939.913745218553,914.8703584933268,55.99862974107331
2026-02-18,920.0,920.0,902.6500244140624,906.2000122070312,145074,928.7420518663196,905.966513893821,913.2053601074218,1043.5516687011718,919.3743768435916,915.4269084537628,48.33727275256314,3.949898494685385,5.397600450420923,-1.4477019557355382,1012.6817245996052,816.387721201176,23.66126387179762,0,939.913745218553,914.8703584933268,51.53954019198466
2026-02-19,912.9500122070312,917.6500244140624,899.6500244140625,911.7999877929688,230069,921.7666490342882,909.6854969371448,911.9438049316408,1043.0399325561525,917.859499033467,915.0971883936908,49.36235855834006,3.0680208216175515,4.93168452466025,-1.8636637030426983,1011.61677596277,822.9668788223864,22.9667672469062,0,939.913745218553,914.8703584933268,50.17907056054411
2026-02-20,890.0,941.9000244140624,890.0,933.5,431740,917.0306193033854,915.2724748091264,911.0783557128906,1042.228191833496,920.9875992267736,916.7701712669916,53.23463000622687,4.07318292536911,4.759984204802023,-0.6868012794329124,1011.2992676765753,830.8938109367059,22.80832877402318,0,928.875,914.8703584933268,51.11537919224079
2026-02-23,950.0,959.2000122070312,915.0,921.5499877929688,472106,914.080335828993,918.2221152565696,910.1414392089844,1040.920580444336,921.1000769400129,917.2047000420804,50.925132251699104,3.861007726033904,4.580188909048399,-0.719181183014495,1007.9554463593764,841.7390116484362,22.985638853155635,0,928.875,914.8703584933268,42.03526326849162
2026-02-24,915.0,928.0,896.4000244140625,920.1500244140624,488991,915.772216796875,921.0741271972656,909.1206774902344,1039.021821899414,920.9100664348229,917.4724568031696,50.64791650323512,3.5390955171145606,4.371970230661631,-0.8328747135470707,1008.1394673727712,843.7807169534007,22.59337641874033,0,928.875,914.8703584933268,40.98022467545827
2026-02-25,920.7999877929688,927.5,895.0999755859375,922.6500244140624,439822,918.8111097547744,924.533846768466,908.2276989746092,1037.7550378417968,921.2580580306708,917.9431447677962,51.15921717827185,3.44598372360656,4.186772929250617,-0.7407892056440577,1008.0710007099018,843.6922622295514,22.19000520683796,0,928.875,914.8703584933268,41.77375464338856
2026-02-26,915.0,919.2000122070312,908.0,914.5999755859376,159049,917.044440375434,925.2932656028054,907.157764892578,1036.6201629638672,919.926441541724,917.639220296718,49.38499076532775,2.6915932811660923,3.887736999633712,-1.1961437184676198,1005.1402332685758,851.9884410478304,21.815446224357185,0,924.6000061035156,914.8703584933268,39.86415637634428
2026-02-27,905.0999755859376,914.3499755859376,890.0999755859375,897.7999877929688,192230,915.816663953993,924.0923905806108,905.8635180664064,1035.3577505493165,915.501150791973,915.8356537054682,45.814078039269575,0.7297032441321107,3.2561302485333923,-2.526427004401281,1002.6142294258256,857.5815835624555,20.888838950331763,0,924.6000061035156,933.79249877084,38.65100379110306
2026-03-02,842.2999877929688,880.0,842.2999877929688,867.8499755859375,222477,910.677775065104,924.4062139337713,903.962294921875,1034.0115158081055,905.970915750766,911.4733193309654,40.22937295999263,-3.2048805591663267,1.9639280869934488,-5.168808646159775,1000.9169087773134,860.4030985469053,20.056919362982804,0,900.75,933.79249877084,39.56666043180277
2026-03-04,850.0499877929688,861.8499755859375,840.8499755859375,853.6500244140625,185250,904.838887532552,923.7935513583096,901.5975732421877,1032.428839416504,895.5067374834254,906.2166561567014,37.8721749297289,-7.38376846937399,0.0943887757199608,-7.478157245093951,997.17855352058,850.8868395458261,19.319421201802456,0,900.0249938964844,933.79249877084,37.21433049411951
2026-03-05,853.6500244140625,854.4500122070312,826.7999877929688,837.5999755859375,224102,896.5944417317709,922.9295487837358,899.133232421875,1030.5785775756835,883.9253851039279,899.9787761048138,35.35086062574493,-11.854026214722012,-2.295294222368434,-9.55873199235358,991.3660707560872,841.0917905720378,18.978465493015136,0,893.0,927.3648275795256,36.64643205915178
2026-03-06,836.0499877929688,846.75,832.0999755859375,840.4500122070312,184859,886.2555541992188,916.3047235662287,896.9153625488282,1028.6592236328124,875.2303105245486,894.5670702959245,36.16356783662349,-14.993922937574323,-4.835019965409613,-10.158902972164713,984.1596852186038,833.8681590196774,18.66186376342691,0,893.0,927.3648275795256,29.146432059151778
2026-03-09,825.0,839.5999755859375,805.6500244140625,831.5499877929688,304416,876.2555541992188,908.935391512784,894.7827575683593,1026.8707626342773,866.4942459782327,888.8382446138376,34.69671947202373,-17.99305852340865,-7.46662767700942,-10.52643084639923,977.9535445269072,825.771437162546,19.004478549480517,0,866.8250122070312,916.7898458900725,29.682146344866062
2026-03-10,836.0,843.5999755859375,823.2000122070312,832.75,209143,866.5444403754341,902.0262922807174,892.7280029296875,1025.153981628418,859.7453967825861,883.7393132853069,35.07908412478133,-20.04203205678164,-9.981708552963864,-10.060323503817772,968.3011226609258,821.0864322707148,19.175334762821763,0,866.5750122070312,916.7898458900725,29.61428833007812
2026-03-11,838.9000244140625,838.9000244140625,801.6500244140625,810.9000244140625,272175,854.1277737087673,894.5863564231179,889.8912109375,1023.5220028686524,849.9763223088814,877.1175597515573,31.466327001470205,-23.161971970903323,-12.617761236551758,-10.544210734351566,965.920468129408,809.746835337389,19.829992021605825,0,860.4250183105469,914.7898458900725,31.035718645368288
2026-03-12,803.0,936.9000244140624,796.0999755859375,909.4000244140624,4677636,853.5500013563368,891.5534362792969,889.6845764160156,1022.3372451782228,861.8610627299176,880.0523292663305,54.31055059968577,-17.48486538543284,-13.591182066327976,-3.893683319104865,966.3759089122924,809.7390874255984,19.15765875389041,0,866.5,904.0869523868856,39.80715070452008
2026-03-13,890.0,897.5499877929688,813.1500244140625,839.2000122070312,3559163,847.0388929578993,886.6033214222301,887.6730603027344,1020.7793450927734,857.3288526253403,876.3384822609397,43.24660453915426,-18.43773310409597,-14.560492273881575,-3.8772408302143937,966.444492587065,804.0605061922317,18.533349291011803,0,866.5,903.4387391150374,42.97500610351561
2026-03-16,844.7999877929688,858.2999877929688,807.0,826.0999755859375,549765,842.4000040690104,883.0204523259944,885.9978723144532,1019.1997314453124,851.0830772174598,871.7713452904849,41.5457301361609,-20.019182436308483,-15.652230306366956,-4.366952129941527,962.3916351534914,797.6733611843991,17.78401098469804,0,866.5,903.4387391150374,43.48214721679686
2026-03-17,831.7000122070312,839.2999877929688,818.1500244140625,826.5499877929688,210439,839.3888888888889,879.8954523259944,884.3845385742187,1017.613908996582,846.1764593325616,867.6603127907107,41.63065630031135,-20.99417245003019,-16.720618735099603,-4.273553714930589,960.4105976876352,791.4243998709585,17.088196843120976,0,866.5,903.4387391150374,42.735717773437486
2026-03-18,829.0,860.25,827.6500244140625,838.5499877929688,358549,839.4944458007812,875.7159063165838,883.1448315429687,1016.2015325927734,844.6511650246431,865.0139196090978,43.96841566831452,-20.56153872915661,-17.488802733911005,-3.072735995245605,956.1997365247864,788.0802622545103,16.95647402323504,0,866.5,892.3999938964844,42.82857404436383
2026-03-19,828.0999755859375,846.9000244140625,820.7999877929688,834.4500122070312,202702,838.8277791341146,872.3340897993608,881.6944836425781,1014.7716415405272,842.6109344611208,862.2353825725462,43.32987706111456,-20.315324735565127,-18.054107134241832,-2.2612176013232954,952.6160526912596,784.4889460880372,16.613255651244447,0,866.5,892.3999938964844,43.64643205915178
2026-03-20,841.6500244140625,841.6500244140625,819.7999877929688,823.0999755859375,181334,837.8888888888889,868.1977261629971,880.4918090820313,1013.312864074707,838.7087426860842,858.6776183010363,41.53172272247292,-20.79632438858698,-18.602550585110865,-2.19377380347612,947.9330064245456,780.3019911340481,16.260897555948507,0,866.5,892.3999938964844,43.45714896065847
2026-03-23,817.9500122070312,833.0,804.0,822.75,556327,836.7777777777778,864.4045437899503,880.0021252441406,1011.7846670532226,835.5169941488673,855.4114711827602,41.4745687321341,-20.964099099222157,-19.07486028793312,-1.889238811289033,937.5909868669776,779.5690106916161,15.40150108502154,0,866.5,892.3999938964844,41.564291817801326
2026-03-24,835.0,846.7000122070312,821.75,837.4500122070312,177961,839.7277764214409,861.024999445135,880.22626953125,1010.2846911621094,835.9035977605001,853.7786112758757,44.9042171295767,-19.683988863412765,-19.19668600302905,-0.4873028603837142,928.0465522541484,780.7034477458517,15.004669497190427,0,866.5,877.6499938964844,41.41786411830356
2026-03-25,846.7000122070312,858.4500122070312,838.5,855.4000244140625,685500,833.7277764214409,857.475000554865,880.8233752441406,1008.9361645507812,839.8028830912127,853.9260124702563,48.84619899775642,-17.024824726381098,-18.76231374769946,1.7374890213183605,918.0163100627168,784.2586899372834,14.9670732983742,0,850.7749938964844,877.6499938964844,40.94286237444195
2026-03-27,849.9500122070312,854.7000122070312,831.0999755859375,842.9000244140625,301741,834.1388888888889,853.9000022194602,880.6419567871094,1007.5858410644532,840.4223113557828,852.9236499196933,46.35872964524554,-15.744569921283528,-18.158764982416272,2.4141950611327445,904.9727675048696,789.3272324951305,14.65678784855133,0,832.125,877.6499938964844,41.63214983258927
2026-03-30,825.0999755859375,834.4000244140625,813.1500244140625,829.4500122070312,441756,834.5111151801216,849.7772743918679,880.0997937011718,1006.145379333496,838.2278515260325,850.7896828549059,43.77554261729017,-15.635031433277618,-17.654018272588544,2.0189868393109265,891.6297320555459,794.1552716065635,13.729749802635322,0,832.125,877.6499938964844,41.27143641880578
2026-04-01,837.0,842.4000244140625,827.25,837.4000244140625,264193,835.7166748046875,845.9022743918679,879.716630859375,1004.7292434692384,838.0622861036386,849.5724411784656,45.70147980393185,-14.736844676207513,-17.07058355331234,2.333738877104828,881.207301445438,798.5377058787807,13.13130409828692,0,832.125,877.6499938964844,40.896440778459805
2026-04-02,825.0,832.7000122070312,814.0499877929688,829.9000244140625,117569,834.7555677625868,842.0522766113281,879.6132678222656,1003.362184753418,836.4298337657234,847.784039654429,44.16449947204825,-14.463486451423703,-16.549164132934614,2.0856776815109086,877.3393972508535,798.6106149561778,12.279559485284816,0,831.2250061035156,877.6499938964844,39.90358625139508
2026-04-06,830.7000122070312,846.9500122070312,821.9500122070312,840.7999877929688,197661,835.4611206054688,839.461367520419,879.8296203613281,1002.1187878417968,837.3038645711725,847.1491258488417,46.95651943831998,-13.214978097490416,-15.882326925845776,2.66734882835536,876.0335331717564,798.6314753731655,11.804127383044293,0,831.2250061035156,866.5,31.63215419224329
2026-04-07,835.0,844.5,828.2999877929688,840.7999877929688,175086,837.4277886284722,838.2318226207386,880.4338903808593,1000.8589712524414,838.0030892155319,846.571931480126,46.95651943831998,-12.086203995719416,-15.123102339820504,3.0368983441010897,876.2246367278993,798.7603730377256,11.362654716678092,0,831.2250061035156,866.5,25.914297921316965
2026-04-08,868.0,869.0,857.0999755859375,862.3499755859375,205557,841.8277859157986,838.627274946733,880.5477319335937,999.669587097168,842.8724664896131,848.0062991261088,52.412720208958994,-9.34501495818938,-13.96748486349428,4.6224699053049,878.8785814880143,798.2964246155013,11.75229152490516,0,841.0750122070312,866.5,24.264299665178573
2026-04-09,857.8499755859375,873.0,847.25,859.75,706382,844.3055623372396,839.6340942382812,880.5946166992187,998.4239138793944,846.2479731916906,849.0739082964625,51.72146868384222,-7.298269292242708,-12.633641749243967,5.33537245700126,881.2147072216774,798.7803001025413,11.706521170660478,0,843.0750122070312,866.5,24.59287370954241
2026-04-10,859.75,906.9500122070312,856.2000122070312,871.9500122070312,643271,846.1444498697916,841.0659124200994,881.1028930664063,997.2412310791016,851.3883809947588,851.1535541065141,54.738006401658176,-4.6383021210143625,-11.034573823598048,6.396271702583686,885.3920995652169,798.522908979705,12.638498301238918,0,860.0500183105469,866.5,25.81072998046875
2026-04-13,860.0999755859375,873.75,849.1500244140625,870.7000122070312,318653,849.2333374023438,842.845458984375,880.5590380859375,996.140368347168,855.2507072372134,852.9305048429247,54.363211010288936,-2.601139213402348,-9.347886901558908,6.74674768815656,887.6063513391418,802.288655985077,13.208200683618582,0,860.0500183105469,866.5,25.703582763671875
2026-04-15,881.0,913.25,881.0,907.4500122070312,340741,857.9000040690104,846.2409140846946,880.2236535644531,995.064033203125,865.6905682311769,857.8868236942071,62.49408214202325,1.956195135449434,-7.08707049415724,9.043265629606674,886.8930589778587,802.8069471256568,14.683175272123831,0,863.6499938964844,866.5,27.18215070452009
2026-04-16,909.0,916.0,889.9500122070312,893.8499755859375,237699,864.1722208658854,850.0113664106889,880.8817358398437,993.9236779785156,871.3224497021291,861.1562011389099,58.35087373449357,4.419560206679648,-4.785744353989863,9.20530456066951,894.8575800167388,800.3074224246674,16.111156955269298,0,865.0249938964844,866.5,26.971435546875
2026-04-17,893.7999877929688,934.0,887.1500244140625,927.7000122070312,732561,875.0388861762153,850.843184037642,882.0931640625,992.9515786743164,882.5979622031097,867.2056385087391,64.63537344029842,8.999469548993488,-2.0287015733931923,11.02817112238668,910.8041094858312,794.5208966176842,17.810905083737588,0,877.9750061035156,866.5,28.535718645368306
2026-04-20,925.0,933.0,911.0,919.5999755859376,362530,883.7944403754341,854.4977278275924,883.3530029296875,991.9917208862304,889.9983648796754,871.9687600612116,62.21612592830007,11.839002784177865,0.7448392981210192,11.094163486056846,921.2606490299038,793.3693558529087,19.389242631601,0,881.1499938964844,866.5,28.607147216796875
2026-04-21,919.0,930.5999755859376,916.3499755859376,921.5499877929688,182100,892.7666625976562,858.8363647460938,882.0600793457031,990.9192108154296,896.3086894623341,876.4761444004622,62.57925208663931,14.08434742900954,3.412740924298724,10.671606504710816,930.8267919027204,792.1032129800922,20.854841783188448,0,890.625,866.5,27.88928658621652
2026-04-22,921.6500244140624,931.5,921.6500244140624,925.7999877929688,133063,899.816663953993,863.3477283824574,880.7025732421876,989.8709365844728,902.2069491284612,880.9601301634173,63.40474269830317,16.022046539017083,5.934602047242396,10.087444491774686,939.7952281766654,792.2697742647408,22.2371204767446,0,890.625,866.5,26.475001743861608
2026-04-23,925.7999877929688,937.0999755859376,921.0499877929688,927.0,143059,907.2888861762152,867.368183482777,879.5475695800782,988.9938552856444,907.1655593027688,885.1455728758339,63.64858129887708,17.453326911931413,8.2383470201802,9.214979891751211,946.8700661546268,795.5849387281856,23.65851526226255,0,893.125,870.5499877929688,26.53928484235492
2026-04-24,929.7999877929688,933.5499877929688,910.8499755859376,930.5999755859376,262362,913.8055487738716,871.7386363636364,878.6679968261719,988.1268124389647,911.8524425594028,889.2777913040251,64.41461503356325,18.66297965070612,10.323273546285384,8.339706104420735,953.0839305591596,800.1560718822465,24.37387635873511,0,893.125,870.5499877929688,26.492854527064733
2026-04-27,930.7000122070312,945.4000244140624,925.4500122070312,934.5999755859376,379461,920.9055447048612,876.8068181818181,877.8375109863281,987.0767617797852,916.4019491647098,893.397989875108,65.28985684183263,19.717118068256696,12.202042450679649,7.515075617577049,959.7852094970384,803.1697892822585,25.366598480592163,0,913.2000122070312,874.7000122070312,26.132141113281243
2026-04-28,938.0,946.5,927.0,931.5,130588,923.5777655707466,881.75,877.5054602050782,985.815168762207,919.421559331768,896.8618089773709,63.97656789240598,20.07102198890368,13.775838358324457,6.295183630579224,965.624030323866,804.9409660140246,26.31875948023457,0,916.8250122070312,875.25,26.36785452706473
2026-04-29,935.9000244140624,938.0,922.4000244140624,927.4000244140624,149650,927.3055487738716,885.8386369185014,877.9549987792968,984.6888150024414,921.0172523482267,899.6380103807064,62.19469948521906,19.79250396558757,14.97917147977708,4.813332485810491,969.3503938199154,809.6646025179751,26.905051714584147,0,916.8250122070312,875.25,25.467851911272323
2026-04-30,933.6500244140624,944.7999877929688,916.5499877929688,936.5999755859376,231921,928.29443359375,889.5295437899503,878.7809985351563,983.3532077026368,924.1337969957692,902.9981890357276,64.57870913533114,20.082635477092595,15.999864279240184,4.082771197852411,972.0762063363508,817.6537863394303,27.66308365811361,0,928.6749877929688,875.25,25.64642333984375
2026-05-01,936.5999755859376,936.5999755859376,936.5999755859376,936.5999755859376,0,930.1833224826388,893.788632479581,878.902998046875,982.0394937133788,926.6270327138028,906.0528969039284,64.57870913533115,20.081084547621003,16.816108332916347,3.2649762147046566,974.185447433759,825.4645403592096,28.366970462819538,0,928.6749877929688,875.25,22.02142333984375
2026-05-04,941.0,960.25,936.1500244140624,955.75,338134,933.9833238389756,899.529541015625,879.8409985351562,980.8419302368164,932.4516261710424,910.5708153672076,69.25856640022542,21.378662438785117,17.7286191540901,3.6500432846950126,976.7704028055734,835.4645825459891,29.71493829223056,0,935.5499877929688,886.7000122070312,21.985709054129472
2026-05-05,961.0,961.0,947.7999877929688,955.6500244140624,217486,937.2999945746528,904.904541015625,880.6719995117187,979.6483444213868,937.0913058196464,914.668925280558,69.20715865545608,22.143676552485204,18.611630633769124,3.5320459187160798,978.7279379433464,844.9920510703254,30.98654114528754,0,935.9249877929688,887.0750122070312,19.889282226562507
2026-05-06,961.0,962.3499755859376,947.5,955.2999877929688,206429,940.4444376627604,910.60453935103,881.6539990234374,978.5122198486328,940.7330422143108,918.3626582362316,69.01400785539046,22.462773844983644,19.38185927601203,3.080914568971614,978.1451425891296,857.0248464245424,32.205332102287215,0,936.5999755859376,887.75,19.089281354631712
2026-05-07,955.2999877929688,982.0499877929688,955.0,978.0,215271,945.7111070421008,916.8409035422584,882.9779992675781,977.5194488525392,948.1864337714488,923.7842347602106,74.0684308120493,24.267620004111905,20.359011421632005,3.9086085824799,983.8064060960093,862.928585359069,33.84716250185758,0,949.2999877929688,897.6000061035156,17.674996512276802
2026-05-08,975.0,989.1500244140624,951.0,955.75,183928,948.0611097547744,922.0659040971236,883.4229992675781,976.2999920654296,949.6991470171592,926.6902134183732,63.188356913375856,23.630190413638505,21.013247220033307,2.616943193605195,982.24684246394,874.088148991138,35.533837972235006,0,952.8500061035156,901.6000061035156,18.82856968470983
2026-05-11,954.0,954.0,924.2999877929688,937.5999755859376,201886,948.7388848198784,925.486358642578,883.7439990234375,975.0276000976562,947.2793127309149,927.6820099790608,55.96635490303197,21.413624651164127,21.09332270625947,0.3203019449046564,978.7002907368518,884.1996970561169,35.18560138149881,0,952.8500061035156,901.6000061035156,20.057141985212063
2026-05-12,938.0,941.0,895.0999755859375,921.4500122070312,529211,948.0777723524304,928.2909046519886,883.7699987792969,973.7620303344728,942.1134526261382,927.115464727058,50.44188213500394,18.144652976250995,20.503588760257777,-2.358935784006782,972.0607373073492,895.9142504856195,33.30372443593967,0,942.125,905.5500183105468,22.625000000000007
2026-05-13,925.0,925.7000122070312,896.7999877929688,915.0499877929688,255375,945.6833292643228,930.2499944513494,883.617998046875,972.4191821289064,936.7007596595045,926.0186031875952,48.40282544225037,14.866172901892469,19.37610558858472,-4.509932686692249,971.4647179223266,897.2702674292359,31.55626727220618,0,942.125,908.7250061035156,23.542859758649552
2026-05-14,922.5999755859376,922.6500244140624,890.0499877929688,892.2000122070312,120874,940.75,931.227267178622,883.1699987792969,970.9028726196289,927.8006101690098,922.9441858257258,41.89171643803607,10.305358005987957,17.561956072065364,-7.256598066077409,971.7669499512906,896.8030390623812,29.600487436648542,0,939.6000061035156,918.2000122070312,24.250004359654017
2026-05-15,892.7000122070312,928.75,883.1500244140625,923.4500122070312,202497,937.161112467448,931.9545399058948,883.6829992675781,969.3378857421876,926.930490576614,922.990170042208,51.50053817679558,9.107507497732511,15.871066357198796,-6.763558859466283,971.7592711861512,896.3857178275207,27.523137154703484,0,936.1500244140624,918.2000122070312,26.082144601004472
2026-05-18,917.1500244140624,926.7000122070312,905.5,911.9000244140624,299424,932.3000013563368,932.7749966708096,884.5640002441406,967.6996923828124,923.924397344104,921.981974985104,48.320174599326975,7.143864825469564,14.12562605085295,-6.981761225383387,972.1462036127604,895.2287902837238,25.5941690357545,0,936.1500244140624,919.1500244140624,26.203574044363847
2026-05-19,923.3499755859376,961.0,917.2999877929688,956.6500244140624,310934,932.4500054253472,934.0909063165838,886.6240002441406,966.580424194336,930.4695227580958,925.133615842282,58.90822699723201,9.093787349189824,13.119258310520326,-4.025470961330502,974.76291124312,896.1220863154738,25.209303393578097,0,936.1500244140624,919.1500244140624,28.59643118722099
2026-05-20,959.0,960.7999877929688,945.0,958.5499877929688,121297,930.2888929578992,935.8613614169034,889.0430004882812,965.4935922241212,936.0856157650704,928.1714678377988,59.28958898716566,10.669435552140612,12.629293758844383,-1.9598582067037729,977.4240464794162,896.7359510791774,24.851928154414296,0,936.1500244140624,935.0750122070312,27.707144601004472
2026-05-21,958.7000122070312,975.9500122070312,946.1500244140624,951.7000122070312,179112,929.838894314236,937.231817072088,891.2680004882812,964.5151123046876,939.2084950534626,930.31042641682,57.22746162743748,11.235891954410135,12.350613397957536,-1.1147214435474009,978.8714818101088,897.7585169691879,25.064522001683954,0,929.5500183105468,936.1500244140624,29.835715157645105
2026-05-22,955.4000244140624,958.4500122070312,938.0999755859376,941.7000122070312,88765,930.294453938802,937.9545454545456,893.4710009765626,963.348019104004,939.7067984841764,931.3458433068392,54.26047042158023,10.753931677505534,12.031277053867136,-1.2773453763616018,979.285502269468,898.4545001719382,24.78870788059902,0,929.5500183105468,936.1500244140624,29.567862374441965
2026-05-25,945.7000122070312,963.0,937.0499877929688,950.4500122070312,144424,933.5166761610244,939.0204551003196,895.8250012207031,962.416141357422,941.8554412287474,933.0825859341296,56.39096759948438,10.951781242010496,11.81537789149581,-0.8635966494853129,980.34616793955,898.9788381639655,24.70472413385399,0,929.5500183105468,936.1500244140624,30.47857666015625
2026-05-26,950.7000122070312,958.9000244140624,938.5999755859376,946.25,90506,936.9833441840278,939.7318198464134,898.5320007324219,961.82625,942.734352982998,934.2796235764812,55.06512168151576,10.64694125190772,11.581690563578192,-0.9347493116704726,980.9953186521632,899.8046874513524,24.626739226162176,0,929.5500183105468,936.1500244140624,30.86786760602676
2026-05-27,948.0,955.0499877929688,933.0,937.5499877929688,139173,942.022230360243,939.8659113103694,899.095,961.2801150512696,941.6974799449922,934.5769294143438,52.32093892557852,9.592755770190593,11.183903604900673,-1.59114783471008,981.07000110587,900.7450013355362,24.185008079447964,0,929.5500183105468,936.1500244140624,30.510724748883906
2026-05-28,937.5499877929688,937.5499877929688,937.5499877929688,937.5499877929688,0,943.588894314236,940.1409107555044,901.0619995117188,960.6751440429688,940.8679815145877,934.8472074487644,52.32093892557852,8.657507819897091,10.678624447899956,-2.021116628002865,981.0982935405171,900.8117101215922,23.774829157499056,0,940.7250061035156,936.1500244140624,27.785723005022305
2026-05-29,937.5499877929688,988.2000122070312,930.5499877929688,966.5,317957,949.6555582682292,941.9181823730468,903.87,960.3281072998049,945.99438521167,937.7247340443312,60.01167483662623,10.135505324702194,10.570000623260404,-0.4344952985582093,984.1088391875456,900.79116691597,25.17048340466935,0,952.75,936.1500244140624,29.65715244838168
2026-06-01,991.8499755859376,1012.0,980.2999877929688,992.0499877929688,1007302,953.588887532552,944.4386374733664,907.18,960.2205084228516,955.20550572793,942.6633934760256,65.3273015558321,13.216151907966264,11.099230880201578,2.116921027764686,991.1934195885816,897.3365852942311,27.00775250199409,0,971.2749938964844,947.5750122070312,29.628579275948645
2026-06-02,979.9500122070312,1004.0,965.5499877929688,999.0999755859376,223016,958.0944417317708,947.2795465642756,910.3909997558594,960.305719909668,963.9843996995317,947.7939918496538,66.6448497601146,16.041544674259512,12.087693639013166,3.9538510352463465,999.2403572538574,893.6346427461426,27.830882211177205,0,971.2749938964844,947.5750122070312,30.310721261160698
2026-06-03,1000.0,1110.0,995.5999755859376,1085.800048828125,1459589,972.9944458007812,953.1909124200994,915.4180004882812,960.7835458374024,988.3475295252504,960.3399970295148,77.81149459562494,24.988607018461263,14.667876314902786,10.32073070355848,1034.7008999644188,871.2241061390969,30.29875557285498,0,1020.2749938964844,996.5750122070312,36.15357753208704
2026-06-04,1068.1500244140625,1123.0,1058.1500244140625,1103.199951171875,825713,990.9388834635416,959.8977272727273,921.02,961.5348504638672,1011.3180138545752,973.3272655879113,79.30862999354407,33.101669645830725,18.35463498108837,14.747034664742351,1064.7499472195636,853.6950540011395,32.721338041862445,0,1026.7749938964844,1003.0750122070312,37.52857753208704
2026-06-05,1102.0,1107.0,1079.0999755859375,1086.550048828125,195566,1006.0611097547744,965.8636391379616,926.2960009765624,962.1380865478516,1026.3644208492854,983.620245882476,74.15267170153197,37.75263340172319,22.23423466521534,15.518398736507848,1085.622959704988,845.9020463985275,34.97087890594081,0,1026.7749938964844,1003.0750122070312,38.00714983258927
2026-06-08,1070.0,1097.0,1029.0999755859375,1037.8499755859375,322093,1016.2388848198784,968.584092573686,930.3040002441406,962.5925579833984,1028.661531796616,988.5502213100632,61.54862725335172,37.08141530623118,25.20367079341851,11.877744512812669,1094.0137407213954,847.5362653821203,34.96476399301573,0,1026.7749938964844,1003.0750122070312,39.35001046316962
