Date,Open,High,Low,Close,Volume,SMA_9,SMA_22,SMA_50,SMA_200,EMA_9,EMA_21,RSI_14,MACD_Line,MACD_Signal,MACD_Hist,BB_Upper,BB_Lower,ADX_14,ST_Direction,Ichi_Tenkan,Ichi_Kijun,ATR_14
2024-12-18,5109.013773361557,5128.532450623683,5040.698402944115,5050.50634765625,66729,5204.389322916667,5183.499378551136,5103.319658203125,,5176.030932911812,5170.349110141489,41.934969409763816,16.463626128052965,33.00815954043624,-16.544533412383274,5371.768739064692,5032.842100779058,14.056736260291151,0,5174.401333700223,5152.954670621866,94.49476531035972
2024-12-19,4899.041561696916,4994.048815932634,4784.027663824234,4971.45556640625,102450,5180.023491753473,5183.044699928977,5102.654072265625,,5135.1158596107,5152.267878892832,37.64501448532551,-1.394851324153933,26.127557367518207,-27.52240869167214,5384.372424433713,5013.245837285037,15.624779411949646,0,5046.065964140284,5099.254199126785,107.7465357886377
2024-12-20,5055.337119851532,5055.337119851532,4696.242084982826,4712.29638671875,263335,5123.592881944444,5169.539106889205,5095.37529296875,,5050.551965032309,5112.270470513369,27.656198785702955,-36.044306951818726,13.69318450365082,-49.737491455469545,5461.621374929338,4889.298449289412,17.492288287908362,0,5002.173174719579,5055.361409706082,129.68765024220315
2024-12-23,4722.983024233293,4755.188839668828,4616.1668790933645,4630.8544921875,97403,5055.93896484375,5150.878795276989,5086.8898828125,,4966.612470463348,5068.505381574653,25.377334364453404,-69.27734432126545,-2.9009212613324333,-66.37642305993302,5507.282443800136,4774.0435327623645,19.564333269406813,0,4962.135571774848,5015.323806761351,134.78693165161854
2024-12-24,4640.565245023858,4670.819192993519,4579.764759554965,4615.7275390625,87583,4986.479546440973,5125.262739701705,5077.3684375,,4896.435484183178,5027.343759528094,24.965843199394868,-95.73184741759724,-21.467106492585398,-74.26474092501184,5523.953857311587,4683.186474719662,21.634558618018357,0,4943.934512005649,4997.122746992151,133.46245005764982
2024-12-26,4616.215909035135,4636.66191465713,4540.093065561497,4555.7080078125,85783,4904.636664496527,5090.213423295455,5065.78470703125,,4828.289988909042,4984.467782099403,23.348161670508475,-120.15523156808467,-41.20473150768525,-78.95050006039942,5541.630630833133,4591.031332057491,23.71482596783897,0,4913.241236701837,4977.286899995417,133.37878612264345
2024-12-27,4567.370228193423,4602.455239254972,4543.99642284519,4579.3740234375,59987,4828.220974392361,5054.840243252841,5053.89412109375,,4778.506795814734,4947.641076766502,25.40073447615987,-136.03318392595247,-60.1704219913387,-75.86276193461377,5560.702277117789,4517.56598460096,25.6465027926724,0,4913.241236701837,4977.286899995417,131.8033772378
2024-12-30,4586.888757525765,4670.672767690008,4583.716972746624,4640.0771484375,189036,4762.497233072917,5024.821400035511,5042.47244140625,,4750.820866339287,4919.680719645684,30.538681302250893,-142.08052484535347,-76.55244256214166,-65.5280822832118,5560.741518210466,4465.733921242659,26.59028383880189,0,4899.6999849462345,4977.286899995417,133.2882009302231
2024-12-31,4640.077235099892,4644.078658971267,4558.83074654756,4623.388671875,102735,4708.820909288194,5002.09765625,5032.942744140625,,4725.33442744643,4892.745078939258,29.92840162986478,-146.53059321345518,-90.54807269240438,-55.9825205210508,5556.917469994221,4416.906309302654,27.59799631242325,0,4834.31275809259,4977.286899995417,131.29102924290706
2025-01-01,4623.388675586953,4655.106523996212,4572.249839919291,4585.03466796875,61831,4657.101833767361,4976.053533380682,5024.793896484375,,4697.274475550894,4864.771405214667,28.51789606191652,-151.406828363738,-102.7198238266711,-48.68700453706688,5545.3837173285365,4368.083470171464,28.39152955119323,0,4797.715092706514,4977.286899995417,132.51441824014142
2025-01-02,4583.960947377273,4689.313189143135,4567.370073179825,4680.52978515625,101596,4624.776746961806,4954.718283913352,5016.148251953125,,4693.925537471965,4848.022167027538,36.53767507049753,-145.88396247092533,-111.35265155552196,-34.53131091540337,5523.824072903312,4340.368212252938,28.681227681925613,0,4797.715092706514,4951.912541333401,136.06613326331632
2025-01-03,4684.531128758373,4762.361854004942,4647.055363882993,4680.0908203125,118016,4621.198350694444,4931.60420365767,5009.294453125,,4691.158594040073,4832.755680962534,36.51739366236955,-139.92945262824105,-117.0680117700658,-22.861440858175257,5492.690816346071,4318.7132852164295,28.060624792308523,0,4651.227459783219,4924.5866020915455,134.2467203092056
2025-01-06,4684.531457662239,4712.784935472913,4603.236352120908,4649.056640625,79939,4623.220811631944,4907.775923295455,4998.83740234375,,4682.738203357058,4816.055768204576,35.03666602326071,-136.1452617849336,-120.88346177303936,-15.261800011894238,5460.191437291128,4297.043523646372,27.811622313018447,0,4651.227459783219,4924.098665008914,136.72141061269662
2025-01-07,4655.25340235894,4778.758125796704,4655.25340235894,4759.3857421875,148865,4639.182834201389,4887.385609019886,4991.21048828125,,4698.067711123147,4810.90394765757,43.76648320807543,-122.82774505331145,-121.2723184290938,-1.555426624217645,5416.31544778786,4294.84089986839,26.824380209056105,0,4659.4255956791,4924.098665008914,131.029631518702
2025-01-08,4755.090903049505,4798.422266251959,4696.193205919444,4788.4189453125,70442,4665.039605034723,4869.097922585227,4986.061455078125,,4716.1379579610175,4808.85985653529,45.82943813074692,-108.67800781995084,-118.75345630726522,10.07544848731439,5364.201584489906,4301.822683088219,25.691492541830684,0,4671.209344548574,4924.098665008914,132.05784670819816
2025-01-09,4783.6373793841785,4850.3911583704,4746.502811056406,4761.9228515625,113356,4685.322808159723,4848.268421519886,4980.77677734375,,4725.2949366813145,4804.592856083219,44.23455898998719,-98.4671840437295,-114.69620185455808,16.22901781082858,5304.839595985254,4313.29072628037,24.08270687645833,0,4704.61095245898,4924.098665008914,120.44425124262514
2025-01-10,4718.640031851333,4903.091524306329,4705.513531326456,4816.86767578125,254564,4704.966200086806,4829.046963778409,4975.587744140625,,4743.609484501301,4805.70874878304,48.255924055059765,-84.96205483358426,-108.74937245036332,23.787317616779063,5226.049823390293,4344.537871922208,22.66127866097728,0,4730.961135426945,4924.098665008914,108.90731967913702
2025-01-13,4782.270774361234,4850.195382449576,4701.609468328558,4736.30419921875,123685,4717.512369791667,4806.11250443892,4969.669677734375,,4742.148427444791,4799.399244277194,43.32281086419507,-79.83960067867156,-102.967418096025,23.127817417353427,5136.815616684809,4380.690975112066,21.299317557488678,0,4735.230798743078,4924.098665008914,109.59045921810517
2025-01-14,4736.304137493332,4786.906397310171,4573.469497372864,4593.28076171875,181717,4718.428602430556,4774.339177911932,4964.99884765625,,4712.374894299584,4780.661200408244,36.239908805794,-86.32570596267306,-99.6390756693546,13.313369706681556,5038.828569121552,4414.847016815948,20.75345504600104,0,4735.230798743078,4924.098665008914,118.3320639680161
2025-01-15,4603.479736793586,4805.937394312129,4548.632066595381,4734.98681640625,220136,4724.479383680556,4750.151522549716,4962.913271484375,,4716.897278720917,4776.50898368079,45.71048588035848,-79.11945695412578,-95.53515192630884,16.41569497218306,4964.305299394496,4452.221409589879,20.453762195114425,0,4725.861795450855,4924.098665008914,129.81324101238144
2025-01-16,4900.651935365207,5208.461383106896,4900.651935365207,5118.1875,1475906,4773.156792534723,4744.996826171875,4968.39314453125,,4797.155322976733,4807.570666982537,62.103245838775386,-42.00317363278009,-84.8287562676031,42.82558263482301,4987.739128426799,4435.555695791952,20.887220008345786,0,4878.546724851139,4924.098665008914,159.4572231760146
2025-01-17,5069.976084991164,5289.756567102755,5056.60560133494,5244.61962890625,524096,4839.330457899306,4751.276100852273,4976.4260546875,,4886.648184162637,4847.302390793783,65.77516679643166,-2.359041959629394,-68.33481340600835,65.97577144637896,5073.2029675266485,4377.408262942102,21.680233616181876,0,4919.194316849068,4924.098665008914,169.58952471282225
2025-01-20,5244.91219099737,5280.387479705788,5175.718580327369,5243.98486328125,158858,4893.1748046875,4760.070578835227,4979.83400390625,,4958.115519986361,4883.36443374719,65.74072653484231,28.67742225819165,-48.93236627316836,77.60978853136001,5169.811962581414,4333.9681155435865,22.416603394886813,0,4919.194316849068,4914.924816332126,170.97673806673023
2025-01-21,5243.9848372927645,5327.08598064187,5230.468535540615,5250.9140625,220459,4944.563151041667,4772.77323774858,4984.46578125,,5016.675228489089,4916.778036361081,65.95031717555257,53.21968877953896,-28.501955262626893,81.72164404216585,5251.885367661155,4313.900667495095,23.329808557331013,0,4937.8590236186255,4933.589523101684,171.9596495684684
2025-01-22,5250.524124836429,5270.042801880431,5163.129438983992,5253.4033203125,98432,4999.172092013889,4797.369007457386,4989.970048828125,,5064.020846853771,4947.380334902119,66.0307163592721,72.04004136359163,-8.39355593738319,80.43359730097481,5321.133201567341,4308.42041171391,23.517894351403196,0,4937.8590236186255,4933.589523101684,170.88609577797766
2025-01-23,5250.5241084590325,5376.41957500015,5212.02332749775,5321.91357421875,174956,5055.288302951389,4828.780783913352,4996.647392578125,,5115.599392326767,4981.42881120363,68.25257993152644,91.42956815713931,11.571068881521311,79.85849927561802,5391.818988552255,4314.35518136962,24.243280811654177,0,4962.525820797766,4958.256320280823,174.39250701943843
2025-01-24,5328.598466485799,5352.996811112565,5262.234969100994,5300.29638671875,132143,5117.9541015625,4859.897549715909,4999.6171484375,,5152.538791205164,5010.416772614096,66.76858817229282,103.85441244658888,30.027737594534827,73.82667485205404,5446.890586823809,4331.375819426192,24.916853953315808,0,4962.525820797766,4958.256320280823,173.05059692369318
2025-01-27,5231.053605048931,5270.042349711173,5113.941552833127,5132.04541015625,136721,5177.816840277777,4886.094704367898,5001.2537890625,,5148.440114995382,5021.473921481564,56.47610347849949,98.9837206689881,43.81893420942548,55.16478645956262,5468.627330264521,4358.835902157353,24.166364765735167,0,4962.525820797766,4958.256320280823,177.0972646889731
2025-01-28,5104.133843635195,5187.917856814287,4985.948163536765,4997.8056640625,184979,5207.018934461806,4905.114324396307,5000.298349609375,,5118.313224808806,5019.322261716194,49.87066827952269,83.33104826972612,51.721357021485616,31.60969124824051,5471.130959915078,4393.773971725547,22.504144484179506,0,5138.535755182678,4958.256320280823,184.2215956136165
2025-01-29,5021.1303019687,5229.980114664708,5021.1303019687,5212.4619140625,151866,5217.493869357639,4931.131813742898,5004.91841796875,,5137.1429626595445,5036.880411929495,58.27462905600887,87.24149242107706,58.82538410140391,28.416108319673143,5490.25208832162,4437.395567928379,21.244715863024982,0,5181.183869268458,4958.256320280823,193.38488870563177
2025-01-30,5221.245746439562,5314.837701055688,5172.009696405462,5280.43603515625,92083,5221.473470052083,4960.997602982955,5010.33875,,5165.801577158885,5059.021832222836,60.53111044427967,94.733462684786,66.00699981808033,28.72646286670566,5520.645844740749,4466.99243650925,20.620133256345245,0,5181.183869268458,4958.256320280823,189.47417525351412
2025-01-31,5280.436248531195,5332.307035961048,5196.847611827278,5318.205078125,96898,5229.720160590277,4994.32353071733,5015.875224609375,,5196.282277352108,5082.583945486669,61.76828889864016,102.53657144520184,73.31291414350464,29.2236573016972,5549.835443289119,4501.614263742131,20.1493381271169,0,5181.183869268458,4960.2079989226695,188.5365688258536
2025-02-01,5290.04949152915,5317.619623091866,5230.566132111847,5288.1953125,32834,5233.862521701389,5021.944691051136,5018.053515625,,5214.664884381687,5101.275887942426,60.15482513710275,105.08766884073977,79.66786508295166,25.419803757788088,5562.682769104951,4552.6808051138,19.712171221404866,0,5181.183869268458,4962.525820797766,179.551000688414
2025-02-03,5196.847284612703,5385.20250074984,5146.6843845329895,5368.46533203125,175780,5246.647189670139,5053.234441583807,5018.886962890625,,5245.4249739116,5125.565837405046,62.94311549675426,112.29211800109532,86.1927156665804,26.09940233451493,5590.85059528956,4585.4209379135655,18.584166485980077,0,5185.575332143302,4966.91728367261,178.20905700984986
2025-02-04,5392.03444141852,5436.92739785386,5309.275442775884,5397.45068359375,90754,5255.040201822917,5087.252352627841,5019.684296875,,5275.830115848031,5150.282641604019,63.92481971535175,118.96916897215942,92.74800632769622,26.22116264446321,5618.635773732556,4618.538933298694,17.918296727569018,0,5211.4377806953125,4992.779732224621,153.50744189394487
2025-02-05,5426.1918976679335,5504.071223860522,5390.911986301181,5480.3076171875,134591,5275.041449652777,5120.021528764205,5023.280615234375,,5316.725616115925,5180.284912111608,66.64505778190775,129.4543726239508,100.08927958694714,29.36509303700366,5649.865718468498,4659.147465125252,17.767408725001612,0,5245.009693698643,5026.351645227951,144.93660416476814
2025-02-06,5509.14668044433,5509.14668044433,5350.069460087832,5395.5966796875,53784,5304.324924045139,5147.620516690341,5028.726328125,,5332.49982883024,5199.858709163961,61.53619370737152,129.43644460043743,105.9587125896452,23.477732010792224,5663.1219226619705,4703.764161322404,17.25414108404206,0,5247.547421990547,5028.889373519855,148.82291280605946
2025-02-07,5415.456652455005,5485.723886006413,5360.950654456663,5463.08203125,52163,5356.022298177083,5179.491388494318,5034.827861328125,,5358.616269314192,5223.788102080874,63.90975750475454,133.33078607873358,111.4331272874629,21.89765879127069,5665.7677026380525,4773.796164549448,16.777535417436763,0,5265.138491206515,5028.889373519855,150.83404040952337
2025-02-10,5463.082040853412,5474.940017760197,5331.477749007218,5374.71142578125,59172,5374.050021701389,5204.847922585227,5039.323984375,,5361.835300607604,5237.508404235453,58.79340712471206,127.81296217301224,114.70909426457276,13.103867908439469,5597.817349193478,4919.889584400273,16.047610812575588,0,5327.91553248866,5028.889373519855,153.44467654213335
2025-02-11,5374.711334665963,5415.456570168673,5095.789649669054,5152.3447265625,255639,5359.817654079861,5223.758855646307,5038.5988671875,,5319.937185798583,5229.76625171973,48.31249306510298,104.29466872318244,112.6262091562947,-8.331540433112266,5519.877847495341,5039.564877114034,16.248678745422627,0,5302.468165056692,5028.889373519855,164.53543889907763
2025-02-12,5152.344714309022,5193.919588735713,4918.706262162344,4985.26513671875,221448,5322.824327256944,5241.576327237216,5034.83859375,,5253.002775982617,5207.538877628731,42.22205865684811,71.35182573394923,104.3713324718256,-33.019506737876384,5538.121323523892,5008.029164757358,17.373103025704843,0,5213.926471303337,5028.889373519855,177.71054493920605
2025-02-13,4977.262386550937,5064.559855687906,4872.007830776368,4902.798828125,155165,5280.002495659723,5249.204145951705,5028.7351171875,,5182.961986411094,5179.835236764755,39.570517404997226,38.15027084619942,91.12712014670038,-52.97684930050096,5568.575275179811,4943.3931330233145,18.63062290095952,0,5190.577255610349,5028.889373519855,178.15320144105712
2025-02-14,4959.939587684561,4959.939587684561,4811.207370891993,4839.021484375,232850,5221.175401475694,5236.514781605114,5021.7005859375,,5114.173886003875,5148.852168365686,37.60369967405459,6.615244343304767,74.22474498602125,-67.60950064271648,5599.821552209786,4871.650518102714,20.06780590667914,0,5160.177025668161,5028.889373519855,174.35052454927467
2025-02-17,4838.972032034223,4845.462372575159,4678.626310502847,4700.97509765625,83747,5143.789225260417,5211.803666548295,5011.316650390625,,5031.534128334351,5108.136071028465,33.69928148933013,-29.179320026479218,53.54393198352116,-82.72325201000038,5643.5898824844335,4772.888291343692,21.92696886934975,0,5093.886495473589,5028.889373519855,169.6834967971392
2025-02-18,4707.904673824942,4830.774644529387,4688.38599773114,4810.96337890625,126855,5069.417643229167,5192.120871803977,5002.741123046875,,4987.419978448731,5081.120371744627,39.122861334129496,-48.11697258085224,33.21175107064648,-81.3287236514987,5655.443487841853,4716.790691845647,23.653334477543886,0,5093.886495473589,5028.889373519855,169.6521140934264
2025-02-19,4777.244327885612,4832.1406015019165,4710.929915275206,4754.7978515625,147229,4998.2177734375,5169.570134943182,4993.019833984375,,4940.895553071485,5051.454688091706,37.438651831934784,-66.88626411291352,13.19214803393448,-80.078412146848,5659.921712203686,4655.600895218189,25.241456808290025,0,5082.17509825463,5093.886495473589,168.634347100065
2025-02-20,4754.066203907542,4809.011563627605,4719.6159308391725,4797.10498046875,42440,4924.220323350694,5148.82930131392,4983.1160546875,,4912.137438550938,5028.331987398709,39.5496728379715,-77.4543852111774,-4.937158615087895,-72.5172265960895,5654.719035073264,4610.48443172361,26.71614182969716,0,5076.783164131522,5093.886495473589,168.75982472687065
2025-02-21,4876.692208475194,5034.842077698583,4870.299556670519,4999.80615234375,389616,4882.564181857639,5134.188054865057,4977.769873046875,,4929.671181309501,5025.73872966644,48.51374155901447,-68.68168705926382,-17.686064303923082,-50.99562275534074,5651.475162192336,4600.50437882329,25.84209574262896,0,5047.041440335761,5093.886495473589,168.70403765636942
2025-02-24,4911.874510541931,4948.276648410543,4696.827415752907,4768.02197265625,412098,4839.861653645833,5109.993763316761,4968.49849609375,,4897.341339578851,5002.309933574605,41.022688766458806,-79.51569928500885,-30.05199130014024,-49.46370798486861,5661.398153959044,4567.603017915955,25.953927347684527,0,4936.272949619281,5093.886495473589,181.22737919300275
2025-02-25,4768.022409144716,4782.027154893603,4602.503936479287,4614.06884765625,137207,4798.617621527777,5086.449374112216,4958.650361328125,,4840.686841194332,4967.0152894002085,36.94238564856379,-99.37888465520793,-43.917369971153775,-55.46151468405414,5672.824044163401,4496.337821070974,26.479438005198347,0,4833.531896083597,5055.825308461808,185.96766353978668
2025-02-27,4613.239485002087,4640.419339067875,4503.49552876942,4533.84716796875,129313,4757.622992621527,5065.3603515625,4948.317177734375,,4779.318906549215,4927.636369270075,34.989426943303656,-120.20813670487588,-59.1755233178982,-61.03261338697767,5676.490129176231,4418.012849339395,27.36844162976077,0,4769.168803234002,5006.321104606875,184.38527710706936
2025-02-28,4498.567077703841,4533.846991044942,4367.938236687712,4424.103515625,155159,4711.52099609375,5029.52587890625,4937.37013671875,,4708.2758283643725,4881.860655302341,32.46125951698943,-143.9119373671665,-76.12280612775186,-67.78913123941464,5676.208466478502,4328.884355787124,28.675671427398832,0,4701.390157193147,4938.54245856602,187.32354137359
2025-03-03,4421.077832685681,4466.36106600692,4360.4722479884,4452.0146484375,71934,4683.858723958333,4991.870361328125,4932.164501953125,,4657.023592378999,4842.783745587355,33.7719309436558,-158.61673997090384,-92.62159289638224,-65.99514707452158,5662.941082756785,4258.53367310259,29.91477972944562,0,4697.657162843492,4934.809464216365,184.6397234639857
2025-03-04,4344.027506779126,4469.28870151511,4325.045880863077,4456.6015625,99755,4644.485188802083,4952.706565163352,4928.679443359375,,4616.939186403199,4807.676274397595,33.9986154013813,-167.96409086091535,-107.69009248928889,-60.27399837162648,5624.259837912932,4206.028540993319,31.189453992383125,0,4679.94397928083,4917.096280653704,172.1094306177295
2025-03-05,4341.39283657909,4653.740253862299,4341.39283657909,4639.9794921875,171843,4631.727593315973,4923.242209694602,4929.164482421875,,4621.547247560059,4792.431112378496,42.475625517774105,-158.74495439384918,-117.90106487020094,-40.84388952364824,5558.279431088908,4196.261828676717,30.759742544087818,0,4679.94397928083,4917.096280653704,174.76186566843236
2025-03-06,4673.698323194162,4762.312920884007,4639.735541318937,4741.28173828125,102844,4625.525010850694,4894.733864524148,4932.87595703125,,4645.494145704297,4787.781169278746,46.55901496756399,-141.63183406153075,-122.64721870846692,-18.984615353063845,5461.091876341392,4219.546795533608,29.570889757275644,0,4679.94397928083,4917.096280653704,169.76367671511323
2025-03-07,4721.763444319053,4731.181110866235,4663.1583294593565,4705.953125,56726,4592.874674479167,4863.302157315341,4935.4075390625,,4657.585941563438,4780.342256162496,45.34998180270137,-129.42831766335712,-124.00343849944495,-5.424879163912152,5370.851184372981,4240.823132033269,28.46695502666434,0,4636.66126463681,4917.096280653704,164.72019043149365
2025-03-10,4706.928817151725,4742.599007685596,4516.524033430531,4541.556640625,57573,4567.711859809027,4820.631658380682,4933.43712890625,,4634.380081375751,4758.634472931814,40.1280296868472,-131.50644097489203,-125.5040389945344,-6.002401980357632,5243.563143392983,4275.958633950768,28.18752944814718,0,4553.53651787834,4917.096280653704,168.95154130169036
2025-03-11,4459.139173266127,4555.65892974934,4395.801165628559,4531.0166015625,81183,4558.483832465277,4781.332563920455,4931.5896875,,4613.7073854131,4737.941939170967,39.81151139649714,-132.47675220145177,-126.89858163591788,-5.578170565533867,5115.035365076566,4320.116929845308,28.452321650532884,0,4543.679400873542,4917.096280653704,170.1993353961571
2025-03-12,4522.526091806691,4522.526091806691,4248.532661915112,4284.98388671875,173365,4530.832356770833,4727.782648259943,4925.588671875,,4547.962685674231,4696.763934402584,33.223786886034475,-151.35380232715852,-131.789625774166,-19.564176552992507,5061.063796304376,4287.352414633124,29.24947426648644,0,4505.42279139956,4878.839671179721,181.7188534976341
2025-03-13,4321.23992450906,4344.80910937843,4213.643212215798,4272.833984375,155991,4514.024631076389,4677.697310014205,4917.434755859375,,4492.936945414385,4658.22484803644,32.933962210373195,-165.38790728694767,-138.50928207672234,-26.878625210225323,5035.903628525849,4241.269467177276,30.110893407066943,0,4487.978066549902,4861.394946330063,184.7024438100769
2025-03-17,4280.005916106802,4356.080139854662,4259.950668862014,4343.58837890625,85073,4501.977267795139,4640.935657848011,4910.70470703125,,4463.067232112759,4629.621532660967,36.41270175373421,-168.8543009847226,-144.5782858583224,-24.27601512640021,5008.36147611843,4212.89057466282,30.813064107585447,0,4487.978066549902,4861.394946330063,174.58761336456368
2025-03-18,4343.58837890625,4343.58837890625,4343.58837890625,4343.58837890625,0,4489.420247395833,4611.768532492898,4904.595341796875,,4439.171461471457,4603.618518683265,36.41270175373421,-169.64587096463583,-149.5918028795851,-20.054068085050744,4985.404378183461,4186.304362050914,31.465079758066903,0,4487.978066549902,4849.683549111105,152.9462750366463
2025-03-19,4511.30271326486,4551.755360933256,4418.394099019841,4535.35986328125,94854,4477.795844184027,4595.066761363636,4900.11482421875,,4458.4091418334165,4597.413186373991,45.32708801432269,-153.03475044645165,-150.28039239295842,-2.7543580534932346,4973.929770802905,4181.21744599397,30.35368999792544,0,4487.978066549902,4844.2916149879975,154.99225815183848
2025-03-20,4566.443061578298,4637.589020021052,4502.031427882448,4542.63037109375,86375,4455.723470052083,4581.59443803267,4895.199052734375,,4475.253387685483,4592.432930439423,45.63824527622461,-137.69637049478115,-147.763588013323,10.067217518541838,4945.116024799852,4183.197891215772,28.735011238358368,0,4478.121109950696,4814.549891192235,154.8946711404206
2025-03-21,4440.498170461221,4610.310627968969,4368.523062753196,4558.00048828125,134865,4439.284288194444,4575.095592151989,4891.12060546875,4995.84849609375,4491.802807804637,4589.302708425043,46.33360143199153,-122.8838256231611,-142.78763553529063,19.90380991212953,4924.558573466475,4184.075606221026,27.93155614172523,0,4478.121109950696,4703.781400475755,160.3145735643302
2025-03-24,4620.071055592446,4620.071055592446,4420.980541156269,4468.70361328125,311696,4431.189507378473,4559.538330078125,4884.15732421875,4995.854016113281,4487.1829688999605,4578.339154321062,42.90025610450572,-117.00156738330952,-137.63042190489443,20.628854521584916,4891.559193490505,4184.2348494782445,27.115966776253916,0,4425.6161161184245,4639.101533951852,166.97183759416288
2025-03-25,4499.981902886695,4615.630051945901,4470.75249654195,4513.7421875,211322,4429.270128038194,4548.58125443892,4879.706083984375,4995.800407714844,4492.494812619969,4572.466702791874,45.10953916125249,-107.46678856958442,-131.59769523783245,24.130906668248,4792.5112524501965,4234.676394034179,26.358633794030546,0,4425.6161161184245,4624.24264495719,167.1635245950642
2025-03-26,4513.742635253361,4553.073055090546,4386.188367741655,4409.07373046875,259602,4443.057888454861,4530.943470348011,4876.021943359375,4994.656511230469,4475.810596189725,4557.612796217044,41.12699958621315,-107.12144802491912,-126.70244579524976,19.58099777033065,4750.8138496806905,4240.478972584934,26.113667531606783,0,4425.6161161184245,4624.24264495719,156.77332959975573
2025-03-27,4374.135204641743,4457.967821089107,4314.603244025245,4340.70947265625,413745,4450.599609375,4500.984530362216,4868.136396484375,4993.174174804688,4448.790371483031,4537.894312256972,38.72235217892624,-111.08368385644916,-123.57869340748964,12.495009551040482,4739.709357583749,4224.247527181876,26.246619898139567,0,4448.769844441533,4624.24264495719,158.258129421098
2025-03-28,4372.183374293697,4489.295428962279,4324.460307322284,4393.361328125,254499,4456.129937065973,4483.954501065341,4853.639873046875,4991.584299316406,4437.704562811425,4524.754950063156,41.55654579185633,-108.72194073713308,-120.60734287341836,11.885402136285265,4734.384957218766,4215.523343562483,26.09646306623756,0,4476.096132023149,4624.24264495719,164.45182319381956
2025-04-01,4379.746983059485,4489.149259146752,4373.013135034651,4453.28369140625,127585,4468.318305121527,4476.646084872159,4837.813154296875,4990.243308105469,4440.82038853039,4518.257562912528,44.691828215772894,-100.85244417691774,-116.65636313411824,15.803918957200494,4734.966575987093,4217.859742372282,25.957031722328555,0,4476.096132023149,4624.24264495719,156.59904818360786
2025-04-02,4461.9692795967485,4547.363486063222,4391.702046847193,4524.18505859375,85955,4467.07666015625,4476.206898082386,4823.417158203125,4989.166479492187,4457.493322543062,4518.796426156275,48.230689444226506,-87.88161907145604,-110.9014143215858,23.01979525012976,4739.155182374439,4220.888177000562,25.29020548156685,0,4476.096132023149,4624.24264495719,156.29931069041126
2025-04-03,4457.08949690987,4457.08949690987,4310.504055052818,4351.20068359375,130276,4445.806694878473,4472.893132990057,4805.422890625,4987.352651367188,4436.2347947532,4503.560449559682,41.289268678050576,-90.5171151390132,-106.82455448507127,16.307439346058104,4740.103119786754,4209.4001516976205,25.16789224344418,0,4465.287555322632,4580.959930313171,151.3848152542358
2025-04-04,4217.985870666135,4306.50325666678,4158.453909048681,4171.33642578125,104284,4402.844021267361,4460.135031960227,4783.781552734375,4984.554626464844,4383.25512095881,4473.358265579824,35.55874851642422,-105.89857433209544,-106.63935845447612,0.7407841223806741,4737.209938737138,4165.429026106613,25.84047313411064,0,4389.262482320564,4470.240531971142,155.78344935298128
2025-04-07,3903.735083633527,4029.191179271735,3870.553335422642,3985.3232421875,115209,4349.135091145833,4438.713290127841,4757.04974609375,4980.820209960937,4303.668745204548,4428.99144527143,30.798117091142306,-131.58141228478598,-111.6277692205381,-19.953643064247885,4735.598420135705,4091.4446950986703,27.52570881820576,0,4243.091693684271,4316.433128153325,170.40156502197846
2025-04-08,4074.5236307228856,4105.363234227925,3963.2671770935663,4003.4267578125,119357,4292.433376736111,4409.779074928977,4731.112353515625,4977.128645019531,4243.620347726139,4390.303746411528,31.75572602284508,-148.75963550515826,-119.05414247746214,-29.70549302769612,4718.895956901888,4037.894521613736,28.44212345694978,0,4211.813195256595,4316.433128153325,180.5512833887184
2025-04-09,3962.291235455841,4011.72218721282,3894.9518031291286,3991.130126953125,63134,4245.995198567708,4375.681274414063,4708.294047851563,4973.306043701172,4193.122303571537,4354.015235551673,31.437506901238777,-161.50401871782014,-127.54411772553377,-33.95990099228639,4723.32600611096,3978.421821037478,29.52920406551108,0,4208.958410742932,4316.433128153325,174.02295496419586
2025-04-11,4098.922005925192,4135.129245616901,4006.647654713401,4032.802490234375,75906,4211.783311631944,4345.083518288352,4688.993984375,4970.004799804688,4161.058340904105,4324.814076886464,33.856518521351404,-166.32414161450288,-135.30012250332757,-31.024019111175303,4714.002772767498,3937.923643248127,29.539910171530792,0,4208.958410742932,4316.433128153325,174.6259211445653
2025-04-15,4078.426934441569,4260.731159085246,4074.52319963952,4249.21533203125,86793,4195.76708984375,4331.795276988636,4669.729052734375,4967.734306640625,4178.689739129534,4317.941463717808,44.757052576532274,-150.94145688463777,-138.42838937958962,-12.513067505048156,4713.337661977795,3935.01189856908,28.656965170195303,0,4208.958410742932,4316.433128153325,173.63599997564373
2025-04-16,4249.215921579893,4287.66761940896,4123.32045674668,4133.8603515625,106900,4160.275607638889,4313.742720170455,4646.7975390625,4964.834262695313,4169.723861616128,4301.206817158234,40.88889542570468,-146.37147205521796,-140.0170059147153,-6.354466140502666,4715.113897225998,3919.338300039628,27.654806766183462,0,4208.958410742932,4316.433128153325,171.15433199179392
2025-04-17,4098.921595487956,4150.938671790072,4013.234806080047,4132.59130859375,119768,4116.765190972223,4306.815784801136,4623.085263671875,4961.690268554688,4162.297351011653,4285.878134561463,40.84707117072498,-141.22418284386094,-140.25844130054443,-0.9657415433165112,4712.726248251843,3900.626241982532,27.25761249927472,0,4163.821416166256,4306.576171554119,170.4955767807492
2025-04-21,4132.59163821575,4270.393680124564,4114.634551766401,4260.43896484375,214959,4106.680555555556,4306.252374822443,4602.53013671875,4959.114985351563,4181.925673778072,4283.565482768943,46.75582704861967,-125.3833405660871,-137.28342115365297,11.900080587565869,4708.680153588226,3896.3573952398974,26.0800587622556,0,4088.528296044711,4306.576171554119,169.70089399569716
2025-04-22,4264.830902669688,4323.386933369959,4216.034210419463,4295.37744140625,100164,4120.462890625,4304.060968572443,4581.06837890625,4956.069921875,4204.6160273037085,4284.639297190516,48.27639032437798,-108.75643933417268,-131.5780247897569,22.821585455584227,4681.617974788391,3899.4213318522334,24.650945797972813,0,4096.970134396301,4254.071177721848,167.12861870188522
2025-04-23,4352.665099319725,4452.210354954392,4337.050157259386,4344.27197265625,312674,4160.346082899306,4304.092041015625,4560.0048046875,4953.348608398437,4232.547216374217,4290.060449505583,50.410718669746274,-90.5898567953882,-123.38039119088316,32.79053439549499,4654.461320358196,3906.742146438679,23.213782296753426,0,4173.58107904176,4254.071177721848,166.55703240960997
2025-04-24,4344.271543827956,4386.822352048182,4307.576338302342,4370.1337890625,160141,4201.09130859375,4296.581764914773,4537.801328125,4950.692885742187,4260.064530911874,4297.339844010758,51.54953523202581,-73.26136538592345,-113.35658602989125,40.09522064396778,4624.602000698509,3917.814796176491,21.69979726599509,0,4173.58107904176,4254.071177721848,163.92202452630562
2025-04-25,4206.274610671976,4243.262405793893,4064.6665232526,4153.671875,628378,4219.151502821181,4278.901833274148,4512.96283203125,4946.8500390625,4238.785999729499,4284.2791195552345,42.708764606142175,-76.11764172382391,-105.90879716867778,29.79115544485387,4599.752173008214,3911.161450038661,21.28696217075353,0,4229.429004833896,4254.071177721848,174.6224407115821
2025-04-28,4153.671737727983,4154.549982798865,4050.125071321421,4084.868408203125,267128,4224.936604817708,4257.3958296342325,4485.3985595703125,4942.344583740234,4208.002481424224,4266.150873068679,40.340551858593855,-82.9766231948779,-101.3223623739178,18.34573917903991,4563.687311861747,3904.33893325544,20.97093090976353,0,4232.722580517219,4254.071177721848,166.8184341356187
2025-04-29,4094.0424766867054,4133.079830457259,4035.584134721343,4084.478515625,205571,4206.632514105902,4239.93105246804,4459.593901367188,4937.916705322265,4183.29768826438,4249.635204210163,40.32690546376744,-87.43596907507163,-98.54508371414856,11.10911463907695,4543.1011391694765,3892.4655844633353,20.748297083415327,0,4232.722580517219,4254.071177721848,160.01478564925063
2025-04-30,4084.2830256805582,4193.5876132256535,4050.125342072716,4154.64794921875,153671,4208.942247178819,4223.60858709162,4439.639965820313,4934.013072509766,4177.567740455254,4240.999999210943,43.99856925095085,-84.33577562814207,-95.70322209694729,11.367446468805213,4529.61140309189,3887.3491681971727,20.11447695436186,0,4232.722580517219,4254.071177721848,148.77758427741702
2025-05-02,4180.900416170083,4188.707886601773,4084.3806582643488,4093.1640625,151959,4204.561442057292,4209.249056729404,4421.797944335937,4929.968126220703,4160.687004864203,4227.560368600857,41.584163053231855,-85.85045519425876,-93.73266871640958,7.88221352215082,4506.168556891883,3880.77228783468,19.52592969166935,0,4243.897244837867,4245.312195507544,146.0798107919217
2025-05-05,4098.921747975018,4142.155422466599,4090.236032910339,4111.60888671875,70024,4188.024766710069,4198.8353937322445,4405.974145507813,4926.484290771485,4150.8713812351125,4217.019324793393,42.6017426269236,-84.58743519933068,-91.9036220129938,7.316186813663108,4465.784197301484,3886.989166956329,18.979421519169165,0,4243.897244837867,4245.312195507544,141.44759689710514
2025-05-06,4118.342868142526,4138.447199342073,3976.930158547093,3995.472900390625,115436,4154.702039930556,4180.749556107955,4389.103173828125,4921.867956542968,4119.791685066215,4196.878740756777,38.10130633082928,-91.89833940954396,-91.90256549230382,0.004226082759871,4399.4162439985375,3900.485904438964,19.13963450200566,0,4214.570256750742,4243.091693684271,142.698877049334
2025-05-07,3953.995946680959,4006.110718350797,3952.53204592321,3985.908935546875,81438,4114.883924696181,4159.5052490234375,4374.801850585937,4917.523851318359,4093.015135162347,4177.699667555877,37.74765679390288,-97.34191865682442,-92.99043612520794,-4.351482531616483,4372.449594612769,3890.923379020044,19.42348943275825,0,4169.677198985696,4211.813195256595,130.2453058762423
2025-05-08,4002.30464220152,4078.4274810436855,3955.4598182986497,3989.42236328125,123370,4072.58265516493,4135.1978537819605,4358.371030273437,4913.796068115234,4072.296580786128,4160.583548985455,37.97541541744855,-100.21724812067714,-94.4357985243018,-5.781449596375353,4370.680317079073,3874.50125030374,19.06115668126649,0,4097.897225858551,4208.958410742932,127.28962731072488
2025-05-09,3907.5413933805175,4020.749718435499,3903.7353467235007,4012.649658203125,170913,4056.913519965278,4119.809170809659,4343.52806640625,4910.269296875,4060.367196269528,4147.135013459789,39.55000611052421,-99.4750326000626,-95.44364533945397,-4.031387260608653,4369.147606244735,3878.76660273964,19.042679158388168,0,4048.661479974577,4208.958410742932,125.81180631086583
2025-05-12,4146.742482642797,4369.255376510191,4096.091616581643,4341.83154296875,271984,4085.4649793836807,4127.558948863636,4334.42259765625,4908.241787109375,4116.660065609372,4164.834697960603,56.43115049592159,-71.50038253736511,-90.6549927790362,19.15461024167108,4397.486049247333,3884.268638252668,18.663350198600607,0,4136.495361616846,4208.958410742932,140.15799130721612
2025-05-13,4341.832144917767,4357.544775697208,4252.339294009147,4262.0986328125,106792,4105.200547960069,4140.1396484375,4319.668447265625,4905.226586914063,4145.747779049998,4173.676873856231,52.59960096499125,-55.12856255726183,-83.54970673468132,28.42114417741949,4406.31434389764,3902.537194188297,18.31111616451216,0,4136.495361616846,4208.958410742932,140.00461693132794
2025-05-14,4294.986617973248,4340.953191544052,4248.239488037603,4301.03759765625,62984,4121.466064453125,4153.667413884943,4310.328759765625,4901.813649902344,4176.805742771248,4185.255121474414,54.233897784503135,-38.56715013451958,-74.55319541464898,35.9860452801294,4421.020466333226,3914.654582494899,17.953802010384496,0,4136.495361616846,4163.821416166256,135.42467335692132
2025-05-15,4340.953443978109,4434.643086653895,4328.266304865762,4385.2607421875,203391,4153.921251085069,4171.582441850143,4305.75259765625,4898.593466796875,4218.496742654499,4203.437450630149,57.63621952386835,-18.43351747449924,-63.32925982661904,44.8957423521198,4443.832623577293,3905.446966266458,18.14166757175896,0,4169.189216688697,4161.381845188516,139.3074930177645
2025-05-16,4401.9496457663845,4479.536387111785,4333.243997792976,4366.5234375,132562,4182.245090060764,4186.751575816761,4302.406123046875,4895.145107421875,4248.1020816236,4218.263449436499,56.62761690968868,-3.943949041013184,-51.45219766949787,47.50824862848469,4467.86895096896,3904.6769474685393,18.55157137875581,0,4191.6358669176425,4175.0448612672135,127.9378589826866
2025-05-19,4372.671466214051,4445.378535566343,4348.85877638994,4416.2958984375,84343,4229.003200954861,4194.346147017045,4302.249970703125,4891.8656005859375,4281.74084498638,4236.266399345681,58.695330730363786,11.423674952214242,-38.87702314515545,50.30069809736969,4498.755765154328,3902.160592267546,18.932196342395745,0,4191.6358669176425,4187.244095120457,127.3732052468979
2025-05-20,4445.378019031883,4445.378019031883,4351.688383504536,4362.91162109375,95717,4270.892388237848,4204.757568359375,4300.46791015625,4888.385078125,4297.975000207854,4247.779601322778,55.63188722588521,19.07507703968804,-27.286603108186757,46.36168014787479,4511.636599134464,3899.527023912412,19.285633808632827,0,4191.6358669176425,4187.244095120457,127.10134380342866
2025-05-21,4363.400371986209,4385.261195564643,4326.314884592902,4344.27197265625,160692,4310.320122612848,4214.379416725852,4298.221318359375,4884.817436523437,4307.234394697533,4256.551635080366,54.56111139042605,23.36546196745712,-17.15619009305798,40.5216520605151,4517.859244637453,3898.193831534422,19.361932626092376,0,4191.6358669176425,4191.6358669176425,121.06448950477176
2025-05-22,4338.025751195183,4396.0938124316535,4309.1380153412565,4350.712890625,67431,4347.882703993056,4218.482776988636,4292.435986328125,4881.200769042969,4315.930093883027,4265.111749220788,54.8842565254456,26.97440701130745,-8.330070672184895,35.304477683492344,4518.7903595987445,3897.906808370005,19.257997669495666,0,4287.814001846715,4191.6358669176425,119.82367298712698
2025-05-23,4373.159634363671,4489.881419531327,4328.462054109015,4374.62353515625,156032,4351.526258680556,4222.084872159091,4285.102822265625,4878.158195800781,4327.668782137673,4275.067366124012,56.1314990624852,31.40192925030624,-0.3836706876866689,31.785599937992902,4519.513531027242,3897.632611550884,19.787653960511047,0,4369.060453784465,4196.808383127414,127.64509983470212
2025-05-26,4391.701978999023,4416.100323326796,4345.637714296124,4401.75390625,51028,4367.043511284723,4224.697687322443,4279.018837890625,4875.3577954101565,4342.485806960139,4286.584324317283,57.56499410928696,36.67717508890655,7.028498467631976,29.64867662127457,4542.31526798246,3899.6390777206657,20.279477659311045,0,4369.060453784465,4196.808383127414,121.14121185153726
2025-05-27,4373.159638316043,4398.338541359071,4323.484700015682,4339.001953125,68176,4371.261773003473,4223.282603870739,4274.967744140625,4873.3482421875,4341.789036193111,4291.349563299803,53.23214499242648,35.38637513950289,12.70007380200616,22.68630133749673,4552.448364426575,3914.919335768738,20.47901146185419,0,4399.509717436292,4196.808383127414,122.90482140916086
2025-05-28,4361.448283460834,4371.695588669234,4275.078139561464,4286.0087890625,82429,4360.233778211806,4229.297918146307,4270.067587890625,4870.809853515625,4330.632986766989,4290.864038369139,49.821700874908,29.744426192511128,16.108944280107153,13.635481912403977,4555.32562057354,3932.195106965522,20.113204982156685,0,4382.479779546396,4196.808383127414,121.02266329221332
2025-05-29,4331.682107384985,4406.536419352562,4299.086014251983,4313.919921875,77450,4354.388943142361,4239.7093505859375,4270.64630859375,4868.244428710937,4327.290373788592,4292.960027778763,51.58121655139604,27.211657114326957,18.329486846951117,8.882170267375841,4561.837449957667,3941.6104748470216,20.053689032699506,0,4382.479779546396,4196.808383127414,121.27361033350358
2025-05-30,4337.830079761548,4337.830079761548,4242.383950979586,4262.48828125,52117,4337.299207899306,4247.8007035688925,4270.43939453125,4865.741164550781,4314.329955280873,4290.18986900342,48.225454691503465,20.814380583107777,18.826465594182444,1.9879149889253327,4561.188643760207,3959.1917029194806,19.358437375021637,0,4366.132685255457,4196.808383127414,102.61935393885332
2025-06-02,4279.469634667363,4279.469634667363,4221.987230205573,4253.705078125,46545,4325.165147569444,4252.3033003373575,4268.641728515625,4863.19130859375,4302.204979849698,4286.873069832654,47.65526718971424,14.864414042031058,18.034055283752167,-3.1696412417211093,4560.123823711309,3974.466142109004,18.49003001468221,0,4355.93432486845,4196.808383127414,99.21056270840538
2025-06-03,4288.253360464588,4288.253360464588,4210.374029418709,4217.20556640625,57521,4311.046657986111,4257.9415505149145,4266.114072265625,4860.691452636719,4285.205097161009,4280.539660430254,45.26041504328917,7.121722352319011,15.851588697465536,-8.729866345146526,4543.342349693039,4013.4208827288367,17.553154516629444,0,4350.127724475018,4196.808383127414,98.1509646755075
2025-06-04,4221.889639177979,4283.471157561252,4184.901843285484,4252.0458984375,48207,4300.083658854167,4264.3250510475855,4260.44779296875,4858.490559082031,4278.573257416307,4277.949318430913,47.94931215259216,3.753637431505922,13.431998444273614,-9.678361012767692,4518.836346076887,4064.5405826340498,16.39192932380155,0,4337.391631408405,4196.808383127414,95.64838076680202
2025-06-05,4252.04614831598,4271.174547318455,4194.075772215482,4221.20654296875,98278,4283.037326388889,4274.585671164773,4254.01931640625,4855.681174316406,4267.099914526796,4272.790884297989,45.80450349046928,-1.3880715601590057,10.46798444338709,-11.856056003546096,4484.50069435689,4122.054652322799,15.313648787604215,0,4300.50108330614,4196.808383127414,90.70597975138512
2025-06-06,4271.125003265279,4271.125003265279,4225.834143387408,4232.92333984375,52629,4264.278374565973,4285.8135986328125,4247.5177734375,4851.516418457031,4260.264599590187,4269.166562074876,46.77855324454032,-4.465984306504652,7.481190693408742,-11.947174999913392,4439.155523799228,4189.427191044521,14.312388289706693,0,4295.719131319023,4196.808383127414,87.37731554567985
2025-06-09,4280.872310802062,4303.517740862531,4244.639815006857,4270.5341796875,68357,4256.670844184027,4298.5914084694605,4243.554384765625,4847.167622070312,4262.31851560965,4269.290890948751,49.89181358820933,-3.826265082556347,5.219699538215725,-9.045964620772072,4436.3488123637735,4185.104166151851,13.7908971198297,0,4295.719131319023,4196.808383127414,85.72765593792519
2025-06-10,4297.610551227509,4430.627944100048,4281.955761975802,4418.12353515625,266608,4271.350260416667,4317.022039240057,4241.64201171875,4843.108557128906,4293.47951951897,4282.82113133125,59.82358349542292,8.492053436079004,5.874170317788381,2.6178831182906235,4450.645597890665,4186.409870859336,14.612445575636944,0,4307.764893692765,4196.808383127414,92.95247404084
2025-06-11,4440.473510030752,4529.086063445999,4399.416167980138,4514.21875,294097,4293.605685763889,4324.857821377841,4243.744912109375,4839.295280761719,4337.627365615176,4303.857278482955,64.72593933899934,25.712097295068816,9.841755713244469,15.870341581824349,4487.219850068091,4171.153733916285,16.127130570197238,0,4356.993953365742,4216.41070508475,96.0034810676588
2025-06-12,4529.086354622884,4537.947610534103,4446.479854001304,4459.47607421875,133924,4315.493218315973,4333.829523259943,4246.120244140625,4834.897727050781,4361.997107335891,4318.004441731663,60.21808844695631,34.54363219582956,14.782131009761486,19.761501186068077,4499.715605553893,4166.079511633607,17.595384796508856,0,4361.424726909793,4220.841478628801,91.00693757555072
2025-06-13,4332.169024677429,4406.0128148707945,4324.390908261163,4377.361328125,133719,4329.232801649306,4337.298783735795,4245.800244140625,4830.216550292968,4365.069951493713,4323.400522312875,54.12838598446626,34.51880221947886,18.72946525170496,15.7893369677739,4500.78699117563,4166.09191507437,17.33236629038766,0,4361.424726909793,4220.841478628801,95.6228344989018
2025-06-16,4381.299837350898,4473.063249905113,4353.830042460367,4448.35009765625,122103,4354.91552734375,4340.166481711648,4245.701572265625,4825.642985839844,4381.725980726221,4334.759574616818,58.07558727338725,39.7688936568029,22.93735093272455,16.831542724078354,4506.299178276876,4163.785147894999,17.639640102287665,0,4361.424726909793,4317.0196135578735,98.54883458536096
2025-06-17,4479.856843233464,4492.656434214131,4351.860933426794,4368.89404296875,168357,4367.898654513889,4340.274236505682,4242.595751953125,4820.796899414063,4379.159593174727,4337.862708103357,52.61798939257166,37.0906316607543,25.7680070783305,11.3226245824238,4506.824006071885,4163.858562287489,18.07861820222074,0,4366.0116913747925,4361.424726909793,101.70440970533004
2025-06-18,4363.676001307335,4400.105606913918,4332.169315377319,4345.166015625,61423,4381.671929253473,4337.041060014205,4242.47505859375,4814.902182617188,4372.360877664782,4338.526645150779,51.07440437474234,32.67675889385555,27.14975744143551,5.527001452420038,4506.878976362281,4163.892996293969,18.231130320618416,0,4381.890876960755,4361.424726909793,97.94788550865404
2025-06-19,4345.461056484761,4392.130237342571,4209.096185900612,4240.40576171875,122755,4382.503309461806,4331.472611860795,4243.8564453125,4807.8433203125,4345.969854475576,4329.606564838776,44.822504468275504,20.48926842135552,25.817659637419517,-5.328391216063995,4506.311890532718,4153.429369232907,16.976373875520267,0,4373.521898217357,4361.424726909793,104.2041656986538
2025-06-20,4219.92627560759,4327.245912574745,4209.095853528335,4311.98486328125,139225,4387.108940972223,4330.005015980114,4250.389677734375,4801.600297851563,4339.172856236711,4328.00459196991,49.381723370928434,16.417182638241684,23.93756423758395,-7.520381599342265,4502.0553185168765,4151.422074061248,15.811239490070983,0,4373.521732031219,4361.424726909793,108.53756959755518
2025-06-23,4278.017061144772,4347.823963759286,4263.248302590763,4271.7158203125,43556,4370.841417100694,4326.414240056818,4255.755458984375,4795.046491699219,4325.681449051869,4322.887430910145,47.02748743273968,9.827366330450786,21.11552465615732,-11.28815832570653,4493.4724699785,4147.001114005874,14.946238528671264,0,4373.521732031219,4361.424726909793,109.01587889202976
2025-06-24,4332.169589778368,4344.870627197619,4242.17870854148,4264.7255859375,50701,4343.119954427083,4321.418878728693,4261.227368164063,4788.413471679687,4313.490276428996,4317.599990458086,46.61206760347422,3.994786522861432,17.691377029498142,-13.69659050663671,4491.243119426455,4141.80282783917,13.901479174457444,0,4373.521732031219,4361.424726909793,109.31035063348484
2025-06-25,4308.244110134935,4324.982037004503,4184.481717391935,4293.1796875,105523,4324.642578125,4316.48368696733,4266.434912109375,4782.2320703125,4309.428158643196,4315.379962916441,48.60235807828723,1.64941971537246,14.482985566673008,-12.833565851300548,4491.367281419825,4142.395755689549,13.514329828846597,0,4338.569075803032,4361.214663963019,113.83903238417022
2025-06-26,4290.816407072255,4317.301616417184,4238.6334631588015,4252.61474609375,146080,4310.781846788194,4312.556995738636,4266.502900390625,4775.892834472656,4298.065476133307,4309.674034114379,45.97118326034631,-3.442864929344978,10.89781546746941,-14.340680396814388,4490.659108592821,4136.973410938428,13.154834007922236,0,4338.569075803032,4361.214663963019,115.8925818814455
2025-06-27,4233.513624590099,4341.030377849026,4213.133026487302,4317.9912109375,127945,4296.297526041667,4314.0107421875,4270.185517578125,4770.137302246094,4302.050623094146,4310.430141098299,50.61175235770904,-2.1780951343453125,8.282633347106467,-10.46072848145178,4491.776996675128,4141.405815824871,13.10232825406806,0,4338.569075803032,4361.214663963019,119.98564976308424
2025-06-30,4332.169094096934,4342.014932947154,4291.30886286852,4334.23681640625,68695,4292.446723090277,4314.934237393466,4274.218427734375,4764.657312011719,4308.487861756567,4312.594384308113,51.721436248477,0.1335887040795569,6.652824418501085,-6.519235714421528,4493.403141088701,4147.832845239424,13.039230510640545,0,4292.293662152926,4361.214663963019,112.17224302494756
2025-07-01,4334.236665613487,4371.552297406801,4258.325154568562,4287.0751953125,94633,4285.9921875,4316.051824396307,4274.75115234375,4758.378996582032,4304.205328467754,4310.274458035785,48.326741827882486,-1.8189659679273973,4.958466341215389,-6.777432309142786,4490.811179978646,4157.411769240105,13.360219594636368,0,4288.305977367252,4361.214663963019,110.99776069440315
2025-07-02,4293.179420563927,4336.993402880642,4229.870869877492,4257.1435546875,96650,4287.851942274306,4316.208118785511,4273.986474609375,4752.059245605469,4294.792973711703,4305.444375913214,46.25189462943043,-5.715725536104401,2.823627965751431,-8.539353501855832,4490.6170980664765,4158.115616777274,13.971935380702655,0,4278.017007399368,4361.214663963019,112.11595901371402
2025-07-03,4263.7405920246565,4292.884371704798,4240.012023811122,4264.82373046875,70826,4282.61181640625,4318.372580788352,4272.397509765625,4745.595983886718,4288.799125063113,4301.7515899637165,46.88207522087347,-8.090942223367165,0.6407139279277119,-8.731656151294876,4488.180310586076,4164.914123007673,14.539957182049925,0,4278.017007399368,4361.214663963019,106.24361486629174
2025-07-04,4264.823611131867,4339.061139191454,4263.248180780348,4316.02197265625,65617,4287.534722222223,4321.280584161932,4271.3152734375,4739.074499511718,4294.243694581741,4303.04889748122,51.00602277171977,-5.775472248590631,-0.6425233073759569,-5.132948941214675,4486.363759888072,4175.040536986928,14.274122662943643,0,4278.017007399368,4361.214663963019,103.142168506746
2025-07-07,4341.030401586234,4341.030401586234,4287.862871151746,4310.50830078125,34023,4292.621690538194,4325.339754971591,4274.452001953125,4732.865437011718,4297.496615821643,4303.72702505395,50.550855430943614,-4.335377321076521,-1.3810941101160696,-2.9542832109604515,4486.119965755487,4179.281743228888,13.994300067363737,0,4278.017007399368,4361.214663963019,96.8830277672568
2025-07-08,4306.767058747611,4320.354124174787,4241.685967244071,4269.15576171875,106255,4289.952365451389,4326.986683238636,4278.137749023437,4726.664604492187,4291.828445001065,4300.584182932568,47.15227004921737,-6.456469854977513,-2.3961692590883583,-4.060300595889155,4475.644330904414,4174.860600736211,14.343963118488102,0,4292.342661947052,4361.214663963019,97.64958958112231
2025-07-09,4269.155780215035,4284.023093220337,4221.009723770669,4247.888671875,74156,4289.42724609375,4325.957341974432,4281.405952148438,4721.258969726562,4283.040490375852,4295.793681927335,45.45954910333496,-9.741236473290884,-3.865182701928864,-5.876053771362019,4436.890228644977,4186.981695183148,14.922906791801262,0,4292.342661947052,4361.214663963019,89.07668372453016
2025-07-10,4262.165002811168,4313.757101256165,4198.462715111832,4282.15234375,124119,4285.445149739583,4319.776833274148,4283.956040039063,4715.905971679687,4282.862861050681,4294.55356027485,48.6574896244472,-9.4704759651504,-4.9862413545731705,-4.484234610577229,4407.408541038554,4198.731009742696,14.903875095434875,0,4285.007506259317,4361.214663963019,88.87270708866754
2025-07-11,4215.003708191921,4355.700652429055,4215.003708191921,4342.50732421875,128566,4286.364095052083,4311.971768465909,4288.942905273438,4710.998237304688,4294.791753684295,4298.912993360658,53.79661642828316,-4.335773695281205,-4.856147822714778,0.5203741274335734,4401.523294213067,4201.130856177558,14.164230724947066,0,4285.007506259317,4361.214663963019,92.88137016499688
2025-07-14,4332.16879744446,4332.16879744446,4255.371259671581,4276.24462890625,56491,4285.160698784723,4303.64306640625,4292.235620117188,4705.672609863282,4291.082328728687,4296.852232955712,48.10374014452862,-5.549361301419594,-4.9947905184557415,-0.5545707829638529,4365.586400498099,4219.857203017526,13.477418095208384,0,4277.081683770443,4361.214663963019,91.77023772864186
2025-07-15,4290.816997058528,4317.302210045168,4255.864265668996,4283.4326171875,85523,4288.081705729167,4299.373579545455,4297.994814453125,4700.331364746094,4289.55238642045,4295.632267885874,48.73746365784381,-5.863536442751865,-5.168539703314966,-0.694996739436899,4351.923271016953,4224.974189920547,12.83966351045104,0,4277.081683770443,4361.214663963019,86.12292521175641
2025-07-16,4297.708681606866,4356.9808241106375,4271.124916565999,4279.7890625,93035,4289.744520399306,4291.71171431108,4303.872416992188,4695.294384765625,4287.59972163636,4294.191976487158,48.41473027237539,-6.333518064818236,-5.40153537561562,-0.9319826892026156,4342.82172484891,4227.53804077609,12.30208440755827,0,4277.721769611235,4361.214663963019,86.63633623220325
2025-07-17,4282.93986899993,4430.627450689583,4278.607796087803,4343.59033203125,425801,4292.807671440973,4290.561545632102,4310.955776367187,4690.455295410156,4298.797843715339,4298.682736082075,54.14126327392236,-1.540000477734793,-4.629228396039455,3.089227918304662,4349.556765450956,4231.121457205294,12.875865553720253,0,4314.545082900708,4361.214663963019,88.3593578922073
2025-07-18,4361.706944500061,4380.315485200536,4297.118140548109,4334.0400390625,79686,4295.422309027777,4290.055819424716,4317.383583984375,4686.071391601563,4305.846282784772,4301.897036353023,53.1894244599096,1.471307599854299,-3.4091211968607045,4.880428796715004,4353.12677593512,4229.756964299254,13.408662332299237,0,4314.545082900708,4338.569075803032,90.6801632189068
2025-07-21,4333.154024994651,4361.7069599469,4245.427497663,4300.85986328125,75598,4298.944986979167,4292.803733132102,4316.564150390625,4681.5814135742185,4304.848998884067,4301.802747891952,49.90665659754983,1.1669758877815184,-2.4939017799322603,3.660877667713778,4353.996051120571,4231.80209341068,12.92036485435939,0,4314.545082900708,4338.569075803032,90.89818603645394
2025-07-22,4307.5543698451,4327.836893428738,4246.707279848023,4255.17431640625,44116,4299.754503038194,4290.221435546875,4316.4256640625,4676.856198730468,4294.914062388504,4297.56379957507,45.7223080227899,-2.7291905990305168,-2.540959543751912,-0.1882310552786048,4354.585713169995,4230.25730440813,12.46694576770096,0,4314.545082900708,4338.569075803032,89.04154893485143
2025-07-23,4263.149958295167,4271.026629912425,4218.843680448088,4246.3134765625,63881,4295.772406684027,4289.066783558239,4315.331181640625,4673.281752929687,4285.193945223304,4292.9046793012,44.93537371385983,-6.457488425533484,-3.3242653201082266,-3.133223105425257,4355.566482721908,4224.589913762467,11.614941364613909,0,4322.815579440752,4307.554584040759,88.9923061898987
2025-07-24,4245.525612111536,4257.931464921072,4223.864767151784,4233.90771484375,39142,4283.705783420139,4287.665971235795,4312.30412109375,4669.783176269531,4274.9366991473935,4287.541318895977,43.798779156651726,-10.294563287958226,-4.718324913678227,-5.576238374279999,4357.361556070319,4220.9241372890565,10.82379441889022,0,4324.735565568835,4307.554584040759,86.01043042976887
2025-07-25,4234.597207740222,4237.649514275356,4133.382165360672,4155.73193359375,49326,4270.315483940973,4281.418346058239,4308.088291015625,4665.5328125,4251.095746036665,4275.558647504866,37.38204876799099,-19.419746219625267,-7.658609174867635,-11.761137044757632,4370.184217869899,4191.8755477551,11.515971426223572,0,4282.004808025127,4282.004808025127,89.66041746406856
2025-07-28,4165.380898011218,4197.576504283244,4131.314197656697,4176.70361328125,67289,4258.456705729167,4277.967840021307,4303.2964453125,4661.39265625,4236.217319485582,4266.57182621181,39.92473713275237,-24.674843912160213,-11.061856122326152,-13.612987789834062,4370.017219183417,4176.289226129084,12.18663425678424,0,4280.9708241731405,4280.9708241731405,88.77428529948507
2025-07-29,4174.73439938763,4242.572135715575,4107.487028811991,4221.1083984375,58900,4251.936631944444,4273.564075816761,4300.460380859375,4657.117021484375,4233.195535275966,4262.438787323236,45.01585335640814,-24.96862882789628,-13.843210663440178,-11.125418164456104,4369.183971307678,4170.525794317323,11.916875774487872,0,4269.057239750788,4269.057239750788,93.92226654619336
2025-07-30,4256.6515975965685,4270.534327438637,4185.171187448765,4243.1630859375,49562,4240.778049045139,4269.424360795455,4298.438203125,4653.057211914063,4235.189045408273,4260.686450833624,47.40013618055861,-23.154911125662693,-15.705550755884683,-7.4493603697780095,4369.056729855886,4169.254988894113,11.165450538838067,0,4243.901257006264,4269.057239750788,91.78432039230334
2025-07-31,4202.204201789057,4261.279237428079,4186.549413495491,4241.78466796875,35739,4230.527452256944,4267.365700461648,4296.259638671875,4648.807136230469,4236.508169920369,4258.968106936817,47.26219343837417,-21.57999286500126,-16.880439177708,-4.69955368729326,4368.643700086684,4167.364112413316,10.467698534306107,0,4234.596994379445,4269.057239750788,87.07238322769295
2025-08-01,4237.846417705724,4245.23079730949,4190.389279150633,4208.70263671875,24653,4220.287760416667,4265.163840553977,4292.941220703125,4644.176176757813,4230.947063280046,4254.398518735175,43.95596391955576,-22.739179138101463,-18.05218716978669,-4.686991968314771,4363.939762957156,4161.336115949094,9.819785958669287,0,4217.661961120364,4269.057239750788,84.76562991424213
2025-08-04,4174.63576000521,4223.766400746952,4160.654476243271,4200.33349609375,40308,4214.1943359375,4262.232466264205,4288.9128125,4639.308327636719,4224.824349842786,4249.483516676863,43.13388951168529,-24.055861320581243,-19.2529219999456,-4.802939320635641,4359.447721649688,4154.810676787812,9.775406845839733,0,4189.256829362208,4269.057239750788,84.8851999233499
2025-08-05,4223.8647602059245,4228.6891249700775,4158.882225433526,4173.15869140625,34602,4206.066026475694,4255.738680752841,4285.595947265625,4634.118315429688,4214.491218155479,4242.544896197716,40.48617979632246,-26.981099742659357,-20.798557548488358,-6.182542194170999,4361.077017189808,4143.5816742164425,9.625699874498055,0,4189.010678125314,4269.057239750788,83.73884220848653
2025-08-06,4173.159011690311,4202.105683250683,4160.162311436818,4192.3583984375,45981,4201.449435763889,4250.368230646307,4283.722939453125,4629.580739746094,4210.064654211883,4237.982487310424,43.14175176972223,-27.4338757262085,-22.125621184032383,-5.308254542176112,4361.564467351609,4137.54119671089,9.486686258252217,0,4189.010678125314,4269.057239750788,75.8762505807783
2025-08-07,4171.485123661073,4194.327663803057,4125.406786698311,4141.7509765625,73506,4199.89599609375,4244.577104048295,4280.279560546875,4625.327109375,4196.401918682006,4229.234168151521,38.29167208537739,-31.51303727911818,-24.003104403049548,-7.509932876068632,4363.205671115462,4121.859856228288,10.031888445464178,0,4189.010678125314,4269.057239750788,74.85650289880103
2025-08-08,4164.790207605372,4171.387112528905,4097.739942864067,4116.15185546875,32043,4193.168023003473,4238.58906693892,4277.35283203125,4620.34380859375,4180.351906039356,4218.953957907633,36.08195495235076,-36.39193377073934,-26.48087027658751,-9.911063494151833,4354.831244145017,4107.598736323734,11.015266189447503,0,4184.137135151352,4264.183696776825,71.81133914029662
2025-08-11,4125.406450457731,4133.676858885445,4066.3314177542784,4081.19873046875,46447,4177.622504340277,4229.454811789773,4273.902705078125,4615.6358984375,4160.521270925235,4206.430755413188,33.25969955424239,-42.58799160581839,-29.702294542433687,-12.8856970633847,4359.996150369058,4082.929240255941,12.416598240745184,0,4168.432872596458,4248.479434221931,70.82675539390029
2025-08-12,4112.212974942354,4153.959233735984,4080.706291965451,4124.224609375,30204,4164.407118055556,4219.532870205966,4272.0430859375,4610.397475585937,4153.261938615188,4198.957469409716,39.52982070827748,-43.52485579057157,-32.46680679206126,-11.0580489985103,4355.300762702978,4071.7038271407714,13.16997743949054,0,4163.805327591179,4248.479434221931,72.33175484434284
2025-08-13,4154.9441065105775,4169.712865183009,4061.408634918515,4074.799072265625,41522,4145.853162977431,4210.3762539950285,4268.498149414063,4605.067813720703,4137.569365345276,4187.670342396617,35.41389267777413,-47.70563432819927,-35.514572299288865,-12.191062028910402,4354.215272151571,4052.290318668741,14.181795664753032,0,4153.319716114002,4246.018042804049,77.63443573685754
2025-08-14,4085.0388377452778,4141.455306181927,4075.488181060468,4089.7646484375,25528,4132.637830946181,4201.5731645063925,4265.869311523437,4600.287283935547,4128.008421963721,4178.76982476397,37.53473434225059,-49.24368397982926,-38.26039463539695,-10.983289344432308,4334.355582559359,4046.7674399015777,15.121341159639634,0,4145.0488799442965,4246.018042804049,74.94792752268742
2025-08-18,4133.2834273603885,4133.2834273603885,4087.106536197396,4097.24755859375,22934,4121.183837890625,4193.2758234197445,4263.155795898438,4595.64273803711,4121.856249289727,4171.358709657587,38.620053366563546,-49.29059974593656,-40.46643565750488,-8.824164088431687,4311.33320122532,4046.1105731887433,15.993776262034336,0,4145.0488799442965,4246.018042804049,73.51325498957638
2025-08-19,4097.838677648509,4156.618535749118,4084.054501414228,4108.8662109375,29718,4114.040228949652,4182.6065451882105,4259.922436523438,4590.805472412109,4119.258241619282,4165.677573410306,40.352969562417634,-47.83879681451526,-41.94090788890696,-5.8978889256083065,4291.941211397187,4046.303197782501,16.08592159776613,0,4131.757159084599,4246.018042804049,69.04746409181247
2025-08-20,4097.05069483239,4181.429246153915,4090.9460823838494,4168.33447265625,65541,4111.370903862848,4175.074473987927,4254.926655273437,4586.486107177734,4129.073487826676,4165.919109705392,48.38525304054413,-41.41226598396315,-41.8351795079182,0.4229135239550459,4280.738473230459,4048.821951574229,15.477051546580714,0,4127.8681493607855,4246.018042804049,69.41318007611201
2025-08-21,4202.204490980884,4241.587850783891,4170.59924858819,4223.373046875,69313,4120.440022786458,4171.5523459694605,4249.1097412109375,4583.468861083984,4147.933399636341,4171.142194902629,54.49317340155908,-31.514758518257626,-39.77109530998608,8.256336791728458,4276.611200542621,4050.655181293316,15.19851731927794,0,4151.498242851203,4246.018042804049,69.3077196614729
2025-08-22,4223.471089284764,4248.479423576368,4170.205005459492,4208.30859375,26056,4130.679660373264,4169.4220858487215,4244.086391601562,4580.314075927734,4160.008438459074,4174.520958434208,52.65645711414249,-24.602881311299825,-36.73745251024883,12.134571198949004,4272.524166920531,4052.182302806033,15.075546484131294,0,4154.944029247442,4246.018042804049,70.98149822990285
2025-08-25,4237.649074321786,4352.845389771519,4212.4436305170575,4309.228515625,129354,4156.016303168402,4172.2818603515625,4242.723735351563,4577.639249267578,4189.852453892259,4186.767099997007,61.917049768272,-10.85662612708802,-31.561287233616667,20.704661106528647,4298.176176641905,4041.879951287782,16.564733201424335,0,4207.127012345017,4220.862060059526,76.79756048117702
2025-08-26,4292.785630419076,4302.532914484167,4237.451825174982,4258.3251953125,65907,4170.916368272569,4173.391745827415,4238.923237304687,4574.716004638672,4203.547002176308,4193.272381389324,55.97017763012566,-4.0237095703450905,-26.053771700962358,22.030062130617264,4308.212736589965,4040.005549542848,17.94754943891073,0,4207.127012345017,4211.557797432707,76.93825983213891
2025-08-28,4233.711002370526,4258.227046675337,4141.258665236979,4161.14697265625,38258,4180.510579427083,4173.63788396662,4234.768295898438,4570.153802490235,4195.066996272297,4190.351889686317,46.74062971022396,-6.376539607351333,-22.11832528224015,15.741785674888815,4303.46008784582,4038.762055708868,17.123675973457278,0,4214.166785415993,4207.127012345017,82.30419970797145
2025-08-29,4183.497026380483,4201.318091271543,4137.22158269023,4158.39013671875,28840,4188.135633680556,4172.8054532137785,4231.032778320313,4565.849127197265,4187.731624361588,4187.446275780175,46.50633498437005,-8.367176382272191,-19.36809550224656,11.000919119974366,4294.863584830398,4038.881263802414,16.28478877365342,0,4218.4499455928735,4207.127012345017,81.95960195629775
2025-09-01,4151.498160546507,4215.59467084446,4151.498160546507,4178.57421875,23010,4197.171929253473,4170.8720814098015,4229.796147460937,4561.851048583984,4185.900143239271,4186.639725141068,48.54018506839503,-8.221313449791523,-17.13873909175555,8.917425641964027,4286.947714537863,4040.4760891730734,15.74701785381241,0,4218.4499455928735,4207.127012345017,81.27741200152023
2025-09-02,4174.635721565587,4192.850523652607,4127.769431936863,4142.0458984375,49531,4200.858561197917,4166.2758456143465,4226.397368164063,4557.621046142578,4177.129294278917,4182.585740895289,45.191468282378175,-10.927283274631009,-15.896447928330645,4.969164653699634,4282.087651066093,4038.670478816719,14.781236119462204,0,4221.895736077684,4207.127012345017,81.1156727575615
2025-09-03,4151.990743442379,4154.353648900386,4116.7428284128455,4130.7236328125,129059,4196.679578993056,4161.227616743608,4223.577524414062,4552.5156213378905,4167.848161985634,4177.871003796853,44.17420343214005,-13.826018335122171,-15.482362009688948,1.6563436745667772,4277.774729481245,4036.022414073442,13.77943005638102,0,4234.794109092182,4207.127012345017,78.56980695163351
2025-09-04,4168.728072626483,4184.481414421954,4095.86886682243,4108.66845703125,40031,4183.934624565973,4156.6806085759945,4220.4563818359375,4547.807896728516,4156.012220994758,4171.579863181798,42.18229373615618,-17.698932837030043,-15.925676175157168,-1.773256661872875,4276.153935176758,4031.194184940429,13.31009209248,0,4224.357128296974,4207.127012345017,77.16325818984991
2025-09-05,4133.283111875131,4133.283111875131,4026.9480532561424,4057.076416015625,87337,4167.131049262152,4150.168923117898,4215.73431640625,4542.865390625,4136.225059998931,4161.170458893964,37.87939770290328,-24.64717473194196,-17.669975886514127,-6.977198845427832,4275.198972776111,4018.620949098889,13.092684530365428,0,4189.896721513831,4189.896721513831,79.99745995432752
2025-09-08,4085.0386180297055,4088.681770776347,4021.9266936273775,4037.187744140625,70785,4136.904296875,4143.9884255149145,4211.425776367188,4538.144036865235,4116.41759682727,4149.899303007296,36.34043348716813,-31.396635229585627,-20.415307755128428,-10.9813274744572,4279.056823027581,4004.30677560523,12.97174416468971,0,4162.229804055773,4187.3860416994485,81.46733038189733
2025-09-09,4037.089240465943,4085.333852373756,4018.08696317931,4034.43115234375,57759,4112.027180989583,4136.809914328836,4205.754575195312,4533.269095458984,4100.020307930567,4139.402198401519,36.12138452237435,-36.54677672886282,-23.641601549875308,-12.905175178987516,4282.805971855973,3992.385556464339,12.924575991277282,0,4138.157004927323,4185.466176475415,81.0875343004371
2025-09-10,4074.208369637007,4186.450939511008,4057.864179978262,4141.0615234375,92480,4109.795464409723,4136.7785755504265,4201.891069335938,4528.76749633789,4108.228551031953,4139.553046132062,48.94198042396111,-31.659173921912952,-25.24511602428284,-6.414057897630116,4283.351665700758,3997.8261419164296,12.934510408712374,0,4116.840817011885,4185.466176475415,85.48300740023653
2025-09-11,4143.128992287009,4176.013997928631,4130.230847229642,4141.35693359375,26241,4107.902886284723,4137.9242609197445,4198.976704101562,4523.5778771972655,4114.854227544313,4139.717035901306,48.97253567737392,-27.44550169406648,-25.685193158239564,-1.7603085358269157,4284.000294925555,3998.890745113508,12.943735224902102,0,4116.840817011885,4185.466176475415,83.52084829819003
2025-09-12,4148.051593537772,4172.173896894447,4115.5603277920445,4151.59619140625,35495,4104.905327690973,4141.1241455078125,4196.865756835938,4517.701893310546,4122.202620316701,4140.796959129028,50.0874950179166,-23.0146154029444,-25.15107760718053,2.136462204236132,4284.376599761439,4006.194152191685,12.65652435367286,0,4105.468743415959,4185.466176475415,81.97364479715621
2025-09-15,4159.867123593448,4169.712962939231,4120.483766210315,4126.58837890625,22436,4103.187825520833,4141.231589577415,4194.101049804687,4511.546915283203,4123.079772034611,4139.505270017867,47.36537107079224,-21.275773688784284,-24.376016823501285,3.100243134717001,4284.081781991304,4010.171343008696,12.389828544674277,0,4102.268951345159,4185.466176475415,75.1659591333989
2025-09-16,4145.098284112602,4212.049990364303,4118.022226437282,4196.00146484375,40905,4110.44091796875,4146.740789240057,4191.700639648438,4506.024464111328,4137.664110596439,4144.641287729311,54.72108639898938,-14.133748126393584,-22.32756308407975,8.193814957686165,4288.567739195925,4015.5607764290735,12.85254229288354,0,4115.068476771807,4185.466176475415,76.7553215246134
2025-09-17,4220.911412139437,4253.107499747023,4189.404725601424,4221.89599609375,64113,4123.021755642361,4152.746759588068,4189.928393554687,4501.517388916016,4154.510487695901,4151.664443035169,57.12809432790869,-6.311415086042871,-19.124333484472373,12.812918398429504,4296.035982559495,4019.3955115811295,13.875428501379712,0,4135.597231463166,4185.466176475415,72.94362467247616
2025-09-18,4237.649396846359,4427.674102606431,4237.649396846359,4324.6865234375,383861,4152.756212022569,4163.084894353693,4191.039008789063,4497.350794677735,4188.5456948442215,4167.393723071744,65.06679875122536,8.088932526679855,-13.681680282241928,21.770612808921783,4322.7616452286575,4008.3050539900937,16.48535186611186,0,4222.88053289287,4222.88053289287,83.063738810431
2025-09-19,4327.246100542521,4346.346931433965,4261.476090451284,4278.41064453125,53493,4179.558756510417,4170.791459517045,4191.649448242188,4492.993321533203,4206.518684781628,4177.486170477154,59.70654839086952,15.587551483993591,-7.827833928994824,23.415385412988417,4331.585338592095,4004.985120392281,18.908852133363137,0,4222.88053289287,4222.88053289287,84.54761957362591
2025-09-22,4204.075130629421,4229.575760110061,3977.7193649012897,4127.5732421875,113444,4189.907877604167,4168.93867631392,4188.557866210937,4487.688184814453,4190.729596262802,4172.948631541731,46.31367100734227,9.25228863983466,-4.411809415228928,13.664098055063588,4327.37423394378,4001.122689884344,17.992952743303253,0,4202.696733753861,4202.696733753861,101.37691871035564
2025-09-23,4147.461322545152,4154.944256693765,4101.087322486727,4125.40673828125,49064,4188.16845703125,4164.485662286932,4184.215854492188,4482.448824462891,4177.665024666492,4168.626641245323,46.15353389156387,4.010497910267986,-2.7273479501295457,6.737845860397532,4303.875541402784,4006.239204690966,17.142474738247646,0,4202.696733753861,4202.696733753861,102.5373554046054
2025-09-24,4125.406325372894,4153.860702444867,4106.206940326409,4118.61279296875,31700,4185.641330295139,4160.408580433239,4181.063217773438,4477.002025146485,4165.854578326944,4164.079927765634,45.6208210733998,-0.6839890157207265,-2.318676163247782,1.6346871475270557,4289.407866606487,4006.735639252888,16.352745162124585,0,4202.696733753861,4202.696733753861,99.61172787024358
2025-09-25,4118.711614087791,4131.116986779237,3998.986114205615,4057.273193359375,50508,4175.160997178819,4148.9560657848015,4176.540029296875,4471.334650878906,4144.13830133343,4154.3702246377925,41.01759834688421,-9.247398524685195,-3.7044206355352647,-5.542977889149931,4289.718069869492,3996.038058060196,16.62954628478227,0,4202.696733753861,4202.696733753861,101.45428600986024
2025-09-26,4057.2730382668487,4057.2730382668487,3971.90990478888,3996.327392578125,37163,4160.687554253473,4137.04707475142,4170.870795898438,4465.215428466797,4114.576119582369,4140.00269445055,37.02063397260893,-20.71301232166934,-7.10613897276208,-13.60687334890726,4295.262800093906,3974.28705342172,17.110735945586338,0,4199.792003697656,4199.792003697656,102.78344396854062
2025-09-29,4003.318343177296,4054.2215257253474,3890.3866121178,3925.634765625,64298,4130.646809895833,4126.341974431818,4162.511684570312,4458.644903564453,4076.787848790895,4120.514700920954,33.00334539553526,-35.09929522643097,-12.704770223495858,-22.39452500293511,4306.213179638688,3938.0427285644378,18.176806015980493,0,4159.030357362115,4159.030357362115,109.68258856947644
2025-09-30,3928.391092140356,4066.2328341290654,3923.56672732152,4050.4794921875,72509,4111.600531684027,4121.436945134943,4156.840473632812,4452.692989501953,4071.5261774702167,4114.147863763367,44.464768174680174,-36.011484041683616,-17.36611298713341,-18.645371054550207,4304.0873771071165,3931.011890471009,19.000423477108004,0,4159.030357362115,4159.030357362115,109.01446854378268
2025-10-01,4086.0232924618767,4131.31415305302,4042.209307759575,4122.15771484375,58285,4089.0973307291674,4118.87255859375,4153.266430664063,4446.842308349609,4081.6524849449233,4114.876032043402,49.77714110675848,-30.59785371021053,-20.01246113174884,-10.585392578461692,4303.571036146505,3930.6716396347447,18.90085064468801,0,4118.366771775883,4159.030357362115,112.10887530052948
2025-10-03,4125.406615318806,4230.166248015269,4102.564076125757,4223.56982421875,51998,4083.00390625,4122.578191583807,4152.634340820313,4441.624581298828,4110.035952799689,4124.757285877525,56.16593637638331,-17.917857076318796,-19.59354032066283,1.6756832443440324,4315.207271569477,3930.525540930523,17.69616118378509,0,4060.2764300665344,4159.030357362115,117.179489785323
2025-10-06,4223.5700377200255,4262.263995341528,4169.713102395789,4234.49853515625,46276,4094.884494357639,4127.295232599432,4152.398041992187,4436.639119873047,4134.928469271002,4134.733763084681,56.8036539114408,-6.90738867496475,-17.056309991523214,10.148921316558464,4327.635320804081,3935.839703609983,16.609279400254,0,4076.325303729664,4159.030357362115,120.27389665795316
2025-10-07,4247.494693601813,4254.28822595959,4194.4257206786015,4235.6796875,33833,4107.137044270833,4133.068470348011,4152.433481445312,4432.285140380859,4155.078712916801,4143.910665304255,56.87667537297922,1.8919863412675115,-13.26665072496507,15.15863706623258,4337.503147919633,3945.8210708303673,15.600032029832272,0,4076.325303729664,4159.030357362115,117.83352104037944
2025-10-08,4233.710595939679,4264.724987514585,4150.808442666487,4166.2666015625,51468,4112.431911892361,4138.031660600143,4152.644174804687,4427.86394165039,4157.316290645941,4145.943023145914,51.37979831081108,3.227296249668143,-9.967861330038428,13.19515757970657,4337.66738516332,3958.840378508555,14.78580924321142,0,4077.5557998161926,4159.030357362115,121.42021894770076
2025-10-09,4164.790096524243,4218.351367099453,4144.409016516295,4208.70263671875,31587,4129.257405598958,4145.827792080966,4153.284155273437,4424.050177001953,4167.593559860503,4151.648442561625,54.28841337204911,7.621911703190562,-6.44990672339263,14.071818426583192,4342.915046514372,3960.356828485628,14.099509891826289,0,4077.5557998161926,4159.030357362115,112.00337923844909
2025-10-10,4215.987887014995,4257.340407158533,4190.388707878519,4250.546875,33286,4157.504014756944,4155.651234019886,4153.872924804688,4421.741429443359,4184.1842228884025,4160.639209146932,57.01885574559189,14.31612901025892,-2.29669957666232,16.61282858692124,4353.308614454328,3960.882254686297,13.19361707720076,0,4077.5557998161926,4159.030357362115,110.72344054540136
2025-10-13,4186.450927021871,4233.021555239637,4116.545467045729,4129.14794921875,57145,4180.116590711806,4155.109707919034,4151.592622070312,4419.232896728516,4173.176968154472,4157.776367335279,48.05127151883009,9.713494598657237,0.105339258401591,9.608155340255644,4352.575094996016,3959.3709499258593,12.971368911800791,0,4094.145857418053,4159.030357362115,98.81702113999498
2025-10-14,4137.418789376354,4160.260848135523,4064.362469355288,4088.681884765625,50826,4184.361300998264,4152.715387517756,4148.53056640625,4416.597668457031,4156.277951476703,4151.495050738038,45.4834145141103,2.7686847802169723,0.6380083627646673,2.130676417452305,4352.594076881813,3955.5613186259993,13.275183736277032,0,4153.46714763708,4159.030357362115,101.81998146665192
2025-10-15,4120.089957450318,4134.464978797042,4055.501156309522,4070.76220703125,55336,4178.650689019098,4149.041115500711,4145.7717578125,4414.172939453125,4139.174802587612,4144.155701310148,44.3530631069568,-4.133447458400042,-0.3162828014682745,-3.817164656931767,4348.6514629057965,3946.980006820766,13.641956870390684,0,4160.113071912054,4159.030357362115,104.05641435015636
2025-10-16,4102.761154274218,4147.067430238302,4078.0480019745896,4132.1015625,36703,4168.487548828125,4149.291714754972,4144.407119140625,4411.936577148437,4137.76015457009,4143.059870509226,49.02317117790543,-4.600828149741574,-1.1731918711229343,-3.4276362786186394,4341.181409061818,3945.47061730537,13.801029078278606,0,4160.113071912054,4159.030357362115,100.06886796682998
2025-10-17,4148.544219320033,4148.544219320033,4066.331464528714,4090.65087890625,50198,4152.504475911458,4144.5030517578125,4142.756962890625,4409.189445800781,4128.338299437322,4138.295416727137,46.20142337777275,-8.221185751293888,-2.5827906471571254,-5.638395104136762,4311.150801292007,3952.097660622056,14.075139207857903,0,4160.113071912054,4159.030357362115,99.843829839746
2025-10-20,4145.098052711631,4153.959307456145,4086.0230210815366,4134.95703125,74044,4141.313069661458,4140.551280628552,4141.608935546875,4406.747287597656,4129.662045799858,4137.991927138306,49.54447112441316,-7.42956561396295,-3.5521456405182903,-3.87741997344466,4290.220831496997,3958.6822690889417,14.24261193176531,0,4160.113071912054,4159.030357362115,92.99392789453609
2025-10-21,4169.713222866506,4169.713222866506,4125.997789596915,4140.0771484375,8405,4138.403130425348,4132.159945401279,4141.575458984375,4404.5225,4131.745066327387,4138.18149271096,49.93167120362431,-6.316240595524505,-4.104964631519533,-2.2112759640049715,4290.989853034939,3959.163638175999,14.136677279023935,0,4156.420781734028,4159.030357362115,85.92602264182503
2025-10-23,4184.481549806497,4191.176527984646,4126.7848374631,4138.8955078125,80225,4130.646782769098,4125.8183482776985,4142.03033203125,4401.814328613281,4133.1751546244095,4138.246403174737,49.83661828952992,-5.466259384833393,-4.377223582182306,-1.089035802651087,4291.779563538763,3959.722804625301,13.683157218146071,0,4156.420781734028,4159.030357362115,84.16079730097506
2025-10-24,4154.944162495948,4154.944162495948,4090.946207386413,4108.37353515625,34351,4114.849745008681,4124.9456343217325,4142.573828125,4398.9557421875,4128.214830730778,4135.530687900329,47.33027678156811,-7.172827373139626,-4.93634434037377,-2.236483032765856,4291.423356328409,3959.055086054405,13.745927504482095,0,4144.261355774579,4159.030357362115,79.61763895954816
2025-10-27,4128.446786783577,4172.945015623161,4095.91373382153,4147.63037109375,68733,4116.903347439236,4125.9557994495735,4143.041943359375,4396.448610839844,4132.097938803373,4136.630659099731,50.7602807820019,-5.29654099434083,-5.008383671167183,-0.2881573231736478,4293.049071591962,3966.465088564288,13.491459223092004,0,4123.338842147084,4159.030357362115,78.50909530639761
2025-10-28,4158.013490738527,4158.013490738527,4083.948753971138,4088.49755859375,61282,4116.882866753473,4124.5869251598015,4143.315913085938,4393.094169921875,4123.377862761448,4132.2549226900965,45.91028354249073,-8.48330404805347,-5.70336774654444,-2.779936301509029,4286.632254372788,3982.0989223850233,13.426012169767958,0,4123.338842147084,4118.366771775883,79.52354041256909
2025-10-29,4088.7941347205183,4092.84851466794,4019.871365542882,4060.512939453125,99498,4115.744059244792,4124.7341863458805,4142.73087890625,4389.454639892578,4110.804878099784,4125.732924214009,43.77844946605007,-13.115771169182151,-7.185848431071983,-5.929922738110171,4263.459688835211,4018.7593053054143,14.196635292933754,0,4105.523946763764,4077.5557998161926,76.59929786092337
2025-10-30,4089.881964720195,4089.881964720195,4025.409018782456,4064.171875,68973,4108.196316189236,4127.818026455966,4142.069365234375,4385.965885009766,4101.478277479828,4120.136465194553,44.143653856360935,-16.303848600296988,-9.009448464916984,-7.294400135380004,4262.145951834864,4021.4422805870095,14.912213907301997,0,4105.523946763764,4077.5557998161926,75.92291181482207
2025-10-31,4065.259682946112,4081.773181547097,4046.3725590381946,4072.87353515625,36858,4106.221055772569,4134.510697798295,4141.34951171875,4382.245914306641,4095.757329015112,4115.839835191071,45.05770813209074,-17.92168169083925,-10.791895110101438,-7.129786580737813,4263.33728588786,4015.3225285652647,15.576679763501074,0,4105.523946763764,4077.5557998161926,73.66926347402841
2025-11-03,4074.159324294749,4087.805255609138,4030.056535667348,4073.56591796875,93784,4099.399820963542,4135.560080788352,4139.454140625,4378.932222900391,4091.31904680584,4111.996751807224,45.134643584249,-18.929746233248807,-12.419465334730912,-6.510280898517895,4252.484218576559,4011.175205251565,16.41357673936128,0,4105.523946763764,4077.5557998161926,68.22264290170837
2025-11-04,4064.171694311326,4086.12434769265,4029.364238059775,4044.69140625,52027,4088.80140516493,4132.038884943182,4135.8805078125,4376.189276123047,4081.993518694672,4105.878084029294,42.464128658904,-21.807196638817917,-14.297011595548312,-7.510185043269601,4238.776853619609,4005.9018573178914,17.200317223384896,0,4105.523946763764,4077.5557998161926,65.42705224832555
2025-11-06,4054.283302665423,4069.1160464556624,4014.828300750729,4054.876708984375,42372,4079.465983072917,4124.3710160688925,4132.811870117188,4372.788725585938,4076.570156752613,4101.241595388847,43.728906714475855,-23.00059150609286,-16.037727577657222,-6.962863928435638,4220.384734670296,4006.213678415642,18.13929441944841,0,4093.886658186945,4077.5557998161926,63.66447533528363
2025-11-07,4029.562143646896,4068.1272782732094,3977.2520960672655,4043.603759765625,62961,4072.269341362847,4115.693980823864,4127.499375,4367.4158068847655,4069.976877355216,4096.001792150371,42.6124035694231,-24.57273908615298,-17.744729879356374,-6.8280092067966045,4215.521547462495,3998.8105814437545,19.51206128057485,0,4075.0985558452135,4094.145857418053,64.70518669234733
2025-11-10,4069.116051124415,4069.116051124415,4008.697244782176,4040.933837890625,47337,4060.414171006944,4106.841896750711,4123.151547851562,4361.397377929688,4064.1682694622978,4090.9956144903945,42.33669266328999,-25.737432649321363,-19.34327043334937,-6.394162215971988,4199.761249709996,3997.79399931344,20.758863677162875,0,4067.632793402896,4120.988541790925,63.148476088841626
2025-11-11,4040.933837213965,4063.2819344471673,4025.606668615698,4057.84326171875,83902,4057.0081380208335,4101.9135631214485,4121.085473632813,4355.466669921875,4062.903267913588,4087.981764238427,44.77381804682102,-25.00773786894115,-20.47616392046773,-4.531573948473419,4162.014389480203,4016.270498215109,21.916608759708897,0,4035.050305367603,4120.988541790925,60.98697462147454
2025-11-12,4074.060199047215,4171.758342724637,4058.436569088461,4134.47900390625,125217,4065.226589626736,4098.539761629972,4120.607250976563,4349.884494628906,4077.218415112121,4092.208786026411,54.21792756025811,-18.03765867426773,-19.98846287122773,1.95080419696,4162.933162887785,4015.8848302762767,20.391690782689142,0,4074.505219395952,4120.988541790925,66.00123517406713
2025-11-13,4163.05669738707,4163.05669738707,4087.014261880999,4110.44970703125,50324,4070.3685709635415,4092.171708540483,4119.244760742187,4344.1697265625,4083.864673495947,4093.867051572305,51.258058325245855,-14.288080039703344,-18.84838630492285,4.560306265219509,4164.618277992103,4016.3764973985226,18.97569551831366,0,4074.505219395952,4120.988541790925,66.83343124439037
2025-11-14,4092.9474227420856,4092.9474227420856,4029.562067638394,4040.933837890625,87544,4066.8197157118057,4088.1619762073865,4117.22251953125,4337.764827880859,4075.278506374883,4089.054941237607,43.80725309276642,-16.732974316835225,-18.425303907305327,1.692329590470102,4165.945640520008,4012.0662979565536,18.657510789220744,0,4074.505219395952,4120.988541790925,68.03983726462755
2025-11-17,4055.3711867342936,4090.9697722957294,4036.4840628274096,4059.623046875,117854,4065.2705078125,4086.8411199396314,4115.8005078125,4331.561461181641,4072.1474144749054,4086.3793144773695,46.07664555238218,-16.966923540144307,-18.133627833873124,1.1667042937288166,4160.582975754071,4010.181111159992,18.36205354077732,0,4074.505219395952,4117.296251612899,66.42943924081958
2025-11-18,4061.205238408758,4079.9933804905127,4008.796210496495,4029.067626953125,59192,4063.534532335069,4084.9459117542615,4114.208491210938,4326.046572265625,4063.531456970551,4081.1691610660746,43.01778677233676,-19.394331232628247,-18.38576851362415,-1.0085627190040969,4161.530778750622,4003.074982968128,18.53175938799354,0,4074.505219395952,4117.296251612899,66.22461304272163
2025-11-19,4039.450582418356,4410.269179335585,4039.450582418356,4390.4921875,1180329,4100.825141059027,4096.690940163352,4120.876806640625,4323.010004882813,4128.9236030764405,4109.289436196431,69.1262739367634,7.756460518966378,-13.157322707106044,20.91378322607242,4253.199721247742,3936.959556096008,19.89236600336139,0,4193.760637701425,4193.760637701425,88.24064184682177
2025-11-20,4350.938064159165,4374.670453600033,4232.276116954824,4283.00390625,160625,4127.425157335069,4105.434259588068,4125.7931298828125,4318.36271484375,4159.739663711152,4125.081660746755,60.28029495552148,20.365491899628974,-6.45275978575904,26.81825168538802,4280.538926763911,3923.9130263610896,21.15578643191725,0,4209.483212058881,4193.760637701425,94.93657931878155
2025-11-21,4252.0531589407365,4286.168469169447,4204.588379492096,4217.8388671875,54460,4147.081271701389,4109.201615767045,4129.461284179688,4313.049729003907,4171.359504406422,4133.51413405955,55.63227681724053,24.81392656724711,-0.1994225151578108,25.01334908240492,4291.269846001688,3921.076443060812,21.88816640638404,0,4209.53269491604,4193.760637701425,98.23511268795652
2025-11-24,4246.81262911859,4296.55157155332,4188.569000601916,4274.1044921875,102039,4171.110297309027,4115.293767755682,4132.122143554688,4307.829226074219,4191.908501962638,4146.295075707545,58.6005265270946,32.50481353968553,6.341424695810857,26.16338884387467,4314.228772521904,3914.690612243721,22.313034605169268,0,4209.53269491604,4193.760637701425,101.82324490292896
2025-11-25,4291.60695488106,4291.60695488106,4166.023064726707,4215.267578125,68540,4180.086805555556,4118.765225497159,4133.600356445312,4302.464587402344,4196.580317195111,4152.565303200041,54.49489003986272,33.466469008380045,11.766433558324696,21.70003545005535,4322.212063464329,3913.4710420044216,22.346164240721397,0,4209.53269491604,4193.760637701425,106.73922922589163
2025-11-26,4256.997298060544,4256.997298060544,4190.744378439161,4228.2216796875,61973,4193.172580295139,4124.212868430398,4135.132866210937,4296.763369140625,4202.908589693589,4159.443155607992,55.23846716528601,34.871894141166194,16.387525674892995,18.4843684662732,4334.459648086467,3915.195869491659,22.37692747373408,0,4209.53269491604,4193.760637701425,107.59388450563809
2025-11-27,4251.954066672608,4350.938002803731,4219.32203165158,4336.30322265625,105874,4225.991400824652,4132.788907137784,4139.327163085937,4291.457631835938,4229.587516286122,4175.521343521469,60.96910870479925,44.19749966275049,21.94952047246449,22.247979190286,4365.969873950885,3911.264671947553,23.29106085972701,0,4209.53269491604,4193.760637701425,110.5039408589386
2025-11-28,4336.303486745961,4402.951853644228,4287.651892980589,4390.8876953125,117199,4262.798583984375,4146.533913352273,4143.224887695313,4286.010532226563,4261.847552091398,4195.100102775199,63.509936209555626,55.35452745237944,28.63052186844748,26.72400558393196,4405.545965942265,3904.360161987422,24.54444139810566,0,4209.53269491604,4193.760637701425,114.4240233104672
2025-12-01,4439.934831752968,4464.656072464287,4349.850534033573,4395.14013671875,96723,4303.473307291667,4161.744240500711,4146.689770507813,4281.008249511719,4288.506069016868,4213.285560406431,63.70814811919479,63.80419381053798,35.66525625686558,28.1389375536724,4440.195517707653,3901.937270378284,26.132607088138585,0,4252.053327441321,4220.954084265776,119.93332849612749
2025-12-02,4390.492367596973,4461.689541125573,4336.006656287601,4453.38330078125,122389,4310.461208767361,4179.4356689453125,4149.263706054688,4275.959755859375,4321.4815153697455,4235.1126277132325,66.40019825106877,74.34336779059868,43.4008785636122,30.942489226986478,4482.786070858338,3897.32845550885,27.359004197207067,0,4315.3395685954965,4220.954084265776,120.77388591270496
2025-12-03,4477.412125080376,4481.4665051143975,4357.959283392073,4462.77734375,102310,4330.43603515625,4197.1585693359375,4152.951040039063,4271.400085449219,4349.740681045797,4255.809420080212,66.82760668251314,82.50271986034022,51.22124682295781,31.28147303738241,4519.279049508421,3902.644070608767,28.640188946313465,0,4323.744784920553,4229.359300590832,124.16422778529449
2025-12-04,4450.021179837776,4673.3032272251885,4426.387288039266,4632.859375,589695,4376.549424913194,4222.5809992009945,4163.0567626953125,4268.802658691407,4406.364419836638,4290.086688709283,73.42010717217747,101.52297004477803,61.28159146732186,40.24137857745619,4591.837229758816,3887.884156959933,30.879472580665727,0,4419.663145975948,4325.277661646227,136.02339205622778
2025-12-05,4655.207290966102,4667.3699474827,4479.488530105218,4495.70556640625,224340,4401.171766493056,4243.0816428444605,4170.462739257812,4266.354860839844,4424.232649150561,4308.779313954462,62.613794918764,104.32687397616246,69.89064796908998,34.43622600707248,4619.407634546744,3905.523932836069,32.95880738399283,0,4419.663145975948,4325.277661646227,145.55165690688222
2025-12-08,4509.154084291188,4540.203864532343,4443.494568753938,4489.47607421875,164021,4431.639377170139,4262.836159446023,4177.8800048828125,4264.2882470703125,4437.281334164199,4325.2062921603065,62.166239773291935,104.83781501313206,76.88008137789839,27.957733635233662,4639.585739749929,3930.200051265696,34.258521838134506,0,4432.023802832175,4325.277661646227,147.37395160576696
2025-12-09,4488.783663414119,4519.042556971246,4379.021360608034,4498.177734375,123394,4461.634494357639,4283.4986128373575,4186.698095703125,4262.584028320312,4449.460614206359,4340.930968725278,62.56872074576623,104.7375415358938,82.45157340949748,22.285968126396316,4656.895326890934,3956.923911390317,34.42596717881099,0,4446.312629438384,4325.277661646227,130.1467833186778
2025-12-10,4526.953389073727,4553.256884537827,4485.52068813076,4541.7861328125,80002,4484.465928819444,4306.264626242898,4197.607270507812,4261.788083496093,4467.925717927587,4359.190529096843,64.60111576721445,106.94412211670806,87.35008315093961,19.594038965768448,4682.378276784989,3972.1716743868874,34.81760739221251,0,4480.477560102889,4325.277661646227,123.68393516595572
2025-12-11,4542.7749239215445,4630.782535638788,4469.600055752151,4614.2685546875,99227,4509.286024305556,4331.556685014205,4211.379946289063,4260.804609375,4497.19428527957,4382.379440514175,67.73677244761305,113.2362616715709,92.52731885506589,20.70894281650501,4714.224089529089,3990.707746408411,35.665821317267394,0,4504.654941756395,4325.277661646227,129.3698201809047
2025-12-12,4623.86083984375,4642.055576350212,4588.262253394996,4623.86083984375,95195,4534.699435763889,4353.801313920455,4222.847573242188,4260.149924316406,4522.527596192406,4404.332294998681,68.1390005371558,117.64075544728712,97.55000617351014,20.09074927377698,4731.421359459849,4031.803176672964,36.51959159230071,0,4504.654941756395,4325.277661646227,125.49915960974832
2025-12-15,4593.305111084982,4623.860465411832,4549.696749649238,4559.0908203125,44483,4546.444715711806,4374.194091796875,4231.586235351562,4258.959853515625,4529.840241016425,4418.401251845392,62.47518899583841,114.58409510443016,100.95682395969416,13.627271144736,4729.9197928920485,4083.2515205845143,36.67815871408084,0,4515.631255308631,4341.000236003682,121.82631675547398
2025-12-16,4548.70811096585,4569.671915394552,4510.043995455298,4539.017578125,30631,4554.915852864583,4396.8342618075285,4237.895190429687,4256.655910644531,4531.675708438141,4429.366372416265,60.788773455567394,109.28218981681492,102.62189713111832,6.660292685696604,4706.847926598464,4157.318381995287,36.206592207802245,0,4526.162293916612,4341.0497188608415,121.3531024924648
2025-12-17,4539.017503146055,4586.284319601052,4415.509805208262,4431.9248046875,38247,4532.589789496527,4413.757068980824,4241.843715820312,4254.975424804688,4511.725527688012,4429.598957168196,52.626863014260906,95.33988107148252,101.16549391919118,-5.825612847708655,4708.223107000268,4160.086463312232,34.48497147979302,0,4523.195654045367,4341.0497188608415,124.1501412953675
2025-12-18,4448.834418641176,4517.361503837633,4405.226054044919,4500.7490234375,63352,4533.150173611111,4435.197132457386,4247.145102539063,4254.408825683594,4509.53022683791,4436.067145010859,56.65473716647804,88.82017650096259,98.69643043554548,-9.876253934582875,4711.008568987832,4179.075513043417,32.75877587026539,0,4510.5384684791225,4341.0497188608415,123.92410480458712
2025-12-19,4538.621799397045,4593.1075101062925,4432.51842815014,4464.85400390625,78505,4530.414388020833,4438.577215021307,4253.116850585938,4254.063859863281,4500.594982251578,4438.684132183167,54.07249059376066,79.83652974947654,94.92445029833168,-15.087920548855138,4700.931113996186,4213.854481706939,31.874461571836047,0,4510.5384684791225,4341.0497188608415,127.19435791354708
2025-12-22,4473.456294272776,4612.093191577698,4469.599877671326,4578.5712890625,63157,4539.347005208333,4452.012096058239,4260.514223632813,4254.836198730469,4516.1902436137625,4451.401146444924,60.253228294099095,80.95970641249187,92.13150152116371,-11.17179510867186,4705.755559056116,4239.476716334509,31.22045973516138,0,4523.640815197565,4341.0497188608415,128.73409383022394
2025-12-23,4611.994300578364,4655.404699250174,4539.90726496042,4643.83544921875,62317,4550.685818142361,4471.375577059659,4268.379995117188,4255.795302734375,4541.71928473476,4468.895173969817,63.305358271234624,86.1233281818777,90.92986685330652,-4.806538671428825,4705.3491016706375,4282.739960829362,30.984903044956432,0,4530.315376647546,4341.0497188608415,128.16196615646894
2025-12-24,4667.270961582323,4667.270961582323,4548.707995399998,4556.7177734375,92728,4544.291286892361,4484.221635298295,4276.931391601563,4256.295883789063,4544.718982475308,4476.879046648697,57.01198441340097,82.23788018181676,89.19146951900858,-6.953589337191815,4682.121594405239,4338.81707746976,30.866472128035586,0,4536.2485078136215,4356.376904821773,118.993896656212
2025-12-26,4556.618947383891,4591.228683312372,4458.722837186191,4467.9189453125,43929,4526.964409722223,4495.705788352273,4284.5161328125,4255.435581054688,4529.358975042746,4476.0644919817705,51.402616518599096,71.17287474522345,85.58775056425156,-14.414875819028111,4669.618954184618,4364.481289956008,29.48852006484888,0,4536.2485078136215,4419.663145975948,115.0384987096905
2025-12-29,4467.919043651912,4516.669619606208,4419.069969005027,4472.17138671875,59890,4517.306694878473,4506.794411399148,4292.54431640625,4254.090029296875,4517.921457377947,4475.710573321496,51.64796215402884,62.03185014502742,80.87657048040674,-18.84472033537932,4663.5249224242125,4378.703690857037,27.72160672355793,0,4536.2485078136215,4419.663145975948,115.10209548274597
2025-12-30,4459.711532876394,4498.276665865791,4375.659319950785,4389.0087890625,40070,4500.639051649306,4509.190118963068,4297.6824609375,4252.505307617187,4492.138923714858,4467.828592934314,46.68421241368966,47.52910968916058,74.2070783221575,-26.67796863299692,4664.381830296267,4377.233648219358,25.905279283917626,0,4521.465140766554,4419.663145975948,113.85896330787408
2025-12-31,4389.008895851065,4478.499783555137,4372.791859177007,4412.44482421875,59310,4498.474609375,4510.169988458807,4304.11833984375,4251.8597485351565,4476.200103815637,4462.793704869262,48.19522220940556,37.49446273832018,66.86455520539005,-29.370092467069867,4667.458238117814,4370.063392741561,24.25191837940465,0,4520.0314103796645,4419.663145975948,116.57122959152146
2026-01-01,4413.235647429723,4464.6558252622,4302.484495175157,4331.1611328125,59526,4479.631510416667,4507.261851917614,4308.042421875,4250.860471191406,4447.192309615009,4450.827107409556,43.58182523414569,22.72110341692678,58.0358648476974,-35.314761430770616,4681.525641570572,4342.834368195054,23.492366134425676,0,4484.87772837874,4432.023802832175,116.6418617486933
2026-01-02,4336.006613803738,4390.393343049653,4334.127896088044,4357.46484375,54494,4467.699381510417,4502.901922052557,4312.39017578125,4251.222875976562,4429.246816442008,4442.339628895051,45.403131012174285,12.985905921766062,49.02587306251113,-36.03996714074507,4671.190272581326,4325.630284059299,22.787067621230907,0,4484.87772837874,4446.312629438384,117.03035369740311
2026-01-05,4356.871409027669,4388.514596746436,4279.048751097137,4366.85888671875,116631,4444.17578125,4498.5419921875,4316.949443359375,4251.6930004882815,4416.769230497356,4435.47774324266,46.07269601396223,5.960009250167786,40.41270030004247,-34.45269104987468,4674.505484989571,4309.430403682303,22.700546591997117,0,4473.15985633973,4476.175989161163,119.55190765845931
2026-01-06,4305.846446882758,4359.244323363169,4232.0781728072925,4254.42626953125,90700,4400.908094618056,4481.340487393466,4319.870498046875,4251.247189941406,4384.300638304136,4419.018518359804,39.784033600290286,-8.581514689832147,30.613857302067547,-39.19537199189969,4691.441049450816,4268.989858752309,23.057158015342647,0,4449.674567194808,4452.690700016241,124.91996437075952
2026-01-07,4251.954059564607,4375.065827847224,4242.461007370656,4343.62060546875,111933,4377.230631510417,4474.42753462358,4323.790302734375,4251.247351074218,4376.164631737059,4412.164162642435,46.0726275716088,-12.761433830831264,21.938799075487783,-34.70023290631905,4692.089300015765,4252.885895296735,23.13731673744935,0,4411.653428059832,4452.690700016241,122.19355766245792
2026-01-08,4348.960277991773,4388.019834831399,4301.495500060076,4372.1982421875,83941,4366.594997829861,4469.096724076705,4329.46431640625,4250.43154296875,4375.371353827147,4408.530897146532,47.94827305356364,-13.611172293300116,14.828804801730207,-28.43997709503032,4685.432290955233,4242.584115294768,23.00163749743755,0,4374.37389620675,4452.690700016241,120.36419230378716
2026-01-09,4352.026069051886,4388.415541179845,4290.123987554063,4306.83544921875,34464,4348.224338107639,4460.399347478693,4334.390766601562,4249.252568359375,4361.664172905468,4399.285856425824,44.164670872799775,-19.33593466119328,7.995856909145511,-27.331791570338787,4668.820835398094,4228.452260305032,22.998875085547706,0,4365.177419336542,4452.690700016241,115.91436885161777
2026-01-12,4306.934484640006,4307.923334251908,4199.8422648056885,4268.17138671875,43196,4334.797960069444,4447.962313565341,4338.470756835937,4247.803422851563,4342.965615668125,4387.366359179726,42.050846940278205,-26.68510748890276,1.059664029535857,-27.74477151843861,4648.892966974131,4212.811183416495,23.864265789101864,0,4339.171024180412,4433.606106144194,113.1173604069586
2026-01-13,4272.819162920618,4301.990226402719,4239.890664056868,4269.55615234375,28800,4318.921440972223,4432.293568004261,4342.404409179688,4246.807685546875,4328.28372300325,4376.656340376455,42.15762779221754,-32.02843700504127,-5.557956177379569,-26.4704808276617,4636.998086054605,4195.7525975391445,24.66784287097359,0,4332.249045033945,4433.556613194006,109.30322669667976
2026-01-14,4301.495506657116,4301.594488178629,4184.613297686377,4196.4794921875,34963,4303.956814236111,4412.867143110795,4344.862680664062,4245.221372070312,4301.922876840101,4360.276626904732,38.161337935234606,-41.6792870144227,-12.782222344788195,-28.897064669634503,4632.599236051108,4165.897638948893,25.880848960289587,0,4287.503320368015,4425.94212963435,109.19024271881736
2026-01-15,4196.4794921875,4196.4794921875,4196.4794921875,4196.4794921875,0,4286.069552951389,4396.384810014205,4347.898442382812,4244.158400878906,4280.834199909581,4345.385978294074,38.161337935234606,-48.7655166569366,-19.97888120721788,-28.78663544971872,4637.076105485715,4137.876238264284,27.007211757511584,0,4286.563947216407,4425.94212963435,99.7255394240902
2026-01-16,4121.525118791916,4121.525118791916,3847.613780522875,3873.4228515625,456682,4231.243326822917,4366.130504261364,4344.269365234375,4241.821967773438,4199.3519302401655,4302.480239500294,25.680308621007725,-79.5325737012763,-31.889619706029563,-47.64295399524674,4689.408772435116,4022.810954127385,29.82187026570113,0,4118.01466085136,4257.442371052599,117.67311521433622
2026-01-19,3873.323830963845,3873.323830963845,3802.1266607240186,3826.847900390625,119053,4183.734619140625,4338.6270086115055,4339.934248046875,4238.989400634766,4124.851124270258,4259.24093594487,24.43930219291846,-106.44684442834478,-46.801064650492606,-59.64577977785217,4728.296344339216,3920.1227718717223,32.570403177494306,0,4095.271100951932,4234.698811153171,114.0073184231559
2026-01-20,3820.91476742285,3820.91476742285,3761.5837927734274,3783.239501953125,73037,4121.470052083333,4306.012939453125,4334.780361328125,4235.6391796875,4056.528799806832,4215.968078309256,23.30376267349483,-129.79918695962806,-63.4006891123197,-66.39849784730836,4736.788947245524,3832.096990254476,35.238575816433894,0,4074.999666976636,4214.427377177875,111.1184743688036
2026-01-21,3782.349617933412,3860.1720310697046,3674.565014441976,3855.227783203125,154994,4064.0288899739594,4278.3026566938925,4330.728051757813,4232.294393310547,4016.26859648609,4183.17350602688,29.15563839098145,-140.87333389200467,-78.8952180682567,-61.97811582374797,4702.901981007332,3787.123189891105,37.94355971802942,0,4031.4902778109104,4170.91798801215,112.79245197885254
2026-01-22,3861.358570248945,3892.903016227113,3798.1711796054574,3838.12060546875,51999,4011.949462890625,4244.645807439631,4324.800883789063,4229.728992919921,3980.638998282623,4151.805060521596,28.597237170200277,-149.30894086464878,-92.9779626275351,-56.33097823711367,4676.65871194684,3741.506742154723,39.94695086143348,0,3991.244174346942,4170.91798801215,115.3281395777456
2026-01-23,3846.6248726625217,3846.6248726625217,3775.427702782907,3795.105712890625,56299,3959.386610243056,4206.06718306108,4318.49400390625,4227.847839355469,3943.532341204223,4119.377847100598,27.1872528325093,-157.64789569714458,-105.911949241457,-51.73594645568757,4661.072763524563,3689.811367334812,41.87975058537028,0,3988.2776204223474,4170.91798801215,112.59466273705388
2026-01-27,3794.215949114656,3795.40252036159,3724.699773329613,3755.25537109375,43547,3902.242078993056,4169.637073863636,4312.7804345703125,4226.6975,3905.876947182129,4086.275803827248,25.912579919073664,-165.56365229674657,-117.84228985251494,-47.72136244423163,4638.655742221554,3640.5367870753216,43.83215574758363,0,3988.079751310303,4170.91798801215,108.01766510280528
2026-01-28,3769.494719664568,3825.265741195093,3734.884983256315,3814.190673828125,37083,3859.765543619792,4139.9221524325285,4307.871787109375,4225.751319580078,3887.539692511328,4061.5407920091457,31.06047701164992,-165.17729896096623,-127.3092916742052,-37.86800728676104,4615.611291186534,3606.099426586904,45.15333028927037,0,3935.522253314738,4170.91798801215,105.0016606358203
2026-01-29,3797.1823652968906,3821.310198342373,3703.241655738764,3714.02001953125,75380,3806.158935546875,4105.460726651279,4301.570834960938,4224.365769042969,3852.835757915313,4029.9479945111552,27.555799397402296,-170.98305952258715,-136.0440452438816,-34.93901427870554,4589.401247458953,3562.4669898457346,46.499523640197225,0,3898.045066616946,4170.91798801215,107.25481833812644
2026-01-30,3716.09676396944,3717.085613560704,3670.708664297774,3681.289306640625,61047,3784.8107638888887,4073.291659268466,4287.38677734375,4222.608203125,3818.526467660376,3998.251750159289,26.50349184573747,-176.19420447213997,-144.0740770895333,-32.12012738260668,4570.960518105158,3515.9205365823423,47.86996730542282,0,3781.8058402624433,4168.989812940048,103.5466323122085
2026-02-02,3728.358427792546,3742.795728490925,3613.256431150816,3652.019287109375,64603,3765.3853624131934,4038.7268621271305,4274.767084960938,4219.622222900391,3785.225031550176,3966.7760717002056,25.563336874481763,-180.6040295151984,-151.3800675746663,-29.223961940532064,4541.5850436831015,3474.751455340336,49.34294311405208,0,3753.079723688965,4102.242557231593,105.07936287605771
2026-02-03,3807.0709249143847,3807.0709249143847,3718.3711648955054,3765.143798828125,77973,3763.374728732639,4012.9988014914775,4265.71318359375,4217.778640136718,3781.208785005766,3948.445865075471,35.13956717406522,-172.97667749427274,-155.6993895585876,-17.277287935685138,4493.90230668028,3462.262683554095,49.631360539195015,0,3753.079723688965,4064.963025378512,111.71879683742624
2026-02-04,3716.19566141542,3792.238096695773,3671.49946776688,3769.791259765625,94968,3753.881781684028,3986.286365855824,4255.626918945312,4215.964639892578,3778.925279957738,3932.2045373200303,35.50665190735582,-164.65885008121995,-157.49128166311408,-7.167568418105873,4460.46150000272,3447.239989255093,50.11827582338819,0,3753.079723688965,4055.766548508304,111.98718529718634
2026-02-05,3772.461173692755,3791.249315842208,3724.996393525717,3766.528076171875,56196,3745.927056206597,3958.998601740057,4246.65212890625,4213.495085449219,3776.445839200566,3917.143040852016,35.355347341836946,-156.52589054193413,-157.2982034388781,0.7723128969439585,4403.068150011998,3446.9240863161267,50.57041144442471,0,3729.940651906669,4045.878107352976,116.71953689122142
2026-02-06,3757.628299037374,3831.792015465743,3729.8415300482056,3812.80615234375,88010,3747.8937717013887,3938.924960049716,4238.343818359375,4211.082229003906,3783.717901829203,3907.657869169447,39.30546788796684,-144.67844447844664,-154.7742516467918,10.095807168345177,4328.078347032763,3465.9746803109865,50.2983276804523,0,3722.52422330828,4038.956128206508,99.08273501642944
2026-02-09,3836.7363561626826,3864.424144299939,3807.070868872765,3857.502197265625,41843,3759.25453016493,3916.828668767756,4228.767797851562,4208.648380126953,3798.474760916488,3903.098262632736,42.93245030536774,-130.18200372863157,-149.8558020631598,19.67379833452821,4260.115030776029,3489.0046713724087,49.51171447386455,0,3738.8402877253775,4001.824887100234,98.08681248705037
2026-02-10,3865.511954848312,3880.245716889957,3827.24328331311,3859.578857421875,40724,3764.297661675347,3893.5277876420455,4218.14162109375,4206.09560546875,3810.695580217565,3899.141953068112,43.10257584154191,-117.17517835686886,-143.31967732190162,26.144498965032767,4192.251280556177,3516.0091686625724,48.52353915822156,0,3746.751074020386,4000.885513948626,97.2109786270253
2026-02-11,3886.178748849905,3886.178748849905,3774.1420460510462,3795.20458984375,62764,3773.318169487847,3870.271839488637,4206.14291015625,4204.303269042969,3807.5973821428015,3889.693101865897,39.201253871253215,-110.78458519882088,-136.81265889728547,26.0280736984646,4106.738479709351,3554.0868132593987,47.9993348611641,0,3749.71759000036,4000.83598616533,91.95595621067744
2026-02-12,3769.494625426295,3769.494625426295,3647.6684045986026,3662.7978515625,168125,3771.263563368056,3842.7548606178975,4190.331201171875,4202.192916259765,3778.637476026742,3869.066260929224,32.654398750791714,-115.07756871054926,-132.46564085993825,17.38807214938899,4029.6954079860816,3577.761720920168,48.26906344206162,0,3749.71759000036,4000.83598616533,95.72769539806971
2026-02-13,3599.4125152800943,3637.0877813068255,3451.085076463607,3470.169921875,256090,3751.0580783420137,3806.419122869318,4170.479052734375,4199.121373291016,3716.943965196394,3832.80295737884,25.882223254737283,-132.49592261975977,-132.47169721190255,-0.0242254078572159,3958.350725519341,3576.475446355659,49.31732540051827,0,3668.631912656756,3919.750308821726,105.76452434230389
2026-02-16,3470.169826700234,3575.7790085247493,3415.4863974726613,3479.168212890625,177254,3719.283013237847,3773.81406471946,4147.405229492188,4195.743974609375,3669.38881473524,3800.654344243548,26.647514608844247,-143.91504366282652,-134.76036650208735,-9.154677160739167,3971.187933273695,3524.212774734118,50.40509474550559,0,3650.832573161283,3901.950969326253,112.16380034374038
2026-02-17,3480.750436067208,3529.204064296552,3450.0960998404794,3472.34521484375,104720,3686.233452690972,3740.898870294745,4126.938022460938,4192.639880371094,3629.980094756943,3770.808059752657,26.42471489475544,-151.76587573548932,-138.16146834876776,-13.604407386721562,3981.504992695786,3478.445446757339,51.415166280136674,0,3650.832573161283,3861.704865862285,111.35860080926145
2026-02-18,3495.5832802440987,3495.5832802440987,3414.0031895453326,3456.029296875,125657,3651.733588324653,3721.926435990767,4106.269086914062,4189.361982421875,3595.189935180554,3742.191808581961,25.86773781949691,-157.4888416049057,-142.02694299999536,-15.461898604910346,3991.719303862222,3435.51011508309,52.47555353296025,0,3650.0909691976185,3857.9967079740254,108.75228281605835
2026-02-19,3456.029272861168,3479.761662717726,3372.768186731417,3408.070068359375,78856,3606.7629123263887,3702.8910799893465,4084.46693359375,4186.424968261719,3557.7659618163184,3711.8171049253615,24.249734680299568,-164.00370954253367,-146.422296308503,-17.581413234030663,3992.370912866558,3390.14273459438,53.59553366520207,0,3629.473467790661,3837.181337455023,113.08203472487114
2026-02-20,3399.96154148754,3399.96154148754,3328.863112204873,3358.7265625,110977,3551.3433973524307,3683.595037286932,4060.8057421875,4183.289056396485,3517.958081953055,3679.7179647048742,22.67803749193635,-171.1751967469213,-151.37287639618668,-19.802320350734615,3994.3787783126018,3340.195464851461,54.77312244021953,0,3607.520930527389,3762.6713021961855,109.4868674973278
2026-02-23,3389.776283874921,3411.333252516955,3323.721085135345,3401.049072265625,57558,3500.3956434461807,3662.950550426137,4036.541352539063,4180.347189941406,3494.5762800155694,3654.3844290285792,27.04560322676336,-171.46701418504517,-155.3917039539584,-16.075310231086775,3989.399443154295,3305.7691359472674,55.66499797749913,0,3604.949916992625,3722.623101963631,104.66976246708494
2026-02-24,3350.6178840177163,3364.264056764873,3104.987740242323,3113.491943359375,534886,3424.6497938368057,3630.01288396662,4006.333974609375,4175.851401367188,3418.3594126843304,3605.212384876833,19.136380729327755,-192.680636259458,-162.8494904150583,-29.831145844399657,4027.946345836244,3203.045890491881,57.0914098408683,0,3437.2411828343093,3498.945378234718,117.19281268811416
2026-02-25,3121.402649312447,3290.891369047619,3121.402649312447,3239.47119140625,389783,3377.6134982638887,3604.756769353693,3979.94158203125,4170.339599609375,3382.581768428715,3571.9631854704166,28.940703107528638,-197.05557808314188,-169.69070794867503,-27.36487013446685,4020.4583774474704,3153.0619106384675,58.41593514256825,0,3371.037760774574,3498.945378234718,125.13184864323934
2026-02-26,3255.2927416476364,3302.559798755959,3229.582653165608,3280.409423828125,107599,3356.528998480903,3583.172862659801,3954.769418945312,4165.431153564453,3362.1472995085974,3545.45829804839,31.8330669334632,-194.97186350014545,-174.7469390589691,-20.22492444117634,4015.0391514580606,3115.120077057564,59.450396157739206,0,3340.383374383536,3498.945378234718,123.06232436986888
2026-02-27,3297.813291568168,3495.583204105989,3275.7618980365305,3473.235107421875,323780,3355.8697645399307,3567.674882368608,3935.595625,4161.292141113281,3384.3648610912533,3538.8925534459795,43.49875831989186,-175.7353161925962,-174.94461448569453,-0.7907017069016717,4002.941023492019,3106.4127851017306,57.72790323980636,0,3317.095902269438,3498.945378234718,134.6671837014606
2026-03-02,3350.123453757271,3470.86208614168,3323.7212177959336,3404.806884765625,99923,3348.3655056423613,3553.619739879261,3913.6767822265615,4156.389871826172,3388.453265826128,3526.702947202311,40.8284888070115,-164.11992718982856,-172.77967702652134,8.659749836692782,3992.906121549282,3091.726446810093,56.12844553029729,0,3300.285510243211,3495.5832445461137,141.5608591335388
2026-03-04,3396.599213351938,3396.599213351938,3268.444456876696,3280.211669921875,85540,3328.8302137586807,3535.3889382102275,3889.983935546875,4150.958312988281,3366.8049466452776,3504.2946492677256,36.44187196269056,-163.08845804767634,-170.84143323075233,7.752975183075989,3970.359053284135,3065.7803021846157,54.95408430260861,0,3300.285472174156,3495.5832445461137,143.29841092568668
2026-03-05,3317.590295382392,3339.1472642142994,3241.547860291042,3260.7314453125,64127,3312.4592556423613,3517.60312721946,3863.627138671875,4145.180490722656,3345.5902463787224,3482.1525398172503,35.79434464965129,-161.97574705844545,-169.06829599629097,7.092548937845521,3942.549803126199,3042.6835708972385,54.01035665328526,0,3300.285472174156,3495.5832445461137,139.7314979741231
2026-03-06,3269.1367904476165,3287.7272112843484,3126.8414290157434,3151.859130859375,103443,3289.4739854600693,3489.726551402699,3833.787612304688,4139.125228271484,3306.844023274853,3452.125866275625,32.33611785228895,-167.94305843854545,-168.84324848474188,0.9001900461964283,3916.9798656885537,3006.786613803634,53.69699680892986,0,3300.285472174156,3495.5832445461137,136.10099848624537
2026-03-09,3065.433661658484,3102.713242098853,3025.879678927406,3079.079833984375,98473,3253.699625651041,3458.330577503551,3804.234853515625,4132.799267578125,3261.291185416758,3418.212590612784,30.23330888239255,-176.51017726553528,-170.3766342409006,-6.13354302463469,3879.4772224959233,2970.9166251603265,53.81500207628172,0,3260.731441516697,3456.0292138886552,133.650058549094
2026-03-10,3138.608497795195,3138.608497795195,3055.9405781605337,3115.667236328125,83052,3253.9413248697915,3428.74599387429,3777.1898193359375,4126.624039306641,3232.166395599031,3390.7084674959965,32.60600197986501,-178.29214223059262,-171.959735838839,-6.332406391753608,3814.0197023899823,2962.190649172518,53.46182613541078,0,3260.731441516697,3456.0292138886552,133.90434106185035
2026-03-11,3124.764628220337,3194.4785226157587,3056.5340081737536,3062.862548828125,82411,3234.3181423611118,3394.657648259943,3749.003642578125,4120.065234375,3198.30562624485,3360.9042930716446,30.96901073198275,-181.8687890866277,-173.94154648839674,-7.927242598230919,3735.818369537909,2960.720351165217,52.43912340513512,0,3260.731441516697,3456.0292138886552,137.93037132922456
2026-03-12,3065.4336739470164,3126.7423474259567,3008.08039875704,3094.604736328125,54267,3213.673177083333,3359.9804909446025,3723.1155615234375,4113.529488525391,3177.565448261505,3336.695242458597,33.1419693038783,-180.06628617797605,-175.1664944263126,-4.899791751663457,3654.5912461203216,2971.8874892312406,51.73946705257615,0,3251.8318014315146,3447.1295738034723,138.76383366369654
2026-03-13,3094.110323430624,3544.0368805290364,2976.437223881808,3391.85302734375,3433441,3204.63072374132,3338.720225941051,3702.7037255859377,4108.793743896485,3220.4229640779545,3341.7095865390656,49.25191861629584,-152.88991696706807,-170.7111789344637,17.82126196739563,3601.892362383572,2997.4918905461154,48.54206585941427,0,3260.2370522054225,3431.307986365857,173.64902655603413
2026-03-16,3418.453056035081,3418.453056035081,3203.872693535916,3287.825927734375,703278,3191.6328396267363,3315.657559481534,3681.837021484375,4103.802829589844,3233.9035568092386,3336.8110721022754,45.15153127296693,-138.15401265993023,-164.199745679557,26.045733019626766,3581.9272468948225,2999.2226066208027,45.57305046576395,0,3260.2370522054225,3431.307986365857,182.7181833501452
2026-03-17,3282.9807206774667,3346.4648176550872,3230.176247821867,3295.5390625,272692,3193.335883246528,3298.9639781605115,3660.598505859375,4098.710925292969,3246.230657947391,3333.059071229341,45.51373911554061,-124.41909098317774,-156.24361474028117,31.824523757103435,3558.969655255903,3003.81728322066,42.816107600231504,0,3260.2370522054225,3431.307986365857,169.87727176513937
2026-03-18,3312.6461000728577,3425.374952433546,3269.2356999855137,3329.45654296875,219561,3200.972005208333,3292.5679154829545,3639.850458984375,4094.0457666015623,3262.875834951664,3332.7315686601964,47.16602051124033,-109.53456312515846,-146.90180441725664,37.367241292098186,3538.1498111518817,3010.348260137181,40.76054491079999,0,3260.2370522054225,3431.307986365857,168.3586879622671
2026-03-19,3282.980500580013,3350.518973017181,3263.203509612664,3276.552978515625,132506,3214.8268771701387,3283.3581321022725,3620.2929931640624,4089.160006103516,3265.611263664456,3327.624424101599,44.87992102840277,-100.8448662340802,-137.69041678062138,36.845550546541176,3514.9730788644474,3015.577360588678,38.80121415177312,0,3260.2370522054225,3431.307986365857,169.3828535204218
2026-03-20,3325.6988205690195,3326.786651661734,3175.195964523664,3193.09423828125,159292,3227.4951443142363,3270.6649058948865,3597.2824658203126,4084.039449462891,3251.107858587815,3315.39440720884,41.465446987033495,-99.5451471929964,-130.06136286309638,30.516215670099967,3496.738533611891,3012.3143228334216,36.2620846214418,0,3260.2370522054225,3372.9659246540514,164.5092378824655
2026-03-23,3183.9967114980927,3183.9967114980927,3015.9912620266405,3041.305908203125,129801,3219.2327745225693,3251.813842773437,3570.664619140625,4077.985749511719,3209.1474685108774,3290.4772709355925,36.08789601723691,-109.5009019426193,-125.94927067900096,16.44836873638168,3493.393392000568,2983.917399015057,34.52844241159892,0,3260.2370522054225,3306.762502594317,166.4798869273704
2026-03-24,3129.609946875521,3139.696405751024,3017.672222427753,3118.337158203125,184445,3225.3966200086807,3238.6441650390625,3546.8946533203125,4072.47140258789,3190.9854064493275,3274.828169778096,40.31803415278553,-109.90817814881802,-122.7410521729644,12.832874024146363,3472.6041841033298,2976.435415506045,32.91863178817338,0,3260.2370522054225,3276.1081162032788,165.455726601252
2026-03-25,3144.541676386572,3175.196013483422,3096.582471573758,3164.714111328125,171699,3233.1865505642363,3229.8254172585225,3524.8255078125,4067.130356445312,3185.731147425088,3264.817800828098,42.77379641559102,-105.27516833858816,-119.24787540608916,13.972707067500975,3471.367708231597,2982.794108174653,31.12961749083025,0,3260.2370522054225,3260.2370522054225,164.09959360028105
2026-03-27,3164.71402723999,3203.2791599822995,3104.9876105346257,3162.736328125,207721,3207.7291395399307,3218.993019797585,3502.689111328125,4061.5913671875,3181.13218356507,3255.537666945998,42.69311709715098,-100.6033722090151,-115.51897476667436,14.91560255765924,3469.1168265955566,2977.371503482568,29.234310220887792,0,3220.683107230093,3260.2370522054225,159.6285769702145
2026-03-30,3105.976446220591,3134.455361632931,3067.0158703966245,3086.8916015625,140162,3185.4031032986118,3217.7839133522725,3480.497353515625,4054.935207519531,3162.2840671645563,3240.206206456589,39.607821575889055,-101.84694747762342,-112.78456930886416,10.937621831240747,3465.133975067396,2962.0025727841667,27.76306659469393,0,3220.683107230093,3260.2370522054225,157.46722024138643
2026-04-01,3159.0777349635223,3314.821545293579,3134.653198389083,3286.93603515625,171328,3184.447211371528,3219.94140625,3462.306484375,4048.798793945312,3187.214460762895,3244.4543727020127,49.89322086456197,-85.70264909680236,-107.3681852664518,21.66553616964944,3427.542503217056,2980.964137407944,26.545128061562583,0,3220.683107230093,3260.2370522054225,167.84307910541628
2026-04-02,3253.3152196426904,3327.478940455214,3174.4049724144934,3310.174072265625,64818,3182.3047146267363,3221.294344815341,3451.0415087890624,4043.0522839355463,3211.806383063441,3250.4288908441595,50.938515681450816,-70.22356735841049,-99.93926168484354,29.71569432643305,3408.4666415817774,2990.576717793223,25.49889030366904,0,3183.2551175219105,3260.2370522054225,168.92375436246738
2026-04-06,3311.558200974752,3385.820899633946,3284.4638195485254,3309.18505859375,78445,3185.9305013020835,3213.8375244140625,3440.688251953125,4037.7114025878905,3231.2821181695035,3255.7703606395767,50.88985691698103,-57.37470876958196,-91.42635110179124,34.05164233220928,3412.6546699567293,2989.2860282854585,24.916605417611624,0,3200.906080830293,3260.2370522054225,167.68769232078904
2026-04-07,3304.735246991762,3354.1777252531583,3263.2035652521886,3304.834228515625,72291,3198.3460557725693,3209.293312766335,3431.120146484375,4031.9938232421873,3245.992540238728,3260.230712264672,50.66059096995787,-47.00117114901559,-82.54131511123612,35.540143962220526,3418.3707531317573,2987.980223430743,24.177285198713992,0,3200.906080830293,3260.2370522054225,133.64301398891345
2026-04-08,3451.0849378438425,3451.0849378438425,3317.5902482710862,3339.147216796875,115185,3231.4395345052085,3211.972201260653,3420.79853515625,4026.845089111328,3264.623475550358,3267.404939949418,52.47889280718061,-35.60091131389663,-73.15323435176822,37.55232303787159,3434.525601282015,2990.554183874235,24.126659618416507,0,3234.3785801357976,3260.2370522054225,128.7623244767029
2026-04-09,3339.147386508461,3367.032897019488,3288.716056773367,3296.033447265625,86888,3251.183566623264,3213.576837713068,3409.9567919921874,4021.5994262695312,3270.9054698934115,3270.0075315236186,49.98622441855149,-29.70265047902967,-64.46311757722052,34.760467098190844,3439.0261615013223,3007.7489849830527,23.794311743749198,0,3259.050404120233,3260.2370522054225,126.05005807762436
2026-04-10,3344.783695408556,3439.910976466585,3317.689313556328,3408.070068359375,190179,3278.2231174045137,3225.222789417613,3402.2160791015626,4017.437747802735,3298.3383895866045,3282.55867123596,55.854314801105645,-15.805619931652018,-54.73161804810682,38.9259981164548,3462.368320145596,3013.647109541904,23.95065343373826,0,3259.050404120233,3260.2370522054225,125.17422070283352
2026-04-13,3357.144375337993,3396.302915870988,3301.472094850631,3318.67822265625,103678,3295.549994574653,3236.113625266335,3393.4845361328125,4012.4712145996095,3302.406356200534,3285.842266819622,50.739007741526365,-11.868485457099723,-46.1589915299054,34.29050607280568,3461.892792485553,3039.70420458476,23.924821072419324,0,3259.050404120233,3260.2370522054225,126.55154285313544
2026-04-15,3381.6679249433737,3470.862110964253,3352.496861617606,3392.4462890625,150985,3329.5005154079863,3248.694491299716,3385.0496484375,4008.074866943359,3320.4143427729277,3295.533541568975,54.44659202325495,-2.7639504664866763,-37.47998331722165,34.716032850734976,3472.36648831688,3059.01466402687,24.370202275563194,0,3302.757654676668,3260.2370522054225,126.5939143652735
2026-04-16,3426.363697318014,3549.376485006479,3393.731662105462,3409.7509765625,298196,3343.1466200086807,3264.462147105824,3378.964267578125,4003.799993896485,3338.281669530842,3305.916944750205,55.29657210284142,5.781161141161647,-28.827754425544992,34.60891556670664,3475.7020858679384,3057.4688613976864,25.22705161645848,0,3361.890728710486,3262.9068544441434,125.15300148594277
2026-04-17,3436.1533749917885,3480.750588473955,3409.751138982206,3451.18408203125,79835,3358.814398871528,3280.6702991832385,3374.362163085937,3999.5900158691406,3360.862152030924,3319.123048139391,57.34862845817433,15.715371969262833,-19.91912914658343,35.63450111584626,3499.5375085212813,3049.969254174031,26.022697433004105,0,3406.290025129334,3262.9068544441434,121.5083892422416
2026-04-20,3459.9845966913053,3569.7468974151507,3399.6647737709936,3532.6650390625,160914,3383.6455078125,3287.0708451704545,3371.975078125,3995.990267333984,3395.22272943724,3338.535956405128,61.127675418548506,29.819398427171564,-9.97142363183243,39.79082205900399,3539.293166564732,3033.926193786831,27.236929538313323,0,3416.4752313336694,3273.09206064848,128.0418593661339
2026-04-21,3550.266725822184,3619.1894938559326,3540.0815267771145,3601.78564453125,141392,3416.6401095920137,3301.3417413884945,3368.7079150390623,3992.409239501953,3436.535312456042,3362.4677462347754,64.03854432000782,46.04363385549459,1.2315878656329744,44.812045989861616,3589.353447686286,3011.0988228215265,28.60411942218622,0,3453.95277531465,3297.81335886887,127.20135260511672
2026-04-22,3601.291228738319,3624.628175652244,3491.6279056685503,3510.61376953125,97737,3435.691948784722,3311.117864435369,3363.524365234375,3988.291124267578,3451.351003871084,3375.9355665344547,57.881658027316114,50.95724555739434,11.176719403985247,39.7805261534091,3615.604097563801,3008.254252045574,29.26181536424825,0,3456.6721162128056,3300.5326997670263,129.86419633763944
2026-04-23,3459.5891259088003,3470.8619141909708,3385.820853045551,3411.135498046875,208337,3448.4810655381943,3314.8305442116475,3356.416513671875,3983.91142578125,3443.307902706242,3379.135560308311,52.0063810799014,46.29064337571435,18.19950419833107,28.091139177383283,3624.189821812344,3021.4726537735937,28.6817674888296,0,3463.050135251437,3300.5326997670263,122.49726582011228
2026-04-24,3411.5309599100988,3456.02918982197,3324.512199193552,3342.11376953125,118261,3441.152587890625,3317.8105801669035,3347.002666015625,3979.336276855469,3423.069076071244,3375.769942964942,48.340010145285646,36.60093804265898,21.87979096719665,14.721147075462326,3608.532330523616,3067.210931195133,27.53582976775508,0,3463.050135251437,3320.309718839442,120.95748171923351
2026-04-27,3360.011840418291,3567.769230596591,3350.222326291921,3549.772216796875,200428,3466.8296983506943,3334.023215553977,3340.84806640625,3975.761019287109,3448.4097042163703,3391.588331495118,57.94588131850936,45.157530078774926,26.53533878951231,18.622191289262616,3625.158479045936,3093.728288532189,27.227301703963462,0,3474.570187422898,3320.309718839442,129.83593750351358
2026-04-28,3558.770668091741,3564.8027471160617,3512.3937192111653,3526.633056640625,62697,3481.7393391927085,3356.0835404829545,3334.189150390625,3971.814074707031,3464.0543747012216,3403.865124690164,56.681134348697896,49.50093807091616,31.12845864579308,18.37247942512308,3636.6288552213223,3118.449806888052,26.94081135901411,0,3474.570187422898,3320.309718839442,127.08128521093693
2026-04-29,3549.871129832544,3602.7745841383444,3500.527630701581,3519.9091796875,114919,3493.9791395399307,3374.33681418679,3328.6832421875,3967.8610791015626,3475.225335698477,3414.414584235376,56.29661323424663,51.80340214746275,35.263447346127016,16.539954801335732,3641.035825901338,3149.760121364287,26.92458499905069,0,3474.570187422898,3320.309718839442,123.93815979011876
2026-04-30,3502.307445933692,3603.466804957549,3438.823351993314,3585.865234375,126549,3508.9437120225693,3393.480047052557,3327.14458984375,3964.444626464844,3497.3533154337824,3430.0010069753416,59.21913458440545,58.27842648851811,39.86644317460524,18.41198331391287,3633.22573892286,3207.467571624016,26.2413567810168,0,3474.570187422898,3320.309718839442,130.10434641284118
2026-05-01,3585.865234375,3585.865234375,3585.865234375,3585.865234375,0,3514.8548448350693,3412.713179154829,3329.45849609375,3961.134509277344,3515.0556992220263,3444.1704821934923,59.21913458440545,62.68730964474662,44.43061646863352,18.256693176113103,3650.6939500926014,3219.8922803761475,25.60693057855676,0,3474.570187422898,3320.309718839442,119.82738004134406
2026-05-04,3585.865243493753,3681.882391876865,3552.0466364879594,3665.36865234375,143571,3521.919623480903,3439.007590553977,3333.1825048828123,3958.0505908203127,3545.118289846371,3464.2794067526065,62.70560997878631,71.76933053508492,49.8983592819238,21.870971253161123,3683.091759367465,3223.0139291090973,25.711785632564503,0,3503.1972955352085,3349.777307152309,121.48722160421272
2026-05-05,3665.3685925787386,3714.2179053846944,3646.283747907812,3698.099609375,80066,3542.751383463541,3457.696843927557,3337.697592773437,3954.8285522460938,3575.7145537520973,3485.535788809188,64.06760016330603,80.67800637433766,56.05428870040657,24.623717673931083,3716.650072507976,3228.347071046712,26.022162791115843,0,3519.365052289123,3390.616887890659,115.4693836877041
2026-05-06,3705.219444933001,3783.1408415648766,3672.587408188195,3762.375,89776,3581.7779947916665,3478.2514315518465,3343.8245068359374,3952.2592041015614,3613.046643001678,3510.702989826534,66.64379005672367,91.86571226549768,63.2165734134248,28.64913885207288,3758.393368998371,3232.357851704754,26.73909007919069,0,3553.8265203792143,3425.0783559807505,112.15675779004002
2026-05-07,3762.473753666754,3800.3467417028414,3714.119104701641,3730.83056640625,58175,3624.96875,3497.417136452415,3350.279716796875,3949.496193847656,3636.6034276825926,3530.7145876974173,64.21068077588485,97.06774112698533,69.9868069561369,27.08093417084841,3787.166376822782,3242.7531788412807,27.50779969156365,0,3575.284533997381,3433.681306049733,113.244473867879
2026-05-08,3752.68410960839,3804.994155174984,3732.017250209771,3760.199462890625,88953,3648.349555121528,3518.115556196733,3358.309174804688,3946.898245849609,3661.3226347242,3551.5768490786177,65.47451831907082,102.38003763400366,76.46545309171026,25.9145845422934,3810.931448181439,3265.404709045124,28.25069354576676,0,3621.908753584149,3469.823676782033,106.3931499482059
2026-05-11,3782.349706643288,3801.137848976941,3708.185986905184,3746.15771484375,110263,3672.741183810764,3536.616033380682,3365.21134765625,3943.911082763672,3678.2896507481096,3569.26601869363,64.30528095320699,104.25522978095978,82.02340842956016,22.231821351399617,3835.680203119141,3274.46471875586,28.598340761709284,0,3621.908753584149,3489.6995637947384,106.8522504680862
2026-05-12,3727.468394197993,3759.803726333552,3521.8866684669474,3563.51708984375,140621,3677.5865071614585,3548.7743807705965,3374.2118505859376,3940.058468017578,3655.3351385672377,3568.743388798186,51.43827121600598,89.96668112366388,83.61206296838091,6.354618155282964,3824.918801504698,3309.7100070890524,26.76966066679627,0,3621.908753584149,3534.0988602135862,114.34630674543698
2026-05-13,3538.1036736747315,3562.2315060167457,3448.415068184701,3458.896728515625,65489,3663.4788953993057,3551.0846835049715,3378.600361328125,3935.84865234375,3616.047456556916,3558.7573287724986,45.78664621809386,69.40090413665939,80.76983120203661,-11.36892706537722,3820.3377462373423,3320.93610630172,25.28849999471009,0,3626.7046116798415,3534.0988602135862,113.65409997210485
2026-05-14,3469.774188951963,3487.77144441286,3392.742903364797,3427.946044921875,54105,3645.932318793403,3556.0514026988635,3381.55109375,3931.712510986328,3578.427174229908,3546.865393876987,44.23810695625292,50.0282220039021,74.62150936240972,-24.593287358507624,3818.900982734702,3324.1923766402974,24.36127619395325,0,3598.86852926989,3546.855105974176,111.04778214493663
2026-05-15,3458.995740968278,3495.978617732046,3433.780077333432,3456.128173828125,48834,3622.6833767361113,3558.946033824574,3381.208955078125,3927.761584472656,3553.967374149552,3538.6165556907267,46.02805207388984,36.52821953909097,67.00285139774599,-30.474631858655016,3818.651086873206,3324.9366816814813,23.41614139812945,0,3598.86852926989,3546.855105974176,99.78900441242452
2026-05-18,3441.1965841359697,3535.137295484509,3386.809856513132,3509.921630859375,78443,3601.774712456597,3563.4992453835225,3383.31125,3924.1416540527343,3545.1582254915165,3536.007926160604,49.36892311473108,29.82623447041715,59.56752801228022,-29.741293541863072,3818.4805132566753,3322.8329144777,22.923965624910736,0,3595.9020058440583,3553.2331250128072,106.64031948860168
2026-05-19,3528.709756462418,3681.684739515369,3480.750551421525,3514.96484375,180442,3574.2846950954863,3566.398370916193,3388.0063134765624,3920.937818603516,3539.1195491432136,3534.0949186687308,49.68338323853565,24.637798940988432,52.58158219802186,-27.94378325703343,3814.884080311793,3317.7472673444568,21.51651544343613,0,3595.9020058440583,3553.2331250128072,113.68940767839318
2026-05-20,3491.627770310084,3617.112681970542,3491.627770310084,3540.6748046875,102480,3553.1562771267363,3566.762451171875,3393.6051806640626,3917.757674560547,3539.430600252071,3534.693090124982,51.34250020516696,22.34294976689489,46.53385571179648,-24.190905944901587,3815.330243263695,3320.30720790818,20.20959741778114,0,3595.9020058440583,3564.753177184268,110.89236901383768
2026-05-21,3560.8472394169944,3607.1254467689,3511.404761779991,3547.300048828125,53667,3529.500786675347,3564.285833185369,3401.513999023437,3914.3886328125,3541.004489967282,3535.839177279813,51.78370936708397,20.81888000619483,41.39086057067615,-20.571980564481315,3811.242836441714,3338.011069808286,18.99603067967293,0,3593.9738527450363,3564.753177184268,117.72956079875976
2026-05-22,3565.0,3565.0,3407.0,3419.300048828125,120238,3493.1832682291665,3560.135209517045,3408.3184033203124,3910.269317626953,3516.6636017394508,3525.2447110569324,43.564656195288784,9.17672985172976,34.94803442688687,-25.77130457515711,3801.246365896785,3355.7261682829026,18.375205925777845,0,3573.306791423342,3564.753177184268,119.74129255669509
2026-05-25,3436.39990234375,3582.39990234375,3435.0,3546.199951171875,113653,3491.2591417100693,3566.274502840909,3416.9290576171875,3906.791394042969,3522.570871625936,3527.149732885563,51.74234934018238,10.07387815298307,29.97320317210611,-19.89932501912304,3801.170398519095,3355.444909098093,17.61770467772754,0,3534.24729801425,3564.753177184268,126.53884227374812
2026-05-26,3540.0,3577.0,3516.10009765625,3540.699951171875,39254,3500.348388671875,3575.301147460937,3426.4858056640624,3903.4513806152345,3526.196687535124,3528.381570911592,51.394745599934886,10.22322365222135,26.02320726812916,-15.79998361590781,3801.275064141134,3356.746932929179,16.91431066168083,0,3534.24729801425,3564.753177184268,122.99216148568156
2026-05-27,3540.699951171875,3559.60009765625,3479.800048828125,3491.60009765625,48055,3507.4210611979165,3572.6569602272725,3434.425712890625,3899.907713623047,3519.2773695593496,3525.037800615652,48.2767296669372,6.306930829555313,22.079951980414396,-15.77302115085908,3801.7964956399214,3353.394593227266,16.60808922593709,0,3534.24729801425,3564.753177184268,122.5330480447476
2026-05-28,3491.60009765625,3491.60009765625,3491.60009765625,3491.60009765625,0,3511.3623860677085,3571.06455300071,3436.420654296875,3896.499920654297,3513.74191517873,3521.998009437524,48.2767296669372,3.166736386388948,18.297308861609302,-15.130572475220356,3800.2916561374095,3345.472919057903,16.323740749889332,0,3534.24729801425,3564.753177184268,117.2356488469809
2026-05-29,3495.0,3596.60009765625,3390.699951171875,3432.39990234375,107585,3502.7488606770835,3567.0868585759945,3439.3121337890625,3892.700128173828,3497.473512611734,3513.8527269744536,44.501474422728805,-4.052140782175684,13.827418932852304,-17.879559715027987,3800.976753499333,3329.4412884928543,15.463664861484036,0,3536.192345343622,3564.753177184268,125.3033834478822
2026-06-01,3469.0,3508.89990234375,3310.0,3385.5,395897,3488.3638780381943,3557.979347922585,3441.1113525390624,3888.918873291016,3475.0788100893874,3502.1842972495037,41.7181309548676,-13.40308073616916,8.381318999048013,-21.78439973521717,3795.0371667485297,3307.394010009283,14.876552554013571,0,3463.556340985271,3557.497077587492,122.51644376767833
2026-06-02,3368.0,3549.0,3368.0,3508.300048828125,267524,3484.7666829427085,3554.4536576704545,3444.68822265625,3885.8796142578126,3481.723057837135,3502.7402746657413,50.45581565664556,-10.780558790915164,4.548943441055377,-15.329502231970542,3776.065985436215,3307.38523526691,13.90357728030447,0,3458.56272338445,3557.497077587492,127.22344222060336
2026-06-03,3490.0,3490.0,3275.300048828125,3299.199951171875,148396,3457.200005425347,3537.809625799005,3445.141162109375,3881.969620361328,3445.218436504083,3484.236608893572,39.57573200530128,-25.28337065492269,-1.417519378140237,-23.86585127678245,3752.6402562237454,3284.493459596566,13.861025542844132,0,3435.9500732421875,3540.1471020015542,137.078546431456
2026-06-04,3279.89990234375,3326.5,3255.0,3272.10009765625,80443,3440.8444552951387,3518.4460116299715,3446.721279296875,3877.7089978027343,3410.5947687345165,3464.951471508361,38.41943508479165,-38.51965463902479,-8.83794643031715,-29.681708208707644,3732.016499291074,3259.2441696542382,13.99477664902841,0,3425.800048828125,3529.997077587492,137.32621980215805
2026-06-05,3299.800048828125,3365.0,3200.0,3212.699951171875,151344,3403.7888997395835,3493.460782137784,3450.14916015625,3873.3985021972658,3371.015805221989,3442.019515114135,35.94068886231075,-53.18946540436491,-17.708250225126704,-35.481215179238205,3702.433645522164,3234.0770722512734,14.57328093453313,0,3398.300048828125,3502.497077587492,138.51711701848828
2026-06-08,3212.699951171875,3221.39990234375,3152.0,3165.199951171875,109491,3362.0666775173613,3467.7502996271305,3451.086416015625,3868.7756787109374,3329.8526344119664,3416.854100210293,34.04889055268137,-67.86593292245925,-27.73978676459321,-40.12614615786604,3672.366439159322,3206.0485022469284,15.47907151135903,0,3374.300048828125,3478.497077587492,129.12181089348155
