Date,Open,High,Low,Close,Volume,SMA_9,SMA_22,SMA_50,SMA_200,EMA_9,EMA_21,RSI_14,MACD_Line,MACD_Signal,MACD_Hist,BB_Upper,BB_Lower,ADX_14,ST_Direction,Ichi_Tenkan,Ichi_Kijun,ATR_14
2024-12-18,2025.402815380568,2099.939229096732,2025.402815380568,2086.125244140625,1002541,2090.227430555556,2064.1572654030538,2110.96669921875,,2076.402098310715,2079.363150909732,50.4448509414364,-5.476637506869793,-6.927886803190047,1.4512492963202543,2152.601316003085,1983.667836828946,21.955416586679007,0,2086.9450726099385,2061.105840306177,46.280023162065554
2024-12-19,2077.08140074866,2153.505973417364,2066.3481086203938,2149.481201171875,1863968,2093.462863498264,2069.8988314541903,2109.89138671875,,2091.017918882947,2085.737519115381,58.1230477862548,0.717809954036511,-5.398747451744736,6.116557405781247,2163.9687872374825,1984.2112908875176,20.571625592855423,0,2089.454394398966,2063.615162095205,48.16472622040674
2024-12-20,2151.617908731793,2164.289099649267,2125.182229059182,2137.40625,1111341,2098.542399088541,2074.9808627041903,2107.2011181640623,,2100.295585106358,2090.434676468529,56.33159600943258,4.59958539312629,-3.399080882770531,7.998666275896821,2171.872526018371,1984.1934896066289,19.510764088913017,0,2094.845957514917,2069.006725211156,48.20021992828947
2024-12-23,2141.5802538372154,2176.463394333266,2113.4056335580062,2146.947021484375,936403,2101.4410536024307,2080.2797296697445,2107.3134228515623,,2109.625872381961,2095.5721623790605,57.44759461439126,8.349532702926354,-1.049358165631154,9.398890868557508,2179.273217305116,1982.074976054259,18.779427449357037,0,2100.933104856917,2075.093872553156,50.98646225585659
2024-12-24,2156.586932103933,2172.984943338825,2136.710554849519,2156.040283203125,499489,2103.5446506076387,2084.711248224432,2106.219228515625,,2118.9087545461944,2101.069264272157,58.53526207827312,11.917762638846852,1.5440659952644475,10.373696643582406,2187.516184535211,1987.094508824164,18.100329141197903,0,2100.933104856917,2075.093872553156,50.05654196495753
2024-12-26,2162.5499123841646,2185.3082679940367,2143.7170928775363,2168.6123046875,909730,2110.4185655381943,2088.097023703835,2104.9908740234373,,2128.849464574456,2107.209540673552,60.05545804185281,15.580465725414795,4.351345941294518,11.22911978412028,2192.360861278091,1999.7162139172208,17.74426114785984,0,2105.3555416873023,2079.5163093835413,48.38124053173299
2024-12-27,2182.426295735408,2224.166689369691,2168.612310132878,2214.02978515625,946808,2127.0981716579863,2096.761319247159,2104.5317333984376,,2145.8855286908147,2116.9204719901604,65.04170214403189,21.89559660584064,7.860196074203742,14.035400531636895,2202.909453177474,2011.9658275842448,18.194092819863283,0,2124.7847523751298,2098.9455200713683,50.83027733347184
2024-12-30,2214.0298565917697,2314.355828859156,2213.085777136371,2297.0634765625,3018421,2154.4779188368057,2110.539273348721,2106.838388671875,,2176.121118265152,2133.297108769464,71.9384422044025,33.217596506321115,12.931676160627218,20.285920345693896,2242.722713386337,1998.051505363663,19.909369953931748,0,2169.879322119862,2144.040089816101,54.90137551927358
2024-12-31,2295.970139176845,2359.226615810444,2282.603323349981,2341.13916015625,3424089,2188.5383029513887,2126.6797929243608,2110.404208984375,,2209.124726643372,2152.191840713717,74.78242105723317,45.2255700881783,19.390454946137435,25.835115142040863,2287.973738689045,1981.23861482658,21.971003631153216,0,2192.3147155955057,2166.4754832917447,57.54917787651522
2025-01-01,2339.44969757284,2354.7544116258296,2322.356060968205,2350.2822265625,735846,2217.889078776041,2140.871071555397,2114.0853125,,2237.356226627197,2170.200057609061,75.34072713189576,54.84749690878516,26.481863338666983,28.365633570118177,2326.355599148535,1971.006681124902,23.885377760001724,0,2212.787362215419,2166.4754832917447,57.51011437212573
2025-01-02,2350.381686101663,2388.0473251603485,2329.759944035444,2381.28955078125,1205172,2243.645562065972,2155.622514204545,2118.938134765625,,2266.142891458008,2189.390011533805,77.18547687802226,64.23451960438888,34.03239459181137,30.20212501257751,2366.53482735693,1960.09046561182,25.98881263298392,0,2250.7264793591776,2180.885837966697,58.219985028929095
2025-01-03,2374.084385892664,2379.9478203736853,2332.840901376323,2354.2080078125,1034000,2267.7346462673613,2168.596380060369,2123.64486328125,,2283.755914728906,2204.373465740959,72.11142319783029,68.69665624184836,40.96524692181877,27.73140932002959,2394.0524176788103,1956.8021965790024,27.94200215789596,0,2250.7264793591776,2180.885837966697,56.08326250815147
2025-01-06,2355.350687732221,2368.170853916622,2325.6850978404395,2345.710693359375,845909,2289.8194986979165,2180.280528675426,2129.3245361328127,,2296.1468704550007,2217.2223046153604,70.5444015780075,70.73191591605473,46.91858072066596,23.81333519538877,2416.3217203875847,1957.0677327374156,29.51786968415334,0,2262.3789400049336,2187.345647040175,56.60502431221879
2025-01-07,2345.462215105269,2377.46313340756,2332.989740066568,2343.076904296875,1249557,2310.6013454861118,2190.7878972833805,2133.8185791015626,,2305.532877223376,2228.6636318591345,70.03638413925755,71.31032803284324,51.796930183101416,19.51339784974183,2434.448391653146,1964.079708932792,31.086415514896498,0,2265.8822090189424,2206.725070270458,57.23326663959678
2025-01-08,2348.0957252167905,2356.493445890179,2221.1851078494224,2238.22900390625,1346484,2318.3365342881943,2196.1454745205965,2135.715776367188,,2292.0721025599505,2229.533211136145,53.51475004119538,62.58691153440441,53.95492645336202,8.631985081042387,2437.92457010808,1972.3405177825452,29.55302725743297,0,2278.3298176466133,2206.725070270458,61.57411837706767
2025-01-09,2264.9133165085805,2278.8267813752414,2234.20440896265,2238.925048828125,931525,2321.1026746961807,2202.837957208807,2136.6728271484376,,2281.442691813585,2230.3870145626884,53.59301634772298,55.09460975264983,54.18286311321958,0.9117466394302484,2441.197927367432,1979.2488743903807,28.1291667326454,0,2300.5665511483594,2206.725070270458,58.535868921040574
2025-01-10,2240.0677509981897,2248.614690401562,2170.0035200996217,2177.556640625,689347,2307.8241373697915,2205.415116743608,2136.37369140625,,2260.6654815758684,2225.584253295626,46.20627488500426,43.7012283888871,52.08653616835309,-8.38530777946599,2440.1858970783005,1987.3418617107616,26.64984591974605,0,2279.025422629985,2206.725070270458,61.35760461474453
2025-01-13,2145.6549811113828,2179.395083862852,2125.430669669866,2141.133056640625,746277,2285.6012369791665,2205.598077947443,2136.2981591796874,,2236.75899658882,2217.906871781535,42.46516855379939,31.37118525454889,47.943465985592255,-16.572280731043364,2435.7700722694635,1999.4796591758484,25.964665802892096,0,2256.7389974151074,2206.725070270458,60.70807985886784
2025-01-14,2139.692019323663,2165.5810493192644,2123.194529089073,2141.2822265625,455763,2262.3790147569443,2207.1678577769885,2135.6551611328123,,2217.6636425835563,2210.9409949434407,42.48570655392624,21.3652882598235,42.6278304404385,-21.262542180615,2429.178299565443,2015.135079340808,25.361564656956222,0,2255.6209271247108,2206.725070270458,61.14466069750252
2025-01-15,2153.605548588137,2153.605548588137,2094.970233698105,2115.542236328125,452989,2232.851535373264,2209.514626242897,2134.28369140625,,2197.2393613324703,2202.2683805238667,39.84275919815832,11.229098649705977,36.348084082292,-25.118985432586022,2420.564045285944,2031.8439869406188,25.21780626499532,0,2237.459027035895,2206.725070270458,62.36209925275479
2025-01-16,2125.4803079522853,2130.996051049343,2066.8449962993013,2085.92626953125,394270,2203.0424533420137,2211.1182861328125,2132.5057421875,,2174.9767429722265,2191.691824979084,36.99141996288,0.7971453514328459,29.23789633612017,-28.440750984687323,2420.5843050162966,2031.8038297493283,25.4702042029816,0,2222.1540648534306,2206.725070270458,62.97614711474411
2025-01-17,2085.926459126578,2112.8590492338826,2055.267290656198,2100.08837890625,289281,2175.7510850694443,2214.095225941051,2131.1422216796877,,2159.999070159032,2183.364238972462,39.23100844803501,-6.2553807908198,22.139240910732177,-28.394621701551976,2423.4013914927027,2024.04746104636,25.858768105011404,0,2216.365212031879,2206.725070270458,59.8562690329512
2025-01-20,2106.0510639918552,2120.80937058203,2053.478145250759,2117.47998046875,324879,2150.684760199653,2215.520441228693,2130.43859375,,2151.495252220975,2177.3747609266698,41.95934028064587,-10.322213617618218,15.6469500050621,-25.96916362268032,2424.407342990272,2021.0488825956647,26.014655407229583,0,2204.985795570469,2206.725070270458,59.19254995229465
2025-01-21,2122.797158095224,2142.126887061865,2085.032040114129,2091.243408203125,433520,2134.35302734375,2212.8732688210225,2130.2944921875,,2139.444883417405,2169.544637951802,39.10687433826694,-15.483792524559703,9.420801499137738,-24.90459402369744,2427.4820168974425,2012.40384736037,25.615089068348368,0,2166.152463313,2206.725070270458,60.95658540158833
2025-01-22,2091.491764226672,2132.735246391275,2076.18705103026,2125.927490234375,679655,2121.797743055556,2212.3515070134945,2130.9812158203126,,2136.7414047807997,2165.579442704763,44.480248956798064,-16.584489767966716,4.219743245716847,-20.804233013683564,2428.3516892516245,2008.522895709313,25.39131153803529,0,2151.0464178261605,2206.725070270458,60.83235784702476
2025-01-23,2130.7476289293936,2152.4129285334384,2103.914519796421,2137.903076171875,528574,2117.391791449653,2211.940418590199,2132.299018554688,,2136.9737390590144,2163.0634093835915,46.24407771869847,-16.30254497199803,0.1152856021738713,-16.4178305741719,2428.790746399304,2005.0129157100716,24.672267192296356,0,2116.4366145568056,2206.725070270458,60.83591208503123
2025-01-24,2136.710508073313,2150.375517136573,2093.131454844406,2121.057861328125,984483,2115.1612141927085,2210.3503085049715,2133.1765576171874,,2133.790563512837,2159.244723196731,44.1207535763546,-17.239641886088066,-3.355699895478516,-13.88394199060955,2428.44319181995,1996.063277906613,24.206209037229645,0,2109.529597285012,2220.762735205554,61.8900768147444
2025-01-27,2095.963979921988,2113.306070537278,2042.4964766209948,2066.1494140625,735411,2106.8131239149307,2205.692904385653,2133.971611328125,,2120.2623336227693,2150.7815132754367,37.99652554531309,-22.157532505084877,-7.1160664173997885,-15.041466087685084,2422.420217895695,1978.9948455808683,24.616883608362063,0,2098.051012604566,2215.2719008906715,64.32493334089715
2025-01-28,2057.2051037807423,2057.2051037807423,1985.650143649238,2009.849609375,1614704,2095.0694986979165,2196.4119873046875,2134.100808105469,,2098.1797887732155,2137.9695220117605,32.94673642886714,-30.24922572860032,-11.742698279639896,-18.506527448960423,2411.119293697986,1957.1668147004511,25.74126199609268,0,2069.0315360913382,2186.848734404793,60.40999993893325
2025-01-29,1996.5324248934453,2060.1865737819057,1992.6566282472056,2055.366455078125,575970,2091.6739637586807,2185.425759055397,2134.744802246094,,2089.6171220341976,2130.460152290521,39.90093409919211,-32.61317744901271,-15.91679411351446,-16.69638333549825,2389.131044948448,1949.663486301552,26.70192873931007,0,2069.0315360913382,2186.848734404793,62.04625516194103
2025-01-30,2052.2360368325485,2081.007045578052,2040.4591857671048,2051.6396484375,729992,2086.290771484375,2172.266690340909,2135.265563964844,,2082.021627314858,2123.2946519402462,39.53935272393082,-34.39091135002354,-19.61161756081628,-14.779293789207266,2354.4243358683766,1951.4052051472488,27.0086152470983,0,2069.0315360913382,2186.848734404793,59.32744726972725
2025-01-31,2058.198792633664,2096.3613385733825,2048.260604354409,2067.59033203125,882870,2080.747477213541,2159.417058771307,2136.009931640625,,2079.1353682581366,2118.2306228576103,41.96345887567964,-34.11938438920606,-22.51317092649424,-11.606213462711825,2319.536224868763,1957.631548568737,26.87542305114143,0,2069.0315360913382,2186.848734404793,58.908612985869176
2025-02-01,2067.1432370820667,2105.5047422843863,2016.1602808334903,2043.5400390625,252855,2075.4471028645835,2144.0648082386365,2135.709794921875,,2072.0163024190097,2111.440569785328,39.3984785035556,-35.43636658676496,-25.097810058548383,-10.33855652821658,2280.486429692046,1966.464278315767,27.24035587672686,0,2069.0315360913382,2186.848734404793,62.26275164449094
2025-02-03,2043.5401303637057,2062.074755952431,1988.6316356755133,2019.6884765625,849366,2063.642768012153,2128.859375,2134.2210595703127,,2061.550737247708,2103.0994704014342,36.98408114009318,-37.96704575480408,-27.67165719779953,-10.29538855700455,2232.4728874372317,1982.1389777971435,27.95733057535884,0,2069.0315360913382,2186.848734404793,63.320452029268495
2025-02-04,2035.9374737319456,2102.8710303493126,2028.9806201908605,2098.150390625,492215,2059.2258029513887,2117.6066339666195,2135.71576171875,,2068.8706679231664,2102.649554058122,48.22445431118129,-33.25802864495108,-28.78893148722984,-4.469097157721244,2209.2481631698656,1991.3558407363844,27.53970917884987,0,2068.012830392905,2186.848734404793,64.67984481760928
2025-02-05,2102.9207677619534,2187.39537327224,2087.4668355216995,2171.59375,1351658,2064.8409016927085,2109.811945134943,2139.268666992188,,2089.415284338533,2108.9172082346563,56.11527471868043,-23.330889379169093,-27.697323065617688,4.366433686448595,2190.988616518601,2002.8822575048368,25.71822371760933,0,2086.522758460739,2186.848734404793,67.70390047281326
2025-02-06,2185.7060106359504,2201.308919234685,2162.102811163344,2171.84228515625,752681,2076.5845540364585,2106.794367009943,2142.9845581054688,,2105.9006845020767,2114.637669772983,56.13963541463141,-15.267510917683012,-25.211360636030754,9.943849718347742,2189.701066090044,2003.5983723865188,24.263848936385624,0,2093.4795314419616,2182.7989820114617,65.69496352567539
2025-02-07,2178.4510874664898,2211.247112049699,2151.766952230249,2187.54443359375,776396,2096.328423394097,2104.45888449929,2145.97396484375,,2122.229434320412,2121.2655573930524,57.73589640847625,-7.52346739395216,-21.67378198761504,14.150314593662875,2198.7632405453387,1999.1773356265364,22.714817932805623,0,2099.939373862606,2181.556638528399,65.86534301651209
2025-02-10,2188.2895905770097,2205.0852744278604,2134.8718283216426,2155.990478515625,716552,2107.5088704427085,2103.478604403409,2147.9586181640625,,2128.9816431594545,2124.422368404196,53.52056466933118,-3.887583928384629,-18.11654237576896,14.22895844738433,2201.016783682962,1998.394617684226,21.233407773028,0,2099.939373862606,2181.556638528399,66.84143235545517
2025-02-11,2165.1339669930803,2165.1339669930803,2024.458852236127,2054.820068359375,1125815,2107.862250434028,2099.555286754261,2147.6793603515625,,2114.1493281994385,2118.094886581939,42.744692442566304,-9.06522836037948,-16.30627957269106,7.241051212311582,2199.6087760186715,1993.7304085516407,21.52429112733913,0,2099.939373862606,2171.0717947697085,73.42548278545057
2025-02-12,2066.1493873760296,2099.2436035789265,1987.091049400097,2012.681884765625,2260417,2101.7613118489585,2093.709816672585,2146.1598095703125,,2093.855839512676,2108.5118864168194,39.20414276703482,-16.379930485685236,-16.321009755289897,-0.0589207303953394,2202.555284110375,1983.4594619833747,22.2202739118012,0,2099.169080724898,2132.2384625122395,77.3475179202122
2025-02-13,2038.4715101648144,2126.7724152038227,2028.533442624504,2042.5462646484373,2612734,2101.650892469618,2090.391817959872,2144.772438964844,,2083.593924539828,2102.5150117106027,42.81908976112144,-19.54181289536473,-16.965170383304862,-2.576642512059866,2201.895214252382,1978.3653204155855,22.308120882112288,0,2099.169080724898,2117.1324170254,79.88531404385988
2025-02-14,2052.4347454100907,2058.198943561056,1919.660564526093,1957.723876953125,1928965,2094.7659369574653,2084.5644364790483,2141.5196704101563,,2058.419915022488,2089.3521812781046,36.22983911145104,-28.56283074878138,-19.28470245640017,-9.278128292381211,2207.665796732888,1956.6191275835183,23.496027110774065,0,2065.453838287896,2065.453838287896,84.03096465969566
2025-02-17,1943.9594806089167,2020.334437739666,1918.070450100676,2014.421142578125,1109133,2085.462687174479,2080.6704711914062,2139.9742846679687,,2049.6201605336155,2082.5402686690154,42.58939812108751,-30.78221863822409,-21.584205692764957,-9.19801294545914,2207.3054513127577,1949.297246441148,24.61291921238785,0,2064.658781075188,2064.658781075188,86.51196766714494
2025-02-18,1998.6691317062669,2012.483238445668,1983.016484296134,2001.0543212890625,342738,2066.513861762153,2075.3783957741475,2137.5781884765624,,2039.906992684705,2075.132455270838,41.53767272822895,-33.236559923516324,-23.914676538915227,-9.321883384601096,2203.4221622183286,1940.6932186410463,25.65003330674351,0,2064.658781075188,2064.658781075188,85.85888184364808
2025-02-19,1937.946833187871,1974.718132074,1881.0507018032529,1966.022216796875,1650681,2043.6449652777776,2069.6865234375,2134.156474609375,,2025.1300375071391,2065.213342682296,38.83119543968123,-37.575296503409845,-26.64680053181415,-10.928495971595694,2199.110030991591,1927.817263930284,27.443000791832024,0,2046.148906926476,2046.148906926476,90.99480221985068
2025-02-20,1966.0222196364373,1983.861220190106,1951.6615851986423,1965.27685546875,465756,2018.9485677083333,2062.3842218572445,2131.3270703125,,2013.159401099461,2056.128207481064,38.773308525377374,-40.605842060801706,-29.438608837611667,-11.167233223190038,2195.2301986470547,1916.118995688883,28.91300000742888,0,2043.0679881155563,2046.148906926476,86.91302890131979
2025-02-21,1972.7304509230696,1975.662168054301,1890.144127341537,1893.57275390625,937687,1989.791042751736,2051.278298117897,2127.9202587890627,,1989.2420716608192,2041.350438974263,33.58623103709624,-48.23744178669767,-33.19837542742887,-15.0390663592688,2204.116340763052,1889.9751875572608,30.70845609810141,0,2023.0923343981667,2046.148906926476,87.77552321816596
2025-02-24,1893.572739520788,1933.7727851735403,1868.3794556978053,1891.03857421875,1035104,1971.5930989583333,2040.8228759765625,2124.728115234375,,1969.6013721724053,2027.685723996489,33.41608433971878,-53.86905770899011,-37.33251188374112,-16.536545825248993,2212.438636149945,1869.7717886547423,32.5145244449282,0,1997.575935450814,2039.813283873752,86.50486433880327
2025-02-25,1903.1632026515072,1912.206930421838,1877.323911127257,1887.4608154296875,597879,1957.679646809896,2032.7006669477985,2121.785417480469,,1953.1732608238624,2014.938005035871,33.16067081229134,-57.95280526992519,-41.45657056097794,-16.496234708947256,2217.061155519275,1848.3587053205688,34.19158790983878,0,1997.575935450814,2039.813283873752,81.85875587766334
2025-02-27,1888.9514610129304,1904.156938116056,1869.4230174423908,1879.3612060546875,1100973,1939.5479736328125,2026.769375887784,2117.65013671875,,1938.4108498700275,2002.6128414921263,32.55403113545444,-61.13801444564456,-45.39285933791126,-15.745155107733297,2220.433007191641,1827.759009409921,35.80386924824889,0,1963.2891996294304,2039.813283873752,81.53931392068648
2025-02-28,1908.132293158711,1913.1013876721447,1848.006249546158,1892.877197265625,1321909,1932.342787000868,2019.3835005326705,2112.518056640625,,1929.304119349147,1992.636873835172,34.70079323602283,-61.85862046169564,-48.68601156266814,-13.172608899027496,2218.961828955397,1811.7588741696031,37.45108865380377,0,1934.170343642912,2029.6266807979284,81.94038379972483
2025-03-03,1892.2311542171967,1948.878830577691,1879.460605827154,1940.8785400390625,985764,1924.17138671875,2014.3489046963775,2108.5875024414063,,1931.6190034871304,1987.9315707627984,41.78735277358141,-57.889089336086045,-50.52662711735172,-7.362462218734322,2216.0022655650714,1804.4522876575847,38.06822513005465,0,1930.2447439959128,2029.6266807979284,81.88358227431904
2025-03-04,1928.008592670256,1953.102518940836,1913.200667360303,1941.126953125,575821,1917.5127902560764,2008.6005692915485,2104.471101074219,,1933.5205934147043,1983.6766055229984,41.822540244715576,-54.099536677131255,-51.24120902930763,-2.858327647823621,2214.301041842232,1798.297359036675,38.535685654130326,0,1915.933734868132,2029.6266807979284,74.6854920474319
2025-03-05,1929.1017907106525,2005.9240381435,1924.878060499103,1997.67529296875,715504,1921.0297987196184,2006.5158081054688,2101.303801269531,,1946.3515333255136,1984.949213472612,49.33088338372006,-46.00301632514788,-50.193570488475686,4.190554163327803,2204.740485619576,1797.8104054937053,37.73084135810989,0,1926.965143844829,2029.6266807979284,72.46359372354387
2025-03-06,2008.9055365557008,2021.4276303567003,1993.6504407962536,2006.0234375,515993,1925.5571967230903,2005.894669966264,2098.052023925781,,1958.285914160411,1986.8650520205565,50.34963103688792,-38.46938894916184,-47.84873418061292,9.379345231451085,2180.099012503005,1805.8948473602763,36.6514388229914,0,1934.716939951429,2029.6266807979284,66.29835508941879
2025-03-07,2007.514081983144,2034.9931975170089,1991.6129803436727,2017.4522705078125,937498,1939.3215874565967,2002.2265735973008,2094.1204736328127,,1970.119185429892,1989.6457082466704,51.77903760523718,-31.216874965083207,-44.52236233750698,13.305487372423777,2153.052176658076,1817.5026817403616,35.3577071563917,0,1941.4997235315836,2029.6266807979284,59.50134352787403
2025-03-10,2037.1299990758143,2067.242759818758,1989.6751473152824,1997.9735107421875,1122775,1951.2032470703125,1994.334744540128,2088.138674316406,,1975.690050492351,1990.402781200808,49.18026513957746,-26.7328192042728,-40.96445371086016,14.231634506587357,2114.330377202207,1837.267388911074,33.49172009670236,0,1957.6245046824577,2029.6266807979284,57.73731673248012
2025-03-11,1995.389629870416,1995.488987496957,1954.8417703475693,1963.885498046875,805222,1959.6948784722224,1984.8821633078835,2080.593601074219,,1973.329140003256,1987.9921190959053,44.93035991612749,-25.63429425962568,-37.89842182061326,12.264127560987582,2075.7235694998017,1856.6636985666048,32.30148338048259,0,1957.6245046824577,2029.6266807979284,58.57496545481063
2025-03-12,1963.8855010103705,1974.221241817652,1925.4247581657585,1954.5435791015625,576820,1968.0484754774309,1974.2912153764205,2072.678828125,,1969.572027822917,1984.9513427327836,43.81295639928591,-25.226722161768976,-35.3640818888444,10.137359727075427,2062.500709195843,1859.858909944782,31.61637059673975,0,1957.6245046824577,2029.6266807979284,53.48874146667377
2025-03-13,1965.7737336208609,1970.9912827116136,1938.4934540440927,1956.28271484375,374359,1975.093532986111,1965.2135897549715,2064.17869140625,,1966.914165227084,1982.3451038337805,44.09171506394399,-24.48118080467816,-33.18750167201115,8.706320867332991,2056.7421524332763,1859.977549715161,30.980194440407114,0,1973.351682822956,2029.6266807979284,53.510041014963576
2025-03-17,1953.3509830556463,1998.5697415033856,1948.8787981542216,1979.5380859375,550930,1979.3890380859373,1961.791681463068,2056.68529296875,,1969.4389493691676,1982.089920388664,47.81969273916968,-21.762950072359672,-30.902591352080854,9.139641279721186,2045.9818941046003,1864.4369901727432,29.76366004041204,0,1990.2217135895305,2029.6266807979284,50.95096263184928
2025-03-18,1979.5380859375,1979.5380859375,1979.5380859375,1979.5380859375,0,1983.6569417317708,1960.2851451526988,2049.3618408203124,,1971.458776682834,1981.857935438558,47.81969273916968,-19.38527129265321,-28.59912734019533,9.213856047542116,2047.7217303834968,1864.8785747922843,28.63402095470232,0,1996.0604101589304,2029.6266807979284,46.28001052643963
2025-03-19,2029.2787609463,2055.068433234728,2011.7378337483983,2048.2109375,337699,1989.2720133463545,1960.5426302823157,2043.464521484375,,1986.8092088462677,1987.8900265350528,57.52049686170751,-11.823326582283244,-25.243967188612917,13.42064060632967,2055.011076325278,1860.968208342691,27.096990600717444,0,1996.333758992258,2026.5457619870087,49.18339109805728
2025-03-20,2062.1742913840726,2087.019764774242,2034.9436282852887,2072.80810546875,508883,1996.6925320095488,1965.77373157848,2040.156103515625,,2004.008988170764,1995.6098518926613,60.362912278568125,-3.801820015884687,-20.955537754067272,17.153717738182586,2069.946861375048,1853.2078017108893,26.18508268615385,0,2006.2222614700004,2006.5701082696191,50.4221207991493
2025-03-21,2076.087566329951,2111.666329492266,2067.540627213932,2101.628662109375,999055,2006.0454644097224,1969.7377097389915,2037.41017578125,2028.8879290771483,2023.5329229584863,2005.247925548726,63.449006942053295,4.825237453519094,-15.79938271255,20.624620166069093,2093.559763273847,1843.155544343341,25.709222425863903,0,2018.5455438290123,1987.3893323749903,48.92430395288837
2025-03-24,2115.840300392189,2121.8032134040973,2085.4790864469114,2106.84619140625,392261,2018.1424289279516,1974.5464311079545,2035.995966796875,2031.3554180908204,2040.1955766480392,2014.4841315357737,63.99553328939813,11.945552765725324,-10.250395616894936,22.19594838262026,2115.0796056912177,1835.79263551972,25.417646026990003,0,2023.613985784928,1987.3893323749903,46.56043982479188
2025-03-25,2107.045086057265,2111.865204871601,2041.1550857705288,2055.962890625,702121,2028.3732503255208,1978.6346435546875,2034.2925634765625,2033.683516845703,2043.3490394434316,2018.2549278166125,55.30975532731868,13.3289489991123,-5.534526693693489,18.86347569280579,2122.036757419477,1845.074497463335,24.19455118493833,0,2023.613985784928,1984.904731475128,48.761030361973226
2025-03-26,2066.1494334948643,2085.0319920501324,2040.3598823101656,2046.0743408203125,681836,2038.5433349609373,1982.307256525213,2032.3884057617188,2035.851845703125,2043.894099718808,2020.7839653624037,53.78205399438642,13.472079408381887,-1.7332054732784137,15.2052848816603,2125.26596466218,1857.3488668807888,23.042471879682047,0,2030.148333724095,1984.904731475128,46.162896940228215
2025-03-27,2026.148293915048,2041.304032226368,1981.277346061326,2006.3216552734373,1546632,2044.1032172309028,1987.432206587358,2030.203994140625,2037.7986529541013,2036.379610829734,2019.46920989977,48.03774392489063,10.259536244858054,0.6653428703488797,9.594193374509176,2122.0434711664,1872.457444360944,21.93699945889305,0,2035.3410057791596,1984.904731475128,48.80716874012392
2025-03-28,2032.2104800591908,2032.2104800591908,1981.426360365151,2015.4149169921875,828442,2048.0895317925347,1993.0856767134237,2028.793767089844,2039.890369873047,2032.186672062225,2019.1006378172624,49.369876289077176,8.351057080119062,2.2024857123029165,6.148571367816146,2115.9550723844604,1892.151214236633,20.910489353874706,0,2050.6706496707984,1984.904731475128,49.33601892017418
2025-04-01,2005.1787022992464,2009.452050725328,1932.0336564543784,1943.3134765625,1111639,2044.0645751953125,1995.624434037642,2025.6582690429689,2041.6636322021484,2014.41203296228,2012.2108958850115,40.50325363981115,1.008959271985077,1.9637804242393488,-0.9548211522542716,2109.869857994199,1903.2800565565824,20.769361606837617,0,2026.9184349292375,1984.904731475128,49.75127949405516
2025-04-02,1947.1395971120776,2007.017183293526,1926.5675952822733,1997.2777099609373,1464336,2038.405327690972,2000.9842751242895,2023.2542236328125,2043.7072106933597,2010.985168362012,2010.8533335282773,48.02679692823108,-0.450055540460653,1.4810132312993485,-1.9310687717600008,2108.116320367243,1910.673511175726,20.721964695491305,0,2024.1854043431852,1984.904731475128,52.41684003810048
2025-04-03,2087.0195632868504,2136.7105052698703,2057.254737565332,2082.74609375,3329584,2039.509548611111,2009.6146795099432,2023.08427734375,2046.184810180664,2025.3373534396096,2017.3890390029796,57.24768947993005,5.229961253935016,2.230802835826482,2.9991584181085345,2114.8951490841223,1918.056596521346,20.11870345224727,0,2031.639050276072,1992.358377408014,58.89086229931758
2025-04-04,2077.031663817192,2077.031663817192,1904.156922821193,1958.86669921875,3086633,2023.6471082899309,2010.43232310902,2019.7430615234373,2048.1550714111327,2012.0432225954376,2012.0688262953224,44.83224591469283,-0.2616007786343743,1.7323221129343107,-1.993922891568685,2115.9986653495585,1913.0722208809104,19.851889003783683,0,2020.433714045532,1992.358377408014,69.32595817512374
2025-04-07,1784.1036108597868,1944.853815241305,1784.1036108597868,1911.1634521484373,1989646,2001.9045817057288,2009.0703457919035,2015.2082690429688,2049.9320849609376,1991.8672685060376,2002.895610463787,41.13288269033617,-8.366512669833355,-0.2874448436192225,-8.079067826214132,2121.3022965160635,1898.2825911792488,20.663288602093505,0,1960.4070580648288,1960.4070580648288,78.25968281868083
2025-04-08,1919.1636079272032,1979.0909346996336,1913.44914938798,1970.39501953125,796915,1992.3970404730903,2007.8303333629265,2012.1950122070311,2052.0873834228514,1987.5728187110803,1999.941011288102,46.98272122200168,-9.89614467177512,-2.209184809250402,-7.686959862524716,2120.24718579702,1894.6319768006365,20.93265340459188,0,1960.4070580648288,1960.4070580648288,83.111645858052
2025-04-09,1923.03958424238,1927.263314595367,1896.20647376458,1907.8341064453125,1112795,1977.037014431424,2003.3671819513493,2009.0287060546875,2053.9036560058594,1971.6250762579268,1991.5676563023935,42.21143210714914,-15.972411874775617,-4.961830222355445,-11.010581652420171,2124.216773085206,1881.6484490827625,21.329860291238557,0,1960.4070580648288,1960.4070580648288,83.01580289158355
2025-04-11,1998.2220078355333,2006.1725590844223,1937.946866916736,1957.077880859375,1084881,1971.565483940972,2000.622891512784,2007.973271484375,2055.9377001953126,1968.7156371782169,1988.4322221712105,46.79188457468964,-16.6227199936709,-7.294008176618536,-9.328711817052362,2124.374987485198,1880.809472964021,20.62893762198172,0,1960.4070580648288,1960.4070580648288,86.32025404516615
2025-04-15,2017.4522783809527,2017.4522783809527,1968.0595297469029,2000.358642578125,1250417,1969.892564561632,2000.731306596236,2006.873115234375,2058.2272326660154,1975.0442382581984,1989.5164422082023,50.5051397645244,-13.490191573717992,-8.53324485603843,-4.956946717679564,2124.565726185948,1885.200240610928,19.835497571260404,0,1960.4070580648288,1960.4070580648288,87.48087513396929
2025-04-16,1995.7869801867828,2016.657176184679,1909.1260243789727,1922.244384765625,2011566,1967.5515543619792,1998.8385287198157,2004.2852099609372,2060.003497924805,1964.484267559684,1983.400800622513,44.47273031860609,-17.1135338442823,-10.249302653687204,-6.864231190595097,2126.680929549561,1879.6812042395015,19.6900884325898,0,1960.4070580648288,1960.4070580648288,92.56709119457788
2025-04-17,1923.0394771317283,1949.773228492994,1910.2191896876943,1925.225830078125,1443207,1959.545789930556,1997.5059037642045,2001.437919921875,2061.7959075927733,1956.632580063372,1978.11216693666,44.744009099937855,-19.519472648493547,-12.103336652648473,-7.416135995845074,2128.460983383556,1872.469924819569,19.555065660967088,0,1960.4070580648288,1960.4070580648288,90.341656887737
2025-04-21,1942.1208443318928,2002.147530108014,1916.480389521454,1996.7808837890625,966828,1949.994099934896,1999.346729625355,2000.5027368164065,2063.7583380126957,1964.6622408085104,1979.809323014151,50.939042776594526,-15.47392785264674,-12.777454892648128,-2.696472959998612,2128.961378762636,1873.6938092256455,18.70453322073944,0,1930.5676373384892,1960.4070580648288,93.26987337677936
2025-04-22,1990.619235328212,2048.2607309093587,1974.7181330989304,2034.049072265625,1256110,1958.347696940104,2001.824501731179,2000.7899487304687,2065.9333306884764,1978.5396070999332,1984.74020930974,53.84170633423707,-9.155039511871337,-12.05297181649277,2.897932304621433,2127.311783252921,1873.9272182119223,17.403093676204342,0,1916.1821708845728,1960.4070580648288,93.8945593090252
2025-04-23,2039.3162660400208,2091.094324818123,2021.328169243077,2076.58447265625,1092068,1976.727810329861,2006.2357011274855,2000.3586303710936,2068.238131103516,1998.1485802111968,1993.089687795786,56.97081556078653,-0.7068752306797705,-9.78375249933017,9.0768772686504,2127.9640113888763,1873.6526267947172,16.694029439358253,0,1993.6503992913515,1960.4070580648288,95.25041901481136
2025-04-24,2076.6841081108373,2136.213764246564,2069.6278967403905,2091.094482421875,1580520,1990.1388617621528,2008.1849531693888,1998.7486450195315,2070.6263665771485,2016.7377606533323,2001.999214579976,58.01638450697519,7.077606113160528,-6.411480776832031,13.489086889992558,2125.7550370886456,1874.808183126198,16.523460686481748,0,2016.210119005572,1960.4070580648288,94.05074808398024
2025-04-25,2097.752931403908,2111.7656319726752,1998.7684743292025,2007.1165771484373,725961,2001.1702473958333,2005.198974609375,1995.454130859375,2071.9579809570314,2014.8135239523533,2002.464429358927,50.38546536739959,6.396810094491457,-3.849822602567333,10.24663269705879,2110.438441618008,1880.1518171710552,15.458872315733991,0,2022.6698943127683,1960.4070580648288,96.37557448628168
2025-04-28,2007.1166410081328,2105.902264661252,2002.6444559250867,2092.38623046875,1393395,2016.2045084635415,2004.778864080256,1993.550966796875,2073.662017211914,2030.328065255633,2010.639138550729,56.624090973373576,12.592662366448168,-0.5613256087642333,13.1539879752124,2117.339936966164,1876.8926558072733,14.470325971468217,0,2022.6698943127683,1960.4070580648288,93.79164687394112
2025-04-29,2094.671896916867,2102.821162786645,2040.508770747748,2054.322998046875,1122651,2022.2005479600691,2002.391446200284,1991.5176171875,2075.1326947021485,2035.1270518138813,2014.610398504924,53.39642884451648,14.267073242544484,2.4043541614975106,11.862719081046974,2118.51372389406,1876.5437346020344,13.552390080364283,0,2022.6698943127683,1960.4070580648288,85.48616266751898
2025-04-30,2058.198930795526,2103.914599948879,2058.099451853436,2082.64697265625,1018611,2040.0230577256943,2003.6043590198865,1992.0741552734376,2076.5676275634764,2044.6310359823556,2020.79554160959,55.432255032758405,17.675808248296107,5.4586449788572295,12.217163269438878,2128.171876315835,1874.51811391854,12.715020952506045,0,2023.2164769671288,1960.4070580648288,76.54534220630762
2025-05-02,2074.099999893285,2103.71585100552,2035.341063623118,2046.2730712890625,577972,2053.472751193576,2003.6133922230115,1992.7459790039063,2077.7605798339846,2044.9594430436969,2023.11168067136,52.27413435640396,17.243414103872055,7.815598803860196,9.42781530001186,2131.1778561383408,1874.597949525721,12.008259644016633,0,2026.347076884009,1960.4070580648288,76.57729255139374
2025-05-05,2057.205166513316,2087.019734143943,2040.31024485596,2072.41064453125,1091556,2061.8760579427085,2006.6174371892755,1993.3432666015624,2079.131715087891,2050.449683341208,2027.5934046586224,54.28944825212452,18.793186196889792,10.011116282466116,8.782069914423676,2138.0022285123696,1880.683293948568,11.351981286133604,0,2055.465948672748,1960.4070580648288,74.6145028029161
2025-05-06,2042.2977520117472,2065.652495161273,2002.147445908556,2036.3348388671875,705896,2062.130032009549,2007.5683427290485,1994.915485839844,2080.4191931152345,2047.626714446404,2028.3880804957648,51.08316322668864,16.91538569033287,11.391970164039469,5.523415526293402,2140.369005045005,1882.222230306557,11.308700898859248,0,2067.4911192878835,1960.4070580648288,72.60912751602926
2025-05-07,2012.5826918550515,2062.0748018035606,2012.5826918550515,2058.596435546875,687550,2060.131361219618,2012.808477228338,1995.7989916992187,2081.6448205566408,2049.8206586664983,2031.13429459132,52.93052113315962,17.027260405337984,12.51902821229917,4.508232193038813,2136.776935702627,1883.3993338286232,11.268511967818776,0,2067.4911192878835,1960.4070580648288,71.83182126081007
2025-05-08,2065.9507213368047,2086.721438726041,1994.2962835541264,2002.3463134765625,878435,2050.270453559028,2013.03886829723,1995.8248315429687,2082.4883239746096,2040.3257896285115,2028.5172053990696,47.99801331315357,12.433679456723668,12.50195846118407,-0.068279004460404,2136.7226565416013,1887.80157441543,10.775788419544911,0,2053.0309577634007,1960.4070580648288,70.75282150125352
2025-05-09,1964.879312739396,2035.5398118998808,1963.8854938445488,2024.806640625,558130,2052.2360161675347,2010.4052567915485,1997.0005200195312,2083.5822705078126,2037.221959827809,2028.1798813286996,50.00154177721609,10.484732680257366,12.098513304998727,-1.6137806247413629,2132.99136961423,1902.8971801904577,10.80366358033829,0,2034.8938792529004,1960.4070580648288,73.04569859054155
2025-05-12,1985.650095313944,2032.359582040548,1961.79844251738,2027.1917724609373,1207946,2044.9921875,2013.5109419389205,1998.238818359375,2084.840196533203,2035.215922354435,2028.090053249812,50.22087470555908,9.028562871587836,11.484523218316552,-2.4559603467287143,2133.672974966601,1907.8952501310548,10.862699315800253,0,2032.8565212331296,1960.4070580648288,71.96669851458499
2025-05-13,2038.720002685044,2101.2313573277943,2036.6331285655103,2051.6396484375,1373008,2044.6940375434028,2019.8962235884237,2001.40015625,2086.1276885986326,2038.500667571048,2030.2309255396017,52.52004404762264,9.735057397153014,11.134630054083845,-1.3995726569308309,2128.178246067775,1927.7705332291,10.50470251785086,0,2032.8565212331296,1960.4070580648288,72.00219759004418
2025-05-14,2053.428625634686,2073.106288984536,2023.2166272006764,2058.596435546875,1196372,2042.021755642361,2023.9053788618608,2004.7513134765625,2087.47630065918,2042.5198211662137,2032.809608267536,53.1826913072164,10.732595300298726,11.05422310332682,-0.321627803028095,2128.2951043769963,1937.8055303886283,9.931789263225816,0,2032.75714676145,1960.4070580648288,70.58244803353088
2025-05-15,2087.0197481967703,2105.8028288779115,2051.0435515398835,2060.087158203125,2268766,2043.556654188368,2030.8259721235795,2008.2038403320312,2088.7546002197264,2046.033288573596,2035.2893855344075,53.3329898943282,11.510751358814332,11.145528754424324,0.3652226043900093,2130.7093927648007,1941.3640935633243,9.936461893215794,0,2033.8006356976457,1960.1586875531757,69.73769159294905
2025-05-16,2071.1186626890926,2071.1186626890926,2028.3844484397496,2055.614990234375,2099648,2041.690470377604,2035.304931640625,2011.728916015625,2090.086566162109,2047.949628905752,2037.137167779859,52.785508828728446,11.632486992807571,11.242920402100973,0.3895665907065986,2121.0016688305354,1964.4088780444645,9.513580280183472,0,2033.8006356976457,1960.1586875531757,64.71890992193978
2025-05-19,2059.2922340186947,2064.161849562532,2013.079533981362,2017.0548095703125,824580,2039.5482449001736,2036.063848322088,2014.2124682617184,2091.0252282714846,2041.770665038664,2035.3114988517184,48.19191112051,8.519274151733725,10.698191152027524,-2.178917000293799,2104.5200979921374,1990.0733468320816,8.838222853656173,0,2033.8006356976457,2016.210119005572,60.99208898229727
2025-05-20,2025.0053798104248,2028.384388355998,1951.3634230950524,1954.742431640625,1568846,2028.0089111328125,2037.541032270952,2014.48974609375,2091.550710449219,2024.3650183590564,2027.9870381961643,41.85337868175207,1.0122735536326672,8.761007632348553,-7.748734078715886,2112.441447306556,1977.94815230282,9.216166813871396,0,2028.583125986482,2016.210119005572,62.04270135530074
2025-05-21,1961.7984603239684,2004.4333143479648,1956.0342623195008,1983.6624755859373,1555298,2025.932929144965,2040.1972434303975,2015.3404565429687,2092.2140844726564,2016.2245098044327,2023.9575325043252,45.4400985017002,-2.5738034498531306,6.494045415908217,-9.067848865761349,2115.244985574753,1970.105954366653,9.567114776928385,0,2028.583125986482,2022.6698943127683,62.04979284139615
2025-05-22,1983.3642369682973,1986.345693528144,1943.5121252148508,1956.5311279296875,989503,2018.3467610677085,2038.3677090731533,2014.517573242188,2092.4965771484376,2004.285833429484,2017.8278593611765,42.77438285232176,-7.51840087587675,3.691556157551224,-11.209957033427974,2116.8902391508263,1956.455366317924,10.091046592508038,0,2024.6574770463808,2022.6698943127683,60.22542005074552
2025-05-23,1965.773751632288,1969.550311916033,1934.866008617504,1966.668212890625,587965,2011.6219211154516,2035.3049427379265,2013.73046875,2092.623537597656,1996.762309321712,2013.1769824093085,44.094033932010746,-10.498037085981196,0.8536375088447401,-11.351674594825935,2112.183148783025,1948.7198297326,10.716725112427149,0,2020.334418747708,2022.6698943127683,59.36647819435596
2025-05-26,1971.73670651074,1992.507545877765,1959.3139702045987,1975.016357421875,1159667,2003.1082221137156,2030.6882102272727,2012.881750488281,2092.7517407226565,1992.4131189417449,2009.707834683178,45.21449269178834,-12.046925298402355,-1.7264750526046797,-10.320450245797677,2113.7083714177274,1943.9845851252408,10.764305400167991,0,2020.334418747708,2023.2164769671288,56.71864798367541
2025-05-27,1976.506978256511,1987.9358950364272,1952.8540410900257,1958.0218505859373,672238,1991.9332682291667,2024.63945423473,2012.082717285156,2092.860811767578,1985.5348652705836,2005.009108856156,43.31147013799664,-14.478841961161606,-4.276948434316065,-10.201893526845542,2107.0845424787926,1937.171976075895,10.926757660414786,0,2020.334418747708,2026.347076884009,55.689343983524864
2025-05-28,1959.3139643007205,1966.171338984204,1926.4185829243368,1929.5987548828125,932231,1977.434556749132,2021.11591685902,2011.396982421875,2093.014108276367,1974.3476431930287,1998.1536221313063,40.25948782143399,-18.486558183673424,-7.118870384187537,-11.367687799485886,2108.833295001977,1922.950799236304,11.55017361063685,0,1998.7686228067143,2031.3161735854503,51.92702976123577
2025-05-29,1947.8850607089296,1962.7923443368045,1937.1517679705464,1957.922607421875,1008723,1966.5798475477432,2015.0039339932528,2011.4645629882807,2092.893110961914,1971.0626360387985,1994.4962571577216,44.45953554740343,-19.15638113912132,-9.526372535174294,-9.630008603947028,2100.450317899299,1918.861339815545,12.129059850128767,0,1995.2902162434343,2031.3161735854503,49.17983486114007
2025-05-30,1957.8231415188848,1962.7922357866992,1929.002394765561,1945.59912109375,1340964,1958.6403266059028,2010.0619395862925,2011.250891113281,2092.4304876708984,1965.9699330497888,1990.051062970088,43.04165326833392,-20.445935000600684,-11.710285028259571,-8.735649972341111,2097.9951394451846,1911.249123250128,12.81856438935341,0,1977.4014856401675,2031.3161735854503,46.5533135395665
2025-06-02,1941.9220597446763,1952.257800190711,1929.4993239479472,1948.9781494140625,498677,1957.9998508029516,2003.986083984375,2010.6396923828124,2091.67294921875,1962.571576322644,1986.3171617377216,43.57303288202269,-20.95371499756834,-13.558971022121328,-7.394743975447014,2089.239045990082,1907.661967193512,13.45881860434772,0,1965.425948636151,2019.0921074485057,42.89037720927412
2025-06-03,1957.823221446792,1960.5064839346444,1936.1579210283264,1941.922119140625,681118,1953.362033420139,1999.2428588867188,2009.887373046875,2090.959387207032,1958.44168488624,1982.2812487743493,42.67766512259867,-21.675633763471524,-15.182303570391364,-6.493330193080158,2086.0299562328687,1901.4297849780687,13.791094853796626,0,1959.4630644010508,2016.1604237927943,41.06601300373542
2025-06-04,1941.922075436439,1956.8293585129725,1923.0395168728296,1931.98388671875,551337,1950.6345621744792,1992.859824440696,2007.56283203125,2090.1958862304687,1953.1501252527423,1977.7087613147492,41.38767008980732,-22.7870173343606,-16.703246323185212,-6.083771011175386,2078.324384132043,1896.4741021960815,14.386826411904307,0,1957.7735313752971,2014.4211728753703,39.56819616817221
2025-06-05,1941.922141262128,1987.4390956583527,1936.9530467348447,1982.867431640625,1130246,1952.434475368924,1990.4294877485795,2005.7640185546877,2089.8045703125,1959.093586530319,1978.1777313443745,49.76072012298809,-19.338992134487626,-17.230395485445694,-2.108596649041932,2077.093243907544,1895.757354236987,13.981916122362517,0,1957.7735313752971,2014.4211728753703,40.476838646047895
2025-06-06,1992.606880660884,1995.488979714024,1973.5256064397213,1987.240234375,1289550,1953.7926839192708,1987.1860240589488,2003.47625,2089.374991455078,1964.7229160992556,1979.0015952562492,50.41626309367139,-16.068332946266764,-16.997982977609908,0.9296500313431436,2073.4054552909274,1895.688502228604,13.371670840296588,0,1959.2642482934268,2014.4211728753703,38.396914195557365
2025-06-09,1997.57595321303,2000.5574098596169,1970.643485768688,1982.2711181640625,1044214,1956.4870469835068,1986.273515181108,2000.9847485351563,2089.006284790039,1968.232556512217,1979.298824611505,49.62384906165202,-13.7191325056981,-16.342212883227546,2.623080377529448,2068.862022622583,1895.7398694672604,12.654053379218286,0,1961.7984633662231,2014.4211728753703,35.03212554055618
2025-06-10,1982.2710559847992,2005.128889558299,1975.513160587318,1992.4080810546875,733750,1963.465861002604,1984.8008533824573,1999.71365234375,2088.5568298339845,1973.0676614207111,1980.490575197249,51.30527150636553,-10.913600847246016,-15.25649047603124,4.342889628785224,2059.745932603797,1898.9328027477648,11.846744285918716,0,1964.084203215564,2014.4211728753703,33.59818598795913
2025-06-11,2000.4580938150464,2016.8561057121133,1987.935999902261,2014.0733642578125,983172,1969.704833984375,1984.2045621004968,1999.0736328125,2088.105139770508,1981.268801988132,1983.5435560209364,54.77927742151574,-6.862878513483111,-13.577768083521615,6.714889570038505,2050.4336026219744,1903.7928256006817,11.266810314433377,0,1969.9478112924717,2014.4211728753703,32.60436723771334
2025-06-12,2019.439990722849,2036.8318213516136,2000.9549835748608,2010.6943359375,1391074,1976.9376356336809,1982.3434115323157,1999.1610864257807,2087.677797241211,1987.1539087780052,1986.011808740624,54.13063717982912,-3.880578334366419,-11.638330133690577,7.757751799324158,2038.972433369554,1910.31471262654,11.30726245716079,0,1979.9356691122216,2014.4211728753703,32.68954827187218
2025-06-13,1985.6501484092005,2006.520345164252,1967.7614083334413,1987.240234375,475900,1981.1889784071184,1979.0999478426847,1998.5975927734376,2087.210950317383,1987.1711738974043,1986.1234837982945,49.72904909417032,-3.3707777108777464,-9.984819649128012,6.614041938250265,2023.589972102696,1918.85969830746,10.700316243925087,0,1979.9356691122216,2014.4211728753703,33.38521626693591
2025-06-16,1987.2402568391096,2002.54509222898,1968.755249481692,1998.470458984375,513550,1987.4721272786455,1976.299188787287,1999.700732421875,2086.6877056884764,1989.4310309147984,1987.2459360879384,51.752065069609685,-2.037089473369406,-8.39527361397629,6.358184140606884,2019.8189869205385,1920.772248431024,10.136723331634794,0,1979.9356691122216,2014.4211728753703,33.29292975271351
2025-06-17,1998.4703935032453,2007.116569161323,1923.2382321208715,1931.98388671875,1196883,1987.4721272786455,1970.6795931729405,1998.3948559570315,2085.556987915039,1977.941602075589,1982.222113418012,41.18505644448442,-6.272734488267588,-7.97076578883455,1.6980313005669618,2021.1691649656143,1917.1462158937609,10.809839477080212,0,1980.0350267362423,2014.4211728753703,36.44475696561238
2025-06-18,1931.9839301992708,1948.779493773316,1920.5550129167127,1941.922119140625,994189,1982.9226481119792,1967.2644708806815,1995.578376464844,2084.330863647461,1970.7377054885965,1978.558477574613,43.05671567054811,-8.726982161576416,-8.122009063382924,-0.6049730981934918,2019.9736497982635,1914.16769541658,11.497060834573812,0,1978.6934171341632,2013.178920897312,36.08982063722748
2025-06-19,1941.922105771604,1943.7110282950453,1915.287711065824,1919.859375,617836,1975.4358859592012,1965.678877397017,1994.7982299804687,2083.0292095947266,1960.562039390877,1973.222195522376,40.01253629921568,-12.310363977676616,-8.959680046241663,-3.3506839314349524,2022.0739289712053,1908.4002409506693,12.262325881698622,0,1976.0597662087189,2010.545269971868,35.70649750923341
2025-06-20,1916.082850399448,1942.6177666582305,1908.7285662333056,1935.959228515625,753312,1970.2901204427085,1963.51054798473,1995.2941455078128,2081.577240600586,1955.6414772158269,1969.8346530672163,43.170108196787616,-13.693249006392534,-9.90639383827184,-3.7868551681206952,2022.01570399296,1905.3875674914152,13.134749871904656,0,1972.78019379246,1989.9236144611991,36.50154923653064
2025-06-23,1913.2007243169653,1936.0585588280776,1909.5236429436648,1915.2877197265625,615853,1961.72119140625,1961.6358476118608,1994.191999511719,2080.058933105469,1947.570725717974,1964.875840945339,40.24124496862072,-16.269666764127805,-11.179048423443032,-5.090618340684772,2022.59799454403,1898.8324131708137,13.944857862810258,0,1972.78019379246,1986.4452078979189,36.65771730639455
2025-06-24,1929.0025049449605,1952.257891709772,1914.2939365458049,1918.8656005859373,594546,1951.142550998264,1959.4630015980115,1994.4126293945312,2078.521246948242,1941.8297006915668,1960.693091821757,40.98751879689486,-17.817403380247924,-12.506719414804012,-5.310683965443912,2023.414386772425,1894.100395942419,14.01252086373992,0,1972.78019379246,1972.78019379246,36.955868272382
2025-06-25,1928.008668865316,1940.9283145845163,1911.6106569909457,1923.3377685546875,585479,1941.4362657335068,1957.113974831321,1993.7378271484372,2076.8220654296874,1938.131314264191,1957.2971533429325,41.963131743110175,-18.47021606625094,-13.699418745093398,-4.770797321157543,2023.7531100787708,1893.135574003261,14.15771463332064,0,1957.9225676973144,1972.78019379246,35.08890031909399
2025-06-26,1928.0086443530367,1929.1018208676069,1898.194077687784,1916.7784423828125,1733659,1933.607177734375,1955.239274458452,1992.0662231445312,2075.025737915039,1933.8607398879155,1953.61363416474,40.89522797925027,-19.29444329473631,-14.81842365502198,-4.47601963971433,2024.305040874898,1888.4692267032272,14.700284911258043,0,1952.6553234245532,1967.5129495196989,35.727783883773995
2025-06-27,1923.3377601923423,1940.7295908925728,1912.206915754725,1923.23828125,3591856,1925.248046875,1954.9501620205965,1992.0861010742187,2073.4291680908204,1931.7362481603325,1950.8522384452176,42.44857137291452,-19.205010891241272,-15.69574110226584,-3.5092697889754323,2024.6550676856623,1885.883115908088,14.68512632540634,0,1952.6553234245532,1967.5129495196989,35.628408958553905
2025-06-30,1926.5179055354663,1949.7732916709624,1913.101350609117,1926.02099609375,747414,1924.5855034722224,1953.500088778409,1992.1020043945311,2072.043784790039,1930.593197747016,1948.5948527769024,43.14178935403251,-18.694099295369146,-16.2954127408865,-2.398686554482641,2024.694806699833,1883.547661561886,14.281758455468506,0,1925.225984698778,1967.5129495196989,36.132424107901365
2025-07-01,1936.9529502960493,1957.823146271533,1893.224920633132,1948.7794189453125,1092022,1925.3474256727432,1953.644647771662,1991.1419750976563,2070.7436206054685,1934.2304419866755,1948.611631519485,48.59528314231285,-16.26528754069659,-16.28938770084852,0.0241001601519279,2024.8545199621428,1884.0736782800448,14.565140195370242,0,1925.5240334523323,1965.0283709923729,38.680861238512
2025-07-02,1962.7923347981068,1971.736704931364,1930.691935682437,1956.233154296875,1446106,1929.3889567057288,1953.9744207208807,1989.5856567382807,2069.5460693359373,1938.6309844487157,1949.3044972265204,50.27738423192258,-13.582412975051511,-15.747992755689118,2.165579780637607,2025.2674302493515,1886.0856947506488,14.229236599356136,0,1932.480812782248,1965.0283709923729,39.04999920081017
2025-07-03,1956.2330753677024,1956.3324329909065,1925.9216000279907,1942.7171630859373,739865,1930.1398383246528,1954.0105590820312,1986.908310546875,2068.091615600586,1939.44822017616,1948.7056486682857,47.2575772236404,-12.403859118794117,-15.07916602831012,2.675306909516003,2022.266613272249,1885.071484872282,14.08162522290775,0,1932.480812782248,1965.0283709923729,38.155563869299954
2025-07-04,1949.872682310984,1983.6625249198385,1944.9035878096813,1968.6558837890625,934950,1936.0696343315967,1955.6774680397727,1984.4595385742184,2066.7223828125,1945.2897528987403,1950.519306406538,53.08174289685096,-9.269950495906642,-13.917322921829424,4.647372425922782,2019.9113080163625,1885.5683550695749,13.296849529464762,0,1938.4437227764847,1965.0283709923729,38.66667237548662
2025-07-07,1972.7304601586889,1978.4946581403765,1952.85408272636,1966.3699951171875,475907,1941.347900390625,1954.9275845614347,1983.6446069335936,2065.364577026367,1949.50580134243,1951.960278107506,52.53121127978476,-6.891318614239253,-12.512122060311391,5.620803446072138,2018.0118491694027,1885.8777016118472,12.568129242696273,0,1938.4437227764847,1965.0283709923729,34.506832259312695
2025-07-08,1962.79228111191,1965.2768283031908,1903.1631485211683,1910.21923828125,1904205,1939.8902859157984,1951.426630193537,1980.001267089844,2063.633842163086,1941.648488730194,1948.1656381233008,41.22161061931418,-9.428447245267307,-11.895387097302576,2.466939852035269,2013.52850789864,1882.1421586052663,13.090783616904318,0,1938.4437227764847,1965.0283709923729,37.00557266927097
2025-07-09,1921.4494371815904,1953.3509988058247,1895.1132369941809,1902.3680419921875,1578005,1938.2891303168403,1947.7946721857245,1976.96216796875,2062.0896960449218,1933.792399382593,1944.0022202932,39.92722440060312,-11.935085651664394,-11.90332680817494,-0.0317588434894542,2003.0430056982293,1881.4571285791144,13.790310083646364,0,1938.4437227764847,1965.0283709923729,39.13517585372972
2025-07-10,1908.032841662388,1910.616746419097,1870.3670828404368,1883.0880126953125,2074057,1933.8279893663196,1942.8255781693888,1972.9709887695312,2060.712760620117,1923.651522045137,1938.464565057028,36.86582873848412,-15.300971803986386,-12.58285580733723,-2.7181159966491557,1993.097502096815,1878.64199985631,15.047201393007883,0,1927.0148038801376,1953.5994520960253,39.589494650425095
2025-07-11,1883.2867195717488,1892.032373972589,1863.410342584185,1882.988525390625,1511071,1929.046603732639,1936.8671764026988,1969.7052978515624,2059.4357025146483,1915.5189227142348,1933.4212887237184,36.850127496907,-17.771628354425047,-13.620610316754796,-4.151018037670252,1987.17060152718,1874.1437295275075,16.372626114173816,0,1923.536433752012,1950.1210819678995,39.73857432928162
2025-07-14,1882.9885219315067,1923.0394700141856,1876.926251224592,1914.1944580078125,624180,1925.203830295139,1932.4808183149855,1966.5409741210935,2058.162868652344,1915.2540297729504,1931.6733950222729,44.79269198887366,-17.01544010562634,-14.299576274529104,-2.7158638310972343,1973.4319550962769,1879.4547758607548,16.32234512439905,0,1923.536433752012,1950.1210819678995,40.320664588254935
2025-07-15,1919.06427248983,1947.8850202382528,1902.3680666471887,1938.6424560546875,989778,1923.2493082682288,1930.2718283913352,1964.587126464844,2056.8458099365234,1919.9317150292984,1932.3069460252195,50.08902346642222,-14.27880912512842,-14.29542284464897,0.0166137195205511,1974.0238157199367,1879.528772170688,15.417964121345335,0,1923.536433752012,1950.1210819678995,41.47775715950446
2025-07-16,1937.946819818816,1943.9097331105656,1913.300063019936,1918.1697998046875,562381,1920.5218234592012,1926.6217984286225,1961.77859375,2055.399803466797,1919.5793319843765,1931.021750914262,46.10060441351416,-13.60514991960872,-14.15736825964092,0.5522183400321996,1972.425520376492,1878.7518355805396,14.578181761366883,0,1923.536433752012,1950.1210819678995,41.4564662245621
2025-07-17,1926.0210262794787,1949.475128032935,1923.039569582452,1943.611572265625,582993,1917.7391221788196,1927.150329589844,1960.603898925781,2054.244737548828,1924.3857800406263,1932.166280128022,51.29126813000962,-10.892766699943197,-13.504447947701376,2.611681247758181,1974.202281246987,1879.3502944366064,13.603941777490714,0,1920.9525003622807,1950.1210819678995,41.655227159590645
2025-07-18,1937.4499514864945,1946.791873438276,1914.5921167164563,1920.2568359375,642199,1912.6154378255208,1926.1655439897015,1958.5129028320312,2052.8220861816408,1923.5599912200007,1931.083603383429,46.832652426021454,-10.506601927805605,-12.904878743722222,2.398276815916617,1973.296818563747,1878.6855178620344,12.990522575354005,0,1914.343585443688,1935.263455872754,41.33578542101738
2025-07-21,1915.089012006991,1929.996295442437,1903.1631852586336,1909.1260986328125,508571,1912.4939778645837,1925.6776677911928,1956.1515893554688,2051.4799334716795,1920.6732127025637,1929.0874665879185,44.83241130814599,-10.972239889293403,-12.51835097283646,1.546111083543055,1973.3610311277475,1878.0051431886588,12.804765292914562,0,1908.380670695005,1935.263455872754,38.6382771742604
2025-07-22,1918.070429543582,1935.4622598632773,1865.696223335725,1891.43603515625,2218870,1911.279310438368,1923.653886274858,1952.947517089844,2050.032933959961,1914.8257771933008,1925.6646091850396,41.77836789186905,-12.623189339993589,-12.539318646267889,-0.0838706937257001,1974.335600005092,1874.2876177683452,13.6979024463873,0,1906.44273530856,1935.263455872754,40.68979626559076
2025-07-23,1893.2249578204323,1912.107516454862,1893.2249578204323,1908.629150390625,374768,1914.117214626736,1923.3512240323157,1949.9481713867187,2048.725564575195,1913.5864518327655,1924.11593111282,45.6533171182577,-12.401283684779855,-12.51171165397028,0.1104279691904253,1974.0905271275756,1873.061828829456,14.5272440888977,0,1906.44273530856,1923.536433752012,39.99412828956906
2025-07-24,1909.6230041670783,1943.810398372128,1902.8649871638795,1929.4000244140625,667641,1919.2740478515625,1923.8300614790485,1947.3344287109376,2047.4492529296876,1916.7491663490248,1924.5963032311145,49.98417523877114,-10.429164987973309,-12.095202320770888,1.666037332797579,1974.6793759988263,1873.7351381613296,14.040369152502596,0,1907.58567568433,1923.536433752012,39.99413181630816
2025-07-25,1932.0,1960.0,1924.9000244140625,1951.0,681217,1923.363552517361,1925.0874356356533,1945.24212890625,2046.396970214844,1923.5993330792203,1926.9966393010127,54.08211840255111,-7.042131888315225,-11.084588234279757,4.042456345964531,1977.4629716024172,1873.727714432739,13.038294126110785,0,1912.848111667863,1923.536433752012,40.669803257159664
2025-07-28,1952.0,1984.0,1949.0,1960.5,784930,1925.792168511285,1927.0747791637075,1944.111032714844,2045.1832360839844,1930.9794664633764,1930.0423993645572,55.797498519011455,-3.550386503815844,-9.577747888186977,6.027361384371131,1981.487463249549,1873.1511231762329,12.84130609616962,0,1924.848111667863,1923.7051712920925,38.65502850030115
2025-07-29,1954.9000244140625,1987.0,1947.699951171875,1984.5999755859373,907495,1933.1732991536455,1929.863947088068,1944.70818359375,2043.7466375732424,1941.7035682878889,1935.0021790210465,59.89102643643787,1.1482768670066434,-7.432542937148252,8.580819804154896,1988.3933878153168,1869.8272542745271,12.745781082045092,0,1926.348111667863,1925.2051712920925,37.30233471576408
2025-07-30,1986.0,1992.0999755859373,1940.0,1984.5999755859373,754124,1937.727566189236,1932.5266279740767,1944.72693359375,2042.962978515625,1950.2828497474984,1939.511069617855,59.89102643643787,4.816480056488899,-4.9827383384208215,9.79921839490972,1993.7692376536368,1867.288086565113,12.36777195687012,0,1928.8980994608312,1927.7551590850608,38.148785573426736
2025-07-31,1935.0,1969.800048828125,1924.300048828125,1929.0999755859373,1105512,1938.710137261285,1931.6321078213775,1944.178310546875,2041.5547283935548,1946.0462749151864,1938.564606524044,48.01494663972351,3.208189335353836,-3.34455280366589,6.552742139019726,1992.8285342512636,1866.8670712174865,11.518922627095108,0,1928.8980994608312,1927.7551590850608,40.41149238552732
2025-08-01,1931.0,1931.0,1860.699951171875,1867.300048828125,1243065,1934.0627983940967,1927.5896939364347,1942.190947265625,2039.7410784912108,1930.2970296977744,1932.0860103698692,38.79091068868915,-3.018336746903288,-3.279309592313369,0.2609728454100821,1990.848115682124,1858.711906290532,12.463139032502331,0,1926.3999633789065,1926.3999633789065,42.139123102565286
2025-08-04,1883.9000244140625,1899.0,1857.0999755859373,1882.199951171875,515426,1933.0365668402776,1924.8389115767045,1940.334619140625,2037.9671441650391,1920.6776139925944,1927.5509140791423,41.69895500512122,-6.673675949205517,-3.9581828636917993,-2.715493085513718,1986.206590189916,1854.936427388209,13.418608922475697,0,1924.5999755859373,1924.5999755859373,41.88077101849376
2025-08-05,1889.0,1890.9000244140625,1855.5999755859373,1864.5,877812,1928.133327907986,1920.104553222656,1938.4641821289065,2036.3809906005856,1909.442091194076,1921.8190127992204,39.30972252256061,-10.873454324273553,-5.34123715580815,-5.532217168465403,1988.466007089512,1848.105086660488,14.34040015737287,0,1923.8499755859373,1923.8499755859373,42.21579807117202
2025-08-06,1908.0,1908.0,1836.800048828125,1851.800048828125,2735877,1919.5111083984373,1914.8968283913352,1936.9082080078124,2034.8257501220703,1897.9136827208852,1915.453652438212,37.64311455157184,-15.05306648569558,-7.283603021785637,-7.769463463909944,1991.754735991342,1839.759558442252,15.622372165939296,0,1914.4500122070312,1914.4500122070312,45.065413995716845
2025-08-07,1855.9000244140625,1952.699951171875,1855.0,1944.199951171875,4166570,1918.755547417535,1916.44140625,1936.6337548828128,2033.7156146240236,1907.1709364110836,1918.0669523230904,53.19222687595062,-10.785214100576695,-7.983925237543849,-2.8012888630328465,1994.191432205152,1843.434056076098,15.19039970555639,0,1914.4500122070312,1914.4500122070312,49.97256725442615
2025-08-08,1933.0,1939.199951171875,1912.199951171875,1918.0,1159423,1914.0333251953125,1917.1519497958095,1936.0817724609376,2032.6123724365236,1909.3367491288668,1918.060865748264,49.42854695254626,-9.40857128149537,-8.268854446334153,-1.1397168351612166,1994.041194461818,1847.0854412803692,14.789282420915118,0,1914.4500122070312,1914.4500122070312,50.3416308127259
2025-08-11,1918.0,1950.699951171875,1906.300048828125,1944.800048828125,1016105,1909.611111111111,1919.9570423473008,1935.9982104492187,2031.742014770508,1916.4294090687183,1920.4917005737057,53.085281318548205,-6.084889151692323,-7.832061387405787,1.7471722357134638,1996.2843384947944,1847.9028563294244,14.03539592299488,0,1914.4500122070312,1914.4500122070312,48.52976408531146
2025-08-12,1937.5999755859373,1960.699951171875,1932.0,1943.800048828125,1091418,1905.0777859157984,1922.7212025035512,1936.0357690429687,2031.1523797607424,1921.9035370206,1922.610641324108,52.93148315759703,-3.4912933046764465,-6.96390777085992,3.472614466183473,1996.8197522725984,1847.8832018289645,13.055324003634311,0,1903.300048828125,1914.4500122070312,49.10322621911597
2025-08-13,1943.800048828125,2005.800048828125,1943.800048828125,1989.800048828125,875771,1911.822238498264,1926.1578202681108,1937.192092285156,2030.509506225586,1935.482839382105,1928.7187692790185,58.83900574681447,2.2500287213865704,-5.121120472410622,7.371149193797192,2006.2173759375792,1845.6486030663275,13.390631204717868,0,1921.300048828125,1921.300048828125,50.60712541852679
2025-08-14,1990.0,2009.800048828125,1957.699951171875,1961.5999755859373,859101,1922.3000081380208,1927.2013438831675,1936.7667431640623,2029.6006604003903,1940.706266622872,1931.7079698523744,54.33660196193168,4.472995648738333,-3.2022972481808307,7.675292896919164,2008.344359486735,1845.3204598492027,13.79852119540866,0,1923.300048828125,1923.300048828125,51.821419852120535
2025-08-18,1975.0,1984.699951171875,1950.9000244140625,1968.300048828125,711882,1931.8666856553816,1929.4799915660512,1936.387939453125,2028.486798095703,1946.2250230639224,1935.0345224865332,55.21348245137334,6.698140871553505,-1.2222096242339635,7.920350495787469,2012.7379389654568,1845.731201659543,13.928841371368035,0,1923.300048828125,1923.300048828125,51.73570033482143
2025-08-19,1972.0,1986.0999755859373,1962.0999755859373,1968.5999755859373,475802,1943.433349609375,1930.6158280806103,1936.1145166015624,2027.367230834961,1950.7000135683252,1938.085927313752,55.25490510909162,8.389081959891428,0.7000486925911147,7.689033267300313,2016.923623029748,1847.4929052905643,14.088626359052798,0,1923.300048828125,1923.300048828125,50.64283970424107
2025-08-20,1968.5999755859373,1970.0,1932.800048828125,1940.300048828125,562011,1953.2666829427085,1931.5268832120023,1935.0723559570315,2026.3441827392576,1948.6200206202852,1938.2872110877856,50.50804926232665,7.3607472654032335,2.0321884071535385,5.328558858249695,2017.2067157073568,1852.0962139801427,13.186246316935454,0,1932.4000244140625,1923.300048828125,49.57855224609376
2025-08-21,1942.199951171875,1969.699951171875,1932.0999755859373,1962.5,1128325,1955.300021701389,1933.952969637784,1934.040888671875,2025.2895220947264,1951.3960164962284,1940.488373716169,53.85688255871676,8.242125051063113,3.274175735935453,4.967949315127659,2019.8406614406267,1854.84935320781,12.324785306352174,0,1958.050048828125,1923.300048828125,47.95712716238844
2025-08-22,1970.0,1978.800048828125,1962.5,1974.699951171875,380574,1961.6000162760415,1937.7376930930395,1933.3210009765623,2024.2424432373048,1956.0568034313576,1943.5985171212333,55.63354311622281,9.811951329310205,4.581730854610404,5.2302204746998,2023.660046915365,1855.559960408853,11.831993381928363,0,1958.050048828125,1923.300048828125,44.099984305245584
2025-08-25,1984.0,1985.9000244140625,1959.300048828125,1966.300048828125,322362,1963.9889051649309,1940.3590975674715,1932.902197265625,2023.199824829101,1958.1054525107115,1945.6622927309504,54.08932059138623,10.259977413571278,5.717380166402579,4.542597247168699,2025.137048665194,1855.6129635418365,11.61253980571447,0,1970.9000244140625,1923.300048828125,43.00712367466521
2025-08-26,1963.0999755859373,1963.0999755859373,1911.0,1924.5999755859373,1523467,1961.8555636935764,1940.1409135298293,1931.424787597656,2021.981502685547,1951.4043571257569,1943.7475366268584,47.09991068631575,7.167570612250074,6.007418255572079,1.1601523566779957,2023.067642037833,1854.0923677277915,11.75190141457946,0,1960.4000244140625,1923.300048828125,44.43569510323663
2025-08-28,1930.0,1934.0999755859373,1893.0999755859373,1902.4000244140625,503381,1952.144449869792,1937.9318237304683,1930.8331103515625,2020.730195922852,1941.603490583418,1939.9886718802409,43.851204770448106,2.8921267785615328,5.38435996016997,-2.4922331816084373,2017.5166975992204,1851.4233170492164,12.34877944050283,0,1951.4500122070312,1923.300048828125,42.27855573381698
2025-08-29,1902.4000244140625,1917.699951171875,1890.0,1894.9000244140625,865960,1944.733344184028,1934.9500066583803,1929.8926684570315,2019.7124536132808,1932.2627973495469,1935.8897039287697,42.77770555818376,-1.0888292367621943,4.089722120783537,-5.178551357545731,2011.303152241018,1848.6668672902315,12.98248532460601,0,1938.0499877929688,1923.300048828125,37.04998779296877
2025-09-01,1887.0999755859373,1928.0999755859373,1887.0999755859373,1898.0,482030,1936.9222276475691,1931.0136441317468,1929.4554809570316,2018.7444970703125,1925.4102378796372,1932.4451853897904,43.39452820194297,-3.948112059727237,2.482155284681382,-6.430267344408619,2010.999201805416,1845.8608201672396,13.156184919193592,0,1936.5999755859373,1923.300048828125,37.69284493582591
2025-09-02,1908.0,1908.0,1882.4000244140625,1889.699951171875,405325,1928.1555582682288,1926.7000066583803,1928.530295410156,2017.8329321289064,1918.268180538085,1928.559255006344,42.086418790623405,-6.805410336832665,0.6246421603785726,-7.430052497211237,2009.1833712650084,1849.916640942022,13.455113939000968,0,1934.1500244140625,1923.300048828125,36.34999302455359
2025-09-03,1899.0,1953.800048828125,1875.0,1951.0999755859373,607223,1929.3555501302085,1927.7000066583803,1929.246540527344,2017.2025274658204,1924.834539547656,1930.6084114226703,53.30112909425269,-4.068472163792421,-0.3139807044556262,-3.754491459336795,2009.9187684023605,1856.0712462460765,12.872523794769684,0,1930.4500122070312,1923.300048828125,39.928571428571445
2025-09-04,1961.0,1964.4000244140625,1931.0999755859373,1939.199951171875,382655,1926.766655815972,1930.9681840376415,1929.6532275390623,2016.7665435791016,1927.7076218725,1931.38946049078,51.23050956534219,-2.8270727260503463,-0.8165991087745703,-2.010473617275776,2006.5793766570844,1866.88063310854,12.641916847497027,0,1930.4500122070312,1923.300048828125,37.878574916294674
2025-09-05,1941.9000244140625,1970.0,1932.0,1943.9000244140625,319959,1923.3444417317708,1933.7727328213773,1930.06447265625,2016.4690948486327,1930.9461023808124,1932.5267844838056,52.0232592801836,-1.4473143583454655,-0.9427421586887494,-0.5045721996567163,1998.6230688681007,1884.0469384561172,12.59197500633547,0,1930.4500122070312,1923.300048828125,36.87142508370539
2025-09-08,1935.0,1961.4000244140625,1921.5,1947.199951171875,329889,1921.2222086588545,1937.5318215110085,1930.6729028320312,2016.0892608642575,1934.196872139025,1933.860708728176,52.605761764998,-0.0865714587127968,-0.771508018693559,0.6849365599807622,1998.820344387624,1884.1496629365936,12.15491593035652,0,1922.5,1923.300048828125,37.307146344866105
2025-09-09,1937.0999755859373,1964.5,1934.699951171875,1957.300048828125,486792,1924.8555501302085,1942.3272760564628,1931.3541381835937,2015.7477532958983,1938.817507476845,1935.991557828171,54.42947693357032,1.786230015956335,-0.2599604117635803,2.0461904277199148,2000.0859008425384,1886.8141113644924,11.85126935110262,0,1922.5,1923.300048828125,37.72143554687504
2025-09-10,1969.0,1983.300048828125,1954.800048828125,1979.699951171875,849638,1933.4444308810764,1943.940912420099,1932.427717285156,2015.494393310547,1946.9939962158517,1939.965048132144,58.26510124556292,5.020055517652054,0.7960427741195466,4.224012743532507,2004.110734914364,1886.2792675270412,12.166841216064205,0,1929.1500244140625,1923.300048828125,37.10001046316968
2025-09-11,1982.0,2016.800048828125,1974.0,1988.0,565708,1943.7888726128472,1947.1227306019173,1933.21212890625,2015.141658935547,1955.195196972681,1944.3318619383128,59.6213007443508,8.15858303355867,2.2685508260073712,5.890032207551299,2009.339076990322,1885.470920568271,13.347623595175946,0,1945.9000244140625,1926.800048828125,37.47144426618305
2025-09-12,2022.0,2055.0,2021.0999755859373,2043.4000244140625,1611446,1959.9444308810764,1951.6045476740053,1934.9554663085937,2014.888032836914,1972.8361624609572,1953.338058527017,67.26709714529906,14.943943199752084,4.803629300756314,10.140313898995773,2023.3462453274992,1876.823749789688,15.229285691130254,0,1965.0,1945.9000244140625,41.09286934988841
2025-09-15,2043.0,2048.0,2018.0999755859373,2046.0,594605,1977.3111029730903,1956.25,1937.021123046875,2015.0009564208983,1987.468929968766,1961.7618713881973,67.57738334696526,20.29721268496678,7.902345977598408,12.394866707368372,2039.164231177714,1869.44576638088,16.84811113755893,0,1965.0,1955.0,41.32858712332592
2025-09-16,2039.0,2062.800048828125,2036.4000244140625,2051.800048828125,520267,1988.5,1959.0681818181813,1938.6840063476564,2015.2902142333985,2000.335153740638,1969.9471602463725,68.29931104652596,24.72274437978672,11.26642565803607,13.456318721750648,2053.808776279599,1863.1512212789949,18.63525912290885,0,1992.1500244140625,1968.9000244140625,39.264299665178605
2025-09-17,2030.0,2057.800048828125,2015.0,2031.199951171875,672304,1998.7222222222224,1962.231817072088,1939.98060546875,2015.5159753417968,2006.5081132268851,1975.5155957850543,62.939024979960685,26.264987981442573,14.266138122717372,11.9988498587252,2062.297972946688,1860.9220221704995,19.37628837078957,0,1992.1500244140625,1968.9000244140625,39.39287458147325
2025-09-18,2041.9000244140625,2050.0,2022.5999755859373,2046.5999755859373,453509,2010.133327907986,1965.7909046519887,1942.708220214844,2015.558604736328,2014.526485698696,1981.9778121305887,65.14152939231525,28.40247436925847,17.093405372025593,11.309068997232878,2073.90263403004,1859.9473537629287,20.064386958107384,0,1992.1500244140625,1968.9000244140625,39.37145124162952
2025-09-19,2052.0,2061.0,2041.5,2055.60009765625,712388,2022.177788628472,1969.7454556551847,1945.772861328125,2015.5528161621091,2022.7412080902068,1988.6707471783768,66.39834701797461,30.47142672578548,19.76900964277757,10.702417083007903,2085.6163139713185,1857.5436835872752,20.963274268529016,0,1998.75,1968.9000244140625,37.83573695591523
2025-09-22,2045.800048828125,2052.89990234375,1998.5,2004.4000244140625,548456,2027.411119249132,1972.659090909091,1948.1991015625,2015.2309014892576,2019.072971354978,1990.1006814725297,54.38531923071002,27.66081174105807,21.347370062433672,6.313441678624397,2088.042026122737,1858.0879787600757,20.11616543107457,0,2008.800048828125,1968.9000244140625,40.08574567522327
2025-09-23,2017.0,2020.0999755859373,1998.300048828125,2007.0,454836,2030.4444580078125,1974.6818181818185,1950.6793310546875,2014.8226043701168,2016.6583770839827,1991.6369831568447,54.83221615669876,25.350945497872544,22.14808514952145,3.202860348351095,2091.0098070779936,1859.190192922006,19.322643470654725,0,2018.4000244140625,1968.9000244140625,36.01430838448664
2025-09-24,2004.0999755859373,2014.9000244140625,1988.0,1990.9000244140625,403694,2030.7666829427085,1975.418185147372,1952.2134423828124,2014.217530517578,2011.5067065499984,1991.5699869075013,51.46947748900853,21.967993032705408,22.112066726158243,-0.1440736934528352,2092.012861503893,1864.8171433789196,18.22021461817184,0,2025.4000244140625,1968.9000244140625,35.55716378348216
2025-09-25,2020.0,2040.0,1959.0,1963.5,1382226,2021.8889024522568,1975.2909102006392,1952.7105932617187,2013.4332189941408,2001.9053652399991,1989.0181699159104,46.26884254517408,16.881427267333493,21.065938834393297,-4.184511567059804,2089.6158769573376,1873.3241254840684,17.565800240052507,0,2010.9000244140625,1968.9000244140625,38.62859235491073
2025-09-26,1930.5,1952.800048828125,1913.300048828125,1919.800048828125,1121424,2007.8666856553816,1975.072731711648,1952.7431982421876,2012.573767089844,1985.4843019576244,1982.7256134533843,39.42643678548875,9.217809240669112,18.696312915648463,-9.47850367497935,2087.175109324386,1878.2548955584268,18.092140687641816,0,1988.050048828125,1968.9000244140625,39.3643014090402
2025-09-29,1925.5999755859373,1958.0,1920.199951171875,1933.199951171875,1513775,1994.6888970269097,1976.4727283824573,1952.5349658203124,2011.6354711914064,1975.0274318004747,1978.2232805187016,42.24677873301712,4.177441922519847,15.79253871702274,-11.615096794502891,2083.994633612213,1884.9553663877869,18.39398375344141,0,1987.1500244140625,1968.9000244140625,39.96429443359376
2025-09-30,1941.0,1957.5999755859373,1901.800048828125,1911.300048828125,1027361,1981.3666856553816,1977.218184037642,1952.355830078125,2010.5064318847656,1962.2819552060048,1972.139350365013,39.0469210175384,-1.5661707435942844,12.320796824899336,-13.88696756849362,2081.1348787725137,1889.9751309931112,19.08438063628963,0,1981.4000244140625,1968.9000244140625,41.91428920200893
2025-10-01,1917.4000244140625,1990.0,1917.0,1981.300048828125,2121653,1974.1111382378472,1981.004549893466,1953.7993090820312,2009.879196777344,1966.0855739304288,1972.972141134387,51.65224299176179,-0.4642584934717888,9.763785761225112,-10.2280442546969,2081.2976844919463,1892.8323325978977,18.601002790168668,0,1981.4000244140625,1968.9000244140625,44.478567940848215
2025-10-03,1984.4000244140625,2006.0999755859373,1969.0999755859373,1973.5999755859373,763789,1965.000013563368,1984.8181873668325,1955.442587890625,2009.4276300048828,1967.5884542615304,1973.0292169936183,50.41709884205665,-0.2098970918298164,7.769049190614126,-7.9789462824439426,2080.5629019412204,1897.0071175900296,17.656960347495353,0,1977.3499755859373,1968.9000244140625,42.33571079799107
2025-10-06,1950.0,1972.9000244140625,1929.199951171875,1937.300048828125,1001317,1957.544460720486,1984.19091796875,1956.016005859375,2008.860901489258,1961.5307731748496,1969.7811107967552,44.95900803626777,-2.9039397567867127,5.634451401133959,-8.538391157920671,2080.9570432789574,1895.9529786936987,17.73621175682056,0,1970.9000244140625,1968.9000244140625,43.371425083705326
2025-10-07,1946.0,1946.4000244140625,1918.5999755859373,1924.800048828125,665614,1948.4111328125,1983.536376953125,1955.9240063476564,2008.3119232177733,1954.184628305505,1965.6919233450617,43.22371069777204,-5.97871461102045,3.3118181987030777,-9.290532809723528,2082.4458762403096,1892.2241554979712,18.035463545771563,0,1970.9000244140625,1968.9000244140625,43.47142682756695
2025-10-08,1932.699951171875,1942.0,1901.0,1905.5999755859373,556107,1938.933349609375,1981.795465642756,1955.016005859375,2007.409296875,1944.467697761592,1960.2290190033232,40.62966300733055,-9.851222523417846,0.6792100542788932,-10.53043257769674,2085.9155696378443,1883.584454776218,18.675936961400147,0,1970.5,1968.9000244140625,43.34285191127231
2025-10-09,1933.0,1984.199951171875,1930.5999755859373,1957.5999755859373,2308301,1938.2777913411455,1982.268194025213,1954.9580053710936,2006.4498907470704,1947.0941533264609,1959.990015056288,49.473838574720666,-8.624825901809572,-1.1815971369388,-7.443228764870772,2085.523096887573,1881.7669299678955,17.96656804903712,0,1953.5499877929688,1968.9000244140625,46.99999128069195
2025-10-10,1957.5999755859373,1985.0,1931.699951171875,1959.300048828125,855550,1942.666680230035,1982.3591031161225,1954.4520068359373,2005.559359741211,1949.535332426794,1959.927290853728,49.737460326629055,-7.430066855283485,-2.431291080607737,-4.998775774675748,2084.6368426473828,1879.7831890908983,17.285137116222657,0,1953.5499877929688,1981.9000244140625,49.41428048270088
2025-10-13,1950.0999755859373,1982.300048828125,1946.4000244140625,1972.4000244140625,530857,1947.022243923611,1982.0272882634945,1954.2080078125,2004.6866247558596,1954.108270824248,1961.0611757228487,51.82333958625848,-5.36431665123223,-3.017896194732636,-2.346420456499594,2076.997168772016,1880.3228629662651,16.65237982146637,0,1953.5499877929688,1981.9000244140625,47.89998953683034
2025-10-14,1961.0,1976.9000244140625,1932.0,1937.300048828125,751565,1949.9111328125,1979.722745028409,1954.372009277344,2003.5929235839844,1950.746626425024,1958.901073277874,46.28128091992597,-6.484717630397654,-3.71126048186564,-2.7734571485320143,2067.836265818839,1878.6137708022547,16.441392068043267,0,1953.5499877929688,1981.9000244140625,49.54999651227679
2025-10-15,1947.0,1958.5999755859373,1931.0999755859373,1940.5,636814,1945.3777940538196,1975.0454711914065,1955.8360083007813,2002.4523620605469,1948.6973011400191,1957.228248434431,46.83943808710476,-7.033357989191018,-4.375679983330715,-2.6576780058603022,2055.674518377161,1879.6455133611205,16.26927027937321,0,1953.5499877929688,1981.9000244140625,49.59285191127232
2025-10-16,1955.0,1955.0,1935.5999755859373,1951.199951171875,375071,1942.8889024522568,1970.736378062855,1957.216008300781,2001.138212890625,1949.1978311463904,1956.680221410562,48.756740981040416,-6.529494837905986,-4.80644295424577,-1.723051883660216,2046.6435087708528,1880.6765229674284,16.109442904179588,0,1943.0,1981.9000244140625,45.192853655133945
2025-10-17,1960.0,1960.0,1923.199951171875,1940.0,869998,1943.1888970269097,1965.6545576615767,1958.7260083007811,1999.3528955078125,1947.3582649171124,1955.1638376459653,46.85194777953457,-6.953763461431436,-5.235907055682904,-1.717856405748532,2032.061131910998,1884.5989022686892,16.317776623487422,0,1943.0,1981.9000244140625,44.23571777343752
2025-10-20,1954.0,1964.0,1936.9000244140625,1943.800048828125,882938,1945.3000081380208,1961.68183482777,1960.5660083007813,1997.366199951172,1946.646621699315,1954.1307659352528,47.599949506113504,-6.903784687745656,-5.569482582095454,-1.3343021056502016,2010.681920216454,1894.7981090804208,16.343037126953213,0,1943.0,1981.9000244140625,43.44286237444198
2025-10-21,1955.0,1959.300048828125,1940.0999755859373,1942.300048828125,45815,1949.3777940538196,1956.9409290660512,1960.5280102539064,1995.3262890625,1945.777307125077,1953.055246198241,47.3168637849991,-6.905610039555995,-5.8367080735875625,-1.068901965968433,2002.3395985681368,1896.9304331701449,16.366493308742875,0,1954.0999755859373,1981.9000244140625,40.82858712332594
2025-10-23,1969.9000244140625,1969.9000244140625,1934.0,1939.800048828125,803342,1947.4000244140625,1951.6772904829545,1960.9640112304687,1993.1188415527345,1944.5818554656869,1951.8502282555032,46.81711749817836,-7.02777394721852,-6.074921248313755,-0.9528526989047652,1991.6381506364828,1900.9118859846108,15.910625155823244,0,1954.0999755859373,1981.9000244140625,37.771449497767904
2025-10-24,1941.9000244140625,1957.800048828125,1920.0,1931.199951171875,465760,1944.2777913411455,1948.3500144264915,1960.692009277344,1991.0038012695316,1941.9054746069244,1949.9729303388096,45.05425868833493,-7.72944549477802,-6.405826097606608,-1.3236193971714112,1983.896669458851,1902.683359838024,15.971975964696242,0,1951.1500244140625,1981.0,37.82859584263398
2025-10-27,1938.0,1941.0,1918.5,1922.9000244140625,242757,1938.7777913411455,1944.5272882634945,1960.2740087890625,1988.8897479248049,1938.104384568352,1947.511757072924,43.35745273474728,-8.853205730728178,-6.895302024230922,-1.9579037064972555,1981.6714974677004,1900.848534270581,16.080205406663396,0,1947.7000122070312,1981.0,36.26430838448668
2025-10-28,1916.0,1932.199951171875,1900.0,1918.699951171875,669159,1936.711113823785,1941.2454667524855,1958.8520068359376,1986.76786315918,1934.2234978890567,1944.89250199101,42.48547755634119,-9.96780200635385,-7.509802020655508,-2.4579999856983417,1981.742279314586,1900.66774265807,16.786324529639806,0,1934.9500122070312,1980.5,36.57858712332594
2025-10-29,1918.699951171875,1960.0,1918.699951171875,1955.9000244140625,845205,1938.4222276475691,1940.9000133167613,1958.7380078125,1985.3562182617188,1938.5588031940576,1945.8931858476512,51.74259801309848,-7.759940801198581,-7.559829776764123,-0.2001110244344586,1983.2034093021136,1901.4766199947612,16.159132546813787,0,1934.9500122070312,1976.449951171875,36.60001918247773
2025-10-30,1956.0,1956.0999755859373,1926.9000244140625,1945.800048828125,943924,1937.822238498264,1942.0818314985795,1958.2880078125,1983.8905932617188,1940.0070523208717,1945.884718845876,49.41699315550469,-6.74739869801806,-7.39734356101491,0.6499448629968505,1982.2352999109523,1905.8947293859223,15.576739991332484,0,1934.9500122070312,1970.0,33.07144601004466
2025-10-31,1945.9000244140625,1976.0,1936.0999755859373,1963.5,1017447,1940.433349609375,1943.4591064453125,1958.1860083007807,1982.8203100585936,1944.7056418566972,1947.4861080417052,53.37219871502605,-4.465241131125822,-6.810923075037093,2.345681943911271,1978.4066950602817,1907.9433293537809,14.708810434843246,0,1938.0,1970.0,32.11430140904021
2025-11-03,1967.0,2008.0,1946.5999755859373,1983.800048828125,1766857,1944.8777940538196,1946.754560990767,1959.0560083007813,1982.0336450195311,1952.524523250983,1950.787375385925,57.478774897584366,-1.0069628900789669,-5.650131038045468,4.6431681479665015,1981.004553981424,1906.3654777568572,14.97137901799282,0,1954.0,1970.0,33.9357299804688
2025-11-04,1985.800048828125,2016.5,1969.699951171875,1997.0,1202638,1950.95556640625,1947.4681951349432,1959.746008300781,1981.3122338867188,1961.4196186007864,1954.9885230781135,59.94884841990216,2.766977282743482,-3.966709373887678,6.733686656631161,1990.7729269574725,1902.5670998979965,15.462541615701124,0,1958.25,1958.25,34.07144601004469
2025-11-06,2010.9000244140625,2011.0,1944.0999755859373,1955.5,1405493,1952.7000054253472,1946.645468971946,1959.362009277344,1980.5120227050784,1960.2356948806296,1955.0350209801036,50.09588974233747,2.3816942012481377,-2.697028658860515,5.078722860108653,1991.226712058144,1905.183309914512,14.8657743107343,0,1958.25,1958.25,36.88573346819203
2025-11-07,1984.0,2002.0,1960.0,1971.800048828125,3553381,1957.2111273871528,1948.213650790128,1959.472009277344,1979.9413916015624,1962.548565670129,1956.5591144208329,53.33972369123712,3.3529812182605383,-1.4870266834363046,4.840007901696843,1990.755250200091,1912.274779096784,14.311633241836534,0,1958.25,1958.25,38.82144601004469
2025-11-10,1980.0999755859373,2028.0,1980.0999755859373,1990.199951171875,1717376,1964.6888970269097,1951.1863736239347,1960.7840087890625,1979.3919494628904,1968.078842770478,1959.617372307291,56.7567762332971,5.543548940284381,-0.0809115586921673,5.624460498976549,1995.9920880143816,1910.2979388410868,14.624594023763896,0,1964.0,1964.0,40.20715332031255
2025-11-11,1998.0,1998.0,1971.5999755859373,1975.9000244140625,1666173,1971.044460720486,1954.3818303888493,1962.2540087890625,1978.684049682617,1969.6430790991951,1961.0976134079065,53.47891960468567,6.055896457596873,1.1464500445656407,4.909446413031232,1997.9523249172184,1909.9976994968445,14.558591474280512,0,1973.3499755859373,1964.0,40.15715680803578
2025-11-12,1983.199951171875,2040.0,1971.800048828125,2033.9000244140625,1490995,1979.7111273871528,1957.8500144264915,1965.0340087890625,1978.397332763672,1982.4944681621687,1967.716014408466,62.85034897697408,11.015075891871676,3.1201752140268475,7.894900677844827,2013.331135824308,1900.7688885897544,15.624683419547104,0,1983.4500122070312,1970.0,43.65714808872773
2025-11-13,2051.60009765625,2068.300048828125,2033.5,2052.89990234375,1386426,1991.611111111111,1962.104553222656,1968.132006835937,1978.0321948242188,1996.575554998485,1975.4600042207644,65.31526392777957,16.290604732012298,5.754261117623939,10.53634361438836,2032.67932728215,1892.980682483475,17.204763855756138,0,2002.2000122070312,1984.1500244140625,43.578578404017904
2025-11-14,2053.89990234375,2069.199951171875,2035.800048828125,2055.300048828125,591657,2001.8111165364585,1965.872736150568,1971.4440087890623,1977.6191796875,2008.320453764413,1982.7181900941607,65.62554454619216,20.429670582933117,8.689343010685775,11.740327572247338,2048.7908007790147,1888.3492138694228,18.68975140948349,0,2006.6499633789065,1984.5999755859373,43.26428222656255
2025-11-17,2074.89990234375,2076.60009765625,2043.0999755859373,2052.10009765625,989649,2009.4000108506943,1971.0909201882105,1973.4640112304687,1977.2743908691407,2017.0763825427807,1989.0256362361688,64.79332708807908,23.18444492441131,11.588363393430882,11.596081530980427,2061.5558437374143,1885.6741855594605,20.220050462951814,0,2010.3500366210935,1988.300048828125,44.05000523158488
2025-11-18,2064.0,2064.0,2038.300048828125,2047.4000244140625,1357360,2015.000013563368,1975.9500122070312,1975.6280126953125,1977.1806439208983,2023.1411109170367,1994.332398797796,63.519193872983394,24.703599093721092,14.211410533488928,10.492188560232169,2071.2912224725296,1886.678809265752,21.407665497743047,0,2010.3500366210935,1988.300048828125,43.585719517299175
2025-11-19,2055.0,2055.0,2019.699951171875,2025.4000244140625,684024,2022.7666829427085,1979.3227428089488,1977.2580126953128,1977.2583959960937,2023.5928936164423,1997.1567283992745,57.79064243532579,23.85731134496132,16.140590695783406,7.716720649177912,2076.034181302796,1890.09584799408,21.643597466477438,0,2018.300048828125,1988.300048828125,43.15714808872775
2025-11-20,2035.0,2042.5,2024.0,2030.800048828125,603128,2029.322238498264,1983.4500177556815,1978.9300146484372,1977.135563964844,2025.034324658779,2000.2152120746243,58.77346341088287,23.353158374319943,17.583104231490715,5.770054142829231,2080.713855968509,1894.266173328366,21.8626771517308,0,2024.1000366210935,1988.300048828125,42.39286586216526
2025-11-21,2032.699951171875,2037.9000244140625,2021.199951171875,2029.4000244140625,2372385,2033.6778021918403,1987.3409257368608,1980.372014160156,1977.0243658447264,2025.907464609836,2002.8683768327548,58.39383627224361,22.580351012446958,18.582553587681964,3.9977974247649897,2084.1499976714827,1899.790029183986,21.930288749254792,0,2024.1000366210935,1988.300048828125,40.7357264927456
2025-11-24,2010.699951171875,2012.199951171875,1983.5,1999.5999755859373,3126857,2036.3111300998264,1989.945467862216,1980.7700146484376,1976.6844140625,2020.6459668050563,2002.5712494466804,50.86298815425613,19.34033734933496,18.734110340012563,0.6062270093223958,2083.0409344695413,1907.7390948273337,20.40486859721966,0,2024.2000732421875,1988.300048828125,39.62858363560273
2025-11-25,2011.699951171875,2052.5,2001.0999755859373,2042.300048828125,1446889,2037.2444661458333,1994.6045587713068,1981.856015625,1976.678214111328,2024.9767832096704,2006.182958481357,59.01865405462852,19.98773605026986,18.984835482064025,1.0029005682058347,2084.3637343934674,1918.3562973448136,20.21331178541664,0,2030.050048828125,1988.300048828125,40.06429617745543
2025-11-26,2042.300048828125,2074.0,2035.300048828125,2071.60009765625,615108,2039.322265625,2000.9863836115055,1982.420017089844,1976.937772216797,2034.3014460989864,2012.12997113362,63.49595312625356,22.604502619339428,19.708768909519108,2.89573370982032,2088.022332657564,1929.9877137291555,20.56530196578687,0,2030.050048828125,1988.300048828125,38.05000523158487
2025-11-27,2077.199951171875,2083.89990234375,2060.199951171875,2071.39990234375,684337,2041.1111382378472,2007.736378062855,1982.9280151367188,1976.8040197753903,2041.721137347939,2017.5181466981771,63.44494995384941,24.381104691324936,20.643236065880277,3.737868625444662,2094.336301217329,1935.2237329623583,21.12097926921429,0,2033.699951171875,1991.949951171875,36.42143031529023
2025-11-28,2074.0,2091.39990234375,2070.39990234375,2082.199951171875,822625,2044.45556640625,2015.1681962446733,1983.5360131835937,1976.35705078125,2049.816900112726,2023.3983107412407,65.07479603451613,26.356724401347947,21.78593373297381,4.570790668374137,2099.6292590276157,1943.5707653864476,21.80963926042465,0,2037.449951171875,1995.699951171875,33.90714808872773
2025-12-01,2094.89990234375,2107.39990234375,2062.39990234375,2081.89990234375,753627,2048.288886176216,2020.8954634232955,1984.5500122070312,1975.9073388671875,2056.233500558931,2028.71663725056,64.9881030469999,27.58027755081639,22.94480249654233,4.63547505427406,2104.952782168472,1950.0872324799657,22.804859090502585,0,2045.449951171875,2003.699951171875,35.235717773437536
2025-12-02,2089.89990234375,2099.89990234375,2074.5,2082.699951171875,1195482,2054.6555447048613,2027.1181862571025,1985.27201171875,1975.3831164550784,2061.52679068152,2033.6242112434063,65.12152824109123,28.28841821488527,24.01352564021092,4.27489257467435,2110.768791881649,1954.161213001164,23.72899178986066,0,2045.449951171875,2003.699951171875,32.17857142857146
2025-12-03,2082.699951171875,2102.800048828125,2053.60009765625,2080.10009765625,1097912,2060.1333279079863,2032.4181906960227,1985.76201171875,1975.0036645507807,2065.241452076466,2037.8492918263923,64.26447026170877,28.313458418081154,24.87351219578497,3.439946222296186,2115.8141072237604,1957.425907424677,23.63434001626062,0,2045.449951171875,2003.699951171875,33.20713588169646
2025-12-04,2086.800048828125,2095.199951171875,2066.300048828125,2092.0,696481,2067.088880750868,2037.3363702947445,1987.514011230469,1975.1895642089844,2070.593161661173,2042.7720834785384,66.44151411953939,28.959696275151146,25.690749011658205,3.26894726349294,2116.4921823194973,1970.39783232894,23.54644908363201,0,2045.449951171875,2013.0499267578125,32.88570731026789
2025-12-05,2095.0,2105.0,2083.10009765625,2098.800048828125,971873,2078.1111111111118,2041.9636452414773,1989.3500122070316,1975.620155029297,2076.2345390945634,2047.8655348739555,67.65417267416865,29.678436995325452,26.488286608391657,3.190150386933798,2118.574145795811,1981.0158688526265,23.74599897052089,0,2054.249938964844,2017.1499633789065,32.05712018694198
2025-12-08,2091.800048828125,2099.39990234375,2055.10009765625,2070.699951171875,1254639,2081.266655815972,2047.2000066583807,1990.946010742188,1975.760923461914,2075.1276215100256,2049.941390901039,58.28179878105844,27.66173390612812,26.72297606793895,0.9387578381891686,2117.118199585296,1990.5218150631413,22.712911495113552,0,2071.349975585937,2021.749938964844,33.385681152343764
2025-12-09,2070.0,2073.0,2036.699951171875,2051.800048828125,948623,2079.066650390625,2050.8363702947445,1992.71201171875,1976.2313043212887,2070.4621069736454,2050.110359803501,52.96688898891669,24.258777921003457,26.230136438551856,-1.9713585175483992,2109.274126539768,2005.955890550076,21.108292316183498,0,2072.0499267578125,2025.749938964844,33.45710972377234
2025-12-10,2064.89990234375,2075.0,2050.800048828125,2055.39990234375,958328,2077.288872612847,2053.8000044389205,1995.4240087890623,1976.4361981201173,2067.4496660476666,2050.5912273071604,53.8305193313461,21.60335880659977,25.30478091216144,-3.7014221055616687,2109.1521826050675,2008.227822277745,19.65518882600684,0,2072.0499267578125,2025.749938964844,33.86424909319198
2025-12-11,2062.0,2085.89990234375,2046.5999755859373,2081.800048828125,585053,2077.244439019097,2058.6136419122868,1998.3960107421876,1976.8399267578125,2070.319742603758,2053.4283928999757,59.67804289362258,21.382704703679337,24.520365670465026,-3.1376609667856847,2111.545306275066,2008.724713256184,18.702759535889037,0,2072.0499267578125,2025.749938964844,35.47852434430807
2025-12-12,2083.0,2117.199951171875,2080.0,2113.89990234375,574240,2080.799994574653,2062.25,2002.4480078125,1977.5793151855469,2079.0357745517567,2058.925802849409,65.41391877842358,23.526822086356788,24.321656953643377,-0.794834867286589,2119.7263751080304,2006.4036297747823,18.8059782598782,0,2076.949951171875,2038.5999755859373,34.857090541294674
2025-12-15,2121.89990234375,2121.89990234375,2086.39990234375,2092.60009765625,492484,2081.9000108506943,2064.0545543323865,2004.6740087890623,1978.2159313964844,2081.748639172655,2061.987102377304,59.378030603004255,23.239444481344435,24.105214459183596,-0.8657699778391574,2122.982840261525,2007.197164621288,19.03478491558712,0,2079.2999267578125,2046.749938964844,33.61423165457591
2025-12-16,2096.60009765625,2099.89990234375,2077.60009765625,2090.60009765625,604167,2083.0666775173613,2065.659102006392,2007.014011230469,1979.2010681152344,2083.5189308693743,2064.588283766299,58.82911898839553,22.589909953413557,23.802153558029584,-1.212243604616031,2125.585741302037,2008.9142709049945,18.85600608104468,0,2079.2999267578125,2046.749938964844,32.442792619977695
2025-12-17,2100.89990234375,2128.0,2095.89990234375,2113.10009765625,784183,2085.4111328125,2068.4318292791195,2010.5300122070312,1980.3113757324215,2089.4351642267497,2068.998448665385,62.97579048735264,23.61845230385643,23.765413307194954,-0.1469610033385251,2129.909803975787,2013.360215555463,19.487335930138286,0,2082.349975585937,2049.9000244140625,33.42136056082591
2025-12-18,2116.10009765625,2127.10009765625,2098.0,2119.10009765625,515063,2087.666693793403,2071.6909235174007,2014.4160131835936,1981.4695721435544,2095.36815091265,2073.553144028191,64.0165856303366,24.633766654729243,23.939083976701813,0.69468267802743,2134.67705086519,2017.4229735488727,20.07357079001093,0,2082.349975585937,2055.75,33.999938964843764
2025-12-19,2127.0,2146.89990234375,2111.10009765625,2125.800048828125,595995,2093.78892686632,2076.254560990767,2018.8200146484376,1982.7017663574215,2101.454530495745,2078.302862646367,65.19323795418688,25.68298321508109,24.28786382437767,1.3951193907034245,2139.198597087864,2022.541429767605,21.12675966765979,0,2091.7999267578125,2065.199951171875,33.34278215680805
2025-12-22,2128.800048828125,2138.699951171875,2116.60009765625,2126.300048828125,476091,2102.066704644097,2080.595470081676,2022.1940161132811,1983.8688806152345,2106.423634162221,2082.666243208345,65.28447109436539,26.252221452221875,24.680735349946517,1.5714861022753617,2134.9256648966466,2039.484369283041,22.10472076833373,0,2096.749938964844,2065.199951171875,33.10706438337055
2025-12-23,2131.800048828125,2131.800048828125,2103.5,2113.5,212827,2108.522271050347,2084.4181962446733,2025.2780151367188,1984.731987915039,2107.8389073297767,2085.4693120075863,60.884762426212674,25.377948695006125,24.82017801895844,0.5577706760476886,2134.8665347989763,2046.6634944978985,22.335993978125437,0,2096.749938964844,2065.199951171875,31.61421421595984
2025-12-24,2110.0,2115.0,2096.199951171875,2107.0,473286,2111.322265625,2089.300015536221,2027.9700146484372,1985.561353149414,2107.671125863821,2087.426647279624,58.720594830335386,23.885251250521375,24.633192665271025,-0.747941414749647,2136.237610988449,2048.832408542801,22.188400097663024,0,2112.25,2065.199951171875,30.89279610770091
2025-12-26,2107.199951171875,2117.0,2095.699951171875,2112.39990234375,987508,2111.155598958333,2092.4863725142045,2031.47201171875,1986.134976196289,2108.6168811598072,2089.6969431945445,59.992858225328725,22.87432379579104,24.281418891375036,-1.4070950955839905,2137.9584884950877,2051.2115310361623,22.11855092264736,0,2112.25,2065.199951171875,30.84994942801341
2025-12-29,2112.39990234375,2114.0,2078.10009765625,2082.10009765625,639376,2109.9889322916665,2092.963645241477,2034.304013671875,1986.5153594970704,2103.313524459096,2089.006320872881,50.573794271145736,19.404532124895923,23.30604153807921,-3.901509413183288,2137.959521046324,2051.2005131333635,21.18287422085908,0,2112.25,2065.199951171875,30.24995640345984
2025-12-30,2091.699951171875,2098.800048828125,2065.10009765625,2080.39990234375,1710128,2108.8555772569443,2093.372736150568,2036.8880126953125,1986.83009765625,2098.7308000360267,2088.2239191884146,50.098484817436486,16.329271991717633,21.910687628806897,-5.581415637089265,2137.9819058588687,2051.028128320819,19.73715752938922,0,2106.0,2065.199951171875,30.06423514229912
2025-12-31,2095.0,2115.699951171875,2077.800048828125,2109.5,645858,2108.45556640625,2094.613647460937,2040.2780126953128,1987.387730102539,2100.8846400288217,2090.158108353104,57.46667120573122,16.055166891387216,20.73958348132296,-4.684416589935744,2139.4417773083355,2052.248261754164,19.059571880056595,0,2106.0,2073.999938964844,31.042803083147337
2026-01-01,2114.0,2114.0,2082.0,2102.800048828125,380593,2106.6444498697915,2095.563654119318,2043.4580126953124,1988.0823028564453,2101.2677217886826,2091.307375669015,55.43707765579587,15.122978278940082,19.616262440846384,-4.493284161906303,2140.0293708956456,2053.930663284042,18.4303852056763,0,2106.0,2091.099975585937,30.521379743303573
2026-01-02,2103.0,2122.10009765625,2095.5,2105.300048828125,252908,2104.3666720920137,2096.5909312855115,2046.7180126953128,1988.8360852050785,2102.074187196571,2092.579436865298,56.06066822034127,14.41971964207778,18.576953881092663,-4.157234239014883,2140.78127950792,2054.50875955458,18.16437033266327,0,2101.9000244140625,2091.7999267578125,29.76424734933036
2026-01-05,2105.300048828125,2112.199951171875,2073.60009765625,2083.699951171875,574277,2099.6333279079863,2096.754560990767,2049.5960107421874,1989.4731713867188,2098.399339991632,2091.7722108931684,49.60223061007432,11.981321527888667,17.257827410451863,-5.276505882563196,2140.467484887542,2053.312544409333,16.882678696674407,0,2098.4500732421875,2091.7999267578125,29.985665457589285
2026-01-06,2083.60009765625,2160.0,2077.0,2149.699951171875,1795864,2103.6555447048613,2099.377286044034,2053.966010742188,1990.3239807128907,2108.6594622276807,2097.0383691003235,63.45577403540378,15.199313643234746,16.846124657008442,-1.6468110137736964,2148.547788603485,2053.132240693389,17.323876455728957,0,2112.550048828125,2098.349975585937,34.32139369419643
2026-01-07,2161.0,2226.300048828125,2146.300048828125,2214.300048828125,1368118,2115.5777723524307,2104.627286044034,2059.7940112304686,1991.497790527344,2129.78757954777,2107.698521802851,71.66565199609201,22.700605129052747,18.017020751417306,4.683584377635441,2173.787199225197,2044.1428300716773,19.133819581116494,0,2145.7000732421875,2131.5,37.3642578125
2026-01-08,2220.89990234375,2221.0,2185.699951171875,2190.89990234375,838882,2124.299994574653,2110.09092018821,2065.2380102539064,1992.2112353515624,2142.0100441069662,2115.2622836702053,65.89114302822165,26.452310646207025,19.70407873037525,6.748231915831774,2185.151360950748,2046.328668346127,20.81448105469065,0,2145.7000732421875,2131.5,37.80711146763393
2026-01-09,2191.0,2195.0,2156.0,2182.199951171875,929502,2135.422200520833,2116.0181884765625,2069.7640087890627,1992.7581945800785,2150.048025519948,2121.347526170357,63.831821480632286,28.39621703315925,21.442506390932053,6.953710642227193,2194.239238612831,2047.2807809184192,21.183887901550275,0,2145.7000732421875,2131.5,38.035696847098215
2026-01-12,2174.0,2197.699951171875,2139.699951171875,2188.39990234375,623831,2147.422200520833,2122.063643022017,2074.616005859375,1993.19205078125,2157.718400884709,2127.4431967315745,64.67902155536441,30.09019999923248,23.17204511259214,6.918154886640341,2203.820098685373,2045.1499208458763,20.94533874888561,0,2149.9500732421875,2131.5,40.59999302455357
2026-01-13,2190.39990234375,2205.0,2157.300048828125,2179.0,892652,2155.144422743056,2126.4818226207385,2078.926005859375,1993.552819824219,2161.974720707767,2132.130178846886,62.29646875859498,30.3246366090566,24.60256341188504,5.722073197171561,2210.212048377156,2047.3979613884692,20.901210475322586,0,2149.9500732421875,2131.5,41.98570033482143
2026-01-14,2168.199951171875,2216.699951171875,2156.39990234375,2195.89990234375,737880,2165.4888509114585,2130.2090953480115,2083.168002929688,1994.2525048828124,2168.7597570349635,2137.92742643751,64.80654294946869,31.510872469143123,25.984225223336654,5.5266472458064655,2218.632603322207,2049.5073869121675,21.14241973188885,0,2149.9500732421875,2131.5,44.949986049107146
2026-01-15,2195.89990234375,2195.89990234375,2195.89990234375,2195.89990234375,0,2175.5555013020835,2134.904541015625,2087.1460009765624,1995.0016326904297,2174.1877860967206,2143.1976515198958,64.80654294946869,32.08116127725452,27.20361243412023,4.877548843134292,2226.476179990135,2049.94379071299,21.36639975584325,0,2149.9500732421875,2136.4500122070312,43.42855398995536
2026-01-16,2205.0,2217.39990234375,2173.0,2177.89990234375,1011431,2186.022162543403,2138.872713955966,2091.5939990234374,1995.859523925781,2174.9302093461265,2146.352401594791,59.88207779382373,30.726474032586797,27.908184753813547,2.8182892787732463,2230.6445871878404,2051.655363984035,20.676295420311025,0,2151.6500244140625,2136.4500122070312,44.035696847098215
2026-01-19,2155.0,2188.60009765625,2145.0,2177.10009765625,792609,2189.0666232638887,2141.781804865057,2095.7,1996.6679498291016,2175.3641870081515,2149.1476466912877,59.6651291586554,29.25114805063868,28.176777413178577,1.074370637460099,2234.291276109005,2053.1386799456827,19.30132538046036,0,2183.0,2145.7000732421875,44.74285016741072
2026-01-20,2177.10009765625,2180.0,2152.800048828125,2168.300048828125,873360,2183.955512152778,2144.01816628196,2099.262001953125,1997.7928826904297,2173.9513593721463,2150.888774158273,57.20922211899546,27.059921257402493,27.953406182023365,-0.8934849246208714,2236.6384138791,2054.991542175588,18.02456748631332,0,2180.349975585937,2145.7000732421875,43.978567940848215
2026-01-21,2168.300048828125,2210.0,2132.0,2140.699951171875,1009184,2178.377739800347,2144.6954345703125,2102.5580004882813,1998.5099938964845,2167.301077732092,2149.9625175231454,50.22636285811324,22.833055765822337,26.92933609878316,-4.096280332960824,2236.7672358276013,2057.5827153442733,17.558591407320105,0,2174.699951171875,2145.7000732421875,47.2642822265625
2026-01-22,2149.0,2188.699951171875,2147.10009765625,2163.199951171875,635760,2176.2666286892363,2146.372702858665,2105.1439990234376,1998.9122631835935,2166.4808524200484,2151.1659205821206,55.04377362041038,21.05607504431873,25.75468388789028,-4.698608843571545,2237.779016409509,2062.190929879553,17.125899333969265,0,2174.699951171875,2145.7000732421875,48.7928466796875
2026-01-23,2167.0,2178.0,2130.300048828125,2137.199951171875,578417,2170.5777452256943,2147.449973366477,2106.83,1999.8039294433595,2160.6246721704138,2149.896286999371,49.12669472622824,17.349824336082747,24.07371197752877,-6.7238876414460265,2237.470755070176,2064.979196101699,16.115229290484642,0,2173.849975585937,2145.7000732421875,49.44285365513393
2026-01-27,2140.5,2162.60009765625,2121.0,2150.5,842777,2167.411078559028,2149.42724609375,2108.7339990234377,2001.0006121826173,2158.599737736331,2149.951169999428,51.97094477610286,15.309320418926744,22.32083366580837,-7.011513246881624,2234.5402156486266,2074.749725757624,15.072158606648612,0,2169.199951171875,2145.7000732421875,46.4857177734375
2026-01-28,2154.89990234375,2162.60009765625,2116.60009765625,2129.5,926440,2160.0333116319443,2150.204523259943,2110.2819970703126,2001.796137084961,2152.779790189065,2148.091972726753,47.45915777219794,11.860956148574587,20.22885816236161,-8.367902013787027,2230.11019358713,2084.089757584745,14.256435781603674,0,2167.0,2145.7000732421875,44.05714634486607
2026-01-29,2125.199951171875,2137.89990234375,2088.0,2132.10009765625,694722,2152.9444444444443,2152.4772505326705,2111.975998535156,2002.917467041016,2148.643851682502,2146.6381659021617,48.06038925796658,9.231493856363612,18.02938530116201,-8.797891444798399,2228.7969097737155,2087.6630511637845,14.407485560823469,0,2152.699951171875,2145.7000732421875,45.09999302455357
2026-01-30,2130.0,2168.0,2120.300048828125,2152.800048828125,1149131,2150.155571831597,2155.76816628196,2114.5239990234377,2003.8960778808596,2149.4750911116266,2147.198337077249,52.70086229578645,8.717449773824683,16.166998195694546,-7.449548421869863,2226.401477956288,2095.058482981212,13.465912522355865,0,2149.0,2145.7000732421875,45.72141810825893
2026-02-02,2135.300048828125,2148.0,2078.199951171875,2129.39990234375,567484,2144.8555501302085,2156.672707297585,2116.49599609375,2004.5412841796876,2145.4600533580515,2145.580297556022,47.531048552864455,6.348686174520026,14.203335791459642,-7.854649616939616,2224.115690823136,2099.7542554659267,13.748012119437147,0,2144.099975585937,2145.7000732421875,46.907139369419646
2026-02-03,2225.0,2225.0,2163.699951171875,2185.89990234375,1252989,2146.811089409722,2160.449973366477,2119.625993652344,2005.859561767578,2153.548023155191,2149.245716173088,58.19464392347147,8.927590064814012,13.148186646130515,-4.220596581316505,2217.9255439990097,2116.16439740724,13.568876208885468,0,2151.599975585937,2145.7000732421875,50.328578404017854
2026-02-04,2196.300048828125,2210.10009765625,2159.199951171875,2195.199951171875,984948,2152.866644965278,2164.5363325639205,2123.5379931640623,2007.2094323730469,2161.878408758528,2153.4233739002507,59.64837400130529,11.588244129654868,12.836198142835388,-1.2479540131805198,2220.997709435869,2117.6422319703806,13.28233644820302,0,2151.599975585937,2145.7000732421875,49.65715680803572
2026-02-05,2204.0,2244.5,2196.89990234375,2218.5,1046965,2159.0110948350693,2170.663607510653,2127.0619921875,2008.3180279541016,2173.202727006823,2159.3394308184097,63.1095383748586,15.399435749312945,13.3488456641309,2.0505900851820424,2222.0052899934567,2117.054646529981,13.731697767063505,0,2161.349975585937,2159.050048828125,53.1785888671875
2026-02-06,2214.0,2214.0,2162.10009765625,2173.699951171875,600785,2163.066650390625,2171.7545166015625,2129.1039892578124,2009.0162823486328,2173.302171839833,2160.644932668725,53.59120248134581,14.636126875299851,13.606301906364692,1.0298249689351593,2220.226388171492,2117.113553234758,13.229434083657331,0,2161.349975585937,2159.050048828125,54.035731724330354
2026-02-09,2189.89990234375,2215.5,2168.5,2196.800048828125,619264,2168.2111002604165,2170.959062056108,2131.6119921875,2009.617360229492,2178.001747237492,2163.9317614104884,57.17758943534534,15.714042221511136,14.027849969393982,1.686192252117154,2222.162377762956,2116.6375734089197,12.796185883902725,0,2161.349975585937,2159.050048828125,54.27858189174107
2026-02-10,2214.0,2233.800048828125,2196.199951171875,2204.10009765625,692201,2176.5,2171.559070933949,2134.049995117188,2010.182388305664,2183.2214173212437,2167.5834283419213,58.27495241156405,16.961825465128186,14.614645068540822,2.347180396587364,2224.57957504929,2115.790395653835,12.800552904741474,0,2161.349975585937,2159.050048828125,55.021449497767854
2026-02-11,2215.0,2230.300048828125,2198.10009765625,2209.10009765625,560095,2185.055555555556,2172.781804865057,2136.5939990234374,2011.192305908203,2188.397153388245,2171.35767100686,59.04900868456232,18.14499666209167,15.320715387250994,2.8242812748406774,2228.713613747724,2114.666366721025,12.804607995520314,0,2161.349975585937,2160.75,51.75001743861607
2026-02-12,2218.0,2221.300048828125,2171.699951171875,2211.10009765625,804229,2191.5333387586807,2173.813631924716,2139.162001953125,2011.7858752441407,2192.937742241846,2174.9706188840773,59.37366808398742,19.024746213420716,16.061521552484937,2.963224660935776,2231.2109415730088,2113.689058426991,12.05820819782395,0,2161.349975585937,2161.349975585937,51.864310128348215
2026-02-13,2210.0,2219.199951171875,2160.0,2199.300048828125,1126141,2199.3000217013887,2174.7363614169035,2141.5460009765625,2012.510760498047,2194.210203559102,2177.182385242627,56.52624382215581,18.55588802132479,16.56039484625291,1.995493175071882,2231.685498828288,2113.5545158201503,11.339596405572353,0,2201.849975585937,2161.349975585937,52.68573869977679
2026-02-16,2219.300048828125,2238.800048828125,2191.89990234375,2221.5,1256981,2203.2555881076387,2175.90000221946,2144.1360009765626,2013.2050256347657,2199.6681628472816,2181.211259311479,60.376293207791015,19.7480221463984,17.197920306282008,2.5501018401163904,2237.7750387162373,2111.824985697825,10.906051412819634,0,2201.849975585937,2161.349975585937,53.06431361607143
2026-02-17,2235.0,2263.0,2228.0,2247.5,932836,2209.066704644097,2178.245461203835,2147.11,2014.21116027832,2209.2345302778253,2187.2375084649807,64.35748820080921,22.5310557526941,18.264547395564428,4.266508357129673,2249.209093185593,2107.4309214628447,11.08905937400351,0,2211.5,2170.599975585937,52.74288504464285
2026-02-18,2255.0,2255.0,2220.800048828125,2226.699951171875,381520,2209.9778103298613,2180.463645241477,2150.23,2014.9826068115235,2212.727614456636,2190.8250032565165,59.23031400545108,22.795467865323644,19.17073148951627,3.624736375807373,2255.1384944372617,2107.341510445551,11.04032098504018,0,2211.5,2170.599975585937,51.6214599609375
2026-02-19,2234.0,2251.0,2205.10009765625,2228.699951171875,492280,2216.088921440972,2182.809093128551,2153.767998046875,2015.9444323730468,2215.9220817996834,2194.268180339731,59.56389296449434,22.9023951004001,19.91706421169304,2.985330888707061,2259.8536907703115,2111.4263141125007,10.525177326303144,0,2211.5,2170.599975585937,51.49288504464285
2026-02-20,2218.0,2241.199951171875,2210.39990234375,2219.39990234375,509573,2218.600016276041,2185.131813742897,2157.047998046875,2016.7484497070316,2216.617645908497,2196.552882340096,57.21942300108466,21.983289807114943,20.330309330777418,1.652980476337525,2263.33896061982,2113.56103938018,10.046829643190184,0,2211.5,2170.599975585937,48.364310128348215
2026-02-23,2220.0,2254.39990234375,2210.5,2241.39990234375,745467,2222.744439019097,2189.70908425071,2160.2399951171874,2017.9437176513677,2221.5740971955474,2200.62988415861,61.11821387666717,22.76765700118358,20.817778864858653,1.9498781363249265,2268.033077252543,2119.286917864644,9.979841108542736,0,2211.5,2170.599975585937,44.671439034598215
2026-02-24,2252.5,2257.89990234375,2235.0,2250.199951171875,1074791,2227.311089409722,2193.6636297052555,2162.96599609375,2019.0706842041016,2227.299267990813,2205.1362538870885,62.58698164883795,23.82472742155824,21.41916857619857,2.405558845359664,2274.19339455291,2123.0965956814653,10.017858619975026,0,2211.5,2170.599975585937,42.67142159598215
2026-02-25,2267.199951171875,2299.699951171875,2254.800048828125,2292.199951171875,1104224,2236.3221842447915,2200.70908425071,2166.9579931640624,2020.395725097656,2240.279404627025,2213.051135458433,68.66996584125123,27.73183698257526,22.681702257473912,5.050134725101348,2285.9318771421526,2127.6281082094097,11.112028447737906,0,2229.849975585937,2188.949951171875,42.685703822544646
2026-02-26,2292.199951171875,2331.800048828125,2288.800048828125,2323.199951171875,914955,2250.088840060764,2208.55908203125,2171.609990234375,2021.753526611328,2256.863513935996,2223.064664159655,72.25560283961451,32.94986484966739,24.73533477591261,8.21453007375478,2303.2825329815937,2129.387437721531,12.770643923757332,0,2261.849975585937,2205.0,41.728567940848215
2026-02-27,2330.0,2336.300048828125,2291.699951171875,2301.89990234375,955385,2259.022162543403,2216.395441228693,2175.385986328125,2022.9700439453125,2265.8707916175463,2230.2315039945724,66.614334790623,34.963417091445535,26.7809512390192,8.182465852426336,2313.3297836177976,2134.25017243689,14.394586572659692,0,2270.7000732421875,2207.25,41.55714634486607
2026-03-02,2275.60009765625,2322.39990234375,2261.300048828125,2311.10009765625,580930,2266.088840060764,2224.531804865057,2179.225986328125,2024.225108642578,2274.916652825287,2237.583194327452,67.78430250488472,36.87646172641234,28.800053336497832,8.076408389914512,2318.892565290173,2146.857410295764,14.78919827830497,0,2270.7000732421875,2207.25,43.23570033482143
2026-03-04,2311.10009765625,2312.0,2268.39990234375,2304.89990234375,1343538,2274.7777235243057,2231.4454345703125,2182.807983398437,2025.471533203125,2280.91330272898,2243.702895056206,66.1030673508227,37.46043881746709,30.532130432691687,6.928308384775406,2327.5804080228904,2150.0695675630477,15.155623433547012,0,2270.7000732421875,2207.25,44.04999651227679
2026-03-05,2310.0,2361.60009765625,2310.0,2332.89990234375,1683119,2286.3554958767363,2240.6954345703125,2186.93998046875,2027.050758666992,2291.310622651934,2251.8117139005285,69.75175627834754,39.72468937236727,32.370642220626806,7.35404715174046,2341.315670984969,2150.104299718156,16.518345760474986,0,2286.0,2219.9000244140625,44.55714634486607
2026-03-06,2341.0,2369.5,2324.800048828125,2343.800048828125,1374145,2300.177734375,2247.872713955966,2191.5459814453125,2028.9960467529295,2301.8085078871723,2260.174289803037,71.05782661417294,41.91549919194176,34.2796136148898,7.635885577051965,2356.113959702218,2147.83601588372,17.923474929923433,0,2290.0,2223.849975585937,43.521432059151785
2026-03-09,2310.0,2319.89990234375,2284.39990234375,2303.10009765625,852490,2307.0333116319443,2252.777266068892,2195.4679833984374,2030.5932348632807,2302.066825840988,2264.0766359715108,60.54558943874495,39.907556373716034,35.405202166655044,4.502354207060989,2358.0895968290374,2158.800393405337,17.85883563159402,0,2302.25,2223.849975585937,44.41428920200893
2026-03-10,2318.0,2358.0,2314.60009765625,2337.39990234375,1118753,2316.7221950954863,2258.181807084517,2199.9679833984374,2032.4975787353517,2309.13344114154,2270.742387459896,65.21590647791514,40.61576158950811,36.44731405122566,4.16844753828245,2366.6349274619806,2164.315048123957,18.54022592262592,0,2312.1500244140625,2223.849975585937,45.37142508370536
2026-03-11,2350.0,2377.60009765625,2336.5,2344.60009765625,985107,2322.54443359375,2265.9499955610795,2205.2179833984374,2034.38723815918,2316.2267724444823,2277.4567247504733,66.12247328464656,41.282140098724085,37.41427926072535,3.867860837998734,2375.215975368637,2169.7840002173,19.509026066657256,0,2319.4500732421875,2268.4000244140625,45.86429268973215
2026-03-12,2337.0,2361.39990234375,2306.0,2357.300048828125,870863,2326.333333333333,2273.245450106534,2210.755986328125,2036.298656616211,2324.441427721211,2284.7152087575323,67.72051523179684,42.34688130229097,38.40079966903848,3.94608163325249,2384.729198132591,2175.090772570534,19.484225923821832,0,2319.4500732421875,2268.4000244140625,46.54286411830357
2026-03-13,2348.0,2361.89990234375,2297.199951171875,2314.89990234375,695882,2327.777777777778,2278.281804865057,2214.863984375,2038.083046875,2322.533122645719,2287.4592718108247,57.900565336771166,39.316146841348655,38.58386910350052,0.7322777378481362,2385.770719438291,2184.429231733584,19.20975954027954,0,2319.4500732421875,2268.800048828125,48.96428571428572
2026-03-16,2301.10009765625,2312.0,2251.0,2290.39990234375,614808,2325.4777560763887,2281.9772505326705,2218.6159814453126,2039.8870526123048,2316.106478585325,2287.7266018592723,53.10836100215285,34.53917657318743,37.7749305974379,-3.2357540242504683,2381.8685034007167,2197.441433122721,17.902516494652062,0,2314.300048828125,2268.800048828125,50.392857142857146
2026-03-17,2306.0,2312.199951171875,2285.39990234375,2298.199951171875,723707,2324.7333170572915,2285.9363347833805,2222.4739794921875,2041.5884393310544,2312.525173102635,2288.6787245240544,54.40229298464172,31.02515331720633,36.42497514139159,-5.399821824185253,2379.9704098611646,2207.009521779461,16.68384330434094,0,2314.300048828125,2268.800048828125,50.671439034598215
2026-03-18,2295.300048828125,2323.0,2295.300048828125,2302.39990234375,1168283,2321.344428168403,2290.6226917613635,2226.847978515625,2043.3724432373049,2310.5001189508585,2289.926104325845,55.12041211841515,28.25347703273019,34.7906755196593,-6.537198486929114,2380.0118943989496,2212.4580274760506,15.70092893920822,0,2314.300048828125,2268.800048828125,49.11429268973215
2026-03-19,2278.0,2295.0,2241.60009765625,2251.5,372325,2311.0888671875,2291.986328125,2228.883979492188,2044.8850524902343,2298.700095160687,2286.432822114404,45.72232992658446,21.69956776781009,32.172453969289464,-10.472886201479367,2377.57171576967,2217.378210988142,15.595285874617575,0,2309.60009765625,2268.800048828125,50.385707310267854
2026-03-20,2275.0,2337.800048828125,2265.10009765625,2322.5,1089433,2313.2444118923613,2295.395419034091,2231.047978515625,2046.7879418945315,2303.4600761285496,2289.71165646764,56.78961307202473,21.981267713894795,30.13421671821053,-8.152949004315737,2376.049518692952,2228.280412947673,14.48609887902061,0,2309.60009765625,2268.800048828125,53.36427525111607
2026-03-23,2319.699951171875,2321.0,2282.10009765625,2296.699951171875,1092156,2308.7221950954863,2298.577237215909,2233.1639794921875,2048.611522216797,2302.1080511372147,2290.3469559862065,52.5930384610134,19.893350469251345,28.08604346841869,-8.192692999167349,2368.960087823087,2243.0998487003503,13.45613952596628,0,2309.60009765625,2268.800048828125,51.885707310267854
2026-03-24,2325.0,2348.89990234375,2280.5,2331.800048828125,1275818,2307.2999674479165,2303.263605291193,2236.1559814453126,2050.3561853027345,2308.046450675397,2294.1154189718354,57.224264757020585,20.830820811761896,26.63499893708734,-5.804178125325443,2366.53755326952,2254.562397902355,13.116493287608115,0,2301.75,2284.75,53.65712193080357
2026-03-25,2338.699951171875,2360.699951171875,2331.199951171875,2347.60009765625,1159296,2306.2221950954863,2309.090886896307,2239.3399853515625,2052.1579846191407,2315.957180071568,2298.9776624886,59.158419467612326,22.588320607006157,25.825663271071104,-3.2373426640649505,2365.9865388070407,2264.853427013272,13.048031252457228,0,2301.75,2291.35009765625,51.71425083705357
2026-03-27,2347.60009765625,2369.300048828125,2323.39990234375,2334.800048828125,951114,2308.4333224826387,2313.336348100142,2242.455986328125,2053.920629272461,2319.725753822879,2302.2342430649205,56.91327055897824,22.68677586078593,25.197885789014077,-2.5111099282281444,2367.5843284161583,2267.515647169779,13.165545437871092,0,2305.4500732421875,2291.35009765625,51.79997907366072
2026-03-30,2324.10009765625,2332.800048828125,2295.5,2313.89990234375,1593494,2311.04443359375,2316.2318004261365,2244.815986328125,2055.5280883789064,2318.560583527053,2303.294757544814,53.35279390725854,20.83812625903056,24.32593388301737,-3.4878076239868108,2367.071075816349,2267.098894886776,12.524281008979878,0,2305.4500732421875,2291.35009765625,50.3642578125
2026-04-01,2346.0,2359.89990234375,2258.89990234375,2274.89990234375,2010354,2308.4555392795137,2315.4454345703125,2246.395986328125,2056.832221069336,2309.828447290393,2300.71340707199,47.39449289321352,16.041171428492362,22.66898139211237,-6.62780996362001,2368.8107769830194,2262.6591937201056,12.183224410967568,0,2305.4500732421875,2294.0,53.65712193080357
2026-04-02,2269.199951171875,2286.0,2170.10009765625,2274.5,1231890,2305.3555501302085,2313.2318004261365,2248.32798828125,2058.1512493896485,2302.7627578323145,2298.330370065445,47.33611721616179,12.068167070267464,20.54881852774339,-8.480651457475926,2370.086644171188,2257.723316766313,13.38467456946475,0,2269.7000732421875,2273.85009765625,58.999965122767854
2026-04-06,2270.10009765625,2290.0,2232.800048828125,2279.89990234375,792605,2308.5110948350693,2312.2318004261365,2250.383984375,2059.614547729492,2298.1901867346014,2296.6548729998367,48.262784311981896,9.24864683901933,18.28878418999858,-9.04013735097925,2370.759796382979,2254.5501645545214,14.398458996897345,0,2269.7000732421875,2273.85009765625,59.1285400390625
2026-04-07,2260.0,2309.89990234375,2246.89990234375,2298.300048828125,546081,2305.822211371528,2311.649980024858,2252.983984375,2061.113695678711,2298.2121591533064,2296.804434438772,51.40083349427693,8.402041285210998,16.311435609041066,-7.9093943238300675,2368.550193282348,2253.29978230359,14.83036422724066,0,2269.7000732421875,2273.85009765625,59.007114955357146
2026-04-08,2335.300048828125,2339.0,2256.10009765625,2294.10009765625,1850253,2305.5333387586807,2311.15907981179,2256.0519873046874,2062.9242767333985,2297.3897468538958,2296.558585640361,50.645728813160346,7.307957737488778,14.51074003473061,-7.202782297241832,2364.357144168171,2252.5228363005785,14.535254665214424,0,2269.7000732421875,2273.85009765625,60.3642578125
2026-04-09,2300.199951171875,2314.39990234375,2272.0,2295.10009765625,2196761,2301.45556640625,2309.440906871449,2258.689990234375,2064.6901666259764,2296.931817014366,2296.4259958236235,50.830940906720336,6.447260282862771,12.898044084357045,-6.450783801494271,2364.2317610788223,2251.848219389928,14.261224357618634,0,2269.7000732421875,2273.85009765625,61.47853306361607
2026-04-10,2301.60009765625,2336.39990234375,2290.10009765625,2333.800048828125,1268810,2299.9222276475693,2308.9863614169035,2262.6219921875,2066.759869995117,2304.305463377118,2299.8236370058507,57.48096339485658,8.78662721066621,12.075760709618876,-3.289133498952665,2363.6776046806103,2252.042390436577,13.482932916810851,0,2269.7000732421875,2273.85009765625,62.807094029017854
2026-04-13,2316.699951171875,2338.89990234375,2301.10009765625,2315.10009765625,746223,2297.733344184028,2309.531815962358,2265.913994140625,2068.6555743408203,2306.4643902329444,2301.212406155887,53.70148188260415,9.027598046821822,11.466128177059469,-2.4385301302376448,2359.613791907379,2253.156203209808,12.70085640347893,0,2265.0,2273.85009765625,61.16423688616072
2026-04-15,2348.0,2352.89990234375,2315.10009765625,2338.89990234375,908344,2300.5111219618057,2309.59999778054,2270.1019921875,2070.7736352539064,2312.951492655105,2304.6385421729656,57.529008266122304,11.012074169344942,11.375317375516564,-0.3632432061716208,2355.530515551433,2255.399464917317,11.951442280582707,0,2265.0,2273.85009765625,57.69993373325893
2026-04-16,2349.5,2350.0,2296.0,2327.0,985698,2306.3000217013887,2308.7999933416195,2273.999990234375,2072.8143072509765,2315.7611941240843,2306.671401975423,55.077247893977486,11.492089472454154,11.39867179490408,0.0934176775500734,2356.902151083716,2255.2378391506586,11.40457451598997,0,2261.5,2273.85009765625,58.67136928013393
2026-04-17,2316.0,2335.0,2300.0,2326.10009765625,999957,2312.0333658854165,2307.381813742897,2277.4659912109373,2074.8281188964843,2317.828974830518,2308.4376470373168,54.88674775328103,11.66541877399368,11.452021190722,0.2133975832716785,2358.8771701051955,2256.8328396604293,10.896768734582428,0,2292.849975585937,2273.85009765625,56.28566196986607
2026-04-20,2323.0,2339.300048828125,2303.699951171875,2328.699951171875,720175,2317.4555935329863,2308.0090886896305,2281.4519921875,2076.8877264404296,2320.0031700987893,2310.279674685913,55.36705243257495,11.875674561072628,11.536751864792128,0.3389226962805018,2361.0067433804443,2257.7532663851807,10.303475635127167,0,2299.89990234375,2273.85009765625,56.72138323102679
2026-04-21,2333.0,2340.199951171875,2304.0,2311.5,527927,2318.9222547743057,2308.968184037642,2283.963994140625,2078.8290350341795,2318.302536079032,2310.39061335083,51.46337467158133,10.53299367899308,11.33600022763232,-0.8030065486392388,2361.363034979324,2258.306984551926,9.725666661826894,0,2304.5,2273.85009765625,56.02851213727679
2026-04-22,2304.699951171875,2318.60009765625,2285.10009765625,2307.89990234375,989132,2320.45556640625,2309.409090909091,2286.2179931640626,2080.7384295654297,2316.222009331975,2310.164185077459,50.658284022547264,9.073814329526158,10.883563048011087,-1.8097487184849288,2356.3130695352224,2268.9969402304027,9.72448210410217,0,2312.449951171875,2269.7000732421875,55.614222935267854
2026-04-23,2307.89990234375,2381.0,2293.89990234375,2341.39990234375,1116471,2325.5999891493057,2311.181818181818,2288.6759912109374,2082.701531982422,2321.2575879343303,2313.003795738031,57.345250229357546,10.4995420263308,10.80675884367503,-0.30721681734423,2358.9410730015434,2268.2589269984564,10.014595317832802,0,2333.050048828125,2275.550048828125,54.621372767857146
2026-04-24,2347.300048828125,2351.5,2262.0,2296.10009765625,1299351,2321.411105685764,2313.2090953480115,2291.123994140625,2084.4008666992186,2316.2260898787144,2311.467095912414,47.89321963185498,7.883252616832124,10.22205759830645,-2.338804981474325,2358.958919069755,2268.1810955786823,9.426785300856896,0,2321.5,2275.550048828125,52.735665457589285
2026-04-27,2304.89990234375,2341.0,2296.199951171875,2324.5,898638,2322.4555392795137,2313.3000044389205,2293.6779931640626,2086.309780883789,2317.880871902972,2312.651905374922,53.11119507653542,8.009134860551967,9.779473050755552,-1.770338190203585,2358.091279917612,2268.318729848013,8.880961713664986,0,2321.5,2275.550048828125,51.857090541294646
2026-04-28,2299.10009765625,2319.39990234375,2260.300048828125,2302.699951171875,1261666,2318.4333224826387,2313.5727317116475,2295.649990234375,2087.980001220704,2314.8446877567526,2311.747182265554,49.05070590574843,6.277453123780106,9.079069065360464,-2.8016159415803585,2353.004401653948,2268.91559346324,8.998801533356062,0,2320.6500244140625,2275.550048828125,51.94280133928572
2026-04-29,2314.0,2333.800048828125,2302.699951171875,2311.39990234375,706510,2316.6999782986118,2312.6454523259945,2297.695986328125,2089.705150756836,2314.1557306741524,2311.715611363572,50.6715230490233,5.543197689891713,8.371894790266714,-2.8286971003750008,2350.315988981496,2269.2639914872543,8.71605770603325,0,2320.6500244140625,2275.550048828125,48.24281529017857
2026-04-30,2297.0,2317.39990234375,2277.699951171875,2305.199951171875,1095515,2314.377739800347,2310.718172940341,2299.577983398437,2091.680054321289,2312.3645747736973,2311.123278618872,49.46387570672862,4.410172995044832,7.579550431222337,-3.1693774361775056,2349.8820112194226,2268.8279741321403,9.029899158446426,0,2320.6500244140625,2275.550048828125,48.049961635044646
2026-05-01,2305.199951171875,2305.199951171875,2305.199951171875,2305.199951171875,0,2311.7666286892363,2309.372713955966,2301.695981445313,2093.6942138671875,2310.931650053333,2310.5847943055087,49.46387570672862,3.47221720284233,6.758083785546336,-3.285866582704005,2348.105498334683,2273.634491899692,9.32132336425866,0,2320.6500244140625,2275.550048828125,44.742832728794646
2026-05-04,2320.0,2361.89990234375,2304.10009765625,2348.800048828125,1305028,2315.911078559028,2310.95908425071,2304.241982421875,2096.022774047852,2318.505329808292,2314.058908353019,57.68829522475078,6.175852595172273,6.641637547471524,-0.4657849522992503,2351.365084823402,2277.8049102937857,9.195069832767292,0,2320.6500244140625,2275.550048828125,46.17140415736607
2026-05-05,2354.0,2364.60009765625,2326.60009765625,2343.300048828125,1419075,2319.844428168403,2314.068181818182,2306.1579833984374,2098.324331665039,2323.4642736122582,2316.717193850756,56.440469733276686,7.784958927109528,6.870301823399124,0.914657103710404,2352.837463543186,2282.672546222439,9.139127869889595,0,2320.6500244140625,2275.550048828125,46.185703822544646
2026-05-06,2362.300048828125,2459.0,2350.39990234375,2442.89990234375,2886186,2331.1222059461807,2321.722722833807,2310.481982421875,2100.9678588867187,2347.3513993585566,2328.188349168301,69.36395266978047,16.90222475050541,8.876686408820383,8.025538341685028,2390.008870041911,2259.961125075277,10.781366730902583,0,2359.6500244140625,2314.550048828125,50.592843191964285
2026-05-07,2454.89990234375,2494.0,2430.39990234375,2460.10009765625,1409904,2349.344428168403,2329.913640802557,2315.1099853515625,2103.5751470947266,2369.901139018096,2340.180326303569,70.96595552514741,25.224859141336765,12.14632095532366,13.078538186013104,2420.351707853962,2246.218287263225,12.760603877751592,0,2377.1500244140625,2332.050048828125,52.635707310267854
2026-05-08,2425.0,2475.0,2347.89990234375,2379.5,3207239,2355.4555392795137,2333.604547674005,2318.311987304688,2105.8817980957037,2371.8209112144764,2343.754842094154,56.14898716088221,25.028341439166525,14.722725052092231,10.305616387074291,2424.9596183753542,2250.050366976208,12.697477588499146,0,2377.1500244140625,2332.050048828125,59.17142159598215
2026-05-11,2330.39990234375,2330.39990234375,2236.10009765625,2255.89990234375,3278889,2350.2555338541665,2331.868175159801,2318.601987304688,2107.4432397460937,2348.6367094403317,2335.768029389572,41.75242164852208,14.729314464156689,14.724042934505125,0.0052715296515621,2428.3914208092783,2238.8285498938467,12.69245009958986,0,2365.050048828125,2332.050048828125,66.82856096540179
2026-05-12,2256.0,2289.800048828125,2233.0,2245.39990234375,1412650,2342.922200520833,2329.609075372869,2318.505986328125,2109.068955078125,2327.9893480210158,2327.552745112679,40.79548273303064,5.654813962776643,12.910197140159427,-7.255383177382786,2432.5864901588084,2227.663461013067,12.728335561353056,0,2363.5,2363.4000244140625,68.49285016741071
2026-05-13,2245.800048828125,2267.199951171875,2210.60009765625,2215.60009765625,1323687,2332.96666124132,2324.2363503196025,2316.9739892578127,2110.601325073242,2305.5114979480622,2317.3752317075487,38.12481940139268,-3.896472148278917,9.54886328247176,-13.445335430750678,2438.342561853311,2209.5774088498138,13.060081813065224,0,2352.300048828125,2352.300048828125,66.31426130022321
2026-05-14,2248.0,2273.800048828125,2225.0,2258.199951171875,1452555,2327.744439019097,2321.649980024858,2315.6739892578125,2112.43514465332,2296.049188592825,2311.99566074976,43.7898372351221,-7.936990363406494,6.05169255329611,-13.988682916702604,2438.596223805971,2202.4437420143413,13.242018262643995,0,2352.300048828125,2352.300048828125,64.07854352678571
2026-05-15,2268.0,2299.0,2254.10009765625,2276.199951171875,2059751,2319.6777615017363,2318.799982244318,2315.159990234375,2114.2729986572267,2292.079341108635,2308.7415053335885,46.03797103584817,-9.576291069122815,2.926095828812325,-12.502386897935144,2437.7027182786906,2198.347232893185,12.929954491098488,0,2352.300048828125,2352.300048828125,64.07854352678571
2026-05-18,2240.0,2274.89990234375,2214.10009765625,2252.39990234375,907343,2309.5777452256943,2315.4090687144885,2313.985986328125,2115.887998046875,2284.1434533556585,2303.619541425421,43.55735882901181,-12.650091345427429,-0.1891416060356254,-12.4609497393918,2437.2715582557257,2191.148388033337,13.229611038119144,0,2352.300048828125,2352.300048828125,63.928536551339285
2026-05-19,2252.39990234375,2294.0,2250.5,2287.39990234375,1242712,2292.2999674479165,2313.649968927557,2313.635986328125,2117.569997558594,2284.7947431532766,2302.145028781633,47.995098849325935,-12.122156047997578,-2.575744494428016,-9.546411553569564,2436.648875830294,2189.361060693144,13.135618119370164,0,2352.300048828125,2352.300048828125,64.81424386160714
2026-05-20,2275.10009765625,2309.60009765625,2264.800048828125,2285.5,1189737,2272.899956597222,2311.6863347833805,2312.68798828125,2119.194997558594,2284.9357945226216,2300.631844346939,47.775511261032975,-11.721946460076651,-4.404984887557744,-7.316961572518908,2436.1279432722326,2187.6420030168297,12.747269822521751,0,2342.800048828125,2352.300048828125,65.17853655133929
2026-05-21,2297.10009765625,2304.300048828125,2269.60009765625,2284.5,1224058,2262.3444010416665,2310.459062056108,2311.501987304688,2120.694497680664,2284.848635618097,2299.165313042672,47.65193222059276,-11.35458058395534,-5.794904026837263,-5.559676557118077,2433.0428854536844,2185.037070601003,12.38666068973394,0,2270.5,2352.300048828125,67.6571044921875
2026-05-22,2297.0,2304.5,2270.0,2281.800048828125,1225221,2265.2221950954863,2309.272705078125,2311.075986328125,2122.180498046875,2284.238918260103,2297.586652659531,47.29621372754659,-11.152742106870846,-6.86647164284398,-4.286270464026867,2432.806023526085,2183.8439276457893,12.047504913386138,0,2260.10009765625,2352.300048828125,65.99283272879464
2026-05-25,2294.0,2294.0,2269.800048828125,2287.199951171875,773725,2269.866644965278,2306.809070933949,2310.071987304688,2123.9709979248046,2284.831124842458,2296.642407069744,48.13019296714758,-10.43674833122759,-7.580526980520702,-2.856221350706889,2431.0382885820086,2181.8816577070543,11.736547563109808,0,2260.10009765625,2352.300048828125,65.00711495535714
2026-05-26,2287.199951171875,2294.0,2250.0,2266.0,889172,2275.4666341145835,2305.4408846768465,2308.4999853515624,2125.964497680664,2281.064899873966,2293.856733699767,45.11205119490742,-11.448011440018943,-8.35402387242035,-3.093987567598594,2430.510781447489,2178.739169724386,11.84568241988138,0,2261.85009765625,2352.300048828125,59.885689871651785
2026-05-27,2258.300048828125,2292.199951171875,2250.5,2276.39990234375,568728,2277.4888509114585,2303.2545166015625,2306.881982421875,2127.9354974365237,2280.131900367923,2292.269749031038,46.87209629828632,-11.280228088260174,-8.939264715588315,-2.340963372671858,2429.336017379478,2176.413933792397,11.9470219297407,0,2261.85009765625,2352.300048828125,58.32139369419643
2026-05-28,2276.39990234375,2276.39990234375,2276.39990234375,2276.39990234375,0,2277.511067708333,2302.0590598366475,2306.111982421875,2129.9949969482423,2279.3855007630887,2290.8270356958296,46.87209629828632,-11.020224287443398,-9.355456629959331,-1.6647676574840666,2428.439265269052,2174.430681020011,12.041122903181495,0,2261.85009765625,2352.300048828125,49.24281529017857
2026-05-29,2289.0,2301.39990234375,2256.199951171875,2267.699951171875,2937904,2279.2110731336807,2300.0726984197445,2305.6579833984374,2132.0744964599608,2277.048390844846,2288.7245734663798,45.45788929564778,-11.38494420322104,-9.761354144611673,-1.6235900586093663,2427.434494440082,2171.685451848981,11.42548619734944,0,2279.800048828125,2352.300048828125,42.22853306361607
2026-06-01,2285.39990234375,2286.0,2231.199951171875,2262.89990234375,1482207,2276.4888509114585,2298.149968927557,2304.951982421875,2133.6679962158205,2274.2186931446267,2286.376876091595,44.65730939444462,-11.923860349128518,-10.193855385515045,-1.7300049636134744,2421.940620161526,2168.5893114790997,11.444137463323807,0,2270.4000244140625,2352.300048828125,42.08567592075893
2026-06-02,2242.0,2259.199951171875,2219.800048828125,2249.800048828125,822811,2272.5221896701387,2295.6317915482955,2303.8999853515625,2135.326996459961,2269.3349642813264,2283.051709976734,42.45956864173376,-13.25520620999896,-10.806125550411826,-2.4490806595871337,2416.701448365023,2164.478483275602,11.715847145942403,0,2262.1500244140625,2352.300048828125,41.121390206473215
2026-06-03,2248.60009765625,2265.0,2235.0,2261.199951171875,570270,2269.933295355903,2291.649968927557,2304.093984375,2136.90899597168,2267.7079616594365,2281.06518644902,44.9964156391038,-13.23783305123652,-11.292467050576766,-1.9453660006597548,2385.690244749721,2177.3196917737164,11.790185200176149,0,2262.1500244140625,2352.300048828125,39.10710797991072
2026-06-04,2261.60009765625,2270.800048828125,2244.699951171875,2249.800048828125,663261,2266.377739800347,2287.399968927557,2302.6399853515627,2138.43899597168,2264.1263790931744,2278.2229012107564,42.95684737525346,-13.982757024912644,-11.830525045443942,-2.152231979468702,2333.3250406323777,2208.6548910082474,11.675969528037458,0,2260.599975585937,2352.300048828125,37.76426478794643
2026-06-05,2275.39990234375,2306.300048828125,2260.0,2267.699951171875,1024417,2264.2110731336807,2279.4363347833805,2302.0599853515623,2139.8284954833985,2264.8410935089146,2277.26626938904,47.01777051033629,-12.979126822736816,-12.060245400902517,-0.9188814218342998,2301.1426888190754,2229.657237938737,11.140463262359242,0,2263.050048828125,2352.300048828125,37.36427525111607
2026-06-08,2232.199951171875,2275.0,2232.199951171875,2254.5,445006,2262.933295355903,2270.090875799005,2300.513984375,2141.2929956054686,2262.772874807132,2275.1966085354907,44.501802044899215,-13.097884144455293,-12.267773149613074,-0.8301109948422187,2301.156411185303,2229.5035253381348,10.783533879670143,0,2263.050048828125,2352.300048828125,37.314278738839285
