Date,Open,High,Low,Close,Volume,SMA_9,SMA_22,SMA_50,SMA_200,EMA_9,EMA_21,RSI_14,MACD_Line,MACD_Signal,MACD_Hist,BB_Upper,BB_Lower,ADX_14,ST_Direction,Ichi_Tenkan,Ichi_Kijun,ATR_14
2024-12-18,70.1553072997569,70.54077365554285,65.15963142596529,65.87814331054688,106766601,72.42048984103732,71.0894002047452,70.455908203125,,71.02630367831472,71.28581873380398,32.924202667124405,0.0946181328518207,0.6849257617293546,-0.5903076288775339,76.35317958223,66.35381199491844,16.45488582076229,0,70.89386260107423,70.89386260107423,1.9524554080717544
2024-12-19,65.52968280538121,66.57815581045246,64.66931636558284,66.02925109863281,39105261,71.57965511745877,70.968994140625,70.42587265014649,,70.02689316237834,70.80794894878841,33.57350164878858,-0.3308412892459529,0.4817723515342931,-0.812613640780246,76.51131999295433,66.08743183810037,18.012141319198275,0,70.64870507088301,70.64870507088301,1.979107460700432
2024-12-20,66.14643647694442,67.60813564829147,65.09796337533228,65.73013305664062,57495276,70.60724724663629,70.85587726939808,70.35784530639648,,69.1675411412308,70.34632932222951,32.89469638042124,-0.6842694405157062,0.2485639931242932,-0.9328334336399994,76.79026857292617,65.5735032471422,18.810088155984523,0,70.64870507088301,70.64870507088301,2.092545446853197
2024-12-23,66.45480522877428,67.1486488782923,64.16974568039208,66.0107421875,60663189,69.58241441514757,70.80583607066761,70.28198501586914,,68.53618135048464,69.9521850372541,34.23797958590431,-0.9309891219204188,0.0126533701153508,-0.9436424920357698,77.03492451273998,64.9359777394573,19.853915729963507,0,70.0381246492239,70.39891972828764,2.208625942176757
2024-12-24,66.14642339800757,66.36228255818743,64.77723558432643,65.51116943359375,40001385,68.59869723849826,70.68907408280806,70.15098709106445,,67.93117896710646,69.54845634601224,32.97253058213313,-1.1535304125414854,-0.2205833864160164,-0.9329470261254688,77.28137945293862,64.24916253924887,20.82318419151542,0,69.39824538141048,70.39891972828764,2.2277892899057616
2024-12-26,66.26669006354349,66.72616807750292,65.76096004224947,66.1310043334961,28683231,67.69618479410808,70.51596346768466,70.0116015625,,67.5711440403844,69.23777889032895,36.12692716795911,-1.2652949597590322,-0.4295257010846195,-0.8357692586744125,77.39754039791649,63.72378757449562,21.4706482526647,0,68.85858389268228,70.39891972828764,2.2528998401861053
2024-12-27,66.46096543293964,66.70149986876046,63.953877951624726,64.12965393066406,33184338,66.81320444742839,70.25300355391069,69.86284133911133,,66.88284601844033,68.77340389399578,31.0464227998379,-1.4980923441609946,-0.6432390296998947,-0.8548533144610999,77.67439359658825,62.83727632528677,22.693559903621235,0,68.16474069399861,70.29098586390396,2.337923229062669
2024-12-30,64.24992734234085,64.43495657410412,61.53006468778399,61.87235641479492,39389278,65.7167599995931,69.87342227589001,69.673129196167,,65.88074809771126,68.14603594134115,26.516931530966048,-1.8434804973753387,-0.8832873232349835,-0.9601931741403552,78.10046888043952,61.503653662895445,24.49606299622625,0,66.8371932510254,69.07907923198358,2.399598315945689
2024-12-31,61.84459645723337,62.74196871492507,60.64193835510296,60.98423004150391,38155586,64.69740931193034,69.45333116704768,69.51117057800293,,64.9014444864698,67.49496267771958,24.97316342224489,-2.163923114459635,-1.139414481479914,-1.0245086329797213,78.41545985936202,60.14049602747881,26.3803453783948,0,65.59135600532291,68.63501606564307,2.39629406435154
2025-01-01,61.31727857194124,61.31727857194124,60.13311980357375,61.03974533081055,21999690,64.15980953640408,69.00296367298473,69.30455947875977,,64.12910465533795,66.90812473709148,25.266049858473025,-2.385893482379174,-1.388710281659766,-0.997183200719408,78.38743572132579,59.0047128687621,28.24844171222199,0,63.87062772593261,68.38060678987847,2.346733294672574
2025-01-02,61.039748872841606,62.80673390244734,60.98423657487978,62.62171173095703,30423550,63.78119405110677,68.60095526955344,69.16566772460938,,63.827626070461775,66.51845082744289,33.26126124315337,-2.4064154711092414,-1.592251319549661,-0.8141641515595803,78.12623352892074,58.30995345228043,28.93551682243441,0,63.87062772593261,68.38060678987847,2.381976621925787
2025-01-03,62.85298984409536,63.454315400562486,62.39967354767701,62.59395599365234,19978769,63.43272993299696,68.14259789206766,69.08900588989258,,63.580892055099895,66.16167856982557,33.19416257098973,-2.397284547066107,-1.7532579650529505,-0.6440265820131565,77.71703189780075,57.72680431435745,29.14927398126023,0,63.64088434093303,68.38060678987847,2.202237089418805
2025-01-06,62.8067289285299,62.8067289285299,59.8648314626968,60.04060745239258,22191351,62.76938162909614,67.5907469662753,68.94357612609863,,62.87283513455844,65.60521755914984,27.665121553260548,-2.5664971306990125,-1.915905798182163,-0.6505913325168495,77.19907982345735,56.88914077285612,30.09505197090888,0,63.29549977009986,68.24646261944,2.319860533390212
2025-01-07,60.13311859157471,61.47454687536038,59.21724691545995,61.03049087524414,38761765,62.27152845594618,67.06861183860086,68.83293121337891,,62.50436628269558,65.18933331515841,32.36835645308577,-2.5908582023127096,-2.0508962790082723,-0.5399619233044373,76.22984192973428,56.51324736469931,31.140214854765357,0,62.97170749648144,67.92267034582156,2.3280101643506272
2025-01-08,61.030493993391495,61.585567550967845,59.95734566501977,61.05824661254883,31517108,61.70788870917426,66.49867924776945,68.71062965393067,,62.21514234866623,64.81377997855753,32.50088224580634,-2.578204929492152,-2.1563580091050483,-0.4218469203871038,74.85392499076534,56.471565197833286,32.03386917997521,0,62.95937339211021,67.92267034582156,2.0599444255199493
2025-01-09,61.05824442875716,61.14150228325138,59.71681612441287,59.92033767700195,14824626,61.24018690321181,65.83679441972212,68.50309326171875,,61.756181414333376,64.36892158750703,29.912970649114627,-2.629683506277594,-2.2510231085395573,-0.3786603977380367,73.50102963258006,56.38003192137502,32.932315723988566,0,61.82610174478204,67.92267034582156,2.025362047946299
2025-01-10,59.9203359141344,60.53092172836705,58.144097822418495,58.31987380981445,16248992,60.84546661376953,65.06795969876376,68.27477256774903,,61.0689198934296,63.81900815317134,26.69351066957006,-2.767720152636961,-2.3543625173590383,-0.4133576352779231,71.99100869952446,56.29667860211128,34.19065821074159,0,60.79920661149049,67.38609579930083,2.0165514503026825
2025-01-13,57.4687557969349,57.88506269323989,55.22995531091679,55.50749206542969,27510117,60.23694017198351,64.21081733703613,68.00179893493652,,59.95663432782962,63.06341578155846,22.176686169827832,-3.068677092753916,-2.497225432438014,-0.5714516603159017,71.13478769553798,55.496001107562606,35.98150799434448,0,59.34213535573964,65.92902454354999,2.0244811146596424
2025-01-14,55.50749681927944,58.84719844255754,55.50749681927944,58.61591720581055,40674327,59.9676259358724,63.50001283125444,67.80573425292968,,59.6884909034258,62.65909772921773,35.223283975008,-3.021533349820821,-2.6020870159145755,-0.4194463339062455,69.66174917983992,55.65659569931047,36.97375102959929,0,59.34213535573964,65.92902454354999,2.1498139291787037
2025-01-15,59.20799183011447,60.179375769334335,58.22735819496252,58.477142333984375,22377655,59.507118225097656,62.88186125321822,67.60091156005859,,59.44622118953752,62.2789199660147,34.941649341020465,-2.9612343005480213,-2.6739164728412645,-0.2873178277067567,68.35540490997575,55.7948155795262,37.030057284899854,0,59.34213535573964,65.92902454354999,2.202458138497464
2025-01-16,59.30976114128872,61.04899350729956,59.20799683208212,60.76220703125,30305626,59.303590562608505,62.38285446166992,67.4192170715332,,59.70941835788002,62.14103697194518,43.02046122607047,-2.697960832526228,-2.678725344778257,-0.0192354877479705,67.85956428454402,55.77906257702824,36.55339842635435,0,59.01834211972334,65.56822946448625,2.189903085367425
2025-01-17,60.678940548920906,62.09438761548556,59.90183899847103,61.64107131958008,26506821,59.4814198811849,61.99570378390226,67.204341506958,,60.09574895022004,62.09558554900289,45.80779678293842,-2.3908376213885134,-2.6211478001003083,0.2303101787117949,67.30580873903527,55.89400014463171,35.50498210744146,0,58.662171463201176,64.92835019667284,2.139021423274168
2025-01-20,62.15914046558078,62.99174717784461,60.79920581694098,62.08512878417969,27802226,59.59860187106662,61.82329403270375,66.95930671691895,,60.49362491701197,62.09463493401896,47.2128746037683,-2.0875446226500074,-2.5144271646102485,0.4268825419602411,66.79126880562663,56.04403965079428,34.0375728004683,0,59.1108512443807,64.38868870794462,2.145629351922847
2025-01-21,62.21465076131688,63.03801137402711,61.021238769624496,61.335784912109375,32761209,59.629439459906685,61.60995466058905,66.71254508972169,,60.66205691603145,62.025648568390814,45.08838355761903,-1.8859089396707416,-2.388723519622347,0.5028145799516053,66.10383830734322,56.2639744215386,32.64919425204678,0,59.13398334247195,63.80277937364464,2.2051017687824985
2025-01-22,61.42829551205924,61.992622272512826,59.04147154733519,60.77145767211914,28101558,59.72400834825304,61.38456032492898,66.47262939453125,,60.68393706724899,61.9116312141843,43.50083650127351,-1.7514579828096188,-2.261270412259801,0.5098124294501827,65.42608620399591,56.46775534873846,32.13109978719961,0,59.13398334247195,63.6871385625918,2.285719868611789
2025-01-23,60.59567879205243,63.88912106015988,60.05910467520675,62.99174880981445,36174380,60.24310557047526,61.247333353216,66.29586875915527,,61.14549941576209,62.00982372287795,50.83545545064037,-1.449042037158577,-2.0988247372395565,0.6497827000809795,64.68631897463189,56.89359702573433,30.616698107966677,0,59.55953818553834,62.88536448322982,2.4839609066166224
2025-01-24,62.99174864544471,63.3247941613666,61.42829242373968,61.77058410644531,20736866,60.93900468614366,61.07730674743652,66.14507331848145,,61.270516353898735,61.98807466683861,47.205687465272725,-1.2930080157673132,-1.937661392945108,0.6446533771777947,64.27441700867786,57.06959200926647,29.21046797725037,0,59.69830893971966,61.41904547960413,2.409289783173324
2025-01-27,61.01198353809011,61.048989380585866,59.20799282981382,59.60579681396485,13695938,61.04899130927192,60.78070640563965,65.96054176330567,,60.93757244591196,61.771503952941,41.54284990694087,-1.3287135891114303,-1.8158718321783724,0.4871582430669421,64.14466166599867,56.972691391862654,28.76629707037332,0,61.0582396275612,61.41904547960413,2.431096305796971
2025-01-28,59.76306954807016,60.57718401024361,58.19960967423421,59.106231689453125,17269379,61.11889012654623,60.55236903103915,65.79321754455566,,60.5713042946202,61.52920647444209,40.34019954953647,-1.381397354922008,-1.7289769367270995,0.3475795818050917,64.10183097164982,56.82772225100644,28.695563610713723,0,61.044365367197045,61.18930209460455,2.484621480801352
2025-01-29,59.39301631577915,61.05824397471023,59.34676430522951,60.83621597290039,14177669,61.12711334228516,60.505271738225765,65.63637817382812,,60.624286630276245,61.4662073379383,46.15365147190847,-1.2689269453542025,-1.6369669384525205,0.368039993098318,64.08601535127063,56.8231849355946,28.347598195937213,0,61.044365367197045,60.978061694209856,2.522287632688395
2025-01-30,60.88246325809178,61.40978413280176,59.42077137997058,60.17012023925781,16385610,60.96367433336046,60.46826674721458,65.47540649414063,,60.53345335207256,61.34838123805825,44.361250199622965,-1.2194842391702352,-1.5534703985960636,0.3339861594258284,63.81802655056323,56.84601458713208,27.81432334047813,0,61.044365367197045,60.978061694209856,2.4938725503228683
2025-01-31,60.13311706711755,61.335782231716976,59.11548111299487,61.15075302124024,15982195,60.859854804144966,60.473312551325016,65.35618858337402,,60.6569132859061,61.33041503652935,47.58834336274927,-1.0886227034073317,-1.460500859558317,0.3718781561509858,63.60564986583997,56.91407097461413,27.44199862331846,0,61.044365367197045,60.96572758983863,2.431757023167471
2025-02-01,60.87322254520736,61.789094239515926,59.25425393558102,59.55953979492188,14471957,60.66249423556857,60.33412291786888,65.18578071594239,,60.43743858770926,61.16942637820139,43.20894493256264,-1.1006242908389154,-1.388525545814437,0.2879012549755215,63.59512288649996,56.87649118820708,26.802060138591354,0,61.044365367197045,59.83245594251046,2.374266589367975
2025-02-03,58.477143169019,58.69917469434385,56.08106957426605,57.62602996826172,22975253,60.313002268473305,60.10830809853294,64.93951255798339,,59.87515686381976,60.84729943184324,38.56478207876363,-1.2517246171261291,-1.3611653600767757,0.1094407429506465,63.59601293188497,56.53515505212381,27.38448427666285,0,59.985095317212966,59.55953818553834,2.4832989212454044
2025-02-04,58.19035941431064,59.62429881860059,58.14410034462839,59.19874572753906,10065010,59.89155748155382,60.07004165649414,64.72519203186035,,59.73987463656361,60.69743091327013,43.85121448875546,-1.2303845886381453,-1.3350092057890497,0.1046246171509044,63.490886118675775,56.45433177683204,27.35017836544118,0,59.702931867816325,59.55953818553834,2.442328755318525
2025-02-05,59.64280230006471,60.73444994366697,59.39301462924659,60.26263427734375,15215384,59.72400750054253,60.03513908386231,64.52598182678223,,59.84442656471964,60.65790394636773,47.16337179921574,-1.1147751140419049,-1.2909623874396208,0.1761872733977161,63.51025982404278,56.46918773149922,26.66945183772956,0,58.935081906890986,59.55953818553834,2.395411298112337
2025-02-06,61.030492241286304,61.030492241286304,59.12473363126188,60.25338363647461,28483272,59.79596159193251,59.998554403131656,64.32652481079101,,59.92621797907064,60.62112937274108,47.13733449732712,-1.0122318433131383,-1.2352162786143244,0.222984435301186,63.518953062766506,56.65384547544151,25.86782885643792,0,58.935081906890986,59.55953818553834,2.37492681590668
2025-02-07,60.54942350147159,62.168392119779845,60.44765919509791,61.66883087158203,36994940,60.08069483439128,60.078031366521664,64.14094482421875,,60.27474055757292,60.7163749635448,51.54525721670193,-0.8074430985647822,-1.149661642604416,0.3422185440396337,63.132353029869975,57.65657938895326,24.48881079162998,0,59.12473084702295,59.55953818553834,2.3676579501140105
2025-02-10,61.84459873648542,61.890857805178726,59.050724617725685,59.31901168823242,17442057,59.91211658053928,60.12344672463157,63.89800712585449,,60.08359478370482,60.5893419385164,44.85797003240903,-0.8252444089172926,-1.084778195866991,0.2595337869496987,63.0882618179793,57.77098004908613,23.82468165748744,0,59.12473084702295,59.55953818553834,2.359728125990825
2025-02-11,59.63354852847941,59.63354852847941,56.45112023252295,56.89517974853516,19356222,59.54823430379232,60.1865234375,63.5823543548584,,59.44591177667089,60.25350901215446,39.20751613925186,-1.0231409246517558,-1.0724507416239444,0.0493098169721886,63.3286796150752,57.37236599344531,24.15408923999168,0,59.12473084702295,59.55953818553834,2.313471833919634
2025-02-12,56.93218771269125,58.67141999963668,55.63701142923947,58.19960784912109,26450865,59.22032928466797,60.1676002849232,63.30271995544434,,59.19665099116093,60.066790724605966,43.34365045256421,-1.062471384230001,-1.0704548701451555,0.0079834859151546,63.3430655447203,57.10172014558732,24.71574002750876,0,58.90270177450966,59.55953818553834,2.394750893403226
2025-02-13,58.28287145388026,59.57804778670624,57.82955867866969,58.44939422607422,13322870,59.09697977701823,60.16633900729093,63.02135856628418,,59.04719963814359,59.9197546792849,44.12757729360314,-1.0612519320716205,-1.0686142825304488,0.0073623504588284,63.20437669569364,56.92124128526339,24.70343024596324,0,58.90270177450966,59.55953818553834,2.3366007385035874
2025-02-14,59.03221976853813,59.85557681669414,56.710154347184336,57.29298400878906,16824284,59.05997467041016,60.00864705172452,62.69528297424316,,58.696356512272686,59.68095734560345,41.27988365501064,-1.1404517298270207,-1.0829817719897632,-0.0574699578372575,63.04528988877723,56.60111361464074,25.06931369504615,0,58.90270177450966,59.55953818553834,2.391447033753616
2025-02-17,56.90443235462249,58.05158880979069,55.85904373451711,57.87581634521485,15735076,58.91298251681857,59.83749909834428,62.3631632232666,,58.53224847886112,59.51685361829539,43.26705321117864,-1.143012504879735,-1.0949879185677576,-0.0480245863119774,62.901749669805895,56.398656976922624,25.680806503046902,0,58.90270177450966,59.69830893971966,2.408627947326221
2025-02-18,57.91281969703236,58.53265524050106,56.35860951913874,58.34762954711914,19156564,58.70020421346029,59.66761276938698,62.02543106079101,,58.495324692512725,59.41056052091574,44.89285305573502,-1.09435550620924,-1.094861436096054,0.0005059298868139,62.78527292415925,56.27275091006927,25.94369811917283,0,58.90270177450966,59.76306624469967,2.4218445879355883
2025-02-19,58.00533311837344,60.29038926819049,57.45950927508284,60.08686065673828,17999735,58.68170166015625,59.61084348505194,61.73987579345703,,58.81363188535784,59.472042351445054,50.52168783937653,-0.905020555415625,-1.0568932599599683,0.1518727045443433,62.22200638011123,56.545528638809664,25.1560037016897,0,58.90270177450966,59.76306624469967,2.465457364677413
2025-02-20,60.13311599259476,62.35341707164216,59.76306463639644,62.094383239746094,22692394,58.72898525661893,59.67097646539862,61.4966911315918,,59.46978215623549,59.71043697765424,56.09612763615024,-0.586223330304172,-0.9627592740288092,0.3765359437246371,62.29857424471562,56.50134068753536,23.40932657661799,0,58.99521425044082,59.76306624469967,2.4694225169138995
2025-02-21,62.07587729508497,63.038008005772696,61.33578163480853,62.65871047973633,21758577,59.10006290011936,59.655838359485976,61.3083358001709,,60.10756782093566,59.97846184147989,57.544162517072905,-0.2847552592312468,-0.8271584710692967,0.54240321183805,62.79769624230973,56.30751005651839,21.991531152405862,0,59.33750971750608,59.76306624469967,2.342547956221638
2025-02-24,61.983362410343645,62.02962147420525,60.60492841660238,61.11374282836914,14696915,59.56879213121202,59.62598193775524,61.09580352783203,,60.30880282242235,60.08166920392436,52.44441685825522,-0.1685625346053214,-0.6954392837765018,0.5268767491711803,62.96346899222079,56.34248842049893,20.509694914822003,0,59.33750971750608,59.76306624469967,2.3465131857070007
2025-02-25,61.113750209970206,61.798347735471495,59.87408619993924,59.95734405517578,11145339,59.76409615410699,59.64196135781028,60.891782684326174,,60.23851106897304,60.07036691767449,48.94776026403499,-0.167855743263054,-0.5899225756738122,0.4220668324107581,62.8764454877713,56.34162473317597,19.469455666163043,0,59.448525870144906,59.76306624469967,2.3742672799501685
2025-02-27,60.22562638956112,60.503166668123136,59.30050153854438,60.30889129638672,13567524,59.97070693969727,59.69662770357999,60.78039764404297,,60.25258711445578,60.09205095210287,50.03832504053008,-0.1373454488297696,-0.4994071503050037,0.3620617014752341,62.88898545882388,56.34296186783628,18.76333616342967,0,59.448525870144906,59.76306624469967,2.3240463170611925
2025-02-28,59.4855341611969,59.56879201466335,57.209724214851725,57.80180358886719,29187533,60.02724244859483,59.55869986794212,60.61584869384765,,59.76243040933807,59.88384664635417,42.98597353645208,-0.3118717822943679,-0.4619000767028766,0.1500282944085086,62.73357275167714,56.1634796317457,18.958890432741008,0,59.448525870144906,59.48090279530304,2.4086290740776035
2025-03-03,58.01457927228027,58.60665861954602,56.51587798337994,58.338375091552734,15912361,60.0786378648546,59.47543872486461,60.4680135345459,,59.477619345781,59.74334923228131,44.77976597394121,-0.4022514190419244,-0.4499703451706862,0.0477189261287617,62.70901867440688,56.06591723867906,19.39271845319256,0,59.69830876245572,59.33750971750608,2.3551038918428207
2025-03-04,57.91281807232809,58.86569913133752,56.56213654795418,57.60752868652344,23007590,59.99640443589952,59.31438307328658,60.29994926452637,,59.10360121392949,59.5491837281215,42.80433688753151,-0.5267787517206486,-0.4653320264806787,-0.0614467252399698,62.710168812486025,56.06291697242609,19.63689392308105,0,59.77694299457632,59.33750971750608,2.2923277695161697
2025-03-05,57.7740513568777,60.68819270702249,57.57977597268234,60.54017639160156,35187796,60.04677285088433,59.35895746404474,60.20052940368653,,59.39091624946391,59.63927397025605,51.9619706489859,-0.3843963179245762,-0.4491448847694582,0.064748566844882,62.81520723832457,56.0920216129938,18.82291017703421,0,59.77694299457632,59.33750971750608,2.297614066940665
2025-03-06,61.07673949655626,62.575444294613646,60.64193674585935,61.89085388183594,23440671,60.0241584777832,59.55281309647994,60.11572639465332,,59.89090377593831,59.84396305312695,55.49619237061898,-0.1607161917360287,-0.3914591461627723,0.2307429544267436,63.05428138956106,56.01576942220651,17.79315050290859,0,59.77694299457632,59.33750971750608,2.3180982665817744
2025-03-07,61.844596231271474,63.07501400398497,61.363534403805495,62.10363006591797,20227573,59.96248287624783,59.68485329367898,60.0752059173584,,60.33344903393425,60.04938732701704,56.04481629859907,0.0333368926602517,-0.3064999383981675,0.3398368310584193,63.31935067475265,55.93572477995927,17.057050653846577,0,59.79544599368245,59.35601271661222,2.2156737759153224
2025-03-10,62.72347058845785,63.37105519050516,60.50316943292838,60.99348449707031,27188563,59.94912083943685,59.718073758212,60.05762847900391,,60.46545612656146,60.13521434247642,52.41429552785089,0.0964342565081111,-0.2259130994169118,0.3223473559250229,63.21871822600979,55.96882259125095,15.94040395932001,0,59.94346658694255,59.50403330987231,2.2639123960798364
2025-03-11,59.855581389022944,60.73445432563479,58.93970966560973,60.29964447021485,20081328,59.98715421888564,59.720176523382015,60.04393676757813,,60.43229379529214,60.15016253590719,50.224453438127306,0.0894214852265591,-0.1628461824882176,0.2522676677147767,63.27861385247251,56.00699024298647,15.420374638961809,0,59.94346658694255,59.50403330987231,2.255321618229712
2025-03-12,60.68819167952439,61.33578334068762,58.52339928480516,59.9388427734375,26201008,59.94603771633573,59.64154070073908,60.02191871643066,,60.333603590921214,60.13095164840995,49.076225515841934,0.0541261987505024,-0.1194517062404736,0.173577904990976,63.19361876679368,56.39635163115554,14.630505348360758,0,59.94346658694255,59.50403330987231,2.2540004798564843
2025-03-13,60.36440011164268,60.456911190606654,58.8749484484511,59.02296829223633,14456872,60.08172268337674,59.62808418273926,59.94994384765625,,60.07147653118424,60.0302258887578,46.18948295163332,-0.047204838427703,-0.1050023326779195,0.0577974942502164,63.17280007891269,56.49950636334805,13.89705529280264,0,59.94346658694255,59.50403330987231,2.1819726446357586
2025-03-17,59.7260625396449,60.57718282970704,59.309759149159646,60.04986190795898,19708040,60.27188788519965,59.77147882634943,59.89906196594238,,60.06715360653919,60.03201098141245,49.75792500220942,-0.0441398658637766,-0.0928298393150909,0.0486899734513143,63.18894315604413,56.64341005440508,13.14822340722464,0,59.96659586922967,59.50403330987231,2.1714003708147973
2025-03-18,60.04986190795898,60.04986190795898,60.04986190795898,60.04986190795898,0,60.54325824313693,59.855581283569336,59.89924705505371,,60.063695266823146,60.03363379291668,49.75792500220942,-0.0412355156685251,-0.0825109745857778,0.0412754589172526,63.08487821555368,57.02316278481253,12.45287951347364,0,60.47541558159375,59.50403330987231,2.024701652019515
2025-03-19,62.57544699618296,64.00939339896836,61.752086408718135,63.63008880615234,40126978,60.88658184475369,60.09106740084562,59.951239013671874,,60.776973974688985,60.36058424866537,60.38137052831789,0.2471120385074954,-0.0165863719671231,0.2636984104746185,63.58687872115675,57.096589525303216,13.222937802865138,0,61.26639634188676,59.82320241410392,2.1700780774107384
2025-03-20,64.82350201453347,65.03628384893436,62.84373527626956,63.63934326171875,38783316,61.08085844251845,60.37953827597878,60.00286094665528,,61.34944783209495,60.65865324985204,60.40467647403358,0.4709475199896431,0.0809204064242301,0.390027113565413,64.0251450214629,57.18749459645701,14.306120079506368,0,61.77984156686976,60.33664763908692,2.24078403763117
2025-03-21,63.78291311212167,64.70175372967046,63.32349645449533,64.61561584472656,31798886,61.35996797349718,60.68589279868386,60.096766510009765,68.02613874435424,62.00268143462127,61.01837712211336,62.88507129104303,0.7188295702798158,0.2085022391953472,0.5103273310844685,64.67980355535465,56.9857115813641,15.311932193530367,0,61.77984156686976,60.33664763908692,2.117861908605465
2025-03-24,65.2760236183585,67.46784415409063,64.76874774763758,66.54900360107422,37067380,61.977247873942055,61.05868252840909,60.26134910583496,67.98401693344117,62.91194586791186,61.52116134747344,67.25926399342364,1.0590777261955182,0.3786173365953814,0.6804603896001368,65.6527523187691,56.45822485408246,17.132728116453386,0,62.9956217194479,61.66344394430386,2.1722510281196072
2025-03-25,66.7117201205458,66.88400319811059,65.08460784533106,65.26646423339844,25114038,62.52911673651801,61.294119054620914,60.45652854919434,67.92415063858033,63.38284954100918,61.86164342801207,62.03613848385013,1.2112738221417132,0.5451486337046478,0.6661251884370654,66.11083819532179,56.26091435289598,18.82346718773905,0,62.9956217194479,61.66344394430386,2.136239083076478
2025-03-26,65.27602566785878,65.75458892730728,64.46246958725547,64.84532165527344,23133011,63.07428105672201,61.41916170987216,60.5811166381836,67.85253133773804,63.67534396386203,62.132886903217646,60.3780765265834,1.2831166680366906,0.6927422405710564,0.5903744274656342,66.56156406060273,56.18334637030547,19.958285191100646,0,63.17139630127086,61.66344394430386,2.006503554913025
2025-03-27,64.12748144515751,65.79287966491115,64.12748144515751,65.61103057861328,16130834,63.80628797743056,61.55335807800293,60.72379440307617,67.79055959701537,64.06248128681229,62.44908178279906,62.34849115522189,1.3858635791548934,0.8313665082878238,0.5544970708670697,67.12789143922635,56.18238764402561,20.77654027108513,0,63.38880165162514,61.91322683661468,1.9800842918231365
2025-03-28,65.5631683749467,66.51072161046729,65.32388673854179,65.93644714355469,20124046,64.46035300360785,61.77257191051137,60.82727920532226,67.72937269210816,64.43727445816077,62.76611499741321,63.18638908559127,1.476529134879243,0.9603990336061076,0.5161301012731354,67.68933915021451,56.183695517754245,21.79826022804953,0,63.7588530310248,61.99186106873528,1.942609668376424
2025-04-01,65.09417211202347,67.44870231008646,64.72089337954368,66.7787094116211,28098477,65.20800272623698,62.08263397216797,60.93003196716309,67.6603762626648,64.90556144885284,63.130896307795744,65.33655898578385,1.5979258721742229,1.0879044013197308,0.5100214708544919,68.18051084972441,56.59021440051972,23.07144500856595,0,64.60996528140438,61.99186106873528,1.9326041807311385
2025-04-02,66.98928298730208,67.30513649096811,64.9984653785036,67.1998519897461,19242568,65.60464307996962,62.39585945822976,61.03232643127441,67.59004007339477,65.3644195570315,63.500801369791226,66.39350798239738,1.70842271392614,1.212008063841013,0.4964146500851274,68.67557144266006,56.981301497403415,24.253688019045484,0,65.15578971518009,61.99186106873528,1.950668200802848
2025-04-03,66.13744321343157,67.93684580277535,66.04173201879108,67.4104232788086,23258770,66.02365197075738,62.83261489868164,61.1538191986084,67.51761751174926,65.77362030138693,63.85622154333826,66.93636769014398,1.7923228185410167,1.3280710147810135,0.4642518037600032,68.96294640112033,57.67421599817167,25.574957373060634,0,65.63017112863534,62.226361893077645,1.8851488956672628
2025-04-04,66.98928063851993,67.02756657419425,61.8878020233659,62.23236083984375,37205154,65.75884585910373,63.00961425087669,61.18303726196289,67.42152505874634,65.0653684090783,63.70859784302057,46.88153443321303,1.4245663775265172,1.3473700873301142,0.0771962901964029,68.9215186393147,57.88486220480151,24.06465457898565,0,64.91232391307062,62.226361893077645,2.1666245037592016
2025-04-07,57.41802250108959,59.7725529033718,57.04474008508565,58.67185592651367,40391466,64.883607228597,63.057992761785336,61.09663940429687,67.31352565765381,63.78666591256538,63.250712214247216,38.368879647065896,0.836174855126707,1.2451310408894327,-0.4089561857627257,69.12221567451746,57.36226537406653,23.90967109348473,0,62.4907929439305,62.226361893077645,2.426153519279729
2025-04-08,60.29897387926771,60.98810617768388,58.20286800644934,58.93028259277344,30791131,64.17958704630534,62.98481577092951,61.03983337402344,67.18974418640137,62.815389248607,62.857945885022325,39.23136769440033,0.3862705205820305,1.0733589368279524,-0.6870884162459219,69.25686115303125,56.91028514823827,23.21034124899122,0,62.4907929439305,62.226361893077645,2.625099102939339
2025-04-09,58.93028211620594,59.13127781790251,56.97774305391566,58.68143081665039,40534055,63.494710286458336,62.83893290433016,61.02134605407715,67.07015462875366,61.98859756221568,62.47826269698851,38.67016830750937,0.0095280025946777,0.8605927499812974,-0.8510647473866196,69.3877287757284,56.54821215749914,22.95819749706796,0,62.45729442834551,62.226361893077645,2.496099336723444
2025-04-11,60.29897112320854,60.56696538205546,59.56198326023157,60.21282958984375,19971049,62.894910176595054,62.752987428144976,61.04347801208496,66.96695062637329,61.6334439677413,62.27231423270262,43.98087474568565,-0.1635863529822074,0.6557569293885965,-0.819343282370804,69.39109742952121,56.53616201566922,22.07823034621378,0,62.45729442834551,62.24949117536477,2.4741697647763203
2025-04-15,61.2943836554412,62.52907775134699,60.82539005078196,62.34722137451172,19668115,62.49610731336806,62.81452092257413,61.07369812011719,66.88352987289429,61.77619944909539,62.27912397286708,50.42434085908955,-0.1270881546944906,0.4991879125719791,-0.6262760672664698,69.36139688806901,56.80670041722884,20.532105343402225,0,62.45729442834551,62.45729442834551,2.5411691137997567
2025-04-16,62.69178521686967,63.26605965152691,61.92608110246293,62.92149353027344,19304641,62.067527770996094,62.93369587984952,61.1287255859375,66.81645608901978,62.005258265331,62.33752120535857,52.023316156349054,-0.0512335179160601,0.3891036264743713,-0.4403371443904315,69.26049654192386,57.297453287177696,19.37308675193315,0,62.45729442834551,62.45729442834551,2.433151273778322
2025-04-17,62.92149402199737,63.54362770702778,62.40464483607805,63.04592514038086,13062706,61.60598034328885,63.074926896528765,61.16662902832032,66.75574691772461,62.21339164034097,62.40192156308787,52.381697023337225,0.0187067791458801,0.3150242570086731,-0.2963174778627929,69.21672701371705,57.64082913862671,18.40303120651707,0,62.45729442834551,62.45729442834551,2.3859789536476224
2025-04-21,63.6010585299554,65.21860479222786,63.08421660107063,64.9218978881836,14029930,61.32947752210829,63.343060059980914,61.27387619018555,66.70357543945312,62.75509288990951,62.63101031991475,57.53225498001833,0.2229403732026469,0.2966074802474678,-0.0736671070448209,69.26847196772177,58.07628778264444,18.11926512799668,0,62.00265481405496,62.45729442834551,2.4488761187758503
2025-04-22,65.41959681643823,65.70673769614326,64.70175191947153,65.04631805419922,11733604,61.64213943481445,63.57017170299184,61.422281951904296,66.64352718353271,63.21333792276745,62.850583750304246,57.85782636826888,0.3903370726933559,0.3153533987366455,0.0749836739567104,69.3727711888787,58.11361148629221,18.026734712404696,0,61.34224037502946,62.45729442834551,2.401703801412857
2025-04-23,65.18031469062502,65.69716388880339,63.505343277050905,65.18988800048828,33095946,62.36636522081163,63.80380925265226,61.54210479736328,66.59529884338379,63.60864793831162,63.063247773048246,58.25551536834445,0.5284929204576443,0.3579813030808452,0.170511617376799,69.4868644204028,58.15457272864505,17.367076888602735,0,61.34224037502946,62.45729442834551,2.473488497114784
2025-04-24,65.05589256086878,66.13744293003435,64.7304657377303,65.10374450683594,22714754,63.052305433485245,63.87079360268333,61.63892700195313,66.53611965179444,63.90766725201648,63.24874747611985,57.90244022824231,0.6238401245348015,0.4111530673716365,0.212687057163165,69.52986213418022,58.16038788107856,16.927349526808598,0,61.55759299197501,62.45729442834551,2.3791433729548754
2025-04-25,65.41959888963544,65.69716646820106,61.54324070454811,62.16536712646485,53680926,63.43940946790907,63.80379468744452,61.67716667175293,66.46165134429931,63.55920722690615,63.15025835342394,47.35860188889736,0.4570325859954494,0.4203289710963991,0.0367036148990502,69.20884821141206,58.0430381563858,16.278677365650978,0,62.84971309513296,62.45729442834551,2.511090133754049
2025-04-28,62.16536213243704,63.50534066871905,61.86865525952511,62.89278030395508,13627031,63.737181769477,63.72548398104581,61.70164566040039,66.38979413986206,63.42592184231594,63.12685125801768,49.795850124021534,0.3791618325123309,0.4120955433795855,-0.0329337108672546,69.04405333489858,57.97046463995494,15.67633893029033,0,63.48141649040816,62.45729442834551,2.4926309641261684
2025-04-29,62.902355685400586,64.02219195453141,62.59607549292987,62.758785247802734,13822971,63.78291108873155,63.553201328624375,61.7704411315918,66.32055931091308,63.29249452341331,63.0933907116345,49.3426530054572,0.3031419860446007,0.3903048319125886,-0.0871628458679878,68.91213126533215,57.8937330687743,14.876518618697938,0,63.84034181729123,62.45729442834551,2.2000234788518003
2025-04-30,62.347222750764864,63.14163953813335,61.56237927351901,62.0122299194336,13726917,63.68188179863824,63.40528158708052,61.87278213500976,66.24576942443848,63.03644160261737,62.99510336688896,46.78769622417266,0.1805733965370777,0.3483585448374864,-0.1677851483004087,68.66318061154594,57.78280365664254,14.563730333354044,0,63.84034181729123,62.45729442834551,1.942283443841532
2025-05-02,62.624786317404094,64.35718292161121,62.1366497645402,62.40464401245117,25321022,63.610628339979385,63.29434169422496,61.956882858276366,66.18275735855103,62.91008208458413,62.941425243758246,48.30297958620739,0.113789746690287,0.3014447852080466,-0.1876550385177595,68.34312419287242,57.7496797622057,13.690047988076778,0,63.84034181729123,62.45729442834551,1.9108345031946083
2025-05-05,62.97892679563749,63.60105318052688,62.050512919694526,63.12248992919922,12558361,63.41069412231445,63.18122621016069,62.05034477233887,66.12137441635132,62.95256365350716,62.95788566970742,51.04906538833989,0.1174336867880541,0.2646425655240481,-0.1472088787359939,67.86190204708967,57.86527995974626,12.917892030051192,0,63.84034181729123,62.45729442834551,1.8677634672550016
2025-05-06,63.17992633214924,63.36177541316604,61.35181109565582,61.60066604614258,11560536,63.02784389919705,62.98414525118741,62.13649841308594,66.05227519989013,62.68218413203424,62.83450206756517,45.52774924629768,-0.0024487062200719,0.211224311175224,-0.213673017395296,67.16951540271641,57.99774800975918,12.524841795145674,0,63.744627012845086,62.45729442834551,1.8766513066910844
2025-05-07,60.36596754955657,63.17034846279997,60.29896898721815,62.92149353027344,16952789,62.77580006917318,62.8088172565807,62.23741195678711,65.98846313476562,62.73004601168208,62.84241038235683,50.52892955205352,0.0090194029061621,0.1707833295214116,-0.1617639266152495,66.35135580058655,58.36701463703552,12.625713590420668,0,63.21820595862626,62.45729442834551,1.916303543410983
2025-05-08,63.1512088307512,63.44791570501236,60.58610590212895,61.05509948730469,19370506,62.325950622558594,62.52951032465155,62.29156135559082,65.91593166351318,62.395056706806606,62.67992757371572,44.33475511425961,-0.1309845310113075,0.1104297574148678,-0.2414142884261754,66.33485809238186,58.265786209986295,12.559807710752423,0,62.99806772770961,62.45729442834551,2.025005775826657
2025-05-09,59.34184778023072,61.897373988537936,59.34184778023072,61.533668518066406,22840112,62.2557618882921,62.26238510825417,62.32049751281738,65.8531739807129,62.22277906905857,62.57572220502033,46.15737252041112,-0.2010050747205198,0.0481427909877903,-0.2491478657083101,66.12353072289403,58.76329483862941,13.043975698394558,0,61.84951535092097,62.45729442834551,2.1261874427807625
2025-05-12,64.17533187691264,65.27602146086895,63.333055921097966,65.16117095947266,26920155,62.50780529446072,62.39551284096458,62.38183326721192,65.82867534637451,62.81045744714139,62.81076300087963,57.51308510745308,0.0357995951889549,0.0456741518280232,-0.0098745566390683,66.23220507126292,59.277709326930434,12.451387560787836,0,62.30893462054984,62.45729442834551,2.238306963563301
2025-05-13,65.08460681941423,65.50574484733347,64.18490550605813,64.32847595214844,16900869,62.68221537272135,62.65263193303888,62.41522857666016,65.79215759277344,63.1140611481428,62.94873690554044,54.6630828824775,0.1544965343321749,0.0674386283288535,0.0870579060033213,66.00099630526088,60.073622606482274,12.000211839461649,0,62.4237963137821,62.45729442834551,2.260867932463559
2025-05-14,64.60604509686684,67.42956562832987,64.5581858462469,67.03714752197266,36683674,63.24053955078125,63.02112579345703,62.53369667053223,65.7679887008667,63.89867842290877,63.32041059794336,61.36914966978834,0.4618084320020728,0.1463125890634974,0.3154958429385753,66.53793206062005,60.219118644336,12.35963190788082,0,63.385706704280295,62.45729442834551,2.3258157227799123
2025-05-15,67.03714272595617,67.76456093001875,66.42458233378639,67.05628204345703,24328812,63.75738822089301,63.40180084922097,62.67567543029785,65.74688629150391,64.53019914701844,63.66003527480823,61.412571454267805,0.6988434882208026,0.2568187688949584,0.4420247193258441,67.13137379833167,60.09658297351892,12.819648204087605,0,63.553204355124734,62.3711519919672,2.3210301087747918
2025-05-16,67.05628274618597,67.81241358557179,66.73086322918994,67.25727844238281,12156913,64.2168091668023,63.72200306979093,62.814643173217775,65.73116840362549,65.07561500609131,63.98705738095137,61.897064105223855,0.892624587016229,0.3839799325192126,0.5086446544970165,67.68663078973147,59.97490447333006,13.265754680994894,0,63.577130682901256,62.395078319743725,2.1015747225411414
2025-05-19,67.25728481964494,68.26227069821677,66.56815978261194,67.24771881103516,19353220,64.84425947401259,63.94475295326927,63.00356147766113,65.7021109008789,65.51003576708008,64.28348114732262,61.85728364970653,1.0335124335773145,0.513886432730833,0.5196260008464815,68.16519604802087,59.91651858210608,13.865082935806749,0,63.80205923922375,62.62000687606621,2.105676544427633
2025-05-20,67.76455927293996,68.14740403196228,66.15658645724083,66.30972290039062,17798697,65.2207294040256,64.09876337918368,63.16298843383789,65.65972675323486,65.6699731937422,64.46768494305607,57.92359745090943,1.0572908454631855,0.6225673152773036,0.4347235301858821,68.34229480620304,59.87820232514461,14.155870382715394,0,63.80205923922375,62.62000687606621,2.1460123382219125
2025-05-21,66.52029185070836,67.27642266312859,66.09915385333616,67.14242553710938,11838095,65.89709896511502,64.28496794267134,63.35368637084961,65.62328247070313,65.96446366241564,64.71084317887909,60.33510619671499,1.1302981779842298,0.7241134878186889,0.4061846901655409,68.64394737020537,59.78616050943332,14.387351883830444,0,63.80205923922375,63.80205923922375,2.11729866287749
2025-05-22,66.99885735915574,68.81739923364916,66.3767236517901,68.1378402709961,45935782,66.63089582655165,64.4311471418901,63.5056396484375,65.59398971557617,66.39913898413174,65.02238836907154,63.06056309992785,1.2540230676713406,0.8300954037892192,0.4239276638821214,69.11252392639827,59.61237918029119,15.291138582412412,0,66.07522757737357,64.07962350693994,2.124135989997593
2025-05-23,69.0566758442268,69.96594306418984,68.17612124981905,69.38209533691406,25709758,67.09988742404514,64.62822792746805,63.65546447753906,65.56920310974121,66.9957302546882,65.41872536614812,66.18803535500652,1.4359244757595775,0.9512612181832908,0.4846632575762866,69.82607555358345,59.32666263611381,16.57688511013876,0,67.07542428512399,64.65389542221028,2.143961885166264
2025-05-26,69.83195080811339,70.37751263855584,69.45867204529992,70.09994506835938,16139243,67.7411617702908,64.851412339644,63.81539077758789,65.55844944000245,67.61657321742243,65.84429079362187,67.8777669747578,1.6193403783285305,1.0848770502123388,0.5344633281161917,70.63843710896353,59.3077588749232,17.923298938761928,0,67.46784924240137,64.85968020939328,2.0714942411756607
2025-05-27,70.10952025539278,70.53065827693808,69.0088232550878,69.62138366699219,15514993,68.02829911973741,65.05675957419656,63.98794876098633,65.5630968093872,68.01753530733639,66.18766287301916,65.52675524198044,1.7064124366045093,1.209184127490773,0.4972283091137361,71.24730113619427,59.37175518399615,18.822337107246085,0,68.31490606513712,64.9362530285844,1.9750982087662647
2025-05-28,68.7216845703834,69.15238856788105,67.48699052798246,67.82198333740234,32551122,68.1133770412869,65.31387849287553,64.13839553833007,65.56112075805665,67.97842491334958,66.33623746069037,57.46702060435786,1.6116430834733393,1.2896759186872864,0.3219671647860529,71.47424312703201,59.65113300211838,18.568148263278847,0,68.31490606513712,64.9362530285844,1.9231398756324307
2025-05-29,68.3388393841115,69.77452925645713,68.16655630733817,69.19068145751953,18027840,68.32819959852431,65.60014672712846,64.32343231201172,65.55706058502197,68.22087622218358,66.59573236949302,61.36017631861546,1.6282111829557238,1.3573829715409738,0.27082821141475,71.79708813898945,60.046133143969534,18.62817857101564,0,68.31490606513712,64.9362530285844,1.8800698549715429
2025-05-30,69.37253115726286,69.61181277958713,67.10413874880234,68.11869049072266,34601014,68.42497422960069,65.84377878362483,64.50534675598145,65.5569508743286,68.2004390758914,66.73418310778662,56.962407050257134,1.5371218255640429,1.3933307423455876,0.1437910832184552,71.91605896833963,60.49856696244651,17.979987091620494,0,68.31490606513712,64.9362530285844,1.7918785041131318
2025-06-02,68.05170100931068,68.70254740097278,67.03714913200963,67.73584747314453,17803152,68.58343251546223,66.1039432178844,64.65906646728516,65.55639705657958,68.10752075534202,66.82524350463734,55.43435164338491,1.4176982783356775,1.3982042495436056,0.0194940287920721,71.99263921163127,60.883322473549406,17.334484365370557,0,68.31490606513712,64.9362530285844,1.816489856090832
2025-06-03,67.93684644833108,69.08539539952287,67.56356037178281,67.6592788696289,22429626,68.64086066351996,66.34279025684704,64.81125480651855,65.54305667877198,68.0178723781994,66.90106490145476,55.11590083321911,1.3018686786217728,1.378937135359239,-0.0770684567374662,71.82575388256986,61.65606908495944,16.950782298949004,0,68.45369096436409,64.9362530285844,1.7036859526307333
2025-06-04,66.99885423518165,67.63056122307239,66.08958699147956,67.33384704589844,25238482,68.55152808295355,66.53421558033337,64.88532997131348,65.53600608825684,67.88106731173922,66.94040873276782,53.7038105492398,1.1703225085355484,1.337214209994501,-0.1668917014589526,71.72110413942788,62.20195417966393,15.852240224702092,0,68.31012263420882,64.9362530285844,1.7200940441962322
2025-06-05,67.72627094975354,68.41540317538028,67.47741602332268,67.76455688476562,17431886,68.3718015882704,66.8143924366344,64.96783424377442,65.55181247711181,67.8577652263445,67.01533129204034,55.33484761560845,1.088280880844465,1.287427544164494,-0.1991466633200289,71.16624600763963,63.42775805119826,15.07799559565198,0,68.31012263420882,64.9362530285844,1.720094456560517
2025-06-06,68.04211682673531,69.72666144816847,67.88898038967524,69.38209533691406,25941860,68.2920405069987,67.10805615511808,65.06316383361816,65.56573768615722,68.16263124845841,67.23049165975613,60.90530569246979,1.1406355974305882,1.258069154817713,-0.1174335573871248,70.56085042564337,64.81799631507928,15.067714634302398,0,68.31012263420882,64.9362530285844,1.7392368599746617
2025-06-09,69.87024307250977,71.50692871204228,69.55438953620614,70.8273696899414,28416839,68.42603895399306,67.55225025523792,65.14873115539551,65.58319873809815,68.69557893675501,67.55748057159116,65.09420559220689,1.283948094741774,1.2632449428025252,0.0207031519392488,70.91117363017551,65.03429298359401,15.863154235389509,0,68.79825785176092,65.4243882461365,1.7488094171465736
2025-06-10,71.34421469556904,71.94720179985424,70.78907953793089,71.14321899414062,26573478,68.79506513807509,67.98904800415039,65.26626625061036,65.59501125335693,69.18510694823215,67.88345679182292,65.95278036753712,1.4067940346255057,1.2919547611671214,0.1148392734583843,71.04584484473081,65.58109607323793,16.781427166756654,0,69.0183943956669,65.64452479004248,1.7474418065844972
2025-06-11,71.59306624830013,71.85148719435941,70.67421836781077,70.77950286865234,18264283,68.97160085042317,68.24442672729492,65.38494987487793,65.60792999267578,69.50398613231619,68.14673370789832,64.00054757657577,1.4579946209954358,1.3251627331327844,0.1328318878626513,71.3738748426258,65.62730161001092,17.546905600879526,0,69.0183943956669,65.64452479004248,1.6571984669194677
2025-06-12,70.82736329508944,71.2102153679545,69.11410592829758,69.31510162353516,14014646,69.10453542073567,68.47109153053977,65.45903129577637,65.60790676116943,69.46620923055998,68.25294897295622,56.72069989914684,1.3646753842560315,1.333065263357434,0.0316101208985974,71.42468121986126,65.80237719078328,17.148174429734976,0,69.0183943956669,65.64452479004248,1.6763417988096947
2025-06-13,67.95598391376323,68.57811762132026,66.99885737976656,67.35299682617188,29308480,69.06199645996094,68.48544831709428,65.48736228942872,65.60508647918701,69.04356674968237,68.17113514143037,48.7237226817827,1.1194889854909889,1.290350007784145,-0.1708610222931561,71.42005525966775,65.8165749893557,16.276505743765554,0,69.0183943956669,65.64452479004248,1.7706865803901817
2025-06-16,67.19027770034445,67.63056231846983,65.30474462025737,67.48699188232422,17980333,69.04285346137152,68.5050260370428,65.50152793884277,65.59151248931884,68.73225177621075,68.10894029969344,49.24994834605719,0.9253227346930116,1.2173445531659184,-0.2920218184729066,71.40932812034566,65.85122943580669,16.249598269537106,0,68.6259732100558,67.6401288604761,1.828113914416052
2025-06-17,67.47742080431364,67.48699411431882,65.56316773185084,65.68759155273438,15918691,68.8599361843533,68.43367663296786,65.47128273010254,65.56828304290771,68.12331973151548,67.88881768633352,42.88513052303075,0.619111284161022,1.0976978993649391,-0.4785866152039171,71.49889537628918,65.69944904509752,16.224612757753547,0,68.6259732100558,68.06605365295619,1.8130734318059265
2025-06-18,66.42458677780644,66.42458677780644,65.17074597988577,65.56317138671875,16361735,68.61533779568143,68.35710629549894,65.43433769226074,65.54966865539551,67.61129006255614,67.67739529545945,42.47636411626108,0.3622213733878539,0.950602594169522,-0.5883812207816682,71.66279849700787,65.37762050933979,16.381814584482868,0,68.55897388987,68.25269382305058,1.76316592315349
2025-06-19,65.56316772137961,65.73545078996558,63.93605553096449,64.16576385498047,19333109,68.03574540879991,68.25965361161666,65.47300575256348,65.52760456085205,66.92218482104101,67.35815607359771,38.0855443099348,0.0453523652828948,0.7695525483921967,-0.7242001831093018,72.01901537723592,64.62419598751018,17.065939266862745,0,67.94162866540937,67.94162866540937,1.7125745823117977
2025-06-20,64.4528941689323,65.36216871351625,64.26147179233335,65.02717590332031,19902519,67.39127943250868,68.16350590098988,65.60011215209961,65.51177696228028,66.54318303749687,67.14624878539068,42.061470329379176,-0.1347070345361345,0.5887006318065304,-0.723407666342665,72.04331854992442,64.16440087146229,17.701197900501203,0,67.94162866540937,67.94162866540937,1.6790750529955578
2025-06-23,64.79746148346834,65.64930348894353,64.45289535740021,65.08460235595703,9544020,66.71809980604384,68.02472235939719,65.72319854736328,65.50580726623535,66.2514669011889,66.95882638271489,42.32736020281202,-0.2696630634200687,0.4170278927612106,-0.6866909561812794,71.89473686881465,63.81144828133185,18.07240935925725,0,67.89377136266195,67.94162866540937,1.6558302746957914
2025-06-24,66.2810081563245,67.23813462789597,65.95558866109202,66.4915771484375,15172857,66.24166361490886,67.89333516901189,65.87940147399902,65.50906223297119,66.29948895063863,66.91634917959877,48.55644586507978,-0.2600874551578158,0.2816048231774054,-0.5416922783352212,71.69206829179691,63.70113620649411,17.306547710548063,0,67.5731354494595,67.94162866540937,1.6975331599664771
2025-06-25,66.92228261341285,66.95099523982499,65.89815755837107,66.06086730957031,10400058,65.88008202446832,67.70974072543058,65.99636222839355,65.51612045288086,66.25176462242497,66.83857810050527,46.88693415989066,-0.2839798579940833,0.1684878869431076,-0.452467744937191,71.66946776291037,63.547625132597446,16.627821458983043,0,66.25708657614237,67.94162866540937,1.6954818422501974
2025-06-26,66.23315707575068,67.69756689168692,66.14701918779369,67.52528381347656,31206909,65.89922502305772,67.61446345936169,66.09992347717285,65.52803531646728,66.50646846063529,66.90100589259357,52.82589853226788,-0.1826431891582416,0.0982616717228377,-0.2809048608810794,71.51731451413706,63.53323861696647,15.5032139412137,0,65.8168112113257,67.94162866540937,1.6722386293011802
2025-06-27,67.955984147099,69.32467538750565,66.67343809224172,66.9127197265625,26727126,65.83541700575087,67.5731332952326,66.17974800109863,65.53952125549317,66.58771871382073,66.90207078659074,50.2926074082524,-0.1500324704890374,0.0486028432804627,-0.1986353137695002,71.4557070384181,63.47424901626941,15.276377038116026,0,66.63036545923507,67.94162866540937,1.7098389093108737
2025-06-30,67.51570478165355,67.56355672569812,66.75957396371024,66.99885559082031,10582703,65.98111300998264,67.47350484674627,66.25880661010743,65.55650650024414,66.66994608922066,66.91086940515706,50.65097927999844,-0.115901753351693,0.0157019239540315,-0.1316036773057246,71.42193555258848,63.43432131386661,15.065742770953902,0,66.63036545923507,67.94162866540937,1.6845432307440542
2025-07-01,66.8839976127991,66.8839976127991,64.67303772059621,65.0367431640625,50233525,65.92262098524306,67.33341633189808,66.261103515625,65.55868911743164,66.34330550418903,66.74049429233028,43.0389692770355,-0.244362134329009,-0.0363108877025765,-0.2080512466264324,71.42868312065711,63.16532017524133,14.41696345329328,0,66.63036545923507,67.94162866540937,1.766582448149444
2025-07-02,65.08460518890828,65.41959801986258,64.12747864201258,65.10374450683594,27279877,66.02684105767145,67.21377528797497,66.26225204467774,65.56754640579224,66.09539330471841,66.59169885728534,43.35203829665444,-0.3368781418326847,-0.0964243385285981,-0.2404538033040865,71.43177321695524,62.939219825036965,14.109238773332937,0,66.72607701475911,67.94162866540937,1.7091545865918063
2025-07-03,65.32388904809547,66.67344103023525,65.23775116104635,66.09915924072266,36535369,66.14595031738281,67.14286075938831,66.28043746948242,65.56807359695435,66.09614649191927,66.54692252850691,47.93080347879666,-0.3261168225943862,-0.1423628353417558,-0.1837539872526304,71.36597228057421,62.8384809970137,13.149958538438748,0,66.72607701475911,67.94162866540937,1.6558297494225722
2025-07-04,66.27143882610646,66.50115445072917,65.37174485436981,65.83116149902344,11370389,66.22890133327908,67.074556870894,66.29498580932618,65.55928266525268,66.04314949334011,66.48185334400841,46.83323902847992,-0.3353478957757687,-0.1809598474285584,-0.1543880483472103,71.0831235200437,62.766236373755135,12.259198320322716,0,66.72607701475911,67.94162866540937,1.5703720278616369
2025-07-07,65.99386702991474,65.99386702991474,65.01760124582758,65.36216735839844,12318954,66.10341135660808,66.96535734696822,66.35892181396484,65.55058156967164,65.90695306635178,66.38006370895296,44.895740301973056,-0.3761712276255622,-0.2200021234679591,-0.156169104157603,70.43106442653311,62.87177523411143,11.55864491931939,0,66.72607701475911,67.94162866540937,1.5026891279772927
2025-07-08,65.56316304034888,65.88858253427945,64.85489149886229,65.36216735839844,12636004,66.02577802870009,66.78263334794478,66.4083095550537,65.54641359329224,65.79799592476111,66.28752767708437,44.895740301973056,-0.4038684679337905,-0.2567753923611254,-0.147093075572665,69.5303658648772,63.194368632193104,11.013713264998922,0,66.72607701475911,67.94162866540937,1.4869641449413276
2025-07-09,65.40045629366426,65.5153068015931,64.27104671782425,64.9888916015625,17220015,65.74395667182074,66.51724798029119,66.4529116821289,65.54429555892945,65.63617506012139,66.16946985203693,43.244355094270965,-0.4507430787726463,-0.2955689296434296,-0.1551741491292166,68.5167684475768,63.62890492278453,10.887295075262884,0,66.72607701475911,67.94162866540937,1.4473116324247388
2025-07-10,65.35260024071032,66.03215922091465,65.17074385787531,65.74502563476562,14475951,65.61421288384332,66.27187555486506,66.52756759643555,65.54555730819702,65.65794517505024,66.13088401410317,47.46020653483935,-0.4220131435473035,-0.3208577724242044,-0.1011553711230991,67.80434626169112,63.98431950979325,10.379015167083852,0,65.84551768385535,67.94162866540937,1.4363732581973363
2025-07-11,66.04173273099607,67.62099301763129,65.85031033965078,66.08959197998047,35517748,65.51318359375,66.05869778719816,66.60126655578614,65.54829523086548,65.7442745360363,66.1271301928193,49.30808616333021,-0.3672078944670431,-0.3301277968327722,-0.0370800976342709,67.61762246164689,64.04470282521835,10.422648354706638,0,65.87423582982194,67.94162866540937,1.4849132047203608
2025-07-14,66.04173556078811,67.06586073318964,65.62059751902794,66.10873413085938,25588770,65.63229370117188,65.91295381025834,66.66099143981934,65.54673444747925,65.81716645500092,66.1254578235502,49.41452832415375,-0.3185575944683165,-0.3278137563598811,0.0092561618915645,67.37793794104061,64.14656157067813,10.29138247560708,0,65.87423582982194,67.94162866540937,1.434322557736272
2025-07-15,66.26187605419652,66.54900964555249,64.90275076684506,65.06546783447266,34113955,65.62804073757596,65.80897521972656,66.73028747558594,65.5267897605896,65.66682673089527,66.02909509727043,43.992711391171945,-0.3600344988025341,-0.3342579048484118,-0.0257765939541223,67.37656521057436,64.08572192931821,9.64235007060232,0,65.94601986772777,67.94162866540937,1.4767097861115224
2025-07-16,65.48659743146828,65.99387333950445,64.84532438932054,65.6971664428711,28137527,65.58337487114801,65.72761951793323,66.78580093383789,65.5071202659607,65.67289467329044,65.9989197650523,47.73229343506104,-0.3380357798895517,-0.3350134798566397,-0.0030223000329119,67.38147542657931,64.09421121892849,8.997595824499736,0,65.94601986772777,67.89377136266195,1.4418418838306155
2025-07-17,66.12786999413582,66.75957702376388,65.83116309965384,66.57772064208984,23708702,65.66632588704427,65.76807993108577,66.8962533569336,65.47876302719116,65.85385986705032,66.05153802660116,52.4939522518328,-0.2467044169301431,-0.3173516672713404,0.0706472503411973,67.3645923477717,64.35228997644704,8.946509070018244,0,65.94601986772777,67.5731354494595,1.328354261375534
2025-07-18,66.82657337940678,68.56854335489054,66.71171556810276,68.37712097167969,58872250,66.00132073296442,65.89598673040217,67.03312240600586,65.45803049087525,66.3585120879762,66.26295465797193,60.42761053973851,-0.0287951527988781,-0.259640364376848,0.2308452115779699,67.85361877318857,64.19825805786613,9.97389507674077,0,66.41979503635739,66.63036545923507,1.4131285435764491
2025-07-21,68.81739965138779,69.48738530812794,68.55897139643373,68.82697296142578,28351406,66.38629913330078,66.10785987160422,67.10643844604492,65.42454481124878,66.85220426266612,66.4960472310132,62.13032829116712,0.1781452573440987,-0.1720832400326586,0.3502284973767574,68.37134026164004,64.05477362996153,11.378900768259289,0,66.87921601297609,66.71172041954621,1.3263032911638888
2025-07-22,68.91310675843374,69.76494874390296,68.43454351705573,69.04710388183594,25688403,66.83721160888672,66.29058387062766,67.20081100463867,65.3927456855774,67.29118418650009,66.72796147199708,62.969982356715605,0.3558082132740878,-0.0665049493713093,0.4223131626453972,68.84363593580957,63.83803062913182,12.814672305673811,0,67.30513656661175,66.85050213743372,1.3290379946636912
2025-07-23,69.15239908275822,70.06166646119762,68.63554982579488,69.85110473632812,35372242,67.29344262017145,66.50724306973544,67.25709014892578,65.37287633895875,67.8031682964657,67.01188358693626,65.94034354885613,0.5550848627140681,0.0578130130457661,0.4972718496683019,69.47829466682464,63.58239564079256,14.290617245664992,0,67.45349542525908,66.99886099608105,1.3187822883782212
2025-07-24,69.96595139900636,70.44451468805879,69.39167691260269,69.6309585571289,16880176,67.68692779541016,66.64994222467595,67.30858367919922,65.35628522872925,68.16872634859834,67.24998131149923,64.41666653581794,0.6873260197726552,0.1837156143911439,0.5036104053815113,69.86971176945531,63.40154601252713,15.846181182673837,0,67.64491953868966,67.19028510951163,1.3133128725994163
2025-07-25,69.77452553372736,69.77452553372736,68.19526529794729,68.57811737060547,24279155,67.9613037109375,66.76436268199573,67.33500045776367,65.34648736953736,68.25060455299976,67.37072095323616,57.56584025223792,0.6991136576340722,0.2867952230397296,0.4123184345943426,70.06677923400078,63.37101831238594,16.164426162184,0,67.64491953868966,67.28599666503568,1.3563839048631954
2025-07-28,68.61640084660701,68.69296541655528,67.54441654207884,67.9751205444336,15276433,68.28459845648871,66.78480980613016,67.34954849243164,65.34870782852173,68.19550775128653,67.42566637061773,54.02216789926356,0.6522795683136877,0.3598920920945212,0.2923874762191665,70.16094071653856,63.3744833252095,15.913688865702378,0,67.64491953868966,67.28599666503568,1.3645880362245728
2025-07-29,67.44870728792782,68.86525045360096,67.3529960960249,68.72168731689453,10501708,68.6206563313802,66.8670356056907,67.39778778076172,65.3466587638855,68.30074366440813,67.5434864566429,57.50968968266125,0.6677079922240807,0.4214552721204331,0.2462527201036476,70.34961570456427,63.55430275246697,15.522042214602134,0,68.13783889385631,67.28599666503568,1.3837304843536598
2025-07-30,68.72168763866675,69.19067759279405,68.26226369216742,68.97053527832031,10931756,68.88652462429471,66.95665740966797,67.43434997558593,65.34249265670776,68.43470198719058,67.67321816770448,58.63595713137988,0.692037700276444,0.4755717577516353,0.2164659425248086,70.54020139593169,63.75039613824799,15.381495691219175,0,68.57811512808078,67.28599666503568,1.3755266473018364
2025-07-31,67.95597767203131,68.50153945420792,67.47741444898884,67.7549819946289,17526771,68.81739807128906,67.08021372014827,67.4266928100586,65.32096223831176,68.29875798867825,67.68065124287942,51.46049051949921,0.6062457543218471,0.5017065570656777,0.1045391972561694,70.59622843836104,63.85995137120926,14.577309493198264,0,68.89875539204183,67.28599666503568,1.348180464906537
2025-08-01,68.08040569646079,69.6692392004377,67.28599624676805,67.43913269042969,13011037,68.66319359673395,67.18636772849344,67.3878335571289,65.29265649795532,68.12683292902854,67.65869501083854,49.75665407087169,0.5069251028335771,0.5027502662192576,0.0041748366143194,70.61237925299217,64.00459767571876,14.634893959887906,0,68.86525546741342,67.28599666503568,1.4151790177285335
2025-08-04,67.85069394142302,69.85109203341867,67.50612783277587,68.7408218383789,25992461,68.62916225857205,67.30644330111417,67.3606510925293,65.27852228164673,68.24963071089861,67.75707017697857,56.19390665447895,0.5271713038933257,0.5076344737540712,0.0195368301392544,70.70696232807586,64.24788004863314,14.805120337360524,0,68.86525546741342,67.28599666503568,1.4698719080343583
2025-08-05,68.6738304600402,69.63095701697455,68.36755025391304,68.83654022216797,13259948,68.5164328681098,67.44305142489347,67.34495422363281,65.26591516494751,68.36701261315248,67.85520381745033,56.63389900878505,0.5446617164914755,0.5150399223015522,0.0296217941899233,70.77360641104741,64.52867325203852,14.963187687870814,0,68.86525546741342,67.28599666503568,1.478076037525616
2025-08-06,68.91311090098839,69.30553628760998,68.04212224422103,68.77911376953125,8319031,68.42178344726562,67.59836717085405,67.3640968322754,65.26439992904663,68.44943284442823,67.93919563127587,56.2687424288009,0.5475770325162586,0.5215473443444935,0.026029688171765,70.73449226531896,64.94680961456386,14.787778805056195,0,68.56854414009337,67.28599666503568,1.492433427703913
2025-08-07,68.19526578996565,68.7025416864219,67.0371435559835,68.4345474243164,11539382,68.40583123101129,67.73802081021395,67.34897415161133,65.24972116470337,68.44645576040587,67.98422761246137,54.01819441640618,0.5161341439428497,0.5204647042641647,-0.0043305603213149,70.70420630040644,65.24604775843144,13.75125889679133,0,68.44411779470109,67.35778070294151,1.474658249185845
2025-08-08,68.53983660748607,68.73125900711852,67.66884789387649,68.02298736572266,10081656,68.41114976671007,67.87593425403942,67.34706008911132,65.2420046043396,68.36176208146924,67.98775122639421,51.37506455450053,0.4527865297716715,0.5069290693656661,-0.0541425395939945,70.65259827450605,65.49099532290607,12.774234189477912,0,68.44411779470109,67.35778070294151,1.4712401618139723
2025-08-11,68.14740211849926,68.6929639173129,67.33384607497655,67.62098693847656,7423594,68.28884972466363,67.96120522238992,67.34476287841797,65.24797430038453,68.2136070528707,67.95440901840169,48.86021621354909,0.3659268375236593,0.4787286229972647,-0.1128017854736054,70.56979696458683,65.725021913587,12.156365521149656,0,68.44411779470109,67.35778070294151,1.4732910629203375
2025-08-12,67.70712987956476,68.45368741774082,67.1711413500632,67.8985595703125,10403379,68.16974131266277,68.04343102195047,67.34954849243164,65.25090662002563,68.15059755635906,67.94933179584812,50.65629740787675,0.3158468118060256,0.446152260759017,-0.1303054489529914,70.2376158795879,66.3405121721699,11.729630033386009,0,68.44411779470109,67.35778070294151,1.4630360223685446
2025-08-13,68.91311131074004,69.87023785672254,68.08998189701141,69.46824645996094,33410015,68.36010403103299,68.19613612781872,67.3922364807129,65.26543416976929,68.41412733707944,68.08741494713111,59.35072431340152,0.3982281183319003,0.4365674322735937,-0.0383393139416933,70.06682795679606,66.88840809667073,11.720910063746812,0,68.45369070635303,67.35778070294151,1.5286674874366832
2025-08-14,70.15730054793204,70.15730054793204,66.9643612740297,67.3525619506836,34242659,68.35048505995009,68.30009495128284,67.38399658203124,65.2663303565979,68.20181425980027,68.02061012927224,47.26281108504372,0.2894611113846679,0.4071461680958085,-0.1176850567111406,69.93967468978019,67.09304549454598,11.05422003438592,0,68.56083091098087,67.64491953868966,1.6439302758739882
2025-08-18,68.1483703210596,68.32306025614616,67.25551394364477,67.52725219726562,13221295,68.21564398871527,68.38328066739169,67.34689971923828,65.25248083114624,68.06690184729335,67.97575940818074,48.20091263488297,0.2148814975620752,0.3686932339890619,-0.1538117364269867,69.96386836000387,66.9838649468809,10.435150721407949,0,68.56083091098087,67.64491953868966,1.6381443785900558
2025-08-19,67.69222942620308,68.71125519649418,67.4301982476116,68.63361358642578,20465260,68.19309658474393,68.47673034667969,67.30302459716796,65.24696935653687,68.18024419511984,68.03556433347573,53.80541415344379,0.2422581331889119,0.3434062138290319,-0.1011480806401199,69.9470455044675,66.98135186491726,9.868538307148736,0,68.56083091098087,67.64491953868966,1.6216302779690923
2025-08-20,68.62391090136168,70.24464074204847,68.42010721519556,69.70116424560547,29770419,68.29554663764105,68.53691413185813,67.27418350219726,65.24969430923461,68.48442820521697,68.1869825073057,58.47424931298652,0.3461070241338149,0.3439463758899885,0.0021606482438263,70.06052639630195,66.93327700945977,10.518314005089916,0,68.60450100803908,67.64491953868966,1.6856388226995418
2025-08-21,70.25434960904923,70.57461572599932,69.08975497108251,69.2547378540039,14855972,68.38667890760634,68.55635799061169,67.24368820190429,65.25387224197388,68.63849013497436,68.28405117518736,55.92860623841028,0.3879135140154943,0.3527398035150896,0.0351737105004046,69.94221385912165,66.99195285840766,11.339647519520517,0,68.76948850001452,67.70997005765993,1.6850488173842086
2025-08-22,69.18680133962602,69.3906050253088,67.98338592707975,68.09014129638672,8184283,68.3941404554579,68.51285969127308,67.21918899536132,65.25073156356811,68.52882036725683,68.26642300438729,49.833708944609526,0.3233449301069981,0.3468608288334713,-0.0235158987264731,69.76690555252837,67.01317943892671,11.059079253698972,0,68.76948850001452,68.20288941282658,1.61533282770988
2025-08-25,68.71125764630568,69.19650662006686,68.21630161986201,68.59479522705078,7985002,68.50234137641058,68.45575471357866,67.2440249633789,65.24447088241577,68.54201533921562,68.29627502462942,52.26146115786902,0.3093294593472535,0.3393545549362278,-0.0300250955889742,69.7682391647121,67.0135136123875,10.798551578293251,0,68.76948850001452,68.64316564705103,1.5220761120449626
2025-08-26,68.50745021292204,68.60450593629665,67.42049719252284,67.81839752197266,19958636,68.4934344821506,68.37336557561702,67.25065307617187,65.22163862228393,68.39729177576703,68.25283161529698,48.382165055757255,0.2328886957047728,0.3180613830899368,-0.0851726873851639,69.77209596037939,66.99398451447412,10.19437282006854,0,68.76948850001452,68.76948850001452,1.5164048249529836
2025-08-28,67.49813961568552,67.69223625612874,66.53734125384857,66.70233154296875,15165740,68.1861106024848,68.2881025834517,67.27094787597656,65.18346593856812,68.05829972920738,68.11187706326714,43.395539233303126,0.0813143019822462,0.2707119668683987,-0.1893976648861525,69.84958607100528,66.71455882645567,10.316155898438906,0,68.55597848992394,68.55597848992394,1.5176649838626364
2025-08-29,66.89642574312967,67.44960929295698,66.17825931451272,66.770263671875,19089863,68.1214107937283,68.23333636197177,67.29508972167969,65.14894792556763,67.8006925177409,67.98991220950423,43.77539431422738,-0.0329481364002361,0.2099799462146717,-0.2429280826149079,69.8416472194397,66.50247051737671,10.68786791067474,0,68.37643752025602,68.37643752025602,1.4840492527838165
2025-09-01,66.96435915663743,67.67282592445268,66.79937628067765,67.56607055664062,11003546,68.12572394476996,68.18080832741477,67.36309585571288,65.12294206619262,67.75376812552085,67.95138115015298,48.16390080481766,-0.0586113422012175,0.1562616885314939,-0.2148730307327114,69.84423089699837,66.48099569601922,10.812084260863402,0,68.37643752025602,68.37643752025602,1.4726314770220768
2025-09-02,68.10954495757723,70.98221793907634,67.7310513575889,70.65225219726562,46543595,68.35001712375217,68.25725000554866,67.4755973815918,65.11705442428588,68.33346493986981,68.19691488170868,60.90728185896671,0.1681412210780877,0.1586375950408126,0.009503626037275,70.30162053401128,66.3449180096899,11.557180351829032,0,68.58023862679453,68.58023862679453,1.6195621584577455
2025-09-03,71.00163704757354,72.30210081008785,71.00163704757354,72.09829711914062,34305181,68.61636522081163,68.45467342029919,67.61587127685547,65.1309941291809,69.08643137572398,68.5515859942025,65.2215538058033,0.4592342348387603,0.2187569230004022,0.2404773118383581,71.09089011841701,65.89139595336033,12.890198981717704,0,69.24018006230028,69.24018006230028,1.6457980545395026
2025-09-04,72.6902974064041,72.6902974064041,70.8560568866092,71.26366424560547,17518719,68.83957926432292,68.62851576371627,67.71131301879883,65.14315057754517,69.52187794970027,68.79813856251185,61.03470855943952,0.6154847231175182,0.2981024830238254,0.3173822400936927,71.49170897268252,65.73328950143858,14.301663152949269,0,69.4342783604584,69.4342783604584,1.63598107120985
2025-09-05,71.3801310092345,72.48649813917588,70.67166420987309,72.33121490478516,16821803,69.31080966525607,68.7917154485529,67.83671997070313,65.16744443893433,70.08374534071724,69.11932732090034,64.20028648832951,0.816049862266297,0.4016919588723198,0.4143579033939772,72.11614179794044,65.46406678970605,15.446394737767148,0,69.4342783604584,69.4342783604584,1.5375449751670252
2025-09-08,72.88439597259304,73.28230369385206,72.15652249602724,72.31180572509766,15940641,69.72381083170573,68.94968206232244,67.93245040893555,65.18561254501343,70.52935741759333,69.40955263037283,64.09832758636801,0.9623397676383688,0.5138215206255297,0.4485182470128392,72.65666304109034,65.31127137663428,16.88390040622555,0,69.73028150418239,69.73028150418239,1.5417046098329843
2025-09-09,72.78734795882538,72.87468922230624,71.4383563690001,72.45738220214844,39250424,70.23925357394748,69.11687608198686,68.04334365844727,65.206805934906,70.91496237450436,69.68662804598878,64.55303904498626,1.077600469245752,0.6265773103495742,0.4510231588961777,73.15881326284948,65.25256063851772,17.558712474553797,0,69.73028150418239,69.73028150418239,1.5527957458632389
2025-09-10,73.0299682784202,73.22406490015985,72.11769786675859,73.05908203125,19334369,70.94555918375652,69.32708220048384,68.16454818725586,65.2365431022644,71.34378630585348,69.99321477192161,66.4447511743891,1.2036229372796186,0.7419864357355831,0.4616365015440354,73.70999731457962,65.24518609606491,18.36674299610291,0,69.73028150418239,69.73028150418239,1.50149813918812
2025-09-11,73.28230348948716,74.22368770124356,72.78734745359539,73.63168334960938,19643352,71.70793914794922,69.58202292702414,68.33644699096679,65.26430185317993,71.80136571460467,70.3239846426205,68.18482432574564,1.3343195864940327,0.860453065887273,0.4738665206067597,74.3112578172643,65.21723797130991,19.604953913548588,0,70.5115319909606,70.20097350787813,1.498032388668932
2025-09-12,73.75784639366198,74.51483363248597,73.16584203421,74.21398162841797,29848592,72.44659593370226,69.88170450383967,68.51865173339844,65.28567457199097,72.28388889736733,70.67762073223845,69.89456333052152,1.4679624696696152,0.9819549466437416,0.4860075230258737,74.9601865223305,65.04288278308942,20.88901398681991,0,71.12294249503744,70.34654647349934,1.4938732815294264
2025-09-15,74.53424611034978,74.67011523207786,73.0784991738532,73.28230285644531,15014701,72.73882378472223,70.1264201077548,68.6623146057129,65.30251222610474,72.48357168918294,70.91441001625726,63.97098782997736,1.481617561918526,1.0818874696986984,0.3997300922198274,75.29870327258618,65.29734012340992,22.154997402027647,0,72.67088972097548,70.42418727329529,1.5285340482826066
2025-09-16,73.46669487380873,73.56375059624852,72.80675594450332,73.21437072753906,11888159,72.86283196343317,70.2966984835538,68.8099787902832,65.31746835708618,72.62973149685416,71.12349735364651,63.5480887563496,1.4700123781903187,1.1595124513970223,0.3104999267932962,75.56641824225119,65.59833700677225,23.031652330432703,0,72.67088972097548,70.42418727329529,1.4980330417091352
2025-09-17,73.35023773487713,74.17515952160097,73.03967868325243,73.45699310302734,11497372,73.10653516981337,70.57417262684216,68.97187530517579,65.33362215042115,72.7951838180888,71.33563333086295,64.4519662433907,1.463522211454304,1.220314403408479,0.2432078080458251,75.87685448104706,65.77023871963654,24.164945112214365,0,72.67088972097548,70.42418727329529,1.4876347967251675
2025-09-18,73.45698986932376,74.8253880850736,73.25318619482108,74.46630859375,16353475,73.34376780192058,70.88958428122781,69.15395812988281,65.35121454238892,73.12940877322104,71.6202401729436,68.00612542524186,1.5222742030269956,1.2807063633321822,0.2415678396948133,76.33677481411034,65.7868328213877,25.53333573768084,0,73.13187222703685,70.50182369979316,1.5091242189971854
2025-09-19,74.61188197935634,75.43681118517028,74.14604709573,74.27220916748047,29974960,73.56159040662978,71.14588408036666,69.33962448120117,65.36524610519409,73.35796885207293,71.86132826335604,66.62653393100919,1.5354733965735363,1.331659769980453,0.2038136265930832,76.70180346241077,65.92355130443494,27.080572197920397,0,73.4375837770852,70.8075352498415,1.536852921630229
2025-09-22,74.41778595723876,75.28152857353165,74.00047152655587,74.59247589111328,21600325,73.79882303873698,71.36821642788973,69.51657348632813,65.37481939315796,73.60487025988101,72.10961441133398,67.78770547905864,1.5538647153790066,1.3761007590601635,0.1777639563188429,76.99279278458344,66.2827954417349,28.33628145156906,0,73.77725452596444,70.8075352498415,1.3843464690973764
2025-09-23,74.61188208701938,76.06762905799827,74.2528025729376,75.79589080810547,32011480,74.10291290283203,71.66554156216708,69.71069946289063,65.39289220809937,74.04307436952591,72.44473044740411,71.76326136766716,1.646564919042163,1.4301935910565635,0.2163713279855994,77.45867952475608,66.53701825966776,29.862031099027742,0,74.42748825579683,71.1229441862555,1.3961306028286944
2025-09-24,76.0385137104289,76.13556202559882,74.48571845477478,74.92243957519531,26152793,74.24633026123047,71.9761005748402,69.88697357177735,65.40491708755494,74.2189474106598,72.66997673174876,65.4494691511381,1.6307519897251268,1.4703052707902762,0.1604467189348506,77.58876306969212,67.11733892005397,31.30897495649168,0,74.47115898505106,71.15691067005577,1.3829593921879175
2025-09-25,75.11654477168467,75.69884207602246,73.9810639175792,74.12663269042969,20472893,74.23662482367621,72.22754773226652,70.06819686889648,65.40756643295288,74.20048446661377,72.80240000071976,60.24845819588024,1.5362957039857434,1.4835033574293697,0.0527923465563737,77.28194745146429,68.1665846530279,31.977472124794083,0,74.47115898505106,71.15691067005577,1.376026837126522
2025-09-26,73.99076376887629,74.1945674557371,72.612658417163,72.77764129638672,24363080,74.18055131700304,72.45296790383078,70.2098063659668,65.3990456199646,73.91591583256837,72.80014920941674,52.61567453765328,1.3371719990641535,1.4542370857563265,-0.1170650866921727,76.62046465324869,69.42880521369466,31.03783453242962,0,74.3741102213809,71.15691067005577,1.4086073971800417
2025-09-29,73.02026333577017,73.95194047479953,72.34091773574201,72.81645965576172,15751009,74.13633897569444,72.73088281804866,70.33458114624024,65.38695672988892,73.69602459720704,72.80163197726628,52.800977643818655,1.1690215922630216,1.3971939870576655,-0.2281723947946441,75.81225122368946,70.76205755316602,29.892497322195176,0,74.23823988067042,71.15691067005577,1.421085246162283
2025-09-30,73.22406926241214,74.34014341468286,73.0299726291094,74.09751892089844,32158354,74.20750851101346,73.06393987482244,70.44898910522461,65.38562120437622,73.77632346194532,72.91943988123285,58.56041574560207,1.126150399056371,1.342985269457407,-0.2168348704010358,75.67928161844698,71.23955383077178,29.115058787173187,0,74.23823988067042,71.15691067005577,1.4508935836994172
2025-10-01,74.3207390994782,75.01949884870406,73.28230652890984,73.91313171386719,16301242,74.1460444132487,73.35244265469638,70.55071228027344,65.38391878128051,73.8036851123297,73.00977550238142,57.4733400246069,1.0650192836007335,1.2873920722860723,-0.2223727886853388,75.68239600980787,71.41792289888353,28.86500817211884,0,74.23823988067042,71.15691067005577,1.4723830174241346
2025-10-03,74.34985173404776,75.67943664818557,73.84518863196553,74.82539367675781,31195027,74.20750935872395,73.5421309037642,70.66627807617188,65.3976633644104,74.00802682521532,73.174831700052,61.30096392002907,1.0777605972082398,1.245465777270506,-0.1677051800622662,75.63995068264546,71.81654116916118,29.050541764256216,0,74.23823988067042,71.15691067005577,1.5070441901344256
2025-10-06,75.300931212298,75.40768657747836,73.40846320103107,73.81607055664062,12328968,74.1212420993381,73.62021151455966,70.74557739257813,65.40804193496704,73.96963557150039,73.23312614156005,55.363674411429486,0.9949451313676434,1.1953616480899336,-0.2004165167222902,75.59752275256382,72.00745466442838,28.72460937853051,0,74.23823988067042,71.15691067005577,1.5361589985788993
2025-10-07,73.85489137872993,74.62158563596057,73.40846321711051,73.84518432617188,12906646,73.90449693467882,73.7375533364036,70.82986190795899,65.42647592544556,73.9447453224347,73.28876779470657,55.497567320025176,0.921045279274324,1.1404983743268118,-0.2194530950524877,75.53141758713272,72.22689768996688,28.42195787749949,0,74.23823988067042,71.46746915313824,1.5687395533721034
2025-10-08,74.2430950379513,75.11654469573077,73.60256282080906,73.98106384277344,21657726,73.79989963107639,73.81254646994851,70.93792083740234,65.46699052810669,73.95200902650245,73.35170379907629,56.15855630609355,0.8634896838956365,1.0850966362405767,-0.2216069523449402,75.46601833091789,72.44466511024423,28.492553788868463,0,74.01987990588223,71.93330669159386,1.5957753416987583
2025-10-09,74.23338728034093,76.90225668447557,74.23338728034093,76.4752426147461,33869311,74.06085628933377,74.00179360129617,71.1079232788086,65.51922048568726,74.45665574415118,73.63566187322809,66.1091891052167,1.007521758398525,1.0695816606721664,-0.0620599022736414,75.95015890133267,72.30214059817904,29.57712610141232,0,74.6215872101088,73.78696044717432,1.6921318382308743
2025-10-10,76.61111384648035,76.77609672806095,74.36925845036114,74.85450744628906,24502958,74.29161919487848,74.11075383966619,71.23057968139648,65.5648423576355,74.53622608457876,73.74646601623364,57.04817566467162,0.9795962562273104,1.0515845797831953,-0.0719883235558849,76.023450422127,72.35113148705268,30.584228963060184,0,74.6215872101088,73.78696044717432,1.771851423106554
2025-10-13,74.7283404559144,75.0680132498517,74.09751532185281,74.87391662597656,10600238,74.52022552490234,74.19324632124467,71.34864730834961,65.60915822982788,74.60376419285832,73.84896152621026,57.12396522140612,0.9481021220656628,1.030888088239689,-0.082785966174026,76.08200758073741,72.35856782819815,31.165950282303346,0,74.96611465679248,73.78696044717432,1.7496686288939196
2025-10-14,75.05831201024633,75.47562644777717,73.50551668605438,73.8840103149414,17196512,74.49650234646268,74.20471572875977,71.47122787475585,65.65102243423462,74.45981341727494,73.85214777973127,52.0768411478445,0.8336557628300341,0.991441623157758,-0.1577858603277239,76.06717585488062,72.43357029990455,30.965316128980888,0,75.09228160669271,74.17030652673785,1.7607602915126424
2025-10-15,73.76755378744411,74.85450679003353,73.58315680122827,74.4468994140625,16267362,74.5558098687066,74.21530290083452,71.61138320922852,65.69260190963745,74.45723061663246,73.90621611012502,54.5366453650333,0.7793922954062964,0.9490317576074656,-0.1696394622011693,76.06327176878858,72.56072725464892,30.77901298661004,0,75.15535994275332,74.17030652673785,1.7337250356541585
2025-10-16,74.54394368170968,74.58276448745195,73.42787698494347,73.6413803100586,7993203,74.42425282796223,74.23162460327148,71.70939437866211,65.74016054153442,74.29406055531769,73.88214012830079,50.53887055721519,0.6637382850494333,0.8919730630958593,-0.228234778046426,76.05539716588119,72.58704057825945,30.402146192880213,0,75.15535994275332,74.50997727561708,1.6935185602302465
2025-10-17,73.66079546949861,73.93253370927275,72.41855928521016,72.70000457763672,10435903,74.30024549696181,74.20824432373047,71.78666366577148,65.79429878234863,73.97524935978149,73.7746732600586,46.270105674931486,0.4904666995903284,0.8116717903947532,-0.3212050908044248,76.1099854742778,72.3558218682515,28.844776754441146,0,74.66040798484286,74.6215872101088,1.6886660877651385
2025-10-20,73.21436770442772,73.51521969949474,72.23416270189382,73.020263671875,10515886,74.20858764648438,74.18839298595081,71.87148666381836,65.85447895050049,73.7842522222002,73.70609057022372,47.882904013448346,0.3746709783340947,0.7242716279826216,-0.3496006496485269,76.12381357573666,72.2167992172321,27.198393713526954,0,74.5682096931847,74.5682096931847,1.6650971062325235
2025-10-21,73.56374573014642,73.94223932882636,73.08819641544676,73.37934875488281,3318059,74.14173041449652,74.13898572054777,71.97038269042969,65.91617696762086,73.70327152873672,73.67638676882909,49.70580272680981,0.308323044047512,0.6410819111955997,-0.3327588671480876,76.08319651123823,72.13610356810749,26.07662434918836,0,74.5682096931847,74.5682096931847,1.6221179560918253
2025-10-23,73.26288645413354,73.26288645413354,70.72988627169244,72.0012435913086,20156523,73.64461941189236,74.03576001253995,72.0499478149414,65.9630746269226,73.3628659412511,73.52410102541813,43.42782098796644,0.1428930762837694,0.5414441442132336,-0.3985510679294641,75.93995985690579,71.89987550076022,25.50004293839571,0,73.75299149987669,73.81607147808401,1.6872801106201225
2025-10-24,72.54472006118324,73.0299690248032,71.88478117448764,72.0012435913086,16392360,73.3275900946723,73.91797672618519,72.13755294799805,66.01011106491089,73.0905414712626,73.38565944049908,43.42782098796644,0.0116542915539525,0.4354861736813774,-0.4238318821274248,75.90790765996395,71.63980809931338,24.964645914088248,0,73.1027563597348,73.81607147808401,1.63806152734123
2025-10-27,72.30209590344514,73.01056265140285,71.71009157283038,72.17593383789062,13500697,73.02781422932942,73.75343322753906,72.22310043334961,66.07078769683838,72.9076199445882,73.27568438571649,44.45911248298437,-0.0773655262882755,0.3329158336874468,-0.4102813599757224,75.91807742301539,71.43456845100805,24.59765261171463,0,73.1027563597348,73.81607147808401,1.5881506489216
2025-10-28,72.03036048594244,72.78734771751468,72.01094638013643,72.42826080322266,9718669,72.8660642835829,73.64006146517667,72.28230072021485,66.12777654647827,72.8117481163151,73.19864587821705,45.99064838839757,-0.1261000925907183,0.2411126484318138,-0.3672127410225321,75.9352720196283,71.38243580507874,24.25687311665341,0,72.79219653086298,73.81607147808401,1.5569562859593271
2025-10-29,73.0299756635236,75.3591723814951,72.46708503752063,74.43719482421875,39446606,72.86498599582248,73.65417792580344,72.42399337768555,66.19467128753662,73.13683745789584,73.31124123694447,56.3182810086928,-0.0025885620349441,0.1923724063384622,-0.1949609683734064,76.00540906216128,71.47437227939145,23.46244354040732,0,73.04452932659376,73.81607147808401,1.6581655504843795
2025-10-30,74.20427609238563,74.82539421921118,73.37935427434971,73.65109252929688,11611890,72.8660651312934,73.6938802545721,72.54647018432617,66.2633250617981,73.23968847217606,73.3421368089765,52.118543370918886,0.0315002154384842,0.1601979681584666,-0.1286977527199824,75.97704049712401,71.45809820526857,22.72475893389309,0,73.04452932659376,73.81607147808401,1.552797486424332
2025-10-31,73.32112157147763,73.9907601082298,72.91350681361054,73.55403900146484,12203341,72.96095784505208,73.72740658846769,72.64487869262695,66.33949588775634,73.30255857803382,73.36140064465727,51.606864844139984,0.050106808498711,0.1381797362265155,-0.0880729277278044,75.95824946810698,71.44097996304536,21.59830069782077,0,73.04452932659376,73.81607147808401,1.4578271304900068
2025-11-03,73.56375127772087,74.53424927661264,73.078502278275,73.68020629882812,17607267,73.03428480360243,73.70843783291903,72.7244595336914,66.43035945892333,73.3780881221927,73.39038297685461,52.26298046816439,0.0741782335235967,0.1253794356859318,-0.051201202162335,75.83800763920968,71.44670305414971,20.979175935934837,0,73.04452932659376,73.81607147808401,1.4924877783713464
2025-11-04,73.56374841010295,73.56374841010295,71.91389743371316,72.0788803100586,15769204,72.88978830973308,73.62506276910955,72.7809423828125,66.49767427444458,73.11824655976588,73.27115546169132,44.09200186370609,-0.0355488284074425,0.0931937828672569,-0.1287426112746995,75.85710206613342,71.25388960256774,19.59831689548685,0,73.04452932659376,73.81607147808401,1.477930571470787
2025-11-06,72.0109465128414,72.13711598787721,70.45815123953524,70.96281433105469,11864374,72.77440728081598,73.4494909806685,72.83839584350586,66.56010263442994,72.68716011402364,73.06130626799708,39.461306979057774,-0.210143113676736,0.0325264035584583,-0.2426695172351943,75.98186913825143,70.84088553093804,19.356121238176417,0,72.90866181051517,73.68020396200541,1.507045911437695
2025-11-07,70.3708092146661,72.18563566270183,70.27376089944315,72.04976654052734,12084844,72.77979871961806,73.36920443448153,72.9074952697754,66.61654043197632,72.55968139932439,72.96934811095437,45.46809470140592,-0.257830276437744,-0.0255449324407821,-0.2322853439969619,75.93972266578496,70.68990227317988,19.249697971353143,0,72.81646664046912,73.58800879195937,1.561116430062709
2025-11-10,72.05947513262525,74.24309559118966,72.04976807960206,72.864990234375,34560732,72.85636054144965,73.32465015758167,73.00842712402344,66.67266002655029,72.6207431663345,72.95986103126533,49.51413386719013,-0.2272216873374191,-0.0658802834201095,-0.1613414039173095,75.3005750692236,70.96802463170413,18.21630581606756,0,72.81646664046912,73.58800879195937,1.6096417605341184
2025-11-11,72.98144137253645,73.7578426782426,72.10799915900654,73.55403900146484,19958566,72.981447007921,73.30523993752219,73.14546127319336,66.73000457763672,72.80740233336059,73.01387721037437,52.70805671004606,-0.1456843248574983,-0.0818410917075873,-0.063843233149911,75.09142017914168,71.04713267730362,17.256727386159515,0,72.81646664046912,73.58800879195937,1.635983654936629
2025-11-12,73.9519391679638,75.13594782507124,73.75784254404621,74.90303039550781,38795708,73.03320651584201,73.23377574573864,73.30811660766602,66.79784080505371,73.22652794579002,73.18561840902287,58.27362106965963,0.0274702934177497,-0.0599788146825198,0.0874491081002696,75.09838024345333,71.0430839899451,17.24904912314139,0,72.7048543622572,73.58800879195937,1.6831217382691313
2025-11-13,75.2135897765521,76.31995682737193,74.8059824218946,75.1068344116211,42475486,73.19495561387804,73.24524515325373,73.45893188476562,66.86951768875122,73.60258923895624,73.36027440925906,59.05756315360906,0.1790775620878122,-0.0121675393284534,0.1912451014162657,75.32940646419658,70.93434017886983,17.876794117337326,0,73.29685886340754,73.58800879195937,1.6020154470039134
2025-11-14,75.11654780807905,75.11654780807905,73.54433835893373,74.2916259765625,14182276,73.27690972222223,73.21877739646219,73.53171936035156,66.92601707458496,73.7403965864775,73.44494273355937,54.635840297210365,0.2307865434390379,0.0364232772250448,0.1943632662139931,75.3031001784673,70.94511912084911,17.472883944899277,0,73.29685886340754,73.58800879195937,1.6325169897774685
2025-11-17,74.24309295092398,75.06801472507189,74.097516778001,74.28191375732422,15567147,73.34376610649957,73.23686391657048,73.57539169311524,66.98857372283936,73.84870002064685,73.52103100844708,54.58340652201412,0.2678944681089916,0.0827175154018341,0.1851769527071574,75.38538807058752,70.92688457345544,17.097824499063943,0,73.29685886340754,73.58800879195937,1.6089474803844988
2025-11-18,74.22368739693839,74.22368739693839,72.71941259400661,73.4861068725586,15218821,73.50012461344402,73.19319152832031,73.6198405456543,67.05797527313233,73.7761813910292,73.51785608700267,50.32188849460805,0.2304315297567569,0.1122603182728187,0.1181712114839382,75.41854275594854,70.97234011758663,15.980917093631938,0,73.29685886340754,73.52492881375204,1.6650974679515955
2025-11-19,73.27259792433031,73.70931905619423,72.78734893145395,73.03968048095703,9109693,73.73088751898871,73.16584153608842,73.63400985717773,67.12764251708984,73.62888120901476,73.47438557736216,48.05530419148463,0.1628418627176131,0.1223766271617776,0.0404652355558355,75.41920842448178,70.97361612996158,14.943788788587932,0,73.29685886340754,73.29685886340754,1.5216016498421558
2025-11-20,73.01056270072793,73.11731066130825,71.72950572633631,72.26327514648438,24164668,73.75461069742839,73.14599019830877,73.63303924560547,67.18477781295776,73.3557599965087,73.36428462910052,44.31673013745246,0.0460957793789589,0.1071204576052138,-0.0610246782262549,75.39980761733219,70.88140957627132,14.669937073103934,0,74.02473127685411,73.29685886340754,1.517442006278618
2025-11-21,71.81685053081425,72.01094716511868,71.05015623798137,71.34130859375,23896675,73.58531273735895,73.069674058394,73.6107177734375,67.24063375473023,72.95286971595696,73.18037771679593,40.30665295500607,-0.119444447151551,0.0618074766538609,-0.1812519238054119,75.45445555904921,70.76076813479845,14.81835188947051,0,73.68505653267664,73.29685886340754,1.5271466929846005
2025-11-24,71.3413094689135,71.6324544239417,70.1281869788491,70.3999252319336,21985740,73.23485565185547,72.93424571644177,73.55753463745117,67.28687961578369,72.4422808191523,72.92760930908116,36.65909044180768,-0.3228761241832956,-0.0151292435135703,-0.3077468806697252,75.62879110677957,70.42630075113058,15.460638682851124,0,73.22407190311051,73.22407190311051,1.5306124391813825
2025-11-25,70.42903660029465,70.94339933396121,70.10877049673599,70.5551986694336,12512694,72.75176323784723,72.86851640181108,73.49600494384765,67.34185791015625,72.06486438920857,72.71193561456775,37.66116496915567,-0.4661939316960968,-0.1053421811500756,-0.3608517505460211,75.7523932867832,70.14062505428124,16.067498462771134,0,73.21436366205396,73.21436366205396,1.4640638657606868
2025-11-26,71.42865113151967,72.25357294849046,70.73959844184702,72.09829711914062,13223415,72.41748131646051,72.87292792580344,73.45369125366211,67.41421924591064,72.07155093519498,72.65615029680166,46.68775732536663,-0.4500710392386651,-0.1742879527677935,-0.2757830864708715,75.75255632745689,70.10746564519937,15.546767064497075,0,72.61265915240752,73.21436366205396,1.4654502608117508
2025-11-27,72.69029873322137,72.93292322338279,71.52569673785949,72.0206527709961,10707179,72.16515096028645,72.86586969549006,73.42845825195313,67.47832878112793,72.06137130235521,72.59837779445569,46.32428215995992,-0.4385039798805366,-0.2271311581903421,-0.2113728216901944,75.5662023316056,70.05216543572838,14.565930471319666,0,72.58839261090394,73.21436366205396,1.4294039552592233
2025-11-28,72.20504666582868,72.81645768934278,71.33159705772887,71.73920440673828,16024318,71.88262769911024,72.83454895019531,73.39895492553711,67.5357116317749,71.99693792323183,72.52027112284502,44.95796372926274,-0.4468959940008119,-0.2710841253524361,-0.1758118686483757,75.48026127762492,69.9469176774532,13.790601316543611,0,72.16622894683718,73.21436366205396,1.3787990681843374
2025-12-01,72.01094521445631,73.5152200046592,71.6906865169605,73.16584014892578,24997800,71.84704250759549,72.77676010131836,73.39313186645508,67.60027391433715,72.23071836837062,72.57895921612509,52.59108707752256,-0.3345724017666924,-0.2837817806352874,-0.050790621131405,75.44140344986224,69.94695561996198,13.05650433494568,0,71.90904477646511,73.21436366205396,1.3912769230745263
2025-12-02,73.45699107558916,74.77686885964297,73.22406624006557,73.84518432617188,31583291,71.93654293484158,72.78558245572177,73.38070938110351,67.66115568161011,72.55361155993087,72.6940705897657,55.73878170209379,-0.1885640985349397,-0.2647382442152178,0.0761741456802781,75.46307629111794,69.94178058144064,13.196992572486469,0,72.44281967818948,73.21436366205396,1.3933569150110117
2025-12-03,74.1751601593189,74.63129539000748,73.36964506700978,73.8063735961914,11892197,72.10799831814236,72.79705221002752,73.37139266967773,67.7335924911499,72.80416396718299,72.7951890448953,55.5120217912422,-0.0751172627987131,-0.2268140479319169,0.1516967851332038,75.57528398798412,70.00232221318775,13.3274459359172,0,72.44281967818948,73.21436366205396,1.3753337662624665
2025-12-04,73.93253292571751,74.8642100540597,73.5734460245007,73.72872924804688,11526558,72.3732672797309,72.79925779862837,73.3541177368164,67.81776023864747,72.98907702335576,72.88005633609089,55.029687022714256,0.0084277717614327,-0.179765683993247,0.1881934557546797,75.60440981691328,70.24978787595781,13.599748382342568,0,72.48649027539784,73.21436366205396,1.3552305220063008
2025-12-05,73.72873508635298,74.33043911446207,72.59325419042563,74.20427703857422,17203665,72.79597303602431,72.89586674083363,73.32228546142578,67.89778358459472,73.23211702639945,73.00044003631665,57.46724015499807,0.1117226764673091,-0.1214680119011357,0.2331906883684449,75.7367670658183,70.33288167685748,13.003975803230391,0,72.48649027539784,73.21436366205396,1.40999387750384
2025-12-08,74.09751874122186,74.2333878650667,71.96242616282109,72.45738220214844,14039842,73.00732676188152,72.96380164406516,73.27298431396484,67.9678235244751,73.07717006154925,72.95107114230136,47.32034141278769,0.0520251057217961,-0.0867693883765494,0.1387944940983456,75.72790502041052,70.3009829190426,12.193283142618489,0,72.80190424795336,73.21436366205396,1.4605982017129833
2025-12-09,72.25357387635965,72.99115443710157,71.05986547058048,72.62236785888672,10618027,73.06555684407552,72.98982897671786,73.24289901733398,68.04447044372559,72.98620962101676,72.9211890256273,48.2497139867848,0.017821874983241,-0.0658511357045913,0.0836730106878323,75.67429706667444,70.26142375852088,12.0860518334943,0,72.96203776232008,73.21436366205396,1.532692404697327
2025-12-10,72.62236721014786,73.24348533859926,71.99154202847662,72.21475982666016,6555698,73.08712429470486,72.96027304909445,73.23164138793945,68.11616516113281,72.83191966214544,72.85696818935756,46.08648871231155,-0.041694366769974,-0.0610197819176678,0.0193254151476938,75.39854602738073,70.26834774092983,11.773607332390066,0,72.96203776232008,73.21436366205396,1.522988002922377
2025-12-11,72.21475359844177,73.32112063209584,72.21475359844177,73.08819580078125,7313230,73.2370122273763,72.9390983581543,73.23707611083984,68.18986799240112,72.8831748898726,72.87798888130516,51.14147922135963,-0.018172947224869,-0.0524504149791081,0.034277467754239,75.06970155462078,70.39532835260577,11.415453023802778,0,72.96203776232008,73.21436366205396,1.5153628690045955
2025-12-12,73.74814180597053,75.74737274419415,73.2725998536378,75.64061737060547,22392662,73.5119874742296,72.97262503884055,73.26793807983398,68.26763677597046,73.43466338601918,73.12913692578701,62.27352472435112,0.2040745915753632,-0.0011454136682138,0.205220005243577,75.39071078176507,70.20921826486578,11.866093651386278,0,73.40361910738731,73.21436366205396,1.5978564045989034
2025-12-15,75.69884338189145,76.57229305562184,75.24270814092601,76.23262023925781,20700200,73.77725813123915,73.02379712191495,73.3143278503418,68.33832796096802,73.9942547566669,73.41127177246616,64.30494066141624,0.4230998198546558,0.0837036330363601,0.3393961868182957,75.84541715959658,69.94958253522763,12.73980548729073,0,73.81607926310116,73.34053177617892,1.633210410132518
2025-12-16,76.08703903597517,76.27142860736308,74.39837471446435,74.87391662597656,11468902,73.8958740234375,73.0502648787065,73.31529830932617,68.39940399169922,74.17018713052884,73.54423948642165,56.75194897229012,0.4814925187877463,0.1632614101866373,0.318231108601109,76.03598903818171,69.8977916319843,12.853753344598498,0,73.81607926310116,73.34053177617892,1.6456875254069363
2025-12-17,74.72834566923257,75.52415372953763,74.55365573383331,75.00008392333984,8628268,74.0371356540256,73.08290897716175,73.33897857666015,68.46883569717407,74.33616648909106,73.67658898068693,57.254033181076935,0.5318193178122925,0.2369729917117684,0.2948463261005241,76.2661737846112,69.86364722979309,12.959562069241423,0,73.81607926310116,73.34053177617892,1.6144926332770098
2025-12-18,74.8350972750492,75.16506302291342,74.00046844840097,74.25279998779297,8848338,74.0425270928277,73.11775866421786,73.34713088989258,68.54031297683716,74.31949318883144,73.72897179951475,53.30660214016177,0.5055761333826467,0.290693620045944,0.2148825133367026,76.38435611575973,69.94441738277543,12.597151981775712,0,73.81607926310116,73.34053177617892,1.591616486341191
2025-12-19,74.25279965107958,74.48571708406352,73.48610538801613,74.04899597167969,9994984,74.21937306722005,73.16363664106889,73.34848953247071,68.60901350021362,74.2653937454011,73.75806490607519,52.248580053863726,0.4629958122918793,0.3251540584951311,0.1378417537967482,76.42324097997759,70.17630125635053,11.848638570526798,0,73.81607926310116,73.34053177617892,1.5326935012232406
2025-12-22,74.38867233961533,76.37818877452898,74.24309616039919,76.20349884033203,17008841,74.61727650960286,73.34273771806197,73.34305465698242,68.70102197647094,74.65301476438728,73.98037708191671,61.04979294012195,0.5962280310187538,0.3793688529998557,0.2168591780188981,76.65691329202812,70.52298630513985,12.375745819651634,0,74.28191754204923,73.34053177617892,1.5839909363755331
2025-12-23,76.78579866978188,79.87198237461777,76.52376008300918,79.12469482421875,77610652,75.38504706488715,73.6965280012651,73.42845840454102,68.80495357513428,75.54735077635358,74.4480423312169,69.30940793193446,0.9268475055903878,0.4888645835179621,0.4379829220724256,77.6438213961825,70.39302781646397,14.35317400548414,0,76.04336798652977,74.99037643567688,1.7559075943246794
2025-12-24,79.9690331286551,80.0563743907056,78.67826906895566,79.02764892578125,27923038,76.04498630099826,74.08869726007634,73.51153305053711,68.91205417633057,76.24341040623912,74.86437020345001,68.78753955380802,1.1675759395749736,0.6246068547293645,0.5429690848456091,78.5054814463873,70.22430294692326,16.25121060332954,0,76.66448712217169,75.08257244372079,1.762146258052604
2025-12-26,79.2896796144598,80.79395439984529,78.96942091798961,80.17283630371094,26105816,76.54856618245442,74.52586260708895,73.6373095703125,69.01021747589111,77.0292955857335,75.34695803074645,71.51334182204874,1.4342291081490115,0.7865313054132941,0.6476978027357176,79.50425587796852,70.04074686861352,18.260888006450376,0,77.14002989393072,75.45136244829064,1.768385440753978
2025-12-29,81.03658348638054,81.66740867102916,77.96010658495047,78.4550552368164,50793078,76.79550340440538,74.8148061578924,73.71747268676758,69.09303848266602,77.31444751595008,75.62951232220735,62.67204177070521,1.4897699487536329,0.927179034081362,0.562590914672271,79.88665100178883,70.32993682780102,19.307345693034375,0,77.57675702952264,75.88808958388258,1.8709811824563412
2025-12-30,78.51328958786164,81.31802821219439,78.22213722648166,80.9492416381836,40418456,77.47053951687283,75.22065110640092,73.86362991333007,69.18726654052735,78.04140634039679,76.11312407820517,68.71921580309078,1.7152738536241117,1.084797997989912,0.6304758556341996,80.84378165716005,70.15114632135557,20.279056402005235,0,77.57675702952264,75.88808958388258,1.9541670409700291
2025-12-31,81.5218313335947,82.14294945617237,80.45428502318386,80.71631622314453,31290373,78.10567643907335,75.6287016435103,74.02395614624024,69.28588069915772,78.57638831694635,76.53159609138149,67.6175488807296,1.85382247699674,1.2386028937912776,0.6152195832054623,81.6069012217505,70.07513994646239,21.51707645819677,0,77.81452742209424,76.12585997645418,1.9853614068890209
2026-01-01,80.71631467557225,81.5218297705783,79.78463750956878,81.19186401367188,17474087,78.87668355305989,75.99352091008967,74.18738815307617,69.390341796875,79.09948345629147,76.95525681158969,68.72010174143621,1.9791812224504357,1.3867185595231093,0.5924626629273262,82.36069117888213,70.05989903107881,22.09940767885108,0,77.81452742209424,76.4412739490097,2.030420351700124
2026-01-02,81.62858646920095,82.45350827921155,81.35684821689743,82.03619384765625,27683548,79.76414998372395,76.3658395247026,74.36052505493164,69.50082855224609,79.68682553456442,77.41716017850483,70.63200804302454,2.1221959388650475,1.533814035391497,0.5883819034735505,83.17928919058895,70.07204747933292,23.03995658664887,0,78.34830221980536,76.75668687489602,1.930596588994893
2026-01-05,82.49232559864967,82.73495008570453,80.764840435509,81.43448638916016,27034891,80.34537082248264,76.71257192438298,74.54918991088867,69.61288614273072,80.03635770548357,77.78237165220077,67.46716847562236,2.162060481374084,1.6594633245880146,0.5025971567860694,83.77199224556472,70.20236535941575,23.414299015838203,0,79.62935508435686,76.89740777814251,1.9763483558163
2026-01-06,81.47330224069978,82.3467519012189,80.64838044077527,81.39566802978516,19631972,80.59770117865668,77.06106914173473,74.7370783996582,69.71961517333985,80.30821977034388,78.11085314107207,67.25779135990997,2.165557897903952,1.760682239251202,0.4048756586527497,84.13964642905499,70.72853975868914,23.662728437637515,0,80.3475283353275,76.89740777814251,1.963871039212364
2026-01-07,81.37625525728465,83.85102810192274,81.27920693881714,83.61811065673828,41093776,81.10775248209636,77.4889706698331,74.96592193603516,69.83745641708374,80.97019794762276,78.61151291522354,72.51657850808968,2.320908187102788,1.8727274288215197,0.4481807582812682,84.82993436841514,71.13782609911416,24.576738823393747,0,80.9055673434366,77.4554467862516,2.078251265455312
2026-01-08,83.75397411832931,84.16158147090952,78.90148448005557,79.18292236328125,50811580,80.99776204427083,77.79467704079367,75.10101516723633,69.91522058486939,80.61274283075447,78.66345922868332,53.90851507468477,2.0623680861468614,1.910655560286588,0.1517125258602734,84.62936134929917,72.03521537189222,23.64984937412092,0,81.06084402792999,77.610723470745,2.3707871523368484
2026-01-09,79.18292834211618,80.10490588559055,76.44612427565545,78.10568237304688,59337663,80.95894283718533,78.04391860961914,75.1743849182129,69.98755228042603,80.11133073921295,78.61275224180727,50.517784683874055,1.7503717333433428,1.8785987948979392,-0.1282270615545964,84.3805204175026,72.78580496091539,22.474852176606163,0,80.3038528732825,77.610723470745,2.5607278604716845
2026-01-12,78.43564519341936,79.62936094763182,76.81491536976604,79.34791564941406,21694778,80.78101772732205,78.36815296519886,75.28832138061523,70.06121377944946,79.95864772125317,78.67958527886242,54.10284931595256,1.5850784221864842,1.8198947203556484,-0.2348162981691641,84.40456792841847,73.13248727788034,21.383783350342465,0,80.3038528732825,77.610723470745,2.595388772972863
2026-01-13,79.73611694998354,80.03696895198559,78.70738406451993,79.69729614257812,14953959,80.66779327392578,78.66856661709872,75.4111865234375,70.12695524215698,79.90637740551817,78.77210444829112,55.08841686906862,1.46538235253324,1.7489922467911667,-0.2836098942579268,84.46139336524412,73.42212943138675,20.130102274121185,0,80.3038528732825,77.610723470745,2.4283245839142853
2026-01-14,79.67787981667523,81.65769651331658,79.39643452406176,81.37625122070312,28795078,80.6882807413737,78.92927724664861,75.565107421875,70.20750417709351,80.20035216855517,79.00884506396494,59.58021078572666,1.4888376050196257,1.6969613184368586,-0.2081237134172329,84.53806021526191,73.99569604084161,19.29788430840321,0,80.3038528732825,77.610723470745,2.4914072030217764
2026-01-15,81.37625122070312,81.37625122070312,81.37625122070312,81.37625122070312,0,80.61495378282335,79.16307865489613,75.75105484008789,70.29015882492065,80.43553197898476,79.2240638054866,59.58021078572666,1.4902474170244204,1.655618538154371,-0.1653711211299506,84.53153237176097,74.63984061407886,18.525110483093663,0,80.3038528732825,78.07656174969307,2.361083382889228
2026-01-16,81.37624925715761,81.57035328409282,79.8816815691584,80.29899597167969,20585800,80.48878818088107,79.4096731706099,75.93777847290039,70.36359865188598,80.40822477752374,79.32178491150415,55.45318782480595,1.3884342023821432,1.6021816709999257,-0.2137474686177825,84.15372056736192,75.62227201686659,17.468238833652638,0,80.3038528732825,78.18816753467564,2.2168954992360645
2026-01-19,80.29900136794112,80.29900136794112,78.3483057452543,78.98883056640625,18976405,80.2213617960612,79.59097983620383,76.07655975341797,70.42886056900025,80.12434593530025,79.29151633467707,50.840667568120594,1.1883287830550555,1.519411093410952,-0.3310823103558962,83.44135804709344,76.82861799660773,17.247331569858428,0,80.3038528732825,78.71709066227366,2.1350958304485
2026-01-20,78.98882603110786,79.53230250322137,76.00939767837997,76.51405334472656,18241676,79.43202209472656,79.69376407970081,76.149541015625,70.47753728866577,79.40228741718552,79.03901969922703,43.48320615310301,0.8205906985701432,1.3796470144427904,-0.5590563158726471,83.38119537508922,76.91983611905141,17.982450092492947,0,80.08548957464475,78.82384342946283,2.266113001295135
2026-01-21,76.09675115596208,77.18370416894473,74.75745918737694,76.31996154785156,20666906,79.1139153374566,79.79698978770863,76.20485946655273,70.5231378364563,78.78582224331873,78.79183259455652,42.95813528426323,0.5076422474586622,1.2052460610459648,-0.6976038135873026,83.64649001018857,76.37406815631535,19.08639460329167,0,78.20757785034675,78.82384342946283,2.3153310527635838
2026-01-22,76.69845202512197,78.07655734106365,75.54355709190979,75.92205810546875,18249016,78.87129041883681,79.78419702703303,76.22524002075195,70.5656960105896,78.21306941574875,78.53094400463945,41.84263273486515,0.2249280325520857,1.0091824553471889,-0.7842544227951032,83.909117554416,75.80088153005666,19.55063830052951,0,78.20757785034675,78.82384342946283,2.406142194450311
2026-01-23,75.69883954472218,76.3296646884572,73.80637151782881,74.10722351074219,19489454,78.2889912923177,79.55613014914773,76.20524780273438,70.62507032394409,77.39190023474744,78.12878759610332,37.1094458619613,-0.1439081209574908,0.778564340086253,-0.9224724610437438,84.34572222346574,74.75771558171004,20.56513896734784,0,77.7320340155727,78.82384342946283,2.4456553030526584
2026-01-27,75.07772055290897,77.0284234679044,74.16545012816563,76.51405334472656,28155161,77.93529764811198,79.44187580455433,76.24969635009765,70.71428131103515,77.21633085674327,77.98199357325089,45.85671121701623,-0.2392445152017757,0.5750025690286472,-0.8142470842304229,84.4177554679081,74.4915821480587,21.073543021166223,0,77.7320340155727,78.82384342946283,2.533000195675416
2026-01-28,77.02842554928195,79.4449633901541,76.30055208118571,79.114990234375,32245504,77.68404642740886,79.3937918923118,76.34635787963867,70.81520484924316,77.59606273226962,78.08499326971672,53.39971857054825,-0.1037296931112194,0.4392561166006739,-0.5429858097118934,84.27730683148359,74.44860564410236,20.226861136565155,0,77.68836240096081,78.98397649436916,2.573899491808472
2026-01-29,79.38673612977857,82.54085450136995,79.35761497134193,82.1041259765625,71597178,77.76492140028212,79.55965874411844,76.51871826171875,70.93231832504273,78.49767538112819,78.45036897033907,60.25308336605378,0.2420745679389142,0.3998198068683219,-0.1577452389294077,84.46492743499671,74.39976601593104,19.42103887861564,0,78.17361300959938,78.98397649436916,2.4428828686756856
2026-01-30,81.03658158966296,81.03658158966296,77.51367657652693,78.81414031982422,44472018,77.59993743896484,79.462608684193,76.63420745849609,71.02532487869263,78.56096836886739,78.48343909301954,51.30889351047338,0.2477961495012124,0.3694150753949001,-0.1216189258936876,84.28297233326182,74.34394874828115,18.145013166165946,0,78.17361300959938,78.98397649436916,2.509430567968576
2026-02-02,78.35800052438418,79.48378167336587,76.10644563073237,79.037353515625,18052520,77.60532887776692,79.38629219748758,76.7696890258789,71.1087755393982,78.65624539821891,78.53379494962003,51.83133408155927,0.2672611632164319,0.3489842929592065,-0.0817231297427746,83.96526232313214,74.3617747252077,17.47632731787874,0,78.17361300959938,78.98397649436916,2.5496370297376987
2026-02-03,81.42477787606738,82.00707515369282,78.42593541961338,79.24115753173828,35389808,77.90834045410156,79.29762372103605,76.92768600463867,71.19037385940551,78.77322782492278,78.5981006389035,52.33422233382256,0.2957236890568566,0.3383321721787365,-0.0426084831218799,83.73590583387322,74.37179832872444,16.565357645109106,0,78.17361300959938,78.98397649436916,2.710462375924397
2026-02-04,79.27997797628215,83.84131526859647,79.24115717070912,83.34635925292969,73789115,78.68905131022136,79.35717669400302,77.1866146850586,71.29187602996826,79.68785411052417,79.02976051290588,61.13584175310956,0.6421337974421988,0.399092497231429,0.2430413002107697,84.11184048298306,74.19093280192907,16.322322006239265,0,78.82384339321264,78.98397649436916,2.8775263836838647
2026-02-05,83.58898667142178,83.598693724234,80.94923843851186,82.1041259765625,36179651,79.37594774034288,79.38761485706677,77.41759323120117,71.37778717041016,80.17110848373184,79.30924828232921,57.66585378332416,0.8071244324220146,0.4806988842695462,0.3264255481524684,83.78919374927408,74.36218106762045,16.096646055860127,0,78.82384339321264,78.98397649436916,3.066773189806874
2026-02-06,82.00707942101535,82.85141533031067,80.67749452106314,81.59947204589844,28578193,80.20841979980469,79.396878675981,77.60761672973632,71.46055294036866,80.45678119616517,79.51745044265368,56.26860604844639,0.8869353065848742,0.5619461687326118,0.3249891378522623,84.0435960231705,74.34943376198575,15.765905280900984,0,79.00338269838105,78.98397649436916,3.101433839400669
2026-02-09,82.49232905803036,83.09404047671187,81.32773443305358,81.97796630859375,26901417,80.81552124023438,79.32232666015625,77.80676300048827,71.54449333190918,80.76101821865089,79.74113370319368,57.10802933327997,0.969550943405153,0.6434671236671201,0.3260838197380329,84.36150517357792,74.41875300513301,15.548655130467044,0,79.97388044966442,78.98397649436916,3.0882631551843454
2026-02-10,82.58937834272072,83.11344815138781,80.80366557628064,82.56026458740234,46795269,81.19832950168185,79.47584221579812,78.02318420410157,71.63177593231201,81.12086749240119,79.99741832903084,58.43004952180165,1.0696804253384755,0.7287097840013912,0.3409706413370843,84.72001348271114,74.38147958979862,15.089279310104049,0,79.97388044966442,78.98397649436916,3.0016115659176146
2026-02-11,82.97757965892339,83.53076322714372,81.91974038459293,82.93875885009766,36201965,81.2910664876302,79.69552751020952,78.218642578125,71.73564289093018,81.48444576394049,80.2648129218551,59.307999170494405,1.166132633844967,0.8161943539701063,0.3499382798748606,85.10009650066579,74.32554284259592,14.836090806330748,0,79.97388044966442,78.98397649436916,2.9433814131306866
2026-02-12,83.36577908985836,83.54046902479243,81.91973915331715,82.23999786376953,28926197,81.67171732584636,79.82698579268022,78.38653884887695,71.83237897872925,81.63555618390629,80.44437518930187,56.91802104546532,1.1726697255450205,0.8874894282850891,0.2851802972599313,85.21283068829672,74.29918331927163,14.605210872416132,0,79.97388044966442,78.98397649436916,2.878219243296502
2026-02-13,81.5,81.9000015258789,79.16000366210938,79.43000030517578,31361483,81.71534474690755,79.8148359818892,78.49901138305664,71.91573505401611,81.1944450081602,80.35215929074495,48.46070835629451,0.940268271626806,0.8980451969534327,0.0422230746733733,85.06302190245044,74.25436701356519,14.087668083625154,0,81.13362534410493,78.98397649436916,2.9179836026559136
2026-02-16,79.31999969482422,80.63999938964844,78.44999694824219,80.45999908447266,15298184,81.85077158610027,79.7731881575151,78.63363677978515,72.0079738998413,81.0475558234227,80.36196290835656,51.316210078898976,0.8296371972857628,0.8843635970198988,-0.0547263997341359,85.07556574851998,74.25792347877496,13.904608409381368,0,81.14565610841933,78.82384339321264,2.865755208673345
2026-02-17,80.38999938964844,80.38999938964844,78.55000305175781,79.02999877929688,14967133,81.37117597791884,79.66654031926936,78.73015121459962,72.09110067367554,80.64404441459753,80.24087526026021,47.39049037895968,0.6194317762662536,0.8313772328691698,-0.2119454566029162,85.07656911408282,74.26103693450116,13.734624426154992,0,81.0243453362381,78.82384339321264,2.777582688940949
2026-02-18,79.38999938964844,80.30000305175781,78.86000061035156,80.08999633789062,12495946,81.14738379584418,79.65704033591531,78.88280349731446,72.17593820571899,80.53323479925615,80.22715899459025,50.41837214407024,0.5322400775631024,0.7715498018079564,-0.2393097242448539,85.04869877735614,74.64650157054426,13.576782156016217,0,80.99523298651731,78.82384339321264,2.6357354156846133
2026-02-19,80.5,81.05000305175781,78.7300033569336,79.22000122070312,17807737,80.88299814860027,79.6675480929288,79.01475616455077,72.2640348815918,80.27058808354555,80.13559919696415,47.9776931954976,0.3884607592301421,0.6949319932923935,-0.3064712340622514,84.93486695711292,75.05033735807262,12.98413973926004,0,80.99523298651731,78.82384339321264,2.4735604367409456
2026-02-20,79.0,80.3499984741211,78.47000122070312,80.12999725341797,31810356,80.67766825358073,79.8319091796875,79.17306091308593,72.35007740020752,80.24246991752004,80.13508992936903,50.66774222157369,0.3439785180265176,0.6247412982392183,-0.2807627802127007,84.75879640136739,75.64720182861308,12.572374698440232,0,80.99523298651731,78.82384339321264,2.366607666082693
2026-02-23,81.0,81.0,78.0999984741211,78.91000366210938,17173430,80.27208370632596,79.94963836669922,79.2894970703125,72.43935192108154,79.97597666643792,80.02371845052724,47.14780587808757,0.2078863500500603,0.5413703086013868,-0.3334839585513265,84.05445496967808,76.83182127543911,11.789855968926432,0,80.82023374945676,78.82384339321264,2.317954936925512
2026-02-24,79.0,81.05000305175781,78.51000213623047,80.80000305175781,28891427,80.03444417317708,80.17136313698508,79.39268478393555,72.53568359375,80.14078194350189,80.09428977791184,52.63725676399644,0.2496615389857481,0.4830285546782591,-0.2333670156925109,83.75985645046836,77.55501476535196,11.03194731692824,0,80.82023374945676,78.82384339321264,2.170800852471225
2026-02-25,81.0,82.13999938964844,80.4000015258789,81.86000061035156,26680650,79.99222225613065,80.52376209605823,79.50523239135742,72.6191777420044,80.48462567687183,80.25480894449727,55.43305987697064,0.3641044519259111,0.4592437341277895,-0.0951392822018784,83.85234578926682,77.73702646415114,10.823779916780213,0,80.11999893188477,78.82384339321264,2.105839608046039
2026-02-26,82.30999755859375,83.55999755859375,81.7300033569336,82.55999755859375,29910648,80.33999972873264,80.79857774214311,79.65895401000977,72.71033535003662,80.89970005321622,80.46437154577876,57.22861607794789,0.5054585767168618,0.468486702645604,0.0369718740712577,83.9226669853004,77.71229242632069,11.37991319377858,0,80.82999801635742,78.82384339321264,2.0812734217897977
2026-02-27,82.30999755859375,83.26000213623047,80.75,81.73999786376953,16829779,80.48222181532118,80.91789627075195,79.79375228881835,72.7838496017456,81.06775961532689,80.58033757468702,54.460586494865055,0.5450328176159189,0.483795925639667,0.0612368919762518,83.94476613448649,77.98277903152913,11.233546922226894,0,80.82999801635742,78.82384339321264,2.134394571259239
2026-03-02,78.9800033569336,82.19999694824219,78.8499984741211,81.26000213623047,22982057,80.72999996609158,80.87952700528231,79.93389633178711,72.85486820220947,81.10620811950761,80.64212526210007,52.84918363178194,0.5315368193414969,0.493344104380033,0.0381927149614638,83.91594579115109,78.23386423692507,10.861130187914329,0,80.82999801635742,78.82384339321264,2.20869570690309
2026-03-04,80.0,80.37999725341797,76.0,76.70999908447266,31337830,80.35444471571181,80.78388422185725,79.98711639404297,72.90213180541993,80.22696631250062,80.28465924595213,40.589169261499,0.1519424254610157,0.4250637685962296,-0.2731213431352138,84.31096264954503,77.58573153380458,11.75636114506688,0,79.77999877929688,79.00338269838105,2.4693370850230667
2026-03-05,77.48999786376953,79.48999786376953,77.36000061035156,78.44000244140625,20259988,80.26777818467882,80.75673190030184,80.03184646606445,72.95809322357178,79.86957353828174,80.11696317281158,45.74298117402364,-0.0091861615043171,0.3382137825761203,-0.3473999440804374,84.04484832092945,77.36121018126781,12.587647033851391,0,79.77999877929688,79.92065763429824,2.552142007010324
2026-03-06,78.0,81.91000366210938,77.94999694824219,79.79000091552734,32383963,80.23000081380208,80.78167932683772,80.04515258789063,73.02549461364747,79.85365901373086,80.08723933124028,49.42961667304195,-0.0276296358463952,0.2650450988916172,-0.2926747347380124,83.8848380040731,77.28980799202064,12.002031978793053,0,79.77999877929688,79.92065763429824,2.6150000435965404
2026-03-09,79.0,79.37000274658203,76.48999786376953,79.12999725341797,27385520,80.25444454616971,80.5900265086781,80.04719955444335,73.085432472229,79.70892666166829,80.00021732416553,47.72237852960612,-0.0944146484952312,0.1931531494142475,-0.2875677979094788,83.7866274908649,77.1410710259808,12.079488134231962,0,79.77999877929688,79.92065763429824,2.6942858014787947
2026-03-10,80.0999984741211,80.6500015258789,79.12999725341797,79.66999816894531,17656054,80.12888844807942,80.47938433560458,80.03714279174805,73.14309326171875,79.70114096312369,79.97019740096368,49.26633804297169,-0.1025861420840783,0.1340052911145823,-0.2365914331986607,83.60955739204002,77.08734431084085,11.512529683052744,0,79.77999877929688,79.92065763429824,2.666429247174944
2026-03-11,80.05000305175781,81.08999633789062,79.44999694824219,79.7300033569336,13889368,79.89222208658855,80.39440848610617,80.06264175415039,73.19483280181885,79.70691344188567,79.94836157877913,49.4450127510045,-0.103032497938571,0.0865977333039517,-0.1896302312425227,83.305501591275,77.10837398855898,10.774463294525068,0,79.77999877929688,79.92065763429824,2.680714743477957
2026-03-12,79.30000305175781,81.5999984741211,77.54000091552734,80.87000274658203,20967907,79.7044448852539,80.34404650601473,80.06105697631835,73.24868309020997,79.93953130282495,80.03214713948847,52.84294012273077,-0.0112679251695624,0.0670246016092488,-0.0782925267788113,82.94559094920191,77.2614090202805,10.917615580296353,0,79.63000106811523,79.92065763429824,2.805000305175781
2026-03-13,80.4000015258789,81.25,78.25,78.58999633789062,21709925,79.35444471571181,80.16357976740056,80.01853057861328,73.29352615356446,79.66962430983808,79.9010425211614,46.16047785785897,-0.1211250483353723,0.0293946716203246,-0.1505197199556969,82.65202938597214,77.1899704309224,11.050542702798252,0,79.0999984741211,79.799346862117,2.885000501360212
2026-03-16,78.58999633789062,78.95999908447266,76.61000061035156,77.55999755859375,17446342,78.9433330959744,79.91909061778675,79.94589324951171,73.34221622467041,79.24769895958923,79.68822025183707,43.48515680096762,-0.2879802463341434,-0.0340803119705689,-0.2538999343635744,82.75059782143042,76.90440172080592,11.825965716979477,0,78.95500183105469,79.77999877929688,2.845714569091797
2026-03-17,78.19999694824219,79.5,76.91000366210938,79.22000122070312,22084741,79.22222222222223,79.78181804310192,79.88956939697266,73.39236282348632,79.24215941181201,79.64565488537033,48.65049641149936,-0.2830034825884553,-0.0838649460941462,-0.199138536494309,82.68471047338782,76.84628928247155,12.234431074861694,0,79.20000076293945,79.77999877929688,2.849285670689174
2026-03-18,79.22000122070312,79.9800033569336,78.26000213623047,79.48999786376953,15877573,79.33888838026259,79.78454520485617,79.85067962646484,73.44921936035156,79.29172710220352,79.63150424704298,49.459608990541575,-0.2543410040520513,-0.1179601576857272,-0.136380846366324,82.69050873394413,76.88649093036251,12.335659738034112,0,79.20000076293945,79.77999877929688,2.847857339041574
2026-03-19,78.19999694824219,78.9000015258789,77.5,77.94000244140625,22414516,79.13333299424913,79.66999990289861,79.78156631469727,73.50024013519287,79.02138217004408,79.47773135562146,45.06916031319082,-0.3526325317228611,-0.164894632493154,-0.187737899229707,82.69317833806615,76.66882193659207,12.759335239371422,0,79.04499816894531,79.77999877929688,2.8592861720493863
2026-03-20,78.01000213623047,81.31999969482422,78.01000213623047,79.77999877929688,39390638,79.20555538601346,79.70409081198953,79.70480407714844,73.56084373474121,79.17310549189465,79.50521021231923,50.6675385603716,-0.2788426243771198,-0.1876842308699472,-0.0911583935071725,82.7135363768444,76.70446365367319,11.851713354429858,0,79.10499954223633,79.77999877929688,2.921428680419922
2026-03-23,78.75,78.76000213623047,74.55000305175781,75.08999633789062,35184834,78.69666629367404,79.4768180847168,79.62294555664063,73.59962448120118,78.35648366109385,79.10382713282573,39.59141449735187,-0.5919835740688058,-0.2685440995097189,-0.3234394745590868,83.09212857472225,75.8218713642426,12.377671398511277,0,78.07500076293945,79.05500030517578,3.0557141985212053
2026-03-24,77.44999694824219,77.44999694824219,74.91999816894531,76.7699966430664,22852797,78.36777665879991,79.36545424027877,79.59623184204102,73.64465167999268,78.03918625748837,78.89166072466578,44.28945131462368,-0.6965585550489095,-0.354146990617557,-0.3424115644313524,83.17399753481523,75.52600170224532,12.866061010872592,0,78.07500076293945,79.05500030517578,2.8607139587402344
2026-03-25,77.31999969482422,78.73999786376953,77.25,77.8499984741211,21760094,78.03222062852647,79.2618179321289,79.56627349853515,73.68699119567871,78.00134870081492,78.79696415643446,47.13574481804752,-0.6843985387520632,-0.4201973002444583,-0.2642012385076049,83.01857142442242,75.38642735487446,12.665000596780391,0,77.93500137329102,79.05500030517578,2.802856990269252
2026-03-27,77.58999633789062,78.29000091552734,76.55000305175781,77.19999694824219,25794674,77.87777625189887,79.18409035422586,79.51632751464844,73.71885433197022,77.84107835030038,78.65178531932607,45.62490377243181,-0.7189240204841525,-0.4799426442923972,-0.2389813761917553,82.6696656042958,75.26933280879013,12.754502165888992,0,77.93500137329102,79.05500030517578,2.644284929547991
2026-03-30,76.5,78.41999816894531,76.08999633789062,76.2699966430664,20168817,77.73444281684027,78.97818097201261,79.4142024230957,73.74448822021485,77.52686200885358,78.43525907602972,43.47762885946826,-0.8119690915363265,-0.5463479337411831,-0.2656211577951434,82.13277156065598,75.17722676087723,13.019153287605167,0,77.93500137329102,79.05500030517578,2.5749991280691966
2026-04-01,78.55999755859375,79.4800033569336,77.73999786376953,78.16999816894531,27161656,77.61777581108942,78.81045358831233,79.35007736206055,73.7814406967163,77.65548924087193,78.41114444811296,48.781224690801,-0.7240473691676357,-0.5818878208264736,-0.142159548341162,81.63982664411604,75.31317170793473,12.69701465066648,0,77.93500137329102,79.05500030517578,2.695713588169643
2026-04-02,78.0,78.5,75.61000061035156,78.08000183105469,27259464,77.46110958523221,78.60681741887873,79.30569747924805,73.82526519775391,77.74039175890849,78.38104057383492,48.548852267694,-0.654090771825409,-0.5963284110262607,-0.0577623607991483,81.19884550186055,75.43615281967266,13.23904691686145,0,77.93500137329102,79.05500030517578,2.784999302455357
2026-04-06,78.68000030517578,82.29000091552734,78.0199966430664,81.4000015258789,52439160,77.84555392795139,78.5913630398837,79.3539208984375,73.89550022125245,78.47231371230257,78.65549156947529,56.73637759365743,-0.3269841655248484,-0.5424595619259782,0.2154753964011297,81.63858154168297,75.46541702399087,12.544312279324728,0,78.42000198364258,79.05500030517578,2.799999782017299
2026-04-07,80.9800033569336,81.91000366210938,80.62000274658203,81.73999786376953,13939494,78.0633316040039,78.61318102749911,79.45843978881835,73.96676525115967,79.12585054259597,78.93590123259295,57.48256096364648,-0.0398555306083494,-0.4419387556624525,0.402083225054103,82.1154350986865,75.31856300922365,11.899201544469197,0,78.42000198364258,79.05500030517578,2.677856990269252
2026-04-08,83.25,84.30000305175781,82.5999984741211,82.91000366210938,23422589,78.93222130669488,78.89499941739169,79.59024063110351,74.05287731170654,79.88268116649866,79.29718327163991,60.03690980535212,0.2788907915511345,-0.2977728462197351,0.5766636377708696,82.73380711478377,75.01219126778459,12.171355640223991,0,79.61000061035156,79.42500305175781,2.692857469831194
2026-04-09,83.0,85.0,82.51000213623047,84.44000244140625,25196614,79.78444417317708,79.16772669011897,79.76059951782227,74.14726146697998,80.79414542148018,79.76471228707321,63.15427690455185,0.6474937580695581,-0.1087195253618764,0.7562132834314346,83.73411289884436,74.54288600252283,12.654916976023332,0,80.30500030517578,79.7750015258789,2.6857147216796875
2026-04-10,85.0,86.30000305175781,83.91000366210938,85.06999969482422,23342535,80.58666653103299,79.40772663463245,79.97985504150391,74.2517826461792,81.649316276149,80.2470111423233,64.38618864282424,0.9791626009641164,0.108856899903322,0.8703057010607942,84.71511114324608,74.101887910709,13.516310271624686,0,80.95500183105469,80.42500305175781,2.7335717337472096
2026-04-13,83.75,86.4000015258789,83.12000274658203,85.80999755859375,29197819,81.5433332655165,79.71136301214045,80.16577392578125,74.35569675445556,82.48145253263795,80.75273718016606,65.83128769087554,1.2868897279660985,0.3444634655158773,0.9424262624502212,85.74378780287515,73.68121067124594,13.919451381339922,0,81.00500106811523,80.47500228881836,2.825714656284877
2026-04-15,87.0,87.97000122070312,86.62999725341797,87.16999816894531,21574292,82.75444454616971,80.05227210304953,80.32687408447265,74.4661237335205,83.41916165989943,81.33612454278236,68.3713974631589,1.621811147064463,0.5999330018255945,1.0218781452388686,86.91116506338375,73.14383295297367,14.796271966167984,0,81.79000091552734,81.26000213623047,2.738572256905692
2026-04-16,87.5999984741211,88.66000366210938,85.8499984741211,87.16000366210938,40443893,83.75333404541016,80.38999938964844,80.4279916381836,74.56946586608886,84.16733006034141,81.86556809908481,68.33119526127531,1.8649345073846604,0.8529333029374078,1.0120012044472526,87.99832952728302,72.91366922149628,15.20945964096684,0,82.13500213623047,81.6050033569336,2.565715789794922
2026-04-17,87.5,90.1500015258789,87.26000213623047,89.77999877929688,41324296,85.05333370632596,80.7949992093173,80.64730880737305,74.6880615234375,85.28986380413251,82.5850617972859,72.83971078712617,2.2431654171845565,1.1309797257868377,1.1121856913977188,89.54353983617453,72.59045903467508,16.068771004880265,0,84.08499908447266,82.35000228881836,2.5985728672572543
2026-04-20,89.9000015258789,90.16999816894533,88.12999725341797,88.9000015258789,30415217,85.88666703965929,81.26363580877131,80.84456176757813,74.79493511199951,86.01189134848178,83.159147227158,69.2725038739775,2.4437378258185447,1.3935313457931793,1.0502064800253654,90.66495809818556,72.43704080318162,16.87299333395942,0,85.39500045776367,82.36000061035156,2.6035728454589853
2026-04-21,89.83000183105469,89.94000244140625,87.41999816894531,88.47000122070312,24339172,86.63444519042969,81.75954506613992,81.02913864135742,74.90272151947022,86.50351332292605,83.6419521356621,67.53212956471327,2.5387305680582983,1.6225711902462032,0.9161593778120952,91.56031216046526,72.43968707659528,17.217478789038978,0,86.34000015258789,82.36000061035156,2.659287588936943
2026-04-22,88.43000030517578,89.94999694824219,88.05000305175781,88.58999633789062,18410428,87.26555548773871,82.18545393510298,81.13401138305665,75.01067722320556,86.92080992591897,84.09177433586468,67.77543306754214,2.5937959387846377,1.8168161399538905,0.7769797988307474,92.32423962107455,72.74075900563442,17.541106148867883,0,86.34000015258789,82.36000061035156,2.628572736467635
2026-04-23,88.41000366210938,88.54000091552734,86.62999725341797,87.30999755859375,25119407,87.58444383409288,82.5409084666859,81.23812881469726,75.12204349517822,86.99864745245392,84.38434008338551,62.40345925586607,2.505271230449281,1.9545071580529685,0.550764072396313,92.83328666322944,72.98471184140922,17.03289257576769,0,86.64500045776367,82.36000061035156,2.5392864772251684
2026-04-24,87.5,89.98999786376953,86.69999694824219,89.29000091552734,34794839,88.05333285861545,83.05681748823686,81.39193939208984,75.24297477722168,87.45691814506861,84.83030924994385,66.78865607171929,2.565313151475266,2.076668356737428,0.488644794737838,93.21431524702562,74.02368371537672,17.154581376881094,0,86.64500045776367,82.36000061035156,2.5678580147879475
2026-04-27,90.25,91.1999969482422,89.80999755859375,90.41999816894533,37668047,88.56555514865451,83.54045382412997,81.56078002929688,75.3645789718628,88.04953414984395,85.33846278803489,69.01020580197898,2.673262435725832,2.195987172535109,0.4772752631907231,93.78679586015572,74.8162032548345,17.714294660056723,0,88.52499771118164,82.875,2.3992859976632275
2026-04-28,90.83999633789062,91.86000061035156,90.5500030517578,90.9000015258789,29317759,88.97999996609158,84.25909042358398,81.7275747680664,75.48992317199708,88.61962762505094,85.84405721874798,69.93033692656306,2.7656644226778013,2.309922622563647,0.4557418001141542,94.36580362324898,75.54219579691704,18.465765775080555,0,88.85499954223633,83.20500183105469,2.4100003923688624
2026-04-29,91.5,92.7699966430664,89.93000030517578,91.7300033569336,27064617,89.48777770996094,84.93909072875977,81.90339965820313,75.62176235198974,89.24170277142747,86.3791432313103,71.50579562897202,2.8727525707992214,2.422488612210762,0.4502639585884593,94.81111208764224,76.54988797339293,19.47290244960949,0,89.69999694824219,83.65999984741211,2.42999976021903
2026-04-30,92.04000091552734,92.06999969482422,89.75,90.37000274658205,23931554,89.55333370632596,85.50818183205344,82.06599975585938,75.74680152893066,89.4673627664584,86.74194864178955,65.45431713648718,2.81542554333582,2.5010759984357738,0.3143495449000464,94.5868059656,78.18419470578672,20.287921985160462,0,89.69999694824219,83.65999984741211,2.417857033865793
2026-05-01,90.37000274658205,90.37000274658205,90.37000274658205,90.37000274658205,0,89.71666717529298,86.1068184592507,82.2847998046875,75.87370708465576,89.64789076248313,87.07177174222524,65.45431713648718,2.738426584003122,2.5485461155492435,0.1898804684538784,94.40007233431344,79.59092879483694,21.04472583960066,0,89.69999694824219,83.65999984741211,2.247142791748048
2026-05-04,91.0,91.70999908447266,88.30000305175781,89.08999633789062,19723503,89.78555552164715,86.68954571810636,82.45739974975587,75.99043193817138,89.53631187756464,87.25524670546754,59.919178431558215,2.544783850111756,2.547793662461746,-0.0030098123499899,93.68939709791933,81.40260348191467,20.39405854197168,0,89.69999694824219,83.84499740600586,2.256428309849331
2026-05-05,89.0,89.63999938964844,87.95999908447266,88.83000183105469,12339321,89.81222279866537,87.17409133911133,82.65339981079102,76.10413398742676,89.39504986826265,87.3984062623391,58.830918713595295,2.34332876916595,2.506900683802587,-0.1635719146366367,93.35395434572098,82.48104626463058,19.590235002935184,0,89.69999694824219,84.18999862670898,2.2221423557826463
2026-05-06,90.0,90.8499984741211,88.5,89.18000030517578,14607779,90.02000088161894,87.67863672429866,82.83519989013672,76.21949031829834,89.35203995564527,87.56036935714243,59.88709753233601,2.18670909662643,2.442862366367356,-0.2561532697409259,92.90186578824948,83.67713506624273,19.41062905609398,0,89.7349967956543,84.18999862670898,2.189284733363561
2026-05-07,89.69999694824219,90.88999938964844,89.13999938964844,90.13999938964844,19540926,90.11444515652128,88.07590935447,83.05359985351562,76.34486297607423,89.5096318424459,87.79488117827934,62.71273329433084,2.1156627377385746,2.3774224406416,-0.2617597029030252,92.56918485272088,84.73281557452522,19.26221172828306,0,90.36499786376952,84.18999862670898,2.1007134573800235
2026-05-08,90.05000305175781,90.5,88.66999816894531,88.80000305175781,12944581,89.934445699056,88.39681868119673,83.22699996948242,76.46037715911865,89.3677060843083,87.88625589405011,56.70799781208105,1.928995224615932,2.2877369974364665,-0.3587417728205349,92.24887974855896,85.4891207397223,18.808089791730183,0,90.36499786376952,84.18999862670898,2.0857135227748325
2026-05-11,88.01000213623047,88.30000305175781,86.58999633789062,86.79000091552734,13097856,89.4777789645725,88.57318219271573,83.38459991455078,76.56143856048584,88.85216505055212,87.78659635054804,49.1117192881804,1.6004208462066742,2.1502737671905083,-0.5498529209838341,91.99868034163254,85.91132026871904,17.77236152705283,0,89.67999649047852,84.18999862670898,2.0635708400181363
2026-05-12,86.62000274658203,88.47000122070312,86.37999725341797,86.62000274658203,14380728,88.91000111897787,88.67227311567827,83.50099990844727,76.65265296936035,88.4057325897581,87.68054238655112,48.51973875164655,1.311191255956416,1.98245726494369,-0.671266008987274,91.8803907725726,86.11061035657778,16.922063039219147,0,89.2249984741211,85.3949966430664,2.077142987932478
2026-05-13,86.5,91.8000030517578,86.41999816894531,91.11000061035156,42008503,88.99222310384114,88.9468186118386,83.68599990844727,76.76406810760498,88.9465861938768,87.99231131598752,61.66353748072628,1.4278209934005872,1.8715300106350692,-0.4437090172344822,92.0905864493578,86.2944149239332,16.941196318845368,0,89.09000015258789,86.69499969482422,2.3214291163853225
2026-05-14,92.0,93.77999877929688,91.62999725341795,93.20999908447266,39823561,89.30777825249567,89.28318231756037,83.89899993896485,76.88488258361816,89.79926877199597,88.466646567668,66.03181327712991,1.6704473498078016,1.831313478469616,-0.1608661286618145,92.7418258598233,86.24817505570404,17.682927284118573,0,90.07999801635742,88.14500045776367,2.277143205915177
2026-05-15,93.62000274658205,94.25,91.13999938964844,91.41000366210938,23322409,89.56555684407552,89.47590983997692,84.09240005493164,76.99267707824707,90.12141575001866,88.73422448534448,59.74753888350198,1.6979134090288284,1.8046334645814583,-0.1067200555526302,92.93341264728411,86.21958875652446,18.084385495537774,0,90.31499862670898,88.38000106811523,2.3628578186035134
2026-05-18,90.87000274658205,90.87000274658205,88.27999877929688,90.13999938964844,14568803,89.71111212836371,89.61136419122869,84.27,77.09522228240967,90.12513247794462,88.86202220391758,55.71834134030007,1.5987720786036448,1.763461187385896,-0.1646891087822513,92.98860112755852,86.28840006262703,16.998085700468796,0,90.31499862670898,88.68500137329102,2.483572278703961
2026-05-19,90.29000091552734,90.5500030517578,88.76000213623047,89.0199966430664,14073570,89.69333394368489,89.57681863958186,84.51619995117187,77.19743167877198,89.90410531096899,88.87638351656747,52.36456113522809,1.4135326738012566,1.6934754846689684,-0.2799428108677118,92.98459569671232,86.34740503570956,15.989378747904746,0,90.31499862670898,88.68500137329102,2.4085726056780112
2026-05-20,88.5,89.23999786376953,86.69000244140625,88.4800033569336,18893927,89.50888994004991,89.5577278137207,84.71699996948242,77.29995609283448,89.6192849201619,88.84034895660075,50.77761327883159,1.2092170640360962,1.596623800542394,-0.3874067365062978,92.98695941295932,86.33404202136687,15.53894935219996,0,90.31499862670898,90.04999923706055,2.4250008719308016
2026-05-21,89.19999694824219,89.6500015258789,87.9000015258789,88.16000366210938,11605971,89.43777889675565,89.54363701560281,84.88440002441406,77.39714767456054,89.32742866855139,88.77849938437426,49.81417473681394,1.009833438974411,1.4792657282287975,-0.4694322892543865,92.92303064644128,86.48297139823646,14.921850868079815,0,90.31499862670898,90.04999923706055,2.5500008719308016
2026-05-22,88.48999786376953,88.48999786376953,87.29000091552734,87.8499984741211,15440319,89.55555640326605,89.51000074906783,85.05880004882812,77.49154499053955,89.03194262966534,88.69409021071488,48.84724287948824,0.817383365152395,1.3468892556135172,-0.5295058904611223,92.9527054471406,86.30929635339653,14.608689105839227,0,90.31499862670898,90.31499862670898,2.392143794468469
2026-05-25,88.51000213623047,90.43000030517578,88.51000213623047,90.19000244140624,15033928,89.95222303602431,89.64091006192294,85.26920013427734,77.60372009277344,89.26355459201352,88.83008223168682,55.81856377372986,0.8439554657857684,1.2463024976479675,-0.4023470318621991,92.9312822006263,86.3077200271569,13.74449600773267,0,90.33499908447266,90.31499862670898,2.456429617745534
2026-05-26,90.5,91.05999755859376,89.58000183105469,90.66999816894533,17202008,89.90333387586806,89.70363720980558,85.48800003051758,77.71987442016602,89.54484330739987,88.99734731689213,57.10981113495859,0.8934465945097827,1.1757313170203303,-0.2822847225105478,92.90261262417768,86.31338926791217,13.218092151444212,0,90.47000122070312,90.31499862670898,2.394286564418247
2026-05-27,91.25,92.77999877929688,91.12999725341795,92.27999877929688,24144878,89.8000005086263,89.78818269209428,85.71619995117187,77.83757030487061,90.09187440177928,89.29577017711074,61.20538204044176,1.0504730649112304,1.1506796665985104,-0.10020660168728,93.01283281472725,86.25816861959893,13.427409440578542,0,90.47000122070312,90.31499862670898,2.420000893729072
2026-05-28,92.27999877929688,92.27999877929688,92.27999877929688,92.27999877929688,0,89.89666663275824,89.85090983997692,85.99,77.95478759765625,90.5294992772828,89.56706368640039,61.20538204044176,1.1615282988165347,1.152849393042115,0.0086789057744194,93.298448080145,86.16355295745264,13.621775494774704,0,89.73500061035156,90.31499862670898,2.2892864772251653
2026-05-29,93.0,93.0500030517578,87.38999938964844,87.98999786376953,50736815,89.65777757432726,89.68090959028764,86.19860000610352,78.05084201812744,90.02159899458016,89.42369406616122,47.25949165580114,0.8930783002237206,1.1008951744784363,-0.2078168742547157,93.2478245198642,85.97617602945219,13.619723993376509,0,89.87000274658203,90.31499862670898,2.535714830671035
2026-06-01,89.0999984741211,93.6999969482422,87.5,92.37000274658205,73822842,90.03000047471788,89.77181868119673,86.46160003662109,78.17051929473877,90.49127974498056,89.69154030983583,57.82545176193892,1.0219787956790896,1.085111898718567,-0.0631331030394775,93.60353113463104,85.9484700555545,13.330922693989844,0,90.19499969482422,90.31499862670898,2.829285757882253
2026-06-02,92.79000091552734,97.23999786376952,92.3000030517578,95.30999755859376,102137637,90.7888887193468,89.99636389992453,86.77800003051757,78.30695434570312,91.4550233077032,90.202309150632,63.16046442322049,1.345852231017659,1.1372599651783857,0.2085922658392736,94.62404477947292,85.57595598346653,13.039061409287308,0,92.26499938964844,91.80999755859376,2.797856467110769
2026-06-03,96.0999984741211,97.48999786376952,95.06999969482422,96.04000091552734,48441070,91.66444396972656,90.31227319890804,87.14,78.44904941558838,92.372018829268,90.73300840198613,64.36581887147597,1.642495763177692,1.238307124778247,0.4041886383994453,95.66042808898364,85.22557273499095,12.851638774070402,0,92.38999938964844,91.93499755859376,2.7799993242536254
2026-06-04,95.80999755859376,97.3499984741211,94.33999633789062,94.6999969482422,30790125,92.42555491129558,90.5790911587802,87.43839996337891,78.58305660247802,92.83761445306286,91.09364372437304,60.45558302702395,1.7492959831415504,1.3405048964509074,0.408791086690643,96.22064040979376,85.1213601700402,12.370258718364664,0,92.43999862670898,91.93499755859376,2.7728565761021184
2026-06-05,94.98999786376952,95.01000213623048,91.61000061035156,92.9000015258789,40684291,92.72666592068144,90.7481821233576,87.79460006713867,78.70021537780762,92.85009186762608,91.25785806996448,55.57184386542662,1.6694469937720982,1.4062933159151456,0.2631536778569525,96.43752627087376,85.31447415637234,12.078261660064186,0,92.43999862670898,91.93499755859376,2.792142050606863
2026-06-08,91.1500015258789,92.01000213623048,89.01000213623047,89.58999633789062,25424714,92.6066657172309,90.72318198464131,88.05100006103515,78.81140254974365,92.198072761679,91.1062342761396,47.907704917891714,1.3238162093978474,1.389797894611686,-0.0659816852138386,96.27731129601432,85.7546886734681,12.607288901171332,0,92.43999862670898,91.93499755859376,2.942141941615513
