Date,Open,High,Low,Close,Volume,SMA_9,SMA_22,SMA_50,SMA_200,EMA_9,EMA_21,RSI_14,MACD_Line,MACD_Signal,MACD_Hist,BB_Upper,BB_Lower,ADX_14,ST_Direction,Ichi_Tenkan,Ichi_Kijun,ATR_14
2024-12-18,11518.680379143005,11640.79558348988,11347.914752757242,11480.09375,74827,11470.802191840276,11171.833939985796,10805.92958984375,,11433.565232997338,11246.552756050733,58.14199711351208,216.931018425852,225.81981115980412,-8.88879273395213,11995.52048718302,10500.92228625448,17.134525653422518,0,11466.922228078682,11065.631490284442,316.0436476862324
2024-12-19,11182.297099092792,11987.939510120388,11126.225195287376,11901.119140625,556116,11496.660915798611,11237.529252485796,10836.192578125,,11527.07601452287,11306.058791012028,65.54007174044895,241.54514075548104,228.96487707893957,12.580263676541506,11994.940754650212,10658.122526599787,17.717249306366845,0,11501.265670856938,11099.974933062698,362.95558459675664
2024-12-20,12011.26737485144,12043.175302968644,11286.740459854696,11360.482421875,132859,11461.882052951389,11283.001331676136,10847.22140625,,11493.757295993297,11311.006393817754,52.66751138918812,214.9493428997157,226.1617702430948,-11.212427343379062,11956.0865362914,10764.7960808961,18.39289937798508,0,11528.883567281067,11127.592829486826,375.37182055951206
2024-12-23,11500.871617454244,11500.871617454244,11262.717531627886,11380.8896484375,314554,11464.386501736111,11330.545676491478,10862.11634765625,,11471.18376648214,11317.359416965002,53.04242123908254,193.2905410815256,219.58752441078096,-26.29698332925537,11956.985739243595,10792.772268568904,18.914261725994336,0,11584.700249128013,11127.592829486826,370.3530043891377
2024-12-24,11409.13468440028,11551.33127942239,11339.566789983206,11408.6708984375,183934,11469.8076171875,11363.563032670454,10875.9019140625,,11458.681192873211,11325.66046073523,53.58144953766256,176.33482124013426,210.93698377665163,-34.60216253651737,11936.60161063545,10864.83139717705,19.534914928208416,0,11584.700249128013,11127.592829486826,361.7001092735396
2024-12-26,11409.041370737988,11523.503193635102,11195.838437318454,11390.2109375,132983,11488.797092013889,11377.11190518466,10886.070859375,,11444.98714179857,11331.528685895664,53.1449023825131,159.5683222441421,200.66325147014973,-41.09492922600762,11923.143165049718,10916.39902245028,19.444648015706385,0,11584.700249128013,11132.508992361672,367.88170001872106
2024-12-27,11441.59980704423,11858.775284402816,11406.908254376343,11730.630859375,131029,11526.188693576389,11415.235085227272,10901.4555859375,,11502.11588531386,11367.810701666513,59.67034641299864,171.76973905219165,194.88454898655812,-23.11480993436649,11898.690612050108,11032.542102793645,20.266895023135344,0,11584.700249128013,11132.508992361672,374.2489017259668
2024-12-30,11743.014157767877,12262.50062367321,11674.420034005372,12007.8359375,296573,11576.633246527776,11460.631303267046,10926.93599609375,,11603.259895751087,11425.99481401501,64.05974728933981,201.4849893470764,196.20463705866183,5.280352288414576,11917.69055029394,11129.39587548731,21.85671721345279,0,11694.362909480293,11348.818989931797,402.1721421851048
2024-12-31,11929.5485521608,11954.546796344062,11437.007867115895,11863.134765625,202577,11613.674262152776,11508.331720525568,10950.8116796875,,11655.23486972587,11465.734809615918,60.36630836300129,210.92692969239036,199.1490955854076,11.777834106982766,11963.366274227214,11132.227573429038,22.35639627977506,0,11694.362909480293,11451.501078795996,395.88126464779
2025-01-01,11863.134621767676,11947.079878747016,11613.710175437727,11715.6044921875,71597,11639.842122395834,11547.709250710228,10970.23134765625,,11667.308794218196,11488.450235304244,56.7723242116921,204.1519388660145,200.1496642415289,4.002274624485523,11973.995691836002,11131.388780820247,22.82038398421716,0,11694.362909480293,11451.501078795996,403.5999876906687
2025-01-02,11770.887638965987,11839.991746854324,11696.774280387868,11732.25390625,116848,11621.079318576389,11563.808948863636,10997.16525390625,,11680.297816624558,11510.614205390222,57.08286223211625,197.84553818519453,199.68883903026207,-1.8433008450675457,11991.8238074302,11134.964376163553,23.25122970977054,0,11729.169530495832,11451.501078795996,391.44217199032977
2025-01-03,11789.439214453068,11871.853617990004,11529.950967384362,11611.3916015625,112999,11648.958116319443,11563.522283380682,11027.357734375,,11666.516573612147,11519.77578686043,54.04753587049254,181.0085385520997,195.95277893462963,-14.944240382529928,11995.768449470694,11138.175984123058,22.936614857925832,0,11729.169530495832,11451.501078795996,399.1012421420186
2025-01-06,11542.705546945452,11650.30389502048,11084.48499566041,11131.9306640625,91120,11621.296006944443,11545.963822798296,11041.95775390625,,11559.59939170222,11484.517139333344,44.04249985631707,127.50678555121704,182.26358025794715,-54.75679470673009,12007.606053365407,11072.692384134594,21.50169471655508,0,11673.49280966681,11518.147367368536,420.8891885373386
2025-01-07,11160.35920783414,11334.928417492512,11160.35920783414,11267.076171875,56206,11605.563259548611,11533.565962357954,11069.12537109375,,11501.094747736775,11464.749778655312,47.01958451830287,94.91722715037032,164.79430963643176,-69.87708248606145,11998.088494939171,11041.56834099833,20.169268870996525,0,11673.49280966681,11544.049858613533,421.67091431342953
2025-01-08,11241.24386734691,11241.24386734691,10720.272746857903,11112.171875,230698,11574.670030381943,11508.28329190341,11089.37982421875,,11423.310173189422,11432.697241959377,44.122009440359136,55.94538161950368,143.02452403304616,-87.07914241354248,12015.054048275424,10999.985014224576,20.132339903468274,0,11491.386685265556,11491.386685265556,439.8082424766052
2025-01-09,11112.171630861389,11121.540650354082,10806.212408395088,10877.681640625,92192,11479.897894965276,11472.110085227272,11103.04759765625,,11314.18446667654,11382.241278201704,40.09407757156254,6.068556519881895,115.63333053041332,-109.56477401053142,12061.39725822979,10905.42188239521,20.0980487193349,0,11491.386685265556,11491.386685265556,400.7806658427467
2025-01-10,10815.488436048494,11027.810007901982,10576.360579580807,10621.9501953125,96024,11325.910590277776,11438.637384588068,11111.59888671875,,11175.737612403733,11313.12390702996,36.21152210530024,-53.47811469728549,81.81104148487357,-135.28915618215905,12140.464928826916,10766.618664923086,20.61049019849867,0,11265.453687962436,11419.43060162701,378.9959933575487
2025-01-13,10518.43295193719,10574.272958823414,10003.862464925822,10061.232421875,122849,11125.69921875,11379.60791015625,11103.80447265625,,10952.836574297988,11199.315590197692,29.472469555594245,-144.25167533028252,36.598498121842354,-180.8501734521249,12314.545519121526,10459.250672284725,22.139822137450345,0,10975.47117183642,11133.181544299516,406.134110826143
2025-01-14,10119.76364134324,10209.830514147476,9817.513781990308,9968.7080078125,147770,10931.599609375,11322.762562144886,11101.2183984375,,10756.01086100089,11087.44217361722,28.52898438504233,-221.107533069604,-14.942708116446909,-206.16482495315705,12426.407996231956,10188.875499861795,23.834777019750085,0,10844.683699990155,11040.00720283176,419.0306995917133
2025-01-15,9971.398103291527,10044.583889842885,9689.044849550191,9786.2080078125,186595,10715.372287326389,11249.67626953125,11096.172421875,,10562.050290363211,10969.148158544063,26.71252888004456,-293.3608970184232,-70.62634589684217,-222.73455112158103,12522.98789964459,9917.93983473041,25.590238232865783,0,10780.449233770098,10975.7727366117,421.0217198757165
2025-01-16,9275.718234463946,10161.13173736833,9164.409615650378,9451.8173828125,929106,10475.419596354166,11154.130015980114,11084.05923828125,,10340.00370885307,10831.20899711392,23.731052577059742,-373.3015494339543,-131.16138660426458,-242.1401628296897,12634.841280212098,9603.258817444152,27.851080148924467,0,10407.35675533543,10713.455119661794,458.7472752196548
2025-01-17,9335.59298708911,9519.623602595811,9252.529109930249,9300.90234375,191124,10271.972005208334,11052.818048650568,11067.15515625,,10132.183435832458,10692.090210444474,22.509945064601368,-443.7177725401798,-193.67266379144763,-250.04510874873216,12660.45097689146,9317.62744107729,29.95043335669325,0,10249.669016571446,10713.455119661794,435.8196968623494
2025-01-20,9274.837289773148,9344.405179754742,9039.187838275206,9291.951171875,227279,10052.513671875,10953.35702237216,11038.521015625,,9964.136983040966,10564.804843301794,22.43620248738325,-494.5446189121212,-253.8470548155824,-240.69756409653883,12709.309229841365,9061.916063127384,32.12797380697769,0,10140.215852811058,10650.844230974208,416.84750194059455
2025-01-21,9291.95193370547,9521.525989467096,9023.697946776398,9058.5751953125,155630,9824.336263020834,10824.15047940341,11007.77388671875,,9783.024625495273,10427.874875302768,20.546303824480177,-547.3472731012516,-312.54709847271624,-234.8001746285354,12749.448446470407,8789.545401185842,33.43252888259207,0,10072.61929856524,10643.099285224804,428.59452618212384
2025-01-22,9179.205201445946,9308.13769381089,8793.381493666626,8898.3828125,268514,9604.414171006943,10712.236860795454,10972.06330078125,,9606.09626289622,10288.830142320696,19.341935058016418,-595.2581777404448,-369.089314326262,-226.16886341418285,12766.465449157597,8521.499589904903,34.92951862954536,0,9910.595750784303,10527.941058669918,455.1330071591101
2025-01-23,8969.620265407244,9489.06052896754,8951.115024851522,9328.3125,320690,9460.676649305557,10618.93789950284,10937.2589453125,,9550.539510316976,10201.51035665518,31.027322599911784,-591.715256984935,-413.61450285799657,-178.1007541269384,12710.534426851142,8371.240768461359,35.615607860000175,0,9683.82722624502,10527.941058669918,472.9026547206743
2025-01-24,9329.98149345094,9392.128807668889,9059.084314656851,9095.4453125,112936,9353.366970486111,10513.791281960228,10899.226640625,,9459.52067075358,10100.958989004708,28.60961959099424,-600.7725704159748,-451.04611636959226,-149.7264540463825,12594.563322363843,8223.693318261157,36.25269071685108,0,9501.60600390705,10527.941058669918,456.2759114101006
2025-01-27,9002.085407264054,9080.929019795476,8590.892959781277,8625.4912109375,194147,9204.120659722224,10388.122203480114,10853.5316796875,,9292.714778790363,9966.82555463496,24.466215616480795,-638.5115611727324,-488.5392053302203,-149.97235584251212,12428.02059537181,8052.001572596938,37.48125455092171,0,9376.012348574804,10426.696791727243,477.81552564500856
2025-01-28,8566.12589265195,8693.203233993943,8293.419773275698,8576.79296875,231027,9069.7412109375,10244.765935724432,10806.7440234375,,9149.530416782292,9840.458955918146,24.07708833017702,-664.6874215564003,-523.7688485754563,-140.91857298094396,12243.974593421066,7907.413394860184,38.951587036711,0,9227.275755322014,10277.960198474457,467.314099623662
2025-01-29,8627.253494132292,8927.879172291983,8627.253494132292,8845.7890625,182919,9002.404730902777,10101.03653231534,10774.543359375,,9088.782145925834,9750.03442015286,30.639375796018243,-656.1624109988024,-550.2475610601256,-105.91484993867688,12021.94817138598,7842.458273926521,39.44004890886894,0,8907.472881371397,10277.960198474457,469.8682397367326
2025-01-30,8845.370637108927,8915.356108645921,8311.043097692083,8343.13671875,278975,8895.986328125,9941.03662109375,10734.20416015625,,8939.653060490667,9622.134629116235,26.09970449897077,-682.1032602229188,-576.6187008926843,-105.48455933023456,11786.503921910296,7738.990804652207,40.2857962094692,0,8907.472881371397,10277.960198474457,480.7870670676371
2025-01-31,8402.920389739504,8615.288166261802,8366.559388577689,8461.357421875,155215,8803.698133680555,9793.11629971591,10696.73302734375,,8843.993932767535,9516.60942845794,28.772719329590476,-685.2233195056542,-598.3396246152784,-86.88369489037586,11510.034626392142,7700.4566822016095,41.07113298859801,0,8907.472881371397,10277.960198474457,456.0773325765745
2025-02-01,8440.904399052652,8516.269616901336,7615.225899267488,8249.12890625,134594,8713.759657118055,9634.792436079546,10648.06982421875,,8725.020927464027,9401.383926439035,26.892205642007085,-696.7889077171349,-618.0294812356497,-78.7594264814852,11315.080420069396,7607.130712743104,42.55969749466058,0,8552.143214117514,9938.86326147035,492.4149743963375
2025-02-03,8197.973265388238,8571.692365301371,8005.03830034304,8541.638671875,146156,8674.121419270834,9495.25821200284,10597.0598828125,,8688.344476346223,9323.225266933214,33.35722702733223,-674.5755393119762,-629.338692850915,-45.23684646106119,11013.14004702914,7636.527335783359,43.744885730222975,0,8552.143214117514,9784.886347805776,507.4946190153116
2025-02-04,8553.048038364637,8691.348645405393,8400.554856682385,8555.5517578125,108194,8588.259114583334,9378.150079900568,10550.3325,,8661.78593263948,9253.436766104058,33.65774075970596,-648.3745567623555,-633.1458656332031,-15.228691129152368,10691.532976427958,7702.472394665791,44.41223301265632,0,8503.677353468189,9781.152889007251,457.0711666585298
2025-02-05,8575.401665142212,8763.838246866377,8575.401665142212,8637.6884765625,117659,8537.397243923611,9258.632457386364,10502.90388671875,,8656.966441424083,9197.459648873008,35.50668795695286,-613.9056207133672,-629.297816649236,15.392195935868813,10370.302166786,7799.7038879015,44.76665948108068,0,8348.077459531482,9743.539758628744,452.8705949719808
2025-02-06,8705.076612563496,8790.042742362382,8562.880021025212,8601.9775390625,102307,8534.784613715277,9144.53271484375,10458.66892578125,,8645.968660951767,9143.324911617508,35.049323431643415,-582.7527043420705,-619.9887941878029,37.23608984573241,10061.434423363942,7906.574365698557,44.99595415986221,0,8271.552535779736,9743.539758628744,447.2952649618118
2025-02-07,8657.909436737262,8825.753743894838,8554.623767904504,8768.05859375,111132,8556.036349826389,9048.640758167614,10417.04412109375,,8670.386647511414,9109.209791811369,38.98562195506574,-538.4554611776111,-603.6821275857645,65.22666640815339,9872.640367559572,7966.051038690428,45.06571608475067,0,8271.552535779736,9632.764897143985,431.1025459117858
2025-02-10,8747.095543910411,8785.683079032118,8572.619629219154,8615.4736328125,77774,8530.445746527777,8957.437278053978,10361.7923828125,,8659.404044571631,9064.324686447835,36.78018533574893,-509.7854189876216,-584.9027858661359,75.1173668785143,9674.551337223063,8028.816631526935,45.13049501500424,0,8265.291003956705,9475.07715838,409.5530637452644
2025-02-11,8580.040895893198,8662.826695888709,8369.296358883883,8473.3701171875,79790,8544.916124131945,8885.26171875,10298.9058203125,,8622.197259094806,9010.601543787803,34.80542312878892,-492.8495077605621,-566.4921302450211,73.64262248445903,9496.843682886363,8075.240496801133,45.507442892631815,0,8220.489821581163,9428.2348833072,388.32825092649904
2025-02-12,8509.545527369999,8509.545527369999,8256.318371388747,8389.2392578125,106087,8536.902994791666,8813.46768465909,10236.32626953125,,8575.605658838345,8954.114063244593,33.6533901792845,-480.67540646146335,-549.3287854883097,68.65337902684632,9391.080804282645,8074.7455629048545,46.023327003398485,0,8220.489821581163,9368.383274810783,382.6270125671573
2025-02-13,8348.14704089963,8528.559774172405,8273.013717531534,8350.60546875,61745,8548.178168402777,8748.213023792614,10172.541796875,,8530.605620820676,8899.249645563266,33.11139905242757,-468.741408201211,-533.21131003089,64.46990182967897,9307.1143395918,8063.682340095703,46.41055974227507,0,8415.396022118939,9321.517953584736,364.8408485615964
2025-02-14,8440.90480549214,8461.497084096112,8171.908938064369,8313.78125,73852,8522.860677083334,8696.484108664772,10105.449609375,,8487.24074665654,8846.025245966606,32.572917370219955,-456.9871716502894,-517.9664823547698,60.97931070448044,9209.27129913263,8063.70838836737,46.92957640484647,0,8498.831340979603,9094.74942904545,356.96975465541766
2025-02-17,8264.665381256937,8312.899118611074,8045.897917532522,8159.9892578125,116078,8478.909288194445,8644.62442294034,10035.17955078125,,8421.790448887732,8783.658337952596,30.352794794462227,-454.8384880125268,-505.3408834863213,50.50239547379448,9165.906354919183,8017.214738830815,47.603823105886086,0,8435.82583071368,8912.528206707482,351.02669243581016
2025-02-18,8162.632430680033,8244.258754986835,8002.022999554973,8122.46875,126590,8421.662651909723,8591.466131036932,9970.46193359375,,8361.926109110185,8723.55019359327,29.818808331765894,-450.9647907655617,-494.4656649421694,43.50087417660768,9144.408822556965,7961.120864943034,48.29637712640557,0,8413.888371724905,8888.178818317909,325.16403132709763
2025-02-19,8094.038718564987,8277.512261978089,8069.875651372956,8156.51123046875,53084,8372.166395399305,8550.463223544035,9906.394541015625,,8320.843133381899,8672.001196945586,31.004816038444247,-440.0750034176908,-483.5875326372737,43.51252921958286,8986.12881899911,8002.220741547765,48.74721818787917,0,8413.888371724905,8888.178818317909,320.55582869090694
2025-02-20,8143.153494807391,8194.958021719985,8000.307425984024,8051.13818359375,117119,8292.508572048611,8511.952104048296,9843.03119140625,,8266.90214342427,8615.559104822692,29.35137667352893,-434.9338460905237,-473.85679532792375,38.92294923740002,8884.396571582567,7999.5222760736815,49.286203545379166,0,8392.995252508072,8568.375944367292,270.0991771267722
2025-02-21,8056.889399097449,8092.508521840687,7682.150357278963,7796.24169921875,185897,8201.482801649305,8442.312522194603,9771.073896484377,,8172.770054583166,8541.075704313243,25.77114001052844,-446.28298544427525,-468.3420333511941,22.059047906918863,8919.34186300818,7881.652033476195,50.26920313862024,0,8172.488526583837,8568.375944367292,258.9351842413002
2025-02-24,7743.8801453575825,7772.124890662969,7596.813802903654,7729.6884765625,101181,8118.851508246527,8380.232666015625,9694.590966796875,,8084.153738979033,8467.313229063175,24.91654375174238,-455.39800429008665,-465.7532275389726,10.355223248885975,8949.611727195595,7766.6717200700305,51.29478709344972,0,8062.686788538029,8559.169896185374,252.40904906930652
2025-02-25,7722.035948440585,7750.930175012864,7588.465596899991,7614.34521484375,80633,8032.752170138889,8334.271484375,9616.28255859375,,7990.192034151977,8389.770682315953,23.464289719063203,-466.55085185009466,-465.91275240119705,-0.6380994488976057,8929.247258504758,7663.89180399524,52.25843976397851,0,8058.512685536198,8538.763062933765,249.13605543066345
2025-02-27,7615.41167448783,7659.888929299159,7444.228457506709,7496.8681640625,110023,7937.892469618056,8285.18399325284,9536.618046875,,7891.527260134082,8308.597726111095,22.054368312144504,-479.3434076719668,-468.59888345535103,-10.744524216615789,8980.150181126839,7528.36202590441,53.3468830147557,0,7952.86277080141,8466.644493237125,248.31446617746911
2025-02-28,7420.575005752975,7422.893935442273,6998.529802300775,7201.5751953125,240082,7814.314019097223,8210.446999289772,9442.62716796875,,7753.536847169766,8207.959314220314,18.968940923189933,-507.4595966899915,-476.37102610227913,-31.088570587712358,9048.284351477196,7334.249632897805,54.83102730147712,0,7655.714460455925,8195.329304984833,264.5436365897113
2025-03-03,7236.684584544722,7315.760094633156,7010.635115301475,7269.19580078125,146378,7715.336968315973,8161.631503018466,9360.801435546877,,7656.668637892063,8122.617176634944,21.67135535488555,-518.3106982286581,-484.7589605275549,-33.55173770110321,9092.353759118452,7192.186914709672,56.20916128200415,0,7638.021032139432,8039.729411048125,271.11946012676253
2025-03-04,7225.785092553709,7346.415636841316,7068.561655687488,7081.50146484375,138586,7599.673936631944,8098.910777698864,9274.813671875,,7541.635203282401,8027.9702937448355,19.706762688725533,-535.8783664237262,-494.9828417067892,-40.89552471693702,9110.190534856123,7028.336418268877,57.28977454033594,0,7638.021032139432,7963.20448729638,269.9997204231198
2025-03-05,7082.7067349298895,7420.574780399976,7082.7067349298895,7346.78662109375,199318,7509.704535590277,8057.89521928267,9193.575986328126,,7502.665486844671,7966.04450532201,29.44264279210367,-522.3729844093359,-500.46087024729854,-21.91211416203737,9071.01801367359,6946.632425779535,57.80328363042355,0,7596.743912010381,7963.20448729638,276.1315889641893
2025-03-06,7466.953750593979,7494.78090742849,7214.654195294406,7258.1572265625,156271,7421.595540364583,7999.555153586648,9110.934912109376,,7453.763834788237,7901.691116343873,28.21187067584076,-512.9090273018719,-502.9505016582132,-9.958525643658676,9009.239274783373,6870.458039669753,57.79426800742408,0,7545.519162070731,7956.942955473349,277.88735007084733
2025-03-07,7190.537080467673,7207.1871765714095,6981.833411336452,7020.88427734375,307003,7335.444715711806,7929.797540838068,9016.73998046875,,7367.18792329934,7821.617767343861,25.17750025042413,-518.5768856049044,-506.0757784475514,-12.501107157352976,8957.503951631426,6764.084036649824,58.15651673938965,0,7376.97915099971,7903.793577615645,276.9398978704406
2025-03-10,7018.70458380537,7055.668414126844,6826.929095953682,6853.17919921875,186586,7238.054796006944,7848.683482776989,8913.646845703124,,7264.3861784832225,7733.577897514306,23.272226776838536,-530.4859901018117,-510.9578207784035,-19.52816932340818,8862.606241705202,6667.493807122923,58.70707520919185,0,7288.929635483273,7826.34141992426,274.143896849418
2025-03-11,6710.9828269245045,7016.153987955348,6679.816319895605,6987.0283203125,190559,7168.352918836806,7775.276700106534,8816.124716796876,,7208.914606849079,7665.709754132324,27.95803242415853,-523.0936379240839,-513.3849842075397,-9.708653716544177,8756.891015804795,6610.364501773331,59.40431566840024,0,7169.852624597383,7752.785031895222,280.8654620371238
2025-03-12,6982.761480217188,6996.165075755145,6615.350148625221,6767.75048828125,230330,7087.33984375,7684.353604403409,8717.16763671875,,7120.681783135514,7584.077093600408,25.238698610861093,-528.8329766599918,-516.4745826980302,-12.35839396196161,8678.422589073129,6518.27096561437,60.13001933436885,0,7055.065528026855,7720.55194626003,293.2353417888946
2025-03-13,6836.204600105119,6923.4425522684405,6754.021642823244,6797.24658203125,145595,7042.414442274306,7601.706920276989,8618.467490234376,,7055.994742914661,7512.547047094121,26.277447899397984,-524.9500582005458,-518.1696777985334,-6.780380402012384,8588.002312639994,6449.491974469382,60.80388702419685,0,7055.065528026855,7720.55194626003,291.4332213395542
2025-03-17,6811.160536300748,6947.513607094184,6808.841606525349,6939.81494140625,219002,7005.816569010417,7531.999866832386,8525.03595703125,,7032.75878261298,7460.480492031586,31.249685850258302,-504.5525742357322,-515.4462570859732,10.89368285024102,8471.552407034666,6424.862827340335,61.25006188415106,0,7055.065528026855,7720.55194626003,272.85528280392646
2025-03-18,6939.81494140625,6939.81494140625,6939.81494140625,6939.81494140625,0,6990.073621961806,7466.116943359375,8441.193642578124,,7014.170014371635,7413.147260156556,31.249685850258302,-482.82175261958673,-508.921356192696,26.09960357310922,8340.782622101322,6418.235981414305,61.664367111251394,0,7055.065528026855,7720.55194626003,258.61043306713384
2025-03-19,7049.500054780185,7136.738008484871,6843.39340292426,7118.97509765625,151859,6964.76123046875,7410.133744673295,8358.23162109375,,7035.131031028559,7386.404336292891,37.40278872246594,-446.0019596568554,-496.3374768855279,50.335517228672416,8221.151578656953,6433.765608843047,60.5776619942297,0,7055.065528026855,7700.516613828669,267.959006456258
2025-03-20,7229.031204792202,7270.308152070479,6986.146425561444,7029.88134765625,326426,6939.397243923611,7351.774658203125,8276.585810546874,,7034.081094354097,7353.993155507742,35.69205832290608,-419.179093835266,-480.9058002754755,61.726706440209455,8092.403911254784,6453.254536010841,58.70416903270599,0,6942.82915034785,7639.088422256965,272.8519532217284
2025-03-21,6956.789178352643,7147.683292240255,6911.3381557207385,7090.73046875,228080,6947.157931857639,7303.171985973011,8200.846787109374,9794.15715576172,7045.410969233279,7330.060183984311,37.78503413792767,-388.5329973483622,-462.4312396900529,73.89824234169066,7928.291394442514,6510.788976651237,57.18712167118095,0,6942.82915034785,7571.954961398813,254.13815141871348
2025-03-24,7207.23330492593,7465.098280314528,7058.821808299398,7384.53857421875,234142,7006.197862413194,7269.629705255682,8136.0985546875,9795.233601074218,7113.236490230373,7335.012764914714,46.79008752299309,-336.6571128001651,-437.27641431207536,100.61930151191024,7784.367163440126,6588.053246716124,54.02810144647066,0,7040.224214469874,7571.954961398813,261.3632580389598
2025-03-25,7465.191313329489,7560.638368882727,7230.793718862081,7387.13623046875,267380,7050.654296875,7234.658114346591,8082.616630859375,9794.269389648438,7168.0164382780495,7339.751261783263,46.86331742488896,-291.9698447746532,-408.2151004045909,116.24525562993772,7700.716863799886,6630.792999481364,50.653966334326185,0,7087.994258753974,7538.423616360666,265.0768772437326
2025-03-26,7420.5292218956865,7472.101858727216,7261.496833773871,7317.6611328125,112028,7111.755479600694,7201.318248401989,8029.595693359375,9791.870456542969,7197.94537718494,7337.743068240466,45.07650757621208,-259.1733338010363,-378.40674708388,119.23341328284374,7616.644235533328,6673.662893372922,47.52084087304917,0,7157.330005852986,7464.1246336181475,255.90057077209823
2025-03-27,7210.943702203837,7437.549328401542,7210.943702203837,7296.51220703125,286752,7167.229437934027,7178.603271484375,7979.80177734375,9789.366010742187,7217.658743154203,7333.994808130537,44.52003389906902,-232.21161319968635,-349.1677203070413,116.95610710735497,7553.19317566872,6705.33065245628,44.82745697754999,0,7184.739987704038,7446.431205301655,252.0776360623569
2025-03-28,7355.644951504924,7362.0917571874415,7133.027702026843,7282.27392578125,152932,7205.280436197917,7158.266246448864,7936.410908203125,9786.641962890624,7230.581779679613,7329.292909735147,44.12509135416389,-209.5772891450706,-321.2496340746472,111.67234492957658,7513.136582450485,6723.92782184639,42.65554951833478,0,7202.015885903494,7446.431205301655,248.70193891482475
2025-04-01,7150.651196793881,7235.060232843725,7018.9359976831365,7035.95703125,141821,7215.962890625,7131.97587446733,7891.112001953125,9781.273640136718,7191.656829993691,7302.626011691043,37.86676811244278,-209.10471015725216,-298.8206492911682,89.71593913391604,7504.468968747688,6716.033619142937,41.09450810506449,0,7202.015885903494,7405.154085172603,251.1732681951784
2025-04-02,7064.387219093768,7223.280096045926,7040.2703509613575,7204.3115234375,156132,7225.444715711806,7118.677845348011,7849.359208984375,9772.502751464845,7194.187768682453,7293.68833094072,43.74012422807091,-192.92150832383595,-277.64082109770175,84.7193127738658,7496.759890782765,6717.254269373485,39.64496964988494,0,7235.988262301733,7353.929335232953,240.52936796204864
2025-04-03,7123.706014112533,7123.706014112533,6956.789269083274,7032.20068359375,174309,7225.702419704861,7110.97900390625,7808.83171875,9763.554462890625,7161.790351664713,7269.916726636449,39.61712250574729,-191.773465526514,-260.4673499834642,68.69388445695023,7495.595513222148,6713.488568809102,38.635574428203824,0,7235.988262301733,7193.737519644095,231.00846276378448
2025-04-04,7007.805781876476,7085.67562490766,6911.477348414675,6976.7783203125,179350,7213.041069878473,7097.68730024858,7770.39962890625,9753.720810546874,7124.787945394271,7243.267780607,38.36309058433459,-193.10970638265556,-246.9958212633025,53.88611488064697,7463.618167038391,6708.465084914734,37.87710835426934,0,7236.057858648701,7183.140161819043,231.3497032671979
2025-04-07,6710.982844302332,6816.726043231214,6528.251175977859,6765.8486328125,182758,7144.297743055556,7083.339444247159,7719.1503515625,9741.944360351565,7053.000082877917,7199.866039898408,33.95754858535605,-208.78223817726484,-239.353104646095,30.57086646883016,7455.583684462005,6667.268708116119,38.37793566943935,0,7044.444772430294,7094.070052638509,252.6539975008912
2025-04-08,6887.221614436966,7029.140120431425,6715.620806535169,6999.41162109375,147706,7101.217230902777,7067.549671519886,7677.229677734375,9731.78815185547,7042.282390521084,7181.642910916166,41.91220855958174,-200.05019720556535,-231.49252315798907,31.442325952423687,7455.091571893885,6665.613555059241,37.57277410188916,0,7000.176517352537,7044.444772430294,275.04823420776665
2025-04-09,6959.061745543324,7001.915294115677,6780.179420131499,6865.05224609375,111108,7050.927354600694,7049.681263316761,7642.0208984375,9720.945756835938,7006.836361635617,7152.861941386856,39.00193867534088,-201.64720701741956,-225.5234599298752,23.87625291245564,7454.406991713226,6667.485439927399,36.82512407487828,0,6982.9002521897,7044.444772430294,269.93332480945
2025-04-11,7049.545950654404,7095.878345009618,6967.131102477053,7030.85546875,116992,7021.409939236111,7050.134499289773,7611.1021484375,9710.732265625,7011.640183058495,7141.770443874415,44.15523224451122,-187.37398375763405,-217.89356469542696,30.51958093779291,7455.351162240417,6670.923984243958,35.593064752519915,0,6945.17146658265,7044.444772430294,266.1236371242238
2025-04-15,7097.779752086406,7252.220464151538,7069.02502491512,7231.35009765625,138731,7015.751736111111,7067.324085582386,7578.813369140625,9701.776330566408,7055.582165978046,7149.914048763672,49.69020925093962,-158.06206939624826,-205.92726563559123,47.86519623934296,7459.354962768568,6713.280144653307,33.629407666918745,0,6890.235820064699,7044.444772430294,265.0536270443682
2025-04-16,7258.250065351946,7376.51548175225,7203.059537698471,7311.58544921875,115104,7046.377115885417,7082.076682350852,7558.18234375,9694.311235351564,7106.782822626187,7164.611448805043,51.75116134462748,-126.89507631728428,-190.12082777192987,63.225751454645575,7471.844882867796,6752.224111272829,31.23482557903734,0,6952.383328865055,7044.444772430294,248.4235893328432
2025-04-17,7263.815718664014,7418.720229584316,7250.829711760515,7374.19677734375,174520,7065.253255208333,7109.642422762784,7536.439130859375,9685.477043457033,7160.2656135697,7183.66466049038,53.35689917801825,-96.0357583985251,-171.30381389724892,75.26805549872381,7502.131768997667,6765.375408736708,29.204025192254157,0,6973.485702781088,7044.444772430294,236.85543703306848
2025-04-21,7392.284295145827,7709.513886580657,7383.936148002806,7543.478515625,410248,7122.061903211806,7143.562056107955,7522.326123046875,9677.361950683591,7236.90819398076,7216.375010957163,57.47739531899761,-57.25984918733502,-148.49502095526614,91.23517176793112,7563.048578364328,6764.824956791922,28.477461060819792,0,7118.882531279258,7118.882531279258,245.7634430533229
2025-04-22,7577.33479427863,7647.830258149995,7432.169793017202,7590.32080078125,103304,7190.233289930556,7173.130504261364,7503.299765625,9668.034057617188,7307.590715340859,7250.370082759352,58.56810591445837,-22.49062293604948,-123.29414135142282,100.80351841537336,7628.86607899868,6746.142026470071,27.802794367345022,0,7118.882531279258,7118.882531279258,244.9816458344006
2025-04-23,7694.20912801213,8028.135021452078,7667.773328114801,7993.35107421875,296818,7326.622450086806,7221.018510298295,7492.055751953125,9660.533708496094,7444.742787116437,7317.91380925566,66.52427410224331,37.15709036052704,-91.20389500903286,128.3609853695599,7798.271697874134,6673.083380250866,28.34499012424244,0,7371.877913993623,7278.193098714968,259.89237194227417
2025-04-24,8068.947332805103,8180.255952179354,8047.149394844311,8130.630859375,337156,7452.3134765625,7267.002863103693,7481.914599609375,9652.80819091797,7581.920401568151,7391.797177448328,68.72715096176998,94.41728061548748,-54.0796598841288,148.49694049961627,7972.745745922965,6602.599371264535,29.217987669149142,0,7480.217686155426,7354.253564078606,254.43286836102348
2025-04-25,8181.184143321783,8222.924878746895,7847.2582599208945,7980.82861328125,279186,7576.288628472223,7310.22773881392,7469.49162109375,9644.308154296876,7661.702043910771,7445.345489796775,63.793872803338665,126.25323590616335,-18.013080726070363,144.26631663223372,8068.990710097886,6565.983410995864,29.006682504914902,0,7595.027990611974,7375.588027362377,267.88597936317166
2025-04-28,8134.80517940641,8193.242206350835,7865.809341090805,8120.8916015625,255169,7697.403754340277,7357.053244850852,7456.54828125,9636.560834960936,7753.539955441118,7506.758772684568,66.23433621260779,160.93026847934289,17.775589115012288,143.1546793643306,8187.214569739945,6521.135088463181,28.810470566697397,0,7645.974951831007,7375.588027362377,273.5938801421576
2025-04-29,8190.459226927157,8254.925468860501,8116.253480816831,8197.416015625,146372,7804.744411892361,7394.002219460227,7448.18712890625,9629.498071289065,7842.315167477895,7569.545794770062,67.52239456303829,192.36943223278288,52.69435773856641,139.67507449421646,8312.068161016552,6484.256985467821,28.813394101447763,0,7728.992503279486,7391.58832241918,271.05628811006375
2025-04-30,8199.735629980507,8250.752084691925,8032.772687288597,8089.818359375,146668,7891.214735243056,7425.942316228693,7440.51609375,9621.857661132812,7891.815805857316,7616.843300643238,63.83510451456801,206.22572262669928,83.40063071619299,122.82509191050627,8400.707275171599,6474.948486547151,28.367625045619697,0,7752.877590310509,7391.58832241918,254.5885919006843
2025-05-02,8162.632684632896,8240.08493794731,8023.960686183735,8047.61376953125,150654,7966.038845486111,7459.121981534091,7433.683583984375,9614.555354003904,7922.975398592103,7656.00425236033,62.39578804129015,211.36489200617325,108.99348297418904,102.3714090319842,8473.169964049917,6479.019782043833,27.905465813787508,0,7819.430808431653,7391.58832241918,247.63180174834991
2025-05-05,8162.632779474781,8163.5603513815395,7949.291240920327,8009.11962890625,156874,8017.776746961806,7491.513227982955,7426.8538671875,9607.517631835935,7940.204244654933,7688.105650228141,61.04384549850503,209.91183238745725,129.1771528568427,80.73467953061456,8526.361793008238,6523.144212851138,27.05956609628725,0,7843.547630938852,7391.58832241918,247.09846149670943
2025-05-06,8063.845687837091,8144.080650970226,7755.891840898354,7776.76220703125,167625,8038.492458767361,7513.989968039773,7416.113486328125,9597.440256347656,7907.515837130197,7696.165337210241,53.50744791176173,187.8456029367544,140.91084287282504,46.93476006392936,8549.12827619546,6557.62279802329,25.29764089626573,0,7961.349398487651,7391.58832241918,258.33865515070977
2025-05-07,7663.135179217505,7925.174238483854,7641.33723977411,7913.57958984375,173152,8029.628960503473,7553.881902521307,7411.18529296875,9586.349975585938,7908.728587672907,7715.930269267833,56.882964333940336,179.33076307367537,148.59482691299513,30.73593616068024,8573.90630160031,6620.982663243442,23.830863647112736,0,7948.1313543173055,7391.58832241918,262.800941101296
2025-05-08,7964.795242766062,8038.9865446067315,7745.57191216589,7807.796875,190579,7993.758517795139,7581.313054865057,7404.89185546875,9573.943041992188,7888.5422451383265,7724.281778879848,53.64027073950374,162.17742965411344,151.3113474612188,10.866082192894652,8574.101489458371,6703.889330854129,22.30904325426318,0,7948.1313543173055,7391.58832241918,271.369418843229
2025-05-09,7610.591515762807,7768.547188731469,7594.795948465941,7652.234375,108057,7957.248046875,7609.496404474432,7394.806318359375,9561.456987304688,7841.280671110662,7717.732014890771,49.19855342535557,134.48048831794313,147.94517563256366,-13.464687314620534,8523.36695680023,6843.262437731021,21.196372188921327,0,7924.860708663222,7391.58832241918,274.5915908939617
2025-05-12,7887.732361021955,8371.172477814975,7829.815277722989,8341.974609375,268271,7981.812825520833,7671.55078125,7400.623046875,9552.97455078125,7941.41945876353,7774.481341662065,63.593361173910914,166.27007732586662,151.61015597122426,14.659921354642364,8574.808981151771,6926.076712207604,21.335136382113145,0,7982.984213140458,7449.711826896417,301.99309043525227
2025-05-13,8300.809580391437,8303.681501593279,8094.988560926074,8116.04931640625,139262,7972.772081163194,7732.92353959517,7407.01919921875,9543.447136230468,7976.345430292074,7805.532975729718,57.81464178003891,171.25910429096805,155.539945635173,15.719158655795011,8538.397070766736,7087.58832962389,21.463988847219834,0,7982.984213140458,7449.711826896417,304.2306321006904
2025-05-14,8156.735509260578,8217.045859249829,8050.474416422373,8140.93994140625,102099,7978.452256944444,7784.811190518466,7415.244228515625,9533.179672851562,8009.26433251491,7836.024518063948,58.26460804404984,175.20179232013925,159.47231497216626,15.729477347972988,8506.53684938845,7230.456998267798,21.37769284283156,0,7982.984213140458,7449.711826896417,284.856147969021
2025-05-15,8194.549358262191,8208.90896578251,8079.672498099637,8185.93359375,88914,7993.821126302083,7844.851251775568,7426.67599609375,9522.590141601562,8044.598184761929,7867.834434035407,59.11358782047517,179.88342851491507,163.55453768071604,16.32889083419903,8493.506378119913,7338.945819145712,21.297560838756727,0,7982.984213140458,7449.711826896417,280.7369758063259
2025-05-16,8218.481931825123,8357.291469404,8144.769280834962,8325.2216796875,123530,8028.943576388889,7903.686079545455,7443.24306640625,9512.809755859374,8100.722883747044,7909.415092731051,61.7102910564128,192.6127238019626,169.36617490496536,23.24654889699724,8496.707003192529,7437.108817119971,21.69594952342961,0,7982.984213140458,7449.711826896417,269.0838022165428
2025-05-19,8371.65041384682,8371.65041384682,8233.319540799266,8252.9443359375,80085,8081.852701822917,7950.122181285511,7464.27044921875,9502.623686523437,8131.167174185135,7940.645023931637,59.59520740367924,194.625087573274,174.4179574386271,20.20713013464686,8475.413930454299,7546.276645717578,22.11067646674436,0,7983.223181156381,7543.635610190995,255.57651705850887
2025-05-20,8317.084525758608,8366.864497597862,8055.261020027142,8076.32177734375,117869,8099.935167100694,7984.882923473011,7480.41296875,9490.623220214844,8120.198094816858,7952.979274241829,54.66455442302342,179.89422730601655,175.513211412105,4.381015893911552,8447.063222725792,7627.911679617959,21.55991980448351,0,7983.223181156381,7575.91491698916,267.928766310441
2025-05-21,8128.973644606734,8136.632101788251,7954.265090153371,8025.58447265625,81061,8124.1337890625,8014.491455078125,7499.29462890625,9479.248642578124,8101.2753703847375,7959.579746824958,53.30032055347681,162.2554580354481,172.86166073677362,-10.606202701325516,8410.948600140582,7707.552669390669,20.565881364228385,0,7983.223181156381,7669.390758161937,265.3850244698376
2025-05-22,7950.914305345449,7983.4627475080815,7846.567829000538,7939.9052734375,123383,8156.097222222223,8032.510853160511,7511.157001953125,9467.7237109375,8069.00135099529,7957.791158335189,50.98628985937946,139.75203649791638,166.23973588900216,-26.487699391085783,8411.184774460595,7701.971914992529,19.15447134819769,0,8100.732845784905,7720.33771938097,262.7344810335617
2025-05-23,7951.39346230129,8183.061800596127,7951.39346230129,8009.310546875,122684,8119.134548611111,8051.555841619318,7526.180068359375,9457.167041015626,8057.063190171232,7962.474739111535,52.774893039997785,126.06513788662596,158.20481628852693,-32.139678401900966,8403.933714365263,7697.090943837863,18.641047811086217,0,8109.109121423679,7787.354975772646,264.7978679405199
2025-05-26,8012.660621796981,8122.750940973404,8011.7033146737085,8090.68115234375,50840,8116.315863715277,8055.979936079545,7547.576005859375,9449.434938964843,8063.786782605736,7974.12986758719,54.8549092170782,120.3962469563512,150.6431024220918,-30.246855465740595,8408.279084961603,7703.730827147773,18.164297383768417,0,8109.109121423679,7811.240062803668,245.1729810852721
2025-05-27,8108.391178801882,8135.19577774007,8007.8739327836765,8043.77294921875,95286,8105.51953125,8052.031849254261,7571.387880859375,9443.819692382813,8059.78401592834,7980.461056826423,53.394887318640144,110.84080626931336,142.68264319153613,-31.841836922222768,8403.118515262151,7701.179531612847,17.77234585875493,0,8109.109121423679,7877.793280924813,233.99332724574705
2025-05-28,8115.571408896672,8240.978646238515,8074.88585479722,8152.427734375,136774,8101.796657986111,8059.831809303977,7594.695869140625,9439.134287109377,8078.312759617672,7996.094391149021,56.29653377588483,110.75882498829289,136.2978795508875,-25.53905456259463,8397.509538518498,7702.289680231503,17.837467288431185,0,8109.109121423679,7901.910103432012,227.12126042995584
2025-05-29,8232.841201136833,8291.23693523792,8116.528386492864,8136.6318359375,129537,8080.842230902777,8060.547274502841,7622.07349609375,9433.259833984375,8089.976574881638,8008.870522493427,55.75308328888369,108.1723141379116,130.67276646829234,-22.50045233038074,8401.607996569786,7702.872569836464,18.09542281701767,0,8109.109121423679,7983.223181156381,224.38609058788413
2025-05-30,8165.830640117246,8223.269073693686,8058.612230774557,8101.21240234375,159983,8063.983127170139,8056.174382990057,7648.1528125,9427.102775878906,8092.223740374061,8017.265238843457,54.48303114914969,102.08763071616976,124.95573931786784,-22.86810860169807,8404.960143117167,7704.880286570332,17.98373176151367,0,8106.7161632992,7983.223181156381,184.79457202389517
2025-06-02,8088.288412408165,8088.288412408165,7970.060974967946,8038.02978515625,76519,8059.728461371527,8053.820356889205,7670.117109375,9418.298110351565,8081.384949330499,8019.152924871892,52.19873039321132,91.1168280235961,118.1879570590135,-27.0711290354174,8405.847616522908,7706.883828789592,17.359803009131614,0,8068.902382119229,7983.223181156381,176.52067051867212
2025-06-03,8052.867682461243,8108.391496724528,7914.058146803031,8012.18212890625,98051,8058.239312065973,8052.209827769886,7691.564453125,9408.573688964843,8067.54438524565,8018.519216147743,51.25203261677795,79.42118008185116,110.43460166358103,-31.013421581729887,8392.954565418753,7743.318872081247,16.461836235147047,0,8068.902382119229,7983.223181156381,178.50366388253218
2025-06-04,8054.782179061364,8368.300263639758,8032.764115106241,8295.544921875,334256,8097.754828559027,8065.229159268466,7715.095849609375,9400.277907714844,8113.14449257152,8043.703371213857,59.84914417728664,91.95727779928166,106.73913689072116,-14.781859091439514,8418.63972063619,7755.830250066933,16.78059535904566,0,8141.179205221395,7983.223181156381,194.7094972432918
2025-06-05,8309.42583041333,8505.673790693829,8274.005466850507,8366.8642578125,224359,8137.483018663194,8092.051979758523,7741.8355078125,9392.801809082031,8163.888445619717,8073.081633631916,61.680871499455804,106.42035235012465,106.67537998260188,-0.2550276324772369,8441.62599221413,7788.750716770243,17.57351704222281,0,8209.86596874843,8050.234869579885,196.0770783343121
2025-06-06,8401.806948454483,8433.876740828804,8296.503152598505,8410.9013671875,95387,8173.063042534723,8114.65751509233,7768.23892578125,9384.310837402343,8213.291029933274,8103.792518500604,62.809104626506624,120.05198526915956,109.3507010399134,10.701284229246156,8424.76709689576,7881.476311307366,18.30980146231588,0,8209.86596874843,8050.234869579885,196.0087008473653
2025-06-09,8471.69026382697,8807.226445246411,8452.544119380782,8770.3701171875,313597,8253.796061197916,8158.41084428267,7795.955556640625,9377.40526123047,8324.706847384121,8164.390482017595,70.45592155284324,158.03949555878353,119.08845994368744,38.95103561509609,8554.752595458645,7794.33036352573,20.111867488086013,0,8360.642296024722,8201.011196856176,202.06024373937893
2025-06-10,8807.226068663085,9113.56436670354,8759.360709594264,9086.759765625,393134,8357.610731336805,8223.616543856535,7829.94802734375,9371.55964111328,8477.117431032297,8248.242235072814,75.27464871401283,211.23983032704928,137.51873402035983,73.72109630668945,8779.053008619765,7667.100995286485,22.434360968271108,0,8513.811256753286,8354.18015758474,214.3342898446929
2025-06-11,9139.889977617617,9206.422824273224,8903.913766098083,9026.927734375,261322,8456.532497829861,8254.750776811079,7864.133359375,9364.945046386718,8587.079491700839,8319.031825918466,72.85464895015797,245.74078720729267,159.1631446577464,86.57764254954628,8927.272723935681,7607.480059267445,24.75988551694084,0,8560.240485538128,8400.609386369582,223.1551765960807
2025-06-12,9137.49706314945,9160.95108913658,8915.880450250645,9005.388671875,229439,8556.996527777777,8295.17529296875,7898.310888671875,9358.463688964845,8670.741327735672,8381.427902823605,71.95779410168534,268.25277080626074,180.98106988744928,87.27170091881146,9044.32739462039,7572.370896395237,26.919301169277027,0,8560.240485538128,8400.609386369582,223.29189886231708
2025-06-13,8901.999301873979,9271.519866507097,8829.243957542069,9073.8359375,302596,8672.086100260416,8337.579656427557,7934.14212890625,9353.13410888672,8751.360249688538,8444.374087794185,73.09141975385482,288.29353389455537,202.4435626888705,85.84997120568488,9157.609254657891,7533.950462138982,29.131809959569587,0,8592.789006655064,8433.157907486519,246.7801499242188
2025-06-16,9098.726136293955,9316.513520796758,9011.611182492836,9269.60546875,236103,8811.7998046875,8386.837468927557,7978.81509765625,9348.431130371093,8855.00929350083,8519.395122426533,76.07100387608278,316.3265327227655,225.2201566956495,91.10637602711596,9305.484214150967,7487.741615927157,31.26894773514704,0,8674.6388179515,8573.164399259873,259.4644708776137
2025-06-17,9285.879703955818,9357.67774290393,9220.782815309529,9316.9921875,165669,8925.2939453125,8431.917946555397,8021.0687109375,9344.231066894532,8947.405872300664,8591.90394652412,76.74232060026787,338.464984779368,247.8691223123932,90.5958624669748,9441.796247027374,7475.496624066374,33.33055296266593,0,8815.84160487722,8602.122785952233,255.15655877580204
2025-06-18,9323.21430571018,9349.54025225572,9190.148612261806,9243.7578125,110969,9022.7265625,8476.954922762785,8065.299853515625,9339.338322753909,9006.676260340531,8651.163388885563,73.31888724398056,346.1107166210986,267.5174411741343,78.5932754469643,9539.971092772606,7499.13911230552,35.00820048066184,0,8827.090447751218,8602.122785952233,254.06249386500625
2025-06-19,9247.586989134368,9256.20275340996,8902.956418110727,8928.8037109375,165782,9080.271267361111,8515.7041015625,8104.340361328125,9333.85751220703,8991.101750459926,8676.403418163012,60.76453999176842,323.0321369807625,278.62038033546,44.41175664530255,9566.73707029703,7571.262978531096,34.63018931551538,0,8905.110931142357,8602.122785952233,267.53317189215653
2025-06-20,8973.796803489702,9045.116182821896,8901.041463499814,8994.37890625,147147,9105.1611328125,8559.740212180397,8148.910966796875,9327.865363769532,8991.75718161794,8705.310280716374,62.21522177406149,306.500420512768,284.1963883709216,22.304032141846392,9596.727351742797,7639.779533022829,34.2676948407535,0,9058.519226249096,8602.122785952233,268.4562641740335
2025-06-23,8950.343300738605,8950.343300738605,8741.171686084197,8768.93359375,158976,9069.847113715276,8597.423317649147,8184.30140625,9320.982287597655,8947.192464044352,8711.094218264885,54.72392582723712,272.0710972627694,281.77133014929115,-9.700232886521746,9600.19158340255,7704.140545503701,33.00326614454906,0,9049.424714494064,8602.122785952233,272.66154062005535
2025-06-24,8859.877623611888,8900.084523686626,8750.265955550996,8766.0615234375,145896,9040.861979166666,8631.821089311079,8222.321591796876,9311.684753417969,8910.966275922981,8716.091246007849,54.633673326597744,241.7669199079264,273.7704481010182,-32.00352819309177,9592.751118265856,7783.80986806227,31.829153783787795,0,9049.424714494064,8602.122785952233,257.9258572916355
2025-06-25,8833.073228194804,8940.291630877997,8772.762876685509,8785.6865234375,120007,9016.450629340276,8663.412242542614,8257.418212890625,9303.557854003906,8885.910325425886,8722.418089410545,55.17764458557526,216.8346793033288,262.38329434148034,-45.54861503815152,9589.077024356706,7850.809840877669,30.908240400331824,0,9049.424714494064,8602.122785952233,253.8231275485766
2025-06-26,8835.945250513114,8835.945250513114,8606.191527856217,8687.083984375,149946,8973.478190104166,8692.653653231535,8286.532890625,9294.73805419922,8846.14505721571,8719.205898043676,51.81587247512226,186.96409247362132,247.29945396790856,-60.33536149428721,9572.571474770311,7922.360605307811,29.097318964931024,0,8981.934635380074,8602.122785952233,260.42170857904784
2025-06-27,8706.229725819569,8814.884085474363,8559.28308082388,8607.1484375,562109,8899.871853298611,8713.322776100853,8312.444150390626,9287.463225097656,8798.345733272568,8709.01885617607,49.19891209528039,155.05394130392233,228.8503514351113,-73.79641013118899,9543.68735162072,8001.838331973032,27.16698285243862,0,8958.480411863904,8635.86794485348,250.3699890498744
2025-06-30,8701.443597647121,8701.922251236298,8548.753102699686,8602.3623046875,138155,8820.468532986111,8734.492342862215,8337.0074609375,9279.818244628908,8759.149047555555,8699.322806040745,49.03921122337755,127.90431436479594,208.66114402104824,-80.75682965625231,9496.275234929672,8105.6837006172,25.316833818339557,0,8949.146677477704,8635.86794485348,236.01038129468407
2025-07-01,8673.202100195367,8757.44512280212,8541.093723834774,8575.078125,140579,8746.170789930555,8756.031693892046,8357.639453125,9270.48385986328,8722.334863044445,8688.02783503704,48.081054373032885,102.99912434494216,187.52874008582705,-84.52961574088488,9429.003123403028,8229.245411753222,23.902111216549248,0,8898.648238622367,8635.86794485348,229.85626277984167
2025-07-02,8575.078356513837,8688.0405944227,8472.167843164663,8560.71875,155550,8705.2724609375,8779.790283203125,8377.047412109376,9260.589079589843,8690.011640435558,8676.454281851855,47.55443902124075,81.1672546787322,166.25644300440808,-85.08918832567588,9403.04577981847,8281.72013815028,22.21090609345982,0,8758.64201299328,8635.86794485348,227.77069937784887
2025-07-03,8577.471899224807,8730.641040282393,8576.993245659001,8644.4833984375,114608,8666.395182291666,8808.53125,8390.07005859375,9250.125495605467,8680.905992035947,8673.547837905095,50.93072401677511,69.81961074519313,146.9690765525651,-77.14946580737197,9379.87905696518,8332.648775066069,20.85832291911449,0,8711.255571951635,8635.86794485348,208.3168694719464
2025-07-04,8700.965184029874,8734.470936196343,8577.472554616314,8720.111328125,96079,8660.970486111111,8827.829723011364,8401.85966796875,9236.85707763672,8688.747059253757,8677.78088247054,53.82126117370433,66.16633868407007,130.8085289788661,-64.64219029479602,9356.813676058617,8386.635152066385,19.625633317676503,0,8706.229737021331,8635.86794485348,197.75230113452548
2025-07-07,8711.01630582836,8711.01630582836,8608.105788450861,8620.55078125,61737,8644.802625868055,8839.36092862216,8414.654111328126,9223.196604003906,8675.107803653007,8672.578145995945,49.67288583875023,54.6079042565907,115.56840403441102,-60.96049977782032,9360.413226048711,8368.053668482538,18.480992973484085,0,8706.229737021331,8635.86794485348,195.9744877116496
2025-07-08,8616.242485570318,8685.168596226511,8531.99946143497,8621.986328125,82817,8626.613715277777,8848.955699573864,8424.676005859375,9209.351530761718,8664.483508547406,8667.97888982586,49.73304773488231,45.04435504837784,101.4635942372044,-56.41923918882655,9336.827569386202,8345.16198139505,17.43698917219787,0,8654.056546838889,8635.86794485348,195.53002305433725
2025-07-09,8642.568635240114,8644.004595912782,8529.60639565678,8556.8896484375,60569,8612.147677951389,8839.25204190341,8431.865478515625,9199.91600341797,8642.964736525424,8657.879867881462,46.98989430891002,31.8453223312772,87.53993985601896,-55.69461752474176,9320.721630609884,8314.264111577615,16.484272460436983,0,8643.525964319513,8695.220929005085,178.4694419798208
2025-07-10,8526.255445640505,8564.547728560354,8341.97383408874,8402.2841796875,146167,8589.384982638889,8808.139515269886,8438.114794921876,9190.707136230469,8594.82862515784,8634.643896227466,41.18030677805496,8.808090389602512,71.79356996273567,-62.98547957313316,9314.852734811948,8259.822558156802,16.767529037573507,0,8549.709478445431,8815.84160487722,184.07652591907316
2025-07-11,8336.229818763752,8487.484333160246,8167.265123884123,8267.3037109375,183731,8552.15625,8773.611150568182,8442.50859375,9179.303771972656,8529.323642313771,8601.249333928377,36.8918412281318,-20.109072774268498,53.413041415334845,-73.52211418960334,9304.75500805614,8189.267062256362,17.860171121912163,0,8462.35512334312,8762.471433394026,188.8630965698103
2025-07-14,8271.134353352036,8385.532565762402,8142.376532689322,8360.642578125,113607,8528.330078125,8744.304509943182,8449.539052734375,9168.092077636718,8495.587429476018,8579.375992491707,41.43372705027545,-35.08997105836352,35.712438920595176,-70.80240997895869,9227.217785908386,8175.907995341616,18.981079721083837,0,8438.423734442833,8750.027137796626,195.53005835105677
2025-07-15,8352.50476039441,8485.570452279202,8314.212474959935,8400.3701171875,75259,8510.513563368055,8713.692427201704,8462.0112109375,9156.155622558594,8476.543967018315,8563.102731100415,43.30404982367597,-43.25810795335747,19.91832954580465,-63.17643749916211,9110.517137003677,8200.946437215072,19.19561711311277,0,8438.423734442833,8750.027137796626,195.3249061995403
2025-07-16,8400.369962579414,8479.826453393556,8366.864213440922,8438.18359375,76256,8487.591362847223,8675.900523792614,8472.503291015624,9146.458630371091,8468.871892364652,8551.74644588674,45.10114824985644,-46.14821584669153,6.705020467305412,-52.85323631399694,8985.814567455951,8245.091584887798,19.39483040571108,0,8438.423734442833,8750.027137796626,186.9826574349501
2025-07-17,8476.955157969733,8513.33283114905,8361.599641703742,8371.6513671875,69691,8448.873589409723,8632.930486505682,8483.780380859374,9136.003454589843,8449.427787329223,8535.374166004991,42.545819106975486,-53.19405388381347,-5.274794402918365,-47.9192594808951,8942.19708241482,8232.99383555393,19.296183747894947,0,8426.69641925884,8750.027137796626,179.56352777743754
2025-07-18,8402.284362046563,8466.902590876247,8320.434605528962,8415.2080078125,92192,8426.057725694445,8595.26913174716,8499.039853515626,9125.241291503906,8442.583831425878,8524.449969805673,44.75269225627192,-54.633493505391016,-15.146534223412896,-39.48695928197812,8864.629240328522,8252.644587796476,19.446386167622,0,8413.772564457917,8750.027137796626,179.08487326391418
2025-07-21,8414.729728772249,8486.52776400068,8293.151722452103,8444.40625,62012,8406.326605902777,8573.25106534091,8501.088486328124,9114.31947998047,8442.948315140702,8517.173268005157,46.24333998922126,-52.80945117109332,-22.679117612948986,-30.130333558144333,8835.598736490489,8249.222357259512,19.74658390484387,0,8393.190564301052,8750.027137796626,177.44377630543067
2025-07-22,8464.031110370908,8481.741292527993,8304.639470957149,8335.751953125,69573,8381.755750868055,8543.3134765625,8505.4825390625,9102.928835449218,8421.509042737562,8500.68042119787,41.7310397150124,-59.44612030466669,-30.03251815129253,-29.413602153374164,8808.072417838484,8233.717718880267,20.02533894654989,0,8353.462130624837,8750.027137796626,174.67442418491692
2025-07-23,8362.077705408503,8438.662275120316,8293.630246228571,8404.19921875,79754,8381.968532986111,8526.734641335228,8510.747724609375,9093.12754638672,8418.04707794005,8491.909402793519,45.34882027329736,-58.508160455703546,-35.72764661217474,-22.78051384352881,8764.584644097258,8239.056762152743,20.356280858041668,0,8327.854681919185,8745.958392472521,172.89654837129916
2025-07-24,8565.505274409801,8603.318904847263,8384.095579019955,8557.3681640625,475675,8414.197916666666,8517.248579545454,8518.176416015625,9085.124260253906,8445.91129516454,8497.860199272518,52.46173469673673,-44.8879266407821,-37.55970261789621,-7.328224022885884,8744.91770020632,8245.752124012428,19.10043227363626,0,8372.847718768293,8699.28964304964,177.34118724610477
2025-07-25,8567.898760563074,8648.791212548278,8208.908589031102,8241.45703125,173750,8400.955078125,8492.510875355114,8516.501123046875,9075.572956542968,8405.020442381632,8474.550820361379,40.6968488445649,-58.90614804557663,-41.8289917034323,-17.077156342144328,8745.044902716456,8209.055780877296,19.097263249460006,0,8428.84990078969,8593.746357755608,200.76097894917888
2025-07-28,8275.919757408421,8395.104489600131,8145.725993729121,8310.3828125,147286,8390.956488715277,8475.38809481534,8517.649892578125,9065.185021972657,8386.092916405307,8459.626456010345,43.665251949664246,-63.71943698898394,-46.20708076054263,-17.512356228441313,8733.497111366087,8191.405623008913,19.447412475017767,0,8397.2586031387,8546.359916713964,207.63307616914105
2025-07-29,8310.383458770342,8347.718438022966,8213.695435577643,8294.587890625,67051,8375.001410590277,8461.180797230114,8522.01521484375,9052.612756347657,8367.791911249245,8444.622950066221,43.13244527775882,-68.02437865274806,-50.57054033898372,-17.453838313764336,8723.925312790476,8172.928398147023,19.77255104160712,0,8397.2586031387,8541.33408178366,209.03484775409248
2025-07-30,8327.614689573913,8328.093343136943,8177.796124345919,8204.1220703125,72342,8356.387044270834,8443.078968394886,8525.585966796874,9040.452653808594,8335.057943061896,8422.759233724973,40.11336600152503,-77.83863623586694,-56.02415951836037,-21.81447671750658,8721.236769123307,8139.957273845442,20.284477362153943,0,8397.2586031387,8541.33408178366,203.87222806262176
2025-07-31,8137.11090177913,8203.643749740735,8084.937661291252,8113.17822265625,150964,8322.828179253473,8422.083518288353,8529.05142578125,9027.42158203125,8290.681998980768,8394.615505445998,37.28776840923261,-91.89559926945368,-63.19844746857903,-28.697151800874643,8709.122776181957,8098.940749208668,21.26750800559443,0,8366.864436919765,8460.441455902182,189.5125994729878
2025-08-01,8113.1779903314655,8129.930865237755,7983.941526768664,8020.7978515625,124824,8275.760579427084,8397.541659268465,8529.281171875,9013.116752929687,8236.705169497114,8360.632082365679,34.62005015868941,-109.23102043123072,-72.40496206110937,-36.82605837012135,8681.827128626499,8056.305049107878,22.66220200766308,0,8316.36636965847,8399.412806121512,182.57212128698865
2025-08-04,7998.779826266574,8223.268351101653,7964.316769149035,8203.6435546875,77907,8261.081868489584,8377.503484552557,8531.540419921876,8999.327998046874,8230.092846535192,8346.360398031298,43.2710802176228,-106.982123138534,-79.3203942765943,-27.661728861939707,8645.60297508636,8050.838479991766,23.028058837168544,0,8306.553990848657,8360.880945975578,188.828807332228
2025-08-05,8218.481273915817,8240.020683195153,8125.143833705358,8208.908203125,49503,8239.382866753473,8354.266978870739,8534.843125,8986.703461914063,8225.855917853154,8333.864743948907,43.50288309556043,-103.5810251205985,-84.17252044539515,-19.408504675203343,8601.332242972088,8053.801399606038,23.20763256423184,0,8306.553990848657,8360.880945975578,188.96556515631087
2025-08-06,8209.865885875308,8232.362603263144,8061.004628266445,8153.384765625,81885,8194.495822482639,8333.032159978693,8534.862265625,8974.1236328125,8211.361687407523,8317.457473192188,41.573482664896325,-104.16515672910282,-88.17104770213669,-15.994109026966129,8569.21123141467,8045.571922882203,23.733185946797192,0,8306.553990848657,8349.393852672689,190.3673355528388
2025-08-07,8113.1784497498975,8223.26877679665,8070.578279718763,8205.55859375,65889,8190.507107204861,8314.103626598011,8536.24080078125,8961.4283203125,8210.201068676019,8307.28484778835,44.0831052675839,-99.27372760637444,-90.39158368298423,-8.882143923390203,8559.145808158877,8035.964787544248,24.22119980203645,0,8179.710629374584,8349.393852672689,190.8118006764533
2025-08-08,8259.167474672438,8259.167474672438,8029.413757614035,8064.35546875,47453,8163.170735677083,8291.715709339489,8535.503662109375,8949.8223046875,8181.031948690816,8285.200358784865,39.17831481771402,-105.57415376256904,-93.4280976989012,-12.146056063667828,8568.92564398371,8005.890127500667,24.91150130018228,0,8156.017603586,8349.393852672689,193.41020607001232
2025-08-11,8049.995657966175,8097.8610144768545,8005.95952997635,8044.73046875,28768,8135.408799913194,8275.463267933239,8535.63767578125,8939.537119140625,8153.771652702652,8263.339459690786,38.53655691050198,-110.8727878876507,-96.91703573665112,-13.955752150999588,8570.729284130291,7972.495276416583,25.68710040948935,0,8146.20505614299,8337.666537488698,187.32446770784523
2025-08-12,8051.910199724151,8270.176223447503,8049.995585480964,8150.0341796875,102518,8129.399034288194,8270.132834694603,8538.394716796874,8928.277641601562,8153.024158099623,8253.038979690487,43.85131789228401,-105.36033582667189,-98.60569575465529,-6.754640072016599,8556.472229871051,7961.718736925824,24.622724213985546,0,8117.2464962982685,8324.742682687773,193.06830526539937
2025-08-13,8221.35367549741,8249.115582412807,8104.083551458236,8227.576171875,70550,8142.109917534723,8264.084361683239,8537.035341796874,8919.872045898437,8167.934560854699,8250.724178979988,47.45445443484855,-93.65508955508813,-97.61557451474184,3.9604849596537264,8533.912382098679,7963.217842510698,23.634374889589147,0,8117.2464962982685,8306.553990848657,187.76892706020388
2025-08-14,8218.482008003115,8346.282514475848,8204.122400534268,8219.91796875,83210,8164.234375,8255.881991299715,8534.096416015625,8910.474389648438,8178.33124243376,8247.923614413625,47.132763614379215,-84.02792888441672,-94.89804538867683,10.87011650426011,8520.55663492233,7961.400249843297,22.025807486677557,0,8155.299641812442,8306.553990848657,166.50303351908985
2025-08-18,8290.280150403756,8295.545339875722,8153.385224132655,8187.36962890625,39039,8162.426161024306,8244.48135653409,8529.62578125,8900.43977294922,8180.138919728258,8242.418706640226,45.71435638170023,-78.12414716262901,-91.54326574346727,13.419118580838258,8497.601167322498,7961.571879552501,20.784346928656763,0,8176.121022226099,8306.553990848657,158.84457779566532
2025-08-19,8251.03048426686,8267.304706129318,8128.495166714224,8229.9697265625,53315,8164.766330295139,8238.041281960228,8518.8177734375,8890.617692871094,8190.105081095106,8241.286981178615,47.923316068261855,-69.21007509278024,-87.07662761332988,17.866552520549632,8467.123800091202,7970.605594440047,19.830544615275134,0,8176.121022226099,8306.553990848657,159.1864732935061
2025-08-20,8184.975430476506,8470.252936708319,8184.975430476506,8388.8818359375,146307,8190.932671440973,8236.84463778409,8504.86021484375,8880.307336425782,8229.860432063586,8254.704695247605,55.240139926546135,-48.76064722360752,-79.41343153538541,30.652784311777893,8476.103128493338,7966.939254319162,19.449936492602507,0,8238.106233342334,8306.553990848657,168.82792239641964
2025-08-21,8433.876332319089,8481.741691753363,8310.383704978662,8327.615234375,100872,8204.494520399305,8231.535955255682,8490.87396484375,8871.455354003907,8249.41139252587,8261.332926077368,52.19531528834669,-37.07070303794535,-70.94488583589741,33.87418279795206,8462.833520258393,7972.550464116606,19.171590288340933,0,8243.850610864856,8306.553990848657,172.5546065216663
2025-08-22,8370.694248064994,8370.694248064994,8242.415081866377,8255.8173828125,34763,8225.76806640625,8227.902565696022,8475.8825390625,8862.54190673828,8250.692590583196,8260.831513053288,48.80058785382709,-33.21692064632589,-63.39929279798311,30.18237215165722,8390.10494507506,8015.12396117494,18.31361671573467,0,8243.850610864856,8306.553990848657,171.28959421663245
2025-08-25,8300.331445457581,8550.667259192332,8300.331445457581,8376.916015625,203962,8262.677571614584,8226.662420099432,8461.944140625,8854.139104003907,8275.937275591557,8271.384649650716,54.2100716404283,-20.15874526447078,-54.75118329128065,34.592438026809866,8411.965565923876,8006.8092387636225,18.654769372545736,0,8300.331422336649,8306.553990848657,173.85375810429065
2025-08-26,8348.196951151383,8385.531929775878,8141.897261572446,8166.30859375,80298,8264.48583984375,8208.886985085228,8439.878203125,8844.240114746093,8254.011539223247,8261.832280932469,45.25487143648736,-26.49884384404868,-49.10071540183426,22.60187155778558,8399.826604687762,8004.540778124739,17.741457076080597,0,8327.375405325285,8306.553990848657,183.0507451552647
2025-08-28,8175.403213387043,8199.814546167063,7979.633897562962,8013.1396484375,101080,8240.659559461805,8198.508922230114,8413.80115234375,8830.687521972657,8205.837161066098,8239.223859796562,40.0704397075878,-43.38278174364496,-47.9571286701964,4.574346926551449,8397.765824257014,7978.456734336736,17.065958350220665,0,8265.150578377648,8306.553990848657,186.5380789843649
2025-08-29,7955.701468458686,8094.032358560638,7920.75975573397,7939.42724609375,79570,8209.493923611111,8181.647305575284,8387.714541015624,8817.405,8152.555178071629,8211.969622187215,37.82466863562732,-61.9967391825021,-50.765050772657546,-11.231688409844551,8411.90668029504,7937.846395876835,16.763923246496116,0,8235.713507463151,8284.775484141124,188.008229394992
2025-09-01,7975.32570892271,8150.512913908048,7969.5818661363055,8110.78466796875,138605,8200.984483506945,8173.292613636364,8371.35416015625,8804.539362792968,8144.201076051054,8202.770989985536,45.47505932648845,-62.20427059690701,-53.05289473750744,-9.151375859399565,8411.92054743286,7937.5931732702675,16.090259102085096,0,8235.713507463151,8284.775484141124,186.67479730612732
2025-09-02,8117.964344437563,8177.317385635102,8031.806703989523,8114.61376953125,65922,8188.167154947917,8169.224054509943,8353.758857421875,8789.769780273438,8138.283614747093,8194.756697216964,45.636033162803415,-61.35253046250091,-54.71282188250614,-6.639708579994768,8407.318885996963,7951.576426503037,15.2782079660251,0,8235.713507463151,8284.775484141124,190.50402567363264
2025-09-03,8137.110564868128,8181.625346193583,8022.712363397335,8053.34619140625,102667,8150.885416666667,8166.504416725852,8339.447109375,8775.051208496094,8121.296130078925,8181.901196688717,43.42682479252375,-64.87348068668598,-56.744953643342114,-8.128527043343865,8406.265810427823,7937.59976574405,14.58412037398504,0,8235.713507463151,8235.713507463151,185.751684823543
2025-09-04,8113.178502519387,8154.342712030694,7917.40918054119,7939.42724609375,119181,8107.75341796875,8162.805752840909,8322.914423828124,8760.1971484375,8084.92235328189,8159.858110270993,39.58925692635002,-75.98031218997312,-60.59202535266832,-15.388286837304795,8413.880983789955,7903.036496678794,14.607344345395845,0,8234.038219866761,8234.038219866761,192.31607771889531
2025-09-05,7990.642998766323,8036.593743218316,7793.916374081229,7926.50341796875,84450,8071.162977430556,8150.208473899148,8305.73076171875,8745.248786621094,8053.238566219263,8138.6440473344255,39.1664018299994,-84.84733384850279,-65.44308705183522,-19.404246796667564,8422.832396888069,7871.396948815056,15.304308597348312,0,8172.291816636781,8172.291816636781,199.4958816614316
2025-09-08,7983.941561784682,8039.465376003328,7913.579486869672,7946.1279296875,62155,8023.297634548611,8138.263916015625,8290.911640625,8732.700314941407,8031.816438912911,8121.142582093796,40.210713093351806,-89.2620212917418,-70.20687389981654,-19.05514739192526,8422.40873957042,7845.877539726456,15.926838329310412,0,8089.7241519285535,8172.291816636781,198.33343690361653
2025-09-09,8002.608776706018,8068.184313664492,7974.368216993975,8053.82470703125,80671,8010.799424913194,8133.738458806818,8279.845166015624,8721.168955078125,8036.218092536578,8115.022775269927,45.7179208781734,-83.11239506980019,-72.78797813381328,-10.324416935986903,8422.456824460845,7844.776378664154,16.24782170693064,0,7996.865460124146,8172.291816636781,197.13678294375208
2025-09-10,8532.478232074553,8903.913389041334,8443.448671255195,8868.9716796875,1529853,8105.891872829861,8163.893599076705,8285.177353515624,8713.839243164062,8202.768809966763,8183.563584762434,68.99589506871794,-12.321192717411575,-60.69462105053295,48.37342833312137,8608.94333792583,7740.713986292921,17.72547643375139,0,8348.914881561283,8348.914881561283,237.4804383564857
2025-09-11,9525.205567074214,9525.205567074214,8657.885341569769,8747.3935546875,1573471,8195.665907118055,8194.940784801136,8288.623662109376,8704.164765625,8311.693758910911,8234.820854755622,64.54971313286636,33.583872575398345,-41.83892232534669,75.42279490074503,8708.270751168806,7701.122510549943,20.341113784022998,0,8659.56097057772,8659.56097057772,287.19202683718174
2025-09-12,8768.932735410403,8794.780026224385,8544.92288168922,8595.66015625,368777,8249.540961371527,8219.983043323864,8289.322490234375,8691.682387695313,8368.48703837873,8267.624427618746,59.40460489364172,57.06256861235306,-22.05862413780674,79.12119275015979,8756.23307660788,7689.968583548371,22.204567808084818,0,8659.56097057772,8659.56097057772,295.8761681469352
2025-09-15,8591.832296551021,8615.764977042807,8487.485809606836,8587.5244140625,120921,8302.086588541666,8239.868963068182,8288.183310546876,8680.160405273438,8412.294513515484,8296.706244568179,59.13244338735047,74.15826762791767,-2.815245784661858,76.97351341257952,8798.943477037747,7684.018827649753,23.64924280708532,0,8659.56097057772,8659.56097057772,283.9782603652308
2025-09-16,8588.00152874624,8777.548324275362,8585.608261125923,8752.1796875,162517,8379.734754774305,8263.714577414772,8288.824677734376,8668.875708007812,8480.271548312388,8338.112921198344,62.842777205086456,99.84211895275804,17.716227162822122,82.1258917899359,8871.134828449389,7668.308482097485,25.30535487323421,0,8659.56097057772,8659.56097057772,280.28578857565986
2025-09-17,8773.720020333903,8816.798842037671,8712.931016374143,8735.427734375,115640,8468.179253472223,8287.146839488636,8291.122216796875,8658.48421875,8531.302785524911,8374.232449668949,62.223813160742935,117.49065442575012,37.67111261540772,79.81954181034239,8930.868114681523,7659.120996646604,26.917599945601136,0,8659.56097057772,8659.56097057772,271.97772979419045
2025-09-18,8758.403957020606,8807.226626362397,8668.41707627299,8783.2939453125,108710,8563.378200954861,8314.234308416193,8294.348369140625,8648.154194335937,8581.70101748243,8411.419858363817,63.33505696163937,133.79731694318434,56.89635348096305,76.90096346222128,8986.30957922442,7643.120743041202,28.167760394444915,0,8719.392526971944,8659.56097057772,269.5160831701004
2025-09-19,8802.439463520874,8821.585606997809,8617.200525381528,8632.99609375,193760,8639.696885850695,8332.553688742897,8295.870498046876,8634.428872070312,8591.960032735944,8431.563152489834,57.6049894293367,133.05886418185037,72.12885562114052,60.93000856070985,9016.533012221294,7643.435395981829,29.038229075659075,0,8749.786892034095,8659.56097057772,269.03746987024203
2025-09-22,8520.033964297052,8726.33366309548,8482.220330410566,8669.8525390625,145431,8708.144422743055,8345.325084339489,8301.221865234374,8619.689643554688,8607.538534001256,8453.22582399644,58.59427422359106,133.90407928913191,84.48390035473881,49.42017893439311,9052.61526190298,7648.756661925147,29.10478562119624,0,8984.327119164704,8659.56097057772,276.08051637305164
2025-09-23,8709.58037589933,8818.234736491171,8649.270025967295,8715.32421875,130689,8691.072482638889,8362.948219992897,8310.182275390625,8605.675180664062,8629.095670951005,8477.052950792218,59.83941609636021,136.66768290336586,94.92065686446422,41.74702603890164,9088.263172262805,7646.949571877823,29.42398290268933,0,9003.71294874239,8659.56097057772,276.7984969250251
2025-09-24,8700.007311151576,8719.15345400182,8572.685461197443,8674.638671875,122602,8682.988606770834,8381.985551313921,8316.462197265624,8591.349228515624,8638.204271135804,8495.015289072471,58.1543215446868,134.0298622475275,102.74249794107688,31.287364306450613,9119.618778518045,7666.426973435085,29.299231802449807,0,8651.902968704188,8659.56097057772,270.3366727332304
2025-09-25,8674.638754689342,8734.94910524338,8505.19538884704,8528.6494140625,89964,8675.54296875,8388.882523970171,8319.027783203124,8575.650522460937,8616.293299721145,8498.072936798837,52.44711065020278,118.78992108485907,105.95198256983332,12.837938515025757,9124.939605817252,7712.657122698372,28.816709187229076,0,8651.902968704188,8659.56097057772,269.41355468031986
2025-09-26,8508.545774460512,8528.649224197648,8137.110607888652,8151.47021484375,133987,8627.092502170139,8388.208052201704,8313.293515625,8558.040412597657,8523.328682745667,8466.563598439283,41.19776827221174,75.4076957794532,99.84312521175733,-24.435429432304105,9111.18423537193,7747.616790018696,26.82028967759452,0,8479.348107443231,8659.56097057772,288.3887630403336
2025-09-29,8204.600635669582,8231.40523491102,8065.791103883562,8092.595703125,108039,8553.805392795139,8391.819691051136,8307.71240234375,8541.711643066406,8437.182086821535,8432.566517047075,39.76406075125414,35.86288361355764,87.04707689211737,-51.18419327855973,9112.110355660092,7744.871773246157,25.237917650577224,0,8443.688355440685,8659.56097057772,291.50003068679547
2025-09-30,8099.775767629492,8147.162471387636,7955.222388488486,8044.251953125,111001,8477.008083767361,8396.584450461647,8300.29328125,8525.133498535157,8358.596060082229,8397.265193054158,38.576893718188295,0.6153056076454959,69.760722635223,-69.14541702757751,9116.076750114638,7733.869197150985,24.178184727579545,0,8388.403997743148,8659.56097057772,244.4894164645859
2025-10-01,8041.380324750688,8381.224374189556,8019.362259575775,8351.5478515625,176760,8429.036295572916,8407.52823153409,8298.43611328125,8510.794709472657,8357.186418378284,8393.10907110037,48.99990476550882,-2.493697292089564,55.30983864976049,-57.80353594185006,9109.769867762643,7769.996245518606,22.659190270132115,0,8388.403997743148,8659.56097057772,208.3852656866813
2025-10-03,8351.547615975787,8600.447476149297,8272.091122151167,8579.38671875,209851,8423.079698350695,8428.654274680397,8303.30880859375,8496.721110839844,8401.626478452627,8410.043402704881,55.08550815595304,13.274072716432784,46.90268546309496,-33.62861274666217,9101.01283986621,7842.749220680666,22.00075816991748,0,8386.728562489829,8659.56097057772,213.99235207689296
2025-10-06,8557.368508090429,8721.068028717284,8520.033529701848,8705.2724609375,110924,8427.015245225695,8458.287286931818,8309.3302734375,8482.478298339844,8462.355674949602,8436.882407998755,58.06308227634701,35.51863466152645,44.62587530278126,-9.107240641254812,9092.431257358234,7929.207707485517,21.762670146638644,0,8386.728562489829,8659.56097057772,219.18916147542615
2025-10-07,8701.922342745445,8965.181819561178,8695.69984602071,8934.0693359375,204283,8451.320258246527,8503.498291015625,8316.864296875,8469.499816894531,8556.698407147182,8482.08121962955,62.87973549513615,70.79354205826348,49.85940865387771,20.934133404385776,9106.6414302599,8013.7916752088495,22.21718860947265,0,8460.202104024833,8659.56097057772,224.7278693604996
2025-10-08,8874.237051713233,8917.315872352618,8714.36676178485,8797.173828125,165216,8464.935275607639,8543.07421875,8327.9786328125,8456.085217285156,8604.793491342745,8510.726002220044,58.5468594200813,86.70337438623937,57.22820180035005,29.475172585889325,9097.982250974008,8096.785766604115,22.639241467818515,0,8460.202104024833,8659.56097057772,233.00177996686548
2025-10-09,8826.372213207458,8981.455976606549,8792.387808265064,8913.9658203125,187532,8507.748209635416,8587.066850142046,8340.05029296875,8441.149450683593,8666.627957136698,8547.384167501177,61.0150094096195,107.49701020931208,67.28196348214246,40.21504672716961,9105.745063490498,8093.522368150128,23.20685140760952,0,8468.339182547517,8659.56097057772,236.59168127058527
2025-10-10,8979.541194762156,8979.541194762156,8789.037069201637,8819.6708984375,133863,8581.992730034723,8621.878040660511,8350.551953125,8428.445393066406,8697.236545396858,8572.137506677207,58.01176873055199,115.041181143808,76.83380701447557,38.20737412933242,9114.804236900429,8091.690929115197,23.71599254736876,0,8468.339182547517,8659.56097057772,235.60018440945944
2025-10-13,8797.652365836006,8878.06616330393,8688.998008543036,8804.353515625,215451,8661.076931423611,8618.940851384943,8362.55658203125,8415.562712402343,8718.659939442487,8593.248052945188,57.51651589530968,118.41894628244154,85.15083486806877,33.26811141437277,9133.041548441444,8094.322953511683,23.647009018535,0,8468.339182547517,8659.56097057772,231.6683859863152
2025-10-14,8804.831941777235,8883.809776536313,8540.136531948325,8567.8984375,134209,8719.259874131945,8610.781982421875,8371.650986328124,8401.358850097657,8688.507639053989,8590.94354245017,50.368022413592485,100.8533264547914,88.29133318541331,12.561993269378078,9132.34243696919,8093.059467327687,22.835054112484045,0,8500.409118091162,8719.392526971944,244.14756699089455
2025-10-15,8591.352975989745,8685.647729807226,8357.770032523089,8383.138671875,152247,8722.769965277777,8601.121914950285,8378.897802734375,8386.32348876953,8627.433845618192,8572.0521905797,45.59908598519996,71.20309227837242,84.87368500400513,-13.670592725632702,9119.217974119454,8069.27982861492,21.26984649739167,0,8626.773549378857,8740.21397778135,257.1054030251631
2025-10-16,8415.208305671556,8470.25346551185,8378.35198125675,8420.9521484375,103843,8705.166124131945,8593.550448330965,8383.243974609375,8369.775095214844,8586.137506182054,8558.315823112227,46.71114268287488,50.17788024453148,77.93452405211039,-27.75664380757891,9104.526935530115,8052.523308610506,19.816439426234464,0,8669.613004564819,8740.21397778135,247.25881501507456
2025-10-17,8434.35397785309,8459.722615321238,8348.674994705954,8405.634765625,121533,8671.873046875,8577.798406427557,8387.178505859374,8351.764089355469,8550.036958070643,8544.435726977024,46.29827754834327,31.911408594860404,68.72990096066039,-36.81849236579998,9081.793490909778,8037.490835262095,18.47015448565316,0,8665.06548565625,8740.21397778135,227.22373033232
2025-10-20,8371.651435377962,8380.267200148506,8184.9765320161905,8218.9609375,225848,8592.416558159723,8554.322642933239,8388.490029296874,8333.543220214844,8483.821753956516,8514.84710975184,41.48577992900006,2.345048123239394,55.4529303931762,-53.1078822699368,9081.286417616551,7996.594392930321,17.928375872486587,0,8583.21625431137,8468.339182547517,231.1554519452736
2025-10-21,8251.987166764544,8299.852521560162,8233.79833194221,8252.4658203125,15929,8531.893446180555,8530.194091796875,8389.428173828124,8316.22752685547,8437.550567227714,8490.994265257354,42.63827024714306,-18.17344932245578,40.727654450049805,-58.90110377250559,9071.220959301469,7964.921179370409,17.425295731689054,0,8583.21625431137,8468.339182547517,223.2234163139173
2025-10-23,8357.769599124069,8366.864016533345,8156.735109024298,8167.744140625,209610,8448.979926215277,8509.046275745739,8391.495947265625,8298.404978027344,8383.58928190717,8461.607890290776,40.46778690591294,-40.80051493933934,24.42202057217198,-65.22253551151132,9056.788255615824,7924.595875243554,17.288119486225238,0,8568.138151893227,8468.339182547517,212.38533009215055
2025-10-24,8204.121496232852,8241.93512506613,8141.896537393279,8199.3349609375,108451,8380.0537109375,8487.659113103693,8394.588037109375,8281.344694824218,8346.738417713237,8437.764896713205,41.66032406548862,-55.54324433003967,8.42896759172965,-63.97221192176932,9040.368050364144,7893.4857094014815,17.22492785157081,0,8512.853156964797,8468.339182547517,196.07691821177352
2025-10-27,8270.176792346796,8342.453484998976,8213.695668287475,8324.2646484375,203519,8326.710503472223,8469.883678089489,8398.072646484376,8267.306364746093,8342.24366385809,8427.446692324504,46.24616299507039,-56.49494334748124,-4.555814596112528,-51.93912875136871,9032.795970071877,7880.61931313125,16.567613899209025,0,8512.853156964797,8468.339182547517,191.9400628579193
2025-10-28,8347.718239551241,8347.718239551241,8157.214119176161,8234.27734375,148260,8289.641493055555,8449.867254083807,8398.206669921876,8252.142370605468,8320.650399836471,8409.885842454094,43.58834384520605,-63.7752339106064,-16.399698459011304,-47.3755354515951,9028.832777332818,7892.863218760932,16.2315368393087,0,8413.772133600252,8468.339182547517,186.29878763182015
2025-10-29,8252.944458127635,8334.794214672109,8242.414080092673,8289.80078125,91011,8279.270616319445,8439.010498046875,8399.604326171875,8238.03051513672,8314.480476119177,8398.969018708267,45.663363696766034,-64.32316188558252,-25.98439114432555,-38.33877074125697,9018.254890321266,7923.161613584984,15.919465283686968,0,8306.075001452566,8468.339182547517,177.7855231153529
2025-10-30,8295.06722378447,8323.786440947024,8224.226488116836,8244.80859375,75010,8259.699110243055,8443.253151633522,8400.75310546875,8224.866149902344,8300.546099645342,8384.954434621151,44.24317789601637,-67.60854306956026,-34.30922152937249,-33.29932154018776,9002.118721150182,7959.353446818569,15.726334472371851,0,8300.809576357258,8468.339182547517,171.39207915026034
2025-10-31,8264.911109789022,8268.261684745212,8137.110607888652,8151.47021484375,111369,8231.458604600695,8445.929265802557,8399.183115234375,8212.51375,8270.730922685025,8363.72859645957,41.36871240891699,-76.85788854731254,-42.8189549329605,-34.03893361435204,9009.925394408729,7931.539009888146,16.001872529285095,0,8258.68890401858,8468.339182547517,167.15257567140608
2025-11-03,8223.409665994019,8234.103306652009,8078.559442535796,8172.85791015625,155670,8226.336046006945,8451.77499112216,8394.86263671875,8203.071877441405,8251.15632017927,8346.376715886541,42.29388139722636,-81.52251243176397,-50.5596664327212,-30.96284599904277,9002.840406483056,7897.971116954445,16.54742400851907,0,8222.71172953457,8468.339182547517,164.75798348250024
2025-11-04,8185.495769988738,8190.356515695383,8059.116381615991,8093.1416015625,85461,8208.633355034723,8440.029252485796,8390.1731640625,8193.694045410157,8219.553376455917,8323.355341857083,39.774661914123776,-90.60723653182686,-58.56918045254234,-32.03805607928452,8980.544889743805,7859.053547756196,17.150638481067265,0,8212.990199074668,8468.339182547517,149.58418987474337
2025-11-06,8093.627756403396,8124.736529234447,7971.136963381135,7983.77490234375,76986,8188.192328559027,8412.955988103693,8384.732314453126,8184.681879882813,8172.397681633483,8292.484392810416,36.55740030808212,-105.4167458181946,-67.9386935256728,-37.47805229252181,8910.12816176469,7834.440832375934,18.136552118510437,0,8159.427601466188,8468.339182547517,137.13575191539874
2025-11-07,7981.344409707175,7981.344409707175,7812.190459976475,7851.5625,91422,8149.550944010417,8374.150989879261,8374.225244140625,8176.68060546875,8108.230645306787,8252.400584373107,33.07447171577546,-126.36516557917275,-79.6239879363728,-46.741177642799954,8871.759240457797,7778.248620870328,19.71249856095624,0,8079.954349763858,8396.823218291513,142.82739178055408
2025-11-10,7914.752124275744,8024.604975721198,7861.769996808689,7948.77734375,78362,8107.830132378473,8329.364990234375,8369.874619140624,8169.91998046875,8076.339984995429,8224.798471589187,37.769293057137645,-133.58265602633037,-90.41572155436432,-43.16693447196605,8772.635496389,7780.853517282875,20.79764917094559,0,8079.954349763858,8396.823218291513,147.2555957166908
2025-11-11,7948.7773570204445,8033.840405848095,7941.000163984773,8012.453125,74067,8083.182996961806,8293.695867365057,8369.860888671876,8163.522490234375,8063.562612996344,8205.494349171988,40.70344826967561,-132.6355260373366,-98.8596824509588,-33.77584358637782,8674.216376513205,7798.550859814919,21.72233678508539,0,8073.492337324292,8396.823218291513,138.12573916344166
2025-11-12,8068.837709133757,8195.217094939466,8041.131459168659,8160.2197265625,104111,8068.785101996527,8259.434681285511,8374.27673828125,8159.030712890625,8082.894035709575,8201.378474389307,46.95399127954553,-118.59430753342532,-102.8066074674521,-15.787700065973212,8551.506275645272,7856.847581776605,21.24917861970149,0,8067.988450461749,8396.823218291513,145.40233815482048
2025-11-13,8147.095716767591,8175.77411586605,8055.713699301311,8072.240234375,57121,8049.61083984375,8225.460560191761,8373.505849609375,8154.9,8080.76327544266,8189.638634388006,43.98132300865847,-113.26015785405524,-104.89731754477272,-8.362840309282518,8485.768079583615,7873.01995752576,20.80981746613073,0,8040.226072360843,8396.823218291513,138.96887451594134
2025-11-14,8064.949072684228,8064.949072684228,7931.764643687394,7994.46826171875,71224,8032.166178385417,8188.647594105114,8371.102939453125,8148.230778808594,8063.504272697879,8171.895873236255,41.48125312976856,-113.99429871198026,-106.71671377821426,-7.277584933766008,8461.183086644576,7858.737909449174,21.07175106033868,0,8023.146883314242,8396.823218291513,141.8572318741382
2025-11-17,8045.992375765081,8116.473188577619,8010.508932073252,8055.7138671875,63753,8019.150173611111,8165.366477272727,8371.15029296875,8143.032121582031,8061.946191595804,8161.333872686368,44.17258868977018,-108.3847106434814,-107.05031315126767,-1.334397492213725,8419.688453472081,7863.708714496669,20.896009234199376,0,8003.70377745797,8396.823218291513,140.3491177882377
2025-11-18,8051.339095818366,8059.1162888594845,7930.306529115953,7949.74951171875,63320,8003.217719184027,8145.666969992898,8371.35673828125,8139.653413085937,8039.506855620393,8142.098930780221,40.68609862830431,-111.20757785634032,-107.88176609228222,-3.325811764058102,8380.020474484352,7857.788168093773,21.158416114693917,0,8003.70377745797,8395.865827369315,135.9423777431271
2025-11-19,7960.929466358341,8138.832762529251,7937.597886532649,8100.9189453125,144973,8016.233723958333,8131.120006214489,8374.845048828125,8137.27404296875,8051.789273558815,8138.3552957377,47.100761924462304,-100.09280301726812,-106.3239734772794,6.231170460011285,8369.89796856141,7856.106474797966,20.75549314817223,0,8003.70377745797,8348.000118256394,143.1365209627338
2025-11-20,8166.0529495744995,8277.364028470485,8112.584745738,8139.31884765625,133670,8048.206651475694,8119.014737215909,8378.7088671875,8133.741691894531,8069.295188378303,8138.442891366659,48.62080361392034,-87.18074729522141,-102.49532824086782,15.314580945646412,8356.165512411742,7858.524233682008,19.39354930618916,0,8069.567012639587,8348.000118256394,148.6283159861479
2025-11-21,8098.488174951181,8138.346288530558,7923.015260290754,7941.97216796875,84765,8047.450520833333,8106.424338600852,8376.47181640625,8131.735869140625,8043.830584296393,8120.581916512303,41.94941315422462,-91.81370660720496,-100.35900391413526,8.545297306930308,8353.66962651378,7838.442922314346,19.181985338000683,0,8100.18964438062,8248.919094891851,154.71063816535766
2025-11-24,7947.319042842882,8044.533954681938,7887.045797502666,7919.61279296875,272790,8037.134928385417,8091.294655539773,8357.484638671875,8129.027145996094,8018.987026030864,8102.311996190161,41.25865845405009,-96.1808618333216,-99.52337549797254,3.342513664650923,8346.360925595667,7817.779406435582,19.16301209373117,0,8082.204912986575,8141.221962744163,154.84951624129047
2025-11-25,7971.622813968951,7993.010094689355,7835.5219366572865,7858.853515625,79913,8003.649793836806,8077.254172585227,8339.713837890626,8127.075769042969,7986.960323949692,8080.179407047874,39.36190163470499,-103.35323791729024,-100.28934798183607,-3.0638899354541564,8315.139333041958,7802.459885708042,19.39938690802237,0,8056.442982563885,8135.956537648856,156.7243750950531
2025-11-26,7893.850936735707,7991.065849749694,7851.076375009554,7949.74951171875,167920,7990.039713541667,8065.90937943892,8326.795625,8124.116323242188,7979.518161503504,8068.322143836135,43.54336572981896,-100.54384356058743,-100.34024709758636,-0.2035964630010767,8291.309574125626,7797.836861421248,19.618877807007067,0,8056.442982563885,8096.22883006249,155.7522257298265
2025-11-27,7970.650697534373,8045.506180362785,7888.99017081247,7923.50146484375,197830,7982.154513888889,8047.69287109375,8313.515166015624,8120.956071777344,7968.314822171555,8055.1566275641,42.629195944531546,-99.29081361803584,-100.13036040167628,0.8395467836404436,8249.623655838948,7802.892848067301,19.376547680428963,0,8056.442982563885,8089.52723825491,154.6759091000437
2025-11-28,7896.281201936791,8034.812451093577,7862.255982845651,7881.212890625,91091,7962.765516493056,8031.644486860795,8296.095830078126,8117.173693847656,7950.894435862245,8039.343560569636,41.13094590291462,-100.5510232745919,-100.2144929762594,-0.3365302983325051,8215.138745601633,7801.018187992116,19.308677855904172,0,8056.442982563885,8089.52723825491,154.6411942805243
2025-12-01,7922.529296875,7961.901336450855,7884.129406424474,7922.529296875,82563,7959.741048177083,8014.950328480114,8279.837861328126,8113.776452636719,7945.221408064796,8028.724082051942,43.23026382137426,-97.09659076021852,-99.59091253305124,2.4943217728327056,8195.46384195444,7797.7989998424355,19.245655875988305,0,8056.442982563885,8079.954349763858,153.77320884927667
2025-12-02,7922.529567663398,7968.220578115594,7840.382963765299,7873.43603515625,93379,7934.465169270833,7998.069757634943,8261.640703125,8109.30333984375,7930.864333483088,8014.606986879606,41.3436458860863,-97.19988427483712,-99.11270688140844,1.9128226065712963,8169.404122330689,7793.916531966186,19.463753711227312,0,8056.442982563885,8079.954349763858,149.8498977357645
2025-12-03,7897.739565032738,7961.901407880123,7818.509410607557,7850.59033203125,120259,7902.384223090277,7984.393399325284,8245.992587890625,8105.478923339844,7914.809533192721,7999.696381893391,40.45878253511592,-97.99557050538168,-98.88927960620308,0.8937091008213969,8158.288491725658,7780.777035618092,19.804615820493687,0,7978.427849569058,8079.954349763858,151.516439214895
2025-12-04,7865.65887246641,7995.92686021953,7834.064024690466,7963.35986328125,76182,7904.760633680556,7974.870760830966,8231.862734375,8102.928872070312,7924.519599210427,7996.39306201956,46.540978021526,-88.50635271728424,-96.81269422841932,8.306341511135088,8157.164223413111,7779.859800024388,19.765434200632964,0,7932.007795485171,8073.492337324292,153.04409956071342
2025-12-05,7991.065899136148,8048.422698168877,7930.792652694975,7990.09375,89963,7912.591851128473,7970.186767578125,8217.358125,8100.93314453125,7937.634429368342,7995.8203972905085,47.89972225553331,-77.93054322805165,-93.0362640283458,15.105720800294163,8156.010710797684,7794.866437639816,19.197166275534403,0,7933.466054388216,8067.988450461749,152.73160803321576
2025-12-08,8025.090895994269,8033.840237976577,7659.562830955644,7802.46875,149195,7906.326877170139,7961.945578835227,8199.9147265625,8098.1924609375,7910.601293494674,7978.242974809553,40.18092072516763,-83.72379171109606,-91.17376956489586,7.449977853799808,8164.4136580517315,7771.832631010768,20.29372969065032,0,7853.992764562261,7968.463429713065,170.26501141017297
2025-12-09,7748.514662943003,7863.228260612819,7695.046460639274,7837.46630859375,82888,7893.850965711806,7961.304842862216,8186.091064453125,8095.810886230469,7895.974296514489,7965.445096062661,42.05657490726407,-84.5167162847938,-89.84235890887545,5.325642624081652,8162.813891557421,7755.933715864455,21.311967147543665,0,7853.992764562261,7968.463429713065,167.904077408526
2025-12-10,7839.410403430749,7890.93430613187,7613.871810474904,7650.8134765625,106562,7863.552300347223,7947.76103071733,8176.0779296875,8093.265007324218,7846.942132524091,7936.842221562646,35.638384808327146,-99.06448463095512,-91.6867840532914,-7.377700577663731,8157.974924259972,7709.832058161903,22.64150908754037,0,7831.147254321891,7945.617919472695,175.09103544416743
2025-12-11,7497.700093142469,7812.6764082385025,7314.936058457116,7782.0537109375,264718,7852.534613715277,7937.288330078125,8169.86708984375,8091.562932128906,7833.964448206772,7922.770538778541,42.30539304155554,-98.86406239212556,-93.12223972105822,-5.74182267106734,8143.3297404110845,7695.45858966704,24.930508946803304,0,7681.679378312996,7796.1500434638,195.1936613310168
2025-12-12,7753.375517064788,7800.038676091696,7671.714988767698,7767.4716796875,96155,7835.305989583333,7919.436146129261,8164.331484375,8089.617734375,7820.6658945029185,7908.6524606793555,41.787445718098446,-98.74361939996923,-94.24651565684044,-4.497103743128818,8138.862958399345,7677.225713475655,27.056008816118887,0,7681.679378312996,7796.1500434638,193.1104849127829
2025-12-15,7772.3322454380095,7786.914482296243,7712.545074319256,7745.59814453125,49684,7821.101779513889,7904.588778409091,8152.212490234375,8088.090034179688,7805.652344508585,7893.829341029527,40.97701514461447,-99.26886921174172,-95.25098636782069,-4.0178828439210434,8123.254031833957,7661.823067775417,29.02968726619764,0,7681.679378312996,7796.1500434638,187.1734313374199
2025-12-16,7727.613700765832,7736.849117819206,7568.181237949679,7610.4697265625,107137,7794.421712239583,7887.134299538352,8132.834150390625,8087.161174316407,7766.615820919368,7868.0693760779795,36.2940796456755,-109.3285954924122,-98.066508192739,-11.262087299673212,8136.493966566721,7614.655154527029,31.280176532080283,0,7681.679378312996,7796.1500434638,189.84681932609357
2025-12-17,7582.763244529984,7642.550416265702,7453.953484286366,7497.7001953125,81864,7742.681749131944,7861.770041725852,8108.682705078125,8086.001232910156,7712.832695797995,7834.399450553845,32.913566939140125,-124.96009754430544,-103.44522606305227,-21.514871481253135,8134.583123228493,7556.244122865257,33.64924222281487,0,7681.679378312996,7796.1500434638,192.1383137853093
2025-12-18,7454.439593699021,7546.793761852569,7383.958781160787,7449.0927734375,119072,7682.570529513889,7839.012917258523,8078.983173828125,8085.174970703125,7660.084711325897,7799.371570815995,31.5495027771908,-139.6604693009822,-110.68827471063828,-28.97219459034392,8116.657495674079,7505.1471429977955,36.004957908752026,0,7674.388148216846,7796.1500434638,191.4439218170133
2025-12-19,7504.991449539049,7625.051869748644,7427.219517419474,7605.60888671875,102445,7660.697211371527,7816.49882368608,8055.151875,8085.718674316407,7649.189546404468,7781.756781352609,40.15072023746094,-137.10066640641617,-115.97075304979384,-21.129913356622325,8106.416184313352,7481.752126233522,37.373340672075216,0,7602.935182294493,7796.1500434638,199.81134371010725
2025-12-22,7679.978015075377,7709.628563108263,7595.887116555881,7641.578125,78936,7638.931857638889,7793.874245383523,8029.70412109375,8087.918688964844,7647.667262123575,7769.013267138736,41.95581057308805,-130.6633811257716,-118.9092786649894,-11.754102460782208,8093.737300573216,7466.627543176784,37.82211964403844,0,7602.935182294493,7796.1500434638,198.80447458168484
2025-12-23,7676.089330045894,7676.089330045894,7539.016306295074,7599.28955078125,101671,7633.206976996527,7778.297762784091,8005.296494140625,8089.569157714844,7637.99171985511,7753.583838378964,40.4125722755234,-127.50433013273596,-120.62828895853872,-6.8760411741972405,8088.44149010725,7445.966957158375,38.44394287258181,0,7563.806233347809,7796.1500434638,198.3531193301315
2025-12-24,7602.206315957498,7632.342939460654,7547.765963822764,7565.2646484375,54134,7609.119303385417,7762.191028941761,7980.514716796875,8091.987973632812,7623.446305571589,7736.463912020648,39.16435446020444,-126.29048660569696,-121.76072848797035,-4.529758117726601,8069.238669751984,7426.721291185516,39.021350156229225,0,7591.998728626242,7796.1500434638,192.8327007664762
2025-12-26,7534.155781998401,7583.249313223036,7511.310277369115,7560.40380859375,89564,7586.111762152777,7748.625133167614,7960.36482421875,8093.056059570313,7610.837806176021,7720.458448072748,38.97912711594445,-124.28802107654155,-122.2661870056846,-2.02183407085694,8050.357212549193,7409.292982763308,39.69694014936625,0,7585.436631728515,7796.1500434638,189.5690572221918
2025-12-29,7563.806173738989,7573.04159031254,7412.150912110137,7476.798828125,122553,7556.245171440973,7727.127374822443,7942.23802734375,8094.149267578125,7584.030010565818,7698.3075735320435,35.83947660675858,-127.97209329392354,-123.4073682633324,-4.564725030591134,8040.77312771558,7378.435661346921,40.67976356391212,0,7560.403949489997,7726.641173493837,174.32714802086826
2025-12-30,7446.662210149233,7502.560784181031,7389.305412447039,7414.09521484375,139152,7534.42578125,7703.972545276989,7922.100888671875,8096.115322265625,7550.043051421405,7672.470086378562,33.650288448289075,-134.40210086793832,-125.6063147842536,-8.795786083684717,8024.463957120324,7343.901423739051,41.670201989600976,0,7546.793672134525,7681.679378312996,170.40383171804302
2025-12-31,7446.176055912173,7500.130331139423,7399.026824407279,7472.91015625,54251,7531.671332465277,7685.413330078125,7903.446396484375,8099.213977050781,7534.616472387124,7654.328274548692,37.50629270789584,-133.21641801895748,-127.1283354311944,-6.088082587763097,8004.684492059966,7323.628300908785,42.58989481345492,0,7546.793672134525,7681.679378312996,157.83533250912726
2026-01-01,7485.062274009147,7499.15843648374,7429.163698678862,7473.396484375,48035,7534.371744791667,7664.998202237216,7888.535107421875,8101.645817871094,7522.372474784699,7637.879929987447,37.538617553469095,-130.73053299603453,-127.8487749441624,-2.8817580518721115,7984.125971843048,7306.467436360077,43.44389529274786,0,7549.46698777765,7681.679378312996,127.28207451080524
2026-01-02,7471.938113611929,7525.406315049433,7441.801490983517,7516.1708984375,54875,7524.434190538194,7648.758877840909,7873.809208984375,8105.387919921875,7521.132159515259,7626.815472573815,40.45589867297108,-123.8808916654425,-127.05519828841844,3.1743066229759336,7931.016345899145,7314.858165819605,43.87816313109236,0,7549.46698777765,7681.679378312996,124.08786999237074
2026-01-05,7519.573615092667,7527.83688280156,7417.497955159282,7463.18896484375,104098,7504.613172743056,7631.149724786932,7859.71810546875,8108.717631835938,7509.543520580957,7611.940335507445,38.08327223915522,-121.32909453738102,-125.90997753821097,4.580883000829928,7859.238322628459,7333.945710574665,44.39457667987811,0,7532.697371246466,7681.679378312996,126.6571213970344
2026-01-06,7428.191478402188,7486.520426014297,7363.543561465432,7381.5283203125,160627,7480.41748046875,7604.70283647017,7843.36197265625,8110.926198730469,7483.940480527266,7590.993788671541,34.70489651107019,-124.46139498897264,-125.6202610283633,1.1588660393906594,7836.182780344889,7314.907209889487,45.11787290622246,0,7497.943250463042,7681.679378312996,122.76854696612683
2026-01-07,7371.320632462147,7622.62117759785,7343.128308249631,7614.35791015625,123199,7485.872287326389,7587.623934659091,7829.163837890625,8114.298913574219,7510.023966453064,7593.117799715605,48.68291784018784,-106.92381244939044,-121.88097131256872,14.957158863178307,7795.219684386046,7333.559466004579,44.03021584242936,0,7482.874742923741,7681.679378312996,129.26111392104707
2026-01-08,7614.844130195816,7649.841498852404,7359.168909176858,7382.50048828125,151580,7466.105251736111,7568.53446821733,7812.12830078125,8115.616540527344,7484.5192708187005,7573.97077140339,39.59315236406674,-110.46078499730356,-119.59693404951572,9.136149052212147,7791.633990884952,7310.313860677547,42.712294433167344,0,7496.484903551018,7681.679378312996,138.39237170560162
2026-01-09,7382.500310160621,7431.593840008278,7311.533425430343,7385.90283203125,123509,7456.005696614583,7548.008855646307,7794.050341796875,8117.396647949219,7464.795983061211,7556.873686005922,39.7708675565566,-111.70169293373328,-118.01788582635923,6.316192892625949,7756.466574975161,7305.866188696714,41.80145853711544,0,7480.687462141373,7679.97806179961,132.83723329479906
2026-01-12,7387.3610451613795,7391.735716131669,7246.885499559877,7372.77880859375,85550,7451.414984809027,7535.370916193182,7776.60974609375,8118.806889648437,7446.39254816772,7540.137788059361,39.29069035694,-112.4478911304086,-116.90388688716912,4.455995756760501,7717.940638217375,7304.922838345125,41.35203615748237,0,7448.36349920614,7647.654098864377,135.0592882961855
2026-01-13,7397.568768634122,7490.89508465868,7370.834667689587,7481.65966796875,105308,7452.387152777777,7521.716641512784,7763.21353515625,8119.292495117187,7453.445972127926,7534.82159532385,45.20183653672976,-103.06540929868244,-114.13619136947176,11.070782070789347,7673.035417673859,7323.434211232391,39.81460066754771,0,7448.36349920614,7640.362868768227,133.84410209749078
2026-01-14,7486.034155503606,7486.034155503606,7300.839751682628,7321.2548828125,100564,7435.482530381944,7501.434059836648,7746.181474609375,8118.963088378906,7427.007754264841,7515.406439641,39.15348177267078,-107.33575073302836,-112.7761032421831,5.440352509154735,7667.123265208108,7300.424879323143,38.85001920009772,0,7448.36349920614,7568.909902845873,141.03106125342563
2026-01-15,7321.2548828125,7321.2548828125,7321.2548828125,7321.2548828125,0,7413.8251953125,7482.145729758523,7730.743740234375,8118.981057128906,7405.857179974373,7497.756298111136,39.15348177267078,-109.45826039545864,-112.1125346728382,2.654274277379571,7671.95156819397,7277.952045087281,37.95433640889416,0,7448.36349920614,7568.909902845873,135.89255869243132
2026-01-16,7373.264886428216,7787.886479685732,7336.323220440442,7737.82080078125,381617,7444.33984375,7487.934414950284,7725.824658203125,8121.187600097656,7472.249904135749,7519.580343808419,56.63147622016463,-76.64347809477931,-105.01872335722643,28.375245262447123,7718.163219774014,7260.613196241612,36.83464096702944,0,7517.385989622804,7529.78095389919,157.7311957403477
2026-01-19,7743.167717047295,7799.066291275822,7666.854011361393,7767.95751953125,148585,7487.276421440973,7500.218838778409,7724.15255859375,8123.6160180664065,7531.3914272148495,7542.160087055949,57.58080190917674,-47.65639214017574,-93.54625711381632,45.88986497364057,7753.540707055343,7241.470572241533,35.84948291263528,0,7522.975895417849,7523.462087825786,159.08526061037895
2026-01-20,7752.889263116514,7784.970184205272,7576.930271690296,7607.06689453125,167450,7486.46630859375,7507.399480646307,7717.318349609375,8126.471567382812,7546.52652067813,7548.060705917339,51.14420275444902,-37.23719924536999,-82.28444554012705,45.04724629475706,7748.165967320795,7243.394188929205,34.24520826011758,0,7522.975895417849,7522.975895417849,166.72357530915264
2026-01-21,7534.156032250806,7588.596385516103,7328.546483757768,7459.78662109375,161634,7495.053656684027,7500.77119584517,7706.26501953125,8127.748942871094,7529.178540761254,7540.035789115194,46.06760328926779,-40.39851210348115,-73.90725885279788,33.50874674931673,7736.818849208248,7240.791014073002,32.37516834370676,0,7522.975895417849,7522.975895417849,181.61826623548143
2026-01-22,7626.509769705862,7790.316894778575,7622.621173264966,7677.0615234375,326204,7527.404622395833,7502.38407759233,7696.60185546875,8130.973247070313,7558.755137296504,7552.492674053586,53.41410515998648,-25.08247142525306,-64.14230136728892,39.05982994203586,7754.413527632891,7234.376023148359,30.582588474622305,0,7522.975895417849,7522.975895417849,199.25579835111785
2026-01-23,7662.965496172553,7819.967580236222,7626.509903897707,7734.41845703125,174884,7567.586805555556,7508.526300603693,7689.845419921875,8134.761447753906,7593.887801243453,7569.03138159701,55.15088895194716,-8.221402442805811,-52.95812158239231,44.7367191395865,7783.278320350872,7222.912695274127,29.063633669473734,0,7560.403665959425,7533.42653989805,205.1928518294205
2026-01-27,7756.777852584682,7864.200330678505,7704.281799941548,7783.02587890625,133152,7601.071940104167,7518.424538352273,7685.616572265625,8139.847333984375,7631.715416776014,7588.485426806941,56.62664863360348,8.960043119713191,-40.574488641971215,49.534531761684406,7824.783713629275,7212.03000707385,27.87411902338565,0,7582.520041180567,7555.542915119191,207.83154227142705
2026-01-28,7824.828168998634,7848.645822140697,7714.489245258873,7789.3447265625,83252,7653.081922743056,7528.830943714489,7680.289189453125,8143.796999511719,7663.241278733311,7606.745363148355,56.82553670238262,22.823248508855613,-27.89494121180585,50.71818972066146,7862.050848013521,7212.287823861479,26.769569709160987,0,7592.727606745502,7555.542915119191,197.45037852382745
2026-01-29,7796.635964912281,7796.635964912281,7537.072149122808,7619.21875,128041,7686.189019097223,7535.304576526989,7673.67857421875,8147.56783203125,7654.43677298665,7607.879307407595,50.15694325852604,19.853337238851964,-18.34528552167429,38.19862276052625,7869.86245358824,7219.107077661761,25.070567453266936,0,7596.373407218137,7555.542915119191,195.2283232462508
2026-01-30,7612.413956821088,7612.413956821088,7473.882702259181,7543.87744140625,100253,7664.639756944444,7541.203768643466,7662.537744140625,8150.1329418945315,7632.32490667057,7602.060955952927,47.49855561520033,11.290101943035552,-12.41820802873232,23.70830997176787,7871.666848091679,7224.350778861447,23.83875205629688,0,7596.373407218137,7555.542915119191,197.0337256150283
2026-02-02,7631.370626207051,7631.85670076923,7424.788937281064,7519.08740234375,99623,7636.987521701389,7543.302734375,7650.133115234375,8151.571628417969,7609.677405805207,7594.517905624819,46.62293576076653,2.474799356506992,-9.439606551684458,11.91440590819145,7871.754897568393,7224.554379775356,22.95881768949483,0,7596.373407218137,7555.542915119191,201.477836109055
2026-02-03,7699.42133696416,7792.261581620735,7588.11025829214,7608.525390625,87430,7637.149576822917,7549.444957386364,7643.4641796875,8153.056328125,7609.447002769166,7595.791313352108,50.19053887830471,2.6746747501074424,-7.016750291326078,9.69142504143352,7877.511896437001,7233.331023484874,21.480638409781985,0,7596.373407218137,7555.542915119191,212.4145334167616
2026-02-04,7475.8270786134435,7475.8270786134435,7257.57959107785,7308.13134765625,217399,7620.298990885417,7539.988614169034,7631.23455078125,8152.726000976562,7549.183871746583,7569.640407379757,40.41902847403728,-21.162265901988576,-9.845853413458578,-11.316412488529998,7883.7059213980465,7219.797301258204,21.356856552366107,0,7560.889960878178,7555.542915119191,224.25391882577392
2026-02-05,7288.202004715496,7331.948715428075,7203.625030671179,7242.9970703125,92851,7572.069607204861,7529.979891690341,7618.917421875,8151.22359375,7487.946511459766,7539.945558555461,38.66142592256246,-44.79266299983192,-16.83521533073325,-27.95744766909867,7890.935108566236,7175.432030105639,21.450911367606107,0,7533.912680674843,7533.912680674843,233.4198963084093
2026-02-06,7145.296232920911,7193.903690287721,6946.005657716994,7061.69140625,266523,7497.322157118056,7515.441850142045,7601.156259765625,8148.580446777344,7402.695490417814,7496.467908345873,34.202964531854846,-77.25917907862913,-28.920008080312428,-48.3391709983167,7928.146463596317,7106.139766872432,22.41024919695149,0,7405.10299419775,7405.10299419775,221.3027402885717
2026-02-09,7191.9592488844655,7192.931398012458,7050.5115507616365,7067.0380859375,78522,7417.767957899306,7490.56367631392,7584.0269921875,8143.948881835938,7335.564009521751,7457.428833581475,34.44305963194937,-101.38894595642068,-43.41379565553409,-57.9751503008866,7956.039262624524,7046.360493234851,23.301062895629347,0,7397.325739928846,7405.10299419775,222.0318522411712
2026-02-10,7096.202704188285,7164.253144532579,7053.914216260045,7137.51904296875,125045,7345.342881944444,7479.428156072443,7569.153115234375,8138.983322753907,7295.955016211152,7428.346125343955,37.67180523574319,-113.51619185582786,-57.43427489559285,-56.081916960235006,7969.717297586373,7009.156481710502,24.128247044401643,0,7371.320811314637,7405.10299419775,215.05321050956823
2026-02-11,7145.296087525978,7173.974486788838,6999.473718392795,7016.486328125,74734,7278.372612847223,7462.636496803977,7551.032255859375,8134.161611328125,7240.061278593922,7390.904325596776,34.52702715556775,-131.37899490579548,-72.22321889763339,-59.15577600816209,7991.030376344084,6941.326068968416,25.08240989438937,0,7369.133619668864,7405.10299419775,207.62323605403688
2026-02-12,6965.448499394196,6984.405407382778,6544.021852571114,6575.61669921875,370703,7170.7880859375,7426.40185546875,7525.075869140625,8126.435236816406,7107.172362718888,7316.787268653319,26.00973433930469,-179.04595920349584,-93.58776695880589,-85.45819224468995,8086.288243022128,6771.504383930997,27.15137221609515,0,7168.141717095925,7204.11109162481,217.76139333039836
2026-02-13,6462.847486796769,6524.092882655403,6221.754499924688,6454.09814453125,437097,7052.455946180556,7379.694513494318,7497.146025390625,8117.718647460937,6976.557519081361,7238.360984642221,24.23511742245228,-224.0452494493757,-119.67926345691984,-104.36598599245582,8174.118340694912,6596.958612430089,29.62386580729575,0,7007.008040772712,7042.977415301597,229.2188592557945
2026-02-16,6454.098296285476,6570.270121320288,6424.93382138134,6512.42724609375,155949,6930.667263454861,7342.929620916193,7468.127373046875,8109.831691894531,6883.731464483839,7172.3670084105415,26.816252427616437,-252.09484767179583,-146.16238029989506,-105.93246737190076,8184.742031742113,6463.795565914137,31.627831948134503,0,6848.7907892690655,7042.977415301597,228.17727134165105
2026-02-17,6511.454916767486,6719.494831994157,6486.6651137848685,6654.36083984375,215007,6858.026095920139,7312.616255326705,7441.41271484375,8102.865427246093,6837.857339555821,7125.275538540833,32.81422775710547,-259.87581489538024,-168.90506721899212,-90.97074767638811,8151.989034079566,6385.188895607933,32.578427468719035,0,6776.851607676382,7042.977415301597,235.2253528650413
2026-02-18,6685.955420129128,6685.955420129128,6488.123078726543,6527.4951171875,151155,6778.52587890625,7257.601451526989,7415.9132421875,8095.4573046875,6775.784895082157,7070.931863872347,30.41474316556545,-273.1308090870589,-189.75021559260543,-83.38059349445342,8141.774531325017,6287.446220628109,33.46112330926181,0,6707.8290951062045,7042.977415301597,230.8159618374064
2026-02-19,6562.006452036277,6610.127832684543,6440.487814035605,6466.73583984375,140373,6712.419704861111,7198.455011541193,7388.4986328125,8088.907172851563,6713.975084034476,7016.00495259702,29.309354476621323,-285.25006815255347,-208.85018610459508,-76.39988204795839,8141.8655198868355,6188.05015394129,34.395030028763586,0,6707.342948968573,7042.977415301597,232.55195975941493
2026-02-20,6464.791606634597,6507.566167640901,6409.379107149158,6457.50048828125,91354,6644.693305121527,7146.201993075284,7364.632373046875,8081.62677734375,6662.680164883832,6965.231819477404,29.13601934460742,-292.23122431822503,-225.5263937473211,-66.70483057090394,8098.388915026418,6109.570655286081,35.338691402484656,0,6697.864493356763,7042.977415301597,224.77476668824187
2026-02-23,6459.93088179223,6512.426934104763,6383.617176115678,6483.74853515625,123441,6572.052137586806,7101.83662553267,7338.66626953125,8075.006535644531,6626.893838938316,6921.460611811845,30.39593989424155,-292.27665946291563,-238.87644689044,-53.40021257247562,8026.178187415426,6056.714390709574,36.28060192320399,0,6697.864493356763,7042.977415301597,214.46302231053463
2026-02-24,6421.045006987552,6461.389195903522,6221.268360668712,6274.25048828125,212873,6489.581488715277,7038.072487571023,7308.801845703125,8068.1166162109375,6556.365168806903,6862.623327854518,26.366555648551422,-305.69356356388107,-252.23987022512824,-53.45369333875283,7942.670935124966,5989.344103937535,37.54641072255462,0,6602.836884025745,7042.734345673609,208.1440490919909
2026-02-25,6337.440227861629,6484.234747635691,6337.440227861629,6427.85009765625,148595,6473.162977430556,6978.683016690341,7282.446884765625,8058.545993652344,6530.662154576773,6823.098488745584,33.343429760355804,-300.4687353901181,-261.88564325812627,-38.58309213199186,7821.305912527111,5974.559663644764,38.54726323291747,0,6470.381596331435,7042.734345673609,213.97694727752983
2026-02-26,6465.763880604285,6688.386031958726,6446.320897953242,6665.54052734375,254463,6496.656575520833,6927.888227982955,7263.54830078125,8051.293449707031,6557.637829130169,6808.775037709054,42.43340284325112,-273.9900039924123,-264.3065154049835,-9.683488587428826,7713.317181787543,5987.180572118707,38.04255270414221,0,6470.381596331435,7042.734345673609,211.3729845423134
2026-02-27,6711.717811756167,6790.461893846586,6644.63951960507,6738.93798828125,257521,6521.824435763889,6880.142467151989,7248.373056640625,8044.283439941406,6593.8978609603855,6802.426215033799,44.930771462024296,-244.26709784828472,-260.29863189364374,16.031534045359024,7609.618381010042,6010.385427583708,36.94859387032285,0,6505.865127257649,7042.734345673609,211.61602218450585
2026-03-02,6566.8674732814325,6786.087105439088,6566.8674732814325,6657.27734375,106501,6522.148491753473,6836.417857776989,7232.536748046875,8036.640158691406,6606.573757518309,6789.230863098908,42.71070837207871,-224.71048948887343,-253.1810034126897,28.47051392381624,7495.352077808422,6038.470724925954,36.21868901591581,0,6505.865127257649,7042.734345673609,219.39321531915732
2026-03-04,6610.127810475977,6698.5933786432415,6582.9076356552805,6641.72265625,122604,6534.840440538194,6795.410822088068,7213.2590234375,8028.222663574219,6613.603537264648,6775.821026112643,42.28214834883429,-208.06838690541557,-244.1584801112349,36.09009320581936,7330.917121398842,6106.225407898032,35.54092022253784,0,6505.865127257649,7042.734345673609,215.1921420757229
2026-03-05,6669.42932881339,6694.219132455216,6551.313205578812,6600.40673828125,102857,6549.692762586806,6753.652610085227,7192.435595703125,8019.959975585937,6610.9641774679685,6759.874272673425,41.10241720337515,-195.9544095408928,-234.5176659971665,38.56325645627368,7230.414118703515,6135.95594965586,35.03624998774808,0,6505.865127257649,7034.957091404705,191.6522457416171
2026-03-06,6572.700362409641,6721.439181437695,6503.677773187472,6530.89794921875,91716,6557.848036024306,6704.669544566761,7171.067763671875,8012.232856445313,6594.950931818125,6739.058243268455,39.124614048162485,-189.7751636159428,-225.56916552092176,35.79400190497896,7130.3093843216775,6164.8507719283225,34.75789682035592,0,6505.865127257649,7008.952162790497,181.9307606670572
2026-03-09,6464.791946723696,6544.508178247206,6386.533938947568,6525.55126953125,94042,6562.492784288194,6669.097722833807,7150.27349609375,8004.732690429688,6581.070999360751,6719.648518383255,38.9692798036554,-183.1977099049036,-217.0948743977181,33.89716449281451,7064.65820229901,6176.887940279115,34.94100379363105,0,6505.865127257649,7006.764971144724,182.83347062139225
2026-03-10,6581.93582124699,6649.986261759106,6536.73088576394,6633.94580078125,103676,6602.458930121527,6641.41357421875,7131.7443359375,7998.202893066406,6591.645959644851,6711.857362237618,43.8375128846342,-167.30985382183917,-207.13787028254237,39.82801646070317,6990.486948462796,6207.749965599704,34.32552450897399,0,6563.951060854108,7006.764971144724,175.09099019414705
2026-03-11,6731.160599671489,6800.669262709691,6557.145904792633,6602.8369140625,183088,6621.901909722223,6620.556551846591,7114.26509765625,7991.170524902343,6593.884150528382,6701.946412403516,42.78275353868384,-155.43705892154048,-196.797708010342,41.360649088801495,6870.941774646134,6273.826926525741,32.76425531462656,0,6593.60160082863,7006.764971144724,178.3546342308952
2026-03-12,6606.725381201452,6606.725381201452,6481.318145448806,6508.05224609375,82424,6604.403211805556,6595.148104580966,7096.14423828125,7983.257380371094,6576.7177696414565,6684.319670011719,39.65225387943316,-151.92481923452124,-187.82313025517783,35.89831102065659,6760.890984641989,6333.034308326761,31.66532026440489,0,6593.60160082863,6848.5477196410775,175.19514973830292
2026-03-13,6491.039633383533,6499.788975408463,6318.969240226594,6344.2451171875,96014,6560.548448350694,6559.090198863636,7073.5709375,7974.759741210937,6530.223239150666,6653.403801573154,34.89951736920362,-160.50896287699197,-182.36029677954068,21.851333902548703,6767.084440335581,6303.703694430044,31.32091368989044,0,6559.819251468142,6776.608538048394,181.68771726511812
2026-03-16,6334.523960952117,6343.27330343962,6141.066277061774,6235.36474609375,124430,6513.669270833333,6523.58467240767,7048.810302734375,7965.174426269531,6471.251540539283,6615.400251075026,32.141813000366895,-174.09088322114076,-180.7064140678607,6.615530846719935,6790.420746319584,6258.494048602292,31.623383267564805,0,6470.867769885732,6667.484983674747,186.99979456059256
2026-03-17,6270.361959589962,6270.361959589962,6060.863819699785,6126.48388671875,163871,6456.420518663194,6503.169544566761,7021.0165625,7955.123686523438,6402.298009775177,6570.953308860819,29.621139057160107,-191.4336998144645,-182.85187121718147,-8.581828597283021,6825.288153207155,6185.03230577722,32.155839202551235,0,6430.766541204738,6626.897608856121,183.2153635179239
2026-03-18,6139.121722010885,6480.3460647544825,6138.635647448572,6410.83740234375,321179,6435.357259114583,6501.203147194602,6999.96953125,7946.671811523437,6404.005888288892,6556.397317359267,42.33914743843394,-180.1563246760197,-182.31276190894917,2.15643723292942,6807.696877815361,6178.271237419013,31.32376962662154,0,6430.766541204738,6617.419153244311,193.49235770944475
2026-03-19,6319.941597774938,6357.36933989374,6163.425585278127,6191.1318359375,113659,6397.60546875,6486.598810369318,6976.1616015625,7937.437321777344,6361.431077818614,6523.191364502743,36.80499876407271,-186.79408079453333,-183.209025686066,-3.585055108467344,6817.903402497568,6134.428384611807,30.55113359182968,0,6430.766541204738,6617.419153244311,192.55492076395527
2026-03-20,6270.361825311075,6489.095377356811,6260.640334109043,6396.7412109375,200334,6383.293240017361,6474.888827237216,6951.809267578125,7929.3601171875,6368.493104442392,6511.695895996811,44.1608666255577,-173.46400703217932,-181.26002195528864,7.79601492310934,6816.238995337795,6129.093328880956,29.071521306181108,0,6430.766541204738,6522.634613541282,203.4221469909406
2026-03-23,6309.247686251455,6352.994395940409,6222.726415977744,6265.5009765625,118364,6342.354926215277,6462.980002663352,6929.46927734375,7919.209897460937,6347.894678866414,6489.3145396846,40.88920327808376,-171.5127256923597,-179.31056270270287,7.797837010343159,6818.932841486654,6107.199531560222,27.86963195283291,0,6430.766541204738,6430.766541204738,200.1932300482335
2026-03-24,6425.905921202028,6489.095616342442,6287.860741049126,6421.53125,167921,6322.209852430556,6460.925248579545,6910.181845703125,7909.483232421875,6362.621993093131,6483.152422440546,46.0103593719903,-155.58252361979703,-174.5649548861217,18.98243126632468,6816.148337186732,6103.762307344518,26.0031379426396,0,6333.794600450619,6430.766541204738,207.9010083905178
2026-03-25,6410.837243110344,6522.148315115216,6371.951279091174,6415.2119140625,168716,6311.894259982639,6459.003040660511,6891.0305078125,7899.50478515625,6373.139977287005,6476.976012587996,45.837152114903546,-141.8326824283895,-168.01850039457528,26.185817966185795,6813.16159725803,6120.845189851344,24.195224656683404,0,6291.506067407501,6430.766541204738,208.4218019010634
2026-03-27,6610.614097137253,6865.317169703424,6610.614097137253,6753.52001953125,980855,6357.369249131944,6471.265380859375,6876.46771484375,7889.420534667969,6449.215985735855,6502.116376855564,55.49617950061343,-102.4561467860085,-154.90602967286196,52.44988288685346,6851.61937272901,6114.954406567866,24.01204428640596,0,6463.090494701604,6463.090494701604,225.0177910003992
2026-03-30,6620.821498600517,6670.401103097783,6494.928189141774,6543.53564453125,272945,6391.610460069444,6483.505615234375,6860.913330078125,7876.7044140625,6468.079917494933,6505.881764826081,49.58539721949803,-87.18888357005926,-141.36260045230142,54.17371688224216,6836.746654518438,6117.626636497187,23.224216434457265,0,6463.090494701604,6463.090494701604,232.2047617925304
2026-04-01,6756.436235704135,6827.403119906495,6645.611238456614,6691.30224609375,155077,6454.368055555556,6495.480712890625,6848.31427734375,7865.026286621094,6512.724383214697,6522.738172214051,53.35070875638503,-62.44609792214851,-125.57929994627084,63.13320202412234,6827.632359758988,6121.977357037887,23.077769809419703,0,6501.976408575998,6463.090494701604,243.59279630305812
2026-04-02,6610.614218358955,6824.000956730984,6518.260049131882,6797.7529296875,157651,6497.358669704861,6501.490367542614,6829.512919921875,7853.988107910156,6569.730092509258,6547.739513802546,55.90566916271032,-33.85729568428815,-107.23489909387432,73.37760340958617,6854.959628234699,6108.697647155927,22.28412496731932,0,6514.371377490776,6463.090494701604,248.0369069946328
2026-04-06,6804.557703055971,6857.539829610232,6749.631278279535,6821.5703125,97867,6567.407389322917,6505.24638227983,6810.58517578125,7842.726779785156,6620.098136507406,6572.633222775042,56.479994964123776,-9.172861163208836,-87.62249150774122,78.44963034453238,6888.066283719845,6093.575757295779,21.67981942052062,0,6544.021792840584,6463.090494701604,246.78700096449356
2026-04-07,6793.864422756786,7009.1954622703615,6749.631635858963,6991.69677734375,153224,6633.513563368056,6520.447265625,6798.2777734375,7831.337236328125,6694.417864674675,6610.729909554015,60.44330538720358,23.842671468058143,-65.32945891258136,89.1721303806395,6964.786260379275,6055.984784542601,21.69210218251149,0,6615.960939124053,6535.0296409850735,251.82134528908227
2026-04-08,7088.911464408513,7130.7138770483325,6945.03339299704,6980.03076171875,172022,6712.90576171875,6535.82490678267,6788.68265625,7819.652429199219,6751.54044408349,6644.302714296264,60.03952819585104,48.50720807838934,-42.56212551438722,91.06933359277656,7033.544831951096,6032.139494220779,22.11884070726152,0,6709.287309048729,6595.788848374059,250.571462712337
2026-04-09,6987.80792886214,7044.678652824082,6888.162643287798,7016.486328125,136188,6779.011881510417,6554.737615411932,6775.47115234375,7808.516071777343,6804.529620891793,6678.137588280694,60.91813554324022,70.18662287868119,-20.012375835773536,90.19899871445472,7102.732396778649,6012.045435252601,22.185490149474266,0,6751.332578069753,6595.788848374059,246.78702482991608
2026-04-10,7076.759764716226,7076.759764716226,6895.453947542027,7051.48388671875,151932,6849.708767361111,6578.400612571023,6761.8124609375,7799.12947265625,6853.920474057185,6712.078160865973,61.78676902503903,89.16389985643127,1.822879302667424,87.34102055376385,7166.250722170158,5990.280918454842,22.36547363152841,0,6812.821033095053,6595.788848374059,234.46157048266363
2026-04-13,6999.959770825064,7010.653411194355,6879.899353951667,6964.96240234375,68906,6873.202365451389,6598.373845880682,6745.45119140625,7788.982390136719,6876.1288597144985,6735.067637363952,58.33485245476604,96.11402523237302,20.681108488608544,75.43291674376448,7209.315541470154,5983.428647982972,22.433776286564008,0,6812.821033095053,6595.788848374059,229.0453358899108
2026-04-15,7094.744588348318,7354.794489332584,7062.177591402625,7332.43505859375,191551,6960.857855902777,6630.123357599432,6736.312998046875,7781.799897460937,6967.39009949035,6789.373766566661,66.8148284449658,129.77802167811203,42.500491126509246,87.27753055160281,7331.107275820288,5944.0751948828365,23.642319161322728,0,6936.527269232232,6707.829154516185,235.6073748591625
2026-04-16,7436.940850151909,7574.499952151451,7378.611902307581,7559.431640625,211647,7057.316677517361,6673.604936079545,6735.117255859375,7775.766748046875,7085.7984077172805,6859.379027844691,70.77211950653916,172.78198530415466,68.55678996203832,104.22519534211634,7489.683247001855,5907.017876045019,25.30897039884117,0,7046.380000641666,6817.681885925618,240.46809618758712
2026-04-17,7577.902403926044,7796.635956316469,7501.1026233089615,7769.90185546875,175320,7165.333224826389,6730.961736505682,6739.637744140625,7770.687824707031,7222.619097267575,6942.153830355969,73.88203937931465,221.29517069324447,99.10446610827957,122.19070458496492,7668.398994502966,5881.75583948141,27.31248224294785,0,7273.133617298002,6928.749888008128,245.6065742752704
2026-04-20,7838.924673955595,7947.319304221118,7696.990898002532,7857.3955078125,271398,7280.424913194444,6799.741299715909,6746.40390625,7766.539382324218,7349.57437937656,7025.357619215653,75.06958935174741,263.76174495208033,132.0359218770397,131.72582307504064,7823.151110148991,5900.094885944759,29.442165722423816,0,7348.475470040041,7004.091561960451,252.75881500345207
2026-04-21,7903.572422864983,7940.028015221372,7665.39588613658,7710.11474609375,215428,7360.249131944444,6866.775390625,6748.435693359375,7762.054213867187,7421.682452719998,7087.608267113662,69.35306024205364,282.2785529670282,162.0844480950374,120.1941048719908,7934.332863582199,5918.840866886551,31.218558453079595,0,7413.609329086392,7004.091561960451,240.22502024944265
2026-04-22,7658.590862552298,7940.514110856457,7618.732748136882,7900.169921875,439033,7462.48681640625,6947.397483132102,6760.27646484375,7758.543251953125,7517.379946550998,7161.477508455601,72.28589503423947,308.73027067106614,191.4136126102432,117.31665806082296,8046.680970155432,5977.396568907068,32.56254473841769,0,7413.609329086392,7004.091561960451,244.73855827302108
2026-04-23,8195.217489682862,8652.127598834812,8030.92428022184,8546.6494140625,2646355,7632.504937065973,7044.479847301136,6786.34951171875,7758.401108398438,7723.233840053299,7287.402227147137,79.4795192953823,377.5072708624512,228.6323442606848,148.8749266017664,8318.668496938084,5920.399862436916,34.92698125196844,0,7766.013476393239,7356.495709267298,278.17357267191875
2026-04-24,8574.35545565496,8762.46631514127,8508.735388392295,8699.7626953125,590278,7815.647026909723,7158.508522727273,6819.1109375,7759.096328125,7918.53961110514,7415.798633343988,80.75371627303713,439.304472697725,270.7667699480928,168.53770274963222,8563.255524228392,5919.239007021608,37.24427820813671,0,7821.182834546468,7411.665067420527,274.4585740397667
2026-04-27,8797.94921353332,9225.694810655385,8759.063250158588,9099.3154296875,843945,8052.79736328125,7281.352805397727,6859.756484375,7761.37048828125,8154.694774821612,7568.845614829762,83.61320835958443,514.5879176447606,319.5309994874264,195.05691815733425,8877.664818890946,5872.608130327804,39.82328781920472,0,8143.936201029004,7643.279315177585,304.3174000406372
2026-04-28,9138.201451475968,9356.448922311749,9118.758469664315,9303.466796875,591393,8271.800889756945,7419.442160866477,6903.075439453125,7764.287265625,8384.44917923229,7726.538449561147,84.85163594698867,583.9920030325256,372.4232001964463,211.56880283607936,9180.45963028425,5858.638807215752,42.31854952026384,0,8367.530412309665,7747.542284880161,304.14380477012656
2026-04-29,9318.535379373565,9536.782856570306,9308.327813624945,9418.1806640625,473232,8478.328559027777,7555.653497869318,6951.109326171875,7768.275415039063,8591.195476198332,7880.324105424906,85.51411190745134,640.8642074506333,426.1114016472837,214.7528058033496,9474.663345974495,5830.901155978629,44.76664888091062,0,8518.942739939634,7850.104220924217,307.5463458875561
2026-04-30,9444.428683577886,9551.365086582886,9343.32517528225,9455.6083984375,360954,8665.629286024305,7693.853338068182,7008.70916015625,7772.443525390625,8764.078060646167,8023.531768426051,85.73333641909983,681.1045947659504,477.11004027101706,203.99455449493337,9710.242888297487,5886.528889046263,47.05040167431869,0,8585.048917359883,7887.045751280315,311.22662458500974
2026-05-01,9455.6083984375,9455.6083984375,9455.6083984375,9455.6083984375,0,8843.20849609375,7816.675537109375,7068.739365234375,7776.937119140625,8902.384128204434,8153.720552972546,85.73333641909983,704.8700880213601,522.6620498210857,182.2080382002744,9910.156335643764,5963.046056934361,49.171029268197614,0,8585.048917359883,7887.045751280315,298.276209072567
2026-05-04,9610.179927224515,9622.33179097347,9376.378068694596,9459.0107421875,347883,9037.5302734375,7949.197132457386,7127.67103515625,7782.220751953125,9013.709451001048,8272.383297446631,85.7560626836085,715.7284809505672,561.275336046982,154.4531449035852,10078.46106977772,6060.867104050407,51.26810031555975,0,8620.532269555177,7955.096266011298,303.588294037695
2026-05-05,9497.896760834645,9585.39018033056,9385.613539148217,9436.6513671875,245385,9208.250434027776,8073.985728870739,7183.316845703125,7788.067490234375,9098.29783423834,8378.225849241255,84.80004076110022,714.2956650865508,591.8794018548958,122.41626323165497,10207.589176904032,6193.247102392845,53.21538057382459,0,8826.628035597656,7997.141535032322,290.01290505151707
2026-05-06,9521.228841095466,9530.95033266285,9381.239362525142,9424.5,250721,9305.789388020834,8193.383322975853,7241.256943359375,7793.38677734375,9163.538267390672,8473.341681128413,84.25034187356914,704.0636271828462,614.3162469204859,89.74738026236025,10315.623552650148,6328.49304891235,54.993765896074734,0,9065.533589682884,8058.629990057622,283.4161962358032
2026-05-07,9475.0,9547.5,9410.0,9498.5,310150,9394.537977430557,8315.061945134943,7301.8922265625,7798.877426757813,9230.53061391254,8566.53789193492,84.89260024940175,693.926690053926,630.238335547174,63.688354506752034,10402.398044096615,6493.565481294008,56.65987084472162,0,9190.69752056603,8058.629990057622,272.12810102098126
2026-05-08,9500.5,9580.0,9301.0,9345.5,198264,9421.891818576389,8422.053000710228,7359.652216796875,7803.414008789063,9253.52449113003,8637.352629031746,77.82604138907796,665.8715206218221,637.3649725621036,28.50654805971851,10435.481902874191,6693.38298970393,57.4082177182016,0,9370.545130318891,8070.295920052677,274.176072005368
2026-05-11,9395.0,9401.5,9190.0,9239.5,126412,9414.784396701389,8524.756147904829,7414.76724609375,7807.753251953125,9250.719592904024,8692.09329911977,73.2751745890853,627.8468548773326,635.4613490251494,-7.614494147816799,10424.397429297656,6923.269074608596,57.33490062635757,0,9406.165895486734,8070.295920052677,269.66663421359715
2026-05-12,9201.0,9235.0,8985.0,9010.5,165795,9369.486545138889,8615.393132990057,7469.492236328125,7810.729711914062,9202.67567432322,8721.039362836154,64.50022351564299,572.6326939108258,622.8956180022847,-50.2629240914589,10334.797141751904,7217.423121919972,55.99943827419894,0,9303.665895486734,8185.981534626502,264.8608225907704
2026-05-13,9000.0,9090.0,8910.0,8928.5,115580,9310.9189453125,8700.712047230114,7519.505234375,7813.150180664063,9147.840539458575,8739.89942076014,61.653103100717416,516.3066966417864,601.577833730185,-85.27113708839863,10259.052976241088,7452.773781571414,54.33562155300863,0,9266.165895486734,8185.981713416217,224.0067028079267
2026-05-14,8930.0,8960.0,8646.5,8904.5,169127,9249.684678819443,8788.872847123579,7564.284423828125,7815.993920898438,9099.172431566862,8754.863109781945,60.8070826598113,464.3782748880749,574.137921961763,-109.75964707368814,10186.648934555213,7659.684659194788,51.4698230572488,0,9134.415895486734,8251.115572462568,228.27592232585707
2026-05-15,8904.0,9200.0,8904.0,9015.0,309380,9200.350151909724,8865.353071732954,7609.8056640625,7819.047924804688,9082.33794525349,8778.511917983586,63.303871872021176,427.21636867205416,544.7536113038212,-117.53724263176709,10126.403610482315,7844.439797720807,49.54552008746847,0,9115.94509016528,8251.115572462568,211.8521998013653
2026-05-18,9015.0,9464.5,8949.5,9408.5,332444,9197.222222222224,8949.401633522728,7664.8301171875,7823.303583984375,9147.570356202792,8835.783561803259,70.50885627997374,424.6226658683681,520.7274222167307,-96.10475634836256,10085.872150327756,8040.081707094117,48.43191058834682,0,9113.25,8251.115572462568,230.2712360424904
2026-05-19,9465.0,9999.0,9465.0,9646.0,446973,9221.833333333334,9034.678821910513,7724.9156640625,7830.326298828125,9247.256284962234,8909.439601639326,73.84654227971424,436.6974267387759,503.9214231211398,-67.22399638236391,9992.305906233709,8327.23647657879,48.40599968860419,0,9322.75,8439.449676975833,255.78437463568284
2026-05-20,9640.0,9915.0,9597.5,9703.5,306099,9244.611111111111,9118.592662464487,7786.977529296875,7837.291884765625,9338.505027969788,8981.626910581204,74.59616385612718,445.7679952071703,492.2907375383459,-46.52274233117561,9872.11340829541,8627.761982329588,48.38193956741461,0,9322.75,8530.588795701313,263.6029523999232
2026-05-21,9808.0,9819.5,9652.0,9730.5,136752,9287.388888888889,9210.428355823864,7850.9695703125,7844.4714453125,9416.904022375831,9049.70628234655,74.95911093950224,449.9484349450049,483.82227701967776,-33.87384207467284,9872.01528276943,8746.24516644932,48.35959802631,0,9322.75,8688.80595115379,275.5672381142089
2026-05-22,9770.0,9770.0,9454.5,9525.0,200614,9319.111111111111,9284.28426846591,7910.958544921875,7851.075834960938,9438.523217900663,9092.914802133226,67.1012010041557,431.7029283584652,473.3984072874353,-41.69547892897003,9841.62216564974,8859.16201403776,47.389394398021615,0,9322.75,8750.05131165448,280.53482938000354
2026-05-25,9530.0,9837.5,9500.0,9703.0,184137,9396.055555555557,9336.845658735796,7972.33962890625,7859.024943847657,9491.418574320533,9148.377092848388,70.03167547498823,426.6877544988293,464.05627672971406,-37.36852223088482,9880.950764685234,8880.201872033516,46.63750161690962,0,9322.75,8808.86637406844,290.3722121526933
2026-05-26,9711.5,9917.0,9594.0,9882.0,259841,9502.0,9390.583718039772,8037.922890625,7868.330954589844,9569.534859456426,9215.070084407624,72.66826660267668,432.1751509962796,457.6800515830272,-25.504900586747567,9955.88323609534,8863.122720935911,46.115138845269136,0,9322.75,8808.86637406844,302.75
2026-05-27,9950.0,10380.5,9911.0,10299.5,450281,9657.0,9445.137562144886,8113.751845703125,7878.810236816406,9715.52788756514,9313.654622188751,77.61506576266112,464.8541636253794,459.1148739914977,5.739289633881754,10129.657897779229,8777.47999284577,46.482359936711454,0,9642.25,8999.61637406844,328.5357142857143
2026-05-28,10299.5,10299.5,10299.5,10299.5,0,9799.722222222224,9490.411798650568,8192.856943359375,7889.263195800781,9832.322310052112,9403.276929262502,77.61506576266113,485.1598953020202,464.32387825360223,20.836017048418,10270.522547821698,8721.004502959551,46.82335095019361,0,9665.0,9205.71214011092,308.60714285714283
2026-05-29,10345.5,10584.5,9900.0,9964.0,682054,9861.444444444443,9515.22176846591,8267.4296484375,7898.316271972656,9858.65784804169,9454.251753875002,66.41261387097273,468.7765238771408,465.21440737830994,3.5621164988308465,10323.27309771456,8719.09311322294,45.36508460744452,0,10019.5,9546.617694196148,342.3928571428572
2026-06-01,10069.0,10291.0,10063.0,10191.0,362417,9922.0,9548.648659446022,8348.719970703125,7908.243479003906,9925.126278433352,9521.228867159092,69.6088057267859,468.70662861403616,465.9128516254552,2.7937769885809303,10412.971503489787,8702.593633228962,44.01098014632036,0,10019.5,9615.5,347.57142857142856
2026-06-02,10290.0,10475.5,10176.5,10344.5,528415,9993.222222222224,9589.05282315341,8427.39322265625,7919.644201660156,10009.001022746685,9596.071697417356,71.5783812946029,475.5554955319549,467.8413804067552,7.714115125199669,10525.066149813934,8681.283850186064,43.17872311082371,0,10019.5,9615.5,356.07142857142856
2026-06-03,10300.0,10300.5,9933.5,9997.5,235347,10022.888888888889,9613.529607599432,8503.5205859375,7929.4080493164065,10006.700818197349,9632.565179470324,61.824232164889416,447.82106937896606,463.8373182011974,-16.01624882223132,10565.870714817223,8697.779285182778,41.43300602525313,0,10019.5,9615.5,363.0357142857143
2026-06-04,9875.0,10209.0,9775.0,10098.0,277226,10086.555555555557,9643.59090909091,8577.54576171875,7939.147878417969,10024.960654557875,9674.877435882112,63.38069545056039,429.0055381265775,456.8709621862735,-27.86542405969601,10616.088955467008,8707.511044532992,39.24023325965719,0,10042.25,9615.5,372.8928571428572
2026-06-05,10175.0,10198.0,9908.5,9936.5,197221,10112.5,9666.863636363636,8650.9657421875,7947.6924975585935,10007.268523646302,9698.661305347374,59.203456567901945,396.491882152468,444.7951461795124,-48.303264027044406,10640.989327656334,8741.710672343666,37.204087120175245,0,10089.25,9615.5,356.7857142857143
2026-06-08,9800.0,10000.0,9689.0,9756.0,160714,10098.5,9678.568181818182,8717.6551171875,7955.372907714844,9957.014818917043,9703.873913952157,54.85219040525238,352.10093365819193,426.2563036752483,-74.15537001705638,10642.865995106384,8791.484004893615,34.55264744755941,0,10136.75,9615.5,336.82142857142856
