Date,Open,High,Low,Close,Volume,SMA_9,SMA_22,SMA_50,SMA_200,EMA_9,EMA_21,RSI_14,MACD_Line,MACD_Signal,MACD_Hist,BB_Upper,BB_Lower,ADX_14,ST_Direction,Ichi_Tenkan,Ichi_Kijun,ATR_14
2024-12-18,239.51010503420525,247.12773011203365,235.99807867169983,242.4780120849609,127381,242.3416951497396,234.80416037819603,233.40095275878903,,240.8278549713048,237.8371271105233,54.59907613431824,2.660627827021642,1.8716635874567864,0.788964239564856,250.92684918924292,220.9149553151516,20.06802396307128,0,241.2661020773644,234.76639129256645,9.14892665406368
2024-12-19,238.5702483802337,249.30418458822675,236.4432544308976,247.5135498046875,214521,243.32110595703125,235.92342099276456,233.7784704589844,,242.1649939379813,238.71680190090188,58.2354048545735,3.071015840835741,2.1115340381325773,0.9594818027031642,251.6115707090492,222.7410827943688,19.459693486672904,0,242.1317494315536,234.76639129256645,9.737560586092018
2024-12-20,248.52264780427288,254.25070171845343,236.04754467644403,239.6090240478516,350863,242.82975260416663,236.6154826771129,233.898571472168,,241.65379995995536,238.79791300517,51.29072918906683,2.7269871207335257,2.2346246546527677,0.4923624660807584,251.0003053320483,224.92138198484625,19.64551616042105,0,244.1103531475991,236.744995008612,10.413818845437865
2024-12-23,243.1705079929868,246.4747740470785,237.6501993558317,241.7261199951172,143956,242.17681206597223,237.4937126853249,234.1207684326172,,241.66826396698767,239.06411364061972,52.91044513982167,2.595257320199039,2.3067511877620217,0.2885061324370173,250.72206412021876,226.69445809657813,19.818065786044325,0,244.1103531475991,236.744995008612,10.285916352214253
2024-12-24,242.8737217685465,258.7915926191606,239.69805465042447,254.96299743652344,508853,243.1012607150608,238.9048177545721,234.5414196777344,,244.32721066089488,240.5094667129746,61.525043901171706,3.5184078727106964,2.549082524751757,0.96932534795894,253.60606411779423,225.62384921228391,21.400542231319367,0,246.38079859795272,239.01544045896557,11.25543272432996
2024-12-26,257.21861100321394,259.27634660715046,244.58521576680045,248.87879943847656,354367,244.4236297607422,239.9094099564986,234.86511962890623,,245.23752841641124,241.2703151425657,56.41626320214399,3.7162290308432944,2.7825118259700643,0.93371720487323,254.51712065644853,226.4440731912077,22.914384861241476,0,246.62317559194764,239.3468557501209,11.834881048341504
2024-12-27,249.00740298794028,249.00740298794028,241.55795736509967,242.7451171875,103807,245.0710737440321,240.17832045121625,234.99808227539063,,244.73904617062905,241.40438805574155,51.75089611563375,3.3395703394921554,2.8939235286744824,0.445646810817673,254.60016506005093,227.3087826938553,23.63562381886872,0,247.63721263942517,239.5002027477247,11.74867038307865
2024-12-30,243.35848111622235,244.34778342803105,234.36571162925924,235.5232086181641,128308,243.72562323676212,240.3581938310103,235.05011993408203,,242.89587866013605,240.86973537959813,46.83945713696821,2.4303029280364967,2.801199408546885,-0.3708964805103885,254.37099292525025,227.8941041206482,22.91142815819827,0,246.82102911820485,239.70795273328025,11.895653637387571
2024-12-31,235.5232151612041,238.8274813515073,228.5486306500817,230.4381866455078,308346,242.6527794731988,240.22958512739703,235.0453713989258,,240.4043402572104,239.92141276740813,43.69498328893075,1.2845753921481275,2.497874605267134,-1.2132992131190066,253.7805751046384,228.85946700961944,21.320358067359997,0,243.91248862861607,241.3403040495375,11.93381197711805
2025-01-01,230.5173314976552,237.42267266037285,230.35905459677792,234.0194702148437,184634,241.71294148763025,240.3231194236062,235.1629006958008,,239.12736624873708,239.38487253535683,46.4229884011611,0.657973016089727,2.129894287431653,-1.471921271341926,253.82262703447984,228.75509055585215,19.842935840153025,0,243.91248862861607,242.41863925667784,11.972677647231096
2025-01-02,236.4432458799085,236.6114254567248,232.75315258728293,235.13735961914065,63177,240.33780924479169,240.70714777166197,235.40033325195316,,238.3293649228178,238.998734997519,47.28161628476824,0.2487233233259473,1.753660094610512,-1.5049367712845645,253.84762366283795,228.67864892016988,18.471043772032267,0,243.91248862861607,242.41863925667784,11.17487534533692
2025-01-03,235.3550116828881,239.70795087041404,234.4646456490252,236.30474853515625,99608,239.97066752115884,240.7826947298917,235.805947265625,,237.9244416452855,238.75382713730417,48.21494019762019,0.0183766875569233,1.4066034131997942,-1.3882267256428709,253.69366525857336,229.09971853048916,17.694366515810074,0,243.91248862861607,242.41863925667784,10.630759255140845
2025-01-06,236.88843826441865,237.5314938318137,226.88659117332776,230.2106475830078,148364,238.69117058648004,240.5353691794656,236.09145965576167,,236.38168283283,237.97717445054997,43.85054504940042,-0.648442851607939,0.9955941602382476,-1.644037011846187,254.2111450904207,227.7334182030363,17.0856667922438,0,243.0814688902391,242.41863925667784,10.5565627378965
2025-01-07,227.5890004203556,237.2346979846335,227.2823191182161,235.56277465820312,116501,236.53559027777777,240.6230572787198,236.57285400390623,,236.2179011979046,237.75768356033657,48.2786108710961,-0.7365398423726788,0.6491673597160624,-1.385707202088741,253.9168556773356,227.18086465957845,16.52044562036083,0,243.0814688902391,242.41863925667784,10.66255913874088
2025-01-08,236.1365701406868,236.73014246772348,227.09434765594165,229.0729522705078,81191,234.3349405924479,240.18551635742188,236.99449462890624,,234.78891141242525,236.9681625339885,43.77100327059796,-1.3148747140144792,0.2563589449699541,-1.5712336589844331,253.49104644439305,225.75371063568508,16.02455639977028,0,237.946997080634,242.94791739552292,10.555855093844311
2025-01-09,230.2601100782862,238.66917961927624,228.33097361446423,235.3451232910156,329318,233.5127190483941,239.7906944968484,236.7097732543945,,234.9001537881433,236.8206135119001,48.75118225939597,-1.2526576264681069,-0.0454443693176581,-1.2072132571504488,252.63951090318383,225.4754625465232,15.194302040769015,0,235.6171873006794,243.0814688902391,10.37566051152166
2025-01-10,233.0400514241589,235.3352400459277,228.1825734237775,232.8619842529297,149571,233.21702745225696,239.1206671974876,236.50953826904296,,234.4925198811006,236.46073812472093,46.97723817235376,-1.387721909901984,-0.3138998774345233,-1.0738220324674606,252.6887333839602,225.01469068830545,14.44983811655932,0,233.2972710218709,243.0814688902391,9.587045713323707
2025-01-13,227.539536297182,233.44567242523595,223.08767580441108,228.4991607666016,241244,233.00158013237848,238.29594906893644,236.17119689941407,,233.29384805820084,235.7369583648919,43.95118436724947,-1.8257585136680632,-0.6162716046812313,-1.209486908986832,253.00790984690408,223.85361816823269,14.611690576297542,0,231.39781333741257,241.1820112057808,9.696575851150712
2025-01-14,224.6705591223889,231.91224413300893,221.3069222337649,229.9336395263672,173070,232.54759894477,237.9757745916193,235.87381256103515,,232.6218063518341,235.209383925026,45.20107599548709,-2.0337118661112186,-0.8997596569672288,-1.1339522091439898,251.9184243010708,223.17324134834325,15.030168634890488,0,230.50743655208947,240.29163442045768,9.090274703329843
2025-01-15,229.9336380650318,230.17107605071965,223.97803401013545,225.283920288086,152217,231.45277235243051,237.44694727117368,235.45395263671875,,231.1542291390845,234.30706904894052,41.9365794397533,-2.544379852234613,-1.2286836960207057,-1.3156961562139071,252.1203475603988,221.49033206606603,15.418755403583935,0,230.50743655208947,240.29163442045768,8.483268360489431
2025-01-16,226.3523762723525,234.18764891965188,225.8874029693015,231.2296295166016,138676,230.8888702392578,236.7013730135831,235.2693487548828,,231.1693092145879,234.02730181872792,47.18893355934167,-2.441178480088041,-1.471182652834173,-0.9699958272538682,251.5068649567129,220.97897641291604,14.871846740625468,0,229.98805092652057,240.29163442045768,8.587145718255522
2025-01-17,235.45394569450627,235.45394569450627,201.12515915227544,227.0547637939453,125991,230.53821648491757,236.10869043523616,235.0837551879883,,230.3464001304594,233.39343472556587,44.16772998457452,-2.665540727876447,-1.7100542678426276,-0.9554864600338197,250.03931459632463,220.40064817223,17.07772891077625,0,219.89716938577584,230.20075287971292,10.326196771359736
2025-01-20,227.0547748269166,232.48605011289013,224.6705676579557,230.45797729492188,62745,229.9710167778863,235.5623252175071,234.95890533447263,,230.36871556335197,233.12657495914368,47.13876972469849,-2.5394651643520945,-1.8759364471445208,-0.6635287172075732,249.5762627637785,219.94859532948328,19.126048068773407,0,219.89716938577584,230.20075287971292,10.150241896610368
2025-01-21,228.133112373358,230.1117169382768,224.6210862515161,225.9962158203125,46127,229.62915717230905,234.5842645818537,234.6506384277344,,229.4942156147441,232.4783604919772,43.84463419408736,-2.767672231766511,-2.054283604068919,-0.7133886276975918,248.90289946236396,219.0489682134173,21.03175384317474,0,219.89716938577584,230.20075287971292,10.06261853802543
2025-01-22,223.73072396222176,227.71761128830173,218.7545342704533,225.30372619628903,103438,228.51344638400607,233.93402377041903,234.3566177368164,,228.6561177310531,231.826121010551,43.33842739675804,-2.9701678559390245,-2.2374604544429406,-0.7327074014960839,244.1831340804436,220.80280647131423,23.221521644534903,0,218.2895524233909,230.20075287971292,10.427247405768757
2025-01-23,222.6919539531333,226.1446093218449,220.42644323074128,222.6029052734375,95976,227.37354871961804,233.0647867376154,234.0149124145508,,227.44547523953,230.9876468526316,41.33401836101408,-3.310420309111464,-2.4520524253766456,-0.8583678837348185,240.84660895194887,221.51174218330496,25.25487746008362,0,218.2895524233909,230.20075287971292,10.46116603931981
2025-01-24,223.4833909537262,228.5189513005805,220.5748547753992,223.9483642578125,189403,226.86790466308597,231.65503068403763,233.8688916015625,,226.7460530431865,230.3477120712844,42.754430709909705,-3.431944217440474,-2.6480307837894115,-0.7839134336510627,238.75902725017428,221.71964859211087,26.617717200701115,0,218.2895524233909,230.20075287971292,10.26825131551234
2025-01-27,221.50477456596548,226.9459371087213,212.12619317357075,225.056381225586,140249,226.32598707411023,230.57219349254265,233.89777923583983,,226.4081186796664,229.86668199440268,43.95781350970229,-3.3996559633751247,-2.7983558197065546,-0.6013001436685701,238.1545706582059,221.27742244482147,28.50615162130737,0,218.2895524233909,230.20075287971292,10.615920248993277
2025-01-28,225.1652088848628,226.1050430481081,210.72138930726925,219.8130798339844,128604,225.7181159125434,229.5298281582919,233.81566711425785,,225.08911091053,228.95271816163736,39.70434650728124,-3.753885437002936,-2.9894617431658306,-0.764423693837105,238.70089742054435,219.66858500133063,30.35120178943069,0,218.2895524233909,230.20075287971292,11.026481601068776
2025-01-29,217.6959813115228,237.4325598281245,215.361227202724,217.54757690429688,487534,224.19788784450955,228.71275398947972,233.70882232666017,,223.5808041092834,227.9158871382428,37.99368948670943,-4.169360210595215,-3.225441436651708,-0.9439187739435076,238.91057569308515,217.81171739773515,29.952565949124665,0,219.2788594902,230.20075287971292,11.864562073967956
2025-01-30,222.4940893363541,222.6029131971404,214.0850194800452,217.587158203125,421782,223.1459316677517,228.1286163330078,233.5728921508789,,222.3820749280517,226.9769117805048,38.04391437267722,-4.444203075348241,-3.4691937643910147,-0.9750093109572266,238.5660164732766,216.40125647594212,29.70446727832595,0,224.07697456769688,230.20075287971292,11.96137234895775
2025-01-31,218.68527948906427,220.0208285553884,215.8756645407482,217.3002471923828,110939,221.6839616563585,227.3686516501687,233.4707958984375,,221.365709380918,226.0972149997664,37.80487319928592,-4.631777103286936,-3.701710432170199,-0.9300666711167368,237.689922758906,215.37690005603545,29.47408994115572,0,224.07697456769688,225.06628107010783,11.51759859137313
2025-02-01,220.6144193815509,228.63766187409232,216.0735253140748,225.7192230224609,148242,221.65318467881943,226.94055453213775,233.506806640625,,222.23641210922656,226.06285209273864,48.10830902056237,-4.054353815616821,-3.772239108859524,-0.2821147067572971,237.33373052043083,215.2839498384559,27.89586690754504,0,224.07697456769688,222.73647129015325,11.657513924285524
2025-02-03,227.5395301577808,240.30152385449512,227.5395301577808,235.4341583251953,881555,222.7787882486979,226.90098224986684,233.67993438720703,,224.87596135242032,226.91478902296197,56.9673910512581,-2.7807725966757744,-3.573945806422774,0.7931732097469997,237.30469892558995,215.300119799996,26.760057770454814,0,225.51145658088217,220.7133415033853,12.25674669510338
2025-02-04,235.5036331864281,236.86325738953,230.34300040884543,233.1813507080078,142263,223.9541710747613,227.0360142100941,233.60697967529296,,226.53703922353785,227.4844764488752,54.63793740577515,-1.9309739860938748,-3.2453514423569945,1.3143774562631196,237.87527368897315,215.1403848803628,25.705377857442468,0,225.51145658088217,220.7133415033853,12.086498720040428
2025-02-05,234.19363157450985,243.09573005377976,230.25368318877807,241.6269378662109,443264,225.91845703125,227.31165799227628,233.80819854736328,,229.5550189520725,228.77015475954207,61.06558199901521,-0.5694498998144297,-2.710171133848481,2.140721234034052,239.49020517616967,214.15363485068573,25.35819340649161,0,226.9085596805245,222.1104446030276,10.551731600238346
2025-02-06,241.62693692634585,242.8476216044896,235.5929606188804,239.6023712158203,713016,227.53467814127603,227.79026794433597,233.9348944091797,,231.56448940482204,229.7549017101128,58.9106202261576,0.342256815613382,-2.099685543956109,2.441942359569491,240.8232747965694,213.49460392657517,25.035807844894386,0,226.9085596805245,222.1104446030276,10.511672923857974
2025-02-07,238.18320298133168,242.1529230310205,233.4592415737828,238.8481292724609,186168,229.6496836344401,227.9494954889471,234.07262268066407,,233.02121737834983,230.58155876123533,58.08819908324469,0.9924891377391418,-1.4812506076170588,2.473739745356201,242.30424663354344,213.04852894018703,24.405022333284364,0,228.59037476691248,222.1104446030276,10.715729381988824
2025-02-10,240.0588850531429,240.0588850531429,227.76267831953203,231.107162475586,277604,231.15630425347223,227.8697308627042,234.1609912109375,,232.63840639779707,230.6293409170854,50.323250795851855,0.8731069774004538,-1.0103790906135564,1.8834860680140104,242.4103842864346,213.05974358221772,22.99407700155764,0,228.59037476691248,222.1104446030276,10.953810075971855
2025-02-11,230.6407245009709,231.0277715928203,218.25520241851024,223.624252319336,126289,231.8270924886068,227.6481441151012,233.94062194824215,,230.83557558210487,229.99251468092635,44.17579966511098,0.1726967028199908,-0.7737639319268469,0.9464606347468376,242.4043279821301,212.89983308964725,22.15262383541692,0,229.485697297264,222.1104446030276,11.463366787827008
2025-02-12,222.3043216089628,227.33594901415444,216.9054999469632,224.3388061523437,138650,232.6091545952691,227.39383350719103,233.7143618774414,,229.53622169615264,229.47854117832796,44.86838960829782,-0.3210243940366695,-0.6832160243488115,0.3621916303121419,242.02982165996843,212.58525707538317,21.514933181431825,0,229.5846276839273,222.1104446030276,11.640963397970571
2025-02-13,225.2816079856388,230.35292584602468,220.41870708643253,222.87001037597656,130513,232.2925754123264,227.2841103293679,233.49908935546875,,228.20297943211744,228.87776565084144,43.66905972108587,-0.8213534134033864,-0.7108435021597266,-0.1105099112436598,241.95405543236703,212.24254796118765,20.504587893476454,0,230.00061500037148,222.1104446030276,11.291997314002115
2025-02-14,221.4111404097473,222.30432135789107,208.60878424557924,212.36016845703125,176857,229.72879876030817,226.42640755393288,232.9723156738281,,225.03441723710023,227.3761659059496,36.210540211065975,-2.042380878938104,-0.977150977515402,-1.065229901422702,242.3364714065094,210.05035110325625,20.75057925161982,0,225.8522571496795,222.1104446030276,11.211823913256293
2025-02-17,212.36017114532265,215.30768951210217,202.90231427928595,204.66883850097656,245170,226.5607418484158,225.4088654951616,232.185068359375,,220.96130148987552,225.3118634145884,31.91460079391146,-3.589304720179797,-1.499581726048281,-2.089722994131516,243.92439860035188,206.3296861774801,21.441810434988657,0,222.99902216653285,222.1104446030276,10.521398385214557
2025-02-18,205.7208109662465,209.7004650146127,200.470862854535,204.4306640625,458255,222.4278225368924,224.22580580277875,231.32162994384765,,217.65517400440044,223.4135725643985,31.78883107415152,-4.7793780014849006,-2.155540981135605,-2.623837020349296,245.03391986253672,203.1328587019164,22.270632419923807,0,221.6592422295123,221.78329645415735,10.57223470257045
2025-02-19,203.47791820784192,212.87623135853667,201.46328655376664,211.9334259033203,152664,219.3534952799479,223.58658807927912,230.62743927001952,,216.51082438418445,222.36992286793685,39.8325841506737,-5.058794835701434,-2.736191752048771,-2.322603083652663,245.19115451741865,201.9086761100228,22.562618758984637,0,221.31189294277772,221.78329645415735,11.091361901865438
2025-02-20,211.3876007949684,217.1436981175721,209.3134256234333,216.02224731445312,91879,216.8172861735026,223.1647026755593,230.2083346557617,,216.4131089702382,221.7928614539838,43.7271899450189,-4.893887287425116,-3.16773085912404,-1.726156428301076,245.0528823227656,201.25433661033983,22.22180065856365,0,220.26487395383896,221.78329645415735,10.753228754302672
2025-02-21,213.6205632216782,217.35209467004387,210.4944146952585,212.79684448242188,144257,214.7828063964844,222.7189726396041,229.72590911865237,,215.68985607267496,220.97504172929632,41.44802134247569,-4.96621251355387,-3.5274271900100063,-1.438785323543864,244.89718564850915,200.18407961027992,21.875432818083077,0,215.74931722367765,221.78329645415735,10.20147012164204
2025-02-24,212.79684696367573,212.79684696367573,204.4405878596171,209.4424285888672,284928,213.20704820421008,222.05961192737925,228.9621124267578,,214.44037057591345,219.92662235289367,39.16186524371015,-5.233871294610026,-3.8687160109300094,-1.3651552836800156,245.1139958122124,198.93020432206487,22.144202002043727,0,215.41189435027985,221.78329645415735,10.332613130454474
2025-02-25,207.5270350437821,210.18674013832845,205.2345241983224,205.8002014160156,87845,211.14720323350696,221.18433102694425,228.27624084472657,,212.7123367439339,218.64240226772293,36.78909345383,-5.674478247464322,-4.229868458236873,-1.4446097892274483,245.57946126146368,197.2900013239856,22.39377338715005,0,215.41189435027985,221.78329645415735,9.769053778669072
2025-02-27,206.87203293837243,209.8493229738777,202.66413937989088,203.4183807373047,133658,208.98591105143228,220.43911743164065,227.49504821777344,,210.8535455426081,217.25840031041216,35.28355566530283,-6.145019495467125,-4.612898665682923,-1.5321208297842013,246.14425244322683,195.3083323956404,22.874877008355725,0,211.38759210621305,221.78329645415735,9.7640911078389
2025-02-28,202.5549608063547,203.7855642645276,193.11694219910763,196.7095489501953,363407,207.24695332845053,219.4919343428178,226.4789682006836,,208.02474622412552,215.3903229140288,31.38728714453947,-6.978825920703457,-5.08608411668703,-1.8927418040164268,247.27521066869957,192.11830434594887,24.12194009743388,0,205.23451843457576,218.1063361264437,9.905158294137635
2025-03-03,197.73176077039508,205.4330122013378,195.81636297536485,202.1480712890625,223802,206.96686808268228,218.7901576649059,225.7297491455078,,206.8494112371129,214.1864818572137,37.42022979399434,-7.118720045401204,-5.492611302429865,-1.626108742971339,247.01240602269465,190.023993818614,24.99383524921616,0,205.23451843457576,218.1063361264437,9.713761329306354
2025-03-04,199.13107107076496,202.00912712245145,194.51627768304547,196.8683319091797,129185,206.1266089545356,217.86143424294207,224.83259338378903,,204.85319537152628,212.61210458921056,34.26991545022048,-7.56837448057783,-5.907763938059459,-1.6606105425183717,245.48106532149615,187.69875187821089,25.911154532047785,0,205.23451843457576,218.1063361264437,9.340892297087874
2025-03-05,196.94772641331645,204.94670962557583,196.6003850064413,202.76336669921875,323844,205.1077134874132,216.81798622824928,223.78860076904297,,204.4352296370648,211.7167647810295,40.31207883038318,-7.364159374111068,-6.1990430252697815,-1.1651163488412868,243.48121793743437,186.65680086139375,26.2265189032172,0,205.23451843457576,218.1063361264437,9.192026265083824
2025-03-06,203.7955134949222,210.7722954209636,203.7955134949222,209.20425415039065,171109,204.35015869140625,215.62571785666725,222.99510986328124,,205.38903453973,211.4883547236987,46.13788096197483,-6.606436751867136,-6.280521770589252,-0.3259149812778839,239.0396701168601,187.856080310386,25.549043922753462,0,205.23451843457576,218.1063361264437,9.054505548094731
2025-03-07,208.41029693402749,228.84442669902904,206.3261879073753,216.2604217529297,330956,204.7350006103516,214.85658472234556,222.46541595458984,,207.56331198236992,211.92217899908331,51.69981612326535,-5.374607233361047,-6.099338863143611,0.7247316297825641,234.79428370759837,189.76727177335871,24.682028452200704,0,210.98068444906835,218.1063361264437,9.644292166755903
2025-03-10,215.3573134386981,220.3194635179308,209.40273334361888,214.3648834228516,180739,205.28194003634985,213.6174004294656,222.0422494506836,,208.92362627046623,212.1442430376077,50.20014568673636,-4.499460585838449,-5.77936320768258,1.2799026218441307,229.84139724844584,192.27183364755027,23.876942658116,0,210.98068444906835,218.1063361264437,9.537960376862742
2025-03-11,208.9561506072552,213.3724613127466,208.55916950023973,211.68533325195312,76647,205.9358435736762,212.3484441583807,221.6671923828125,,209.47596766676364,212.10252396618452,48.07710112135352,-3.976281766388581,-5.41874691942378,1.442465153035199,226.34418067426463,193.82686729936816,23.01765774095737,0,210.98068444906835,218.1063361264437,9.293396931329468
2025-03-12,210.99062154598653,212.77698341010023,201.46328760207405,210.3852386474609,242443,206.7099388970269,211.05467640269887,221.19450775146484,,209.65782186290312,211.94640711902784,47.037665399735786,-3.6247813290994486,-5.059953801358914,1.435172472259465,224.38783034562232,194.45931626082304,21.4144761946009,0,210.98068444906835,218.1063361264437,9.286307717276337
2025-03-13,211.3875975254305,211.4372220558531,201.5625462329692,206.3956756591797,105768,207.7861751980252,209.93142700195312,220.61967407226564,,209.00539262215844,211.44179516813256,43.9009957006815,-3.6263369362246474,-4.77323042833206,1.146893492107414,221.77917334228476,195.27366021484417,19.92580761584132,0,211.6803521910373,218.1063361264437,9.432336526472415
2025-03-17,207.4575518386565,210.69288319470445,202.4557115114173,207.4277801513672,319929,208.37280951605905,209.1952237215909,220.04213470458984,,208.6898701280002,211.07688471206296,44.92421043985651,-3.503896817800978,-4.519363706225844,1.015466888424866,219.1589589341699,196.34965160049808,18.543472506993133,0,211.6803521910373,217.9822819017986,9.530871648508256
2025-03-18,207.4277801513672,207.4277801513672,207.4277801513672,207.4277801513672,0,209.54608154296875,208.42654072154653,219.58647735595704,,208.4374521326736,210.7451479338179,44.92421043985651,-3.368037502024009,-4.289098465385478,0.9210609633614686,218.7043988584037,196.31097284569785,17.259875620205534,0,212.7224058527352,217.6349326150641,8.933995998218354
2025-03-19,211.933424409826,219.336943550772,209.90885877848856,218.3345947265625,225675,211.27621799045136,208.22038546475497,219.24191375732423,,210.41688065145135,211.4350976422492,54.98652337665495,-2.3531535420461296,-3.901909480717608,1.5487559386714786,220.28982591015543,196.0921214165047,17.425957558339864,0,215.15385715055157,216.58791362612527,9.430920816746836
2025-03-20,219.42627233857243,220.89506445348024,210.4646309244365,213.51138305664065,243081,211.7547878689236,208.27271340110084,218.9306823730469,,211.03578113248923,211.62385086173933,50.58519668123633,-1.9159575978743817,-3.504719104148964,1.5887615062745817,220.83093269947483,196.45908652659935,17.73793301134033,0,215.15385715055157,212.072356895964,9.662724383536617
2025-03-21,214.61298986503573,217.2131516478399,210.1172831269554,212.59835815429688,279768,211.34789191352,208.6331461126154,218.4757470703125,240.32188301086427,211.3482965368508,211.71244243379,49.77301667770871,-1.6244247837059618,-3.128660240060363,1.5042354563544014,220.9055131217374,196.45099932943444,17.97063842730237,0,211.17917602777715,211.73493402256616,9.40752770178408
2025-03-24,213.372462696275,221.28213147838545,213.372462696275,216.75665283203125,167434,211.6136440700955,209.19341832941228,218.1536404418945,240.2597254180908,212.4299677958869,212.17100701544828,53.43961030392151,-1.045788105621341,-2.712085813172559,1.6662977075512182,221.0391241480099,196.39082885491976,18.61746372405013,0,211.37270954022972,211.73493402256616,9.340893708792342
2025-03-25,217.8880086612008,219.7637007480021,211.5761532805983,218.77127075195312,177949,212.4009704589844,209.5042294588956,217.95908264160155,240.20394119262696,213.6982283871002,212.77103099149417,55.14793432402868,-0.4198122063234564,-2.2536310918027387,1.8338188854792823,222.02490465764103,196.00249097224176,18.900356305645904,0,211.37270954022972,210.98068444906835,9.380590413177112
2025-03-26,219.32702154597865,219.32702154597865,212.5884287687628,216.0917053222656,216030,213.03502231174045,209.5073866410689,217.68224395751952,240.1096008300781,214.1769237741333,213.07291047610977,52.39437364943848,-0.138345570708168,-1.8305739875838247,1.6922284168756567,222.73774092080768,195.954582382415,19.163042274270552,0,211.4223388556773,210.98068444906835,9.265752424468632
2025-03-27,213.62056376506592,217.3223235335128,207.91409109770643,209.7302398681641,743886,213.40552944607205,209.367995522239,217.3711703491211,239.9636223602295,213.28758699293948,212.7690313299329,46.46306230760948,-0.4237140198187319,-1.5492019940308062,1.1254879742120742,222.8300917421271,196.2552354063104,18.57009786427466,0,211.86892149490137,210.98068444906835,9.36570268975874
2025-03-28,212.3303969669145,214.0671494791476,205.79028685523585,206.4949188232422,185115,213.30187818739148,209.2340178056197,216.8764761352539,239.80768280029295,211.929053359,212.19865746568823,43.750416135930806,-0.9005529277501978,-1.4194721807746846,0.5189192530244868,222.75464746323243,196.6383334937988,17.66570921715725,0,213.53620916681064,210.98068444906835,8.348461534920025
2025-04-01,208.410301334282,210.3852424985068,205.8696829409413,209.0454559326172,211683,213.4816199408637,209.3815293745561,216.51628997802732,239.6581324005127,211.35233387372347,211.9120027808636,46.40681819711133,-1.060420303555475,-1.347661805330843,0.287241501775368,221.86730466725,198.75926698802343,16.825919759119653,0,213.53620916681064,210.98068444906835,7.891235062295282
2025-04-02,208.6087878829664,210.12720460725453,206.4254448602163,208.9859161376953,153064,212.442877875434,209.63459916548297,216.0868487548828,239.4954090881348,210.87905032651787,211.645994904212,46.351787963440806,-1.1783375724729694,-1.3137969587592682,0.1354593862862987,221.57937906089884,199.73097707923787,16.046115262370453,0,213.53620916681064,210.98068444906835,7.74095262118288
2025-04-03,208.9065177065373,211.57615686404924,206.5743011190097,207.2392425537109,250565,211.7459733751085,210.1132216020064,215.7117092895508,239.3214859008789,210.1510887719565,211.2453810541664,44.67799276110743,-1.3966303331965833,-1.3303636336467313,-0.0662666995498519,220.15405290848707,202.1933942961028,15.56849517720126,0,213.53620916681064,210.98068444906835,7.29010690239812
2025-04-04,207.19953557138803,207.61635435697627,200.47086133794323,201.65185546875,288673,210.52969529893664,210.09066633744672,215.238671875,239.11040100097657,208.4512421113152,210.3732423645831,39.73499229483097,-1.9974588979974608,-1.4637826865168777,-0.5336762114805838,220.3284407989173,201.90785528262563,14.902132931965385,0,210.87649640816437,210.98068444906835,7.095165273551629
2025-04-07,175.86852036395288,199.5379658898395,175.86852036395288,195.6774139404297,226115,208.18755764431424,210.0365337025036,214.70016204833985,238.86539886474608,205.8964764771381,209.03725796238732,35.244796817747144,-2.9220240903655963,-1.7554309672866215,-1.1665931230789748,221.9450742131271,198.93853784741972,16.84441632487698,0,197.8161105559775,202.35647353149096,8.348462660802342
2025-04-08,201.3144341383096,203.43823375980705,197.4935725320113,198.3172912597656,58741,205.9148932562934,209.8344393643466,214.1875405883789,238.62190490722656,204.3806394336636,208.06271553487628,38.54918366332158,-3.402510604890864,-2.08484689480747,-1.317663710083394,221.90412805541607,197.1851709558144,18.02593778418447,0,197.59777095496577,202.35647353149096,8.902806933615011
2025-04-09,198.31728819801623,199.15092576144667,193.6230985504237,196.07440185546875,104663,203.6907484266493,209.2376278963956,213.60790100097657,238.3644832611084,202.71939191802463,206.97286883674832,36.82960490380293,-3.919105056159225,-2.4516985270778213,-1.4674065290814036,222.14098035013757,195.11927050435463,19.415549678898188,0,196.59542194873285,202.35647353149096,8.446997205873453
2025-04-11,201.44343369901824,210.1470488896057,197.50348545524545,208.61871337890625,224478,203.56724548339844,208.89027751575816,213.384013671875,238.13998779296875,203.89925621020095,207.1224910678536,50.20766236526964,-3.278496313190317,-2.6170580843003206,-0.6614382288899963,221.91104626719272,195.0425425999948,19.151390213176597,0,194.96783492155024,202.35647353149096,8.707155313380111
2025-04-15,211.983063460395,211.983063460395,207.6659867115873,210.950927734375,104317,204.0623575846354,208.7350977117365,213.25208068847652,237.91028228759765,205.30959051503575,207.4705307648101,52.233072988367056,-2.553187505434352,-2.604283968527126,0.051096463092775,221.95861692485585,195.05154085102308,18.677337412493287,0,193.92579191217396,202.35647353149096,8.508670186803197
2025-04-16,210.692886933389,214.3450219762936,209.0156778510248,213.23350524902344,60834,204.52769639756943,208.8054691661488,213.16500762939447,237.6515389251709,206.8943734618333,207.99443753610225,54.19683047273377,-1.7737435095233138,-2.438175876726364,0.6644323672030503,222.421789511884,195.27215122297932,17.94036592647555,0,195.10677117012324,202.35647353149096,8.269068101173213
2025-04-17,213.23352150595773,216.3993757936864,211.7349575795284,212.70753479003903,66010,204.9412095811632,208.91102808172053,213.07315338134765,237.3454232788086,208.0570057274745,208.42290092282371,53.64950361480366,-1.1848121703151548,-2.187503135444122,1.0026909651289673,222.7746303472317,195.4472858514988,16.997266036769805,0,196.13394807881963,202.35647353149096,8.017416011655655
2025-04-21,215.3374643176344,215.3374643176344,210.91123485074465,214.0473022460937,83616,205.6976606580946,209.25882929021665,212.83971496582032,237.08236297607425,209.2550650311983,208.93421013403008,54.898935033783765,-0.603020558540095,-1.870606620063317,1.2675860615232215,223.25382239815175,195.63004601005133,16.218365944994197,0,196.13394807881963,198.5753259211692,7.852247203775221
2025-04-22,216.34973824885805,225.4999439862584,213.02509171845583,223.3761444091797,266435,208.11147054036456,209.983754938299,212.5985546875,236.802952041626,212.07928090679465,210.2471132499528,62.48252203839318,0.6038522506869697,-1.3757148459132595,1.9795670966002288,224.3476345940637,195.04038878240115,15.82972498710748,0,200.68423217510565,200.68423217510565,8.071291477489236
2025-04-23,224.28917228693413,237.1907618432622,221.19279563926483,232.91339111328125,407624,212.24880133734808,211.1421918002042,212.59319549560547,236.6146381378174,216.246102948092,212.3076839648008,68.34305181813104,2.303332368207037,-0.6399054030892002,2.943237771296237,228.5862038166914,192.7420203654375,16.51769717817089,0,215.40693019684292,206.5296411036076,8.622798876066781
2025-04-24,232.8836387330552,246.31121607305008,232.2286312668894,243.8003692626953,535059,217.30247667100693,212.29972700639203,212.6366641235352,236.4551072692871,221.75695621101264,215.1706553555185,73.44285724627501,4.477061972277653,0.3834880719841704,4.093573900293483,235.49062608462756,188.9577992083412,17.803273077830333,0,219.96715731173688,211.08986821850144,9.306157822395006
2025-04-25,244.1377867739464,246.7677202896056,231.543847301585,239.55276489257807,1585471,222.1334058973524,213.48342618075284,212.63567199707032,236.2928370666504,225.31611794732575,217.38721076797847,68.78687282357919,5.790265592981427,1.4648435761836218,4.3254220167978055,239.60830420557608,187.11973229344736,18.903567390648437,0,222.13560287242552,211.31812032677925,10.129165911036605
2025-04-28,240.46578882824065,243.4331447970482,233.2805902722893,237.67706298828125,426270,225.3621114095052,214.6233673095703,212.61225067138676,236.14634689331052,227.7883069555169,219.231742788006,66.7737414860639,6.60351425395379,2.4925777117376557,4.110936542216135,242.65171204647487,185.9669036761814,19.92526925255095,0,227.21685350059644,211.31812032677925,10.497072966730842
2025-04-29,238.8679815600649,242.152922470656,230.24376234914828,231.4644470214844,169136,227.64139133029516,215.2919034090909,212.61939636230468,235.9897590637207,228.5235349687104,220.3438068092313,60.46206287771356,6.669827865581368,3.328027742506398,3.34180012307497,244.4393668455686,185.7165230470095,20.42068526084512,0,227.8916990703152,211.31812032677925,10.83733490262189
2025-04-30,232.4270983978884,234.10430748781087,223.29674560620188,230.56134033203125,224793,229.56670633951825,215.8278156627308,212.7581381225586,235.8054702758789,228.9310960413746,221.2726734931222,59.580421488445175,6.573730841166992,3.977168362238517,2.5965624789284742,246.15240491158823,186.0865950273766,19.928885844845592,0,228.83947757017512,211.31812032677925,9.76763681525131
2025-05-02,231.7224876804094,236.79380561959945,227.72299596548444,233.518783569336,113942,231.87906731499567,216.6199555830522,212.94173767089845,235.69121864318848,229.84863354696688,222.38595622732345,61.55732144537848,6.659448235941682,4.51362433697915,2.145823898962531,248.10597075872144,186.8354156548528,19.731340896209623,0,228.83947757017512,211.31812032677925,9.86120751773257
2025-05-05,239.01684648118828,240.10852557922104,234.46159624566,237.2205505371093,365282,234.4538726806641,217.86951515891332,213.2287484741211,235.5754972076416,231.32301694499537,223.73455571003123,63.93501565790205,6.946012240833198,5.00010191774996,1.945910323083238,250.46009337354343,187.29880250048,19.86002568877805,0,229.89640600403072,211.31812032677925,9.937058574794149
2025-05-06,236.41667469932105,239.46342691048287,232.4271018779702,236.36705017089844,183943,235.8973066541884,219.22733931107956,213.70888610839845,235.4493418884277,232.331823590176,224.8829642973828,62.96798229595781,7.02328586512931,5.404738707225831,1.6185471579034791,252.39225896291453,188.1047503144292,19.68703525963381,0,233.9802579644352,211.31812032677925,9.434464146106702
2025-05-07,231.38505055198144,240.56502813566564,230.78960163252145,234.2730255126953,180030,236.04837714301212,220.3740470192649,214.3009698486328,235.32800880432129,232.72006397467987,225.7366062260476,60.5482515069666,6.836745730631378,5.6911401119069405,1.1456056187244377,253.7141503835476,189.4862371896946,19.28837517922219,0,235.0322329479037,211.31812032677925,9.82434627141645
2025-05-08,237.19076770063603,239.29471443439044,231.7621744417993,233.8363494873047,129104,234.9412638346354,221.50361217151988,214.8890835571289,235.1835272216797,232.94332107720487,226.4729465225255,60.03019247490771,6.577849865616031,5.868482062648758,0.7093678029672725,254.32448409349027,192.09435288160736,18.91819081883997,0,235.0322329479037,211.31812032677925,9.98171740479662
2025-05-09,226.38320317354243,239.0664570969564,223.30666418054068,233.36990356445312,240515,234.25427924262152,222.69136949019,215.31781311035155,235.04361938476563,233.0286375746545,227.09994261724617,59.44510556455275,6.26284061153757,5.947353772426521,0.315486839111049,253.6482857369392,196.5398002005608,17.743168806859654,0,233.36494520162503,211.31812032677925,10.774244169243602
2025-05-12,242.84762347887943,242.84762347887943,236.178492516168,240.33677673339844,134579,234.54980299207895,224.44977500221947,215.80410369873047,234.919800491333,234.49026540640332,228.30329117326,64.94136184283201,6.500429048610897,6.057968827663396,0.4424602209475008,253.55268804388376,200.83734644097956,16.778018423237192,0,233.07218454254064,211.31812032677925,11.135064915496212
2025-05-13,243.1453488834408,245.8943842109352,238.2129705946286,243.7606506347656,342153,235.91604783799917,226.6353766701438,216.42337982177733,234.80668800354005,236.3443424520758,229.7085056697605,67.28774394398944,6.885624413964194,6.223499944923557,0.6621244690406378,252.48499866191,206.67366070088292,16.24904600666092,0,234.5955649085685,211.31812032677925,10.792676440389355
2025-05-14,245.62642387204733,247.015819808355,240.3268513307709,243.7606506347656,285411,237.3826378716363,228.700983914462,217.1097442626953,234.6948087310791,237.82760408861375,230.9859733938519,67.28774394398944,7.108947000335405,6.400589356005927,0.7083576443294781,252.81932343725356,209.8535296511254,15.892741200616529,0,235.16124199444783,211.44217008615396,10.127748031359838
2025-05-15,243.84003801753028,245.62641497326445,236.19833035812903,242.1231384277344,107145,238.33867730034723,230.79410830411044,217.8362030029297,234.5488436126709,238.6867109564379,231.99844294238667,64.87924941955973,7.0722734432239065,6.534926173449524,0.5373472697743829,252.60020517156437,213.1898689861505,14.955465411122823,0,235.16124199444783,211.44217008615396,9.795283732000891
2025-05-16,245.0309695745256,245.0309695745256,238.6794234080882,239.5229949951172,94163,238.59450446234808,232.19884837757456,218.55829528808596,234.4015022277832,238.85396776417377,232.68249312899852,61.137174302105336,6.755526041252892,6.579046147010198,0.1764798942426946,251.7845654425929,216.6344576897313,14.085137892307245,0,235.16124199444783,211.44217008615396,9.161546101887806
2025-05-19,241.06123870106,244.60422103688825,228.8642807775227,231.2858123779297,437607,238.0299224853516,233.123161315918,219.24982055664063,234.2043184661865,237.34033668692496,232.55552215162865,51.08488118496724,5.773278881742073,6.417892693956573,-0.6446138122145006,249.6199734571912,220.6568774339221,14.157127055622096,0,235.16124199444783,220.31945917938936,9.560645082931137
2025-05-20,232.60574142333056,235.6524935594612,230.24375324676004,231.107162475586,74208,237.67815992567276,233.9356002807617,219.8290023803711,233.99560653686524,236.0937018446572,232.4238530901702,50.88944890369094,4.923668392687773,6.119047833702814,-1.1953794410150405,246.78138472817227,225.20145218589025,14.22397413584303,0,235.16124199444783,220.31945917938936,9.096329382302098
2025-05-21,231.10717392770567,235.2059147564419,230.86900041458844,234.73947143554688,96633,237.7785068088108,234.93705194646665,220.58642517089845,233.77414031982423,235.8228557628352,232.6343638488408,54.68528820736389,4.4916658081242815,5.793571428587108,-1.3019056204628263,245.6088882373785,227.51028137932067,14.28604642461961,0,235.16124199444783,222.25965263180024,8.63414027231956
2025-05-22,235.21583489006096,236.92281574536807,229.74755090118603,231.4049072265625,69242,237.56017388237848,235.72603399103335,221.1592559814453,233.4922247314453,234.93926605558065,232.5225950649973,50.80320277324824,3.83601004789918,5.402059152449523,-1.566049104550343,245.68529539464532,227.283025833382,14.042910056363151,0,237.94005029293885,227.34090325997116,8.498744214467205
2025-05-23,231.78203852611568,234.9280399310455,229.5589897882392,232.8836364746093,65289,236.73204718695743,236.1581927212802,221.63284362792967,233.24688720703125,234.5281401393864,232.5554170113257,52.41639523855157,3.3965657307818446,5.000960468115988,-1.6043947373341432,244.5908842685701,227.2857636806486,13.844567289772236,0,237.94005029293885,228.0157488296899,8.411551938247296
2025-05-26,234.05468297525155,234.05468297525155,227.66343147767407,229.53912353515625,257700,235.15187750922308,236.0048169222745,221.8984176635742,233.03775482177736,233.5303368185404,232.2812085134921,48.53958689780176,2.7467656953542416,4.550121513563639,-1.803355818209397,244.36411620037484,226.51116761310172,13.942859578141755,0,237.33962564301456,228.96352732954983,8.365475257180488
2025-05-27,230.6903525071704,234.2134820669178,229.74754702750624,233.50885009765625,82568,234.0127885606554,235.5370205965909,222.2812969970703,232.92167922973636,233.5260394743636,232.39281229387063,52.98447532295702,2.5230342743456617,4.144704065720044,-1.6216697913743818,244.1301568423839,226.32830568203016,14.00117286088291,0,236.64492322546928,228.96352732954983,8.001113259224585
2025-05-28,233.5187898521782,234.7493934017076,229.36050558993944,229.8468017578125,77174,232.6487511528863,235.0958404541016,222.6445263671875,232.80955268859864,232.79019193105336,232.16135679059263,48.79720760477,2.0268643843446057,3.721136129444957,-1.6942717451003508,244.22105961416403,226.0756383838828,13.9377298774623,0,236.34720052609987,230.0204557634054,7.847995246308658
2025-05-29,231.2361984119411,231.4743870721868,227.6138348374783,228.0504913330078,48958,231.37402852376303,234.6582690152255,222.99783142089845,232.65926025390624,231.8422518114443,231.787641748994,46.84171196919467,1.4717337029138378,3.271255644138733,-1.7995219412248953,244.4262279516656,225.61938514647892,14.176333870702322,0,236.10902793718327,234.1043077238099,6.998049483329571
2025-05-30,228.06041447727384,229.7673952696397,223.40591540642035,225.1724395751953,72805,230.6947648790148,234.3722686767578,223.3733666992188,232.43967124938965,230.50828936419447,231.1862597331941,43.81229028327191,0.79044218888572,2.7750929530881305,-1.9846507642024105,244.9805622936679,224.23041640506256,15.051484710578386,0,230.1643655758942,235.1562827072784,6.77546090824336
2025-06-02,225.28161401359444,228.0604210917574,223.4853181045166,225.0632781982422,37855,230.0232221815321,234.1223567615856,223.72607666015625,232.2254722595215,229.41928713100407,230.62962504819848,43.69685667887983,0.2389508678944025,2.267864536049385,-2.028913668154982,245.1248842820993,222.87036718274447,15.864124776177588,0,230.1643655758942,235.1562827072784,6.553581577595803
2025-06-03,226.055713558842,226.055713558842,221.3019803248368,221.9172821044922,55726,228.5985344780816,233.59501578591087,224.01586669921875,231.97278923034668,227.9188861257017,229.8375938714979,40.39373783305675,-0.4468149650662667,1.724928635826255,-2.1717436008925217,245.56981896569437,220.9804556925088,16.946687090998342,0,229.11239803510244,234.1589000665959,6.415350488768739
2025-06-04,223.0287925860534,225.7282034329325,220.0217308580627,223.2967529296875,174603,227.6976284450955,232.9621158946644,224.11510986328125,231.7799312591553,226.9944594864989,229.24297196769692,42.448080288370576,-0.8689607231815444,1.2061507640246951,-2.0751114872062395,245.7893662245237,219.66328117537867,18.138740407071488,0,227.4748853945541,233.51877533320885,6.149521057321195
2025-06-05,221.5103694027908,225.92667980298765,221.5103694027908,223.40591430664065,61192,226.64454820421008,232.37297335538,224.3130004882813,231.58984519958497,226.2767504505273,228.7123303621464,42.61662232183812,-1.1810909853874705,0.728702414142262,-1.9097933995297325,245.8988483238244,218.51075555801157,19.185602603309132,0,227.3855621298852,233.51877533320885,6.011289931161157
2025-06-06,223.4059199962936,228.0604191627737,221.6096241024092,225.35108947753903,110117,226.17921108669705,231.9674308083274,224.5680551147461,231.38153717041016,226.09161825592963,228.40676300900023,45.66988011136422,-1.2570070918829686,0.3315605129372158,-1.5885676048201844,245.8200447314594,217.78767774168512,19.513787113116024,0,227.3855621298852,233.51877533320885,5.347779559803939
2025-06-09,225.2816077442492,230.3430067508813,224.56705693994164,229.7574615478516,113202,225.76239013671875,231.78202681107956,224.8280712890625,231.20737983703611,226.824786914314,228.52955378525945,51.91186142335422,-0.950655191455553,0.075117372058662,-1.0257725635142152,244.7221386554682,217.82765229912167,19.177233336698546,0,227.3855621298852,233.51877533320885,5.374008809678118
2025-06-10,229.75746127805164,230.69034789053995,224.0906945216844,225.1724395751953,173687,225.2430165608724,231.4094148115678,224.95609466552733,231.00164108276368,226.4943174464903,228.2243615843445,45.99082249922687,-1.0655589574128612,-0.1530178938356425,-0.9125410635772186,242.6828860398496,218.00808380878323,18.962332438940383,0,225.7480589651248,233.51877533320885,5.535633025892553
2025-06-11,223.346367747424,227.72298754892847,223.20742815737367,225.4999389648437,95721,224.9596218532986,230.73501309481532,225.1442593383789,230.7802270507813,226.295441750161,227.97668680075355,46.460563927338505,-1.1173148460124196,-0.345877284270998,-0.7714375617414215,240.19147913398373,218.6734195476569,18.94861910845846,0,225.35603937430133,233.51877533320885,5.345654064990607
2025-06-12,227.66343087407583,227.66343087407583,221.7287038463228,223.6837921142578,108786,224.79421657986111,229.82242861661044,225.4233303833008,230.55418434143067,225.77311182298035,227.5864236474357,44.166480318951926,-1.2900092101071436,-0.5347036694382272,-0.7553055406689164,237.74243370011703,219.2785303501759,19.24333661661769,0,225.35603937430133,233.51877533320885,5.3860595567725165
2025-06-13,222.3043124544876,223.0684877686681,218.88043209935788,221.43096923828125,76565,224.39062669542105,228.80744309858844,225.72205139160155,230.3213292694092,224.9046833060405,227.02683688296716,41.433496159582006,-1.5903224688335058,-0.7458274293172831,-0.8444950395162227,235.77920596796255,219.4325555066468,20.061153537310243,0,224.7853899949489,232.94812595385645,5.272638736581267
2025-06-16,221.36152621568755,223.8922258779547,217.07422112056005,220.8553771972656,66114,224.27263726128476,227.84072667902169,225.9582498168945,230.1103287506104,224.0948220842856,226.46579509335788,40.7398528600077,-1.8534034757362288,-0.9673426386010724,-0.8860608371351568,235.59321650020297,218.57550145634,21.134156808855632,0,223.88228450555,232.04502046445756,5.425756324126488
2025-06-17,220.81568469502145,222.3638731400706,217.42157576319505,218.0865020751953,59839,223.69372049967447,226.86634063720703,226.14026153564453,229.91343170166016,222.89315808246752,225.7040411826158,37.48855617132791,-2.259278593722769,-1.2257298296254118,-1.033548764097357,235.612303295712,217.25434862079183,22.13051698957635,0,223.88228450555,232.04502046445756,5.393857007348444
2025-06-18,218.33459890713328,220.9645323366572,216.29019554029128,219.029296875,133924,223.20742967393664,226.3092262961648,226.37606262207032,229.6816764831543,222.12038584097405,225.0972462455598,39.26588722777623,-2.476316453201065,-1.4758471543405425,-1.0004692988605224,234.51753903571347,216.7780954247357,23.259707134656377,0,223.4902717154156,231.65300767432316,5.451984476038258
2025-06-19,216.845961719478,221.81803072196828,214.24579988475548,216.3497467041016,76818,222.20728047688803,225.63843467018825,226.67002044677736,229.4335555267334,220.9662580135996,224.30201901451812,36.12237939094069,-2.831893519665101,-1.7470564274054543,-1.0848370922596469,234.2496974645368,215.5404209436663,24.65782645515347,0,222.46807388764773,229.93610742900995,5.538466688466362
2025-06-20,215.357307073733,219.06900067487948,212.42964164217005,214.9801788330078,532832,220.5653601752387,224.74028500643644,227.0560757446289,229.18130737304688,219.76904217748125,223.4545789980172,34.59778681586124,-3.187460527042816,-2.035137247332927,-1.1523232797098897,233.5599982665553,214.43977437748768,26.24253965098461,0,221.559994766355,228.73030560834783,5.685913548856978
2025-06-23,211.7349376677352,220.53778655230272,211.7349376677352,218.9102020263672,85726,219.8695560031467,224.172343860973,227.46793395996093,228.9744310760498,219.59727414725847,223.0414538187763,42.14389275146154,-3.1162082065488903,-2.25135143917612,-0.8648567673727707,232.9130466780593,214.02383381510475,27.1100968645086,0,219.72896260833184,228.16957935231173,5.9751360953257135
2025-06-24,219.74384693731992,222.57227847087776,216.5779928409831,219.29725646972656,144478,219.1803690592448,223.55478113347837,227.9323910522461,228.75390869140625,219.5372706117521,222.70107224158997,42.843346295305736,-2.9939952567594617,-2.3998802026927883,-0.5941150540666733,231.0953886605109,214.4203324698602,27.13379110395408,0,219.6991842709055,224.32887670655165,5.995694170684634
2025-06-25,221.80810081621829,221.9172687198904,217.93762994653576,218.3147430419922,96078,218.58380805121527,223.0445820201527,228.12631164550783,228.55221687316896,219.29276509780013,222.30231504162649,41.472707028602514,-2.942501905641052,-2.5084045432824413,-0.4340973623586106,230.03561702499852,214.32689823379053,27.155792897724886,0,217.8135817728449,224.32887670655165,5.964503340195902
2025-06-26,219.823251486972,222.3043265601884,216.4390614527176,220.6866607666016,111126,218.50110710991757,222.4617552323775,228.32102630615236,228.36634185791016,219.57154423156044,222.15543738026057,45.96684041601733,-2.679412516839932,-2.5426061379939395,-0.1368063788459923,229.1845143295874,214.44161787256104,27.504263992382235,0,217.8135817728449,224.32887670655165,5.922679772132066
2025-06-27,221.31189623368664,224.36858253697787,219.94233794926072,221.96690368652344,94803,218.6246100531684,222.1035780473189,228.49569427490235,228.18637351989747,220.05061612255304,222.1382979535572,48.2755069594553,-2.3406260959126257,-2.502210129577677,0.1615840336650511,228.85412230501817,214.45145630826303,27.018329668215205,0,218.05176010235647,223.33148879939037,5.826272256187601
2025-06-30,224.28917768705463,224.9838756512347,221.22257265306573,222.3638610839844,83860,219.09987216525607,221.84509485418147,228.6888208007813,227.98316261291504,220.51326511483933,222.1588036926869,49.00308725922672,-2.016855220506472,-2.4051391477634363,0.3882839272569649,228.54919222527408,214.48644467658136,26.335926073422268,0,218.35940665948496,223.2421655347214,5.623532943995705
2025-07-01,223.29675969000337,224.0807727609825,219.49575080786428,220.6370544433593,41489,219.2785118950738,221.63894098455256,228.82061584472655,227.77107048034668,220.53802298054336,222.02046285183897,45.97354394652924,-1.877955432240924,-2.299702404658934,0.4217469724180098,228.49317391092225,214.4144402248199,26.14422632950259,0,218.35940665948496,223.2421655347214,5.62849455553595
2025-07-02,220.6370456703804,223.09826783920388,217.61013113072715,221.2920379638672,83073,219.82765536838107,221.4675209738992,228.7789337158203,227.58698577880855,220.68882597720813,221.9542424074779,47.30430537340424,-1.6954802126505513,-2.1788579662572576,0.4833777536067063,228.33933175448877,214.36781088467143,26.408033910544,0,218.35940665948496,223.2421655347214,5.596595247016213
2025-07-03,219.872864132256,224.3189461830162,219.52550758346928,222.6715087890625,160969,220.6822475857205,221.501804005016,228.57409606933595,227.4424454498291,221.08536253957905,222.0194484421674,50.09251996409481,-1.423150328481256,-2.027716438702057,0.6045661102208011,228.26480662214155,214.3688954652608,26.15719026312452,0,218.35940665948496,221.604662369961,5.595886574490998
2025-07-04,224.2891746446746,224.2891746446746,220.51793770606395,220.88514709472656,57181,220.9016859266493,221.3921855579723,228.11579162597656,227.2825428009033,221.04531945060856,221.91633013785457,46.650237666892416,-1.3360700093385844,-1.8893871528293629,0.5533171434907784,227.7776429411035,214.4094649080176,25.924264019092146,0,220.71146855197617,221.2126427791376,5.378260301720713
2025-07-07,220.88514774358552,222.17529460194663,219.3270254074372,219.8530120849609,31805,220.96343655056424,221.2306900024414,227.72179656982425,227.1276198577881,220.80685797747904,221.7287557694097,44.73732386602855,-1.3349543753552666,-1.7785005973345438,0.4435462219792772,225.90546094023745,215.2912019625946,26.022120108070418,0,220.71146855197617,221.2126427791376,5.228686860123133
2025-07-08,219.8530135477492,223.48531093024587,218.9896043059333,220.3393096923828,69408,221.18838840060764,221.00288183038884,227.37504150390623,226.98502143859864,220.7133483204598,221.60244248968,45.86369231880282,-1.2800741763391557,-1.6788153131354662,0.3987411367963105,225.20735870990745,215.50599120464335,25.53748352612257,0,220.71146855197617,221.2126427791376,5.215927562119323
2025-07-09,220.31946592792488,221.3118959546273,219.5453717185595,219.9324188232422,33741,221.1045837402344,220.55628897927025,227.14440093994145,226.85151817321776,220.5571624210163,221.45062215636744,45.03656134460881,-1.2549476603880407,-1.5940417825859812,0.3390941221979404,224.2820653244085,215.8745325759821,25.087463842885285,0,221.29700339098093,221.2126427791376,4.801234233466109
2025-07-10,219.9324025075069,221.05385320033528,218.930053706478,219.6942138671875,41748,220.85206264919705,220.30727871981532,226.9270584106445,226.7086621856689,220.38457271025052,221.2909486755329,44.53024968138021,-1.2399623505345403,-1.523225896175693,0.2832635456411527,223.725690245604,216.0319498300796,24.861862419668764,0,221.29700339098093,221.2126427791376,4.478694266405242
2025-07-11,219.58505216483104,220.4683142422717,216.9253470842788,220.1011199951172,79122,220.60064697265625,220.06187785755503,226.65870513916016,226.58292755126956,220.3278821672239,221.1827824318587,45.654199239653146,-1.181631349982155,-1.4549069869369855,0.2732756369548308,223.5916139064776,216.03304124488955,25.23622864561964,0,220.6221466336475,221.2126427791376,4.10298842879277
2025-07-14,220.8652959582505,222.6119672784338,217.85823431832367,220.09120178222656,94413,220.5399966769748,219.89857829700816,226.3161181640625,226.4296901702881,220.28054609022445,221.08354782734668,45.62992954640171,-1.123255735763081,-1.3885767367022046,0.2653210009391236,223.52434391157445,216.02389369828884,24.58396544824565,0,220.6221466336475,221.2126427791376,4.01437752380816
2025-07-15,221.31188793967283,224.78539290733585,220.1011221394822,222.1058349609375,109443,220.6304185655382,219.9292540116744,226.03089385986328,226.3169470214844,220.64560386436708,221.17648302130948,51.29382024821958,-0.9040077418679288,-1.2916629377353497,0.3876551958674208,223.77497444560908,216.1751964528284,23.106428850721933,0,220.8553699958073,221.2126427791376,4.065416977504922
2025-07-16,223.29675472139365,224.38843380178807,222.0859888843308,223.26698303222656,60450,220.6965823703342,220.03887245871803,225.8107730102539,226.22212852478023,221.169879697939,221.3665284768474,54.25186454375862,-0.6293029689769298,-1.1591909439836658,0.529887975006736,224.22964128909177,216.1442982250684,21.73443058159277,0,220.8553699958073,219.72896260833184,3.810929821075389
2025-07-17,223.99146264413625,227.6733848483676,222.19516664939283,224.1204833984375,97338,221.05606418185764,220.3131443370472,225.61645568847652,226.1464170074463,221.7600004380387,221.61688801517377,56.35033247169698,-0.3388213887067479,-0.9951170329282824,0.6562956442215344,224.55860770233235,216.5924054812614,21.058311186524527,0,222.2993659663232,219.70416125805136,3.886070793308075
2025-07-18,224.8672862393316,228.073560562123,221.17309532177083,225.71365356445312,192794,221.7072465684679,220.6169787320224,225.46333068847656,226.0917797088623,222.5507310633216,221.9893212469264,60.03541627021861,0.0197156049615614,-0.7921505053503136,0.811866110311875,224.8026142285002,217.42174642823807,20.033092503718823,0,222.4994538232009,219.9042491149291,4.11029666774973
2025-07-21,225.71364544798163,225.71364544798163,220.81462145737123,221.730697631836,70355,221.8618452284071,220.86156741055572,225.0912091064453,226.011291885376,222.3867243770245,221.9658100091909,48.9167636060079,-0.0173327006633599,-0.6371869444129229,0.619854243749563,224.8021940440572,217.704216173228,18.94106285380964,0,222.4994538232009,219.9042491149291,4.132725964461421
2025-07-22,221.7306923922716,222.67665463124496,219.06212471150835,219.3807678222656,66783,221.80055067274304,221.06159418279475,224.6036114501953,225.91381103515624,221.78553306607276,221.73080617401587,43.76659475917823,-0.2336204155128598,-0.5564736386329102,0.3228532231200504,224.7968638175024,217.71789753503668,17.909133005056333,0,222.4994538232009,219.9042491149291,3.9988969081228407
2025-07-23,220.50594171531648,220.5358126079348,216.3338015172396,217.926986694336,83131,221.60419209798175,221.0169025767933,224.08693817138672,225.81376052856444,221.0138237917254,221.38500440313587,40.8978429654547,-0.5163854055516026,-0.5484559920166487,0.0320705864650461,224.8488714336373,217.62711428413613,17.82975272085693,0,222.2036810396813,219.9042491149291,3.956652086062001
2025-07-24,217.07065285180025,218.59412915402245,214.0834420327388,215.6069183349609,93972,221.1048363579644,220.849159934304,223.55661376953125,225.7040882110596,219.9324427003725,220.8597238514836,36.75710324302004,-0.9171168719360594,-0.6221881680005309,-0.2949287039355285,225.38609742785357,216.58191404675583,18.36628345208017,0,221.07850129743088,219.9042491149291,4.00946995625293
2025-07-25,215.17876368640103,225.2356978919983,213.08770998753195,221.53155517578125,813758,221.2648756239149,220.99537866765803,223.19678497314453,225.66277030944823,220.25226519545427,220.92079942641973,50.53098695967443,-0.7480081945144548,-0.6473521733033156,-0.1006560212111391,225.3481415444271,216.57633507910805,17.44725895394871,0,220.58063527482747,219.9042491149291,4.67373557839271
2025-07-28,221.53155690895767,223.9113676603417,214.40209174850284,216.8416442871093,360441,220.67996554904516,220.82060519131747,222.90790161132813,225.6037902069092,219.57014101378527,220.54996714102785,42.61823338093389,-0.9811152766050952,-0.7141047939636715,-0.2670104826414237,225.3846536426909,215.9876013011568,16.59387906282664,0,220.58063527482747,219.9042491149291,5.031847670358876
2025-07-29,216.9611319709836,216.9611319709836,212.09197870150155,213.8345184326172,144885,219.63191392686636,220.4509513161399,222.5624487304688,225.5049429321289,218.42301649755169,219.9394718038996,38.459637287033296,-1.3924529130560188,-0.8497744177821411,-0.5426784952738777,225.9559564325233,214.73604491025011,15.696193455472502,0,220.08276963181223,220.08276963181223,5.253464029888464
2025-07-30,214.0933937312839,216.6623968565124,213.685153133638,214.97959899902344,86473,218.6162601047092,220.1153030395508,222.1672512817383,225.42675956726077,217.73433299784605,219.4885742761836,40.82741518201436,-1.607512122493091,-1.0013219587243312,-0.6061901637687599,226.1070996769624,213.95365776932667,14.862628248643658,0,220.08276963181223,220.08276963181223,5.314424331961114
2025-07-31,211.1460239857173,215.33806805061,211.1460239857173,214.0037841796875,152512,217.31516350640192,219.81379075483844,221.8192288208008,225.32712631225587,216.9882232342144,218.98995699468395,39.43496886457992,-1.835529356244166,-1.1681634382282982,-0.6673659180158678,226.1018708990175,213.09211408633405,14.796220628506209,0,218.42983471684948,219.60979227392016,5.360786968168242
2025-08-01,215.0791844848732,216.88146596090075,211.44475063936105,215.34803771972656,76103,216.60597907172308,219.5436089255593,221.46851684570316,225.24039749145507,216.66018613131683,218.6588734242333,42.35179682241635,-1.8860237230119024,-1.311735495185019,-0.5742882278268835,226.06121533854792,212.57905870930364,14.2194738269771,0,218.1908609388578,219.60979227392016,5.409571422556068
2025-08-04,213.68515527569707,215.33806706335216,211.09623313149405,212.171630859375,49711,215.80496385362412,219.0663417469372,221.1211669921875,225.12077072143555,215.76247507692847,218.06912410015525,37.72806136024388,-2.15748027018833,-1.4808844501856813,-0.6765958200026487,226.3872021565752,211.4849337687178,13.784919582378423,0,218.16596551174615,219.58489684680853,5.377972384207728
2025-08-05,211.99239533195768,212.2612485687346,207.541449850135,208.0990753173828,98806,214.71297370062933,218.4851566661488,220.612971496582,224.99665946960448,214.2297951250193,217.16275602899407,32.78583175148012,-2.670449456993282,-1.718797451547201,-0.9516520054460806,227.1700759738667,209.47803651392627,14.318014929022455,0,216.38857387106663,217.807505206129,5.550640512860746
2025-08-06,208.63675650208327,210.26976444994307,204.6239379132496,205.2811279296875,72932,213.56566365559897,217.82279829545453,220.12165802001957,224.86968704223636,212.440061685953,216.08260801996624,29.87011170365344,-3.2667094438846505,-2.0283798500146912,-1.2383295938699592,228.1395814901657,207.0434019082718,15.44319965214634,0,214.92981790262397,216.3487492376863,5.562612536983512
2025-08-07,205.01227431719903,205.1018869937053,200.00371881370995,201.75621032714844,84945,211.368403116862,216.9781119606712,219.59577239990236,224.7377530670166,210.3032914141921,214.78020822971007,26.6744824286494,-3.9778272543993856,-2.41826933089163,-1.5595579235077563,229.333225181686,204.0559578627476,17.289246363347225,0,211.95754323702585,214.0386396879165,5.44667995667104
2025-08-08,201.23843934358177,207.5912306161813,201.13885957322785,205.1815490722656,108696,210.07283698187933,216.3076178810813,219.19595458984372,224.64733215332032,209.2789429458068,213.90760285176057,34.0573515703355,-4.216393077791622,-2.7778940802716288,-1.438498997519993,229.4709731647112,202.42625278743725,18.1441016683073,0,208.4824253923468,214.0386396879165,5.557632737804722
2025-08-11,206.21713215707075,206.21713215707075,201.6367360266241,202.0648956298828,35483,208.76510111490884,215.5062852339311,218.73598693847657,224.57753639221195,207.836133482622,212.83099310431717,30.99900013085832,-4.603875486647524,-3.143090361546808,-1.4607851251007165,229.7578863986382,200.33670893827585,18.937895880055944,0,208.44259238730533,214.0386396879165,5.626623181426867
2025-08-12,201.9354516172368,211.0763093042739,201.2483907073471,209.7718963623047,119836,208.1864674886068,215.03677506880328,218.4930792236328,224.5467207336426,208.22328605855856,212.55289340049785,44.31555746464326,-4.240189275767108,-3.362510144390868,-0.8776791313762398,228.92784081640443,199.93336066064631,18.182875317108785,0,208.44259238730533,214.0386396879165,6.028473717586268
2025-08-13,210.6979489055345,210.6979489055345,206.03789198571948,209.11471557617188,68375,207.6432376437717,214.53784387761897,218.2094384765625,224.53482902526852,208.40157196208125,212.24033178010453,43.5438590021387,-3.95935336954642,-3.481878789421979,-0.4774745801244413,227.7790406129401,199.6669341185052,17.481784794372135,0,208.44259238730533,214.0386396879165,6.039142988909936
2025-08-14,210.1004935166556,210.1004935166556,202.43332214744976,203.727783203125,48346,206.3520982530382,213.7024778886275,217.8158758544922,224.51351333618163,207.46681421029,211.46646372765187,37.742109915988685,-4.123931200761319,-3.610289271689848,-0.513641929071472,226.54054919453057,198.8661555173835,17.62971952644476,0,207.67089293853104,214.0386396879165,5.7190846649627565
2025-08-18,204.2754339289777,212.09197524435265,204.2754339289777,210.6581115722656,72087,206.18392944335935,213.12934736772016,217.5220162963867,224.31889793396,208.10507368268517,211.3929771680713,47.44390483975664,-3.6530308715450985,-3.618837591660898,-0.0341932798842004,224.37342926145783,199.5277212512375,17.188874902398975,0,206.13248369122223,214.0386396879165,5.637292959919098
2025-08-19,210.9667904315709,210.9667904315709,207.50162997339265,209.39352416992188,49244,206.32775709364148,212.4599401300604,217.1147375488281,224.15149688720703,208.36276378013247,211.21120871369408,46.03423205153101,-3.3433406528698697,-3.563738203902693,0.2203975510328231,222.908026674147,199.75940649235687,16.779519180070746,0,206.0478470290313,214.0386396879165,5.537007759111684
2025-08-20,209.3935243419596,213.0677962555316,207.66095170831727,210.0208435058593,77716,206.85439215766056,211.74663058194247,216.8117056274414,223.9745199584961,208.69437972527788,211.1029936948,46.87745280622087,-3.012562549868676,-3.4535030730958898,0.4409405232272139,221.80979157944324,199.92164915542003,15.790298889317937,0,206.5357575346208,214.0386396879165,5.7105506751359645
2025-08-21,211.09623516059915,212.05214932581737,209.1047612439897,210.66807556152344,42840,207.84459940592444,211.243784124201,216.515068359375,223.8038460540772,209.089118892527,211.06345568268395,47.783983864268826,-2.6674436721381767,-3.2962911929043472,0.6288475207661706,220.9301001637949,200.0754494577872,14.871737190761754,0,207.1033279143797,214.0386396879165,5.621646676345605
2025-08-22,211.74346090501373,214.5813173511916,209.1047640081217,213.2669372558593,80919,208.7429758707682,210.9658827348189,216.30673126220705,223.6387961578369,209.9246825651935,211.2637721893363,51.37233585839096,-2.159336568132943,-3.0689002679500668,0.9095636998171236,220.62273489535383,200.148816618318,14.309681746942362,0,207.91485402926932,214.0386396879165,5.624492249312048
2025-08-25,214.08345014448872,215.72641007972928,210.14032502867465,214.4219970703125,514312,210.11598714192704,210.806565024636,216.1665518188477,223.5086070251465,210.8241454662173,211.5508835421523,52.92088704587645,-1.6444976089345005,-2.784019736146954,1.1395221272124534,219.060227288022,201.000368415103,14.086293084100358,0,208.4874003935382,214.0386396879165,5.719797996656483
2025-08-26,215.52725884874624,215.52725884874624,210.10049553366267,211.59410095214844,186072,210.3184543185764,210.62416423450816,215.9813262939453,223.38490531921383,210.97813656340355,211.55481239760647,48.82169146920567,-1.4479801932458258,-2.516811827566728,1.0688316343209023,218.25304607296565,201.28279529666324,13.86551454165832,0,209.0798661135895,212.8586821308458,5.77029546783391
2025-08-28,210.70790447070056,213.02797347414264,207.11329333913235,207.1232452392578,930294,210.09717983669705,209.96924105557528,215.76206115722653,223.23701919555663,210.20715829857443,211.1519426559384,43.13322339726527,-1.6341618168172545,-2.3402818254168336,0.7061200085995791,217.76987473760207,201.09483931269088,13.037269111737176,0,209.0798661135895,212.61970835285413,5.78949929628511
2025-08-29,208.20860301223448,216.0749188657974,205.6296327559486,214.0037841796875,210972,211.23895772298172,209.84024741432884,215.66155090332032,223.09999031066891,210.96648347479703,211.4112009762792,52.33725391220848,-1.212532782295483,-2.1147320167925634,0.9021992344970804,217.59486658008933,201.17226598827008,12.79160722996862,0,210.1751763973876,212.61970835285413,6.158633367275916
2025-09-01,212.5997906503901,214.30250751954017,210.59836485133656,212.7989501953125,36647,211.47682868109808,209.793176130815,215.5905349731445,222.96396125793456,211.33297681890016,211.53735999619133,50.78714340706545,-0.964490719445962,-1.8846837573232431,0.9201930378772812,217.40861665367024,201.2380325162516,12.563492625469245,0,210.85227581087295,212.61970835285413,5.962331340508071
2025-09-02,213.8544276109409,213.8643795106296,210.498783779584,211.6438903808593,47829,211.72686937120227,209.64155301180747,215.52380920410155,222.82373985290528,211.395159531292,211.5470445766157,49.28023637725754,-0.8513059463498962,-1.678008195128574,0.8267022487786777,216.8009952551118,201.47523918092335,12.317388676058853,0,210.85227581087295,212.61970835285413,5.875559883407996
2025-09-03,211.20576329339283,216.07491633013333,211.0962316220657,214.5912628173828,61336,212.2346937391493,209.6682565862482,215.43743041992187,222.74044914245604,212.03438018851017,211.82379168941267,53.10394027326098,-0.517808896180469,-1.4459683353389532,0.9281594391584842,217.1951648581812,201.3230327736548,12.704070858495042,0,210.85227581087295,211.95754323702585,5.529186034203771
2025-09-04,216.62258135528347,218.0663969263216,208.52723490876147,212.9283905029297,722423,212.48583984375,209.55827262184832,215.31005310058595,222.6870310974121,212.21318225139407,211.9242097633688,50.77803772275384,-0.3832718603496232,-1.2334290403410872,0.850157179991464,217.5805902107484,201.42053893964223,12.171458986151327,0,211.8480148411351,209.03505787001575,5.877693541185565
2025-09-05,214.0336528570596,216.07491662893813,203.74768841271896,204.5442810058593,505545,211.51665581597223,209.211574901234,215.03464385986328,222.590159072876,210.67940200228716,211.25330714904973,41.02216605416689,-0.9423154319253796,-1.1752063186579458,0.232890886732566,217.6310038334873,201.29644062452047,12.244509384719256,0,210.90704266952028,209.03505787001575,6.210554744543659
2025-09-08,206.7249511983564,210.70789904461824,203.92693276735585,205.1118621826172,118870,210.48219638400607,209.07579248601732,214.7231478881836,222.50126930236817,209.5658940383532,210.69499397028312,41.83685860545364,-1.3242967638524874,-1.205024407696854,-0.1192723561556332,217.25164776849948,202.01136187505523,12.312341897675187,0,210.90704266952028,209.03505787001575,6.097467189974712
2025-09-09,206.11755451189305,209.104765446848,202.0350268232917,204.4248046875,229558,209.68560791015625,209.0368687022816,214.37230590820312,222.40147499084472,208.53767616818257,210.12497676275737,41.09680568777164,-1.6632861914531247,-1.2966767644481083,-0.3666094270050164,217.3137062583293,201.87362894674885,12.836955989504768,0,210.05071187480667,209.03505787001575,6.354937058930288
2025-09-10,205.32096452308127,209.85157087126845,203.88710082491968,207.3622283935547,176386,209.712161593967,209.29168770530003,214.07227325439453,222.32626083374024,208.302586613257,209.87381782010257,45.532856428710026,-1.6755969722361217,-1.372460806005711,-0.3031361662304104,216.81689251396708,202.90017596747825,13.06189292683712,0,210.05071187480667,209.03505787001575,6.394767451725605
2025-09-11,207.71073909848928,208.4575418298687,202.23418573504028,202.88140869140625,516596,208.4763420952691,209.1871358698064,213.71716033935547,222.22107444763185,207.21835102888684,209.23814426294837,40.519821417569965,-2.023591355388646,-1.5026869158822982,-0.520904439506348,217.14066526845517,201.88735444590037,13.679676826820568,0,210.05071187480667,209.03505787001575,6.628765166939944
2025-09-12,204.1260744856256,204.922667083342,200.8401395161334,201.8358764648437,628985,207.25822279188367,209.1767259077592,213.328037109375,222.0963649749756,206.14185611607823,208.565210826757,39.42899368006562,-2.3565799374089806,-1.673465520187635,-0.6831144172213457,217.5158266478143,200.78430915540835,14.579255449703492,0,209.45326822122752,209.03505787001575,6.529191897235565
2025-09-15,203.1303365786579,203.81739750102528,200.1033029541039,200.96958923339844,188283,206.07218933105463,208.77662103826344,212.8939987182617,221.91706748962403,205.10740273954227,207.8746997728153,38.504072989360566,-2.659718349905916,-1.8707160861312917,-0.7890022637746243,217.83284913368684,200.1914672725632,15.583676622718947,0,209.08484994021276,209.03505787001575,6.3954782897974765
2025-09-16,201.9354611567374,205.4902342494896,200.14313156664625,203.8970642089844,335223,204.8839450412326,208.5394550670277,212.55423706054688,221.77872283935548,204.8653350334307,207.5130965397398,43.34104242727389,-2.633379007229649,-2.023248670350963,-0.6101303368786866,217.74390803024417,199.60430363967768,15.847485027194043,0,209.08484994021276,209.08484994021276,6.38978824463746
2025-09-17,204.6239493238854,206.1175547934028,202.33375123187727,202.7818298339844,134978,203.75654941134985,208.49645718661216,212.2128134155273,221.6262940979004,204.44863399354145,207.08298138467111,41.98619271071518,-2.6716973184407777,-2.152938399968926,-0.5187589184718515,217.7775787926231,198.90946344370505,15.84914275431922,0,208.08910979152105,209.08484994021276,6.237582775102835
2025-09-18,203.82734445655848,205.32094983634823,202.23417450102653,204.07627868652344,150527,203.70454915364584,208.19728296453297,211.88755279541016,221.4868669128418,204.37416293213784,206.80964477574855,44.16781628314204,-2.5680112171251324,-2.235952963400168,-0.3320582537249645,217.63121431396075,198.4613714404338,15.879875405264707,0,205.40560099936107,209.08484994021276,5.711974862636613
2025-09-19,204.8728804324128,206.09763264442,201.3678820633558,202.7917938232422,416794,203.446763780382,207.8972043124112,211.54474029541012,221.36738220214843,204.05768911035872,206.444385598248,42.46145079940951,-2.559976611545551,-2.3007576930292446,-0.2592189185163063,217.4291442445332,197.8758133360332,16.168746167315255,0,204.9774369126862,209.08484994021276,5.785232570698083
2025-09-22,202.18439275547445,206.64529008177843,202.18439275547445,205.78895568847656,133637,203.5983361138238,207.7048457752574,211.26663513183595,221.22311340332035,204.4039424259823,206.38480106099604,47.55302914429647,-2.285418334602184,-2.2976898213438326,0.0122714867416484,216.71729845016088,197.83986097366724,16.190408803802384,0,204.9774369126862,209.08484994021276,5.8634683989308245
2025-09-23,206.51584479538604,206.61542457147087,202.83162098635373,203.9368896484375,89709,203.21774291992188,207.3988827792081,210.94335052490237,221.0645388031006,204.3105318704733,206.1622636598544,44.90847315061941,-2.192007079967567,-2.27655327306858,0.0845461931010125,215.67285987419567,197.8357888074449,16.21052410911186,0,204.2804223919863,209.08484994021276,5.778119747291506
2025-09-24,203.75765368471968,204.6737298408332,202.1943394052041,202.47314453125,36419,203.17238023546008,206.9082558371804,210.5909893798828,220.9087363433838,203.9430544026287,205.8268891936176,42.878867958185616,-2.2106074786480576,-2.263364114184476,0.0527566355364177,215.1069060433624,197.4896469961884,16.452309905708997,0,203.3742965179412,209.08484994021276,5.273850348582148
2025-09-25,201.2683191889864,204.12607943913736,200.79035450251385,201.96533203125,218269,203.186764187283,206.34204378995028,210.18817932128903,220.72506874084476,203.54750992835292,205.47583854249325,42.16687241276069,-2.240497591817729,-2.258790809711126,0.0182932178933974,215.04710832181328,197.03365339693676,17.14484188709357,0,203.3742965179412,209.08484994021276,4.631600114325315
2025-09-26,202.13459985809888,202.8216607812258,198.749100322208,199.3266143798828,114245,203.00421142578125,205.78443076393825,209.7093719482422,220.501545791626,202.7033308186589,204.9168181640741,38.58185485540282,-2.448879030543253,-2.2968084538775515,-0.1520705766657015,213.96633050206063,196.64671423670887,18.38482094618419,0,202.6971952019932,208.4077486242648,4.438142555879273
2025-09-29,201.11895356344425,201.238452334331,192.6452372239595,194.46743774414065,117026,201.95647515190976,205.20916678688744,209.11631103515623,220.23587005615235,201.0561522037553,203.9668744895347,33.015266005768254,-2.971860014384077,-2.4318187659788566,-0.5400412484052208,213.57529410122072,195.20459939243165,20.785661243597847,0,199.64526365286892,205.35581707514052,4.546962304937501
2025-09-30,196.4688596185378,196.8372774363763,193.06344099574028,195.2042694091797,70086,201.11452399359808,204.354643388228,208.5061233520508,219.97867660522465,199.88577564484015,203.17027402768423,34.557173672750096,-3.2889570054883563,-2.6032464138807567,-0.6857105916075996,212.96005970409496,194.1758716923894,23.015012948339105,0,199.64526365286892,205.35581707514052,4.390488475958018
2025-10-01,194.6665683169344,196.7476548381217,194.16869985576577,196.24978637695312,58676,200.2449137369792,203.60240866921168,207.99650512695317,219.77503814697263,199.1585777912628,202.54113878670867,36.7808851088572,-3.4165107645597743,-2.7658992840165606,-0.6506114805432137,211.0391853846403,194.2625983678011,25.08512524559884,0,199.64526365286892,205.35581707514052,4.130174110781413
2025-10-03,198.1516561878412,198.93828170555213,195.53286310587424,198.2512359619141,109672,199.74040730794272,202.9936516501687,207.5739144897461,219.5817037200928,198.97710942539305,202.15114762081825,40.91953367546501,-3.317851654324727,-2.876289758078194,-0.4415618962465331,208.9834189732934,194.85064932504645,25.84660448961785,0,199.64526365286892,205.35581707514052,4.08180918452922
2025-10-06,198.6196457448512,200.143122025366,198.37071151347635,199.0975952148437,61423,198.9969228108724,202.28939403187144,207.19732666015625,219.33903038024903,199.0012065832832,201.8735519475478,42.62990529040512,-3.135228517532795,-2.928077509969114,-0.2071510075636808,208.7045793031324,194.58482041610597,25.97623861253946,0,199.63033089771525,205.35581707514052,3.951651435709973
2025-10-07,198.15165583306188,200.7206590233926,197.35506322312563,197.96246337890625,42211,198.33309766981336,201.60912461714312,206.8444375610352,219.12837379455567,198.7934579424078,201.51799844130767,40.91891737749312,-3.0469704398072395,-2.9518560959367397,-0.0951143438705002,208.33191391904955,194.24254591981764,26.3616409254348,0,198.65948353239637,205.35581707514052,3.810115229811661
2025-10-08,199.04780751965384,199.8344482079468,197.2057033034579,199.1872100830078,44570,197.9679938422309,201.36562139337715,206.3975506591797,218.9119197845459,198.8722083705278,201.30610859055312,43.55142834769927,-2.8453984715776244,-2.9305645710649166,0.0851660994872922,207.96759399658117,194.0831063818368,26.75901347024157,0,198.38565833154843,205.35581707514052,3.7276110400233295
2025-10-09,199.5954722537026,202.0449918809261,197.5143856364876,201.0990447998047,84715,197.87173970540368,201.18322060324928,206.0826986694336,218.6798472595215,199.3175756563832,201.287284609576,47.485057270981045,-2.5025344908945613,-2.844958555030846,0.3424240641362845,206.98348048017056,194.4409015388724,26.055530417714827,0,197.73344900259264,205.35581707514052,3.830741819245958
2025-10-10,201.46745519374736,202.43332123289792,199.9738497963484,201.5570678710937,77364,198.1195678710937,201.05286892977628,205.83714965820312,218.4895874786377,199.7654740993253,201.31181036062304,48.41254092226885,-2.16885250044578,-2.709737344113833,0.5408848436680529,206.84841335019237,194.4435345868194,25.22628267677316,0,197.5392792284287,205.35581707514052,3.6685790232091966
2025-10-13,200.1431214331016,206.3963480912336,200.1431214331016,202.7220764160156,189278,199.0367499457465,200.8419529307972,205.59199920654297,218.29456726074216,200.35679456266337,201.44001636565875,50.79308352162434,-1.7897693191551411,-2.525743739122095,0.7359744199669538,206.94098958940168,194.4395783427272,23.930054845604538,0,199.7298945434869,204.3600769264488,3.796602546911197
2025-10-14,202.1345972727029,202.72207841630828,199.1971763609362,201.2185211181641,64551,199.70500013563367,200.7663671320135,205.3362939453125,218.0258448791504,200.5291398737635,201.41988043406832,47.73172676105132,-1.5923123282956055,-2.339057456956797,0.7467451286611917,206.95676838781915,194.44869273278636,22.37368614692169,0,200.28252397349968,201.67656813428889,3.778109580500831
2025-10-15,201.93546251750217,204.12608083404623,200.07342403376023,202.7818298339844,81361,200.4307827419705,200.80936501242897,205.0849697875977,217.79536003112796,200.9796778658077,201.54369401587888,51.03614489391048,-1.294755160653068,-2.1301969976960518,0.8354418370429832,206.80016052337965,194.49377715972585,21.4083694166506,0,200.96460559855396,201.248404047614,3.890485749404895
2025-10-16,203.0208142480375,204.6040324153644,202.49307485892857,204.1758728027344,40105,201.08907572428384,200.95510517467156,204.92505462646488,217.6025138092041,201.61891685319304,201.78298299650208,53.83868058399116,-0.9356655741308372,-1.8912907129830083,0.9556251388521712,207.0018542568991,194.4314877230814,20.6718315074922,0,201.80102569734572,201.248404047614,3.803002365105775
2025-10-17,206.11755688735224,206.11755688735224,203.1303459179704,205.1417388916016,86291,201.7606472439236,201.01168129660863,204.86590789794923,217.4506064605713,202.3234812608748,202.08832444151116,55.72935538163557,-0.5666155767564476,-1.6263556857376964,1.0597401089812488,207.1916057478857,194.34828225260264,20.478503306113204,0,201.80102569734572,200.55138952691408,3.725477401560348
2025-10-20,203.13034277136995,205.52010543236048,199.78466592973896,204.18582153320312,169509,202.45213148328992,201.0754991011186,204.84400177001956,217.31934463500977,202.69594931534044,202.2790059953013,53.39829190651975,-0.3472721991215906,-1.3705389884144754,1.0232667892928848,207.3828208590835,194.29646991240088,19.041472471516418,0,201.80102569734572,199.64526365286892,3.52135057243535
2025-10-21,204.1260752343618,209.10475999617552,204.06633344821847,205.31100463867188,42715,203.13255310058597,201.13162300803444,204.91509765625,217.1758023071289,203.21896038000676,202.55464223560773,55.74479932910314,-0.0817062600925453,-1.1127724427500896,1.0310661826575442,207.2858962784969,194.34559938800703,18.74526537258672,0,203.30957281633155,200.8749986100675,3.611678437243995
2025-10-23,205.81883273828308,208.1986435359863,203.4489890344712,207.073471069336,164594,203.79637824164496,201.32624470103872,204.9529360961914,217.03548286437987,203.98986251787255,202.96544485685573,59.20946867814294,0.2678849602264392,-0.8366409621547838,1.1045259223812232,207.8973465719097,194.04780723668404,18.2452048802114,0,204.15096817855584,200.8749986100675,3.7667284028982215
2025-10-24,207.0734716234231,209.3537026507585,201.93546509617423,208.61685180664065,110195,204.580798678928,201.45478543368253,205.08397521972657,216.8970433807373,204.91526037562625,203.47920912501803,62.01398589181802,0.6618470866974917,-0.5369433523843287,1.1987904390818205,208.9858097174176,193.57371481871525,17.242067641533755,0,204.27543950584732,200.99946993735895,4.053358328248677
2025-10-27,209.1047560303778,209.5827055042001,204.65381072223204,207.01370239257807,72118,205.05764600965716,201.5946405584162,205.02881134033203,216.7810586547852,205.3349487790166,203.80052669479625,57.58510009080028,0.8350778925066322,-0.2625391034061365,1.0976169959127686,209.652380497462,193.4119810748037,16.385029368151287,0,204.38994093256812,201.11397136407984,4.2702875224284025
2025-10-28,208.0990779585776,211.39496494782887,207.01371309771764,210.0706329345703,133519,206.04121398925784,201.9399809403853,205.0479296875,216.653597946167,206.28208561012733,204.3705363529575,63.00993127600746,1.2051411836839918,0.0309969540118891,1.1741442296721027,210.96021378794623,193.17854963978812,16.163519470444964,0,205.58981543878397,202.02010108589425,4.342835147784393
2025-10-29,210.0706242245835,214.08344289213213,207.5414438791309,212.60975646972656,91882,207.13320583767364,202.4238184148615,205.22556915283204,216.5712819671631,207.5476197820472,205.11955636357283,66.80738267099159,1.68389417320941,0.3615763978513933,1.3223177753580166,212.29343765541097,193.659557644882,16.697263864610598,0,206.93405441093557,203.3643400580458,4.622353298392418
2025-10-30,214.0834433526305,214.0834433526305,209.6125789961245,212.5599670410156,51487,208.0647718641493,203.025334444913,205.26360626220705,216.45735618591308,208.5500892338409,205.7959573342495,66.66286230979969,2.035824063302698,0.6964259309416543,1.3393981323610438,213.344419420112,194.34414564336456,17.192883779307028,0,206.93405464118476,203.364340288295,4.618086020682952
2025-10-31,214.631102369987,216.5827382812988,203.62820604610704,207.96961975097656,726543,208.3789808485243,203.63906999067828,205.2351281738281,216.3328943634033,208.43399533726804,205.99356300849735,54.87640432978079,1.9221707852438212,0.9415749018020878,0.9805958834417337,213.38835393917557,195.4721944617033,16.356985072305527,0,208.18370210551888,204.6139877526292,5.367733220585968
2025-11-03,211.4248270757438,214.58131136397435,209.04501638808784,212.60975646972656,110506,209.31497361924917,204.4302284934304,205.28690643310543,216.25344734191896,209.26914756375976,206.5950351413364,62.159642361401616,2.181374470479824,1.189534815537635,0.9918396549421888,214.32011646891348,195.97628398274665,15.580793415804134,0,209.2591016887365,204.6139877526292,5.39333786021924
2025-11-04,214.08344463550665,214.58131311140315,209.5130156732741,212.7491607666016,70205,210.14143541124133,205.18020005659625,205.32852813720703,216.1675249481201,209.96515020432813,207.1545011072696,62.35622449584015,2.370715883216292,1.4257710290733665,0.9449448541429252,215.1376604393083,196.5238965675277,14.860043419343087,0,209.2591016887365,204.6139877526292,5.503580387559022
2025-11-06,213.7847231519493,213.7847231519493,208.10902549536908,211.8231201171875,54857,210.66917419433597,205.79710388183597,205.2996517944336,216.10022094726563,210.33674418690003,207.57892101726213,60.121831358248166,2.418171401125278,1.6242511034837488,0.7939202976415292,215.4188440033002,197.62877867736387,14.626686318763804,0,209.2591016887365,204.6139877526292,5.619511877294323
2025-11-07,211.82311825929767,212.8885640945272,207.34230196018163,211.0564117431641,72847,210.9402364095052,206.34068645130503,205.23234008789063,215.99935485839845,210.48067769815287,207.89505653779867,58.2604371632066,2.36663221978003,1.7727273267430053,0.5939048930370245,215.52156205507703,198.71298079160263,14.64103361811796,0,210.10547216370293,204.82308963851955,5.864890775716447
2025-11-10,213.58557164454368,213.58557164454368,206.69507390704536,211.6040496826172,96762,211.45027499728727,206.9607585560192,205.2325390625,215.9221012878418,210.70535209504573,208.23223773278215,59.23135053726016,2.342968568941359,1.886775575182676,0.4561929937586826,215.77170044304484,199.51334289191607,14.3707345899059,0,210.10547216370293,205.37571906853228,6.143696973439053
2025-11-11,211.38498996529032,212.4006459063035,207.59123462513352,211.5443115234375,553055,211.614017062717,207.5224449851296,205.3209603881836,215.8275329589844,210.8731439807241,208.53333535011447,59.06993620993918,2.2929627378489386,1.9680130077159288,0.3249497301330097,215.91634697683432,200.367420723361,14.11974263513756,0,210.10547216370293,206.0578006935865,6.077552100478229
2025-11-12,211.4945298087499,214.0834520505788,207.21287292273084,212.29112243652344,1043291,211.57861328125,208.03117578679863,205.28670715332032,215.75900749206545,211.156739671884,208.87495235796985,60.51846772353,2.28722841039766,2.031856088252275,0.2553723221453845,216.1647917863997,201.0758805158464,13.187667243346445,0,210.10547216370293,206.89422079237835,6.20842014189901
2025-11-13,211.2555556012139,212.8785965029085,208.32808652830903,212.07205200195312,1164995,211.524400499132,208.50912961092865,205.27216918945317,215.69284912109376,211.33980213789783,209.1655977801501,59.84934965193885,2.239194718492655,2.073323814300351,0.1658709041923041,215.9933147053664,202.33271068525855,12.322168665254692,0,210.10547216370293,206.89422079237835,6.194195532833608
2025-11-14,211.99239948852588,211.99239948852588,207.1132943059305,208.9554138183593,218535,211.6339331732856,208.79246312921697,205.2183996582031,215.6246116638184,210.8629244739901,209.14649014726007,51.17972859424604,1.927422885761956,2.044143628592672,-0.1167207428307159,215.61077835115444,203.3326054379081,12.0048059526686,0,210.6381935092243,206.89422079237835,6.018518400079204
2025-11-17,209.90135853498936,209.90135853498936,202.1346070480881,202.4432830810547,788323,210.5043250189887,208.8481341275302,204.97544006347653,215.51708625793455,209.17899619540304,208.53710768669595,38.59829329397984,1.1417060590140409,1.863656114676946,-0.721950055662905,215.87752855602943,202.89259626086508,13.243151432536804,0,208.3579600797456,207.0485619588932,6.221222450431575
2025-11-18,203.0805415215664,204.9226608985797,197.1857807863593,199.24696350097656,320623,209.0040808783637,208.68745838512075,204.7018115234375,215.38803916931155,207.19258965651775,207.6925491243578,34.159585370874495,0.2581279968091223,1.5425504911033812,-1.2844224942942588,216.8126138686324,201.36803340919963,15.400507438705525,0,205.63461641846905,206.88425953382904,6.460909418786542
2025-11-19,199.24697330563143,199.24697330563143,185.55559000034967,188.5428009033203,361942,206.4173787434896,207.97686420787463,204.38178192138676,215.2316877746582,203.4626319058783,205.9516629224453,24.145490777574054,-1.29096895996571,0.975846600889563,-2.2668155608552727,220.17738741145564,196.4389578033881,18.75959061015935,0,199.81952102546427,201.06916414082423,6.971579725378005
2025-11-20,188.0947001472168,188.0947001472168,182.4190026805076,183.78317260742188,170679,203.38701883951825,207.00602028586647,203.9552081298828,215.06286575317384,199.52674004618703,203.93634562107957,21.17320403074099,-2.8696224629810274,0.2067527881154449,-3.076375251096472,223.37907647354945,191.08448553816933,22.11711771132168,0,198.2512273655432,199.5008704809032,7.0896464301142
2025-11-21,183.1160237964409,183.2056516715176,179.74047605578028,181.29383850097656,167228,200.0192175971137,205.96547560258344,203.4925888061524,214.8813991546631,195.88015973714496,201.87793588288835,19.80035589214239,-4.272336361721045,-0.6890650418518531,-3.5832713198691923,225.8267484369576,186.05885031792528,25.419489364969728,0,196.91196405317956,198.16160716853955,6.453086738432047
2025-11-24,179.48159005278654,181.20421076825528,154.687745410092,165.50144958496094,6170367,194.9033440483941,204.1559503728693,202.65537322998048,214.622405166626,189.80441770670816,198.5709825830768,13.721839651600831,-6.582432847063103,-1.8677386028941032,-4.714694244168999,230.59401820056348,176.98004033215136,29.46266899364301,0,184.3855987303354,185.6352418456954,7.881258272566817
2025-11-25,156.33070099773127,198.5997314453125,156.02202497453032,198.5997314453125,32608997,193.382078382704,203.7707803899592,202.5697396850586,214.48680770874023,191.56348045442903,198.57359611600728,49.03511190246753,-5.677005240199776,-2.6295919303552377,-3.047413309844538,230.2241493729404,176.5085120650479,30.04233813923477,0,183.78317095650024,185.6352418456954,10.560501774899183
2025-11-26,202.63246349028,202.63246349028,183.5840113232757,189.1501922607422,9418679,190.835205078125,202.885932228782,202.31602600097656,214.255387878418,191.0808228156917,197.7169230382559,43.55415326146441,-5.656738813760342,-3.2350213070362583,-2.4217175067240837,229.70314691848228,174.9374704521232,30.015961789588605,0,183.34007244930893,185.6352418456954,11.515698525643762
2025-11-27,189.1501987320085,190.4346927192219,181.94105770520497,183.6238555908203,1632239,188.02058749728727,201.8227573741566,201.969111328125,214.00760040283205,189.58942937071745,196.43573508848905,40.68967847139181,-6.01724366912191,-3.7914657794533895,-2.225777889668521,229.018443892257,172.72358339045783,30.114991001922984,0,182.29455197254063,185.6352418456954,11.726225159906004
2025-11-28,186.7006735622916,197.95250386106028,181.9012142875885,193.59117126464844,2514073,187.03701951768664,201.0736909346147,201.76299346923827,213.76742156982425,190.38977774950365,196.1771383772308,47.4079984743774,-5.4360044146511655,-4.120373506492944,-1.3156309081582211,227.6873504930162,172.15779721206195,29.192561194918515,0,179.80520315433586,185.6352418456954,12.380567433904108
2025-12-01,194.28819564935057,194.28819564935057,186.20281619322463,187.2284240722656,458886,185.70162624782984,199.91999400745735,201.45192535400392,213.50555183410648,189.75750701405605,195.3636188949612,43.98295601142781,-5.426238342710036,-4.381546473736363,-1.0446918689736728,226.93273002969067,170.83829810751638,28.336019231271507,0,178.660104450186,185.6352418456954,12.614565160686675
2025-12-02,188.00509926890743,188.00509926890743,183.5143308989921,186.74050903320312,207734,185.5013715955946,198.74638227982956,201.1052099609375,213.24501373291017,189.15410741788548,194.57969981661955,43.72210076203702,-5.395671385271555,-4.584371456043402,-0.8112999292281531,225.35895912924693,169.82514426430774,27.794386266273115,0,178.660104450186,185.6352418456954,12.4445786779772
2025-12-03,187.6764918342446,188.1942792907732,182.2198577259868,184.1715087890625,234747,185.54452006022132,197.6646499633789,200.7328042602539,213.01033546447755,188.1575876921209,193.63350063229615,42.299588770190205,-5.515168274158356,-4.770530819666393,-0.7446374544919623,223.58499813468143,168.74134006111933,27.414621047654105,0,178.660104450186,185.6352418456954,12.54628664870484
2025-12-04,184.12172833655853,184.71916140740004,181.1345174011295,182.2099151611328,223941,185.64630635579428,196.28283899480647,200.26122344970705,212.80326377868653,186.9680531859233,192.5949928621904,41.1974041482866,-5.702420675666218,-4.956908790866359,-0.7455118847998596,221.7395888488924,167.62542885130296,27.1686883786856,0,178.660104450186,185.6352418456954,12.448135670865408
2025-12-05,182.71772430240927,182.7276762018348,177.89836126975874,178.86422729492188,174183,187.13105943467883,194.74261474609372,199.75977020263676,212.57589088439943,185.34728800772305,191.3467414469841,39.31572507870026,-6.051036025996467,-5.175734237892381,-0.8753017881040863,219.85743166910763,166.2883675862635,27.25677833461033,0,179.32724423240518,185.6352418456954,12.238318774092178
2025-12-08,178.8642279045552,185.6949837874368,172.3919379208296,178.47589111328125,221452,184.89507717556424,193.22683160955256,199.27982513427733,212.35392028808596,183.9730086288347,190.17666414392025,39.092534096217776,-6.286188420078446,-5.397825074329594,-0.8883633457488518,217.46300226426575,165.3699811341717,27.83197937485692,0,187.5122007055548,185.6352418456954,12.635902042262662
2025-12-09,179.23265282106908,182.0008003546953,172.43176756022078,178.69496154785156,413760,183.733384874132,191.75585660067472,198.81441772460937,212.18559425354005,182.9173992126381,189.13287299882307,39.301871220672254,-6.381311447213108,-5.594522348906297,-0.7867890983068104,214.5902014103786,164.9578469905003,28.36609462651446,0,185.1722208909449,184.6345292607476,12.341448434347864
2025-12-10,178.6949643234873,179.7305240928485,171.06761544401886,172.60104370117188,210026,182.50862799750436,189.9829926924272,198.27990631103515,212.02525527954103,180.85412811034485,187.6299794263093,35.633052450559404,-6.869241038039888,-5.849466086733016,-1.0197749513068723,211.33959690898493,164.23944361835882,28.98669047489112,0,184.51005965253955,184.6345292607476,12.522813464777643
2025-12-11,173.2582265502768,179.06337469989404,171.41610714451642,177.88839721679688,260463,180.76387532552084,188.4531784057617,197.9483255004883,211.8925439453125,180.26098193163529,186.7443810436264,40.79701487050992,-6.75145692091084,-6.029864253568581,-0.721592667342259,207.0281111769792,165.13256387184893,29.562958048383724,0,182.6779055466847,184.3855987303354,12.78028282218736
2025-12-12,177.24117666474527,180.1387748286272,176.65369551218555,178.60533142089844,145073,179.80575391981336,186.9220060868697,197.61634674072263,211.7259034729004,179.92985182948792,186.00446744156017,41.482552297157184,-6.525044904930866,-6.128900383841039,-0.3961445210898269,202.748391731862,166.37727507722005,29.86246188339054,0,179.63094736739603,184.3855987303354,11.12878183829858
2025-12-15,178.60532891688695,182.75755010672813,177.06194882480702,181.46310424804688,112142,179.21937561035156,185.53069027987397,197.3206130981445,211.5531077575684,180.2365023131997,185.59161624214985,44.25356033557959,-6.04532660528875,-6.1121856281305815,0.0668590228418315,199.66302011161625,167.36462881416503,29.57337847072558,0,179.63094736739603,184.3855987303354,8.494345753379932
2025-12-16,180.92539829588785,183.2155962882388,177.6095924745965,182.37918090820312,148170,179.02022806803384,184.32267969304863,197.00317199707035,211.40101943969728,180.6650380322004,185.2995766663365,45.15019656853574,-5.527508983331188,-5.995250299170703,0.4677413158395147,197.0217647637188,168.31910590278514,29.20555952801703,0,178.3812996157278,184.3855987303354,7.534170870996931
2025-12-17,180.57689930188883,182.9168719837002,177.61955938842192,178.51571655273438,62525,178.6097615559896,183.23506303267047,196.5915344238281,211.2463858795166,180.2351737363072,184.6828621105545,42.076450276572,-5.36701644766589,-5.869603528869741,0.5025870812038509,196.3562733213813,167.981888910064,28.86401336693052,0,178.3812996157278,184.3855987303354,7.305862126801311
2025-12-18,178.5157229974924,179.2326548323209,176.04629956293883,178.15725708007812,62924,178.53120930989584,182.27644001353872,196.1954302978516,211.1081711578369,179.8195904050614,184.0896252896021,41.79216713921263,-5.208706909591115,-5.737424205014016,0.5287172954229016,196.163048464996,167.61252221371495,28.77463888226663,0,178.3812996157278,183.78317095650024,6.386938247937759
2025-12-19,178.22696627697775,182.2099141692004,177.27105209759853,181.34361267089844,91408,178.84984503851996,181.94920418479225,195.83855834960937,210.99779731750488,180.1243948582288,183.8399877788109,45.32818431107142,-4.771134524542958,-5.544166268919805,0.7730317443768469,196.1651185349954,167.61542956070772,27.96989034919274,0,177.14160586612883,183.34007244930893,6.16218700618604
2025-12-22,182.31944284982623,183.11602026019656,180.0292448106612,181.9808807373047,70673,179.21494717068143,181.86728182705968,195.45619506835936,210.92415397644044,180.495692034044,183.67097804776483,46.034279919969066,-4.323099054896829,-5.29995282611521,0.9768537712183808,194.72957957256588,170.69891163837164,27.010306527072583,0,177.14160586612883,182.29455197254063,6.061901797587473
2025-12-23,182.4289765818648,182.69781462371608,179.4417656780394,180.47732543945312,84301,180.09008958604602,181.8301675969904,195.03460021972657,210.8158002471924,180.49201871512585,183.38064599246377,44.57162977033783,-4.0427497613571575,-5.0485122131636,1.0057624518064427,191.23354737427724,172.38270323607435,26.22521332454101,0,177.3158517163776,179.80520315433586,5.867732324793922
2025-12-24,180.4773287229904,182.11033677237563,178.0875660339477,179.16294860839844,50866,180.23170640733508,182.45114482532847,194.56341766357423,210.7272733306885,180.22620469378035,182.99721895754877,43.277127820070746,-3.881882230020125,-4.815186216534905,0.9333039865147804,190.13560044609616,172.481925799021,25.74396814070865,0,179.63094792558883,178.660104450186,5.899027091376594
2025-12-26,179.16293975781423,179.94958044643494,176.30517961099744,176.8727569580078,66710,180.03919813368054,181.46355507590556,194.0765023803711,210.5978202819824,179.55551514662585,182.4404496848632,41.04050131573557,-3.894301791767021,-4.631009331581328,0.7367075398143079,189.94047328214987,172.00194309968606,25.615168091559884,0,179.63094792558883,178.660104450186,5.814390370188123
2025-12-29,177.24117708827262,177.7191265699938,174.55269036219852,175.657958984375,75568,179.39418199327258,180.8502717451616,193.5340249633789,210.4300888061524,178.77600391417567,181.82385962118244,39.863630480312175,-3.95655967089823,-4.496119399444709,0.5395597285464788,187.1085072512838,173.0405879025248,25.796130499317897,0,178.88414332521864,178.660104450186,5.090346823130129
2025-12-30,175.65796318677286,176.4943785982301,173.11883086494728,176.1757354736328,274724,178.7049102783203,180.511720830744,192.97402221679687,210.22966537475585,178.2559502260671,181.310393789587,40.64489334932503,-3.918944105024366,-4.380684340560641,0.4617402355362747,185.89502255863093,173.14880373531437,26.202718992445284,0,178.11742556257192,178.660104450186,4.647955033045008
2025-12-31,179.2226955492206,180.5271084968772,173.50716009971882,175.379150390625,159023,178.35640292697482,179.68390170010653,192.3787704467773,210.03473670959477,177.6805902589787,180.77118984422685,39.78846373619319,-3.908358137186213,-4.286219099885756,0.3778609626995433,184.601924909898,173.30576551978947,25.421196772549663,0,178.11742556257192,179.32724423240518,4.530600729354203
2026-01-01,176.3450176226535,177.0918203254139,172.76035857190757,173.63661193847656,79763,177.85410902235242,179.06609205766156,191.7677862548828,209.84449310302733,176.87179459487828,180.12259185279498,37.90681783075131,-3.9945305102799855,-4.227881381964602,0.2333508716846157,183.9906769218476,172.8635238227813,24.84088756731251,0,177.93818941605207,186.85003946714943,4.293757457791967
2026-01-02,173.855679083776,177.12169509313702,172.68070157164846,176.1359100341797,90808,177.27547539605035,178.58406483043325,191.18428436279297,209.67324645996092,176.72461768273857,179.76016623292085,42.13376052526167,-3.817148555522096,-4.145734816676101,0.3285862611540056,183.47668268260685,172.77011754932676,24.31828383419403,0,177.89836091592252,184.51005965253955,4.362037043866748
2026-01-05,176.1359046209717,177.231221319484,174.26391433396512,175.0903778076172,60458,176.5098639594184,178.17128614945844,190.5446224975586,209.51671997070312,176.3977697077143,179.3356400124387,40.88004821319057,-3.718078101286295,-4.06020347359814,0.3421253723118447,183.44187168488216,172.42754359832097,23.79894450425195,0,177.68925809768228,184.51005965253955,4.167158879838017
2026-01-06,176.04630466058035,176.04630466058035,172.2625010213629,173.11883544921875,77498,175.69225396050348,177.75805525346237,189.83466217041016,209.3451752471924,175.74198285601523,178.77047596123683,38.55060444017468,-3.755361573409317,-3.999235093560376,0.2438735201510584,183.5700548505893,171.76365486620756,23.75486822990185,0,177.18641889686927,182.6779055466847,4.037001724521955
2026-01-07,172.26249353733598,174.3535472242448,171.26675658047276,173.91542053222656,73283,175.10919528537326,177.53310949152166,189.17269653320312,209.17761344909667,175.3766703912575,178.32910728587228,40.03733577305822,-3.678230878867907,-3.9350342506218814,0.2568033717539748,183.5391437411592,171.31661187407516,23.92305990803621,0,175.89693253867495,179.63094736739603,3.879107299414368
2026-01-08,174.333628813375,174.84144919332562,170.27102019254957,171.59535217285156,66649,174.52281697591147,177.22035772150213,188.40319091796877,208.94391723632813,174.6204067475763,177.71694773014315,37.213323181779536,-3.7609603647600807,-3.900219473449522,0.1392591086894414,183.6699515162672,171.08523494613513,24.28731864221683,0,175.3990643447134,179.2326497416614,3.977969708799652
2026-01-09,171.59535244668075,171.59535244668075,167.29376147879873,168.02066040039062,62138,173.67422824435764,176.73516221479937,187.511408996582,208.71646362304688,173.30045747813918,176.835467063802,33.314309352892266,-4.068077563592567,-3.933791091478131,-0.1342864721144359,184.43045788975368,169.33795489100802,25.196663794637686,0,173.91043498783796,176.49437263311776,3.932450344248234
2026-01-12,168.0106863315304,168.0106863315304,162.4445205927704,165.1927490234375,112935,172.45389641655817,176.39842154762962,186.56406463623048,208.47943557739256,171.67891578719886,175.77703815104158,30.5842849450262,-4.487924965242854,-4.044617866231076,-0.4433070990117782,185.33528205346107,167.09187248755455,26.783297183881764,0,171.4858145448238,174.0697521901036,4.110262084111438
2026-01-13,164.79447310998967,167.08467124331776,163.3008676135245,163.84852600097656,70976,171.17271592881946,175.76024558327416,185.68164276123048,208.2148949432373,170.1128378299544,174.69262795558112,29.352945964211926,-4.8729522593219485,-4.21028474484925,-0.6626675144726981,185.64430756643355,165.0213891498751,28.256599616751263,0,169.8378709561272,174.0697521901036,4.147958847262621
2026-01-14,163.31081807500075,167.18423435395965,161.6778100210018,163.9978790283203,1187340,170.10174560546875,175.0962704745206,184.70940521240237,207.94102798461915,168.8898460696276,173.72037805310285,29.691644734394785,-5.107165399119225,-4.389660875703246,-0.7175045234159789,185.33923902130627,163.48832750701402,29.85076912739146,0,169.4545156702429,172.4467031546203,4.253934104014759
2026-01-15,163.9978790283203,163.9978790283203,163.9978790283203,163.9978790283203,0,168.7530754937066,174.30239660089666,183.73437957763676,207.68055885314945,167.91145266136616,172.83651450539534,29.691644734394785,-5.232464407232556,-4.558221582009108,-0.6742428252234474,185.36885516989952,162.0069276059794,31.33106938727164,0,169.4545156702429,172.4467031546203,3.993619758626366
2026-01-16,167.1842281080466,184.0121917075288,167.1842281080466,170.77883911132812,3319407,168.27401563856336,173.77510833740234,182.91349395751956,207.48580184936523,168.48492995135857,172.6494531059347,43.86310166106881,-4.73007263309583,-4.592591792226452,-0.1374808408693777,184.8709459280452,161.7669950509587,30.456036818126403,0,172.8450008642653,172.8450008642653,5.197039506584454
2026-01-19,169.27527883434408,169.27527883434408,165.2923310970654,166.2482452392578,115974,167.5106167263455,173.2174960049716,182.0173306274414,207.2845684814453,168.03759300893842,172.067525118055,38.30740054048452,-4.643971778389243,-4.602867789459011,-0.0411039889302324,183.87870530314785,161.24969893269204,29.260970013879017,0,172.8450008642653,172.8450008642653,5.347822383797306
2026-01-20,166.29802924260508,167.1842345560218,159.43740198874102,160.76173400878906,150008,166.0490960015191,172.4267904108221,181.00048431396485,207.04314987182616,166.58242120890856,171.03972592630353,32.87672445392428,-4.961261500028144,-4.674546531572838,-0.2867149684553061,183.0763281072887,159.9301614556996,27.2494029678908,0,171.72479684813493,171.72479684813493,5.399742681663192
2026-01-21,160.761731809591,164.7347278153851,157.13724982305166,158.74038696289062,170891,164.62076653374567,171.3993710604581,179.9444058227539,206.7919222259521,165.014014359705,169.9216042023569,31.125976995866424,-5.314558778477561,-4.802548980953783,-0.5120097975237785,182.5118856221447,158.32091009318736,25.750744673858723,0,170.57472076529024,170.57472076529024,5.6330295558651295
2026-01-22,160.80156626150654,172.26249313873612,160.80156626150654,169.76319885253906,800671,164.81438191731772,170.84402188387784,179.09384735107423,206.6045420074463,165.9638512582718,169.90720371600983,47.5337944129334,-4.6514812387326,-4.772335432509546,0.120854193776946,181.31983895416656,158.57298178557951,24.644432999896093,0,170.57472076529024,170.57472076529024,6.281680459747768
2026-01-23,169.26532360913373,179.23264465609594,167.8912018047737,177.60958862304688,767294,166.19403076171875,170.71367021040484,178.4045980834961,206.48433067321776,168.29299873122682,170.60742052574048,55.63576284764736,-3.453044879875023,-4.508477321982642,1.0554324421076196,181.4554934833344,158.51101042291563,24.47787520625885,0,170.57472076529024,170.57472076529024,6.879833021590865
2026-01-27,177.25112378960256,180.0292383069366,169.27527652429245,177.1714630126953,192717,167.67435709635416,170.62314813787287,177.76891906738285,206.3918009185791,170.06869158752053,171.20415166091817,55.123887547256,-2.50969826701035,-4.108721510988184,1.5990232439778342,181.7073929747312,158.4104613343508,24.41343463190886,0,170.57472076529024,170.57472076529024,7.377701460407059
2026-01-28,177.24117543592453,177.52993246346782,174.75183308429638,175.17999267578125,48692,168.91681416829428,170.54620430686256,177.22365325927734,206.2761144256592,171.09095180517266,171.56559175317844,52.7482610610184,-1.9008722209356392,-3.667151652977676,1.7662794320420363,181.55559067643432,158.46268935286255,24.35359695572673,0,170.57472076529024,170.57472076529024,7.355652084364158
2026-01-29,175.69000244140625,180.3999938964844,170.66000366210938,178.72000122070312,115281,170.55260552300348,170.6853880448775,176.81311401367188,206.1893424224853,172.6167616882788,172.2159926138625,56.34942920288565,-1.1198155519552984,-3.1576844327732005,2.037868880817902,182.1389010555362,158.21346405676852,23.51858640592671,0,170.57472076529024,170.57472076529024,7.724906458192657
2026-01-30,178.99000549316406,182.1000061035156,175.4199981689453,179.5,308666,171.52162339952258,170.8364909778942,176.63225799560547,206.0437488555908,173.99340935062304,172.87817510351135,57.12479407000971,-0.4328930106512416,-2.6127261483488087,2.179833137697567,183.0600464782752,157.8786574401818,22.98032423535847,0,169.61862796328364,170.57472076529024,7.894793384384676
2026-02-02,176.74000549316406,176.74000549316406,170.30999755859375,172.4499969482422,57188,172.21070692274304,170.70334763960406,176.40559448242186,205.85124420166017,173.68472687014687,172.83924981666868,48.70387038101609,-0.4521659865714298,-2.180614115993333,1.7284481294219032,182.63205953506707,157.9380530747962,21.572900170801503,0,169.61862796328364,170.57472076529024,8.152926429655107
2026-02-03,176.8000030517578,178.0,172.1199951171875,172.8300018310547,97186,173.55162556966147,170.66668354381216,176.23631774902344,205.64922668457032,173.51378186232844,172.83840909070375,49.13908533154459,-0.4317992279190719,-1.830851138378481,1.399051910459409,182.37437110209737,157.96970391010967,20.4613124871783,0,169.61862796328364,170.57472076529024,8.302655090585052
2026-02-04,172.89999389648438,173.89999389648438,171.0,172.89999389648438,54498,175.12491522894965,170.5195964466442,176.3842886352539,205.45018898010252,173.39102426915966,172.84400770941107,49.22453638499126,-0.4053381641780333,-1.5457485435383913,1.140410379360358,182.35269066117684,157.96950019575678,19.22961202592307,0,171.45078618251108,170.57472076529024,8.116481487979803
2026-02-05,173.0,175.0,168.8699951171875,170.6300048828125,113856,175.22122701009116,170.3168522227894,175.8248941040039,205.2331024932861,172.83882039189024,172.64273472517482,46.49612623889804,-0.5610690678740866,-1.3488126484055305,0.7877435805314439,182.06331974871588,157.93032954327632,18.00372853396403,0,174.99560395414466,170.57472076529024,8.554338979609268
2026-02-06,169.10000610351562,174.9499969482422,168.6999969482422,171.47000122070312,69339,174.53905063205295,170.24190521240234,175.47129028320313,204.97357177734372,172.5650565576528,172.53612258840468,47.65240637386648,-0.609678255292863,-1.2009857697829969,0.5913075144901339,182.0536859377544,157.92742825902295,16.896056865233575,0,175.4000015258789,170.57472076529024,7.571173788237232
2026-02-09,171.60000610351562,174.8300018310547,171.22000122070312,172.1999969482422,572858,173.9866655137804,170.1639314131303,175.24281311035156,204.67000480651856,172.4920446357707,172.50556571202628,48.69018774910538,-0.5825811987341467,-1.0773048555732267,0.49472365683908,182.26376780138088,158.13528005018162,15.86750460141244,0,175.4000015258789,170.57472076529024,7.437137545100719
2026-02-10,172.0500030517578,182.2100067138672,171.89999389648438,180.8600006103516,744133,174.6177775065104,170.58505179665306,174.98818969726562,204.35530296325683,174.16563583068688,173.26505979369222,59.05940056190321,0.1361142938232546,-0.8346210256939305,0.9707353195171852,183.69548478178388,158.27028822847,15.87893417072458,0,175.4550018310547,170.57472076529024,7.620221848679435
2026-02-11,180.8600006103516,183.8000030517578,177.0500030517578,180.6600036621093,200121,174.83333333333331,171.15956739945844,174.8568212890625,204.06083915710448,175.46450939697138,173.9373274180938,58.76404373603644,0.6816894753822851,-0.5313589254786875,1.2130484008609723,184.7708392620524,158.87608151431482,16.130935795054146,0,176.25,170.57472076529024,7.559687706369904
2026-02-12,180.63999938964844,182.0,177.32000732421875,179.55999755859375,112580,174.83999972873264,171.81262415105647,174.7132110595703,203.7702538299561,176.2836070292959,174.44847924904832,57.07341500069459,1.0136161025297383,-0.2223639198770023,1.2359800224067403,185.43876350594732,159.76436912344718,16.364937303360172,0,176.25,170.57472076529024,6.928108170651029
2026-02-13,177.02999877929688,177.16000366210938,172.77999877929688,174.1199951171875,102607,175.02555508083768,172.27950911088422,174.5121807861328,203.48353157043456,175.8508846468742,174.4186170552428,49.490334819784216,0.8281610874188061,-0.0122589184178406,0.8404200058366468,185.29851493015929,160.91682930812198,15.57921488493399,0,176.25,170.57472076529024,6.602290736934931
2026-02-16,175.8000030517578,175.8000030517578,172.0,174.30999755859375,50953,175.18999905056424,172.74824177135122,174.35418243408202,203.20227485656736,175.5427072292181,174.40874255554743,49.74150382665129,0.6885807308780443,0.1279090114413363,0.5606717194367079,185.43527720789365,161.1331828751142,14.689348231046548,0,176.25,170.57472076529024,6.105579399014478
2026-02-17,174.30999755859375,176.5800018310547,173.5500030517578,175.58999633789062,35895,175.4888882107205,173.2751561945135,174.2886978149414,202.91263092041012,175.55216505095262,174.51612926303318,51.49152863466583,0.6734839925535141,0.2370240076637719,0.4364599848897422,185.47422194095304,162.02841325191804,14.018180675992438,0,176.25,170.57472076529024,6.123572213309152
2026-02-18,175.97000122070312,177.60000610351562,174.25999450683594,176.5399932861328,41135,176.1455535888672,173.5370268388228,174.24997985839843,202.60922813415527,175.74973069798867,174.70011690149678,52.80502187716208,0.7297642647509974,0.335572059081217,0.3941922056697804,184.5861835743967,164.4942775462088,13.601997238668442,0,176.25,170.57472076529024,5.666430882045199
2026-02-19,176.52999877929688,178.97000122070312,170.72999572753906,174.8699951171875,86914,176.52333068847656,173.92892456054688,174.17348052978517,202.3017428588867,175.57378358182845,174.71556037565048,50.23016368685685,0.6323228660753273,0.3949222204800391,0.2374006455952881,182.10324450489972,168.59017743113543,12.836569928177315,0,177.26499938964844,170.57472076529024,5.777859279087612
2026-02-20,175.97999572753906,177.99000549316406,171.25,177.07000732421875,144706,177.06444295247397,174.67020971124822,174.26285980224608,202.01572776794436,175.8730283303065,174.92960100733848,53.45040053995686,0.7242734805960254,0.4607924725032364,0.2634810080927889,181.96910149699767,169.45500128620546,12.125815997006988,0,177.26499938964844,170.57472076529024,5.6028594970703125
2026-02-23,176.5,179.6999969482422,174.07000732421875,178.0,107738,176.7466651068793,175.54564666748047,174.26509185791016,201.7365460205078,176.2984226642452,175.20872818848952,54.782293296608906,0.8622481814298908,0.5410836142885673,0.3211645671413234,182.01592431312253,169.4472196077759,11.453284914142683,0,177.26499938964844,170.57472076529024,5.585001264299665
2026-02-24,177.10000610351562,177.11000061035156,172.00999450683594,174.05999755859375,73211,176.0133310953776,175.74095569957387,174.17418518066407,201.4399964904785,175.85073764311494,175.10429813122627,48.45660306952141,0.6462196391057091,0.5621108192519957,0.0841088198537134,181.86431643140037,169.28768094408795,10.92519246031007,0,176.36499786376953,170.46862643740474,5.805716378348214
2026-02-25,178.6999969482422,178.99000549316406,172.1199951171875,174.97999572753906,159966,175.5044420030382,175.62142874977806,174.0445230102539,201.1132125854492,175.6765892599998,175.09299791270925,49.91100741719542,0.5429923486068446,0.5582871251229655,-0.0152947765161208,181.8576033389386,169.2743943417255,10.307059014032689,0,175.21499633789062,170.46862643740474,5.858573913574219
2026-02-26,174.97999572753906,198.8000030517578,173.60000610351562,194.5,5347630,177.76888699001736,176.40908952192828,174.28693939208983,200.86690933227536,179.44127140799984,176.85727082973568,69.54609229850604,2.0130796572885856,0.8492456315560896,1.1638340257324962,186.8593699483104,165.85062761028337,12.58420647743169,0,184.76499938964844,177.96862643740474,7.212145124162946
2026-02-27,194.5,201.3000030517578,183.0,185.1100006103516,1326116,178.96888732910156,176.8604535189542,174.41882507324215,200.5736560821533,180.5750172484702,177.60751899160988,57.80684858436613,2.392856604149472,1.157967826074766,1.2348887780747058,187.77394842232007,165.49704919730883,14.915869487140627,0,186.01499938964844,181.05078465663215,8.261431012834821
2026-03-02,174.0,192.9900054931641,174.0,182.009994506836,490101,179.6822204589844,177.00999866832387,174.49587982177735,200.27309036254883,180.86201270014337,178.0077440384486,54.53406757438001,2.4158396898238266,1.4095421988245782,1.0062974909992484,188.3159996717314,165.9109977037569,15.324179914314934,0,186.01499938964844,184.59560242826572,8.881430489676342
2026-03-04,182.009994506836,194.8000030517578,177.2899932861328,190.13999938964844,687248,181.1933322482639,177.49363500421697,174.67180755615234,200.02617538452148,182.7176100380444,179.11067634310314,60.80187801701018,3.054862842302242,1.738606327520111,1.3162565147821312,190.3968609874448,165.5611361439029,15.903908583243693,0,186.01499938964844,185.0,9.650002615792411
2026-03-05,190.13999938964844,192.0,185.0,187.0,156884,182.5411105685764,178.15499877929688,174.77218994140625,199.80474632263184,183.57408803043552,179.8278875846392,57.5045984790768,3.270224473789966,2.044929956774082,1.2252945170158842,191.4829081886179,165.88508955308134,16.44222806153468,0,186.2750015258789,185.0,9.81571742466518
2026-03-06,186.9900054931641,191.17999267578125,176.60000610351562,178.97999572753906,242612,182.75333150227868,178.4345439564098,174.74224334716797,199.5441104888916,182.65526956985624,179.750806506721,50.04030896883172,2.76191516078444,2.1883269975761537,0.5735881632082864,191.3260815515229,166.87691527464898,15.531599563030564,0,186.65499877929688,185.0,10.372859409877234
2026-03-09,175.80999755859375,177.77999877929688,170.0399932861328,172.0,182497,182.086664835612,178.39363514293325,174.598984375,199.23041313171387,180.52421565588497,179.0461877333827,44.61268777437346,1.7753835308962491,2.105738304240173,-0.3303547733439238,191.28503696040707,166.9709597436945,15.036710561564323,0,185.6699981689453,185.0,10.74000222342355
2026-03-10,175.0,175.6999969482422,172.50999450683594,174.47000122070312,90335,182.1322207980686,178.5681804310192,174.5509292602539,198.94573860168455,179.31337276884864,178.63017077768455,46.81123669773122,1.1792647327106067,1.92044358993426,-0.7411788572236533,191.1663653710532,167.31663176029448,14.577170774488534,0,185.6699981689453,185.0,10.787859235491071
2026-03-11,174.47000122070312,180.9900054931641,174.1999969482422,175.49000549316406,284005,182.18888854980472,178.75090789794922,174.5475701904297,198.6587704467773,178.54869931371172,178.3447012063645,47.73388371118122,0.7801490381151837,1.692384679570445,-0.9122356414552611,190.98592113778855,166.9600764818403,13.6958798127056,0,185.6699981689453,185.0,11.034287588936946
2026-03-12,175.0,176.16000366210938,169.5,170.66000366210938,217316,179.54000006781686,178.680908203125,174.43725555419925,198.3643748474121,176.97096018339127,177.64609233870496,43.85452378720599,0.0732616778994952,1.3685600792362551,-1.29529840133676,191.01122534040823,165.93477227922065,13.194419886031636,0,185.4000015258789,185.0,10.921430315290182
2026-03-13,170.5,170.8699951171875,166.0500030517578,169.8000030517578,146986,177.83888922797308,178.17818104137075,174.32567260742186,198.0458306121826,175.53676875706458,176.93281149443703,43.181596488876366,-0.5500063786839178,0.9848467876522206,-1.5348531663361382,191.09192980254815,164.87806836639714,13.158619324619885,0,180.4250030517578,183.6750030517578,10.78428649902344
2026-03-16,172.77999877929688,172.77999877929688,166.10000610351562,167.99000549316406,124534,176.28111267089844,177.6022720336914,174.21274047851563,197.73654663085935,174.02741610428447,176.11982913068493,41.73025794472655,-1.1764411983030527,0.552589190461166,-1.7290303887642189,191.4365063332389,163.92049287330408,12.827369185329744,0,180.4250030517578,183.6750030517578,10.859286717006142
2026-03-17,166.5500030517578,169.77000427246094,162.0,162.64999389648438,240119,173.22666761610242,176.83363550359553,173.94302215576172,197.40954414367675,171.75193166272445,174.89529865484852,37.70396012124051,-2.0798148031722405,0.0261083917344846,-2.105923194906725,192.36021244070767,161.83078639962437,13.034914532791143,0,177.0,181.6500015258789,10.986429486955918
2026-03-18,164.0,172.0,163.1699981689453,169.4199981689453,258996,171.27333407931857,176.61999927867544,173.82961456298827,197.13078193664552,171.28554496396865,174.39754406522093,44.95505658447527,-2.2238272319398504,-0.4238787330003823,-1.799948498939468,192.4246584302876,161.14934059314993,12.862750231770669,0,176.58999633789062,181.6500015258789,11.163572038922997
2026-03-19,168.89999389648438,168.89999389648438,163.6999969482422,164.1699981689453,130507,169.6277787950304,176.1590902155096,173.6506378173828,196.826315536499,169.862435604964,173.4677671655595,40.97225932319662,-2.7301181407242723,-0.8851266145451604,-1.844991526179112,192.79457097581363,159.54242853590517,12.70288338082308,0,171.49500274658203,181.6500015258789,9.772143772670203
2026-03-20,165.89999389648438,171.5,162.80999755859375,166.3000030517578,289866,168.99444580078125,175.73681779341263,173.49832946777343,196.5482291412353,169.14994909432278,172.81615224612298,43.17203177560554,-2.9257574302800435,-1.2932527776921372,-1.6325046525879063,192.9388589562493,158.5411413489265,12.109380908840665,0,171.49500274658203,181.6500015258789,9.085715157645094
2026-03-23,166.33999633789062,166.33999633789062,159.0,159.97000122070312,106084,167.38333468967014,174.98363633589312,173.26582244873046,196.23159538269044,167.31395951959885,171.64832033472118,38.5716134551332,-3.550651521950272,-1.7447325265437643,-1.8059189954065076,193.45127924966727,156.31872044515694,12.115714834736211,0,169.99500274658203,180.1500015258789,8.253571646554132
2026-03-24,162.4499969482422,163.3699951171875,160.6199951171875,161.22000122070312,107221,165.7977786593967,174.3631820678711,173.1298092651367,195.92066581726075,166.09516785981972,170.7002913243559,39.932816664928495,-3.9000625450884456,-2.1757985302527008,-1.7242640148357449,193.51423322416895,154.57776659272557,12.121596337353507,0,167.5800018310547,180.1500015258789,7.245713370186944
2026-03-25,162.89999389648438,164.89999389648438,157.99000549316406,159.99000549316406,227704,164.61222330729166,173.5868183482777,173.02575439453125,195.5938603973389,164.8741353864886,169.7266289760657,39.01663429107872,-4.227491780284282,-2.5861371802590174,-1.6413546000252648,193.80031345321407,152.88468715713748,12.511760829692667,0,165.38500213623047,179.64500427246094,7.239283970424109
2026-03-27,158.0,158.89999389648438,154.0,154.63999938964844,227715,162.92777845594617,172.52500013871625,172.84158386230467,195.21827308654784,162.8273081871206,168.3551171954823,35.230420187295266,-4.862629226028332,-3.0414355894128806,-1.8211936366154515,194.3990447437254,150.2519562328371,13.41029528771351,0,163.38999938964844,177.6500015258789,6.625713893345426
2026-03-30,151.3000030517578,158.1300048828125,149.0500030517578,156.3000030517578,343857,161.62888929578992,171.7177276611328,172.68762634277343,194.87391090393064,161.52184716004805,167.259197727871,37.26468234100792,-5.172407511317317,-3.467629973793768,-1.7047775375235492,190.96860306841413,149.86239821332413,14.82517010824398,0,160.5250015258789,175.1750030517578,6.635713849748886
2026-04-01,158.0,161.5399932861328,158.0,160.1699981689453,136801,161.35333421495227,171.044545953924,172.61106872558594,194.5472611999512,161.25147736182754,166.61472504069593,41.85002138601882,-5.047448921938269,-3.783593763422669,-1.2638551585156006,188.98069451827772,149.3563065193199,15.430120117542357,0,160.5250015258789,175.1750030517578,6.745713370186944
2026-04-02,157.8000030517578,159.6999969482422,155.8800048828125,158.92999267578125,94560,160.18777804904514,169.42772743918678,172.374091796875,194.2234922027588,160.78718042461827,165.91611300752186,40.82049959574856,-4.9909439249057925,-4.025063795719293,-0.9658801291864992,187.3605085745962,148.668492279896,16.252146431203403,0,160.2750015258789,175.1750030517578,6.567140851702009
2026-04-06,157.0,161.7899932861328,156.10000610351562,161.3800048828125,101397,159.8777787950304,168.3490912697532,172.2767269897461,193.92323738098145,160.9057453162571,165.50373954163916,43.76412561773927,-4.694354205018527,-4.15892187757914,-0.5354323274393868,183.06186972364767,150.09113168016094,16.58010061631767,0,160.2750015258789,175.1750030517578,6.49785396030971
2026-04-07,160.0,161.2899932861328,154.1199951171875,154.9600067138672,379978,158.61777920193143,167.1195463700728,172.1606924438477,193.59376052856445,159.71659759577915,164.54521837547807,38.37725454944767,-4.920623033911397,-4.311262108845591,-0.6093609250658059,179.17154047304643,150.7774616021489,17.14867218924026,0,157.69499969482422,175.1750030517578,6.672140938895089
2026-04-08,159.0,162.74000549316406,158.13999938964844,159.55999755859375,713254,158.57222323947482,165.72954628684303,172.17708465576172,193.30112800598144,159.68527758834207,164.09201648303406,43.72241250317396,-4.674872869118104,-4.383984260900094,-0.29088860821801,176.74957843238852,151.25742382591224,17.360638188307895,0,156.9749984741211,175.1750030517578,6.750712803431919
2026-04-09,160.1999969482422,163.47999572753906,158.0,159.6999969482422,493866,158.40333387586804,164.4886370572177,171.9758206176758,193.00448150634764,159.6882214603221,163.69274197987116,43.88195481942233,-4.417890619246919,-4.39076553256946,-0.0271250866774588,175.6891938259876,151.08780812713744,17.393173261569736,0,156.9749984741211,175.1750030517578,6.587140764508929
2026-04-10,161.2899932861328,173.60000610351562,161.17999267578125,170.39999389648438,928579,159.55999925401477,164.09863697398794,171.83162872314452,192.7747327423096,161.83057594755456,164.3024921541087,54.49899785747408,-3.312643907730262,-4.17514120760162,0.8624972998713583,174.83102183342913,151.53897938727397,16.72945475849721,0,161.32500457763672,171.9250030517578,6.912140982491629
2026-04-13,167.39999389648438,169.32000732421875,163.1999969482422,166.94000244140625,286985,160.92666625976562,163.86863708496094,171.62699951171874,192.5345318603516,162.8524612463249,164.5422658165903,51.130348176371314,-2.684969661132527,-3.877106898307802,1.1921372371752748,173.0508132080855,152.46418770744188,16.113144719929863,0,161.32500457763672,171.9250030517578,7.017854963030134
2026-04-15,169.50999450683594,173.38999938964844,169.50999450683594,171.88999938964844,372901,162.6588880750868,163.75136427445844,171.56119964599608,192.299430847168,164.6599688749896,165.2102415959592,55.37962600543185,-1.7677325927288337,-3.4552320371920087,1.687499444463175,173.32364283088492,152.31435765739633,16.151698297754965,0,163.86000061035156,170.5250015258789,6.857854570661273
2026-04-16,173.0,174.60000610351562,169.1300048828125,169.97999572753906,225972,163.74888780381946,163.50090928511187,171.3863995361328,192.05284454345704,165.7239742454995,165.643855607921,53.44843672557776,-1.181319425655147,-3.0004495148846364,1.8191300892294893,173.3581024580521,152.2978972978073,16.359739405029465,0,164.36000061035156,170.11499786376953,6.724283490862165
2026-04-17,171.10000610351562,181.0,170.5500030517578,179.55999755859375,1718979,166.0411105685764,163.90545446222478,171.3875994873047,191.85907081604003,168.49117890811837,166.90895942161853,60.8270847183308,0.0558000897790975,-2.38919959395189,2.4449996837309875,176.1659314537655,150.64706750863684,17.37084472175102,0,167.55999755859375,165.0250015258789,7.2685699462890625
2026-04-20,180.0,182.38999938964844,176.5500030517578,180.9600067138672,361015,168.21666632758246,164.41272735595703,171.5577996826172,191.6604375457764,170.98494446926813,168.1863273572775,61.78049010874005,1.1360990149442216,-1.6841398721726677,2.820238887116889,179.2893697693065,149.35463047483412,18.468708552852043,0,168.25499725341797,165.72000122070312,7.192141941615513
2026-04-21,182.5,188.0,181.82000732421875,182.0200042724609,173418,171.22333272298178,165.0504545731978,171.74159973144532,191.46070304870605,173.1919564299067,169.44393434956692,62.524196200646784,2.0540982742070355,-0.9364922428967272,2.9905905171037626,181.76926593734584,148.13473491714635,20.07527538623163,0,173.0,168.5250015258789,7.26714106968471
2026-04-22,182.0200042724609,189.8000030517578,180.3099975585937,186.3800048828125,442338,174.20333353678384,166.12909143621272,172.01119995117188,191.2807837677002,175.82956612048787,170.98357712531651,65.49809174237274,3.0977262522420688,-0.1296485438689678,3.227374796111037,185.4058288327687,146.71917269311024,21.737951744277577,0,173.9000015258789,169.4250030517578,7.296427045549669
2026-04-23,184.0,189.3800048828125,184.0,187.08999633789065,288115,177.24666680230035,166.93227317116478,172.34039978027343,191.11304847717284,178.0816521639684,172.44779705373233,65.97164299418748,3.936719271310011,0.6836250191668279,3.253094252143183,188.61218695244236,145.59181390204984,23.28186550532024,0,175.48999786376953,169.4250030517578,7.306428091866634
2026-04-24,187.97999572753903,188.3600006103516,181.8099975585937,184.8099975585937,1756935,178.8477783203125,167.87045496160334,172.60719970703124,190.9306382751465,179.42732124289347,173.5716334632652,62.98208434325945,4.36730684207393,1.4203613837482485,2.9469454583256813,190.96036632329415,145.72763416498708,24.16175311892834,0,176.5,169.4250030517578,7.467857360839853
2026-04-27,193.8999938964844,196.19000244140625,189.0599975585937,193.47999572753903,590224,181.79666646321613,169.10590917413884,173.0327996826172,190.78468070983888,182.23785613982255,175.38148457819918,68.77639636160298,5.346515683447876,2.205592243688174,3.1409234397597023,194.9144653183992,144.99953462056564,25.771553407489588,0,182.66000366210935,172.62000274658203,7.874287196568095
2026-04-28,193.6000061035156,195.22999572753903,187.0,188.3000030517578,150191,183.6200002034505,170.39363653009588,173.18159973144532,190.62175498962404,183.45028552220964,176.55589534852268,62.48350646787418,5.639554355020977,2.8923846659547348,2.747169689066242,197.1476759881073,145.59732370671694,26.778535444552237,0,182.66000366210935,172.62000274658203,7.943571908133383
2026-04-29,188.5,190.72999572753903,185.0,186.1499938964844,259484,185.41666666666663,171.52681801535866,173.2913995361328,190.45323989868163,183.9902271970646,177.4280861256101,60.02843801263789,5.633363930277,3.440580518819188,2.192783411457812,198.2647814845656,147.63121766094218,27.24985234199949,0,183.37000274658203,172.62000274658203,7.797143118722109
2026-04-30,187.33999633789065,189.0800018310547,183.5500030517578,184.1600036621093,212133,185.92777845594617,172.62545429576528,173.38339965820313,190.27234336853027,184.0241824900736,178.0400786289282,57.7660544472659,5.40557034313116,3.833578483681582,1.571991859449578,198.8539677548216,149.8280314517214,27.35431371208656,0,186.37000274658203,172.62000274658203,7.800714765276238
2026-05-01,184.1600036621093,184.1600036621093,184.1600036621093,184.1600036621093,0,186.2833336724175,173.96727267178622,173.58419982910155,190.09348129272465,184.05134672448077,178.59643545012648,57.7660544472659,5.165497642739041,4.099962315493074,1.065535327245967,199.47473511126736,151.606264644592,27.451313555738835,0,188.25,172.62000274658203,6.807856968470992
2026-05-04,188.6000061035156,190.0,183.1999969482422,184.83999633789065,184521,186.59666612413196,175.26454509388316,173.7947998046875,189.9192102050781,184.20907664716276,179.16403189446868,58.387574128199695,4.972784855682306,4.274526823530921,0.6982580321513856,199.7685393304489,153.9034607916214,28.2564164490779,0,188.25,172.62000274658203,6.7792859758649655
2026-05-05,182.83999633789065,184.58999633789065,178.0,180.10000610351562,561693,185.89888848198785,176.17045454545453,173.885,189.7192046356201,183.38726253843333,179.2491204589275,52.57907333649935,4.387010261876469,4.297023511200031,0.089986750676438,199.54729019127817,155.99671005286248,27.828110908817354,0,187.09500122070312,172.62000274658203,6.807143075125571
2026-05-06,183.0,184.38999938964844,179.5500030517578,183.6999969482422,218009,185.522221883138,177.2963638305664,174.02820007324215,189.5372486114502,183.4498094203951,179.65374559431973,56.14727080701832,4.165254390959802,4.270669687151985,-0.1054152961921826,198.269734831256,160.1482644363221,27.430398621432563,0,187.09500122070312,172.62000274658203,6.7621427263532485
2026-05-07,184.1999969482422,199.8999938964844,184.1999969482422,192.08999633789065,1957958,186.3311106363932,178.69227253306997,174.37260009765626,189.38716941833496,185.1778468038942,180.78431384373528,63.113415686152976,4.613334450345064,4.339202639790601,0.2741318105544632,198.32328163719623,163.3477175083116,28.677189990036137,0,188.9499969482422,174.4749984741211,7.1321422031947685
2026-05-08,193.8999938964844,196.88999938964844,183.009994506836,188.33999633789065,1820965,185.75999959309897,180.20954478870735,174.59799987792968,189.21253448486328,185.8102767106935,181.47119407047668,58.63037606526545,4.612675414816778,4.393897194795837,0.2187782200209405,196.9303957847509,167.60460329972173,29.591900985759704,0,188.9499969482422,177.00999450683594,7.706428527832041
2026-05-11,188.8999938964844,190.42999267578125,182.0,187.1100006103516,479646,185.62777709960935,181.4618176546964,174.7801998901367,189.02748207092284,186.07022149062516,181.98381284682893,57.19532149395951,4.461473657549988,4.407412487346667,0.0540611702033206,196.7905155854943,169.41548417036506,30.228920931998527,0,188.9499969482422,177.00999450683594,7.805714198521215
2026-05-12,184.009994506836,192.5,183.5,188.1499938964844,825051,185.84999932183163,182.75499933416197,175.06199981689454,188.839663772583,186.48617597179697,182.544374760434,58.12852342554697,4.375130165051843,4.400956022887702,-0.0258258578358594,195.6950569323531,172.63194196901406,31.01511373456396,0,188.9499969482422,177.00999450683594,7.77071380615235
2026-05-13,190.6100006103516,193.8699951171875,187.0,192.42999267578125,721764,186.7688869900174,183.75636291503903,175.41099975585936,188.69316024780272,187.67493931259384,183.44306729819283,61.81781484442968,4.599047500445352,4.440574318399232,0.1584731820461193,195.73605368411785,174.64494454586267,31.873691518678072,0,188.9499969482422,177.00999450683594,7.877141680036279
2026-05-14,193.3500061035156,193.3500061035156,185.32000732421875,191.22999572753903,374870,187.554441663954,184.8604535189542,175.34559967041017,188.5524063873291,188.38595059558287,184.15096988267885,60.21583668675124,4.626344260219241,4.477728306763234,0.1486159534560069,194.3417099821961,178.16428824778436,32.27381682417236,0,188.9499969482422,178.9499969482422,7.982855660574775
2026-05-15,191.0,196.83999633789065,188.4100036621093,192.72999572753903,425190,188.43110826280383,185.8077260797674,175.4979995727539,188.42642143249512,189.2547596219741,184.9308813231207,61.55692345665717,4.714666858216248,4.525116017053837,0.1895508411624105,194.8489144756454,178.9740835712296,33.00265416282218,0,188.9499969482422,178.9499969482422,7.772140502929687
2026-05-18,190.9499969482422,190.9499969482422,186.0,190.1100006103516,210434,189.54332987467447,186.72272630171344,175.65999969482422,188.29893684387207,189.4258078196496,185.4017103492326,57.88648668589232,4.521134618145226,4.524319737272116,-0.0031851191268899,194.90678020906685,179.83121722745656,33.10795447786241,0,189.7249984741211,180.5399932861328,7.664997645786831
2026-05-19,190.25,193.38999938964844,187.3500061035156,188.8800048828125,247261,190.11888631184897,187.1463629982688,175.6347998046875,188.13567909240723,189.31664723228215,185.7179189431944,56.19251133326695,4.219864575799875,4.463428704977668,-0.243564129177793,194.8380019718793,180.58599552567932,33.47575367775856,0,190.9499969482422,181.54999542236328,7.68714032854353
2026-05-20,186.9900054931641,187.63999938964844,185.5500030517578,186.5200042724609,86720,189.49999830457895,187.3990901600231,175.6251998901367,187.984070892334,188.75731864031795,185.79083579130952,52.98842574719784,3.7474750115890174,4.3202379662999375,-0.5727629547109201,194.8397658616676,180.59823157485584,33.384474957436524,0,189.44499969482425,184.51499938964844,7.529997689383374
2026-05-21,186.5200042724609,187.9900054931641,184.1000061035156,184.83999633789065,154014,189.1111094156901,187.52727161754265,175.74239990234375,187.83909828186037,187.9738541798325,185.70439584099876,50.769158849267335,3.2006452327505315,4.096319419590056,-0.8956741868395248,194.8393212449479,180.37367619157556,32.95385368667184,0,189.4199981689453,184.51499938964844,7.807854788643981
2026-05-22,184.83999633789065,184.83999633789065,183.1699981689453,183.8300018310547,74343,188.74666510687933,187.41136238791725,175.97899993896485,187.6833502960205,187.14508371007693,185.53399638554924,49.428860510657934,2.655173391431504,3.808090213958346,-1.1529168225268425,194.88277842730795,180.2322194364616,32.32952475277333,0,190.004997253418,185.2249984741211,7.44142586844309
2026-05-25,187.3000030517578,187.3099975585937,182.9900054931641,185.0399932861328,281477,188.40110948350696,187.3181804310192,176.19039978027342,187.53853134155275,186.7240656252881,185.48908701287505,51.09459710686829,2.294074561840944,3.5052870835348657,-1.211212521693922,193.9809176056628,180.29008001396616,32.10665546264767,0,189.91500091552737,188.2249984741211,7.261425563267301
2026-05-26,185.0399932861328,188.3600006103516,184.5,187.88999938964844,84178,187.89666578504773,187.4581805142489,176.43839965820314,187.40124114990235,186.9572523781602,185.70735177439988,54.86562056144037,2.212369987805829,3.2467036643890586,-1.0343336765832296,193.948178493328,180.28181876009,32.04783821018335,0,189.91500091552737,188.9499969482422,7.191425868443084
2026-05-27,187.88999938964844,194.8999938964844,186.0,193.1600036621093,380133,188.1111111111111,187.44363542036575,176.88839965820313,187.306183013916,188.19780263495,186.38486558237344,60.87352451949872,2.543543440278853,3.1060716195670177,-0.5625281792881647,194.7916237971541,180.13937443282634,32.79933331229132,0,189.91500091552737,188.9499969482422,6.669997079031812
2026-05-28,193.1600036621093,193.1600036621093,193.1600036621093,193.1600036621093,0,188.1588897705078,187.66454453901807,177.35559967041016,187.23148765563965,189.19024284038187,187.00078722598585,60.87352451949872,2.7740235703898577,3.039662009731586,-0.2656384393417283,195.4882142705102,180.34278395947027,33.49715019282014,0,188.94499969482425,188.9499969482422,5.678568158830923
2026-05-29,193.1600036621093,193.8500061035156,185.0599975585937,188.44000244140625,164904,187.9733344184028,187.76863583651456,177.764599609375,187.14728202819825,189.0401947605868,187.13162497284225,53.47916393074927,2.546462052780953,2.94102201834146,-0.3945599655605067,195.49440886641355,180.7645892414966,32.20133577601507,0,188.94499969482425,188.9499969482422,5.704283578055255
2026-06-01,188.0,188.0,181.1000061035156,182.7899932861328,146629,187.29666646321616,187.70636263760653,178.16739959716796,187.0524509429932,187.790154465696,186.7369311831413,46.23865498952437,1.8884406228629305,2.730505739245754,-0.8420651163828237,195.63763379696348,180.4163640057709,30.245644614587903,0,188.0,188.9499969482422,5.585711887904588
2026-06-02,180.0,188.0,179.39999389648438,183.07000732421875,92194,186.913333468967,187.6568173495206,178.44039978027342,186.9418932342529,186.84612503740053,186.40357446869385,46.62434909859351,1.3737133788387157,2.459147267164346,-1.0854338883256305,195.2304991602166,181.1204987645881,28.12635118050962,0,187.1499938964844,188.9499969482422,5.70928410121374
2026-06-03,185.0,185.259994506836,180.3099975585937,181.5800018310547,69721,186.55111185709637,187.5086357810281,178.78859985351562,186.8394687652588,185.7929003961314,185.9650678652721,44.78323342294942,0.835921357668866,2.13450208526525,-1.298580727596384,195.46320388543984,180.67579452764608,26.158435848865498,0,187.1499938964844,188.9499969482422,5.48928397042413
2026-06-04,182.0,183.38999938964844,178.75999450683594,179.13999938964844,89974,186.0300004747179,187.4649991122159,179.04539978027344,186.6863092803955,184.4623201948348,185.34460709476085,41.86759676890451,0.2104040938177149,1.749682486975743,-1.539278393158028,195.5635636200898,179.28043509817192,24.54394684677177,0,186.82999420166016,188.9499969482422,5.217856270926355
2026-06-05,181.9900054931641,181.9900054931641,177.0,178.3800048828125,83905,185.29000176323785,187.22318129106,179.41359985351562,186.5326357269287,183.2458571324304,184.7114614391292,40.97281196364801,-0.3426976444322633,1.3312064606941418,-1.6739041051264052,195.99458788418292,177.85341168857096,23.37424046343196,0,185.9499969482422,188.4499969482422,5.093571254185288
2026-06-08,177.6999969482422,178.47000122070312,172.24000549316406,172.9600067138672,107626,183.63111368815103,186.35363630814985,179.6483999633789,186.3787968444824,181.18868704871767,183.64314737319629,35.19578272394216,-1.2044986021857935,0.8240654481181546,-2.0285640503039484,197.226125927246,175.20687425585947,23.09006828843461,0,183.56999969482425,186.06999969482425,5.107142857142875
