Date,Open,High,Low,Close,Volume,SMA_9,SMA_22,SMA_50,SMA_200,EMA_9,EMA_21,RSI_14,MACD_Line,MACD_Signal,MACD_Hist,BB_Upper,BB_Lower,ADX_14,ST_Direction,Ichi_Tenkan,Ichi_Kijun,ATR_14
2024-12-18,205.4281962418556,205.81948207358195,201.9163558980092,203.2076110839844,526024,205.15538194444449,198.2613358931108,187.10674346923827,,204.20894844613068,199.4929356974989,57.63250629957609,5.326456862949442,5.3783581167435415,-0.0519012537940994,213.20980688517412,185.292533813068,30.38434404064434,0,204.68963176570256,194.79484814224168,5.786225146500537
2024-12-19,199.558819206374,205.1836388653772,198.5805897004604,203.2076110839844,1179468,205.1564687093099,198.99500760165128,187.5551638793945,,204.00868097370144,199.8306334599067,57.63250629957609,4.941190981510829,5.290924689696999,-0.3497337081861698,212.8732061768628,187.2412561034106,29.002802814753988,0,204.89017253783112,194.79484814224168,5.863784819642319
2024-12-20,203.2076134863851,206.4064281879876,199.1773126508845,201.2022399902344,1271954,204.96082221137155,199.51969354802912,187.96347686767575,,203.44739277700805,199.95532496266372,54.50945229100954,4.4230620016057856,5.117352152078756,-0.6942901504729706,212.58990698925467,188.59962853320624,27.969838857552222,0,204.89017253783112,194.79484814224168,5.8288480318000255
2024-12-23,201.36855867092703,204.07824377502607,199.6566569598486,201.43702697753903,1010380,204.91082424587677,200.17199498956853,188.4293096923828,,203.04531961711427,200.09002514583423,54.81815462235457,3.9854446744382974,4.890970656550666,-0.9055259821123672,211.4784942507024,191.14806061990305,27.01065804015059,0,204.89017253783112,196.6485848879436,5.674427055395248
2024-12-24,202.4935039576868,205.7607868642825,200.5957363632577,204.1858367919922,843533,204.3423614501953,200.79628268155184,188.9072723388672,,203.27342305208987,200.4623716591213,58.3792529665702,3.816442199041944,4.676064965048922,-0.8596227660069777,211.40761023841355,192.27249535240676,26.48047097691803,0,204.89017253783112,198.46320957918385,5.670234792839482
2024-12-26,203.4717375199405,205.0662563933628,201.5250554268236,202.51307678222656,719348,204.0510660807292,201.49838464910331,189.38425720214843,,203.1213537981172,200.64879939758544,55.51190900676367,3.5071010884904013,4.442272189737218,-0.9351711012468168,211.03407606428985,193.5362181251633,25.98815441820208,0,204.53312061442116,198.53168534945536,5.594772299992207
2024-12-27,202.76741854497428,204.10758824280947,197.1621674412056,198.0327911376953,459964,203.15435621473523,201.69758744673297,189.80646118164063,,202.10364126603284,200.41098046486812,48.62342636273052,2.867371151731078,4.12729198213599,-1.259920830404912,210.1236426427764,195.07369775029,24.24276891904126,0,203.82390948479372,198.53168534945536,5.682113180917948
2024-12-30,198.03278888861536,201.41745471116303,180.9724634586373,183.8386688232422,3817445,200.2740139431424,201.2533819025213,189.98078155517575,,198.45064677747476,198.90440667926575,34.16066441509422,1.2011869864307414,3.5420709829949404,-2.340883996564199,212.6918146308975,191.55664270552825,25.12796746469079,0,195.7290574935096,196.0861094169196,6.832930438373203
2024-12-31,183.809319668244,207.8737716778215,182.3908898585855,195.71438598632807,26803418,199.2599165174696,201.43302085182884,190.48926544189453,,197.9033946192454,198.6144047980896,48.07640738048266,0.8294339584053603,2.9995435780770245,-2.1701096196716643,212.77932711093976,191.32826566249773,24.592917703413328,0,194.4231175682294,196.0861094169196,8.146553149477526
2025-01-01,194.3741997060733,196.52630163228403,191.4884256509318,195.3817749023437,1513415,198.390379163954,201.5263970114968,190.97505432128904,,197.3990706758651,198.32052935302175,47.77186014168219,0.5021891467467583,2.5000726918109715,-1.9978835450642127,212.9123877695531,190.66793907370865,24.09608578222711,0,194.4231175682294,196.0861094169196,7.939027814029921
2025-01-02,195.38177812394795,203.4717404451321,194.1883369137477,197.0349884033203,4084504,197.70453219943576,201.5223950472745,191.5029067993164,,197.32625422135612,198.203661993958,49.48472191404446,0.3719580875850568,2.0744497709657885,-1.7024916833807318,212.8674049791739,190.22184978156827,22.392580189679688,0,194.4231175682294,196.0861094169196,8.137469453193916
2025-01-03,196.6241403027696,200.0479437408776,195.85134552301423,197.269775390625,1076255,197.26759168836804,201.3685469193892,192.1330825805664,,197.31495845520996,198.11876321183684,49.73683613523751,0.2844158141512309,1.716442979602877,-1.432027165451646,212.79074829907648,189.83091307787663,20.81075356802851,0,194.4231175682294,196.0861094169196,8.062704267068636
2025-01-06,197.11325636085664,198.55125500833668,190.00152327945656,191.0188903808593,1625266,196.11002095540368,200.8718733354048,192.66993499755856,,196.05574484033983,197.4733202272025,43.510647027674416,-0.286058740619012,1.315942635558499,-1.6020013761775114,213.0216782448948,188.38208915012476,20.240983117763378,0,194.4231175682294,196.0861094169196,8.379232361597873
2025-01-07,191.7329890949321,202.49351399311715,191.24387432683287,200.91856384277344,2095906,195.74699062771268,200.82518490878013,193.4227804565429,,197.02830864082657,197.78652419225443,53.4494298336844,0.0599657304187815,1.064747254530556,-1.0047815241117743,212.87430030534665,188.32501762678223,19.035765485205797,0,194.4231175682294,196.0861094169196,8.73418972181698
2025-01-08,202.17069753115013,206.0151473907061,196.28175151243963,197.88604736328125,2078247,195.23287624782984,200.58374023437497,194.2407760620117,,197.1998563853175,197.7955717532569,50.51736051263378,0.0884740073074965,0.869492605085944,-0.7810185977784474,212.71625286589745,188.0829689358604,17.98689445169136,0,194.4231175682294,196.0861094169196,9.150637557723671
2025-01-09,198.101254319228,201.24137763975264,197.60236263861665,198.8251495361328,837927,195.32091606987848,200.39565346457735,194.91908050537103,,197.5249150154806,197.88916973351832,51.40636691040609,0.1847154345297497,0.7325371709747052,-0.5478217364449555,211.4680667166934,188.2834698433652,17.012942777713672,0,194.4231175682294,196.0861094169196,8.93892083173933
2025-01-10,198.9718741378965,202.4935063051468,196.3404493237706,199.6566467285156,2245115,197.0784691704644,200.2942733764648,195.6523614501953,,197.9512613580876,198.04984946033625,52.22480738882193,0.32434350328964,0.6508984374376922,-0.3265549341480521,210.92675381301237,188.27697390915563,15.884193710365087,0,195.1323307682035,196.0861094169196,8.862059506330267
2025-01-13,198.0914723661824,204.13692346918347,195.70459001460088,200.3120574951172,3787570,197.58932156032984,199.88563953746444,196.0827822875976,,198.42342058549357,198.25550473622545,52.898221945110926,0.4823259715535926,0.6171839442608723,-0.1348579727072797,210.2259668622913,188.39864861622436,15.121902744306972,0,198.0083353350813,196.0861094169196,9.148541409144917
2025-01-14,203.3739057195536,206.5922891119293,194.2568146023434,197.3871459960937,2900497,197.8121405707465,199.53347639604044,196.22599487304683,,198.2161656676136,198.17656303257704,49.54209584597397,0.367278543957326,0.5672028642001631,-0.199924320242837,208.4551743775732,188.931980773794,14.828333935566228,0,198.2969061956929,196.0861094169196,9.660714552613568
2025-01-15,197.6904009803584,204.2543276560134,197.60236390555627,202.22938537597656,2772982,198.38929578993051,199.35739482532844,196.48933410644528,,199.0188096092862,198.54500142743157,54.66958870329658,0.6592316660995436,0.5856086245800391,0.0736230415195045,208.0441392557021,189.08182815152443,14.555734327449825,0,198.2969061956929,196.0861094169196,9.898284602140746
2025-01-16,202.93371401555763,213.25403859335376,202.12178171045537,211.6693115234375,4856747,199.98924424913196,199.4441022005948,197.0236431884765,,201.54890999211648,199.73812052706845,62.64013637346795,1.6334997973064276,0.7951868591253168,0.8383129381811107,209.9751707152909,187.99696673588096,15.614629175121973,0,201.62778093640517,197.1132510259955,10.197344322233212
2025-01-17,212.6670969421138,212.7160114046443,202.98263042500585,204.61627197265625,2516317,201.50006442599823,199.4338753440163,197.2590051269531,,202.16238238822444,200.18158884030368,54.8763100587033,1.8155642687331977,0.999262341046893,0.8163019276863046,210.17680349358855,187.9362000464505,16.597888676531827,0,202.24895646009327,197.1132510259955,9.432229302741264
2025-01-20,205.42820410862296,220.09187033738053,205.06626395408588,217.19630432128903,15594383,203.30870225694443,200.0697250366211,197.7336419677734,,205.16916677483735,201.72838115675688,63.55333803138588,2.9410525260811937,1.3876203780537533,1.5534321480274405,213.6138670730593,186.0985429000852,18.338260497695916,0,207.174342469862,200.5321668980089,8.717423341704711
2025-01-21,218.1451781000487,224.01455508928768,212.481235873136,214.173568725586,4697410,205.11842685275604,200.56817765669385,198.1693453979492,,206.9700471649871,202.85976184483224,60.54089849368452,3.5481991471259,1.8197361318681824,1.728463015257717,215.6652015083557,185.32086263959357,20.31643523698688,0,209.13568484581555,202.4935092739625,9.181383572761812
2025-01-22,215.2104970639173,225.87319299326305,211.93342216071383,213.7529296875,31223172,206.77706909179685,201.1386635520241,198.71030639648436,,208.3266236694897,203.8500498305293,60.113877903421645,3.949893252916155,2.245767556077777,1.704125696838378,217.20025352812883,184.7425199093712,22.31512921024721,0,210.06500379780323,203.42282822595016,9.513981237130729
2025-01-23,213.25403429891205,224.69931664064416,209.9867513007526,223.2515411376953,8412507,209.39872402615015,202.13023237748573,199.4306747436523,,211.3116071631308,205.6138217675444,65.95376300946596,4.977321818973479,2.7920784086569173,2.185243410316562,221.05706089760795,182.9595589754389,23.692184890480156,0,210.06500379780323,203.42282822595016,10.265121745847027
2025-01-24,222.8406841828256,223.81891368764343,216.3843634803887,218.4190826416016,3270137,211.4106157090929,202.7771980979225,200.0833493041992,,212.733102258825,206.77793639245868,61.05593982677848,5.340070338914387,3.301676794708412,2.0383935442059755,223.3217227182964,182.73352630514117,24.970879450696454,0,210.06500379780323,203.42282822595016,10.185465922873783
2025-01-27,218.41908583275085,224.4058457131927,213.5670757768601,219.37774658203125,6707852,213.85401577419705,203.5437739979137,200.8283688354492,,214.06203112346623,207.92337368241985,61.66414708113115,5.639894133672527,3.769320262501235,1.8705738711712925,224.22918934063276,185.37996745868367,25.44493401064556,0,211.7377784494097,203.42282822595016,10.140047803164835
2025-01-28,218.12560752053227,219.12340577987004,196.6241275078298,198.4827575683593,7077048,213.4377237955729,203.5642270174893,201.01481933593743,,210.94617641244488,207.06513585386887,45.122912222353605,4.14368978792038,3.844194167585064,0.2994956203353158,224.1329027679471,185.75309118957244,24.317305579104524,0,211.24866025054644,203.42282822595016,11.070063745731622
2025-01-29,197.99365612033853,204.8412630108368,194.86332452714475,201.7696228027344,2765858,212.33775838216147,204.3792703801935,201.30887512207028,,209.1108656905028,206.583725576493,47.508254195613056,3.186428455524293,3.71264102517291,-0.5262125696486168,223.98930445941303,186.53547428814556,23.48899679463472,0,210.3682587602039,203.42282822595016,11.522843994485626
2025-01-30,202.1022189313005,210.319340689943,200.12619117885933,207.00314331054688,1591574,212.60296630859372,204.8923957131125,201.6557550048828,,208.68932121451164,206.621854461407,51.14930748108532,2.8176136235804847,3.533635544854425,-0.7160219212739403,224.0921582130836,187.42943602519767,21.89857547349182,0,210.3682587602039,203.42282822595016,11.811422032321872
2025-01-31,206.21078085654565,207.43356772722416,200.63487571157108,201.74026489257807,1615470,210.8856285942925,205.18141798539597,201.9488323974609,,207.29950995012496,206.17807359151345,47.57548227698827,2.0767158202129963,3.2422515999261394,-1.1655357797131431,223.9857967587314,187.9828464297452,20.42175567528771,0,210.3682587602039,203.42282822595016,11.694733358112623
2025-02-01,200.2044506749155,204.6945204442116,198.09147139762413,199.5783843994141,736712,209.2639414469401,205.2970268943093,202.131369934082,,205.7552848399828,205.57810184677717,46.14905577868526,1.3001163529323492,2.853824550527382,-1.5537081975950326,223.28744723570776,189.53714535462427,19.417769202462623,0,210.3682587602039,203.42282822595016,11.28527439646988
2025-02-03,198.7762407296108,204.645618004658,196.43827271211427,199.16754150390625,1399099,207.64334275987412,205.38328899036756,202.37338409423825,,204.43773617276756,204.99532363378887,45.867605908418376,0.6440795438493581,2.411875549191777,-1.767796005342419,223.33751430385152,189.3119760525938,18.72067686344564,0,209.78132058389448,204.13204142592429,11.381000370228737
2025-02-04,200.8305167727605,203.96084814749847,197.26976203525896,198.0425567626953,865398,204.84234449598523,205.70254655317828,202.46122863769529,,203.1587002907531,204.3632539182349,45.05728180873153,0.0330082805242284,1.9361020954582675,-1.903093814934039,223.32913245319293,189.33600884319375,18.073376834358434,0,209.6345851201687,207.93735813635985,11.063773886610246
2025-02-05,200.09684588101257,212.0801571764036,198.9816648554849,209.6737060546875,2346092,203.87063598632807,206.10050756281072,202.78247894287105,,204.46170144354,204.84602229427605,54.08830037238155,0.4817135501517953,1.645224386396973,-1.1635108362451778,223.5521940150984,190.1978029331438,17.39956580844515,0,209.6345851201687,207.93735813635985,11.371218131900948
2025-02-06,219.1234130859375,226.655777425447,208.37266525783343,223.0363311767578,25182216,204.2771453857422,207.24370228160512,203.40795898437497,,208.1766273901836,206.49968673813805,61.8472996742022,1.8937380469180312,1.6949271185011847,0.1988109284168464,225.8314154768273,190.2565499162391,18.36559788322636,0,210.75955097629588,208.3286503524518,11.571754832107327
2025-02-07,220.10163748922488,227.73183057417089,219.61252273924885,226.75360107421875,10665612,207.41835021972656,208.51317735151807,204.0764810180664,,211.89202212699064,208.34095167778173,63.685848778162025,3.2749783362397977,2.0109373620489075,1.2640409741908902,228.60513756710935,190.1269821838672,19.3564888663348,0,211.29757755065785,208.8666769268137,11.327896876305209
2025-02-10,227.92748524934365,239.47059692969447,224.40585289716927,236.6924285888672,34316102,211.29866197374133,210.1966219815341,204.8678689575195,,216.852103419366,210.9183586696986,68.11062849209685,5.112665904982492,2.6312830706356247,2.481382834346868,233.2602321636085,189.4024158466454,21.160734372162285,0,217.9544348209044,215.35723562826365,11.408252104874922
2025-02-11,236.7315503223303,237.09349047812984,223.45696820767043,226.4503631591797,9036327,213.45946417914496,211.38472678444603,205.38378753662107,,218.7717553673287,212.33035907783324,59.99753895927258,5.677154753281798,3.2404574071648597,2.4366973461169383,235.0231159132593,190.0616298753149,22.674419427503388,0,217.9544348209044,216.8637057660189,11.331391885629769
2025-02-12,222.5472135421091,225.58950791550689,217.65606599173304,224.05368041992188,5462453,215.93873257107205,212.59684198552912,205.8259469604492,,219.82814037784732,213.39611556347768,58.24903038236293,5.863532809036684,3.765072487539225,2.0984603214974595,236.2160002879132,190.10718239030948,23.13005412636347,0,217.9544348209044,216.8637057660189,11.42851666850062
2025-02-13,223.13415606982588,242.60091724944468,221.66681181226875,239.2260284423828,28447016,220.34402635362412,214.2785075794567,206.5715533447265,,223.70771799075445,215.74428946156,65.1693059725389,7.153064372356795,4.442670864502739,2.7103935078540555,240.31934613989188,189.46481218530343,24.707671922973084,0,219.51959498077943,218.4288659258941,12.149612061418
2025-02-14,241.62268745443936,242.29766820036124,233.5033795870476,239.92056274414065,11046406,224.8721398247613,215.5626553622159,207.30600799560543,,226.9502869414317,217.94213248724915,65.4516055837681,8.137269166866247,5.181590524975441,2.955678641890806,243.8108651673935,188.24571900008695,26.172602734110587,0,219.93533964235183,218.4288659258941,11.152517028497444
2025-02-17,236.53589926249168,250.19197490702672,228.57311162259867,237.62173461914065,14350711,229.2698262532552,217.06290366432884,207.99918151855465,,229.0845764769735,219.731187226512,63.613810652565576,8.632255076617326,5.871723435303818,2.7605316413135084,246.5864646782723,187.8149360785636,27.960293997757056,0,224.5868198812558,222.22439475468508,11.984011657121444
2025-02-18,237.5923856278432,237.9054113058692,220.6396666094051,222.84068298339844,5487500,230.73282368977863,217.31946633078837,208.4182550048828,,227.8357977782585,220.01386865895623,53.258778295174224,7.742576042640991,6.245893956771253,1.4966820858697378,247.0973700257463,188.21280606067947,28.47860519229296,0,229.2823200824301,222.52764971708572,12.489197027505758
2025-02-19,221.77441610312368,245.76059265167504,220.6494432242428,242.6596069335937,13274935,232.9131876627604,218.61428624933416,209.08540710449216,,230.80055960932555,222.07257213846876,62.15437608348654,8.538296361989723,6.704374437814948,1.833921924174775,250.0566186347066,187.194364031309,29.428654941195752,0,233.9240204493799,222.52764971708572,13.7972296997757
2025-02-20,239.66623403052407,245.32039950046328,237.2695746755384,244.0291442871093,7096771,234.83269246419272,219.9904778220437,209.8632952880859,,233.4462765448823,224.06862415198148,62.68289617742784,9.173672282990792,7.198234006850117,1.975438276140676,253.3255257118935,186.4864631186729,30.31084399374835,0,233.9240204493799,222.52764971708572,13.90064225537123
2025-02-21,243.5791494112192,258.14500122964085,242.60091989551148,246.0345001220703,11923672,235.8707004123264,221.026066866788,210.6619216918945,,235.96392126031992,226.06552196744408,63.48697005820639,9.726902062256444,7.703967617931382,2.0229344443250605,256.63731475865427,185.84034942591603,31.799310600515994,0,237.90053361068692,226.5041628783928,14.424694829770203
2025-02-24,243.3541653868924,251.28760750581336,240.98685170547083,244.80194091796875,6585491,237.9097646077474,222.225287697532,211.36272552490232,,237.7315251918497,227.7688327811281,62.59423338573913,9.951172499105953,8.153408594166295,1.7977639049396554,258.74482443041654,188.3647580891147,32.95097726036651,0,237.90053361068692,226.5041628783928,14.682528378920422
2025-02-25,243.4813223202508,249.0474506947465,238.8347320856918,243.44219970703125,4002531,240.06404452853727,223.31912647594103,212.13474426269528,,238.873660094886,229.1936843198466,61.56571780146842,9.905009895775322,8.503728854488102,1.40128104128722,260.3286062824318,190.94823392752917,33.7061288903092,0,239.39233391952297,226.5041628783928,14.40932253573088
2025-02-27,243.92153822647825,248.4702995507644,237.8076036902881,245.56495666503903,4038717,240.76836988661023,225.45922643488103,212.9818911743164,,240.21191940891663,230.6819818057732,62.598929421088265,9.925301745704644,8.788043432731412,1.1372583129732323,262.1821004351968,192.9509211102134,34.252986000375614,0,239.39233391952297,226.5041628783928,13.865007085221077
2025-02-28,244.04868985544928,244.93888227690496,217.26477647388788,219.4364471435547,9842512,238.4923570421007,226.2622639049183,213.30646789550775,,236.05682495584423,229.65966047284425,46.15269099487693,7.74376552104988,8.579187850395105,-0.8354223293452243,261.13829038302345,195.76434938748437,32.28811297923152,0,237.7048888517644,226.5041628783928,15.306497967808868
2025-03-03,222.654820566089,229.8839360868191,217.714758528691,227.1644592285156,6216719,237.33043755425348,227.1786873557351,213.8257122802734,,234.27835181037852,229.43282399608705,50.31083224855265,6.562816274652846,8.175913535246654,-1.6130972605938076,259.58413990572285,200.0771073476951,30.463588031026287,0,237.7048888517644,226.5041628783928,15.099671791066218
2025-03-04,224.9927969086096,228.4166003398276,220.6298865399828,223.5645751953125,3040169,237.41087002224396,228.17070146040484,214.26826324462888,,232.13559648736532,228.89934683238027,48.43455942178508,5.275610973264065,7.595853022850136,-2.3202420495860707,257.3055749346777,204.7953756878809,28.76938629340714,0,237.7048888517644,226.5041628783928,14.68182832887946
2025-03-05,224.74823270434305,246.74862003013016,224.0243374844078,241.6129150390625,21229458,237.2945709228516,230.0813619440252,215.0168048095703,,234.0310601977048,230.05512576026047,57.0773575754924,5.646749474261242,7.206032313132358,-1.5592828388711162,254.7571503427488,211.70083610744652,28.62444421892757,0,237.7048888517644,226.5041628783928,15.70966744797739
2025-03-06,241.622689371981,247.27685475505987,237.50433656032644,241.93572998046875,5686370,237.0619693332248,232.0253705111417,215.8052578735351,,235.6119941542576,231.13518068937032,57.215486074079,5.898928700006422,6.94461159050717,-1.045682890500748,253.59453234877864,216.0896564939948,28.52444244153276,0,237.7048888517644,227.2916369708776,14.912411216374354
2025-03-07,243.81393454122056,251.3951985066512,243.00200223643083,245.64321899414065,6068734,237.01849365234372,234.18903697620735,216.75746643066404,,237.61823912223423,232.45409326253125,58.85322100889611,6.325034867136651,6.820696245833067,-0.4956613786964157,254.4519628233097,217.492914801202,28.704896693610205,0,234.3299874902696,227.2916369708776,14.959924067293557
2025-03-10,246.5138438913745,249.3507035845645,237.2206632684854,239.5390625,2620220,236.43372938368051,235.54655317826703,217.8714743041992,,238.0024037977874,233.0981813750284,55.1126429754778,6.099857302054971,6.676528457077447,-0.5766711550224759,254.62720971795653,218.59621404913327,28.18319404489824,0,234.3299874902696,227.2916369708776,14.282150998125774
2025-03-11,237.12283265095644,237.14240142104924,229.39482531668395,231.78170776367188,2903635,235.1381191677517,235.9440702958541,218.5928207397461,,236.7582645909643,232.97850195581412,50.70233312021716,5.235101768656477,6.388243119393254,-1.1531413507367765,254.51043946362572,218.22191222094452,26.85818092810357,0,234.3299874902696,227.2916369708776,13.773471890043773
2025-03-12,234.18814164108005,236.3402585311712,223.672174277563,229.3263397216797,3714005,233.33382839626736,236.0610129616477,219.2717120361328,,235.2718796171074,232.64648720725648,49.35602136326691,4.302057654881565,5.971006026490917,-1.6689483716093516,254.36665748602195,218.65329185479837,25.072421331338195,0,234.3299874902696,227.7073816324499,12.884681520484913
2025-03-13,230.4513136896636,231.4882345997031,218.7516819827053,219.7103576660156,3448246,233.36426289876303,235.28910064697263,219.72521942138675,,232.15957522688905,231.47047543078003,44.38530861353825,2.754927001131648,5.327790221419063,-2.572863220287415,254.87811664086053,217.7075004245692,23.59720771335492,0,234.5549785176711,228.56333304256287,13.219376362775836
2025-03-17,221.5689796503932,223.23196679931507,218.291904885808,220.6787872314453,3777112,232.64363267686636,235.0267562866211,220.19339965820316,,229.86341762780032,230.48941286720412,44.98621815892557,1.588646061092561,4.5799613893537625,-2.991315328261201,255.14693086293917,215.5839620813968,22.26944279442488,0,234.8435516962296,233.25883324373717,12.461946404159956
2025-03-18,220.6787872314453,220.6787872314453,220.6787872314453,220.6787872314453,0,232.32298956977,234.87335205078125,220.7865975952149,,228.0264915485293,229.5975378094079,44.98621815892557,0.6567889592261338,3.795326903328237,-3.138537944102103,255.10243177444607,213.7042836186203,21.03651822684698,0,234.8435516962296,237.7048888517644,11.726178132706918
2025-03-19,223.52544100917493,224.4058415895567,218.3310447464077,221.7450561523437,3251893,230.1154496934679,234.07876240123403,221.20312744140625,,226.7702044692922,228.88367584058383,45.73491863210822,0.0042752012061555,3.037116562903821,-3.032841361697665,254.9952869839427,212.22376056244403,19.586948852864367,0,234.8435516962296,237.7048888517644,11.43061229228508
2025-03-20,224.2102079723896,229.78611337476167,219.1723318032724,222.4983062744141,3962208,227.9557359483507,233.2868416526101,221.6953726196289,,225.91582483031655,228.3031876982048,46.291003133523446,-0.4469139180028492,2.340310466722487,-2.787224384725336,255.01498026458995,212.16982961089832,18.79720077463837,0,234.8435516962296,237.7048888517644,11.427118414500294
2025-03-21,224.8656198775157,251.8941068795928,224.07325633733467,244.73345947265625,39693276,227.85465155707465,233.61010187322444,222.6135388183594,201.1407437133789,229.6793517587845,229.79684876860944,59.48833238989594,0.9784277841063442,2.0679339301992585,-1.0895061460929143,255.32257201111287,212.0696231182816,19.747710365103217,0,235.0930058827004,237.7048888517644,11.505377015502262
2025-03-24,245.9268977332227,248.22574309807064,236.73154612702697,237.6315155029297,4240725,227.64270189073352,234.28241244229403,223.37303619384767,201.3354158782959,231.2697845076136,230.5090911990022,54.85220953345719,1.5174614758192888,1.9578394393232648,-0.4403779635039759,254.5435447874168,212.20888746355973,20.63032641339201,0,235.0930058827004,237.7048888517644,11.457164116424805
2025-03-25,239.47059319405176,242.9530879509884,233.16101567754816,238.65866088867188,3636699,228.4068077935113,234.10055125843397,224.1399682617188,201.5530493927002,232.74755978382524,231.2499611707904,55.393660444412575,2.004425835131457,1.9671567184849037,0.0372691166465535,253.49216550158943,212.5226828260473,21.015366669933087,0,235.0930058827004,237.7048888517644,11.600404007395904
2025-03-26,237.1913111669509,239.47058772300707,231.06759979028948,233.01426696777344,3604046,228.8165774875217,233.59987501664597,224.85251068115235,201.725586013794,232.8009012206149,231.4103526068797,51.72274617139361,1.9128431162857569,1.9562939980450744,-0.0434508817593175,252.1379686179889,212.69811231462825,21.1185686089424,0,235.0930058827004,237.7048888517644,10.544614228674472
2025-03-27,234.13923874572595,249.9376393316678,231.8893078916673,238.2771453857422,6096655,230.87955390082465,233.2472679831765,225.5734658813477,201.88217826843265,233.8961500536404,232.0346064958672,54.7348429042784,2.239122248922257,2.0128596482205108,0.2262626007017463,251.4013112381559,212.9182642623324,21.94576874360661,0,235.0930058827004,237.7048888517644,11.13574374619355
2025-03-28,237.2206578569952,239.5488488838144,232.9262308747098,237.66085815429688,2452078,232.7664506700304,232.9226733121005,226.09329681396488,202.0459091949463,234.6490916737717,232.5460839193608,54.30754472559619,2.420074471141305,2.0943026128046696,0.3257718583366356,250.1525740858141,213.3765915635999,22.71388315436624,0,235.11257581300023,237.7048888517644,10.933111566402273
2025-04-01,236.682626048626,237.50433525148125,222.53743574733943,224.7091064453125,4678369,233.2142639160156,232.07116907293147,226.495153503418,202.11559959411625,232.6610946280799,231.83363142172004,46.15304138799897,1.5010787884464776,1.9756578479330316,-0.4745790594865537,249.81329722695097,214.2431343526389,22.17647604114521,0,235.11257581300023,237.7048888517644,11.146924572893582
2025-04-02,227.14489332814057,229.4926531503884,223.1243693725568,225.4525604248047,2656857,233.62620883517795,231.1569692438299,226.66027862548827,202.18729598999025,231.2193877874249,231.2535340583641,46.64825914053431,0.8232684851157615,1.7451799753695774,-0.921911490253816,249.84237041513663,214.04287128408208,21.67745515029712,0,235.5332193414326,237.7048888517644,10.87721361535898
2025-04-03,223.9656454293366,225.53081863065253,217.21586771768213,223.2906646728516,3763823,233.71424865722656,231.33216094970703,226.8426205444336,202.274469833374,229.63364316451023,230.5296368414993,45.34237504589217,0.1103796292436811,1.418219906144398,-1.307840276900717,249.85606358259776,214.0017870643749,20.55532380875777,0,234.55498729863743,234.55498729863743,10.566275519599134
2025-04-04,223.2906643683364,224.26889388617528,207.4824867042738,209.72262573242188,3169289,229.82415601942276,230.53935033624825,226.76201446533204,202.29323318481443,225.65143967809257,228.6380903770377,38.12825817738222,-1.5317600978612518,0.8282239053432681,-2.35998400320452,250.20269511316368,210.4661266031449,19.602222510751417,0,228.7100630179708,229.6882967919333,10.855550845663682
2025-04-07,173.09771746019015,202.2978757636833,173.0879405381767,198.991455078125,7581410,225.53081597222223,229.42239033092156,226.2768127441406,202.2668019104004,220.3194427580991,225.9429417135002,33.577885601747255,-3.656928653082673,-0.0688066063419201,-3.588122046740753,251.72053807828524,204.65385614778896,20.846367711445065,0,211.51278993492224,212.4910237088848,13.119452508573548
2025-04-08,202.49351399120368,204.96843352363496,194.17856293359387,196.85891723632807,4725046,220.8864000108507,227.3881177035245,225.84560943603515,202.22267265319823,215.6273376537449,223.29893948830275,32.74163830557619,-5.450389330130747,-1.1451231510996855,-4.305266179031062,251.65627846473035,199.83968558556265,21.745617499501304,0,211.51278993492224,212.4910237088848,13.89015755071934
2025-04-09,198.14039676075936,209.52698803506604,195.20570813411743,200.26315307617188,12404667,217.2473873562283,225.4939096624201,225.463317565918,202.19475646972657,212.55450073823027,221.20477708719997,35.50303156186479,-6.52184666731614,-2.220467854342977,-4.301378812973164,251.2012074629781,196.367165644932,22.143327549628616,0,211.51278993492224,212.4910237088848,14.479192054847884
2025-04-11,209.350896052082,212.9899110927752,204.55757733235288,210.7888946533203,10032476,214.19313727484808,223.9096221923828,225.7094403076172,202.21828063964844,212.20137952124827,220.25787868412,43.259953325440726,-6.44732420833202,-3.0658391251407853,-3.381485083191235,250.467954498388,195.00113729848692,22.183636858001496,0,206.3183947109956,212.4910237088848,14.630118943784604
2025-04-15,216.6582732099712,221.480952578854,211.61062015410712,219.78860473632807,3463507,212.20733133951825,223.0118741122159,226.06981994628907,202.2858051300049,213.71882456426425,220.2152174161389,48.91696764816623,-5.597538295573628,-3.5721789592273545,-2.0253593363462734,249.84141744737687,194.67390085096292,21.45677057757231,0,205.29613789482897,212.4910237088848,13.294137323809958
2025-04-16,220.49293438061807,224.2004327303352,217.1669598845571,221.4418182373047,3486775,211.84429931640625,222.5418791337447,226.3585934448242,202.3759038543701,215.26342329887237,220.32672658169943,49.90501319144974,-4.736081722302401,-3.804959511842364,-0.9311222104600376,249.9051871400602,194.78327721540853,20.54822087457416,0,201.29029684428252,212.4910237088848,12.975514172005274
2025-04-17,221.56898638025967,222.74285881947125,217.920194448456,218.68321228027344,1684810,211.09214952256943,222.05810061368075,226.69745239257813,202.46342781066892,215.94738109515256,220.1773161906607,48.22871455962455,-4.227238651812598,-3.889415339836411,-0.3378233119761873,249.8452157248323,194.64369113551928,19.704567578933013,0,199.3093795844146,212.4910237088848,12.620556464689203
2025-04-21,218.6832111869919,226.49925546323053,216.86370369100104,224.0928192138672,2209804,211.1812778049045,222.2573034113104,227.1877410888672,202.56559310913087,217.5764687188955,220.5332710109522,51.65791829117535,-3.3488631728024245,-3.781304906429614,0.4324417336271895,250.0173755392286,194.81293451936517,18.574111296326667,0,199.7935980007036,212.4910237088848,12.708596738940056
2025-04-22,224.1123842233332,227.9274732993354,216.28654823022293,218.92776489257807,2183580,212.20407104492188,222.1777114868164,227.58294555664065,202.6013856506348,217.84672795363204,220.38731590928185,48.36394605646602,-3.034540698663108,-3.631952064876313,0.5974113662132057,249.9196317206717,194.62894921194535,17.391083635441905,0,200.50770691875604,212.4910237088848,12.250924855305197
2025-04-23,220.1016411994617,234.77508394609248,220.1016411994617,232.9066619873047,11298116,215.9724273681641,222.7335239757191,228.2802276611328,202.7261817932129,220.85871476036655,221.5254382800112,56.45655440596283,-1.6385692974228618,-3.2332755113856235,1.5947062139627617,250.84668515847557,194.7427313454306,16.623775511533623,0,214.4768234398432,212.4910237088848,12.909832072763038
2025-04-24,232.81862993143872,242.4933194605173,232.1436491622893,239.9401397705078,7860560,220.7592298719618,223.5605732310902,228.8855563354492,202.88015586853027,224.67499976239483,223.19950205187448,59.86488623851781,0.034888795056986,-2.5796426500971017,2.614531445154088,249.89056729573733,195.219517237954,16.5342237878471,0,218.84951379731737,212.4910237088848,12.568849779282363
2025-04-25,239.66622580471088,245.04648801665337,232.3881959879367,240.09664916992188,6284851,225.18517388237848,224.36049790815875,229.2267626953125,203.0332487487793,227.75932964390023,224.73560633533333,59.940028576288,1.3580901723656211,-1.7920960856045574,3.1501862579701783,250.32056633445345,195.0360315659371,16.645776562669543,0,224.80203267450312,212.4910237088848,13.01813608291701
2025-04-28,239.6662311029304,245.50626249985208,238.7369160492794,244.2052154541016,3719628,228.8980984157986,224.33648681640625,229.57579498291017,203.20052597045895,231.0485068059405,226.5055708006759,61.953781826865466,2.7070584744381563,-0.8922651735960148,3.5993236480341717,251.37337112498983,194.53788223194368,16.785678333716465,0,228.5584413269796,212.4910237088848,12.907735764174316
2025-04-29,244.2149896384661,247.48228752517747,239.9597002531485,242.99220275878903,2965698,231.47627597384985,224.5801544189453,229.70179046630855,203.3903024291992,233.43724599651023,228.00435552414072,60.9791585526384,3.6363282570690094,0.0134535125369902,3.62287474453202,252.9458571592025,193.9631897768326,17.077968495038473,0,231.8844178777002,212.4910237088848,12.246034342040568
2025-04-30,242.5520033519433,247.65836257422404,238.29671395110788,240.3607788085937,2793360,233.57838270399304,224.6575234153054,229.9799987792969,203.5761171722412,234.8219525589269,229.12766673181827,58.81750680704536,4.113034828549729,0.8333697757395381,3.279665052810191,253.2843042306956,193.83310604762465,17.13622061692129,0,231.9724554022235,212.4910237088848,10.297960301245638
2025-05-02,239.8618758379268,249.9180741311684,238.2575800187178,245.5258331298828,3109906,236.56089613172745,225.22623096812856,230.4094418334961,203.78017585754395,236.9627286731181,230.61840913164232,61.68831580284271,4.851677816695343,1.6370313839306991,3.214646432764644,254.65509789751647,193.24880987836232,17.39480237065738,0,233.1023111806957,212.4910237088848,10.36014769570346
2025-05-05,247.49206578558244,249.9278626366521,241.15314274649,243.1780700683593,2020754,238.68147956000436,225.44900027188388,230.4884826660156,203.97244682312007,238.2057969521664,231.76019648952567,59.65274527815296,5.187810992622957,2.3471873056691512,2.8406236869538057,256.7625703507833,192.98823378740025,17.635834527969514,0,233.1072054334375,211.51278993492224,9.963964837790138
2025-05-06,243.59871238613235,252.87232379498872,242.6106910457485,244.7041015625,8472053,241.54551696777344,225.76914769952947,230.5841534423828,204.17811950683597,239.50545787423312,232.93691513252327,60.56365187348927,5.513777548878039,2.980505354310929,2.53327219456711,258.9377414081308,192.7382168438222,18.142882577243373,0,236.4869824972252,212.9801321665827,9.787884461549917
2025-05-07,238.68800065444947,248.12790946379167,238.5119265072582,246.68991088867188,2068031,243.07698906792533,226.76827517422765,230.76551696777344,204.393427734375,240.94234847712087,234.18718747399137,61.773101143178415,5.864741520124369,3.557352587473617,2.307388932650752,261.3591024867277,192.65678038680736,17.99191544021497,0,242.507986478639,212.9801321665827,9.711021963764184
2025-05-08,246.63121665903563,250.7006549596956,238.68799789891096,242.1118011474609,1915449,243.3182847764757,227.5255133888938,231.1509393310547,204.5869214630127,241.1762390111889,234.90760689885224,57.40236969794184,5.707673295789164,3.987416729136727,1.720256566652437,262.5992221718585,194.65557824318049,18.12194007013187,0,242.6302598914627,212.9801321665827,10.066677979121796
2025-05-09,235.32288623252992,259.0351597696631,235.31310931110087,253.70382690429688,7216394,244.83019341362848,228.90792985395956,231.37182373046875,204.8472772979736,243.6817565898105,236.61635417207447,64.29176260358182,6.444289439139766,4.478791271137335,1.9654981680024308,264.07473572946697,198.6513018681892,19.02062442230223,0,247.174134540382,216.06155015391988,11.416634128232293
2025-05-12,258.7808485922291,261.9600945692396,253.37124047778235,255.2592163085937,4628903,246.05841573079425,230.9777748801492,231.59642517089844,205.15008827209476,245.9972485335672,238.31115982084893,65.10720952611692,7.072047800920842,4.997442577094036,2.074605223826806,264.3451921678509,204.2208753370318,20.09679349672836,0,248.63660194017024,217.5240175537081,11.34187000817713
2025-05-13,255.4157328040372,275.76289481195334,255.3276957299097,266.58709716796875,17618708,248.68007066514755,234.05030406605115,232.0074771118164,205.4936424255371,250.1152182604475,240.881699579678,70.40753612162861,8.386936753480995,5.675341412371428,2.7115953411095672,266.4691404595596,208.72932145450284,22.032077892706344,0,255.5380020615271,224.42541767506503,11.974923824909071
2025-05-14,267.2523130338485,272.9260322285034,265.2469246342308,271.91845703125,5204037,252.18647935655375,237.4621013294567,232.54980743408203,205.8634620666504,254.475866014608,243.7032229843664,72.52302097057137,9.746836443258786,6.4896404185489,3.257196024709886,270.5015037388429,210.80991441301248,23.829127688971617,0,255.5380020615271,224.42541767506503,11.391480149248943
2025-05-15,271.91844673283475,274.3444665634685,269.991333484488,273.209716796875,2666313,255.262466430664,240.77785422585228,233.1451577758789,206.19933715820312,258.2226361710614,246.38563151277623,73.02598245950132,10.804216336003408,7.352555602039802,3.451660733963605,274.825473240705,211.8280561172052,25.585123693669647,0,255.5380020615271,224.42541767506503,10.963156062159834
2025-05-16,273.2194980890767,275.37161501448264,270.50002116689814,274.060791015625,1767396,258.6938798692491,243.65384951504797,233.7150744628906,206.54132621765137,261.3902671399742,248.90155510394428,73.37195649530798,11.577414863883064,8.197527454408455,3.379887409474609,278.5314926481456,213.38393398759655,27.28102222621825,0,255.5380020615271,224.42541767506503,10.406963334936108
2025-05-19,274.88250455225693,284.3224137735367,271.4587011147733,274.0705871582031,4056114,261.95682271321607,246.1212123524059,234.8077572631836,206.8722124481201,263.92633114362,251.1896489270587,73.37618941893628,12.052042293237918,8.968430422174348,3.083611871063569,280.9533868722036,216.50077725133164,29.372105849673343,0,259.8177615423188,239.2504883535653,10.842275206949733
2025-05-20,293.4786628926547,300.30668618623054,274.17818272651454,276.49658203125,18143264,265.2686750623914,248.62370161576703,235.79439971923827,207.2138591003418,266.440381321146,253.4902792092579,74.45901446077022,12.48008283553122,9.670760904845723,2.8093219306854973,283.661615828613,219.03292457666043,31.98187254975772,0,267.8098977486657,247.756197160174,12.178954618092476
2025-05-21,279.92037642446206,290.53417288605664,275.17595719288886,283.5691833496094,7116531,269.8750508626302,251.5730639371005,236.9944918823242,207.5817712402344,269.8661417268387,256.2247250401989,77.35108841832096,13.237415185111216,10.384091760898825,2.8533234242123946,286.16325490637166,222.9954273446049,34.405227342693216,0,267.8098977486657,252.4321317592917,12.607280837381875
2025-05-22,283.1974315075337,283.1974315075337,268.03487472561045,268.8957214355469,3607616,271.5630391438802,253.6095594926314,237.54014801025392,207.8877124786377,269.67205766858035,257.37663380341235,61.73301883050564,12.509380432405578,10.809149495200174,1.7002309372054043,286.84473798462824,225.91285021117253,35.466266120223665,0,276.8389633320064,255.9586531701688,12.883981873921044
2025-05-23,269.9717918174026,272.4369194436743,265.0610605547784,265.8534240722656,2344501,272.7401733398437,255.742544000799,238.01850189208983,208.2225114440918,268.9083309493174,258.14725110058083,59.069956504324765,11.553735404213114,10.958066677002762,0.5956687272103522,287.3916856123154,227.9572310136612,35.99236966096745,0,277.8171909580701,258.29661720822673,12.784063230973455
2025-05-26,265.85342421229217,267.56532586140366,258.79060592868734,260.9525146484375,2171657,272.1141086154514,257.017355485396,238.32468780517576,208.536669921875,267.31716768914146,258.4022750594769,54.95706683279308,10.282388429179008,10.822931027438011,-0.5405425982590035,287.27857071845364,230.1559324553745,35.57206380418032,0,279.54864605745894,258.29661720822673,12.677855172650322
2025-05-27,262.16550945613506,263.8676192555515,253.3614438400708,255.35704040527344,2510998,270.2739512125651,257.7181236960671,238.64104736328125,208.8828653717041,264.9251422323679,258.1254355454584,50.6232059880105,8.722778028439166,10.402900427638244,-1.680122399199078,287.0683717349121,231.48131393403327,34.4690457087569,0,276.8340650131507,258.29661720822673,12.741440348289412
2025-05-28,256.85374533780873,264.80675651774345,256.78526210314715,261.7937927246094,3633910,269.0055152045356,258.70435749400747,239.2412890625,209.2589457702637,264.2988723308162,258.4589225617448,55.01768873762147,7.914929289476731,9.905306200005942,-1.9903769105292104,286.9409275394633,233.488917126064,33.52517244327699,0,276.8340650131507,258.29661720822673,12.55837313769551
2025-05-29,263.143740702874,264.3665276020509,257.4797834269916,258.90802001953125,1714747,267.3218739827474,259.37266679243606,239.83292266845703,209.6108638763428,263.2207018685592,258.4997496033617,52.75098152160965,6.961596650973178,9.31656429019939,-2.354967639226212,286.20283382113774,236.08173496548332,32.648718696759936,0,276.8340650131507,260.2041636928461,11.355851260302442
2025-05-30,259.23083042092827,259.96450258249695,250.876741715638,253.0386505126953,3363939,264.9849921332465,259.82932350852275,240.49948852539063,209.95432037353515,261.18429159738645,258.0032860496648,48.38466848658012,5.667137367828445,8.5866789057252,-2.9195415378967557,285.80619886569383,237.2296516592085,30.942575145210206,0,275.59171395093426,266.2251676742599,11.391487458545424
2025-06-02,252.97014785589232,264.219786802839,252.38320420106493,263.9263000488281,3789877,263.58829413519965,260.900483564897,241.36443878173827,210.34390022277836,261.7326932876748,258.5417418677705,55.7084093015033,5.45690755208949,7.960724634998059,-2.503817082908569,285.2665519027987,239.84412162015056,29.79316775067744,0,270.70545730084734,266.3474410870836,10.77240917986074
2025-06-03,264.1219672412508,268.9642152486185,260.5025061192591,262.9970092773437,3944192,261.302497016059,261.69462793523616,242.21080322265624,210.68354148864745,261.9855564856086,258.9467661777318,54.99119396241212,5.15587914428852,7.399755536856151,-2.243876392567632,284.57046154076136,242.36950275367224,29.17702347269469,0,267.03708661158583,267.8098977486657,10.828309289509791
2025-06-04,264.3176328929586,269.9913522674452,259.42648520695417,261.3340148925781,2051637,260.4623074001736,262.51989815451884,243.0025823974609,211.0346280670166,261.8552481670025,259.1637887881723,53.65981459879063,4.7286136984313885,6.865527169171199,-2.1369134707398105,283.8148184604948,244.58955623432945,28.450875118739248,0,261.6568305796561,267.8098977486657,11.272004573903406
2025-06-05,262.9480901288037,271.45869912368994,262.361176283526,270.9206848144531,2691822,261.02533637152777,263.7115610296076,243.9710299682617,211.410806350708,263.66833549649266,260.2325975178342,59.714833582169945,5.104722830648029,6.513366301466565,-1.4086434708185358,282.45596037827573,248.8293026832477,27.92392597157694,0,261.167720419664,267.8098977486657,11.647225315583928
2025-06-06,271.84998202527674,278.79541770002186,268.0348928063368,276.5455017089844,3256548,262.75789048936633,265.0686333396218,244.60727081298828,211.8020004272461,266.24376873899104,261.7155888079388,62.78721555104992,5.789925090146255,6.368678059202503,-0.5787529690562483,283.2836373714161,250.2857931705761,28.114497143217545,0,264.8360797078299,267.8098977486657,11.49699761807833
2025-06-09,278.7954111174336,284.5669592716817,277.18133839212965,279.5290832519531,1947664,265.4436730278863,266.769418889826,245.44522216796875,212.203270111084,268.90083164158347,263.3349973937583,64.34073480859738,6.498788919788865,6.394700231319776,0.1040886884690888,284.497963076235,251.4984541600932,28.751021798872465,0,267.7218504936599,267.8098977486657,10.19595179912618
2025-06-10,281.1920843829367,288.57770523669944,279.7736396532069,286.3277893066406,3434742,268.169672648112,268.2523262717507,246.3986047363281,212.61388198852535,272.38622317459493,265.4252512040203,67.65442834723513,7.52245321324699,6.620250827705219,0.9022023855417708,287.38230567924654,250.5881807709487,29.633883041355247,0,269.7272234761687,267.8098977486657,9.745266534238937
2025-06-11,287.3060110485058,296.89264803896384,276.5943862702373,280.7518615722656,3692225,270.5967661539714,269.4110828746449,247.353356628418,213.00786392211916,274.0593508541291,266.8185794193153,62.52281386720392,7.793940083006248,6.854988678765426,0.9389514042408224,288.5310307834016,250.32279612089525,30.98583551931616,0,273.88469487730094,267.8098977486657,10.08554890171948
2025-06-12,280.5073293432556,297.38178943452385,279.9203856303112,292.7351989746094,10601489,275.0074937608507,270.59963295676494,248.4425177001953,213.44748039245604,277.79452047822514,269.17463574252383,68.11947039660029,8.873759388183998,7.25874282064914,1.615016567534858,292.13601027797364,248.6703648440967,32.27043364799358,0,274.8824968177944,267.8098977486657,10.805944967099247
2025-06-13,289.75160607268714,293.0286511987057,284.46914259421607,288.92010498046875,2917908,277.78458319769965,271.3724351362749,249.46770263671877,213.8696354675293,280.0196373786739,270.96967840051883,64.80159906339536,9.314308218768645,7.669855900273042,1.6444523184956026,294.37026608026684,247.9220404382879,33.463274767479746,0,278.404137320739,267.8098977486657,10.790572729368767
2025-06-16,287.1103762231692,291.85479556580987,278.35520970881583,290.5341796875,2303376,280.8442687988281,272.1599107222124,250.7842041015625,214.3319467926025,282.1225458404392,272.74826942660803,65.56575486937311,9.682079692650689,8.072300658748572,1.6097790339021163,296.7451614660061,247.19350430547817,33.47121223697557,0,278.404137320739,275.59171395093426,11.004387760905432
2025-06-17,289.8493947376911,290.729825187953,283.24634547990155,288.968994140625,1899658,283.9148220486111,272.83755631880325,252.0545327758789,214.78388877868653,283.4918355004763,274.222880764246,64.11221599365726,9.735024539472477,8.404845434893353,1.3301791045791234,298.45274725233526,246.73315973008667,33.478582744364545,0,279.8714828590249,275.59171395093426,10.863942303446963
2025-06-18,288.4798811086645,303.2022533798344,287.9418668109004,289.99615478515625,7555799,286.0343187120226,273.56144575639206,253.388642578125,215.2318201446533,284.79269935741235,275.65681476614685,64.66582326860504,9.747503835099169,8.673377114934516,1.0741267201646512,299.4979968233364,246.33060730264012,34.41763016400445,0,285.6185730930856,277.03949754773623,11.462059617295155
2025-06-19,290.04506765571153,296.2079020086349,287.6973226571311,292.7351989746094,3573321,287.83317396375867,274.29956470836294,255.04889404296875,215.70870712280276,286.3811992808518,277.2093951487344,66.16471523916744,9.864697647810374,8.911641221509688,0.9530564263006857,302.0351097800846,246.17744209979816,35.24633376015005,0,289.89831982503586,277.03949754773623,11.42083236619836
2025-06-20,293.3710141137154,295.229644148946,283.6865482642972,286.81689453125,2892384,288.64293077256946,274.44718794389206,256.80540283203123,216.155513381958,286.46833833093143,278.08280418350853,60.220398683826005,9.371982501059051,9.00370947741956,0.3682730236394906,303.3513913081697,246.9575076176115,35.306517191219655,0,289.89831982503586,277.03949754773623,11.399869029260843
2025-06-23,285.59411328976097,285.6919123568019,279.431249553232,283.3930969238281,2329066,288.3168538411458,275.1061595569957,258.53608642578126,216.5994339752197,285.85329004951075,278.5655580689921,57.02840396470312,8.606025440179678,8.924172669971584,-0.3181472297919061,303.87347359859183,248.6794835547285,34.661519746328295,0,289.89831982503586,277.03949754773623,11.323007304165031
2025-06-24,287.5994937792148,295.86554559271946,287.55059424195986,292.8819274902344,2398992,289.66463894314234,276.3347278941761,260.3884619140625,217.07998931884765,287.2590175376555,279.867046198196,62.897964261066086,8.664786016694848,8.872295339316238,-0.2075093226213908,304.8490042422992,251.4564416195172,34.887119363921165,0,290.7787315443251,277.03949754773623,11.45926313333648
2025-06-25,294.3492713210422,302.0772789449666,292.6862989657759,300.267578125,3094983,290.5015699598524,278.1217762340199,262.17803558349607,217.60970077514648,289.86072965512443,281.7216400097236,66.70954061375966,9.20124821683254,8.9380859148195,0.2631623020130398,307.34785450324034,252.80496989861516,35.51118964139842,0,290.7787315443251,277.03949754773623,11.406855686770689
2025-06-26,300.9523077377359,306.0880127498242,289.5559397291696,290.43634033203125,2834016,290.67004055447046,279.71628986705434,263.59099029541017,218.08864196777344,289.9758517905058,282.5138854935698,58.14638686442273,8.732437544374989,8.896956240730598,-0.1645186963556089,307.37298402020457,255.93267241290087,36.33612046461057,0,292.22161122932005,278.4823772327311,11.81910912441137
2025-06-27,292.05042366269635,322.5222983878727,290.2407228563665,315.038818359375,7389597,293.39277818467883,282.1365183049982,265.4629302978516,218.6928453826904,294.98844510427966,285.47069757227933,68.90381104207634,10.228211617486975,9.163207316081872,1.0650043014051036,310.89376076875726,258.61191244901613,37.90360772895893,0,300.9767739705524,286.69952005175537,13.551974693612
2025-06-30,315.47900778055185,327.511218461602,313.7671061879442,318.2669677734375,7463289,296.64810858832465,284.83465229381216,267.45460540771484,219.3349063110352,299.64414963811123,288.4521766814755,69.99361522492441,11.541069757742209,9.63877980441394,1.9022899533282656,315.7083638973551,259.2313760928792,39.55223480424343,0,303.471234007417,289.19398008862004,13.88736685710568
2025-07-01,319.4897604138298,324.0385216145344,316.11485670026445,322.52227783203125,3016063,300.26212226019965,287.9929989901456,269.42319458007813,219.99540687561037,304.21977527689523,291.5494586042533,71.41571760482046,12.777595088738906,10.266542861278936,2.5110522274599703,320.3241205969901,260.56814624871305,41.083102802721896,0,303.471234007417,289.19398008862004,13.00346708178735
2025-07-02,321.8375129699707,322.0331708157901,304.0337237154599,305.2076110839844,4247051,301.647945827908,289.8694222190163,271.14879150390624,220.5824423980713,304.4173424383131,292.79110882968337,59.13486756303695,12.21954214493212,10.657142718009572,1.562399426922548,319.8405803027844,265.4390461620594,40.73412902414483,0,303.471234007417,289.19398008862004,13.076834961241545
2025-07-03,306.87060357779103,313.5714517153502,303.83808618199043,305.54998779296875,4308472,303.7294006347656,291.8036485151811,272.6016580200196,221.17128761291505,304.6438715092442,293.95100691725474,59.283966602306485,11.670379238165708,10.8597900220408,0.8105892161249066,320.12080408156925,268.6217526811261,40.38402974587905,0,303.471234007417,289.19398008862004,13.160681884732266
2025-07-04,308.0,313.3999938964844,306.45001220703125,312.0,1795602,306.90794542100696,294.1066478382457,274.0428552246093,221.79732299804687,306.11509720739537,295.5918244702316,62.09014372130375,11.62165851304735,11.012163720242112,0.6094947928052381,321.6064350231846,270.68157156861224,40.05893755891797,0,307.5309063517809,289.19398008862004,12.757140473769525
2025-07-07,311.5,315.20001220703125,308.8500061035156,310.20001220703125,1501973,308.8321770562066,295.8920718106356,275.4449224853516,222.4217929840088,306.93208020732254,296.91984153721336,60.83016753648512,11.30745768209897,11.071222512613485,0.2362351694854858,322.61567871690664,272.739420770398,39.88440091272756,0,308.5335790953858,289.9472113313335,12.676178073445536
2025-07-08,312.1499938964844,312.1499938964844,306.04998779296875,307.75,1317003,309.6635572645399,297.31045809659093,276.7158181762695,223.0161112976074,307.09566416585807,297.9044013974667,59.07300432648489,10.736986454076032,11.004375300905997,-0.267388846829963,323.47352715955924,274.02379339708136,39.28519884033607,0,308.5335790953858,293.4688518342781,12.021865183058509
2025-07-09,309.0,309.3999938964844,300.0,300.95001220703125,1816252,310.83174302842883,298.2841366854581,277.8749743652344,223.58777709960935,305.8665337740927,298.1812751074271,54.377951327096376,9.625228073091025,10.728545855343,-1.1033177822519775,322.99342534915843,276.5237102709588,37.848009329732434,0,308.8759706589843,293.4688518342781,12.085394793414263
2025-07-10,303.54998779296875,303.54998779296875,296.45001220703125,297.54998779296875,1522947,308.88853963216144,298.7942366166548,279.01875854492187,224.13989944458007,304.203224577868,298.12388535156725,52.146264601308246,8.37327607691725,10.25749189965785,-1.8842158227406005,323.02661085901923,276.97200364293394,36.037305682204334,0,311.98061533431667,294.93619737256404,11.768029057792026
2025-07-11,297.95001220703125,301.1000061035156,294.79998779296875,299.79998779296875,1689109,306.8366529676649,299.6600605357777,280.1042416381836,224.71232040405275,303.3225772208881,298.2762583007855,53.50611578694297,7.476467235733594,9.701286966873,-2.224819731139405,322.9749134472204,278.1116893359828,34.137053499955854,0,309.4192547037516,297.7730556339694,11.690484295829805
2025-07-14,300.0,309.79998779296875,297.0,307.95001220703125,2381790,305.2175123426649,300.35164295543325,281.39968048095704,225.3220188140869,304.2480642181167,299.1556904740806,58.14567726761829,7.338781718141831,9.228785917126766,-1.8900041989849343,323.5600351618077,279.26815087334853,33.2390765494269,0,308.4165793043794,302.05280236591966,11.71387994754962
2025-07-15,309.0,313.8999938964844,304.75,309.6000061035156,1538234,305.70555623372394,301.29163846102625,282.69759857177735,225.9521460723877,305.3184525951965,300.10517371312017,59.03689151636953,7.278899054014403,8.838808544504293,-1.5599094904898898,324.06653912849083,280.82474810295446,32.76187090893827,0,305.0,302.05280236591966,11.69666665592774
2025-07-16,311.45001220703125,311.6000061035156,305.6000061035156,307.0,1077335,305.8666687011719,302.0400848388672,283.9038003540039,226.5758763885498,305.6547620761572,300.73197610283654,56.97803544774455,6.9416241259530125,8.459371660794037,-1.5177475348410248,324.1802076990038,282.41146405392584,32.31875138562741,0,305.0,302.05280236591966,10.944375725880985
2025-07-17,308.04998779296875,310.20001220703125,305.3999938964844,308.54998779296875,770253,305.4833340115017,302.9301300048828,285.23256408691407,227.20990005493164,306.2338072195196,301.4427044383031,57.92017454759408,6.721916309663641,8.111880590567958,-1.3899642809043176,324.47914036512407,283.6940102696416,31.874843280014453,0,305.0,302.93321408520893,8.981407352955317
2025-07-18,308.54998779296875,312.95001220703125,305.5,310.75,1231310,305.54444376627606,303.8734866055575,286.3734875488281,227.84934783935543,307.13704577561566,302.2888222166392,59.28312699338882,6.648677070571466,7.819239886568661,-1.1705628159971946,324.16144998724195,286.4050111943987,31.72895313712563,0,304.34999084472656,302.93321408520893,8.531828776767705
2025-07-21,310.0,310.3500061035156,301.0,303.75,1088361,305.0999993218316,304.37415937943894,287.34330322265623,228.46484962463376,306.4596366204926,302.4216565605811,53.36086927917487,5.957122942273315,7.446816497709592,-1.4896935554362765,322.16425200416666,290.4378994850912,30.8362639259891,0,304.34999084472656,302.93321408520893,8.662281282891282
2025-07-22,305.6000061035156,313.20001220703125,302.04998779296875,311.8999938964844,1465737,306.31666395399304,305.5143002596769,288.24956115722654,229.11572105407717,307.54770807569093,303.2833235911177,58.55244340393866,5.997561552103832,7.15696550858844,-1.159403956484608,321.966681465864,292.5372766640188,30.31168111281222,0,304.34999084472656,303.471234007417,8.138100589854938
2025-07-23,313.5,313.5,307.1499938964844,311.1499938964844,1130803,307.8277757432726,306.7759773947976,289.03419189453126,229.77947242736815,308.2681652398496,303.9984754370601,57.91356592095731,5.90106688399834,6.905785783670421,-1.0047188996720813,322.22540506009955,293.3667946469317,29.857053250526377,0,304.34999084472656,303.471234007417,7.896432059151786
2025-07-24,309.6000061035156,311.1499938964844,302.0,303.5,1173978,308.23888821072046,307.2586170543324,289.63999755859373,230.39323509216308,307.3145321918797,303.95315948823645,51.71522466327988,5.147961099478152,6.554220846831968,-1.4062597473538156,320.5674318587578,296.3311338150703,28.558274068821007,0,305.4499969482422,303.471234007417,7.989288330078125
2025-07-25,304.5,306.29998779296875,292.6000061035156,294.20001220703125,1441082,306.7111104329427,306.9828186035156,290.0427819824219,230.9616227722168,304.69162819491004,303.0665097353996,45.35944437351485,3.757375363455139,5.994851750156602,-2.237476386701463,320.6694153817924,294.14526967680143,26.98410842873084,0,303.25,303.471234007417,8.514286586216517
2025-07-28,292.79998779296875,294.3500061035156,284.1499938964844,286.1000061035156,2174088,304.0999993218316,306.78571250221944,290.28337036132814,231.4881898498535,300.9733037766312,301.52410031431924,40.67105619738535,1.9789116889293157,5.191663737911145,-3.2127520489818293,321.1529083414944,290.44508055010715,26.432042905191267,0,298.8249969482422,303.471234007417,8.807144165039062
2025-07-29,286.04998779296875,297.1000061035156,284.45001220703125,287.8999938964844,1944094,301.977776421441,305.55212957208806,290.5114385986328,232.02375686645507,298.3586418006018,300.2855451854251,42.1031763980023,0.7065655377976441,4.294644097888445,-3.5880785600908007,319.28939257312254,288.8463679249244,25.531223743544786,0,298.8249969482422,305.83060617904323,9.03928702218192
2025-07-30,289.95001220703125,290.5,264.1499938964844,265.45001220703125,5896950,297.1888902452257,303.1513588645241,290.14905517578126,232.4602799987793,291.7769158818877,297.1186785510257,31.79462437538318,-2.089220618946172,3.0178711545215213,-5.107091773467693,325.07453507972286,279.08546553062865,26.331755127097747,0,288.8249969482422,295.83060617904323,10.414289202008929
2025-07-31,259.95001220703125,262.3500061035156,248.0500030517578,250.1999969482422,4980076,290.4611121283637,299.86398246071553,289.7751406860352,232.80984146118163,283.46153209515865,292.8533438598636,26.96491657248409,-5.4723680202990295,1.3198233195574112,-6.792191339856441,331.87941600861143,266.7455855172675,27.91148988253329,0,280.7750015258789,287.78061075667995,11.207145690917969
2025-08-01,251.5,258.8500061035156,245.6499938964844,249.4499969482422,3279248,284.42777845594617,297.32954545454544,289.4470721435547,233.16377227783204,276.65922506577533,288.90758504971615,26.749706866608637,-8.120447972694649,-0.5682309388930007,-7.552217033801648,335.0302817208524,257.3397194998508,29.48464594093524,0,279.5749969482422,286.58060617904323,11.235718863351002
2025-08-04,248.1999969482422,255.8999938964844,239.0,251.8999938964844,3944705,277.76111178927954,294.8909093683416,289.2660217285156,233.538659286499,271.70737883191714,285.54325858124054,28.750192477098597,-9.907172418470225,-2.436019234808445,-7.471153183661779,336.2200000489014,250.319999340747,31.228945401141143,0,276.25,283.25560923080104,11.789290291922432
2025-08-05,255.0,258.6000061035156,251.8500061035156,253.0,2130960,271.3000013563368,292.20909118652344,289.21888092041013,233.9280460357666,267.9659030655337,282.5847805284005,29.678788129911737,-11.10637572905705,-4.170090533658167,-6.936285195398883,336.47173040363083,244.5932689860176,32.48033314969668,0,275.0749969482422,281.5192608072672,11.842861720493865
2025-08-06,254.0,254.0,237.6999969482422,239.1999969482422,3838274,264.15555657280817,288.9818177656694,288.76700500488283,234.27259506225585,262.21272184207544,278.6407092938406,25.235333325334423,-13.020209042288798,-5.940114235384293,-7.080094806904505,338.45647217822176,236.4335256855477,34.22449186020044,0,271.99999237060547,279.86658388201613,12.66428920200893
2025-08-07,239.0,243.8999938964844,234.6499938964844,242.8500061035156,2002520,258.4500003390842,286.0318180431019,288.4458447265625,234.6313834381104,258.3401786943635,275.38700900381104,28.2933070681039,-14.080103824687455,-7.568112153244925,-6.51199167144253,339.1880158843163,230.23198381050796,35.9536674194473,0,265.875,274.9250030517578,12.792859758649556
2025-08-08,242.5500030517578,245.0,236.5,241.1000061035156,2539216,253.4500003390842,283.31136322021484,288.2070718383789,234.98367164611813,254.89214417619397,272.27000874014783,27.708148411721027,-14.889649835687123,-9.032419689733366,-5.857230145953757,339.0814659523239,224.46853557355496,37.40499047368208,0,265.875,274.9250030517578,12.703574044363842
2025-08-11,240.1000061035156,244.0,238.3500061035156,242.6999969482422,989054,248.42777845594617,280.8181818181818,287.7825457763672,235.36836669921877,252.4537147306036,269.58182584997456,29.1508896791882,-15.22659231440457,-10.271254214667607,-4.955338099736963,336.9626469969639,220.0623530030361,38.75264759547153,0,262.5749969482422,274.9250030517578,12.310714721679693
2025-08-12,242.25,242.9499969482422,234.25,235.8000030517578,1605988,245.13333299424917,277.9090916026722,287.2386056518555,235.7264853668213,249.12297239483445,266.51075105013666,26.678190067322436,-15.8674830309038,-11.390499977914846,-4.4769830529889525,334.31791468381107,215.3270850110132,40.17793242524375,0,248.3000030517578,274.0749969482422,12.478571210588733
2025-08-13,237.1999969482422,241.25,235.0,240.1499938964844,1369644,244.01666598849823,274.82727258855647,286.8149252319336,236.11085388183596,247.32837669516445,264.1143185816228,30.67082757757484,-15.841771553015832,-12.280754292935043,-3.561017260080787,330.87509206179413,212.0849070226785,41.50141119574652,0,246.5500030517578,274.0749969482422,12.271428789411276
2025-08-14,240.0,241.3500061035156,234.8999938964844,237.1000061035156,1213950,242.64444478352863,271.5318180431019,286.13851165771484,236.5114225769043,245.28270257683468,261.65847199270394,29.45954041464924,-15.884398093106682,-13.001483052969371,-2.882915040137309,326.50422346466064,209.31077745086668,42.73035576835624,0,246.4250030517578,274.0749969482422,11.75357382638114
2025-08-18,240.0,241.9499969482422,235.3500061035156,239.8500061035156,1932884,241.30555725097656,268.4795455932617,285.4046017456055,236.88612297058103,244.1961632821709,259.675884184596,32.06471190960333,-15.517402953940149,-13.504667033163528,-2.0127359207766204,320.5761692911248,208.1488322347541,43.75732896554143,0,246.4250030517578,274.0749969482422,11.496429443359377
2025-08-19,241.1000061035156,249.1499938964844,238.1999969482422,243.6499938964844,2760769,240.26666768391928,265.5295458706942,284.6870199584961,237.28940994262692,244.0869294050336,258.2189850674949,35.60380843246274,-14.74990171949662,-13.753713970430148,-0.996187749066472,315.07591016596353,207.6390907495637,43.41837130375672,0,244.125,274.0749969482422,11.375001089913509
2025-08-20,243.3999938964844,248.1499938964844,240.8500061035156,246.4499969482422,2737710,241.0722232394748,262.6068184592507,283.8894641113281,237.6277048492432,244.55954291367533,257.1490770566537,38.16019249657207,-13.757130973630012,-13.75439737107012,-0.0027336025598909,306.5572948897212,209.61270633098195,43.10362490352805,0,241.6999969482422,274.0749969482422,10.01428549630302
2025-08-21,246.9499969482422,247.6999969482422,241.8500061035156,242.1999969482422,1425213,241.0,259.8090910478072,283.11842681884764,237.88757225036625,244.0876337205887,255.7900697740708,35.83485156375767,-13.16157405337978,-13.635832707532051,0.4742586541522726,296.5877481376127,212.68725338826616,42.81136038903,0,241.6999969482422,273.875,9.189284188406818
2025-08-22,241.1499938964844,245.1999969482422,238.4499969482422,243.3000030517578,1793596,241.24444410536023,256.6909096457741,282.1297229003906,238.15876014709477,243.93010758682252,254.65460916295143,36.90649809086106,-12.457230406141091,-13.400112247253862,0.9428818411127686,286.92757845029587,216.32742338075883,42.817086922938365,0,241.6999969482422,273.875,8.728569030761731
2025-08-25,244.0,245.5,241.1499938964844,243.3999938964844,1193553,241.32222154405383,253.6113641912287,281.2193206787109,238.45099082946777,243.8240848487549,253.63146232054532,37.0094838916104,-11.75545499797144,-13.071180797397378,1.3157257994259377,278.2700274414196,219.90497255858045,42.76107983685374,0,241.6999969482422,273.875,7.832141331263959
2025-08-26,242.5,244.0,229.8000030517578,233.5,2555996,241.0666656494141,250.4295460094105,280.0786370849609,238.65424995422364,241.759267879004,251.80132938231395,31.523155768272588,-11.86140876396297,-12.829226390710495,0.9678176267475268,270.6492820249392,222.2657173647092,43.52333514990593,0,239.4749984741211,271.6500015258789,8.364283970424113
2025-08-28,233.1000061035156,237.8999938964844,231.3000030517578,235.1499938964844,1265166,240.5111100938585,247.74545426802203,279.0022570800781,238.86267761230468,240.4374130825001,250.2875716108749,33.29791822081792,-11.67762477960474,-12.598906068489349,0.9212812888846056,258.6959945943169,228.94400479533152,44.23114365488297,0,239.4749984741211,271.6500015258789,7.671425955636169
2025-08-29,234.5,241.9499969482422,233.0500030517578,240.8500061035156,1916842,240.9277767605252,245.68863608620384,278.0193341064453,239.10498565673828,240.5199316867032,249.42961111020588,39.163841870675085,-10.94585430492154,-12.268295715775787,1.322441410854248,253.4659285896439,231.71407018965292,44.06359156016635,0,239.4749984741211,271.6500015258789,7.646425519670767
2025-09-01,240.6000061035156,245.1999969482422,236.1999969482422,243.88999938964844,1214606,241.37666490342883,243.68818179043856,277.0424301147461,239.3909112548828,241.19394522729223,248.92601004470063,42.08893752353731,-10.005284191618728,-11.815693410944377,1.810409219325649,252.5716105477988,231.97738847563872,43.28911195485293,0,239.4749984741211,270.4749984741211,7.682139805385053
2025-09-02,245.1999969482422,246.8000030517578,240.2100067138672,240.8099975585937,1359371,241.0611097547743,242.5681811246005,276.12229217529296,239.6587956237793,241.1171556935525,248.18819072778183,39.99094933055408,-9.40004810428195,-11.332564349611893,1.932516245329941,251.58194054598312,232.1030585384896,42.27152629019362,0,238.9749984741211,268.0499954223633,7.749282836914069
2025-09-03,239.5500030517578,241.7100067138672,236.3000030517578,237.27999877929688,1750720,240.04222106933597,241.98090848055756,275.20003021240234,239.9162688446045,240.34972431070145,247.1965369142832,37.67315280235287,-9.10033257546587,-10.886117994782689,1.7857854193168166,249.811716180851,232.4112833919029,41.71304467460081,0,238.75,263.4500045776367,7.51428331647601
2025-09-04,240.8999938964844,246.72999572753903,238.1000061035156,242.5,2471295,240.07555474175348,241.6649995283647,274.19239166259763,240.21813499450684,240.7797794485612,246.7695790129847,42.93972661151785,-8.345394869181035,-10.377973369662357,2.0325785004813213,247.30841024068292,233.86458933207092,40.278618160386046,0,238.3000030517578,263.4500045776367,7.742854527064736
2025-09-05,243.0,244.0,235.63999938964844,236.8099975585937,1332743,239.3544430202908,240.97909060391515,272.92324005126954,240.45638381958008,239.98582307056768,245.86416251713092,39.06478643258206,-8.112718571899904,-9.924922410109868,1.812203838209962,247.3750935419434,233.55890609184567,39.21486750946831,0,238.3000030517578,260.1500015258789,7.879282270159048
2025-09-08,237.9900054931641,245.8999938964844,237.0200042724609,242.8099975585937,2200813,239.2888878716363,240.51590867476023,271.9707131958008,240.73509963989255,240.55065796817289,245.5865111572639,44.72884515361415,-7.359337215660815,-9.411805371220057,2.052468155559241,247.3702101492374,233.55978863005944,37.88384171625995,0,238.3000030517578,246.07500457763672,8.057139805385058
2025-09-09,242.44000244140625,244.3999938964844,239.0,243.2899932861328,1142690,240.37666490342883,240.70181759920985,270.5357366943359,241.0032538604736,241.0985250317649,245.3777368053429,45.16794645622391,-6.64692381908111,-8.858829060792267,2.211905241711157,247.5906717805928,233.55832571696575,36.647889193995056,0,239.0500030517578,244.32500457763672,7.660711015973784
2025-09-10,244.5,249.1999969482422,242.3999938964844,244.1699981689453,1705711,241.37888760036887,240.76181723854756,269.0537973022461,241.288671875,241.71281965920096,245.26794238385224,46.01473278052832,-5.942816935734982,-8.27562663578081,2.3328097000458285,247.78763726982956,233.50836034979935,34.63068508365927,0,241.125,244.20000457763672,7.624997820172997
2025-09-11,244.2700042724609,245.2700042724609,241.3300018310547,242.1100006103516,595308,241.5188869900173,240.80772607976732,267.4455517578125,241.54696434021,241.79225584943111,244.9808567680794,44.290422358138,-5.487772123705071,-7.718055733365663,2.230283609660592,247.75005134023465,234.17694603525365,32.91237563683116,0,242.4199981689453,244.20000457763672,7.488570077078685
2025-09-12,242.1999969482422,246.6999969482422,242.1999969482422,243.8000030517578,897760,241.50888739691837,240.85772635719988,266.217399597168,241.83063018798828,242.1938052898965,244.873506430232,46.07571038023531,-4.933901809852017,-7.161224948662934,2.2273231388109167,248.0359613166493,234.25603697436637,31.05667810650569,0,242.4199981689453,241.9000015258789,7.334284101213727
2025-09-15,243.8000030517578,245.3500061035156,241.0,241.4199981689453,1036095,241.57666524251303,241.1131806807084,264.9347998046875,242.0694785308838,242.03904386570625,244.5595511337514,43.94013450226874,-4.63358896987981,-6.65569775290631,2.0221087830265,247.98352501766917,234.74047247988943,29.525670407657618,0,242.4199981689453,239.5,7.334284101213727
2025-09-16,242.1999969482422,289.70001220703125,242.1999969482422,289.29998779296875,109209967,247.3566640218099,243.34727131236684,264.48079956054687,242.54792251586915,251.49123265115875,248.6268635573166,72.02827858090913,-0.5260103478155997,-5.429760271888168,4.903749924072568,266.22698499208445,221.4420106744195,30.918272179509923,0,262.67000579833984,259.75000762939453,9.768571036202568
2025-09-17,295.0,304.70001220703125,282.1000061035156,292.17999267578125,59510999,252.8766632080078,245.85090706565165,264.1203991699219,243.05001083374023,259.6289846560833,252.58623893172248,72.90758956618262,2.927916430468372,-3.75822493141686,6.686141361885232,277.3847112777984,215.1372842666352,32.805215335553555,0,270.17000579833984,267.25000762939453,10.911429268973212
2025-09-18,290.0,291.29998779296875,284.1199951171875,288.1400146484375,8590924,258.57999844021265,248.0459074540572,263.72819946289064,243.5240734100342,265.3311906545541,255.81840036051477,69.60224299800161,5.278340400669492,-1.9509118649995896,7.229252265669082,284.67199987612463,212.01899743832848,34.55737683759407,0,270.8600082397461,267.25000762939453,10.851429530552451
2025-09-19,288.1400146484375,314.3999938964844,286.8599853515625,299.7300109863281,80255917,264.9044443766276,250.5949991399592,263.7037994384765,244.0371083068848,272.21095472090894,259.8103649628614,73.33684841673525,7.984246747289376,0.0361198574582033,7.948126889831171,294.03194796091407,208.41205075734769,36.87178459466711,0,276.6999969482422,272.0999984741211,12.17571585518973
2025-09-22,299.5,302.2200012207031,288.0,290.20001220703125,10029149,270.1166687011719,252.58363619717684,263.55679992675783,244.4848361968994,275.8087662181334,262.5730601668768,66.14120674776152,9.25304245244888,1.8795043764563388,7.373538075992542,299.5689047860394,207.5650948477497,39.02087751194921,0,277.6999969482422,272.0999984741211,12.720716203962052
2025-09-23,291.5,292.4800109863281,283.2699890136719,285.0299987792969,3327492,274.6566687689887,254.5304544622248,263.2614001464844,244.9002576446533,277.65301273036613,264.6146000407332,62.555331903469536,9.729242660803608,3.4494520333257928,6.279790627477814,303.4457294847029,207.85127063736732,40.41013149377847,0,277.6999969482422,272.0999984741211,12.992146083286828
2025-09-24,285.0,285.0,272.9599914550781,274.0599975585937,3960191,278.20666842990454,255.92863603071729,262.58359985351564,245.2608290863037,276.93440969601164,265.4732725423569,55.65984844640064,9.116359619420848,4.582833550544804,4.533526068876045,304.9559679046247,210.39703197330508,40.49326931906046,0,277.6999969482422,272.0999984741211,13.17928968157087
2025-09-25,274.1000061035156,277.0,267.1099853515625,268.8299865722656,3789384,280.98777770996094,257.0845447887073,261.7681994628906,245.58898986816405,275.31352507126246,265.77842836325766,52.67848921758432,8.115081606671197,5.289283161770083,2.825798444901114,305.6505306174516,213.07046852805624,39.95192310898515,0,277.6999969482422,272.0999984741211,13.288576398577009
2025-09-26,270.1000061035156,270.5,260.0,264.8299865722656,2542719,283.58888753255206,258.5086350874467,260.92479919433595,245.898324508667,273.2168173714631,265.6922063822584,50.452627644615056,6.919036649597615,5.615233859335589,1.3038027902620255,306.06639355893805,215.0526036334448,38.745508884180055,0,278.2999954223633,272.0999984741211,13.38929094587053
2025-09-29,268.75,299.8900146484375,262.54998779296875,291.239990234375,17615667,283.804443359375,261.05818037553263,260.57859924316404,246.3450894165039,276.82145194404546,268.0147321869963,61.89953707497034,8.00989588818851,6.094166265106174,1.915729623082336,309.6917787575367,216.16221751931872,38.98875052494133,0,287.1999969482422,272.0999984741211,15.670721871512267
2025-09-30,296.7799987792969,296.7799987792969,281.6000061035156,283.42999267578125,15712755,282.8322211371528,262.9936343106356,260.0321990966797,246.7157293701172,278.14316009039266,269.4161195041586,57.65735363412731,8.150257071718784,6.505384426428696,1.6448726452900877,311.4621157386508,218.6538800499234,39.214617762791065,0,287.1999969482422,272.0999984741211,16.269292558942517
2025-10-01,285.0,285.1000061035156,275.79998779296875,279.0,4006458,281.81666395399304,264.589543429288,259.5371990966797,247.0850556945801,278.31452807231415,270.2873813674169,55.34058542166648,7.813956508362878,6.767098842815533,1.0468576655473454,312.0160018614742,222.2719940491704,38.87875536647485,0,287.1999969482422,272.0999984741211,16.652150835309705
2025-10-03,279.0,282.45001220703125,277.20001220703125,279.8500061035156,2690560,279.60777452256946,266.36408927223897,258.8961993408203,247.45378982543943,278.62162367855444,271.1567108888804,55.7083361950233,7.529231978283406,6.919525469909107,0.6097065083742983,312.6571391453226,225.36585737567356,38.56688314132408,0,281.1100006103516,272.8499984741211,16.699293954031805
2025-10-06,280.8999938964844,281.20001220703125,275.0,276.8999938964844,1265916,278.12999471028644,268.16499814120203,258.2111993408203,247.789481048584,278.2772977221405,271.6788275259353,54.04499069516128,6.985025381468972,6.932625452221081,0.0523999292478913,312.038214586574,229.9937815682112,38.05541515578825,0,279.94500732421875,273.7249984741211,16.831437247140066
2025-10-07,279.04998779296875,279.8999938964844,273.5,274.75,1419368,276.98777262369794,269.6309072321111,257.6361993408203,248.13902473449707,277.5718381777124,271.95802502357753,52.80746090217456,6.307541778188636,6.807608717414593,-0.5000669392259569,311.43990637324566,233.78609002568007,37.42398380544976,0,279.94500732421875,275.0199966430664,13.84000723702567
2025-10-08,275.79998779296875,278.8999938964844,272.20001220703125,274.1499938964844,2106237,276.9977722167969,271.32817979292435,257.2351989746094,248.4937366485596,276.8874693214668,272.1572949211145,52.44653327373684,5.657005228578157,6.577488019647306,-0.9204827910691488,310.4462565975685,237.8657398623924,36.69622850480202,0,279.94500732421875,275.0199966430664,12.704291207449776
2025-10-09,274.3500061035156,275.29998779296875,266.70001220703125,268.6000061035156,1785776,276.9722188313802,272.50045290860265,256.8851989746093,248.8206986236572,275.2299766778765,271.8339050286055,49.103372907174645,4.640124230685444,6.190015261854934,-1.5498910311694898,308.9617560079966,241.79324124542137,35.427362649750684,0,279.94500732421875,275.0199966430664,12.74286106654576
2025-10-10,269.70001220703125,293.79998779296875,267.70001220703125,290.1000061035156,37530912,279.7799987792969,274.6281807639382,256.92919921875,249.2651874542236,278.2039825630044,273.4944596717791,59.79515172628984,5.505643400647784,6.053140889613505,-0.5474974889657203,308.04739404101457,247.5066037617198,35.35626499416554,0,281.2200012207031,275.0199966430664,12.640001569475446
2025-10-13,286.0,286.95001220703125,278.0,279.3999938964844,4772640,278.46444363064234,276.2295442060991,257.20819885253906,249.6550022888184,278.4431848297004,274.0313264194796,53.74420783580649,5.267452108169607,5.896003133324726,-0.6285510251551187,305.2566392457501,253.85735764145693,35.290245742550766,0,281.74000549316406,275.0199966430664,12.488573346819196
2025-10-14,279.29998779296875,279.8500061035156,268.54998779296875,273.0,2796136,277.30555555555554,277.63363508744675,257.66419891357424,249.9990731048584,277.3545478637604,273.9375694722541,50.45535536272783,4.510266230774391,5.618855752814659,-1.1085895220402682,299.9197452345302,262.35225183578234,34.25196515533297,0,280.25,275.70999908447266,12.63785879952567
2025-10-15,274.5,278.95001220703125,272.95001220703125,276.6000061035156,2352910,277.0388895670573,279.1245443170721,258.2071990966797,250.36950775146485,277.2036395117114,274.1796091660052,52.22631958535672,4.1528103609500135,5.325646674441731,-1.1728363134917172,298.97885786673464,262.02314103463254,33.28784746720215,0,280.25,276.6999969482422,12.20428684779576
2025-10-16,276.0,276.5,270.79998779296875,271.70001220703125,1507563,276.13333468967016,280.50090859153056,258.60319946289064,250.73784385681157,276.1029140507754,273.95419126064394,49.62615588740683,3.4345441650894486,4.947426172571275,-1.512882007481826,297.49386655475206,261.4601342997401,32.167088779537934,0,280.25,277.6999969482422,11.912144252232142
2025-10-17,272.45001220703125,274.3500061035156,267.1000061035156,268.8999938964844,1698221,275.24444580078125,279.5736361416903,258.9211993408203,251.1631504821777,274.6623300199172,273.49471877299305,48.150905481423926,2.6092966060656977,4.479800259270159,-1.8705036532044612,296.6385623648221,260.39143641447475,30.738193474417173,0,280.25,277.6999969482422,11.680001395089286
2025-10-20,268.6499938964844,270.0,263.45001220703125,267.20001220703125,1641610,274.4055582682292,278.4381824840199,259.48119964599607,251.5205786132813,273.16986645734005,272.922472721542,47.232853345923886,1.7973884793976822,3.943317903295664,-2.1459294238979814,292.68486124175246,261.0921376596147,29.036425606594285,0,278.625,277.6999969482422,9.480712890625
2025-10-21,270.3999938964844,272.0,267.1499938964844,268.5,445352,273.7777811686198,277.54545454545456,259.9941995239258,251.88616973876952,272.235893165872,272.52042974685634,48.04857143842675,1.2444977940752435,3.40355388145158,-2.159056087376336,290.705776959328,260.90122072133613,27.63489775363324,0,278.625,277.6999969482422,8.742856706891741
2025-10-23,269.0,271.20001220703125,264.95001220703125,265.3999938964844,2157072,273.4222242567274,275.98499922318894,260.48019927978515,252.22799476623533,270.8687133119945,271.8731173968225,46.2139050278496,0.5498450859885793,2.8328121223589795,-2.2829670363704,289.7513603536461,259.89263683873673,26.092354117155043,0,278.625,278.2999954223633,8.524998256138392
2025-10-24,265.79998779296875,269.8500061035156,262.8999938964844,264.04998779296875,1815574,270.52777777777777,274.79636174982244,260.9071990966797,252.56189582824703,269.5049682081893,271.16192379647214,45.40088946723417,-0.1083573241715498,2.2445782330528736,-2.3529355572244235,290.0102692059485,258.6327270098718,24.432528019866567,0,274.9250030517578,287.1999969482422,8.646427699497767
2025-10-27,265.1000061035156,266.0,261.0,261.95001220703125,1333276,268.5888909233941,273.7472714510831,261.43019927978514,252.91655143737796,267.9939770079577,270.32447728834114,44.10119943365119,-0.7903275518171995,1.6375970760788592,-2.4279246278960587,290.4551306085097,257.4998681707871,22.697241649340057,0,270.4250030517578,287.1999969482422,8.560712541852679
2025-10-28,263.5,266.3999938964844,259.29998779296875,261.3500061035156,1423165,267.29444715711804,273.1695445667614,261.8541995239258,253.21870864868163,266.6651828270693,269.5086162715388,43.71612631231305,-1.3634918631952928,1.037379288224029,-2.400871151419322,290.75454227191074,256.8524584605111,21.280471847425236,0,269.125,286.84999084472656,8.610713413783483
2025-10-29,263.29998779296875,266.3999938964844,259.8500061035156,263.04998779296875,1671602,265.7888895670573,272.9068173495206,262.37319915771485,253.5445283508301,265.9421438202492,268.92146822803244,45.17672543331453,-1.661402777359115,0.4976228751074003,-2.159025652466515,287.8636832938635,256.9243171944177,19.964899888504323,0,267.8999938964844,280.75999450683594,8.599999564034599
2025-10-30,265.0,265.0,258.0,258.6000061035156,1377315,264.3333333333333,272.6236364191229,262.74819915771485,253.84340263366695,264.4737162769025,267.98315348944,42.09709999757668,-2.2308596935707783,-0.0480736386282354,-2.182786054942543,286.876317437781,255.42868439327376,18.97421141985722,0,266.1750030517578,278.94500732421875,8.485715593610491
2025-10-31,258.70001220703125,261.79998779296875,253.0,253.75,2010497,262.6500006781684,270.919545953924,262.9501992797852,254.1138694000244,262.328973021522,266.68923044494545,38.97838469320466,-3.038487568449341,-0.6461564245924566,-2.392331143856884,286.9580880951008,252.821913735954,18.646636740353312,0,262.5,276.44500732421875,7.250002179827009
2025-11-03,255.6499938964844,262.0,251.0,252.8999938964844,3071839,261.0611097547743,269.53181873668325,263.07919921875,254.3768090820313,260.4431771965145,265.43566348599444,38.44088115299066,-3.704424566216403,-1.2578100529172458,-2.446614513299157,286.5302831598019,250.5547174505497,18.566566857104814,0,261.5,275.44500732421875,7.171430315290179
2025-11-04,254.1499938964844,255.1000061035156,249.5,250.25,1775688,259.0333319769965,268.22500055486506,263.24019927978514,254.6411233520508,258.40454175721163,264.05514862363134,36.73988700072937,-4.395349937221056,-1.885318029778008,-2.510031907443048,286.4927626786727,247.9272385420305,18.661578665278743,0,260.3500061035156,274.69500732421875,6.764286586216516
2025-11-06,265.1499938964844,293.29998779296875,265.0,289.95001220703125,88099906,261.76111178927954,268.6840917413885,264.17319946289064,255.07972648620608,264.7136358471756,266.4092271312132,63.09005308981847,-1.7196312348863785,-1.8521806707996824,0.1325494359133037,289.5637276719233,246.376274769483,19.682974624570843,0,271.3999938964844,274.69500732421875,9.410714285714285
2025-11-07,286.8500061035156,297.29998779296875,279.1499938964844,292.0,35767764,264.8666687011719,269.3704556551847,265.1451995849609,255.4813799285889,270.1709086777405,268.73566102837555,63.92565075378613,0.5598582986883116,-1.3697728769020836,1.9296311755903952,292.8721059668373,244.85289708492047,20.858197085521464,0,273.3999938964844,273.3999938964844,10.292855398995531
2025-11-10,289.0,300.8999938964844,285.0,287.5,10399997,267.70555623372394,269.9500011097301,266.22519958496093,255.8957985687256,273.6367269421924,270.44151002579594,60.678272154045175,1.9804286364042696,-0.6997325742408129,2.6801612106450827,295.2203749071487,244.3946275342575,22.149680814113527,0,275.1999969482422,275.1999969482422,10.910712105887274
2025-11-11,287.45001220703125,293.20001220703125,285.1499938964844,288.29998779296875,4653700,270.6999986436632,270.5931826504794,267.28819946289065,256.251316986084,276.5693791123477,272.0650080046298,61.05701335504859,3.134658797456666,0.0671457000986829,3.067513097357983,294.8388542314607,244.5961463788909,23.34891570494901,0,275.1999969482422,275.1999969482422,11.01785714285714
2025-11-12,288.29998779296875,304.5,288.0,294.79998779296875,13012610,274.227776421441,271.78409090909093,268.3671990966797,256.6544490814209,280.21550084847195,274.13182434902427,64.08401347915053,4.521766088338666,0.9580697777466796,3.563696310591986,297.7142825398948,243.26071746010524,25.063329311018126,0,277.0,277.0,11.849999564034595
2025-11-13,296.25,306.79998779296875,293.1499938964844,296.5,8199682,278.43888685438367,272.0749997225675,269.4193991088867,257.0681844329834,283.47240067877755,276.1652948627493,64.85347852844842,5.69261447134744,1.904978716466832,3.787635754880609,301.2700702108517,242.05492978914836,26.76551442408324,0,278.1499938964844,278.1499938964844,12.378570556640623
2025-11-14,296.5,298.29998779296875,290.25,294.70001220703125,2654238,282.98888821072046,272.7704551003196,270.4971994018555,257.42542678833007,285.7179229844283,277.8502691667749,63.3069612751268,6.401483956358504,2.8042797644451665,3.5972041919133377,303.8686067481198,241.2663938622317,27.9390263340329,0,278.1499938964844,278.1499938964844,12.457140241350444
2025-11-17,296.0,299.70001220703125,294.6000061035156,296.3999938964844,1831539,287.82222154405383,273.83409118652344,271.6795993041992,257.8153313446045,287.8543371668395,279.5366077785667,64.17583553476004,7.0195257223337535,3.647328956022884,3.3721967663108696,306.8593476077069,240.74565117159,29.10788700377681,0,278.1499938964844,278.1499938964844,12.464283534458705
2025-11-18,297.6000061035156,297.6000061035156,289.3999938964844,290.3999938964844,1802744,292.2833319769965,274.4613633589311,272.6375991821289,258.1704425811768,288.3634685127685,280.52418833474104,58.87666221995651,6.945119405393086,4.306887045896924,2.638232359496162,308.6535950501652,241.10140372913168,29.44703487671322,0,285.8999938964844,278.1499938964844,12.542855398995531
2025-11-19,291.8999938964844,295.45001220703125,289.25,293.95001220703125,1651113,292.727776421441,275.47272699529475,273.7803994750977,258.64777885437013,289.4807772516211,281.7447177776765,60.93217351869543,7.0908695419033165,4.863683545098203,2.227185996805113,310.81939777620835,241.61060100308853,29.74050387030284,0,292.97499084472656,278.1499938964844,12.51785714285714
2025-11-20,294.25,299.3999938964844,292.6499938964844,295.04998779296875,1938380,293.06666395399304,276.66136308149856,274.8251992797852,259.1141806793213,290.5946193598906,282.9542877790667,61.57309387742571,7.212000954378936,5.33334702695435,1.8786539274245868,312.9289259172039,242.1560716413898,30.29696125672286,0,295.8999938964844,278.1499938964844,12.499999999999998
2025-11-21,290.0,293.75,283.6499938964844,284.79998779296875,1874052,292.76666259765625,277.46136197176844,275.65539916992185,259.5031649017334,289.43569304650623,283.12207868942147,52.86920909856434,6.4070526199438405,5.548088145552248,0.8589644743915921,313.5594115608928,243.46558538734945,29.556117823544064,0,295.22499084472656,278.1499938964844,12.685714721679686
2025-11-24,295.0,299.5,288.1000061035156,291.0,17449691,293.06666395399304,278.4840892444957,276.591999206543,259.94946357727054,289.748554437205,283.8382533540195,56.84318228834599,6.197968116660206,5.6780641397738405,0.5199039768863658,314.6369345040386,245.08306366490663,29.331182880540144,0,295.22499084472656,278.1499938964844,12.950001307896205
2025-11-25,290.0,292.0,285.6499938964844,288.04998779296875,2050172,292.31666395399304,279.5136344216087,277.5107989501953,260.3918215942383,289.40884110835776,284.22113830301487,54.48897450369311,5.728194747239968,5.6880902612670665,0.0401044859729013,315.0597738171133,247.2702219104258,28.79894917412838,0,295.22499084472656,278.1499938964844,13.003572736467634
2025-11-26,290.1000061035156,291.6499938964844,286.0,287.5,1842172,291.31666395399304,280.5795440673828,278.3847988891601,260.83348388671874,289.02707288668626,284.5192166391044,54.0396163915788,5.250986445864839,5.600669498186622,-0.3496830523217822,315.1443024641045,249.80069265308305,28.30473216103174,0,291.6750030517578,278.1499938964844,10.332144601004464
2025-11-27,289.0,290.29998779296875,282.0,283.54998779296875,2264397,290.07777235243054,281.5613611394709,279.22739868164064,261.2610210418701,287.9316558679428,284.43110492581934,50.79940988439064,4.502164307806481,5.380968460110594,-0.878804152304113,314.86387939306314,252.1311157241244,27.29294940261904,0,290.8500061035156,278.1499938964844,9.628572736467634
2025-11-28,283.79998779296875,285.20001220703125,277.54998779296875,281.1000061035156,2130909,288.37777370876734,282.4590884121981,279.0633990478516,261.6181525421143,286.5653259150573,284.12827776015536,48.84320789547234,3.668733445977523,5.038521457283981,-1.3697880113064578,313.7640304233222,255.4809646938653,25.7769829274773,0,288.5249938964844,278.1499938964844,9.039289202008929
2025-12-01,281.0,287.5,280.6499938964844,282.1499938964844,2103821,287.4611070421007,283.3272705078125,278.8627990722656,261.9137208557129,285.68225951134275,283.94843377254887,49.736541137233615,3.057711330354323,4.64235943189805,-1.5846481015437268,311.3677982711812,260.7171962356548,24.62334995915193,0,288.5249938964844,278.1499938964844,8.953574044363839
2025-12-02,282.1000061035156,284.54998779296875,278.0,280.3500061035156,1431130,285.9499952528212,284.3159068714489,278.7069989013672,262.18170288085935,284.61580882977734,283.6213039844549,48.18316888294471,2.400555816619488,4.193998708842337,-1.79344289222285,307.63908672366017,267.1909090038789,23.20072822553851,0,288.5249938964844,278.1499938964844,8.24285888671875
2025-12-03,280.8999938964844,288.8999938964844,274.0,275.3999938964844,2931846,283.76666259765625,285.29999750310725,278.2203985595703,262.37524070739744,282.7726458431188,282.87391215827574,44.10376226517752,1.4634608555356294,3.647891138180996,-2.1844302826453665,300.58721692036,276.7577781968276,22.38000446747465,0,286.75,278.1499938964844,8.332144601004464
2025-12-04,276.3999938964844,280.3500061035156,275.25,278.6000061035156,1456989,283.0777757432726,286.4681798761541,277.9883984375,262.6359889221192,281.93811789519816,282.48537524420664,47.2150609806536,0.9678636591728492,3.111885642379367,-2.144021983206518,300.8179782818494,275.3920162249866,21.617903834986784,0,286.75,278.1499938964844,8.121431623186384
2025-12-05,278.3500061035156,278.3500061035156,266.25,268.75,2898740,280.60555352105035,287.3090889670632,277.66279846191406,262.8594705200196,279.3004943161585,281.2367047674606,39.86029027895189,-0.2172100004706862,2.4460665138093565,-2.6632765142800428,302.16098468619725,271.7240098206387,20.43356383599042,0,279.125,278.1499938964844,8.639288766043526
2025-12-08,268.75,269.54998779296875,261.6000061035156,267.8999938964844,2026692,278.36666531032984,286.3068154074929,277.5395983886719,263.00284034729003,277.0203942322237,280.02427650646274,39.29149321723466,-1.2110179414921731,1.7146496227490506,-2.925667564241224,303.39331854071764,268.5316753557667,19.85607903140984,0,276.625,278.1499938964844,8.621429443359375
2025-12-09,267.0,277.0,265.29998779296875,275.29998779296875,2999026,277.0111083984375,285.54772394353694,277.66899841308594,263.17973747253416,276.67631294437274,279.5947957143269,46.45506014749108,-1.3855287190231138,1.0946139543946178,-2.480142673417732,303.3357834038162,267.2892104926682,18.496796194787997,0,275.9499969482422,278.1499938964844,9.014286586216516
2025-12-10,277.0,278.0,270.5,275.8500061035156,1562824,276.15555487738715,285.018178766424,277.88939880371095,263.37087882995604,276.51105157620134,279.25436029516226,46.9560696210586,-1.4625880815576124,0.5831735472041718,-2.045761628761784,302.2803292562694,266.44966647126967,17.35268478712974,0,275.25,278.1499938964844,9.067858014787946
2025-12-11,275.0,280.8999938964844,272.70001220703125,279.95001220703125,1534138,276.02777777777777,284.6386344216087,277.6635992431641,263.6564254760742,277.19884370236736,279.3176013780594,50.66203036898659,-1.1792285415927497,0.2306931294447876,-1.409921671037537,300.6014304976686,266.4735664505736,16.634976698480322,0,275.25,284.1999969482422,8.839285714285714
2025-12-12,281.0,283.5,277.54998779296875,280.6499938964844,1132333,275.8611111111111,283.9954528808594,277.6079992675781,263.8463774108887,277.8890737411908,279.43872797064347,51.28776477699796,-0.8879457069448904,0.006965362166852,-0.8949110691117423,299.10224107766936,266.5677540395181,16.27043910943356,0,275.25,284.1999969482422,8.214285714285714
2025-12-15,280.70001220703125,287.95001220703125,279.75,281.1000061035156,1871856,275.94444444444446,283.2954531582919,277.6499993896484,264.0317317199707,278.53126021365574,279.58975325545003,51.71177110528047,-0.6137152107829706,-0.1171707524231125,-0.4965444583598581,297.03843403981256,267.101562298078,16.421861803250305,0,275.25,284.1999969482422,8.346429007393974
2025-12-16,281.1000061035156,281.45001220703125,270.29998779296875,271.29998779296875,1098994,275.48888821072046,282.23181568492544,277.4789990234375,264.1580591583252,277.08500572951834,278.8361382134063,42.94509227366231,-1.17363619485036,-0.328463840908562,-0.8451723539417979,296.28158598243806,265.948409745101,15.288903935567632,0,274.77500915527344,284.1999969482422,8.739288330078125
2025-12-17,271.5,275.79998779296875,271.20001220703125,273.6000061035156,1587583,274.9333326551649,281.1954526034269,277.41299926757813,264.3020494842529,276.3880058043178,278.3601262034162,45.28935668833694,-1.4154687109296449,-0.5458648149127786,-0.869603896016866,294.3408856649962,265.8541094521913,14.236871629862296,0,274.77500915527344,284.1999969482422,8.475001743861608
2025-12-18,273.6000061035156,274.6499938964844,268.0,269.04998779296875,758074,274.96666463216144,280.2249977805397,277.2989990234375,264.4300884246826,274.920402202048,277.51374998428463,41.6440576493118,-1.9517723570076555,-0.827046323331754,-1.1247260336759015,292.0029390635836,265.5920560536039,13.581031279551675,0,274.77500915527344,284.1999969482422,8.403570992606026
2025-12-19,270.0,274.20001220703125,266.75,272.20001220703125,1344398,275.44444444444446,279.23636141690343,277.25999938964844,264.5632637023926,274.37632420304465,277.03068291362524,44.94773524307306,-2.098426857434106,-1.0813224301522244,-1.0171044272818814,291.3694241578971,264.96557340069666,13.127693495227168,0,276.625,280.65000915527344,8.446428571428571
2025-12-22,274.0,277.0,272.5,274.8500061035156,790614,275.39444647894965,278.3181804310192,277.38499938964844,264.8403314971924,274.47106058313886,276.83243956725164,47.63358109736559,-1.978017886169084,-1.2606615213555965,-0.7173563648134877,289.1580632880148,265.5619348809305,12.30489310093778,0,277.3500061035156,280.65000915527344,8.321428571428571
2025-12-23,275.0,276.3500061035156,271.95001220703125,275.3500061035156,682961,275.3388909233941,277.8886358087713,277.0899993896484,265.0812592315674,274.6468496872142,276.6976728887301,48.14760642328049,-1.821252818811388,-1.3727797808467548,-0.4484730379646331,287.41560336504995,266.0343966349501,11.618002404714288,0,277.3500061035156,280.5500030517578,7.571428571428571
2025-12-24,276.0,279.1499938964844,273.25,274.6499938964844,983807,274.75,277.14545371315694,276.99499938964846,265.33668632507323,274.6474785290683,276.51152025307147,47.44542987594863,-1.733517596584193,-1.4449273439942425,-0.2885902525899502,285.5172801871078,266.6477192025406,11.012450046249027,0,277.3500061035156,280.5500030517578,7.628570556640625
2025-12-26,275.0,275.45001220703125,270.04998779296875,270.95001220703125,504667,273.6722242567274,276.3681820956144,276.95399963378907,265.48337181091307,273.90798526466085,276.0059286125223,43.80870321252851,-1.9401792228117076,-1.5439777197577356,-0.3962015030539718,284.46083301223337,266.44416881882137,10.482605726440337,0,277.3500061035156,280.5500030517578,7.132143293108259
2025-12-29,270.79998779296875,274.5,267.0,268.1499938964844,685710,272.2333340115017,275.4886363636364,276.7849993896484,265.6144431304932,272.7563869910256,275.2917527292461,41.2329365359056,-2.303346581833466,-1.6958514921728818,-0.6074950896605844,283.96452082972496,265.6454797806266,10.423153876084854,0,274.1000061035156,280.5500030517578,7.100001743861607
2025-12-30,268.0,277.0,261.0,268.3999938964844,6101105,271.91111246744794,274.8000002774325,276.7189990234375,265.7282270050049,271.8851083721173,274.66522919899506,41.56330273415455,-2.541687429137369,-1.8650186795657795,-0.6766687495715895,283.0161332974988,265.21886731285275,11.125893077136173,0,270.0749969482422,280.25,7.407143729073661
2025-12-31,268.0,274.95001220703125,267.04998779296875,272.3500061035156,1841640,271.772223578559,274.40227300470525,276.78799926757813,265.89228172302245,271.978087918397,274.45475437213327,46.66502512616956,-2.3843559234255167,-1.968886128337727,-0.4154697950877897,282.1431732984911,265.2918273118605,11.77843662096954,0,270.0749969482422,276.5,7.435716901506696
2026-01-01,270.54998779296875,275.70001220703125,269.1499938964844,274.95001220703125,899625,272.4277818467882,274.0750011097301,276.9429992675781,266.10812324523926,272.5724727761239,274.49977781166945,49.7733471861808,-2.0265104571494703,-1.980410994100076,-0.0460994630493944,282.1041442689913,265.285858172415,12.240561447268387,0,270.0749969482422,276.3249969482422,7.317862374441964
2026-01-02,274.79998779296875,278.3500061035156,274.75,276.29998779296875,776265,272.88333468967016,273.8909093683416,277.0989990234375,266.3429914855957,273.3179757794929,274.6634332645148,51.35845040592085,-1.6153627036999865,-1.907401336020058,0.2920386323200714,281.76666970392586,265.39333090642566,12.163852047706188,0,270.0749969482422,275.6499938964844,7.150004795619419
2026-01-05,276.3999938964844,281.5,275.3999938964844,278.45001220703125,1371997,273.28333536783856,274.0295465642756,277.35999938964846,266.6366897583008,274.34438306500056,275.0076677138345,53.85614506350768,-1.1033177845912403,-1.7465846257342943,0.643266841143054,282.19598119431214,265.9340206367425,11.527228921594096,0,271.25,274.9499969482422,7.000004359654018
2026-01-06,278.70001220703125,293.29998779296875,278.0,285.79998779296875,9727865,274.44444444444446,274.3568184592507,277.7949993896484,266.9622957611084,276.6355040105942,275.98878772102853,61.19242133631769,-0.1032467296068944,-1.4179170465088144,1.31467031690192,284.11041742905,265.80958379165315,12.117383590345272,0,277.1499938964844,277.1499938964844,7.296430315290179
2026-01-07,287.95001220703125,292.45001220703125,283.25,284.20001220703125,2516816,275.5055575900608,275.0590917413885,278.23999938964846,267.2799018859863,278.1484056498816,276.7352626743015,58.993654160628815,0.5538279445608509,-1.0235680482948817,1.5773959928557324,285.4472264649064,265.36277719720294,12.665384354185647,0,277.1499938964844,277.1499938964844,7.625004359654018
2026-01-08,285.6000061035156,299.29998779296875,278.1499938964844,280.6499938964844,8931588,276.5833333333333,275.63863719593394,278.6259991455078,267.57442657470705,278.6487232992022,277.0911473308636,54.32904166050152,0.779126266277558,-0.6630291853803936,1.4421554516579516,285.9577907040561,265.3322117373502,13.922568682438923,0,280.1499938964844,280.1499938964844,8.660718645368304
2026-01-09,280.1499938964844,282.3999938964844,271.95001220703125,273.29998779296875,1457919,277.15555487738715,275.5477281050249,278.8309991455078,267.8284349822998,277.5789761979555,276.7464964637822,46.18638639664528,0.3604378403759938,-0.4583357802291161,0.8187736206051099,285.468489211,265.15651078900004,14.039125849782968,0,280.1499938964844,280.1499938964844,8.875002179827009
2026-01-12,273.29998779296875,280.79998779296875,267.75,269.1499938964844,2261122,277.23888821072046,275.2431820956144,279.0419989013672,267.95051765441895,275.8931797376613,276.05590532130054,42.32881025066831,-0.3027556000399727,-0.4272197441912875,0.1244641441513147,284.9232454104109,264.5517545895891,13.519084667501724,0,283.17498779296875,280.1499938964844,9.464287894112724
2026-01-13,272.0,274.3999938964844,268.54998779296875,273.04998779296875,1413673,277.31666395399304,274.9295446222479,279.42799865722657,268.12761001586915,275.3245413487228,275.7826400914522,46.82370713598284,-0.5077907698766921,-0.4433339493283684,-0.0644568205483236,284.08919676901854,264.5808013999268,13.036189283954856,0,283.5249938964844,280.1499938964844,9.567860194614957
2026-01-14,272.6000061035156,276.79998779296875,271.54998779296875,273.6499938964844,1055689,277.1722174750434,274.61136280406606,279.8429986572266,268.3025666809082,274.9896318582751,275.58876316463693,47.50163429124614,-0.6147803360508419,-0.4776232266728631,-0.1371571093779787,284.1088862192348,264.7961125600621,12.907621828436543,0,283.5249938964844,280.1499938964844,9.521432059151786
2026-01-15,273.6499938964844,273.6499938964844,273.6499938964844,273.6499938964844,0,276.87777370876734,274.2727258855646,280.3109985351563,268.50574531555174,274.72170426591697,275.4125114129867,47.50163429124614,-0.6915980265172266,-0.5204181866417359,-0.1711798398754906,284.1104823773912,264.7995151812026,12.788237762598111,0,283.5249938964844,280.1499938964844,9.135716029575892
2026-01-16,273.5,273.8999938964844,262.0,263.5,2324762,275.21666124131946,273.91818098588425,279.7819982910156,268.63185958862306,272.4773634127336,274.3295558299879,37.99772911012939,-1.553587490544999,-0.7270520474223885,-0.8265354431226102,284.7614242705733,263.59357450872363,12.763128859302672,0,280.6499938964844,280.1499938964844,9.450001307896205
2026-01-19,263.75,269.79998779296875,263.0,263.8999938964844,1420856,272.78332858615454,273.47727134011006,279.2199981689453,268.763055267334,270.7618895094838,273.38141383603306,38.51976615249686,-2.179322315456375,-1.0175061010291857,-1.161816214427189,285.28240903079933,262.2425879174429,12.739813449099762,0,280.6499938964844,280.1499938964844,8.792857578822545
2026-01-20,265.6000061035156,271.3999938964844,257.5,259.0,2192511,269.9833272298177,273.02045371315694,278.64999816894533,268.93450973510744,268.40951160758704,272.07401257821186,34.66888227754869,-3.0356175197023845,-1.4211283847638256,-1.6144891349385588,286.22500449260497,259.7149918452857,13.370901307159944,0,278.3999938964844,278.3999938964844,9.221426827566964
2026-01-21,259.20001220703125,267.8500061035156,256.5,265.0,3104856,268.24443901909723,272.6931804310192,278.183998413086,269.1322469329834,267.72760928606965,271.43092052564714,42.27837528226354,-3.1932776652546977,-1.775558240862,-1.4177194243926976,286.11807094874206,258.78692477879696,14.069089502733677,0,269.4499969482422,277.8999938964844,9.564283098493304
2026-01-22,267.3999938964844,269.5,257.8500061035156,259.3999938964844,1393781,266.6999952528212,271.9909071488814,277.47599853515624,269.31279357910154,266.0620862081526,270.337199922996,37.84745215284647,-3.727134076264065,-2.165873407942413,-1.5612606683216517,286.49371868175905,256.88627704578,14.415165581445123,0,268.6499938964844,277.8999938964844,10.1392822265625
2026-01-23,262.70001220703125,262.70001220703125,249.6000061035156,250.6999969482422,2060276,264.6499955919054,270.87045218727803,276.5599984741211,269.51768043518064,262.98966835617057,268.55199965256384,32.20116685258678,-4.7969400343076245,-2.692086733215456,-2.104853301092169,288.21238032817064,253.1426138734895,15.640818660393508,0,263.1999969482422,274.4499969482422,10.639282226562502
2026-01-27,251.5,258.0,245.0,250.3999938964844,2610712,262.1333296034071,269.76817946000534,275.67399810791017,269.77472312927245,260.4717334642333,266.90181731110204,32.02375213613183,-5.604372979532684,-3.2745439824789013,-2.3298289970537827,289.52256891969955,250.0574252819606,17.197868309561475,0,260.8999938964844,272.1499938964844,10.474997384207592
2026-01-28,252.6000061035156,261.25,250.0,260.04998779296875,1381200,260.6222178141276,269.27272380482066,274.94699798583986,270.09067848205564,260.3873843299804,266.2789237185445,42.91812661836213,-5.40330955764432,-3.700297097511985,-1.703012460132335,289.57660215023475,249.16839144107385,18.042639411799275,0,259.4499969482422,272.1499938964844,10.62142508370536
2026-01-29,261.3500061035156,264.0,255.3000030517578,262.8500061035156,1187824,259.4222191704644,269.03181526877665,274.3959982299805,270.4036127471924,260.8799086846875,265.96720393536003,45.64044860610067,-4.960841774324706,-3.9524060328745296,-1.0084357414501763,289.25298342573865,248.54201016557,18.34006262981968,0,259.4499969482422,272.1499938964844,9.732139587402346
2026-01-30,260.0,273.79998779296875,259.1000061035156,271.45001220703125,1468467,260.3055538601345,269.1704524647106,273.9459982299805,270.70691833496096,262.9939293891563,266.4656410509665,53.0471642456132,-3.8716047988015694,-3.936245786059938,0.0646409872583677,288.9184453881772,248.5265482031314,17.14446721091978,0,259.3999938964844,272.1499938964844,10.035711015973774
2026-02-02,269.0,271.1499938964844,261.0,268.79998779296875,1305758,260.8499976264106,269.00908799604935,273.42099822998046,270.9519752502441,264.1551410699188,266.6778543911485,50.752379192772345,-3.185491112561351,-3.786094851360221,0.6006037387988696,288.2270697441092,248.46792384719944,16.034271464798447,0,259.3999938964844,272.1499938964844,9.849998474121096
2026-02-03,280.0,282.0,272.6000061035156,276.6499938964844,1434021,262.8111080593533,269.08635989102453,273.2579983520508,271.22801612854005,266.6541116352319,267.58441252799724,56.72447767667202,-1.985424448559172,-3.4259607708000117,1.4405363222408392,287.9600011180415,248.5549906422125,16.066106921111448,0,263.5,272.1499938964844,10.374998910086498
2026-02-04,276.0,285.0,274.5,283.0,1575803,264.8111080593533,269.39090590043503,273.0979983520508,271.54960006713867,269.9232893081856,268.98582957090656,60.85931958581411,-0.516022165672382,-2.843973049774486,2.327950884102104,287.3288242547679,248.90616872618912,16.395896529305944,0,265.0,272.1499938964844,10.749998910086498
2026-02-05,275.04998779296875,283.25,264.79998779296875,267.25,3520864,265.6833309597439,268.88181443647903,272.6819985961914,271.7653859710693,269.38863144654846,268.82802688264235,48.48514160747924,-0.6153107227762007,-2.398240584374829,1.7829298615986282,284.926644464874,249.6133472953799,15.416790282247142,0,265.0,272.1499938964844,12.067856924874445
2026-02-06,267.25,269.8999938964844,260.70001220703125,268.6000061035156,1374176,267.67222086588544,268.09999708695847,272.3039987182617,272.013747177124,269.2309063779419,268.80729772090353,49.434185138173554,-0.5783960202520007,-2.034271671550264,1.455875651298263,283.18754081564515,250.14745216531188,14.589756013256544,0,265.0,272.1499938964844,11.874998910086498
2026-02-09,273.5,273.5,267.8999938964844,271.6499938964844,1378903,270.0333319769965,267.52954170920634,272.06599884033204,272.20746383666994,269.7147238816504,269.0657246459563,51.60346193901849,-0.2995789676073173,-1.687333130761674,1.3877541631543568,282.9815983172875,250.1883952740212,13.693962252940254,0,267.5,272.1499938964844,11.789285932268417
2026-02-10,273.8999938964844,278.25,269.45001220703125,270.29998779296875,1469462,271.17222086588544,267.0590868863192,271.8499984741211,272.3592630767822,269.83177666391407,269.1779303865938,50.56934977844326,-0.1854113480937371,-1.3869487742280868,1.2015374261343497,283.0849729054233,250.2000200755337,13.383759616221433,0,270.1500015258789,272.1499938964844,11.4249997820173
2026-02-11,270.75,274.6000061035156,268.0,269.04998779296875,1307380,271.8611077202691,266.8659050681374,271.5879983520508,272.50402976989744,269.67541888972505,269.1662992417188,49.57864909990908,-0.1935659328270276,-1.1482722059478752,0.9547062731208475,282.6524769456513,250.2325160353057,12.908860361665509,0,272.0500030517578,272.1499938964844,11.085714067731589
2026-02-12,268.0,270.75,264.29998779296875,265.25,819820,271.1722174750434,266.6886326182972,271.28599822998046,272.60925369262696,268.79033511178005,268.8102720379261,46.59045428453116,-0.5008819022671105,-1.0187941452117222,0.5179122429446117,281.8775806513991,250.16741293990952,11.99760749082044,0,272.8500061035156,272.1499938964844,10.71428680419922
2026-02-13,265.20001220703125,265.79998779296875,260.0,262.75,760948,270.499996609158,266.22045135498047,271.03299835205075,272.708042678833,267.5822680894241,268.2593382162965,44.68238957102383,-0.9353786657626983,-1.0021110493219174,0.066732383559219,280.97393152435603,249.98106267730407,11.642514937101009,0,272.5,272.1499938964844,10.192856924874445
2026-02-16,261.3999938964844,261.3999938964844,255.0,256.04998779296875,691101,268.2111070421007,265.420451077548,270.58199798583985,272.78648872375487,265.275812030133,267.14939726872126,39.95922108938328,-1.799610680278704,-1.1616109755132749,-0.6379997047654291,281.15003069276327,249.0599622881938,11.859700045198018,0,270.0,265.0,9.817856924874445
2026-02-17,256.04998779296875,261.45001220703125,254.5,260.79998779296875,619105,265.74443901909723,264.83635989102453,270.4229977416992,272.8628594970703,264.38064718270016,266.572178225471,44.442945952540526,-2.0772897722182506,-1.34474673485427,-0.7325430373639805,281.10357098188257,248.79642138872288,12.114944673181624,0,268.875,265.0,9.510714939662387
2026-02-18,260.79998779296875,260.95001220703125,256.6000061035156,258.6499938964844,651397,264.7888827853733,264.6159050681374,270.23799774169925,272.9402191162109,263.234516525457,265.8519796501086,42.88197189355867,-2.4426812830332665,-1.5643336444900695,-0.878347638543197,281.113946260028,248.75104550022596,12.351957542023548,0,266.375,265.0,9.200001307896205
2026-02-19,259.79998779296875,259.8500061035156,254.4499969482422,254.8999938964844,631174,263.2666592068142,264.20681415904653,269.8299978637695,272.9911985778809,261.5676119996625,264.85634458159734,40.22797882774756,-3.000265158651473,-1.8515199473223505,-1.1487452113291226,281.21899016983605,247.6360009800663,12.825737497595624,0,266.3499984741211,265.0,8.535717555454799
2026-02-20,254.75,255.5,250.5,251.4499969482422,839881,261.022215101454,263.86363220214844,269.34199768066406,273.01499900817873,259.54408898937845,263.6375857058378,37.90374769059602,-3.678140998284505,-2.2168441575147817,-1.461296840769723,281.67719592815604,246.3827955269221,13.70964676319468,0,264.375,265.0,8.146430969238281
2026-02-23,253.1999969482422,254.0,244.1499938964844,245.8000030517578,1452230,258.2999945746528,262.9909050681374,268.6589974975586,273.0334400177002,256.7952718018543,262.0159872827396,34.398603670556525,-4.6180359299298175,-2.697082511997789,-1.9209534179320285,282.32488602481914,245.24510604061052,15.15686984583556,0,259.375,264.5749969482422,7.907144818987163
2026-02-24,246.0,246.5,238.6999969482422,239.9499969482422,1445567,255.06666225857205,262.1068142977628,267.8449975585938,272.96467086791995,253.42621683113188,260.00998816142163,31.18318714415693,-5.768460811357642,-3.31135817186976,-2.457102639487882,283.86497177352584,242.66002059707964,16.961872407509016,0,254.7249984741211,261.8499984741211,7.714287894112721
2026-02-25,242.0,245.3000030517578,239.1499938964844,242.5500030517578,1193147,252.544440375434,261.73636002974075,267.0739974975586,272.9011248016357,251.2509740752571,258.42271678781583,34.13022255045287,-6.396645507223127,-3.928415638940433,-2.4682298682826938,284.9570115062052,239.8179823902792,18.63794621477723,0,252.24999237060547,261.8499984741211,6.835716247558589
2026-02-26,242.8999938964844,245.5,238.3000030517578,244.5500030517578,1345952,250.522218492296,261.47045135498047,266.5389978027344,272.7909393310547,249.9107798705573,257.1615609936287,36.38694105463722,-6.656372599343115,-4.47400703102097,-2.182365568322145,285.4056799180965,237.5393136732121,20.26824944686371,0,249.87500762939453,261.6500015258789,6.692860194614951
2026-02-27,244.5500030517578,286.0,244.0,280.45001220703125,92286714,253.23333231608072,262.3977251919833,266.6759979248047,272.8335971069336,256.0186263378521,259.27869292211983,61.73139968595905,-3.920187994180651,-4.363243223652907,0.4430552294722556,286.9586064466678,236.8863871446408,20.6220104712611,0,262.1500015258789,262.1500015258789,9.29285975864955
2026-03-02,267.8999938964844,283.45001220703125,260.20001220703125,262.8500061035156,24008717,253.4611121283637,262.3977251919833,266.55199829101565,272.7817985534668,257.3849022909848,259.6033577567921,51.00299063534133,-3.1357682007391645,-4.117748219070158,0.9819800183309936,286.4575845898705,236.7924108324928,20.950502851058676,0,262.1500015258789,262.1500015258789,10.32500348772321
2026-03-04,256.0,265.3500061035156,247.8000030517578,249.5500030517578,6668546,252.4500020345052,261.40227023038,266.0989981079102,272.65924461364745,255.81792244313945,258.6894164199708,44.683271623604085,-3.546427942761511,-4.003484163808429,0.4570562210469182,284.6030254240277,235.93697091386295,19.973061832215095,0,262.1500015258789,262.1500015258789,11.107146126883366
2026-03-05,251.8500061035156,252.8500061035156,245.1499938964844,248.8500061035156,2658594,251.77778116861975,260.4954528808593,265.57899810791014,272.53314170837405,254.4243391752147,257.79492457302035,44.37164343840473,-3.8835949850289353,-3.9795063280525302,0.0959113430235953,280.8897730597836,236.2352238884585,18.82067625639231,0,262.1500015258789,262.1500015258789,11.196431841169076
2026-03-06,249.9499969482422,252.25,244.1499938964844,246.1499938964844,1741482,251.1888919406467,259.1090892444957,264.9949978637695,272.3814087677002,252.76947011946865,256.7362945115171,43.12239475051552,-4.318885294089682,-4.047382121259961,-0.2715031728297212,280.0988156849209,234.91618065296964,17.655548058053952,0,262.1500015258789,262.1500015258789,11.360718863350996
2026-03-09,243.5,243.5,229.5,232.3500061035156,3388723,249.69444783528647,256.8068167946556,264.14899810791013,272.1253128814697,248.68557731627808,254.5193592016988,37.33645247455837,-5.71156037106536,-4.380217771221041,-1.3313425998443194,280.2688343988394,231.1211619390513,17.446705452561222,0,257.75,257.75,11.99643271309988
2026-03-10,237.9499969482422,268.5,237.1999969482422,259.29998779296875,75960096,251.84444681803384,256.4454526034269,263.9159976196289,272.07733421325685,250.8084594116162,254.95396180090512,51.12757383983647,-4.587742471861276,-4.421722711349088,-0.1660197605121878,278.55965999631303,231.59533573122607,17.08317959022872,0,257.75,257.75,14.082145690917963
2026-03-11,259.29998779296875,260.70001220703125,246.1000061035156,247.3000030517578,7866132,252.37222459581164,255.47727064652875,263.4989978027344,271.9845671081543,250.10676813964452,254.25814736916445,46.24695747436704,-4.612240137346561,-4.459826196548582,-0.1524139407979783,276.50611901480835,231.34887823860964,16.74561986091997,0,257.75,257.75,14.81428854806082
2026-03-12,246.0,249.8500061035156,236.1000061035156,245.5500030517578,6367214,252.48333570692276,254.2909074263139,263.0419979858398,271.9075545501709,249.1954151220672,253.46649788576383,45.56386100008939,-4.718473463440773,-4.51155564992702,-0.206917813513753,274.44606990392424,231.0589288753727,15.639900281376471,0,257.75,257.75,15.41071646554129
2026-03-13,245.75,246.8999938964844,232.6499938964844,234.5500030517578,3342550,247.3833346896701,252.66590811989525,262.2859979248047,271.8035193634033,246.2663327080053,251.74681653721785,41.42222765595365,-5.625425801965406,-4.734329680334698,-0.8910961216307083,273.5236050017824,228.91139408269024,14.688283323785337,0,256.4750061035156,257.75,16.071430751255576
2026-03-16,240.75,242.0,227.1000061035156,233.0,4963476,244.06666734483508,251.02727231112397,261.4469976806641,271.6595503997803,243.61306616640428,250.04256048837988,40.858642411480375,-6.395540546511398,-5.066571853570038,-1.32896869294136,272.7542280460579,226.7057710384148,14.20760839541898,0,247.8000030517578,256.5500030517578,16.432144165039062
2026-03-17,231.8000030517578,231.8500061035156,221.0,228.0500030517578,6343224,241.67777845594617,249.3363633589311,260.4819979858398,271.5052603149414,240.500453543475,248.0432370850506,39.03219890986443,-7.320894697835797,-5.517436422423191,-1.8034582754126065,273.07683106662137,223.58316954373024,14.181937303492798,0,244.75,253.5,16.73214394705636
2026-03-18,229.8000030517578,233.5500030517578,226.3000030517578,231.25,3574521,239.72222222222223,247.9045451771129,259.5379977416992,271.39631706237793,238.65036283478003,246.51657916822785,40.87230381943449,-7.707187855306103,-5.955386708999773,-1.7518011463063292,271.9899859844127,221.715015846642,14.004875778527657,0,244.75,253.5,16.81071472167969
2026-03-19,228.4499969482422,228.4499969482422,218.25,219.3999938964844,2327537,236.75,246.2386363636364,258.2099978637696,271.17368553161623,234.8002890471209,244.0514350526148,36.48127981561146,-8.86730762106555,-6.537770891412929,-2.32953672965262,272.1853587820407,217.594643049014,14.393345764677871,0,243.375,252.125,17.225000653948104
2026-03-20,222.8999938964844,223.5500030517578,214.6000061035156,217.3500061035156,3950377,235.08333333333331,244.26363719593397,256.87299774169924,270.9454505157471,231.3102324583999,241.62403242087848,35.765437092468474,-9.838713214520569,-7.197959356034457,-2.64075385848611,272.487468391247,213.5375346605109,14.990260898606255,0,241.5500030517578,250.3000030517578,14.86428615025112
2026-03-23,215.0,215.0,203.5500030517578,205.8999938964844,2760465,229.1500006781684,241.8659099232067,255.37799774169923,270.6682804107666,226.2281847460168,238.37639255502444,31.989736330963996,-11.401055172181316,-8.03857851926383,-3.3624766529174863,274.2299552596453,207.2400474869368,16.19582458800579,0,232.12500762939453,244.7750015258789,14.18928636823382
2026-03-24,213.6999969482422,214.5,205.3000030517578,210.1000061035156,2766390,225.01666768391928,239.8295468417081,254.11399810791016,270.3641770172119,223.00254901751657,235.80581196852364,34.71240014883105,-12.160141998024926,-8.862891215016049,-3.2972507830088773,275.01487260813485,202.88513044362296,17.31527658530536,0,226.70000457763672,244.7750015258789,13.592857360839846
2026-03-25,212.5500030517578,216.0,210.1499938964844,211.25,2937767,221.205556233724,238.00227425315165,252.95599822998048,270.037699508667,220.65203921401329,233.57346542593055,35.47409900760164,-12.524553621994528,-9.595223696411743,-2.929329925582783,275.6375506124155,199.3924527445181,18.182931104995077,0,225.2249984741211,244.7750015258789,13.464284624372215
2026-03-27,210.5,210.5,198.5,200.6999969482422,7490370,217.44444444444449,235.9522739757191,251.50899841308595,269.64355407714845,216.66163076085903,230.5849682915953,31.80779935032841,-13.508927033826096,-10.377964363894616,-3.130962669931481,276.8337474576082,194.01125528897387,19.65563347501228,0,220.25,242.25,13.796427045549676
2026-03-30,198.5,204.5,196.3000030517578,199.9499969482422,6456158,213.77222188313803,234.13409215753728,250.0349984741211,269.2116651153564,213.3193039983357,227.79997089674495,31.558098071026578,-14.186040937297236,-11.13957967857514,-3.046461258722095,277.25289727673675,189.1321048594937,21.13774938708068,0,214.9250030517578,241.1500015258789,13.192855834960946
2026-04-01,204.5,205.8600006103516,200.0500030517578,202.4499969482422,7193893,210.9277767605252,232.3113646073775,248.61099853515623,268.82015579223633,211.145442588317,225.49542781051747,33.43397018804309,-14.355448799705728,-11.782753502801258,-2.5726952969044685,269.3684598222974,189.21654078805415,22.34195813484837,0,214.9250030517578,241.1500015258789,11.032856532505589
2026-04-02,199.5,202.0,191.3099975585937,201.1100006103516,8196940,207.57888793945312,230.33681904185903,247.36319854736328,268.36202980041503,209.1383541927239,223.27857079232052,32.91325495990655,-14.431475194077391,-12.312497841056484,-2.118977353020908,264.88487765304444,187.52612240799075,23.930154384741467,0,209.87999725341797,238.65499877929685,10.785713195800792
2026-04-06,201.1100006103516,209.1999969482422,195.6199951171875,207.2700042724609,5354700,206.23111131456164,227.0104550448331,246.2305987548828,267.953779296875,208.76468420867133,221.8232465632424,37.71560302885081,-13.835182473669503,-12.61703476757909,-1.218147706090415,262.0129007054525,186.17009947765297,24.51629640036997,0,207.43000030517572,238.65499877929685,10.773570469447554
2026-04-07,205.0,209.3099975585937,202.22999572753903,206.88999938964844,3909596,205.06888834635416,224.4668183760209,245.1883987426758,267.5355583953857,208.38974724486675,220.4656786383702,37.53708980118348,-13.24064945005668,-12.74175770407461,-0.4988917459820694,258.77315907929005,185.2138404324287,25.047227672648084,0,203.65499877929685,238.65499877929685,10.261427743094316
2026-04-08,218.0,220.25,214.0200042724609,218.2100067138672,4757653,206.4366675482856,223.042273087935,244.25259887695316,267.181763458252,210.35379913866683,220.26061755432443,45.771280326681534,-11.720936104267878,-12.537593384113263,0.8166572798453853,255.5920710367416,185.60092975671543,24.30079000669352,0,205.77999877929685,238.65499877929685,10.151428222656255
2026-04-09,219.27999877929688,222.8500061035156,215.1100006103516,218.1999969482422,3047171,207.336666531033,221.6490908536044,243.42859893798828,266.8227826690674,211.9230387005819,220.07328840831696,45.765535206382,-10.397504078423168,-12.109575522975245,1.7120714445520768,254.45355289630933,185.32444698162035,23.341131709710638,0,207.08000183105463,238.65499877929685,9.8471429007394
2026-04-10,220.4900054931641,228.5,218.3000030517578,221.17999267578125,5237742,208.43999905056424,220.5140907981179,242.83819885253905,266.46500663757325,213.7744294956218,220.17389788717733,47.86362148381398,-9.004416603232016,-11.4885437390266,2.484127135794584,247.1851937656409,188.78080660057003,21.88930083924832,0,209.90499877929685,237.38000488281247,10.065000261579245
2026-04-13,215.0,220.6999969482422,211.8000030517578,218.5399932861328,2781785,210.4222208658854,219.8863629427823,242.20099884033203,266.12362213134764,214.727542253724,220.02536110526415,46.15994875734559,-8.020950109840754,-10.79502501318943,2.7740749033486765,242.2973228345116,190.7926765551368,21.09987646381664,0,209.90499877929685,229.90499877929685,9.806428091866632
2026-04-15,225.0,228.0,221.8000030517578,224.7700042724609,5712092,213.17999945746527,218.3168182373047,241.49539916992188,265.83050666809083,216.7360346574714,220.45669230228205,50.62623478586939,-6.662040156167961,-9.968428041785138,3.306387885617177,237.77178782344103,193.2402116882777,19.66321960485712,0,209.90499877929685,229.90499877929685,9.842857360839844
2026-04-16,226.0,228.8999938964844,223.0,227.77999877929688,7259133,215.99444410536023,217.4295453158292,240.7939990234375,265.5049970245361,218.9448274818365,221.1224474365561,52.6691346819886,-5.281332908087904,-9.031009015045692,3.749676106957788,236.39593431799176,193.9390647664809,18.27235126541365,0,210.10499572753903,229.90499877929685,9.278570992606031
2026-04-17,229.72999572753903,242.5,229.07000732421875,234.6699981689453,11900676,219.72333272298175,216.9349996393377,240.0583987426758,265.17700912475584,222.08986161925827,222.3540429576824,57.04992923376725,-3.589766504200384,-7.942760512876631,4.352994008676247,236.7856986948524,193.7163002065148,18.118044812556604,0,219.05999755859372,229.90499877929685,9.672857012067526
2026-04-20,234.7899932861328,234.7899932861328,227.0,227.4900054931641,4259331,221.9699995252821,216.61409065940165,239.2321990966797,264.8622774505615,223.16989039403944,222.8209486427262,51.6816587808038,-2.7963191191177827,-6.913472234124861,4.117153115007079,236.68897576355457,193.75702338195325,17.763431720403847,0,222.36499786376956,229.90499877929685,9.807856968470984
2026-04-21,229.7700042724609,230.3000030517578,227.0,227.259994506836,2296360,224.23333231608072,216.3531813188033,238.2443991088867,264.42338333129885,223.9879112165988,223.2244982667362,51.51442753778249,-2.161153877644864,-5.963008562828863,3.801854685183999,235.9291627605241,194.1178358356673,17.434148134833432,0,227.1500015258789,226.00500488281247,9.132857186453686
2026-04-22,227.0,228.4900054931641,225.1000061035156,225.8000030517578,2962140,225.07666524251303,216.25090859153053,237.10039916992187,263.9610485076904,224.3503295836306,223.4586350653745,50.39963316968327,-1.7553553130481705,-5.121477912872725,3.3661225998245543,236.72181368250293,193.96518582921576,16.914945043817337,0,227.1500015258789,220.58000183105463,8.789285932268422
2026-04-23,225.0,225.8000030517578,220.0,220.67999267578125,2229328,225.3522203233507,215.77045371315697,236.1689990234375,263.4518370819092,223.6162622020608,223.2060312117751,46.59177831899712,-1.8258517917121535,-4.46235268864061,2.6365008969284567,237.0056588842247,194.01433928472065,15.874734378695743,0,227.1500015258789,219.10499572753903,8.781428745814736
2026-04-24,220.5,222.5,214.5,216.47999572753903,2132167,224.82999844021268,215.63772652365944,235.126598815918,263.0081990051269,222.1890089071564,222.5945734404809,43.6766029881134,-2.1953191393375846,-4.008945978780005,1.8136268394424209,237.05424665025035,195.0237517018004,15.129189757717622,0,227.1500015258789,216.90499877929685,8.557143075125557
2026-04-27,219.0,224.1100006103516,217.5599975585937,219.0200042724609,2717372,224.88333299424917,215.7136355313388,234.0739990234375,262.5755490875244,221.55520798021732,222.26961260702453,45.881908446636274,-2.257148212790071,-3.658586425582018,1.4014382127919474,237.3476043096714,195.62239385927396,14.260453537738655,0,228.5,216.90499877929685,8.132143293108262
2026-04-28,219.6499938964844,220.75,214.009994506836,214.97000122070312,3420795,223.79444376627603,216.12590859153053,232.9673992919922,262.0903990936279,220.23816662831453,221.6060115719044,42.99144918290034,-2.60294447432139,-3.447458035329893,0.8445135610085028,237.40301096743,195.9389873235856,13.819036388761038,0,228.254997253418,216.90499877929685,8.107857840401788
2026-04-29,216.7100067138672,217.5,211.509994506836,214.2899932861328,6201499,222.2955542670356,216.3163625543768,231.87219940185548,261.61084899902346,219.0485319598782,220.9409190004706,42.50724156770586,-2.898449933557288,-3.337656414975372,0.4392064814180845,236.7248681952977,197.97612972950705,13.661481362761917,0,227.004997253418,216.90499877929685,7.581429617745534
2026-04-30,213.0,218.75,210.08999633789065,215.8699951171875,6934625,220.2066650390625,216.52636233243075,230.8845993041992,261.15144897460937,218.4128245913401,220.47992592017212,44.08311309425241,-2.97090050417296,-3.26430523281489,0.2934047286419301,235.7367561878725,200.5562415538267,13.66018889252346,0,222.4399948120117,216.90499877929685,7.6471437726702
2026-05-01,215.8699951171875,215.8699951171875,215.8699951171875,215.8699951171875,0,218.9155527750651,217.21590770374644,229.94699920654296,260.7260488891601,217.9042586965096,220.060841301719,44.08311309425241,-2.993807355747407,-3.210205657401393,0.2163983016539865,234.8406987584516,202.7942988001421,13.65898874158775,0,220.19499969482425,216.90499877929685,6.911429268973214
2026-05-04,217.0,222.8500061035156,215.1300048828125,221.759994506836,3512221,218.304441663954,218.20727122913704,229.26119934082035,260.3470989227295,218.6754058585749,220.21530977491145,50.00745280978428,-2.507779355319542,-3.0697203969850237,0.5619410416654813,233.56369221258703,206.13630473565516,12.718044919097167,0,219.29000091552737,216.90499877929685,6.792858668736047
2026-05-05,221.0,223.759994506836,216.509994506836,218.63999938964844,2203053,217.5088857014974,218.9431804310192,228.4179995727539,259.9412989807129,218.6683245647896,220.07209973988756,47.15729316982669,-2.3472980041580627,-2.9252359184196317,0.5779379142615686,232.81590572634187,208.02109073361905,11.889722609167274,0,217.94499969482425,216.90499877929685,6.635001046316963
2026-05-06,221.0,224.6999969482422,218.32000732421875,223.22999572753903,2752422,217.7922193739149,219.9486347545277,227.709599609375,259.5176988983154,219.58065879733948,220.3591811933104,51.533697589796574,-1.8286613629985595,-2.705921007335417,0.8772596443368577,231.9134546647845,210.5575414289655,11.24404318758724,0,217.3949966430664,216.90499877929685,6.669286455426893
2026-05-07,224.8999938964844,225.72999572753903,221.13999938964844,224.4900054931641,2518502,218.6822204589844,220.73136208274147,227.1013998413086,259.0921488952637,220.56252813650443,220.73471067511525,52.69197728753014,-1.3009690689576985,-2.424930619659873,1.123961550702175,232.22219211584184,210.87680385583784,10.78474901240398,0,217.90999603271484,216.90499877929685,5.945714678083141
2026-05-08,224.4900054931641,226.4499969482422,221.38999938964844,223.0200042724609,1919442,219.12666490342883,221.4645441228693,226.53279998779297,258.672248916626,221.05402336369576,220.9424646385103,51.155952584972,-0.9899741317571512,-2.137939322079329,1.147965190322178,232.3619296446043,211.2190670594973,10.460168621202945,0,218.2699966430664,216.90499877929685,5.750714983258923
2026-05-11,221.0,224.72999572753903,218.009994506836,218.6600036621093,2558292,219.53666517469617,221.4849985296076,225.99,258.2227989959717,220.57521942337848,220.7349681861102,46.798440289098416,-1.082841689684983,-1.92691979560046,0.8440781059154772,232.3262531814701,211.00274462126424,9.801780682675563,0,218.2699966430664,216.90499877929685,5.99500056675501
2026-05-12,218.6600036621093,218.9199981689453,210.02999877929688,210.69000244140625,2837740,219.1366661919488,221.14363514293325,225.4048001098633,257.7224990081787,218.59817602698405,219.82178948204617,40.0779035166982,-1.779044669317727,-1.8973447703439137,0.1183001010261863,232.9478195373416,209.59617918092013,10.261864334016888,0,218.23999786376956,219.05999755859372,6.387857709612149
2026-05-13,211.9100036621093,214.4900054931641,209.5,210.0500030517578,1690461,218.49000040690103,220.63772652365944,224.75480010986328,257.2539990234375,216.8885414319388,218.93344526111085,39.58629064319879,-2.355282913283247,-1.9889323989317809,-0.3663505143514665,233.10501660183616,207.9669819943552,10.753381164213746,0,217.9749984741211,222.36499786376956,6.330000741141169
2026-05-14,212.5,218.8000030517578,208.1000061035156,217.13999938964844,8074930,218.63111199273004,220.5740904374556,224.2066000366211,256.7801990509033,216.93883302348075,218.77040472734157,47.29870993451315,-2.2143270385722644,-2.0340113268598774,-0.180315711712387,232.1764681648816,207.8315304923449,10.490003639358434,0,217.2750015258789,225.3000030517578,6.522857666015613
2026-05-15,220.0,223.4900054931641,216.7400054931641,221.2899932861328,5071482,218.57888963487412,220.41590811989525,223.02339965820312,256.3308990478516,217.8090650760112,218.99945823268615,51.2237966297125,-1.7476033838674994,-1.976729738261402,0.2291263543939026,229.402286080095,209.26771208885032,9.936334652868586,0,217.2750015258789,225.3000030517578,6.460000174386145
2026-05-18,220.82000732421875,220.94000244140625,214.1000061035156,218.7700042724609,3095265,218.5933346218533,220.00636291503903,222.14179962158204,255.90724906921383,218.0012529153011,218.9785987817566,48.8448606486462,-1.5630457593761378,-1.8939929424843491,0.3309471831082116,228.20578137142,209.592216675455,9.41693851353071,0,217.2750015258789,225.3000030517578,6.492141723632803
2026-05-19,220.0,224.2400054931641,219.5599975585937,221.2400054931641,2672758,218.37222459581164,219.3959087025036,221.57559967041016,255.54244903564447,218.6490034308737,219.1841812100664,51.235415549329765,-1.2035997082299446,-1.7559142956334683,0.5523145874035238,227.12274980989852,210.0732493356093,9.038817530279465,0,217.2750015258789,225.3000030517578,6.454998561314172
2026-05-20,221.0,228.25,219.5399932861328,224.17999267578125,6533566,218.33777872721356,219.2454535744407,221.08219940185543,255.23284896850583,219.7552012798552,219.6383458887677,53.991427887482565,-0.6737373036390295,-1.5394788972345803,0.865741593595551,226.7803940818293,210.2536040260809,9.233064264550878,0,218.1750030517578,225.3000030517578,6.458570207868304
2026-05-21,225.0,226.3800048828125,218.08999633789065,219.82000732421875,2850571,217.9822235107422,218.9072723388672,220.55559967041012,254.8924490356445,219.76816248872797,219.6548605647178,49.521554938242566,-0.598730122347547,-1.351329142257174,0.7525990199096271,226.69886418123895,210.24913539151493,9.173335266743583,0,218.1750030517578,225.3000030517578,7.050713675362721
2026-05-22,219.0,224.47000122070312,218.6100006103516,221.0500030517578,2125468,218.2477789984809,218.6913632479581,220.329599609375,254.67044898986816,220.0245306013339,219.78169169990323,50.760041504220005,-0.4350213596249546,-1.16806758573073,0.7330462261057755,226.948013960335,210.4569863448408,9.117872625922526,0,218.1750030517578,225.3000030517578,6.917856488909038
2026-05-25,225.77999877929688,226.1499938964844,221.8600006103516,224.13999938964844,2798806,219.7422231038412,218.84863628040657,219.6263998413086,254.5401490020752,220.8476243589968,220.17790148988007,53.825044229283954,-0.0553065657555578,-0.9455153817356956,0.8902088159801379,227.55593204487408,210.36106777202048,9.320543362487678,0,218.1750030517578,221.44499969482425,6.764284406389509
2026-05-26,223.8800048828125,228.3000030517578,222.7400054931641,224.509994506836,2800786,221.34888882107205,219.2136362249201,219.17059967041016,254.41544898986817,221.58009838856464,220.57172812778515,54.19272452789911,0.2723363341258107,-0.7019450385633945,0.9742813726892052,228.1588576147979,210.7121415307099,9.828323588672944,0,218.20000457763672,219.20000457763672,6.705713544573101
2026-05-27,224.6499938964844,226.6000061035156,222.0200042724609,222.8000030517578,1557325,221.977778116862,219.38545435125175,218.7155996704101,254.26994903564452,221.82407932120333,220.77429857541904,52.126831500607565,0.3895234890793233,-0.4836513330348509,0.8731748221141742,228.35475342106795,211.3672467010024,10.150162823999995,0,221.20000457763672,218.29500579833984,6.704999651227679
2026-05-28,222.8000030517578,222.8000030517578,222.8000030517578,222.8000030517578,0,222.1455569797092,219.74136352539065,218.48059967041016,254.11894905090327,222.01926406731425,220.95845352781345,52.126831500607565,0.4768977729992798,-0.2915415118280248,0.7684392848273046,228.5802838947046,211.83471702082275,10.449013542517973,0,221.20000457763672,218.20000457763672,6.343571254185268
2026-05-29,222.8500061035156,228.009994506836,221.009994506836,224.3300018310547,5366422,222.7633344862196,220.1977275501598,218.3071997070313,254.0445990753174,222.48141162006232,221.2649579190172,53.94853142140703,0.6619698607665327,-0.1008392373091132,0.762809098075646,228.93514903027904,212.325852556635,11.529429214862338,0,223.19499969482425,218.20000457763672,6.363571166992194
2026-06-01,225.25,243.8699951171875,225.0,233.22000122070312,35445089,224.09444512261285,220.9863641912287,218.41059967041016,253.9964490509033,224.6291295401905,222.35178003735223,62.80506545885751,1.5085992841371194,0.2210484669801332,1.287550817156986,231.23762494286365,211.16937731543717,14.131652433715908,0,230.97999572753903,225.9850006103516,7.124285016741077
2026-06-02,234.0,241.69000244140625,231.72999572753903,238.75,8783657,225.71333482530383,222.02636441317472,218.56059967041017,253.98469902038573,227.4533036321524,223.84252730668388,67.05011014694742,2.595860424053541,0.6960108583948148,1.899849565658726,234.85257467681228,209.56542764252364,16.548002565508504,0,230.97999572753903,225.9850006103516,7.479285103934158
2026-06-03,239.8500061035156,244.0,236.42999267578125,242.25,4693025,228.205556233724,222.95772829922765,219.01759979248047,253.9824490356445,230.41264290572195,225.51593391516715,69.42829607479833,3.6973230217196544,1.2962732910597827,2.401049730659872,238.6644723419176,207.65553040466443,18.971482036600868,0,231.30500030517575,226.0500030517578,7.255714416503911
2026-06-04,242.0,250.8800048828125,239.1100006103516,247.0599975585937,4930184,231.0955556233724,224.249546397816,219.61179962158204,254.0387490081787,233.7421138362963,227.47448515547865,72.37879802714926,4.901861067052806,2.017390846258388,2.8844702207944186,243.1275233262528,205.44947862687215,21.69679217439247,0,235.94499969482425,229.4900054931641,7.614286150251118
2026-06-05,248.0,248.0,237.6300048828125,239.009994506836,2935639,232.7477773030599,224.96681906960228,220.27399963378903,254.03304901123047,234.79568997040425,228.5231678237839,61.65433089084598,5.14756030565448,2.6434247381376066,2.5041355675168733,245.0255129930861,205.1504879834764,23.88888354957319,0,235.94499969482425,229.4900054931641,7.841429574148996
2026-06-08,234.97999572753903,239.2899932861328,228.6100006103516,229.5399932861328,2123037,233.3066660563151,225.19636396928263,220.66279937744144,253.99524894714355,233.74455063355,228.6156065021792,51.9099615507125,4.525956360392826,3.019931062588651,1.5060252978041748,245.424227636664,205.83977230230084,24.12551030744535,0,235.94499969482425,229.4900054931641,8.213571820940285
