Date,Open,High,Low,Close,Volume,SMA_9,SMA_22,SMA_50,SMA_200,EMA_9,EMA_21,RSI_14,MACD_Line,MACD_Signal,MACD_Hist,BB_Upper,BB_Lower,ADX_14,ST_Direction,Ichi_Tenkan,Ichi_Kijun,ATR_14
2024-12-17,485.7764872275968,500.14334396576487,485.5313189217312,487.8359069824219,378661,496.4767422146267,486.06178283691406,504.88197509765627,,492.5654173969027,492.8989275842752,47.000205027666624,-1.1168099833064389,-1.2748179812917162,0.1580079979852773,530.1452415208082,445.526581599309,9.608986368563194,0,500.3885435543781,475.67554431758026,14.96577168970092
2024-12-18,491.36630406547096,494.16122872322217,482.5402451006387,490.18951416015625,148353,494.18305121527777,486.5721796209162,503.2354248046875,,492.0902367495535,492.6526172729916,48.169617812687726,-1.236965222589788,-1.2672474295513307,0.0302822069615427,529.6493421737629,448.96940477447936,9.188709625405272,0,500.3885435543781,475.67554431758026,14.307317895795116
2024-12-19,487.6888114443325,491.3173145609017,481.363486728506,488.42431640625,124107,492.150875515408,487.9696391712536,500.55230224609375,,491.3570526808928,492.2682262851061,47.326206518702286,-1.457820969091017,-1.305362137459268,-0.152458831631749,524.6153017134409,458.897006025817,8.880026459261348,0,495.95099286655625,475.67554431758026,13.091983239316765
2024-12-20,485.6784349589361,491.8076428710883,480.03956367975616,487.0023498535156,345088,491.0884772406684,489.1642788973722,498.06825744628907,,490.48611211541737,491.7895102458705,46.61809536364362,-1.7276759830169794,-1.3898249065708104,-0.3378510764461691,518.7260282325435,468.91491415026894,8.689670965442664,0,494.4799883897654,475.67554431758026,12.65068121397666
2024-12-23,477.5388518166608,486.6100793935606,461.3086915467333,465.0842895507813,533583,487.4327460394965,490.32771439985794,495.4773187255859,,485.4057476024902,489.3617629099533,37.34320559323868,-3.667861491205485,-1.8454322234977452,-1.82242926770774,518.6975308738229,468.9581209816459,9.702300306047912,0,485.114552323254,479.23049324350313,13.89754113020015
2024-12-24,467.7811686268555,473.2729451455559,463.8094536945297,467.8792419433594,151448,483.21585422092016,491.3351343328303,493.3090502929688,,481.90044647066406,487.4088064584448,39.00958092941387,-4.9231916957491535,-2.460984117948027,-2.4622075778011263,519.6105773974074,467.3684143018114,10.642598979467074,0,484.6732309854539,479.23049324350313,13.522783502085929
2024-12-26,467.8792138411073,470.0857286549304,453.9536417116481,456.0130615234375,152919,479.4620530870226,490.9294919100675,491.6330798339844,,476.7229694812188,484.5546478279895,34.78036370751427,-6.7971976536532,-3.328226825089062,-3.468970828564138,522.9188129872384,461.0397044688162,12.054326892664408,0,477.04849283870647,479.23049324350313,13.841501432265884
2024-12-27,456.2092260391024,468.9579787968064,456.01307941018206,458.12152099609375,236936,476.2585211859809,490.17838634144175,489.9639733886719,,473.0026797841938,482.1516362978172,36.10589053675843,-8.01977880058945,-4.266537220189139,-3.75324158040031,524.8930661930633,456.00084860185854,13.36521709777622,0,477.04849283870647,479.23049324350313,13.802977119499095
2024-12-30,458.12147583667735,465.9178396872392,450.9135218871001,452.4826049804688,801616,472.55920071072046,488.64496820623225,487.8888671875,,468.8986648234488,479.4544516326037,34.10926091017268,-9.336076090169628,-5.2804449941852365,-4.05563109598439,526.2378264585611,450.01750191057954,14.857918617823152,0,475.5284329264325,479.4756683553412,13.78196556046026
2024-12-31,452.5317058088402,458.3666939814087,441.8423429071861,453.8555908203125,306729,468.7836100260417,487.05806107954544,486.24133666992185,,465.8900500228216,477.12728246784985,35.05103513222754,-10.151443174950884,-6.254644630338367,-3.896798544612517,524.8903813494426,445.7505976544637,16.694589291515243,0,468.0017858152041,481.2899103834624,14.03764284441568
2025-01-01,451.4038989269615,476.6072142004398,450.1290356337487,471.31158447265625,955806,466.6860622829861,485.8054754083807,485.13906005859377,,466.97435691278855,476.59858265010496,45.68111376047396,-9.2820766602768,-6.860131036326054,-2.421945623950746,521.9465140802263,444.9875191228987,16.67252114723664,0,466.8249928891372,481.2899103834624,15.025319219487605
2025-01-02,470.8212400494125,474.79295479765057,462.4855173051034,469.0069885253906,318569,464.5285814073351,483.9421983198686,484.58301818847656,,467.38088323530894,475.90843772967634,44.64228126946474,-8.67901280941345,-7.223907390943534,-1.455105418469916,518.1313855690249,444.6347887473814,16.652029298977936,0,466.8249928891372,481.2899103834624,14.4194036719927
2025-01-03,469.0069561917959,551.9228629786935,469.0069561917959,540.448974609375,13619711,470.4670952690972,485.3998315984553,485.4803326416016,,481.9945015101222,481.7757592641944,68.53232377171649,-2.4085449445228164,-6.260834901659391,3.8522899571365743,526.3736540830753,439.3541443788387,18.096581827303925,0,496.8826029429398,496.8826029429398,19.66250109651286
2025-01-06,524.6601884141212,582.4218667443612,522.30654867341,561.3864135742188,11828243,481.1673312717014,487.7044150612571,486.8826953125,,497.8728839229415,489.01309147419664,72.30458176840935,4.201885635644317,-4.16829079419865,8.370176429842967,540.7332003156223,430.4618497332058,20.173321492557758,0,512.1321048257737,512.1321048257737,23.25246996116096
2025-01-07,558.9347288088501,583.5005816623493,545.254325049187,562.2689819335938,3063404,491.6550801595052,490.0424263694069,488.3056518554688,,510.752103525072,495.6727178795964,72.45448022638804,9.403517490532863,-1.4539291372523475,10.85744662778521,553.7423346426416,424.0232201669288,22.125019530710706,0,512.6714622847677,512.6714622847677,24.94062935895587
2025-01-08,562.7102609983141,563.4457658863014,533.1920221026435,537.8502197265625,750845,500.7480977376302,491.4577137340199,489.5412994384766,,516.1717267653702,499.5070362293205,62.39253709047917,11.423772044194834,1.121611099037089,10.302160945157745,559.2674472057325,422.4845425403612,23.20823450772637,0,512.6714622847677,512.6714622847677,26.27154079903261
2025-01-09,544.2736843873437,592.1305297101122,532.4075613366138,541.6258544921875,8527311,510.02635701497394,493.5059828324751,490.9299328613281,,521.2625523107337,503.3360197077629,63.24252605160701,13.177597364758183,3.5328083521813087,9.644789012576876,564.4921692469742,420.8392791172835,24.888407020548545,0,516.9864363086492,516.9864363086492,29.826479409111386
2025-01-10,552.02104334173,552.02104334173,514.9025217572835,519.3155517578125,1267280,517.4522399902344,494.4755138050426,491.5055883789062,,520.8731522001494,504.7887044395856,55.29030561026714,12.62176573265964,5.350599828276975,7.271165904382665,566.9266140019062,421.3566623652813,25.50498379815034,0,516.9864363086492,516.9864363086492,31.63722529433384
2025-01-13,511.5191447449227,540.7432555643221,503.428590408901,511.9114379882813,1161251,523.9028896755642,494.75188515403056,491.7370269775391,,519.0808093577758,505.4362256712852,52.912429580167526,11.451805768828876,6.570841016387355,4.880964752441521,568.5106390948115,422.2684502606572,25.50764002101831,0,521.1297826719305,516.9864363086492,32.467297212093754
2025-01-14,509.0674524924496,539.0760894053924,492.49411072951744,530.6913452148438,1120498,530.5006408691406,496.6107066761364,491.7929254150391,,521.4029165291894,507.7321456297906,57.86252702289089,11.90277781787438,7.63722837668476,4.26554944118962,572.2567711944764,423.0138037566954,24.99196658723326,0,527.3080235076078,516.9864363086492,35.118617728154376
2025-01-15,534.4669548741865,545.2543613028398,514.9025103347464,521.1298217773438,1039670,536.2920667860243,498.1641845703125,491.7556610107422,,521.3482975788203,508.950116188659,54.70908224844258,11.35771669527037,8.381326040401882,2.976390654868487,574.4843583415636,424.1156080891004,24.711365728696045,0,530.5687429509541,516.9864363086492,36.13431515849803
2025-01-16,526.1802186777156,531.230709841705,502.153724127541,505.488037109375,548857,532.4075181749132,499.0601640181108,491.3467205810547,,518.1762454849313,508.635381726906,49.9164368000334,9.553464141993176,8.615753660720141,0.937710481273033,575.170263960883,424.9595547647029,23.84392839755128,0,542.3123202198149,516.9864363086492,37.28660576141197
2025-01-17,504.8505986784848,518.7761713940081,493.8180241450583,512.1076049804688,631526,526.9320949978298,500.163423018022,491.5369720458984,,516.9625173840388,508.9510383863208,51.83925016535407,8.559061269262202,8.604415182428554,-0.0453539131663518,576.3284648661644,426.16968271684345,22.65982447617809,0,542.3123202198149,516.9864363086492,37.99759357918416
2025-01-20,514.0689318435594,544.2736561030331,512.4507970318458,539.4193115234375,1660050,524.3932427300347,502.4011410799894,492.53921997070313,,521.4538762119187,511.72088139878593,58.85760558389332,9.86114317275235,8.855760780493313,1.0053823922590368,580.4988529123945,427.2409908376056,22.44980484931996,0,542.3123202198149,516.9864363086492,39.11485786835143
2025-01-21,536.4283148150946,538.340639791487,520.7865631341111,526.915771484375,361541,523.1783040364584,504.1507526744496,493.025634765625,,522.54625526641,513.1022350429304,54.912300507638136,9.771481718835105,9.038904968161672,0.7325767506734326,581.9739109346058,431.9490810087536,22.25478662438026,0,542.3123202198149,516.9864363086492,38.55446999853965
2025-01-22,526.2292455807363,527.7493370129934,506.0764221275131,519.5116577148438,304886,520.7211710611979,505.6284484863281,493.719951171875,,521.9393357560967,513.6849098312862,52.66120674135668,8.9992366696913,9.0309713084676,-0.0317346387762995,582.4155865531216,436.67064696738623,21.36868358491633,0,522.2575770356237,516.9864363086492,39.22343266946344
2025-01-23,520.0510240780245,520.198149011017,509.9501013493298,512.1566162109375,162753,519.9257337782118,507.76809969815343,494.5084130859375,,519.982791847065,513.5459740476181,50.44876807429248,7.704919013558367,8.765760849485753,-1.060841835927386,580.7271814547685,443.9734075344893,20.545873619699822,0,518.8742360161787,516.9864363086492,34.032871303376986
2025-01-24,512.1075884928033,513.6276200751386,494.6515865030371,499.0155944824219,314148,518.4928622775608,509.183388449929,495.2095947265625,,515.7893523741363,512.225030450782,46.67565722760619,5.554760495355424,8.123560778659687,-2.568800283304263,578.239516164914,450.5504801729766,19.084463533252368,0,518.8742360161787,516.9864363086492,31.09435098203058
2025-01-27,495.1909857716888,495.1909857716888,455.96405448735726,461.06353759765625,619477,510.7564392089844,509.4129555442116,495.1007403564453,,504.8441894188404,507.5739856459524,37.86714717247144,0.7793467424759797,6.654717971422946,-5.875371228946967,577.0105222726222,452.6375673269872,19.137917618877108,0,500.6092078950985,516.9864363086492,31.43758550930931
2025-01-28,466.898536348234,485.1390646289908,446.4024715827277,469.497314453125,812949,505.01949395073785,509.9300370649858,494.9114709472656,,497.7748144256973,504.11247008296806,40.55200146434446,-2.298175813246587,4.86413921448904,-7.162315027735627,574.889797560694,456.3224644021966,19.473718114007305,0,495.3380638428804,516.9864363086492,32.04350331378111
2025-01-29,469.6444092195986,492.6902303875274,468.32049435843976,479.3040466308594,506187,502.1101616753472,511.14919350364,495.3439477539063,,494.0806608667297,501.8571588600491,43.603668680311785,-3.900846749412267,3.1111420217087784,-7.011988771121045,574.1286145975076,457.8828935812034,19.42489706199897,0,495.3380638428804,516.9864363086492,29.51827243203748
2025-01-30,480.235727105189,480.5299171241554,460.9164511190879,462.6326293945313,264890,496.6129421657986,511.5481498024681,495.38219482421874,,487.7910545722901,498.291292545002,39.8578504649339,-6.441960148458179,1.2005215876753872,-7.642481736133567,574.9536819265193,456.420390339106,19.618979436659306,0,495.3380638428804,516.9864363086492,28.26791131922469
2025-01-31,462.8777726250939,474.7439249004018,456.8466381410629,466.8494873046875,289747,488.54962836371527,511.3453272039241,495.9294104003906,,483.6027411187696,495.4329466140643,41.23302596160087,-8.023060782815492,-0.6441948864227887,-7.378865896392703,573.8824051165392,450.1317184186172,19.931832868939104,0,492.3715556871073,516.9864363086492,26.88095571950453
2025-02-01,463.76038996322654,483.5209506479361,457.7782769459789,478.6175842285156,259884,483.1831631130642,511.78217246315705,496.5874420166016,,482.6057097407188,493.9042773062872,45.01179765923332,-8.23161838238758,-2.161679585615748,-6.069938796771833,566.8416809012252,448.8955596993609,19.75748795334171,0,487.0759042978605,516.9864363086492,25.392433935653266
2025-02-03,470.6741843490376,538.3896669142248,462.8778192778034,531.27978515625,8742953,484.49073282877606,511.36539112437856,497.9142938232422,,492.340524823825,497.3020507471928,58.02045569186707,-4.10023730083833,-2.549391128660264,-1.550846172178066,560.7256629603376,451.912657962514,19.287959660539325,0,492.3960692484762,516.9864363086492,28.618147983390976
2025-02-04,519.7568536189015,523.4834002209084,506.81195397275496,513.5296020507812,884145,484.6432868109809,509.1900815096769,498.6919689941406,,496.5783402692163,498.7772826838827,53.43213253342828,-2.232642942786242,-2.48604149148546,0.2533985486992178,557.5957934051305,452.6104657501429,18.85196910293711,0,492.3960692484762,519.2665006464199,28.288922659771767
2025-02-05,513.9708538467795,535.5947480491868,509.36173720992775,516.4716186523438,824596,486.5828450520833,507.1083831787109,499.29704528808594,,500.5569959458418,500.38585868101546,54.08031713194713,-0.509293982446593,-2.0906919896776865,1.5813980072310936,553.7974477622622,453.8933878090269,18.83562113437925,0,492.3960692484762,519.2665006464199,28.379984344793854
2025-02-06,515.834123159378,530.5442217285618,510.8327135880732,519.2664794921875,436692,493.04983859592016,506.26366771351206,499.9070239257812,,504.298892655111,502.1022787547584,54.725035771076925,1.0696639763534108,-1.458620796471467,2.528284772824878,553.7917993579053,453.8941289868212,18.820440877861245,0,492.3960692484762,519.2665006464199,27.49037413178845
2025-02-07,518.6781099410914,526.0821810656365,511.96046221250174,519.2174682617188,503342,498.5743001302083,505.24510470303625,500.31400390625,,507.2826077764325,503.6582050735729,54.7105292804082,2.2906396695485114,-0.7087687032674713,2.999408372815983,554.5111699659478,453.9053614061225,18.80634492538024,0,497.6181525276438,519.2665006464199,27.16815773634619
2025-02-10,519.6587748328936,535.3495467035312,488.62044278407103,526.86669921875,3776698,503.8590393066406,505.5883386785334,500.6513562011719,,511.199426064896,505.7680681776799,56.64227367202582,3.831335463700441,0.1992521301261111,3.6320833335743297,553.9235461205932,454.11052065186783,17.682990534753156,0,497.6181525276438,519.2665006464199,28.95788552448761
2025-02-11,520.7375128584304,523.3853426915318,494.25933423851023,507.4494018554688,896290,508.8386806911892,505.38551885431474,500.6327233886719,,510.4494212230106,505.9209166938425,50.72733613947799,3.4458131712933664,0.8485643383595622,2.597248832933804,552.6231544504053,454.04287032986826,16.63987574345658,0,497.6181525276438,519.2665006464199,30.554979618669943
2025-02-12,511.56822818812657,518.5309843669588,496.8580994130643,510.5875549316406,642779,513.6984659830729,504.4717102050781,500.6307629394531,,510.47704796473664,506.3451565336424,51.60689120216356,3.354834262563088,1.3498183232002674,2.0050159393628206,552.9777272483288,454.1982493141711,15.671269151538334,0,498.0839719301018,519.2665006464199,30.74761186022659
2025-02-13,512.8920944346296,526.621519524658,503.0853622274665,508.4790649414063,569074,517.0164082845052,503.8966758034446,500.5836895751953,,510.0774513600706,506.5391482070754,50.94881949598968,3.077124129578351,1.6952794844758845,1.3818446451024669,552.691074581732,454.1220479768617,15.143503392397818,0,500.6337430960141,499.2117574622288,29.353655953235656
2025-02-14,510.4575812247208,514.4146167380907,478.3561185465932,481.5217590332031,728632,511.48773871527777,502.807299527255,500.0798468017578,,504.3663128946971,504.2648401003598,43.33960098042269,0.6740376665618442,1.4910311208930764,-0.8169934543312323,547.6441855804278,453.3791817291425,14.631741223709884,0,506.9754332978901,495.82841644278375,29.16236346360953
2025-02-17,477.26796816807337,487.2100080327253,465.1989975175413,472.1238098144531,499926,506.8870951334636,500.98985429243606,499.5910443115234,,497.91781227864834,501.3429282561864,41.0384848394296,-1.9660976785116304,0.7996053610121352,-2.765703039523766,544.812008320713,450.73216282186513,14.677302266416932,0,500.3968727833641,495.82841644278375,28.99388306975928
2025-02-18,474.49801888802216,475.7840735543874,460.64839447654776,466.4850158691406,365015,501.33302815755206,497.67465903542256,498.9610272216797,,491.63125299674687,498.1740271300913,39.67725014443258,-4.461992435348975,-0.2527141982600869,-4.209278237088888,542.9719781228091,447.2695288351987,14.89309254640478,0,497.9989705900395,495.82841644278375,28.67404114638586
2025-02-19,466.4850173055575,496.0638822558293,464.01187008160736,493.1950073242188,602091,498.4361979166667,496.1418970281428,498.70830200195314,,491.9440038622413,497.7213889659211,48.40704954233694,-4.235905049727023,-1.0493523685534742,-3.186552681173549,541.349327214763,446.996018854573,14.07677429007598,0,497.9989705900395,495.3380638428804,29.68509296173465
2025-02-20,488.2981967193797,501.5542598773931,482.56047701322257,496.26171875,324641,495.8855590820313,495.0850816206499,498.8375909423828,,492.8075468397931,497.5886916735646,49.31402345798147,-3.765860687428358,-1.592654032328451,-2.1732066550999067,541.1681731731431,446.9017853229506,13.075518046563394,0,497.9989705900395,495.3380638428804,29.203029330464176
2025-02-21,496.9542075954429,497.7950836867968,487.8035628967135,494.6788940429688,232749,492.30913628472223,494.290639703924,498.9921026611328,,493.1818162804283,497.3241646162377,48.83682781261586,-3.4809417398928417,-1.9703115738413293,-1.5106301660515125,540.2226463765625,451.20884776406257,12.145780106158847,0,493.63495700060287,495.3380638428804,24.523005984297164
2025-02-24,491.1670340288932,496.9542045161333,484.4895365874128,492.1068420410156,165457,490.6044074164497,493.9766055020419,499.1187097167969,,492.96682143254577,496.8498625639447,48.02359975725239,-3.4232237299863755,-2.2608940050703383,-1.1623297249160371,539.6657046470368,454.0267422523773,11.44043045609242,0,493.63495700060287,492.3960692484762,23.6656371803847
2025-02-25,494.62945251102,499.42736423833406,487.90250403278446,491.81005859375,202032,488.5180189344618,495.374174638228,499.19819274902346,,492.7354688647866,496.3916985666543,47.92443291090911,-3.362667003146612,-2.481248604685593,-0.8814183984610189,539.5715998814928,455.3714482142103,10.651259232450682,0,493.63495700060287,492.3960692484762,22.6150549922626
2025-02-27,488.7433308782944,490.87026159292265,469.4527829831278,475.3883361816406,167667,484.8412712944879,495.6419483531605,498.9021691894531,,489.2660423281575,494.4823019861985,42.673529054852736,-4.586896232905929,-2.90237813032966,-1.6845181025762686,538.3317462590757,457.8868725153384,10.833500026907146,0,487.5315056073192,492.3960692484762,22.804038382986427
2025-02-28,464.95168904049297,471.4313228437598,432.9986382312842,438.983642578125,805632,480.1148139105903,493.8092027143999,497.9133557128906,,479.20956237815096,489.4369693127372,33.825530269370006,-8.397855988320828,-4.001473701927894,-4.396382286392933,542.9752495527545,450.4567847490033,12.33483601361738,0,467.2764490543386,485.6941525727545,24.823179747073688
2025-03-03,441.7535442190476,454.0698294466184,412.91665368103753,443.5836791992188,707724,476.94368828667535,492.9433413418856,497.0449822998047,,472.0843857423645,485.2684883933264,35.64138774211011,-10.9209941176519,-5.385377785072696,-5.535616332579205,546.4654248070424,443.4632189917858,14.279266853268634,0,457.2354567792153,475.6531602976312,24.424899164653738
2025-03-04,443.2374443337508,470.8377921856794,428.49749255337525,460.4010925292969,718178,476.26769680447046,492.6502324884588,496.951318359375,,469.747727099751,483.007816042051,41.91656727300316,-11.431795929199607,-6.594661413898079,-4.83713451530153,542.148437440359,440.6923370957738,15.164921887298997,0,457.2354567792153,475.6531602976312,25.12010878265834
2025-03-05,465.0506147205646,474.0528767445072,457.0376115961809,472.1238098144531,302875,473.9264526367188,492.3550609241833,497.03620971679686,,470.2229436426914,482.0183609304512,45.87795591081458,-10.76657436359966,-7.429044003838396,-3.337530359761264,539.656862178731,439.04333313376895,15.81812161615442,0,457.2354567792153,475.6531602976312,24.787421653689176
2025-03-06,470.93666767290375,478.8012876765628,467.91944022936815,473.3109130859375,284178,471.3763631184896,489.7201121937145,497.38216674804687,,470.8405375313407,481.2267747627681,46.27752883479838,-10.027995675292232,-7.9488343381291635,-2.079161337163068,536.2885224490809,438.09560230677846,16.168215446335836,0,456.1720089596858,475.6531602976312,23.883542378689405
2025-03-07,470.8377649532788,497.3993411055951,469.50225945868897,485.6271667480469,494598,470.37061564127606,488.4518196799538,497.9322796630859,,473.7978633746819,481.6268103977935,50.37135228262946,-8.352564836190254,-8.029580437741382,-0.322984398448872,532.2271551753579,438.7930383060874,15.556921818572322,0,456.1720089596858,475.6531602976312,23.30058405407574
2025-03-10,484.78628956836246,504.4230838680047,475.0421140034343,480.8292541503906,508201,469.11755032009546,486.8317122025923,498.4992126464844,,475.2041415298237,481.5543052843932,48.81090751694979,-7.327458889285936,-7.889156128050294,0.5616972387643582,527.5496082481245,439.631763822188,14.66417138480989,0,458.6698687745211,475.6531602976312,23.827009721889056
2025-03-11,473.6076781327865,489.534751780013,465.3968416896357,479.3453674316406,380062,467.7325846354167,485.0171161998402,499.0090081787109,,476.0323867101871,481.3534927523248,48.3124172798483,-6.559182129084093,-7.623161328257054,1.0639791991729617,520.1778492490673,442.2513896425342,14.242833218027611,0,458.6698687745211,475.6531602976312,24.4700262227846
2025-03-12,479.3453857809235,482.758341046614,468.463537929463,473.8550109863281,271081,467.5622151692708,482.95518632368606,499.0598767089844,,475.5969115654153,480.6718125917796,46.423294401230486,-6.320484530499755,-7.362625968705594,1.0421414382058396,516.5856586502701,442.4841411544173,13.851590634586923,0,458.6698687745211,474.2557008651122,23.20165414727953
2025-03-13,476.7733199316933,492.5025297769336,472.1732420781759,489.6831359863281,417175,473.1954922146267,481.265024358576,499.4733996582031,,478.4141564495979,481.4910238094658,52.22333323224155,-4.798799978554825,-6.849860770675441,2.051060792120616,512.940172841116,444.0391850690403,12.986997377685816,0,458.6698687745211,474.2557008651122,23.297047349750045
2025-03-17,484.9841775892255,493.6401929974983,479.6421855466487,481.4723205566406,327667,477.4053412543402,480.084247935902,498.2938665771485,,479.0257892710065,481.4893235137544,49.24509537191995,-4.206903626224857,-6.321269341785325,2.114365715560468,508.6304872906575,445.6481961810222,12.1256723296572,0,466.46028821069,474.1331001922844,23.58322496837621
2025-03-18,481.4723205566406,481.4723205566406,481.4723205566406,481.4723205566406,0,479.746588812934,478.7608281915838,496.6955847167969,,479.5150955281333,481.4877777903805,49.24509537191995,-3.695225246180257,-5.7960605226643125,2.100835276484055,508.62657466787647,445.6471649561469,11.325870499344914,0,480.7303477320928,474.1331001922844,22.69289154489617
2025-03-19,492.7003738745533,501.1585554255824,487.5067647464739,496.90472412109375,322685,482.5000237358941,478.2347217906605,495.3882995605469,,482.9930212467255,482.88931836589984,54.85690318600682,-2.021151869252378,-5.041078791981926,3.019926922729548,510.9660005204414,445.7858305342461,11.452999038724943,0,484.9099627788202,474.1331001922844,23.27584687799561
2025-03-20,497.696158113548,519.3609219631985,497.696158113548,511.39739990234375,762037,486.73185560438367,479.59270546653056,494.8592431640625,,488.6738969778492,485.48096214194015,59.39716427337631,0.4695880395999552,-3.9389454256655503,4.4085334652655055,515.8447585660122,445.39831089199566,12.32590861213874,0,492.3788818264171,469.7690866028478,23.28291275167294
2025-03-21,509.6167430351271,527.2749901286968,499.67467304359457,502.7908325195313,612446,488.638929578993,480.98666104403407,494.08254272460937,510.0154887390137,491.4972840861856,487.05458672172114,55.8075443078577,1.729107230646207,-2.805334894403199,4.534442125049406,517.2937653601876,444.9088866173514,13.430201285519768,0,496.3359159091663,470.0958219048672,22.22652840415478
2025-03-24,511.8425562918112,515.3544131550101,502.5929497596461,509.0231323242188,561347,491.7715827094184,482.9202117919922,493.8766943359375,510.1020565795898,495.0024537337922,489.0517272310391,57.79654009883331,3.1933686071316743,-1.6055941940962244,4.798962801227899,519.474309296711,444.0044840382499,14.455615910802152,0,496.3359159091663,470.0958219048672,20.198548949139287
2025-03-25,512.782334414604,518.668437034495,497.1026047644112,515.0576782226562,591235,495.7396172417535,483.913969560103,493.939619140625,510.0719412231445,499.013498631565,491.41590459391335,59.68843218070496,4.7855785480468285,-0.3273596456676139,5.1129381937144425,522.9828369178163,442.5338348351135,15.028556476692344,0,497.8692640290799,470.0958219048672,18.714658423266407
2025-03-26,511.6941507562984,534.1997900597412,498.0423904195745,502.0983276367188,430472,498.8777635362413,484.1792699640448,493.3677587890625,509.8703811645508,499.6304644325958,492.3870339614412,54.08155783282904,4.9447056225574215,0.7270534079773932,4.217652214580029,524.2128250947131,442.3029952177868,16.182710037940254,0,503.18651606895855,473.5582218703894,20.081953744112152
2025-03-27,501.55426661875487,516.3931502465286,490.9197333521837,506.94573974609375,353822,500.7958306206597,484.7368538596413,493.0840771484375,509.64525024414064,501.09351949529537,493.71055266913686,55.75572612308376,5.399716055784438,1.6615859375388022,3.738130118245636,526.1765842375735,441.8528041901609,16.761808206699698,0,506.920987803195,473.5582218703894,21.124208704622884
2025-03-28,508.97369070402885,516.3931322594811,502.5929588904259,506.154296875,225454,503.5382724338108,485.3753745339134,493.09740234375,509.41542663574216,502.10567497123634,494.8418021423971,55.40056902153095,5.631535441891799,2.455575838409402,3.175959603482397,528.6248767049722,442.4811077920981,17.299542220547753,0,507.8360553081909,473.5582218703894,20.117286684776392
2025-04-01,506.9951742324644,514.414615806598,504.0768484707245,510.7048950195313,107531,506.7863362630208,486.2342307350853,493.06934814453126,509.2716094970703,503.82551898089537,496.2839014948639,57.09293179916182,6.111993953170554,3.186859461361633,2.925134491808921,527.5793197450274,450.6987899961836,17.79886666197809,0,510.85327740310754,473.5582218703894,18.75705793272661
2025-04-02,508.1823042748183,531.2320243543147,504.5220343029805,509.3199157714844,461760,508.1658020019531,487.7765752618963,492.4673602294922,509.1289579772949,504.9243983390132,497.4689937018293,56.391576875789504,6.3082865339217165,3.8111448758736497,2.4971416580480668,525.3044906343753,459.54724276406233,18.98837841718972,0,512.5597617059625,473.5582218703894,18.940777929937827
2025-04-03,506.797308609652,512.782312715951,496.1133248561612,500.86175537109375,279926,506.9951748318142,490.5892167524858,491.94627990722654,508.9329829406738,504.1118697454293,497.7774265808534,52.17612028432938,5.715462666001258,4.192008433899172,1.523454232102086,523.8230502265126,465.0747494561047,19.44561422377991,0,512.5597617059625,473.5582218703894,19.110362554412017
2025-04-04,504.6209707012703,504.6209707012703,482.01639880846767,494.283203125,273435,506.04988267686633,492.89374056729406,491.4417108154297,508.69283737182616,502.1461364213435,497.4597699030485,49.10168155301308,4.661081249383756,4.285822996996089,0.3752582523876668,522.9931468807216,468.1205921329503,18.898530211428245,0,508.1080944341044,473.5582218703894,19.27288285398666
2025-04-07,435.7685436927414,499.5757424854356,435.7685436927414,484.9347229003906,269777,503.37339274088544,494.00890558416194,490.8972729492188,508.38731658935546,498.7038537171529,496.3211292664432,45.04015492748108,3.036133497656067,4.035885097128085,-0.9997515994720176,522.0396999593262,470.23642003579096,18.919224660169107,0,484.98416687624126,473.5582218703894,22.83068223554699
2025-04-08,494.2832100096164,497.3004678091583,487.8530270729423,493.6401977539063,293533,500.99367268880206,494.98692321777344,490.7897650146484,508.1326782226562,497.6911225245036,496.07740821984896,49.24999111448793,2.42288030729344,3.713284139161156,-1.290403831867716,521.9999350309135,471.0774880647896,18.938440933999907,0,484.98416687624126,473.5582218703894,23.7139497290304
2025-04-09,494.5799971569367,514.1178603539568,492.74986216128406,506.8467712402344,604654,501.5212775336372,496.5112804066051,491.7054296875,507.9413761901856,499.5222522676498,497.0564412217022,54.89456246749008,2.9683159455791497,3.5642905004447547,-0.595974554865605,522.5693883638583,473.1097864408292,18.06552158893693,0,483.500284023528,473.5582218703894,23.834075680725466
2025-04-11,514.4145953283443,527.0770963682053,513.5242382230642,518.4210815429688,355245,502.7963155110677,498.0019128972834,492.68390502929685,507.8682569885254,503.3020181227136,498.99868125090825,59.17966360447649,4.28513140205439,3.708458680766682,0.5766727212877076,524.5453668443088,475.04137937151154,16.90428922394602,0,483.500284023528,481.3486413065582,23.675084772573047
2025-04-15,516.8383037236239,534.6449632119171,510.2102572826232,530.1932983398438,432276,505.4673156738281,500.24573308771306,493.7016900634766,507.8120750427246,508.68027416613967,501.8345555317206,63.027036267411965,6.207085234632643,4.208183991539874,1.998901243092769,527.7532361140051,477.4673388371669,16.161536249956225,0,485.2067534523293,485.2067534523293,23.448969690015307
2025-04-16,531.4793459944487,544.0923970161876,525.1480648591589,542.163330078125,414452,508.9626973470052,503.1010950261896,495.29230407714846,507.791961517334,515.3768853485368,505.5008077632119,66.48592539642458,8.59702783204682,5.085952759641264,3.511075072405556,535.1901269774614,475.27846738289,15.87539094041555,0,489.93047035446455,489.93047035446455,23.89060317299136
2025-04-17,539.1461082486039,552.006474133433,539.1461082486039,548.0494384765625,318877,513.2659776475695,506.4735690030184,496.91630310058594,507.801033782959,521.911395974142,509.36886510078926,68.06789301453186,10.841065262579434,6.236975260228897,4.604090002350537,541.9958818221328,475.13042433021104,15.934061195271465,0,493.8875089130872,493.8875089130872,23.26878414547317
2025-04-21,548.0494491891814,555.9140697868542,540.1353777207455,549.48388671875,409250,518.6684366861979,509.19178494540125,498.3336291503906,507.8248780822754,527.4258941230637,513.0156852478766,68.45863684216096,12.590098262942432,7.507599860771605,5.082498402170828,547.5597527403344,476.3677100282204,16.14772994722443,0,495.8413067397978,495.8413067397978,21.813162175897588
2025-04-22,550.0279595726236,561.0087094338451,549.6322318527566,556.161376953125,282965,525.5437893337673,512.5867420543324,498.8312609863281,507.889220123291,533.172990689076,516.9380208574446,70.28169945033153,14.34962364359933,8.87600461733715,5.473619026262179,554.8467610685399,475.0063669832178,16.555794103364498,0,498.3886265632932,498.3886265632932,20.81683402023688
2025-04-23,563.8775558438506,563.8775558438506,552.9957082749341,559.475341796875,272391,533.8260803222656,516.1323339288884,499.75017578125,508.0118104553223,538.4334609106359,520.8050500337565,71.17223530964316,15.829002563061522,10.266604206482024,5.5623983565794966,561.8779385807177,472.7829836604933,17.054617204433065,0,525.8652914583964,499.823049768296,20.608382177369823
2025-04-24,558.9312845336765,563.8281282174523,536.2277804576773,538.700927734375,235912,538.8328280978733,518.0321613658558,500.19476196289065,508.0167994689941,538.4869542753837,522.43194800654,59.19680153700829,15.1504544116367,11.24337424751296,3.907080164123741,564.098679479466,474.1532522832292,16.466689843493498,0,528.3137090025673,499.823049768296,21.84142363621993
2025-04-25,544.7849050251692,558.9312956534026,524.8513134265858,540.1353759765625,724848,542.5315619574653,519.3384330055931,500.6121398925781,508.04268997192383,538.8166386156195,524.0413505492693,59.70101626151048,14.560602535548014,11.90681990511997,2.653782630428044,566.3301627107481,475.0329934171816,15.298399577113246,0,537.0439065632369,499.823049768296,22.3678516487544
2025-04-28,534.1997874690132,554.4795942155221,531.8255420395454,550.1268310546875,283832,546.0544230143229,521.4900693026456,501.2303271484375,508.1070149230957,541.078677103433,526.4127578679436,63.11959465163431,14.72957423389812,12.471370770875602,2.258203463022518,569.8346148319542,475.0354565791786,14.213558615474442,0,537.0439065632369,499.823049768296,22.79535624276775
2025-04-29,557.9419957402284,558.4366251690761,540.9267313119531,554.3311767578125,224837,548.7364095052084,523.5495258678089,501.7796166992188,508.22840133667,543.7291770343089,528.9507959488408,64.48486688461799,15.029490472639509,12.982994711228384,2.0464957614111245,573.473049998366,476.6203063248762,13.429441372748848,0,544.3644346352182,499.823049768296,22.431450668790635
2025-04-30,554.3311652563223,554.9742076523098,514.7113609035816,518.4210815429688,392183,546.0983818901909,523.7024078369141,501.9990502929688,508.1739149475098,538.6675579360409,527.9935491846705,48.104824316472026,12.228568357960512,12.832109440574811,-0.6035410826142993,573.4115685399858,477.829321962944,13.584729732760149,0,539.2944583737161,499.823049768296,20.74971123707877
2025-05-02,518.4211179009837,526.1868365451351,511.5457564245552,519.0147094726562,146498,542.872300889757,524.4713342840022,502.167593383789,508.2074696350098,534.736988243364,527.1772910290329,48.33844278031607,9.942111739905611,12.254109900440971,-2.31199816053536,573.2917770892151,479.2351546734802,13.86866969487147,0,537.7116561342029,499.823049768296,20.912235180779646
2025-05-05,528.758867982396,537.0686666731428,518.5695136593977,535.0901489257812,267021,541.2729966905382,525.7506256103516,502.6998150634765,508.3410151672363,534.8076203798474,527.896641746919,54.33371700417127,9.319799169429189,11.667247754238618,-2.3474485848094293,574.0750341023702,480.8904230509502,13.46867594985407,0,537.7116561342029,499.823049768296,20.70731766799911
2025-05-06,534.1998120057566,534.1998120057566,514.2167699251823,527.3739013671875,267293,538.0743882921007,526.7151530872692,503.6168579101562,508.4050883483887,533.3208765773155,527.8491198942162,51.258769418708425,8.110482687379658,10.955894740866826,-2.845412053487168,574.188968726296,482.5818869865945,13.31298045163055,0,537.7116561342029,499.823049768296,20.753250087472537
2025-05-07,514.4146321803937,532.963236706129,514.3651813109061,528.8577880859375,182633,534.6724378797743,527.5402845902877,504.751537475586,508.4285282897949,532.42825887904,527.9408170025545,51.823424840488734,7.18895808570403,10.202507409834269,-3.0135493241302385,573.7201391864239,485.8503197979509,13.168406060422994,0,537.6869423210037,499.823049768296,20.33634647789604
2025-05-08,533.0126862939264,546.0709159245584,522.3781530580768,541.174072265625,436638,534.9472317165798,528.9882007945668,506.2453186035156,508.4897682189941,534.177421556357,529.1438402082881,56.34400845120784,7.367536032221551,9.635513134311726,-2.2679771020901747,572.9842942086359,491.2752516898015,12.24124190816508,0,535.2385260389789,499.823049768296,20.67552009999982
2025-05-09,534.1997729412366,534.1997729412366,520.8447786177056,529.5007934570312,148969,533.765611436632,530.2899752530185,506.9714343261719,508.4781767272949,533.2420959364919,529.1762905036284,51.41927869087512,6.4922852758761564,9.006867562624613,-2.514582286748457,568.7196787056793,499.9964742484223,11.445215264256955,0,534.9911907968157,499.823049768296,21.209014940220552
2025-05-12,537.1676025390625,544.5870445630827,534.0514127371445,537.1676025390625,126004,532.325697157118,532.2392661354759,507.7895520019531,508.5684178161621,534.027197257006,529.9027734159405,54.24776113768032,6.344158652509805,8.474325780601653,-2.1301671280918484,565.0545583728283,508.0143350597888,11.167200367870931,0,534.9911907968157,499.823049768296,21.15955487164504
2025-05-13,537.6621820258534,540.0858782709729,528.560988579861,538.3546752929688,163778,530.5505303276909,534.6674457896839,508.66306762695314,508.6611619567871,534.8926928641986,530.6711281320339,54.68766055426165,6.250502188332007,8.029561062147724,-1.7790588738157176,562.971363269208,513.2483205686826,10.5522616243423,0,533.2599820384326,499.823049768296,21.15955965564624
2025-05-14,542.1138550856318,549.038667103149,534.2986859426062,542.2622680664062,158573,533.1995510525173,536.8775398947976,509.6661761474609,508.7594691467285,536.3666079046402,531.7248681260678,56.18120486213484,6.417610624953113,7.707170974708803,-1.28956034975569,562.4132001783488,516.1906023118855,10.506072990466294,0,530.292211763852,499.823049768296,21.43514062647669
2025-05-15,537.3159663438223,558.9312479765758,537.3159663438223,549.4343872070312,791291,536.5795152452257,538.8133406205611,510.81866271972655,508.85269393920896,538.9801637651184,533.3348244061553,58.86144403303257,7.047535734664052,7.575243926699853,-0.5277081920358011,563.3806723882948,517.1472389886584,10.99307197729422,0,536.574008950879,499.823049768296,21.007635903118015
2025-05-16,552.0064523360819,552.154865319183,522.7738646511873,534.3482055664062,841782,536.4970770941841,539.5373008034446,511.9978601074219,508.9050566101074,538.053772125376,533.4269499661782,51.69826788039455,6.257296920687736,7.31165452549743,-1.0543576048096943,563.1185814605506,516.6278174652307,10.478873037038676,0,536.574008950879,499.823049768296,20.671994363202227
2025-05-19,534.4471173047593,540.4815724043127,524.3072136446506,525.1975708007812,454935,536.2552625868055,539.3102222789418,513.722138671875,508.8589549255371,535.482531860457,532.6788245875057,47.89122931421321,4.8368905532696544,6.816701731051875,-1.9798111777822207,562.5238593220174,514.9373528361857,10.001402592515667,0,536.648214643741,525.8652914583964,20.209159119179763
2025-05-20,527.7201733081888,534.1998070398879,524.3072180206307,531.8255615234375,279533,536.5850151909722,538.8403237082741,515.4869763183593,508.806766204834,534.7511377930532,532.6012552180449,50.72184603440791,4.197643906492772,6.292890166140055,-2.0952462596472827,561.2684208421432,514.4269587965288,9.558037179744309,0,539.8880132971408,528.3137090025673,19.66506591647506
2025-05-21,531.8255513932191,533.1116362448826,524.3072080336218,530.3911743164062,169595,535.3869154188368,538.037675337358,516.8867779541016,508.7133271789551,533.8791450977238,532.4003387724414,50.087727045084726,3.534549190576854,5.741221971027414,-2.2066727804505604,558.5281715557866,514.5901878192134,9.146339991678412,0,539.8880132971408,537.0439065632369,17.418036020941674
2025-05-22,530.3416614673521,535.7331344397865,524.5545211706217,531.8750610351562,141360,535.6507229275173,537.2372741699219,518.0818029785156,508.6562376403809,533.4783282852104,532.35258625087,50.77336505297723,3.0931235053512864,5.211602277892189,-2.118478772540903,554.3801830261699,515.9781482726581,8.95097173335521,0,540.8525563138816,537.0439065632369,17.170716960126306
2025-05-23,530.2427777498668,541.668706127331,527.0771371500725,537.217041015625,174380,535.6562160915798,536.3761679909446,519.3599255371093,508.7097053527832,534.2260708312933,532.7948094113023,53.26244974358207,3.1381687531994658,4.796915572953646,-1.65874681975418,554.2601031325134,515.9498394944396,9.185364609638714,0,540.8525563138816,537.7116561342029,16.89160381466297
2025-05-26,540.7783728137946,552.1053383072306,531.0835878104468,548.9397583007812,336147,536.8323364257812,535.8972778320312,520.626177368164,508.902447052002,537.168808325191,534.2625320376185,58.251225415022624,4.072843545592036,4.652101167481324,-0.5792576218892878,555.5719415327096,515.5184393266654,10.063596734560244,0,540.8525563138816,537.7116561342029,16.902201778676176
2025-05-27,548.0988476970355,553.9849498652675,535.3868957671327,553.1441040039062,308372,538.0414293077257,536.5537858442826,522.0724743652344,509.2549758911133,540.3638674609341,535.9790385800083,59.90425683582022,5.09411384021621,4.740503702028301,0.3536101381879089,556.2244858507696,515.1676223035273,10.991422829659264,0,540.8525563138816,537.7116561342029,16.90220168602702
2025-05-28,553.9849786184426,553.9849786184426,546.7634007945093,548.8408203125,136739,537.9754774305555,536.9494878595525,523.4623834228515,509.5237153625488,542.0592580312473,537.1482914647802,57.39913437226979,5.492919915149059,4.890986944652452,0.6019329704966072,555.0267896271906,515.8162828825749,11.852977445644154,0,538.3794216348149,537.7116561342029,15.725688468702142
2025-05-29,552.501110043854,552.501110043854,536.6235163611226,542.3612060546875,159348,538.8658108181423,536.5965049050071,524.8325073242188,509.83287200927737,542.1196476359353,537.6221927911354,53.7539812995555,5.22588513374501,4.957966582470964,0.2679185512740458,554.7189954404915,518.5180895204459,11.674276960966296,0,539.1460933260322,537.7116561342029,15.407709899760148
2025-05-30,540.926762496966,540.926762496966,531.232037208553,536.722412109375,214308,540.1463487413195,535.7961065118963,525.7732928466797,510.11285385131833,541.0402005306232,537.5403945473389,50.73447884501487,4.507297282206991,4.86783272241817,-0.3605354402111782,553.6001063229234,521.407748901686,11.040171632146212,0,539.1460933260322,537.6869423210037,15.125061166908932
2025-06-02,534.4471118098038,544.0923859239094,531.6277481436626,540.9761962890625,179046,541.1630859375,536.8213390003551,526.9633703613281,510.46411895751953,541.0273996823112,537.8527401602229,52.88459342704657,4.232269101949214,4.740719998324379,-0.508450896375165,553.9237974380499,521.6726625228875,10.704895906490949,0,539.1460933260322,535.2385260389789,15.19218603041857
2025-06-03,542.113887178725,550.671000973065,539.3439742836534,546.0709228515625,294864,542.9052802191841,538.0511668812145,528.2553424072265,510.7994242858887,542.0361043161615,538.5998476776174,55.395482248808,4.374977129787567,4.667571424617017,-0.29259429482945,554.4774403612032,522.9887217481719,10.8989602388185,0,539.2697498945322,535.2385022005656,14.94840356819491
2025-06-04,550.1268434701775,596.5231094696449,549.0881337136818,561.4044189453125,5961697,546.1863199869791,539.2472700639205,529.5453363037109,511.17486709594726,545.9097672419917,540.6729905201352,61.965251022852186,5.660112998053705,4.866079739304355,0.7940332587493506,558.3718535750348,522.3489716202777,13.317015435478073,0,561.8001233098587,554.0344329471,17.008182495718398
2025-06-05,566.8453540344142,578.7164609251872,566.8453540344142,573.6712646484375,821384,550.2367892795139,541.3516956676136,530.7908135986328,511.6263542175293,551.4620667232809,543.6728336227081,66.248214646974,7.58103491106931,5.409070773657346,2.171964137411964,565.3681470818861,518.6023973517075,15.56235240380482,0,563.8033486400459,554.0344329471,16.14611401799547
2025-06-06,575.7486662727496,576.2432957111282,559.0301671037231,567.3399658203125,375708,552.2812567816841,543.1008855646306,532.0817962646485,511.950569152832,554.6376465426873,545.8243910952176,62.34595040656652,8.494576276446878,6.026171874215253,2.4684044022316254,569.0608203333509,518.6936413365711,16.957082722787256,0,563.877573339099,554.0344329471,16.220311864262822
2025-06-09,571.5938020912918,573.3250052321581,554.3312215535948,558.3377685546875,247532,552.8583306206597,543.8810535777699,533.0680889892578,512.1530355834961,555.3776709450874,546.9619708642603,57.18788410240775,8.395385526975474,6.500014604767298,1.8953709222081765,570.7047202765971,519.1667579948873,17.852379764299126,0,563.877573339099,555.3699396974137,16.8703971970704
2025-06-10,556.5570348939851,565.3120124167076,550.868796199507,553.4903564453125,269112,553.3749457465278,544.9714882590554,533.8367425537109,512.3244000244141,555.0002080451325,547.5554604625377,54.56983715658418,7.835309922203237,6.767073668254486,1.0682362539487509,571.5366245533155,519.8484218334033,18.389291607713247,0,563.877573339099,555.3699396974137,17.27316776892325
2025-06-11,552.0064808643647,552.995739790645,539.640744285862,542.1138916015625,189332,553.3474663628472,545.1963195800781,534.6370538330078,512.4234365844727,552.4229447564185,547.0607723842672,48.91059337653813,6.399688706744087,6.693596675952406,-0.2939079692083197,571.5334366375965,519.8367721026378,17.991933900964696,0,563.877573339099,555.4441453902755,17.463953403943663
2025-06-12,542.311748851115,548.5440679347842,534.249264548396,536.9697265625,157015,553.3749457465278,545.1333673650569,535.2375335693359,512.5384310913086,549.3323011176348,546.1434045822884,46.55931229696705,4.791622580897979,6.313201856941522,-1.5215792760435427,571.1297165644355,518.9940261113456,17.226526012149463,0,564.0754288066537,558.6839440436752,17.44275586173864
2025-06-13,530.7868405725105,534.5460122447355,523.3673989643413,531.3804321289062,183119,552.3087497287327,544.6387384588069,535.742056274414,512.6188592529297,545.7419273198891,544.8013161774355,44.07979057171458,3.031266686106278,5.656814822774473,-2.625548136668195,571.2702990047642,518.5566663272671,16.216490045966317,0,559.9452542169931,558.6839440436752,16.91279708326542
2025-06-16,531.2320489198463,540.0364776068465,525.4449082929401,537.1676025390625,190246,551.3194919162327,544.0811573375355,536.2713104248047,512.7784828186035,544.0270623637239,544.1073422103107,47.21431384260672,2.0791807421525164,4.9412880066500815,-2.862107264497565,570.4913685568612,520.5325999489982,15.204933889645758,0,559.9452542169931,559.6484870604161,16.626619598677678
2025-06-17,535.1890485463875,546.3182108313171,535.1890485463875,537.0686645507812,212511,548.6155192057291,544.204814564098,536.8262854003906,512.9265791320801,542.6353828011354,543.4674624230807,47.16563839942992,1.3016576047513126,4.213361926270328,-2.9117043215190157,570.2537883739213,521.2944904346724,14.67061602503436,0,551.0419299447642,559.6484870604161,16.90573277446312
2025-06-18,534.1997973334786,536.3267280858013,516.3931374223627,518.5695190429688,160330,542.4931030273438,543.9035394841975,537.1804406738281,512.9583985900879,537.8222100495021,541.2040130248887,39.05761136973316,-0.798061960556538,3.211077148904955,-4.009139109461493,571.7117737219104,518.6543395593395,14.280612514875326,0,546.3182165667454,556.4581234460038,17.248442306297914
2025-06-19,518.5695184242838,527.2749845167514,506.500547978568,507.7371215820313,267760,535.8705647786459,542.8086103959517,537.4495190429687,512.9394883728028,531.805192356008,538.1615683482653,35.23768936831681,-3.2981695432450806,1.909227810474948,-5.207397353720029,574.8882054948828,513.0641138410548,14.449034060196349,0,539.9127766053631,551.5118287241064,17.937389998587122
2025-06-20,512.4360974632607,516.0469165103415,490.3261555598522,494.3326721191406,934627,528.7588873969185,541.1695875688033,537.6374780273437,512.9180351257324,524.3106883086346,534.1771232365267,31.17458006351204,-6.288658124519543,0.2696506234760496,-6.558308747995593,579.8505542768265,503.8133281694626,15.35519142362803,0,527.8190839882799,543.4246325147485,18.884255939318727
2025-06-23,494.6294454610911,520.6963930850623,489.7820829335295,498.240234375,1250591,522.6199849446615,539.6407318115234,537.7294787597656,512.9251908874512,519.0965975219077,530.9101333400242,33.57893471070419,-8.248253521067454,-1.4339302054326513,-6.814323315634803,581.8148614792708,496.7790685744401,15.855917478694291,0,521.3889113620872,543.1525962015871,20.28334761518452
2025-06-24,502.0488752534544,509.4188658922023,495.22299510569934,498.0423889160156,306741,517.7231513129341,537.8600658069957,537.5533911132812,512.9563645935059,514.8857558007294,527.9221565742052,33.51509440345416,-9.705334412286788,-3.0882110468034787,-6.61712336548331,582.2993671404787,490.7843914044432,16.320877386970103,0,519.1630754341568,543.1525962015871,17.693610770071707
2025-06-25,500.8123212693757,504.9177396921946,495.4208481546107,496.8552856445313,195698,513.2659912109375,535.4925897771662,537.1220751953125,513.0019517517089,511.2796617694898,525.0978955805986,33.10835822989671,-10.831017600428368,-4.636772357528457,-6.19424524289991,582.5742762730598,485.3109288050651,16.752625873226215,0,518.0501468824233,543.1525962015871,17.135385738479503
2025-06-26,499.3284099150778,502.395118421062,491.1670243146828,495.4703063964844,191230,509.2759772406684,532.8710535222834,536.4276153564454,513.0200199890137,508.1177906948888,522.4044783820427,32.61110533688789,-11.700015393256194,-6.049420964674005,-5.650594428582189,582.9651479629765,480.23096714932814,17.381499943945105,0,518.0501468824233,543.1525962015871,16.707883274120512
2025-06-27,497.05313764036464,504.5220301281118,494.9262068909375,496.41009521484375,182303,504.7473653157552,530.4878387451172,535.5125506591797,513.0273414611817,505.77625159887975,520.04135263957,33.34268092677914,-12.17255170248859,-7.274047112236923,-4.898504590251667,583.216533245144,475.94835017770754,17.771232329587214,0,518.0501468824233,543.1525962015871,16.036600385449866
2025-06-30,497.6961475986178,503.0875903702677,492.1562918434282,493.0960998535156,169373,499.8615247938368,528.248515735973,534.4134838867187,513.0332934570313,503.24022124980695,517.5917842044742,32.02250303745032,-12.668418221993193,-8.352921334188178,-4.315496887805015,582.9147138751114,471.4621599041855,18.29559559798074,0,513.0544055096655,543.1525962015871,15.78574912185264
2025-07-01,495.5197822533983,498.1907933877808,486.8143159165279,489.3369140625,220221,496.61345757378473,526.094629461115,533.2105444335938,512.909143371582,500.4595598123456,515.0231596461128,30.54509649643714,-13.21242626223318,-9.324822319797178,-3.8876039424360016,581.7808458180081,466.9226270823825,19.091099681522326,0,507.0446502166397,541.6687126930864,15.609096644124236
2025-07-02,490.67239748572337,494.5305010247711,485.62717123168335,487.2099914550781,134369,494.3326653374566,523.6507110595703,531.8315167236328,512.7927461242675,497.80964614089214,512.4946898105642,29.709900283386645,-13.65774346743234,-10.191406549324212,-3.4663369181081283,577.5766121810681,463.7074179702992,19.898427843751445,0,503.1617821583728,541.0751403506641,15.223991387459924
2025-07-03,490.6723919748242,499.0316413736962,488.050862047593,492.4035949707031,696925,494.11832343207465,521.2112870649858,530.4900817871094,512.716046295166,496.7284359068543,510.6682266433041,34.4249617192,-13.436690359519275,-10.840463311363225,-2.5962270481560505,568.9988767847167,464.1583863988772,20.15744464276643,0,503.1617821583728,541.0751403506641,15.096800124635593
2025-07-04,494.43157336703786,498.2402260715722,487.754075964597,489.0401306152344,220243,493.0960896809896,517.9220012318004,529.4968658447266,512.5997280883789,495.1907748485304,508.7020360952977,32.88640903790511,-13.37868647302065,-11.34810794369471,-2.03057852932594,560.6275577998342,464.6997218632516,20.418317364986105,0,497.5230185619428,541.0751403506641,14.80355589556908
2025-07-07,489.0401478906208,491.0186657093834,481.5217741413654,484.2916870117188,161236,491.5682339138455,513.8592931574041,528.3799920654296,512.4731520080567,493.010957281168,506.482913451336,30.79396588557809,-13.559571391024122,-11.790400633160594,-1.7691707578635274,553.3809931862503,464.5416783225388,21.08355986316079,0,493.21975691678,539.0224418055052,14.686965130075398
2025-07-08,485.2314844584936,490.6724083413105,477.7625919316317,488.6444396972656,306761,490.65591769748266,510.2822237881747,527.1503442382813,512.3737338256836,492.1376537643876,504.8612340191478,34.88395914126413,-13.199537179319066,-12.072227942392288,-1.1273092369267772,545.6978402886248,465.7402395453596,21.942520592783683,0,491.1423110298717,537.1428507006383,14.132271507308271
2025-07-09,487.4573260355257,498.5864887304007,486.2207524027618,496.8552856445313,275756,490.8098042805989,507.4875654740767,526.0008264160156,512.3300798034668,493.08118014041634,504.13342053054623,41.86363276498928,-12.112040759206309,-12.080190505755091,-0.0318502534512159,539.711084206267,467.2011350320144,21.80587963441766,0,491.1423110298717,537.1428507006383,13.531650063697953
2025-07-10,498.4875404793194,499.2294846346835,492.65091916174566,495.0746154785156,148793,490.6614176432292,504.8323045210405,525.5338970947265,512.2750706481934,493.4798672080362,503.3098927985434,40.84122038213546,-11.2640324574416,-11.916958896092394,0.6529264386507929,534.137587504348,468.5851206255349,21.605915619233222,0,490.4250911509497,528.2395264284095,12.164350386729994
2025-07-11,497.4982735646699,497.4982735646699,483.3024029168548,485.1325378417969,133724,489.7765774197048,502.2422429865057,524.8562536621093,512.165447845459,491.8104013347884,501.65740598429375,35.61171694662588,-11.264373656908958,-11.78644184825571,0.5220681913467509,529.3392150866729,468.758703614499,22.10145845633851,0,488.4960382831576,527.00294382138,10.970176136464447
2025-07-14,488.1003404378083,488.1992723668226,473.7560862345278,478.5045471191406,169976,488.5729810926649,499.5847348299894,523.7245416259766,512.024156036377,489.1492304916589,499.55260063291615,32.613591540931296,-11.665000652522338,-11.762153609109037,0.0971529565866973,521.8884860207652,470.3431271384145,23.146765963217295,0,486.4927854346057,523.5405457333429,10.987841518306722
2025-07-15,478.8013005853316,486.1218103001255,475.88297479717215,478.3066711425781,126683,487.5837232801649,497.1722911487926,522.7431970214843,511.8220538330078,486.9807186218427,497.6211524974309,32.52555207055691,-11.861732699608751,-11.78206942720898,-0.0796632723997721,511.6594328028039,474.6959810155555,24.117408648176173,0,486.4927854346057,519.5340493256177,11.040837515833116
2025-07-16,480.2357474196825,482.7583455510534,473.8550154076938,475.4378356933594,163178,485.6986389160156,494.3663926558061,521.6747979736328,511.1861244201661,484.67214203614606,495.6044873334244,31.2101111150328,-12.109544023621424,-11.847564346491469,-0.2619796771299558,506.9116642112008,475.1305812721977,25.14285278947007,0,486.4927854346057,513.3759130125864,10.874782947046
2025-07-17,475.8829770747768,483.6981464595133,475.8829770747768,481.8680114746094,131570,484.90173678927954,491.8572720614347,520.4886767578125,510.7051751708984,484.1113159238388,494.3557168008048,37.32826364132635,-11.652749197792389,-11.808601316751652,0.1558521189592632,504.0202011700516,475.43513330260464,25.96128541672317,0,486.4927854346057,511.150077084656,10.779389199115972
2025-07-18,485.67666443955005,514.4146231369602,484.83578834454215,504.02740478515625,6492075,487.09459431966144,491.19626686789775,519.979208984375,510.4495169067383,488.0945336961023,495.23496116301857,52.88112521367382,-9.39436576021552,-11.325754205444426,1.9313884452289043,505.76462849704666,474.6601792422112,24.63928078701992,0,494.0853546857441,510.0371485329224,12.323340137366785
2025-07-21,504.0274124847945,508.874805274848,496.5090387630602,502.6424560546875,344573,488.6499294704861,490.9646911621094,519.2887060546875,509.86502746582033,491.00411816781934,495.9083697895339,52.012353644480974,-7.628398968416775,-10.586283158038896,2.9578841896221224,506.5764836074568,474.28854629976985,23.41170505943833,0,494.0853546857441,510.0371485329224,12.394003640262136
2025-07-22,501.5542415569708,505.9564555558205,493.640170684277,496.2122497558594,218512,488.5784810384114,491.05012650923294,518.4458575439453,509.0385231018066,492.04574448542735,495.935995241018,48.06412876935372,-6.670824360863719,-9.803191398603865,3.132367037740144,506.3232966842277,474.3587193069832,22.012741263733457,0,494.0853546857441,510.0371485329224,12.637786145866118
2025-07-23,496.5090411639421,498.3391761864052,486.2702054018572,489.3369140625,159675,487.9409586588542,490.64543013139206,517.3873504638672,508.3056199645996,491.5039784008419,495.33607877024366,44.20065667409261,-6.393026881927824,-9.121158495268656,2.728131613340832,505.6532040358928,474.2769747971151,20.80049770679248,0,494.0853546857441,505.04140716016457,12.655451922003971
2025-07-24,489.6831612691138,493.6401969157329,485.1325642375446,488.84228515625,117925,488.3531528049045,490.2272435968573,516.1755084228515,507.7685847473144,490.9716397519236,494.7457338962442,43.92709236797575,-6.141981853836398,-8.525323166982204,2.383341313145806,505.11074919752366,474.1566275114607,19.769795118560264,0,494.0853546857441,500.5155353756396,12.514129248519192
2025-07-25,489.2379611201447,493.2444776496338,476.8227744019821,480.4335632324219,150683,488.5674879286024,489.48080166903407,515.0972155761718,507.3081674194336,488.86402444802326,493.4446274722603,39.456320834914166,-6.54608129465322,-8.129474792516408,1.583393497863188,504.4874878489813,473.1822356617609,19.47612331127729,0,494.13481927232704,497.2262396597951,13.008758654207314
2025-07-28,475.5367619821067,479.9389459424658,466.43556808980605,469.3044128417969,126974,487.5672370062934,488.29144287109375,513.9793524169922,506.5417872619629,484.952102126778,491.25006250585454,34.457671713581774,-7.675879676372631,-8.038755769287654,0.3628760929150232,505.4083402530473,469.88221455652297,19.913120794650304,0,490.4250956133832,493.5659805874342,13.08648570655996
2025-07-29,469.7990236973497,476.82276759826857,461.09355785860623,475.5367431640625,116976,487.5782267252605,487.3426541415128,512.8535760498047,505.8634480285645,483.0690303342349,489.821578929328,39.10984896485443,-7.976408984759814,-8.026286412382087,0.0498774276222722,505.4967338525392,468.4138038671874,20.64442370684409,0,487.7540904977832,487.7540904977832,13.326733807418776
2025-07-30,479.098072789736,486.56699559230384,470.3926065529976,477.9109802246094,225598,487.1385565863715,486.652421431108,511.8039721679688,505.2798468017578,482.03742031230985,488.738797228899,40.83280296886428,-7.931569344224556,-8.00734299875058,0.0757736545260243,505.4661690575966,467.5144675390831,20.325089678055967,0,487.7540904977832,487.7540904977832,14.012149776445089
2025-07-31,475.83351186295897,492.65091249013216,465.9409232587394,478.1087951660156,556710,484.25871107313367,486.1420523903587,510.728646850586,504.7889274597168,481.2516952830511,487.77243340500047,40.98264239067996,-7.79027020780444,-7.963928440561353,0.1736582327569129,504.8899699989066,466.66118661730434,19.469703380081715,0,484.9841815667271,487.7540904977832,14.90601538955778
2025-08-01,474.6958805645978,485.5777282665736,465.99038428914616,468.4635314941406,216514,480.4610527886285,485.2899405739525,509.35357666015625,504.4321871948242,478.694062525269,486.0170786858314,36.17244738959542,-8.360210491182613,-8.043184850685606,-0.3170256404970075,505.2834405352111,464.2100561688904,18.67541610339133,0,483.5250067072134,487.7540904977832,15.273455235638684
2025-08-04,466.4355716043178,471.4313169761273,463.7645604969471,466.0893249511719,236151,477.1140611436632,484.0938373912464,507.6965679931641,504.0547496032715,476.1731150104496,484.2054647099532,35.08094891076138,-8.90086724094732,-8.21472132873795,-0.6861459122093709,506.0066230822962,461.6666374157506,18.119737761722376,0,479.7163670225057,487.7540904977832,15.089735305369173
2025-08-05,466.9301846910165,478.603427232378,466.9301846910165,475.6356506347656,168633,475.5916985405816,483.4845428466797,506.1463989257812,503.65173828125,476.0656221353128,483.42639070311793,42.58312456925621,-8.461494073086612,-8.264075877607683,-0.1974181954789298,505.52494810421433,460.8474334875825,16.90724961679988,0,477.3668773871696,487.7540904977832,15.347647600929635
2025-08-06,478.00990944924695,510.90276766047066,474.0033928164145,480.3841247558594,3936601,474.6519029405382,483.30692638050425,504.7772650146485,503.3724983215332,476.92932265942216,483.14982107154896,45.930249648994405,-7.642032896890953,-8.139667281464337,0.4976343845733844,503.77481734927113,460.95044815365856,17.77767115331481,0,485.9981627595385,487.7540904977832,17.393295035065513
2025-08-07,477.81205462946497,483.5497442447532,470.9366931132301,477.7626037597656,296622,474.3551296657986,482.8122974742543,503.48529296875,503.1291842651367,477.0959788794909,482.660074043205,44.3916774130778,-7.122040397885996,-7.93614190474867,0.8141015068626736,502.1310271524628,460.8630371785919,18.31241143705051,0,485.9981627595385,487.7540904977832,15.96946928286353
2025-08-08,479.59270668168,497.3004652925866,475.1410415942023,490.326171875,587056,476.6908806694879,482.5155195756392,502.5573681640625,503.09676971435545,479.7420174785927,483.3569920279136,52.58852554263982,-5.631254055878969,-7.47516433497473,1.8439102790957609,502.71158478988497,460.80184294449,19.47776511768925,0,485.9981627595385,487.7540904977832,16.66901622476328
2025-08-11,491.0681017152965,498.58647523698585,478.3066682084973,481.0271301269531,217014,477.30092366536456,481.87699751420456,501.3583868408203,503.0239891052246,479.9990400082648,483.1451864005536,47.05932126942098,-5.14088912331448,-7.00830929264268,1.8674201693282004,502.7855950686368,460.9800909665194,20.61806629147847,0,487.3336640787089,487.7540904977832,17.237839235973638
2025-08-12,479.9389474306246,486.6659260383357,472.9152032299818,473.6076965332031,165188,476.8227810329861,481.3531410910866,499.9091223144531,502.9356861877441,478.7207713132525,482.2781418671581,43.160154016986,-5.289978091053797,-6.664643052324903,1.3746649612711064,502.8237443932165,460.47204418100216,21.16161804949328,0,487.3336640787089,487.7540904977832,17.357964380531204
2025-08-13,475.0915832519531,481.67014885090487,470.8377820889638,475.0915832519531,143223,476.48753526475696,481.1980063698509,498.182865600586,502.8555383300781,477.9949337009927,481.62481835668495,44.15673295079238,-5.228128306549763,-6.377340103169876,1.1492117966201123,502.82836394113065,460.4327993889475,21.468284792440933,0,487.3336640787089,487.7540904977832,17.524016815084973
2025-08-14,477.515280158605,479.6916316113007,471.9754243148408,474.5969543457031,244086,477.1690266927083,481.0293828790838,496.2013793945313,502.84818389892575,477.3153378299348,480.98592162841385,43.88055162046763,-5.159548264983414,-6.133781735532584,0.9742334705491702,502.69581171742686,459.83824589976064,21.753046768035187,0,487.3336640787089,487.7540904977832,16.902195675714133
2025-08-18,477.9109712252379,483.74759258244745,475.88297240626656,480.5325012207031,140592,478.7738240559896,481.2609585848722,494.4652301025391,502.8898754882812,477.9587705080885,480.94470159134926,48.07736839311798,-4.573528273556974,-5.821731043137462,1.2482027695804885,498.6512638203593,461.5333034403829,22.26601700721699,0,488.9164761757436,487.7540904977832,16.55595589672331
2025-08-19,482.7583369408661,482.7583369408661,475.9819075257678,477.5647277832031,69391,478.9881659613715,481.0653547807173,492.8497692871094,502.8250352478028,477.8799619631114,480.6374312451542,46.21632412601513,-4.299021280717909,-5.517189090653552,1.2181678099356432,494.0734221781363,463.60337225545743,22.742346515028668,0,490.8702748747172,487.7540904977832,15.916471587825884
2025-08-20,476.3775958354439,482.7583276103055,474.84425666587424,480.4335632324219,95024,478.993659125434,479.9929074374113,491.3886334228516,502.7255055236817,478.3906822169736,480.6188977894512,48.29970473544358,-3.806107033618957,-5.1749726792466335,1.3688656456276762,490.9519219513753,465.14700382987473,23.046899406386103,0,484.7121286629748,487.7540904977832,15.326448866763387
2025-08-21,484.7368488310104,486.81429850681457,475.68513616120464,477.2184753417969,109101,478.9332004123264,478.8372719504616,490.0907250976563,502.4721157836914,478.1562408419383,480.3097684760281,46.14250101039544,-3.633020466242328,-4.8665822366457725,1.233561770403444,489.2015397559933,465.6855421531863,23.612862321911265,0,484.7121286629748,487.7540904977832,14.213532660636044
2025-08-22,477.2184921179528,497.4488489021764,474.9926595705838,484.04437255859375,627788,478.2352227105035,478.2841866233132,489.03221801757815,502.2773724365234,479.33386718526936,480.64927793807954,51.132686906429534,-2.9114933723281524,-4.4755644637822485,1.564071091454096,488.1502011910432,466.2570894583709,24.793991641538355,0,484.7121286629748,487.7540904977832,14.418450185933557
2025-08-25,489.3863848049033,493.59073508608014,479.8400123675792,482.1153259277344,172167,478.35613335503473,477.9559326171875,488.0469158935547,502.0582737731934,479.8901589337624,480.78255502804814,49.73032688852194,-2.46689901719526,-4.073831374464851,1.6069323572695913,488.3638288735928,466.21163804535246,25.89075458119208,0,484.1433154955701,487.7540904977832,14.853019203027896
2025-08-26,481.8185167228383,481.8185167228383,469.8979595101269,471.8270263671875,180541,478.15828111436633,477.1825117631392,486.7401043701172,501.9044337463379,478.2775324204474,479.968416058879,42.96267812710721,-2.9111763504289456,-3.84130036965767,0.9301240192287246,488.1597050508517,466.6680232206327,25.64785548977013,0,483.6734042061517,485.9981627595385,14.83182378419942
2025-08-28,470.194746195424,480.8292794405679,470.1452953260121,474.6958923339844,130895,478.1143154568142,476.9217085404829,485.4926489257812,501.8313786315918,477.5612044031548,479.4890957202522,45.202079379636544,-2.997225678540701,-3.6724854314342767,0.6752597528935755,488.1550995519487,466.5885436365279,25.422306333449747,0,483.6734042061517,485.9981627595385,12.959295874949394
2025-08-29,475.8335129080563,480.4830416381653,473.9044460500828,477.1195373535156,146033,478.3946024576823,477.2769414728338,484.6636492919922,501.704001159668,477.472870993227,479.2736813232761,47.09197482616349,-2.837147621474344,-3.50541786944229,0.6682702479679463,488.1130050428576,466.5514938585096,25.21286783115225,0,483.6734042061517,485.9981627595385,12.528263336132207
2025-09-01,479.0486263469887,483.6486742326526,474.0528809359598,479.4938049316406,67434,478.2791917588976,477.4568079168146,484.0987829589844,501.67749099731446,477.87705778090975,479.2936925604001,48.94943531526279,-2.4899979110280697,-3.3023338777594464,0.8123359667313768,488.2209820664014,466.58201781152826,25.282568297574947,0,483.6734042061517,485.9981627595385,11.630861164582813
2025-09-02,478.90021757025136,497.9929013889323,478.90021757025136,486.6164245605469,422613,479.2849358452691,477.8525099320845,483.9444580078125,501.7469055175781,479.6249311368372,479.9593954695044,54.14980258701575,-1.6214522938593063,-2.966157560979419,1.3447052671201123,489.0166613684359,467.6016278161345,26.34305480983785,0,483.9454304495296,485.9981627595385,11.546066649596554
2025-09-03,487.5067609814704,493.9864247193792,483.74758933656847,489.2874450683594,111700,480.2687004937066,478.3606303821911,483.76540222167966,501.8735601806641,481.5574339231417,480.8073999784912,55.96150991107605,-0.7094168861225398,-2.514809426008043,1.8053925398855035,489.6141380700809,469.3239631262081,27.32779228551055,0,483.9454304495296,485.9981627595385,11.29521754777204
2025-09-04,489.2874365939916,494.530496458933,483.1045687392095,485.6271667480469,77394,481.2029995388455,479.140795621005,483.5170977783203,501.9691647338867,482.3713804881228,481.2455605939053,52.87801293226698,-0.2787627217255704,-2.0676000851515486,1.7888373634259782,490.3011934016913,469.6360594059258,28.14486369587581,0,483.9454304495296,485.9981627595385,11.337614759042212
2025-09-05,488.9906416129215,488.9906416129215,481.7690640227853,484.8852233886719,112942,481.2964274088542,479.9951546408913,483.2776965332032,501.99878692626953,482.8741490682327,481.5764390297932,52.24955240731772,0.0026348054356617,-1.6535531070341063,1.6561879124697685,490.757836331653,469.62952633924544,28.692586845033823,0,483.9454304495296,487.3336640787089,11.302284065733376
2025-09-08,485.67666022880576,507.2919426502349,485.6271791708311,496.6574096679688,566224,482.9122144911024,480.95068914240056,483.3014385986329,502.1936729431153,485.63080118817993,482.9474363605364,60.309936353075656,1.1621647101874828,-1.0904095435897887,2.2525742537772717,493.9315121931056,468.3453310686132,30.29715087486241,0,488.59495108018086,487.3336640787089,12.249146996077569
2025-09-09,498.8832568083629,498.8832568083629,492.2552402176447,494.6294555664063,360625,485.4458177354601,481.5982041792436,483.2658258056641,502.3632188415528,487.4305320638253,484.00943810652456,58.47862938933315,1.895610152131212,-0.4932056044455885,2.3888157565768005,494.9187685597369,467.7884030711225,31.78710318827468,0,488.71861898812347,487.3336640787089,12.238546080050412
2025-09-10,497.1025848943793,502.7908234279967,490.9691677909128,494.3326721191406,125271,487.62768215603296,482.35138910466975,483.29055725097663,502.637438659668,488.8109600748883,484.9479139258533,58.2001056056259,2.424969466668358,0.0904294097772008,2.334540056891157,496.769888601325,467.2678372287531,33.36560343654304,0,490.5981943501589,487.3336640787089,12.517659272382742
2025-09-11,492.6509170728763,496.6079525513733,488.9411963117854,491.2659606933594,58225,489.1995069715712,482.3941067782316,483.3291381835938,502.8651884460449,489.30196019858255,485.5222818138084,55.27070975288334,2.567436742193081,0.5858308762603769,1.9816058659327045,497.6468804813316,468.15667176476217,34.49842603418832,0,490.67241179309735,488.9164761757436,12.270344550524024
2025-09-12,493.2444763085405,494.6294326820935,486.0228684775112,487.4573059082031,78977,490.0843404134114,482.68638749556106,483.33408447265634,502.9777890014648,488.93302934050666,485.69819309511695,51.78462074146919,2.345973550786141,0.9378594111655298,1.4081141396206112,497.9192155288349,469.1209089828839,35.07244284831119,0,493.0960801102431,490.4003635852988,11.28108561288043
2025-09-15,487.50676497752846,490.7713374020253,484.3411546689746,485.5777282714844,118665,489.9689297146267,483.2304798473011,483.197567138672,503.03244842529296,488.2619691267022,485.687241747514,50.105050104814445,1.995789944893886,1.149445517911201,0.846344426982685,497.8602303361032,470.2779715681938,35.329851355568394,0,494.5305033365101,488.59495108018086,10.758189899633988
2025-09-16,487.2594577374812,491.1670424573157,486.8143093476149,489.7326049804688,56599,490.0183919270833,483.89598083496094,483.2114166259767,503.0500224304199,488.5560962974555,486.055002041419,53.68136522704777,2.030128681223289,1.3255821505736187,0.7045465306496701,498.4367948940709,470.62141738620255,35.59871599286699,0,494.5305033365101,488.59495108018086,10.284757597364262
2025-09-17,491.1670380555488,492.5519944612529,484.9347191349877,488.3971252441406,138692,490.326165093316,484.5232613303445,483.29352539062506,503.0481703186035,488.52430208679255,486.2679223325755,52.381725922583215,1.927362883925639,1.445938297244023,0.4814245866816162,498.6768782200679,471.46457380629937,35.513786699411064,0,494.5305033365101,488.59495108018086,10.065706969629218
2025-09-18,493.640180766261,512.1393338849186,484.3411533388816,486.8143005371094,1665292,490.54050699869794,484.8087976629084,483.2569226074219,502.98789947509766,488.182301776856,486.3175930784422,50.81157238954995,1.6986189021893097,1.49647441823308,0.2021444839562296,498.836391318705,471.94313443813087,36.719939399897385,0,498.24024361190015,491.01864669752274,11.581391609483116
2025-09-19,485.7261113334234,489.68314686363465,481.9669396556369,485.3304138183594,316934,489.2819519042969,485.1617833917791,483.0264251708985,502.8645561218262,487.6119241851567,486.2278495093437,49.31902072887923,1.3816733218154127,1.4735141989495466,-0.0918408771341339,498.6819054825921,472.9088141219,37.46366345414984,0,497.0531367702778,491.01864669752274,11.447135460290614
2025-09-22,485.3798775996448,488.4960371246315,477.1690407319292,479.2464904785156,109161,487.57273356119794,485.1078255393288,482.7098626708984,502.7188833618164,485.9388374438285,485.5931805065412,43.65680565544022,0.6322813519985857,1.3052676295593546,-0.6729862775607689,498.7541122192383,472.35681917724605,37.418998672919145,0,494.654187308424,491.01864669752274,10.89244350129214
2025-09-23,479.8399997542401,482.8572574023486,469.897960250125,476.6249084472656,289384,485.6052042643229,485.08084522594106,482.53971008300783,502.5485800170898,484.0760516445159,484.77788304660703,41.44856781541686,-0.1711836451029285,1.009977374626898,-1.1811610197298266,498.99903383799,471.5628558104475,36.3758622235505,0,491.0186470675218,491.01864669752274,11.086762199107344
2025-09-24,475.8829762605928,477.416345651715,469.8979720607853,471.2829284667969,691107,483.3848673502605,484.5007795854048,482.39527770996096,502.3508309936523,481.51742700897216,483.551068993897,37.307489830007086,-1.2248690555748,0.5630080885865585,-1.7878771441613583,499.08585418224527,471.4216256761532,35.40723552056532,0,491.0186470675218,491.01864669752274,10.807651189907787
2025-09-25,469.9474137983274,473.26143704853297,465.7430636036836,468.6119384765625,509502,481.29093763563367,483.8869892467152,482.2013830566406,502.16032119750975,478.9363293024902,482.1929662195938,35.40291687301482,-2.2495178629366706,0.0005028982819126,-2.2500207612185834,499.975384973969,469.9236994986872,33.94989204079713,0,488.9411987443011,488.9411987443011,10.828850893815874
2025-09-26,465.14955206017777,477.9109859750002,462.23122619661217,467.1775207519531,253644,479.2464701334636,483.6756480823864,482.0361767578125,502.01338912963865,476.5845675923828,480.8279257225356,34.38762290553534,-3.141096344024561,-0.6278169501793821,-2.513279393845179,501.1354257969615,467.7694570155385,33.02882670760345,0,487.1852800407654,487.1852800407654,10.348353787874805
2025-09-29,466.9302023598771,470.9861699013841,457.3838599809427,459.3128967285156,268362,475.8665025499132,482.9764210094105,481.58507446289065,501.8200242614746,473.1302334196094,478.87201399580647,29.407913709158592,-4.431207938267619,-1.3884951477970295,-3.0427127904705893,503.49109977314976,463.3956922190377,31.533611214213604,0,484.7615969329307,484.7615969329307,10.846517597140746
2025-09-30,461.884976789522,465.9409443387078,455.1580283102279,464.1108093261719,116460,473.1680230034722,482.3851151899858,480.78674255371095,501.6114219665527,471.3263486009219,477.53008629856697,35.54055339188369,-5.00874156769612,-2.112544431776848,-2.896197135919272,504.06997027059816,460.56626019815184,29.862508942704416,0,483.6486810975733,483.6486810975733,10.772321910811891
2025-10-01,465.49574967495033,468.7108410057129,460.9946338877968,467.8699951171875,367945,471.0631001790365,481.85676019841975,480.09129333496094,501.5017855834961,470.6350779041751,476.6518961911688,39.9428782578664,-5.104267435712131,-2.710889032563905,-2.3933784031482266,503.6534047025765,458.8410807710564,28.60720739103108,0,472.4205875869313,483.6486810975733,10.775854116406764
2025-10-03,470.19474143672096,472.4205739538753,463.8634905369949,467.8205261230469,330969,469.11755710177954,481.0024011785334,479.5234588623047,501.406121673584,470.0721675479495,475.8490443667941,39.90425590700657,-5.124887594679365,-3.1936887449869973,-1.9311988496923675,503.4353153244911,457.2785060866417,27.82483806852621,0,471.8270327174297,483.6486810975733,10.772319774428055
2025-10-06,465.0011334972262,467.4248298762023,460.0548390011817,461.0440979003906,148104,467.0950690375434,479.7186126708984,478.9576025390625,501.2824597167969,468.2665536184377,474.5031401425756,34.92275422035871,-5.623209485196867,-3.679592893028972,-1.9436165921678952,503.6768054080672,454.6529034542375,26.56594845204425,0,469.0076428562882,483.6486810975733,10.86771294505766
2025-10-07,462.2806599179671,468.8097745267771,456.74083437331376,466.3861083984375,155307,465.9574245876736,478.84401910955256,478.5084790039063,501.17521072387694,467.89046457443766,473.76522816583577,41.15882426640149,-5.52340717182426,-4.04835574878803,-1.4750514230362306,501.3398788736972,453.9626998616543,24.955878104236284,0,466.5345071426141,483.6486810975733,11.330543371317091
2025-10-08,466.1388114982572,466.53450902517466,453.3278965095258,455.6031799316406,193390,464.2152303059896,477.51301713423294,478.0118713378906,501.0022790527344,465.4330076458783,472.114132871818,34.06329025704758,-6.242446294916988,-4.487173858013822,-1.7552724369031658,499.9233550644644,451.4765961074106,23.320595315338085,0,465.61944124226295,482.7336151972222,11.729781741987356
2025-10-09,453.6246467822392,454.7623186446482,445.66112488408686,447.29339599609375,141275,461.84650336371527,475.26919833096593,477.5716510009765,500.7966244506836,461.80508531592136,469.8577022467521,29.79973222803862,-7.397545793111192,-5.069248245033296,-2.328297548077896,499.04375890875207,447.6522646508183,22.66958507157397,0,461.7860554295435,478.9002293845027,10.454344206381409
2025-10-10,447.39233452480806,450.3106603361522,444.42455784470985,446.897705078125,95833,459.5931905110677,473.0995733087713,476.9988702392578,500.5961012268066,458.8236092683621,467.77042977687694,29.6096811455066,-8.249800848763812,-5.705358765779399,-2.5444420829844123,497.94839827147257,444.3107997265743,22.1942839822308,0,458.4225658992926,478.2819458648143,10.323622440913166
2025-10-13,457.0376133213165,465.79256065341576,445.1665064818018,454.0203857421875,816668,459.005133734809,471.26719665527344,476.52105834960935,500.5407817077637,457.8629645631272,466.5204257737233,37.35463770335904,-8.255316171600441,-6.215350246943608,-2.0399659246568334,496.1594492006799,442.7560567807655,21.29936897067137,0,458.4225658992926,478.2819458648143,10.987840853692571
2025-10-14,451.1020452235773,457.97740645366633,445.2654239220186,456.295654296875,147804,458.1367831759983,469.6776372736151,476.08479553222656,500.48286376953126,457.5495025098768,465.5909010940098,39.63936174299611,-7.984056711664323,-6.569091539887752,-1.4149651717765712,494.1799173023888,441.8073812815956,20.468376459937623,0,458.4225658992926,478.2819458648143,10.970175523651436
2025-10-15,456.4935205415833,457.0376008476308,449.2719126307692,454.06982421875,209990,456.6034308539497,468.160024469549,475.79692138671874,500.4731475830078,456.85356685165146,464.5435304689862,38.17266173146152,-7.858104187044375,-6.826894069319077,-1.0312101177252986,490.9826168814709,441.4384036263416,19.696740557113426,0,458.4225658992926,478.2819458648143,10.987840854075149
2025-10-16,457.13652772846416,458.0268546693461,446.6503777175157,452.9816284179688,555656,454.9546644422743,466.6783835671165,475.5347674560547,500.4474481201172,456.0791791649149,463.4924484643483,37.44322502736196,-7.7566800314980355,-7.012851261754869,-0.7438287697431667,487.5409615193944,441.3385093058009,18.629912424059118,0,456.6171661857435,478.2819458648143,11.263419676002362
2025-10-17,452.9816420574212,454.3171476038491,442.59442365820416,446.15576171875,222035,453.3004048665365,464.6976179643111,474.9451696777344,500.4158139038086,454.094495675682,461.91638603293023,33.16249528239709,-8.133335030577427,-7.23694801551938,-0.8963870150580471,484.3442471115051,440.4693698318543,17.478032609062925,0,455.7020990924906,477.3668787715614,10.980774259377856
2025-10-20,446.0568197539579,452.6848662783213,444.17723393339935,449.76654052734375,86976,451.4537862141927,462.94168229536575,474.332817993164,500.3953686523437,453.2289046460144,460.8118546233314,37.24936199267573,-8.047708187226704,-7.399100049860846,-0.6486081373658577,480.4009426486927,440.85628696556506,16.408429923709324,0,454.5644663416894,477.3668787715614,10.616868718269329
2025-10-21,451.89345215485366,453.37734050062016,449.7665515638788,450.9536743164063,20183,450.93717447916674,461.3116538307884,473.79663940429685,500.2935791015625,452.7738585800928,459.915656413611,38.57911140195353,-7.794209723511301,-7.4781219845909375,-0.3160877389203635,477.3592561810906,441.0686918169563,15.31605561775726,0,454.19349215581,477.3668787715614,10.10457471432622
2025-10-23,453.9708875408013,453.9708875408013,445.5621871803318,446.9471435546875,100722,450.8987019856771,459.5669597278942,472.9290588378906,500.183279876709,451.6085155750118,458.7367006991634,35.82022706626684,-7.82638620474313,-7.547774828621376,-0.2786113761217539,474.6959307955083,440.7642407132808,14.876361576988538,0,454.19349215581,477.3668787715614,10.154038517365748
2025-10-24,446.9471495459797,457.0376021897187,446.2052053865808,452.833251953125,102070,451.5582071940105,458.36635797674006,472.36518127441406,499.74520126342776,451.85346285063446,458.2000235404327,42.34361410671603,-7.292859003499643,-7.49679166359703,0.2039326600973865,472.63907905381535,440.9761248036065,13.999698314841742,0,454.19349215581,477.3668787715614,10.316560902098423
2025-10-27,456.790304704667,456.790304704667,447.14503026856414,448.5794677734375,95358,450.9536607530383,457.0915652188388,471.86461669921874,499.1811665344238,451.1986638351951,457.3254275616149,39.239548768989245,-7.131077068101547,-7.423648744497933,0.2925716763963866,471.0154924453892,440.59646434172026,13.185653857134003,0,450.3106391637752,477.3668787715614,10.450817138829686
2025-10-28,447.2933928183797,455.4547785102183,446.69983145738,450.26116943359375,90494,450.2831624348959,456.1360307173296,471.3680084228516,498.62112747192384,451.0111649548748,456.6832222772493,41.07851929150638,-6.788906164992625,-7.296700228596872,0.5077940636042477,469.3673157952493,440.55300586002414,12.49941081744562,0,450.3106391637752,466.1387852609194,10.214103345927896
2025-10-29,453.0311213291088,454.6633924617331,447.63964829581954,453.42681884765625,76092,450.21171739366326,455.4457980069247,470.9446057128906,498.1990104675293,451.4942957334311,456.3871856018318,44.484680272719054,-6.190926658984949,-7.075545514674488,0.8846188556895385,468.9384775752103,440.3932362919773,11.862185137734976,0,450.3106391637752,465.5452303914178,9.772469892375373
2025-10-30,454.267687273032,457.3343656323344,452.1407565409039,454.811767578125,61534,450.4150661892361,454.8837183172053,470.4301910400391,497.764940032959,452.1577901023699,456.2439657814948,45.956618538177175,-5.541392085648283,-6.768714828869247,1.227322743220964,467.76635733053865,440.63545236184416,11.241149899351877,0,449.9643946452693,462.7258405302764,9.433295181223713
2025-10-31,456.6913523686296,457.9774070165168,448.1342691610175,450.0138549804688,74719,450.843743218316,454.46103460138494,469.8791735839844,497.4184315490722,451.7290030779897,455.6775920723106,41.8198385726185,-5.352087176030636,-6.485389298301525,1.133302122270889,465.3505438311616,441.2656518475493,10.913441449272554,0,451.07732047495807,460.2527048166022,9.715940564370635
2025-11-03,452.1902352479528,453.0805621924701,448.1342678453908,451.25042724609375,38349,451.0086195203993,453.8764717795632,469.2955108642578,497.1151264953613,451.6332879116106,455.27512254265446,43.23799435724133,-5.044134975784289,-6.197138433798079,1.1530034580137904,462.4135053139592,442.54568047705646,10.609140970084615,0,451.7697970984243,460.2527048166022,8.595957719761016
2025-11-04,451.9429431664195,455.0591027231972,446.155772452526,447.5902099609375,65199,450.6349012586805,452.95466336337,468.7029455566406,496.6996208190918,450.824672321476,454.5764941261347,40.12062169726792,-5.037362010010725,-5.965183149040609,0.9278211390298844,461.1003301367893,442.51346686028097,9.932708745942612,0,451.7697970984243,460.2527048166022,8.323911129691266
2025-11-06,432.70183710634615,445.6611347428181,413.5102204716936,421.7705383300781,743655,447.8375006781684,450.8614821000533,467.4574688720703,496.2028244018555,445.0138455231965,451.5941345083114,25.9225485624183,-7.03433862549872,-6.179014244332231,-0.8553243811664881,464.0881803617911,435.0640596284433,12.685709909445162,0,435.7438137441052,442.9653972127844,10.203504077718572
2025-11-07,420.4350205726965,421.8199769554496,398.4734615398088,404.705810546875,501134,442.4900071885851,448.3006508567116,465.90927856445313,495.698913269043,436.9522385279322,447.3315596027263,20.70688221335857,-9.88004686677192,-6.9192207688201695,-2.9608260979517507,471.516871857634,422.5456311941239,15.948422647364694,0,428.2254342781628,435.4470177468421,11.058506825133602
2025-11-10,410.0477981963198,420.43501624471867,404.6068744566823,414.4500122070313,808180,438.6978454589844,445.93991921164775,464.76173828125,495.21062530517577,432.45179326375205,444.34232802129947,29.43736886881483,-11.219682001810895,-7.779313015418316,-3.4403689863925795,473.8786950595498,416.8994696133017,18.97808447543283,0,428.2254342781628,435.4470177468421,11.351750956732989
2025-11-11,406.6000061035156,414.4500122070313,403.7999877929688,407.7000122070313,445254,433.96882798936633,443.7625024968928,463.42182067871096,494.5520288085938,427.501437052408,441.01120840182057,27.20296633447168,-12.679855603316526,-8.759421532997958,-3.920434070318567,476.5056411012781,410.352754284464,21.826445009586017,0,428.2254342781628,435.4470177468421,11.5047789616716
2025-11-12,405.0499877929688,410.7000122070313,405.0499877929688,407.7999877929688,416393,428.89918009440106,441.9673475785689,462.0354296875,493.9564498901367,423.5611472005201,437.9920065282886,27.29099527884587,-13.67139122039498,-9.741815470477365,-3.9295757499176176,477.38384617714553,404.85250941367474,24.47135121987112,0,428.2254342781628,433.64161803329296,11.65043785029918
2025-11-13,407.0,407.7999877929688,395.0,396.7999877929688,468727,422.4534267849392,439.6901786110618,460.38155334472657,493.3428915405273,418.20891531900986,434.24727755235045,23.870722214782106,-15.169928912175578,-10.827438158817008,-4.342490753358572,478.6765603459695,397.6102285944602,27.35543058884485,0,426.4887035082584,431.90488726338856,11.964101238334845
2025-11-14,397.25,405.8500061035156,395.1499938964844,399.8999938964844,685035,416.8852199978298,437.23016079989344,458.6472247314453,492.7816084289551,414.5471310345048,431.124797219999,26.660278999875004,-15.923826287367945,-11.846715784527197,-4.07711050284075,478.6385609196756,392.2312449885275,30.033504288606174,0,425.0295513615986,430.7672545125873,11.954645195755798
2025-11-17,400.0,403.3500061035156,395.0,396.25,596219,410.77406141493054,434.50081287730825,456.7864758300781,492.267780456543,410.88770482760384,427.95436110909,25.47658620877715,-16.6241861224961,-12.802209852120976,-3.8219762703751226,478.3270098785902,386.8696331878161,32.52660170856776,0,425.0295513615986,430.3962803267079,11.862126029142424
2025-11-18,396.25,400.4500122070313,394.2999877929688,396.5499877929688,256237,405.1029256184896,431.88627485795456,455.0049322509765,491.94521270751954,408.02016142067686,425.09941808035165,25.7683019307415,-16.95952102838544,-13.633672087373869,-3.3258489410115697,478.0772874626661,382.158778211162,34.87288301584553,0,419.9805612678935,430.0462742231923,11.676060126372724
2025-11-19,397.9500122070313,397.9500122070313,378.0,388.3500061035156,833112,401.3895331488715,428.9484738436613,453.0742279052735,491.5394761657715,404.0861303572446,421.7585624460938,23.10584311655427,-17.68310650505407,-14.44355897090991,-3.23954753414416,477.5089324414785,376.5854797899668,37.64117934396224,0,399.9099884777248,421.8962803267079,12.599364986452562
2025-11-20,389.0,392.5,384.1000061035156,388.2000122070313,356079,399.55555555555554,426.31412159312856,450.9050799560547,491.0839559936524,400.908906727202,418.7077851516336,23.058909798764372,-18.060466645125928,-15.166940505753114,-2.8935261393728133,475.8933601952784,371.92568582522944,40.21174022007061,0,399.2175081223593,418.01342733467305,12.828392472527838
2025-11-21,388.0,388.0499877929688,374.0499877929688,375.0,321315,395.17222086588544,422.9156424782493,448.5124908447266,490.6457928466797,395.7271253817616,414.7343501378487,19.336510424026216,-19.203294319587883,-15.974211268520069,-3.229083051067814,475.44570079462335,365.17863087041576,42.87302515671679,0,394.25000000000006,416.0384212311575,13.136027226710926
2025-11-24,375.25,376.5,364.7999877929688,370.5499877929688,403267,391.0444403754341,419.2609294544567,446.0368371582031,490.1642953491211,390.6916978640031,410.7175899246778,18.265980669460237,-20.23481789507377,-16.82633259383081,-3.408485301242965,473.3565692531952,359.0394359958282,45.54722938610887,0,387.75000000000006,411.4134212311575,13.61843564527892
2025-11-25,369.4500122070313,375.6499938964844,364.1499938964844,370.8999938964844,338721,386.9444410536025,415.8042408336293,443.6295178222656,489.6257073974609,386.7333570704993,407.0978084675693,18.64747735083715,-20.784474706412425,-17.617961016347135,-3.1665136900652904,470.7504604959672,353.8775973653609,48.04371694024324,0,385.97499084472656,411.06370045650056,13.803912054516688
2025-11-26,370.0,385.0,370.0,380.3999938964844,783617,385.12221950954864,412.5118200128729,441.4883715820313,488.8713084411621,385.4666844356964,404.6707344156525,28.414172430629577,-20.220422638869707,-18.138453340851648,-2.081969298018059,466.0460465568804,351.5958937507368,48.71459199557037,0,385.0,411.06370045650056,12.441055662427836
2025-11-27,382.8999938964844,407.2000122070313,380.6000061035156,399.75,9075196,385.1055535210504,410.2922987504439,439.7718170166016,488.3024104309082,388.32334754855714,404.2233949233204,43.33610880615792,-18.00447910602594,-18.111658493886505,0.1071793878605653,459.455261255354,352.8189971674977,46.56834592343274,0,385.6750030517578,411.06370045650056,12.68773444063542
2025-11-28,397.5499877929688,409.8999938964844,394.1499938964844,397.5,1894929,385.24444240993927,407.8940637761896,437.9271649169922,487.70755233764646,390.1586780388457,403.6121772030185,42.233698303105975,-16.24264894090868,-17.73785658329094,1.4952076423822618,451.4915582261396,355.05152343889955,44.31056092900224,0,387.0249938964844,411.06370045650056,12.682152884347106
2025-12-01,397.1499938964844,408.0,393.25,395.4500122070313,885634,385.1222229003907,405.25875438343394,436.06822265625,487.0884700012207,391.2169448724829,402.8701622033833,41.2052108214374,-14.840728049262625,-17.15843087648528,2.317702827222657,443.5170973491382,357.5696000385572,42.281421889011405,0,387.0249938964844,411.06370045650056,12.975008283342644
2025-12-02,393.3500061035156,394.3500061035156,379.0499877929688,382.75,1036039,384.50000000000006,401.9832194935192,433.9869366455078,486.4061326599121,389.5235558979864,401.0410565485303,35.446208754035354,-14.58633826122042,-16.64401235343231,2.05767409221189,433.4872255967272,360.74942906635886,41.34980884582548,0,387.0249938964844,411.06370045650056,13.742865426199783
2025-12-03,376.8999938964844,386.1000061035156,369.8999938964844,370.6499938964844,586770,382.5499979654948,398.375771262429,431.6933282470703,485.6250491333008,385.748843497686,398.2782326710715,31.00059920510961,-15.186046597807149,-16.352419202307278,1.166372604500129,422.7937665447957,363.748866511845,40.98580431014655,0,387.0249938964844,411.06370045650056,13.985724312918531
2025-12-04,371.9500122070313,371.9500122070313,366.0,368.1499938964844,541953,381.78888617621527,394.5984788374468,429.47139831542967,484.92855209350586,382.2290735774457,395.53930187338176,30.15897690716829,-15.68227339601259,-16.21839004104834,0.5361166450357508,418.9306959424037,362.2498826708776,40.84597809466743,0,387.0249938964844,411.06370045650056,13.64643859863282
2025-12-05,368.1499938964844,372.7999877929688,360.2999877929688,370.2999877929688,440777,381.7611083984375,391.0852869207209,427.3448999023437,484.2271142578125,379.8432564205504,393.2448187751624,31.871967174976007,-15.720830224562178,-16.11887807775111,0.3980478531889311,417.7740461207297,359.96595021716104,40.99536124951283,0,385.09999084472656,409.1386974047428,13.94286673409599
2025-12-08,371.25,371.25,346.25,347.8999938964844,1086896,379.205552842882,387.72753490101206,424.8772412109375,483.4242189025879,373.4546039157372,389.12256196800985,24.99380965859018,-17.358777905628983,-16.366858043326687,-0.9919198623022965,417.2354910932844,353.8495034135516,41.72686448441771,0,378.0749969482422,402.1137035082584,15.289293561662957
2025-12-09,344.0,363.7999877929688,340.29998779296875,361.4500122070313,1045163,377.0999993218316,385.761362249201,422.7340026855469,482.823860168457,371.053685573996,386.6068756261027,34.238859371321965,-17.36333627592967,-16.566153689847283,-0.7971825860823856,414.86494484997854,351.59504965685744,42.62277819454415,0,375.09999084472656,397.67954525808295,15.54286411830358
2025-12-10,357.1000061035156,375.1000061035156,357.1000061035156,367.5,517497,373.5166659884983,383.627270785245,420.74045227050783,482.3007411193848,370.3429484591968,384.8698869328206,37.91824596510623,-16.68641476175827,-16.59020590422948,-0.09620885752879,411.35921611885874,351.0707796086804,42.21103738049466,0,375.09999084472656,397.67954525808295,16.228578839983268
2025-12-11,366.0499877929688,369.2999877929688,362.2000122070313,366.8999938964844,219708,370.1166653103298,381.772724498402,418.8921942138672,481.8028160095215,369.6543575466544,383.2362602931536,37.69300225724111,-16.01376831006104,-16.474918385395796,0.461150075334757,409.5741275429861,349.8658687949046,41.82870662459156,0,374.1499938964844,392.9805612678935,15.725003923688623
2025-12-12,367.7999877929688,370.0,361.6000061035156,365.4500122070313,211342,366.7833319769965,379.8477256081321,416.9189782714844,481.1640910339356,368.81348847872977,381.6193286489607,37.11915795048494,-15.419941073159862,-16.26392292294861,0.8439818497887472,406.909664264399,349.0853339045464,41.39505645462375,0,367.3249969482422,381.0599823742092,15.489288330078136
2025-12-15,365.7999877929688,381.1499938964844,365.4500122070313,376.25,964378,366.0611097547743,378.9136352539063,415.0865783691406,480.5640324401856,370.3007907829838,381.1312078626915,43.96234947822495,-13.91742850152582,-15.794624038664052,1.877195537138233,404.6056142777224,349.38938389122296,39.81668238146792,0,363.1999969482422,380.3675020188437,15.789287022181927
2025-12-16,376.0,382.3500061035156,372.3500061035156,379.3500061035156,485348,367.02777777777777,377.9795448996804,413.31716796875,479.9873880004883,372.1106338470902,380.96928043003913,45.78613873926625,-12.334349179292415,-15.102569066789728,2.7682198874973096,402.2099925526409,350.06500744735905,38.23296296159244,0,361.3249969482422,377.375,15.432144165039071
2025-12-17,384.5,389.7999877929688,347.04998779296875,354.29998779296875,2257592,365.48888821072046,376.0727261629972,411.1822857666016,479.2983537292481,368.54850463626593,378.5447992812146,35.680643603492854,-12.951774542152693,-14.67241016186232,1.720635619709629,401.5747623742798,347.2952357946656,38.17026685262426,0,365.0499877929688,375.5,16.57142857142858
2025-12-18,354.6499938964844,360.0,348.0,349.3999938964844,896844,363.1666666666667,373.9295446222479,408.8425634765625,478.5863034057617,364.7188024883097,375.8952715189664,34.095415582113446,-13.678796495769577,-14.473687428643771,0.794890932874198,401.00426128678527,343.98573505110534,38.11204903715381,0,365.0499877929688,375.09999084472656,16.303571428571438
2025-12-19,352.20001220703125,352.20001220703125,342.3999938964844,348.20001220703125,452234,363.2000020345052,372.1045448996804,406.6945001220704,477.9503617858887,361.415044432054,373.3775206724268,33.7005405345235,-14.188241904790177,-14.416598323873052,0.2283564190828784,401.6207007654267,340.68929679316705,38.31699382308951,0,365.0499877929688,375.09999084472656,15.950001307896214
2025-12-22,351.0,353.3999938964844,346.5,347.6499938964844,394497,361.6666666666667,370.261362249201,404.7016320800781,477.49369354248046,358.66203432494007,371.03865460188655,33.5089773321544,-14.469566783869482,-14.42719201587234,-0.042374767997142,402.24157552218674,337.7784226467586,38.37456285124558,0,366.09999084472656,375.09999084472656,15.271427699497776
2025-12-23,349.20001220703125,349.3999938964844,345.0,347.54998779296875,259354,359.4499986436632,369.0136344216087,402.714677734375,477.0135250854492,356.4396250185458,368.9033212556213,33.47172209597554,-14.533060360820343,-14.448365684861942,-0.084694675958401,402.5940768182984,335.09092074029536,38.50383324775988,0,366.09999084472656,375.09999084472656,14.428569248744427
2025-12-24,349.0,356.3999938964844,346.20001220703125,350.29998779296875,409114,357.60555352105035,368.0931798761541,400.6402697753906,476.4630195617676,355.2116975734304,367.21210912265286,35.59230272732688,-14.197813899903563,-14.398255327870269,0.2004414279667035,401.5996499028856,333.0753470453566,37.81718171585927,0,366.09999084472656,375.09999084472656,14.732138497488844
2025-12-26,350.29998779296875,352.04998779296875,346.5,350.1499938964844,404005,355.9055514865452,367.1499980579723,398.5173565673828,475.85315048217774,354.1993568380412,365.6610077384557,35.52578800151262,-13.785323292353212,-14.275668920766858,0.490345628413646,396.3061476276015,333.40884871028913,37.17957672195156,0,366.09999084472656,375.09999084472656,14.235709054129469
2025-12-29,350.95001220703125,361.8500061035156,344.5,357.5,1469926,353.8222181532118,366.10908924449575,396.5859600830078,475.274095916748,354.85948547043296,364.9190979440506,41.31340067433568,-12.718723915874024,-13.964279919788291,1.2455560039142703,390.4119733205789,335.3030230173117,35.522544830849874,0,366.09999084472656,375.09999084472656,13.6892809186663
2025-12-30,358.0,361.2000122070313,350.04998779296875,351.1499938964844,614812,350.6888834635417,363.8999980579723,394.5493273925781,474.6017100524903,354.11758715564326,363.66736121245367,38.12891709793491,-12.24467960448709,-13.620359856728053,1.3756802522409632,383.9622532015884,337.3227413052475,33.98387236054116,0,366.09999084472656,375.09999084472656,12.807139805385049
2025-12-31,351.95001220703125,354.54998779296875,347.04998779296875,351.0,890261,350.3222181532118,361.786361694336,392.6462121582031,473.9525637817383,353.4940697245146,362.5157829204125,38.05430041501468,-11.745702182983392,-13.24542832197912,1.4997261389957277,380.2653982949757,337.8445962118602,32.79748351871002,0,352.125,375.09999084472656,12.057139805385049
2026-01-01,352.45001220703125,355.29998779296875,349.45001220703125,350.75,221405,350.4722188313802,359.7545429576527,390.6658813476562,473.3095869445801,352.94525577961167,361.446166291284,37.92109757902965,-11.240854320745656,-12.844513521732429,1.6036592009867745,378.84290464466966,337.27709047251784,31.60772976607892,0,352.125,375.09999084472656,11.967854091099335
2026-01-02,351.95001220703125,359.25,348.20001220703125,357.95001220703125,403299,351.5555521647136,358.627270785245,388.8058081054688,472.7300619506836,353.9462070650956,361.1283341018065,44.00063756188653,-10.1428573942635,-12.304182296238643,2.161324901975144,377.7837166451182,337.316280303124,30.036299347490505,0,353.1750030517578,375.09999084472656,12.157139369419648
2026-01-05,357.45001220703125,374.2000122070313,354.54998779296875,370.3999938964844,1030902,354.08332994249133,358.6159071488814,387.2748651123047,472.1336462402344,357.23696443137334,361.97121226495904,52.63792838234683,-8.17385434108877,-11.47811670520867,3.3042623641199,377.8020288254353,337.3079687331584,28.66484995228977,0,359.3500061035156,375.09999084472656,12.439285278320323
2026-01-06,370.0,370.0,352.3999938964844,353.6499938964844,577053,354.7611083984375,357.9568162397905,385.2911999511719,471.4945346069336,356.51957032439554,361.21473786782497,43.0233640879558,-7.874221130298395,-10.757337590226616,2.883116459928221,377.6712519097837,338.0137456488101,27.169089469377145,0,359.3500061035156,374.1499938964844,13.010713849748896
2026-01-07,354.0,381.2999877929688,351.0,377.5499877929688,4371926,357.78888617621527,358.28636169433594,383.8706103515625,470.9749229431153,360.72565381811023,362.6997605882926,55.51034660088506,-5.643178832320871,-9.734505838645468,4.091327006324597,380.3149016499245,336.980093467263,26.68395616847485,0,362.8999938964844,367.3249969482422,12.12142726353238
2026-01-08,375.0,378.7000122070313,366.0,367.25,500947,359.68888685438367,359.16590742631394,382.21038696289065,470.32664932250975,362.0305230544882,363.1134187166296,50.38540354091205,-4.652552937534665,-8.718115258423309,4.065562320888644,380.2811763829212,336.98881873426626,26.23347524620843,0,362.8999938964844,365.0499877929688,12.171428135463186
2026-01-09,367.2999877929688,371.6000061035156,362.5,366.5499877929688,407520,360.6944410536024,359.397724498402,380.47285034179686,469.6024122619629,362.9344160021843,363.4258340872059,50.0472229517002,-3.879242421809636,-7.7503406911005746,3.871098269290939,380.2360896647827,336.99890484205326,25.41152582400504,0,364.1749877929688,365.0499877929688,12.121427263532382
2026-01-12,365.0,365.0499877929688,349.0,352.95001220703125,563610,360.89444308810766,358.73636141690343,378.435615234375,468.8532081604004,360.9375352431538,362.47348664355366,43.884504426440415,-4.314062806124809,-7.063085114105421,2.749022307980612,379.501865743211,336.48312876362496,23.88176114085964,0,364.1749877929688,365.0499877929688,12.88214111328127
2026-01-13,356.0,357.8999938964844,348.8500061035156,351.95001220703125,170676,361.0,358.0568167946556,376.4743383789062,468.0678425598144,359.1400306359293,361.51680714932434,43.46072886466338,-4.685343018267815,-6.587536694937901,1.9021936766700855,376.625616849807,336.9293788777321,22.47462856705664,0,364.75,365.0499877929688,13.214283534458726
2026-01-14,353.75,353.75,345.1499938964844,346.79998779296875,449734,360.5611097547743,357.2090884121981,374.38532958984376,467.226554107666,356.6720220673372,360.17891448056474,41.251414452619386,-5.333666009321917,-6.336762557814704,1.0030965484927874,372.3687723431554,337.9312215533289,21.50487202315143,0,363.22499084472656,365.0499877929688,13.09999956403462
2026-01-16,347.95001220703125,353.1499938964844,347.3999938964844,348.75,278257,359.53888617621527,355.9590884121981,372.408525390625,466.4598124694824,355.08761765386976,359.1399222550588,42.44446902781712,-5.6252723247228005,-6.194464511196324,0.5691921864735239,372.32623732449815,337.41875779268935,20.60438380381088,0,363.22499084472656,366.09999084472656,13.15714372907368
2026-01-19,345.0,350.0,343.54998779296875,345.8999938964844,325375,356.81666395399304,354.43863331187856,370.8911145019531,465.6545837402344,353.2500929023927,357.9362924042793,41.12981113136736,-6.016984057870388,-6.158968420531138,0.1419843626607493,372.4498994821311,336.9450956350564,20.133059920139043,0,362.4249877929688,366.09999084472656,12.378572736467657
2026-01-20,344.25,345.0,331.0,332.75,393339,354.4944424099392,353.4590884121981,369.4519982910156,464.78756225585937,349.1500743219142,355.6466294584357,35.64398163709885,-7.30431345811445,-6.3880374280478005,-0.9162760300666496,374.0534900604096,333.79650383607486,20.705550165370017,0,356.1499938964844,360.3999938964844,12.646427699497783
2026-01-21,330.0,332.1000061035156,322.0,323.75,288333,348.5166659884983,352.2931795987216,367.637998046875,463.8527877807617,344.0700594575314,352.7469358713052,32.45355001216343,-8.947613547102037,-6.899952651858649,-2.0476608952433883,376.86595604917807,328.5940384576579,21.8155275071692,0,350.3500061035156,355.8999938964844,12.87857055664064
2026-01-22,327.29998779296875,334.25,324.1499938964844,330.3500061035156,464326,344.4166666666667,351.48181568492544,366.0909979248047,462.9579382324219,341.3260487867283,350.7108513469607,36.913079786637056,-9.606636052471742,-7.441289331981268,-2.165346720490474,377.9319726692498,325.8080236686408,22.572024176423685,0,346.8000030517578,355.8999938964844,13.210715157645106
2026-01-23,333.8999938964844,336.0,325.1000061035156,333.75,332695,340.772223578559,350.8499977805397,364.6099981689453,462.1223794555664,339.81083902938263,349.1689557699642,39.1421395009092,-9.742262307928172,-7.901483927170649,-1.8407783807575224,378.33622368688816,323.7487738717056,23.046535286862333,0,343.5249938964844,355.8999938964844,13.20000130789622
2026-01-27,334.0,334.1000061035156,318.6499938964844,322.6499938964844,285714,337.40555487738715,349.7181798761541,363.1269982910157,461.2642134094238,336.378670002803,346.7581410541933,34.81697016457086,-10.622969834757896,-8.445781108688099,-2.1771887260697973,379.77616341915456,319.5588341394392,23.928620435563868,0,338.2749938964844,349.97499084472656,12.900000435965412
2026-01-28,323.6499938964844,336.0,323.6499938964844,333.29998779296875,200618,335.33332994249133,348.9454526034269,361.7949981689453,460.5060397338867,335.7629335608362,345.5346725759001,41.49657363558918,-10.342351206374929,-8.825095128225465,-1.5172560781494635,379.1796514012971,317.73534493659355,24.487039621388817,0,336.1999969482422,349.97499084472656,12.56785801478796
2026-01-29,335.1499938964844,343.0,321.0,329.04998779296875,352393,333.3611077202691,347.98636141690343,360.4509979248047,459.683088684082,334.4203444072627,344.0360648683609,39.74617975970115,-10.343663093466605,-9.128808721273693,-1.21485437219291,379.2347557036949,315.47024002384416,24.09646280738865,0,335.8999938964844,349.97499084472656,11.975001743861617
2026-01-30,325.0,339.8500061035156,324.1499938964844,337.20001220703125,234785,332.0777757432726,347.0636346990412,359.2639984130859,458.834854888916,334.9762779672164,343.4146055355127,44.574415754154565,-9.576670025040984,-9.218380982027153,-0.3582890430138317,378.80860880160367,314.5163881466385,23.73378433724564,0,334.3249969482422,349.97499084472656,12.189287458147325
2026-02-02,337.1499938964844,337.1499938964844,323.20001220703125,329.29998779296875,185513,330.23333062065973,346.0704526034269,358.082998046875,457.8892494201661,333.84101993236686,342.13145846800865,41.13364816952015,-9.49681506685448,-9.274067798992617,-0.2227472678618642,378.5820635794174,312.5979321481217,23.48364638265272,0,331.8249969482422,349.97499084472656,12.539287022181924
2026-02-03,340.04998779296875,340.04998779296875,317.1000061035156,327.5,1002587,329.6499972873264,345.002270785245,356.8689978027344,456.8757829284668,332.5728159458935,340.8013258800078,40.36903140188675,-9.469613598006616,-9.313176958795417,-0.1564366392112006,377.4658294111357,310.6691650957003,23.786110439603867,0,330.0500030517578,349.1999969482422,12.925000871930804
2026-02-04,329.45001220703125,330.54998779296875,318.1499938964844,326.75,400772,329.98333062065973,343.91136169433594,355.90399780273435,455.7987162780762,331.40825275671483,339.5239326181889,40.0350949424523,-9.400215141239755,-9.330584595284286,-0.0696305459554693,373.7055802393013,310.0644148778862,24.066969921058504,0,330.0500030517578,349.1999969482422,13.16428702218192
2026-02-05,326.1000061035156,335.79998779296875,325.79998779296875,333.5,490918,330.33332994249133,342.79999750310725,355.162998046875,454.72596908569335,331.82660220537184,338.9763023801717,44.48597051596556,-8.700256633616277,-9.204519002950684,0.5042623693344073,372.4042683518532,309.3507273756859,23.54637267329356,0,330.0500030517578,349.1999969482422,13.264286586216516
2026-02-06,333.04998779296875,333.04998779296875,323.5,329.0,156242,329.8055521647136,340.9181795987216,354.3249981689453,453.6235496520996,331.2612817642975,338.0693658001561,42.23527348441944,-8.41168222868481,-9.04595164809751,0.6342694194126999,365.2024714335012,311.6975255147411,23.29384782753889,0,330.0500030517578,349.1999969482422,13.5250004359654
2026-02-09,329.0,354.79998779296875,329.0,350.8500061035156,893146,332.93888685438367,340.79090742631394,353.73399841308594,452.5969927978516,335.1790266321412,339.2312421913706,54.3201533606046,-6.346711114242282,-8.506103541326466,2.159392427084184,361.5175531524952,313.74244440609857,22.63036022076618,0,335.9499969482422,349.1999969482422,14.907141549246653
2026-02-10,350.8500061035156,357.5,347.79998779296875,351.0,247905,334.90555487738715,339.5840897993608,352.7589984130859,451.5546160888672,338.3432213057129,340.3011292648824,54.39069406428493,-4.644563735238876,-7.733795580108948,3.0892318448700724,357.5799209331625,316.1250778461343,22.238521840026426,0,337.3000030517578,349.1999969482422,14.535714285714286
2026-02-11,351.0,367.6000061035156,347.5,365.3999938964844,778260,338.94444444444446,339.4999986128374,352.11699829101565,450.68811141967774,343.75457582386724,342.5828442313916,60.67001069908576,-2.109325520798791,-6.608901568246917,4.499576047448127,360.8204722369894,314.1295247112528,22.633498391054133,0,342.3500061035156,349.1999969482422,15.20357186453683
2026-02-12,365.3999938964844,365.6000061035156,352.5,354.6499938964844,215308,340.8833312988281,338.9590897993608,351.3009979248047,449.7606845092773,345.9336594383907,343.6798578373091,54.62394551114414,-0.9565397343195629,-5.478429201461447,4.521889467141884,361.33603428884464,313.8839608283429,23.00026233129415,0,342.3500061035156,349.1999969482422,15.389286586216516
2026-02-13,351.8999938964844,353.6499938964844,341.25,343.04998779296875,152592,342.4111090766059,338.5090886896307,350.5069976806641,448.7253002929688,345.3569251093063,343.62259692418723,48.9546728656952,-0.9678158616112,-4.5763065334913975,3.6084906718801975,360.9007174235842,313.94427769360334,22.044000497367094,0,342.3500061035156,349.1999969482422,15.567858014787946
2026-02-16,344.8500061035156,346.3999938964844,336.6000061035156,339.04998779296875,158176,343.6944410536024,337.92272394353694,349.87499755859375,447.64889434814455,344.0955376460388,343.20690518498554,47.13789867035769,-1.2847095127757484,-3.917987129348268,2.63327761657252,359.82375685376104,314.05123704272336,20.69027614096347,0,342.875,347.90000915527344,15.164284842354911
2026-02-17,339.70001220703125,346.70001220703125,338.1499938964844,343.8999938964844,113126,345.5999959309896,337.79090603915125,349.38999755859373,446.7762889099121,344.0564288961279,343.26991324966724,49.581142321576685,-1.1314523763675195,-3.3606801787521183,2.2292278023845986,359.57586818744505,314.0991257090393,19.461740620585623,0,345.5500030517578,344.3500061035156,14.821428571428571
2026-02-18,343.8999938964844,348.95001220703125,338.29998779296875,346.8500061035156,153666,347.08332994249133,337.7045426802202,348.9209979248047,445.9154653930664,344.61514433760544,343.5953762363808,51.06273313937121,-0.7631564680637553,-2.8411754366144457,2.0780189685506905,360.6190811978349,314.4659133090011,18.54276765992677,0,345.5500030517578,342.3500061035156,14.010716029575892
2026-02-19,346.8500061035156,347.1000061035156,339.5,341.3999938964844,137505,348.4611070421007,337.4999972256747,348.7909979248047,444.94701461791993,343.97211424938126,343.39579602366285,48.24226430623804,-0.9006674114856423,-2.4530738315886853,1.552406420103043,360.6135792976877,316.2364145987968,17.68943562502927,0,348.3000030517578,342.3500061035156,13.432144165039062
2026-02-20,341.3999938964844,344.8500061035156,334.04998779296875,343.0,451886,347.5888841417101,337.9659063165838,348.42199768066405,444.025145111084,343.77769139950504,343.35981456696624,49.13061125518156,-0.8705040750088529,-2.136559880272719,1.266055805263866,360.996679064254,317.11831422187885,16.585936954286943,0,350.8249969482422,342.3500061035156,13.20357404436384
2026-02-23,343.0,344.8500061035156,339.75,341.70001220703125,229803,346.5555521647136,338.78181596235794,347.9059979248047,443.0893562316895,343.36215556101035,343.2089234433358,48.403688733706,-0.9406542868948122,-1.8973787615971376,0.9567244747023254,361.277052385582,317.632942121254,15.56125961716907,0,350.8249969482422,342.3500061035156,11.928575788225446
2026-02-24,339.8999938964844,339.8999938964844,326.0,328.0,257120,342.3999972873264,338.67499750310725,347.127998046875,442.02348587036136,340.2897244488084,341.82629403939615,41.444354427138826,-2.07777403879777,-1.9334578170372645,-0.1443162217605058,360.7954916225466,318.6495034946409,15.972884654261255,0,345.8000030517578,342.3500061035156,12.164291381835938
2026-02-25,328.0,335.0,324.0,332.6000061035156,330071,339.9499986436632,338.62272505326706,346.4709979248047,441.0389819335937,338.7517807797498,340.9875405906797,44.33815738336404,-2.578049436859544,-2.06237614100172,-0.5156732958578241,360.8076777920995,318.5673191561426,16.521850027312908,0,338.8249969482422,342.3500061035156,12.235719953264509
2026-02-26,334.8999938964844,335.54998779296875,327.0,329.75,144585,338.47222222222223,338.9454526034269,345.5409979248047,440.00189392089845,336.9514246237999,339.965945991527,42.92281836793084,-3.167974529788296,-2.2834958187590355,-0.8844787110292605,360.77064999757744,318.67434817136785,16.954666629568532,0,336.4750061035156,342.3500061035156,12.132147652762276
2026-02-27,329.75,334.95001220703125,323.0,333.0,335149,337.8000013563368,338.9318167946556,344.6139978027344,438.9751205444336,336.16113969903995,339.3326781741154,45.07593599705728,-3.334805021059708,-2.4937576592191704,-0.8410473618405376,360.7495771157991,318.2754198324431,17.709740397313983,0,335.9750061035156,342.3500061035156,11.14286368233817
2026-03-02,320.0,330.20001220703125,320.0,328.79998779296875,183130,336.1222229003906,338.9204531582919,344.1039978027344,437.9078091430664,334.68890931782573,338.37516086673844,42.82750341527094,-3.762552903715744,-2.747516708118485,-1.0150361955972589,360.7763103592752,318.1986865889669,18.66481796707096,0,334.4750061035156,342.3500061035156,11.378577096121653
2026-03-04,328.0,328.79998779296875,314.8999938964844,316.6499938964844,181924,332.7666659884983,337.98636141690343,343.4489978027344,436.7438871765137,331.0811262335575,336.4001456876244,37.06731791321527,-5.024035197781529,-3.202820406051094,-1.8212147917304355,361.9997592645411,315.89023707334945,19.95734119073109,0,331.0,341.25,10.935719081333705
2026-03-05,316.6499938964844,329.8999938964844,316.6499938964844,328.1499938964844,365952,331.29444376627606,337.9340889670632,343.0479974365234,435.71289611816405,330.4948997661429,335.6501318884298,44.654837761891,-5.03774314671881,-3.569804954184637,-1.4679381925341728,361.9218834355226,316.1081122920164,20.97407247720108,0,329.875,341.25,10.946432931082589
2026-03-06,328.1499938964844,331.3500061035156,319.75,322.25,272118,328.98888821072046,337.6954526034269,342.53999755859377,434.69815826416016,328.8459198129143,334.43193808039075,41.86599865556418,-5.461727598207233,-3.948189482989157,-1.513538115218076,362.4558638920776,314.44913183546146,21.66925893153729,0,329.875,341.25,10.817862374441964
2026-03-09,312.1499938964844,324.0,307.04998779296875,323.1000061035156,292800,326.92222086588544,337.5295437899503,342.0509979248047,433.6545304870605,327.6967370710346,333.40176244612934,42.42389356867075,-5.66386048387119,-4.291323683165564,-1.3725368007056264,362.78686147143065,313.52813486646,23.28863978122606,0,323.47499084472656,337.3249969482422,11.328578404017858
2026-03-10,326.95001220703125,327.95001220703125,320.25,326.54998779296875,244211,326.7611083984375,337.2136341441761,341.5759979248047,432.63532455444334,327.4673872154214,332.7788738412965,44.741812539008585,-5.482469071670096,-4.52955276086647,-0.9529163108036256,361.33182319400646,312.5531713128295,24.154894040024782,0,321.29998779296875,337.3249969482422,11.26786368233817
2026-03-11,328.3500061035156,333.0,322.54998779296875,329.29998779296875,305556,326.3944396972656,337.22726995294744,341.15899780273435,431.6224491882324,327.8339073309309,332.4626114732667,46.58766961678112,-5.058501793487778,-4.635342567390732,-0.423159226097046,359.5339843587457,312.18100892738704,24.200470465670836,0,321.29998779296875,337.3249969482422,11.253577096121653
2026-03-12,327.8500061035156,351.1000061035156,319.79998779296875,347.54998779296875,549782,328.3722161187066,337.0772691206499,340.9599975585937,430.6741139221192,331.7771234233385,333.83419113869417,56.88155607306324,-3.212846498120029,-4.350843353536591,1.1379968554165618,355.02155008784825,314.908442587933,22.772715382796537,0,329.0749969482422,337.3249969482422,12.9464351109096
2026-03-13,341.0,351.8999938964844,336.0,342.6000061035156,723856,329.4388834635417,336.6954512162642,340.7889978027344,429.6424151611328,333.9416999593739,334.6310834082234,53.85010998817744,-2.125076968450742,-3.905690076519422,1.78061310806868,352.56772777256293,316.1572661239215,21.52180721225219,0,329.47499084472656,337.3249969482422,13.310719081333705
2026-03-16,342.6000061035156,370.8999938964844,338.79998779296875,357.3999938964844,2522644,332.61666191948785,336.3318148526278,340.91699768066405,428.6636946105957,338.63335874679603,336.70098436170167,60.60956397823195,-0.0679926757555904,-3.138150596366656,3.070157920611065,355.69808933012416,314.4619051767117,21.839999648727616,0,338.97499084472656,338.97499084472656,15.239290509905134
2026-03-17,355.0,357.20001220703125,347.8500061035156,353.04998779296875,311915,336.6611056857639,336.25908730246806,340.96299743652344,427.684740447998,341.5166845560306,338.1872574009077,57.92413485554476,1.197448863548516,-2.2710307043836213,3.468479567932137,357.8641039906132,313.69589051622273,22.135464054026222,0,338.97499084472656,338.97499084472656,14.800003051757812
2026-03-18,351.0,353.8500061035156,344.1499938964844,351.79998779296875,235224,339.2888827853733,336.6568145751953,340.8399969482422,426.7319343566895,343.5733452034183,339.42477834564056,57.14066435273705,2.0755304243873525,-1.4017184786294266,3.477248903016779,359.13582017541427,313.2141737210701,21.986348378632982,0,338.97499084472656,338.97499084472656,14.707146780831474
2026-03-19,349.0,349.0,336.1499938964844,337.95001220703125,176597,341.03332858615454,336.60681568492544,340.1909973144531,425.7380723571777,342.4486786041409,339.29070869667606,49.20007814619705,1.634991937569339,-0.7943763953896734,2.429368332959013,358.1585107300561,313.3014837767799,21.00103615172002,0,338.97499084472656,338.97499084472656,15.214290073939733
2026-03-20,339.8999938964844,345.29998779296875,337.54998779296875,344.1000061035156,269143,343.36666191948785,336.6159071488814,339.99999755859375,424.75369140625,342.7789441040159,339.7279175518433,52.36555231455051,1.761806118413574,-0.2831398926290239,2.044946011042598,358.46902737221257,313.2609683553265,20.08610336958655,0,345.34999084472656,338.97499084472656,14.914289202008929
2026-03-23,337.6000061035156,338.75,330.0,331.1000061035156,224918,343.8722195095486,335.8999980579723,339.0709979248047,423.67883682250977,340.4431565039159,338.94356196563166,45.86027604570969,0.8040473584662777,-0.0657024424099636,0.8697498008762413,357.7091163186252,312.83088001926546,18.820107450719476,0,345.34999084472656,338.97499084472656,14.99286106654576
2026-03-24,336.04998779296875,342.5,327.79998779296875,339.5,243135,345.00555419921875,335.8136346990412,338.5159979248047,422.5693147277832,340.25452520313274,338.99414724148335,50.16800740193096,0.7145886139711592,0.0903557688662609,0.6242328451048983,357.4876883818404,312.8323067353472,17.669681045108817,0,345.34999084472656,338.97499084472656,15.05000523158482
2026-03-25,340.75,344.0,329.1499938964844,331.75,311667,343.25,335.3022710626776,337.8199981689453,421.359708404541,338.5536201625062,338.3355884013485,46.49245617360025,0.0181227758171758,0.0759091702564439,-0.0577863944392681,357.4841869722222,313.21080814496537,16.74677096284003,0,349.34999084472656,338.97499084472656,15.164291381835938
2026-03-27,331.0,333.25,319.0,330.3500061035156,517789,341.8888888888889,334.78636169433594,337.367998046875,420.174758605957,336.91289735070814,337.6096263742728,45.83911359475732,-0.639428294545155,-0.0671583227038758,-0.5722699718412791,357.4531974145024,313.0167977026851,16.20092691675392,0,344.9499969482422,338.97499084472656,15.35357666015625
2026-03-30,321.6000061035156,332.8500061035156,317.1000061035156,319.29998779296875,327928,337.65555487738715,334.3909065940163,336.7149975585937,418.9795697021484,333.3903154391603,335.94511377597246,40.94795013869294,-2.0287996445929366,-0.459486587081688,-1.5693130575112486,357.9422832863069,311.48271061017743,15.862679666939616,0,337.15000915527344,338.97499084472656,15.26786150251116
2026-04-01,332.0,338.0,322.04998779296875,327.6000061035156,395009,334.82777913411456,334.1636338667436,336.3309979248047,417.8501179504394,332.23225357203137,335.1864676239309,45.639935666096754,-2.432108504961718,-0.8540109706576942,-1.578097534304024,357.880684747322,311.00430975951394,14.987566582961117,0,335.4750061035156,338.97499084472656,16.053575788225448
2026-04-02,325.3500061035156,325.3500061035156,317.5,320.5,325373,331.3500027126736,333.74317932128906,335.7659979248047,416.7420484924317,329.88580285762515,333.8513342035736,42.52712928225923,-3.2867571473549333,-1.340560205997142,-1.9461969413577915,358.1696943082536,309.8853014192855,14.607550989868622,0,333.0500030517578,338.97499084472656,16.028575352260045
2026-04-06,327.0,327.0,313.0,319.0,509859,329.24444580078125,333.10681568492544,335.227998046875,415.6521998596192,327.70864228610014,332.5012129123396,41.877294546775225,-4.038555859801363,-1.8801593367579863,-2.158396523043377,357.95162597235355,310.3383703655371,14.659393359462348,0,329.1499938964844,338.97499084472656,14.792859758649554
2026-04-07,320.0,320.0,308.79998779296875,311.1000061035156,371744,325.57777913411456,332.3022710626776,334.7949981689453,414.55079772949216,324.38691504958325,330.555648656992,38.53735264981541,-5.2117474597589535,-2.54647696135818,-2.6652704984007736,359.13691274925185,307.4480848093419,15.066195827300287,0,326.3999938964844,338.97499084472656,14.457146780831474
2026-04-08,317.3999938964844,326.0,315.0,320.95001220703125,848726,324.4500020345052,332.4977264404297,334.73899841308594,413.469709777832,323.6995344810729,329.6824089797228,44.48277204338818,-5.285766061613288,-3.0943347814092013,-2.1914312802040863,359.1950943007644,307.25990447853246,14.725150996142606,0,326.3999938964844,338.97499084472656,13.22857448032924
2026-04-09,323.0,328.95001220703125,312.04998779296875,317.1499938964844,894950,321.9666680230035,331.9977264404297,334.4749981689453,412.3701164245605,322.3896263641552,328.54309851761025,42.76413260480132,-5.586656557222455,-3.592799136571852,-1.9938574206506023,359.5151187223302,306.3448788362635,14.408466510067615,0,326.3999938964844,338.97499084472656,13.753577096121653
2026-04-10,318.8999938964844,337.54998779296875,318.8999938964844,329.5,837973,321.7166680230035,332.3272718949751,334.38999816894534,411.4247688293457,323.8117010913241,328.6300895614638,49.58194690127233,-4.773545700143188,-3.82894844928612,-0.9445972508570688,359.54605505052035,306.6089437287765,13.60551844955498,0,323.3999938964844,338.97499084472656,14.51786150251116
2026-04-13,330.0,335.5,322.25,330.79998779296875,381555,321.7666659884983,332.6772710626776,334.552998046875,410.5400831604004,325.2093584316532,328.8273530370552,50.25367678817213,-3.9783909232187966,-3.8588369440726553,-0.1195539791461413,359.5844618967112,306.72053688258563,12.859923821936103,0,323.3999938964844,338.97499084472656,14.346433367047991
2026-04-15,334.0,348.8999938964844,333.79998779296875,342.29998779296875,732483,324.32222154405383,333.3931801535866,334.732998046875,409.7799197387696,328.6274843039163,330.05213801486553,55.85663388008625,-2.3926897057057204,-3.5656074963992683,1.172917790693548,358.8194250481153,306.9605737311816,13.417242453928443,0,328.84999084472656,338.97499084472656,15.085719517299108
2026-04-16,346.0,346.75,337.54998779296875,343.1000061035156,235745,326.04444376627606,334.02045371315694,335.0139984130859,409.0042185974121,331.52198866383617,331.2383078411064,56.22600190246968,-1.0592449583147072,-3.064334988782356,2.005090030467649,358.8847765723221,306.9452222069747,13.93475261220705,0,328.84999084472656,338.97499084472656,14.735719953264509
2026-04-17,344.95001220703125,351.0,342.04998779296875,343.8999938964844,300768,328.64444308810766,333.8545448996804,335.147998046875,408.2335066223145,333.99758971036584,332.3893702097771,56.61691693914564,0.0613645675226166,-2.4391950775213616,2.500559645043978,356.15027884023584,308.3297199390611,14.7684460061278,0,329.8999938964844,338.97499084472656,14.325005667550224
2026-04-20,342.0,346.04998779296875,338.04998779296875,341.5,188455,331.14444308810766,333.8045446222479,335.3919982910156,407.4567301940918,335.4980717682927,333.2176092816155,55.02920802067413,0.7471831778747742,-1.8019194264421343,2.549102604316909,353.9600279924698,309.36497200753024,15.00956700365991,0,329.8999938964844,339.84999084472656,13.835719517299108
2026-04-21,345.0,347.70001220703125,339.5,340.29998779296875,241300,334.3888854980469,333.0272716175426,335.647998046875,406.6808786010742,336.4584549732279,333.8614618735567,54.21061281865724,1.180263073426033,-1.205482926468501,2.3857459998945343,351.73022072537583,310.4447792746241,15.383808804378454,0,331.5249938964844,339.84999084472656,13.403577532087054
2026-04-22,341.0,345.0,336.3999938964844,344.1499938964844,207662,336.96666124131946,332.6227264404297,335.99599792480467,405.9195780944824,337.9967627578792,334.7967829665501,56.44899652576974,1.8132433864781772,-0.6017376638791654,2.414981050357343,352.6513126090314,310.14368555991393,15.306555500855138,0,331.5249938964844,339.84999084472656,12.89286368233817
2026-04-23,345.0,351.0,338.8999938964844,348.3999938964844,783106,340.4388834635417,332.46818126331675,336.2939978027344,405.19609756469725,340.0774089856003,336.033438505635,58.84092144661611,2.6275357299067537,0.0441170148780183,2.5834187150287358,353.48532925312065,309.7396676951215,15.806828586113644,0,334.9499969482422,339.84999084472656,12.421434674944196
2026-04-24,349.0,351.79998779296875,340.8500061035156,346.75,392524,342.3555501302083,332.8681807084517,336.6489978027344,404.4831629943848,341.41192718848026,337.0076713687591,57.5200911141979,3.1039471897976227,0.6560830498619393,2.4478641399356835,355.2866589738398,309.5033373640509,16.34484028986488,0,337.0249938964844,339.84999084472656,12.482147216796877
2026-04-27,346.75,365.0,345.54998779296875,359.70001220703125,899478,345.56666395399304,333.5772718949751,336.8259979248047,403.84561309814455,345.06954419219045,339.07061144496566,64.29454989025449,4.47488082087358,1.4198426040642675,3.055038216809312,359.21325675746994,307.5967408011238,17.887339877819695,0,349.3999938964844,336.8999938964844,12.871433803013392
2026-04-28,361.0,364.6499938964844,356.1499938964844,358.75,216039,347.39444308810766,334.8340897993608,336.9809979248047,403.177345123291,347.8056353537524,340.8596467681506,63.49458412418354,5.422193879179872,2.2203128590873886,3.2018810200924834,362.9161680892402,306.5938294693536,19.319660923777736,0,350.6999969482422,336.8999938964844,12.678575788225446
2026-04-29,361.9500122070313,361.9500122070313,348.3500061035156,349.5,281141,348.10555352105035,335.28863525390625,336.662998046875,402.4796444702149,348.144508283002,341.6451334255914,56.16677780458031,5.364707598602934,2.849191806990498,2.515515791612436,364.5374489511086,306.8875479971336,19.51211416934244,0,350.6999969482422,336.8999938964844,12.585719517299111
2026-04-30,349.5,349.5,340.5,343.8500061035156,196037,348.0999993218316,335.83863553133875,336.44699829101563,401.7774360656738,347.2856078471048,341.8455763963118,52.20372616595673,4.807820457136756,3.24091753701975,1.5669029201170064,364.9000564677877,308.9799423115092,18.721537449117736,0,350.6999969482422,336.8999938964844,12.02143205915179
2026-05-01,343.8500061035156,343.8500061035156,343.8500061035156,343.8500061035156,0,348.3611111111111,336.4522718949751,336.46299865722654,401.05346389770506,346.59848749838693,342.0277972787849,52.20372616595673,4.316722890949507,3.456078607805701,0.860644283143805,365.5134805429127,309.9915182363842,17.98743049462337,0,350.6999969482422,336.8999938964844,10.564289637974335
2026-05-04,346.8999938964844,349.6000061035156,342.5,345.1000061035156,208580,348.89444647894965,337.625,336.5839990234375,400.2946875,346.2987912194127,342.307088990124,53.05365662514298,3.98248151697436,3.561359189639433,0.4211223273349267,365.6846441346976,312.28035525495085,17.870290188254426,0,350.6999969482422,336.8999938964844,10.125004359654024
2026-05-05,346.8500061035156,353.25,342.0,344.25,231837,348.9055582682292,338.3818179043856,336.5909991455078,399.5405644226074,345.8890329755302,342.4837172637491,52.37165971851784,3.607420335180848,3.5705714187477167,0.0368489164331311,365.3063542994056,315.18364509024286,18.094473994113542,0,351.9499969482422,336.8999938964844,9.635718209402906
2026-05-06,347.0,352.0,343.04998779296875,350.95001220703125,165594,349.1888936360677,339.7659093683416,336.6729992675781,398.8696517944336,346.90122882183044,343.2533804404111,57.05755018342296,3.806932686927155,3.617843672383605,0.1890890145435504,363.6069572576217,320.8680427423783,18.302644670982723,0,352.75,336.8999938964844,9.617861066545762
2026-05-07,355.5,356.79998779296875,349.0,349.8500061035156,282493,349.53333875868054,341.1681823730469,336.8419995117188,398.2263790893555,347.4909842781675,343.8530736825115,56.08198951868217,3.8321121601011896,3.6606973699271217,0.1714147901740679,362.77858759307793,324.58641179657053,18.937903020355808,0,352.75,336.8999938964844,9.5357164655413
2026-05-08,349.8500061035156,375.0,346.79998779296875,360.3999938964844,927400,349.6111145019531,343.40909090909093,337.18999938964845,397.636845703125,350.0727862018309,345.357339156509,62.67369385610871,4.649763341541586,3.858510564250015,0.7912527772915716,361.8325629223246,329.8574364673238,20.78800789382005,0,357.75,341.8999938964844,10.978574480329245
2026-05-11,360.04998779296875,360.5,347.79998779296875,349.20001220703125,359079,348.55000474717883,344.6931818181818,337.3399993896484,397.0056565856934,349.89823140287103,345.70667307019283,53.494325169075616,4.34393865272466,3.955596181944944,0.3883424707797158,360.8885464242389,332.7714541861126,22.50596241917971,0,357.75,341.8999938964844,11.300003051757816
2026-05-12,349.0,350.8500061035156,330.6499938964844,332.79998779296875,271428,346.69444783528644,345.40454517711294,337.4359991455078,396.2603164672852,346.4785826808906,344.5333380449906,43.45735418614033,2.7465647848348453,3.7137899025229246,-0.9672251176880792,360.5294032728362,333.33059733751537,21.93496769475266,0,352.8249969482422,341.8999938964844,12.128574916294648
2026-05-13,335.29998779296875,339.1499938964844,328.1000061035156,335.04998779296875,218993,345.7166680230035,345.6568173495206,337.48499877929686,395.4154293823242,344.1928637033062,343.6712152948068,44.98252442299684,1.6432483380854706,3.299681589635434,-1.6564332515499631,361.04472322542176,332.0902773849298,21.139415496217648,0,351.5500030517578,341.8999938964844,12.05357360839844
2026-05-14,341.0,396.7000122070313,339.3500061035156,384.5499877929688,38733636,350.23888821072046,348.09999916770244,338.58099853515625,394.8249670410156,352.2642885212388,347.38746734009425,66.43375825992209,4.708818092477486,3.5815088902038448,1.1273092022736413,370.836695265912,326.4433035133849,23.20966949996863,0,362.40000915527344,354.375,15.67500523158483
2026-05-15,390.0,443.0,389.0,415.75,95651377,358.08888753255206,351.4386360862038,340.2359985351562,394.4226557922364,364.9614308169911,353.6022430364493,73.45825657577637,9.545845875624876,4.774376287288051,4.771469588336826,389.4048056656696,315.06019372397884,26.1167290581626,0,385.5500030517578,377.5249938964844,18.46071951729911
2026-05-18,405.1499938964844,409.25,386.5,392.3500061035156,10630178,363.4333326551649,353.6772724498402,341.5069989013672,393.9377212524414,370.439145874296,357.1247669516371,62.83704601013468,11.360089259560766,6.091518881742594,5.268570377818172,395.6300665230637,313.9199334769363,28.63095225083244,0,385.5500030517578,380.9499969482422,19.94286237444197
2026-05-19,392.3500061035156,401.2000122070313,383.6000061035156,394.2999877929688,3442432,368.249996609158,355.96818126331675,343.05999877929685,393.465009765625,375.2113142580306,360.5043324826673,63.31308666977135,12.807599404429196,7.434734986279915,5.372864418149282,401.3295367502717,313.62046324972835,30.742315595865776,0,385.5500030517578,382.625,20.228576660156254
2026-05-20,393.8999938964844,423.0,387.0,406.5,10952317,374.5444403754341,358.9227267178622,344.6269989013672,393.09534194946286,381.4690514064245,364.6857568024248,66.22787254026815,14.768953347500371,8.901578658524008,5.867374688976364,409.0786688023445,312.1063318080071,33.107814594319464,0,385.5500030517578,385.5500030517578,22.157148088727684
2026-05-21,416.0,416.0,400.2000122070313,406.3999938964844,2299265,379.6555514865452,361.9272724498402,346.30999877929685,392.7808198547363,386.4552399044365,368.477960174612,66.18145493650428,16.129341809198706,10.347131288658948,5.78221052053976,415.7031763668618,311.2818242434897,35.30434937859789,0,385.5500030517578,385.5500030517578,23.285718645368306
2026-05-22,405.8999938964844,414.9500122070313,398.2999877929688,402.2999877929688,1292660,385.5555487738716,364.5704539905895,347.8939984130859,392.41463607788086,389.624189482143,371.552689958099,64.19496859395247,16.684297048035774,11.614564440534313,5.069732607501461,420.59786307389936,311.94213631574905,37.1857365194404,0,385.5500030517578,385.5500030517578,23.967862810407365
2026-05-25,407.5,407.5,395.1000061035156,397.6000061035156,899266,392.7555508083768,366.8068181818182,349.3149987792969,392.0130812072754,391.21935280641753,373.9206277895005,61.901225029970135,16.554029285025365,12.602457409432525,3.95157187559284,424.14674190395226,312.18325687534457,38.65637005017881,0,385.5500030517578,385.5500030517578,24.050005231584823
2026-05-26,398.0,407.0,394.1000061035156,396.0499877929688,650709,399.53332858615454,369.0477267178622,350.6499987792969,391.6027871704102,392.18547980372784,375.93238778981583,61.125528505805846,16.139669556640058,13.309899838874031,2.829769717766025,427.16447451990666,312.8955230386871,39.931900827077634,0,391.1750030517578,385.5500030517578,24.332146780831472
2026-05-27,398.5,426.7999877929688,396.2000122070313,417.2999877929688,4766077,403.1722174750434,371.66590742631394,352.04499877929686,391.3469694519043,397.2083814015761,379.6930786991934,67.19486504606287,17.326257580763922,14.113171387252011,3.213086193511911,433.4003170559224,313.43967928196827,41.56854340884856,0,413.3000030517578,385.5500030517578,25.97143336704799
2026-05-28,417.2999877929688,417.2999877929688,417.2999877929688,417.2999877929688,0,403.3444383409288,374.3272705078125,353.53899841308595,391.10302276611327,401.22670267985467,383.1118886168093,67.19486504606287,18.05847033378666,14.902231176558942,3.1562391572277164,438.4286850326387,315.7563094741973,43.088282949064414,0,405.1999969482422,385.5500030517578,23.957146780831472
2026-05-29,420.0,428.0,411.6000061035156,424.1499938964844,1603546,406.87777031792535,377.7204520485618,354.8739984130859,390.84559448242186,405.81136092318064,386.8426254604162,69.00405038138561,18.97278599374266,15.716342139995684,3.256443853746976,443.77965623751214,318.43533704862074,44.721383175606015,0,405.8000030517578,385.5500030517578,24.221431187220983
2026-06-01,444.0,477.5,438.6000061035156,459.75,18131508,414.1499938964844,382.9886335893111,357.0079986572265,390.74242385864255,416.5990887385445,393.47056860037833,76.31480223187563,22.31280261314828,17.035634234626205,5.277168378522074,456.2554821702347,317.42451050554666,46.95302965331378,0,432.25,402.8000030517578,26.58928789411272
2026-06-02,457.0,463.4500122070313,444.25,457.6000061035156,2431156,419.82777235243054,388.1590881347656,359.1239990234375,390.6416108703613,424.7992722115388,399.3005174642999,75.16181056697212,24.503838313383085,18.52927505037758,5.974563263005503,465.6887150390932,319.32627824703974,49.02527281118528,0,435.8000030517578,402.8000030517578,27.17143249511719
2026-06-03,457.6000061035156,469.8999938964844,443.1000061035156,462.2999877929688,1874240,426.0388827853733,393.4863600297408,361.6109985351562,390.5014799499512,432.2994153278248,405.02774203963344,76.014915133095,26.31614301884099,20.086648644070262,6.229494374770724,474.8009018456576,321.34908899906907,51.02254904670372,0,435.8000030517578,402.8000030517578,24.682144165039062
2026-06-04,459.0,466.6000061035156,451.0,452.6000061035156,1402779,431.62777370876734,398.4113603071733,363.7809985351562,390.359344329834,436.359533482963,409.3524933181682,70.62363578730572,26.662353088985867,21.40178953305339,5.260563555932478,480.1021038821727,326.3228869625539,52.87716269397085,0,435.8000030517578,402.8000030517578,21.62142944335938
2026-06-05,457.0,479.0,454.6000061035156,476.2000122070313,4026582,440.3611077202691,404.1045421253551,366.68299865722656,390.3723059082032,444.3276292277767,415.429540489883,75.22719817212555,28.51237738480449,22.82390710340361,5.688470281400885,489.66533142540766,328.33966125037364,54.74173637623466,0,436.5500030517578,403.5500030517578,21.41785757882255
2026-06-08,465.5499877929688,485.0,450.5499877929688,456.8999938964844,1972391,447.1222195095486,408.9704506613991,369.0309985351562,390.2813479614258,446.8421021615183,419.1995817086649,66.10387246228095,28.097296641544062,23.878585011031703,4.21871163051236,492.5825423001603,336.1924485445662,56.53798685869962,0,440.6000061035156,406.5500030517578,22.62142944335937
