Date,Open,High,Low,Close,Volume,SMA_9,SMA_22,SMA_50,SMA_200,EMA_9,EMA_21,RSI_14,MACD_Line,MACD_Signal,MACD_Hist,BB_Upper,BB_Lower,ADX_14,ST_Direction,Ichi_Tenkan,Ichi_Kijun,ATR_14
2024-12-16,3198.111776162184,3215.662389567952,3095.73319796187,3111.7724609375,11592,3146.147786458333,3018.847234552557,2971.6473486328123,,3119.417063395109,3068.3647815070026,55.068281037277565,52.874737111579634,49.65190269072264,3.222834420856998,3315.262405814785,2771.6606410602158,24.40284827530354,0,3133.9301488511846,2983.750601253465,78.92552016178118
2024-12-17,3111.772396959698,3142.9734868173496,3076.719970181828,3082.326416015625,5248,3138.060438368056,3031.3586980646305,2972.867119140625,,3111.9989339192125,3069.6340210077865,52.4751952599891,47.02020226829973,49.125562606238056,-2.105360337938329,3306.834454126073,2806.7557802489277,23.820951470127326,0,3133.9301488511846,2983.750601253465,78.9568571516776
2024-12-18,3105.483459696034,3105.7272182093543,3028.5533681104303,3046.9326171875,6185,3124.8487413194443,3045.385886452415,2975.6108642578124,,3098.98567057287,3067.570257024124,49.46039964211037,39.07403629062856,47.11525734311616,-8.0412210524876,3296.190260076336,2837.7196764471023,22.468659753805376,0,3131.0294760501915,2983.750601253465,79.73688760962075
2024-12-19,2998.327403151098,3041.813780415482,2998.327403151098,3011.295166015625,3472,3104.9092881944443,3054.278642134233,2976.002827148437,,3081.447569661421,3062.4543396597146,46.559854888804026,29.560245915031828,43.604255057499294,-14.044009142467466,3281.983883335656,2868.301761195594,20.9789337657827,0,3107.0678985151244,2983.750601253465,79.97018257247932
2024-12-20,3016.0241640852287,3016.0241640852287,2890.9760434858817,2907.74658203125,11606,3071.1514485677085,3057.188232421875,2974.1687890625,,3046.707372135387,3048.389998057127,39.34070161035334,13.50926674548191,37.585257395095816,-24.075990649613907,3269.4845952751466,2888.216185974853,20.942415580234897,0,3053.3192165269165,2983.750601253465,82.15355595675712
2024-12-23,2907.7464032215817,2944.6027367408647,2824.234834730524,2905.698974609375,7950,3045.675971137153,3059.8319091796875,2974.4086474609376,,3018.5056926301845,3035.418086834604,39.21123066116455,0.6164196046820507,30.191489837013066,-29.57507023233101,3261.6713905523397,2900.538912182036,21.554530393710813,0,3019.948612149238,2983.750601253465,84.94632143528399
2024-12-24,2928.027190839612,2936.753697795302,2884.540577902016,2900.580078125,4287,3021.2513563368057,3062.8766756924715,2973.6744482421877,,2994.920569729148,3023.1600860428216,38.866861667742825,-9.90018365372498,22.173155138865457,-32.073338792590434,3268.9090479164747,2887.178061458525,22.12292272050988,0,3019.948612149238,2999.351056789421,84.73389987213295
2024-12-26,2900.726327513655,2919.3495732714923,2840.323015126279,2867.965087890625,6413,3000.515625,3063.211281516335,2971.795556640625,,2969.529473361444,3009.0514498471675,36.65781096296869,-20.628630628111296,13.612797985470108,-34.241428613581405,3281.9062757929496,2860.4669663945506,23.055300675057097,0,3019.948612149238,3010.2714035331733,84.35085097241397
2024-12-27,2886.1008834967874,2910.427936240149,2851.9746906176024,2883.17578125,3152,2968.6103515625,3059.6369074041195,2970.362255859375,,2952.258734939155,2997.608207247425,38.41578344432785,-27.5856362730724,5.373111133761608,-32.95874740683401,3290.3051099691065,2837.6912767496437,23.92108020427952,0,3019.948612149238,3015.951025011347,82.80124321793622
2024-12-30,2881.225566352201,2944.5539791609094,2850.2194365062305,2901.896240234375,6254,2945.290771484375,3054.945656516335,2968.876303710937,,2942.186235998199,2988.907119337148,40.60078560214779,-31.22854554859805,-1.947220202710324,-29.281325345887726,3293.583196609139,2818.300738937736,24.077143729311537,0,2983.604160773937,3020.6555974293437,86.25565631184365
2024-12-31,2901.896403826974,2901.896403826974,2824.235033969923,2878.8857421875,4944,2922.6862521701387,3048.21572043679,2967.870073242188,,2929.526137236059,2978.905175959907,38.7794967561476,-35.56239117220912,-8.670254396610083,-26.892136775599035,3289.2343303620714,2796.265205770741,24.497324437552965,0,2964.981026469939,3028.8702093602387,85.43730728752601
2025-01-01,2878.885601691164,2942.603933377226,2870.938931437998,2932.56103515625,3315,2909.9782986111118,3042.285733309659,2966.563525390625,,2930.1331168200973,2974.692072250484,44.97962952303919,-34.270795100070245,-13.790362537302116,-20.48043256276813,3277.1417105042005,2786.297669378612,24.136781201503798,0,2933.024307573003,3028.8702093602387,85.77857921125322
2025-01-02,2945.57794413487,3050.8816243621345,2945.57794413487,3017.291748046875,8065,2910.644585503472,3036.5840065696025,2969.433056640625,,2947.564843065453,2978.5647700501554,53.06106398644867,-26.109165296150422,-16.25412308907178,-9.855042207078643,3263.3038447143726,2786.353455090315,22.628216715652197,0,2937.558229546329,3028.8702093602387,88.0768988621377
2025-01-03,3012.8551754463315,3084.471377881433,3012.8551754463315,3064.09326171875,5854,2928.0164388020835,3032.535400390625,2973.517470703125,,2970.870526796112,2986.340087474573,56.83265031475682,-15.683731563743097,-16.140044784006044,0.4563132202629489,3249.7414154201274,2789.741421493935,21.636956695146488,0,2954.3531063059786,3028.8702093602387,84.3334589099719
2025-01-06,3071.3572233736954,3087.88400272848,2930.513604025214,2945.919189453125,7190,2932.4853515625,3023.026611328125,2973.991337890625,,2965.880259327515,2982.665460381714,46.6417484475221,-16.763916238302954,-16.26481907486543,-0.4990971634375256,3224.8928323114524,2790.10689913386,20.515122513840996,0,2956.0595183492014,3028.8702093602387,87.00783084548503
2025-01-07,2945.7729512433148,2981.2643350206035,2945.577992033994,2965.614990234375,2326,2939.7114529079863,3013.9255704012785,2975.488994140625,,2965.827205508888,2981.115417641047,48.30552486840838,-15.847998000911955,-16.181454860074734,0.3334568591627764,3190.714999611528,2799.6895169900345,19.473419345485887,0,2956.0595183492014,3028.8702093602387,84.82446129913417
2025-01-08,2983.457990288019,2983.457990288019,2904.090076929962,2930.80615234375,4687,2946.693793402778,3002.109929865057,2978.319521484375,,2958.82299487586,2976.5418480685653,45.59936920233758,-17.72656766943419,-16.490477421946625,-1.2360902474875637,3170.8600808742312,2799.1272238132688,18.997439960960055,0,2956.0595183492014,3028.8702093602387,84.98118010335796
2025-01-09,2895.851230739035,2962.055949853247,2895.851230739035,2943.5791015625,4408,2953.4052734375,2989.9286554509945,2980.837060546875,,2955.774216213188,2973.545234749832,46.77761698229643,-17.977444621117684,-16.78787086178084,-1.1895737593368452,3151.418702546718,2800.8863511642194,18.651349432650967,0,2956.0595183492014,3028.8702093602387,86.23828760891583
2025-01-10,2911.841598501163,2964.1035189213667,2851.9746029095386,2856.70361328125,5774,2948.3838704427085,2977.2798073508525,2980.752236328125,,2935.9600956268005,2962.923269161779,40.37272875881784,-24.899367855030505,-18.41017026043077,-6.48919759459973,3145.184907945837,2787.331840101038,18.827529751059732,0,2956.0595183492014,3028.8702093602387,85.31548728123592
2025-01-13,2835.398933737072,2876.3015633185905,2725.2688886482174,2746.134521484375,10206,2933.633734809028,2960.267666903409,2977.3834912109373,,2897.994980798316,2943.2152011911057,33.99322376571611,-38.85910001519733,-22.499956211384088,-16.35914380381324,3122.685517359749,2767.412358616813,20.126429556937666,0,2906.576445688349,2979.387236319085,87.50582818552395
2025-01-14,2756.177435867401,2847.050559576206,2741.7956839689155,2826.818603515625,5769,2921.884575737847,2949.9145729758525,2976.201748046875,,2883.759705341778,2932.633692311517,41.2843042505883,-42.91703633174984,-26.58337223545724,-16.3336640962926,3097.507306581965,2764.09518365241,21.33255080525288,0,2906.576445688349,2970.5386412636844,91.2945250222386
2025-01-15,2845.3932296934813,2853.8759786571127,2804.880515694002,2837.056640625,4788,2901.858452690972,2934.7660910866475,2973.4911572265623,,2874.419092398423,2923.944869430924,42.15740559026681,-44.79053861853754,-30.224805512073303,-14.565733106464236,3074.0180900052424,2763.0574226900703,22.330856530002382,0,2906.576445688349,2970.4656391080844,89.14944679494556
2025-01-16,2894.876211579184,3195.1867111300053,2846.514425524256,2967.760009765625,31711,2891.1547580295137,2928.220070578835,2973.766123046875,,2893.0872758718638,2927.928064006805,51.97551610001509,-35.321469212426564,-31.244138252143955,-4.077330960282609,3060.001423612367,2769.156828340758,22.089468511089624,0,2960.227799889112,2970.4656391080844,110.55493428654977
2025-01-17,2967.7599116007964,3181.9748463584283,2930.172301086673,3144.43603515625,86755,2913.2121853298613,2931.0432350852275,2977.698432617188,,2943.357027728741,2947.610606838573,61.49077223132431,-13.406344783743409,-27.67657955846385,14.27023477472044,3094.7722684119603,2747.700070455227,21.86532249352777,0,2960.227799889112,2970.4656391080844,121.80264875919806
2025-01-20,3122.059088386217,3249.7885514026425,3122.059088386217,3235.943115234375,54314,2943.2486436631943,2939.634621360085,2983.1488720703123,,3001.8742452298675,2973.822653056373,65.32307741041026,11.216113447625048,-19.89804095724607,31.11415440487112,3160.790055475569,2714.501936711931,22.146882844068763,0,2987.5287200254297,2987.5287200254297,125.3789411277248
2025-01-21,3235.163046916622,3280.9896482442537,3141.4621774945067,3202.7431640625,34111,2973.4638671875,2948.3368030894885,2987.7968603515624,,3042.0480289963944,2994.633608602385,62.87816900394576,27.73096509156676,-10.372239747483505,38.10320483905026,3204.3804554734324,2700.61595565938,22.621512882502504,0,3003.1292684462355,3003.1292684462355,130.22626032847614
2025-01-22,3202.743032473762,3202.743032473762,2950.452977019744,3011.002685546875,36490,2980.955376519097,2953.030262340199,2988.040615234375,,3035.8389603064907,2996.1217065064293,51.004931143406345,25.058392280398948,-3.286113341907014,28.344505622305963,3209.9507371042887,2706.087934770711,21.133905917128136,0,3003.1292684462355,3003.1292684462355,139.7955173168241
2025-01-23,3028.3097365192257,3143.5099195243147,2999.058713694868,3102.80224609375,11635,3008.29966905382,2961.989501953125,2989.9955615234376,,3049.2316174639427,3005.8199373780035,55.35187458601767,30.001972346267397,3.3715037957278677,26.63046855053953,3225.875763475441,2713.646624219871,19.75255659213765,0,3003.1292684462355,3003.1292684462355,144.99801755927732
2025-01-24,3084.0814279151105,3109.3347140061,2978.777752958012,3007.1025390625,7492,3037.2961154513887,2966.8314319957385,2990.7902099609373,,3040.8058017836543,3005.9365375311395,50.33790764260237,25.899080129326197,7.877019062447534,18.02206106687866,3229.2325626130305,2722.6825008635324,18.39640457902585,0,3011.3926661065843,3003.1292684462355,143.0827720124789
2025-01-27,2993.354493185655,3090.6629376741944,2983.165435109465,3021.825439453125,24015,3058.9635416666665,2973.8250843394885,2995.085234375,,3037.0097293175486,3007.3809831604112,51.07220543405163,23.56389360727917,11.01439397141386,12.549499635865308,3233.519107440242,2730.388875958196,17.137120566850605,0,3042.935081969128,3003.1292684462355,148.2121405537732
2025-01-28,3051.856706713189,3051.856706713189,2920.227104346965,2999.6923828125,8300,3077.0341796875,2979.1212935014205,3000.312392578125,,3029.546260016539,3006.682019492419,49.87824193214615,19.700197157337243,12.75155460859854,6.948642548738704,3234.89752644059,2741.091121020348,16.55640391441601,0,3063.7520368842547,3003.1292684462355,151.94511834007082
2025-01-29,3003.1049912395733,3158.135411241876,3003.1049912395733,3148.92138671875,13166,3097.1632215711807,2990.34970925071,3006.977729492188,,3053.421285356981,3019.612871058449,57.151637340379246,28.352888886714936,15.87182146422182,12.481067422493116,3254.29938483585,2743.325297781337,15.752002627166172,0,3100.6083762956096,3003.1292684462355,158.5335690054397
2025-01-30,3168.8606986009786,3260.51390034513,3155.2102217454667,3250.1298828125,22556,3108.906982421875,3007.224442915483,3015.105615234375,,3092.763004848085,3040.56896303609,61.25786365766786,42.88256569770374,21.27397031091821,21.60859538678553,3289.6101479130816,2731.298348180668,15.815480856794702,0,3100.6083762956096,3003.1292684462355,158.49525454933627
2025-01-31,3269.679130153153,3344.366834563022,3254.663700807979,3324.7685546875,39783,3118.7764756944443,3025.0520574396305,3024.650224609375,,3139.1641148159683,3066.4052895498544,63.99796904621194,59.7316075003564,28.96549774880585,30.766109751550555,3335.5867950319644,2711.389230358661,16.44348680161908,0,3132.296969454994,3034.81786160562,154.43841719791834
2025-02-01,3363.8187109877817,3363.8187109877817,3142.924696869002,3207.862060546875,13908,3119.3452419704863,3033.714344371449,3032.135561523437,,3152.90370396215,3079.264996004129,57.17674173934495,62.92584747127012,35.757567693298704,27.168279777971414,3356.855765839437,2716.314546660563,15.953134763817994,0,3142.022907667373,3044.543799818,162.69835566302467
2025-02-03,3266.3641793265488,3274.3594112011874,3086.957907984434,3161.40185546875,10158,3136.0562608506943,3038.137462269176,3038.1515234375,,3154.60333426347,3086.731983228185,54.68231698879412,61.005126274485065,40.80707940953598,20.198046864949085,3369.4677140560875,2723.2812849673496,15.019705727485404,0,3142.022907667373,3044.543799818,172.58450139542774
2025-02-04,3138.0494335223616,3186.411216730067,3072.332234980551,3110.21240234375,8447,3136.8796115451387,3045.6053355823865,3041.11953125,,3145.725147879526,3088.866566784146,51.99100958841287,54.72158347758023,43.58998022314483,11.131603254435396,3374.870356644388,2735.819267379049,14.028751940157685,0,3142.022907667373,3044.543799818,155.15228077003562
2025-02-05,3156.867708068569,3156.867708068569,3100.608290778929,3117.67138671875,8076,3149.1650390625,3052.51698996804,3043.370883789062,,3140.114395647371,3091.485186778201,52.35895346650601,49.76999076943412,44.82598233240269,4.944008437031428,3380.222712081621,2747.8761404574407,13.108580566210517,0,3142.022907667373,3044.543799818,141.1849144855988
2025-02-06,3117.6713957677143,3120.1577802209613,3071.357278082346,3084.91015625,4754,3156.1744520399307,3059.521717418324,3044.5302001953123,,3129.0735477678973,3090.8874567301823,50.52727159683783,42.70992692059372,44.4027712500409,-1.692844329447183,3376.222054813895,2774.697452022043,12.362897344301846,0,3142.022907667373,3044.543799818,135.54713156575522
2025-02-07,3081.1076357677653,3163.9367317214874,3037.279902292116,3111.675048828125,10537,3168.6169704861118,3067.162442294034,3045.5032861328127,,3125.593847979944,3092.777237829995,52.0045064128888,38.82690619715777,43.28759823946427,-4.460692042306505,3351.6028260374974,2835.870733532815,11.70950311630116,0,3183.4618511136778,3044.543799818,134.62780004287126
2025-02-10,3149.847435535585,3149.847435535585,2925.199690126172,2951.91552734375,11638,3146.727430555556,3071.4902565696025,3041.687001953125,,3090.858183852705,3079.971627785791,43.630071250165045,22.59783233591588,39.149645058754594,-16.55181272283871,3335.7150399041893,2864.2682120489358,11.649470563595148,0,3144.509200556977,3044.543799818,132.65333992620393
2025-02-11,2951.4767746097564,2998.229608208345,2895.851036220743,2925.9794921875,8222,3110.7107204861118,3079.665027965199,3037.14333984375,,3057.8824455196645,3065.9723427314007,42.4353573195615,7.556249357111028,32.83096591842588,-25.27471656131485,3321.928874196202,2886.946662913173,11.829633088627176,0,3129.8348736042626,3044.543799818,129.64815179464358
2025-02-12,2925.150920957956,2945.431676610458,2817.945975808683,2910.13525390625,10029,3064.6403537326387,3083.4521484375,3032.2437939453125,,3028.3330071969817,3051.8053346563865,41.6844190781876,-5.578505595807656,25.14907161557917,-30.72757721138683,3328.013421853605,2875.0996396698324,12.584116965084146,0,3090.8823433982325,3044.543799818,129.42877606276406
2025-02-13,2915.35175155685,2973.512436265227,2856.849709719589,2876.009033203125,9120,3027.7677951388887,3085.222711736505,3026.447216796875,,2997.8682123982103,3035.82385270609,40.04087472846046,-18.52801491021455,16.41365431042043,-34.94166922063498,3334.8070512354784,2841.463310092646,12.971325121406936,0,3046.152693504935,3044.543799818,130.08343491854322
2025-02-14,2925.004584736645,2925.004584736645,2733.6055889750687,2760.565185546875,11617,2983.2303873697915,3075.804765181108,3017.843515625,,2950.4076070279434,3010.800337509798,35.0117867818138,-37.67169222131452,5.596585004073441,-43.26827722538796,3340.878019193113,2787.8545491662626,14.179424834520596,0,2960.008402852568,3044.543799818,134.35267730392553
2025-02-17,2778.847145750102,2778.8959450635,2682.367570526917,2699.869384765625,7070,2937.63671875,3055.5971901633525,3007.609560546875,,2900.29996257548,2982.5338872603274,32.68724914039545,-57.08282302912721,-6.93929660256669,-50.14352642656052,3351.849744927113,2726.595445502574,15.606314468534752,0,2923.152151124202,3023.0931407573494,129.9302020258689
2025-02-18,2681.343752028168,2722.6851022958103,2567.2647633055144,2582.134033203125,18032,2878.132568359375,3025.878595525568,2996.55267578125,,2836.6667767010085,2946.1339005278546,28.70593112248549,-81.03245130201094,-21.75792754245554,-59.2745237595554,3391.433073441958,2644.125251753354,17.53536624812181,0,2865.600747513501,2965.5417371466483,133.0607609804343
2025-02-19,2579.50137922504,2617.722666385416,2454.160704457432,2534.064697265625,20372,2816.9275173611118,2995.484119762074,2984.8259375,,2776.146360813932,2908.673063867652,27.24675025040537,-102.70754923957428,-37.94785188187929,-64.759697357695,3418.235488264906,2560.449082047594,19.81710917170552,0,2809.04871808946,2908.989707722607,138.01254742168155
2025-02-20,2535.8685253059825,2782.747091413008,2532.455906238027,2728.437744140625,21067,2774.345594618056,2982.6402587890625,2978.302958984375,,2766.6046374792704,2892.2880348015583,40.4323666898181,-103.01346497567602,-50.96097450063864,-52.05249047503738,3419.702121502747,2531.115969317565,20.246114573847738,0,2802.0040699965084,2908.989707722607,140.11234535426738
2025-02-21,2734.9217139315115,2798.055168738105,2731.070377038881,2774.313232421875,14478,2754.612006293403,2967.7089399857955,2970.3827587890623,,2768.1463564677915,2881.5630527670414,43.05555083078031,-98.4196168151352,-60.45270296353796,-37.966913851597255,3415.59445919314,2510.472410924047,20.504599533851867,0,2726.1951563328885,2908.989707722607,131.69919688146211
2025-02-24,2750.2785056728094,2808.0980726244743,2730.14414769664,2780.797119140625,8016,2738.4806315104165,2957.4223299893465,2963.763251953125,,2770.676509002358,2872.402513346458,43.43469811028549,-93.1816238250094,-66.99848713583225,-26.18313668917716,3411.45321516523,2492.724128584769,20.64839174507592,0,2713.836570361329,2908.989707722607,129.11883567991345
2025-02-25,2794.740172527116,2794.740172527116,2683.878847564181,2694.994140625,5836,2714.576063368056,2942.5663618607955,2956.0166064453124,,2755.540035326887,2856.2744794626888,39.67047325493594,-94.86056636305148,-72.5709029812761,-22.28966338177537,3392.647827418948,2466.1367917216776,21.065260640141386,0,2713.836570361329,2908.989707722607,133.0189719422917
2025-02-27,2694.9942264958586,2725.171483991709,2613.0913628831045,2627.42431640625,5651,2686.9555392795137,2925.645086115057,2947.626440429688,,2729.9168915427595,2835.469919184831,36.95440853169457,-100.48513049591293,-78.15374848420348,-22.33138201170945,3354.396650287927,2442.1174122120733,21.86086840635994,0,2689.582644597039,2908.989707722607,137.53894472586236
2025-02-28,2601.195849893312,2616.357676768278,2537.379919820597,2549.957763671875,6539,2663.5547146267363,2898.419466885653,2938.3996923828126,,2693.9250659685827,2809.514268683653,34.07407406696615,-109.92637861875028,-84.50827451111283,-25.418104107637447,3294.2419669236056,2424.7910164748323,22.99789595934872,0,2631.129388540953,2908.989707722607,134.92377095131104
2025-03-03,2555.5642739136456,2633.274440967253,2481.998001619341,2621.671630859375,17408,2654.86607530382,2869.853182705966,2932.678193359375,,2679.474378946741,2792.437665245082,38.827497557067055,-110.34988129127214,-89.6765958671447,-20.67328542412744,3244.613131478313,2415.8008089513746,24.324111731222963,0,2631.129388540953,2908.989707722607,129.68296337548955
2025-03-04,2588.715349760976,2642.244622792104,2568.385795016437,2596.076904296875,7082,2656.415283203125,2836.730834960937,2926.485751953125,,2662.7948840167683,2774.586686977063,37.780489824656335,-111.46588144377483,-94.03445298247073,-17.431428461304108,3197.9408387035137,2405.940606608986,25.44941174835634,0,2631.129388540953,2908.989707722607,127.64583878892276
2025-03-05,2596.0769755572933,2808.098083600624,2596.0769755572933,2745.013427734375,9859,2679.8540310329863,2815.6922607421875,2923.3744189453123,,2679.238592760289,2771.8982088640914,46.774717279886815,-99.18899785378336,-95.06536195673326,-4.123635897050093,3152.5816193762544,2414.779928475308,24.764000650337103,0,2645.048042609982,2908.989707722607,133.68408725334947
2025-03-06,2745.013511603592,3010.563902260829,2740.040742543777,2989.308349609375,34299,2708.839653862847,2807.8698286576705,2925.801284179688,,2741.252544130107,2791.6627671136625,57.601227150282966,-68.95208391884717,-89.84270634915603,20.890622430308863,3125.589850983085,2428.93539315754,23.395630114603318,0,2746.280951940085,2908.989707722607,144.67411819416478
2025-03-07,2973.9513778310065,3042.1061610281827,2921.201941807832,2953.18310546875,10493,2728.7140842013887,2800.7321333451705,2927.2014306640626,,2783.638656397836,2806.346434236852,55.79389403069938,-47.35820120703693,-81.34580532073221,33.987604113695284,3098.9123007189064,2442.4402383435936,22.32822492403608,0,2762.0520813237617,2908.989707722607,139.63877701264866
2025-03-10,2971.611191376005,3022.605519196042,2925.78459156884,2954.548095703125,10163,2748.0197482638887,2793.317438299005,2928.2544677734377,,2817.8205442588937,2819.819312551968,55.85026273233426,-29.7913343206028,-71.03491112070633,41.243576800103526,3063.014236072906,2462.625607677094,21.337062961366502,0,2762.0520813237617,2908.989707722607,139.6596736619786
2025-03-11,2954.353226971863,2954.353226971863,2827.598798091882,2930.12353515625,8151,2774.1452365451387,2786.2816827947445,2929.2792236328123,,2840.2811424383654,2829.8469691523574,54.5108313370672,-17.637015130461805,-60.35533192265742,42.718316792195616,3059.180391061881,2464.280253469369,19.969495516461038,0,2762.0520813237617,2864.260057829309,137.6260278491891
2025-03-12,2944.7979172537807,3002.129969476448,2877.7155241104365,2988.4794921875,8695,2814.2624782986118,2780.681884765625,2930.3975927734373,,2869.9208123881926,2844.268107610097,57.15470966308242,-3.258232695460265,-48.93591207721799,45.67767938175773,3070.7640341451474,2458.9466103861027,18.74361139151073,0,2762.0520813237617,2820.285960593749,134.8297766661911
2025-03-13,2981.166584254697,3090.857914010594,2935.583742778358,3080.083740234375,13480,2873.165364583333,2786.50771262429,2931.653432617188,,2911.953397957429,2865.705892394122,60.98779962690453,15.351787377815526,-36.07837218621129,51.430159564026816,3104.641851546995,2442.063641617068,18.223886404378295,0,2786.427957814967,2809.04871808946,128.04284709885215
2025-03-17,3080.083692209914,3214.5410273703887,3080.083692209914,3171.005615234375,46454,2934.202473958333,2797.645263671875,2933.7916796875,,2963.7638414128182,2893.460412652327,64.39282887370595,37.010365356844886,-21.46062467760005,58.47099003444494,3162.145235555549,2414.059915811639,18.48736913834971,0,2891.463411193413,2834.35086591391,132.67426928192322
2025-03-18,3171.005615234375,3171.005615234375,3171.005615234375,3171.005615234375,0,2998.083441840278,2809.503007368608,2938.293408203125,,3005.21219617713,2918.69179470524,64.39282887370595,53.5575661625594,-6.456986509568164,60.01455267212757,3219.5275673241326,2397.7216270118047,18.732031677037448,0,2905.309001463841,2834.35086591391,127.10613178707791
2025-03-19,3217.6124694302366,3695.379169436544,3208.3984449677723,3649.260009765625,127087,3098.5552842881943,2844.65077903054,2951.96630859375,,3134.0217588948294,2985.1070869834566,76.76457452253737,104.06290235571124,15.646991263487717,88.41591109222351,3408.9373087030453,2303.2509481328925,21.00697008437626,0,3217.709955990161,3074.7699369469883,156.64271958988033
2025-03-20,3609.965953950491,3703.081705272771,3535.1320909768274,3626.59033203125,58769,3169.3643934461807,2884.015558416193,2965.8819921875,,3232.535473522114,3043.423745624165,75.42677780302998,140.63830083756693,40.64525317830356,99.99304765926335,3543.402487940564,2273.2313987781863,23.13979512336361,0,3265.3402516823267,3078.6212048651014,160.6333976746903
2025-03-21,3662.812999499756,3685.628701002077,3592.51294942914,3655.500244140625,26040,3247.3996310763887,2927.4533247514205,2980.1204150390627,2963.347550048828,3317.1284276458164,3099.067063671116,76.00116602912155,169.9977279550103,66.5157481336449,103.4819798213654,3655.8664806554634,2272.910960750787,25.120275516709007,0,3265.3402516823267,3078.6212048651014,160.852780173782
2025-03-24,3677.82851396536,3961.027112136031,3637.949715699656,3857.088623046875,80126,3347.6819118923613,2985.4058061079545,3000.128115234375,2971.304339599609,3425.120466726028,3167.9781145234574,79.58463729208748,207.1439563164122,94.64138977019836,112.5025665462138,3808.719160971945,2232.92336832493,27.63726343675498,0,3394.3129551139564,3207.593908296732,173.1242771086722
2025-03-25,3870.88527218388,3925.389581679834,3610.258616702061,3744.959716796875,63196,3438.2192654079863,3040.4464888139205,3020.104619140625,2978.4262072753904,3489.0883167401976,3220.4309874574046,73.05070025636287,224.94175574410383,120.70146296497948,104.24029277912436,3911.058907903118,2227.648269831257,29.739775399423944,0,3419.371318123234,3207.593908296732,190.3580011945369
2025-03-26,3744.959675372339,3802.63284496954,3691.868880215847,3749.6396484375,10071,3522.7926161024307,3086.864757191051,3038.5610400390624,2985.2820935058594,3541.1985830796584,3268.5408657283224,73.14978347434035,236.69578966312477,143.90032830460854,92.7954613585162,4000.114878702302,2235.4765519617604,31.69210793618798,0,3448.3054274571946,3207.593908296732,183.1253430123901
2025-03-27,3711.4671969168967,3900.136289942884,3711.4671969168967,3812.67578125,15649,3604.1917317708335,3134.063054865057,3058.0734228515626,2992.077858886719,3595.4940227137267,3318.007676230293,74.50925430678079,248.23592609568368,164.76744786282356,83.46847823286012,4084.370717915293,2262.9888768112696,33.74173983454272,0,3520.555402172972,3207.593908296732,177.27862396302834
2025-03-28,3827.0086028509504,3877.17405654548,3749.005879735517,3802.096435546875,8255,3674.312934027778,3180.485751065341,3074.7601513671875,2998.637325439453,3636.814505280357,3362.015745259073,73.83359147886293,253.6045076765481,182.53485982556847,71.06964785097963,4146.279680188046,2318.547126452579,35.644969454443554,0,3566.016363685203,3207.593908296732,177.7974780765721
2025-04-01,3792.8337708148806,4095.1916961101615,3744.130866141733,3869.66650390625,31125,3751.9419216579854,3233.879949396307,3089.264760742188,3005.244315185547,3683.384905005536,3408.165814226998,75.36985930420893,260.3107863605769,198.0900451325702,62.22074122800672,4195.204190701926,2401.5934899621366,37.8842868467225,0,3651.795070538967,3288.594848864751,195.9574711009454
2025-04-02,3869.666517385363,3901.257526460302,3792.8825833396063,3845.534423828125,12886,3773.750189887153,3289.2485906427555,3101.4565869140624,3011.47053100586,3715.814808770054,3447.9265969180096,73.70549734318695,260.67342240182506,210.6067205864212,50.06670181540386,4228.558679970342,2490.625279990595,39.96365299669581,0,3815.1618935434944,3288.594848864751,194.63073149447771
2025-04-03,3802.632943522598,3880.635670569215,3787.4711158438254,3858.941162109375,11871,3799.566948784722,3348.7478360262785,3114.580546875,3017.565743408203,3744.440079437918,3485.291557389952,74.04836604320164,259.056385061685,220.296653481474,38.759731580211,4240.09846007753,2605.3719256646573,41.83748305393755,0,3843.8523227696505,3288.594848864751,192.39859644871905
2025-04-04,3909.886653994684,3909.886653994684,3620.642889884296,3639.314697265625,17269,3797.7685546875,3395.0043390447445,3127.146787109375,3022.216083984375,3723.4150030034593,3499.293661015013,60.19981698017854,237.3172060747611,223.7007640001314,13.616442074629674,4224.314149833456,2710.5863628618563,41.95174414040603,0,3852.725156406111,3288.594848864751,201.9678530828728
2025-04-07,3393.1184630130315,3627.1266328759993,3393.1184630130315,3570.916015625,17361,3765.971598307292,3439.315207741477,3136.5090625,3026.423642578125,3692.915205527768,3505.804784161376,56.64668732818623,212.1243111128224,221.38547342266963,-9.261162309847236,4219.9983320856345,2773.06294721124,40.34216960807339,0,3744.1550795615967,3288.594848864751,209.9492030180241
2025-04-08,3641.313414215759,3797.757578003508,3641.313414215759,3748.177001953125,8938,3766.329074435764,3484.9135520241475,3151.3305517578124,3031.456608886718,3703.967564812839,3527.838622142444,62.77814835149756,204.10939446952625,217.93025763204096,-13.820863162514712,4220.335536691336,2852.225132253977,39.53327132551971,0,3744.1550795615967,3288.594848864751,226.1521717593461
2025-04-09,3729.456439720076,3734.429208590287,3549.1239398889247,3568.819580078125,15755,3746.2379557291674,3511.254971590909,3162.2704345703123,3034.8754675292967,3676.937967865897,3531.5641637729605,54.39526111452823,181.1961538219912,210.58343687003105,-29.387283048039848,4193.84143494296,2940.1463824398534,38.18477283404865,0,3744.1550795615967,3288.594848864751,202.9149937494912
2025-04-11,3573.499925648053,3801.657901801298,3573.499925648053,3773.08935546875,11815,3741.8394639756943,3548.5234375,3177.7383740234377,3038.9946630859376,3696.168245386468,3553.520999381669,60.81318460339693,177.4742960373119,203.9616087034872,-26.487312666175317,4165.028697461332,3053.2557019527308,37.20714315547433,0,3744.1550795615967,3331.788745563299,207.5499014228647
2025-04-15,3802.632762682858,3949.472984583088,3756.2210470791247,3899.1611328125,36240,3752.6244303385415,3591.4603937322445,3192.7431689453124,3044.2486315917968,3736.766822871675,3584.9428296935625,64.16507288304263,182.59281937260857,199.6878508373115,-17.095031464702913,4141.387754650738,3167.9648088258245,36.854279970285845,0,3744.1550795615967,3345.634335833727,214.70248613222373
2025-04-16,3973.45867752501,4358.402164642079,3900.23376385011,4080.322265625,220177,3776.030626085069,3643.742154208097,3209.3470166015627,3050.460098876953,3805.47791142234,3629.977323869148,68.3539780159833,198.97382894088832,199.5450464580269,-0.5712175171385354,4146.2672727099125,3263.1091433057127,37.66180503895436,0,3875.7603138275554,3549.221453592928,224.42846008888117
2025-04-17,4148.672238320062,4206.199246634888,4008.462533914498,4033.7158203125,106163,3796.9396701388887,3691.252896395597,3223.5259619140625,3056.468745117188,3851.125493200372,3666.680823545816,66.20969922270888,205.82255215103945,200.80054759662937,5.022004554410046,4135.106003247302,3360.5414332761347,38.411649745575126,0,3875.7603138275554,3593.00048136698,216.0431563562109
2025-04-21,4070.7672101712087,4113.668708913133,3964.000980347557,3987.30419921875,34040,3811.202229817709,3732.490189985796,3239.1148046875,3062.3343054199217,3878.361234404048,3695.828403152447,64.05476345930015,205.14045324381004,201.66852872606552,3.471924517744526,4080.188248592896,3497.08904632898,38.80381831606301,0,3875.7603138275554,3593.00048136698,218.82199662848828
2025-04-22,4046.391248876784,4069.792065737758,3978.138866365609,4015.580078125,27651,3853.009494357639,3770.8799382990055,3256.198369140625,3068.437774658203,3905.805003148239,3724.8967372408606,64.8063027084298,204.52388799284608,202.23960057942165,2.284287413424437,4107.523250913777,3506.386050844036,39.16797484580176,0,3875.7603138275554,3593.00048136698,211.8922899389284
2025-04-23,4061.01680427028,4129.269187535327,3983.306638361876,4104.50341796875,34779,3912.296983506944,3813.3116566051135,3276.084189453125,3075.3261474609376,3945.544686112341,3759.4064354888505,67.1335746238465,208.8036672510757,203.55241391375245,5.251253337323249,4146.647035668064,3515.0535746834985,39.67714063314792,0,3953.7630522655018,3618.0588443762576,213.16331653632037
2025-04-24,4094.558034612436,4203.8594505797655,4075.7400672391577,4103.91845703125,45552,3951.8238118489594,3833.977949662642,3295.809130859375,3081.9251794433594,3977.219440296123,3790.725710174523,67.10213955719212,209.7305781364289,204.78804675828772,4.942531378141155,4180.128856865527,3526.413574775097,40.359003134420576,0,3953.7630522655018,3646.9929537102175,197.238927491476
2025-04-25,4192.646452176604,4192.646452176604,3961.075863248245,4067.062255859375,34167,4007.1841091579854,3853.9994007457385,3315.4521728515624,3088.2022058105467,3995.188003408774,3815.847214327692,65.0358286016178,205.1266024900292,204.85575790463605,0.2708445853931494,4204.344705086927,3523.195089834948,40.110039746119625,0,3965.951045145066,3719.242928425996,206.0386164777377
2025-04-28,4095.045347216831,4111.718524428769,4035.080754081339,4062.576904296875,45741,4039.3493923611113,3872.502885298296,3334.4702099609376,3094.106524658203,4008.6657835863934,3838.277186143072,64.77441186359076,198.82406814111252,203.64941995193132,-4.825351810818802,4226.462561132674,3532.8389525392013,39.87885945698302,0,4057.311605860602,3764.703889938227,204.858131879312
2025-04-29,4057.214222236106,4130.048979067542,4045.708534957318,4054.38671875,34824,4056.5966796875,3881.470980557529,3356.5196337890625,3099.7492907714845,4017.809970619116,3857.923507289156,64.26643160472764,190.96703562308085,201.11294308616124,-10.145907463080391,4244.416743418181,3545.359477284944,39.732332523193946,0,4129.317964246095,3783.400304804925,190.22218045072887
2025-04-30,4041.5161545572328,4084.807571344453,3950.2528718682415,3969.55859375,16213,4044.289605034722,3891.680020419034,3377.3912158203125,3105.195587158203,4008.159695245293,3868.072151512869,59.09703493568448,175.86806244658237,196.06396695824543,-20.195904511663088,4251.533193613355,3553.9313083397697,38.82711786222209,0,4078.226059251565,3875.7603138275554,182.24778510955872
2025-05-02,3978.04136860138,4054.094025327752,3974.2388309832313,3997.6396484375,9714,4040.281141493056,3902.9527476917615,3399.1413037109373,3110.95876953125,4006.0556858837344,3879.851014869654,60.23725903860597,164.2742722982248,189.7060280262413,-25.431755728016554,4260.394133261295,3564.624689980893,37.98656139131965,0,4077.056161224004,3875.7603138275554,172.0830614809333
2025-05-05,4026.890535835598,4026.890535835598,3909.886452469914,3924.511962890625,21111,4033.3042263454863,3908.036210493608,3420.111362304688,3116.527188720703,3989.746941285112,3883.9111010533775,55.86945675500706,147.48519943411156,181.2618623078154,-33.77666287370383,4262.578649635822,3567.924719504803,36.68356919385623,0,4056.87295152484,3875.7603138275554,166.222420145325
2025-05-06,3960.490799408642,3960.490799408642,3792.8825377528506,3809.653076171875,30120,4010.4234483506943,3908.379694158381,3441.0931201171875,3121.5688464355467,3953.728168262465,3877.160371518696,49.76572346431431,123.48809213071354,169.70710827239503,-46.21901614168149,4262.666435499468,3564.248798875532,34.60718604454638,0,3998.370994166308,3875.7603138275554,161.56313014051202
2025-05-07,3735.355496222079,3868.1550880244913,3735.355496222079,3857.039794921875,12805,3982.927490234375,3907.805752840909,3464.2365283203126,3126.75724609375,3934.3904935943474,3875.331228191712,52.09120586914917,107.0598050881008,157.1776476355362,-50.1178425474354,4262.63488723065,3564.0902104256,32.28780008152826,0,3969.6074734009226,3875.7603138275554,157.2451054475441
2025-05-08,3892.921141345572,4003.29471293236,3860.159901221856,3904.134033203125,23993,3960.7292209201382,3910.469371448864,3490.6765283203126,3132.309822998047,3928.339201516103,3877.9496650109313,54.35284070258731,96.72539060036296,145.08719622850157,-48.3618056281386,4251.3494136317,3601.857617618299,30.93164591989729,0,3964.0009741993417,3875.7603138275554,134.88895446046598
2025-05-09,3875.7604022137343,3901.988723302369,3769.38409067317,3817.35595703125,17104,3932.984076605903,3908.579134854404,3516.342353515625,3136.7423291015625,3906.142552619133,3872.441146103688,49.697331015000586,80.60387584440286,132.19053215168185,-51.586656307278986,4223.0008607279215,3654.850164662704,29.05532976158128,0,3932.7022376448094,3875.7603138275554,130.38989944686347
2025-05-12,3953.568163988557,4056.1416997481015,3910.9592230690378,4044.24609375,19385,3930.947319878472,3926.985107421875,3542.6585205078127,3142.448714599609,3933.7632608453055,3888.0597777078974,59.471789351699584,85.15399483830151,122.7832246890058,-37.62922985070428,4226.586709687288,3680.8712248830248,28.146349733375917,0,3932.7022376448094,3875.7603138275554,136.7554718862403
2025-05-13,4043.174004471984,4109.963838861122,3997.6397225615847,4039.17626953125,15168,3929.257269965278,3948.2696644176135,3567.95578125,3148.396180419922,3954.845862582495,3901.797640600929,59.195000453061,87.34405656435274,115.69539106407518,-28.35133449972244,4183.327080127865,3771.16652338776,27.56518855043872,0,3922.6596675416,3875.7603138275554,138.2319659524823
2025-05-14,4062.966998575317,4091.047789554613,3969.461325815717,4049.51171875,14589,3938.1409505208335,3961.96669699929,3593.330073242188,3154.1184130859374,3973.779033815996,3915.226193159936,59.60772200500854,88.88902330660767,110.33411751258168,-21.445094205974016,4175.430049032601,3806.7057908111487,26.81808420624423,0,3922.6596675416,3875.7603138275554,136.49081699287126
2025-05-15,4094.1679028806775,4094.1679028806775,4015.2877448616346,4036.2509765625,16695,3942.431098090278,3983.2135786576714,3620.1552099609376,3159.7014587402346,3986.2734223652974,3926.228446196533,58.786156876264215,88.02865002924,105.87302401591336,-17.84437398667336,4178.042018229012,3817.8028059897374,26.14138240446392,0,3922.6596675416,3875.7603138275554,132.97372946990234
2025-05-16,4029.3283599720417,4085.392819911157,3981.2591319282014,4005.147705078125,18893,3951.390625,3993.761685458097,3647.709677734375,3165.2586669921875,3990.0482789078633,3933.402924276677,56.80839097973993,83.87022024873977,101.47246326247866,-17.602243013738885,4170.132881558665,3818.194486605397,25.23899924376206,0,3922.6596675416,3875.7603138275554,123.8710936880878
2025-05-19,4051.266574182243,4051.266574182243,3900.233891460383,3912.32421875,36827,3962.798529730903,3994.360007546165,3674.9570068359376,3170.373939208984,3974.503466876291,3931.4866783197062,51.26521016825127,72.2516826766032,95.62830714530358,-23.376624468700385,4166.673900849463,3809.514307158349,23.77396493793115,0,3922.6596675416,3953.7630522655018,129.18501600054705
2025-05-20,3922.56201418563,3988.474411705303,3901.1112649159095,3928.607177734375,16646,3970.7504611545137,3987.4638671875,3701.0957177734376,3175.386589355469,3965.324209047908,3931.224905539222,52.1473006460535,63.62438435329341,89.22752258690156,-25.60313823360815,4165.71210956002,3804.606396299356,22.413575939659594,0,3939.6739647671457,3953.7630522655018,129.40092333477347
2025-05-21,3949.960637966261,4006.4150157122513,3909.9842408759214,3984.379150390625,13612,3979.6665852864585,3985.22129128196,3728.861762695312,3180.102098388672,3969.135197316452,3936.0571096166223,55.1421814777334,60.58908708278568,83.49983548607838,-22.9107484032927,4163.583617410223,3803.6147956757136,21.282890162830544,0,3939.6739647671457,3965.951045145066,126.6777858604962
2025-05-22,3984.379180430922,4005.9275288773256,3952.98313057625,3987.011962890625,14437,3998.5172526041674,3985.2080078125,3753.7017333984377,3184.692071533203,3972.710550431287,3940.689369005168,55.28445374560347,57.73055617759837,78.34597962438238,-20.615423446784007,4148.528892457734,3806.92037512039,20.232967655775,0,4005.098865160752,4046.878830432079,124.42128348359071
2025-05-23,3997.639745918384,4046.391450136901,3919.637019168757,3930.947509765625,31216,3985.928521050347,3981.361072887074,3772.5345166015622,3189.266932373047,3964.3579422981543,3939.803745437936,51.5360563337889,50.36069033390322,72.74892176628654,-22.38823143238332,4130.219514581511,3807.932658270051,19.581485815117688,0,4005.098865160752,4046.878830432079,125.1177368837664
2025-05-26,3994.7145139419513,3999.0045685556943,3953.860682351683,3968.68115234375,20041,3978.095730251736,3975.187333540483,3792.844477539063,3194.463376464844,3965.222584307274,3942.428964247556,53.806193913465,47.022759062780096,67.60368922558526,-20.58093016280516,4118.572155663089,3809.741906836911,18.976538391650184,0,3997.20089717053,3970.777371428484,118.00693667907196
2025-05-27,3991.789466459435,3991.789466459435,3909.886604910194,3926.072265625,13270,3964.380235460069,3967.10341574929,3812.2749609375,3199.883104248047,3957.392520570819,3940.941991645505,50.90643273740498,40.47269933646976,62.17749124776216,-21.704791911292403,4105.365542069357,3809.298056563456,17.957832954965554,0,3997.20089717053,3969.6074734009226,114.37145594670262
2025-05-28,3955.7132671478826,3955.7132671478826,3900.233923149709,3912.811767578125,10955,3950.6647677951382,3960.092029918324,3831.9287255859376,3205.4985705566405,3948.4763699722807,3938.38469854847,50.00325634299641,33.821841309707,56.50636126015113,-22.68451995044413,4092.158617257231,3808.347486258394,16.911454526627946,0,3992.81335568577,3969.6074734009226,107.88748637439464
2025-05-29,3927.437300439821,3927.437300439821,3859.2825130113342,3872.73779296875,11619,3935.9525553385415,3951.462979403409,3849.6138916015625,3210.329864501953,3933.328654571575,3932.416798041223,47.27361258716533,25.028836718079678,50.21085635173685,-25.18201963365717,4091.100105542109,3799.723917895392,15.893721362965683,0,3955.2745435967886,3969.6074734009226,103.1306895814326
2025-05-30,3880.635472908576,3890.093255472158,3813.358124257648,3830.128662109375,14602,3926.8197157118057,3941.26943137429,3864.6147900390624,3214.883272705078,3912.688656079136,3923.117876592873,44.4924948031002,14.455482662147006,43.05978161381888,-28.604298951671872,4089.198686341379,3784.874238463308,15.402379372253083,0,3929.8747871972746,3969.6074734009226,91.55564590269394
2025-06-02,3812.3831700032406,3829.446266032667,3742.083119143834,3767.7265625,28700,3908.944091796875,3932.0952481356535,3876.549208984375,3219.121501464844,3883.696237363308,3908.99139349352,40.71474238803019,1.0288356960718374,34.65359243026947,-33.62475673419763,4099.186834420194,3759.207550345431,15.585247606285122,0,3894.237284640368,3964.0009741993417,89.82146209312275
2025-06-03,3779.232036069349,3835.6864132166106,3755.928817133222,3770.359130859375,10877,3885.164089626736,3921.764315518466,3888.536279296875,3223.419694824219,3861.0288160625214,3896.38846052678,40.942559578788,-9.292336225274084,25.86440669916076,-35.156742924434845,4103.819915400469,3750.6450748339066,15.67764569901538,0,3894.237284640368,3932.7022376448094,86.8336858320151
2025-06-04,3799.7077476808886,3840.6591783718295,3753.881146669597,3823.401123046875,11608,3866.985107421875,3917.168368252841,3892.0191015625,3228.1079028320314,3853.503277459392,3889.7532480286063,45.48781433212571,-13.04155888116884,18.08321358309484,-31.12477246426368,4105.560600082088,3745.5405229647854,15.69813757531798,0,3894.237284640368,3932.7022376448094,87.39781966652865
2025-06-05,3870.69036937777,3870.69036937777,3802.730541066841,3818.818603515625,12420,3854.526340060764,3917.5849831321034,3895.863666992188,3233.006474609375,3846.566342670639,3883.3046439819714,45.16440756150202,-16.195919398894148,11.22738698669704,-27.42330638559119,4107.372643349895,3735.19693672823,15.316157877066225,0,3870.543843849764,3922.6596675416,84.81397254709817
2025-06-06,3808.4831214785095,3880.635643493208,3792.8825761780345,3855.869873046875,16871,3841.991753472222,3917.531804865057,3899.871059570312,3238.072021484375,3848.427048745886,3880.8105738969625,48.3611944007896,-15.527058766141636,5.876497836129305,-21.40355660227094,4105.528898115614,3740.8920735640745,14.827680903524517,0,3866.9362928016335,3922.6596675416,80.29400001804915
2025-06-09,3875.7603243952735,3929.38719680829,3863.279841024615,3885.80322265625,17383,3837.517415364584,3916.698586203835,3900.4453515625,3242.8097119140625,3855.9022835279593,3881.2644510568975,50.85393341846515,-12.438230566329366,2.213552155637571,-14.651782721966937,4089.0301314568624,3741.5465531134505,13.800190468138693,0,3848.8981931458575,3922.6596675416,79.30501265890783
2025-06-10,3888.4358365768976,3919.5393279150976,3875.760393779631,3887.65576171875,10877,3834.722303602431,3919.894031871449,3903.2992724609376,3247.597860107422,3862.2529791661177,3881.845479298884,51.01154607747602,-9.728681361304552,-0.1748945477508539,-9.553786813553698,4071.645494535088,3743.7791392539752,12.846092206708995,0,3835.735157976062,3922.6596675416,75.54416689456045
2025-06-11,3899.1610774703295,3993.7393781741607,3888.435703163709,3935.724853515625,28366,3841.720865885417,3914.961248224432,3907.0209765625,3252.524949951172,3876.94735403602,3886.743604227679,55.04062540737736,-3.660375585978727,-0.8719907553964286,-2.7883848305822987,4052.5883441395536,3751.4576031260713,12.861519757403071,0,3867.9112486589975,3922.6596675416,79.3398253341558
2025-06-12,3967.90119021,3973.166279026017,3883.950660668918,3898.576171875,14604,3849.326144748264,3908.5703346946025,3908.738984375,3257.157580566406,3881.273117603816,3887.819292195617,51.514454462875634,-1.8277188776560247,-1.063136379848348,-0.7645824978076772,4031.813396328325,3758.46507046855,12.809756415898116,0,3867.9112486589975,3926.023479002478,76.65848157622405
2025-06-13,3823.206197356496,3931.727299202421,3823.206197356496,3906.279052734375,10367,3864.720865885417,3902.05975896662,3910.82263671875,3261.3677783203125,3886.274304629928,3889.497452244595,52.19829966738565,0.2434268042866278,-0.8018237430213528,1.0452505473079807,4016.905297432368,3763.486304130132,11.907579232606611,0,3873.810262421879,3926.023479002478,79.54877036592802
2025-06-16,3918.661774902483,3951.8129319929744,3866.595052807938,3909.009033203125,15383,3880.126410590278,3896.276034268466,3911.609487304688,3264.604404296875,3890.821250344568,3891.271232331734,52.45424564238588,2.0811214152322464,-0.225234711370633,2.30635612660288,4016.626274824527,3763.4338081832857,11.3306777169964,0,3873.810262421879,3926.023479002478,79.78555733991341
2025-06-17,3919.6370061363086,4046.29383805672,3901.501277009148,3977.944091796875,29822,3897.2978515625,3895.0395063920455,3914.257680664063,3268.0333557128906,3908.2458186350295,3899.150583192201,58.49717977979255,8.996287150201624,1.6190696609438189,7.377217489257806,4024.082647216326,3760.911127197736,11.86894362727519,0,3919.588207117378,3926.023479002478,86.16507284344185
2025-06-18,4021.917840766851,4046.3912905374254,3957.663192359377,4010.900146484375,25332,3918.6402452256943,3899.520230379972,3917.2968603515615,3271.732635498047,3928.776684204899,3909.3096344005808,61.04615822850426,16.940603274890236,4.683376383733103,12.257226891157131,4029.7696537293023,3757.8762202941352,12.369768236100157,0,3919.63693335773,3918.125511012256,87.63459503983914
2025-06-19,4054.191657303974,4070.76723647044,3909.691655944216,3958.443359375,27456,3930.037299262153,3900.8764204545455,3923.67943359375,3275.350012207032,3934.71001923892,3913.7763366709823,55.23147146864667,18.787140261008062,7.504129159188095,11.283011101819966,4024.771931904278,3760.017081767597,12.119079704985218,0,3946.986716913468,3918.125511012256,93.65891284781868
2025-06-20,3958.443260426626,4036.640943165827,3935.9198787864457,4021.235595703125,18018,3945.0853407118057,3902.551713423296,3932.6858251953126,3278.856235351562,3952.015134531761,3923.5453602193593,60.12736404655051,25.02882609384505,11.009068546119488,14.019757547725568,4040.504881530873,3753.312940734752,11.886297497521346,0,3946.986716913468,3913.737969527496,94.5643072345216
2025-06-23,4023.9655627054094,4056.141686662104,3934.1648306262814,4005.829833984375,44388,3958.215793185764,3903.407071200284,3937.8388818359376,3282.5813525390627,3962.778074422284,3931.0257669252696,58.4387821605227,28.404857351764804,14.488226307248553,13.916631044516253,4047.152452163592,3750.380238266095,11.918951509940944,0,3946.986716913468,3906.425177807137,97.57996865969542
2025-06-24,4030.303289467416,4046.293752842996,3961.0758711652056,3997.6396484375,29220,3965.09521484375,3906.4385320490055,3946.415283203125,3286.0707556152342,3969.750389225328,3937.081574335472,57.51404329903398,30.072845873725782,17.605150220543997,12.467695653181783,4056.8297991608233,3747.859629550114,11.949273092902,0,3946.986716913468,3906.425177807137,97.46852937223528
2025-06-25,4056.141625613151,4056.141625613151,3988.9618751571015,4039.370849609375,47092,3980.739067925347,3909.651700106534,3951.740913085937,3289.648154296875,3983.674481302137,3946.380599360372,60.90836941931354,34.36594870237832,20.957309916910862,13.408638785467456,4074.885936188256,3742.4594007258074,12.114513327419491,0,3946.986716913468,3906.425177807137,97.4128095254582
2025-06-26,4057.019065325881,4136.094421646244,4012.947812117017,4081.2001953125,89320,4000.174750434028,3916.702969637784,3955.3816943359375,3293.6570080566407,4003.17962410421,3958.636926265111,64.01200475475045,40.67466996379517,24.900781926287724,15.773888037507444,4101.205728095404,3736.985849053033,13.251920501738349,0,4001.344737227091,3939.0887703950393,99.94091968360486
2025-06-27,4118.0,4118.0,4000.39990234375,4100.5,49371,4021.451524522569,3925.234252929688,3955.7852490234377,3298.014162597656,4022.643699283368,3971.53356933192,65.37783779539714,46.6934568534939,29.25931691172896,17.43413994176494,4126.66613811718,3738.562572820321,14.066294848339329,0,4018.797849327696,3939.0887703950393,103.08968924752163
2025-06-30,4100.0,4100.0,3940.0,3948.60009765625,40549,4018.1910807291674,3928.682539506392,3954.082934570312,3301.3234521484374,4007.834978957945,3969.448708270495,49.46556548667738,38.75954033391645,31.15936159616646,7.600178737749989,4119.539273541094,3763.776790912031,13.74932231710224,0,4022.89303879523,3939.0887703950393,111.42690823784548
2025-07-01,3980.0,4025.0,3950.0,3964.5,21497,4013.035508897569,3934.7903275923295,3953.6268505859375,3304.9793994140623,3999.167983166357,3968.9988257004497,50.81501257122121,33.37017298749379,31.601523874431926,1.768649113061862,4110.03862608369,3792.691525283497,13.454990680953514,0,4022.89303879523,3939.0887703950393,109.30664294415544
2025-07-02,3969.0,4005.0,3886.10009765625,3911.199951171875,23162,4007.786241319444,3941.311845259233,3951.539248046875,3308.516320800781,3981.57437676746,3963.744382561488,46.34706076672934,24.51559156469102,30.184337412483742,-5.668745847792724,4104.040081408783,3807.469952770905,12.815007113952031,0,4011.097259651247,3939.0887703950393,111.42694894320192
2025-07-03,3916.0,3974.0,3912.0,3940.199951171875,13923,3998.782280815972,3949.031882546165,3948.2531787109374,3312.180936279297,3973.299491648344,3961.603979707887,48.975801232309024,19.61225179964913,28.069920289916823,-8.457668490267693,4095.751711087334,3827.896457857978,12.220736658879227,0,4011.097259651247,3939.0887703950393,108.1611594419305
2025-07-04,3940.199951171875,3970.0,3935.10009765625,3961.60009765625,10846,3993.867865668403,3955.313654119318,3945.4068115234377,3315.9081872558595,3970.959612849925,3961.6036267941017,50.88805174602583,17.2542365830609,25.90678354854564,-8.652546965484738,4091.430814486361,3842.790376919889,11.66891409345448,0,4011.097259651247,3939.0887703950393,104.56701823898145
2025-07-07,3975.89990234375,4287.5,3962.0,4245.7001953125,216347,4021.4301486545137,3974.717362837358,3948.9795703125,3321.3701440429686,4025.90772934244,3987.430587568501,68.02204521242999,37.87341494055681,28.300109826947875,9.57330511360894,4155.5159019742405,3814.6949866976342,13.830530087581302,0,4086.800048828125,4014.791559571917,117.50325690299418
2025-07-08,4269.0,4339.10009765625,4176.10009765625,4292.5,86298,4049.555609809028,3994.564186789773,3953.5780322265614,3326.8874243164064,4079.226183473953,4015.16417051682,69.88584580291143,57.32975374340322,34.10603861023894,23.22371513316428,4217.969741893246,3792.7255706067535,16.137008007417535,0,4112.60009765625,4046.490622162924,122.80839274741928
2025-07-09,4282.39990234375,4296.89990234375,4231.10009765625,4248.89990234375,26500,4068.188910590278,4011.068581321023,3957.4682958984376,3332.253493652344,4113.160927247912,4036.412873410177,66.02497632648837,68.44192303523869,40.97321549523889,27.4687075399998,4256.894495468922,3785.11832191389,18.27873750440832,0,4112.60009765625,4046.490622162924,116.00298018751045
2025-07-10,4265.0,4295.89990234375,4145.0,4172.89990234375,29810,4076.233344184028,4024.034224076705,3961.535122070312,3337.466989746093,4125.108722267079,4048.8207851314105,59.82112626332924,70.30539557972224,46.83965151213557,23.46574406758668,4272.530542990034,3796.914647439653,18.9887335285829,0,4112.60009765625,4065.9913369171422,119.58718289925103
2025-07-11,4199.0,4210.7001953125,4072.0,4098.39990234375,26431,4092.877766927084,4031.428544477983,3963.5503271484376,3341.876046142578,4119.766958282414,4053.32797760526,54.42277561945231,65.02116015924958,50.47595324155837,14.545206917691203,4275.725530689285,3812.93174470134,18.72655797885448,0,4112.60009765625,4065.9913369171422,120.78170713329943
2025-07-14,4110.0,4188.2998046875,4074.300048828125,4171.2998046875,34683,4115.855523003473,4043.825073242188,3968.486083984375,3346.653259277344,4130.073527563432,4064.0526891581903,58.380609633485335,65.95548461610997,53.57185951646869,12.38362509964128,4286.264844070209,3828.621508468854,18.483109254106655,0,4112.60009765625,4081.153147506373,122.83755528912693
2025-07-15,4176.0,4689.0,4176.0,4596.7001953125,552176,4192.022216796875,4075.207852450284,3984.227026367188,3353.596474609375,4223.398861113245,4112.475189717673,73.07433158678559,99.87094964366588,62.831677541908135,37.03927210175775,4417.348108817567,3759.413854073058,20.94599929152261,0,4300.5,4256.103098678248,155.01758706458764
2025-07-16,4650.0,4720.0,4569.0,4607.89990234375,181400,4266.211100260417,4106.975619229404,3999.244228515625,3360.748038330078,4300.2990693593465,4157.513799956408,73.34118356618242,126.19818862052762,75.50497975763203,50.69320886289559,4518.26207479076,3718.199863685803,23.3296872563662,0,4327.550048828125,4271.603098678248,157.00711495535714
2025-07-17,4618.0,4625.0,4440.0,4465.7001953125,66462,4322.222222222223,4129.146351207386,4010.475551757813,3367.4172485351564,4333.379294549977,4185.53074498878,64.58859532867575,134.04322043613865,87.21262789333336,46.83059254280529,4564.73399612617,3722.453625944143,24.283585956568377,0,4341.0,4271.603098678248,161.82139369419642
2025-07-18,4468.60009765625,4470.0,4336.10009765625,4350.5,41836,4333.866644965277,4144.5827081853695,4021.1384326171874,3373.4509802246093,4336.803435639982,4200.5279499898,58.49788500205676,129.4722956463911,95.6645614439449,33.8077342024462,4586.763734265873,3733.350328234128,24.28895331773681,0,4396.0,4271.603098678248,159.92138671875
2025-07-21,4372.7001953125,4419.89990234375,4275.2998046875,4302.5,33185,4334.977756076389,4160.2216463955965,4026.3035107421874,3379.351478271484,4329.942748511986,4209.798136354363,56.12308864285751,120.58655917982104,100.64896099112016,19.937598188700903,4599.644762228822,3750.1363168727394,23.81629084849057,0,4396.0,4293.297526403969,164.79282924107142
2025-07-22,4317.2001953125,4447.0,4249.5,4400.60009765625,59838,4351.833333333333,4177.465487393466,4033.531987304688,3385.6878747558594,4344.074218340839,4227.143769199989,59.72196838051696,120.0762428531798,104.53441736353209,15.541825489647708,4622.610601132839,3767.4665228905983,23.525355996027265,0,4396.0,4303.050048828125,170.40712193080358
2025-07-23,4430.0,4527.0,4404.2998046875,4482.2998046875,61256,4386.211100260417,4199.1232133345175,4042.187749023437,3392.73210571289,4371.719335610172,4250.339772426126,62.48195649137859,124.82538768405176,108.59261142763604,16.23277625641572,4656.529512628013,3777.840506903237,23.67980021618105,0,4396.0,4303.050048828125,174.94996861049108
2025-07-24,4483.0,4484.5,4340.0,4365.89990234375,28447,4415.933322482639,4215.8623157848015,4048.7807275390624,3399.4549157714846,4370.555448956888,4260.845238782274,56.53774496695205,117.83825381547194,110.44173990520322,7.396513910268723,4670.661833859123,3792.178156375252,23.282326208577143,0,4397.150024414063,4303.050048828125,182.7785470145089
2025-07-25,4367.0,4370.7998046875,4195.0,4208.2998046875,27266,4420.04443359375,4223.540904651989,4052.84376953125,3405.9476879882814,4338.104320103011,4256.068381137294,49.65041252653085,98.4490299878471,108.043197921732,-9.594167933884904,4671.913620791291,3801.706349911834,21.83638376909025,0,4448.0,4303.050048828125,172.05711146763392
2025-07-28,4257.89990234375,4317.89990234375,4100.0,4130.0,28210,4368.188856336806,4225.75907759233,4057.19728515625,3411.63920288086,4296.483456082409,4244.607619215722,46.61231233920641,75.88997812517391,101.6125539624204,-25.72257583724648,4662.873028965159,3828.88693197234,20.66762099486256,0,4410.0,4303.050048828125,175.97853306361608
2025-07-29,4110.0,4173.89990234375,4035.5,4123.89990234375,20617,4314.411078559027,4226.822709517045,4061.1031396484377,3417.2614599609374,4261.966745334677,4233.634190409179,46.37423569763558,56.86404676018629,92.66285252197358,-35.79880576178729,4653.949763521921,3853.750187649953,19.966972565245698,0,4330.25,4303.050048828125,181.1642543247768
2025-07-30,4160.7998046875,4270.0,4135.10009765625,4251.60009765625,34305,4290.622178819444,4240.595436789773,4066.44755859375,3424.050930175781,4259.8934157989925,4235.267454704367,51.91151799424226,51.49657712012231,84.42959744160333,-32.933020321481024,4637.126048407308,3904.613917413004,18.653201637408632,0,4281.25,4303.050048828125,180.8214111328125
2025-07-31,4200.10009765625,4210.0,4083.800048828125,4194.39990234375,20393,4273.277723524306,4251.045432350852,4070.595317382813,3430.336479492188,4246.794713107944,4231.552222671584,49.44850356161579,42.14146051542775,75.97197005636822,-33.83050954094047,4617.7579266881285,3949.402034249372,17.75621068671361,0,4281.25,4303.050048828125,182.89997209821428
2025-08-01,4190.0,4208.89990234375,3994.0,4016.699951171875,31198,4241.522162543402,4255.840886896307,4072.3103662109374,3435.610430908203,4200.77576072073,4212.020197989792,42.67449018887477,20.156213959400706,64.80881883697472,-44.65260487757402,4610.082073654477,3962.5878726345854,17.45782466639582,0,4260.5,4303.050048828125,190.1071254185268
2025-08-04,4059.0,4072.0,3991.800048828125,4023.300048828125,14358,4199.599934895833,4259.6181640625,4073.402744140625,3440.952727050781,4165.280618342209,4194.863820793276,42.98689329236861,3.228108761765725,52.492676821932925,-49.2645680601672,4619.467313334748,3930.9626183058767,17.193703357208644,0,4259.400024414063,4303.050048828125,158.85710797991072
2025-08-05,4002.60009765625,4036.60009765625,3980.0,4002.0,10913,4146.233289930556,4261.454523259943,4074.921298828125,3446.0817578125,4132.624494673768,4177.330746175706,42.1878510511499,-11.770588479214894,39.64002376170336,-51.410612240918255,4625.756392881787,3895.623538758838,17.022209242532487,0,4232.25,4303.050048828125,152.1142578125
2025-08-06,3976.0,4002.800048828125,3905.199951171875,3918.699951171875,14635,4096.544406467014,4246.5908757990055,4075.0390625,3451.0292712402343,4089.8395859733896,4153.818855720812,39.1249248287382,-30.03258493089652,25.70550202318339,-55.738086954079904,4640.057586493482,3848.302350029955,17.32287794008962,0,4137.999877929688,4303.050048828125,145.87140764508928
2025-08-07,3901.0,4000.0,3855.0,3953.5,15061,4068.233317057292,4231.1817848899145,4076.654306640625,3455.8073291015626,4062.571668778712,4135.608050655284,41.05044874013572,-41.22209295739685,12.31998302706734,-53.54207598446419,4649.05985780662,3817.360088482442,17.89343959840681,0,4086.449951171875,4287.5,146.66427176339286
2025-08-08,3959.0,3997.89990234375,3852.0,3887.89990234375,12005,4041.333306206597,4214.772693980824,4077.809731445313,3460.877752685547,4027.63731549172,4113.089128081508,38.57354957662128,-54.75209030734823,-1.0944316398157738,-53.65765866753245,4662.845859646901,3782.524086642162,18.440968632576464,0,4061.0,4286.0,146.75711495535714
2025-08-11,3865.0,3968.39990234375,3852.10009765625,3953.199951171875,10451,4022.366644965278,4204.78633256392,4081.51919921875,3466.3443896484373,4012.749842627751,4098.55374836245,42.30536012465696,-59.519439432190666,-12.779433198290754,-46.74000623389991,4667.82152815035,3755.73843278715,18.94938845001971,0,4061.0,4286.0,140.95710100446428
2025-08-12,3998.0,3998.0,3911.0,3972.89990234375,10412,3991.399956597222,4199.081787109375,4085.570014648437,3471.597760009766,4004.779854570951,4087.13067145166,43.42208813581911,-61.00475173643645,-22.42449690591989,-38.58025483051655,4610.356064360935,3750.8238672796897,19.09306812413776,0,4031.0,4286.0,138.142822265625
2025-08-13,3972.0,4020.0,3953.800048828125,3996.800048828125,11063,3969.444417317709,4191.1499800248575,4089.0379931640623,3477.1280993652344,4003.183893422386,4078.918796667702,44.81759715178909,-59.56668271979652,-29.85293406869522,-29.713748651101294,4536.607652386752,3763.46229390231,18.980447755728868,0,4030.449951171875,4286.0,132.54996163504464
2025-08-14,4027.5,4070.0,3981.39990234375,4001.60009765625,14802,3967.766655815972,4164.0999755859375,4092.693623046875,3483.1897009277345,4002.867134269159,4071.889824030297,45.11042030504437,-57.37825799716802,-35.35799885438978,-22.020259142778244,4488.536888685323,3765.1230478381153,18.32894981646899,0,3962.0,4286.0,126.3214111328125
2025-08-18,4032.5,4190.0,4022.0,4121.89990234375,22535,3978.7221950954863,4142.0090664950285,4098.014223632813,3489.710689697265,4026.6736878840775,4076.436194786065,51.9869323885492,-45.413231324912886,-37.3690453484944,-8.044185976418483,4461.455824266858,3769.344102490955,17.446503598103924,0,4021.0,4286.0,124.21426827566964
2025-08-19,4121.89990234375,4153.10009765625,4030.0,4055.300048828125,28367,3984.644422743056,4123.354514382102,4101.40416015625,3495.6824658203127,4032.3989600728873,4074.514726971707,48.37381803600999,-40.83420180430812,-38.06207663965715,-2.772125164650973,4438.453242647951,3767.6266889926737,16.627089252479216,0,4021.0,4286.0,123.12142508370536
2025-08-20,4045.0,4121.5,4030.699951171875,4069.199951171875,13340,4001.366644965278,4110.568148526279,4105.035043945312,3501.455606689453,4039.759158292685,4074.031565535359,49.16787010379434,-35.67247191539491,-37.5841556948047,1.911683779409792,4391.3415022725,3781.598414719687,15.866204502970556,0,4021.0,4286.0,119.17142159598214
2025-08-21,4209.5,4209.5,4101.10009765625,4121.7998046875,20674,4020.0666232638887,4102.3545032848015,4108.75654296875,3507.635076904297,4056.167287571648,4078.374132731008,52.166147445393385,-27.02585793946855,-35.47249614373747,8.446638204268922,4311.047316651808,3825.8426003403806,15.94288033037427,0,4030.75,4286.0,117.20713588169644
2025-08-22,4181.0,4181.0,4077.300048828125,4131.5,10925,4047.13330078125,4090.1226806640634,4113.41501953125,3513.4296459960938,4071.233830057319,4083.2037570281886,52.71999675748437,-19.16965354092781,-32.21192762317554,13.04227408224773,4257.939629474384,3855.510297283429,15.739688256586955,0,4030.800048828125,4238.5,109.2642822265625
2025-08-25,4174.7998046875,4174.7998046875,4089.89990234375,4118.5,8951,4065.499972873264,4073.58632590554,4117.659438476562,3519.252087402344,4080.687064045856,4086.4125063892634,51.853470660301305,-13.833087091462405,-28.536159516832917,14.703072425370513,4242.941634735633,3861.528311553429,15.551009902355876,0,4060.25,4189.5,109.59999302455356
2025-08-26,4105.0,4124.10009765625,4010.0,4020.0,10376,4070.733317057292,4057.863603071733,4119.8792578125,3524.6129846191407,4068.549651236685,4080.37500580842,45.72144727076224,-17.35192435081035,-26.299312483628405,8.947388132818055,4234.31770732593,3859.152238963132,14.45973458576762,0,4081.6500244140634,4189.5,113.70713588169644
2025-08-28,4044.0,4077.89990234375,3971.10009765625,4032.39990234375,7470,4074.6888563368057,4049.868152965199,4120.968374023438,3529.957878417969,4061.319701458098,4076.0136327661776,46.57791989256631,-18.921939402926,-24.823837867487924,5.901898464561924,4226.249222512243,3858.0707237768192,13.809327788248458,0,4090.300048828125,4189.5,114.3642578125
2025-08-29,4030.0,4056.699951171875,4000.10009765625,4011.60009765625,10859,4075.799967447917,4044.486339222301,4120.982373046875,3535.16416015625,4051.3757806977287,4070.157856847093,45.28704288804766,-21.595617217655217,-24.178193737521383,2.582576519866169,4185.866029522039,3874.453916767024,13.205378619123522,0,4090.300048828125,4189.5,108.04996163504464
2025-09-01,4034.39990234375,4130.0,4020.0,4107.7001953125,12367,4074.222222222222,4043.749988902699,4123.967509765625,3540.708586425781,4062.640663620683,4073.5707967075846,51.91746780312695,-15.778170482057249,-22.49818908642856,6.720018604371312,4166.367302616315,3885.282672969623,12.70178765877569,0,4090.300048828125,4168.25,106.08567592075892
2025-09-02,4130.0,4155.7001953125,4042.0,4058.699951171875,38272,4074.5999891493057,4034.981800426137,4124.716796875,3545.9768115234374,4061.8525211309216,4072.218901658884,48.67821449071965,-14.94938501687102,-20.98842827251705,6.039043255646032,4169.146704208104,3886.7032713778335,12.499711732682028,0,4090.300048828125,4111.39990234375,105.89998953683036
2025-09-03,4058.699951171875,4093.39990234375,4011.800048828125,4024.39990234375,8269,4069.6222059461807,4027.254527698864,4125.088198242188,3551.261960449219,4054.361997373488,4067.871719902962,46.491528552027866,-16.865874544488634,-20.16391752691137,3.298042982422736,4169.194970222136,3886.764990715364,11.93741866653388,0,4090.300048828125,4084.949951171875,105.51426478794644
2025-09-04,4170.0,4324.0,4086.199951171875,4127.7998046875,80601,4070.288872612847,4032.304521040483,4127.691401367188,3557.865588378906,4069.04955883629,4073.319727610647,53.30176666441079,-9.92676872195898,-18.11648776592089,8.189719043961912,4181.683250617235,3886.856690789016,13.335658300169785,0,4147.550048828125,4088.0,122.18570382254464
2025-09-05,4170.0,4220.0,4082.199951171875,4189.60009765625,19740,4076.744439019097,4039.863614169034,4130.695986328125,3565.121916503906,4093.1596666002815,4083.890670342065,56.83766501594377,0.5529161190916057,-14.382606988918392,14.93552310801,4200.214992641227,3895.4149634134615,14.584815850928466,0,4147.550048828125,4088.0,125.69998604910714
2025-09-08,4202.7998046875,4457.0,4202.7998046875,4408.5,81668,4108.966661241319,4058.340886896307,4137.241982421875,3573.0861437988283,4156.227733280226,4113.400609401878,66.51039497752672,26.219294843985157,-6.262226622337684,32.48152146632284,4286.347276288249,3854.7826797664384,16.982573226076564,0,4214.050048828125,4154.5,131.34284319196428
2025-09-09,4439.0,4544.89990234375,4380.89990234375,4421.0,66921,4153.522216796875,4081.172707297585,4143.651982421875,3580.9724658203127,4209.182186624181,4141.364190365343,66.96565442685102,47.02663663877047,4.395546029883946,42.63109060888653,4347.019013795107,3847.420952025206,19.54590867074777,0,4258.0,4198.449951171875,134.26426478794642
2025-09-10,4421.0,4464.0,4330.0,4360.7001953125,23278,4190.000027126736,4099.6818070845175,4151.893984375,3588.538276367188,4239.485788361845,4161.303827178721,62.54836856139397,57.98252813666477,15.112942451240112,42.86958568542465,4383.86558188126,3851.324408353115,21.340031544563125,0,4272.5,4198.449951171875,137.3499755859375
2025-09-11,4356.7998046875,4369.89990234375,4271.60009765625,4298.39990234375,15358,4221.866672092014,4118.340897993608,4158.571982421875,3595.862299804688,4251.268611158226,4173.7671067391775,58.2715683564437,60.93561031971058,24.27747602493421,36.65813429477637,4402.68076896103,3865.059221273346,22.363294054170947,0,4278.3499755859375,4198.449951171875,134.34995814732142
2025-09-12,4298.39990234375,4453.0,4268.5,4309.10009765625,38377,4244.244439019098,4134.518177379261,4166.529985351563,3603.1047814941408,4262.834908457831,4186.070105913457,58.792718947761415,63.40843262115959,32.103667344179286,31.304765276980305,4421.03889073607,3877.9311043811176,23.713349265506537,0,4278.3499755859375,4198.449951171875,140.12139020647322
2025-09-15,4335.2998046875,4474.0,4280.0,4466.2998046875,32043,4289.533311631944,4156.945445667614,4177.051982421875,3610.627220458985,4303.527887703765,4211.545533074734,65.59163815124364,77.16337335987464,41.11560854731836,36.04776481255628,4469.359616414132,3876.0803494061815,25.0640299915346,0,4278.3499755859375,4198.449951171875,147.91425432477678
2025-09-16,4465.0,4465.0,4352.10009765625,4404.60009765625,20101,4331.777777777777,4175.4818115234375,4185.911982421875,3617.624702148437,4323.742329694263,4229.095948036689,61.3154952165352,82.13876769842864,49.320240377540415,32.81852732088822,4499.792292529895,3873.917692821667,26.318233522846366,0,4313.5499267578125,4198.449951171875,147.92136928013392
2025-09-17,4410.0,4545.0,4386.2001953125,4456.7001953125,27752,4368.322265625,4196.1681795987215,4190.131982421875,3624.773481445312,4350.33390281791,4249.787243243581,63.48054620241156,89.25694748954902,57.30758179994214,31.94936568960688,4535.436781746693,3878.413218253308,27.86290205951608,0,4313.5999755859375,4198.550048828125,151.63565499441964
2025-09-18,4455.0,4533.0,4421.0,4441.2001953125,15674,4396.27783203125,4210.68182927912,4193.105986328125,3631.664378662109,4368.507161316828,4267.188420704391,62.3623161306261,92.58022855108813,64.36211115017134,28.218117400916768,4563.200479273238,3887.849545140824,29.297237129280816,0,4373.89990234375,4228.0,155.59280831473214
2025-09-19,4445.0,4463.2001953125,4380.10009765625,4427.7998046875,14471,4398.422254774306,4227.613636363636,4196.683984375,3638.089729003906,4380.365689990963,4281.789455611946,61.35603747708553,93.05991641495984,70.10167220312904,22.9582442118308,4586.350332484298,3895.299691929765,30.078368785484702,0,4406.75,4249.400024414063,153.07139369419642
2025-09-22,4430.0,4455.0,4384.7998046875,4405.7998046875,10411,4396.733344184027,4242.913629705256,4201.341982421875,3644.3529150390623,4385.45251293027,4293.063123709724,59.654166197887456,90.62024261696752,74.20538628589674,16.41485633107078,4603.551992204597,3905.528012678217,30.80370532338831,0,4406.75,4258.050048828125,149.96425083705358
2025-09-23,4421.60009765625,4540.0,4409.5,4497.5,32896,4411.933322482639,4259.9909113103695,4209.323984375,3651.064852294922,4407.862010344216,4311.648294281567,64.12138604043201,94.99122325467216,78.36255367965182,16.628669575020325,4632.416803626363,3914.56320125645,31.95365737665307,0,4406.75,4258.050048828125,153.72141810825892
2025-09-24,4525.0,4537.2001953125,4186.2001953125,4204.10009765625,52953,4401.45556640625,4263.2909157492895,4209.979990234375,3656.256163330078,4367.109627806623,4301.871185497448,46.413776862853965,73.92813925673818,77.4756707950691,-3.5475315383309294,4623.220380408565,3942.1696342398727,30.503491861207127,0,4365.60009765625,4258.050048828125,157.39283970424108
2025-09-25,4210.0,4227.10009765625,4135.5,4185.39990234375,19688,4387.711100260417,4266.331820401279,4201.753984375,3661.2294116210937,4330.767682714049,4291.28288702893,45.55036160966219,55.0914836293623,72.99883336192775,-17.90734973256545,4613.632890770011,3967.057123878426,28.7149034305624,0,4340.25,4258.050048828125,154.09284319196428
2025-09-26,4198.0,4198.0,4063.199951171875,4090.89990234375,18398,4346.0,4269.5545432350855,4191.413984375,3665.626075439453,4282.794126639989,4273.066252057551,41.362871127640325,32.16713538991553,64.8324937675253,-32.66535837760978,4604.899154620926,3983.720840496261,26.86449211801354,0,4304.0999755859375,4258.050048828125,144.62142508370536
2025-09-29,4090.89990234375,4122.89990234375,4031.10009765625,4050.699951171875,8481,4306.677761501736,4270.386363636364,4183.113979492187,3670.2046838378906,4236.375291546367,4252.851133795217,39.69125986477048,10.633052939146182,53.99260560184948,-43.3595526627033,4610.198254920446,3972.72171578268,25.397202905933938,0,4288.050048828125,4258.050048828125,139.46426827566964
2025-09-30,4064.89990234375,4155.10009765625,4051.60009765625,4134.60009765625,14282,4270.888861762152,4275.977272727273,4178.7959814453125,3675.2756762695312,4216.020252768343,4242.101039600765,44.71316195470767,0.3333356053690295,43.2607516025534,-42.92741599718437,4603.974470369836,3986.5355149817274,23.749296469311112,0,4285.550048828125,4258.050048828125,137.34999302455358
2025-10-01,4166.5,4166.5,4104.0,4129.7001953125,9247,4236.277750651042,4276.977272727273,4175.339985351562,3680.651243896484,4198.756241277175,4231.882781029105,44.48021115046083,-8.130917599290115,32.982417762184696,-41.11333536147481,4592.951971142629,4008.088043505808,22.11584491432824,0,4285.550048828125,4258.050048828125,134.79286411830358
2025-10-03,4130.0,4224.0,4129.7001953125,4176.7998046875,8979,4208.388861762152,4282.3454478870735,4170.863979492187,3685.683626708984,4194.364953959241,4226.875237725323,47.32126045416898,-10.91256118442925,24.20342197286191,-35.11598315729116,4590.081767735016,4015.8582469134208,20.986744232657387,0,4285.550048828125,4258.050048828125,128.34999302455358
2025-10-06,4196.0,4266.0,4090.0,4116.5,27771,4176.244439019098,4286.5318159623575,4163.547983398437,3690.707264404297,4178.791963167393,4216.841125204839,44.20264044477002,-17.77779272980115,15.8071790323293,-33.58497176213045,4594.257876513798,4004.372128369015,20.29354363992088,0,4285.550048828125,4272.550048828125,127.06427873883928
2025-10-07,4145.0,4161.7998046875,4102.0,4122.7001953125,6879,4134.600016276042,4286.3000155362215,4158.683989257813,3695.909133300781,4167.573609596415,4208.28285885099,44.60687752845827,-22.459336989937583,8.153875827875925,-30.61321281781351,4585.339240650376,3984.710783763685,19.649857375236973,0,4284.150146484375,4278.400024414063,123.17857142857144
2025-10-08,4154.5,4162.7001953125,4095.10009765625,4143.2001953125,9470,4127.833360460069,4284.190929066052,4157.3819970703125,3701.390471191406,4162.698926739632,4202.366253074763,45.99987536070811,-24.23593905141388,1.675912852017965,-25.911851903431845,4570.665343742862,3971.60470020245,18.97256008922037,0,4148.550048828125,4278.400024414063,116.664306640625
2025-10-09,4120.2001953125,4190.0,4113.10009765625,4183.2998046875,7163,4127.600016276042,4273.954556551847,4158.447993164063,3707.2504943847657,4166.819102329206,4200.632939585012,48.71658067495429,-22.152841467938742,-3.089838011973377,-19.063003455965365,4561.133755566573,3963.396249316239,18.60619355142921,0,4148.550048828125,4278.400024414063,114.15715680803572
2025-10-10,4153.2998046875,4267.7998046875,4150.0,4240.5,11494,4144.222249348958,4265.7500110973015,4160.779995117187,3713.914261474609,4181.555281863365,4204.257217804556,52.395638136554005,-15.7053523793993,-5.612940885458562,-10.09241149394074,4557.88647587462,3960.8535387738175,18.952589562730846,0,4149.449951171875,4288.050048828125,116.63570731026786
2025-10-13,4249.7998046875,4415.0,4206.39990234375,4361.10009765625,27544,4178.711154513889,4265.7681884765625,4162.969995117188,3721.191267089844,4217.464245021943,4218.5156614274365,59.0637448155244,-0.8544018288548614,-4.661233074137821,3.80683124528296,4563.203652916402,3960.736361732035,20.286935684864044,0,4233.300048828125,4288.050048828125,126.52141462053572
2025-10-14,4364.0,4437.0,4335.2001953125,4359.2001953125,13223,4203.666720920139,4268.5318381569605,4166.266000976562,3728.484367675781,4245.811435080054,4231.305164507897,58.92371702731777,10.639135900746624,-1.6011592791609326,12.240295179907555,4546.134645652172,3967.095408058765,21.654932210511955,0,4263.5,4288.050048828125,124.20710100446428
2025-10-15,4379.0,4392.5,4321.7001953125,4337.2001953125,10153,4226.722276475694,4269.8091153231535,4172.676005859375,3735.8305432128905,4264.089187126543,4240.931985490133,57.23169525926477,17.76781490940084,2.272635558551422,15.49517935084942,4537.024003095785,3969.466060380777,22.73825162173513,0,4263.5,4288.050048828125,104.19280133928572
2025-10-16,4380.0,4437.39990234375,4025.0,4119.60009765625,117569,4220.366753472223,4254.050037730824,4174.602006835938,3742.012664794922,4235.191369232485,4229.901813868871,43.82648713890914,5.792067711016898,2.9765219890445174,2.8155457219723807,4509.117011144159,3963.6630425667786,21.490341289024816,0,4231.199951171875,4285.0,127.10707310267856
2025-10-17,4172.7998046875,4172.7998046875,3940.699951171875,3957.199951171875,51451,4202.666748046875,4233.71366743608,4173.706005859375,3747.289183349609,4179.593085620363,4205.110735441871,36.88303272436826,-16.61164411793561,-0.9411112323515084,-15.670532885584104,4494.13518260868,3930.244846688195,20.913686745300904,0,4189.0499267578125,4242.8499755859375,134.05705915178572
2025-10-20,4027.5,4079.199951171875,3964.5,4058.89990234375,20593,4195.577826605902,4215.6318359375,4176.510004882813,3753.189254150391,4155.454448965041,4191.81884152386,42.97583231476259,-25.862286692516136,-5.925346324384435,-19.9369403681317,4464.338145564781,3923.151893497719,20.378221811842987,0,4189.0499267578125,4242.8499755859375,136.21421595982142
2025-10-21,4090.0,4090.0,4050.0,4063.300048828125,3855,4186.700032552083,4198.454556551847,4178.706005859375,3758.84294921875,4137.023568937658,4180.135314915157,43.23116816816948,-32.464205381053944,-11.233118135718335,-21.23108724533561,4433.72185209857,3919.518211377992,19.77875914271401,0,4189.0499267578125,4242.8499755859375,131.61420549665178
2025-10-23,4102.0,4102.0,4050.199951171875,4059.0,9360,4172.888943142361,4181.690929066052,4182.1280078125,3764.051490478516,4121.418855150127,4169.123013559234,43.0284003710818,-37.60971018165583,-16.508436544905837,-21.10127363674999,4367.564054472523,3941.8260090040408,19.103112341868037,0,4189.0499267578125,4242.8499755859375,130.84992327008928
2025-10-24,4099.60009765625,4099.60009765625,4010.10009765625,4031.199951171875,8736,4149.633382161458,4164.663662997159,4183.6880078125,3768.887023925781,4103.375074354477,4156.584553342202,41.66771246272594,-43.43015561363973,-21.89278035865261,-21.53737525498711,4364.44283822596,3927.657210602164,18.80125337656999,0,4189.0499267578125,4242.8499755859375,130.507080078125
2025-10-27,4032.0,4062.5,4021.10009765625,4040.10009765625,6075,4113.966715494792,4143.87275834517,4185.03201171875,3774.3579284667967,4090.720079014832,4145.995057370751,42.29684072496856,-46.78541991500333,-26.87130826992276,-19.91411164508057,4361.2944652119895,3916.2756031473855,18.52095576593609,0,4189.0499267578125,4240.3499755859375,120.89278738839286
2025-10-28,4056.300048828125,4060.10009765625,3999.10009765625,4013.0,9803,4075.500027126736,4135.186390269886,4185.356010742187,3779.594853515625,4075.176063211865,4133.904597609773,40.852058090806736,-51.04285221582995,-31.7056170591042,-19.337235156725757,4363.570506550674,3906.209571574327,18.451122712715,0,4189.0499267578125,4240.3499755859375,120.978515625
2025-10-29,4013.0,4050.0,4010.0,4026.199951171875,5608,4040.944444444444,4127.950028852983,4185.8480078125,3785.0718225097658,4065.380840803868,4124.113266115419,41.89319473818574,-52.74377483990793,-35.91324861526495,-16.83052622464298,4364.496781751976,3902.833296373025,18.386277734723997,0,4189.0499267578125,4240.3499755859375,119.007080078125
2025-10-30,4026.199951171875,4047.39990234375,4001.300048828125,4024.199951171875,3935,4030.344428168403,4124.918212890625,4183.894008789062,3790.4749267578127,4057.144662877469,4115.030237484188,41.77321487833854,-53.63488202583903,-39.45757529737976,-14.177306728459271,4364.105762334742,3892.184301141821,18.40947382206196,0,4056.749877929688,4240.3499755859375,116.8070765904018
2025-10-31,4100.0,4100.0,3982.39990234375,4000.89990234375,6518,4035.1999782986113,4122.6545743075285,4182.806005859375,3796.195908203125,4045.8957107707256,4104.654752471421,40.32429886106024,-55.58051255351711,-42.68216274860723,-12.898349804909875,4364.420962815281,3878.9890713644063,17.715152684833637,0,4033.25,4238.950073242188,116.79281180245536
2025-11-03,3999.199951171875,4035.800048828125,3952.300048828125,3980.800048828125,9368,4026.522216796875,4115.663662997159,4181.0380078125,3802.369235839844,4032.876578382206,4093.3952339583934,39.06549128399363,-58.074877919144,-45.76070578271459,-12.314172136429413,4360.9982788896095,3862.81177970414,17.392975247914524,0,4027.1500244140634,4189.0499267578125,107.85709054129464
2025-11-04,4021.60009765625,4021.60009765625,3941.0,3946.0,7628,4013.4888780381934,4107.313654119318,4177.52201171875,3807.9651428222655,4015.501262705765,4079.995667234903,36.91673363411064,-62.14340307885504,-49.03724524194268,-13.106157836912368,4363.24850846335,3843.511550130401,17.215337345177755,0,4021.5,4189.0499267578125,106.3428257533482
2025-11-06,3948.10009765625,3972.5,3875.199951171875,3884.10009765625,9466,3994.055555555556,4094.009121981534,4172.574013671875,3813.200360107422,3989.2210296958624,4062.186979091389,33.39783135285174,-69.5606910339261,-53.141934400339366,-16.41875663358674,4368.896707762801,3814.003341065324,17.715745390564386,0,3987.5999755859375,4156.2999267578125,108.23570033482144
2025-11-07,3879.0,3925.0,3825.0,3893.10009765625,8735,3978.711127387153,4083.854580965909,4168.066015625,3817.827060546875,3969.99684328794,4046.815444415467,34.37726605546307,-73.86129338010505,-57.285806196292505,-16.575487183812548,4368.836561970723,3789.0534770917775,18.62705726189889,0,3962.5,4131.199951171875,85.92142159598214
2025-11-10,3976.0,3988.0,3903.199951171875,3918.60009765625,5958,3965.211127387153,4074.577303799716,4166.038017578125,3821.697880859375,3959.717494161602,4035.1595038009928,37.19539561707703,-74.35479899742359,-60.69960475651872,-13.655194240904862,4359.682296149443,3771.7377722099327,18.538206213634528,0,3962.5,4131.199951171875,76.12142508370536
2025-11-11,3949.0,3949.0,3881.0,3923.800048828125,9386,3955.3000217013887,4064.604569868608,4163.866020507812,3825.137165527344,3952.534005094907,4025.0359169852777,37.78216212834177,-73.47928964118546,-63.25554173345208,-10.223747907733385,4338.270050875964,3761.480022366224,18.672150561098626,0,3962.5,4131.199951171875,72.2642822265625
2025-11-12,3923.0,3970.0,3896.699951171875,3942.300048828125,4559,3945.977810329861,4053.650035511364,4162.48001953125,3828.834949951172,3950.4872138415512,4017.514474425536,39.932327127813046,-70.48019496446113,-64.70047237965389,-5.779722584807246,4280.668880893344,3777.201187466031,18.486727094010657,0,3962.5,4131.199951171875,74.64285714285714
2025-11-13,3968.0,3982.0,3921.10009765625,3932.199951171875,6046,3935.755588107639,4039.636396928267,4158.970014648437,3833.4409362792967,3946.829761307617,4009.758608675204,39.13711282025256,-68.13298960382917,-65.38697582448894,-2.746013779340231,4208.725614181763,3806.4444297635496,18.13475399512786,0,3962.5,4131.199951171875,75.2928466796875
2025-11-14,3932.0,4040.0,3925.0,4017.5,10957,3937.600043402778,4024.018210671165,4158.146015625,3838.014425048828,3960.9638090460935,4010.462371522912,48.47021982525171,-58.71300441927952,-64.05218154344706,5.3391771241675485,4120.167044292796,3863.0329801212665,16.985224791611426,0,3932.5,4131.199951171875,77.11427525111607
2025-11-17,4037.5,4047.10009765625,3942.5,3958.60009765625,11597,3935.1333821614585,4005.8091153231535,4156.83001953125,3842.771912841797,3960.491066768125,4005.747619353215,43.50885331690202,-55.36214778736212,-62.31417479223008,6.952027004867958,4097.7280456250455,3869.371978789017,15.821633258740226,0,3936.050048828125,4131.199951171875,81.62857491629464
2025-11-18,3989.5,3989.5,3878.0,3909.300048828125,15800,3931.055609809028,3986.359108664773,4152.460024414063,3847.209285888672,3950.252863180125,3996.979658396389,39.83355305561143,-56.03869252314735,-61.059078338413535,5.020385815266188,4099.590406591292,3862.719627588395,15.55210704963798,0,3936.050048828125,4131.199951171875,85.2357177734375
2025-11-19,3909.300048828125,3909.300048828125,3695.0,3781.800048828125,67857,3919.6889377170137,3971.004560990767,4144.3040234375,3851.11982421875,3916.562300309725,3977.4178757083646,32.24689358485834,-66.10107153240187,-62.0674769772112,-4.033594555190675,4109.823811390335,3824.77623743779,16.928235098761835,0,3871.050048828125,4066.199951171875,97.68572126116072
2025-11-20,3776.800048828125,3818.699951171875,3618.0,3735.199951171875,69901,3902.144476996528,3960.913651899858,4130.838022460937,3854.051217041016,3880.289830482156,3955.398064386866,29.998066159866923,-76.94879995345764,-65.04374157246049,-11.905058380997149,4119.953618785877,3781.836420276624,18.69490350291077,0,3832.550048828125,4027.699951171875,108.72858537946428
2025-11-21,3735.0,3780.0,3706.0,3739.60009765625,10676,3882.255588107639,3946.4000244140634,4117.210024414063,3856.4985681152334,3852.151883916975,3935.780067411355,30.490983819110355,-84.2198142395373,-68.87895610587586,-15.340858133661442,4120.520447305304,3749.3296015228216,20.335381306763345,0,3832.550048828125,4027.699951171875,105.61429268973214
2025-11-24,3768.5,3768.5,3700.10009765625,3716.10009765625,7472,3859.177815755209,3930.618208451705,4104.318022460938,3858.4552258300782,3824.9415266648302,3915.8091610699817,29.30417897922166,-90.83135176578708,-73.2694352378581,-17.56191652792897,4122.959386816615,3715.380676659947,21.89720147452448,0,3832.550048828125,4027.699951171875,104.53571428571428
2025-11-25,3750.0,3750.0,3560.0,3627.10009765625,71532,3824.1555989583335,3910.986394708807,4090.892026367188,3860.551416015625,3785.3732408631145,3889.562882577824,25.289467148522192,-102.07593128902226,-79.03073444809094,-23.045196840931325,4132.218125984124,3664.821937492439,24.13681055525749,0,3803.550048828125,3866.39990234375,112.34999302455356
2025-11-26,3625.0,3786.699951171875,3617.699951171875,3740.699951171875,14546,3802.877821180556,3897.7818492542615,4079.5240234375,3863.4479064941406,3776.4385829248663,3876.029888813647,37.12929982152141,-100.66043198787156,-83.35667395604708,-17.303758031824486,4122.220917080646,3647.589141513103,25.656239495024675,0,3803.550048828125,3831.0,117.47141810825892
2025-11-27,3740.699951171875,3775.10009765625,3733.10009765625,3759.60009765625,9732,3774.2222764756943,3885.0318492542615,4065.390029296875,3866.6948449707033,3773.070885871144,3865.445362344792,38.865198293613,-96.89659114077632,-86.06465739299293,-10.83193374778338,4105.398065596076,3637.752007646112,27.06713779623706,0,3803.550048828125,3831.0,113.3285609654018
2025-11-28,3741.60009765625,3796.89990234375,3693.199951171875,3730.10009765625,11204,3748.8333875868057,3872.172762784091,4051.900029296875,3869.756988525391,3764.476728228165,3853.1412473731066,37.14144029599798,-95.19675468062132,-87.89107685051862,-7.305677830102709,4087.2444759134232,3626.4956119772014,28.613625080743763,0,3774.75,3831.0,113.95713588169644
2025-12-01,3779.39990234375,3941.0,3770.10009765625,3902.60009765625,31242,3748.088948567709,3866.55458762429,4040.81802734375,3873.8454382324217,3792.101402113782,3857.637506489756,50.86478652433254,-79.01942691633349,-86.1167468636816,7.097319947348112,4073.413043035296,3630.497064386579,28.02304285171425,0,3750.5,3830.0,124.16427176339286
2025-12-02,3912.5,3936.89990234375,3788.0,3813.699951171875,14717,3751.6333821614585,3856.986405806108,4028.2680224609376,3877.355562744141,3796.421111925401,3853.643183279039,45.36761143442044,-72.53612565911999,-83.40062262276928,10.864496963649287,4057.054638053108,3630.145459603143,27.47464506761542,0,3750.5,3830.0,129.56426130022322
2025-12-03,3844.199951171875,3844.199951171875,3760.0,3773.199951171875,5407,3755.8556043836807,3846.636408025568,4015.176025390625,3881.461984863281,3791.776879774696,3846.330162178388,43.08323396004354,-69.86076284325054,-80.69265066686555,10.831887823615006,4044.922962308848,3624.9971304645896,27.199948416388395,0,3750.5,3830.0,131.22855050223214
2025-12-04,3779.0,3802.5,3725.699951171875,3752.39990234375,4958,3757.2778049045137,3836.2545831853695,4002.10802734375,3885.594086914063,3783.901484288507,3837.791047647966,41.9159009298311,-68.62780996988931,-78.2796825274703,9.651872557580988,4040.102373428721,3616.647699813467,27.22621919812282,0,3750.5,3830.0,128.49998256138392
2025-12-05,3752.39990234375,3771.199951171875,3712.10009765625,3733.199951171875,4869,3759.177788628472,3826.581853693182,3986.8220263671874,3889.7094104003904,3773.761177665181,3828.28276615014,40.81653304742778,-68.41135798344703,-76.30601761866565,7.894659635218616,4033.885000269357,3606.8750583243927,27.36209628806878,0,3750.5,3830.0,125.24996512276786
2025-12-08,3733.199951171875,3733.199951171875,3627.699951171875,3648.39990234375,11219,3761.54443359375,3815.868208451705,3975.7080224609376,3893.571364746094,3748.6889226008952,3811.929778531377,36.28938673804373,-74.22683273838175,-75.89018064260887,1.6633479042271233,4028.255772390612,3585.484266671888,28.12551906415722,0,3779.3499755859375,3830.0,124.82139369419644
2025-12-09,3625.0,3710.0,3575.0,3691.89990234375,13671,3756.1222059461807,3806.722745028409,3965.838022460937,3898.228038330078,3737.3311185494654,3801.017971605229,39.9677201514458,-74.46714107642629,-75.60557272937235,1.1384316529460676,4015.161086609218,3575.3889378048443,29.179748507655376,0,3758.0,3803.550048828125,119.1571044921875
2025-12-10,3690.0,3735.5,3652.5,3663.0,4972,3745.388861762153,3795.104558771307,3957.280024414063,3903.04369140625,3722.464894839573,3788.470883277481,38.38223784182246,-76.11219376668714,-75.7068969368353,-0.4052968298518351,3997.3226062541694,3565.297413277081,29.759843533104167,0,3758.0,3803.550048828125,110.74996512276786
2025-12-11,3663.0,3699.89990234375,3627.39990234375,3683.699951171875,6026,3740.233289930556,3784.19091796875,3949.9400244140634,3908.5515209960936,3714.7119061060334,3778.946253086062,40.21170992560725,-74.88239912834615,-75.54199737513747,0.6595982467913188,3976.7889275380185,3560.9810919932315,30.476641334029978,0,3758.0,3803.550048828125,110.642822265625
2025-12-12,3683.0,3727.0,3660.0,3712.699951171875,6435,3719.1332736545137,3773.754549893466,3941.502021484375,3914.444697265625,3714.309515119202,3772.923862002954,42.775120166600885,-70.75213382334005,-74.58402466477798,3.8318908414379393,3926.5559240420375,3580.7340906064,30.70083813731188,0,3755.949951171875,3803.550048828125,110.54282924107144
2025-12-15,3710.0,3736.800048828125,3680.0,3726.60009765625,5622,3709.455512152778,3764.409102006392,3933.44001953125,3919.4355090332033,3716.767631626612,3768.712610698708,44.014162720576216,-65.60103525999966,-72.78742678382233,7.186391523822664,3885.7186267808247,3598.3713878676126,30.74750043132108,0,3709.5999755859375,3803.550048828125,101.02854701450892
2025-12-16,3720.0,3735.0,3676.0,3695.39990234375,3833,3700.8110622829854,3749.7681884765625,3923.812021484375,3924.040942382812,3712.49408577004,3762.047819030075,41.82508690098026,-63.30658860128551,-70.89125914731497,7.584670546029457,3852.7140635996366,3609.9859364003632,30.827035927452947,0,3688.75,3803.550048828125,93.17140415736608
2025-12-17,3660.0,3699.10009765625,3616.0,3631.39990234375,6498,3687.3666178385415,3734.8954523259945,3914.11001953125,3928.293956298828,3696.2752490847824,3750.1707356949546,37.68470137334458,-65.8929157079765,-69.89159045944727,3.998674751470773,3850.551963582948,3597.1080217686144,31.41957224873125,0,3673.0999755859375,3803.550048828125,96.1071254185268
2025-12-18,3631.39990234375,3635.0,3495.300048828125,3568.0,22759,3669.0110677083335,3719.3818137428975,3903.016015625,3932.658985595703,3670.620199267826,3733.609759722686,34.08504458513791,-72.22586601319927,-70.35844557019767,-1.867420443001592,3859.862438827391,3571.077551406984,32.78540663554145,0,3616.050048828125,3771.200073242188,98.67855398995536
2025-12-19,3568.0,3625.0,3560.10009765625,3619.699951171875,5909,3665.822184244792,3712.013627485796,3892.546010742188,3937.620363769531,3660.436149648636,3723.254322581703,39.18637155159339,-72.24027979402808,-70.73481241496376,-1.5054673790643278,3859.4956402415824,3559.4543353443555,34.05368142329378,0,3616.050048828125,3771.200073242188,88.24998256138393
2025-12-22,3619.699951171875,3660.0,3592.89990234375,3608.39990234375,8596,3656.5444064670137,3706.249988902699,3881.048012695313,3942.9125744628905,3650.028900187659,3712.81301165098,38.48528953630484,-72.3297499870173,-71.05379992937446,-1.2759500576428309,3860.696589422104,3547.4833666325844,34.593318503243445,0,3616.050048828125,3771.200073242188,82.40713936941964
2025-12-23,3611.89990234375,3636.300048828125,3597.800048828125,3607.0,5215,3650.322184244792,3700.2227117365055,3868.378012695313,3947.8392163085937,3641.423120150128,3703.1936469554366,38.39364739036613,-71.68725018288342,-71.18048998007626,-0.5067602028071576,3862.012674308574,3544.157271980489,35.09441007748242,0,3616.050048828125,3742.4000244140634,79.14285714285714
2025-12-24,3610.60009765625,3645.89990234375,3591.0,3605.199951171875,8109,3641.599962022569,3695.181795987216,3853.260009765625,3952.8848315429686,3634.178486354477,3694.285129156931,38.26746422850591,-70.51051206413422,-71.04649439688785,0.5359823327536333,3859.968247344287,3532.6516989447755,35.372325836122144,0,3616.050048828125,3718.1500244140634,77.57856096540179
2025-12-26,3608.800048828125,3637.89990234375,3581.0,3599.699951171875,7437,3629.0444064670137,3693.936334783381,3838.070004882813,3957.158264160156,3627.2827793179567,3685.686476612834,37.85804959963687,-69.22377408432658,-70.6819503343756,1.4581762500490214,3854.5574010478167,3522.072530592808,35.71911911415262,0,3616.050048828125,3718.1500244140634,77.42142159598214
2025-12-29,3603.300048828125,3618.89990234375,3551.699951171875,3561.39990234375,8335,3610.688829210069,3685.786332563921,3822.553999023437,3960.018721923828,3614.106203923116,3674.387697133827,35.04617698005424,-70.48204566952063,-70.64196940140461,0.1599237318839783,3854.122405311342,3505.637506798033,36.29885898302155,0,3615.1500244140634,3718.1500244140634,74.68570382254464
2025-12-30,3570.89990234375,3612.0,3542.0,3565.60009765625,7289,3596.2666286892363,3676.9681507457385,3811.4739990234375,3963.0808068847655,3604.4049826697424,3664.497915363138,35.6109890935864,-70.3295984743645,-70.57949521599659,0.2498967416320852,3809.561233401767,3516.498678707608,36.92170562448901,0,3597.2000732421875,3718.1500244140634,70.0428466796875
2025-12-31,3569.199951171875,3616.0,3557.60009765625,3577.5,7821,3590.277750651041,3670.0317826704554,3803.88,3966.19556640625,3599.023986135794,3656.589013966489,37.275158195418754,-68.45940292396517,-70.1554767575903,1.6960738336251353,3784.054344898674,3518.385572093513,37.40404898140239,0,3577.6500244140625,3718.1500244140634,68.28569684709821
2026-01-01,3596.89990234375,3744.0,3572.89990234375,3727.89990234375,32206,3608.0444064670137,3662.090864701705,3797.26,3970.184448242188,3624.799169377385,3663.071822000785,53.598430101033706,-54.21627285649811,-66.96763597737187,12.751363120873762,3774.369399910264,3523.540512199111,35.3674336451556,0,3643.0,3718.1500244140634,75.32856096540179
2026-01-02,3745.89990234375,3769.699951171875,3657.5,3690.5,11956,3615.911078559028,3656.490866921165,3789.803999023437,3973.69455078125,3637.939335501908,3665.5652927279866,50.10647170970643,-45.422744097653776,-62.65865760142826,17.235913503774484,3763.329125379004,3528.3907964959967,33.08938806599743,0,3655.8499755859375,3718.1500244140634,78.55712890625
2026-01-05,3691.0,3701.89990234375,3651.0,3688.199951171875,7120,3624.7777506510415,3652.627230557529,3782.387998046875,3976.7351318359374,3647.991458635902,3667.622988950158,49.89119740802854,-38.199068833023375,-57.76673984774729,19.567671014723917,3755.632912254286,3531.587009620714,31.066225852466623,0,3655.8499755859375,3718.1500244140634,78.13568987165179
2026-01-06,3663.5,3720.0,3651.0,3690.89990234375,7651,3634.099962022569,3649.831776012074,3775.581997070312,3979.334603271485,3656.5731473774713,3669.7390719859386,50.161882001734135,-31.88879645149109,-52.59115116849605,20.702354717004965,3759.735427439515,3531.734494435485,28.899153326041365,0,3655.8499755859375,3718.1500244140634,78.8499755859375
2026-01-07,3708.5,3777.0,3690.0,3706.39990234375,9097,3645.3444010416665,3648.613591974432,3768.907993164063,3982.0115747070313,3666.538498370727,3673.07187474574,51.77254373464999,-25.344978529190485,-47.14191664063495,21.79693811144446,3761.8722890425647,3531.0476328324357,27.61471883950913,0,3659.5,3716.0999755859375,79.1285400390625
2026-01-08,3693.0,3739.89990234375,3648.5,3690.89990234375,15318,3655.477728949653,3650.54541015625,3762.465991210937,3982.219774169922,3671.410779165332,3674.6926045273767,50.03126276238316,-21.16569122790997,-41.94667155808995,20.78098033017998,3764.773678427346,3530.936233682029,25.76359543789376,0,3659.5,3669.75,75.67853655133929
2026-01-09,3678.699951171875,3689.89990234375,3611.0,3620.300048828125,7611,3662.0221896701382,3647.290871360085,3754.347993164063,3982.188322753906,3661.1886330978914,3669.747826736536,42.94609950402661,-23.282013523277328,-38.21373995112743,14.9317264278501,3760.947706160653,3528.4222157143467,24.34551191704763,0,3659.5,3648.9000244140634,76.74996512276786
2026-01-12,3615.0,3654.89990234375,3532.699951171875,3602.300048828125,10784,3666.099962022569,3644.5317826704554,3745.909995117188,3981.922321777344,3649.410916243938,3663.616210563044,41.33871862895917,-26.11067613619116,-35.793127188140176,9.682451051949016,3752.2712578026526,3526.058673837972,23.996615831521392,0,3654.8499755859375,3636.1500244140634,80.6856689453125
2026-01-13,3602.300048828125,3666.0,3575.0,3601.699951171875,6173,3668.7888454861113,3640.804509943182,3737.92599609375,3980.645378417969,3639.8687232295256,3657.987459709301,41.28324290423933,-28.07717826833232,-34.24993740417861,6.172759135846292,3739.291334565055,3526.5485824271327,23.48906433916653,0,3654.8499755859375,3636.1500244140634,84.4356689453125
2026-01-14,3572.60009765625,3620.0,3568.0,3593.699951171875,13038,3653.877739800347,3635.395419034091,3730.183994140625,3979.889079589844,3630.634968817996,3652.143140751353,40.5029011500813,-29.936093861681,-33.38716869567909,3.451074833998085,3731.314379089596,3524.3555427854044,23.103252766608147,0,3654.8499755859375,3636.1500244140634,84.22853306361607
2026-01-16,3755.0,3755.0,3555.5,3577.800048828125,112774,3641.355523003472,3628.6317804509945,3722.8199951171873,3979.0298815917968,3620.067984820022,3645.3846778492416,38.92796868253824,-32.31972542392941,-33.17368004132916,0.8539546173997437,3730.9950550042586,3519.314881519179,22.10297720587716,0,3654.8499755859375,3636.1500244140634,94.4142543247768
2026-01-19,3560.10009765625,3574.89990234375,3477.0,3495.300048828125,16651,3619.9222005208335,3619.536332563921,3715.043994140625,3977.4430029296873,3595.114397621643,3631.740620665504,31.979466563738956,-40.4001236516292,-34.61896876338917,-5.781154888240032,3739.8784221408623,3503.161519265388,20.856169678744227,0,3627.0,3627.0,96.8142613002232
2026-01-20,3495.0,3514.5,3386.199951171875,3444.199951171875,29408,3592.5110948350693,3611.02724387429,3706.0659912109377,3975.6535205078126,3564.9315083316897,3614.691468893356,28.576967195158574,-50.34688078093404,-37.764551166898144,-12.5823296140359,3755.234489233605,3470.255452172645,20.622423625717463,0,3581.599975585937,3581.599975585937,100.97855050223214
2026-01-21,3478.39990234375,3493.699951171875,3389.0,3453.39990234375,14148,3564.3999837239585,3605.8181485262794,3696.761987304688,3973.5721875,3542.625187134102,3600.028599207028,30.020563477393356,-56.83227124994392,-41.5780951835073,-15.254176066436614,3764.3431296929575,3445.6468117132927,20.40537371933547,0,3570.599975585937,3581.599975585937,104.2856968470982
2026-01-22,3522.5,3589.0,3474.0,3496.39990234375,10039,3542.788872612847,3600.2136008522725,3688.213984375,3971.826514892578,3533.380130176032,3590.607808583093,36.48257823291464,-57.83555698777309,-44.829587544360464,-13.005969443412624,3766.033092911901,3432.896838728724,19.013438869342853,0,3570.599975585937,3581.599975585937,101.74998256138392
2026-01-23,3498.0,3502.89990234375,3449.39990234375,3467.699951171875,10946,3525.833306206597,3593.8181485262785,3678.721982421875,3969.87030883789,3520.244094375201,3579.434367000255,34.211819162800765,-60.25196719507949,-47.91406347450428,-12.337903720575213,3769.208666684851,3415.971264955774,17.989203204935325,0,3570.599975585937,3581.599975585937,97.55712890625
2026-01-27,3452.60009765625,3526.0,3419.0,3492.800048828125,8774,3513.6666395399307,3588.627241654829,3669.933984375,3969.137735595703,3514.755285265786,3571.5585198936974,37.85492024588716,-59.456246978139006,-50.222500175231225,-9.23374680290778,3769.342909815234,3405.1470315910155,17.36512422600464,0,3570.599975585937,3581.599975585937,101.56427873883928
2026-01-28,3472.60009765625,3548.89990234375,3456.0,3534.5,9728,3506.1999782986118,3585.413607510653,3660.273984375,3968.955655517578,3518.704228212629,3568.189563539725,43.45697326879275,-54.82876355824237,-51.14375285183346,-3.68501070640891,3769.195116605084,3402.6048345667914,16.492997907645417,0,3570.599975585937,3581.599975585937,103.27141462053572
2026-01-29,3534.800048828125,3567.699951171875,3468.10009765625,3484.5,9375,3494.066650390625,3580.17724609375,3650.791982421875,3967.637270507813,3511.863382570104,3560.58142139975,38.92592631337093,-54.567017134582784,-51.82840570838333,-2.738611426199455,3770.539809356612,3393.150132049638,15.4421437739897,0,3570.599975585937,3581.599975585937,104.17140415736608
2026-01-30,3468.10009765625,3516.699951171875,3449.89990234375,3462.699951171875,9361,3481.277750651041,3575.6908846768465,3641.85998046875,3967.106672363281,3502.0306962904583,3551.683105924488,37.10918676522308,-55.479134035274456,-52.55855137376156,-2.920582661512896,3772.1956988657207,3380.0142376577164,14.693458402486634,0,3487.599975585937,3581.599975585937,102.41427176339286
2026-02-02,3460.0,3497.0,3435.0,3480.199951171875,6342,3479.5999620225693,3571.8090598366475,3635.827978515625,3965.642225341797,3497.664547266742,3545.1846373106146,39.54827589917271,-54.16550329894699,-52.87994175879865,-1.2855615401483362,3750.511882218732,3376.928059187518,14.186620386613562,0,3487.599975585937,3581.599975585937,101.13570731026786
2026-02-03,3736.300048828125,3736.300048828125,3500.0,3575.5,14830,3494.1888563368057,3571.7181507457385,3632.6339794921873,3964.0239196777343,3513.2316378133937,3547.940579373286,50.75003323844236,-44.916751638339065,-51.28730373470674,6.370552096367675,3735.163073662685,3380.7768677435656,15.12296766494828,0,3562.6500244140625,3581.599975585937,110.7000034877232
2026-02-04,3596.0,3619.60009765625,3560.0,3590.39990234375,7170,3509.411078559028,3565.4681507457385,3629.6499755859377,3961.574307861328,3528.665290719465,3551.800517825146,52.24013371386304,-35.97011067296717,-48.22386512235882,12.253754449391655,3720.2554134014126,3385.904523122025,15.992432994830518,0,3577.6500244140625,3581.599975585937,108.4571533203125
2026-02-05,3590.39990234375,3616.89990234375,3558.699951171875,3578.199951171875,3824,3518.499972873264,3560.363603071733,3626.89197265625,3959.296728515625,3538.572222809948,3554.200466311212,50.88263764218958,-29.52393382009905,-44.48387886190688,14.959945041807828,3702.196285830728,3392.693655575522,16.781253111497552,0,3577.6500244140625,3581.599975585937,108.90000697544644
2026-02-06,3560.0,3569.89990234375,3535.39990234375,3547.89990234375,4448,3527.411078559028,3553.986328125,3625.30796875,3957.09970703125,3540.437758716708,3553.627687768715,47.57596055344114,-26.55415318582118,-40.897933726689736,14.343780540868558,3675.0348014744063,3404.005139931844,17.170128845000875,0,3577.6500244140625,3581.599975585937,97.7071533203125
2026-02-09,3547.89990234375,3598.300048828125,3547.89990234375,3583.699951171875,9632,3537.511067708333,3549.113603071733,3622.16796875,3954.940306396484,3549.0901972077418,3556.361529896275,51.579775043531534,-21.068946193350712,-36.93213622002194,15.863190026671226,3651.760255053644,3416.559691235419,17.79428174637443,0,3585.6500244140625,3581.599975585937,94.10716029575892
2026-02-10,3625.0,3759.0,3604.0,3727.89990234375,29095,3558.999945746528,3550.090875799005,3621.53396484375,3953.057288818359,3584.852138234944,3571.9559273915,63.629120294939554,-5.028187388463266,-30.5513464537102,25.523159065246936,3681.13080410016,3397.9491275404644,19.55895856200045,0,3597.0,3581.599975585937,97.4643031529018
2026-02-11,3727.89990234375,3739.800048828125,3665.300048828125,3677.60009765625,11905,3580.455512152778,3549.486339222301,3620.48396484375,3950.925697021484,3603.401730119205,3581.559942870113,58.18951655798613,3.584139932470407,-23.72424917647408,27.30838910894449,3695.527867962669,3391.0820685607687,21.19758703365319,0,3597.0,3581.599975585937,95.30716378348214
2026-02-12,3690.5,3695.10009765625,3631.699951171875,3674.0,10291,3603.933295355903,3551.92724609375,3615.911962890625,3948.960385742188,3617.5213840953647,3589.9635844273757,57.80859423920772,10.003657650851435,-16.97866781100898,26.982325461860416,3708.149428379511,3385.6905130267387,22.194929445391747,0,3597.0,3581.599975585937,90.1500244140625
2026-02-13,3666.800048828125,3666.800048828125,3550.10009765625,3591.699951171875,12285,3616.322184244792,3551.4454234730115,3611.471962890625,3946.6060009765615,3612.357097510667,3590.1214359496025,49.78513176396255,8.353946467842889,-11.912144955238606,20.26609142308149,3707.9296983885088,3385.710243017741,21.974946149930645,0,3629.5,3581.599975585937,95.1785888671875
2026-02-16,3589.89990234375,3607.800048828125,3540.0,3557.5,7962,3614.322184244792,3549.4363347833805,3607.1579638671874,3944.121567382813,3601.385678008533,3587.155850863275,46.87368665674902,4.238034803993742,-8.682109003392137,12.92014380738588,3706.347685234399,3385.262251289039,21.638138801838554,0,3647.199951171875,3572.599975585937,92.37859235491072
2026-02-17,3557.5,3621.800048828125,3555.300048828125,3610.199951171875,5871,3616.5221896701382,3550.1863347833805,3604.31396484375,3942.324774169922,3603.148532641202,3589.250769073148,51.573310877799145,5.169005704386564,-5.911886061836397,11.080891766222962,3712.705133082671,3390.394793675141,21.459694039539784,0,3647.199951171875,3572.599975585937,90.49288504464286
2026-02-18,3638.0,3672.0,3595.800048828125,3653.60009765625,5941,3624.8999837239594,3553.6317915482955,3602.7219677734374,3940.604576416016,3613.238845644212,3595.100708035248,55.096224371216834,9.301612759523325,-2.869186297564453,12.170799057087777,3721.00357141218,3403.0363699940704,21.75994429083799,0,3647.199951171875,3572.599975585937,88.82146344866071
2026-02-19,3650.10009765625,3666.60009765625,3573.0,3593.800048828125,9296,3630.0,3558.109064275568,3601.629970703125,3938.951016845703,3609.351086280995,3594.9824662891456,49.72819455155009,7.6630347593441,-0.762742086182743,8.425776845526844,3720.026923581602,3418.053032473085,21.69800903536156,0,3649.5,3572.599975585937,90.73575265066964
2026-02-20,3557.0,3612.0,3502.89990234375,3555.10009765625,6708,3626.822238498264,3563.149980024858,3598.893974609375,3937.678251953125,3598.500888556046,3591.356796413428,46.56622505678868,3.204744953363388,0.0307553217264832,3.1739896316369047,3719.253083659637,3424.696891926301,20.67630869120077,0,3630.949951171875,3572.599975585937,94.1000453404018
2026-02-23,3643.89990234375,3644.0,3545.10009765625,3563.0,6442,3608.500027126736,3568.1318026455965,3596.893974609375,3936.208052978516,3591.400710844837,3588.778905830389,47.3028360833018,0.3054531846073587,0.0856948943026583,0.2197582903047004,3715.7474799290335,3437.732500539716,20.071784636261604,0,3621.3499755859375,3572.599975585937,82.8714599609375
2026-02-24,3560.0,3560.0,3500.0,3538.300048828125,6465,3593.0222439236118,3570.0363547585225,3593.9859765625,3934.378883056641,3580.7805784414945,3584.189918830183,45.20455524425785,-3.939919128665224,-0.7194279102909181,-3.2204912183743057,3713.659038114455,3444.370942354295,18.92374616993433,0,3597.550048828125,3572.599975585937,83.11431012834821
2026-02-25,3540.0,3578.89990234375,3532.0,3560.199951171875,4023,3580.37779405382,3574.240900213068,3590.9359765625,3933.093103027344,3576.664452987571,3582.0090126794275,47.43112292947299,-5.47416540789709,-1.6703754098121526,-3.803789998084937,3713.639475532173,3446.9605000537645,18.076988825581303,0,3586.0,3572.599975585937,82.30716378348214
2026-02-26,3560.199951171875,3692.0,3519.0,3628.5,17439,3584.466688368056,3580.40907981179,3588.973974609375,3931.0143725585935,3587.031562390057,3586.2354660722067,53.7439450860404,-1.1653896186367092,-1.569378251577064,0.4039886329403548,3714.457124132473,3460.5428514534647,18.424922495684683,0,3596.0,3574.0,91.60716029575892
2026-02-27,3627.89990234375,3627.89990234375,3572.60009765625,3595.300048828125,5870,3588.666693793403,3583.1727183948865,3586.9719775390627,3928.794991455078,3588.6852596776707,3587.059519050017,50.56525511671892,-0.4247164912612788,-1.340445899513907,0.9157294082526282,3706.677242390697,3481.5827429608653,18.74800376078068,0,3596.0,3589.0,92.0
2026-03-02,3501.0,3570.0,3441.10009765625,3491.199951171875,11682,3575.4444715711807,3583.4772616299715,3584.167978515625,3926.003432617188,3569.188197976512,3578.3450128792765,42.14762058795957,-8.143858253032704,-2.7011283702176665,-5.442729882815037,3704.96783170026,3484.3921536513026,17.41423064681738,0,3566.550048828125,3589.0,90.49285016741072
2026-03-04,3465.89990234375,3497.89990234375,3370.0,3460.5,13998,3553.9889051649307,3583.377263849432,3582.017978515625,3923.124677734375,3547.450558381209,3567.631829890251,40.03117349792736,-16.54781034502048,-5.47046476517823,-11.07734557984225,3714.377682457285,3463.4823028942774,16.87746213637404,0,3531.0,3564.5,94.30712890625
2026-03-05,3450.199951171875,3522.0,3449.300048828125,3477.199951171875,40650,3541.0333387586807,3583.240900213068,3579.167978515625,3920.484938964844,3533.4004369393424,3559.410750006762,41.74485780827466,-21.61133442223945,-8.698638696590475,-12.912695725648977,3718.288172242358,3448.251817992017,16.10706767787109,0,3531.0,3564.5,94.97140066964286
2026-03-06,3469.89990234375,3533.300048828125,3445.0,3476.199951171875,65897,3532.266655815972,3578.7272616299715,3576.523979492188,3918.304317626953,3521.960339785849,3551.846131930863,41.66807249451331,-25.41197198220061,-12.041305353712502,-13.37066662848811,3721.4475341783887,3434.8924560559867,15.261409756523795,0,3531.0,3564.5,92.42855398995536
2026-03-09,3470.0,3476.0,3328.89990234375,3389.10009765625,15358,3512.9444444444443,3569.5772705078125,3572.1659814453124,3915.6067822265622,3495.3882913599296,3537.0510379058983,35.53673997658737,-35.04822081267912,-16.642688445505826,-18.405532367173294,3736.3500828278734,3404.1099269377514,15.569092083883971,0,3510.449951171875,3543.949951171875,98.1071254185268
2026-03-10,3415.5,3488.0,3405.39990234375,3482.699951171875,10675,3506.766655815972,3565.2363614169035,3569.7159814453125,3913.098386230469,3492.850623322319,3532.110030020987,44.91693714723624,-34.73192350981117,-20.260535458366896,-14.471388051444272,3735.65948489996,3394.700524865665,15.705507270967152,0,3510.449951171875,3543.949951171875,100.42140415736608
2026-03-11,3501.0,3560.39990234375,3443.10009765625,3470.5,15834,3496.799994574653,3561.718184037642,3567.131982421875,3910.515826416016,3488.3804986578552,3526.509118200897,44.01786147043955,-35.0615223146101,-23.22073282961554,-11.840789484994565,3709.40485544906,3395.2151640821903,14.976336199026209,0,3510.449951171875,3543.949951171875,103.35710797991072
2026-03-12,3470.0,3498.89990234375,3384.0,3481.199951171875,10653,3480.4333224826387,3557.059093128551,3565.5279833984373,3908.267088623047,3486.9443891606597,3522.39010301644,45.0566088984819,-34.0666361301337,-25.38991348971917,-8.676722640414532,3690.923676092244,3394.0563287905693,14.854670673498816,0,3478.39990234375,3543.949951171875,104.87852260044644
2026-03-13,3452.60009765625,3510.0,3425.0,3490.199951171875,14878,3468.7555338541665,3546.254549893466,3564.01998046875,3905.8746826171873,3487.595501562903,3519.463725576025,45.96481109505087,-32.180994405771344,-26.748129672929608,-5.432864732841736,3669.724172580647,3396.8758274193538,14.60924332236635,0,3449.449951171875,3543.949951171875,103.15708705357144
2026-03-16,3468.10009765625,3520.0,3429.300048828125,3498.5,20101,3469.566650390625,3538.1136363636365,3562.43998046875,3903.7368212890624,3489.776401250322,3517.557932341841,46.837570877454,-29.67479264220856,-27.3334622667854,-2.3413303754231585,3663.016582295965,3394.263422586848,14.256922193958845,0,3444.64990234375,3543.949951171875,102.57137625558036
2026-03-17,3498.0,3593.10009765625,3483.10009765625,3566.699951171875,21226,3481.366644965278,3533.2363614169035,3559.2159814453125,3902.0062622070313,3505.1611112346327,3522.025388599116,53.48560885396645,-21.932618031493348,-26.25329341972699,4.320675388233642,3663.954688302785,3394.2453116972147,13.405902905470793,0,3461.0,3543.949951171875,105.9285191127232
2026-03-18,3552.5,3725.0,3536.0,3702.0,22440,3506.344428168403,3538.25,3559.445981445313,3901.1525732421874,3544.5288889877065,3538.386716908288,63.29269068950622,-4.823701059242012,-21.967374947629995,17.143673888387983,3685.3671759095287,3382.012828973284,13.840323832995068,0,3526.949951171875,3543.949951171875,116.07852608816964
2026-03-19,3678.0,3678.0,3562.5,3581.199951171875,10468,3518.0110948350693,3539.3272705078125,3557.3059814453127,3899.9079296875,3551.86310142454,3542.278829114068,52.62442828776464,-1.000779109332143,-17.774055779970425,16.773276670638282,3672.894885143191,3387.245105091184,14.243714694267611,0,3526.949951171875,3534.349975585937,113.6856689453125
2026-03-20,3635.89990234375,3643.0,3555.0,3560.60009765625,6392,3537.066650390625,3537.0727317116475,3554.699985351562,3898.872297363281,3553.610500670882,3543.9443989815386,51.044382083055154,0.3624993927337527,-14.14674474542959,14.509244138163345,3668.8682433333815,3387.951751783806,14.520609003883113,0,3554.5,3526.949951171875,115.97853306361608
2026-03-23,3550.0,3550.0,3381.199951171875,3420.39990234375,18818,3530.144422743056,3526.472722833807,3548.9799853515624,3897.1225012207033,3526.968381005456,3532.713081105376,41.837418148358616,-9.757597126504606,-13.268915221644594,3.511318095139988,3669.4707760837578,3373.87919950218,14.063589472172527,0,3553.099975585937,3526.949951171875,117.77854701450892
2026-03-24,3451.0,3545.0,3388.199951171875,3434.39990234375,13678,3526.13330078125,3519.2272616299715,3543.8499853515623,3895.1774951171874,3508.454685273115,3523.775519399773,42.94412590708136,-16.45844087090518,-13.906820351496712,-2.5516205194084662,3666.617205262003,3363.872760558309,13.639214192726984,0,3553.099975585937,3526.949951171875,119.84284319196428
2026-03-25,3448.60009765625,3550.0,3447.60009765625,3510.300048828125,8238,3529.366644965278,3517.1908957741475,3541.6499853515625,3893.63490234375,3508.823757984117,3522.5504766205327,48.64889810390517,-15.466116553708616,-14.218679591939097,-1.2474369617695211,3664.836845627355,3362.8531201929577,13.188324849840214,0,3553.099975585937,3526.949951171875,122.90713936941964
2026-03-27,3470.199951171875,3500.89990234375,3418.0,3428.0,15834,3522.4555392795137,3511.054532137784,3538.163984375,3891.495552978516,3492.659006387294,3513.9549787459387,43.56268297348791,-21.07764850169633,-15.590473373890545,-5.487175127805788,3661.227339253444,3353.242631449681,13.066253835411652,0,3553.099975585937,3526.949951171875,123.19285365513392
2026-03-30,3400.0,3425.0,3301.300048828125,3308.89990234375,19543,3501.388861762153,3500.6272527521305,3532.307983398437,3888.611036376953,3455.907185578585,3495.3136081639213,37.45920983324152,-34.7348092597158,-19.4193405510556,-15.315468708660203,3658.0603850821135,3324.449575855386,13.963557434086178,0,3513.1500244140625,3513.1500244140625,121.72141810825892
2026-04-01,3380.0,3455.800048828125,3326.0,3421.39990234375,18005,3485.2444118923613,3494.3181596235795,3528.861982421875,3886.279757080078,3449.0057289316187,3488.594180362087,45.26084434120315,-36.06466672813895,-22.74840578647227,-13.316260941666677,3644.59083240916,3320.529113879903,14.406811027053363,0,3513.1500244140625,3513.1500244140625,125.15000697544644
2026-04-02,3400.0,3565.0,3352.60009765625,3543.699951171875,16388,3467.655517578125,3490.463611949574,3528.17998046875,3884.3196325683593,3467.94457337967,3493.60379589025,52.23638980009998,-26.93945524584933,-23.58661567834768,-3.3528395675016505,3649.490293636617,3320.879652652446,13.59686754807738,0,3489.6500244140625,3513.1500244140625,131.94287109375
2026-04-06,3543.60009765625,3657.0,3510.5,3642.699951171875,19482,3474.4888509114585,3492.618152965199,3531.127978515625,3883.040251464844,3502.895648938112,3507.1579918249427,57.011917815014,-11.585634793959343,-21.186419501470013,9.60078470751067,3672.457469809974,3316.1324715962755,13.2484198191408,0,3479.1500244140625,3513.1500244140625,134.20002092633928
2026-04-07,3630.0,3690.0,3603.800048828125,3659.699951171875,11044,3485.499945746528,3500.27724387429,3535.437978515625,3881.807355957031,3534.2565093848643,3521.025442674664,57.792312354293074,1.9318670961984024,-16.56276218193633,18.49462927813473,3696.006337815915,3310.833603590335,13.200692836445103,0,3495.6500244140625,3513.1500244140625,134.28573172433036
2026-04-08,3733.0,3775.0,3670.10009765625,3764.89990234375,23276,3523.7777235243057,3514.113603071733,3541.667978515625,3881.086810302734,3580.3851879766416,3543.195848099126,62.34754675397628,20.892505797683043,-9.071708586012456,29.9642143836955,3742.466262389461,3293.2436741339766,13.81217607669175,0,3538.1500244140625,3538.1500244140625,136.04288155691964
2026-04-09,3763.10009765625,3828.0,3727.0,3804.39990234375,18322,3564.8888346354165,3528.986328125,3547.827978515625,3880.219089355469,3625.188130850064,3566.9416712122734,63.92199338573041,38.66061297636497,0.4747557264630302,38.18585724990194,3788.481012532989,3288.758904459198,14.748135373623542,0,3564.6500244140625,3564.6500244140625,135.4000244140625
2026-04-10,3840.0,3960.0,3830.89990234375,3936.300048828125,36489,3612.22216796875,3549.899968927557,3557.19998046875,3879.846088867188,3687.410514445676,3600.519705540987,68.63797051841605,62.66286689030994,12.912377959232414,49.75048893107753,3866.096651314601,3256.503275443212,16.40112551351058,0,3630.6500244140634,3630.6500244140634,133.01431710379464
2026-04-13,3930.0,3990.0,3890.10009765625,3906.800048828125,59103,3665.422173394097,3573.431784889915,3565.47998046875,3879.587872314453,3731.288421322166,3628.363373112545,66.54292966702936,78.40066848225752,26.01003606383744,52.39063241842008,3921.18616315015,3245.043768490475,18.09331503534963,0,3645.6500244140634,3645.6500244140634,130.18573869977678
2026-04-15,4050.0,4394.0,3990.0,4037.5,456071,3746.377739800347,3598.649968927557,3575.53998046875,3879.6691943359374,3792.530737057733,3665.557611920495,70.79605068812928,100.2636069343066,40.86075023793127,59.40285669637534,4001.204700257561,3220.655236265877,21.11760821482267,0,3860.0,3847.6500244140634,158.70002092633928
2026-04-16,4100.10009765625,4146.60009765625,4042.199951171875,4093.10009765625,51688,3821.011094835069,3626.9499733664775,3587.711982421875,3880.1055456542967,3852.644609177437,3704.4251106237457,72.40322497951547,120.6854199854497,56.82568418743496,63.85973579801474,4081.942805854186,3200.2071453176886,23.925880452904774,0,3873.300048828125,3847.6500244140634,153.6785888671875
2026-04-17,4108.0,4108.0,4012.699951171875,4053.199951171875,35767,3877.6222059461807,3652.9499733664775,3599.521982421875,3880.3833471679686,3892.7556775763246,3736.13191430994,69.44947339974074,132.12716587593377,71.88598052513473,60.24118535079904,4140.618560097621,3197.0013861914413,26.213256222079806,0,3952.25,3847.6500244140634,149.28573172433036
2026-04-20,4054.0,4061.0,4003.10009765625,4036.199951171875,21538,3921.344428168403,3677.768155184659,3610.641982421875,3880.367492675781,3921.444532295435,3763.4108267519337,68.17335826689526,138.22964865764197,85.15471415163618,53.07493450600579,4188.776517525886,3195.7934287631765,28.22919259415418,0,3998.9000244140634,3847.6500244140634,145.16428920200892
2026-04-21,4036.0,4075.199951171875,4026.0,4035.300048828125,17133,3963.077772352431,3702.16815740412,3619.8379833984377,3880.1379919433593,3944.215635601973,3788.12802875886,68.10202172518993,141.36374240326631,96.3965198019622,44.9672226013041,4228.64701669888,3189.252934472995,30.150659051278872,0,4032.050048828125,3847.6500244140634,142.08571079799108
2026-04-22,4067.0,4067.0,3980.199951171875,4003.60009765625,24640,3989.6000162760415,3722.027254971591,3628.101987304688,3879.6534924316406,3956.092528012829,3807.716398658623,65.50186847409631,139.67947510304157,105.05311086217807,34.62636424086348,4262.093201751137,3198.046764069176,31.378589183151973,0,4060.5,3847.6500244140634,139.2357177734375
2026-04-23,4000.0,4003.39990234375,3900.0,3904.60009765625,21476,4000.733371310764,3731.2363503196025,3634.629990234375,3879.433492431641,3945.794041941513,3816.5240076584073,58.04791236881199,128.87066767291617,109.8166222243257,19.054045448590472,4278.466302952978,3216.073662867334,31.608604847241462,0,4112.449951171875,3847.6500244140634,136.14285714285714
2026-04-24,3941.0,3941.0,3851.300048828125,3863.0,15679,3992.588921440972,3744.0454434481535,3640.9319921875,3878.9259924316407,3929.2352335532105,3820.749097871279,55.20505028608985,115.61509089698666,110.9763159588579,4.638774938128762,4279.727006682722,3259.072968903215,31.307553396568203,0,4122.650024414063,3847.6500244140634,127.37857491629464
2026-04-27,3863.0,3990.5,3863.0,3974.0,22412,4000.055582682292,3762.836348100142,3648.737993164063,3879.239992675781,3938.188186842569,3834.680998064799,60.731283449570526,112.76681745833002,111.33441625875231,1.432401199577697,4288.879014094397,3303.880971257166,31.31506086124212,0,4122.650024414063,3847.6500244140634,126.0214320591518
2026-04-28,3970.0,4000.0,3938.0,3994.0,23887,3995.2222493489594,3788.90907981179,3654.059995117188,3879.508992919922,3949.350549474056,3849.164543695272,61.64933021507463,110.8456138530196,111.2366557776058,-0.3910419245862044,4301.2774570565325,3339.8525234122167,31.37744349404949,0,3998.950073242188,3847.6500244140634,124.29286411830356
2026-04-29,4010.0,4019.800048828125,3950.699951171875,3969.300048828125,12439,3981.466688368056,3813.222722833807,3659.893994140625,3879.547492675781,3953.3404493448697,3860.085953252804,59.79024534824868,106.1068329992163,110.2106912219279,-4.103858222711608,4295.082623230892,3400.1773621206703,31.555292179692305,0,3979.6500244140634,3847.6500244140634,120.9928676060268
2026-04-30,3969.0,4000.0,3900.10009765625,3957.0,8211,3970.7778049045137,3833.527266068892,3665.553994140625,3878.1039916992186,3954.072359475896,3868.8963211389128,58.83870031168544,100.20371780269124,108.20929653808058,-8.005578735389335,4250.4532022520725,3509.616792865115,31.110465738536696,0,3963.25,3847.6500244140634,120.91428920200892
2026-05-04,3968.0,4009.60009765625,3955.10009765625,3987.5,8824,3965.36669921875,3858.95908425071,3673.4699951171874,3876.578991699219,3960.757887580717,3879.678473762648,60.5166935800756,96.86989572219228,105.94141637490291,-9.071520652710646,4211.628966756681,3605.051038126132,30.766037489147504,0,3963.25,3847.6500244140634,113.69285365513392
2026-05-05,4000.0,4000.0,3901.0,3921.5,13964,3952.7222493489594,3886.804543235085,3680.749995117188,3874.9419921875,3952.906310064574,3883.480430693316,55.26631717499211,87.88903915516721,102.33094093095578,-14.441901775788564,4177.282254205766,3677.177755559859,29.792869085166416,0,3959.1500244140634,3847.6500244140634,113.62857491629464
2026-05-06,3974.199951171875,3989.800048828125,3947.800048828125,3979.60009765625,8292,3950.055582682292,3912.1772793856535,3688.137998046875,3873.9754931640623,3958.2450675829095,3892.218582235401,58.66601368504632,84.48593665323642,98.76194007541191,-14.276003422175492,4155.888880261916,3732.2611441521462,28.88921271004112,0,3935.550048828125,3847.6500244140634,83.7071533203125
2026-05-07,4005.0,4025.0,3991.0,3998.699951171875,12187,3960.5111219618057,3932.859097567472,3695.039995117188,3873.4769934082033,3966.336044300703,3901.898706684171,59.74899285713925,82.38052059566871,95.48565617946328,-13.105135583794578,4126.12654616333,3795.923478250733,28.35680526436737,0,3938.1500244140634,3847.6500244140634,79.15713936941964
2026-05-08,4014.0,4039.699951171875,3980.0,3999.199951171875,11746,3975.644449869792,3949.063643022017,3703.1479931640624,3872.616494140625,3972.908825674938,3910.744274364872,59.7787022340476,79.83205478879154,92.35493590132894,-12.522881112537403,4110.179298886953,3835.3007304099215,27.990235458140862,0,3951.3499755859375,3847.6500244140634,76.61427525111607
2026-05-11,3976.199951171875,3998.0,3865.5,3906.60009765625,10877,3968.155571831597,3960.286376953125,3710.177993164063,3869.165993652344,3959.6470800712,3910.367531027724,52.10782986099112,69.5387436364158,87.79169744834633,-18.252953811930524,4095.044641013849,3860.655407814276,26.23803400832144,0,3952.5999755859375,3860.0,82.028564453125
2026-05-12,3906.60009765625,3946.5,3796.10009765625,3805.10009765625,14818,3947.166693793403,3962.1136585582394,3715.019995117188,3865.1519946289054,3928.7376835882105,3900.7977643575896,45.253145349881954,52.58485320493719,80.7503285996645,-28.16547539472731,4110.834180685848,3831.7458730250896,24.817183296872027,0,3917.9000244140634,3873.300048828125,89.25713239397321
2026-05-13,3805.0,3825.0,3765.0,3793.5,9816,3927.633355034722,3961.618208451705,3720.123994140625,3861.790993652344,3901.690146870568,3891.0434221432633,44.53214024565844,37.77726911419268,72.15571670257013,-34.378447588377455,4124.106770302451,3807.143278525674,23.790414529687435,0,3902.3499755859375,3952.25,87.34284319196429
2026-05-14,3831.5,3860.5,3749.0,3798.199951171875,8336,3909.98890516493,3955.340931285512,3724.883994140625,3859.029493408203,3880.99210773083,3882.60310660041,44.915087199294014,26.1203002577854,62.94863341361319,-36.828333155827785,4124.912448967622,3782.4075949776898,22.43447317362796,0,3894.3499755859375,3998.9000244140634,87.90712193080357
2026-05-15,3805.0,3839.0,3755.0,3760.800048828125,6233,3884.8000217013887,3948.704567649148,3727.5299951171874,3856.320993652344,3856.953695950289,3871.530101348384,42.40616052545328,13.70621221741976,53.10014917437451,-39.39393695695475,4115.656853130209,3758.4331859322906,21.175384771572727,0,3894.3499755859375,4032.050048828125,87.49998256138393
2026-05-18,3760.800048828125,3760.800048828125,3636.89990234375,3680.0,13854,3857.966688368056,3932.454567649148,3729.223994140625,3852.717993164063,3821.562956760232,3854.118273953076,37.5287862958552,-2.6217092274737297,41.95577749400486,-44.57748672147859,4122.114281156538,3714.655762788776,21.12462592454871,0,3838.299926757813,4015.449951171875,87.24285016741071
2026-05-19,3689.0,3744.0,3651.10009765625,3711.89990234375,7424,3828.222222222222,3915.127286044034,3733.637993164063,3848.865993652344,3799.630345876936,3841.189331079501,40.44127936264289,-12.839641691321958,30.996693656939502,-43.83633534826146,4117.698194989935,3686.641844072566,21.07749270945498,0,3838.299926757813,4015.449951171875,89.44998604910714
2026-05-20,3711.89990234375,3711.89990234375,3660.0,3690.0,9316,3793.922227647569,3898.618197354404,3738.2279931640624,3845.486494140625,3777.7042767015487,3827.4448464359098,39.09377531839587,-22.445824387669745,20.308190048017654,-42.7540144356874,4110.610824575175,3659.199209604512,21.033726152582226,0,3838.299926757813,4015.449951171875,88.22140066964286
2026-05-21,3700.0,3743.89990234375,3661.300048828125,3677.699951171875,11050,3758.200005425347,3882.322742808949,3742.237993164063,3842.833494873047,3757.7034115956144,3813.831674139179,38.32145663604047,-30.69744350770497,10.107063336873129,-40.8045068445781,4105.037210844453,3632.182808686797,20.53937477797829,0,3817.449951171875,4015.449951171875,86.98568289620536
2026-05-22,3670.0,3709.89990234375,3669.0,3681.800048828125,10103,3733.222222222222,3866.254560990767,3746.349995117188,3840.5924951171874,3742.522739042117,3801.828799110901,38.75579280240706,-36.48548552936836,0.7885535636248315,-37.27403909299319,4107.369074818342,3607.570939830096,20.08033421584606,0,3791.699951171875,3891.75,86.01424734933036
2026-05-25,3725.0,3755.0,3696.10009765625,3741.199951171875,10465,3726.1222059461807,3854.3272816051135,3753.3919921875,3838.678995361328,3742.258181468069,3796.317085661899,44.81843718781305,-35.866033529981,-6.542363855096334,-29.323669674884663,4106.591667804108,3596.1683419615174,19.007318394642574,0,3748.699951171875,3872.449951171875,84.17138671875
2026-05-26,3740.10009765625,3792.0,3740.10009765625,3762.699951171875,10492,3722.6999782986113,3847.877274946733,3758.9919921875,3836.2344946289054,3746.3465354088303,3793.260982526442,46.86858817287115,-33.256878447498366,-11.885266773576742,-21.371611673921624,4092.1180568239142,3589.511948058898,17.77997222774481,0,3748.699951171875,3856.049926757813,82.99994768415179
2026-05-27,3775.0,3811.199951171875,3735.0,3773.0,6510,3719.8999837239594,3843.786365855824,3765.0419921875,3834.127495117188,3751.677228327064,3791.419075024038,47.86785834430136,-30.01201654248325,-15.510616727358045,-14.501399815125207,4071.978045031469,3587.551959851343,16.88795867228101,0,3737.949951171875,3856.049926757813,85.199951171875
2026-05-28,3773.0,3773.0,3773.0,3773.0,0,3721.2555338541674,3834.65000221946,3770.8779931640624,3832.908995361328,3755.9417826616514,3789.7446136582166,47.86785834430136,-27.127728536645463,-17.83403908921553,-9.293689447429934,4054.131464220884,3585.768535779116,16.059660370778907,0,3724.049926757813,3851.949951171875,80.9356689453125
2026-05-29,3810.300048828125,3875.0,3782.10009765625,3826.0,12762,3737.4777560763887,3827.013638583097,3777.593994140625,3831.9224951171873,3769.953426129321,3793.040557871106,53.12858334702988,-20.330890600030216,-18.333409391378467,-1.9974812086517488,4038.5971774044974,3588.2028225955028,16.4994916521295,0,3763.050048828125,3838.299926757813,78.67138671875
2026-06-01,3876.699951171875,3908.89990234375,3775.0,3800.800048828125,18566,3747.355550130209,3819.3545476740055,3783.639995117188,3830.916495361328,3776.122750669082,3793.7459661399257,50.518245011419566,-16.784294126648547,-18.023586338432484,1.239292211783937,4013.824517153488,3594.3054877293243,17.241920796386935,0,3784.449951171875,3838.299926757813,77.49281529017857
2026-06-02,3785.60009765625,3800.0,3747.0,3797.800048828125,5745,3759.3333333333335,3812.1181862571034,3788.2619970703126,3830.3119958496095,3780.458210300891,3794.11451911158,50.202020159188606,-14.0536639081688,-17.229601852379748,3.175937944210947,4000.223482352694,3595.536527412931,17.47123079814091,0,3785.0999755859375,3838.299926757813,77.04996163504464
2026-06-03,3779.0,3797.0,3752.0,3778.300048828125,6871,3770.5111219618057,3802.609097567472,3789.787998046875,3829.43599609375,3780.026578006338,3792.6768399949024,48.09464197649901,-13.309681099864974,-16.44561770187679,3.1359366020118173,3971.240760107453,3604.389244775359,17.68416151405531,0,3788.949951171875,3838.299926757813,72.35710797991071
2026-06-04,3778.0,3797.800048828125,3750.0,3771.10009765625,6079,3780.433349609375,3795.772738370029,3793.5860009765615,3828.851997070312,3778.241281936321,3790.715317964116,47.30503982786186,-13.149466387983466,-15.786387439098128,2.636921051114662,3930.6942805834215,3622.175738947829,17.84585524785566,0,3802.5,3838.299926757813,69.77139718191964
2026-06-05,3771.10009765625,3802.199951171875,3727.0,3733.60009765625,10925,3779.588921440972,3784.59092018821,3797.0460009765625,3827.7539978027344,3769.3130450803055,3785.523025208855,43.31618504681087,-15.865543563711526,-15.802218664020808,-0.063324899690718,3877.139391803122,3649.170642376565,17.573585616993043,0,3817.949951171875,3838.299926757813,66.29281180245536
2026-06-08,3701.10009765625,3757.300048828125,3701.10009765625,3732.699951171875,6234,3776.255588107639,3772.500011097301,3803.292001953125,3826.552998046875,3761.9904262986206,3780.720927569129,43.22197179497893,-17.88452689884798,-16.218680310986244,-1.6658465878617363,3846.858501241338,3662.061518289912,16.86123222132531,0,3805.0,3838.299926757813,63.67138671875
